# Blender 4.0.2
# www.blender.org
mtllib Axis6.mtl
o Axis6
v 0.000000 3.500002 24.000000
v 2.281345 3.500002 23.891327
v 4.542030 3.500002 23.566290
v 6.761581 3.500002 23.027830
v 8.919899 3.500002 22.280830
v 10.997437 3.500002 21.332050
v 12.975380 3.500001 20.190084
v 14.835816 3.500001 18.865274
v 16.561895 3.500001 17.369617
v 18.137991 3.500001 15.716658
v 19.549824 3.500001 13.921366
v 20.784611 3.500001 12.000000
v 21.831167 3.500001 9.969960
v 22.680019 3.500000 7.849630
v 23.323479 3.500000 5.658214
v 23.755714 3.500000 3.415556
v 23.972816 3.500000 1.141966
v 23.972816 3.500000 -1.141966
v 23.755714 3.500000 -3.415556
v 23.323479 3.500000 -5.658215
v 22.680019 3.500000 -7.849631
v 21.831167 3.499999 -9.969960
v 20.784611 3.499999 -12.000000
v 19.549824 3.499999 -13.921366
v 18.137991 3.499999 -15.716658
v 16.561895 3.499999 -17.369617
v 14.835816 3.499999 -18.865274
v 12.975380 3.499999 -20.190084
v 10.997437 3.499998 -21.332050
v 8.919899 3.499998 -22.280830
v 6.761581 3.499998 -23.027830
v 4.542030 3.499998 -23.566290
v 2.281345 3.499998 -23.891327
v 0.000000 3.499998 -24.000000
v -2.281345 3.499998 -23.891327
v -4.542030 3.499998 -23.566290
v -6.761581 3.499998 -23.027830
v -8.919899 3.499998 -22.280830
v -10.997437 3.499998 -21.332050
v -12.975380 3.499999 -20.190084
v -14.835816 3.499999 -18.865274
v -16.561895 3.499999 -17.369617
v -18.137991 3.499999 -15.716658
v -19.549824 3.499999 -13.921366
v -20.784611 3.499999 -12.000000
v -21.831167 3.499999 -9.969960
v -22.680019 3.500000 -7.849631
v -23.323479 3.500000 -5.658215
v -23.755714 3.500000 -3.415556
v -23.972816 3.500000 -1.141966
v -23.972816 3.500000 1.141966
v -23.755714 3.500000 3.415556
v -23.323479 3.500000 5.658214
v -22.680019 3.500000 7.849630
v -21.831167 3.500001 9.969960
v -20.784611 3.500001 12.000000
v -19.549824 3.500001 13.921366
v -18.137991 3.500001 15.716658
v -16.561895 3.500001 17.369617
v -14.835816 3.500001 18.865274
v -12.975380 3.500001 20.190084
v -10.997437 3.500002 21.332050
v -8.919899 3.500002 22.280830
v -6.761581 3.500002 23.027830
v -4.542030 3.500002 23.566290
v -2.281345 3.500002 23.891327
v 0.000000 3.500001 20.000000
v -2.090569 3.500001 19.890438
v -4.158234 3.500001 19.562952
v -6.180340 3.500001 19.021130
v -8.134733 3.500001 18.270908
v -10.000000 3.500001 17.320507
v -11.755705 3.500001 16.180340
v -13.382612 3.500001 14.862897
v -14.862897 3.500001 13.382612
v -16.180340 3.500001 11.755705
v -17.320507 3.500001 10.000000
v -18.270908 3.500001 8.134733
v -19.021130 3.500000 6.180339
v -19.562952 3.500000 4.158234
v -19.890438 3.500000 2.090569
v -20.000000 3.500000 -0.000000
v -19.890438 3.500000 -2.090569
v -19.562952 3.500000 -4.158235
v -19.021130 3.500000 -6.180340
v -18.270908 3.499999 -8.134733
v -17.320507 3.499999 -10.000000
v -16.180340 3.499999 -11.755705
v -14.862897 3.499999 -13.382612
v -13.382612 3.499999 -14.862897
v -11.755705 3.499999 -16.180340
v -10.000000 3.499999 -17.320507
v -8.134733 3.499999 -18.270908
v -6.180340 3.499999 -19.021130
v -4.158234 3.499999 -19.562952
v -2.090569 3.499999 -19.890438
v 0.000000 3.499999 -20.000000
v 2.090569 3.499999 -19.890438
v 4.158234 3.499999 -19.562952
v 6.180340 3.499999 -19.021130
v 8.134733 3.499999 -18.270908
v 10.000000 3.499999 -17.320507
v 11.755705 3.499999 -16.180340
v 13.382612 3.499999 -14.862897
v 14.862897 3.499999 -13.382612
v 16.180340 3.499999 -11.755705
v 17.320507 3.499999 -10.000000
v 18.270908 3.499999 -8.134733
v 19.021130 3.500000 -6.180340
v 19.562952 3.500000 -4.158235
v 19.890438 3.500000 -2.090569
v 20.000000 3.500000 -0.000000
v 19.890438 3.500000 2.090569
v 19.562952 3.500000 4.158234
v 19.021130 3.500000 6.180339
v 18.270908 3.500001 8.134733
v 17.320507 3.500001 10.000000
v 16.180340 3.500001 11.755705
v 14.862897 3.500001 13.382612
v 13.382612 3.500001 14.862897
v 11.755705 3.500001 16.180340
v 10.000000 3.500001 17.320507
v 8.134733 3.500001 18.270908
v 6.180340 3.500001 19.021130
v 4.158234 3.500001 19.562952
v 2.090569 3.500001 19.890438
v 24.500000 0.000000 0.000000
v 24.389063 0.000000 2.328873
v 24.057253 0.000000 4.636655
v 23.507578 0.000001 6.902448
v 22.745014 0.000001 9.105730
v 21.776468 0.000001 11.226550
v 20.610712 0.000001 13.245700
v 19.258301 0.000001 15.144895
v 17.731483 0.000001 16.906937
v 16.044088 0.000001 18.515865
v 14.211394 0.000002 19.957111
v 12.250000 0.000002 21.217623
v 10.177668 0.000002 22.285984
v 8.013165 0.000002 23.152519
v 5.776094 0.000002 23.809383
v 3.486714 0.000002 24.250626
v 1.165757 0.000002 24.472250
v -1.165757 0.000002 24.472250
v -3.486714 0.000002 24.250626
v -5.776094 0.000002 23.809383
v -8.013165 0.000002 23.152519
v -10.177668 0.000002 22.285984
v -12.250000 0.000002 21.217623
v -14.211394 0.000002 19.957111
v -16.044088 0.000001 18.515865
v -17.731483 0.000001 16.906937
v -19.258301 0.000001 15.144895
v -20.610712 0.000001 13.245700
v -21.776468 0.000001 11.226550
v -22.745014 0.000001 9.105730
v -23.507578 0.000001 6.902448
v -24.057253 0.000000 4.636655
v -24.389063 0.000000 2.328873
v -24.500000 0.000000 0.000000
v -24.389063 -0.000000 -2.328873
v -24.057253 -0.000000 -4.636655
v -23.507578 -0.000001 -6.902448
v -22.745014 -0.000001 -9.105730
v -21.776468 -0.000001 -11.226550
v -20.610712 -0.000001 -13.245700
v -19.258301 -0.000001 -15.144895
v -17.731483 -0.000001 -16.906937
v -16.044088 -0.000001 -18.515865
v -14.211394 -0.000002 -19.957111
v -12.250000 -0.000002 -21.217623
v -10.177668 -0.000002 -22.285984
v -8.013165 -0.000002 -23.152519
v -5.776094 -0.000002 -23.809383
v -3.486714 -0.000002 -24.250626
v -1.165757 -0.000002 -24.472250
v 1.165757 -0.000002 -24.472250
v 3.486714 -0.000002 -24.250626
v 5.776094 -0.000002 -23.809383
v 8.013165 -0.000002 -23.152519
v 10.177668 -0.000002 -22.285984
v 12.250000 -0.000002 -21.217623
v 14.211394 -0.000002 -19.957111
v 16.044088 -0.000001 -18.515865
v 17.731483 -0.000001 -16.906937
v 19.258301 -0.000001 -15.144895
v 20.610712 -0.000001 -13.245700
v 21.776468 -0.000001 -11.226550
v 22.745014 -0.000001 -9.105730
v 23.507578 -0.000001 -6.902448
v 24.057253 -0.000000 -4.636655
v 24.389063 -0.000000 -2.328873
v 10.000000 0.000000 0.000000
v 9.888308 -0.000000 -1.490423
v 9.555728 -0.000000 -2.947552
v 9.009689 -0.000000 -4.338837
v 8.262388 -0.000000 -5.633201
v 7.330519 -0.000001 -6.801727
v 6.234898 -0.000001 -7.818315
v 5.000000 -0.000001 -8.660254
v 3.653410 -0.000001 -9.308737
v 2.225209 -0.000001 -9.749279
v 0.747301 -0.000001 -9.972038
v -0.747301 -0.000001 -9.972038
v -2.225209 -0.000001 -9.749279
v -3.653410 -0.000001 -9.308737
v -5.000000 -0.000001 -8.660254
v -6.234898 -0.000001 -7.818315
v -7.330519 -0.000001 -6.801727
v -8.262388 -0.000000 -5.633201
v -9.009689 -0.000000 -4.338837
v -9.555728 -0.000000 -2.947552
v -9.888308 -0.000000 -1.490423
v -10.000000 0.000000 0.000000
v -9.888308 0.000000 1.490423
v -9.555728 0.000000 2.947552
v -9.009689 0.000000 4.338837
v -8.262388 0.000000 5.633201
v -7.330519 0.000001 6.801727
v -6.234898 0.000001 7.818315
v -5.000000 0.000001 8.660254
v -3.653410 0.000001 9.308737
v -2.225209 0.000001 9.749279
v -0.747301 0.000001 9.972038
v 0.747301 0.000001 9.972038
v 2.225209 0.000001 9.749279
v 3.653410 0.000001 9.308737
v 5.000000 0.000001 8.660254
v 6.234898 0.000001 7.818315
v 7.330519 0.000001 6.801727
v 8.262388 0.000000 5.633201
v 9.009689 0.000000 4.338837
v 9.555728 0.000000 2.947552
v 9.888308 0.000000 1.490423
v 0.000000 3.000002 24.500000
v -2.328873 3.000002 24.389063
v -4.636655 3.000002 24.057253
v -6.902448 3.000002 23.507578
v -9.105730 3.000002 22.745014
v -11.226550 3.000002 21.776468
v -13.245700 3.000002 20.610712
v -15.144895 3.000001 19.258301
v -16.906937 3.000001 17.731483
v -18.515865 3.000001 16.044088
v -19.957111 3.000001 14.211394
v -21.217623 3.000001 12.250000
v -22.285984 3.000001 10.177668
v -23.152519 3.000001 8.013165
v -23.809383 3.000000 5.776094
v -24.250626 3.000000 3.486714
v -24.472250 3.000000 1.165757
v -24.472250 3.000000 -1.165757
v -24.250626 3.000000 -3.486714
v -23.809383 3.000000 -5.776094
v -23.152519 2.999999 -8.013165
v -22.285984 2.999999 -10.177668
v -21.217623 2.999999 -12.250000
v -19.957111 2.999999 -14.211394
v -18.515865 2.999999 -16.044088
v -16.906937 2.999999 -17.731483
v -15.144895 2.999999 -19.258301
v -13.245700 2.999998 -20.610712
v -11.226550 2.999998 -21.776468
v -9.105730 2.999998 -22.745014
v -6.902448 2.999998 -23.507578
v -4.636655 2.999998 -24.057253
v -2.328873 2.999998 -24.389063
v 0.000000 2.999998 -24.500000
v 2.328873 2.999998 -24.389063
v 4.636655 2.999998 -24.057253
v 6.902448 2.999998 -23.507578
v 9.105730 2.999998 -22.745014
v 11.226550 2.999998 -21.776468
v 13.245700 2.999998 -20.610712
v 15.144895 2.999999 -19.258301
v 16.906937 2.999999 -17.731483
v 18.515865 2.999999 -16.044088
v 19.957111 2.999999 -14.211394
v 21.217623 2.999999 -12.250000
v 22.285984 2.999999 -10.177668
v 23.152519 2.999999 -8.013165
v 23.809383 3.000000 -5.776094
v 24.250626 3.000000 -3.486714
v 24.472250 3.000000 -1.165757
v 24.472250 3.000000 1.165757
v 24.250626 3.000000 3.486714
v 23.809383 3.000000 5.776094
v 23.152519 3.000001 8.013165
v 22.285984 3.000001 10.177668
v 21.217623 3.000001 12.250000
v 19.957111 3.000001 14.211394
v 18.515865 3.000001 16.044088
v 16.906937 3.000001 17.731483
v 15.144895 3.000001 19.258301
v 13.245700 3.000002 20.610712
v 11.226550 3.000002 21.776468
v 9.105730 3.000002 22.745014
v 6.902448 3.000002 23.507578
v 4.636655 3.000002 24.057253
v 2.328873 3.000002 24.389063
v 10.000000 12.000000 -0.000001
v 9.888308 12.000000 -1.490424
v 9.555728 12.000000 -2.947553
v 9.009689 12.000000 -4.338838
v 8.262388 12.000000 -5.633202
v 7.330519 11.999999 -6.801728
v 6.234898 11.999999 -7.818316
v 5.000000 11.999999 -8.660254
v 3.653410 11.999999 -9.308738
v 2.225209 11.999999 -9.749280
v 0.747301 11.999999 -9.972039
v -0.747301 11.999999 -9.972039
v -2.225209 11.999999 -9.749280
v -3.653410 11.999999 -9.308738
v -5.000000 11.999999 -8.660254
v -6.234898 11.999999 -7.818316
v -7.330519 11.999999 -6.801728
v -8.262388 12.000000 -5.633202
v -9.009689 12.000000 -4.338838
v -9.555728 12.000000 -2.947553
v -9.888308 12.000000 -1.490424
v -10.000000 12.000000 -0.000001
v -9.888308 12.000000 1.490422
v -9.555728 12.000000 2.947551
v -9.009689 12.000000 4.338836
v -8.262388 12.000000 5.633200
v -7.330519 12.000001 6.801726
v -6.234898 12.000001 7.818314
v -5.000000 12.000001 8.660253
v -3.653410 12.000001 9.308736
v -2.225209 12.000001 9.749278
v -0.747301 12.000001 9.972037
v 0.747301 12.000001 9.972037
v 2.225209 12.000001 9.749278
v 3.653410 12.000001 9.308736
v 5.000000 12.000001 8.660253
v 6.234898 12.000001 7.818314
v 7.330519 12.000001 6.801726
v 8.262388 12.000000 5.633200
v 9.009689 12.000000 4.338836
v 9.555728 12.000000 2.947551
v 9.888308 12.000000 1.490422
v 0.000000 12.000002 19.000000
v 2.054261 12.000001 18.888620
v 4.084438 12.000001 18.555792
v 6.066729 12.000001 18.005409
v 7.977893 12.000001 17.243933
v 9.795523 12.000001 16.280287
v 11.498310 12.000001 15.125767
v 13.066290 12.000001 13.793913
v 14.481079 12.000001 12.300338
v 15.726091 12.000001 10.662553
v 16.786730 12.000001 8.899759
v 17.650558 12.000001 7.032624
v 18.307449 12.000000 5.083037
v 18.749704 12.000000 3.073857
v 18.972136 12.000000 1.028638
v 18.972136 12.000000 -1.028640
v 18.749704 12.000000 -3.073859
v 18.307449 12.000000 -5.083039
v 17.650558 11.999999 -7.032626
v 16.786730 11.999999 -8.899761
v 15.726091 11.999999 -10.662555
v 14.481079 11.999999 -12.300340
v 13.066290 11.999999 -13.793915
v 11.498310 11.999999 -15.125769
v 9.795523 11.999999 -16.280287
v 7.977893 11.999999 -17.243933
v 6.066729 11.999999 -18.005409
v 4.084438 11.999999 -18.555792
v 2.054261 11.999999 -18.888620
v 0.000000 11.999998 -19.000000
v -2.054261 11.999999 -18.888620
v -4.084438 11.999999 -18.555792
v -6.066729 11.999999 -18.005409
v -7.977893 11.999999 -17.243933
v -9.795523 11.999999 -16.280287
v -11.498310 11.999999 -15.125769
v -13.066290 11.999999 -13.793915
v -14.481079 11.999999 -12.300340
v -15.726091 11.999999 -10.662555
v -16.786730 11.999999 -8.899761
v -17.650558 11.999999 -7.032626
v -18.307449 12.000000 -5.083039
v -18.749704 12.000000 -3.073859
v -18.972136 12.000000 -1.028640
v -18.972136 12.000000 1.028638
v -18.749704 12.000000 3.073857
v -18.307449 12.000000 5.083037
v -17.650558 12.000001 7.032624
v -16.786730 12.000001 8.899759
v -15.726091 12.000001 10.662553
v -14.481079 12.000001 12.300338
v -13.066290 12.000001 13.793913
v -11.498310 12.000001 15.125767
v -9.795523 12.000001 16.280287
v -7.977893 12.000001 17.243933
v -6.066729 12.000001 18.005409
v -4.084438 12.000001 18.555792
v -2.054261 12.000001 18.888620
v 4.635255 11.999999 -12.240849
v 3.977738 11.999999 -12.350569
v 3.391474 11.999999 -12.667839
v 2.939993 11.999999 -13.158279
v 2.672219 11.999999 -13.768741
v 2.617171 11.999999 -14.433072
v 2.780814 11.999999 -15.079282
v 3.145414 11.999999 -15.637344
v 3.671461 11.999999 -16.046782
v 4.301951 11.999999 -16.263229
v 4.968559 11.999999 -16.263229
v 5.599048 11.999999 -16.046782
v 6.125096 11.999999 -15.637344
v 6.489696 11.999999 -15.079282
v 6.653339 11.999999 -14.433072
v 6.598290 11.999999 -13.768741
v 6.330517 11.999999 -13.158279
v 5.879036 11.999999 -12.667839
v 5.292771 11.999999 -12.350569
v -12.135255 11.999999 -6.791780
v -12.792771 11.999999 -6.901500
v -13.379036 11.999999 -7.218770
v -13.830517 11.999999 -7.709210
v -14.098290 11.999999 -8.319672
v -14.153339 11.999999 -8.984003
v -13.989696 11.999999 -9.630213
v -13.625096 11.999999 -10.188275
v -13.099048 11.999999 -10.597714
v -12.468559 11.999999 -10.814161
v -11.801951 11.999999 -10.814161
v -11.171461 11.999999 -10.597714
v -10.645414 11.999999 -10.188275
v -10.280814 11.999999 -9.630213
v -10.117171 11.999999 -8.984003
v -10.172219 11.999999 -8.319672
v -10.439993 11.999999 -7.709210
v -10.891474 11.999999 -7.218770
v -11.477738 11.999999 -6.901500
v -12.135255 12.000001 10.841778
v -12.792771 12.000001 10.732058
v -13.379036 12.000001 10.414787
v -13.830517 12.000001 9.924348
v -14.098290 12.000001 9.313886
v -14.153339 12.000001 8.649555
v -13.989696 12.000001 8.003345
v -13.625096 12.000001 7.445283
v -13.099048 12.000001 7.035843
v -12.468559 12.000001 6.819396
v -11.801951 12.000001 6.819396
v -11.171461 12.000001 7.035843
v -10.645414 12.000001 7.445283
v -10.280814 12.000001 8.003345
v -10.117171 12.000001 8.649555
v -10.172219 12.000001 9.313886
v -10.439993 12.000001 9.924348
v -10.891474 12.000001 10.414787
v -11.477738 12.000001 10.732058
v 4.635255 12.000001 16.290848
v 3.977738 12.000001 16.181128
v 3.391474 12.000001 15.863856
v 2.939993 12.000001 15.373417
v 2.672219 12.000001 14.762955
v 2.617171 12.000001 14.098624
v 2.780814 12.000001 13.452415
v 3.145414 12.000001 12.894352
v 3.671461 12.000001 12.484912
v 4.301951 12.000001 12.268465
v 4.968559 12.000001 12.268465
v 5.599048 12.000001 12.484912
v 6.125096 12.000001 12.894352
v 6.489696 12.000001 13.452415
v 6.653339 12.000001 14.098624
v 6.598290 12.000001 14.762955
v 6.330517 12.000001 15.373417
v 5.879036 12.000001 15.863856
v 5.292771 12.000001 16.181128
v 15.000000 12.000000 2.024999
v 14.342484 12.000000 1.915279
v 13.756219 12.000000 1.598009
v 13.304738 12.000000 1.107569
v 13.036964 12.000000 0.497107
v 12.981916 12.000000 -0.167224
v 13.145559 12.000000 -0.813434
v 13.510159 12.000000 -1.371496
v 14.036207 12.000000 -1.780935
v 14.666696 12.000000 -1.997383
v 15.333304 12.000000 -1.997383
v 15.963793 12.000000 -1.780935
v 16.489841 12.000000 -1.371496
v 16.854441 12.000000 -0.813434
v 17.018084 12.000000 -0.167224
v 16.963036 12.000000 0.497107
v 16.695263 12.000000 1.107569
v 16.243780 12.000000 1.598009
v 15.657516 12.000000 1.915279
v 0.000000 11.500002 19.500000
v -2.072723 11.500002 19.389528
v -4.121961 11.500002 19.059366
v -6.124496 11.500001 18.513252
v -8.057638 11.500001 17.757378
v -9.899483 11.500001 16.800304
v -11.629163 11.500001 15.652876
v -13.227081 11.500001 14.328095
v -14.675130 11.500001 12.840971
v -15.956904 11.500001 11.208353
v -17.057880 11.500001 9.448741
v -17.965584 11.500001 7.582070
v -18.669729 11.500000 5.629492
v -19.162340 11.500000 3.613129
v -19.437834 11.500000 1.555828
v -19.493090 11.500000 -0.519101
v -19.327480 11.500000 -2.588149
v -18.942883 11.500000 -4.627872
v -18.343655 11.499999 -6.615159
v -17.536587 11.499999 -8.527493
v -16.530821 11.499999 -10.343209
v -15.337755 11.499999 -12.041731
v -13.970906 11.499999 -13.603816
v -12.445762 11.499999 -15.011764
v -10.779601 11.499999 -16.249620
v -8.991304 11.499999 -17.303366
v -7.101131 11.499999 -18.161055
v -5.130500 11.499999 -18.812973
v -3.101738 11.499998 -19.251734
v -1.037832 11.499998 -19.472363
v 1.037832 11.499998 -19.472363
v 3.101738 11.499998 -19.251734
v 5.130500 11.499999 -18.812973
v 7.101131 11.499999 -18.161055
v 8.991304 11.499999 -17.303366
v 10.779601 11.499999 -16.249620
v 12.445762 11.499999 -15.011764
v 13.970906 11.499999 -13.603816
v 15.337755 11.499999 -12.041731
v 16.530821 11.499999 -10.343209
v 17.536587 11.499999 -8.527493
v 18.343655 11.499999 -6.615159
v 18.942883 11.500000 -4.627872
v 19.327480 11.500000 -2.588149
v 19.493090 11.500000 -0.519101
v 19.437834 11.500000 1.555828
v 19.162340 11.500000 3.613129
v 18.669729 11.500000 5.629492
v 17.965584 11.500001 7.582070
v 17.057880 11.500001 9.448741
v 15.956904 11.500001 11.208353
v 14.675130 11.500001 12.840971
v 13.227081 11.500001 14.328095
v 11.629163 11.500001 15.652876
v 9.899483 11.500001 16.800304
v 8.057638 11.500001 17.757378
v 6.124496 11.500001 18.513252
v 4.121961 11.500002 19.059366
v 2.072723 11.500002 19.389528
v 0.000000 4.000001 19.500000
v 2.072723 4.000001 19.389528
v 4.121961 4.000001 19.059366
v 6.124496 4.000001 18.513252
v 8.057638 4.000001 17.757378
v 9.899483 4.000001 16.800304
v 11.629163 4.000001 15.652877
v 13.227081 4.000001 14.328096
v 14.675130 4.000001 12.840972
v 15.956904 4.000001 11.208354
v 17.057880 4.000000 9.448742
v 17.965584 4.000000 7.582070
v 18.669729 4.000000 5.629493
v 19.162340 4.000000 3.613130
v 19.437834 4.000000 1.555829
v 19.493090 4.000000 -0.519100
v 19.327480 4.000000 -2.588148
v 18.942883 4.000000 -4.627872
v 18.343655 4.000000 -6.615159
v 17.536587 3.999999 -8.527493
v 16.530821 3.999999 -10.343208
v 15.337755 3.999999 -12.041730
v 13.970906 3.999999 -13.603815
v 12.445762 3.999999 -15.011763
v 10.779601 3.999999 -16.249620
v 8.991304 3.999999 -17.303366
v 7.101131 3.999999 -18.161055
v 5.130500 3.999999 -18.812973
v 3.101738 3.999999 -19.251734
v 1.037832 3.999999 -19.472363
v -1.037832 3.999999 -19.472363
v -3.101738 3.999999 -19.251734
v -5.130500 3.999999 -18.812973
v -7.101131 3.999999 -18.161055
v -8.991304 3.999999 -17.303366
v -10.779601 3.999999 -16.249620
v -12.445762 3.999999 -15.011763
v -13.970906 3.999999 -13.603815
v -15.337755 3.999999 -12.041730
v -16.530821 3.999999 -10.343208
v -17.536587 3.999999 -8.527493
v -18.343655 4.000000 -6.615159
v -18.942883 4.000000 -4.627872
v -19.327480 4.000000 -2.588148
v -19.493090 4.000000 -0.519100
v -19.437834 4.000000 1.555829
v -19.162340 4.000000 3.613130
v -18.669729 4.000000 5.629493
v -17.965584 4.000000 7.582070
v -17.057880 4.000000 9.448742
v -15.956904 4.000001 11.208354
v -14.675130 4.000001 12.840972
v -13.227081 4.000001 14.328096
v -11.629163 4.000001 15.652877
v -9.899483 4.000001 16.800304
v -8.057638 4.000001 17.757378
v -6.124496 4.000001 18.513252
v -4.121961 4.000001 19.059366
v -2.072723 4.000001 19.389528
v 15.000000 2.000000 1.500000
v 15.541862 2.000000 1.398708
v 16.010544 2.000000 1.108513
v 16.342745 2.000000 0.668608
v 16.493601 2.000000 0.138403
v 16.442738 2.000000 -0.410494
v 16.197025 2.000000 -0.903952
v 15.789648 2.000000 -1.275326
v 15.275624 2.000000 -1.474460
v 14.724376 2.000000 -1.474460
v 14.210352 2.000000 -1.275326
v 13.802974 2.000000 -0.903952
v 13.557262 2.000000 -0.410494
v 13.506399 2.000000 0.138403
v 13.657255 2.000000 0.668608
v 13.989457 2.000000 1.108513
v 14.458138 2.000000 1.398708
v 15.000000 1.098709 -0.000000
v 15.000000 11.475000 1.499999
v 15.541862 11.475000 1.398707
v 16.010544 11.475000 1.108512
v 16.342745 11.475000 0.668607
v 16.493601 11.475000 0.138402
v 16.442738 11.475000 -0.410495
v 16.197025 11.475000 -0.903953
v 15.789648 11.475000 -1.275327
v 15.275624 11.475000 -1.474461
v 14.724376 11.475000 -1.474461
v 14.210352 11.475000 -1.275327
v 13.802974 11.475000 -0.903953
v 13.557262 11.475000 -0.410495
v 13.506399 11.475000 0.138402
v 13.657255 11.475000 0.668607
v 13.989457 11.475000 1.108512
v 14.458138 11.475000 1.398707
v 4.635255 2.000001 15.765848
v 5.177117 2.000001 15.664556
v 5.645798 2.000001 15.374361
v 5.978000 2.000001 14.934455
v 6.128856 2.000001 14.404250
v 6.077993 2.000001 13.855353
v 5.832281 2.000001 13.361896
v 5.424903 2.000001 12.990522
v 4.910879 2.000001 12.791388
v 4.359631 2.000001 12.791388
v 3.845607 2.000001 12.990522
v 3.438229 2.000001 13.361896
v 3.192516 2.000001 13.855353
v 3.141654 2.000001 14.404250
v 3.292510 2.000001 14.934455
v 3.624711 2.000001 15.374361
v 4.093392 2.000001 15.664556
v 4.635255 1.098710 14.265848
v 4.635255 11.475001 15.765847
v 5.177117 11.475001 15.664555
v 5.645798 11.475001 15.374360
v 5.978000 11.475001 14.934454
v 6.128856 11.475001 14.404249
v 6.077993 11.475001 13.855352
v 5.832281 11.475001 13.361895
v 5.424903 11.475001 12.990521
v 4.910879 11.475001 12.791387
v 4.359631 11.475001 12.791387
v 3.845607 11.475001 12.990521
v 3.438229 11.475001 13.361895
v 3.192516 11.475001 13.855352
v 3.141654 11.475001 14.404249
v 3.292510 11.475001 14.934454
v 3.624711 11.475001 15.374360
v 4.093392 11.475001 15.664555
v -12.135255 2.000001 10.316779
v -11.593392 2.000001 10.215487
v -11.124711 2.000001 9.925292
v -10.792510 2.000001 9.485386
v -10.641654 2.000001 8.955181
v -10.692516 2.000001 8.406284
v -10.938229 2.000001 7.912827
v -11.345607 2.000000 7.541453
v -11.859631 2.000000 7.342319
v -12.410879 2.000000 7.342319
v -12.924903 2.000000 7.541453
v -13.332281 2.000001 7.912827
v -13.577993 2.000001 8.406284
v -13.628856 2.000001 8.955181
v -13.478000 2.000001 9.485386
v -13.145798 2.000001 9.925292
v -12.677117 2.000001 10.215487
v -12.135255 1.098710 8.816779
v -12.135255 11.475001 10.316778
v -11.593392 11.475001 10.215486
v -11.124711 11.475001 9.925291
v -10.792510 11.475001 9.485385
v -10.641654 11.475001 8.955180
v -10.692516 11.475001 8.406283
v -10.938229 11.475001 7.912826
v -11.345607 11.475001 7.541452
v -11.859631 11.475001 7.342318
v -12.410879 11.475001 7.342318
v -12.924903 11.475001 7.541452
v -13.332281 11.475001 7.912826
v -13.577993 11.475001 8.406283
v -13.628856 11.475001 8.955180
v -13.478000 11.475001 9.485385
v -13.145798 11.475001 9.925291
v -12.677117 11.475001 10.215486
v -12.135255 1.999999 -7.316779
v -11.593392 1.999999 -7.418070
v -11.124711 1.999999 -7.708265
v -10.792510 1.999999 -8.148171
v -10.641654 1.999999 -8.678376
v -10.692516 1.999999 -9.227273
v -10.938229 1.999999 -9.720731
v -11.345607 1.999999 -10.092104
v -11.859631 1.999999 -10.291238
v -12.410879 1.999999 -10.291238
v -12.924903 1.999999 -10.092104
v -13.332281 1.999999 -9.720731
v -13.577993 1.999999 -9.227273
v -13.628856 1.999999 -8.678376
v -13.478000 1.999999 -8.148171
v -13.145798 1.999999 -7.708265
v -12.677117 1.999999 -7.418070
v -12.135255 1.098708 -8.816779
v -12.135255 11.474999 -7.316780
v -11.593392 11.474999 -7.418071
v -11.124711 11.474999 -7.708266
v -10.792510 11.474999 -8.148172
v -10.641654 11.474999 -8.678377
v -10.692516 11.474999 -9.227274
v -10.938229 11.474999 -9.720732
v -11.345607 11.474999 -10.092105
v -11.859631 11.474999 -10.291239
v -12.410879 11.474999 -10.291239
v -12.924903 11.474999 -10.092105
v -13.332281 11.474999 -9.720732
v -13.577993 11.474999 -9.227274
v -13.628856 11.474999 -8.678377
v -13.478000 11.474999 -8.148172
v -13.145798 11.474999 -7.708266
v -12.677117 11.474999 -7.418071
v 4.635255 1.999999 -12.765848
v 5.177117 1.999999 -12.867139
v 5.645798 1.999999 -13.157334
v 5.978000 1.999999 -13.597240
v 6.128856 1.999999 -14.127445
v 6.077993 1.999999 -14.676342
v 5.832281 1.999999 -15.169800
v 5.424903 1.999999 -15.541173
v 4.910879 1.999999 -15.740307
v 4.359631 1.999999 -15.740307
v 3.845607 1.999999 -15.541173
v 3.438229 1.999999 -15.169800
v 3.192516 1.999999 -14.676342
v 3.141654 1.999999 -14.127445
v 3.292510 1.999999 -13.597240
v 3.624711 1.999999 -13.157334
v 4.093392 1.999999 -12.867139
v 4.635255 1.098708 -14.265848
v 4.635255 11.474999 -12.765849
v 5.177117 11.474999 -12.867140
v 5.645798 11.474999 -13.157335
v 5.978000 11.474999 -13.597241
v 6.128856 11.474999 -14.127446
v 6.077993 11.474999 -14.676343
v 5.832281 11.474999 -15.169801
v 5.424903 11.474999 -15.541174
v 4.910879 11.474999 -15.740308
v 4.359631 11.474999 -15.740308
v 3.845607 11.474999 -15.541174
v 3.438229 11.474999 -15.169801
v 3.192516 11.474999 -14.676343
v 3.141654 11.474999 -14.127446
v 3.292510 11.474999 -13.597241
v 3.624711 11.474999 -13.157335
v 4.093392 11.474999 -12.867140
v 0.000000 11.749998 -19.433014
v 0.000000 11.933011 -19.250000
v 1.034267 11.750002 19.405470
v 1.024527 11.933015 19.222717
v -1.024527 11.933015 19.222717
v -1.034267 11.750002 19.405470
v 3.091083 11.750002 19.185598
v 3.061972 11.933015 19.004915
v 5.112875 11.750001 18.748346
v 5.064724 11.933014 18.571781
v 7.076737 11.750001 18.098667
v 7.010091 11.933014 17.928221
v 8.960416 11.750001 17.243923
v 8.876031 11.933014 17.081528
v 10.742571 11.750001 16.193800
v 10.641401 11.933014 16.041292
v 12.403007 11.750001 14.960193
v 12.286201 11.933014 14.819304
v 13.922913 11.750001 13.557081
v 13.791792 11.933014 13.429406
v 15.285066 11.750001 12.000363
v 15.141117 11.933014 11.887348
v 16.474033 11.750001 10.307675
v 16.318888 11.933014 10.210601
v 17.476343 11.750001 8.498199
v 17.311760 11.933014 8.418165
v 18.280640 11.750001 6.592432
v 18.108480 11.933014 6.530347
v 18.877810 11.750000 4.611972
v 18.700026 11.933013 4.568538
v 19.261086 11.750000 2.579256
v 19.079693 11.933013 2.554965
v 19.426126 11.750000 0.517316
v 19.243177 11.933013 0.512444
v 19.371059 11.750000 -1.550485
v 19.188631 11.933013 -1.535884
v 19.096514 11.750000 -3.600719
v 18.916670 11.933013 -3.566809
v 18.605595 11.750000 -5.610155
v 18.430374 11.933013 -5.557321
v 17.903868 11.749999 -7.556026
v 17.735256 11.933012 -7.484866
v 16.999283 11.749999 -9.416284
v 16.839190 11.933012 -9.327605
v 15.902088 11.749999 -11.169852
v 15.752328 11.933012 -11.064659
v 14.624717 11.749999 -12.796861
v 14.486987 11.933012 -12.676345
v 13.181643 11.749999 -14.278876
v 13.057503 11.933012 -14.144403
v 11.589214 11.749999 -15.599106
v 11.480072 11.933012 -15.452200
v 9.865476 11.749999 -16.742592
v 9.772567 11.933012 -16.584915
v 8.029958 11.749999 -17.696377
v 7.954335 11.933012 -17.529718
v 6.103457 11.749999 -18.449656
v 6.045977 11.933012 -18.275904
v 4.107801 11.749998 -18.993893
v 4.069116 11.933012 -18.815016
v 2.065603 11.749998 -19.322922
v 2.046150 11.933011 -19.140945
v -2.065603 11.749998 -19.322922
v -2.046150 11.933011 -19.140945
v -4.107801 11.749998 -18.993893
v -4.069116 11.933012 -18.815016
v -6.103457 11.749999 -18.449656
v -6.045977 11.933012 -18.275904
v -8.029958 11.749999 -17.696377
v -7.954335 11.933012 -17.529718
v -9.865476 11.749999 -16.742592
v -9.772567 11.933012 -16.584915
v -11.589214 11.749999 -15.599106
v -11.480072 11.933012 -15.452200
v -13.181643 11.749999 -14.278876
v -13.057503 11.933012 -14.144403
v -14.624717 11.749999 -12.796861
v -14.486987 11.933012 -12.676345
v -15.902088 11.749999 -11.169852
v -15.752328 11.933012 -11.064659
v -16.999283 11.749999 -9.416284
v -16.839190 11.933012 -9.327605
v -17.903868 11.749999 -7.556026
v -17.735256 11.933012 -7.484866
v -18.605595 11.750000 -5.610155
v -18.430374 11.933013 -5.557321
v -19.096514 11.750000 -3.600719
v -18.916670 11.933013 -3.566809
v -19.371059 11.750000 -1.550485
v -19.188631 11.933013 -1.535884
v -19.426126 11.750000 0.517316
v -19.243177 11.933013 0.512444
v -19.261086 11.750000 2.579256
v -19.079693 11.933013 2.554965
v -18.877810 11.750000 4.611972
v -18.700026 11.933013 4.568538
v -18.280640 11.750001 6.592432
v -18.108480 11.933014 6.530347
v -17.476343 11.750001 8.498199
v -17.311760 11.933014 8.418165
v -16.474033 11.750001 10.307675
v -16.318888 11.933014 10.210601
v -15.285066 11.750001 12.000363
v -15.141117 11.933014 11.887348
v -13.922913 11.750001 13.557081
v -13.791792 11.933014 13.429406
v -12.403007 11.750001 14.960193
v -12.286201 11.933014 14.819304
v -10.742571 11.750001 16.193800
v -10.641401 11.933014 16.041292
v -8.960416 11.750001 17.243923
v -8.876031 11.933014 17.081528
v -7.076737 11.750001 18.098667
v -7.010091 11.933014 17.928221
v -5.112875 11.750001 18.748346
v -5.064724 11.933014 18.571781
v -3.091083 11.750002 19.185598
v -3.061972 11.933015 19.004915
v 0.000000 3.749999 -19.566986
v 0.000000 3.566986 -19.750000
v 19.508629 3.750000 1.510091
v 19.743303 3.566987 -0.514266
v -1.007284 3.750001 19.541042
v -1.016705 3.566988 19.723812
v 1.016705 3.566988 19.723812
v 1.007284 3.750001 19.541042
v -3.011175 3.750001 19.333902
v -3.039339 3.566988 19.514736
v -4.983147 3.750001 18.921820
v -5.029755 3.566988 19.098799
v -6.902296 3.750001 18.309158
v -6.966854 3.566988 18.480408
v -8.748279 3.750001 17.502417
v -8.830102 3.566988 17.666121
v -10.501528 3.750001 16.510145
v -10.599750 3.566988 16.664568
v -12.143458 3.750001 15.342862
v -12.257037 3.566988 15.486366
v -13.656664 3.750001 14.012941
v -13.784397 3.566988 14.144006
v -15.025107 3.750001 12.534479
v -15.165639 3.566988 12.651715
v -16.234280 3.750001 10.923148
v -16.386122 3.566988 11.025314
v -17.271364 3.750001 9.196029
v -17.432905 3.566988 9.282041
v -18.125368 3.750000 7.371429
v -18.294897 3.566988 7.440375
v -18.787239 3.750000 5.468691
v -18.962959 3.566988 5.519841
v -19.249962 3.750000 3.507984
v -19.430010 3.566987 3.540795
v -19.508629 3.750000 1.510091
v -19.691095 3.566987 1.524215
v -19.405025 3.750000 -2.512369
v -19.586523 3.566987 -2.535868
v -19.743303 3.566987 -0.514266
v -19.560204 3.750000 -0.515192
v -19.043852 3.750000 -4.494298
v -19.221972 3.566987 -4.536334
v -18.480808 3.750000 -6.428586
v -18.653662 3.566987 -6.488712
v -17.721865 3.749999 -8.294727
v -17.887621 3.566986 -8.372309
v -16.775064 3.749999 -10.072944
v -16.931965 3.566986 -10.167158
v -15.650444 3.749999 -11.744385
v -15.796825 3.566986 -11.854232
v -14.359926 3.749999 -13.291333
v -14.494236 3.566986 -13.415648
v -12.917188 3.749999 -14.697389
v -13.038004 3.566986 -14.834856
v -11.337525 3.749999 -15.947649
v -11.443567 3.566986 -16.096809
v -9.637682 3.749999 -17.028860
v -9.727824 3.566986 -17.188133
v -7.835676 3.749999 -17.929562
v -7.908965 3.566986 -18.097260
v -5.950611 3.749999 -18.640203
v -6.006268 3.566986 -18.814548
v -4.002468 3.749999 -19.153257
v -4.039903 3.566986 -19.332399
v -2.011897 3.749999 -19.463280
v -2.030715 3.566986 -19.645323
v 2.011897 3.749999 -19.463280
v 2.030715 3.566986 -19.645323
v 4.002468 3.749999 -19.153257
v 4.039903 3.566986 -19.332399
v 5.950611 3.749999 -18.640203
v 6.006268 3.566986 -18.814548
v 7.835676 3.749999 -17.929562
v 7.908965 3.566986 -18.097260
v 9.637682 3.749999 -17.028860
v 9.727824 3.566986 -17.188133
v 11.337525 3.749999 -15.947649
v 11.443567 3.566986 -16.096809
v 12.917188 3.749999 -14.697389
v 13.038004 3.566986 -14.834856
v 14.359926 3.749999 -13.291333
v 14.494236 3.566986 -13.415648
v 15.650444 3.749999 -11.744385
v 15.796825 3.566986 -11.854232
v 16.775064 3.749999 -10.072944
v 16.931965 3.566986 -10.167158
v 17.721865 3.749999 -8.294727
v 17.887621 3.566986 -8.372309
v 18.480808 3.750000 -6.428586
v 18.653662 3.566987 -6.488712
v 19.043852 3.750000 -4.494298
v 19.221972 3.566987 -4.536334
v 19.405025 3.750000 -2.512369
v 19.586523 3.566987 -2.535868
v 19.691095 3.566987 1.524215
v 19.560204 3.750000 -0.515192
v 19.249962 3.750000 3.507984
v 19.430010 3.566987 3.540795
v 18.787239 3.750000 5.468691
v 18.962959 3.566988 5.519841
v 18.125368 3.750000 7.371429
v 18.294897 3.566988 7.440375
v 17.271364 3.750001 9.196029
v 17.432905 3.566988 9.282041
v 16.234280 3.750001 10.923148
v 16.386122 3.566988 11.025314
v 15.025107 3.750001 12.534479
v 15.165639 3.566988 12.651715
v 13.656664 3.750001 14.012941
v 13.784397 3.566988 14.144006
v 12.143458 3.750001 15.342862
v 12.257037 3.566988 15.486366
v 10.501528 3.750001 16.510145
v 10.599750 3.566988 16.664568
v 8.748279 3.750001 17.502417
v 8.830102 3.566988 17.666121
v 6.902296 3.750001 18.309158
v 6.966854 3.566988 18.480408
v 4.983147 3.750001 18.921820
v 5.029755 3.566988 19.098799
v 3.011175 3.750001 19.333902
v 3.039339 3.566988 19.514736
v 0.000000 3.249998 -24.433014
v 0.000000 3.433011 -24.250000
v 2.322506 3.250002 24.322378
v 2.305109 3.433015 24.140194
v 0.000000 3.433015 24.250000
v 0.000000 3.250002 24.433014
v 4.623978 3.250002 23.991476
v 4.589343 3.433015 23.811771
v 6.883575 3.250002 23.443304
v 6.832015 3.433015 23.267706
v 9.080833 3.250002 22.682825
v 9.012815 3.433015 22.512922
v 11.195854 3.250002 21.716928
v 11.111993 3.433015 21.554260
v 13.209484 3.250002 20.554358
v 13.110540 3.433014 20.400398
v 15.103486 3.250001 19.205645
v 14.990355 3.433014 19.061789
v 16.860708 3.250001 17.683002
v 16.734415 3.433014 17.550550
v 18.465239 3.250001 16.000221
v 18.326927 3.433014 15.880373
v 19.902546 3.250001 14.172538
v 19.753468 3.433014 14.066380
v 21.159611 3.250001 12.216506
v 21.001116 3.433014 12.125000
v 22.225050 3.250001 10.149840
v 22.058577 3.433014 10.073814
v 23.089216 3.250001 7.991256
v 22.916269 3.433014 7.931397
v 23.744284 3.250000 5.760301
v 23.566431 3.433013 5.717154
v 24.184320 3.250000 3.477180
v 24.003170 3.433013 3.451135
v 24.405338 3.250000 1.162570
v 24.222532 3.433013 1.153861
v 24.405338 3.250000 -1.162570
v 24.222532 3.433013 -1.153861
v 24.184320 3.250000 -3.477180
v 24.003170 3.433013 -3.451135
v 23.744284 3.250000 -5.760302
v 23.566431 3.433012 -5.717155
v 23.089216 3.249999 -7.991257
v 22.916269 3.433012 -7.931398
v 22.225050 3.249999 -10.149840
v 22.058577 3.433012 -10.073814
v 21.159611 3.249999 -12.216506
v 21.001116 3.433012 -12.125000
v 19.902546 3.249999 -14.172538
v 19.753468 3.433012 -14.066380
v 18.465239 3.249999 -16.000221
v 18.326927 3.433012 -15.880373
v 16.860708 3.249999 -17.683002
v 16.734415 3.433012 -17.550550
v 15.103486 3.249999 -19.205645
v 14.990355 3.433012 -19.061789
v 13.209484 3.249998 -20.554358
v 13.110540 3.433012 -20.400398
v 11.195854 3.249998 -21.716928
v 11.111993 3.433011 -21.554260
v 9.080833 3.249998 -22.682825
v 9.012815 3.433011 -22.512922
v 6.883575 3.249998 -23.443304
v 6.832015 3.433011 -23.267706
v 4.623978 3.249998 -23.991476
v 4.589343 3.433011 -23.811771
v 2.322506 3.249998 -24.322378
v 2.305109 3.433011 -24.140194
v -2.322506 3.249998 -24.322378
v -2.305109 3.433011 -24.140194
v -4.623978 3.249998 -23.991476
v -4.589343 3.433011 -23.811771
v -6.883575 3.249998 -23.443304
v -6.832015 3.433011 -23.267706
v -9.080833 3.249998 -22.682825
v -9.012815 3.433011 -22.512922
v -11.195854 3.249998 -21.716928
v -11.111993 3.433011 -21.554260
v -13.209484 3.249998 -20.554358
v -13.110540 3.433012 -20.400398
v -15.103486 3.249999 -19.205645
v -14.990355 3.433012 -19.061789
v -16.860708 3.249999 -17.683002
v -16.734415 3.433012 -17.550550
v -18.465239 3.249999 -16.000221
v -18.326927 3.433012 -15.880373
v -19.902546 3.249999 -14.172538
v -19.753468 3.433012 -14.066380
v -21.159611 3.249999 -12.216506
v -21.001116 3.433012 -12.125000
v -22.225050 3.249999 -10.149840
v -22.058577 3.433012 -10.073814
v -23.089216 3.249999 -7.991257
v -22.916269 3.433012 -7.931398
v -23.744284 3.250000 -5.760302
v -23.566431 3.433012 -5.717155
v -24.184320 3.250000 -3.477180
v -24.003170 3.433013 -3.451135
v -24.405338 3.250000 -1.162570
v -24.222532 3.433013 -1.153861
v -24.405338 3.250000 1.162570
v -24.222532 3.433013 1.153861
v -24.184320 3.250000 3.477180
v -24.003170 3.433013 3.451135
v -23.744284 3.250000 5.760301
v -23.566431 3.433013 5.717154
v -23.089216 3.250001 7.991256
v -22.916269 3.433014 7.931397
v -22.225050 3.250001 10.149840
v -22.058577 3.433014 10.073814
v -21.159611 3.250001 12.216506
v -21.001116 3.433014 12.125000
v -19.902546 3.250001 14.172538
v -19.753468 3.433014 14.066380
v -18.465239 3.250001 16.000221
v -18.326927 3.433014 15.880373
v -16.860708 3.250001 17.683002
v -16.734415 3.433014 17.550550
v -15.103486 3.250001 19.205645
v -14.990355 3.433014 19.061789
v -13.209484 3.250002 20.554358
v -13.110540 3.433014 20.400398
v -11.195854 3.250002 21.716928
v -11.111993 3.433015 21.554260
v -9.080833 3.250002 22.682825
v -9.012815 3.433015 22.512922
v -6.883575 3.250002 23.443304
v -6.832015 3.433015 23.267706
v -4.623978 3.250002 23.991476
v -4.589343 3.433015 23.811771
v -2.322506 3.250002 24.322378
v -2.305109 3.433015 24.140194
vn -0.0000 1.0000 -0.0000
vn -0.0000 -1.0000 -0.0000
vn -0.0951 -0.0000 0.9955
vn -0.0476 -0.0000 0.9989
vn -0.0000 -0.0000 1.0000
vn 0.0476 -0.0000 0.9989
vn 0.0951 -0.0000 0.9955
vn 0.1423 -0.0000 0.9898
vn 0.1892 -0.0000 0.9819
vn 0.2358 -0.0000 0.9718
vn 0.1893 -0.0000 0.9819
vn 0.2818 -0.0000 0.9595
vn 0.2817 -0.0000 0.9595
vn 0.2357 -0.0000 0.9718
vn 0.3271 -0.0000 0.9450
vn 0.3716 -0.0000 0.9284
vn 0.3717 -0.0000 0.9284
vn 0.3270 -0.0000 0.9450
vn 0.4154 -0.0000 0.9096
vn 0.4582 -0.0000 0.8888
vn 0.5000 -0.0000 0.8660
vn 0.5406 -0.0000 0.8413
vn 0.5801 -0.0000 0.8146
vn 0.5407 -0.0000 0.8412
vn 0.6182 -0.0000 0.7860
vn 0.6182 -0.0000 0.7861
vn 0.6548 -0.0000 0.7558
vn 0.6549 -0.0000 0.7557
vn 0.6901 -0.0000 0.7237
vn 0.7237 -0.0000 0.6901
vn 0.7557 -0.0000 0.6549
vn 0.7558 -0.0000 0.6549
vn 0.7860 -0.0000 0.6182
vn 0.7861 -0.0000 0.6182
vn 0.8146 -0.0000 0.5801
vn 0.8412 -0.0000 0.5407
vn 0.8146 -0.0000 0.5800
vn 0.8413 -0.0000 0.5406
vn 0.8660 -0.0000 0.5000
vn 0.8888 -0.0000 0.4582
vn 0.9096 -0.0000 0.4154
vn 0.9284 -0.0000 0.3716
vn 0.9284 -0.0000 0.3717
vn 0.9450 -0.0000 0.3271
vn 0.9595 -0.0000 0.2817
vn 0.9718 -0.0000 0.2357
vn 0.9718 -0.0000 0.2358
vn 0.9819 -0.0000 0.1893
vn 0.9819 -0.0000 0.1892
vn 0.9898 -0.0000 0.1423
vn 0.9955 -0.0000 0.0951
vn 0.9989 -0.0000 0.0476
vn 1.0000 -0.0000 -0.0000
vn 0.9989 -0.0000 -0.0476
vn 0.9955 -0.0000 -0.0951
vn 0.9898 -0.0000 -0.1423
vn 0.9819 -0.0000 -0.1892
vn 0.9718 -0.0000 -0.2358
vn 0.9819 -0.0000 -0.1893
vn 0.9595 -0.0000 -0.2817
vn 0.9718 -0.0000 -0.2357
vn 0.9450 -0.0000 -0.3271
vn 0.9284 -0.0000 -0.3716
vn 0.9284 -0.0000 -0.3717
vn 0.9096 -0.0000 -0.4154
vn 0.8888 -0.0000 -0.4582
vn 0.8660 -0.0000 -0.5000
vn 0.8413 -0.0000 -0.5406
vn 0.8146 -0.0000 -0.5800
vn 0.8146 -0.0000 -0.5801
vn 0.8412 -0.0000 -0.5407
vn 0.7860 -0.0000 -0.6182
vn 0.7861 -0.0000 -0.6182
vn 0.7557 -0.0000 -0.6549
vn 0.7558 -0.0000 -0.6549
vn 0.7237 -0.0000 -0.6901
vn 0.6901 -0.0000 -0.7237
vn 0.6548 -0.0000 -0.7558
vn 0.6549 -0.0000 -0.7557
vn 0.6182 -0.0000 -0.7860
vn 0.6182 -0.0000 -0.7861
vn 0.5801 -0.0000 -0.8146
vn 0.5407 -0.0000 -0.8412
vn 0.5406 -0.0000 -0.8413
vn 0.5000 -0.0000 -0.8660
vn 0.4582 -0.0000 -0.8888
vn 0.4154 -0.0000 -0.9096
vn 0.3717 -0.0000 -0.9284
vn 0.3270 -0.0000 -0.9450
vn 0.3716 -0.0000 -0.9284
vn 0.3271 -0.0000 -0.9450
vn 0.2817 -0.0000 -0.9595
vn 0.2357 -0.0000 -0.9718
vn 0.2818 -0.0000 -0.9595
vn 0.2358 -0.0000 -0.9718
vn 0.1893 -0.0000 -0.9819
vn 0.1892 -0.0000 -0.9819
vn 0.1423 -0.0000 -0.9898
vn 0.0951 -0.0000 -0.9955
vn 0.0476 -0.0000 -0.9989
vn -0.0000 -0.0000 -1.0000
vn -0.0476 -0.0000 -0.9989
vn -0.0951 -0.0000 -0.9955
vn -0.1423 -0.0000 -0.9898
vn -0.1892 -0.0000 -0.9819
vn -0.2358 -0.0000 -0.9718
vn -0.1893 -0.0000 -0.9819
vn -0.2818 -0.0000 -0.9595
vn -0.2817 -0.0000 -0.9595
vn -0.2357 -0.0000 -0.9718
vn -0.3271 -0.0000 -0.9450
vn -0.3716 -0.0000 -0.9284
vn -0.3717 -0.0000 -0.9284
vn -0.3270 -0.0000 -0.9450
vn -0.4154 -0.0000 -0.9096
vn -0.4582 -0.0000 -0.8888
vn -0.5000 -0.0000 -0.8660
vn -0.5406 -0.0000 -0.8413
vn -0.5801 -0.0000 -0.8146
vn -0.5407 -0.0000 -0.8412
vn -0.6182 -0.0000 -0.7860
vn -0.6182 -0.0000 -0.7861
vn -0.6548 -0.0000 -0.7558
vn -0.6549 -0.0000 -0.7557
vn -0.6901 -0.0000 -0.7237
vn -0.7237 -0.0000 -0.6901
vn -0.7557 -0.0000 -0.6549
vn -0.7558 -0.0000 -0.6549
vn -0.7860 -0.0000 -0.6182
vn -0.7861 -0.0000 -0.6182
vn -0.8146 -0.0000 -0.5801
vn -0.8412 -0.0000 -0.5407
vn -0.8146 -0.0000 -0.5800
vn -0.8413 -0.0000 -0.5406
vn -0.8660 -0.0000 -0.5000
vn -0.8888 -0.0000 -0.4582
vn -0.9096 -0.0000 -0.4154
vn -0.9284 -0.0000 -0.3716
vn -0.9284 -0.0000 -0.3717
vn -0.9450 -0.0000 -0.3271
vn -0.9595 -0.0000 -0.2817
vn -0.9718 -0.0000 -0.2357
vn -0.9718 -0.0000 -0.2358
vn -0.9819 -0.0000 -0.1893
vn -0.9819 -0.0000 -0.1892
vn -0.9898 -0.0000 -0.1423
vn -0.9955 -0.0000 -0.0951
vn -0.9989 -0.0000 -0.0476
vn -1.0000 -0.0000 -0.0000
vn -0.9989 -0.0000 0.0476
vn -0.9955 -0.0000 0.0951
vn -0.9898 -0.0000 0.1423
vn -0.9819 -0.0000 0.1892
vn -0.9718 -0.0000 0.2358
vn -0.9819 -0.0000 0.1893
vn -0.9595 -0.0000 0.2817
vn -0.9718 -0.0000 0.2357
vn -0.9450 -0.0000 0.3271
vn -0.9284 -0.0000 0.3716
vn -0.9284 -0.0000 0.3717
vn -0.9096 -0.0000 0.4154
vn -0.8888 -0.0000 0.4582
vn -0.8660 -0.0000 0.5000
vn -0.8413 -0.0000 0.5406
vn -0.8146 -0.0000 0.5800
vn -0.8146 -0.0000 0.5801
vn -0.8412 -0.0000 0.5407
vn -0.7860 -0.0000 0.6182
vn -0.7861 -0.0000 0.6182
vn -0.7557 -0.0000 0.6549
vn -0.7558 -0.0000 0.6549
vn -0.7237 -0.0000 0.6901
vn -0.6901 -0.0000 0.7237
vn -0.6548 -0.0000 0.7558
vn -0.6549 -0.0000 0.7557
vn -0.6182 -0.0000 0.7860
vn -0.6182 -0.0000 0.7861
vn -0.5801 -0.0000 0.8146
vn -0.5407 -0.0000 0.8412
vn -0.5406 -0.0000 0.8413
vn -0.5000 -0.0000 0.8660
vn -0.4582 -0.0000 0.8888
vn -0.4154 -0.0000 0.9096
vn -0.3717 -0.0000 0.9284
vn -0.3270 -0.0000 0.9450
vn -0.3716 -0.0000 0.9284
vn -0.3271 -0.0000 0.9450
vn -0.2817 -0.0000 0.9595
vn -0.2357 -0.0000 0.9718
vn -0.2818 -0.0000 0.9595
vn -0.2358 -0.0000 0.9718
vn -0.1893 -0.0000 0.9819
vn -0.1892 -0.0000 0.9819
vn -0.1423 -0.0000 0.9898
vn -0.9888 -0.0000 -0.1490
vn -0.9888 -0.0000 0.1490
vn -0.9888 -0.0000 0.1491
vn -0.9556 -0.0000 0.2947
vn -0.9556 -0.0000 0.2948
vn -0.9010 -0.0000 0.4339
vn -0.8262 -0.0000 0.5633
vn -0.7331 -0.0000 0.6802
vn -0.7330 -0.0000 0.6802
vn -0.6235 -0.0000 0.7818
vn -0.3654 -0.0000 0.9309
vn -0.3653 -0.0000 0.9309
vn -0.2225 -0.0000 0.9749
vn -0.0747 -0.0000 0.9972
vn 0.0747 -0.0000 0.9972
vn 0.2225 -0.0000 0.9749
vn 0.3653 -0.0000 0.9309
vn 0.3654 -0.0000 0.9309
vn 0.6235 -0.0000 0.7818
vn 0.7330 -0.0000 0.6802
vn 0.7331 -0.0000 0.6802
vn 0.8262 -0.0000 0.5633
vn 0.9010 -0.0000 0.4339
vn 0.9556 -0.0000 0.2948
vn 0.9556 -0.0000 0.2947
vn 0.9888 -0.0000 0.1491
vn 0.9888 -0.0000 0.1490
vn 0.9888 -0.0000 -0.1490
vn 0.9888 -0.0000 -0.1491
vn 0.9556 -0.0000 -0.2947
vn 0.9556 -0.0000 -0.2948
vn 0.9010 -0.0000 -0.4339
vn 0.8262 -0.0000 -0.5633
vn 0.7331 -0.0000 -0.6802
vn 0.7330 -0.0000 -0.6802
vn 0.6235 -0.0000 -0.7818
vn 0.3654 -0.0000 -0.9309
vn 0.3653 -0.0000 -0.9309
vn 0.2225 -0.0000 -0.9749
vn 0.0747 -0.0000 -0.9972
vn -0.0747 -0.0000 -0.9972
vn -0.2225 -0.0000 -0.9749
vn -0.3653 -0.0000 -0.9309
vn -0.3654 -0.0000 -0.9309
vn -0.6235 -0.0000 -0.7818
vn -0.7330 -0.0000 -0.6802
vn -0.7331 -0.0000 -0.6802
vn -0.8262 -0.0000 -0.5633
vn -0.9010 -0.0000 -0.4339
vn -0.9556 -0.0000 -0.2948
vn -0.9556 -0.0000 -0.2947
vn -0.9888 -0.0000 -0.1491
vn -0.1063 -0.0000 0.9943
vn 0.1063 -0.0000 0.9943
vn 0.2114 -0.0000 0.9774
vn 0.3141 -0.0000 0.9494
vn 0.4132 -0.0000 0.9106
vn 0.5077 -0.0000 0.8615
vn 0.5077 -0.0000 0.8616
vn 0.5964 -0.0000 0.8027
vn 0.6783 -0.0000 0.7348
vn 0.7526 -0.0000 0.6585
vn 0.8183 -0.0000 0.5748
vn 0.8748 -0.0000 0.4845
vn 0.8748 -0.0000 0.4846
vn 0.9213 -0.0000 0.3888
vn 0.9574 -0.0000 0.2887
vn 0.9827 -0.0000 0.1853
vn 0.9968 -0.0000 0.0798
vn 0.9996 -0.0000 -0.0266
vn 0.9912 -0.0000 -0.1327
vn 0.9714 -0.0000 -0.2373
vn 0.9407 -0.0000 -0.3393
vn 0.9407 -0.0000 -0.3392
vn 0.8993 -0.0000 -0.4373
vn 0.8477 -0.0000 -0.5304
vn 0.7865 -0.0000 -0.6175
vn 0.7866 -0.0000 -0.6175
vn 0.7164 -0.0000 -0.6976
vn 0.7165 -0.0000 -0.6976
vn 0.6382 -0.0000 -0.7698
vn 0.6383 -0.0000 -0.7698
vn 0.5528 -0.0000 -0.8333
vn 0.4611 -0.0000 -0.8874
vn 0.4611 -0.0000 -0.8873
vn 0.3641 -0.0000 -0.9313
vn 0.3642 -0.0000 -0.9313
vn 0.2631 -0.0000 -0.9648
vn 0.1591 -0.0000 -0.9873
vn 0.0532 -0.0000 -0.9986
vn -0.0532 -0.0000 -0.9986
vn -0.1591 -0.0000 -0.9873
vn -0.2631 -0.0000 -0.9648
vn -0.3642 -0.0000 -0.9313
vn -0.3641 -0.0000 -0.9313
vn -0.4611 -0.0000 -0.8873
vn -0.4611 -0.0000 -0.8874
vn -0.5528 -0.0000 -0.8333
vn -0.6383 -0.0000 -0.7698
vn -0.6382 -0.0000 -0.7698
vn -0.7165 -0.0000 -0.6976
vn -0.7164 -0.0000 -0.6976
vn -0.7866 -0.0000 -0.6175
vn -0.7865 -0.0000 -0.6175
vn -0.8477 -0.0000 -0.5304
vn -0.8993 -0.0000 -0.4373
vn -0.9407 -0.0000 -0.3392
vn -0.9407 -0.0000 -0.3393
vn -0.9714 -0.0000 -0.2373
vn -0.9912 -0.0000 -0.1327
vn -0.9996 -0.0000 -0.0266
vn -0.9968 -0.0000 0.0798
vn -0.9827 -0.0000 0.1853
vn -0.9574 -0.0000 0.2887
vn -0.9213 -0.0000 0.3888
vn -0.8748 -0.0000 0.4846
vn -0.8748 -0.0000 0.4845
vn -0.8183 -0.0000 0.5748
vn -0.7526 -0.0000 0.6585
vn -0.6783 -0.0000 0.7348
vn -0.5964 -0.0000 0.8027
vn -0.5077 -0.0000 0.8616
vn -0.5077 -0.0000 0.8615
vn -0.4132 -0.0000 0.9106
vn -0.3141 -0.0000 0.9494
vn -0.2114 -0.0000 0.9774
vn -0.1860 0.8572 -0.4803
vn -0.0946 0.8572 -0.5063
vn -0.0000 0.8572 -0.5150
vn -0.4610 0.8572 -0.2296
vn -0.4110 0.8572 -0.3104
vn -0.3470 0.8572 -0.3806
vn -0.5128 0.8572 -0.0475
vn -0.4954 0.8571 -0.1410
vn -0.4110 0.8572 0.3104
vn -0.4610 0.8572 0.2296
vn -0.4954 0.8572 0.1410
vn -0.0946 0.8572 0.5063
vn -0.1860 0.8572 0.4802
vn -0.2711 0.8572 0.4379
vn 0.2711 0.8572 0.4379
vn 0.1860 0.8572 0.4802
vn 0.0946 0.8572 0.5063
vn 0.4954 0.8572 0.1410
vn 0.4610 0.8572 0.2296
vn 0.4110 0.8572 0.3104
vn 0.4610 0.8572 -0.2296
vn 0.4954 0.8571 -0.1410
vn 0.5128 0.8572 -0.0475
vn 0.3470 0.8572 -0.3806
vn 0.4110 0.8572 -0.3104
vn 0.0946 0.8572 -0.5063
vn 0.1860 0.8572 -0.4803
vn -0.0000 0.8572 0.5150
vn -0.3470 0.8572 0.3806
vn -0.4954 0.8572 0.1409
vn -0.5128 0.8572 0.0475
vn -0.2711 0.8572 -0.4379
vn -0.1861 0.8572 -0.4803
vn 0.1861 0.8572 -0.4803
vn 0.2711 0.8572 -0.4379
vn 0.5128 0.8572 0.0475
vn 0.4954 0.8572 0.1409
vn 0.3470 0.8572 0.3806
vn 0.3612 -0.0000 -0.9325
vn -0.3612 -0.0000 -0.9325
vn -0.6737 -0.0000 -0.7390
vn -0.8952 -0.0000 -0.4457
vn -0.9957 -0.0000 -0.0923
vn -0.9618 -0.0000 0.2737
vn -0.7980 -0.0000 0.6026
vn -0.5264 -0.0000 0.8502
vn -0.1837 -0.0000 0.9830
vn -0.1838 -0.0000 0.9830
vn 0.1838 -0.0000 0.9830
vn 0.1837 -0.0000 0.9830
vn 0.5264 -0.0000 0.8502
vn 0.7980 -0.0000 0.6026
vn 0.9618 -0.0000 0.2737
vn 0.9957 -0.0000 -0.0923
vn 0.8952 -0.0000 -0.4457
vn 0.6737 -0.0000 -0.7390
vn 0.2554 0.7071 -0.6594
vn 0.2296 0.7071 -0.6688
vn -0.0000 0.7071 -0.7071
vn -0.2296 0.7071 -0.6688
vn 0.4343 0.7071 -0.5580
vn 0.4764 0.7071 -0.5226
vn 0.5920 0.7071 -0.3867
vn 0.5920 0.7071 -0.3868
vn 0.6330 0.7071 -0.3152
vn 0.6855 0.7071 -0.1736
vn 0.7041 0.7071 -0.0652
vn 0.7047 0.7071 0.0584
vn 0.6801 0.7071 0.1935
vn 0.6475 0.7071 0.2840
vn 0.5643 0.7071 0.4261
vn 0.6475 0.7071 0.2841
vn 0.5202 0.7071 0.4789
vn 0.5203 0.7071 0.4789
vn 0.3722 0.7071 0.6012
vn 0.3365 0.7071 0.6219
vn 0.3722 0.7073 0.6010
vn 0.1299 0.7071 0.6951
vn 0.1164 0.7071 0.6975
vn -0.1299 0.7071 0.6951
vn -0.1164 0.7071 0.6975
vn -0.3365 0.7071 0.6219
vn -0.1299 0.7073 0.6949
vn -0.3722 0.7071 0.6012
vn -0.5202 0.7071 0.4789
vn -0.5203 0.7071 0.4789
vn -0.5643 0.7071 0.4261
vn -0.6475 0.7071 0.2840
vn -0.5643 0.7071 0.4262
vn -0.6801 0.7071 0.1935
vn -0.6475 0.7071 0.2841
vn -0.7047 0.7071 0.0584
vn -0.7041 0.7071 -0.0652
vn -0.6855 0.7071 -0.1736
vn -0.6330 0.7071 -0.3152
vn -0.5920 0.7071 -0.3867
vn -0.5920 0.7071 -0.3868
vn -0.4764 0.7071 -0.5226
vn -0.4343 0.7071 -0.5580
vn -0.2554 0.7071 -0.6594
vn -0.0946 0.8571 -0.5063
vn -0.1860 0.8572 0.4803
vn 0.1861 0.8571 0.4803
vn 0.4954 0.8572 -0.1409
vn 0.4764 0.7071 -0.5225
vn -0.7041 0.7071 -0.0653
vn -0.4764 0.7071 -0.5225
vn 0.1860 0.8572 0.4803
vn 0.4110 0.8571 -0.3104
vn -0.3366 0.7071 0.6219
vn -0.4954 0.8572 -0.1409
vn 0.3723 0.7071 0.6012
vn 0.0461 0.5000 0.8648
vn -0.0461 0.5000 0.8648
vn -0.1378 0.5000 0.8550
vn -0.1377 0.5000 0.8550
vn -0.2279 0.5000 0.8355
vn -0.2278 0.5000 0.8355
vn -0.3154 0.5000 0.8066
vn -0.3153 0.5000 0.8066
vn -0.3993 0.5000 0.7685
vn -0.4787 0.5000 0.7217
vn -0.4788 0.5000 0.7217
vn -0.5527 0.5000 0.6667
vn -0.6205 0.5000 0.6042
vn -0.6204 0.5000 0.6042
vn -0.6812 0.5000 0.5348
vn -0.7342 0.5000 0.4594
vn -0.7341 0.5000 0.4594
vn -0.7788 0.5000 0.3787
vn -0.8147 0.5000 0.2938
vn -0.8413 0.5000 0.2055
vn -0.8584 0.5000 0.1149
vn -0.8657 0.5000 0.0231
vn -0.8657 0.5000 0.0230
vn -0.8633 0.5000 -0.0691
vn -0.8510 0.5000 -0.1605
vn -0.8510 0.5000 -0.1604
vn -0.8291 0.5000 -0.2500
vn -0.8292 0.5000 -0.2500
vn -0.7979 0.5000 -0.3367
vn -0.7576 0.5000 -0.4196
vn -0.7087 0.5000 -0.4978
vn -0.6517 0.5000 -0.5703
vn -0.5874 0.5000 -0.6363
vn -0.5165 0.5000 -0.6952
vn -0.4396 0.5000 -0.7461
vn -0.3578 0.5000 -0.7886
vn -0.3579 0.5000 -0.7886
vn -0.2720 0.5000 -0.8222
vn -0.1831 0.5000 -0.8464
vn -0.1830 0.5000 -0.8465
vn -0.1590 -0.0000 -0.9873
vn -0.0920 0.5000 -0.8611
vn -0.0921 0.5000 -0.8611
vn -0.0000 0.5000 -0.8660
vn 0.0921 0.5000 -0.8611
vn 0.0920 0.5000 -0.8611
vn 0.1590 -0.0000 -0.9873
vn 0.1831 0.5000 -0.8464
vn 0.1830 0.5000 -0.8465
vn 0.2720 0.5000 -0.8222
vn 0.3579 0.5000 -0.7886
vn 0.3578 0.5000 -0.7886
vn 0.4396 0.5000 -0.7461
vn 0.5165 0.5000 -0.6952
vn 0.5874 0.5000 -0.6363
vn 0.6517 0.5000 -0.5703
vn 0.7087 0.5000 -0.4978
vn 0.7576 0.5000 -0.4196
vn 0.7979 0.5000 -0.3367
vn 0.8291 0.5000 -0.2500
vn 0.8292 0.5000 -0.2500
vn 0.8510 0.5000 -0.1605
vn 0.8510 0.5000 -0.1604
vn 0.8633 0.5000 -0.0691
vn 0.8657 0.5000 0.0231
vn 0.8657 0.5000 0.0230
vn 0.8584 0.5000 0.1149
vn 0.8413 0.5000 0.2055
vn 0.8147 0.5000 0.2938
vn 0.7788 0.5000 0.3787
vn 0.7342 0.5000 0.4594
vn 0.7341 0.5000 0.4594
vn 0.6812 0.5000 0.5348
vn 0.6205 0.5000 0.6042
vn 0.6204 0.5000 0.6042
vn 0.5527 0.5000 0.6667
vn 0.4787 0.5000 0.7217
vn 0.4788 0.5000 0.7217
vn 0.3993 0.5000 0.7685
vn 0.3154 0.5000 0.8066
vn 0.3153 0.5000 0.8066
vn 0.2278 0.5000 0.8355
vn 0.2279 0.5000 0.8355
vn 0.1377 0.5000 0.8550
vn 0.1378 0.5000 0.8550
vn -0.0266 0.8660 0.4993
vn 0.0266 0.8660 0.4993
vn 0.0795 0.8660 0.4936
vn 0.1315 0.8660 0.4824
vn 0.1316 0.8660 0.4824
vn 0.1821 0.8660 0.4657
vn 0.2305 0.8660 0.4437
vn 0.2764 0.8660 0.4167
vn 0.2764 0.8660 0.4166
vn 0.3191 0.8660 0.3849
vn 0.3582 0.8660 0.3488
vn 0.3933 0.8660 0.3087
vn 0.3933 0.8660 0.3088
vn 0.4239 0.8660 0.2652
vn 0.4496 0.8660 0.2186
vn 0.4496 0.8660 0.2187
vn 0.4703 0.8660 0.1696
vn 0.4857 0.8660 0.1187
vn 0.4857 0.8660 0.1186
vn 0.4956 0.8660 0.0664
vn 0.4956 0.8660 0.0663
vn 0.4998 0.8660 0.0133
vn 0.4984 0.8660 -0.0399
vn 0.4913 0.8660 -0.0927
vn 0.4913 0.8660 -0.0926
vn 0.4787 0.8660 -0.1444
vn 0.4787 0.8660 -0.1443
vn 0.4607 0.8660 -0.1944
vn 0.4374 0.8660 -0.2423
vn 0.4092 0.8660 -0.2874
vn 0.3763 0.8660 -0.3293
vn 0.3763 0.8660 -0.3292
vn 0.3392 0.8660 -0.3674
vn 0.2982 0.8660 -0.4014
vn 0.2982 0.8660 -0.4013
vn 0.2538 0.8660 -0.4308
vn 0.2066 0.8660 -0.4553
vn 0.1570 0.8660 -0.4747
vn 0.1571 0.8660 -0.4747
vn 0.1057 0.8660 -0.4887
vn 0.0531 0.8660 -0.4972
vn 0.0532 0.8660 -0.4972
vn -0.0000 0.8660 -0.5000
vn -0.0531 0.8660 -0.4972
vn -0.0532 0.8660 -0.4972
vn -0.0795 0.8660 0.4936
vn -0.1315 0.8660 0.4824
vn -0.1316 0.8660 0.4824
vn -0.1821 0.8660 0.4657
vn -0.2305 0.8660 0.4437
vn -0.2764 0.8660 0.4167
vn -0.2764 0.8660 0.4166
vn -0.3191 0.8660 0.3849
vn -0.3582 0.8660 0.3488
vn -0.3933 0.8660 0.3087
vn -0.3933 0.8660 0.3088
vn -0.4239 0.8660 0.2652
vn -0.4496 0.8660 0.2186
vn -0.4496 0.8660 0.2187
vn -0.4703 0.8660 0.1696
vn -0.4857 0.8660 0.1187
vn -0.4857 0.8660 0.1186
vn -0.4956 0.8660 0.0664
vn -0.4956 0.8660 0.0663
vn -0.4998 0.8660 0.0133
vn -0.4984 0.8660 -0.0399
vn -0.4913 0.8660 -0.0927
vn -0.4913 0.8660 -0.0926
vn -0.4787 0.8660 -0.1444
vn -0.4787 0.8660 -0.1443
vn -0.4607 0.8660 -0.1944
vn -0.4374 0.8660 -0.2423
vn -0.4092 0.8660 -0.2874
vn -0.3763 0.8660 -0.3293
vn -0.3763 0.8660 -0.3292
vn -0.3392 0.8660 -0.3674
vn -0.2982 0.8660 -0.4014
vn -0.2982 0.8660 -0.4013
vn -0.2538 0.8660 -0.4308
vn -0.2066 0.8660 -0.4553
vn -0.1570 0.8660 -0.4747
vn -0.1571 0.8660 -0.4747
vn -0.1057 0.8660 -0.4887
vn 0.1831 0.5000 -0.8465
vn 0.5875 0.5000 -0.6363
vn 0.4914 0.8660 -0.0927
vn 0.4704 0.8660 0.1696
vn 0.4497 0.8660 0.2187
vn 0.4497 0.8660 0.2186
vn 0.2306 0.8660 0.4437
vn -0.2306 0.8660 0.4437
vn -0.4497 0.8660 0.2187
vn -0.4704 0.8660 0.1696
vn -0.8584 0.5000 0.1150
vn -0.4914 0.8660 -0.0926
vn -0.6518 0.5000 -0.5703
vn -0.5875 0.5000 -0.6363
vn -0.4397 0.5000 -0.7461
vn -0.1831 0.5000 -0.8465
vn -0.0446 0.5000 0.8649
vn 0.0446 0.5000 0.8649
vn 0.1333 0.5000 0.8557
vn 0.1332 0.5000 0.8557
vn 0.2205 0.5000 0.8375
vn 0.2206 0.5000 0.8375
vn 0.3055 0.5000 0.8104
vn 0.3872 0.5000 0.7746
vn 0.4648 0.5000 0.7307
vn 0.5374 0.5000 0.6791
vn 0.5963 -0.0000 0.8027
vn 0.5375 0.5000 0.6791
vn 0.6044 0.5000 0.6202
vn 0.6650 0.5000 0.5548
vn 0.7185 0.5000 0.4835
vn 0.7644 0.5000 0.4070
vn 0.8022 0.5000 0.3263
vn 0.8022 0.5000 0.3262
vn 0.8315 0.5000 0.2421
vn 0.8315 0.5000 0.2420
vn 0.8520 0.5000 0.1552
vn 0.8520 0.5000 0.1553
vn 0.8634 0.5000 0.0669
vn 0.8634 0.5000 0.0668
vn 0.8657 0.5000 -0.0228
vn 0.8589 0.5000 -0.1112
vn 0.4959 0.8660 -0.0642
vn 0.8429 0.5000 -0.1989
vn 0.4866 0.8660 -0.1148
vn 0.8180 0.5000 -0.2845
vn 0.4722 0.8660 -0.1643
vn 0.8179 0.5000 -0.2845
vn 0.7844 0.5000 -0.3671
vn 0.4722 0.8660 -0.1642
vn 0.4528 0.8660 -0.2119
vn 0.7425 0.5000 -0.4458
vn 0.4287 0.8660 -0.2574
vn 0.6927 0.5000 -0.5198
vn 0.3999 0.8660 -0.3001
vn 0.6356 0.5000 -0.5883
vn 0.3669 0.8660 -0.3396
vn 0.5717 0.5000 -0.6505
vn 0.3301 0.8660 -0.3755
vn 0.3301 0.8660 -0.3756
vn 0.5018 0.5000 -0.7058
vn 0.2897 0.8660 -0.4075
vn 0.4266 0.5000 -0.7537
vn 0.2463 0.8660 -0.4351
vn 0.3468 0.5000 -0.7935
vn 0.3468 0.5000 -0.7936
vn 0.2002 0.8660 -0.4581
vn 0.2634 0.5000 -0.8250
vn 0.1521 0.8660 -0.4763
vn 0.1772 0.5000 -0.8477
vn 0.1771 0.5000 -0.8477
vn 0.1023 0.8660 -0.4894
vn 0.0891 0.5000 -0.8614
vn 0.0890 0.5000 -0.8614
vn 0.0514 0.8660 -0.4973
vn -0.0890 0.5000 -0.8614
vn -0.0891 0.5000 -0.8614
vn -0.0514 0.8660 -0.4973
vn -0.1771 0.5000 -0.8477
vn -0.1772 0.5000 -0.8477
vn -0.1023 0.8660 -0.4894
vn -0.2634 0.5000 -0.8250
vn -0.1520 0.8660 -0.4763
vn -0.3468 0.5000 -0.7936
vn -0.2002 0.8660 -0.4581
vn -0.4266 0.5000 -0.7537
vn -0.2002 0.8660 -0.4582
vn -0.2463 0.8660 -0.4351
vn -0.5018 0.5000 -0.7059
vn -0.5018 0.5000 -0.7058
vn -0.2897 0.8660 -0.4075
vn -0.5717 0.5000 -0.6505
vn -0.3301 0.8660 -0.3756
vn -0.6356 0.5000 -0.5883
vn -0.3669 0.8660 -0.3396
vn -0.6927 0.5000 -0.5198
vn -0.3999 0.8660 -0.3001
vn -0.7425 0.5000 -0.4458
vn -0.4286 0.8660 -0.2574
vn -0.4287 0.8660 -0.2574
vn -0.7844 0.5000 -0.3671
vn -0.4528 0.8660 -0.2120
vn -0.8180 0.5000 -0.2845
vn -0.8179 0.5000 -0.2845
vn -0.4722 0.8660 -0.1643
vn -0.8429 0.5000 -0.1989
vn -0.4866 0.8660 -0.1148
vn -0.8589 0.5000 -0.1112
vn -0.4866 0.8660 -0.1149
vn -0.4959 0.8660 -0.0642
vn -0.8657 0.5000 -0.0228
vn -0.4998 0.8660 -0.0130
vn -0.8634 0.5000 0.0669
vn -0.4985 0.8660 0.0386
vn -0.8634 0.5000 0.0668
vn -0.8520 0.5000 0.1552
vn -0.8520 0.5000 0.1553
vn -0.4919 0.8660 0.0896
vn -0.8315 0.5000 0.2420
vn -0.4801 0.8660 0.1397
vn -0.8022 0.5000 0.3262
vn -0.8022 0.5000 0.3263
vn -0.4632 0.8660 0.1884
vn -0.4631 0.8660 0.1884
vn -0.7644 0.5000 0.4070
vn -0.4632 0.8660 0.1883
vn -0.4413 0.8660 0.2350
vn -0.7185 0.5000 0.4834
vn -0.7185 0.5000 0.4835
vn -0.4148 0.8660 0.2791
vn -0.6650 0.5000 0.5548
vn -0.3839 0.8660 0.3203
vn -0.6045 0.5000 0.6202
vn -0.6044 0.5000 0.6202
vn -0.3490 0.8660 0.3581
vn -0.5375 0.5000 0.6791
vn -0.3103 0.8660 0.3920
vn -0.4648 0.5000 0.7307
vn -0.2683 0.8660 0.4219
vn -0.3872 0.5000 0.7747
vn -0.2684 0.8660 0.4219
vn -0.2235 0.8660 0.4472
vn -0.3055 0.5000 0.8104
vn -0.2236 0.8660 0.4472
vn -0.1764 0.8660 0.4678
vn -0.2206 0.5000 0.8375
vn -0.2205 0.5000 0.8375
vn -0.1273 0.8660 0.4835
vn -0.1333 0.5000 0.8557
vn -0.0770 0.8660 0.4940
vn -0.0769 0.8660 0.4940
vn -0.0257 0.8660 0.4993
vn -0.0258 0.8660 0.4993
vn 0.0257 0.8660 0.4993
vn 0.0769 0.8660 0.4940
vn 0.1273 0.8660 0.4835
vn 0.1764 0.8660 0.4678
vn 0.3872 0.5000 0.7747
vn 0.2235 0.8660 0.4472
vn 0.2683 0.8660 0.4219
vn 0.3103 0.8660 0.3921
vn 0.3103 0.8660 0.3920
vn 0.6045 0.5000 0.6202
vn 0.3490 0.8660 0.3581
vn 0.3839 0.8660 0.3203
vn 0.7185 0.5000 0.4834
vn 0.3840 0.8660 0.3203
vn 0.4148 0.8660 0.2791
vn 0.4413 0.8660 0.2350
vn 0.4414 0.8660 0.2350
vn 0.4631 0.8660 0.1884
vn 0.4801 0.8660 0.1397
vn 0.4801 0.8660 0.1398
vn 0.4919 0.8660 0.0896
vn 0.8635 0.5000 0.0668
vn 0.4919 0.8660 0.0897
vn 0.4985 0.8660 0.0386
vn 0.4998 0.8660 -0.0130
vn -0.1332 0.5000 0.8557
vn -0.3872 0.5000 0.7746
vn -0.5374 0.5000 0.6791
vn -0.5963 -0.0000 0.8027
vn -0.8315 0.5000 0.2421
vn -0.9971 0.0007 0.0763
vn -0.8635 0.4997 0.0688
vn -0.7843 0.5000 -0.3671
vn -0.6356 0.5000 -0.5882
vn -0.6355 0.5000 -0.5883
vn -0.3468 0.5000 -0.7935
vn 0.6355 0.5000 -0.5883
vn 0.6356 0.5000 -0.5882
vn 0.7843 0.5000 -0.3671
vn -0.0769 0.8660 0.4941
vn -0.1274 0.8660 0.4835
vn -0.1764 0.8660 0.4679
vn -0.3103 0.8660 0.3921
vn -0.4149 0.8660 0.2791
vn -0.4414 0.8660 0.2350
vn -0.4801 0.8660 0.1398
vn -0.4958 0.8660 -0.0642
vn -0.4529 0.8660 -0.2120
vn -0.4529 0.8660 -0.2119
vn -0.3670 0.8660 -0.3396
vn -0.2463 0.8660 -0.4352
vn -0.1521 0.8660 -0.4763
vn -0.0514 0.8660 -0.4974
vn 0.0769 0.8660 0.4941
vn 0.0770 0.8660 0.4940
vn 0.1274 0.8660 0.4835
vn 0.1764 0.8660 0.4679
vn 0.2236 0.8660 0.4472
vn 0.2684 0.8660 0.4219
vn 0.4149 0.8660 0.2791
vn 0.4632 0.8660 0.1883
vn 0.4632 0.8660 0.1884
vn 0.4958 0.8660 -0.0642
vn 0.4866 0.8660 -0.1149
vn 0.4528 0.8660 -0.2120
vn 0.4529 0.8660 -0.2120
vn 0.4529 0.8660 -0.2119
vn 0.3670 0.8660 -0.3396
vn 0.2463 0.8660 -0.4352
vn 0.2002 0.8660 -0.4582
vn 0.1520 0.8660 -0.4763
vn 0.0514 0.8660 -0.4974
vn 0.0823 0.5000 0.8621
vn -0.0000 0.5000 0.8660
vn -0.0950 -0.0000 0.9955
vn -0.0823 0.5000 0.8621
vn -0.1639 0.5000 0.8504
vn -0.2440 0.5000 0.8309
vn -0.3219 0.5000 0.8040
vn -0.3969 0.5000 0.7697
vn -0.3968 0.5000 0.7697
vn -0.4682 0.5000 0.7285
vn -0.5353 0.5000 0.6807
vn -0.5976 0.5000 0.6268
vn -0.6545 0.5000 0.5671
vn -0.7558 -0.0000 0.6548
vn -0.7054 0.5000 0.5024
vn -0.7054 0.5000 0.5023
vn -0.7500 0.5000 0.4330
vn -0.7878 0.5000 0.3598
vn -0.8184 0.5000 0.2833
vn -0.8184 0.5000 0.2832
vn -0.8416 0.5000 0.2042
vn -0.8572 0.5000 0.1233
vn -0.8572 0.5000 0.1232
vn -0.8650 0.5000 0.0412
vn -0.8650 0.5000 -0.0412
vn -0.8651 0.5000 -0.0412
vn -0.8572 0.5000 -0.1232
vn -0.8572 0.5000 -0.1233
vn -0.8416 0.5000 -0.2042
vn -0.8184 0.5000 -0.2833
vn -0.7878 0.5000 -0.3597
vn -0.7878 0.5000 -0.3598
vn -0.7500 0.5000 -0.4330
vn -0.7054 0.5000 -0.5023
vn -0.7054 0.5000 -0.5024
vn -0.6545 0.5000 -0.5671
vn -0.7558 -0.0000 -0.6548
vn -0.5976 0.5000 -0.6268
vn -0.5354 0.5000 -0.6807
vn -0.5353 0.5000 -0.6807
vn -0.4682 0.5000 -0.7286
vn -0.4682 0.5000 -0.7285
vn -0.3968 0.5000 -0.7697
vn -0.3968 0.5000 -0.7698
vn -0.3219 0.5000 -0.8040
vn -0.2440 0.5000 -0.8309
vn -0.1639 0.5000 -0.8504
vn -0.0950 -0.0000 -0.9955
vn -0.0823 0.5000 -0.8621
vn 0.0950 -0.0000 -0.9955
vn 0.0823 0.5000 -0.8621
vn 0.1639 0.5000 -0.8504
vn 0.2440 0.5000 -0.8309
vn 0.3219 0.5000 -0.8040
vn 0.3969 0.5000 -0.7697
vn 0.3968 0.5000 -0.7697
vn 0.4682 0.5000 -0.7285
vn 0.5353 0.5000 -0.6807
vn 0.5976 0.5000 -0.6268
vn 0.6545 0.5000 -0.5671
vn 0.7558 -0.0000 -0.6548
vn 0.7054 0.5000 -0.5024
vn 0.7054 0.5000 -0.5023
vn 0.7500 0.5000 -0.4330
vn 0.7878 0.5000 -0.3598
vn 0.8184 0.5000 -0.2833
vn 0.8184 0.5000 -0.2832
vn 0.8416 0.5000 -0.2042
vn 0.8572 0.5000 -0.1233
vn 0.8572 0.5000 -0.1232
vn 0.8650 0.5000 -0.0412
vn 0.8650 0.5000 0.0412
vn 0.8651 0.5000 0.0412
vn 0.8572 0.5000 0.1232
vn 0.8572 0.5000 0.1233
vn 0.8416 0.5000 0.2042
vn 0.8184 0.5000 0.2833
vn 0.7878 0.5000 0.3597
vn 0.7878 0.5000 0.3598
vn 0.7500 0.5000 0.4330
vn 0.7054 0.5000 0.5023
vn 0.7054 0.5000 0.5024
vn 0.6545 0.5000 0.5671
vn 0.7558 -0.0000 0.6548
vn 0.5976 0.5000 0.6268
vn 0.5354 0.5000 0.6807
vn 0.5353 0.5000 0.6807
vn 0.4682 0.5000 0.7286
vn 0.4682 0.5000 0.7285
vn 0.3968 0.5000 0.7697
vn 0.3968 0.5000 0.7698
vn 0.3219 0.5000 0.8040
vn 0.2440 0.5000 0.8309
vn 0.1639 0.5000 0.8504
vn 0.0950 -0.0000 0.9955
vn -0.0475 0.8660 0.4977
vn -0.0000 0.8660 0.5000
vn 0.0475 0.8660 0.4977
vn 0.0946 0.8660 0.4910
vn 0.1409 0.8660 0.4797
vn 0.1858 0.8660 0.4642
vn 0.2291 0.8660 0.4444
vn 0.2703 0.8660 0.4206
vn 0.3091 0.8660 0.3930
vn 0.3450 0.8660 0.3619
vn 0.3779 0.8660 0.3274
vn 0.4073 0.8660 0.2900
vn 0.4330 0.8660 0.2500
vn 0.4548 0.8660 0.2077
vn 0.4725 0.8660 0.1635
vn 0.4859 0.8660 0.1179
vn 0.4949 0.8660 0.0712
vn 0.4994 0.8660 0.0238
vn 0.4994 0.8660 -0.0238
vn 0.4949 0.8660 -0.0712
vn 0.4859 0.8660 -0.1179
vn 0.4725 0.8660 -0.1635
vn 0.4548 0.8660 -0.2077
vn 0.4330 0.8660 -0.2500
vn 0.4073 0.8660 -0.2900
vn 0.3779 0.8660 -0.3274
vn 0.3450 0.8660 -0.3619
vn 0.3091 0.8660 -0.3930
vn 0.2703 0.8660 -0.4206
vn 0.2291 0.8660 -0.4444
vn 0.1858 0.8660 -0.4642
vn 0.1409 0.8660 -0.4797
vn 0.0946 0.8660 -0.4910
vn 0.0475 0.8660 -0.4977
vn -0.0475 0.8660 -0.4977
vn -0.0946 0.8660 -0.4910
vn -0.1409 0.8660 -0.4797
vn -0.1858 0.8660 -0.4642
vn -0.2291 0.8660 -0.4444
vn -0.2703 0.8660 -0.4206
vn -0.3091 0.8660 -0.3930
vn -0.3450 0.8660 -0.3619
vn -0.3779 0.8660 -0.3274
vn -0.4073 0.8660 -0.2900
vn -0.4330 0.8660 -0.2500
vn -0.4548 0.8660 -0.2077
vn -0.4725 0.8660 -0.1635
vn -0.4859 0.8660 -0.1179
vn -0.4949 0.8660 -0.0712
vn -0.4994 0.8660 -0.0238
vn -0.4994 0.8660 0.0238
vn -0.4949 0.8660 0.0712
vn -0.4859 0.8660 0.1179
vn -0.4725 0.8660 0.1635
vn -0.4548 0.8660 0.2077
vn -0.4330 0.8660 0.2500
vn -0.4073 0.8660 0.2900
vn -0.3779 0.8660 0.3274
vn -0.3450 0.8660 0.3619
vn -0.3091 0.8660 0.3930
vn -0.2703 0.8660 0.4206
vn -0.2291 0.8660 0.4444
vn -0.1858 0.8660 0.4642
vn -0.1409 0.8660 0.4797
vn -0.0946 0.8660 0.4910
vn 0.1409 0.8660 -0.4798
vn 0.1859 0.8660 -0.4642
vn 0.3968 0.5000 -0.7698
vn 0.5354 0.5000 -0.6807
vn 0.7055 0.5000 -0.5023
vn 0.7878 0.5000 -0.3597
vn 0.4949 0.8660 -0.0711
vn 0.8416 0.5000 0.2041
vn 0.7877 0.5000 0.3598
vn 0.5353 0.5000 0.6808
vn 0.3969 0.5000 0.7697
vn 0.3218 0.5000 0.8040
vn 0.1409 0.8660 0.4798
vn -0.1409 0.8660 0.4798
vn -0.1859 0.8660 0.4642
vn -0.3968 0.5000 0.7698
vn -0.5354 0.5000 0.6807
vn -0.7055 0.5000 0.5023
vn -0.7878 0.5000 0.3597
vn -0.4949 0.8660 0.0711
vn -0.8416 0.5000 -0.2041
vn -0.7877 0.5000 -0.3598
vn -0.5353 0.5000 -0.6808
vn -0.3969 0.5000 -0.7697
vn -0.3218 0.5000 -0.8040
vn -0.1409 0.8660 -0.4798
vt 2.389133 -0.228135
vt 2.400000 0.000000
vt 2.000000 0.000000
vt 2.389133 0.228135
vt 1.989044 0.209057
vt 2.356629 0.454203
vt 1.956295 0.415823
vt 2.302783 0.676158
vt 1.902113 0.618034
vt 2.228083 0.891990
vt 1.827091 0.813473
vt 2.133205 1.099744
vt 1.732051 1.000000
vt 2.019008 1.297538
vt 1.618034 1.175571
vt 1.886527 1.483582
vt 1.486290 1.338261
vt 1.736962 1.656190
vt 1.338261 1.486290
vt 1.571666 1.813799
vt 1.175571 1.618034
vt 1.392137 1.954982
vt 1.000000 1.732051
vt 1.200000 2.078461
vt 0.996996 2.183117
vt 0.813473 1.827091
vt 0.784963 2.268002
vt 0.618034 1.902113
vt 0.565821 2.332348
vt 0.415823 1.956295
vt 0.341556 2.375571
vt 0.209057 1.989044
vt 0.114197 2.397282
vt 0.000000 2.000000
vt -0.114197 2.397282
vt -0.209057 1.989044
vt -0.341556 2.375571
vt -0.415823 1.956295
vt -0.565821 2.332348
vt -0.618034 1.902113
vt -0.784963 2.268002
vt -0.813473 1.827091
vt -0.996996 2.183117
vt -1.000000 1.732051
vt -1.200000 2.078461
vt -1.392137 1.954982
vt -1.175571 1.618034
vt -1.571666 1.813799
vt -1.338261 1.486290
vt -1.736962 1.656190
vt -1.486290 1.338261
vt -1.886527 1.483582
vt -1.618034 1.175571
vt -2.019008 1.297538
vt -1.732051 1.000000
vt -2.133205 1.099744
vt -1.827091 0.813473
vt -2.228083 0.891990
vt -1.902113 0.618034
vt -2.302783 0.676158
vt -1.956295 0.415823
vt -2.356629 0.454203
vt -1.989044 0.209057
vt -2.389133 0.228135
vt -2.000000 0.000000
vt -2.400000 0.000000
vt -2.389133 -0.228135
vt -1.989044 -0.209057
vt -2.356629 -0.454203
vt -1.956295 -0.415823
vt -2.302783 -0.676158
vt -1.902113 -0.618034
vt -2.228083 -0.891990
vt -1.827091 -0.813473
vt -2.133205 -1.099744
vt -1.732051 -1.000000
vt -2.019008 -1.297538
vt -1.618034 -1.175571
vt -1.886527 -1.483582
vt -1.486290 -1.338261
vt -1.736962 -1.656190
vt -1.338261 -1.486290
vt -1.571666 -1.813799
vt -1.175571 -1.618034
vt -1.392137 -1.954982
vt -1.000000 -1.732051
vt -1.200000 -2.078461
vt -0.996996 -2.183117
vt -0.813473 -1.827091
vt -0.784963 -2.268002
vt -0.618034 -1.902113
vt -0.565821 -2.332348
vt -0.415823 -1.956295
vt -0.341556 -2.375571
vt -0.209057 -1.989044
vt -0.114197 -2.397282
vt -0.000000 -2.000000
vt 0.114197 -2.397282
vt 0.209057 -1.989044
vt 0.341556 -2.375571
vt 0.415823 -1.956295
vt 0.565821 -2.332348
vt 0.618034 -1.902113
vt 0.784963 -2.268002
vt 0.813473 -1.827091
vt 0.996996 -2.183117
vt 1.000000 -1.732051
vt 1.200000 -2.078461
vt 1.392137 -1.954982
vt 1.175571 -1.618034
vt 1.571666 -1.813799
vt 1.338261 -1.486290
vt 1.736962 -1.656190
vt 1.486290 -1.338261
vt 1.886527 -1.483582
vt 1.618034 -1.175571
vt 2.019008 -1.297538
vt 1.732051 -1.000000
vt 2.133205 -1.099744
vt 1.827091 -0.813473
vt 2.228083 -0.891990
vt 1.902113 -0.618034
vt 2.302783 -0.676158
vt 1.956295 -0.415823
vt 2.356629 -0.454203
vt 1.989044 -0.209057
vt 0.232887 2.438906
vt -0.000000 2.450000
vt -0.000000 1.000000
vt -0.232887 2.438906
vt -0.149042 0.988831
vt -0.463666 2.405725
vt -0.294755 0.955573
vt -0.690245 2.350758
vt -0.910573 2.274501
vt -0.433884 0.900969
vt -1.122655 2.177647
vt -0.563320 0.826239
vt -1.324570 2.061071
vt -1.514490 1.925830
vt -0.680173 0.733052
vt -1.690694 1.773148
vt -1.851586 1.604409
vt -0.781831 0.623490
vt -1.995711 1.421139
vt -0.866025 0.500000
vt -2.121762 1.225000
vt -2.228598 1.017767
vt -0.930874 0.365341
vt -2.315252 0.801317
vt -0.974928 0.222521
vt -2.380938 0.577609
vt -2.425063 0.348671
vt -0.997204 0.074730
vt -2.447225 0.116576
vt -2.447225 -0.116576
vt -0.997204 -0.074730
vt -2.425063 -0.348671
vt -0.974928 -0.222521
vt -2.380938 -0.577609
vt -2.315252 -0.801317
vt -0.930874 -0.365341
vt -2.228598 -1.017767
vt -0.866025 -0.500000
vt -2.121762 -1.225000
vt -1.995711 -1.421139
vt -0.781831 -0.623490
vt -1.851586 -1.604409
vt -0.680173 -0.733052
vt -1.690694 -1.773148
vt -1.514490 -1.925830
vt -0.563320 -0.826239
vt -1.324570 -2.061071
vt -1.122655 -2.177647
vt -0.433884 -0.900969
vt -0.910573 -2.274501
vt -0.294755 -0.955573
vt -0.690245 -2.350758
vt -0.463666 -2.405725
vt -0.149042 -0.988831
vt -0.232887 -2.438906
vt 0.000000 -1.000000
vt 0.000000 -2.450000
vt 0.232887 -2.438906
vt 0.149042 -0.988831
vt 0.463666 -2.405725
vt 0.294755 -0.955573
vt 0.690245 -2.350758
vt 0.910573 -2.274501
vt 1.122655 -2.177647
vt 1.324570 -2.061071
vt 1.514490 -1.925830
vt 1.690694 -1.773148
vt 1.851586 -1.604409
vt 1.995711 -1.421139
vt 2.121762 -1.225000
vt 0.433884 -0.900969
vt 0.563320 -0.826239
vt 0.680173 -0.733052
vt 0.781831 -0.623490
vt 0.866025 -0.500000
vt 2.228598 -1.017767
vt 0.930874 -0.365341
vt 2.315252 -0.801317
vt 0.974928 -0.222521
vt 2.380938 -0.577609
vt 2.425063 -0.348671
vt 0.997204 -0.074730
vt 2.447225 -0.116576
vt 0.997204 0.074730
vt 2.447225 0.116576
vt 2.425063 0.348671
vt 0.974928 0.222521
vt 2.380938 0.577609
vt 2.315252 0.801317
vt 0.930874 0.365341
vt 2.228598 1.017767
vt 0.866025 0.500000
vt 2.121762 1.225000
vt 1.995711 1.421139
vt 0.781831 0.623490
vt 1.851586 1.604409
vt 0.680173 0.733052
vt 1.690694 1.773148
vt 1.514490 1.925830
vt 0.563320 0.826239
vt 1.324570 2.061071
vt 1.122655 2.177647
vt 0.433884 0.900969
vt 0.910573 2.274501
vt 0.294755 0.955573
vt 0.690245 2.350758
vt 0.463666 2.405725
vt 0.149042 0.988831
vt -0.050000 -7.463663
vt -0.350000 -7.580282
vt -0.050000 -7.696902
vt -0.050000 7.696902
vt -0.350000 7.813522
vt -0.350000 7.580282
vt -0.050000 7.463663
vt -0.350000 7.347043
vt -0.050000 7.230423
vt -0.350000 7.113803
vt -0.050000 6.997184
vt -0.350000 6.880564
vt -0.050000 6.763944
vt -0.350000 6.647324
vt -0.050000 6.530705
vt -0.350000 6.414085
vt -0.050000 6.297465
vt -0.350000 6.180846
vt -0.050000 6.064226
vt -0.350000 5.947606
vt -0.050000 5.830986
vt -0.350000 5.714367
vt -0.050000 5.597747
vt -0.350000 5.481127
vt -0.050000 5.364507
vt -0.350000 5.247888
vt -0.050000 5.131268
vt -0.350000 5.014648
vt -0.050000 4.898029
vt -0.350000 4.781409
vt -0.050000 4.664789
vt -0.350000 4.548169
vt -0.050000 4.431550
vt -0.350000 4.314930
vt -0.050000 4.198310
vt -0.350000 4.081690
vt -0.050000 3.965071
vt -0.350000 3.848451
vt -0.050000 3.731831
vt -0.350000 3.615212
vt -0.050000 3.498592
vt -0.350000 3.381972
vt -0.050000 3.265352
vt -0.350000 3.148733
vt -0.050000 3.032113
vt -0.350000 2.915493
vt -0.050000 2.798873
vt -0.350000 2.682254
vt -0.050000 2.565634
vt -0.350000 2.449014
vt -0.050000 2.332395
vt -0.350000 2.215775
vt -0.050000 2.099155
vt -0.350000 1.982535
vt -0.050000 1.865916
vt -0.350000 1.749296
vt -0.050000 1.632676
vt -0.350000 1.516056
vt -0.050000 1.399437
vt -0.350000 1.282817
vt -0.050000 1.166197
vt -0.350000 1.049578
vt -0.050000 0.932958
vt -0.350000 0.816338
vt -0.050000 0.699718
vt -0.350000 0.583099
vt -0.050000 0.466479
vt -0.350000 0.349859
vt -0.050000 0.233239
vt -0.350000 0.116620
vt -0.050000 0.000000
vt -0.350000 -0.116620
vt -0.050000 -0.233239
vt -0.350000 -0.349859
vt -0.050000 -0.466479
vt -0.350000 -0.583099
vt -0.050000 -0.699718
vt -0.350000 -0.816338
vt -0.050000 -0.932958
vt -0.350000 -1.049578
vt -0.050000 -1.166197
vt -0.350000 -1.282817
vt -0.050000 -1.399437
vt -0.350000 -1.516056
vt -0.050000 -1.632676
vt -0.350000 -1.749296
vt -0.050000 -1.865916
vt -0.350000 -1.982535
vt -0.050000 -2.099155
vt -0.350000 -2.215775
vt -0.050000 -2.332395
vt -0.350000 -2.449014
vt -0.050000 -2.565634
vt -0.350000 -2.682254
vt -0.050000 -2.798873
vt -0.350000 -2.915493
vt -0.050000 -3.032113
vt -0.350000 -3.148733
vt -0.050000 -3.265352
vt -0.350000 -3.381972
vt -0.050000 -3.498592
vt -0.350000 -3.615212
vt -0.050000 -3.731831
vt -0.350000 -3.848451
vt -0.050000 -3.965071
vt -0.350000 -4.081690
vt -0.050000 -4.198310
vt -0.350000 -4.314930
vt -0.050000 -4.431550
vt -0.350000 -4.548169
vt -0.050000 -4.664789
vt -0.350000 -4.781409
vt -0.050000 -4.898029
vt -0.350000 -5.014648
vt -0.050000 -5.131268
vt -0.350000 -5.247888
vt -0.050000 -5.364507
vt -0.350000 -5.481127
vt -0.050000 -5.597747
vt -0.350000 -5.714367
vt -0.050000 -5.830986
vt -0.350000 -5.947606
vt -0.050000 -6.064226
vt -0.350000 -6.180846
vt -0.050000 -6.297465
vt -0.350000 -6.414085
vt -0.050000 -6.530705
vt -0.350000 -6.647324
vt -0.050000 -6.763944
vt -0.350000 -6.880564
vt -0.050000 -6.997184
vt -0.350000 -7.113803
vt -0.050000 -7.230423
vt -0.350000 -7.347043
vt 0.350000 1.720396
vt -0.850000 1.570796
vt 0.350000 1.570796
vt -0.850000 1.421197
vt 0.350000 1.421197
vt -0.850000 1.271597
vt 0.350000 1.271597
vt -0.850000 1.121997
vt 0.350000 1.121997
vt -0.850000 0.972398
vt 0.350000 0.972398
vt -0.850000 0.822798
vt 0.350000 0.822798
vt -0.850000 0.673198
vt 0.350000 0.673198
vt -0.850000 0.523599
vt 0.350000 0.523599
vt -0.850000 0.373999
vt 0.350000 0.373999
vt -0.850000 0.224399
vt 0.350000 0.224399
vt -0.850000 0.074800
vt 0.350000 0.074800
vt -0.850000 -0.074800
vt 0.350000 -0.074800
vt -0.850000 -0.224399
vt 0.350000 -0.224399
vt -0.850000 -0.373999
vt 0.350000 -0.373999
vt -0.850000 -0.523599
vt 0.350000 -0.523599
vt -0.850000 -0.673198
vt 0.350000 -0.673198
vt -0.850000 -0.822798
vt 0.350000 -0.822798
vt -0.850000 -0.972398
vt 0.350000 -0.972398
vt -0.850000 -1.121997
vt 0.350000 -1.121997
vt -0.850000 -1.271597
vt 0.350000 -1.271597
vt -0.850000 -1.421197
vt 0.350000 -1.421197
vt -0.850000 -1.570796
vt 0.350000 -1.570796
vt -0.850000 -1.720396
vt 0.350000 -1.720396
vt -0.850000 -1.869996
vt 0.350000 -1.869996
vt -0.850000 -2.019595
vt 0.350000 -2.019595
vt -0.850000 -2.169195
vt 0.350000 -2.169195
vt -0.850000 -2.318795
vt 0.350000 -2.318795
vt -0.850000 -2.468394
vt 0.350000 -2.468394
vt -0.850000 -2.617994
vt 0.350000 -2.617994
vt -0.850000 -2.767594
vt 0.350000 -2.767594
vt -0.850000 -2.917193
vt 0.350000 -2.917193
vt -0.850000 -3.066793
vt 0.350000 -3.066793
vt 0.350000 3.216392
vt -0.850000 3.216392
vt -0.850000 3.066793
vt 0.350000 3.066793
vt -0.850000 2.917193
vt 0.350000 2.917193
vt -0.850000 2.767594
vt 0.350000 2.767594
vt -0.850000 2.617994
vt 0.350000 2.617994
vt -0.850000 2.468394
vt 0.350000 2.468394
vt -0.850000 2.318795
vt 0.350000 2.318795
vt -0.850000 2.169195
vt 0.350000 2.169195
vt -0.850000 2.019595
vt 0.350000 2.019595
vt -0.850000 1.869996
vt 0.350000 1.869996
vt -0.850000 1.720396
vt 1.888862 0.205426
vt 1.537342 0.293999
vt 1.900000 0.000000
vt 1.476296 0.267222
vt 1.888862 -0.205426
vt 1.409862 0.261717
vt 1.345241 0.278081
vt 1.289435 0.314541
vt 1.248491 0.367146
vt 1.226847 0.430195
vt 1.226847 0.496856
vt 1.586386 0.339147
vt 1.855579 0.408444
vt 1.618113 0.397774
vt 1.629085 0.463525
vt 1.800541 0.606673
vt 1.618113 0.529277
vt 1.586386 0.587904
vt 1.724393 0.797789
vt 1.537342 0.633052
vt 1.476296 0.659829
vt 1.628029 0.979552
vt 1.409862 0.665334
vt 1.512577 1.149831
vt 1.345241 0.648970
vt 1.379391 1.306629
vt 1.289435 0.612510
vt 1.230034 1.448108
vt 1.066255 1.572609
vt 0.889976 1.678673
vt 0.703262 1.765056
vt 0.191528 1.434248
vt 0.202500 1.500000
vt 0.508304 1.830745
vt 0.191528 1.565752
vt 0.307386 1.874970
vt 0.159801 1.624378
vt 0.110757 1.669526
vt 0.102864 1.897213
vt 0.049711 1.696304
vt -0.016722 1.701808
vt -0.102864 1.897213
vt -0.081343 1.685444
vt -0.137150 1.648984
vt -0.307386 1.874970
vt -0.178093 1.596379
vt -0.508304 1.830745
vt -0.199738 1.533330
vt -0.703262 1.765056
vt -0.199738 1.466670
vt -0.178093 1.403621
vt -0.137150 1.351016
vt -0.081343 1.314556
vt -0.016722 1.298192
vt 0.049711 1.303696
vt 0.110757 1.330474
vt 0.159801 1.375622
vt -0.889976 1.678673
vt -1.066255 1.572609
vt -1.230034 1.448108
vt -1.379391 1.306629
vt -1.315828 0.633052
vt -1.512577 1.149831
vt -1.376874 0.659829
vt -1.628029 0.979552
vt -1.443307 0.665334
vt -1.507928 0.648970
vt -1.724393 0.797789
vt -1.563734 0.612510
vt -1.800541 0.606673
vt -1.604678 0.559905
vt -1.626323 0.496856
vt -1.855579 0.408444
vt -1.626323 0.430195
vt -1.604678 0.367146
vt -1.888862 0.205426
vt -1.563734 0.314541
vt -1.900000 0.000000
vt -1.507928 0.278081
vt -1.443307 0.261717
vt -1.888862 -0.205426
vt -1.855579 -0.408444
vt -1.800541 -0.606673
vt -1.724393 -0.797789
vt -1.628029 -0.979552
vt -1.018827 -1.064541
vt -1.059771 -1.117146
vt -1.512577 -1.149831
vt -1.081416 -1.180195
vt -1.379391 -1.306629
vt -1.081416 -1.246856
vt -1.230034 -1.448108
vt -1.059771 -1.309905
vt -1.018827 -1.362510
vt -1.066255 -1.572609
vt -0.963021 -1.398970
vt -0.898400 -1.415334
vt -0.889976 -1.678673
vt -0.831967 -1.409829
vt -0.703262 -1.765056
vt -0.770921 -1.383052
vt -0.721877 -1.337904
vt -0.508304 -1.830745
vt -0.690150 -1.279277
vt -0.307386 -1.874970
vt -0.102864 -1.897213
vt -0.000000 -1.000000
vt 0.102864 -1.897213
vt 0.307386 -1.874970
vt 0.703584 -1.309905
vt 0.508304 -1.830745
vt 0.744528 -1.362510
vt 0.703262 -1.765056
vt 0.800335 -1.398970
vt 0.889976 -1.678673
vt 0.864956 -1.415334
vt 0.931389 -1.409829
vt 1.066255 -1.572609
vt 0.992435 -1.383052
vt 1.041479 -1.337904
vt 1.230034 -1.448108
vt 1.073206 -1.279277
vt 1.379391 -1.306629
vt 1.084178 -1.213525
vt 1.073206 -1.147774
vt 1.512577 -1.149831
vt 1.041479 -1.089147
vt 1.628029 -0.979552
vt 0.992435 -1.043999
vt 0.931389 -1.017222
vt 0.864956 -1.011717
vt 0.800335 -1.028081
vt 0.744528 -1.064541
vt 0.703584 -1.117146
vt 0.681940 -1.180195
vt 0.681940 -1.246856
vt 1.724393 -0.797789
vt 1.800541 -0.606673
vt 1.855579 -0.408444
vt -1.235057 0.397774
vt -1.224085 0.463525
vt -1.235057 0.529277
vt -1.266784 0.587904
vt -1.266784 0.339147
vt -1.315828 0.293999
vt -1.376874 0.267222
vt -0.690150 -1.147774
vt -0.679178 -1.213525
vt -0.963021 -1.028081
vt -0.898400 -1.011717
vt -0.831967 -1.017222
vt -0.770921 -1.043999
vt -0.721877 -1.089147
vt 1.248491 0.559905
vt -0.050000 -5.918441
vt -0.800000 -5.918441
vt -0.050000 -6.126106
vt -0.800000 -6.126106
vt -0.050000 6.126106
vt -0.800000 6.126106
vt -0.050000 5.918441
vt -0.800000 5.918441
vt -0.050000 5.710776
vt -0.800000 5.710776
vt -0.050000 5.503112
vt -0.800000 5.503112
vt -0.050000 5.295447
vt -0.800000 5.295447
vt -0.050000 5.087783
vt -0.800000 5.087783
vt -0.050000 4.880118
vt -0.800000 4.880118
vt -0.050000 4.672453
vt -0.800000 4.672453
vt -0.050000 4.464789
vt -0.800000 4.464789
vt -0.050000 4.257124
vt -0.800000 4.257124
vt -0.050000 4.049460
vt -0.800000 4.049460
vt -0.050000 3.841795
vt -0.800000 3.841795
vt -0.050000 3.634130
vt -0.800000 3.634130
vt -0.050000 3.426466
vt -0.800000 3.426466
vt -0.050000 3.218801
vt -0.800000 3.218801
vt -0.050000 3.011137
vt -0.800000 3.011137
vt -0.050000 2.803472
vt -0.800000 2.803472
vt -0.050000 2.595807
vt -0.800000 2.595807
vt -0.050000 2.388143
vt -0.800000 2.388143
vt -0.050000 2.180478
vt -0.800000 2.180478
vt -0.050000 1.972814
vt -0.800000 1.972814
vt -0.050000 1.765149
vt -0.800000 1.765149
vt -0.050000 1.557484
vt -0.800000 1.557484
vt -0.050000 1.349820
vt -0.800000 1.349820
vt -0.050000 1.142155
vt -0.800000 1.142155
vt -0.050000 0.934491
vt -0.800000 0.934491
vt -0.050000 0.726826
vt -0.800000 0.726826
vt -0.050000 0.519161
vt -0.800000 0.519161
vt -0.050000 0.311497
vt -0.800000 0.311497
vt -0.050000 0.103832
vt -0.800000 0.103832
vt -0.050000 -0.103832
vt -0.800000 -0.103832
vt -0.050000 -0.311497
vt -0.800000 -0.311497
vt -0.050000 -0.519161
vt -0.800000 -0.519161
vt -0.050000 -0.726826
vt -0.800000 -0.726826
vt -0.050000 -0.934491
vt -0.800000 -0.934491
vt -0.050000 -1.142155
vt -0.800000 -1.142155
vt -0.050000 -1.349820
vt -0.800000 -1.349820
vt -0.050000 -1.557484
vt -0.800000 -1.557484
vt -0.050000 -1.765149
vt -0.800000 -1.765149
vt -0.050000 -1.972814
vt -0.800000 -1.972814
vt -0.050000 -2.180478
vt -0.800000 -2.180478
vt -0.050000 -2.388143
vt -0.800000 -2.388143
vt -0.050000 -2.595807
vt -0.800000 -2.595807
vt -0.050000 -2.803472
vt -0.800000 -2.803472
vt -0.050000 -3.011137
vt -0.800000 -3.011137
vt -0.050000 -3.218801
vt -0.800000 -3.218801
vt -0.050000 -3.426466
vt -0.800000 -3.426466
vt -0.050000 -3.634130
vt -0.800000 -3.634130
vt -0.050000 -3.841795
vt -0.800000 -3.841795
vt -0.050000 -4.049460
vt -0.800000 -4.049460
vt -0.050000 -4.257124
vt -0.800000 -4.257124
vt -0.050000 -4.464789
vt -0.800000 -4.464789
vt -0.050000 -4.672453
vt -0.800000 -4.672453
vt -0.050000 -4.880118
vt -0.800000 -4.880118
vt -0.050000 -5.087783
vt -0.800000 -5.087783
vt -0.050000 -5.295447
vt -0.800000 -5.295447
vt -0.050000 -5.503112
vt -0.800000 -5.503112
vt -0.050000 -5.710776
vt -0.800000 -5.710776
vt 0.000000 0.027720
vt -0.174995 0.013860
vt 0.000000 0.000000
vt 0.000000 0.083160
vt -0.174995 0.069300
vt -0.000000 0.055440
vt -0.000000 0.110880
vt -0.174995 0.097020
vt 0.000000 0.166320
vt -0.174995 0.152460
vt 0.000000 0.138600
vt -0.000000 0.221759
vt -0.174995 0.207900
vt 0.000000 0.194040
vt 0.000000 -0.194040
vt -0.174995 -0.207900
vt -0.000000 -0.221759
vt 0.000000 -0.138600
vt -0.174995 -0.152460
vt 0.000000 -0.166320
vt 0.000000 -0.083160
vt -0.174995 -0.097020
vt -0.000000 -0.110880
vt -0.000000 -0.055440
vt -0.174995 -0.069300
vt -0.174995 -0.013860
vt 0.000000 -0.027720
vt -0.174995 -0.235619
vt -0.000000 -0.249479
vt -0.174995 0.180180
vt -0.174995 0.124740
vt -0.174995 0.041580
vt -0.174995 -0.041580
vt -0.174995 -0.124740
vt -0.174995 -0.180180
vt -1.000000 -0.055440
vt -0.052500 0.000000
vt -1.000000 0.000000
vt -0.052500 0.055440
vt -1.000000 0.055440
vt -0.052500 0.110880
vt -1.000000 0.110880
vt -0.052500 0.166320
vt -1.000000 0.166320
vt -0.052500 0.221759
vt -1.000000 0.221759
vt -0.052500 0.277199
vt -1.000000 0.277199
vt -0.052500 0.332639
vt -1.000000 0.332639
vt -0.052500 0.388079
vt -1.000000 0.388079
vt -0.052500 0.443519
vt -1.000000 0.443519
vt -1.000000 -0.498959
vt -0.052500 -0.498959
vt -0.052500 -0.443519
vt -1.000000 -0.443519
vt -0.052500 -0.388079
vt -1.000000 -0.388079
vt -0.052500 -0.332639
vt -1.000000 -0.332639
vt -0.052500 -0.277199
vt -1.000000 -0.277199
vt -0.052500 -0.221759
vt -1.000000 -0.221759
vt -0.052500 -0.166320
vt -1.000000 -0.166320
vt -0.052500 -0.110880
vt -1.000000 -0.110880
vt -0.052500 -0.055440
vt -0.074246 -0.065142
vt 0.000000 -0.058285
vt -0.074246 0.000000
vt 0.000000 0.058285
vt -0.000000 -0.116570
vt -0.074246 -0.130284
vt -0.000000 -0.174854
vt -0.074246 -0.195426
vt -0.000000 -0.233139
vt -0.074246 -0.260567
vt -0.000000 -0.291424
vt -0.074246 -0.325709
vt 0.000000 -0.349709
vt -0.074246 -0.390851
vt 0.000000 -0.407994
vt -0.074246 -0.455993
vt 0.000000 -0.466278
vt -0.074246 -0.521135
vt 0.000000 -0.524563
vt 0.000000 0.582848
vt -0.074246 0.586277
vt -0.074246 0.521135
vt -0.000000 0.524563
vt 0.000000 0.466278
vt -0.074246 0.455993
vt -0.000000 0.407994
vt -0.074246 0.390851
vt 0.000000 0.349709
vt -0.074246 0.325709
vt -0.000000 0.291424
vt -0.074246 0.260567
vt -0.000000 0.233139
vt -0.074246 0.195426
vt 0.000000 0.174854
vt -0.074246 0.130284
vt -0.000000 0.116570
vt -0.074246 0.065142
vt -0.000000 0.000000
vt 0.000000 -0.110880
vt 0.000000 0.116570
vt -0.000000 0.206105
vt -0.026180 0.103053
vt -0.026180 -0.103053
vt -0.000000 -0.206105
vt -0.026180 -0.309158
vt -0.000000 -0.412210
vt -0.026180 -0.515263
vt -0.000000 -0.618315
vt -0.026180 -0.721368
vt -0.000000 -0.824420
vt -0.026180 -0.927473
vt -0.000000 -1.030525
vt -0.026180 -1.133578
vt -0.000000 -1.236630
vt -0.026180 -1.339683
vt -0.000000 -1.442735
vt -0.026180 -1.545788
vt -0.000000 -1.648840
vt -0.026180 -1.751893
vt -0.000000 -1.854945
vt -0.026180 -1.957998
vt -0.000000 -2.061050
vt -0.026180 -2.164103
vt -0.000000 -2.267155
vt -0.026180 -2.370208
vt -0.000000 -2.473260
vt -0.026180 -2.576313
vt -0.000000 -2.679365
vt -0.026180 -2.782418
vt -0.000000 -2.885470
vt -0.026180 -2.988523
vt -0.000000 -3.091575
vt -0.026180 -3.194628
vt -0.000000 -3.297680
vt -0.026180 -3.400733
vt -0.000000 -3.503785
vt -0.026180 -3.606838
vt -0.000000 -3.709890
vt -0.026180 -3.812943
vt -0.000000 -3.915995
vt -0.026180 -4.019048
vt -0.000000 -4.122100
vt -0.026180 -4.225153
vt -0.000000 -4.328205
vt -0.026180 -4.431258
vt -0.000000 -4.534310
vt -0.026180 -4.637363
vt -0.000000 -4.740415
vt -0.026180 -4.843468
vt -0.000000 -4.946520
vt -0.026180 -5.049573
vt -0.000000 -5.152626
vt -0.026180 -5.255678
vt -0.000000 -5.358731
vt -0.026180 -5.461783
vt -0.000000 -5.564836
vt -0.026180 -5.667888
vt -0.000000 -5.770941
vt -0.026180 -5.873993
vt -0.000000 -5.977046
vt -0.026180 -6.080098
vt 0.000000 -6.183151
vt -0.000000 5.977046
vt -0.026180 6.080098
vt -0.026180 5.873993
vt -0.000000 5.770941
vt -0.026180 5.667888
vt -0.000000 5.564836
vt -0.026180 5.461783
vt -0.000000 5.358731
vt -0.026180 5.255678
vt -0.000000 5.152626
vt -0.026180 5.049573
vt -0.000000 4.946520
vt -0.026180 4.843468
vt -0.000000 4.740415
vt -0.026180 4.637363
vt -0.000000 4.534310
vt -0.026180 4.431258
vt -0.000000 4.328205
vt -0.026180 4.225153
vt -0.000000 4.122100
vt -0.026180 4.019048
vt -0.000000 3.915995
vt -0.026180 3.812943
vt -0.000000 3.709890
vt -0.026180 3.606838
vt -0.000000 3.503785
vt -0.026180 3.400733
vt -0.000000 3.297680
vt -0.026180 3.194628
vt -0.000000 3.091575
vt -0.026180 2.988523
vt -0.000000 2.885470
vt -0.026180 2.782418
vt -0.000000 2.679365
vt -0.026180 2.576313
vt -0.000000 2.473260
vt -0.026180 2.370208
vt -0.000000 2.267155
vt -0.026180 2.164103
vt -0.000000 2.061050
vt -0.026180 1.957998
vt -0.000000 1.854945
vt -0.026180 1.751893
vt -0.000000 1.648840
vt -0.026180 1.545788
vt -0.000000 1.442735
vt -0.026180 1.339683
vt -0.000000 1.236630
vt -0.026180 1.133578
vt -0.000000 1.030525
vt -0.026180 0.927473
vt -0.000000 0.824420
vt -0.026180 0.721368
vt -0.000000 0.618315
vt -0.026180 0.515263
vt -0.000000 0.412210
vt -0.026180 0.309158
vt -0.078540 -0.209659
vt -0.052360 -0.103053
vt -0.078540 0.000000
vt -0.052360 0.103053
vt -0.078540 0.209659
vt -0.052360 0.309158
vt -0.078540 0.419317
vt -0.052360 0.515263
vt -0.078540 0.628976
vt -0.052360 0.721368
vt -0.078540 0.838634
vt -0.052360 0.927473
vt -0.078540 1.048293
vt -0.052360 1.133578
vt -0.078540 1.257951
vt -0.052360 1.339683
vt -0.078540 1.467610
vt -0.052360 1.545788
vt -0.078540 1.677268
vt -0.052360 1.751893
vt -0.078540 1.886927
vt -0.052360 1.957998
vt -0.078540 2.096586
vt -0.052360 2.164103
vt -0.078540 2.306244
vt -0.052360 2.370208
vt -0.078540 2.515903
vt -0.052360 2.576313
vt -0.078540 2.725561
vt -0.052360 2.782418
vt -0.078540 2.935220
vt -0.052360 2.988523
vt -0.078540 3.144878
vt -0.052360 3.194628
vt -0.078540 3.354537
vt -0.052360 3.400733
vt -0.078540 3.564195
vt -0.052360 3.606838
vt -0.078540 3.773854
vt -0.052360 3.812943
vt -0.078540 3.983513
vt -0.052360 4.019048
vt -0.078540 4.193171
vt -0.052360 4.225153
vt -0.078540 4.402830
vt -0.052360 4.431258
vt -0.078540 4.612488
vt -0.052360 4.637363
vt -0.078540 4.822147
vt -0.052360 4.843468
vt -0.078540 5.031805
vt -0.052360 5.049573
vt -0.078540 5.241464
vt -0.052360 5.255678
vt -0.078540 5.451122
vt -0.052360 5.461783
vt -0.078540 5.660781
vt -0.052360 5.667888
vt -0.078540 5.870440
vt -0.052360 5.873993
vt -0.078540 6.080098
vt -0.052360 6.080098
vt -0.078540 -6.080098
vt -0.052360 -6.080098
vt -0.052360 -5.873993
vt -0.052360 -0.309158
vt -0.078540 -0.419317
vt -0.052360 -0.515263
vt -0.078540 -0.628976
vt -0.052360 -0.721368
vt -0.078540 -0.838634
vt -0.052360 -0.927473
vt -0.078540 -1.048293
vt -0.052360 -1.133578
vt -0.078540 -1.257951
vt -0.052360 -1.339683
vt -0.078540 -1.467610
vt -0.052360 -1.545788
vt -0.078540 -1.677268
vt -0.052360 -1.751893
vt -0.078540 -1.886927
vt -0.052360 -1.957998
vt -0.078540 -2.096586
vt -0.052360 -2.164103
vt -0.078540 -2.306244
vt -0.052360 -2.370208
vt -0.078540 -2.515903
vt -0.052360 -2.576313
vt -0.078540 -2.725561
vt -0.052360 -2.782418
vt -0.078540 -2.935220
vt -0.052360 -2.988523
vt -0.078540 -3.144878
vt -0.052360 -3.194628
vt -0.078540 -3.354537
vt -0.052360 -3.400733
vt -0.078540 -3.564195
vt -0.052360 -3.606838
vt -0.078540 -3.773854
vt -0.052360 -3.812943
vt -0.078540 -3.983513
vt -0.052360 -4.019048
vt -0.078540 -4.193171
vt -0.052360 -4.225153
vt -0.078540 -4.402830
vt -0.052360 -4.431258
vt -0.078540 -4.612488
vt -0.052360 -4.637363
vt -0.078540 -4.822147
vt -0.052360 -4.843468
vt -0.078540 -5.031805
vt -0.052360 -5.049573
vt -0.078540 -5.241464
vt -0.052360 -5.255678
vt -0.078540 -5.451122
vt -0.052360 -5.461783
vt -0.078540 -5.660781
vt -0.052360 -5.667888
vt -0.078540 -5.870440
vt -0.157080 -0.209224
vt -0.130900 -0.101182
vt -0.157080 0.000000
vt -0.130900 0.101182
vt -0.157080 0.209224
vt -0.130900 0.303547
vt -0.157080 0.418448
vt -0.130900 0.505911
vt -0.157080 0.627673
vt -0.130900 0.708275
vt -0.157080 0.836897
vt -0.130900 0.910640
vt -0.157080 1.046121
vt -0.130900 1.113004
vt -0.157080 1.255345
vt -0.130900 1.315368
vt -0.157080 1.464569
vt -0.130900 1.517733
vt -0.157080 1.673793
vt -0.130900 1.720097
vt -0.157080 1.883018
vt -0.130900 1.922461
vt -0.157080 2.092242
vt -0.130900 2.124826
vt -0.157080 2.301466
vt -0.130900 2.327190
vt -0.157080 2.510690
vt -0.130900 2.529555
vt -0.157080 2.719914
vt -0.130900 2.731919
vt -0.157080 2.929138
vt -0.130900 2.934283
vt -0.157080 3.138363
vt -0.130900 3.137791
vt -0.130900 3.339012
vt -0.104720 3.339012
vt -0.130900 3.541376
vt -0.104720 3.541376
vt -0.130900 3.743741
vt -0.104720 3.743741
vt -0.130900 3.946105
vt -0.104720 3.946105
vt -0.130900 4.148470
vt -0.104720 4.148470
vt -0.130900 4.350834
vt -0.104720 4.350834
vt -0.130900 4.553198
vt -0.104720 4.553198
vt -0.130900 4.755563
vt -0.104720 4.755563
vt -0.130900 4.957927
vt -0.104720 4.957927
vt -0.130900 5.160291
vt -0.104720 5.160291
vt -0.130900 5.362656
vt -0.104720 5.362656
vt -0.130900 5.565020
vt -0.104720 5.565020
vt -0.130900 5.767384
vt -0.104720 5.767384
vt -0.130900 5.969749
vt -0.104720 5.969749
vt -0.130900 6.172113
vt -0.104720 6.172113
vt -0.130900 -6.172113
vt -0.104720 -6.172113
vt -0.130900 -5.969749
vt -0.104720 -5.969749
vt -0.130900 -5.767384
vt -0.104720 -5.767384
vt -0.130900 -5.565020
vt -0.104720 -5.565020
vt -0.130900 -5.362656
vt -0.104720 -5.362656
vt -0.130900 -5.160291
vt -0.104720 -5.160291
vt -0.130900 -4.957927
vt -0.104720 -4.957927
vt -0.130900 -4.755563
vt -0.104720 -4.755563
vt -0.130900 -4.553198
vt -0.104720 -4.553198
vt -0.130900 -4.350834
vt -0.104720 -4.350834
vt -0.130900 -4.148470
vt -0.104720 -4.148470
vt -0.130900 -3.946105
vt -0.104720 -3.946105
vt -0.130900 -3.743741
vt -0.104720 -3.743741
vt -0.130900 -3.541376
vt -0.104720 -3.541376
vt -0.130900 -3.339012
vt -0.104720 -3.339012
vt -0.130900 -3.137791
vt -0.104720 -3.137219
vt -0.130900 -2.934283
vt -0.104720 -2.934283
vt -0.130900 -2.731919
vt -0.104720 -2.731919
vt -0.130900 -2.529555
vt -0.104720 -2.529555
vt -0.130900 -2.327190
vt -0.104720 -2.327190
vt -0.130900 -2.124826
vt -0.104720 -2.124826
vt -0.130900 -1.922461
vt -0.104720 -1.922461
vt -0.130900 -1.720097
vt -0.104720 -1.720097
vt -0.130900 -1.517733
vt -0.104720 -1.517733
vt -0.130900 -1.315368
vt -0.104720 -1.315368
vt -0.130900 -1.113004
vt -0.104720 -1.113004
vt -0.130900 -0.910640
vt -0.104720 -0.910640
vt -0.130900 -0.708275
vt -0.104720 -0.708275
vt -0.130900 -0.505911
vt -0.104720 -0.505911
vt -0.130900 -0.303547
vt -0.104720 -0.303547
vt -0.104720 -0.101182
vt -0.104720 0.101182
vt -0.104720 0.303547
vt -0.104720 0.505911
vt -0.104720 0.708275
vt -0.104720 0.910640
vt -0.104720 1.113004
vt -0.104720 1.315368
vt -0.104720 1.517733
vt -0.104720 1.720097
vt -0.104720 1.922461
vt -0.104720 2.124826
vt -0.104720 2.327190
vt -0.104720 2.529555
vt -0.104720 2.731919
vt -0.104720 2.934283
vt -0.104720 3.137219
vt -0.078540 3.086057
vt -0.078540 3.291794
vt -0.157080 -0.418448
vt -0.157080 -0.627673
vt -0.157080 -0.836897
vt -0.157080 -1.046121
vt -0.157080 -1.255345
vt -0.157080 -1.464569
vt -0.157080 -1.673793
vt -0.157080 -1.883018
vt -0.157080 -2.092242
vt -0.157080 -2.301466
vt -0.157080 -2.510690
vt -0.157080 -2.719914
vt -0.157080 -2.929138
vt -0.157080 -3.138363
vt -0.157080 -3.347587
vt -0.157080 -3.556811
vt -0.157080 -3.766035
vt -0.157080 -3.975259
vt -0.157080 -4.184484
vt -0.157080 -4.393708
vt -0.157080 -4.602932
vt -0.157080 -4.812156
vt -0.157080 -5.021380
vt -0.157080 -5.230604
vt -0.157080 -5.439829
vt -0.157080 -5.649053
vt -0.157080 -5.858277
vt -0.157080 -6.067501
vt -0.157080 6.276725
vt -0.157080 6.067501
vt -0.157080 5.858277
vt -0.157080 5.649053
vt -0.157080 5.439829
vt -0.157080 5.230604
vt -0.157080 5.021380
vt -0.157080 4.812156
vt -0.157080 4.602932
vt -0.157080 4.393708
vt -0.157080 4.184484
vt -0.157080 3.975259
vt -0.157080 3.766035
vt -0.157080 3.556811
vt -0.157080 3.347587
vt -0.078540 0.205737
vt -0.078540 -0.205737
vt -0.078540 -0.411474
vt -0.078540 -0.617211
vt -0.078540 -0.822948
vt -0.078540 -1.028686
vt -0.078540 -1.234423
vt -0.078540 -1.440160
vt -0.078540 -1.645897
vt -0.078540 -1.851634
vt -0.078540 -2.057371
vt -0.078540 -2.263108
vt -0.078540 -2.468845
vt -0.078540 -2.674582
vt -0.078540 -2.880320
vt -0.078540 -3.086057
vt -0.078540 -3.291794
vt -0.078540 -3.497531
vt -0.078540 -3.703268
vt -0.078540 -3.909005
vt -0.078540 -4.114742
vt -0.078540 -4.320479
vt -0.078540 -4.526216
vt -0.078540 -4.731953
vt -0.078540 -4.937691
vt -0.078540 -5.143428
vt -0.078540 -5.349165
vt -0.078540 -5.554902
vt -0.078540 -5.760639
vt -0.078540 -5.966376
vt -0.078540 -6.172113
vt -0.078540 6.172113
vt -0.078540 0.411474
vt -0.078540 0.617211
vt -0.078540 0.822948
vt -0.078540 1.028686
vt -0.078540 1.234423
vt -0.078540 1.440160
vt -0.078540 1.645897
vt -0.078540 1.851634
vt -0.078540 2.057371
vt -0.078540 2.263108
vt -0.078540 2.468845
vt -0.078540 2.674582
vt -0.078540 2.880320
vt -0.078540 3.497531
vt -0.078540 3.703268
vt -0.078540 3.909005
vt -0.078540 4.114742
vt -0.078540 4.320479
vt -0.078540 4.526216
vt -0.078540 4.731953
vt -0.078540 4.937691
vt -0.078540 5.143428
vt -0.078540 5.349165
vt -0.078540 5.554902
vt -0.078540 5.760639
vt -0.078540 5.966376
vt -0.000000 0.231845
vt -0.026180 0.231845
vt -0.026180 0.000000
vt -0.000000 -0.231845
vt -0.026180 -0.231845
vt -0.000000 -0.463691
vt -0.026180 -0.463691
vt -0.000000 -0.695536
vt -0.026180 -0.695536
vt -0.000000 -0.927381
vt -0.026180 -0.927381
vt -0.000000 -1.159226
vt -0.026180 -1.159226
vt -0.000000 -1.391072
vt -0.026180 -1.391072
vt -0.000000 -1.622917
vt -0.026180 -1.622917
vt -0.000000 -1.854762
vt -0.026180 -1.854762
vt -0.000000 -2.086608
vt -0.026180 -2.086608
vt -0.000000 -2.318453
vt -0.026180 -2.318453
vt -0.000000 -2.550298
vt -0.026180 -2.550298
vt -0.000000 -2.782143
vt -0.026180 -2.782143
vt -0.000000 -3.013989
vt -0.026180 -3.013989
vt -0.000000 -3.245834
vt -0.026180 -3.245834
vt -0.000000 -3.477679
vt -0.026180 -3.477679
vt -0.000000 -3.709525
vt -0.026180 -3.709525
vt -0.000000 -3.941370
vt -0.026180 -3.941370
vt -0.000000 -4.173215
vt -0.026180 -4.173215
vt -0.000000 -4.405060
vt -0.026180 -4.405060
vt -0.000000 -4.636906
vt -0.026180 -4.636906
vt -0.000000 -4.868751
vt -0.026180 -4.868751
vt -0.000000 -5.100596
vt -0.026180 -5.100596
vt -0.000000 -5.332442
vt -0.026180 -5.332442
vt -0.000000 -5.564287
vt -0.026180 -5.564287
vt -0.000000 -5.796132
vt -0.026180 -5.796132
vt -0.000000 -6.027977
vt -0.026180 -6.027977
vt -0.000000 -6.259823
vt -0.026180 -6.259823
vt -0.000000 -6.491668
vt -0.026180 -6.491668
vt -0.000000 -6.723513
vt -0.026180 -6.723513
vt -0.000000 -6.955359
vt -0.026180 -6.955359
vt -0.000000 -7.187204
vt -0.026180 -7.187204
vt -0.000000 -7.419049
vt -0.026180 -7.419049
vt -0.000000 -7.650894
vt -0.026180 -7.650894
vt -0.000000 7.650894
vt -0.026180 7.650894
vt -0.000000 7.419049
vt -0.026180 7.419049
vt -0.000000 7.187204
vt -0.026180 7.187204
vt -0.000000 6.955359
vt -0.026180 6.955359
vt -0.000000 6.723513
vt -0.026180 6.723513
vt -0.000000 6.491668
vt -0.026180 6.491668
vt -0.000000 6.259823
vt -0.026180 6.259823
vt -0.000000 6.027977
vt -0.026180 6.027977
vt -0.000000 5.796132
vt -0.026180 5.796132
vt -0.000000 5.564287
vt -0.026180 5.564287
vt -0.000000 5.332442
vt -0.026180 5.332442
vt -0.000000 5.100596
vt -0.026180 5.100596
vt -0.000000 4.868751
vt -0.026180 4.868751
vt -0.000000 4.636906
vt -0.026180 4.636906
vt -0.000000 4.405060
vt -0.026180 4.405060
vt -0.000000 4.173215
vt -0.026180 4.173215
vt -0.000000 3.941370
vt -0.026180 3.941370
vt -0.000000 3.709525
vt -0.026180 3.709525
vt -0.000000 3.477679
vt -0.026180 3.477679
vt -0.000000 3.245834
vt -0.026180 3.245834
vt -0.000000 3.013989
vt -0.026180 3.013989
vt -0.000000 2.782143
vt -0.026180 2.782143
vt -0.000000 2.550298
vt -0.026180 2.550298
vt -0.000000 2.318453
vt -0.026180 2.318453
vt -0.000000 2.086608
vt -0.026180 2.086608
vt -0.000000 1.854762
vt -0.026180 1.854762
vt -0.000000 1.622917
vt -0.026180 1.622917
vt -0.000000 1.391072
vt -0.026180 1.391072
vt -0.000000 1.159226
vt -0.026180 1.159226
vt -0.000000 0.927381
vt -0.026180 0.927381
vt -0.000000 0.695536
vt -0.026180 0.695536
vt -0.000000 0.463691
vt -0.026180 0.463691
vt -0.078540 -0.231845
vt -0.052360 -0.231845
vt -0.052360 0.000000
vt -0.078540 0.231845
vt -0.052360 0.231845
vt -0.078540 0.463691
vt -0.052360 0.463691
vt -0.078540 0.695536
vt -0.052360 0.695536
vt -0.078540 0.927381
vt -0.052360 0.927381
vt -0.078540 1.159226
vt -0.052360 1.159226
vt -0.078540 1.391072
vt -0.052360 1.391072
vt -0.078540 1.622917
vt -0.052360 1.622917
vt -0.078540 1.854762
vt -0.052360 1.854762
vt -0.078540 2.086608
vt -0.052360 2.086608
vt -0.078540 2.318453
vt -0.052360 2.318453
vt -0.078540 2.550298
vt -0.052360 2.550298
vt -0.078540 2.782143
vt -0.052360 2.782143
vt -0.078540 3.013989
vt -0.052360 3.013989
vt -0.078540 3.245834
vt -0.052360 3.245834
vt -0.078540 3.477679
vt -0.052360 3.477679
vt -0.078540 3.709525
vt -0.052360 3.709525
vt -0.078540 3.941370
vt -0.052360 3.941370
vt -0.078540 4.173215
vt -0.052360 4.173215
vt -0.078540 4.405060
vt -0.052360 4.405060
vt -0.078540 4.636906
vt -0.052360 4.636906
vt -0.078540 4.868751
vt -0.052360 4.868751
vt -0.078540 5.100596
vt -0.052360 5.100596
vt -0.078540 5.332442
vt -0.052360 5.332442
vt -0.078540 5.564287
vt -0.052360 5.564287
vt -0.078540 5.796132
vt -0.052360 5.796132
vt -0.078540 6.027977
vt -0.052360 6.027977
vt -0.078540 6.259823
vt -0.052360 6.259823
vt -0.078540 6.491668
vt -0.052360 6.491668
vt -0.078540 6.723513
vt -0.052360 6.723513
vt -0.078540 6.955359
vt -0.052360 6.955359
vt -0.078540 7.187204
vt -0.052360 7.187204
vt -0.078540 7.419049
vt -0.052360 7.419049
vt -0.078540 7.650894
vt -0.052360 7.650894
vt -0.078540 -7.650894
vt -0.052360 -7.650894
vt -0.078540 -7.419049
vt -0.052360 -7.419049
vt -0.078540 -7.187204
vt -0.052360 -7.187204
vt -0.078540 -6.955359
vt -0.052360 -6.955359
vt -0.078540 -6.723513
vt -0.052360 -6.723513
vt -0.078540 -6.491668
vt -0.052360 -6.491668
vt -0.078540 -6.259823
vt -0.052360 -6.259823
vt -0.078540 -6.027977
vt -0.052360 -6.027977
vt -0.078540 -5.796132
vt -0.052360 -5.796132
vt -0.078540 -5.564287
vt -0.052360 -5.564287
vt -0.078540 -5.332442
vt -0.052360 -5.332442
vt -0.078540 -5.100596
vt -0.052360 -5.100596
vt -0.078540 -4.868751
vt -0.052360 -4.868751
vt -0.078540 -4.636906
vt -0.052360 -4.636906
vt -0.078540 -4.405060
vt -0.052360 -4.405060
vt -0.078540 -4.173215
vt -0.052360 -4.173215
vt -0.078540 -3.941370
vt -0.052360 -3.941370
vt -0.078540 -3.709525
vt -0.052360 -3.709525
vt -0.078540 -3.477679
vt -0.052360 -3.477679
vt -0.078540 -3.245834
vt -0.052360 -3.245834
vt -0.078540 -3.013989
vt -0.052360 -3.013989
vt -0.078540 -2.782143
vt -0.052360 -2.782143
vt -0.078540 -2.550298
vt -0.052360 -2.550298
vt -0.078540 -2.318453
vt -0.052360 -2.318453
vt -0.078540 -2.086608
vt -0.052360 -2.086608
vt -0.078540 -1.854762
vt -0.052360 -1.854762
vt -0.078540 -1.622917
vt -0.052360 -1.622917
vt -0.078540 -1.391072
vt -0.052360 -1.391072
vt -0.078540 -1.159226
vt -0.052360 -1.159226
vt -0.078540 -0.927381
vt -0.052360 -0.927381
vt -0.078540 -0.695536
vt -0.052360 -0.695536
vt -0.078540 -0.463691
vt -0.052360 -0.463691
s 0
usemtl Steel_-_Satin
f 66/1/1 1/2/1 67/3/1
f 67/3/1 1/2/1 2/4/1
f 67/3/1 2/4/1 126/5/1
f 126/5/1 2/4/1 3/6/1
f 126/5/1 3/6/1 125/7/1
f 125/7/1 3/6/1 4/8/1
f 125/7/1 4/8/1 124/9/1
f 124/9/1 4/8/1 5/10/1
f 124/9/1 5/10/1 123/11/1
f 123/11/1 5/10/1 6/12/1
f 123/11/1 6/12/1 122/13/1
f 122/13/1 6/12/1 7/14/1
f 122/13/1 7/14/1 121/15/1
f 121/15/1 7/14/1 8/16/1
f 121/15/1 8/16/1 120/17/1
f 120/17/1 8/16/1 9/18/1
f 120/17/1 9/18/1 119/19/1
f 119/19/1 9/18/1 10/20/1
f 119/19/1 10/20/1 118/21/1
f 118/21/1 10/20/1 11/22/1
f 118/21/1 11/22/1 117/23/1
f 117/23/1 11/22/1 12/24/1
f 117/23/1 12/24/1 13/25/1
f 117/23/1 13/25/1 116/26/1
f 116/26/1 13/25/1 14/27/1
f 116/26/1 14/27/1 115/28/1
f 115/28/1 14/27/1 15/29/1
f 115/28/1 15/29/1 114/30/1
f 114/30/1 15/29/1 16/31/1
f 114/30/1 16/31/1 113/32/1
f 113/32/1 16/31/1 17/33/1
f 113/32/1 17/33/1 112/34/1
f 112/34/1 17/33/1 18/35/1
f 112/34/1 18/35/1 111/36/1
f 111/36/1 18/35/1 19/37/1
f 111/36/1 19/37/1 110/38/1
f 110/38/1 19/37/1 20/39/1
f 110/38/1 20/39/1 109/40/1
f 109/40/1 20/39/1 21/41/1
f 109/40/1 21/41/1 108/42/1
f 108/42/1 21/41/1 22/43/1
f 108/42/1 22/43/1 107/44/1
f 107/44/1 22/43/1 23/45/1
f 107/44/1 23/45/1 24/46/1
f 107/44/1 24/46/1 106/47/1
f 106/47/1 24/46/1 25/48/1
f 106/47/1 25/48/1 105/49/1
f 105/49/1 25/48/1 26/50/1
f 105/49/1 26/50/1 104/51/1
f 104/51/1 26/50/1 27/52/1
f 104/51/1 27/52/1 103/53/1
f 103/53/1 27/52/1 28/54/1
f 103/53/1 28/54/1 102/55/1
f 102/55/1 28/54/1 29/56/1
f 102/55/1 29/56/1 101/57/1
f 101/57/1 29/56/1 30/58/1
f 101/57/1 30/58/1 100/59/1
f 100/59/1 30/58/1 31/60/1
f 100/59/1 31/60/1 99/61/1
f 99/61/1 31/60/1 32/62/1
f 99/61/1 32/62/1 98/63/1
f 98/63/1 32/62/1 33/64/1
f 98/63/1 33/64/1 97/65/1
f 97/65/1 33/64/1 34/66/1
f 97/65/1 34/66/1 35/67/1
f 97/65/1 35/67/1 96/68/1
f 96/68/1 35/67/1 36/69/1
f 96/68/1 36/69/1 95/70/1
f 95/70/1 36/69/1 37/71/1
f 95/70/1 37/71/1 94/72/1
f 94/72/1 37/71/1 38/73/1
f 94/72/1 38/73/1 93/74/1
f 93/74/1 38/73/1 39/75/1
f 93/74/1 39/75/1 92/76/1
f 92/76/1 39/75/1 40/77/1
f 92/76/1 40/77/1 91/78/1
f 91/78/1 40/77/1 41/79/1
f 91/78/1 41/79/1 90/80/1
f 90/80/1 41/79/1 42/81/1
f 90/80/1 42/81/1 89/82/1
f 89/82/1 42/81/1 43/83/1
f 89/82/1 43/83/1 88/84/1
f 88/84/1 43/83/1 44/85/1
f 88/84/1 44/85/1 87/86/1
f 87/86/1 44/85/1 45/87/1
f 87/86/1 45/87/1 46/88/1
f 87/86/1 46/88/1 86/89/1
f 86/89/1 46/88/1 47/90/1
f 86/89/1 47/90/1 85/91/1
f 85/91/1 47/90/1 48/92/1
f 85/91/1 48/92/1 84/93/1
f 84/93/1 48/92/1 49/94/1
f 84/93/1 49/94/1 83/95/1
f 83/95/1 49/94/1 50/96/1
f 83/95/1 50/96/1 82/97/1
f 82/97/1 50/96/1 51/98/1
f 82/97/1 51/98/1 81/99/1
f 81/99/1 51/98/1 52/100/1
f 81/99/1 52/100/1 80/101/1
f 80/101/1 52/100/1 53/102/1
f 80/101/1 53/102/1 79/103/1
f 79/103/1 53/102/1 54/104/1
f 79/103/1 54/104/1 78/105/1
f 78/105/1 54/104/1 55/106/1
f 78/105/1 55/106/1 77/107/1
f 77/107/1 55/106/1 56/108/1
f 77/107/1 56/108/1 57/109/1
f 77/107/1 57/109/1 76/110/1
f 76/110/1 57/109/1 58/111/1
f 76/110/1 58/111/1 75/112/1
f 75/112/1 58/111/1 59/113/1
f 75/112/1 59/113/1 74/114/1
f 74/114/1 59/113/1 60/115/1
f 74/114/1 60/115/1 73/116/1
f 73/116/1 60/115/1 61/117/1
f 73/116/1 61/117/1 72/118/1
f 72/118/1 61/117/1 62/119/1
f 72/118/1 62/119/1 71/120/1
f 71/120/1 62/119/1 63/121/1
f 71/120/1 63/121/1 70/122/1
f 70/122/1 63/121/1 64/123/1
f 70/122/1 64/123/1 69/124/1
f 69/124/1 64/123/1 65/125/1
f 69/124/1 65/125/1 68/126/1
f 68/126/1 65/125/1 66/1/1
f 68/126/1 66/1/1 67/3/1
f 192/127/2 127/128/2 193/129/2
f 193/129/2 127/128/2 128/130/2
f 193/129/2 128/130/2 234/131/2
f 234/131/2 128/130/2 129/132/2
f 234/131/2 129/132/2 233/133/2
f 233/133/2 129/132/2 130/134/2
f 233/133/2 130/134/2 131/135/2
f 233/133/2 131/135/2 232/136/2
f 232/136/2 131/135/2 132/137/2
f 232/136/2 132/137/2 231/138/2
f 231/138/2 132/137/2 133/139/2
f 231/138/2 133/139/2 134/140/2
f 231/138/2 134/140/2 230/141/2
f 230/141/2 134/140/2 135/142/2
f 230/141/2 135/142/2 136/143/2
f 230/141/2 136/143/2 229/144/2
f 229/144/2 136/143/2 137/145/2
f 229/144/2 137/145/2 228/146/2
f 228/146/2 137/145/2 138/147/2
f 228/146/2 138/147/2 139/148/2
f 228/146/2 139/148/2 227/149/2
f 227/149/2 139/148/2 140/150/2
f 227/149/2 140/150/2 226/151/2
f 226/151/2 140/150/2 141/152/2
f 226/151/2 141/152/2 142/153/2
f 226/151/2 142/153/2 225/154/2
f 225/154/2 142/153/2 143/155/2
f 225/154/2 143/155/2 144/156/2
f 225/154/2 144/156/2 224/157/2
f 224/157/2 144/156/2 145/158/2
f 224/157/2 145/158/2 223/159/2
f 223/159/2 145/158/2 146/160/2
f 223/159/2 146/160/2 147/161/2
f 223/159/2 147/161/2 222/162/2
f 222/162/2 147/161/2 148/163/2
f 222/162/2 148/163/2 221/164/2
f 221/164/2 148/163/2 149/165/2
f 221/164/2 149/165/2 150/166/2
f 221/164/2 150/166/2 220/167/2
f 220/167/2 150/166/2 151/168/2
f 220/167/2 151/168/2 219/169/2
f 219/169/2 151/168/2 152/170/2
f 219/169/2 152/170/2 153/171/2
f 219/169/2 153/171/2 218/172/2
f 218/172/2 153/171/2 154/173/2
f 218/172/2 154/173/2 155/174/2
f 218/172/2 155/174/2 217/175/2
f 217/175/2 155/174/2 156/176/2
f 217/175/2 156/176/2 216/177/2
f 216/177/2 156/176/2 157/178/2
f 216/177/2 157/178/2 158/179/2
f 216/177/2 158/179/2 215/180/2
f 215/180/2 158/179/2 159/181/2
f 215/180/2 159/181/2 214/182/2
f 214/182/2 159/181/2 160/183/2
f 214/182/2 160/183/2 161/184/2
f 214/182/2 161/184/2 213/185/2
f 213/185/2 161/184/2 162/186/2
f 213/185/2 162/186/2 212/187/2
f 212/187/2 162/186/2 163/188/2
f 212/187/2 163/188/2 164/189/2
f 164/189/2 165/190/2 212/187/2
f 212/187/2 165/190/2 166/191/2
f 212/187/2 166/191/2 167/192/2
f 167/192/2 168/193/2 212/187/2
f 212/187/2 168/193/2 169/194/2
f 212/187/2 169/194/2 170/195/2
f 170/195/2 171/196/2 212/187/2
f 212/187/2 171/196/2 211/197/2
f 211/197/2 171/196/2 210/198/2
f 210/198/2 171/196/2 209/199/2
f 209/199/2 171/196/2 208/200/2
f 208/200/2 171/196/2 207/201/2
f 207/201/2 171/196/2 172/202/2
f 207/201/2 172/202/2 206/203/2
f 206/203/2 172/202/2 173/204/2
f 206/203/2 173/204/2 205/205/2
f 205/205/2 173/204/2 174/206/2
f 205/205/2 174/206/2 175/207/2
f 205/205/2 175/207/2 204/208/2
f 204/208/2 175/207/2 176/209/2
f 204/208/2 176/209/2 203/210/2
f 203/210/2 176/209/2 177/211/2
f 203/210/2 177/211/2 178/212/2
f 203/210/2 178/212/2 202/213/2
f 202/213/2 178/212/2 179/214/2
f 202/213/2 179/214/2 180/215/2
f 202/213/2 180/215/2 201/216/2
f 201/216/2 180/215/2 181/217/2
f 201/216/2 181/217/2 200/218/2
f 200/218/2 181/217/2 182/219/2
f 200/218/2 182/219/2 183/220/2
f 200/218/2 183/220/2 199/221/2
f 199/221/2 183/220/2 184/222/2
f 199/221/2 184/222/2 198/223/2
f 198/223/2 184/222/2 185/224/2
f 198/223/2 185/224/2 186/225/2
f 198/223/2 186/225/2 197/226/2
f 197/226/2 186/225/2 187/227/2
f 197/226/2 187/227/2 188/228/2
f 197/226/2 188/228/2 196/229/2
f 196/229/2 188/228/2 189/230/2
f 196/229/2 189/230/2 195/231/2
f 195/231/2 189/230/2 190/232/2
f 195/231/2 190/232/2 191/233/2
f 195/231/2 191/233/2 194/234/2
f 194/234/2 191/233/2 192/127/2
f 194/234/2 192/127/2 193/129/2
f 236/235/3 144/236/4 235/237/5
f 235/238/5 144/239/4 143/240/6
f 235/238/5 143/240/6 300/241/7
f 300/241/7 143/240/6 142/242/8
f 300/241/7 142/242/8 299/243/9
f 299/243/9 142/242/8 141/244/10
f 299/243/11 141/244/10 298/245/12
f 298/245/13 141/244/14 140/246/15
f 298/245/13 140/246/15 297/247/16
f 297/247/17 140/246/18 139/248/19
f 297/247/17 139/248/19 296/249/20
f 296/249/20 139/248/19 138/250/21
f 296/249/20 138/250/21 295/251/22
f 295/251/22 138/250/21 137/252/23
f 295/251/24 137/252/23 294/253/25
f 294/253/26 137/252/23 136/254/27
f 294/253/25 136/254/28 293/255/29
f 293/255/29 136/254/27 135/256/30
f 293/255/29 135/256/30 292/257/31
f 292/257/32 135/256/30 134/258/33
f 292/257/31 134/258/34 291/259/35
f 291/259/35 134/258/33 133/260/36
f 291/259/37 133/260/38 290/261/39
f 290/261/39 133/260/38 132/262/40
f 290/261/39 132/262/40 289/263/41
f 289/263/41 132/262/40 131/264/42
f 289/263/41 131/264/43 288/265/44
f 288/265/44 131/264/42 130/266/45
f 288/265/44 130/266/45 287/267/46
f 287/267/47 130/266/45 129/268/48
f 287/267/47 129/268/49 286/269/50
f 286/269/50 129/268/49 128/270/51
f 286/269/50 128/270/51 285/271/52
f 285/271/52 128/270/51 127/272/53
f 285/271/52 127/272/53 284/273/54
f 284/273/54 127/272/53 192/274/55
f 284/273/54 192/274/55 283/275/56
f 283/275/56 192/274/55 191/276/57
f 283/275/56 191/276/57 282/277/58
f 282/277/58 191/276/59 190/278/60
f 282/277/61 190/278/60 281/279/62
f 281/279/62 190/278/60 189/280/63
f 281/279/62 189/280/64 280/281/65
f 280/281/65 189/280/63 188/282/66
f 280/281/65 188/282/66 279/283/67
f 279/283/67 188/282/66 187/284/68
f 279/283/67 187/284/68 278/285/69
f 278/285/70 187/284/71 186/286/72
f 278/285/70 186/286/73 277/287/74
f 277/287/75 186/286/72 185/288/76
f 277/287/74 185/288/76 276/289/77
f 276/289/77 185/288/76 184/290/78
f 276/289/77 184/290/79 275/291/80
f 275/291/81 184/290/78 183/292/82
f 275/291/80 183/292/82 274/293/83
f 274/293/84 183/292/82 182/294/85
f 274/293/84 182/294/85 273/295/86
f 273/295/86 182/294/85 181/296/87
f 273/295/86 181/296/87 272/297/88
f 272/297/88 181/296/87 180/298/89
f 272/297/90 180/298/91 271/299/92
f 271/299/92 180/298/91 179/300/93
f 271/299/94 179/300/95 270/301/96
f 270/301/97 179/300/95 178/302/98
f 270/301/97 178/302/98 269/303/99
f 269/303/99 178/302/98 177/304/100
f 269/303/99 177/304/100 268/305/101
f 268/305/101 177/304/100 176/306/102
f 268/305/101 176/306/102 267/307/103
f 267/307/103 176/306/102 175/308/104
f 267/307/103 175/308/104 266/309/105
f 266/309/105 175/308/104 174/310/106
f 266/309/107 174/310/106 265/311/108
f 265/311/109 174/310/110 173/312/111
f 265/311/109 173/312/111 264/313/112
f 264/313/113 173/312/114 172/314/115
f 264/313/113 172/314/115 263/315/116
f 263/315/116 172/314/115 171/316/117
f 263/315/116 171/316/117 262/317/118
f 262/317/118 171/316/117 170/318/119
f 262/317/120 170/318/119 261/319/121
f 261/319/122 170/318/119 169/320/123
f 261/319/121 169/320/124 260/321/125
f 260/321/125 169/320/123 168/322/126
f 260/321/125 168/322/126 259/323/127
f 259/323/128 168/322/126 167/324/129
f 259/323/127 167/324/130 258/325/131
f 258/325/131 167/324/129 166/326/132
f 258/325/133 166/326/134 257/327/135
f 257/327/135 166/326/134 165/328/136
f 257/327/135 165/328/136 256/329/137
f 256/329/137 165/328/136 164/330/138
f 256/329/137 164/330/139 255/331/140
f 255/331/140 164/330/138 163/332/141
f 255/331/140 163/332/141 254/333/142
f 254/333/143 163/332/141 162/334/144
f 254/333/143 162/334/145 253/335/146
f 253/335/146 162/334/145 161/336/147
f 253/335/146 161/336/147 252/337/148
f 252/337/148 161/336/147 160/338/149
f 252/337/148 160/338/149 251/339/150
f 251/339/150 160/338/149 159/340/151
f 251/339/150 159/340/151 250/341/152
f 250/341/152 159/340/151 158/342/153
f 250/341/152 158/342/153 249/343/154
f 249/343/154 158/342/155 157/344/156
f 249/343/157 157/344/156 248/345/158
f 248/345/158 157/344/156 156/346/159
f 248/345/158 156/346/160 247/347/161
f 247/347/161 156/346/159 155/348/162
f 247/347/161 155/348/162 246/349/163
f 246/349/163 155/348/162 154/350/164
f 246/349/163 154/350/164 245/351/165
f 245/351/166 154/350/167 153/352/168
f 245/351/166 153/352/169 244/353/170
f 244/353/171 153/352/168 152/354/172
f 244/353/170 152/354/172 243/355/173
f 243/355/173 152/354/172 151/356/174
f 243/355/173 151/356/175 242/357/176
f 242/357/177 151/356/174 150/358/178
f 242/357/176 150/358/178 241/359/179
f 241/359/180 150/358/178 149/360/181
f 241/359/180 149/360/181 240/361/182
f 240/361/182 149/360/181 148/362/183
f 240/361/182 148/362/183 239/363/184
f 239/363/184 148/362/183 147/364/185
f 239/363/186 147/364/187 238/365/188
f 238/365/188 147/364/187 146/366/189
f 238/365/190 146/366/191 237/367/192
f 237/367/193 146/366/191 145/368/194
f 237/367/193 145/368/194 236/235/3
f 236/235/3 145/368/194 144/236/4
f 234/369/195 301/370/149 193/371/149
f 193/371/149 301/370/149 302/372/196
f 193/371/149 302/372/196 194/373/196
f 194/373/197 302/372/197 303/374/198
f 194/373/197 303/374/198 195/375/198
f 195/375/199 303/374/199 304/376/200
f 195/375/199 304/376/200 196/377/200
f 196/377/200 304/376/200 305/378/201
f 196/377/200 305/378/201 197/379/201
f 197/379/201 305/378/201 306/380/202
f 197/379/201 306/380/202 198/381/202
f 198/381/203 306/380/203 307/382/204
f 198/381/203 307/382/204 199/383/204
f 199/383/204 307/382/204 308/384/181
f 199/383/204 308/384/181 200/385/181
f 200/385/181 308/384/181 309/386/205
f 200/385/181 309/386/205 201/387/205
f 201/387/206 309/386/206 310/388/207
f 201/387/206 310/388/207 202/389/207
f 202/389/207 310/388/207 311/390/208
f 202/389/207 311/390/208 203/391/208
f 203/391/208 311/390/208 312/392/209
f 203/391/208 312/392/209 204/393/209
f 204/393/209 312/392/209 313/394/210
f 204/393/209 313/394/210 205/395/210
f 205/395/210 313/394/210 314/396/211
f 205/395/210 314/396/211 206/397/211
f 206/397/212 314/396/212 315/398/21
f 206/397/212 315/398/21 207/399/21
f 207/399/21 315/398/21 316/400/213
f 207/399/21 316/400/213 208/401/213
f 208/401/213 316/400/213 317/402/214
f 208/401/213 317/402/214 209/403/214
f 209/403/215 317/402/215 318/404/216
f 209/403/215 318/404/216 210/405/216
f 210/405/216 318/404/216 319/406/217
f 210/405/216 319/406/217 211/407/217
f 211/407/217 319/406/217 320/408/218
f 211/407/217 320/408/218 212/409/218
f 212/409/219 320/408/219 321/410/220
f 212/409/219 321/410/220 213/411/220
f 213/411/221 321/410/221 322/412/53
f 213/411/221 322/412/53 214/413/53
f 214/413/53 322/412/53 323/414/222
f 214/413/53 323/414/222 215/415/222
f 215/415/223 323/414/223 324/416/224
f 215/415/223 324/416/224 216/417/224
f 216/417/225 324/416/225 325/418/226
f 216/417/225 325/418/226 217/419/226
f 217/419/226 325/418/226 326/420/227
f 217/419/226 326/420/227 218/421/227
f 218/421/227 326/420/227 327/422/228
f 218/421/227 327/422/228 219/423/228
f 219/423/229 327/422/229 328/424/230
f 219/423/229 328/424/230 220/425/230
f 220/425/230 328/424/230 329/426/85
f 220/425/230 329/426/85 221/427/85
f 221/427/85 329/426/85 330/428/231
f 221/427/85 330/428/231 222/429/231
f 222/429/232 330/428/232 331/430/233
f 222/429/232 331/430/233 223/431/233
f 223/431/233 331/430/233 332/432/234
f 223/431/233 332/432/234 224/433/234
f 224/434/234 332/435/234 333/436/235
f 224/434/234 333/436/235 225/437/235
f 225/437/235 333/436/235 334/438/236
f 225/437/235 334/438/236 226/439/236
f 226/439/236 334/438/236 335/440/237
f 226/439/236 335/440/237 227/441/237
f 227/441/238 335/440/238 336/442/117
f 227/441/238 336/442/117 228/443/117
f 228/443/117 336/442/117 337/444/239
f 228/443/117 337/444/239 229/445/239
f 229/445/239 337/444/239 338/446/240
f 229/445/239 338/446/240 230/447/240
f 230/447/241 338/446/241 339/448/242
f 230/447/241 339/448/242 231/449/242
f 231/449/242 339/448/242 340/450/243
f 231/449/242 340/450/243 232/451/243
f 232/451/243 340/450/243 341/452/244
f 232/451/243 341/452/244 233/453/244
f 233/453/245 341/452/245 342/454/246
f 233/453/245 342/454/246 234/369/246
f 234/369/195 342/454/195 301/370/149
f 344/455/1 461/456/1 343/457/1
f 343/457/1 461/456/1 462/458/1
f 343/457/1 462/458/1 400/459/1
f 400/459/1 462/458/1 463/460/1
f 400/459/1 463/460/1 332/208/1
f 332/208/1 463/460/1 464/461/1
f 332/208/1 464/461/1 333/210/1
f 333/210/1 464/461/1 465/462/1
f 333/210/1 465/462/1 334/213/1
f 334/213/1 465/462/1 466/463/1
f 334/213/1 466/463/1 335/216/1
f 335/216/1 466/463/1 467/464/1
f 335/216/1 467/464/1 468/465/1
f 461/456/1 344/455/1 460/466/1
f 460/466/1 344/455/1 345/467/1
f 460/466/1 345/467/1 459/468/1
f 459/468/1 345/467/1 458/469/1
f 458/469/1 345/467/1 346/470/1
f 458/469/1 346/470/1 476/471/1
f 476/471/1 346/470/1 475/472/1
f 475/472/1 346/470/1 347/473/1
f 475/472/1 347/473/1 474/474/1
f 474/474/1 347/473/1 473/475/1
f 473/475/1 347/473/1 348/476/1
f 473/475/1 348/476/1 472/477/1
f 472/477/1 348/476/1 349/478/1
f 472/477/1 349/478/1 471/479/1
f 471/479/1 349/478/1 350/480/1
f 471/479/1 350/480/1 470/481/1
f 470/481/1 350/480/1 338/223/1
f 470/481/1 338/223/1 337/221/1
f 350/480/1 351/482/1 338/223/1
f 338/223/1 351/482/1 339/226/1
f 339/226/1 351/482/1 352/483/1
f 339/226/1 352/483/1 353/484/1
f 354/485/1 478/486/1 353/484/1
f 353/484/1 478/486/1 340/229/1
f 353/484/1 340/229/1 339/226/1
f 478/486/1 354/485/1 477/487/1
f 477/487/1 354/485/1 355/488/1
f 477/487/1 355/488/1 495/489/1
f 495/489/1 355/488/1 356/490/1
f 495/489/1 356/490/1 494/491/1
f 494/491/1 356/490/1 493/492/1
f 493/492/1 356/490/1 357/493/1
f 493/492/1 357/493/1 492/494/1
f 492/494/1 357/493/1 491/495/1
f 491/495/1 357/493/1 358/496/1
f 491/495/1 358/496/1 490/497/1
f 490/497/1 358/496/1 489/498/1
f 489/498/1 358/496/1 359/499/1
f 489/498/1 359/499/1 488/500/1
f 488/500/1 359/499/1 360/501/1
f 488/500/1 360/501/1 487/502/1
f 487/502/1 360/501/1 361/503/1
f 487/502/1 361/503/1 486/504/1
f 486/504/1 361/503/1 304/136/1
f 486/504/1 304/136/1 485/505/1
f 485/505/1 304/136/1 303/133/1
f 485/505/1 303/133/1 484/506/1
f 484/506/1 303/133/1 302/131/1
f 484/506/1 302/131/1 483/507/1
f 483/507/1 302/131/1 482/508/1
f 482/508/1 302/131/1 301/129/1
f 482/508/1 301/129/1 481/509/1
f 481/509/1 301/129/1 342/234/1
f 481/509/1 342/234/1 480/510/1
f 480/510/1 342/234/1 341/231/1
f 480/510/1 341/231/1 479/511/1
f 479/511/1 341/231/1 478/486/1
f 478/486/1 341/231/1 340/229/1
f 361/503/1 362/512/1 304/136/1
f 304/136/1 362/512/1 305/138/1
f 305/138/1 362/512/1 363/513/1
f 305/138/1 363/513/1 364/514/1
f 305/138/1 364/514/1 306/141/1
f 306/141/1 364/514/1 365/515/1
f 306/141/1 365/515/1 417/516/1
f 417/516/1 365/515/1 366/517/1
f 417/516/1 366/517/1 416/518/1
f 416/518/1 366/517/1 367/519/1
f 416/518/1 367/519/1 415/520/1
f 415/520/1 367/519/1 414/521/1
f 414/521/1 367/519/1 368/522/1
f 414/521/1 368/522/1 413/523/1
f 413/523/1 368/522/1 369/524/1
f 413/523/1 369/524/1 412/525/1
f 412/525/1 369/524/1 411/526/1
f 411/526/1 369/524/1 370/527/1
f 411/526/1 370/527/1 410/528/1
f 410/528/1 370/527/1 409/529/1
f 409/529/1 370/527/1 371/530/1
f 409/529/1 371/530/1 408/531/1
f 408/531/1 371/530/1 372/532/1
f 408/531/1 372/532/1 407/533/1
f 407/533/1 372/532/1 406/534/1
f 406/534/1 372/532/1 373/535/1
f 406/534/1 373/535/1 312/157/1
f 312/157/1 373/535/1 313/159/1
f 313/159/1 373/535/1 374/536/1
f 313/159/1 374/536/1 375/537/1
f 313/159/1 375/537/1 314/162/1
f 314/162/1 375/537/1 376/538/1
f 314/162/1 376/538/1 315/164/1
f 315/164/1 376/538/1 377/539/1
f 315/164/1 377/539/1 432/540/1
f 432/540/1 377/539/1 431/541/1
f 431/541/1 377/539/1 378/542/1
f 431/541/1 378/542/1 430/543/1
f 430/543/1 378/542/1 379/544/1
f 430/543/1 379/544/1 429/545/1
f 429/545/1 379/544/1 380/546/1
f 429/545/1 380/546/1 428/547/1
f 428/547/1 380/546/1 427/548/1
f 427/548/1 380/546/1 381/549/1
f 427/548/1 381/549/1 426/550/1
f 426/550/1 381/549/1 425/551/1
f 425/551/1 381/549/1 382/552/1
f 425/551/1 382/552/1 424/553/1
f 424/553/1 382/552/1 383/554/1
f 424/553/1 383/554/1 423/555/1
f 423/555/1 383/554/1 422/556/1
f 422/556/1 383/554/1 384/557/1
f 422/556/1 384/557/1 421/558/1
f 421/558/1 384/557/1 385/559/1
f 421/558/1 385/559/1 321/180/1
f 321/180/1 385/559/1 386/560/1
f 321/180/1 386/560/1 322/561/1
f 322/561/1 386/560/1 387/562/1
f 322/561/1 387/562/1 323/185/1
f 323/185/1 387/562/1 388/563/1
f 323/185/1 388/563/1 447/564/1
f 447/564/1 388/563/1 389/565/1
f 447/564/1 389/565/1 446/566/1
f 446/566/1 389/565/1 390/567/1
f 446/566/1 390/567/1 445/568/1
f 445/568/1 390/567/1 391/569/1
f 445/568/1 391/569/1 444/570/1
f 444/570/1 391/569/1 443/571/1
f 443/571/1 391/569/1 392/572/1
f 443/571/1 392/572/1 442/573/1
f 442/573/1 392/572/1 441/574/1
f 441/574/1 392/572/1 393/575/1
f 441/574/1 393/575/1 440/576/1
f 440/576/1 393/575/1 394/577/1
f 440/576/1 394/577/1 439/578/1
f 439/578/1 394/577/1 457/579/1
f 457/579/1 394/577/1 395/580/1
f 457/579/1 395/580/1 456/581/1
f 456/581/1 395/580/1 396/582/1
f 456/581/1 396/582/1 455/583/1
f 455/583/1 396/582/1 329/201/1
f 455/583/1 329/201/1 454/584/1
f 454/584/1 329/201/1 328/200/1
f 454/584/1 328/200/1 453/585/1
f 453/585/1 328/200/1 327/199/1
f 453/585/1 327/199/1 452/586/1
f 452/586/1 327/199/1 326/198/1
f 452/586/1 326/198/1 451/587/1
f 451/587/1 326/198/1 450/588/1
f 450/588/1 326/198/1 325/197/1
f 450/588/1 325/197/1 449/589/1
f 449/589/1 325/197/1 324/187/1
f 449/589/1 324/187/1 448/590/1
f 448/590/1 324/187/1 323/185/1
f 448/590/1 323/185/1 447/564/1
f 396/582/1 397/591/1 329/201/1
f 329/201/1 397/591/1 330/203/1
f 330/203/1 397/591/1 398/592/1
f 330/203/1 398/592/1 331/205/1
f 331/205/1 398/592/1 399/593/1
f 331/205/1 399/593/1 400/459/1
f 402/594/1 309/149/1 401/595/1
f 401/595/1 309/149/1 308/146/1
f 401/595/1 308/146/1 419/596/1
f 419/596/1 308/146/1 418/597/1
f 418/597/1 308/146/1 307/144/1
f 418/597/1 307/144/1 417/516/1
f 417/516/1 307/144/1 306/141/1
f 309/149/1 402/594/1 310/151/1
f 310/151/1 402/594/1 403/598/1
f 310/151/1 403/598/1 311/154/1
f 311/154/1 403/598/1 404/599/1
f 311/154/1 404/599/1 405/600/1
f 311/154/1 405/600/1 312/157/1
f 312/157/1 405/600/1 406/534/1
f 438/601/1 420/602/1 320/177/1
f 320/177/1 420/602/1 421/558/1
f 320/177/1 421/558/1 321/180/1
f 432/540/1 433/603/1 315/164/1
f 315/164/1 433/603/1 316/167/1
f 316/167/1 433/603/1 434/604/1
f 316/167/1 434/604/1 317/169/1
f 317/169/1 434/604/1 435/605/1
f 317/169/1 435/605/1 436/606/1
f 317/169/1 436/606/1 318/172/1
f 318/172/1 436/606/1 437/607/1
f 318/172/1 437/607/1 319/175/1
f 319/175/1 437/607/1 438/601/1
f 319/175/1 438/601/1 320/177/1
f 335/216/1 468/465/1 336/218/1
f 336/218/1 468/465/1 469/608/1
f 336/218/1 469/608/1 337/221/1
f 337/221/1 469/608/1 470/481/1
f 332/208/1 331/205/1 400/459/1
f 497/609/247 613/610/247 496/611/5
f 496/611/5 613/610/247 555/612/5
f 496/613/5 555/614/5 554/615/248
f 554/615/248 555/614/5 556/616/248
f 554/615/248 556/616/248 553/617/249
f 553/617/249 556/616/248 557/618/249
f 553/617/249 557/618/249 552/619/250
f 552/619/250 557/618/249 558/620/250
f 552/619/250 558/620/250 551/621/251
f 551/621/251 558/620/250 559/622/251
f 551/621/251 559/622/251 550/623/252
f 550/623/252 559/622/251 560/624/252
f 550/623/253 560/624/253 549/625/254
f 549/625/254 560/624/253 561/626/254
f 549/625/254 561/626/254 548/627/255
f 548/627/255 561/626/254 562/628/255
f 548/627/255 562/628/255 547/629/256
f 547/629/256 562/628/255 563/630/256
f 547/629/256 563/630/256 546/631/257
f 546/631/257 563/630/256 564/632/257
f 546/631/257 564/632/257 545/633/258
f 545/633/258 564/632/257 565/634/258
f 545/633/259 565/634/259 544/635/260
f 544/635/260 565/634/259 566/636/260
f 544/635/260 566/636/260 543/637/261
f 543/637/261 566/636/260 567/638/261
f 543/637/261 567/638/261 542/639/262
f 542/639/262 567/638/261 568/640/262
f 542/639/262 568/640/262 541/641/263
f 541/641/263 568/640/262 569/642/263
f 541/641/263 569/642/263 540/643/264
f 540/643/264 569/642/263 570/644/264
f 540/643/264 570/644/264 539/645/265
f 539/645/265 570/644/264 571/646/265
f 539/645/265 571/646/265 538/647/266
f 538/647/266 571/646/265 572/648/266
f 538/647/266 572/648/266 537/649/267
f 537/649/267 572/648/266 573/650/267
f 537/649/268 573/650/268 536/651/269
f 536/651/269 573/650/268 574/652/269
f 536/651/269 574/652/269 535/653/270
f 535/653/270 574/652/269 575/654/270
f 535/653/270 575/654/270 534/655/271
f 534/655/271 575/654/270 576/656/271
f 534/655/272 576/656/272 533/657/273
f 533/657/273 576/656/272 577/658/273
f 533/657/274 577/658/274 532/659/275
f 532/659/275 577/658/274 578/660/275
f 532/659/276 578/660/276 531/661/277
f 531/661/277 578/660/276 579/662/277
f 531/661/277 579/662/277 530/663/278
f 530/663/278 579/662/277 580/664/278
f 530/663/279 580/664/279 529/665/280
f 529/665/280 580/664/279 581/666/280
f 529/665/281 581/666/281 528/667/282
f 528/667/282 581/666/281 582/668/282
f 528/667/282 582/668/282 527/669/283
f 527/669/283 582/668/282 583/670/283
f 527/669/283 583/670/283 526/671/284
f 526/671/284 583/670/283 584/672/284
f 526/671/284 584/672/284 525/673/285
f 525/673/285 584/672/284 585/674/285
f 525/673/285 585/674/285 524/675/286
f 524/675/286 585/674/285 586/676/286
f 524/675/286 586/676/286 523/677/287
f 523/677/287 586/676/286 587/678/287
f 523/677/287 587/678/287 522/679/288
f 522/679/288 587/678/287 588/680/288
f 522/679/289 588/680/289 521/681/290
f 521/681/290 588/680/289 589/682/290
f 521/681/291 589/682/291 520/683/292
f 520/683/292 589/682/291 590/684/292
f 520/683/292 590/684/292 519/685/293
f 519/685/293 590/684/292 591/686/293
f 519/685/294 591/686/294 518/687/295
f 518/687/295 591/686/294 592/688/295
f 518/687/296 592/688/296 517/689/297
f 517/689/297 592/688/296 593/690/297
f 517/689/298 593/690/298 516/691/299
f 516/691/299 593/690/298 594/692/299
f 516/691/299 594/692/299 515/693/300
f 515/693/300 594/692/299 595/694/300
f 515/693/300 595/694/300 514/695/301
f 514/695/301 595/694/300 596/696/301
f 514/695/302 596/696/302 513/697/303
f 513/697/303 596/696/302 597/698/303
f 513/697/303 597/698/303 512/699/304
f 512/699/304 597/698/303 598/700/304
f 512/699/304 598/700/304 511/701/305
f 511/701/305 598/700/304 599/702/305
f 511/701/305 599/702/305 510/703/306
f 510/703/306 599/702/305 600/704/306
f 510/703/306 600/704/306 509/705/307
f 509/705/307 600/704/306 601/706/307
f 509/705/307 601/706/307 508/707/308
f 508/707/308 601/706/307 602/708/308
f 508/707/308 602/708/308 507/709/309
f 507/709/309 602/708/308 603/710/309
f 507/709/309 603/710/309 506/711/310
f 506/711/310 603/710/309 604/712/310
f 506/711/311 604/712/311 505/713/312
f 505/713/312 604/712/311 605/714/312
f 505/713/312 605/714/312 504/715/313
f 504/715/313 605/714/312 606/716/313
f 504/715/313 606/716/313 503/717/314
f 503/717/314 606/716/313 607/718/314
f 503/717/314 607/718/314 502/719/315
f 502/719/315 607/718/314 608/720/315
f 502/719/315 608/720/315 501/721/316
f 501/721/316 608/720/315 609/722/316
f 501/721/317 609/722/317 500/723/318
f 500/723/318 609/722/317 610/724/318
f 500/723/318 610/724/318 499/725/319
f 499/725/319 610/724/318 611/726/319
f 499/725/319 611/726/319 498/727/320
f 498/727/320 611/726/319 612/728/320
f 498/727/320 612/728/320 497/609/247
f 497/609/247 612/728/320 613/610/247
f 554/840/248 791/841/433 496/837/5
f 496/837/5 791/841/433 794/842/434
f 496/837/5 794/842/434 497/843/247
f 497/843/247 794/842/434 905/844/435
f 497/843/247 905/844/436 498/845/320
f 498/845/320 905/844/436 903/846/437
f 498/845/320 903/846/438 499/847/319
f 499/847/319 903/846/438 901/848/439
f 499/847/319 901/848/440 500/849/318
f 500/849/318 901/848/439 899/850/441
f 500/849/318 899/850/441 501/851/316
f 501/851/317 899/850/441 897/852/442
f 501/851/317 897/852/443 502/853/315
f 502/853/315 897/852/442 895/854/444
f 502/853/315 895/854/444 503/855/314
f 503/855/314 895/854/444 893/856/445
f 503/855/314 893/856/446 504/857/313
f 504/857/313 893/856/445 891/858/447
f 504/857/313 891/858/447 505/859/312
f 505/859/312 891/858/447 889/860/448
f 505/859/312 889/860/449 506/861/310
f 506/861/310 889/860/448 887/862/450
f 506/861/311 887/862/450 507/863/309
f 507/863/309 887/862/450 885/864/451
f 507/863/309 885/864/451 508/865/308
f 508/865/308 885/864/451 883/866/452
f 508/865/308 883/866/452 509/867/307
f 509/867/307 883/866/452 881/868/453
f 509/867/307 881/868/453 510/869/306
f 510/869/306 881/868/453 879/870/454
f 510/869/306 879/870/455 511/871/305
f 511/871/305 879/870/454 877/872/456
f 511/871/305 877/872/456 512/873/304
f 512/873/304 877/872/456 875/874/457
f 512/873/304 875/874/458 513/875/303
f 513/875/303 875/874/457 873/876/459
f 513/875/303 873/876/460 514/877/301
f 514/877/302 873/876/459 871/878/461
f 514/877/302 871/878/461 515/879/300
f 515/879/300 871/878/461 869/880/462
f 515/879/300 869/880/462 516/881/299
f 516/881/299 869/880/462 867/882/463
f 516/881/299 867/882/463 517/883/297
f 517/883/297 867/882/463 865/884/464
f 517/883/297 865/884/464 518/885/295
f 518/885/295 865/884/464 863/886/465
f 518/885/296 863/886/465 519/887/293
f 519/887/294 863/886/465 861/888/466
f 519/887/294 861/888/466 520/889/292
f 520/889/292 861/888/466 859/890/467
f 520/889/292 859/890/467 521/891/290
f 521/891/290 859/890/467 857/892/468
f 521/891/291 857/892/468 522/893/288
f 522/893/289 857/892/469 855/894/470
f 522/893/289 855/894/470 523/895/287
f 523/895/287 855/894/470 853/896/471
f 523/895/287 853/896/472 524/897/286
f 524/897/473 853/896/471 851/898/474
f 524/897/286 851/898/474 525/899/285
f 525/899/285 851/898/475 789/900/476
f 525/899/285 789/900/476 526/901/284
f 526/902/284 789/903/476 849/904/477
f 526/902/284 849/904/478 527/905/283
f 527/905/479 849/904/478 847/906/480
f 527/905/283 847/906/481 528/907/282
f 528/907/282 847/906/480 845/908/482
f 528/907/282 845/908/482 529/909/280
f 529/909/280 845/908/482 843/910/483
f 529/909/281 843/910/484 530/911/278
f 530/911/279 843/910/484 841/912/485
f 530/911/279 841/912/485 531/913/277
f 531/913/277 841/912/485 839/914/486
f 531/913/277 839/914/486 532/915/275
f 532/915/275 839/914/486 837/916/487
f 532/915/276 837/916/487 533/917/273
f 533/917/274 837/916/487 835/918/488
f 533/917/274 835/918/488 534/919/272
f 534/919/272 835/918/488 833/920/489
f 534/919/272 833/920/489 535/921/270
f 535/921/270 833/920/489 831/922/490
f 535/921/270 831/922/490 536/923/269
f 536/923/269 831/922/490 829/924/491
f 536/923/269 829/924/491 537/925/267
f 537/925/267 829/924/491 827/926/492
f 537/925/268 827/926/493 538/927/266
f 538/927/266 827/926/492 825/928/494
f 538/927/266 825/928/495 539/929/265
f 539/929/265 825/928/494 823/930/496
f 539/929/265 823/930/496 540/931/264
f 540/931/264 823/930/496 821/932/497
f 540/931/264 821/932/498 541/933/263
f 541/933/263 821/932/497 819/934/499
f 541/933/263 819/934/499 542/935/262
f 542/935/262 819/934/499 817/936/500
f 542/935/262 817/936/500 543/937/261
f 543/937/261 817/936/500 815/938/501
f 543/937/261 815/938/501 544/939/260
f 544/939/260 815/938/501 813/940/502
f 544/939/260 813/940/502 545/941/258
f 545/941/259 813/940/502 811/942/503
f 545/941/259 811/942/504 546/943/257
f 546/943/257 811/942/503 809/944/505
f 546/943/257 809/944/505 547/945/256
f 547/945/256 809/944/505 807/946/506
f 547/945/256 807/946/507 548/947/255
f 548/947/255 807/946/506 805/948/508
f 548/947/255 805/948/508 549/949/254
f 549/949/254 805/948/508 803/950/509
f 549/949/254 803/950/510 550/951/252
f 550/951/252 803/950/509 801/952/511
f 550/951/253 801/952/511 551/953/251
f 551/953/251 801/952/511 799/954/512
f 551/953/251 799/954/513 552/955/250
f 552/955/250 799/954/512 797/956/514
f 552/955/250 797/956/514 553/957/249
f 553/957/249 797/956/515 795/958/516
f 553/957/249 795/958/516 554/840/248
f 554/840/248 795/958/517 791/841/433
f 400/959/1 793/960/518 343/961/1
f 343/961/1 793/960/518 792/962/519
f 343/961/1 792/962/519 344/963/1
f 344/963/1 792/962/519 796/964/520
f 344/963/1 796/964/520 345/965/1
f 345/965/1 796/964/520 798/966/521
f 345/965/1 798/966/521 346/967/1
f 346/967/1 798/966/522 800/968/523
f 346/967/1 800/968/523 347/969/1
f 347/969/1 800/968/523 802/970/524
f 347/969/1 802/970/524 348/971/1
f 348/971/1 802/970/524 804/972/525
f 348/971/1 804/972/526 349/973/1
f 349/973/1 804/972/525 806/974/527
f 349/973/1 806/974/527 350/975/1
f 350/975/1 806/974/527 808/976/528
f 350/975/1 808/976/528 351/977/1
f 351/977/1 808/976/528 810/978/529
f 351/977/1 810/978/530 352/979/1
f 352/979/1 810/978/530 812/980/531
f 352/979/1 812/980/531 353/981/1
f 353/981/1 812/980/531 814/982/532
f 353/981/1 814/982/532 354/983/1
f 354/983/1 814/982/533 816/984/534
f 354/983/1 816/984/534 355/985/1
f 355/985/1 816/984/534 818/986/535
f 355/985/1 818/986/535 356/987/1
f 356/987/1 818/986/536 820/988/537
f 356/987/1 820/988/537 357/989/1
f 357/989/1 820/988/538 822/990/539
f 357/989/1 822/990/539 358/991/1
f 358/991/1 822/990/539 824/992/540
f 358/991/1 824/992/540 359/993/1
f 359/993/1 824/992/540 826/994/541
f 359/993/1 826/994/541 360/995/1
f 360/995/1 826/994/542 828/996/543
f 360/995/1 828/996/544 361/997/1
f 361/997/1 828/996/543 830/998/545
f 361/997/1 830/998/545 362/999/1
f 362/999/1 830/998/545 832/1000/546
f 362/999/1 832/1000/546 363/1001/1
f 363/1001/1 832/1000/546 834/1002/547
f 363/1001/1 834/1002/547 364/1003/1
f 364/1003/1 834/1002/547 836/1004/548
f 364/1003/1 836/1004/548 365/1005/1
f 365/1005/1 836/1004/549 838/1006/550
f 365/1005/1 838/1006/550 366/1007/1
f 366/1007/1 838/1006/550 840/1008/551
f 366/1007/1 840/1008/552 367/1009/1
f 367/1009/1 840/1008/551 842/1010/553
f 367/1009/1 842/1010/553 368/1011/1
f 368/1011/1 842/1010/553 844/1012/554
f 368/1011/1 844/1012/554 369/1013/1
f 369/1013/1 844/1012/554 846/1014/555
f 369/1013/1 846/1014/556 370/1015/1
f 370/1015/1 846/1014/556 848/1016/557
f 370/1015/1 848/1016/557 371/1017/1
f 371/1017/1 848/1016/557 850/1018/558
f 371/1017/1 850/1018/559 372/1019/1
f 372/1019/1 850/1018/558 790/1020/560
f 372/1021/1 790/1022/560 852/1023/561
f 852/1023/562 790/1022/560 789/900/476
f 852/1023/561 789/900/476 851/898/475
f 793/960/518 400/959/1 906/1024/563
f 906/1024/563 400/959/1 399/1025/1
f 906/1024/563 399/1025/1 904/1026/564
f 904/1026/564 399/1025/1 398/1027/1
f 904/1026/565 398/1027/1 902/1028/566
f 902/1028/566 398/1027/1 397/1029/1
f 902/1028/566 397/1029/1 900/1030/567
f 900/1030/567 397/1029/1 396/1031/1
f 900/1030/567 396/1031/1 898/1032/568
f 898/1032/569 396/1031/1 395/1033/1
f 898/1032/568 395/1033/1 896/1034/570
f 896/1034/570 395/1033/1 394/1035/1
f 896/1034/570 394/1035/1 894/1036/571
f 894/1036/571 394/1035/1 393/1037/1
f 894/1036/571 393/1037/1 892/1038/572
f 892/1038/573 393/1037/1 392/1039/1
f 892/1038/573 392/1039/1 890/1040/574
f 890/1040/574 392/1039/1 391/1041/1
f 890/1040/574 391/1041/1 888/1042/575
f 888/1042/575 391/1041/1 390/1043/1
f 888/1042/576 390/1043/1 886/1044/577
f 886/1044/577 390/1043/1 389/1045/1
f 886/1044/577 389/1045/1 884/1046/578
f 884/1046/578 389/1045/1 388/1047/1
f 884/1046/579 388/1047/1 882/1048/580
f 882/1048/580 388/1047/1 387/1049/1
f 882/1048/581 387/1049/1 880/1050/582
f 880/1050/582 387/1049/1 386/1051/1
f 880/1050/582 386/1051/1 878/1052/583
f 878/1052/583 386/1051/1 385/1053/1
f 878/1052/583 385/1053/1 876/1054/584
f 876/1054/584 385/1053/1 384/1055/1
f 876/1054/585 384/1055/1 874/1056/586
f 874/1056/587 384/1055/1 383/1057/1
f 874/1056/586 383/1057/1 872/1058/588
f 872/1058/588 383/1057/1 382/1059/1
f 872/1058/588 382/1059/1 870/1060/589
f 870/1060/589 382/1059/1 381/1061/1
f 870/1060/589 381/1061/1 868/1062/590
f 868/1062/590 381/1061/1 380/1063/1
f 868/1062/590 380/1063/1 866/1064/591
f 866/1064/591 380/1063/1 379/1065/1
f 866/1064/592 379/1065/1 864/1066/593
f 864/1066/593 379/1065/1 378/1067/1
f 864/1066/593 378/1067/1 862/1068/594
f 862/1068/595 378/1067/1 377/1069/1
f 862/1068/594 377/1069/1 860/1070/596
f 860/1070/596 377/1069/1 376/1071/1
f 860/1070/596 376/1071/1 858/1072/597
f 858/1072/597 376/1071/1 375/1073/1
f 858/1072/597 375/1073/1 856/1074/598
f 856/1074/599 375/1073/1 374/1075/1
f 856/1074/599 374/1075/1 854/1076/600
f 854/1076/600 374/1075/1 373/1077/1
f 854/1076/600 373/1077/1 852/1023/561
f 852/1023/562 373/1077/1 372/1021/1
f 789/903/476 790/1020/560 849/904/478
f 849/904/478 790/1020/560 850/1018/558
f 849/904/478 850/1018/559 847/906/481
f 847/906/481 850/1018/558 848/1016/557
f 847/906/601 848/1016/557 845/908/482
f 845/908/482 848/1016/557 846/1014/555
f 845/908/482 846/1014/555 843/910/484
f 843/910/483 846/1014/555 844/1012/554
f 843/910/484 844/1012/554 841/912/485
f 841/912/485 844/1012/554 842/1010/553
f 841/912/485 842/1010/553 839/914/486
f 839/914/486 842/1010/553 840/1008/551
f 839/914/486 840/1008/551 837/916/487
f 837/916/487 840/1008/551 838/1006/550
f 837/916/602 838/1006/550 835/918/488
f 835/918/488 838/1006/550 836/1004/548
f 835/918/488 836/1004/548 833/920/489
f 833/920/489 836/1004/548 834/1002/547
f 833/920/489 834/1002/547 831/922/490
f 831/922/490 834/1002/547 832/1000/546
f 831/922/490 832/1000/546 829/924/491
f 829/924/491 832/1000/546 830/998/545
f 829/924/491 830/998/545 827/926/492
f 827/926/493 830/998/545 828/996/543
f 827/926/492 828/996/544 825/928/494
f 825/928/495 828/996/543 826/994/541
f 825/928/494 826/994/542 823/930/496
f 823/930/496 826/994/603 824/992/540
f 823/930/496 824/992/540 821/932/498
f 821/932/498 824/992/540 822/990/539
f 821/932/498 822/990/539 819/934/499
f 819/934/499 822/990/539 820/988/537
f 819/934/499 820/988/537 817/936/500
f 817/936/500 820/988/538 818/986/535
f 817/936/500 818/986/535 815/938/501
f 815/938/501 818/986/536 816/984/604
f 815/938/501 816/984/604 813/940/502
f 813/940/502 816/984/534 814/982/532
f 813/940/502 814/982/605 811/942/503
f 811/942/504 814/982/606 812/980/531
f 811/942/503 812/980/531 809/944/505
f 809/944/505 812/980/531 810/978/530
f 809/944/505 810/978/530 807/946/506
f 807/946/506 810/978/530 808/976/528
f 807/946/506 808/976/528 805/948/508
f 805/948/508 808/976/528 806/974/527
f 805/948/508 806/974/527 803/950/509
f 803/950/509 806/974/527 804/972/525
f 803/950/509 804/972/525 801/952/511
f 801/952/511 804/972/525 802/970/607
f 801/952/511 802/970/524 799/954/512
f 799/954/512 802/970/607 800/968/523
f 799/954/512 800/968/523 797/956/515
f 797/956/514 800/968/523 798/966/522
f 797/956/515 798/966/521 795/958/517
f 795/958/516 798/966/522 796/964/520
f 795/958/517 796/964/520 791/841/433
f 791/841/433 796/964/520 792/962/519
f 791/841/433 792/962/519 794/842/434
f 794/842/434 792/962/519 793/960/518
f 794/842/434 793/960/518 905/844/436
f 905/844/436 793/960/518 906/1024/563
f 905/844/436 906/1024/563 903/846/438
f 903/846/438 906/1024/563 904/1026/564
f 903/846/438 904/1026/565 901/848/439
f 901/848/439 904/1026/564 902/1028/566
f 901/848/439 902/1028/566 899/850/441
f 899/850/441 902/1028/566 900/1030/567
f 899/850/441 900/1030/608 897/852/442
f 897/852/442 900/1030/567 898/1032/568
f 897/852/442 898/1032/568 895/854/444
f 895/854/444 898/1032/568 896/1034/570
f 895/854/444 896/1034/570 893/856/445
f 893/856/445 896/1034/570 894/1036/571
f 893/856/445 894/1036/571 891/858/447
f 891/858/447 894/1036/571 892/1038/573
f 891/858/447 892/1038/573 889/860/448
f 889/860/449 892/1038/573 890/1040/574
f 889/860/449 890/1040/574 887/862/450
f 887/862/450 890/1040/574 888/1042/609
f 887/862/450 888/1042/609 885/864/451
f 885/864/451 888/1042/609 886/1044/610
f 885/864/451 886/1044/610 883/866/452
f 883/866/452 886/1044/610 884/1046/578
f 883/866/452 884/1046/578 881/868/611
f 881/868/453 884/1046/578 882/1048/580
f 881/868/611 882/1048/580 879/870/454
f 879/870/455 882/1048/580 880/1050/582
f 879/870/454 880/1050/582 877/872/456
f 877/872/456 880/1050/582 878/1052/583
f 877/872/456 878/1052/583 875/874/457
f 875/874/458 878/1052/583 876/1054/585
f 875/874/457 876/1054/585 873/876/460
f 873/876/460 876/1054/612 874/1056/587
f 873/876/460 874/1056/587 871/878/461
f 871/878/461 874/1056/587 872/1058/588
f 871/878/461 872/1058/588 869/880/462
f 869/880/462 872/1058/588 870/1060/589
f 869/880/462 870/1060/589 867/882/463
f 867/882/463 870/1060/589 868/1062/590
f 867/882/463 868/1062/590 865/884/613
f 865/884/464 868/1062/590 866/1064/591
f 865/884/464 866/1064/591 863/886/465
f 863/886/614 866/1064/592 864/1066/593
f 863/886/465 864/1066/593 861/888/466
f 861/888/466 864/1066/593 862/1068/594
f 861/888/466 862/1068/594 859/890/615
f 859/890/467 862/1068/594 860/1070/596
f 859/890/615 860/1070/596 857/892/469
f 857/892/468 860/1070/596 858/1072/597
f 857/892/469 858/1072/597 855/894/470
f 855/894/470 858/1072/597 856/1074/598
f 855/894/470 856/1074/598 853/896/616
f 853/896/472 856/1074/599 854/1076/600
f 853/896/616 854/1076/600 851/898/475
f 851/898/474 854/1076/600 852/1023/562
f 613/1078/247 911/1079/617 555/1080/5
f 555/1080/5 911/1079/617 914/1081/618
f 555/1080/5 914/1081/618 556/1082/248
f 556/1082/248 914/1081/618 1027/1083/619
f 556/1082/248 1027/1083/619 557/1084/249
f 557/1084/249 1027/1083/620 1025/1085/621
f 557/1084/249 1025/1085/622 558/1086/250
f 558/1086/250 1025/1085/622 1023/1087/623
f 558/1086/250 1023/1087/623 559/1088/251
f 559/1088/251 1023/1087/623 1021/1089/624
f 559/1088/251 1021/1089/624 560/1090/252
f 560/1090/253 1021/1089/624 1019/1091/625
f 560/1090/253 1019/1091/625 561/1092/254
f 561/1092/254 1019/1091/625 1017/1093/626
f 561/1092/627 1017/1093/628 562/1094/255
f 562/1094/255 1017/1093/628 1015/1095/629
f 562/1094/255 1015/1095/629 563/1096/256
f 563/1096/256 1015/1095/629 1013/1097/630
f 563/1096/256 1013/1097/630 564/1098/257
f 564/1098/257 1013/1097/630 1011/1099/631
f 564/1098/257 1011/1099/631 565/1100/258
f 565/1100/259 1011/1099/631 1009/1101/632
f 565/1100/259 1009/1101/632 566/1102/260
f 566/1102/260 1009/1101/632 1007/1103/633
f 566/1102/260 1007/1103/633 567/1104/261
f 567/1104/261 1007/1103/634 1005/1105/635
f 567/1104/261 1005/1105/636 568/1106/262
f 568/1106/262 1005/1105/636 1003/1107/637
f 568/1106/262 1003/1107/638 569/1108/263
f 569/1108/263 1003/1107/637 909/1109/639
f 569/1108/263 909/1109/640 570/1110/264
f 570/1110/264 909/1109/640 1002/1111/641
f 570/1110/264 1002/1111/641 999/1112/642
f 999/1112/642 1002/1111/641 1000/1113/643
f 999/1112/642 1000/1113/643 997/1114/644
f 997/1114/644 1000/1113/643 998/1115/645
f 997/1114/644 998/1115/645 995/1116/646
f 995/1116/646 998/1115/645 996/1117/647
f 995/1116/648 996/1117/647 993/1118/649
f 993/1118/649 996/1117/650 994/1119/651
f 993/1118/649 994/1119/651 991/1120/652
f 991/1120/652 994/1119/651 992/1121/653
f 991/1120/652 992/1121/653 989/1122/654
f 989/1122/654 992/1121/653 990/1123/655
f 989/1122/654 990/1123/655 987/1124/656
f 987/1124/656 990/1123/655 988/1125/657
f 987/1124/656 988/1125/657 985/1126/658
f 985/1126/658 988/1125/657 986/1127/659
f 985/1126/658 986/1127/660 983/1128/661
f 983/1128/661 986/1127/659 984/1129/662
f 983/1128/661 984/1129/662 981/1130/663
f 981/1130/663 984/1129/662 982/1131/664
f 981/1130/663 982/1131/664 979/1132/665
f 979/1132/666 982/1131/664 980/1133/667
f 979/1132/666 980/1133/667 977/1134/668
f 977/1134/668 980/1133/667 978/1135/669
f 977/1134/668 978/1135/669 975/1136/670
f 975/1136/671 978/1135/669 976/1137/672
f 975/1136/671 976/1137/672 973/1138/673
f 973/1138/674 976/1137/672 974/1139/675
f 973/1138/673 974/1139/675 907/1140/476
f 907/1140/476 974/1139/675 908/1141/560
f 907/1142/476 908/1143/560 971/1144/676
f 971/1144/677 908/1143/560 972/1145/678
f 971/1144/676 972/1145/678 969/1146/679
f 969/1146/680 972/1145/678 970/1147/681
f 969/1146/679 970/1147/681 967/1148/682
f 967/1148/682 970/1147/681 968/1149/683
f 967/1148/682 968/1149/683 965/1150/684
f 965/1150/684 968/1149/683 966/1151/685
f 965/1150/684 966/1151/685 963/1152/686
f 963/1152/686 966/1151/687 964/1153/688
f 963/1152/686 964/1153/688 961/1154/689
f 961/1154/690 964/1153/688 962/1155/691
f 961/1154/690 962/1155/691 959/1156/692
f 959/1156/692 962/1155/691 960/1157/693
f 959/1156/692 960/1157/693 957/1158/694
f 957/1158/694 960/1157/693 958/1159/695
f 957/1158/694 958/1159/695 955/1160/696
f 955/1160/696 958/1159/695 956/1161/697
f 955/1160/696 956/1161/697 953/1162/698
f 953/1162/698 956/1161/697 954/1163/699
f 953/1162/698 954/1163/700 951/1164/701
f 951/1164/701 954/1163/699 952/1165/702
f 951/1164/701 952/1165/702 949/1166/703
f 949/1166/704 952/1165/702 950/1167/705
f 949/1166/703 950/1167/705 947/1168/706
f 947/1168/706 950/1167/705 948/1169/707
f 947/1168/706 948/1169/707 943/1170/708
f 943/1170/708 948/1169/709 944/1171/710
f 943/1170/708 944/1171/710 946/1172/711
f 946/1172/711 944/1171/710 945/1173/712
f 946/1172/711 945/1173/712 941/1174/713
f 941/1174/713 945/1173/712 942/1175/714
f 941/1174/715 942/1175/714 939/1176/716
f 939/1176/717 942/1175/714 940/1177/718
f 939/1176/717 940/1177/718 937/1178/719
f 937/1178/719 940/1177/718 938/1179/720
f 937/1178/719 938/1179/720 935/1180/721
f 935/1180/722 938/1179/720 936/1181/723
f 935/1180/721 936/1181/724 933/1182/725
f 933/1182/725 936/1181/726 934/1183/727
f 933/1182/725 934/1183/727 931/1184/728
f 931/1184/729 934/1183/727 932/1185/730
f 931/1184/729 932/1185/730 929/1186/731
f 929/1186/731 932/1185/730 930/1187/732
f 929/1186/731 930/1187/732 927/1188/733
f 927/1188/734 930/1187/732 928/1189/735
f 927/1188/733 928/1189/735 925/1190/736
f 925/1190/736 928/1189/735 926/1191/737
f 925/1190/736 926/1191/737 923/1192/738
f 923/1192/738 926/1191/737 924/1193/739
f 923/1192/738 924/1193/739 921/1194/740
f 921/1194/740 924/1193/741 922/1195/742
f 921/1194/740 922/1195/742 919/1196/743
f 919/1196/743 922/1195/744 920/1197/745
f 919/1196/743 920/1197/745 917/1198/746
f 917/1198/747 920/1197/745 918/1199/748
f 917/1198/746 918/1199/748 915/1200/749
f 915/1200/749 918/1199/748 916/1201/750
f 915/1200/749 916/1201/751 911/1079/617
f 911/1079/617 916/1201/750 912/1202/752
f 911/1079/617 912/1202/752 914/1081/618
f 914/1081/618 912/1202/753 913/1203/754
f 914/1081/618 913/1203/754 1027/1083/619
f 1027/1083/619 913/1203/754 1028/1204/755
f 1027/1083/619 1028/1204/755 1025/1085/621
f 1025/1085/622 1028/1204/755 1026/1205/756
f 1025/1085/621 1026/1205/756 1023/1087/623
f 1023/1087/623 1026/1205/756 1024/1206/757
f 1023/1087/623 1024/1206/757 1021/1089/758
f 1021/1089/624 1024/1206/757 1022/1207/759
f 1021/1089/758 1022/1207/759 1019/1091/625
f 1019/1091/625 1022/1207/759 1020/1208/760
f 1019/1091/625 1020/1208/760 1017/1093/628
f 1017/1093/628 1020/1208/760 1018/1209/761
f 1017/1093/628 1018/1209/762 1015/1095/629
f 1015/1095/763 1018/1209/761 1016/1210/764
f 1015/1095/629 1016/1210/764 1013/1097/630
f 1013/1097/630 1016/1210/764 1014/1211/765
f 1013/1097/630 1014/1211/765 1011/1099/631
f 1011/1099/766 1014/1211/767 1012/1212/768
f 1011/1099/631 1012/1212/768 1009/1101/632
f 1009/1101/632 1012/1212/768 1010/1213/769
f 1009/1101/632 1010/1213/770 1007/1103/633
f 1007/1103/634 1010/1213/769 1008/1214/771
f 1007/1103/633 1008/1214/771 1005/1105/635
f 1005/1105/636 1008/1214/771 1006/1215/772
f 1005/1105/635 1006/1215/772 1003/1107/638
f 1003/1107/638 1006/1215/773 1004/1216/774
f 1003/1107/638 1004/1216/774 909/1109/639
f 909/1109/775 1004/1216/776 1001/1217/777
f 909/1109/640 1001/1217/777 910/1218/778
f 910/1218/778 1001/1217/777 112/1219/1
f 910/1218/778 112/1219/1 111/1220/1
f 911/1079/617 613/1078/247 915/1200/749
f 915/1200/749 613/1078/247 612/1221/320
f 915/1200/779 612/1221/320 917/1198/747
f 917/1198/746 612/1221/320 611/1222/319
f 917/1198/746 611/1222/319 919/1196/743
f 919/1196/743 611/1222/319 610/1223/318
f 919/1196/743 610/1223/318 921/1194/780
f 921/1194/780 610/1223/318 609/1224/317
f 921/1194/780 609/1224/316 923/1192/738
f 923/1192/738 609/1224/316 608/1225/315
f 923/1192/738 608/1225/315 925/1190/781
f 925/1190/736 608/1225/782 607/1226/314
f 925/1190/781 607/1226/314 927/1188/734
f 927/1188/734 607/1226/314 606/1227/313
f 927/1188/734 606/1227/313 929/1186/731
f 929/1186/731 606/1227/313 605/1228/312
f 929/1186/731 605/1228/312 931/1184/729
f 931/1184/729 605/1228/312 604/1229/311
f 931/1184/729 604/1229/310 933/1182/725
f 933/1182/725 604/1229/310 603/1230/309
f 933/1182/725 603/1230/309 935/1180/722
f 935/1180/722 603/1230/309 602/1231/308
f 935/1180/721 602/1231/308 937/1178/783
f 937/1178/719 602/1231/308 601/1232/307
f 937/1178/719 601/1232/307 939/1176/716
f 939/1176/717 601/1232/307 600/1233/306
f 939/1176/716 600/1233/784 941/1174/713
f 941/1174/785 600/1233/306 599/1234/305
f 941/1174/715 599/1234/305 946/1172/711
f 946/1172/711 599/1234/305 943/1170/708
f 599/1234/305 598/1235/304 943/1170/708
f 943/1170/708 598/1235/304 947/1168/706
f 598/1235/304 597/1236/303 947/1168/706
f 947/1168/706 597/1236/303 949/1166/704
f 597/1236/303 596/1237/301 949/1166/703
f 949/1166/704 596/1237/301 951/1164/786
f 596/1237/301 595/1238/300 951/1164/701
f 951/1164/701 595/1238/300 953/1162/698
f 595/1238/300 594/1239/299 953/1162/698
f 953/1162/698 594/1239/299 955/1160/696
f 594/1239/299 593/1240/297 955/1160/696
f 955/1160/696 593/1240/297 957/1158/787
f 593/1240/297 592/1241/295 957/1158/694
f 957/1158/788 592/1241/295 959/1156/692
f 592/1241/295 591/1242/293 959/1156/692
f 959/1156/692 591/1242/294 961/1154/690
f 591/1242/293 590/1243/292 961/1154/690
f 961/1154/690 590/1243/292 963/1152/686
f 590/1243/292 589/1244/291 963/1152/686
f 963/1152/686 589/1244/291 965/1150/789
f 589/1244/291 588/1245/288 965/1150/684
f 965/1150/684 588/1245/288 967/1148/682
f 588/1245/288 587/1246/287 967/1148/682
f 967/1148/682 587/1246/287 969/1146/680
f 587/1246/287 586/1247/286 969/1146/680
f 969/1146/680 586/1247/286 971/1144/676
f 586/1247/286 585/1248/285 971/1144/677
f 971/1144/676 585/1248/285 907/1142/476
f 585/1249/285 584/1250/284 907/1140/476
f 907/1140/476 584/1250/284 973/1138/674
f 584/1250/284 583/1251/283 973/1138/673
f 973/1138/674 583/1251/283 975/1136/670
f 583/1251/283 582/1252/282 975/1136/670
f 975/1136/670 582/1252/282 977/1134/668
f 582/1252/282 581/1253/281 977/1134/668
f 977/1134/668 581/1253/281 979/1132/666
f 581/1253/281 580/1254/278 979/1132/666
f 979/1132/665 580/1254/278 981/1130/663
f 580/1254/278 579/1255/277 981/1130/663
f 981/1130/663 579/1255/277 983/1128/661
f 579/1255/277 578/1256/276 983/1128/661
f 983/1128/661 578/1256/275 985/1126/658
f 578/1256/276 577/1257/274 985/1126/658
f 985/1126/658 577/1257/274 987/1124/790
f 577/1257/274 576/1258/272 987/1124/656
f 987/1124/791 576/1258/272 989/1122/654
f 576/1258/272 575/1259/270 989/1122/654
f 989/1122/654 575/1259/270 991/1120/652
f 575/1259/270 574/1260/269 991/1120/652
f 991/1120/652 574/1260/269 993/1118/649
f 574/1260/269 573/1261/268 993/1118/649
f 993/1118/792 573/1261/268 995/1116/648
f 573/1261/268 572/1262/266 995/1116/646
f 995/1116/648 572/1262/266 997/1114/644
f 572/1262/266 571/1263/265 997/1114/644
f 997/1114/644 571/1263/265 999/1112/642
f 571/1263/265 570/1110/264 999/1112/642
f 126/1264/1 913/1203/754 67/961/1
f 67/961/1 913/1203/754 912/1202/752
f 67/961/1 912/1202/752 68/1265/1
f 68/1265/1 912/1202/752 916/1201/793
f 68/1265/1 916/1201/750 69/1266/1
f 69/1266/1 916/1201/750 918/1199/748
f 69/1266/1 918/1199/748 70/1267/1
f 70/1267/1 918/1199/794 920/1197/795
f 70/1267/1 920/1197/795 71/1268/1
f 71/1268/1 920/1197/795 922/1195/744
f 71/1268/1 922/1195/742 72/1269/1
f 72/1269/1 922/1195/742 924/1193/741
f 72/1269/1 924/1193/741 73/1270/1
f 73/1270/1 924/1193/739 926/1191/796
f 73/1270/1 926/1191/796 74/1271/1
f 74/1271/1 926/1191/737 928/1189/735
f 74/1271/1 928/1189/735 75/1272/1
f 75/1272/1 928/1189/735 930/1187/732
f 75/1272/1 930/1187/732 76/1273/1
f 76/1273/1 930/1187/732 932/1185/730
f 76/1273/1 932/1185/730 77/1274/1
f 77/1274/1 932/1185/797 934/1183/727
f 77/1274/1 934/1183/798 78/1275/1
f 78/1275/1 934/1183/727 936/1181/726
f 78/1275/1 936/1181/723 79/1276/1
f 79/1276/1 936/1181/723 938/1179/799
f 79/1276/1 938/1179/720 80/1277/1
f 80/1277/1 938/1179/720 940/1177/718
f 80/1277/1 940/1177/718 81/1278/1
f 81/1278/1 940/1177/718 942/1175/714
f 81/1278/1 942/1175/714 82/1279/1
f 82/1279/1 942/1175/714 945/1173/712
f 82/1279/1 945/1173/712 83/1280/1
f 83/1280/1 945/1173/712 944/1171/800
f 83/1280/1 944/1171/710 84/1281/1
f 84/1281/1 944/1171/710 948/1169/709
f 84/1281/1 948/1169/707 85/1282/1
f 85/1282/1 948/1169/709 950/1167/705
f 85/1282/1 950/1167/705 86/1283/1
f 86/1283/1 950/1167/705 952/1165/702
f 86/1283/1 952/1165/801 87/1284/1
f 87/1284/1 952/1165/802 954/1163/700
f 87/1284/1 954/1163/700 88/1285/1
f 88/1285/1 954/1163/700 956/1161/697
f 88/1285/1 956/1161/697 89/1286/1
f 89/1286/1 956/1161/697 958/1159/695
f 89/1286/1 958/1159/695 90/1287/1
f 90/1287/1 958/1159/803 960/1157/693
f 90/1287/1 960/1157/693 91/1288/1
f 91/1288/1 960/1157/693 962/1155/691
f 91/1288/1 962/1155/691 92/1289/1
f 92/1289/1 962/1155/691 964/1153/804
f 92/1289/1 964/1153/688 93/1290/1
f 93/1290/1 964/1153/804 966/1151/687
f 93/1290/1 966/1151/687 94/1291/1
f 94/1291/1 966/1151/687 968/1149/805
f 94/1291/1 968/1149/805 95/1292/1
f 95/1292/1 968/1149/683 970/1147/681
f 95/1292/1 970/1147/681 96/1293/1
f 96/1293/1 970/1147/681 972/1145/678
f 96/1293/1 972/1145/806 97/1294/1
f 97/1294/1 972/1145/678 908/1143/560
f 97/1295/1 908/1141/560 974/1139/675
f 913/1203/754 126/1264/1 1028/1204/807
f 1028/1204/808 126/1264/1 125/1296/1
f 1028/1204/808 125/1296/1 1026/1205/756
f 1026/1205/756 125/1296/1 124/1297/1
f 1026/1205/809 124/1297/1 1024/1206/810
f 1024/1206/810 124/1297/1 123/1298/1
f 1024/1206/810 123/1298/1 1022/1207/811
f 1022/1207/759 123/1298/1 122/1299/1
f 1022/1207/759 122/1299/1 1020/1208/812
f 1020/1208/812 122/1299/1 121/1300/1
f 1020/1208/760 121/1300/1 1018/1209/761
f 1018/1209/761 121/1300/1 120/1301/1
f 1018/1209/762 120/1301/1 1016/1210/764
f 1016/1210/764 120/1301/1 119/1302/1
f 1016/1210/764 119/1302/1 1014/1211/765
f 1014/1211/767 119/1302/1 118/1303/1
f 1014/1211/765 118/1303/1 1012/1212/768
f 1012/1212/768 118/1303/1 117/1304/1
f 1012/1212/813 117/1304/1 1010/1213/769
f 1010/1213/770 117/1304/1 116/1305/1
f 1010/1213/769 116/1305/1 1008/1214/814
f 1008/1214/815 116/1305/1 115/1306/1
f 1008/1214/815 115/1306/1 1006/1215/773
f 1006/1215/772 115/1306/1 114/1307/1
f 1006/1215/772 114/1307/1 1004/1216/774
f 1004/1216/774 114/1307/1 113/1308/1
f 1004/1216/774 113/1308/1 1001/1217/777
f 1001/1217/777 113/1308/1 112/1219/1
f 910/1218/778 111/1220/1 1000/1113/816
f 1000/1113/643 111/1220/1 110/1309/1
f 1000/1113/643 110/1309/1 998/1115/817
f 998/1115/645 110/1309/1 109/1310/1
f 998/1115/817 109/1310/1 996/1117/647
f 996/1117/647 109/1310/1 108/1311/1
f 996/1117/647 108/1311/1 994/1119/818
f 994/1119/819 108/1311/1 107/1312/1
f 994/1119/820 107/1312/1 992/1121/653
f 992/1121/653 107/1312/1 106/1313/1
f 992/1121/653 106/1313/1 990/1123/655
f 990/1123/655 106/1313/1 105/1314/1
f 990/1123/655 105/1314/1 988/1125/657
f 988/1125/657 105/1314/1 104/1315/1
f 988/1125/821 104/1315/1 986/1127/660
f 986/1127/660 104/1315/1 103/1316/1
f 986/1127/660 103/1316/1 984/1129/662
f 984/1129/662 103/1316/1 102/1317/1
f 984/1129/662 102/1317/1 982/1131/822
f 982/1131/664 102/1317/1 101/1318/1
f 982/1131/822 101/1318/1 980/1133/823
f 980/1133/823 101/1318/1 100/1319/1
f 980/1133/823 100/1319/1 978/1135/669
f 978/1135/669 100/1319/1 99/1320/1
f 978/1135/824 99/1320/1 976/1137/672
f 976/1137/672 99/1320/1 98/1321/1
f 976/1137/672 98/1321/1 974/1139/675
f 974/1139/825 98/1321/1 97/1295/1
f 910/1218/778 1000/1113/643 1002/1111/641
f 1002/1111/641 909/1109/639 910/1218/778
f 300/1322/7 1031/1323/826 235/837/5
f 235/837/5 1031/1323/826 1034/1324/827
f 235/837/5 1034/1324/827 236/1325/3
f 236/1325/828 1034/1324/827 1159/1326/829
f 236/1325/3 1159/1326/829 237/1327/192
f 237/1327/193 1159/1326/829 1157/1328/830
f 237/1327/193 1157/1328/830 238/1329/188
f 238/1329/188 1157/1328/830 1155/1330/831
f 238/1329/188 1155/1330/831 239/1331/184
f 239/1331/184 1155/1330/831 1153/1332/832
f 239/1331/186 1153/1332/832 240/1333/182
f 240/1333/182 1153/1332/832 1151/1334/833
f 240/1333/182 1151/1334/834 241/1335/180
f 241/1335/180 1151/1334/834 1149/1336/835
f 241/1335/179 1149/1336/835 242/1337/176
f 242/1337/177 1149/1336/835 1147/1338/836
f 242/1337/176 1147/1338/836 243/1339/173
f 243/1339/173 1147/1338/836 1145/1340/837
f 243/1339/173 1145/1340/837 244/1341/171
f 244/1341/170 1145/1340/837 1143/1342/838
f 244/1341/839 1143/1342/838 245/1343/166
f 245/1343/166 1143/1342/838 1141/1344/840
f 245/1343/165 1141/1344/841 246/1345/163
f 246/1345/163 1141/1344/841 1139/1346/842
f 246/1345/163 1139/1346/842 247/1347/161
f 247/1347/161 1139/1346/842 1137/1348/843
f 247/1347/161 1137/1348/843 248/1349/158
f 248/1349/158 1137/1348/843 1135/1350/844
f 248/1349/158 1135/1350/845 249/1351/154
f 249/1351/154 1135/1350/845 1133/1352/846
f 249/1351/154 1133/1352/846 250/1353/152
f 250/1353/152 1133/1352/846 1131/1354/847
f 250/1353/152 1131/1354/848 251/1355/150
f 251/1355/150 1131/1354/848 1129/1356/849
f 251/1355/150 1129/1356/849 252/1357/148
f 252/1357/148 1129/1356/849 1127/1358/850
f 252/1357/148 1127/1358/850 253/1359/146
f 253/1359/146 1127/1358/851 1125/1360/852
f 253/1359/146 1125/1360/853 254/1361/143
f 254/1361/142 1125/1360/853 1123/1362/854
f 254/1361/143 1123/1362/854 255/1363/140
f 255/1363/140 1123/1362/854 1121/1364/855
f 255/1363/140 1121/1364/855 256/1365/137
f 256/1365/137 1121/1364/855 1119/1366/856
f 256/1365/137 1119/1366/857 257/1367/135
f 257/1367/135 1119/1366/857 1117/1368/858
f 257/1367/135 1117/1368/858 258/1369/131
f 258/1369/133 1117/1368/858 1115/1370/859
f 258/1369/133 1115/1370/860 259/1371/127
f 259/1371/128 1115/1370/859 1113/1372/861
f 259/1371/862 1113/1372/861 260/1373/125
f 260/1373/125 1113/1372/861 1111/1374/863
f 260/1373/125 1111/1374/863 261/1375/122
f 261/1375/121 1111/1374/863 1109/1376/864
f 261/1375/121 1109/1376/865 262/1377/118
f 262/1377/120 1109/1376/865 1107/1378/866
f 262/1377/120 1107/1378/867 263/1379/116
f 263/1379/116 1107/1378/867 1105/1380/868
f 263/1379/116 1105/1380/869 264/1381/113
f 264/1381/113 1105/1380/869 1103/1382/870
f 264/1381/112 1103/1382/870 265/1383/109
f 265/1383/109 1103/1382/870 1101/1384/871
f 265/1383/109 1101/1384/871 266/1385/105
f 266/1385/107 1101/1384/871 1099/1386/872
f 266/1385/105 1099/1386/872 267/1387/873
f 267/1387/103 1099/1386/872 1097/1388/874
f 267/1387/103 1097/1388/874 268/1389/101
f 268/1389/101 1097/1388/874 1029/1390/476
f 268/1391/101 1029/1392/476 269/1393/99
f 269/1393/875 1029/1392/476 1095/1394/876
f 269/1393/99 1095/1394/876 270/1395/96
f 270/1395/97 1095/1394/876 1093/1396/877
f 270/1395/97 1093/1396/877 271/1397/92
f 271/1397/92 1093/1396/877 1091/1398/878
f 271/1397/92 1091/1398/878 272/1399/88
f 272/1399/88 1091/1398/878 1089/1400/879
f 272/1399/90 1089/1400/879 273/1401/86
f 273/1401/86 1089/1400/879 1087/1402/880
f 273/1401/86 1087/1402/881 274/1403/84
f 274/1403/84 1087/1402/881 1085/1404/882
f 274/1403/83 1085/1404/882 275/1405/80
f 275/1405/81 1085/1404/882 1083/1406/883
f 275/1405/80 1083/1406/883 276/1407/77
f 276/1407/77 1083/1406/883 1081/1408/884
f 276/1407/77 1081/1408/884 277/1409/75
f 277/1409/74 1081/1408/884 1079/1410/885
f 277/1409/886 1079/1410/885 278/1411/70
f 278/1411/70 1079/1410/885 1077/1412/887
f 278/1411/69 1077/1412/888 279/1413/67
f 279/1413/67 1077/1412/888 1075/1414/889
f 279/1413/67 1075/1414/889 280/1415/65
f 280/1415/65 1075/1414/889 1073/1416/890
f 280/1415/65 1073/1416/890 281/1417/62
f 281/1417/62 1073/1416/890 1071/1418/891
f 281/1417/62 1071/1418/892 282/1419/58
f 282/1419/58 1071/1418/892 1069/1420/893
f 282/1419/58 1069/1420/893 283/1421/56
f 283/1421/56 1069/1420/893 1067/1422/894
f 283/1421/56 1067/1422/895 284/1423/54
f 284/1423/54 1067/1422/895 1065/1424/896
f 284/1423/54 1065/1424/896 285/1425/52
f 285/1425/52 1065/1424/896 1063/1426/897
f 285/1425/52 1063/1426/897 286/1427/50
f 286/1427/50 1063/1426/898 1061/1428/899
f 286/1427/50 1061/1428/900 287/1429/47
f 287/1429/46 1061/1428/900 1059/1430/901
f 287/1429/47 1059/1430/901 288/1431/44
f 288/1431/44 1059/1430/901 1057/1432/902
f 288/1431/44 1057/1432/902 289/1433/41
f 289/1433/41 1057/1432/902 1055/1434/903
f 289/1433/41 1055/1434/904 290/1435/39
f 290/1435/39 1055/1434/904 1053/1436/905
f 290/1435/39 1053/1436/905 291/1437/35
f 291/1437/37 1053/1436/905 1051/1438/906
f 291/1437/37 1051/1438/907 292/1439/31
f 292/1439/32 1051/1438/906 1049/1440/908
f 292/1439/909 1049/1440/908 293/1441/29
f 293/1441/29 1049/1440/908 1047/1442/910
f 293/1441/29 1047/1442/910 294/1443/26
f 294/1443/25 1047/1442/910 1045/1444/911
f 294/1443/25 1045/1444/912 295/1445/22
f 295/1445/24 1045/1444/912 1043/1446/913
f 295/1445/24 1043/1446/914 296/1447/20
f 296/1447/20 1043/1446/914 1041/1448/915
f 296/1447/20 1041/1448/916 297/1449/17
f 297/1449/17 1041/1448/916 1039/1450/917
f 297/1449/16 1039/1450/917 298/1451/13
f 298/1451/13 1039/1450/917 1037/1452/918
f 298/1451/13 1037/1452/918 299/1453/9
f 299/1453/11 1037/1452/918 1035/1454/919
f 299/1453/9 1035/1454/919 300/1322/920
f 300/1322/7 1035/1454/919 1031/1323/826
f 66/1455/1 1160/1456/921 1/961/1
f 1/961/1 1160/1456/921 1033/1457/922
f 1/961/1 1033/1457/922 2/1458/1
f 2/1458/1 1033/1457/922 1032/1459/923
f 2/1458/1 1032/1459/923 3/1460/1
f 3/1460/1 1032/1459/923 1036/1461/924
f 3/1460/1 1036/1461/924 4/1462/1
f 4/1462/1 1036/1461/924 1038/1463/925
f 4/1462/1 1038/1463/925 5/1464/1
f 5/1464/1 1038/1463/925 1040/1465/926
f 5/1464/1 1040/1465/926 6/1466/1
f 6/1466/1 1040/1465/926 1042/1467/927
f 6/1466/1 1042/1467/927 7/1468/1
f 7/1468/1 1042/1467/927 1044/1469/928
f 7/1468/1 1044/1469/928 8/1470/1
f 8/1470/1 1044/1469/928 1046/1471/929
f 8/1470/1 1046/1471/929 9/1472/1
f 9/1472/1 1046/1471/929 1048/1473/930
f 9/1472/1 1048/1473/930 10/1474/1
f 10/1474/1 1048/1473/930 1050/1475/931
f 10/1474/1 1050/1475/931 11/1476/1
f 11/1476/1 1050/1475/931 1052/1477/932
f 11/1476/1 1052/1477/932 12/1478/1
f 12/1478/1 1052/1477/932 1054/1479/933
f 12/1478/1 1054/1479/933 13/1480/1
f 13/1480/1 1054/1479/933 1056/1481/934
f 13/1480/1 1056/1481/934 14/1482/1
f 14/1482/1 1056/1481/934 1058/1483/935
f 14/1482/1 1058/1483/935 15/1484/1
f 15/1484/1 1058/1483/935 1060/1485/936
f 15/1484/1 1060/1485/936 16/1486/1
f 16/1486/1 1060/1485/936 1062/1487/937
f 16/1486/1 1062/1487/937 17/1488/1
f 17/1488/1 1062/1487/937 1064/1489/938
f 17/1488/1 1064/1489/938 18/1490/1
f 18/1490/1 1064/1489/938 1066/1491/939
f 18/1490/1 1066/1491/939 19/1492/1
f 19/1492/1 1066/1491/939 1068/1493/940
f 19/1492/1 1068/1493/940 20/1494/1
f 20/1494/1 1068/1493/940 1070/1495/941
f 20/1494/1 1070/1495/941 21/1496/1
f 21/1496/1 1070/1495/941 1072/1497/942
f 21/1496/1 1072/1497/942 22/1498/1
f 22/1498/1 1072/1497/942 1074/1499/943
f 22/1498/1 1074/1499/943 23/1500/1
f 23/1500/1 1074/1499/943 1076/1501/944
f 23/1500/1 1076/1501/944 24/1502/1
f 24/1502/1 1076/1501/944 1078/1503/945
f 24/1502/1 1078/1503/945 25/1504/1
f 25/1504/1 1078/1503/945 1080/1505/946
f 25/1504/1 1080/1505/946 26/1506/1
f 26/1506/1 1080/1505/946 1082/1507/947
f 26/1506/1 1082/1507/947 27/1508/1
f 27/1508/1 1082/1507/947 1084/1509/948
f 27/1508/1 1084/1509/948 28/1510/1
f 28/1510/1 1084/1509/948 1086/1511/949
f 28/1510/1 1086/1511/949 29/1512/1
f 29/1512/1 1086/1511/949 1088/1513/950
f 29/1512/1 1088/1513/950 30/1514/1
f 30/1514/1 1088/1513/950 1090/1515/951
f 30/1514/1 1090/1515/951 31/1516/1
f 31/1516/1 1090/1515/951 1092/1517/952
f 31/1516/1 1092/1517/952 32/1518/1
f 32/1518/1 1092/1517/952 1094/1519/953
f 32/1518/1 1094/1519/953 33/1520/1
f 33/1520/1 1094/1519/953 1096/1521/954
f 33/1520/1 1096/1521/954 34/1522/1
f 34/1522/1 1096/1521/954 1030/1523/560
f 34/1524/1 1030/1525/560 35/1526/1
f 35/1526/1 1030/1525/560 1098/1527/955
f 35/1526/1 1098/1527/955 36/1528/1
f 36/1528/1 1098/1527/955 1100/1529/956
f 36/1528/1 1100/1529/956 37/1530/1
f 37/1530/1 1100/1529/956 1102/1531/957
f 37/1530/1 1102/1531/957 38/1532/1
f 38/1532/1 1102/1531/957 1104/1533/958
f 38/1532/1 1104/1533/958 39/1534/1
f 39/1534/1 1104/1533/958 1106/1535/959
f 39/1534/1 1106/1535/959 40/1536/1
f 40/1536/1 1106/1535/959 1108/1537/960
f 40/1536/1 1108/1537/960 41/1538/1
f 41/1538/1 1108/1537/960 1110/1539/961
f 41/1538/1 1110/1539/961 42/1540/1
f 42/1540/1 1110/1539/961 1112/1541/962
f 42/1540/1 1112/1541/962 43/1542/1
f 43/1542/1 1112/1541/962 1114/1543/963
f 43/1542/1 1114/1543/963 44/1544/1
f 44/1544/1 1114/1543/963 1116/1545/964
f 44/1544/1 1116/1545/964 45/1546/1
f 45/1546/1 1116/1545/964 1118/1547/965
f 45/1546/1 1118/1547/965 46/1548/1
f 46/1548/1 1118/1547/965 1120/1549/966
f 46/1548/1 1120/1549/966 47/1550/1
f 47/1550/1 1120/1549/966 1122/1551/967
f 47/1550/1 1122/1551/967 48/1552/1
f 48/1552/1 1122/1551/967 1124/1553/968
f 48/1552/1 1124/1553/968 49/1554/1
f 49/1554/1 1124/1553/968 1126/1555/969
f 49/1554/1 1126/1555/969 50/1556/1
f 50/1556/1 1126/1555/969 1128/1557/970
f 50/1556/1 1128/1557/970 51/1558/1
f 51/1558/1 1128/1557/970 1130/1559/971
f 51/1558/1 1130/1559/971 52/1560/1
f 52/1560/1 1130/1559/971 1132/1561/972
f 52/1560/1 1132/1561/972 53/1562/1
f 53/1562/1 1132/1561/972 1134/1563/973
f 53/1562/1 1134/1563/973 54/1564/1
f 54/1564/1 1134/1563/973 1136/1565/974
f 54/1564/1 1136/1565/974 55/1566/1
f 55/1566/1 1136/1565/974 1138/1567/975
f 55/1566/1 1138/1567/975 56/1568/1
f 56/1568/1 1138/1567/975 1140/1569/976
f 56/1568/1 1140/1569/976 57/1570/1
f 57/1570/1 1140/1569/976 1142/1571/977
f 57/1570/1 1142/1571/977 58/1572/1
f 58/1572/1 1142/1571/977 1144/1573/978
f 58/1572/1 1144/1573/978 59/1574/1
f 59/1574/1 1144/1573/978 1146/1575/979
f 59/1574/1 1146/1575/979 60/1576/1
f 60/1576/1 1146/1575/979 1148/1577/980
f 60/1576/1 1148/1577/980 61/1578/1
f 61/1578/1 1148/1577/980 1150/1579/981
f 61/1578/1 1150/1579/981 62/1580/1
f 62/1580/1 1150/1579/981 1152/1581/982
f 62/1580/1 1152/1581/982 63/1582/1
f 63/1582/1 1152/1581/982 1154/1583/983
f 63/1582/1 1154/1583/983 64/1584/1
f 64/1584/1 1154/1583/983 1156/1585/984
f 64/1584/1 1156/1585/984 65/1586/1
f 65/1586/1 1156/1585/984 1158/1587/985
f 65/1586/1 1158/1587/985 66/1455/1
f 66/1455/1 1158/1587/985 1160/1456/921
f 1029/1392/476 1030/1523/560 1095/1394/876
f 1095/1394/876 1030/1523/560 1096/1521/954
f 1095/1394/876 1096/1521/954 1093/1396/877
f 1093/1396/877 1096/1521/954 1094/1519/953
f 1093/1396/877 1094/1519/953 1091/1398/878
f 1091/1398/878 1094/1519/953 1092/1517/986
f 1091/1398/878 1092/1517/986 1089/1400/879
f 1089/1400/879 1092/1517/952 1090/1515/987
f 1089/1400/879 1090/1515/951 1087/1402/880
f 1087/1402/988 1090/1515/951 1088/1513/950
f 1087/1402/881 1088/1513/950 1085/1404/882
f 1085/1404/882 1088/1513/950 1086/1511/949
f 1085/1404/882 1086/1511/949 1083/1406/989
f 1083/1406/883 1086/1511/949 1084/1509/948
f 1083/1406/883 1084/1509/948 1081/1408/884
f 1081/1408/884 1084/1509/948 1082/1507/947
f 1081/1408/884 1082/1507/947 1079/1410/885
f 1079/1410/885 1082/1507/947 1080/1505/946
f 1079/1410/885 1080/1505/946 1077/1412/990
f 1077/1412/888 1080/1505/946 1078/1503/945
f 1077/1412/888 1078/1503/945 1075/1414/889
f 1075/1414/889 1078/1503/945 1076/1501/944
f 1075/1414/889 1076/1501/944 1073/1416/991
f 1073/1416/890 1076/1501/944 1074/1499/943
f 1073/1416/890 1074/1499/943 1071/1418/891
f 1071/1418/892 1074/1499/943 1072/1497/942
f 1071/1418/892 1072/1497/942 1069/1420/893
f 1069/1420/893 1072/1497/942 1070/1495/941
f 1069/1420/893 1070/1495/941 1067/1422/895
f 1067/1422/895 1070/1495/941 1068/1493/940
f 1067/1422/895 1068/1493/940 1065/1424/896
f 1065/1424/896 1068/1493/992 1066/1491/939
f 1065/1424/896 1066/1491/939 1063/1426/897
f 1063/1426/897 1066/1491/939 1064/1489/938
f 1063/1426/897 1064/1489/938 1061/1428/900
f 1061/1428/899 1064/1489/938 1062/1487/937
f 1061/1428/899 1062/1487/937 1059/1430/993
f 1059/1430/901 1062/1487/937 1060/1485/936
f 1059/1430/901 1060/1485/936 1057/1432/902
f 1057/1432/902 1060/1485/936 1058/1483/935
f 1057/1432/902 1058/1483/935 1055/1434/994
f 1055/1434/904 1058/1483/935 1056/1481/934
f 1055/1434/904 1056/1481/934 1053/1436/905
f 1053/1436/905 1056/1481/934 1054/1479/933
f 1053/1436/905 1054/1479/933 1051/1438/907
f 1051/1438/906 1054/1479/933 1052/1477/932
f 1051/1438/906 1052/1477/932 1049/1440/908
f 1049/1440/908 1052/1477/932 1050/1475/931
f 1049/1440/908 1050/1475/931 1047/1442/910
f 1047/1442/910 1050/1475/931 1048/1473/930
f 1047/1442/910 1048/1473/930 1045/1444/995
f 1045/1444/912 1048/1473/930 1046/1471/929
f 1045/1444/912 1046/1471/929 1043/1446/913
f 1043/1446/914 1046/1471/929 1044/1469/928
f 1043/1446/914 1044/1469/928 1041/1448/996
f 1041/1448/916 1044/1469/928 1042/1467/927
f 1041/1448/916 1042/1467/927 1039/1450/997
f 1039/1450/917 1042/1467/927 1040/1465/926
f 1039/1450/917 1040/1465/926 1037/1452/918
f 1037/1452/918 1040/1465/926 1038/1463/925
f 1037/1452/918 1038/1463/998 1035/1454/919
f 1035/1454/919 1038/1463/998 1036/1461/924
f 1035/1454/919 1036/1461/924 1031/1323/826
f 1031/1323/826 1036/1461/924 1032/1459/923
f 1031/1323/826 1032/1459/923 1034/1324/827
f 1034/1324/827 1032/1459/923 1033/1457/922
f 1034/1324/827 1033/1457/922 1159/1326/829
f 1159/1326/829 1033/1457/922 1160/1456/921
f 1159/1326/829 1160/1456/921 1157/1328/830
f 1157/1328/830 1160/1456/921 1158/1587/985
f 1157/1328/830 1158/1587/985 1155/1330/831
f 1155/1330/831 1158/1587/985 1156/1585/999
f 1155/1330/831 1156/1585/999 1153/1332/832
f 1153/1332/832 1156/1585/984 1154/1583/1000
f 1153/1332/832 1154/1583/983 1151/1334/833
f 1151/1334/1001 1154/1583/983 1152/1581/982
f 1151/1334/834 1152/1581/982 1149/1336/835
f 1149/1336/835 1152/1581/982 1150/1579/981
f 1149/1336/835 1150/1579/981 1147/1338/1002
f 1147/1338/836 1150/1579/981 1148/1577/980
f 1147/1338/836 1148/1577/980 1145/1340/837
f 1145/1340/837 1148/1577/980 1146/1575/979
f 1145/1340/837 1146/1575/979 1143/1342/838
f 1143/1342/838 1146/1575/979 1144/1573/978
f 1143/1342/838 1144/1573/978 1141/1344/1003
f 1141/1344/841 1144/1573/978 1142/1571/977
f 1141/1344/841 1142/1571/977 1139/1346/842
f 1139/1346/842 1142/1571/977 1140/1569/976
f 1139/1346/842 1140/1569/976 1137/1348/1004
f 1137/1348/843 1140/1569/976 1138/1567/975
f 1137/1348/843 1138/1567/975 1135/1350/844
f 1135/1350/845 1138/1567/975 1136/1565/974
f 1135/1350/845 1136/1565/974 1133/1352/846
f 1133/1352/846 1136/1565/974 1134/1563/973
f 1133/1352/846 1134/1563/973 1131/1354/848
f 1131/1354/848 1134/1563/973 1132/1561/972
f 1131/1354/848 1132/1561/972 1129/1356/849
f 1129/1356/849 1132/1561/1005 1130/1559/971
f 1129/1356/849 1130/1559/971 1127/1358/850
f 1127/1358/850 1130/1559/971 1128/1557/970
f 1127/1358/850 1128/1557/970 1125/1360/853
f 1125/1360/852 1128/1557/970 1126/1555/969
f 1125/1360/852 1126/1555/969 1123/1362/1006
f 1123/1362/854 1126/1555/969 1124/1553/968
f 1123/1362/854 1124/1553/968 1121/1364/855
f 1121/1364/855 1124/1553/968 1122/1551/967
f 1121/1364/855 1122/1551/967 1119/1366/1007
f 1119/1366/857 1122/1551/967 1120/1549/966
f 1119/1366/857 1120/1549/966 1117/1368/858
f 1117/1368/858 1120/1549/966 1118/1547/965
f 1117/1368/858 1118/1547/965 1115/1370/860
f 1115/1370/859 1118/1547/965 1116/1545/964
f 1115/1370/859 1116/1545/964 1113/1372/861
f 1113/1372/861 1116/1545/964 1114/1543/963
f 1113/1372/861 1114/1543/963 1111/1374/863
f 1111/1374/863 1114/1543/963 1112/1541/962
f 1111/1374/863 1112/1541/962 1109/1376/1008
f 1109/1376/865 1112/1541/962 1110/1539/961
f 1109/1376/865 1110/1539/961 1107/1378/866
f 1107/1378/867 1110/1539/961 1108/1537/960
f 1107/1378/867 1108/1537/960 1105/1380/1009
f 1105/1380/869 1108/1537/960 1106/1535/959
f 1105/1380/869 1106/1535/959 1103/1382/1010
f 1103/1382/870 1106/1535/959 1104/1533/958
f 1103/1382/870 1104/1533/958 1101/1384/871
f 1101/1384/871 1104/1533/958 1102/1531/957
f 1101/1384/871 1102/1531/1011 1099/1386/872
f 1099/1386/872 1102/1531/1011 1100/1529/956
f 1099/1386/872 1100/1529/956 1097/1388/874
f 1097/1388/874 1100/1529/956 1098/1527/955
f 1097/1388/874 1098/1527/955 1029/1390/476
f 1029/1390/476 1098/1527/955 1030/1525/560
usemtl Opaque(128,128,128)
f 615/729/321 631/730/322 614/731/323
f 617/732/324 631/733/325 616/734/326
f 618/735/327 631/736/328 617/732/324
f 620/737/329 631/738/330 619/739/331
f 622/740/332 631/741/333 621/742/334
f 624/743/335 631/744/336 623/745/337
f 626/746/338 631/747/339 625/748/340
f 628/749/341 631/750/342 627/751/343
f 629/752/344 631/753/345 628/749/341
f 614/731/323 631/754/346 630/755/347
f 623/745/337 631/756/348 622/757/332
f 621/742/334 631/758/349 620/737/329
f 619/739/350 631/759/351 618/735/327
f 616/734/326 631/760/352 615/729/353
f 630/755/354 631/761/355 629/752/344
f 627/751/343 631/762/356 626/746/357
f 625/748/340 631/763/358 624/743/335
f 630/764/359 632/765/101 614/766/101
f 614/766/101 632/765/101 633/767/360
f 614/766/101 633/767/360 615/768/360
f 615/768/360 633/767/360 634/769/361
f 615/768/360 634/769/361 616/770/361
f 616/770/361 634/769/361 635/771/362
f 616/770/361 635/771/362 617/772/362
f 617/772/362 635/771/362 636/773/363
f 617/772/362 636/773/363 618/774/363
f 618/774/363 636/773/363 637/775/364
f 618/774/363 637/775/364 619/776/364
f 619/776/364 637/775/364 638/777/365
f 619/776/364 638/777/365 620/778/365
f 620/778/365 638/777/365 639/779/366
f 620/778/365 639/779/366 621/780/366
f 621/780/366 639/779/366 640/781/367
f 621/780/366 640/781/367 622/782/367
f 622/783/368 640/784/368 641/785/369
f 622/783/368 641/785/369 623/786/369
f 623/786/370 641/785/370 642/787/371
f 623/786/370 642/787/371 624/788/371
f 624/788/371 642/787/371 643/789/372
f 624/788/371 643/789/372 625/790/372
f 625/790/372 643/789/372 644/791/373
f 625/790/372 644/791/373 626/792/373
f 626/792/373 644/791/373 645/793/374
f 626/792/373 645/793/374 627/794/374
f 627/794/374 645/793/374 646/795/375
f 627/794/374 646/795/375 628/796/375
f 628/796/375 646/795/375 647/797/376
f 628/796/375 647/797/376 629/798/376
f 629/798/376 647/797/376 648/799/359
f 629/798/376 648/799/359 630/764/359
f 630/764/359 648/799/359 632/765/101
f 648/800/377 478/801/378 632/802/379
f 632/802/379 478/801/378 477/731/379
f 632/802/379 477/731/379 495/803/380
f 478/801/378 648/800/377 479/804/381
f 479/804/381 648/800/377 647/805/382
f 479/804/381 647/805/382 480/806/383
f 480/806/384 647/805/382 646/807/385
f 480/806/383 646/807/385 481/808/386
f 481/808/386 646/807/385 645/809/387
f 481/808/386 645/809/387 482/810/388
f 482/810/388 645/809/387 644/811/389
f 482/810/388 644/811/389 483/812/390
f 483/812/390 644/811/389 643/813/391
f 483/812/392 643/813/391 484/814/393
f 484/814/394 643/813/391 642/815/395
f 484/814/393 642/815/395 485/816/396
f 485/816/396 642/815/397 641/817/398
f 485/816/396 641/817/398 486/818/399
f 486/819/399 641/820/398 640/821/400
f 486/819/399 640/821/400 487/822/401
f 487/822/401 640/821/400 488/823/402
f 488/823/402 640/821/403 639/824/404
f 488/823/402 639/824/404 489/825/405
f 489/825/406 639/824/404 638/826/407
f 489/825/405 638/826/407 490/827/408
f 490/827/408 638/826/409 637/828/410
f 490/827/411 637/828/410 491/829/412
f 491/829/412 637/828/410 636/830/413
f 491/829/412 636/830/413 492/831/414
f 492/831/414 636/830/413 635/832/415
f 492/831/414 635/832/415 493/833/416
f 493/833/417 635/832/415 634/834/418
f 493/833/416 634/834/418 494/835/419
f 494/835/419 634/834/418 633/836/420
f 494/835/419 633/836/420 495/803/380
f 495/803/380 633/836/420 632/802/379
f 650/729/321 666/730/421 649/837/323
f 652/732/324 666/733/325 651/734/326
f 653/735/327 666/736/328 652/732/324
f 655/737/329 666/738/330 654/739/331
f 657/740/332 666/741/422 656/742/334
f 659/743/335 666/744/423 658/745/337
f 661/746/338 666/747/339 660/748/340
f 663/749/341 666/750/424 662/838/343
f 664/752/344 666/753/345 663/749/341
f 649/837/323 666/754/346 665/755/347
f 658/745/337 666/756/348 657/757/332
f 656/742/334 666/758/349 655/737/329
f 654/739/350 666/759/351 653/735/327
f 651/734/326 666/760/352 650/729/353
f 665/755/354 666/761/355 664/752/344
f 662/838/343 666/762/356 661/746/357
f 660/748/340 666/763/358 659/743/335
f 665/764/359 667/765/101 649/766/101
f 649/766/101 667/765/101 668/767/360
f 649/766/101 668/767/360 650/768/360
f 650/768/360 668/767/360 669/769/361
f 650/768/360 669/769/361 651/770/361
f 651/770/361 669/769/361 670/771/362
f 651/770/361 670/771/362 652/772/362
f 652/772/362 670/771/362 671/773/363
f 652/772/362 671/773/363 653/774/363
f 653/774/363 671/773/363 672/775/364
f 653/774/363 672/775/364 654/776/364
f 654/776/364 672/775/364 673/777/365
f 654/776/364 673/777/365 655/778/365
f 655/778/365 673/777/365 674/779/366
f 655/778/365 674/779/366 656/780/366
f 656/780/366 674/779/366 675/781/367
f 656/780/366 675/781/367 657/782/367
f 657/783/368 675/784/368 676/785/369
f 657/783/368 676/785/369 658/786/369
f 658/786/370 676/785/370 677/787/371
f 658/786/370 677/787/371 659/788/371
f 659/788/371 677/787/371 678/789/372
f 659/788/371 678/789/372 660/790/372
f 660/790/372 678/789/372 679/791/373
f 660/790/372 679/791/373 661/792/373
f 661/792/373 679/791/373 680/793/374
f 661/792/373 680/793/374 662/794/374
f 662/794/374 680/793/374 681/795/375
f 662/794/374 681/795/375 663/796/375
f 663/796/375 681/795/375 682/797/376
f 663/796/375 682/797/376 664/798/376
f 664/798/376 682/797/376 683/799/359
f 664/798/376 683/799/359 665/764/359
f 665/764/359 683/799/359 667/765/101
f 683/800/377 459/801/378 667/802/379
f 667/802/379 459/801/378 458/731/379
f 667/802/379 458/731/379 476/803/380
f 459/801/378 683/800/377 460/804/381
f 460/804/381 683/800/377 682/805/425
f 460/804/381 682/805/382 461/806/383
f 461/806/383 682/805/382 681/807/385
f 461/806/383 681/807/385 462/808/386
f 462/808/386 681/807/385 680/809/387
f 462/808/386 680/809/387 463/810/388
f 463/810/388 680/809/387 679/811/389
f 463/810/388 679/811/389 464/812/392
f 464/812/390 679/811/389 678/813/391
f 464/812/392 678/813/391 465/814/393
f 465/814/394 678/813/391 677/815/395
f 465/814/393 677/815/395 466/816/396
f 466/816/396 677/815/397 676/817/398
f 466/816/396 676/817/398 467/818/399
f 467/819/399 676/820/398 675/821/400
f 467/819/399 675/821/400 468/822/401
f 468/822/401 675/821/400 469/823/402
f 469/823/402 675/821/403 674/824/404
f 469/823/402 674/824/404 470/825/405
f 470/825/406 674/824/404 673/826/407
f 470/825/405 673/826/407 471/827/411
f 471/827/408 673/826/407 672/828/410
f 471/827/411 672/828/410 472/829/412
f 472/829/412 672/828/410 671/830/413
f 472/829/412 671/830/413 473/831/414
f 473/831/414 671/830/426 670/832/415
f 473/831/414 670/832/415 474/833/416
f 474/833/416 670/832/415 669/834/418
f 474/833/416 669/834/418 475/839/419
f 475/839/419 669/834/427 668/836/420
f 475/839/419 668/836/420 476/803/380
f 476/803/380 668/836/420 667/802/379
f 685/729/321 701/730/322 684/837/323
f 687/732/324 701/733/325 686/734/326
f 688/735/327 701/736/328 687/732/324
f 690/737/329 701/738/330 689/739/331
f 692/740/332 701/741/422 691/742/334
f 694/743/335 701/744/428 693/745/337
f 696/746/338 701/747/339 695/748/340
f 698/749/341 701/750/424 697/751/343
f 699/752/344 701/753/429 698/749/341
f 684/837/323 701/754/346 700/755/347
f 693/745/337 701/756/348 692/757/332
f 691/742/334 701/758/349 690/737/329
f 689/739/350 701/759/351 688/735/327
f 686/734/326 701/760/352 685/729/353
f 700/755/354 701/761/355 699/752/344
f 697/751/343 701/762/356 696/746/357
f 695/748/340 701/763/358 694/743/335
f 700/764/359 702/765/101 684/766/101
f 684/766/101 702/765/101 703/767/360
f 684/766/101 703/767/360 685/768/360
f 685/768/360 703/767/360 704/769/361
f 685/768/360 704/769/361 686/770/361
f 686/770/361 704/769/361 705/771/362
f 686/770/361 705/771/362 687/772/362
f 687/772/362 705/771/362 706/773/363
f 687/772/362 706/773/363 688/774/363
f 688/774/363 706/773/363 707/775/364
f 688/774/363 707/775/364 689/776/364
f 689/776/364 707/775/364 708/777/365
f 689/776/364 708/777/365 690/778/365
f 690/778/365 708/777/365 709/779/366
f 690/778/365 709/779/366 691/780/366
f 691/780/366 709/779/366 710/781/367
f 691/780/366 710/781/367 692/782/367
f 692/783/368 710/784/368 711/785/369
f 692/783/368 711/785/369 693/786/369
f 693/786/370 711/785/370 712/787/371
f 693/786/370 712/787/371 694/788/371
f 694/788/371 712/787/371 713/789/372
f 694/788/371 713/789/372 695/790/372
f 695/790/372 713/789/372 714/791/373
f 695/790/372 714/791/373 696/792/373
f 696/792/373 714/791/373 715/793/374
f 696/792/373 715/793/374 697/794/374
f 697/794/374 715/793/374 716/795/375
f 697/794/374 716/795/375 698/796/375
f 698/796/375 716/795/375 717/797/376
f 698/796/375 717/797/376 699/798/376
f 699/798/376 717/797/376 718/799/359
f 699/798/376 718/799/359 700/764/359
f 700/764/359 718/799/359 702/765/101
f 718/800/377 440/801/378 702/802/379
f 702/802/379 440/801/378 439/731/379
f 702/802/379 439/731/379 457/803/380
f 440/801/378 718/800/377 441/804/381
f 441/804/381 718/800/377 717/805/382
f 441/804/381 717/805/382 442/806/383
f 442/806/384 717/805/382 716/807/385
f 442/806/383 716/807/385 443/808/386
f 443/808/386 716/807/385 715/809/387
f 443/808/386 715/809/387 444/810/388
f 444/810/388 715/809/387 714/811/389
f 444/810/388 714/811/389 445/812/390
f 445/812/390 714/811/389 713/813/391
f 445/812/392 713/813/391 446/814/393
f 446/814/394 713/813/391 712/815/395
f 446/814/393 712/815/395 447/816/396
f 447/816/396 712/815/397 711/817/398
f 447/816/396 711/817/398 448/818/399
f 448/819/399 711/820/398 710/821/400
f 448/819/399 710/821/400 449/822/401
f 449/822/401 710/821/400 450/823/430
f 450/823/402 710/821/403 709/824/404
f 450/823/402 709/824/404 451/825/405
f 451/825/406 709/824/404 708/826/407
f 451/825/405 708/826/407 452/827/411
f 452/827/408 708/826/407 707/828/410
f 452/827/411 707/828/410 453/829/412
f 453/829/412 707/828/410 706/830/413
f 453/829/412 706/830/413 454/831/414
f 454/831/414 706/830/413 705/832/415
f 454/831/414 705/832/415 455/833/416
f 455/833/417 705/832/415 704/834/418
f 455/833/416 704/834/418 456/839/419
f 456/839/419 704/834/427 703/836/420
f 456/839/419 703/836/420 457/803/380
f 457/803/380 703/836/420 702/802/379
f 720/729/321 736/730/322 719/731/323
f 722/732/324 736/733/325 721/734/326
f 723/735/327 736/736/431 722/732/324
f 725/737/329 736/738/330 724/739/331
f 727/740/332 736/741/422 726/742/334
f 729/743/335 736/744/428 728/745/337
f 731/746/338 736/747/339 730/748/340
f 733/749/341 736/750/424 732/751/343
f 734/752/344 736/753/345 733/749/341
f 719/731/323 736/754/346 735/755/347
f 728/745/337 736/756/348 727/757/332
f 726/742/334 736/758/349 725/737/329
f 724/739/350 736/759/351 723/735/327
f 721/734/326 736/760/352 720/729/353
f 735/755/354 736/761/355 734/752/344
f 732/751/343 736/762/356 731/746/357
f 730/748/340 736/763/358 729/743/335
f 735/764/359 737/765/101 719/766/101
f 719/766/101 737/765/101 738/767/360
f 719/766/101 738/767/360 720/768/360
f 720/768/360 738/767/360 739/769/361
f 720/768/360 739/769/361 721/770/361
f 721/770/361 739/769/361 740/771/362
f 721/770/361 740/771/362 722/772/362
f 722/772/362 740/771/362 741/773/363
f 722/772/362 741/773/363 723/774/363
f 723/774/363 741/773/363 742/775/364
f 723/774/363 742/775/364 724/776/364
f 724/776/364 742/775/364 743/777/365
f 724/776/364 743/777/365 725/778/365
f 725/778/365 743/777/365 744/779/366
f 725/778/365 744/779/366 726/780/366
f 726/780/366 744/779/366 745/781/367
f 726/780/366 745/781/367 727/782/367
f 727/783/368 745/784/368 746/785/369
f 727/783/368 746/785/369 728/786/369
f 728/786/370 746/785/370 747/787/371
f 728/786/370 747/787/371 729/788/371
f 729/788/371 747/787/371 748/789/372
f 729/788/371 748/789/372 730/790/372
f 730/790/372 748/789/372 749/791/373
f 730/790/372 749/791/373 731/792/373
f 731/792/373 749/791/373 750/793/374
f 731/792/373 750/793/374 732/794/374
f 732/794/374 750/793/374 751/795/375
f 732/794/374 751/795/375 733/796/375
f 733/796/375 751/795/375 752/797/376
f 733/796/375 752/797/376 734/798/376
f 734/798/376 752/797/376 753/799/359
f 734/798/376 753/799/359 735/764/359
f 735/764/359 753/799/359 737/765/101
f 753/800/377 421/801/378 737/802/379
f 737/802/379 421/801/378 420/731/379
f 737/802/379 420/731/379 438/803/380
f 421/801/378 753/800/377 422/804/381
f 422/804/381 753/800/377 752/805/425
f 422/804/381 752/805/382 423/806/383
f 423/806/384 752/805/382 751/807/385
f 423/806/383 751/807/385 424/808/386
f 424/808/386 751/807/385 750/809/387
f 424/808/386 750/809/387 425/810/388
f 425/810/388 750/809/387 749/811/389
f 425/810/388 749/811/389 426/812/390
f 426/812/390 749/811/389 748/813/391
f 426/812/392 748/813/391 427/814/393
f 427/814/394 748/813/391 747/815/432
f 427/814/393 747/815/395 428/816/396
f 428/816/396 747/815/397 746/817/398
f 428/816/396 746/817/398 429/818/399
f 429/819/399 746/820/398 745/821/400
f 429/819/399 745/821/400 430/822/401
f 430/822/401 745/821/400 431/823/402
f 431/823/402 745/821/403 744/824/404
f 431/823/402 744/824/404 432/825/405
f 432/825/406 744/824/404 743/826/407
f 432/825/405 743/826/407 433/827/411
f 433/827/408 743/826/407 742/828/410
f 433/827/408 742/828/410 434/829/412
f 434/829/412 742/828/410 741/830/413
f 434/829/412 741/830/413 435/831/414
f 435/831/414 741/830/413 740/832/415
f 435/831/414 740/832/415 436/833/416
f 436/833/416 740/832/415 739/834/418
f 436/833/416 739/834/418 437/839/419
f 437/839/419 739/834/427 738/836/420
f 437/839/419 738/836/420 438/803/380
f 438/803/380 738/836/420 737/802/379
f 755/729/321 771/730/322 754/731/323
f 757/732/324 771/733/325 756/734/326
f 758/735/327 771/736/328 757/732/324
f 760/737/329 771/738/330 759/739/331
f 762/740/332 771/741/422 761/742/334
f 764/743/335 771/744/423 763/745/337
f 766/746/338 771/747/339 765/748/340
f 768/749/341 771/750/424 767/838/343
f 769/752/344 771/753/345 768/749/341
f 754/731/323 771/754/346 770/755/347
f 763/745/337 771/756/348 762/757/332
f 761/742/334 771/758/349 760/737/329
f 759/739/350 771/759/351 758/735/327
f 756/734/326 771/760/352 755/729/353
f 770/755/354 771/761/355 769/752/344
f 767/838/343 771/762/356 766/746/357
f 765/748/340 771/763/358 764/743/335
f 770/764/359 772/765/101 754/766/101
f 754/766/101 772/765/101 773/767/360
f 754/766/101 773/767/360 755/768/360
f 755/768/360 773/767/360 774/769/361
f 755/768/360 774/769/361 756/770/361
f 756/770/361 774/769/361 775/771/362
f 756/770/361 775/771/362 757/772/362
f 757/772/362 775/771/362 776/773/363
f 757/772/362 776/773/363 758/774/363
f 758/774/363 776/773/363 777/775/364
f 758/774/363 777/775/364 759/776/364
f 759/776/364 777/775/364 778/777/365
f 759/776/364 778/777/365 760/778/365
f 760/778/365 778/777/365 779/779/366
f 760/778/365 779/779/366 761/780/366
f 761/780/366 779/779/366 780/781/367
f 761/780/366 780/781/367 762/782/367
f 762/783/368 780/784/368 781/785/369
f 762/783/368 781/785/369 763/786/369
f 763/786/370 781/785/370 782/787/371
f 763/786/370 782/787/371 764/788/371
f 764/788/371 782/787/371 783/789/372
f 764/788/371 783/789/372 765/790/372
f 765/790/372 783/789/372 784/791/373
f 765/790/372 784/791/373 766/792/373
f 766/792/373 784/791/373 785/793/374
f 766/792/373 785/793/374 767/794/374
f 767/794/374 785/793/374 786/795/375
f 767/794/374 786/795/375 768/796/375
f 768/796/375 786/795/375 787/797/376
f 768/796/375 787/797/376 769/798/376
f 769/798/376 787/797/376 788/799/359
f 769/798/376 788/799/359 770/764/359
f 770/764/359 788/799/359 772/765/101
f 788/800/377 402/801/378 772/802/379
f 772/802/379 402/801/378 401/837/379
f 772/802/379 401/837/379 419/803/380
f 402/801/378 788/800/377 403/804/381
f 403/804/381 788/800/377 787/805/425
f 403/804/381 787/805/382 404/806/383
f 404/806/383 787/805/382 786/807/385
f 404/806/383 786/807/385 405/808/386
f 405/808/386 786/807/385 785/809/387
f 405/808/386 785/809/387 406/810/388
f 406/810/388 785/809/387 784/811/389
f 406/810/388 784/811/389 407/812/392
f 407/812/390 784/811/389 783/813/391
f 407/812/392 783/813/391 408/814/393
f 408/814/393 783/813/391 782/815/395
f 408/814/393 782/815/395 409/816/396
f 409/816/396 782/815/397 781/817/398
f 409/816/396 781/817/398 410/818/399
f 410/819/399 781/820/398 780/821/400
f 410/819/399 780/821/400 411/822/401
f 411/822/401 780/821/400 412/823/402
f 412/823/402 780/821/403 779/824/404
f 412/823/402 779/824/404 413/825/405
f 413/825/406 779/824/404 778/826/407
f 413/825/405 778/826/407 414/827/411
f 414/827/408 778/826/409 777/828/410
f 414/827/411 777/828/410 415/829/412
f 415/829/412 777/828/410 776/830/413
f 415/829/412 776/830/413 416/831/414
f 416/831/414 776/830/426 775/832/415
f 416/831/414 775/832/415 417/833/416
f 417/833/416 775/832/415 774/834/418
f 417/833/416 774/834/418 418/839/419
f 418/839/419 774/834/427 773/836/420
f 418/839/419 773/836/420 419/803/380
f 419/803/380 773/836/420 772/802/379
