# Blender 4.0.2
# www.blender.org
mtllib Axis4.mtl
o Axis4
v 7.955192 -51.564995 49.792900
v 11.099301 -48.427593 52.873669
v 9.752297 -48.521172 52.804153
v 8.418481 -48.311169 53.037937
v 7.165398 -47.808231 53.563168
v 6.056509 -47.037823 54.353252
v 5.147971 -46.038963 55.368176
v 4.485796 -44.862236 56.556534
v 4.103518 -43.567234 57.858154
v 4.020498 -42.219543 59.207115
v 1.012625 -42.273254 59.207115
v 1.012625 -51.688969 49.792900
v 73.329575 5.275085 58.035324
v 78.419724 4.717834 57.866161
v 83.323212 3.242708 57.702648
v 87.875969 0.899067 57.550255
v 91.925644 -2.234670 57.414078
v 95.336746 -6.053648 57.298676
v 97.995132 -10.430082 57.207912
v 99.811852 -15.217538 57.144817
v 100.726120 -20.255825 57.111507
v 100.707344 -25.376356 57.109108
v 99.756157 -30.407801 57.137676
v 97.904373 -35.181805 57.196270
v 95.213951 -39.538624 57.282925
v 129.038940 -38.934612 56.161369
v 129.800781 -36.598068 56.137486
v 131.434998 -34.763153 56.084370
v 133.667389 -33.737740 56.010933
v 136.123367 -33.693882 55.929497
v 138.390854 -34.638939 55.853729
v 140.089401 -36.414345 55.796341
v 140.934006 -38.722198 55.766960
v 187.030914 -37.899094 54.238499
v 190.340378 -37.695679 54.128849
v 193.596237 -37.207249 54.021149
v 196.799393 -36.438629 53.915363
v 199.948654 -35.386219 53.811531
v 202.999817 -34.057961 53.711113
v 205.897079 -32.481148 53.615952
v 208.640427 -30.664019 53.526035
v 211.229416 -28.605852 53.441383
v 213.639755 -26.318352 53.362793
v 215.821960 -23.848005 53.291866
v 217.778870 -21.201321 53.228527
v 219.509964 -18.377880 53.172783
v 220.991913 -15.407022 53.125389
v 222.198013 -12.341984 53.087200
v 223.132111 -9.184867 53.058090
v 223.793594 -5.935464 53.038074
v 221.517944 -5.103828 53.114044
v 219.756927 -3.439143 53.173443
v 218.797943 -1.213119 53.206566
v 218.797531 1.210911 53.208015
v 219.755753 3.437298 53.177551
v 221.516220 5.102649 53.120148
v 223.791580 5.935147 53.045170
v 223.125473 9.198478 53.069199
v 222.186203 12.363316 53.102226
v 220.978943 15.423160 53.144081
v 219.502853 18.377682 53.194790
v 217.763962 21.210436 53.254143
v 215.801178 23.860704 53.320816
v 213.621552 26.324228 53.394562
v 211.222565 28.598825 53.475479
v 208.621078 30.665056 53.562988
v 205.872421 32.482990 53.655231
v 202.981537 34.053894 53.752048
v 199.946320 35.374126 53.853504
v 196.798004 36.426025 53.958549
v 193.595413 37.194420 54.065228
v 190.340195 37.682709 54.173489
v 187.031433 37.886055 54.283352
v 140.932068 38.709259 55.812870
v 140.084335 36.406425 55.839622
v 138.386032 34.635784 55.894905
v 136.121292 33.693546 55.969463
v 133.668976 33.737339 56.050827
v 131.439316 34.759834 56.125389
v 129.805328 36.589977 56.180668
v 129.040359 38.921612 56.207420
v 29.802885 40.693710 59.499992
v 28.944056 -7.400700 59.500000
v 29.825621 -3.849679 59.472862
v 31.540663 -0.617726 59.417892
v 33.987137 2.102873 59.338360
v 37.019493 4.150243 59.238995
v 40.457302 5.402575 59.125710
v 44.096039 5.785358 59.005245
v 18.956848 41.659882 -59.500008
v 27.886000 41.213478 -59.500008
v 29.801357 41.111156 -59.500008
v 26.378302 38.713928 -59.500008
v 23.528130 35.657696 -59.500008
v 21.375282 32.075901 -59.500008
v 20.013750 28.124920 -59.500008
v 19.502981 23.977255 -59.500000
v 19.234961 8.975079 -59.500000
v 19.597664 4.809686 -59.500000
v 20.818480 0.810729 -59.500000
v 22.844051 -2.847021 -59.500000
v 25.585850 -6.003694 -59.500000
v 28.924046 -8.521335 -59.500000
v 28.922356 -8.615979 -59.500000
v 28.348843 -40.732662 -59.499992
v 28.346256 -40.745224 -59.499992
v 28.338945 -40.757866 -59.499992
v 28.310156 -40.783394 -59.499992
v 28.195980 -40.835342 -59.499992
v 27.742493 -40.942379 -59.499992
v 26.992922 -41.052700 -59.499992
v 25.954775 -41.165199 -59.499992
v 24.638445 -41.278751 -59.499992
v 23.057112 -41.392216 -59.499992
v 19.165276 -41.614368 -59.499992
v 17.861876 -41.679451 -59.499992
v 15.999044 -41.712715 -59.499992
v 15.501398 -39.425137 -59.499992
v 14.166215 -37.502129 -59.499992
v 12.196763 -36.236454 -59.499992
v 9.892874 -35.820797 -59.499992
v 7.605294 -36.318443 -59.499992
v 5.682286 -37.653625 -59.499992
v 4.416611 -39.623077 -59.499992
v 4.000956 -41.926968 -59.499992
v 1.012625 -41.980331 -59.499992
v 1.000000 -41.980442 -59.499992
v 1.000000 41.980427 -59.500008
v 1.012625 41.980316 -59.500008
v 4.000956 41.926952 -59.500008
v 4.416611 39.623062 -59.500008
v 5.682286 37.653610 -59.500008
v 7.605294 36.318428 -59.500008
v 9.892874 35.820782 -59.500008
v 12.196763 36.236439 -59.500008
v 14.166215 37.502113 -59.500008
v 15.501398 39.425121 -59.500008
v 15.999044 41.712700 -59.500008
v 67.171783 -11.390746 -58.229694
v 72.312859 -10.899158 -58.059467
v 77.266403 -9.438141 -57.896030
v 81.851372 -7.061100 -57.745365
v 85.900162 -3.854924 -57.612972
v 89.264778 0.063190 -57.503696
v 91.822235 4.550025 -57.421528
v 93.479042 9.441570 -57.369473
v 94.174644 14.559030 -57.349430
v 93.883614 19.715343 -57.362137
v 92.616592 24.722029 -57.407127
v 90.419891 29.396080 -57.482765
v 87.373802 33.566643 -57.586266
v 83.589668 37.081272 -57.713860
v 79.205750 39.811371 -57.860886
v 129.040359 38.921597 -56.207436
v 129.805328 36.589962 -56.180683
v 131.439316 34.759819 -56.125404
v 133.668976 33.737324 -56.050842
v 136.121292 33.693531 -55.969479
v 138.386032 34.635769 -55.894920
v 140.084335 36.406410 -55.839638
v 140.932068 38.709244 -55.812885
v 187.030899 37.886105 -54.283386
v 190.339615 37.682770 -54.173523
v 193.594696 37.194557 -54.065269
v 196.797058 36.426304 -53.958595
v 199.945526 35.374420 -53.853542
v 202.996063 34.046803 -53.751579
v 205.892761 32.470745 -53.654564
v 208.635727 30.654432 -53.562511
v 211.224487 28.597141 -53.475430
v 213.634644 26.310656 -53.394135
v 215.816818 23.841373 -53.320286
v 217.773849 21.195757 -53.253807
v 219.505234 18.373384 -53.194710
v 220.987625 15.403646 -53.143780
v 222.194336 12.339684 -53.101940
v 223.129196 9.183580 -53.069065
v 223.791580 5.935131 -53.045170
v 221.516220 5.102633 -53.120148
v 219.755753 3.437282 -53.177551
v 218.797531 1.210895 -53.208015
v 218.797943 -1.213135 -53.206566
v 219.756927 -3.439159 -53.173443
v 221.517944 -5.103844 -53.114044
v 223.793594 -5.935480 -53.038074
v 223.128372 -9.199860 -53.058205
v 222.189819 -12.365824 -53.087460
v 220.983139 -15.426744 -53.125668
v 219.507523 -18.382296 -53.172863
v 217.768860 -21.216173 -53.228851
v 215.806137 -23.867565 -53.292381
v 213.626480 -26.332119 -53.363209
v 211.227356 -28.607660 -53.441437
v 208.625534 -30.674820 -53.526508
v 205.876434 -32.493580 -53.616615
v 202.985031 -34.065186 -53.711586
v 199.949249 -35.386002 -53.811497
v 196.800232 -36.438381 -53.915318
v 193.596909 -37.207119 -54.021111
v 190.340958 -37.695618 -54.128815
v 187.031464 -37.899044 -54.238464
v 140.934006 -38.722214 -55.766945
v 140.089401 -36.414360 -55.796326
v 138.390854 -34.638954 -55.853714
v 136.123367 -33.693897 -55.929482
v 133.667389 -33.737755 -56.010918
v 131.434998 -34.763168 -56.084354
v 129.800781 -36.598083 -56.137470
v 129.038940 -38.934628 -56.161354
v 32.118984 -10.133911 -59.393074
v 35.533096 -11.064703 -59.279285
v 39.057816 -11.379212 -59.162189
v 129.633835 -49.685101 41.015629
v 130.111389 -49.676575 41.306927
v 130.656769 -49.666836 41.414223
v 186.868988 -48.663048 41.414223
v 186.868988 -48.663048 43.153038
v 7.942691 -51.858158 49.085793
v 1.017854 -51.981815 49.085793
v 1.017854 -51.981831 -49.085777
v 7.942691 -51.858173 -49.085777
v 186.868988 -48.663063 -43.153023
v 186.868988 -48.663063 -41.414207
v 130.656769 -49.666851 -41.414207
v 130.111221 -49.676594 -41.306847
v 129.633835 -49.685116 -41.015614
v 118.231071 -49.888737 -31.381359
v 106.848938 -50.091984 -21.722738
v 106.468979 -50.098766 -21.286991
v 106.350922 -50.100876 -21.022049
v 106.307243 -50.101658 -20.735407
v 106.307243 -50.101658 20.735422
v 106.350945 -50.100876 21.021856
v 106.468430 -50.098778 21.286085
v 106.848938 -50.091984 21.722754
v 118.231071 -49.888721 31.381372
v 28.995377 -51.482224 -9.999992
v 29.483999 -51.473499 -6.757685
v 30.906446 -51.448097 -3.803471
v 33.136330 -51.408279 -1.399846
v 35.975513 -51.357578 0.239619
v 39.171722 -51.300507 0.969250
v 42.440964 -51.242126 0.724215
v 45.492748 -51.187630 -0.473713
v 48.055908 -51.141857 -2.518092
v 49.902702 -51.108879 -5.227271
v 50.869030 -51.091625 -8.360527
v 50.869030 -51.091625 -11.639459
v 49.902702 -51.108879 -14.772714
v 48.055908 -51.141857 -17.481892
v 45.492748 -51.187630 -19.526272
v 42.440964 -51.242126 -20.724199
v 39.171722 -51.300507 -20.969234
v 35.975513 -51.357578 -20.239603
v 33.136330 -51.408279 -18.600138
v 30.906446 -51.448097 -16.196514
v 29.483999 -51.473499 -13.242299
v 0.000000 41.566261 -58.500008
v 0.000000 -41.566277 -58.499992
v 0.000000 -50.981991 -49.085777
v 0.000000 -50.981976 49.085793
v 0.000000 -41.566261 58.500008
v 0.000000 41.566277 58.499992
v 0.000000 50.981991 49.085777
v 0.000000 50.981976 -49.085793
v 0.000000 0.000004 28.500000
v 0.000000 -5.236857 28.014732
v 0.000000 -10.295383 26.575459
v 0.000000 -15.003313 24.231192
v 0.000000 -19.200323 21.061758
v 0.000000 -22.743486 17.175091
v 0.000000 -25.512150 12.703547
v 0.000000 -27.412031 7.799399
v 0.000000 -28.378424 2.629652
v 0.000000 -28.378424 -2.629644
v 0.000000 -27.412031 -7.799391
v 0.000000 -25.512157 -12.703539
v 0.000000 -22.743494 -17.175083
v 0.000000 -19.200331 -21.061750
v 0.000000 -15.003321 -24.231184
v 0.000000 -10.295391 -26.575459
v 0.000000 -5.236865 -28.014732
v 0.000000 -0.000004 -28.500000
v 0.000000 5.236857 -28.014732
v 0.000000 10.295383 -26.575459
v 0.000000 15.003313 -24.231192
v 0.000000 19.200323 -21.061758
v 0.000000 22.743486 -17.175091
v 0.000000 25.512150 -12.703547
v 0.000000 27.412031 -7.799399
v 0.000000 28.378424 -2.629652
v 0.000000 28.378424 2.629644
v 0.000000 27.412031 7.799391
v 0.000000 25.512157 12.703539
v 0.000000 22.743494 17.175083
v 0.000000 19.200331 21.061750
v 0.000000 15.003321 24.231184
v 0.000000 10.295391 26.575459
v 0.000000 5.236865 28.014732
v 186.868988 48.663048 -43.198071
v 186.868988 48.663048 -41.414223
v 193.707611 48.056633 -41.414223
v 200.392883 46.493999 -41.414223
v 206.791779 44.006245 -41.414223
v 212.776947 40.642864 -41.414223
v 218.229324 36.470783 -41.414223
v 223.040405 31.573019 -41.414223
v 227.114471 26.047022 -41.414223
v 230.370453 20.002748 -41.414215
v 232.743576 13.560469 -41.414215
v 234.186600 6.848365 -41.414215
v 234.670807 -0.000006 -41.414215
v 234.186600 -6.848377 -41.414215
v 232.743576 -13.560481 -41.414215
v 230.370453 -20.002764 -41.414215
v 227.114471 -26.047037 -41.414207
v 223.040405 -31.573034 -41.414207
v 218.229324 -36.470798 -41.414207
v 212.776947 -40.642879 -41.414207
v 206.791779 -44.006260 -41.414207
v 200.392883 -46.494015 -41.414207
v 193.707611 -48.056648 -41.414207
v 189.913437 -48.513268 -43.478565
v 193.845596 -48.033279 -43.375832
v 197.724716 -47.235752 -43.274899
v 201.526627 -46.126831 -43.176125
v 205.225983 -44.712528 -43.080173
v 208.426575 -43.194870 -42.997295
v 211.507950 -41.448215 -42.917641
v 214.454773 -39.483047 -42.841599
v 217.251709 -37.309868 -42.769566
v 219.883453 -34.939167 -42.701942
v 222.334641 -32.381950 -42.639122
v 224.592300 -29.652695 -42.581432
v 226.646118 -26.766956 -42.529140
v 228.485855 -23.740250 -42.482513
v 230.101334 -20.588089 -42.441795
v 231.482300 -17.326096 -42.407253
v 232.620605 -13.971914 -42.379089
v 233.512192 -10.543986 -42.357403
v 234.153488 -7.060540 -42.342281
v 234.540878 -3.539803 -42.333805
v 234.670807 -0.000006 -42.332062
v 234.540878 3.539791 -42.337105
v 234.153488 7.060528 -42.348866
v 233.512192 10.543975 -42.367237
v 232.620605 13.971903 -42.392120
v 231.482300 17.326080 -42.423412
v 230.101334 20.588074 -42.460999
v 228.485855 23.740234 -42.504658
v 226.646118 26.766941 -42.554123
v 224.592300 29.652679 -42.609104
v 222.334641 32.381935 -42.669338
v 219.883453 34.939152 -42.734547
v 217.251709 37.309853 -42.804382
v 214.454773 39.483032 -42.878437
v 211.507950 41.448200 -42.956314
v 208.426575 43.194855 -43.037601
v 205.225983 44.712513 -43.121895
v 201.527145 46.126644 -43.219151
v 197.725769 47.235474 -43.318943
v 193.847198 48.033001 -43.420609
v 189.916779 48.513111 -43.523605
v 186.868988 48.663063 43.198055
v 186.868988 48.663063 41.414207
v 130.656769 49.666851 41.414207
v 130.111389 49.676590 41.306911
v 129.633835 49.685116 41.015614
v 118.231071 49.888737 31.381357
v 106.848938 50.091984 21.722738
v 106.468430 50.098778 21.286070
v 106.350945 50.100876 21.021841
v 106.307243 50.101658 20.735407
v 106.307243 50.101658 -20.735422
v 106.350922 50.100876 -21.022064
v 106.468979 50.098766 -21.287006
v 106.848938 50.091984 -21.722754
v 118.231071 49.888721 -31.381372
v 129.633835 49.685101 -41.015629
v 130.111221 49.676579 -41.306862
v 130.656769 49.666836 -41.414223
v 9.414029 51.831882 -49.085793
v 1.017854 51.981815 -49.085793
v 1.017854 51.981831 49.085777
v 9.414029 51.831898 49.085777
v 193.707611 -48.056633 41.414223
v 200.392883 -46.493999 41.414223
v 206.791779 -44.006245 41.414223
v 212.776947 -40.642864 41.414223
v 218.229324 -36.470783 41.414223
v 223.040405 -31.573019 41.414223
v 227.114471 -26.047022 41.414223
v 230.370453 -20.002748 41.414215
v 232.743576 -13.560469 41.414215
v 234.186600 -6.848365 41.414215
v 234.670807 0.000006 41.414215
v 234.186600 6.848377 41.414215
v 232.743576 13.560481 41.414215
v 230.370453 20.002764 41.414215
v 227.114471 26.047037 41.414207
v 223.040405 31.573034 41.414207
v 218.229324 36.470798 41.414207
v 212.776947 40.642879 41.414207
v 206.791779 44.006260 41.414207
v 200.392883 46.494015 41.414207
v 193.707611 48.056648 41.414207
v 189.915848 48.513065 43.523754
v 193.847397 48.032986 43.420586
v 197.725891 47.235455 43.318924
v 201.527222 46.126637 43.219131
v 205.225983 44.712528 43.121880
v 208.426575 43.194870 43.037586
v 211.507950 41.448215 42.956299
v 214.454773 39.483047 42.878422
v 217.251709 37.309868 42.804367
v 219.883453 34.939167 42.734531
v 222.334641 32.381950 42.669323
v 224.592300 29.652695 42.609089
v 226.646118 26.766956 42.554108
v 228.485855 23.740250 42.504658
v 230.101334 20.588089 42.460999
v 231.482300 17.326096 42.423412
v 232.620605 13.971914 42.392120
v 233.512192 10.543986 42.367237
v 234.153488 7.060540 42.348866
v 234.540878 3.539803 42.337105
v 234.670807 0.000006 42.332062
v 234.540878 -3.539791 42.333805
v 234.153488 -7.060528 42.342281
v 233.512192 -10.543975 42.357403
v 232.620605 -13.971903 42.379089
v 231.482300 -17.326080 42.407253
v 230.101334 -20.588074 42.441795
v 228.485855 -23.740234 42.482513
v 226.646118 -26.766941 42.529156
v 224.592300 -29.652679 42.581448
v 222.334641 -32.381935 42.639137
v 219.883453 -34.939152 42.701958
v 217.251709 -37.309853 42.769581
v 214.454773 -39.483032 42.841614
v 211.507950 -41.448200 42.917656
v 208.426575 -43.194855 42.997311
v 205.225983 -44.712513 43.080189
v 201.526611 -46.126827 43.176140
v 197.724655 -47.235752 43.274914
v 193.845490 -48.033283 43.375851
v 189.914490 -48.513287 43.478424
v 1.000000 41.980442 59.499992
v 1.000000 -41.566261 59.500008
v 4.007873 -41.512550 59.500008
v 4.537886 -39.336823 59.500008
v 5.828757 -37.506969 59.500008
v 7.700670 -36.277889 59.500008
v 9.892874 -35.820782 59.500008
v 12.100001 -36.199329 59.500008
v 14.014602 -37.360794 59.500008
v 15.369981 -39.143391 59.500008
v 15.977336 -41.298809 59.500008
v 28.342676 -41.077999 59.500008
v 28.834251 -13.549796 59.500000
v 28.911680 -9.213738 59.500000
v 29.800743 40.706272 59.499992
v 29.793875 40.718914 59.499992
v 29.765957 40.744446 59.499992
v 29.653473 40.796406 59.499992
v 29.203165 40.903469 59.499992
v 28.456478 41.013832 59.499992
v 27.420897 41.126385 59.499992
v 26.106808 41.239998 59.499992
v 24.527388 41.353535 59.499992
v 20.638403 41.575832 59.499992
v 18.956848 41.659897 59.499992
v 15.999044 41.712715 59.499992
v 15.501398 39.425137 59.499992
v 14.166215 37.502129 59.499992
v 12.196763 36.236454 59.499992
v 9.892874 35.820797 59.499992
v 7.605294 36.318443 59.499992
v 5.682286 37.653625 59.499992
v 4.416611 39.623077 59.499992
v 4.000956 41.926968 59.499992
v 1.012625 41.980331 59.499992
v 115.007973 -45.165756 -20.585779
v 139.849060 -5.242590 -20.585787
v 139.849060 -5.242586 20.585787
v 115.007973 -45.165756 20.585794
v 140.000000 4.714288 20.585787
v 140.000000 -4.714283 20.585787
v 140.000000 -4.714288 -20.585787
v 140.000000 4.714283 -20.585787
v 115.007973 45.165756 20.585779
v 139.849060 5.242590 20.585787
v 139.849060 5.242586 -20.585787
v 115.007973 45.165756 -20.585794
v 186.683044 -38.250507 -30.999992
v 192.898849 -37.629429 -30.999996
v 198.930695 -36.005066 -30.999996
v 204.617798 -33.420734 -30.999996
v 209.808502 -29.945326 -30.999996
v 214.364426 -25.671515 -30.999996
v 218.164093 -20.713245 -30.999996
v 221.106186 -15.202718 -30.999996
v 223.112289 -9.286852 -31.000000
v 224.128891 -3.123379 -31.000000
v 224.128891 3.123371 -31.000000
v 223.112289 9.286844 -31.000000
v 221.106186 15.202710 -31.000004
v 218.164093 20.713238 -31.000004
v 214.364426 25.671507 -31.000004
v 209.808502 29.945318 -31.000004
v 204.617798 33.420719 -31.000004
v 198.930695 36.005051 -31.000004
v 192.898849 37.629414 -31.000004
v 186.683044 38.250492 -31.000008
v 130.957260 39.245598 -31.000008
v 150.414215 7.975486 -31.000000
v 150.414215 -7.975494 -31.000000
v 130.957260 -39.245613 -30.999992
v 150.414215 7.975494 31.000000
v 130.957260 39.245613 30.999992
v 186.683044 38.250507 30.999992
v 192.898849 37.629429 30.999996
v 198.930695 36.005066 30.999996
v 204.617798 33.420734 30.999996
v 209.808502 29.945326 30.999996
v 214.364426 25.671515 30.999996
v 218.164093 20.713245 30.999996
v 221.106186 15.202718 30.999996
v 223.112289 9.286852 31.000000
v 224.128891 3.123379 31.000000
v 224.128891 -3.123371 31.000000
v 223.112289 -9.286844 31.000000
v 221.106186 -15.202710 31.000004
v 218.164093 -20.713238 31.000004
v 214.364426 -25.671507 31.000004
v 209.808502 -29.945318 31.000004
v 204.617798 -33.420719 31.000004
v 198.930695 -36.005051 31.000004
v 192.898849 -37.629414 31.000004
v 186.683044 -38.250492 31.000008
v 130.957260 -39.245598 31.000008
v 150.414215 -7.975486 31.000000
v 28.343943 -41.087753 59.499958
v 28.348089 -41.097454 59.499817
v 28.365025 -41.116695 59.499245
v 28.433435 -41.154507 59.496952
v 29.663094 -41.132549 59.456181
v 29.204535 -39.527718 59.472340
v 28.927109 -37.881878 59.482517
v 28.834251 -36.215405 59.486584
v 67.339584 -6.393709 -75.500000
v 67.339584 -6.393707 -63.226948
v 39.225616 -6.382173 -64.159439
v 39.225616 -6.382174 -75.500000
v 68.125877 37.617958 -75.500000
v 68.125877 37.617958 -62.724171
v 72.358253 37.054062 -62.796082
v 76.388359 35.689911 -62.889236
v 80.358490 33.375736 -62.725964
v 83.761642 30.287714 -62.585205
v 86.449501 26.560423 -62.473095
v 88.304939 22.356298 -62.394508
v 89.247093 17.858559 -62.352894
v 89.234894 13.263215 -62.350052
v 88.268883 8.770540 -62.386105
v 86.391159 4.576323 -62.459480
v 83.683548 0.863351 -62.566990
v 80.264053 -2.206563 -62.703938
v 76.281700 -4.499632 -62.864361
v 71.910042 -5.915920 -63.041267
v 71.866356 -5.925128 -75.500000
v 76.200027 -4.535700 -75.500000
v 80.155373 -2.284811 -75.500000
v 83.563316 0.731330 -75.500000
v 86.278214 4.383805 -75.500000
v 88.184006 8.516500 -75.500000
v 89.199249 12.952771 -75.500000
v 89.280540 17.503004 -75.500000
v 88.424408 21.972708 -75.500000
v 86.667450 26.170839 -75.500000
v 84.084747 29.917959 -75.500000
v 80.786713 33.053909 -75.500000
v 76.914299 35.444645 -75.500000
v 72.633018 36.987984 -75.500000
v 40.029430 38.610649 -75.500000
v 40.029430 38.610649 -64.500000
v 38.152748 38.676956 -63.424286
v 40.029430 38.610649 -63.382954
v 53.865047 38.121815 -63.067585
v 24.502184 23.887939 -75.500000
v 24.502184 23.887939 -64.500000
v 24.946844 27.254799 -64.500000
v 26.137487 30.435339 -64.500000
v 28.013081 33.266529 -64.500000
v 30.477480 35.603237 -64.500000
v 33.404362 37.325687 -64.500000
v 36.643696 38.345585 -64.500000
v 36.643696 38.345585 -75.500000
v 33.404362 37.325687 -75.500000
v 30.477480 35.603237 -75.500000
v 28.013081 33.266529 -75.500000
v 26.137487 30.435339 -75.500000
v 24.946844 27.254799 -75.500000
v 24.234161 8.885765 -64.500000
v 24.234161 8.885763 -75.500000
v 24.558277 5.505168 -75.500000
v 25.634552 2.284128 -75.500000
v 27.407820 -0.612248 -75.500000
v 29.787182 -3.035492 -75.500000
v 32.650669 -4.861388 -75.500000
v 35.851505 -5.996342 -75.500000
v 36.582077 -6.146291 -64.276535
v 34.021492 -5.448198 -64.390327
v 31.624020 -4.309748 -64.497253
v 31.582939 -4.285484 -64.498779
v 31.541922 -4.261082 -64.499695
v 31.500977 -4.236545 -64.500000
v 28.997330 -2.348315 -64.500000
v 26.940981 0.019191 -64.500000
v 25.421803 2.762501 -64.500000
v 24.506189 5.761720 -64.500000
v 29.501385 23.798626 -80.500000
v 30.057377 26.912540 -80.500000
v 31.558136 29.697016 -80.500000
v 33.853504 31.873451 -80.500000
v 36.713818 33.224075 -80.500000
v 39.852886 33.613758 -80.500000
v 67.949326 32.621067 -80.500000
v 71.956779 31.995697 -80.500000
v 75.702316 30.439497 -80.500000
v 78.973038 28.040928 -80.500000
v 81.583054 24.936317 -80.500000
v 83.384010 21.302126 -80.500000
v 84.273537 17.344915 -80.500000
v 84.201088 13.289606 -80.500000
v 83.170776 9.366695 -80.500000
v 81.241158 5.799152 -80.500000
v 78.521919 2.789751 -80.500000
v 75.167603 0.509541 -80.500000
v 71.368874 -0.911877 -80.500000
v 67.341637 -1.393710 -80.500000
v 39.227665 -1.382176 -80.500000
v 36.104523 -0.880615 -80.500000
v 33.294277 0.571321 -80.500000
v 31.078115 2.828356 -80.500000
v 29.677773 5.664662 -80.500000
v 29.233364 8.796451 -80.500000
v 73.408058 0.272889 66.500000
v 73.408058 0.272889 63.032574
v 44.174522 0.783162 64.002495
v 44.174522 0.783162 66.500000
v 41.275082 0.406266 64.146416
v 38.608585 -0.793163 64.278015
v 36.402992 -2.712587 64.386040
v 34.846855 -5.187917 64.461266
v 34.073204 -8.007544 64.497253
v 34.000000 -9.215316 64.499222
v 34.000000 -9.215316 66.500000
v 34.500278 -6.091966 66.500000
v 35.951061 -3.281126 66.500000
v 38.207188 -1.064037 66.500000
v 41.042919 0.337469 66.500000
v 34.000000 -13.552756 64.497253
v 34.000000 -36.218365 64.483826
v 34.000000 -36.218365 66.500000
v 78.126968 -0.300948 66.500000
v 82.627037 -1.832895 66.500000
v 86.715904 -4.257472 66.500000
v 90.218819 -7.471048 66.500000
v 92.986038 -11.336266 66.500000
v 94.899300 -15.687917 66.500000
v 95.876823 -20.339998 66.500000
v 95.876823 -25.093674 66.500000
v 94.899300 -29.745758 66.500000
v 92.986038 -34.097412 66.500000
v 90.218819 -37.962631 66.500000
v 86.715904 -41.176205 66.500000
v 82.627037 -43.600784 66.500000
v 78.126968 -45.132729 66.500000
v 73.408058 -45.706566 66.500000
v 73.408058 -45.706566 54.493843
v 75.444695 -45.580460 54.524559
v 77.462128 -45.274288 54.783089
v 79.444473 -44.790459 55.267395
v 81.376114 -44.132786 55.973660
v 83.241844 -43.306446 56.896324
v 85.026962 -42.317951 58.028122
v 86.717422 -41.175083 59.360138
v 88.299896 -39.886845 60.881882
v 89.712463 -38.511044 61.957027
v 91.113068 -36.889023 62.290844
v 93.584030 -32.976711 62.193886
v 95.221619 -28.648874 62.130878
v 95.959511 -24.080790 62.104370
v 95.767815 -19.457466 62.115444
v 94.654297 -14.966146 62.163647
v 92.664055 -10.788730 62.247028
v 89.877693 -7.094400 62.362206
v 86.408058 -4.032780 62.504520
v 82.395676 -1.727864 62.668205
v 78.003044 -0.273000 62.846630
v 44.174522 -46.216839 55.475307
v 44.174522 -46.216839 66.500000
v 41.042919 -45.771149 66.500000
v 38.207188 -44.369640 66.500000
v 35.951061 -42.152554 66.500000
v 34.500278 -39.341713 66.500000
v 34.061905 -37.329346 64.479759
v 34.246857 -38.426575 64.469582
v 34.552563 -39.496460 64.453423
v 34.814411 -40.170456 64.334732
v 35.113014 -40.803280 64.017380
v 35.748482 -41.867474 62.871426
v 37.379955 -43.713364 59.883038
v 39.413204 -45.104382 57.568829
v 40.542686 -45.601700 56.710281
v 41.724823 -45.956104 56.069248
v 42.941612 -46.162197 55.655487
v 39.000000 -36.218365 71.500000
v 39.388996 -38.151917 71.500000
v 40.495453 -39.784615 71.500000
v 42.147213 -40.862411 71.500000
v 44.087261 -41.217602 71.500000
v 73.320793 -40.707329 71.500000
v 77.272614 -40.197083 71.500000
v 81.015228 -38.829594 71.500000
v 84.365105 -36.671928 71.500000
v 87.157967 -33.829895 71.500000
v 89.256836 -30.442869 71.500000
v 90.558800 -26.676956 71.500000
v 91.000000 -22.716837 71.500000
v 90.558800 -18.756718 71.500000
v 89.256836 -14.990805 71.500000
v 87.157967 -11.603781 71.500000
v 84.365105 -8.761748 71.500000
v 81.015228 -6.604083 71.500000
v 77.272614 -5.236596 71.500000
v 73.320793 -4.726350 71.500000
v 44.087261 -4.216076 71.500000
v 42.147213 -4.571267 71.500000
v 40.495453 -5.649063 71.500000
v 39.388996 -7.281760 71.500000
v 39.000000 -9.215314 71.500000
v -1.000000 0.000004 27.500000
v -1.000000 5.204413 27.003038
v -1.000000 10.220722 25.530119
v -1.000000 14.867626 23.134468
v -1.000000 18.977177 19.902681
v -1.000000 22.400843 15.951561
v -1.000000 25.014879 11.423909
v -1.000000 26.724817 6.483367
v -1.000000 27.468851 1.308499
v -1.000000 27.220091 -3.913662
v -1.000000 25.987522 -8.994372
v -1.000000 23.815695 -13.750004
v -1.000000 20.783110 -18.008675
v -1.000000 16.999369 -21.616465
v -1.000000 12.601225 -24.442974
v -1.000000 7.747641 -26.386057
v -1.000000 2.614037 -27.375479
v -1.000000 -2.614045 -27.375479
v -1.000000 -7.747649 -26.386057
v -1.000000 -12.601233 -24.442974
v -1.000000 -16.999376 -21.616457
v -1.000000 -20.783117 -18.008667
v -1.000000 -23.815702 -13.749996
v -1.000000 -25.987522 -8.994365
v -1.000000 -27.220091 -3.913654
v -1.000000 -27.468851 1.308507
v -1.000000 -26.724817 6.483375
v -1.000000 -25.014879 11.423917
v -1.000000 -22.400835 15.951569
v -1.000000 -18.977169 19.902689
v -1.000000 -14.867619 23.134476
v -1.000000 -10.220715 25.530119
v -1.000000 -5.204405 27.003038
v -19.000000 0.000004 27.500000
v -19.000000 -5.204405 27.003038
v -19.000000 -10.220715 25.530119
v -19.000000 -14.867619 23.134476
v -19.000000 -18.977169 19.902689
v -19.000000 -22.400835 15.951569
v -19.000000 -25.014879 11.423917
v -19.000000 -26.724817 6.483375
v -19.000000 -27.468851 1.308507
v -19.000000 -27.220091 -3.913654
v -19.000000 -25.987522 -8.994365
v -19.000000 -23.815702 -13.749996
v -19.000000 -20.783117 -18.008667
v -19.000000 -16.999376 -21.616457
v -19.000000 -12.601233 -24.442974
v -19.000000 -7.747649 -26.386057
v -19.000000 -2.614045 -27.375479
v -19.000000 2.614037 -27.375479
v -19.000000 7.747641 -26.386057
v -19.000000 12.601225 -24.442974
v -19.000000 16.999369 -21.616465
v -19.000000 20.783110 -18.008675
v -19.000000 23.815695 -13.750004
v -19.000000 25.987522 -8.994372
v -19.000000 27.220091 -3.913662
v -19.000000 27.468851 1.308499
v -19.000000 26.724817 6.483367
v -19.000000 25.014879 11.423909
v -19.000000 22.400843 15.951561
v -19.000000 18.977177 19.902681
v -19.000000 14.867626 23.134468
v -19.000000 10.220722 25.530119
v -19.000000 5.204413 27.003038
v -20.000000 0.000004 26.500000
v -20.000000 5.169898 25.990810
v -20.000000 10.141115 24.482807
v -20.000000 14.722615 22.033941
v -20.000000 18.738335 18.738327
v -20.000000 22.033949 14.722609
v -20.000000 24.482807 10.141108
v -20.000000 25.990810 5.169890
v -20.000000 26.500000 -0.000004
v -20.000000 25.990810 -5.169898
v -20.000000 24.482807 -10.141115
v -20.000000 22.033941 -14.722615
v -20.000000 18.738327 -18.738335
v -20.000000 14.722609 -22.033949
v -20.000000 10.141108 -24.482807
v -20.000000 5.169890 -25.990810
v -20.000000 -0.000004 -26.500000
v -20.000000 -5.169898 -25.990810
v -20.000000 -10.141115 -24.482807
v -20.000000 -14.722615 -22.033941
v -20.000000 -18.738335 -18.738327
v -20.000000 -22.033949 -14.722609
v -20.000000 -24.482807 -10.141108
v -20.000000 -25.990810 -5.169890
v -20.000000 -26.500000 0.000004
v -20.000000 -25.990810 5.169898
v -20.000000 -24.482807 10.141115
v -20.000000 -22.033941 14.722615
v -20.000000 -18.738327 18.738335
v -20.000000 -14.722609 22.033949
v -20.000000 -10.141108 24.482807
v -20.000000 -5.169890 25.990810
v 129.839783 -39.703094 -30.707100
v 149.600372 -7.944998 -30.707108
v 140.186157 -5.255221 -21.292892
v 115.547653 -44.852814 -21.292885
v 122.693954 -42.314602 -26.019556
v 130.523773 -39.921085 -31.253407
v 130.651550 -49.374004 -40.707100
v 186.863754 -48.370216 -40.707100
v 186.695663 -38.957500 -31.292885
v 130.969879 -39.952606 -31.292885
v 193.661240 -47.767448 -40.707100
v 200.306274 -46.214222 -40.707100
v 206.666656 -43.741436 -40.707100
v 212.615814 -40.398296 -40.707100
v 218.035370 -36.251324 -40.707100
v 222.817505 -31.383032 -40.707100
v 226.867050 -25.890291 -40.707100
v 230.103439 -19.882391 -40.707108
v 232.462280 -13.478877 -40.707108
v 233.896606 -6.807165 -40.707108
v 234.377914 -0.000006 -40.707108
v 233.896606 6.807153 -40.707108
v 232.462280 13.478865 -40.707108
v 230.103439 19.882376 -40.707108
v 226.867050 25.890276 -40.707115
v 222.817505 31.383017 -40.707115
v 218.035370 36.251308 -40.707115
v 212.615814 40.398281 -40.707115
v 206.666656 43.741421 -40.707115
v 200.306274 46.214207 -40.707115
v 193.661240 47.767433 -40.707115
v 186.863754 48.370201 -40.707115
v 186.695663 38.957485 -31.292900
v 192.712875 38.381077 -31.292900
v 198.568527 36.880917 -31.292896
v 204.121674 34.493111 -31.292896
v 209.238678 31.275137 -31.292896
v 213.796371 27.304432 -31.292896
v 217.685059 22.676571 -31.292896
v 220.811172 17.502932 -31.292896
v 223.099442 11.908035 -31.292892
v 224.494812 6.026539 -31.292892
v 224.963699 -0.000004 -31.292892
v 224.494812 -6.026548 -31.292892
v 223.099442 -11.908043 -31.292892
v 220.811172 -17.502939 -31.292889
v 217.685059 -22.676579 -31.292889
v 213.796371 -27.304440 -31.292889
v 209.238678 -31.275145 -31.292889
v 204.121674 -34.493126 -31.292889
v 198.568527 -36.880932 -31.292889
v 192.712875 -38.381092 -31.292885
v 140.292892 4.881649 -21.292892
v 140.292892 -4.881655 -21.292892
v 149.707108 -7.571434 -30.707108
v 149.707108 7.571424 -30.707108
v 114.885277 -45.420197 -21.142750
v 112.984489 -46.534512 -21.182436
v 111.080002 -47.643082 -21.205263
v 107.263596 -49.847668 -21.230694
v 112.987595 -49.691280 -26.018517
v 118.706451 -49.547344 -30.812876
v 130.138611 -49.284271 -40.408928
v 129.947357 -39.846008 -30.909533
v 129.825760 -39.899887 -30.838980
v 122.657455 -42.592979 -26.219885
v 119.060913 -43.942818 -23.931648
v 117.255730 -44.615913 -22.797434
v 115.443092 -45.283218 -21.671659
v 115.136169 -45.379227 -21.441769
v 113.382858 -47.295113 -22.999842
v 115.765350 -46.916821 -24.822861
v 114.574104 -47.105968 -23.911352
v 118.147850 -46.538536 -26.645880
v 112.191612 -47.484261 -22.088333
v 125.312729 -45.400898 -32.128254
v 120.530342 -46.160244 -28.468899
v 130.651550 49.373989 -40.707115
v 130.523773 39.921070 -31.253422
v 130.969879 39.952591 -31.292900
v 115.547653 44.852814 -21.292900
v 140.186157 5.255217 -21.292892
v 149.600372 7.944990 -30.707108
v 129.839783 39.703079 -30.707115
v 122.693962 42.314587 -26.019575
v 115.547653 -44.852814 21.292900
v 140.186157 -5.255217 21.292892
v 149.600372 -7.944990 30.707108
v 129.839783 -39.703079 30.707115
v 122.693962 -42.314587 26.019575
v 114.686546 -45.487839 20.859283
v 106.782814 -49.971603 20.735422
v 106.782814 -49.971603 -20.735407
v 114.686546 -45.487839 -20.859268
v 114.652344 -45.507240 -20.585779
v 114.652344 -45.507240 20.585794
v 129.947357 39.845993 -30.909548
v 130.138611 49.284256 -40.408943
v 118.706451 49.547329 -30.812889
v 112.987595 49.691265 -26.018532
v 107.263596 49.847672 -21.230709
v 111.080002 47.643085 -21.205278
v 112.984497 46.534508 -21.182451
v 114.885277 45.420197 -21.142765
v 115.137390 45.378914 -21.442892
v 115.443092 45.283218 -21.671675
v 117.255722 44.615913 -22.797447
v 119.060921 43.942818 -23.931667
v 122.657463 42.592960 -26.219904
v 129.825760 39.899872 -30.838995
v 125.312729 45.400883 -32.128269
v 124.848984 47.420162 -33.867130
v 127.482925 47.191528 -35.982708
v 127.703918 45.021210 -33.957943
v 122.921532 45.780556 -30.298592
v 122.215050 47.648792 -31.751556
v 119.581108 47.877426 -29.635981
v 120.530342 46.160229 -28.468914
v 149.707108 7.571434 30.707108
v 149.707108 -7.571424 30.707108
v 140.292892 -4.881649 21.292892
v 140.292892 4.881655 21.292892
v 129.947357 -39.845993 30.909548
v 130.138611 -49.284256 40.408943
v 118.706451 -49.547329 30.812889
v 112.987595 -49.691265 26.018532
v 107.263596 -49.847668 21.230709
v 111.080002 -47.643085 21.205278
v 112.984497 -46.534508 21.182451
v 114.885277 -45.420197 21.142765
v 115.137390 -45.378914 21.442892
v 115.443092 -45.283218 21.671675
v 117.255722 -44.615913 22.797447
v 119.060921 -43.942818 23.931667
v 122.657463 -42.592960 26.219904
v 129.825760 -39.899872 30.838995
v 125.312729 -45.400883 32.128269
v 124.848984 -47.420162 33.867130
v 127.482925 -47.191528 35.982708
v 127.703918 -45.021210 33.957943
v 122.921532 -45.780556 30.298592
v 122.215050 -47.648792 31.751556
v 119.581108 -47.877426 29.635981
v 120.530342 -46.160229 28.468914
v 114.686546 45.487839 -20.859283
v 106.782814 49.971603 -20.735422
v 106.782814 49.971603 20.735407
v 114.686546 45.487839 20.859268
v 114.652344 45.507240 20.585779
v 114.652344 45.507240 -20.585794
v 129.839783 39.703094 30.707100
v 149.600372 7.944998 30.707108
v 140.186157 5.255221 21.292892
v 115.547653 44.852814 21.292885
v 122.693954 42.314602 26.019556
v 186.695663 -38.957485 31.292900
v 186.863754 -48.370201 40.707115
v 130.651550 -49.373989 40.707115
v 130.523773 -39.921070 31.253422
v 130.969879 -39.952591 31.292900
v 114.885277 45.420197 21.142750
v 112.984489 46.534512 21.182436
v 111.080002 47.643082 21.205263
v 107.263596 49.847668 21.230694
v 112.987595 49.691280 26.018517
v 118.706451 49.547344 30.812874
v 130.138611 49.284271 40.408928
v 129.947357 39.846008 30.909533
v 129.825760 39.899887 30.838980
v 122.657455 42.592979 26.219885
v 119.060913 43.942818 23.931648
v 117.255730 44.615913 22.797434
v 115.443092 45.283218 21.671659
v 115.136169 45.379227 21.441769
v 113.382858 47.295113 22.999842
v 115.765350 46.916821 24.822861
v 114.574104 47.105968 23.911352
v 118.147850 46.538536 26.645880
v 112.191612 47.484261 22.088333
v 125.312729 45.400898 32.128254
v 120.530342 46.160244 28.468899
v 186.695663 38.957500 31.292885
v 186.863754 48.370216 40.707100
v 193.661240 47.767448 40.707100
v 200.306274 46.214222 40.707100
v 206.666656 43.741436 40.707100
v 212.615814 40.398296 40.707100
v 218.035370 36.251324 40.707100
v 222.817505 31.383032 40.707100
v 226.867050 25.890291 40.707100
v 230.103439 19.882391 40.707108
v 232.462280 13.478877 40.707108
v 233.896606 6.807165 40.707108
v 234.377914 0.000006 40.707108
v 233.896606 -6.807153 40.707108
v 232.462280 -13.478865 40.707108
v 230.103439 -19.882376 40.707108
v 226.867050 -25.890276 40.707115
v 222.817505 -31.383017 40.707115
v 218.035370 -36.251308 40.707115
v 212.615814 -40.398281 40.707115
v 206.666656 -43.741421 40.707115
v 200.306274 -46.214207 40.707115
v 193.661240 -47.767433 40.707115
v 192.712875 -38.381077 31.292900
v 198.568527 -36.880917 31.292896
v 204.121674 -34.493111 31.292896
v 209.238678 -31.275137 31.292896
v 213.796371 -27.304432 31.292896
v 217.685059 -22.676571 31.292896
v 220.811172 -17.502932 31.292896
v 223.099442 -11.908035 31.292892
v 224.494812 -6.026539 31.292892
v 224.963699 0.000004 31.292892
v 224.494812 6.026548 31.292892
v 223.099442 11.908043 31.292892
v 220.811172 17.502939 31.292889
v 217.685059 22.676579 31.292889
v 213.796371 27.304440 31.292889
v 209.238678 31.275145 31.292889
v 204.121674 34.493126 31.292889
v 198.568527 36.880932 31.292889
v 192.712875 38.381092 31.292885
v 130.969879 39.952606 31.292885
v 130.523773 39.921085 31.253407
v 130.651550 49.374004 40.707100
v 17.562960 -41.977715 59.207115
v 15.989960 -42.005802 59.207115
v 15.910830 -43.626320 57.588268
v 15.660108 -44.172089 57.037060
v 15.260124 -45.031689 56.169163
v 14.072067 -46.644611 54.563248
v 12.282266 -47.923195 53.333992
v 11.511398 -48.252831 53.033043
v 7.950688 -51.570938 49.786991
v 7.949189 -51.576778 49.781033
v 186.873596 -48.381699 43.848335
v 187.033630 -38.616711 53.933910
v 140.936722 -39.439861 55.462364
v 140.942322 -40.709026 54.150173
v 140.680283 -41.960060 52.870537
v 140.162354 -43.136829 51.680870
v 139.411758 -44.186546 50.634552
v 138.462189 -45.062107 49.778515
v 137.356247 -45.724236 49.151176
v 136.143539 -46.143219 48.780678
v 134.878494 -46.300262 48.683643
v 133.617844 -46.188320 48.864426
v 132.418182 -45.812416 49.314911
v 131.333298 -45.189411 50.014893
v 130.411880 -44.347260 50.932964
v 129.695267 -43.323742 52.027935
v 129.215607 -42.164783 53.250679
v 128.994431 -40.922382 54.546333
v 129.041656 -39.652275 55.856777
v 95.216682 -40.256290 56.978329
v 94.297806 -40.227341 57.055683
v 93.586044 -40.172215 57.149403
v 92.872597 -40.125229 57.234795
v 92.158974 -40.079189 57.319221
v 91.446136 -40.029278 57.407604
v 89.519547 -41.597652 55.885860
v 87.461494 -42.989044 54.553844
v 85.288185 -44.192493 53.422047
v 83.016747 -45.198524 52.499382
v 80.665054 -45.999210 51.793118
v 78.251640 -46.588253 51.308811
v 75.795502 -46.961002 51.050282
v 73.315994 -47.114532 51.019566
v 44.082458 -47.624805 52.001026
v 42.233093 -47.542843 52.181210
v 40.407906 -47.233700 52.594971
v 38.634701 -46.702095 53.236004
v 36.940475 -45.956116 54.094551
v 35.351044 -45.007130 55.157532
v 33.890606 -43.869591 56.408760
v 32.581409 -42.560822 57.829178
v 31.443396 -41.100758 59.397148
v 30.553244 -41.116653 59.426666
v 26.024054 -41.285255 59.486164
v 23.887314 -41.409840 59.467670
v 22.039909 -41.527290 59.441624
v 20.496264 -41.636684 59.408222
v 19.268433 -41.737171 59.367729
v 18.366007 -41.827961 59.320457
v 17.796032 -41.908352 59.266781
v 17.637209 -41.944447 59.237667
v 17.589499 -41.961437 59.222569
v 224.479996 6.046443 52.729156
v 226.621460 5.955132 50.480698
v 228.715118 4.963982 48.396732
v 229.652145 4.086440 47.496334
v 230.430328 2.941379 46.762497
v 230.960556 1.553118 46.269321
v 231.152069 0.015283 46.092243
v 230.964249 -1.530150 46.264828
v 230.435364 -2.924111 46.755688
v 229.659515 -4.071053 47.486347
v 228.723267 -4.952097 48.385132
v 226.630447 -5.949660 50.466862
v 224.481979 -6.046141 52.721992
v 223.808212 -9.356647 52.742203
v 222.856689 -12.573158 52.771606
v 221.628128 -15.695909 52.810165
v 220.118591 -18.722754 52.857998
v 218.355270 -21.599430 52.914272
v 216.361862 -24.296064 52.978226
v 214.138916 -26.813110 53.049843
v 211.683609 -29.143967 53.129181
v 209.046295 -31.241209 53.214634
v 206.251694 -33.092964 53.305412
v 203.300232 -34.699894 53.401505
v 200.195190 -36.052490 53.502781
v 197.003967 -37.120777 53.607044
v 193.745575 -37.905483 53.713688
v 190.420090 -38.406960 53.822712
v 186.873596 48.381290 43.893791
v 187.033630 38.604488 53.979214
v 190.404465 38.396404 53.868294
v 193.720688 37.898121 53.758984
v 196.983231 37.114506 53.651283
v 200.190414 36.042099 53.545238
v 203.282379 34.696407 53.442810
v 206.227264 33.095444 53.345055
v 209.027206 31.242855 53.251923
v 211.677155 29.137344 53.163589
v 214.120850 26.819609 53.081905
v 216.341095 24.309509 53.007442
v 218.340424 21.609226 52.940125
v 220.111649 18.723063 52.880211
v 221.615128 15.712864 52.829029
v 222.844818 12.595432 52.786770
v 223.801559 9.371093 52.753414
v 207.777649 34.958591 50.815243
v 220.547302 22.574356 50.413059
v 220.547302 -22.583649 50.388096
v 207.777649 -34.967884 50.776600
v 231.075165 9.981923 45.037300
v 228.638123 9.419856 47.707359
v 226.339127 8.889627 50.226185
v 226.880081 5.951198 50.207809
v 229.211227 6.306747 47.688988
v 231.682358 6.683643 45.018929
v 232.049164 3.350057 45.007168
v 232.172180 0.011146 45.002129
v 232.049164 -3.353208 45.003864
v 226.876297 -5.986127 50.201328
v 229.208511 -6.331512 47.682472
v 231.680923 -6.696569 45.012375
v 226.339127 -8.898920 50.216347
v 228.638123 -9.426167 47.697525
v 231.075165 -9.985070 45.027466
v 225.587036 -11.790516 50.238033
v 227.841324 -12.489659 47.719212
v 230.230972 -13.230781 45.049149
v 224.626831 -14.619903 50.266197
v 226.824036 -15.487244 47.747375
v 229.153168 -16.406662 45.077312
v 223.461914 -17.371525 50.300739
v 225.589874 -18.402443 47.781918
v 227.845596 -19.495258 45.111858
v 222.099213 -20.030499 50.341461
v 224.146149 -21.219484 47.822639
v 226.316010 -22.479860 45.152576
v 224.574051 -25.345676 45.199219
v 222.501999 -23.924412 47.869270
v 218.814835 -25.017887 50.440388
v 220.666534 -26.503357 47.921570
v 222.629410 -28.078018 45.251511
v 216.910400 -27.320122 50.498081
v 218.648895 -28.942451 47.979259
v 220.491760 -30.662193 45.309196
v 214.842728 -29.477240 50.560902
v 216.458298 -31.227804 48.042080
v 218.170868 -33.083477 45.372021
v 212.622757 -31.477022 50.628525
v 214.106354 -33.346466 48.109703
v 215.679031 -35.328159 45.439644
v 210.263412 -33.310184 50.700558
v 211.606766 -35.288609 48.181736
v 213.030762 -37.385818 45.511673
v 210.240585 -39.246525 45.587715
v 208.973221 -37.044849 48.257778
v 205.178391 -36.441257 50.856258
v 206.219437 -38.605816 48.337433
v 207.323013 -40.900337 45.667374
v 202.478561 -37.721466 50.939137
v 203.359116 -39.962124 48.420311
v 204.292557 -42.337318 45.750252
v 198.746811 -39.114700 51.053898
v 199.405533 -41.438183 48.535076
v 200.103806 -43.901176 45.865013
v 194.897873 -40.140244 51.172493
v 195.327789 -42.524689 48.653671
v 195.783508 -45.052307 45.983608
v 190.968063 -40.789505 51.293800
v 191.164368 -43.212547 48.774975
v 191.372452 -45.781078 46.104916
v 230.230972 13.227633 45.062183
v 227.841324 12.483349 47.732243
v 225.587036 11.781222 50.251064
v 229.153168 16.403515 45.093475
v 226.824036 15.480932 47.763535
v 224.626831 14.610609 50.282356
v 227.845596 19.492111 45.131062
v 225.589874 18.396132 47.801121
v 223.461914 17.362232 50.319942
v 226.316010 22.476711 45.174721
v 224.146149 21.213173 47.844780
v 222.099213 20.021206 50.363602
v 224.574051 25.342529 45.224171
v 222.501999 23.918100 47.894238
v 222.629410 28.074871 45.279152
v 220.666534 26.497046 47.949211
v 218.814835 25.008593 50.468044
v 220.491760 30.659046 45.339386
v 218.648895 28.936142 48.009445
v 216.910400 27.310829 50.528267
v 218.170868 33.080330 45.404591
v 216.458298 31.221493 48.074654
v 214.842728 29.467945 50.593475
v 215.679031 35.325012 45.474426
v 214.106354 33.340157 48.144489
v 212.622757 31.467728 50.663311
v 213.030762 37.382675 45.548485
v 211.606766 35.282299 48.218544
v 210.263412 33.300892 50.737370
v 210.240585 39.243378 45.626358
v 208.973221 37.038540 48.296421
v 207.323013 40.897186 45.707645
v 206.219437 38.599503 48.377708
v 205.178391 36.431965 50.896530
v 204.292557 42.334171 45.791939
v 203.359116 39.955811 48.462002
v 202.478561 37.712170 50.980824
v 200.103806 43.898029 45.908245
v 199.405533 41.431873 48.578304
v 198.746811 39.105408 51.097126
v 195.783508 45.049160 46.027973
v 195.327789 42.518379 48.698032
v 194.897873 40.130947 51.216854
v 191.372452 45.777931 46.149994
v 191.164368 43.206238 48.820057
v 190.968063 40.780209 51.338879
v 9.426098 51.538746 49.792885
v 1.012625 51.688984 49.792885
v 4.240028 41.952152 59.470543
v 4.452150 42.025955 59.392967
v 4.783907 42.269875 59.143162
v 5.119656 42.907150 58.499992
v 5.767907 44.482433 56.913387
v 6.907376 45.748669 55.627010
v 8.405805 46.558887 54.790165
v 10.089271 46.819046 54.499992
v 11.762376 46.498947 54.790165
v 13.230923 45.635746 55.627010
v 14.324457 44.329636 56.913387
v 14.916053 42.732216 58.499992
v 15.228835 42.083359 59.143162
v 15.551672 41.827747 59.392967
v 15.761024 41.746422 59.470543
v 9.420534 51.550095 49.781456
v 9.421923 51.544468 49.787193
v 129.043091 39.640034 55.903267
v 128.993210 40.913311 54.591293
v 129.212448 42.159298 53.293606
v 129.690948 43.321953 52.068573
v 130.407181 44.348972 50.971294
v 131.328949 45.194164 50.051136
v 132.414764 45.819508 49.349476
v 133.615799 46.196880 48.897881
v 134.878036 46.309303 48.716667
v 136.144699 46.151722 48.813976
v 137.358795 45.731224 49.185440
v 138.465729 45.066719 49.814346
v 139.415710 44.188103 50.672405
v 140.166000 43.134895 51.721024
v 140.682846 41.954472 52.913033
v 140.943024 40.699921 54.194813
v 140.934799 39.427681 55.508713
v 1.012625 51.688969 -49.792900
v 9.426098 51.538731 -49.792900
v 15.761024 41.746407 -59.470558
v 15.551672 41.827732 -59.392982
v 15.228835 42.083344 -59.143177
v 14.916053 42.732201 -58.500008
v 14.324457 44.329620 -56.913403
v 13.230923 45.635731 -55.627026
v 11.762376 46.498932 -54.790180
v 10.089271 46.819031 -54.500008
v 8.405805 46.558872 -54.790180
v 6.907376 45.748653 -55.627026
v 5.767907 44.482418 -56.913403
v 5.119656 42.907135 -58.500008
v 4.783907 42.269859 -59.143177
v 4.452150 42.025940 -59.392982
v 4.240028 41.952137 -59.470558
v 9.421923 51.544453 -49.787209
v 9.420534 51.550079 -49.781471
v 186.873596 48.381275 -43.893806
v 187.033630 38.604481 -53.979237
v 140.934799 39.427666 -55.508728
v 140.943024 40.699905 -54.194828
v 140.682846 41.954456 -52.913048
v 140.166000 43.134880 -51.721039
v 139.415710 44.188087 -50.672421
v 138.465729 45.066704 -49.814362
v 137.358795 45.731209 -49.185455
v 136.144699 46.151707 -48.813992
v 134.878036 46.309288 -48.716682
v 133.615799 46.196865 -48.897896
v 132.414764 45.819492 -49.349491
v 131.328949 45.194149 -50.051151
v 130.407181 44.348957 -50.971310
v 129.690948 43.321938 -52.068588
v 129.212448 42.159283 -53.293621
v 128.993210 40.913296 -54.591309
v 129.043091 39.640018 -55.903282
v 79.208565 40.529919 -57.556725
v 78.081825 40.531311 -57.613445
v 68.108841 40.550373 -58.108521
v 29.800222 41.182030 -59.433674
v 186.873596 -48.381714 -43.848320
v 187.033630 -38.616718 -53.933887
v 190.405212 -38.408558 -53.823189
v 193.722168 -37.910069 -53.714439
v 196.985413 -37.126110 -53.607635
v 200.193283 -36.053230 -53.502827
v 203.285812 -34.706963 -53.401958
v 206.231216 -33.105305 -53.306065
v 209.031601 -31.251900 -53.215096
v 211.681885 -29.145472 -53.129219
v 214.125717 -26.826803 -53.050255
v 216.345993 -24.315683 -52.978737
v 218.345261 -21.614288 -52.914593
v 220.116241 -18.727011 -52.858074
v 221.619278 -15.715797 -52.810444
v 222.848389 -12.597302 -52.771866
v 223.804428 -9.371846 -52.742317
v 224.481979 -6.046157 -52.721992
v 226.623611 -5.951347 -50.473831
v 228.716995 -4.956840 -48.391205
v 229.653687 -4.077850 -47.491879
v 230.431427 -2.931638 -46.759361
v 230.961121 -1.542640 -46.267700
v 231.152069 -0.004558 -46.092232
v 230.963684 1.540621 -46.266430
v 230.434265 2.933843 -46.758808
v 229.657974 4.079643 -47.490788
v 228.721390 4.959241 -48.390644
v 226.628311 5.953453 -50.473705
v 224.479996 6.046427 -52.729156
v 223.805328 9.355973 -52.753281
v 222.853073 12.571466 -52.786488
v 221.623901 15.693138 -52.828728
v 220.113968 18.718864 -52.880131
v 218.350372 21.594473 -52.939789
v 216.356827 24.290043 -53.006912
v 214.133942 26.806028 -53.081482
v 211.678833 29.135876 -53.163548
v 209.041779 31.232252 -53.251453
v 206.247589 33.083199 -53.344395
v 203.296692 34.689392 -53.442352
v 200.192261 36.041378 -53.545193
v 197.001617 37.109219 -53.650692
v 193.743927 37.893570 -53.758236
v 190.419281 38.394817 -53.867821
v 207.777649 -34.967899 -50.776585
v 220.547302 -22.583664 -50.388096
v 220.547302 22.574341 -50.413059
v 207.777649 34.958576 -50.815258
v 191.372452 45.777916 -46.150009
v 191.164368 43.206223 -48.820072
v 190.968063 40.780193 -51.338894
v 195.783508 45.049145 -46.027988
v 195.327789 42.518364 -48.698048
v 194.897873 40.130932 -51.216869
v 200.103806 43.898014 -45.908260
v 199.405533 41.431858 -48.578320
v 198.746811 39.105392 -51.097141
v 204.292557 42.334156 -45.791954
v 203.359116 39.955795 -48.462017
v 202.478561 37.712154 -50.980839
v 207.323013 40.897171 -45.707661
v 206.219437 38.599487 -48.377724
v 205.178391 36.431950 -50.896545
v 210.240585 39.243362 -45.626373
v 208.973221 37.038525 -48.296436
v 213.030762 37.382660 -45.548500
v 211.606766 35.282284 -48.218559
v 210.263412 33.300877 -50.737385
v 215.679031 35.324997 -45.474442
v 214.106354 33.340141 -48.144505
v 212.622757 31.467712 -50.663326
v 218.170868 33.080315 -45.404606
v 216.458298 31.221478 -48.074669
v 214.842728 29.467930 -50.593491
v 220.491760 30.659031 -45.339401
v 218.648895 28.936127 -48.009460
v 216.910400 27.310814 -50.528282
v 222.629410 28.074856 -45.279167
v 220.666534 26.497030 -47.949226
v 218.814835 25.008577 -50.468044
v 224.574051 25.342514 -45.224186
v 222.501999 23.918085 -47.894238
v 226.316010 22.476696 -45.174721
v 224.146149 21.213158 -47.844780
v 222.099213 20.021191 -50.363602
v 227.845596 19.492096 -45.131062
v 225.589874 18.396116 -47.801121
v 223.461914 17.362217 -50.319942
v 229.153168 16.403500 -45.093475
v 226.824036 15.480917 -47.763535
v 224.626831 14.610594 -50.282356
v 230.230972 13.227617 -45.062183
v 227.841324 12.483334 -47.732243
v 225.587036 11.781207 -50.251064
v 231.075165 9.981908 -45.037300
v 228.638123 9.419841 -47.707359
v 226.339127 8.889611 -50.226185
v 231.682358 6.683630 -45.018929
v 229.211227 6.306731 -47.688988
v 226.880081 5.951182 -50.207809
v 232.049164 3.350045 -45.007168
v 232.172180 -0.003277 -45.002125
v 232.049164 -3.353220 -45.003864
v 231.680771 -6.697556 -45.012379
v 229.208237 -6.333367 -47.682480
v 226.875916 -5.988698 -50.201340
v 231.075165 -9.985085 -45.027466
v 228.638123 -9.426182 -47.697525
v 226.339127 -8.898936 -50.216347
v 230.230972 -13.230796 -45.049149
v 227.841324 -12.489675 -47.719212
v 225.587036 -11.790531 -50.238033
v 229.153168 -16.406677 -45.077312
v 226.824036 -15.487259 -47.747375
v 224.626831 -14.619918 -50.266197
v 227.845596 -19.495274 -45.111858
v 225.589874 -18.402458 -47.781918
v 223.461914 -17.371540 -50.300739
v 226.316010 -22.479876 -45.152576
v 224.146149 -21.219500 -47.822639
v 222.099213 -20.030514 -50.341461
v 224.574051 -25.345692 -45.199203
v 222.501999 -23.924427 -47.869270
v 222.629410 -28.078033 -45.251495
v 220.666534 -26.503372 -47.921555
v 218.814835 -25.017902 -50.440388
v 220.491760 -30.662209 -45.309181
v 218.648895 -28.942467 -47.979244
v 216.910400 -27.320137 -50.498066
v 218.170868 -33.083492 -45.372005
v 216.458298 -31.227819 -48.042065
v 214.842728 -29.477255 -50.560886
v 215.679031 -35.328175 -45.439629
v 214.106354 -33.346481 -48.109688
v 212.622757 -31.477037 -50.628510
v 213.030762 -37.385834 -45.511658
v 211.606766 -35.288624 -48.181721
v 210.263412 -33.310200 -50.700542
v 210.240585 -39.246540 -45.587700
v 208.973221 -37.044865 -48.257763
v 207.323013 -40.900352 -45.667358
v 206.219437 -38.605831 -48.337418
v 205.178391 -36.441273 -50.856243
v 204.292557 -42.337334 -45.750237
v 203.359116 -39.962139 -48.420296
v 202.478561 -37.721481 -50.939121
v 200.103806 -43.901192 -45.864998
v 199.405533 -41.438198 -48.535061
v 198.746811 -39.114716 -51.053883
v 195.783508 -45.052322 -45.983593
v 195.327789 -42.524704 -48.653656
v 194.897873 -40.140259 -51.172478
v 191.372452 -45.781094 -46.104900
v 191.164368 -43.212563 -48.774960
v 190.968063 -40.789520 -51.293785
v 7.955192 -51.565010 -49.792885
v 1.012625 -51.688984 -49.792885
v 4.240028 -41.952152 -59.470543
v 4.452150 -42.025955 -59.392967
v 4.783907 -42.269875 -59.143162
v 5.119656 -42.907150 -58.499992
v 5.767907 -44.482433 -56.913387
v 6.907376 -45.748669 -55.627010
v 8.405805 -46.558887 -54.790165
v 10.089271 -46.819046 -54.499992
v 11.762376 -46.498947 -54.790165
v 13.230923 -45.635746 -55.627010
v 14.324457 -44.329636 -56.913387
v 14.916053 -42.732216 -58.499992
v 15.228835 -42.083359 -59.143162
v 15.551672 -41.827747 -59.392967
v 15.761024 -41.746422 -59.470543
v 7.949189 -51.576794 -49.781017
v 7.950688 -51.570953 -49.786976
v 129.041656 -39.652290 -55.856762
v 128.994431 -40.922398 -54.546318
v 129.215607 -42.164799 -53.250664
v 129.695267 -43.323757 -52.027920
v 130.411880 -44.347275 -50.932949
v 131.333298 -45.189426 -50.014877
v 132.418182 -45.812431 -49.314896
v 133.617844 -46.188335 -48.864410
v 134.878494 -46.300278 -48.683628
v 136.143539 -46.143234 -48.780663
v 137.356247 -45.724251 -49.151161
v 138.462189 -45.062122 -49.778500
v 139.411758 -44.186562 -50.634537
v 140.162354 -43.136845 -51.680855
v 140.680283 -41.960075 -52.870522
v 140.942322 -40.709042 -54.150158
v 140.936722 -39.439877 -55.462349
v 39.162052 -6.762473 -62.247742
v 39.107845 -7.845569 -60.626873
v 39.071243 -9.466688 -59.543411
v 29.914312 -6.950698 -59.856739
v 30.777897 -5.544625 -60.934502
v 31.378927 -4.616224 -62.565826
v 36.335659 -6.459821 -62.436810
v 35.135784 -6.180232 -62.486259
v 33.784496 -5.738994 -62.542057
v 32.480053 -5.174968 -62.596039
v 36.073952 -7.551228 -60.738518
v 34.787243 -7.250803 -60.785995
v 33.338291 -6.776977 -60.839561
v 31.939676 -6.171534 -60.891373
v 35.723137 -9.220526 -59.627563
v 34.302959 -8.891440 -59.675919
v 32.703228 -8.371212 -59.730476
v 31.158611 -7.705484 -59.783257
v 29.910194 -6.881615 -59.880604
v 30.746210 -5.491531 -60.964466
v 31.304819 -4.562705 -62.586582
v 67.276024 -6.774007 -61.315247
v 67.221817 -7.857101 -59.694378
v 67.185219 -9.478224 -58.610916
v 21.148071 8.940900 -59.880604
v 22.769930 8.911924 -60.964466
v 23.853621 8.892564 -62.586582
v 27.360350 -5.027462 -59.880604
v 28.425053 -3.803668 -60.964466
v 29.136463 -2.985956 -62.586582
v 25.171215 -2.758701 -59.880604
v 26.432255 -1.738383 -60.964466
v 27.274853 -1.056629 -62.586582
v 23.409309 -0.144265 -59.880604
v 24.828365 0.641573 -60.964466
v 25.776548 1.166654 -62.586582
v 22.128162 2.736403 -59.880604
v 23.662121 3.263886 -60.964466
v 24.687077 3.616338 -62.586582
v 21.366705 5.795780 -59.880604
v 22.968954 6.048876 -60.964466
v 24.039543 6.217992 -62.586582
v 76.476685 36.019947 -61.085011
v 76.830040 36.920372 -59.524136
v 77.400764 38.269737 -58.417141
v 78.111893 39.886044 -57.913334
v 79.801811 34.185074 -60.933670
v 82.765694 31.806969 -60.817928
v 84.396568 30.076920 -60.753967
v 85.835266 28.183386 -60.697296
v 87.065506 26.148083 -60.648560
v 88.071716 23.993015 -60.608356
v 88.843536 21.742920 -60.577118
v 89.372963 19.423737 -60.555161
v 89.652245 17.061407 -60.542793
v 89.678642 14.682523 -60.540146
v 89.453232 12.314207 -60.547188
v 88.977211 9.983575 -60.563896
v 88.255554 7.716896 -60.590103
v 87.298149 5.539365 -60.625443
v 86.115181 3.476153 -60.669540
v 84.719032 1.551045 -60.721943
v 83.127037 -0.215353 -60.782001
v 81.357208 -1.802777 -60.849037
v 78.204514 -3.924649 -60.968964
v 74.739784 -5.483242 -61.101334
v 72.921051 -6.035354 -61.171021
v 71.062202 -6.431080 -61.242374
v 69.176788 -6.668216 -61.314873
v 80.371674 35.114197 -59.252827
v 83.484573 32.617992 -59.140324
v 85.197571 30.801739 -59.078144
v 86.708778 28.813688 -59.023048
v 88.001083 26.676653 -58.975662
v 89.058075 24.413723 -58.936569
v 89.868889 22.050905 -58.906197
v 90.425079 19.615477 -58.884842
v 90.718483 17.134687 -58.872822
v 90.746216 14.636491 -58.870247
v 90.509430 12.149400 -58.877106
v 90.009377 9.701924 -58.893360
v 89.251274 7.321679 -58.918854
v 88.245544 5.035123 -58.953224
v 87.002914 2.868722 -58.996113
v 85.536385 0.847485 -59.047073
v 83.864212 -1.006975 -59.105469
v 82.005348 -2.673374 -59.170647
v 78.694290 -4.900383 -59.287224
v 75.055855 -6.535671 -59.415874
v 73.146118 -7.114685 -59.483589
v 71.194351 -7.529460 -59.552917
v 69.214821 -7.777703 -59.623348
v 81.274742 36.509731 -58.134071
v 84.607735 33.832169 -58.020157
v 86.441422 31.884920 -57.957199
v 88.058846 29.754084 -57.901424
v 89.441788 27.464075 -57.853451
v 90.572792 25.039627 -57.813877
v 91.440285 22.508528 -57.783127
v 92.035294 19.899897 -57.761513
v 92.349144 17.242849 -57.749336
v 92.378777 14.567235 -57.746731
v 92.125397 11.903488 -57.753662
v 91.590355 9.282036 -57.770115
v 90.779198 6.732366 -57.795910
v 89.703018 4.282763 -57.830692
v 88.373199 1.961492 -57.874104
v 86.803619 -0.204731 -57.925682
v 85.013695 -2.192728 -57.984795
v 83.023605 -3.979710 -58.050774
v 79.477966 -6.369275 -58.168804
v 75.580528 -8.125772 -58.299076
v 73.534286 -8.748598 -58.367653
v 71.442635 -9.195544 -58.437866
v 69.320839 -9.464081 -58.509205
v 21.416092 23.943077 -59.880604
v 23.037951 23.914101 -60.964466
v 24.121641 23.894741 -62.586582
v 68.093628 37.944183 -60.951782
v 68.088509 38.877373 -59.409721
v 68.111198 40.296261 -58.298382
v 70.613693 40.234692 -58.217579
v 73.115173 40.147202 -58.135235
v 75.614914 40.031746 -58.041328
v 72.547897 37.525471 -60.613480
v 72.456940 37.255798 -61.333702
v 74.518944 36.711941 -61.278427
v 74.648636 37.034092 -60.489105
v 72.946442 38.934753 -58.825069
v 75.261246 38.701263 -58.623875
v 74.821609 37.488998 -59.759686
v 72.663139 37.906429 -59.937008
v 30.646969 41.031696 -59.521862
v 32.922192 40.442326 -59.890255
v 34.831238 39.578827 -60.808487
v 36.524754 38.898304 -62.190529
v 21.835024 27.503372 -59.880611
v 23.419310 27.155087 -60.964474
v 24.477896 26.922371 -62.586590
v 22.947922 30.911106 -59.880611
v 24.432396 30.257195 -60.964474
v 25.424290 29.820265 -62.586590
v 24.711067 34.032406 -59.880611
v 26.037411 33.098557 -60.964474
v 26.923647 32.474579 -62.586590
v 27.055191 36.744652 -59.880611
v 28.171301 35.567554 -60.964474
v 28.917061 34.781040 -62.586590
v 29.888206 38.941292 -59.880611
v 30.750233 37.567184 -60.964474
v 31.326220 36.649036 -62.586590
v 33.672894 39.018898 -60.964474
v 34.056480 38.005180 -62.586590
v 37.000584 38.796200 -62.586590
v 49.379169 40.664352 -58.912514
v 48.298843 38.962944 -60.741791
v 48.309437 38.476353 -61.948624
v 48.302563 39.734024 -59.711666
v 34.171486 -39.605099 62.504250
v 33.103172 -39.955933 60.863533
v 31.516685 -40.493435 59.790928
v 33.198902 -40.765259 60.207569
v 34.711609 -41.034664 61.428349
v 31.963081 -40.539562 59.918907
v 33.441242 -40.239868 60.989258
v 34.529781 -40.310429 62.482735
v 34.564541 -40.378902 62.452911
v 33.478256 -40.277607 60.989334
v 32.017590 -40.551949 59.929379
v 44.103493 -46.860592 53.024860
v 44.134865 -46.380829 54.208725
v 36.430317 -43.047535 59.280483
v 38.190304 -44.539967 57.212578
v 38.905594 -44.980453 56.592075
v 40.801060 -45.807953 55.393684
v 42.822971 -46.243340 54.698524
v 35.542233 -42.906139 58.294041
v 37.498688 -44.589764 56.253105
v 38.293976 -45.086250 55.640209
v 40.401424 -46.018585 54.455986
v 42.649181 -46.509380 53.768738
v 34.518738 -43.062073 57.450371
v 36.729809 -44.886292 55.402309
v 37.621342 -45.422710 54.787552
v 39.972031 -46.427814 53.600014
v 42.468391 -46.954590 52.911003
v 33.603378 -36.217209 62.532192
v 32.476440 -36.216236 60.890179
v 30.797968 -36.215599 59.818291
v 29.962358 -38.577686 59.534241
v 32.637569 -38.130604 60.882671
v 30.905439 -38.418652 59.781059
v 33.781139 -37.946617 62.601784
v 73.337029 -46.350319 52.043396
v 73.368401 -45.870552 53.227261
v 33.603378 -13.551600 62.545609
v 32.476440 -13.550628 60.903595
v 30.797968 -13.549993 59.831707
v 90.210922 -39.553230 58.341026
v 89.124153 -39.504032 59.541100
v 76.461952 -45.541466 53.666298
v 77.618240 -45.337955 53.835087
v 79.870041 -44.764774 54.368690
v 82.053711 -43.970798 55.162312
v 84.147484 -42.963638 56.208809
v 86.130745 -41.753639 57.497952
v 76.593758 -45.802471 52.737564
v 77.809288 -45.587402 52.905342
v 80.176270 -44.981236 53.435760
v 82.471359 -44.141159 54.224548
v 84.671555 -43.075115 55.264568
v 86.755081 -41.793972 56.545506
v 76.744186 -46.238407 51.879719
v 78.024292 -46.013901 52.047722
v 80.518089 -45.381741 52.578827
v 82.938126 -44.505959 53.368706
v 85.260895 -43.394604 54.410202
v 87.464050 -42.058624 55.693096
v 33.610905 -9.214705 62.565422
v 32.504169 -9.214190 60.932598
v 30.852051 -9.213850 59.854877
v 32.490288 -11.388966 60.918175
v 30.747728 -11.388463 59.813786
v 33.638638 -11.389744 62.632088
v 92.186684 -39.937859 57.439629
v 92.926636 -39.835579 57.439014
v 93.664162 -39.721214 57.411057
v 94.396637 -39.584412 57.348850
v 93.088242 -38.545967 57.918224
v 92.024033 -37.684708 59.032799
v 91.337090 -37.108448 60.553532
v 90.871117 -37.657162 60.556351
v 91.810387 -39.242104 58.028728
v 89.982239 -38.556057 60.439034
v 91.378349 -39.370441 58.065701
v 90.874191 -39.138062 58.536633
v 90.402031 -38.979832 59.078274
v 89.613937 -38.906029 60.304565
v 90.781242 -38.728382 59.098217
v 91.276184 -38.946598 58.518864
v 92.240334 -39.121990 57.969906
v 91.673592 -38.762440 58.469769
v 91.154289 -38.480648 59.079117
v 90.345688 -38.197948 60.523354
v 92.870522 -38.965721 57.844990
v 92.250259 -38.511154 58.341671
v 91.691399 -38.128620 58.980701
v 33.678764 -7.966272 62.545818
v 32.559616 -7.835761 60.903912
v 30.893280 -7.636715 59.831963
v 30.781473 -8.898480 59.825947
v 30.791908 -8.420809 59.822041
v 30.798307 -8.177493 59.817791
v 32.508217 -8.939816 60.933372
v 32.520985 -8.524400 60.928501
v 32.530548 -8.312984 60.923191
v 33.644939 -8.966923 62.641258
v 33.659676 -8.591787 62.638336
v 33.671803 -8.400876 62.635132
v 73.308792 3.361719 58.415695
v 73.316414 1.739200 59.498962
v 73.351273 0.654547 61.120193
v 93.175903 -34.447262 60.410114
v 94.605431 -31.541527 60.357414
v 95.804459 -27.676369 60.314194
v 96.318398 -23.662107 60.297272
v 96.131302 -19.619246 60.307190
v 95.248390 -15.669842 60.343655
v 93.697426 -11.932388 60.405537
v 91.524284 -8.519589 60.491009
v 88.795250 -5.533908 60.597481
v 85.592789 -3.064276 60.721748
v 82.754036 -1.511160 60.831497
v 79.728798 -0.365032 60.948143
v 78.164185 0.047666 61.008358
v 76.574913 0.350998 61.069454
v 74.968666 0.543815 61.131130
v 94.091576 -35.009472 58.737221
v 95.590225 -31.964424 58.685921
v 96.847244 -27.913708 58.643845
v 97.386040 -23.706593 58.627369
v 97.189857 -19.469477 58.637024
v 96.264183 -15.330415 58.672527
v 94.638184 -11.413691 58.732765
v 92.360023 -7.837514 58.815964
v 89.499313 -4.709303 58.919586
v 86.142616 -2.122242 59.040512
v 83.167412 -0.495686 59.147289
v 79.997017 0.704230 59.260754
v 78.357445 1.136098 59.319317
v 76.692108 1.453344 59.378735
v 75.009071 1.654777 59.438709
v 95.502434 -35.848595 57.615093
v 97.101906 -32.594936 57.563190
v 98.443390 -28.267529 57.520618
v 99.018394 -23.773531 57.503952
v 98.809151 -19.247564 57.513721
v 97.821457 -14.825977 57.549637
v 96.086243 -10.641177 57.610584
v 93.654640 -6.819147 57.694759
v 90.600533 -3.474511 57.799618
v 87.015938 -0.706869 57.921993
v 83.837830 1.034578 58.030067
v 80.450333 2.320630 58.144920
v 78.698097 2.784164 58.204212
v 76.918068 3.125253 58.264366
v 75.118851 3.342587 58.325092
v 44.117737 1.164820 62.090118
v 44.082878 2.249474 60.468884
v 44.075260 3.871994 59.385620
v 42.036705 4.759305 59.156898
v 30.524963 -4.642529 59.535580
v 31.234665 -2.942441 59.512901
v 32.161022 -1.349913 59.482925
v 33.287281 0.108612 59.446198
v 34.593807 1.408195 59.403358
v 36.298679 2.680530 59.347202
v 38.103004 3.650583 59.287552
v 40.029118 4.348386 59.223671
v 32.305885 -5.246373 60.236134
v 32.920357 -3.769995 60.215050
v 33.722637 -2.386216 60.187172
v 34.698444 -1.117955 60.153004
v 35.831024 0.013151 60.113136
v 37.309864 1.122102 60.060852
v 38.876083 1.969246 60.005283
v 40.549343 2.580531 59.945744
v 42.294811 2.942904 59.883472
v 42.164742 3.833616 59.421349
v 40.290756 3.447335 59.485180
v 38.493546 2.793545 59.546230
v 36.810635 1.886069 59.603222
v 35.221035 0.696962 59.656853
v 34.003239 -0.516761 59.697758
v 32.953735 -1.878302 59.732815
v 32.090679 -3.364403 59.761425
v 31.429571 -4.950418 59.783066
v 33.732990 -5.720584 61.693169
v 34.273453 -4.420059 61.671623
v 34.979214 -3.200773 61.643143
v 35.837784 -2.082876 61.608234
v 36.834545 -1.085417 61.567509
v 38.136436 -0.106844 61.514103
v 39.515739 0.641414 61.457348
v 40.989868 1.182153 61.396538
v 42.528210 1.503727 61.332947
v 42.418678 2.148273 60.532539
v 40.787727 1.807842 60.594791
v 39.224724 1.235007 60.654312
v 37.762154 0.442085 60.709858
v 36.381557 -0.595113 60.762115
v 35.324478 -1.652473 60.801964
v 34.413898 -2.837620 60.836113
v 33.665359 -4.130351 60.863976
v 33.092121 -5.509291 60.885048
v 34.191921 -5.868315 62.603348
v 34.709969 -4.622780 62.581020
v 35.386402 -3.455244 62.551502
v 36.209202 -2.385015 62.515335
v 37.164288 -1.430340 62.473145
v 38.411518 -0.494117 62.417828
v 39.732639 0.221366 62.359055
v 41.144268 0.737972 62.296104
v 42.617046 1.044628 62.230293
v 24.614704 8.878964 -77.413414
v 25.698395 8.859604 -79.035538
v 27.320251 8.830628 -80.119400
v 39.226879 -3.295593 -80.119400
v 39.226215 -4.917709 -79.035538
v 39.225773 -6.001573 -77.413414
v 27.679468 5.706833 -80.119400
v 26.106522 5.310476 -79.035538
v 25.055511 5.045640 -77.413414
v 28.843445 2.785824 -80.119400
v 27.428982 1.991746 -79.035538
v 26.483870 1.461160 -77.413414
v 30.731094 0.271086 -80.119400
v 29.573652 -0.865396 -79.035538
v 28.800274 -1.624769 -77.413414
v 33.210918 -1.662200 -80.119400
v 32.391129 -3.061916 -79.035538
v 31.843361 -3.997176 -77.413414
v 36.110172 -2.879356 -80.119400
v 35.685139 -4.444798 -79.035538
v 35.401142 -5.490794 -77.413414
v 67.340851 -3.307127 -80.119400
v 67.340187 -4.929243 -79.035538
v 67.339745 -6.013107 -77.413414
v 24.882725 23.881140 -77.413414
v 25.966415 23.861780 -79.035538
v 27.588272 23.832804 -80.119400
v 68.016891 34.533291 -80.119400
v 68.074165 36.154400 -79.035538
v 68.112434 37.237587 -77.413414
v 86.135391 13.326624 -80.119400
v 71.232887 -2.904249 -80.119400
v 71.565804 -4.491836 -79.035538
v 71.788246 -5.552628 -77.413414
v 74.958900 -1.709644 -80.119400
v 75.611160 -3.194844 -79.035538
v 76.046989 -4.187223 -77.413414
v 78.359627 0.225629 -80.119400
v 79.303360 -1.093703 -79.035538
v 79.933937 -1.975252 -77.413414
v 81.289719 2.818852 -80.119400
v 82.484581 1.721780 -79.035538
v 83.282967 0.988739 -77.413414
v 83.623940 5.959183 -80.119400
v 85.018860 5.131262 -79.035538
v 85.950920 4.578063 -77.413414
v 85.262505 9.512399 -80.119400
v 86.797867 8.989016 -79.035538
v 87.823761 8.639302 -77.413414
v 87.745567 13.130152 -79.035538
v 88.821449 12.998871 -77.413414
v 85.469200 21.081800 -80.119400
v 87.022270 21.550007 -79.035538
v 88.060005 21.862852 -77.413414
v 88.901337 17.470428 -77.413414
v 87.821449 17.377663 -79.035538
v 86.205284 17.238829 -80.119400
v 83.958595 24.691277 -80.119400
v 85.382202 25.468843 -79.035538
v 86.333420 25.988396 -77.413414
v 81.738037 27.912981 -80.119400
v 82.971329 28.966673 -79.035538
v 83.795380 29.670727 -77.413414
v 78.902443 30.609211 -80.119400
v 79.892700 31.893991 -79.035538
v 80.554367 32.752449 -77.413414
v 75.573013 32.664719 -80.119400
v 76.277908 34.125671 -79.035538
v 76.748901 35.101849 -77.413414
v 71.892052 33.991653 -80.119400
v 72.281456 35.566334 -79.035538
v 72.541649 36.618504 -77.413414
v 40.015991 38.230278 -77.413414
v 39.977722 37.147087 -79.035538
v 39.920444 35.525982 -80.119400
v 25.460175 27.696274 -77.413414
v 26.501055 27.394064 -79.035538
v 28.058840 26.941774 -80.119400
v 27.015657 31.227444 -77.413414
v 27.941216 30.663437 -79.035538
v 29.326410 29.819342 -80.119400
v 29.440811 34.228661 -77.413414
v 30.186571 33.442146 -79.035538
v 31.302679 32.265045 -80.119400
v 32.566696 36.490856 -77.413414
v 33.080708 35.536625 -79.035538
v 33.849979 34.108521 -80.119400
v 36.175560 37.856438 -77.413414
v 36.422012 36.800964 -79.035538
v 36.790859 35.221340 -80.119400
v 44.120655 -2.302951 71.119400
v 44.148968 -0.681081 70.035538
v 44.167881 0.402618 68.413414
v 34.380604 -9.215316 68.413414
v 35.464466 -9.215314 70.035538
v 37.086582 -9.215314 71.119400
v 41.155468 -0.026113 68.413414
v 41.475975 -1.061504 70.035538
v 41.955647 -2.611077 71.119400
v 38.427666 -1.374277 68.413414
v 39.055527 -2.257764 70.035538
v 39.995190 -3.579994 71.119400
v 36.257404 -3.506983 68.413414
v 37.129803 -4.150168 70.035538
v 38.435432 -5.112763 71.119400
v 34.861839 -6.210841 68.413414
v 35.891479 -6.549370 70.035538
v 37.432446 -7.056013 71.119400
v 34.380604 -36.218365 68.413414
v 35.464466 -36.218365 70.035538
v 37.086582 -36.218365 71.119400
v 73.354187 -2.813224 71.119400
v 73.382500 -1.191354 70.035538
v 73.401413 -0.107656 68.413414
v 44.167881 -45.836296 68.413414
v 44.148968 -44.752598 70.035538
v 44.120655 -43.130726 71.119400
v 34.861839 -39.222836 68.413414
v 35.891479 -38.884308 70.035538
v 37.432446 -38.377666 71.119400
v 36.257404 -41.926697 68.413414
v 37.129803 -41.283512 70.035538
v 38.435432 -40.320915 71.119400
v 38.427666 -44.059402 68.413414
v 39.055527 -43.175915 70.035538
v 39.995190 -41.853683 71.119400
v 41.155468 -45.407566 68.413414
v 41.475975 -44.372173 70.035538
v 41.955647 -42.822601 71.119400
v 73.354187 -42.620453 71.119400
v 73.382500 -44.242325 70.035538
v 73.401413 -45.326023 68.413414
v 77.439644 -3.310030 71.119400
v 77.800858 -1.728643 70.035538
v 78.042221 -0.671994 68.413414
v 81.335625 -4.636330 71.119400
v 82.014313 -3.163018 70.035538
v 82.467796 -2.178583 68.413414
v 84.875610 -6.735435 71.119400
v 85.842758 -5.433171 70.035538
v 86.488983 -4.563026 68.413414
v 87.908295 -9.517623 71.119400
v 89.122559 -8.442068 70.035538
v 89.933907 -7.723408 68.413414
v 90.304047 -12.863977 71.119400
v 91.713531 -12.061106 70.035538
v 92.655327 -11.524646 68.413414
v 91.960472 -16.631468 71.119400
v 93.504936 -16.135595 70.035538
v 94.536919 -15.804264 68.413414
v 92.806770 -20.659063 71.119400
v 94.420204 -20.491383 70.035538
v 95.498260 -20.379341 68.413414
v 92.806770 -24.774611 71.119400
v 94.420204 -24.942291 70.035538
v 95.498260 -25.054331 68.413414
v 91.960472 -28.802204 71.119400
v 93.504936 -29.298079 70.035538
v 94.536919 -29.629410 68.413414
v 90.304047 -32.569698 71.119400
v 91.713531 -33.372570 70.035538
v 92.655327 -33.909035 68.413414
v 87.908295 -35.916054 71.119400
v 89.122559 -36.991608 70.035538
v 89.933907 -37.710270 68.413414
v 84.875610 -38.698242 71.119400
v 85.842758 -40.000507 70.035538
v 86.488983 -40.870651 68.413414
v 81.335625 -40.797348 71.119400
v 82.014313 -42.270660 70.035538
v 82.467796 -43.255096 68.413414
v 77.439644 -42.123650 71.119400
v 77.800858 -43.705036 70.035538
v 78.042221 -44.761684 68.413414
v 30.013071 -52.464211 -9.999992
v 30.502428 -52.455475 -13.090162
v 31.922598 -52.430115 -15.877846
v 34.134563 -52.390614 -18.090162
v 36.921803 -52.340843 -19.510557
v 40.011478 -52.285667 -19.999992
v 43.101154 -52.230495 -19.510557
v 45.888393 -52.180725 -18.090162
v 48.100361 -52.141224 -15.877846
v 49.520527 -52.115864 -13.090162
v 50.009884 -52.107124 -9.999992
v 49.520527 -52.115864 -6.909822
v 48.100361 -52.141224 -4.122139
v 45.888393 -52.180725 -1.909822
v 43.101154 -52.230495 -0.489427
v 40.011478 -52.285667 0.000008
v 36.921803 -52.340843 -0.489427
v 34.134563 -52.390614 -1.909822
v 31.922598 -52.430115 -4.122139
v 30.502428 -52.455475 -6.909822
v 50.063446 -55.106647 -9.999992
v 49.574089 -55.115387 -13.090162
v 48.153923 -55.140747 -15.877846
v 45.941956 -55.180244 -18.090162
v 43.154720 -55.230019 -19.510557
v 40.065041 -55.285191 -19.999992
v 36.975365 -55.340363 -19.510557
v 34.188126 -55.390137 -18.090162
v 31.976160 -55.429634 -15.877846
v 30.555992 -55.454994 -13.090162
v 30.066635 -55.463734 -9.999992
v 30.555992 -55.454994 -6.909822
v 31.976160 -55.429634 -4.122139
v 34.188126 -55.390137 -1.909822
v 36.975365 -55.340363 -0.489427
v 40.065041 -55.285191 0.000008
v 43.154720 -55.230019 -0.489427
v 45.941956 -55.180244 -1.909822
v 48.153923 -55.140747 -4.122139
v 49.574089 -55.115387 -6.909822
v 51.563210 -55.079865 -9.999992
v 51.097450 -55.088184 -13.239917
v 49.737915 -55.112461 -16.217361
v 47.594738 -55.150730 -18.691113
v 44.841553 -55.199898 -20.460760
v 41.701401 -55.255970 -21.382940
v 38.428680 -55.314411 -21.382940
v 35.288528 -55.370483 -20.460760
v 32.535343 -55.419647 -18.691113
v 30.392168 -55.457920 -16.217361
v 29.032631 -55.482197 -13.239917
v 28.566874 -55.490517 -9.999992
v 29.032631 -55.482197 -6.760068
v 30.392168 -55.457920 -3.782623
v 32.535343 -55.419647 -1.308872
v 35.288528 -55.370483 0.460776
v 38.428680 -55.314411 1.382955
v 41.701401 -55.255970 1.382955
v 44.841553 -55.199898 0.460776
v 47.594738 -55.150730 -1.308872
v 49.737915 -55.112461 -3.782623
v 51.097450 -55.088184 -6.760068
v 51.706043 -63.078590 -9.999990
v 51.240288 -63.086906 -13.239915
v 49.880749 -63.111183 -16.217361
v 47.737576 -63.149456 -18.691113
v 44.984386 -63.198620 -20.460756
v 41.844234 -63.254696 -21.382936
v 38.571514 -63.313137 -21.382936
v 35.431362 -63.369209 -20.460756
v 32.678177 -63.418373 -18.691109
v 30.535002 -63.456646 -16.217358
v 29.175465 -63.480923 -13.239915
v 28.709709 -63.489239 -9.999990
v 29.175465 -63.480923 -6.760066
v 30.535002 -63.456646 -3.782621
v 32.678177 -63.418373 -1.308870
v 35.431362 -63.369209 0.460778
v 38.571514 -63.313137 1.382957
v 41.844234 -63.254696 1.382957
v 44.984386 -63.198620 0.460778
v 47.737576 -63.149456 -1.308870
v 49.880749 -63.111183 -3.782621
v 51.240288 -63.086906 -6.760066
v 55.205486 -63.016102 -9.999990
v 54.734306 -63.024513 -13.730338
v 53.350380 -63.049229 -17.226297
v 51.140663 -63.088688 -20.268200
v 48.243996 -63.140411 -22.664911
v 44.842392 -63.201157 -24.265837
v 41.149582 -63.267097 -24.970390
v 37.397606 -63.334099 -24.734297
v 33.822205 -63.397945 -23.572395
v 30.648041 -63.454628 -21.557688
v 28.074554 -63.500584 -18.816767
v 26.263451 -63.532925 -15.521858
v 25.328527 -63.549618 -11.879990
v 25.328527 -63.549618 -8.119991
v 26.263451 -63.532925 -4.478122
v 28.074554 -63.500584 -1.183211
v 30.648041 -63.454628 1.557709
v 33.822205 -63.397945 3.572416
v 37.397606 -63.334099 4.734319
v 41.149582 -63.267097 4.970411
v 44.842392 -63.201157 4.265858
v 48.243996 -63.140411 2.664929
v 51.140663 -63.088688 0.268217
v 53.350380 -63.049229 -2.773685
v 54.734306 -63.024513 -6.269642
v 40.243584 -65.283600 5.000010
v 43.973339 -65.216995 4.528757
v 47.468739 -65.154579 3.144610
v 50.510155 -65.100266 0.934539
v 52.906483 -65.057472 -1.962588
v 54.507156 -65.028893 -5.364735
v 55.211597 -65.016312 -9.058132
v 54.975544 -65.020523 -12.810711
v 53.813828 -65.041267 -16.386677
v 51.799438 -65.077240 -19.561348
v 49.058956 -65.126183 -22.135244
v 45.764572 -65.185005 -23.946636
v 42.123283 -65.250031 -24.881710
v 38.363884 -65.317162 -24.881710
v 34.722595 -65.382187 -23.946636
v 31.428211 -65.441017 -22.135244
v 28.687729 -65.489952 -19.561348
v 26.673342 -65.525925 -16.386677
v 25.511623 -65.546669 -12.810711
v 25.275570 -65.550880 -9.058132
v 25.980009 -65.538300 -5.364735
v 27.580685 -65.509720 -1.962588
v 29.977015 -65.466927 0.934539
v 33.018433 -65.412621 3.144610
v 36.513828 -65.350197 4.528757
v 40.252335 -65.773605 4.927781
v 40.261002 -66.258896 4.711789
v 40.277748 -67.196709 3.858203
v 40.293182 -68.061005 2.472054
v 40.306709 -68.818565 0.606612
v 40.317810 -69.440285 -1.666437
v 40.326061 -69.902260 -4.259739
v 40.332855 -70.282799 -9.999989
v 54.970432 -65.996223 -9.999990
v 54.133732 -66.949280 -9.999990
v 52.763237 -67.838326 -9.999990
v 50.911621 -68.629196 -9.999990
v 48.650036 -69.291489 -9.999990
v 46.065395 -69.799767 -9.999989
v 43.257030 -70.134491 -9.999989
v 54.811226 -65.999069 -7.841324
v 51.159973 -66.064270 -0.120163
v 49.592567 -66.092255 1.372369
v 41.702778 -66.233147 4.640948
v 37.391331 -66.310135 4.429106
v 35.305542 -66.347382 3.851798
v 28.304485 -66.472404 -1.430707
v 25.677406 -66.519318 -8.079718
v 26.494354 -66.504723 -15.182216
v 27.522257 -66.486366 -17.355879
v 32.493420 -66.397598 -22.493263
v 39.298958 -66.276070 -24.680269
v 46.331688 -66.150490 -23.400415
v 53.233562 -66.027237 -16.935074
v 39.539242 -66.271782 4.694068
v 39.597866 -67.208847 3.841510
v 39.681305 -68.071930 2.457031
v 39.786350 -68.827858 0.593836
v 39.908970 -69.447586 -1.676475
v 40.044445 -69.907288 -4.266653
v 40.187572 -70.189308 -7.077160
v 40.617928 -70.181618 -7.087726
v 40.888615 -69.892212 -4.287379
v 41.134514 -69.425697 -1.706565
v 41.346172 -68.800003 0.555538
v 41.515461 -68.039177 2.411998
v 41.635872 -67.172455 3.791472
v 35.609806 -67.280067 3.048109
v 36.092144 -68.136024 1.742989
v 36.734020 -68.882362 -0.013407
v 37.510769 -69.490410 -2.153582
v 38.392536 -69.936783 -4.595290
v 39.345436 -70.204346 -7.244698
v 39.760326 -70.196938 -7.129864
v 39.206371 -69.922249 -4.370036
v 38.692272 -69.469307 -1.826563
v 38.237793 -68.855515 0.402809
v 37.860394 -68.104446 2.232407
v 37.574577 -67.244980 3.591922
v 31.498600 -66.415367 1.816622
v 32.023746 -67.344101 1.131015
v 32.864777 -68.193657 0.017650
v 33.989368 -68.931374 -1.480688
v 35.354309 -69.528915 -3.306417
v 36.907143 -69.963310 -5.389377
v 38.588192 -70.217865 -7.649520
v 38.951885 -70.211372 -7.419175
v 37.620556 -69.950569 -4.937540
v 36.390026 -69.510422 -2.650452
v 35.307587 -68.907837 -0.645802
v 34.414837 -68.165977 0.999371
v 33.746082 -67.313347 2.221845
v 33.327023 -66.382713 2.974641
v 29.859859 -66.444626 0.402809
v 30.480087 -67.371666 -0.200768
v 31.475519 -68.218460 -1.180923
v 32.807903 -68.952477 -2.499990
v 34.426037 -69.545494 -4.107278
v 36.267735 -69.974731 -5.941019
v 38.262226 -70.223686 -7.930745
v 27.068510 -66.494476 -3.493136
v 27.850693 -67.418617 -3.870668
v 29.109127 -68.260719 -4.483746
v 30.795452 -68.988411 -5.308810
v 32.844864 -69.573730 -6.314154
v 35.178604 -69.994179 -7.461142
v 37.706989 -70.233604 -8.705694
v 37.952843 -70.229210 -8.295452
v 35.660858 -69.985565 -6.656422
v 33.544991 -69.561226 -5.145881
v 31.686543 -68.972496 -3.821881
v 30.156937 -68.242012 -2.735302
v 29.014956 -67.397827 -1.927902
v 26.184950 -66.510254 -5.729386
v 27.018396 -67.433479 -5.977169
v 28.360081 -68.274094 -6.379547
v 30.158442 -68.999786 -6.921056
v 32.344368 -69.582664 -7.580887
v 34.833858 -70.000336 -8.333681
v 37.531239 -70.236740 -9.150513
v 25.559443 -66.521423 -10.481346
v 26.429182 -67.444008 -10.453418
v 27.829802 -68.283562 -10.408065
v 29.707476 -69.007835 -10.347030
v 31.990047 -69.588989 -10.272655
v 34.589798 -70.004692 -10.187804
v 37.406818 -70.238960 -10.095737
v 37.430283 -70.238541 -9.618023
v 34.635826 -70.003868 -9.250735
v 32.056870 -69.587799 -8.912242
v 29.792524 -69.006317 -8.615551
v 27.929808 -68.281776 -8.372063
v 26.540302 -67.442017 -8.191133
v 25.834204 -66.516518 -12.870116
v 26.688002 -67.439384 -12.703589
v 28.062733 -68.279404 -12.433166
v 29.905567 -69.004303 -12.069236
v 32.145687 -69.586212 -11.625785
v 34.697002 -70.002777 -11.119857
v 37.461472 -70.237984 -10.570892
v 28.278112 -67.410988 -16.929085
v 29.493795 -68.253853 -16.236012
v 31.122585 -68.982567 -15.303291
v 33.101891 -69.569138 -14.166765
v 35.355648 -69.991013 -12.870114
v 37.797249 -70.231987 -11.463165
v 37.592785 -70.235641 -11.030798
v 34.954582 -69.998177 -12.021993
v 32.519630 -69.579536 -12.935484
v 30.381510 -68.995804 -13.736166
v 28.622381 -68.269409 -14.393269
v 27.309849 -67.428276 -14.881539
v 30.562395 -66.432083 -21.060890
v 31.141863 -67.359848 -20.419130
v 32.071102 -68.207825 -19.376968
v 33.314404 -68.943428 -17.974453
v 34.823994 -69.538383 -16.265486
v 36.541855 -69.969833 -14.315739
v 38.401966 -70.221191 -12.200138
v 38.069397 -70.227127 -11.856448
v 35.889492 -69.981483 -13.641565
v 33.876915 -69.555298 -15.286738
v 32.109001 -68.964958 -16.728746
v 30.653696 -68.233139 -17.912170
v 29.566925 -67.387970 -18.791534
v 28.890453 -66.461937 -19.333042
v 32.960846 -67.327370 -21.768396
v 33.708145 -68.178596 -20.591276
v 34.706596 -68.918571 -19.007137
v 35.917831 -69.518852 -17.076860
v 37.295300 -69.956383 -14.874622
v 38.786072 -70.214333 -12.485056
v 36.920837 -66.318535 -24.327452
v 37.131382 -67.252892 -23.496164
v 37.461529 -68.111572 -22.146225
v 37.898586 -68.861572 -20.329514
v 38.425758 -69.474068 -18.115845
v 39.022793 -69.925529 -15.590287
v 39.666740 -70.198608 -12.849898
v 39.211452 -70.206734 -12.703588
v 38.129711 -69.941475 -15.303289
v 37.129208 -69.497223 -17.699188
v 36.248386 -68.891037 -19.799212
v 35.521095 -68.146217 -21.522655
v 34.975292 -67.291397 -22.803289
v 34.631943 -66.359413 -23.591900
v 39.371521 -67.212891 -23.828510
v 39.477600 -68.075569 -22.445330
v 39.613113 -68.830956 -20.583881
v 39.772858 -69.450012 -18.315699
v 39.950691 -69.908958 -15.727949
v 40.139778 -70.190155 -12.920077
v 44.068081 -66.190910 -24.210476
v 43.863937 -67.132668 -23.385975
v 43.520668 -68.003372 -22.047058
v 43.051460 -68.769554 -20.245180
v 42.474350 -69.401772 -18.049583
v 41.811508 -69.875732 -15.544645
v 41.088417 -70.173218 -12.826631
v 40.617928 -70.181618 -12.912252
v 40.888615 -69.892212 -15.712600
v 41.134514 -69.425697 -18.293413
v 41.346172 -68.800003 -20.555517
v 41.515461 -68.039177 -22.411976
v 41.635872 -67.172455 -23.791451
v 41.702778 -66.233147 -24.640926
v 45.996208 -67.094589 -22.622915
v 45.439659 -67.969101 -21.360323
v 44.683430 -68.740410 -19.661158
v 43.756580 -69.378876 -17.590721
v 42.694725 -69.859962 -15.228576
v 41.538673 -70.165176 -12.665500
v 50.316257 -66.079338 -20.737587
v 49.749592 -67.027573 -20.114586
v 48.817616 -67.908783 -19.102886
v 47.556145 -68.689110 -17.741367
v 46.013657 -69.338570 -16.082350
v 44.249428 -69.832199 -14.189591
v 42.331257 -70.151024 -12.135830
v 41.956676 -70.157715 -12.433164
v 43.514664 -69.845322 -14.772834
v 44.946945 -69.357620 -16.929085
v 46.198483 -68.713356 -18.819056
v 47.221172 -67.937294 -20.370115
v 47.975719 -67.059242 -21.522655
v 48.433125 -66.112961 -22.232386
v 51.930779 -66.050507 -18.955952
v 51.270439 -67.000412 -18.436321
v 50.186340 -67.884338 -17.592487
v 48.720150 -68.668327 -16.456879
v 46.928207 -69.322243 -15.073136
v 44.879383 -69.820946 -13.494432
v 42.652405 -70.145287 -11.781441
v 54.189808 -66.010162 -14.728936
v 53.398396 -66.962410 -14.454560
v 52.101452 -67.850143 -14.008998
v 50.348820 -68.639244 -13.409370
v 48.207848 -69.299385 -12.678723
v 45.760811 -69.805206 -11.845132
v 43.101753 -70.137268 -10.940635
v 42.911545 -70.140663 -11.379462
v 45.387703 -69.811874 -12.705925
v 47.666176 -69.309059 -13.928400
v 49.659405 -68.651550 -14.999907
v 51.290787 -67.864616 -15.879272
v 52.497635 -66.978493 -16.532696
v 54.773964 -65.999733 -12.396473
v 53.948662 -66.952583 -12.257427
v 52.596680 -67.841301 -12.031631
v 50.769974 -68.631721 -11.727757
v 48.538746 -69.293480 -11.357489
v 45.988739 -69.801140 -10.935050
v 43.217949 -70.135193 -10.476679
v 53.983761 -66.951958 -7.966571
v 52.628265 -67.840736 -8.169962
v 50.796837 -68.631241 -8.443679
v 48.559853 -69.293106 -8.777205
v 46.003277 -69.800880 -9.157719
v 43.225361 -70.135056 -9.570603
v 53.558170 -66.021446 -3.709894
v 52.803410 -66.973038 -4.074849
v 51.565979 -67.859703 -4.667504
v 49.893436 -68.647377 -5.465083
v 47.850052 -69.305779 -6.436937
v 45.514359 -69.809608 -7.545716
v 42.976112 -70.139511 -8.748810
v 43.131042 -70.136742 -9.150513
v 45.818264 -69.804184 -8.333681
v 48.291252 -69.297897 -7.580887
v 50.454975 -68.637344 -6.921056
v 52.226280 -67.847916 -6.379547
v 53.537098 -66.959938 -5.977169
v 54.337051 -66.007538 -5.729386
v 52.491447 -66.040489 -1.826563
v 51.798576 -66.990982 -2.300790
v 50.661652 -67.875854 -3.070894
v 49.124371 -68.661110 -4.107278
v 47.245804 -69.316566 -5.370116
v 45.098145 -69.817039 -6.810877
v 42.763927 -70.143295 -8.374192
v 49.067890 -67.039742 0.712538
v 48.204102 -67.919739 -0.358969
v 47.034393 -68.698433 -1.800976
v 45.603718 -69.345894 -3.558066
v 43.967056 -69.837242 -5.562716
v 42.187305 -70.153595 -7.737887
v 42.499081 -70.148026 -8.034768
v 44.578629 -69.826317 -6.145073
v 46.491581 -69.330032 -4.403518
v 48.164429 -68.678253 -2.877032
v 49.532883 -67.896011 -1.624277
v 50.544353 -67.013374 -0.693396
v 45.890057 -66.158371 3.591922
v 45.580200 -67.102020 2.803311
v 45.065266 -67.975792 1.522676
v 44.365032 -68.746094 -0.200768
v 43.506416 -69.383347 -2.300790
v 42.522408 -69.863037 -4.696689
v 41.450829 -70.166748 -7.296391
v 41.835346 -70.159882 -7.489972
v 43.276669 -69.849571 -5.076412
v 44.601429 -69.363792 -2.852063
v 45.758720 -68.721207 -0.902404
v 46.704071 -67.946526 0.697639
v 47.401146 -67.069504 1.886579
v 47.823162 -66.123856 2.618724
v 43.835102 -66.195068 4.270896
v 43.644478 -67.136589 3.442890
v 43.323158 -68.006897 2.098283
v 42.883492 -68.772552 0.288745
v 42.342377 -69.404129 -1.916183
v 41.720604 -69.877357 -4.431767
v 41.042072 -70.174049 -7.161334
v 223.906647 -4.945642 -52.034359
v 222.010269 -4.252612 -52.097668
v 220.542755 -2.865375 -52.147167
v 219.743607 -1.010355 -52.174770
v 219.743256 1.009670 -52.175980
v 220.541779 2.864992 -52.150593
v 222.008835 4.252785 -52.102757
v 223.904968 4.946533 -52.040276
v 225.605499 4.892969 -49.891411
v 227.299622 4.146734 -47.858822
v 228.083862 3.460717 -46.950222
v 228.758575 2.535267 -46.183666
v 229.242157 1.358324 -45.642422
v 229.422470 0.006605 -45.442108
v 229.243576 -1.344471 -45.640026
v 228.762787 -2.519741 -46.177345
v 228.088150 -3.448971 -46.943108
v 227.304276 -4.137462 -47.850655
v 225.609680 -4.888429 -49.882866
v 219.342056 0.005914 -43.183739
v 219.836899 -2.163505 -43.166042
v 221.223495 -3.903243 -43.119022
v 223.227219 -4.868725 -43.051991
v 225.451218 -4.868725 -42.978226
v 227.454971 -3.903243 -42.912334
v 228.841644 -2.163505 -42.867371
v 229.336563 0.005914 -42.852242
v 228.841721 2.175332 -42.869938
v 227.455124 3.915070 -42.916962
v 225.451401 4.880552 -42.983994
v 223.227417 4.880552 -43.057758
v 221.223648 3.915070 -43.123646
v 219.836990 2.175332 -43.168610
v 224.239716 0.007692 -40.015339
v 129.999298 -39.042881 -55.128887
v 130.634171 -37.095760 -55.108982
v 131.996017 -35.566662 -55.064720
v 133.856339 -34.712154 -55.003521
v 135.902985 -34.675606 -54.935661
v 137.792572 -35.463154 -54.872520
v 139.208023 -36.942657 -54.824696
v 139.911850 -38.865871 -54.800213
v 139.683807 -40.965778 -52.207691
v 139.245529 -41.946304 -51.015499
v 138.614136 -42.820961 -49.965328
v 137.817932 -43.550507 -49.104294
v 136.892639 -44.102215 -48.471031
v 135.879791 -44.451328 -48.093945
v 134.824814 -44.582184 -47.989956
v 133.775040 -44.488911 -48.163731
v 132.777588 -44.175697 -48.607475
v 131.877182 -43.656593 -49.301277
v 131.114227 -42.954887 -50.214008
v 130.522964 -42.102062 -51.304718
v 130.129913 -41.136383 -52.524475
v 129.671249 -39.581779 -46.134499
v 130.166092 -41.751198 -46.116802
v 131.552689 -43.490936 -46.069778
v 133.556412 -44.456417 -46.002747
v 135.780396 -44.456417 -45.928982
v 137.784164 -43.490936 -45.863094
v 139.170822 -41.751198 -45.818130
v 139.665756 -39.581779 -45.802998
v 139.170914 -37.412361 -45.820698
v 137.784317 -35.672623 -45.867718
v 135.780594 -34.707142 -45.934750
v 133.556610 -34.707142 -46.008514
v 131.552841 -35.672623 -46.074406
v 130.166168 -37.412361 -46.119366
v 134.568909 -39.580002 -42.966099
v 139.910233 38.856243 -54.846313
v 139.203796 36.937214 -54.868610
v 137.788544 35.461681 -54.914677
v 135.901260 34.676483 -54.976810
v 133.857666 34.712975 -55.044613
v 131.999619 35.565056 -55.106747
v 130.637955 37.090176 -55.152813
v 130.000473 39.033203 -55.175106
v 130.127213 41.132847 -52.566612
v 130.519287 42.101845 -51.344330
v 131.110229 42.957802 -50.251110
v 131.873444 43.662216 -49.336124
v 132.774612 44.183403 -48.640526
v 133.773209 44.497917 -48.195610
v 134.824295 44.591618 -48.021385
v 135.880615 44.460285 -48.125690
v 136.894638 44.109829 -48.503830
v 137.820755 43.556011 -49.138798
v 138.617325 42.823746 -50.002033
v 139.248489 41.945965 -51.054707
v 139.685883 40.962158 -52.249466
v 129.671249 39.593605 -46.181408
v 130.166092 37.424187 -46.163712
v 131.552689 35.684448 -46.116688
v 133.556412 34.718964 -46.049656
v 135.780396 34.718964 -45.975891
v 137.784164 35.684448 -45.910004
v 139.170822 37.424187 -45.865040
v 139.665756 39.593605 -45.849911
v 139.170914 41.763020 -45.867607
v 137.784317 43.502762 -45.914627
v 135.780594 44.468243 -45.981659
v 133.556610 44.468243 -46.055424
v 131.552841 43.502762 -46.121315
v 130.166168 41.763020 -46.166279
v 134.568909 39.595383 -43.013008
v 5.000000 41.819828 -49.500008
v 5.495156 43.989246 -49.500008
v 6.882551 45.728985 -49.500008
v 8.887395 46.694466 -49.500008
v 11.112605 46.694466 -49.500008
v 13.117449 45.728985 -49.500008
v 14.504844 43.989246 -49.500008
v 15.000000 41.819828 -49.500008
v 14.504844 39.650410 -49.500008
v 13.117449 37.910671 -49.500008
v 11.112605 36.945187 -49.500008
v 8.887395 36.945187 -49.500008
v 6.882551 37.910671 -49.500008
v 5.495156 39.650410 -49.500008
v 10.000000 41.819828 -46.495705
v 14.832546 40.536667 -58.500008
v 13.815906 38.588902 -58.500008
v 12.062439 37.265011 -58.500008
v 9.910729 36.820621 -58.500008
v 7.776256 37.341549 -58.500008
v 6.071174 38.727203 -58.500008
v 5.124723 40.710022 -58.500008
v 5.000000 -41.819843 -49.499992
v 5.495156 -39.650425 -49.499992
v 6.882551 -37.910686 -49.499992
v 8.887395 -36.945202 -49.499992
v 11.112605 -36.945202 -49.499992
v 13.117449 -37.910686 -49.499992
v 14.504844 -39.650425 -49.499992
v 15.000000 -41.819843 -49.499992
v 14.504844 -43.989262 -49.499992
v 13.117449 -45.729000 -49.499992
v 11.112605 -46.694481 -49.499992
v 8.887395 -46.694481 -49.499992
v 6.882551 -45.729000 -49.499992
v 5.495156 -43.989262 -49.499992
v 10.000000 -41.819843 -46.495689
v 5.124723 -40.710037 -58.499992
v 6.071174 -38.727219 -58.499992
v 7.776256 -37.341564 -58.499992
v 9.910729 -36.820637 -58.499992
v 12.062439 -37.265026 -58.499992
v 13.815906 -38.588917 -58.499992
v 14.832546 -40.536682 -58.499992
v 229.336563 0.005926 42.852242
v 228.841721 2.175344 42.869938
v 227.455124 3.915082 42.916962
v 225.451401 4.880564 42.983994
v 223.227417 4.880564 43.057758
v 221.223648 3.915082 43.123646
v 219.836990 2.175344 43.168610
v 219.342056 0.005926 43.183739
v 219.836899 -2.163493 43.166042
v 221.223495 -3.903231 43.119022
v 223.227219 -4.868712 43.051991
v 225.451218 -4.868712 42.978226
v 227.454971 -3.903231 42.912334
v 228.841644 -2.163493 42.867371
v 224.239716 0.007704 40.015339
v 223.904968 4.946549 52.040276
v 222.008835 4.252801 52.102757
v 220.541779 2.865008 52.150593
v 219.743256 1.009686 52.175980
v 219.743607 -1.010339 52.174770
v 220.542755 -2.865359 52.147167
v 222.010269 -4.252596 52.097668
v 223.906647 -4.945626 52.034359
v 225.607346 -4.888880 49.885719
v 227.301285 -4.139507 47.854145
v 228.085281 -3.452071 46.946396
v 228.759598 -2.525443 46.180935
v 229.242691 -1.347699 45.640991
v 229.422470 0.004309 45.442104
v 229.243027 1.355105 45.641453
v 228.761749 2.529579 46.180077
v 228.086746 3.457627 46.946934
v 227.302597 4.144698 47.855335
v 225.607834 4.892524 49.888569
v 139.665756 -39.581764 45.803013
v 139.170914 -37.412346 45.820713
v 137.784317 -35.672607 45.867733
v 135.780594 -34.707127 45.934765
v 133.556610 -34.707127 46.008530
v 131.552841 -35.672607 46.074421
v 130.166168 -37.412346 46.119381
v 129.671249 -39.581764 46.134514
v 130.166092 -41.751183 46.116817
v 131.552689 -43.490921 46.069794
v 133.556412 -44.456402 46.002762
v 135.780396 -44.456402 45.928997
v 137.784164 -43.490921 45.863110
v 139.170822 -41.751183 45.818146
v 134.568909 -39.579987 42.966114
v 139.911850 -38.865856 54.800228
v 139.208023 -36.942642 54.824711
v 137.792572 -35.463139 54.872536
v 135.902985 -34.675591 54.935677
v 133.856339 -34.712139 55.003536
v 131.996017 -35.566647 55.064735
v 130.634171 -37.095745 55.108997
v 129.999298 -39.042866 55.128902
v 130.129913 -41.136368 52.524490
v 130.522964 -42.102047 51.304733
v 131.114227 -42.954872 50.214024
v 131.877182 -43.656578 49.301292
v 132.777588 -44.175682 48.607491
v 133.775040 -44.488895 48.163746
v 134.824814 -44.582169 47.989971
v 135.879791 -44.451313 48.093960
v 136.892639 -44.102200 48.471046
v 137.817932 -43.550491 49.104309
v 138.614136 -42.820946 49.965343
v 139.245529 -41.946289 51.015514
v 139.683807 -40.965763 52.207706
v 139.665756 39.593620 45.849895
v 139.170914 41.763035 45.867592
v 137.784317 43.502777 45.914612
v 135.780594 44.468258 45.981644
v 133.556610 44.468258 46.055408
v 131.552841 43.502777 46.121300
v 130.166168 41.763035 46.166264
v 129.671249 39.593620 46.181393
v 130.166092 37.424202 46.163696
v 131.552689 35.684464 46.116673
v 133.556412 34.718979 46.049641
v 135.780396 34.718979 45.975876
v 137.784164 35.684464 45.909988
v 139.170822 37.424202 45.865025
v 134.568909 39.595398 43.012993
v 130.000473 39.033218 55.175091
v 130.637955 37.090191 55.152798
v 131.999619 35.565071 55.106731
v 133.857666 34.712990 55.044598
v 135.901260 34.676498 54.976795
v 137.788544 35.461697 54.914661
v 139.203796 36.937229 54.868595
v 139.910233 38.856258 54.846298
v 139.685883 40.962173 52.249451
v 139.248489 41.945980 51.054691
v 138.617325 42.823761 50.002018
v 137.820755 43.556026 49.138783
v 136.894638 44.109844 48.503815
v 135.880615 44.460300 48.125675
v 134.824295 44.591633 48.021370
v 133.773209 44.497932 48.195595
v 132.774612 44.183418 48.640511
v 131.873444 43.662231 49.336109
v 131.110229 42.957817 50.251095
v 130.519287 42.101860 51.344315
v 130.127213 41.132862 52.566597
v 15.000000 -41.819828 49.500008
v 14.504844 -39.650410 49.500008
v 13.117449 -37.910671 49.500008
v 11.112605 -36.945187 49.500008
v 8.887395 -36.945187 49.500008
v 6.882551 -37.910671 49.500008
v 5.495156 -39.650410 49.500008
v 5.000000 -41.819828 49.500008
v 5.495156 -43.989246 49.500008
v 6.882551 -45.728985 49.500008
v 8.887395 -46.694466 49.500008
v 11.112605 -46.694466 49.500008
v 13.117449 -45.728985 49.500008
v 14.504844 -43.989246 49.500008
v 10.000000 -41.819828 46.495705
v 14.981113 -41.385647 58.500008
v 14.348987 -39.352783 58.500008
v 12.928458 -37.767155 58.500008
v 10.977043 -36.916218 58.500008
v 8.848506 -36.954227 58.500008
v 6.928717 -37.874294 58.500008
v 5.565705 -39.509624 58.500008
v 5.006561 -41.563763 58.500008
v 5.318294 -43.575283 56.079887
v 6.405953 -45.295864 53.992218
v 7.188757 -45.954670 53.185005
v 8.089274 -46.440338 52.583000
v 9.069798 -46.732536 52.211411
v 10.089271 -46.819031 52.085793
v 11.105007 -46.696194 52.211411
v 12.074473 -46.369175 52.583000
v 12.957076 -45.851662 53.185005
v 13.715860 -45.165329 53.992218
v 14.741396 -43.407013 56.079887
v 15.000000 41.819843 49.499992
v 14.504844 43.989262 49.499992
v 13.117449 45.729000 49.499992
v 11.112605 46.694481 49.499992
v 8.887395 46.694481 49.499992
v 6.882551 45.729000 49.499992
v 5.495156 43.989262 49.499992
v 5.000000 41.819843 49.499992
v 5.495156 39.650425 49.499992
v 6.882551 37.910686 49.499992
v 8.887395 36.945202 49.499992
v 11.112605 36.945202 49.499992
v 13.117449 37.910686 49.499992
v 14.504844 39.650425 49.499992
v 10.000000 41.819843 46.495689
v 5.124723 40.710037 58.499992
v 6.071174 38.727219 58.499992
v 7.776256 37.341564 58.499992
v 9.910729 36.820637 58.499992
v 12.062439 37.265026 58.499992
v 13.815906 38.588917 58.499992
v 14.832546 40.536682 58.499992
v 130.229294 -39.835804 -31.100523
v 130.088135 -39.819569 -31.003376
v 130.359177 -49.348885 -40.615116
v 130.585739 -49.373756 -40.702633
v 130.283142 -43.443600 -34.712673
v 149.973770 -7.958991 -30.923880
v 129.929245 -39.630405 -30.742756
v 130.277252 -39.421867 -30.874926
v 130.679016 -39.318542 -30.980253
v 146.094482 -14.193554 -30.923876
v 142.099670 -20.613787 -30.923876
v 138.104858 -27.034019 -30.923876
v 134.110046 -33.454254 -30.923876
v 150.031525 -7.756817 -30.923880
v 150.031525 7.756809 -30.923880
v 150.031525 -0.000004 -30.923880
v 149.973770 7.958981 -30.923880
v 130.679016 39.318527 -30.980268
v 130.277313 39.421844 -30.874968
v 129.929245 39.630390 -30.742771
v 146.094482 14.193546 -30.923883
v 142.099670 20.613779 -30.923883
v 138.104858 27.034012 -30.923883
v 134.110046 33.454239 -30.923883
v 130.088013 39.819550 -31.003300
v 130.229279 39.835796 -31.100538
v 130.573837 49.373363 -40.700851
v 130.359375 49.348919 -40.615269
v 130.250397 41.544247 -32.809437
v 130.331100 46.202538 -37.476219
v 130.343140 46.892159 -38.166824
v 130.229294 39.835804 31.100523
v 130.088135 39.819569 31.003376
v 130.358963 49.348843 40.614964
v 130.564011 49.372993 40.699112
v 130.250397 41.544258 32.809422
v 130.331100 46.202526 37.476173
v 130.343140 46.892147 38.166779
v 149.973770 7.958991 30.923880
v 129.929245 39.630405 30.742756
v 130.277252 39.421867 30.874926
v 130.679016 39.318542 30.980253
v 146.094482 14.193554 30.923876
v 142.099670 20.613787 30.923876
v 138.104858 27.034019 30.923876
v 134.110046 33.454254 30.923876
v 150.031525 -7.756809 30.923880
v 150.031525 7.756817 30.923880
v 150.031525 0.000004 30.923880
v 149.973770 -7.958981 30.923880
v 130.679016 -39.318527 30.980268
v 130.277313 -39.421844 30.874968
v 129.929245 -39.630390 30.742771
v 146.094482 -14.193546 30.923883
v 142.099670 -20.613779 30.923883
v 138.104858 -27.034012 30.923883
v 134.110046 -33.454239 30.923883
v 130.088013 -39.819550 31.003300
v 130.229279 -39.835796 31.100538
v 130.574051 -49.373371 40.700874
v 130.359070 -49.348873 40.615074
v 130.283142 -43.443604 34.712708
v 106.798851 -49.967293 -20.826239
v 106.839317 -49.956837 -20.908558
v 106.960342 -49.925632 -21.041466
v 111.759468 -47.173553 -20.999050
v 106.960518 49.925587 -21.041634
v 106.839516 49.956787 -20.908871
v 106.798927 49.967270 -20.826359
v 111.759491 47.173538 -20.999065
v 139.936661 -5.245873 -20.968470
v 115.034195 -45.141392 -20.722523
v 115.175644 -45.068790 -21.002869
v 115.349861 -44.985493 -21.179115
v 135.847198 -11.818247 -20.968470
v 131.692276 -18.495792 -20.968466
v 127.537354 -25.173338 -20.968466
v 123.382439 -31.850883 -20.968466
v 119.227524 -38.528423 -20.968462
v 139.936661 5.245868 -20.968470
v 115.350426 44.985168 -21.179571
v 115.175644 45.068790 -21.002884
v 115.034195 45.141392 -20.722538
v 135.847198 11.818239 -20.968470
v 131.692276 18.495785 -20.968473
v 127.537354 25.173330 -20.968473
v 123.382439 31.850876 -20.968473
v 119.227524 38.528423 -20.968477
v 140.076126 -4.757785 -20.968470
v 140.076126 4.757781 -20.968470
v 140.076126 -0.000004 -20.968470
v 106.960068 -49.925701 21.041449
v 106.839394 -49.956970 20.908548
v 106.798912 -49.967354 20.826172
v 111.759491 -47.173538 20.999065
v 139.936661 -5.245868 20.968470
v 115.350426 -44.985168 21.179571
v 115.175644 -45.068790 21.002884
v 115.034195 -45.141392 20.722538
v 135.847198 -11.818239 20.968470
v 131.692276 -18.495785 20.968473
v 127.537354 -25.173330 20.968473
v 123.382439 -31.850876 20.968473
v 119.227524 -38.528423 20.968477
v 140.076126 -4.757781 20.968470
v 140.076126 4.757785 20.968470
v 140.076126 0.000004 20.968470
v 139.936661 5.245873 20.968470
v 115.034195 45.141392 20.722523
v 115.175644 45.068790 21.002869
v 115.349861 44.985493 21.179115
v 135.847198 11.818247 20.968470
v 131.692276 18.495792 20.968466
v 127.537354 25.173338 20.968466
v 123.382439 31.850883 20.968466
v 119.227524 38.528423 20.968462
v 106.798889 49.967361 20.826109
v 106.839333 49.956985 20.908432
v 106.960007 49.925724 21.041388
v 111.759468 47.173553 20.999050
v 223.862244 -5.440762 52.902042
v 223.903625 -5.078456 52.534657
v 223.901901 5.078780 52.540730
v 223.860397 5.440631 52.908546
v 222.016022 4.818530 52.969353
v 222.180267 4.498079 52.597488
v 220.503906 3.592335 53.018780
v 220.768784 3.353487 52.643627
v 219.513657 1.915777 53.050632
v 219.844437 1.788504 52.673359
v 219.169388 -0.000953 53.060917
v 219.523087 -0.000667 52.682957
v 219.514297 -1.917553 53.048340
v 219.845032 -1.789717 52.671219
v 220.505127 -3.593736 53.014484
v 220.769928 -3.354351 52.639618
v 222.017654 -4.819358 52.963593
v 222.181793 -4.498407 52.592110
v 140.433289 38.782543 55.695408
v 140.059265 38.836346 55.341618
v 129.883972 39.018047 55.679222
v 129.532547 38.977196 56.057083
v 130.098740 37.088715 56.037182
v 130.412491 37.255245 55.660648
v 131.294220 35.521381 55.996605
v 131.528412 35.792217 55.622768
v 132.965347 34.476608 55.940556
v 133.088318 34.816971 55.570454
v 134.897354 34.088654 55.876244
v 134.891769 34.454838 55.510422
v 136.841995 34.407379 55.811932
v 136.706985 34.752354 55.450390
v 138.549362 35.391823 55.755886
v 138.300720 35.671280 55.398071
v 139.800034 36.915478 55.715309
v 139.468155 37.093536 55.360195
v 129.531250 -38.988953 56.010960
v 129.882767 -39.028576 55.633053
v 140.060928 -38.846825 55.295570
v 140.435059 -38.794243 55.649418
v 139.804489 -36.923176 55.671440
v 139.472321 -37.100277 55.316124
v 138.554092 -35.395531 55.713818
v 138.305145 -35.674297 55.355682
v 136.845032 -34.408215 55.771091
v 136.709808 -34.752686 55.409145
v 134.897583 -34.088482 55.835873
v 134.891968 -34.454231 55.469616
v 132.962753 -34.477543 55.899818
v 133.085907 -34.817402 55.529305
v 131.289948 -35.525249 55.954681
v 131.524414 -35.795383 55.580517
v 130.094757 -37.096565 55.993393
v 130.408783 -37.262127 55.616650
v 4.507217 -41.538155 59.366032
v 4.872762 -41.556900 59.000008
v 15.114581 -41.374012 59.000008
v 15.479224 -41.342228 59.366032
v 14.922483 -39.366428 59.366032
v 14.594891 -39.529701 59.000008
v 13.680052 -37.732380 59.366032
v 13.435144 -38.004402 59.000008
v 11.925000 -36.667702 59.366032
v 11.796892 -37.010578 59.000008
v 9.901801 -36.320702 59.366032
v 9.908336 -36.686672 59.000008
v 7.892281 -36.739716 59.366032
v 8.032550 -37.077797 59.000008
v 6.176360 -37.866375 59.366032
v 6.430824 -38.129478 59.000008
v 4.993062 -39.543739 59.366032
v 5.326274 -39.695213 59.000008
v 15.059159 40.946568 58.999992
v 4.550204 41.078407 59.366016
v 4.912888 41.127750 58.999992
v 5.146260 39.233105 59.366016
v 5.469277 39.405254 58.999992
v 6.345692 37.709362 59.366016
v 6.588887 37.982914 58.999992
v 7.999398 36.696602 59.366016
v 8.132538 37.037552 58.999992
v 11.816412 36.628441 59.366016
v 11.695530 36.973930 58.999992
v 9.908336 36.686687 58.999992
v 9.901801 36.320717 59.366016
v 13.505222 37.581516 59.366016
v 13.271949 37.863575 58.999992
v 14.758292 39.061462 59.366016
v 14.441627 39.245033 58.999992
v 15.419850 40.884308 59.366016
v 15.419850 -40.884308 -59.366016
v 4.550204 -41.078407 -59.366016
v 4.912888 -41.127750 -58.999992
v 5.146260 -39.233105 -59.366016
v 5.469277 -39.405254 -58.999992
v 6.345692 -37.709362 -59.366016
v 6.588887 -37.982914 -58.999992
v 7.999398 -36.696602 -59.366016
v 8.132538 -37.037552 -58.999992
v 11.816412 -36.628441 -59.366016
v 11.695530 -36.973930 -58.999992
v 9.908336 -36.686687 -58.999992
v 9.901801 -36.320717 -59.366016
v 13.505222 -37.581516 -59.366016
v 13.271949 -37.863575 -58.999992
v 14.758292 -39.061462 -59.366016
v 14.441627 -39.245033 -58.999992
v 15.059159 -40.946568 -58.999992
v 4.550204 41.078392 -59.366032
v 15.419850 40.884293 -59.366032
v 15.059159 40.946552 -59.000008
v 14.758292 39.061447 -59.366032
v 14.441627 39.245018 -59.000008
v 13.505222 37.581501 -59.366032
v 13.271949 37.863560 -59.000008
v 11.816412 36.628426 -59.366032
v 11.695530 36.973915 -59.000008
v 7.999398 36.696587 -59.366032
v 8.132538 37.037537 -59.000008
v 9.908336 36.686672 -59.000008
v 9.901801 36.320702 -59.366032
v 6.345692 37.709347 -59.366032
v 6.588887 37.982899 -59.000008
v 5.146260 39.233089 -59.366032
v 5.469277 39.405239 -59.000008
v 4.912888 41.127735 -59.000008
v 129.532547 38.977180 -56.057098
v 129.883972 39.018032 -55.679237
v 140.059265 38.836330 -55.341633
v 140.433289 38.782528 -55.695423
v 139.800034 36.915462 -55.715324
v 139.468155 37.093521 -55.360210
v 138.549362 35.391808 -55.755901
v 138.300720 35.671265 -55.398087
v 136.841995 34.407364 -55.811947
v 136.706985 34.752338 -55.450405
v 134.897354 34.088638 -55.876259
v 134.891769 34.454823 -55.510437
v 132.965347 34.476593 -55.940571
v 133.088318 34.816956 -55.570469
v 131.294220 35.521366 -55.996620
v 131.528412 35.792202 -55.622784
v 130.098740 37.088699 -56.037197
v 130.412491 37.255230 -55.660664
v 140.435059 -38.794258 -55.649403
v 140.060928 -38.846840 -55.295555
v 129.882767 -39.028591 -55.633038
v 129.531250 -38.988968 -56.010944
v 130.094757 -37.096581 -55.993378
v 130.408783 -37.262142 -55.616634
v 131.289948 -35.525265 -55.954666
v 131.524414 -35.795399 -55.580502
v 132.962753 -34.477558 -55.899803
v 133.085907 -34.817417 -55.529289
v 134.897583 -34.088497 -55.835857
v 134.891968 -34.454247 -55.469601
v 136.845032 -34.408230 -55.771076
v 136.709808 -34.752701 -55.409130
v 138.554092 -35.395546 -55.713802
v 138.305145 -35.674313 -55.355667
v 139.804489 -36.923191 -55.671425
v 139.472321 -37.100292 -55.316109
v 223.860397 5.440615 -52.908546
v 223.901901 5.078764 -52.540730
v 223.903625 -5.078472 -52.534657
v 223.862244 -5.440778 -52.902042
v 222.017654 -4.819374 -52.963593
v 222.181793 -4.498423 -52.592110
v 220.505127 -3.593752 -53.014484
v 220.769928 -3.354367 -52.639618
v 219.514297 -1.917569 -53.048340
v 219.845032 -1.789733 -52.671219
v 219.169388 -0.000969 -53.060917
v 219.523087 -0.000683 -52.682957
v 219.513657 1.915761 -53.050632
v 219.844437 1.788488 -52.673359
v 220.503906 3.592319 -53.018780
v 220.768784 3.353471 -52.643627
v 222.016022 4.818514 -52.969353
v 222.180267 4.498063 -52.597488
v 186.868378 48.628979 -41.155403
v 186.866592 48.529095 -40.914223
v 186.866592 -48.529110 -40.914207
v 186.868378 -48.628994 -41.155388
v 193.695557 47.981472 -41.031536
v 200.370377 46.421284 -41.031536
v 206.759247 43.937420 -41.031536
v 212.735062 40.579300 -41.031536
v 218.178925 36.413746 -41.031536
v 222.982483 31.523638 -41.031536
v 227.050171 26.006285 -41.031536
v 230.301071 19.971466 -41.031528
v 232.670471 13.539261 -41.031528
v 234.111237 6.837654 -41.031528
v 234.594696 -0.000006 -41.031528
v 234.111237 -6.837666 -41.031528
v 232.670471 -13.539272 -41.031528
v 230.301071 -19.971481 -41.031528
v 227.050171 -26.006300 -41.031521
v 222.982483 -31.523653 -41.031521
v 218.178925 -36.413761 -41.031521
v 212.735062 -40.579315 -41.031521
v 206.759247 -43.937435 -41.031521
v 200.370377 -46.421299 -41.031521
v 193.695557 -47.981487 -41.031521
v 130.654373 -49.532898 -40.914207
v 130.656158 -49.632782 -41.155388
v 178.837311 -48.730350 -41.031521
v 170.806992 -48.873749 -41.031521
v 162.776672 -49.017147 -41.031521
v 154.746368 -49.160549 -41.031521
v 146.716049 -49.303947 -41.031521
v 138.685730 -49.447346 -41.031521
v 130.656158 49.632767 -41.155403
v 130.654373 49.532883 -40.914223
v 178.837311 48.730335 -41.031536
v 170.806992 48.873734 -41.031536
v 162.776672 49.017132 -41.031536
v 154.746368 49.160534 -41.031536
v 146.716049 49.303932 -41.031536
v 138.685730 49.447330 -41.031536
v 130.000641 -49.497437 -40.576939
v 129.827026 -49.635311 -40.785618
v 130.528503 -49.592319 -41.022064
v 130.196793 -49.589222 -40.902863
v 129.827026 49.635296 -40.785633
v 130.000641 49.497421 -40.576954
v 130.528503 49.592304 -41.022079
v 130.196793 49.589207 -40.902878
v 107.139664 -49.979050 -21.378977
v 106.998886 -50.061996 -21.546034
v 121.249290 -49.743221 -33.388256
v 118.492989 -49.797050 -31.069931
v 109.826942 -49.970249 -23.779491
v 106.998886 50.061996 -21.546049
v 107.139664 49.979050 -21.378992
v 121.249290 49.743206 -33.388271
v 118.492989 49.797035 -31.069946
v 109.826942 49.970249 -23.779509
v 106.632256 -50.041199 -20.735407
v 106.472267 -50.084953 -20.735407
v 106.703636 -50.054951 -21.137527
v 106.472267 50.084953 -20.735422
v 106.632256 50.041199 -20.735422
v 106.664383 50.057903 -21.081392
v 106.632256 -50.041199 20.735422
v 106.472267 -50.084953 20.735422
v 106.472267 50.084953 20.735407
v 106.632256 50.041199 20.735407
v 107.139664 -49.979050 21.378992
v 106.998886 -50.061996 21.546049
v 106.707756 -50.054642 21.142952
v 106.798950 -50.047718 21.246441
v 106.998886 50.061996 21.546034
v 107.139664 49.979050 21.378977
v 106.707756 50.054642 21.142937
v 106.798950 50.047718 21.246426
v 130.000641 -49.497421 40.576954
v 129.827026 -49.635296 40.785633
v 119.883629 -49.769814 32.239643
v 129.827026 49.635311 40.785618
v 130.000641 49.497437 40.576939
v 119.883621 49.769829 32.239624
v 130.654373 -49.532883 40.914223
v 130.656158 -49.632767 41.155403
v 130.110291 -49.586468 40.846977
v 130.656158 49.632782 41.155388
v 130.654373 49.532898 40.914207
v 130.110291 49.586483 40.846962
v 186.866592 -48.529095 40.914223
v 186.868378 -48.628979 41.155403
v 138.685730 -49.447330 41.031536
v 146.716049 -49.303932 41.031536
v 154.746368 -49.160534 41.031536
v 162.776672 -49.017132 41.031536
v 170.806992 -48.873734 41.031536
v 178.837311 -48.730335 41.031536
v 186.868378 48.628994 41.155388
v 186.866592 48.529110 40.914207
v 138.685730 49.447346 41.031521
v 146.716049 49.303947 41.031521
v 154.746368 49.160549 41.031521
v 162.776672 49.017147 41.031521
v 170.806992 48.873749 41.031521
v 178.837311 48.730350 41.031521
v 193.695557 -47.981472 41.031536
v 200.370377 -46.421284 41.031536
v 206.759247 -43.937420 41.031536
v 212.735062 -40.579300 41.031536
v 218.178925 -36.413746 41.031536
v 222.982483 -31.523638 41.031536
v 227.050171 -26.006285 41.031536
v 230.301071 -19.971466 41.031528
v 232.670471 -13.539261 41.031528
v 234.111237 -6.837654 41.031528
v 234.594696 0.000006 41.031528
v 234.111237 6.837666 41.031528
v 232.670471 13.539272 41.031528
v 230.301071 19.971481 41.031528
v 227.050171 26.006300 41.031521
v 222.982483 31.523653 41.031521
v 218.178925 36.413761 41.031521
v 212.735062 40.579315 41.031521
v 206.759247 43.937435 41.031521
v 200.370377 46.421299 41.031521
v 193.695557 47.981487 41.031521
v 149.682907 -7.698824 -30.694904
v 149.647125 -7.824054 -30.694904
v 150.120285 -7.891514 -30.958893
v 150.004623 -7.858468 -30.918732
v 149.754807 -7.787090 -30.772005
v 140.268692 -5.009048 -21.280691
v 140.232910 -5.134276 -21.280691
v 139.982834 -4.898758 -20.585787
v 139.931946 -5.076899 -20.585787
v 140.085861 -5.024532 -21.059586
v 140.035309 -5.010091 -20.955515
v 139.968155 -4.990903 -20.698507
v 139.982834 -4.898754 20.585787
v 139.931946 -5.076892 20.585787
v 140.268692 -5.009042 21.280691
v 140.232910 -5.134272 21.280691
v 139.997162 -4.999187 20.845247
v 140.035309 -5.010086 20.955515
v 140.171677 -5.049046 21.188295
v 149.682907 -7.698816 30.694904
v 149.647125 -7.824046 30.694904
v 149.754807 -7.787082 30.772005
v 150.004623 -7.858458 30.918732
v 150.120285 -7.891506 30.958893
v 149.647125 7.824046 -30.694904
v 149.682907 7.698816 -30.694904
v 150.120285 7.891506 -30.958893
v 150.004623 7.858458 -30.918732
v 149.754807 7.787082 -30.772005
v 140.232910 5.134272 -21.280691
v 140.268692 5.009042 -21.280691
v 139.931946 5.076892 -20.585787
v 139.982834 4.898754 -20.585787
v 140.085861 5.024528 -21.059586
v 140.035309 5.010086 -20.955515
v 139.968155 4.990899 -20.698507
v 139.931946 5.076899 20.585787
v 139.982834 4.898758 20.585787
v 140.232910 5.134276 21.280691
v 140.268692 5.009048 21.280691
v 139.997162 4.999192 20.845247
v 140.035309 5.010091 20.955515
v 140.171677 5.049051 21.188295
v 149.647125 7.824054 30.694904
v 149.682907 7.698824 30.694904
v 149.754807 7.787090 30.772005
v 150.004623 7.858468 30.918732
v 150.120285 7.891514 30.958893
v 130.966187 39.745533 31.133966
v 130.961868 39.504391 31.034067
v 130.632797 39.540367 31.023098
v 130.580124 39.744839 31.115793
v 130.766800 39.647266 31.077635
v 129.940125 39.706051 30.792727
v 129.946182 39.778122 30.848473
v 130.442566 39.631783 31.025192
v 130.108643 39.666626 30.894093
v 186.691971 38.750427 31.133966
v 186.687668 38.509285 31.034067
v 138.924911 39.486076 31.076113
v 146.885742 39.343918 31.076113
v 154.846573 39.201759 31.076113
v 162.807388 39.059605 31.076113
v 170.768219 38.917446 31.076113
v 178.729050 38.775288 31.076113
v 129.838867 39.771606 30.746960
v 129.834183 39.837341 30.791012
v 186.691971 -38.750412 31.133982
v 186.687668 -38.509270 31.034082
v 192.656982 38.061520 31.076113
v 198.463882 36.573849 31.076117
v 203.970795 34.205925 31.076117
v 209.045181 31.014738 31.076117
v 213.564926 27.077095 31.076117
v 217.421249 22.487766 31.076117
v 220.521317 17.357204 31.076117
v 222.790543 11.808893 31.076120
v 224.174301 5.976369 31.076120
v 224.639282 0.000004 31.076120
v 224.174301 -5.976360 31.076120
v 222.790543 -11.808885 31.076120
v 220.521317 -17.357197 31.076124
v 217.421249 -22.487759 31.076124
v 213.564926 -27.077087 31.076124
v 209.045181 -31.014730 31.076124
v 203.970795 -34.205910 31.076124
v 198.463882 -36.573833 31.076124
v 192.656982 -38.061504 31.076128
v 115.535110 45.019070 21.397457
v 115.499802 45.164413 21.525366
v 120.733398 43.184082 24.841778
v 118.629234 43.960182 23.475027
v 130.966187 -39.745518 31.133982
v 130.961868 -39.504375 31.034082
v 178.729050 -38.775272 31.076128
v 170.768219 -38.917431 31.076128
v 162.807388 -39.059589 31.076128
v 154.846573 -39.201744 31.076128
v 146.885742 -39.343903 31.076128
v 138.924911 -39.486061 31.076128
v 115.095802 45.202721 21.040136
v 114.998177 45.320869 21.087166
v 115.251251 45.209854 21.285572
v 130.580124 -39.744823 31.115808
v 130.632797 -39.540352 31.023113
v 130.766800 -39.647251 31.077650
v 114.939110 45.277412 20.765808
v 114.822083 45.394039 20.811840
v 114.954475 45.297073 20.924143
v 129.946182 -39.778107 30.848488
v 129.940125 -39.706036 30.792742
v 130.442535 -39.632019 31.025331
v 130.108643 -39.666763 30.894201
v 114.908974 45.298832 20.585779
v 114.789330 45.413715 20.585779
v 114.858948 45.353985 20.684305
v 129.834183 -39.837326 30.791027
v 129.838867 -39.771591 30.746975
v 114.908974 45.298832 -20.585794
v 114.789330 45.413715 -20.585794
v 115.499802 -45.164413 21.525381
v 115.535110 -45.019070 21.397472
v 128.926147 -40.143780 30.175095
v 128.407089 -40.336777 29.836887
v 122.535873 -42.516850 26.013918
v 116.654137 -44.683647 22.193977
v 114.939110 45.277412 -20.765823
v 114.822083 45.394039 -20.811855
v 114.859459 45.353649 -20.687689
v 114.998177 -45.320869 21.087181
v 115.095802 -45.202721 21.040152
v 115.313568 -45.186260 21.333681
v 115.095802 45.202721 -21.040152
v 114.998177 45.320869 -21.087181
v 114.954475 45.297073 -20.924158
v 114.822083 -45.394039 20.811855
v 114.939110 -45.277412 20.765823
v 114.954475 -45.297073 20.924158
v 115.535110 45.019070 -21.397472
v 115.499802 45.164413 -21.525381
v 115.313568 45.186260 -21.333681
v 114.789330 -45.413715 20.585794
v 114.908974 -45.298832 20.585794
v 114.859459 -45.353649 20.687689
v 129.838867 39.771591 -30.746975
v 129.834183 39.837326 -30.791027
v 116.654137 44.683647 -22.193977
v 122.535873 42.516850 -26.013918
v 128.407089 40.336777 -29.836887
v 128.926147 40.143780 -30.175095
v 114.789330 -45.413715 -20.585779
v 114.908974 -45.298832 -20.585779
v 129.940125 39.706036 -30.792742
v 129.946182 39.778107 -30.848488
v 114.822083 -45.394039 -20.811840
v 114.939110 -45.277412 -20.765808
v 114.858948 -45.353985 -20.684305
v 130.632797 39.540352 -31.023113
v 130.580124 39.744823 -31.115808
v 130.108643 39.666763 -30.894201
v 130.442535 39.632019 -31.025331
v 114.998177 -45.320869 -21.087166
v 115.095802 -45.202721 -21.040136
v 114.959778 -45.294731 -20.932955
v 130.961868 39.504375 -31.034082
v 130.966187 39.745518 -31.133982
v 130.766800 39.647251 -31.077650
v 115.499802 -45.164413 -21.525366
v 115.535110 -45.019070 -21.397457
v 115.251251 -45.209854 -21.285572
v 186.687668 38.509270 -31.034082
v 186.691971 38.750412 -31.133982
v 138.924911 39.486061 -31.076128
v 146.885742 39.343903 -31.076128
v 154.846573 39.201744 -31.076128
v 162.807388 39.059589 -31.076128
v 170.768219 38.917431 -31.076128
v 178.729050 38.775272 -31.076128
v 129.834183 -39.837341 -30.791012
v 129.838867 -39.771606 -30.746960
v 118.629234 -43.960182 -23.475027
v 120.733398 -43.184082 -24.841778
v 186.687668 -38.509285 -31.034067
v 186.691971 -38.750427 -31.133966
v 192.656982 38.061504 -31.076128
v 198.463882 36.573833 -31.076124
v 203.970795 34.205910 -31.076124
v 209.045181 31.014730 -31.076124
v 213.564926 27.077087 -31.076124
v 217.421249 22.487759 -31.076124
v 220.521317 17.357197 -31.076124
v 222.790543 11.808885 -31.076120
v 224.174301 5.976360 -31.076120
v 224.639282 -0.000004 -31.076120
v 224.174301 -5.976369 -31.076120
v 222.790543 -11.808893 -31.076120
v 220.521317 -17.357204 -31.076117
v 217.421249 -22.487766 -31.076117
v 213.564926 -27.077095 -31.076117
v 209.045181 -31.014738 -31.076117
v 203.970795 -34.205925 -31.076117
v 198.463882 -36.573849 -31.076117
v 192.656982 -38.061520 -31.076113
v 129.946182 -39.778122 -30.848473
v 129.940125 -39.706051 -30.792727
v 130.961868 -39.504391 -31.034067
v 130.966187 -39.745533 -31.133966
v 178.729050 -38.775288 -31.076113
v 170.768219 -38.917446 -31.076113
v 162.807388 -39.059605 -31.076113
v 154.846573 -39.201759 -31.076113
v 146.885742 -39.343918 -31.076113
v 138.924911 -39.486076 -31.076113
v 130.580124 -39.744839 -31.115793
v 130.632797 -39.540367 -31.023098
v 130.108643 -39.666626 -30.894093
v 130.442566 -39.631783 -31.025192
v 130.766800 -39.647266 -31.077635
v 9.419867 51.703083 -49.576508
v 9.417651 51.799110 -49.339447
v 17.618265 51.612286 -49.189014
v 25.822895 51.465775 -48.916794
v 34.027527 51.319263 -48.644577
v 42.232155 51.172752 -48.372356
v 50.436787 51.026241 -48.100140
v 58.641415 50.879730 -47.827919
v 66.846046 50.733219 -47.555702
v 75.050674 50.586708 -47.283482
v 83.255302 50.440197 -47.011261
v 91.459930 50.293686 -46.739044
v 99.664566 50.147175 -46.466824
v 107.869194 50.000664 -46.194607
v 116.073822 49.854153 -45.922386
v 124.278450 49.707642 -45.650169
v 132.483078 49.561131 -45.377949
v 140.687714 49.414619 -45.105728
v 148.892334 49.268108 -44.833511
v 157.096970 49.121597 -44.561291
v 165.301605 48.975086 -44.289074
v 173.506226 48.828575 -44.016853
v 181.710861 48.682064 -43.744637
v 7.946308 -51.825451 -49.339233
v 7.948522 -51.729572 -49.576138
v 181.640778 -48.683445 -43.701519
v 173.369415 -48.831146 -43.975777
v 165.098068 -48.978851 -44.250034
v 156.826706 -49.126553 -44.524292
v 148.555359 -49.274254 -44.798550
v 140.283997 -49.421959 -45.072807
v 132.012634 -49.569660 -45.347065
v 123.741287 -49.717365 -45.621323
v 115.469925 -49.865067 -45.895580
v 107.198570 -50.012768 -46.169838
v 98.927216 -50.160473 -46.444096
v 90.655861 -50.308174 -46.718357
v 82.384506 -50.455875 -46.992615
v 74.113144 -50.603580 -47.266872
v 65.841789 -50.751282 -47.541130
v 57.570435 -50.898987 -47.815388
v 49.299080 -51.046688 -48.089645
v 41.027721 -51.194389 -48.363903
v 32.756367 -51.342094 -48.638161
v 24.485010 -51.489796 -48.912418
v 16.213654 -51.637501 -49.186676
v 0.500000 -41.924957 -59.366016
v 0.133975 -41.773361 -58.999992
v 0.133975 41.773346 -59.000008
v 0.500000 41.924942 -59.366032
v 0.500000 -31.485334 -59.366016
v 0.500000 -20.990225 -59.366024
v 0.500000 -10.495118 -59.366024
v 0.500000 -0.000008 -59.366024
v 0.500000 10.495099 -59.366024
v 0.500000 20.990210 -59.366024
v 0.500000 31.485319 -59.366032
v 0.133975 -31.485334 -58.999992
v 0.133975 -20.990225 -59.000000
v 0.133975 -10.495118 -59.000000
v 0.133975 -0.000008 -59.000000
v 0.133975 10.495099 -59.000000
v 0.133975 20.990210 -59.000000
v 0.133975 31.485319 -59.000008
v 0.077333 51.254612 -49.358475
v 0.297371 51.485081 -49.588982
v 0.626082 51.637737 -49.741661
v 0.135012 46.482441 -54.294197
v 0.507307 46.742928 -54.554722
v 1.015462 51.847862 -49.585793
v 1.017246 51.947746 -49.344612
v 1.017246 -51.947762 -49.344597
v 1.015462 -51.847878 -49.585777
v 0.626082 -51.637753 -49.741646
v 0.297371 -51.485096 -49.588966
v 0.077333 -51.254627 -49.358459
v 0.135012 -46.482456 -54.294182
v 0.507307 -46.742943 -54.554707
v 0.077838 51.368778 -49.085793
v 0.299234 51.695366 -49.085793
v 0.629723 51.910896 -49.085793
v 0.202660 51.448669 -49.468479
v 0.547617 51.787521 -49.468479
v 9.417651 51.799126 49.339432
v 9.419867 51.703098 49.576492
v 181.709961 48.682095 43.744648
v 173.505371 48.828602 44.016865
v 165.300781 48.975113 44.289085
v 157.096207 49.121624 44.561302
v 148.891617 49.268135 44.833519
v 140.687027 49.414646 45.105736
v 132.482437 49.561157 45.377953
v 124.277855 49.707668 45.650173
v 116.073265 49.854179 45.922390
v 107.868675 50.000687 46.194607
v 99.664093 50.147198 46.466824
v 91.459503 50.293709 46.739044
v 83.254921 50.440220 47.011261
v 75.050331 50.586731 47.283478
v 66.845741 50.733242 47.555695
v 58.641159 50.879749 47.827911
v 50.436569 51.026260 48.100132
v 42.231983 51.172771 48.372349
v 34.027397 51.319283 48.644566
v 25.822809 51.465794 48.916782
v 17.618223 51.612305 49.188999
v 7.948522 -51.729557 49.576153
v 7.946308 -51.825436 49.339249
v 16.213701 -51.637482 49.186691
v 24.485106 -51.489780 48.912430
v 32.756512 -51.342075 48.638172
v 41.027916 -51.194374 48.363911
v 49.299320 -51.046669 48.089653
v 57.570724 -50.898964 47.815392
v 65.842125 -50.751263 47.541134
v 74.113533 -50.603558 47.266872
v 82.384933 -50.455853 46.992615
v 90.656342 -50.308151 46.718353
v 98.927742 -50.160446 46.444096
v 107.199150 -50.012745 46.169834
v 115.470551 -49.865040 45.895576
v 123.741959 -49.717335 45.621315
v 132.013367 -49.569633 45.347057
v 140.284760 -49.421928 45.072796
v 148.556168 -49.274227 44.798538
v 156.827576 -49.126522 44.524277
v 165.098984 -48.978817 44.250019
v 173.370377 -48.831116 43.975761
v 181.641785 -48.683411 43.701500
v 0.629723 -51.910912 -49.085777
v 0.299234 -51.695381 -49.085777
v 0.077838 -51.368793 -49.085777
v 0.547617 -51.787537 -49.468464
v 0.202660 -51.448685 -49.468464
v 0.077838 51.368793 49.085777
v 0.299234 51.695381 49.085777
v 0.629723 51.910912 49.085777
v 0.510344 51.853889 -38.177841
v 0.510344 51.853889 -27.269888
v 0.510344 51.853897 -16.361937
v 0.510344 51.853897 -5.453984
v 0.510344 51.853897 5.453968
v 0.510344 51.853897 16.361921
v 0.510344 51.853905 27.269873
v 0.510344 51.853905 38.177826
v 0.136966 51.487122 -38.177841
v 0.136966 51.487122 -27.269888
v 0.136966 51.487129 -16.361937
v 0.136966 51.487129 -5.453984
v 0.136966 51.487129 5.453968
v 0.136966 51.487129 16.361921
v 0.136966 51.487137 27.269873
v 0.136966 51.487137 38.177826
v 1.017246 51.947762 49.344597
v 1.015462 51.847878 49.585777
v 1.015462 -51.847862 49.585793
v 1.017246 -51.947746 49.344612
v 0.629723 -51.910896 49.085793
v 0.299234 -51.695366 49.085793
v 0.077838 -51.368778 49.085793
v 0.136966 -51.487137 -38.177826
v 0.136966 -51.487137 -27.269873
v 0.136966 -51.487129 -16.361921
v 0.136966 -51.487129 -5.453968
v 0.136966 -51.487129 5.453984
v 0.136966 -51.487129 16.361937
v 0.136966 -51.487122 27.269888
v 0.136966 -51.487122 38.177841
v 0.510344 -51.853905 -38.177826
v 0.510344 -51.853905 -27.269873
v 0.510344 -51.853897 -16.361921
v 0.510344 -51.853897 -5.453968
v 0.510344 -51.853897 5.453984
v 0.510344 -51.853897 16.361937
v 0.510344 -51.853889 27.269888
v 0.510344 -51.853889 38.177841
v 0.077333 51.254627 49.358459
v 0.297371 51.485096 49.588966
v 0.626082 51.637753 49.741646
v 0.202660 51.448685 49.468464
v 0.547617 51.787537 49.468464
v 15.981957 -41.557587 59.465935
v 15.986263 -41.798729 59.366032
v 0.626082 -51.637737 49.741661
v 0.297371 -51.485081 49.588982
v 0.077333 -51.254612 49.358475
v 0.547617 -51.787521 49.468479
v 0.202660 -51.448669 49.468479
v 0.133975 41.773361 58.999992
v 0.500000 41.924957 59.366016
v 0.135012 46.482456 54.294182
v 0.507307 46.742943 54.554707
v 15.136384 -41.716541 58.843956
v 15.503491 -41.942207 59.101265
v 15.745243 -41.741680 59.366032
v 15.256524 -41.778843 59.000008
v 15.561175 -41.575958 59.366032
v 0.626082 -42.222023 59.155876
v 0.297371 -42.069366 59.003193
v 0.077333 -41.838898 58.772686
v 0.507307 -46.889397 54.408276
v 0.136086 -46.630219 54.149055
v 0.133975 -41.566261 59.000008
v 0.500000 -41.566261 59.366032
v 0.500000 31.537106 59.366016
v 0.500000 21.093767 59.366024
v 0.500000 10.650432 59.366024
v 0.500000 0.207091 59.366024
v 0.500000 -10.236245 59.366024
v 0.500000 -20.679585 59.366024
v 0.500000 -31.122923 59.366032
v 0.133975 31.537106 58.999992
v 0.133975 21.093767 59.000000
v 0.133975 10.650432 59.000000
v 0.133975 0.207091 59.000000
v 0.133975 -10.236245 59.000000
v 0.133975 -20.679585 59.000000
v 0.133975 -31.122923 59.000008
v 4.863203 -41.899990 58.843956
v 4.504387 -42.138618 59.101265
v 4.707503 -44.261028 57.029888
v 15.622266 -44.000099 57.191227
v 5.062328 -43.999294 56.885094
v 15.055722 -43.688744 57.026894
v 5.271540 -43.512569 56.468956
v 14.823106 -43.218678 56.615074
v 14.486236 -45.805191 55.283329
v 15.224117 -43.823494 57.118206
v 14.291588 -45.632843 55.250114
v 12.820516 -46.956951 53.885136
v 11.964719 -47.385715 53.446125
v 11.073644 -47.650749 53.179985
v 10.169424 -47.756073 53.084316
v 9.261887 -47.705074 53.156437
v 8.359847 -47.494724 53.398548
v 7.483399 -47.119896 53.813507
v 6.664390 -46.581631 54.397327
v 5.939181 -45.891159 55.135834
v 5.341372 -45.069546 56.005417
v 4.898912 -44.144489 56.976311
v 5.148574 -45.218838 56.049057
v 5.752115 -46.075298 55.167194
v 6.492343 -46.801559 54.414204
v 7.338111 -47.374527 53.814442
v 8.254942 -47.779400 53.384094
v 9.210400 -48.010162 53.130527
v 10.179349 -48.067101 53.054493
v 11.144032 -47.951450 53.155285
v 12.086077 -47.662491 53.433674
v 12.979169 -47.201401 53.888329
v 15.418749 -43.928787 57.172981
v 14.850901 -43.373535 56.763584
v 13.986681 -45.024944 54.855640
v 12.624677 -46.228760 53.442707
v 11.829503 -46.618568 52.980770
v 10.997961 -46.860085 52.697372
v 10.151161 -46.956486 52.594639
v 9.301098 -46.910400 52.672146
v 8.459011 -46.719337 52.930332
v 7.644483 -46.379116 53.367699
v 6.885925 -45.890553 53.975979
v 6.215266 -45.263058 54.738197
v 5.662316 -44.514717 55.629398
v 5.252366 -43.669903 56.619270
v 5.182799 -43.836491 56.762360
v 5.610845 -44.700203 55.785282
v 6.183817 -45.462124 54.909225
v 6.873727 -46.097073 54.164234
v 7.647407 -46.587017 53.574341
v 8.469676 -46.924187 53.154320
v 9.310874 -47.111073 52.908848
v 10.154182 -47.155525 52.835648
v 10.994778 -47.061493 52.932739
v 11.826722 -46.824230 53.202518
v 12.630910 -46.436703 53.646774
v 14.027982 -45.221111 55.024418
v 14.928521 -43.534447 56.905083
v 5.658750 -44.350208 55.464539
v 6.189950 -45.098972 54.556076
v 6.843667 -45.734413 53.774231
v 7.594384 -46.237007 53.144978
v 8.413832 -46.593693 52.687840
v 9.274227 -46.797989 52.415154
v 10.151199 -46.848404 52.332729
v 11.024007 -46.745262 52.441902
v 11.871631 -46.489086 52.740826
v 12.669206 -46.082748 53.222923
v 14.003259 -44.859642 54.676079
v 13.148816 -47.398682 53.825821
v 12.216083 -47.890556 53.348850
v 11.219071 -48.202675 53.053402
v 10.188764 -48.328487 52.945568
v 9.153169 -48.265888 53.026978
v 8.140119 -48.015537 53.296459
v 7.180372 -47.582134 53.748672
v 6.306928 -46.976768 54.371838
v 5.552005 -46.217739 55.146965
v 4.943872 -45.329990 56.048489
v 4.505763 -44.343346 57.046047
v 14.692326 -45.935871 55.266006
v 5.501240 -44.891293 55.915291
v 6.089433 -45.679302 55.047585
v 6.798023 -46.336906 54.311817
v 7.592495 -46.844898 53.731510
v 8.436041 -47.194736 53.320320
v 9.297715 -47.388737 53.081215
v 10.160524 -47.435028 53.010155
v 11.020606 -47.337742 53.104439
v 11.872883 -47.091873 53.367390
v 12.697883 -46.690144 53.802612
v 14.132295 -45.431232 55.161552
v 1.008927 -42.066181 59.366032
v 1.004621 -41.825039 59.465935
v 0.252590 -42.003731 59.000008
v 0.568483 -41.818836 59.366032
v 0.755172 -42.002220 59.366032
v 4.012494 -41.771328 59.465935
v 4.016801 -42.012470 59.366032
v 4.255629 -41.946850 59.366032
v 4.745364 -41.966541 59.000008
v 4.433664 -41.774662 59.366032
v 129.043884 39.185570 56.171970
v 129.044830 39.430843 56.068127
v 28.978827 41.098564 59.448303
v 37.317650 40.949657 59.171631
v 45.656471 40.800751 58.894958
v 53.995293 40.651844 58.618290
v 62.334114 40.502937 58.341618
v 70.672935 40.354027 58.064945
v 79.011757 40.205120 57.788273
v 87.350578 40.056213 57.511604
v 95.689400 39.907307 57.234932
v 104.028221 39.758396 56.958260
v 112.367043 39.609489 56.681591
v 120.705872 39.460583 56.404919
v 129.855728 39.356152 55.510761
v 129.509109 39.575848 55.774391
v 129.289139 39.369057 56.056992
v 129.783356 39.341236 55.679146
v 129.472137 39.173210 56.056992
v 140.088333 39.173428 55.171257
v 140.459274 39.380310 55.411079
v 140.755173 40.682907 54.196487
v 129.179993 40.889206 54.580948
v 140.205887 40.457714 54.030586
v 129.708694 40.644794 54.379276
v 139.923080 40.052002 53.663090
v 129.951889 40.229717 53.994339
v 129.817520 43.112007 52.245770
v 130.451065 44.070629 51.219944
v 131.259842 44.874798 50.344929
v 132.207748 45.493660 49.654598
v 133.253632 45.905807 49.173347
v 134.356323 46.099915 48.915127
v 135.478653 46.072491 48.885544
v 137.087723 45.634113 49.256794
v 138.542557 44.744873 50.103168
v 139.712112 43.469440 51.364178
v 140.485306 41.914085 52.935329
v 129.550858 40.754513 54.474960
v 130.215042 42.851246 52.191208
v 130.838776 43.738350 51.201038
v 131.614609 44.468056 50.368336
v 132.499084 45.014866 49.724319
v 133.445801 45.367462 49.286232
v 134.417908 45.528202 49.056705
v 135.396835 45.504642 49.030979
v 136.826706 45.134308 49.364597
v 138.175858 44.351002 50.150520
v 139.305435 43.185375 51.354370
v 140.082611 41.729431 52.880058
v 140.373520 40.561630 54.115471
v 140.561218 40.637405 54.171017
v 140.279999 41.839382 52.926285
v 139.503891 43.348274 51.383495
v 138.354233 44.571453 50.157223
v 136.953796 45.409363 49.346790
v 135.437912 45.814297 48.997746
v 134.390289 45.839745 49.025372
v 133.355438 45.661964 49.267239
v 132.360703 45.278809 49.723503
v 131.445038 44.694714 50.386585
v 130.652451 43.926064 51.236225
v 130.023041 43.001160 52.240196
v 129.370087 40.836853 54.542732
v 129.913300 40.372696 54.129864
v 130.522842 42.290039 51.809601
v 131.096375 43.097359 50.797157
v 131.810791 43.759762 49.939930
v 132.627884 44.255501 49.270893
v 133.507263 44.575253 48.811279
v 134.415787 44.721069 48.569675
v 135.333847 44.699135 48.546490
v 136.671478 44.361809 48.908733
v 137.926590 43.650654 49.736889
v 138.975937 42.591244 50.981510
v 139.700943 41.262947 52.540779
v 139.975632 40.193359 53.795597
v 140.070618 40.331924 53.921265
v 139.780899 41.429058 52.679165
v 139.027298 42.786526 51.142563
v 137.947998 43.860348 49.926510
v 136.674805 44.570595 49.128822
v 135.340515 44.901180 48.786728
v 134.431702 44.922775 48.810028
v 133.527710 44.781105 49.040165
v 132.642426 44.465744 49.481403
v 131.809479 43.969860 50.130302
v 131.073486 43.300152 50.968849
v 130.477264 42.478119 51.965263
v 129.831833 40.514400 54.261383
v 139.671524 41.104053 52.393616
v 138.982117 42.422813 50.808460
v 137.960815 43.492401 49.531502
v 136.708939 44.228745 48.669205
v 135.340103 44.587898 48.284908
v 134.390274 44.610863 48.308670
v 133.456604 44.453289 48.564011
v 132.567657 44.115437 49.045097
v 131.757401 43.603073 49.737453
v 131.061646 42.930935 50.616158
v 130.512772 42.122917 51.646889
v 139.911057 41.589115 52.795834
v 139.140045 42.991707 51.272041
v 138.033401 44.103683 50.071716
v 136.727966 44.840210 49.290478
v 135.362289 45.182903 48.959557
v 134.432877 45.205067 48.983746
v 133.507233 45.057865 49.208973
v 132.598801 44.730415 49.641590
v 131.742615 44.215912 50.280556
v 130.985519 43.521927 51.109459
v 130.372208 42.671440 52.097187
v 140.935608 38.973217 55.777420
v 140.936539 39.218491 55.673576
v 140.094772 38.968174 55.348785
v 140.465485 39.101482 55.625057
v 140.094772 39.175385 55.183052
v 187.034775 38.150017 54.247906
v 187.035522 38.395294 54.144073
v 148.619629 38.962124 55.478775
v 156.302856 38.824921 55.223854
v 163.986099 38.687721 54.968937
v 171.669327 38.550522 54.714016
v 179.352554 38.413322 54.459099
v 224.045990 5.975844 53.002640
v 224.280807 6.013805 52.894852
v 190.378525 38.070030 54.093456
v 193.667007 37.576118 53.984356
v 199.293762 36.028767 53.797272
v 204.626678 33.639259 53.619408
v 209.516281 30.479101 53.455757
v 213.895599 26.591709 53.308563
v 217.604370 22.112732 53.183205
v 220.615280 17.084700 53.080612
v 222.808243 11.699156 53.004871
v 224.171509 5.062266 52.303406
v 224.374588 5.312216 52.526939
v 224.482956 5.657988 52.676517
v 224.243195 5.745995 52.899536
v 224.302353 5.252547 52.532951
v 224.082672 5.528477 52.899536
v 224.173203 -5.061564 52.297379
v 224.376343 -5.311710 52.520634
v 224.484818 -5.657622 52.669815
v 225.976257 4.905435 50.111526
v 225.444199 -4.946882 50.407856
v 226.587250 5.753404 50.516048
v 226.150742 -5.841455 50.961113
v 227.987625 5.192302 49.105022
v 229.274979 4.195100 47.847404
v 230.312897 2.736022 46.858566
v 230.898560 0.875688 46.309620
v 230.852905 -1.139711 46.351406
v 230.188812 -2.961515 46.973534
v 229.104889 -4.357031 48.008327
v 227.797852 -5.290315 49.289509
v 226.431320 5.326096 50.460876
v 227.739624 4.759735 49.092514
v 228.917648 3.797213 47.889156
v 229.839172 2.440036 46.962475
v 230.340866 0.772193 46.461178
v 230.302429 -1.005072 46.498886
v 229.730896 -2.646027 47.069012
v 228.763794 -3.951078 48.042133
v 227.563644 -4.856686 49.270874
v 226.019440 -5.420987 50.895378
v 226.103394 -5.629013 50.946281
v 227.702301 -5.070267 49.303539
v 228.958191 -4.150165 48.053761
v 229.985245 -2.800088 47.055168
v 230.603683 -1.070626 46.463108
v 230.645767 0.822550 46.423676
v 230.101578 2.584470 46.945122
v 229.120438 3.992200 47.897575
v 227.885544 4.972648 49.122807
v 226.528473 5.537259 50.507812
v 226.142868 4.996054 50.253872
v 227.360764 4.449712 48.879967
v 228.447220 3.535912 47.670589
v 229.286880 2.262697 46.738052
v 229.738022 0.714141 46.232883
v 229.703690 -0.928872 46.271000
v 229.188904 -2.454418 46.845581
v 228.306061 -3.680786 47.824753
v 227.197556 -4.542202 49.059498
v 225.757599 -5.089451 50.690334
v 225.901352 -5.235635 50.808132
v 227.389877 -4.673660 49.187477
v 228.537567 -3.786970 47.963905
v 229.452469 -2.524077 46.997749
v 229.985931 -0.954722 46.434074
v 230.021484 0.733667 46.396858
v 229.554047 2.326380 46.892136
v 228.683823 3.637473 47.811642
v 227.558777 4.578274 49.009514
v 226.299377 5.139768 50.374241
v 227.166885 4.384585 48.719639
v 228.236710 3.501332 47.486984
v 229.073456 2.254344 46.527351
v 229.530136 0.715116 46.001186
v 229.495102 -0.929540 46.041176
v 228.975113 -2.442973 46.638752
v 228.097122 -3.641704 47.644829
v 227.006973 -4.472948 48.902061
v 225.600769 -4.992627 50.552700
v 226.835571 -4.463663 48.733887
v 227.929657 -3.663065 47.450203
v 228.828110 -2.480464 46.412601
v 229.373108 -0.951382 45.788189
v 229.410370 0.732378 45.746044
v 228.930252 2.292057 46.296734
v 228.071213 3.526468 47.288120
v 226.994995 4.380041 48.548149
v 225.814087 4.868788 49.961212
v 224.047989 -5.976019 52.995502
v 224.282791 -6.013770 52.887691
v 224.084488 -5.527883 52.892647
v 224.244965 -5.745445 52.892647
v 224.304138 -5.251996 52.526543
v 187.034439 -38.162819 54.202789
v 187.035370 -38.407814 54.098812
v 223.496017 -9.296993 52.969707
v 222.544464 -12.504414 52.999298
v 220.225937 -17.855368 53.072853
v 217.116364 -22.799545 53.172817
v 213.308182 -27.199427 53.296234
v 208.847229 -30.988426 53.441593
v 203.899170 -34.037365 53.603512
v 198.502579 -36.315594 53.780720
v 192.867798 -37.735683 53.966320
v 140.937531 -38.985931 55.731247
v 140.938461 -39.230938 55.627258
v 179.352417 -38.425938 54.413719
v 171.669601 -38.563133 54.668461
v 163.986786 -38.700325 54.923203
v 156.303970 -38.837521 55.177948
v 148.621140 -38.974712 55.432690
v 140.089539 -39.183937 55.125298
v 140.460648 -39.391792 55.365067
v 140.095840 -38.979465 55.301804
v 140.466751 -39.113163 55.578827
v 140.095840 -39.185848 55.136890
v 129.854996 -39.366695 55.464649
v 129.508224 -39.587372 55.728222
v 139.922302 -40.058956 53.618988
v 129.953171 -40.236641 53.949947
v 140.204788 -40.465652 53.986496
v 129.710312 -40.652695 54.334866
v 140.754364 -40.691811 54.152031
v 129.181335 -40.898083 54.536167
v 140.482697 -41.919476 52.893047
v 139.708344 -43.469860 51.325138
v 138.539032 -44.740871 50.067089
v 137.085526 -45.626900 49.222851
v 135.478363 -46.063709 48.852573
v 134.357437 -46.091080 48.882107
v 133.256058 -45.897751 49.139702
v 132.211319 -45.487194 49.619770
v 131.264175 -44.870659 50.308430
v 130.455643 -44.069405 51.181431
v 129.821716 -43.114082 52.205074
v 129.390579 -42.042629 53.338524
v 140.372498 -40.569939 54.071308
v 140.079941 -41.734249 52.838150
v 139.301819 -43.185310 51.315807
v 138.172684 -44.346695 50.114964
v 136.824921 -45.127068 49.331127
v 135.396713 -45.496078 48.998398
v 134.418900 -45.519600 49.024082
v 133.447891 -45.359501 49.253056
v 132.502243 -45.008289 49.690029
v 131.618607 -44.463623 50.332401
v 130.843155 -43.736691 51.163059
v 130.219177 -42.852795 52.150978
v 129.781067 -41.847462 53.255569
v 129.552429 -40.762783 54.430473
v 129.371552 -40.845459 54.498116
v 129.591568 -41.962368 53.315094
v 130.027206 -43.002995 52.199745
v 130.656921 -43.924641 51.197983
v 131.449188 -44.690441 50.350365
v 132.364059 -45.272301 49.688927
v 133.357681 -45.653965 49.233799
v 134.391327 -45.831039 48.992516
v 135.437714 -45.805634 48.964935
v 136.951813 -45.402149 49.313061
v 138.350891 -44.567314 50.121399
v 139.500198 -43.348476 51.344700
v 140.277359 -41.844513 52.884205
v 140.560287 -40.646042 54.126724
v 139.974670 -40.200584 53.751522
v 139.698486 -41.266819 52.499069
v 138.972610 -42.590469 50.943306
v 137.923691 -43.645866 49.701878
v 136.669861 -44.354256 48.875999
v 135.333786 -44.690327 48.514786
v 134.416779 -44.712219 48.537937
v 133.509308 -44.567013 48.778915
v 132.630905 -44.248581 49.237297
v 131.814560 -43.754860 49.904564
v 131.100464 -43.095074 50.759624
v 130.526703 -42.290798 51.769699
v 130.124207 -41.373158 52.893738
v 129.914780 -40.379883 54.085487
v 129.833435 -40.521927 54.217003
v 130.058472 -41.540562 53.036091
v 130.481247 -42.479092 51.925312
v 131.077667 -43.298027 50.931240
v 131.813263 -43.965088 50.094822
v 132.645416 -44.458954 49.447643
v 133.529694 -44.773033 49.007576
v 134.432663 -44.914120 48.778023
v 135.340485 -44.892563 48.754757
v 136.673218 -44.563187 49.095898
v 137.945068 -43.855690 49.891388
v 139.023880 -42.785931 51.104305
v 139.778305 -41.433205 52.637440
v 140.069550 -40.339489 53.877197
v 130.139603 -41.214115 52.746048
v 130.516495 -42.123554 51.606998
v 131.065674 -42.928570 50.578644
v 131.761200 -43.598087 49.702126
v 132.570770 -44.108387 49.011574
v 133.458755 -44.444847 48.531769
v 134.391327 -44.601746 48.277103
v 135.339996 -44.578831 48.253376
v 136.707214 -44.221035 48.636581
v 137.957901 -43.487534 49.496532
v 138.978912 -42.421936 50.770267
v 139.669235 -41.107735 52.351894
v 129.941574 -41.703232 53.160397
v 130.376282 -42.672691 52.057129
v 130.989792 -43.520023 51.071697
v 131.746475 -44.211304 50.244881
v 132.601837 -44.723747 49.607586
v 133.509232 -45.049885 49.176094
v 134.433838 -45.196495 48.951424
v 135.362228 -45.174370 48.927273
v 136.726334 -44.832909 49.257294
v 138.030380 -44.099194 50.036404
v 139.136520 -42.991367 51.233665
v 139.908386 -41.593594 52.754047
v 129.042465 -39.198341 56.125656
v 129.043396 -39.443348 56.021671
v 129.464645 -39.196053 56.010918
v 129.282379 -39.384243 56.010918
v 129.771774 -39.371445 55.633015
v 95.217491 -39.802361 57.247211
v 95.218422 -40.047367 57.143223
v 120.587013 -39.475319 56.362236
v 112.130768 -39.626324 56.642624
v 103.674522 -39.777328 56.923012
v 94.368202 -39.822746 57.304394
v 94.335144 -40.040585 57.204716
v 94.761604 -39.942944 57.222561
v 92.171082 -40.011265 57.382565
v 93.545784 -39.968349 57.315010
v 93.717346 -39.962040 57.304710
v 129.042465 -39.198357 -56.125641
v 129.043396 -39.443363 -56.021656
v 27.618910 -41.135483 -59.444813
v 36.070938 -40.984554 -59.164566
v 44.522968 -40.833622 -58.884315
v 52.974998 -40.682693 -58.604069
v 61.427029 -40.531765 -58.323818
v 69.879059 -40.380836 -58.043571
v 78.331085 -40.229908 -57.763321
v 86.783112 -40.078979 -57.483074
v 95.235146 -39.928047 -57.202824
v 103.687172 -39.777119 -56.922577
v 112.139206 -39.626190 -56.642326
v 120.591232 -39.475262 -56.362080
v 129.854996 -39.366711 -55.464634
v 129.508224 -39.587387 -55.728207
v 129.282379 -39.384258 -56.010902
v 129.771774 -39.371460 -55.632999
v 129.464645 -39.196068 -56.010902
v 140.089539 -39.183952 -55.125282
v 140.460648 -39.391808 -55.365051
v 129.953201 -40.236988 -53.949524
v 139.922348 -40.058636 -53.619377
v 129.710358 -40.653069 -54.334450
v 140.204849 -40.465305 -53.986877
v 129.181366 -40.898487 -54.535748
v 140.754410 -40.691437 -54.152420
v 129.412674 -42.117168 -53.260086
v 130.136307 -43.640804 -51.642506
v 131.264328 -44.870792 -50.308285
v 132.689392 -45.705418 -49.368599
v 134.283066 -46.085068 -48.892193
v 135.403763 -46.072411 -48.847397
v 136.512177 -45.839622 -49.031719
v 137.571106 -45.391499 -49.442036
v 138.539185 -44.740761 -50.067196
v 139.374664 -43.910152 -50.885685
v 140.040512 -42.931618 -51.866226
v 140.507263 -41.844135 -52.969906
v 129.552475 -40.763168 -54.430058
v 129.804047 -41.917763 -53.178860
v 130.530914 -43.341949 -51.606613
v 131.618744 -44.463745 -50.332260
v 132.938614 -45.196484 -49.459976
v 134.353897 -45.514717 -49.032959
v 135.331497 -45.503319 -48.993809
v 136.309189 -45.308422 -49.158169
v 137.268570 -44.923191 -49.531975
v 138.172821 -44.346600 -50.115063
v 138.975159 -43.591492 -50.893406
v 139.631271 -42.684738 -51.838879
v 140.105438 -41.663113 -52.913223
v 140.372543 -40.569580 -54.071690
v 140.560333 -40.645672 -54.127110
v 140.302444 -41.771118 -52.959934
v 139.831284 -42.827938 -51.874649
v 139.169876 -43.772640 -50.915699
v 138.351044 -44.567211 -50.121502
v 137.415710 -45.182110 -49.521412
v 136.408371 -45.599506 -49.132629
v 135.367996 -45.813614 -48.960117
v 134.321854 -45.825577 -49.001919
v 132.820694 -45.475933 -49.450024
v 131.449341 -44.690571 -50.350220
v 130.340820 -43.512054 -51.648388
v 129.614182 -42.034943 -53.237755
v 129.371582 -40.845852 -54.497700
v 129.914825 -40.380238 -54.085068
v 130.145309 -41.437428 -52.815811
v 130.813293 -42.736187 -51.213837
v 131.814682 -43.754971 -49.904423
v 133.035538 -44.419170 -48.996490
v 134.355896 -44.707802 -48.547195
v 135.272614 -44.696949 -48.509544
v 136.188293 -44.519188 -48.690071
v 137.083206 -44.169090 -49.089653
v 137.923828 -43.645779 -49.701981
v 138.668976 -42.959938 -50.508656
v 139.279327 -42.134514 -51.479469
v 139.722397 -41.201778 -52.575470
v 139.974716 -40.200256 -53.751907
v 140.069611 -40.339153 -53.877583
v 139.803345 -41.366562 -52.712959
v 139.341675 -42.320885 -51.631508
v 138.710327 -43.161743 -50.678146
v 137.945206 -43.855602 -49.891487
v 137.090164 -44.379601 -49.300251
v 136.190460 -44.725536 -48.919334
v 135.279877 -44.899006 -48.749916
v 134.372314 -44.909866 -48.786846
v 133.054199 -44.627827 -49.215878
v 131.813400 -43.965199 -50.094681
v 130.779816 -42.933163 -51.377640
v 130.080811 -41.606388 -52.958973
v 129.833481 -40.522289 -54.216587
v 139.691574 -41.043556 -52.429314
v 139.272781 -41.967209 -51.316647
v 138.685760 -42.792511 -50.325966
v 137.958038 -43.487446 -49.496639
v 137.123215 -44.027107 -48.860611
v 136.217972 -44.395592 -48.440266
v 135.276794 -44.585949 -48.247730
v 134.328415 -44.596909 -48.286903
v 132.977692 -44.287647 -48.760227
v 131.761322 -43.598202 -49.701981
v 130.789551 -42.568192 -51.041790
v 130.159042 -41.277573 -52.667213
v 139.933929 -41.524811 -52.829060
v 139.461975 -42.510460 -51.755856
v 138.815155 -43.380299 -50.812214
v 138.030518 -44.099106 -50.036503
v 137.153656 -44.642479 -49.456642
v 136.231903 -45.001282 -49.085800
v 135.300262 -45.181038 -48.922680
v 134.372101 -45.192066 -48.960087
v 133.021545 -44.899082 -49.380119
v 131.746613 -44.211422 -50.244743
v 130.683395 -43.142334 -51.513935
v 129.964539 -41.771175 -53.083744
v 140.937531 -38.985947 -55.731232
v 140.938461 -39.230953 -55.627243
v 140.095840 -38.979481 -55.301788
v 140.466751 -39.113178 -55.578812
v 140.095840 -39.185863 -55.136875
v 187.034790 -38.162781 -54.202759
v 187.035522 -38.407791 -54.098778
v 148.621231 -38.974724 -55.432671
v 156.304138 -38.837532 -55.177925
v 163.987061 -38.700336 -54.923180
v 171.669968 -38.563141 -54.668434
v 179.352875 -38.425945 -54.413689
v 224.047989 -5.976035 -52.995502
v 224.282791 -6.013786 -52.887691
v 190.379272 -38.082584 -54.048439
v 193.668472 -37.588467 -53.939899
v 199.296448 -36.040436 -53.754601
v 204.630356 -33.649895 -53.579529
v 209.520752 -30.488338 -53.419586
v 213.900452 -26.599323 -53.276978
v 217.609222 -22.118507 -53.156914
v 220.619675 -17.088558 -53.060280
v 222.811661 -11.701148 -52.990932
v 224.173203 -5.061580 -52.297379
v 224.376343 -5.311726 -52.520634
v 224.484818 -5.657638 -52.669815
v 224.244965 -5.745461 -52.892647
v 224.304138 -5.252012 -52.526543
v 224.084488 -5.527899 -52.892647
v 224.171509 5.062250 -52.303406
v 224.374588 5.312200 -52.526939
v 224.482956 5.657972 -52.676517
v 225.978058 -4.901478 -50.105865
v 225.442398 4.950274 -50.413605
v 226.589325 -5.749677 -50.509411
v 226.148666 5.844465 -50.967888
v 227.989594 -5.186302 -49.099155
v 229.276596 -4.187048 -47.842770
v 230.313934 -2.726376 -46.855621
v 230.898895 -0.865184 -46.308697
v 230.852478 1.150140 -46.352619
v 230.187683 2.970961 -46.976738
v 229.103210 4.364803 -48.013157
v 227.795883 5.296000 -49.295502
v 226.433243 -5.322374 -50.454739
v 227.741409 -4.753839 -49.087143
v 228.919098 -3.789378 -47.884968
v 229.840118 -2.430712 -46.959846
v 230.341156 -0.762069 -46.460361
v 230.302048 1.015128 -46.499958
v 229.729889 2.655166 -47.071873
v 228.762299 3.958649 -48.046509
v 227.561844 4.862282 -49.276367
v 226.017532 5.424018 -50.901657
v 226.101410 5.632019 -50.952805
v 227.700409 5.075888 -49.309280
v 228.956604 4.157814 -48.058357
v 229.984177 2.809352 -47.058197
v 230.603287 1.080837 -46.464252
v 230.646072 -0.812266 -46.422806
v 230.102554 -2.575014 -46.942341
v 229.121979 -3.984281 -47.893169
v 227.887405 -4.966719 -49.117188
v 226.530472 -5.533550 -50.501427
v 226.144684 -4.992204 -50.248112
v 227.362442 -4.443727 -48.874950
v 228.448593 -3.528027 -47.666702
v 229.287781 -2.253349 -46.735634
v 229.738312 -0.704006 -46.232140
v 229.703323 0.938938 -46.271984
v 229.187943 2.463583 -46.848221
v 228.304642 3.688414 -47.828812
v 227.195862 4.547893 -49.064632
v 225.755783 5.092622 -50.696236
v 225.899506 5.238721 -50.814198
v 227.388138 4.679278 -49.192760
v 228.536118 3.794533 -47.968090
v 229.451492 2.533180 -47.000473
v 229.985550 0.964723 -46.435089
v 230.021774 -0.723597 -46.396088
v 229.554947 -2.317098 -46.889637
v 228.685226 -3.629653 -47.807636
v 227.560501 -4.572359 -49.004349
v 226.301224 -5.135999 -50.368317
v 227.168564 -4.378485 -48.714699
v 228.238083 -3.493315 -47.483147
v 229.074356 -2.244842 -46.524956
v 229.530411 -0.704813 -46.000446
v 229.494736 0.939775 -46.042152
v 228.974152 2.452291 -46.641369
v 228.095703 3.649463 -47.648834
v 227.005280 4.478751 -48.907116
v 225.598984 4.995904 -50.558498
v 226.833878 4.469604 -48.738934
v 227.928223 3.670991 -47.454231
v 228.827133 2.489983 -46.415249
v 229.372726 0.961843 -45.789181
v 229.410645 -0.721847 -45.745289
v 228.931152 -2.282346 -46.294304
v 228.072601 -3.518275 -47.284256
v 226.996689 -4.373800 -48.543209
v 225.815887 -4.864711 -49.955585
v 224.045990 5.975828 -53.002640
v 224.280807 6.013789 -52.894852
v 224.082672 5.528461 -52.899536
v 224.302353 5.252531 -52.532951
v 224.243195 5.745979 -52.899536
v 187.034439 38.150055 -54.247936
v 187.035370 38.395321 -54.144108
v 223.493118 9.295921 -52.980789
v 222.540833 12.502307 -53.014194
v 220.221390 17.851330 -53.094097
v 217.111389 22.793623 -53.199921
v 213.303284 27.191648 -53.328533
v 208.842743 30.979044 -53.478352
v 203.895493 34.026627 -53.643848
v 198.499954 36.303841 -53.823715
v 192.866348 37.723301 -54.010952
v 140.935608 38.973202 -55.777435
v 140.936539 39.218475 -55.673592
v 179.352097 38.413315 -54.459129
v 171.668961 38.550514 -54.714043
v 163.985825 38.687710 -54.968960
v 156.302689 38.824909 -55.223877
v 148.619537 38.962109 -55.478794
v 140.088333 39.173412 -55.171272
v 140.459274 39.380295 -55.411095
v 140.094772 38.968159 -55.348801
v 140.465485 39.101467 -55.625072
v 140.094772 39.175369 -55.183067
v 129.855728 39.356136 -55.510777
v 129.509109 39.575832 -55.774406
v 129.180023 40.889591 -54.580551
v 140.755219 40.682491 -54.196915
v 129.708740 40.645149 -54.378883
v 140.205933 40.457329 -54.031006
v 129.951920 40.230042 -53.993938
v 139.923126 40.051643 -53.663521
v 140.044037 42.929375 -51.906483
v 139.378510 43.911198 -50.923759
v 138.542709 44.744732 -50.103306
v 137.573822 45.397820 -49.476574
v 136.513718 45.847576 -49.065197
v 135.403961 46.081192 -48.880383
v 134.281876 46.093845 -48.925266
v 132.686340 45.712696 -49.402840
v 131.259995 44.874905 -50.344810
v 130.131836 43.640499 -51.682053
v 129.409470 42.111851 -53.302826
v 140.373581 40.561234 -54.115894
v 139.634720 42.683022 -51.878693
v 138.978775 43.592976 -50.930981
v 138.175995 44.350872 -50.150650
v 137.270859 44.929638 -49.566013
v 136.310364 45.316296 -49.191208
v 135.331543 45.511875 -49.026409
v 134.352844 45.523270 -49.065632
v 132.935928 45.203773 -49.493706
v 131.614746 44.468151 -50.368225
v 130.526581 43.342125 -51.645657
v 129.800766 41.913021 -53.221210
v 129.550903 40.754875 -54.474567
v 129.370117 40.837231 -54.542339
v 129.610931 42.029884 -53.280285
v 130.336411 43.511967 -51.687675
v 131.445190 44.694813 -50.386471
v 132.817825 45.483204 -49.484032
v 134.320724 45.834229 -49.034828
v 135.368118 45.822269 -48.992947
v 136.409729 45.607407 -49.165916
v 137.418198 45.188484 -49.555717
v 138.354385 44.571316 -50.157356
v 139.173599 43.773888 -50.953518
v 139.834778 42.825932 -51.914673
v 140.561264 40.636997 -54.171440
v 139.975677 40.192993 -53.796024
v 139.282486 42.133602 -51.518982
v 138.672287 42.962059 -50.545815
v 137.926727 43.650532 -49.737026
v 137.085297 44.175892 -49.123016
v 136.189362 44.527340 -48.722309
v 135.272598 44.705753 -48.541260
v 134.354828 44.716602 -48.578987
v 133.032959 44.426769 -49.029469
v 131.810928 43.759846 -49.939816
v 130.809235 42.737064 -51.252483
v 130.142242 41.433624 -52.857937
v 129.913330 40.373028 -54.129467
v 129.831879 40.514744 -54.260986
v 130.077606 41.602318 -53.001125
v 130.775665 42.933861 -51.416355
v 131.809616 43.969944 -50.130188
v 133.051682 44.635277 -49.249050
v 134.371292 44.918472 -48.818901
v 135.279861 44.907612 -48.781902
v 136.191483 44.733524 -48.951801
v 137.092239 44.386269 -49.333782
v 137.948135 43.860226 -49.926643
v 138.713715 43.163704 -50.715374
v 139.344971 42.319752 -51.671059
v 140.070679 40.331551 -53.921688
v 130.156158 41.273952 -52.709339
v 130.785599 42.569164 -51.080425
v 131.757538 43.603161 -49.737335
v 132.974991 44.295406 -48.793110
v 134.327286 44.605968 -48.318527
v 135.276825 44.595016 -48.279274
v 136.219147 44.403942 -48.472370
v 137.125397 44.034031 -48.893890
v 137.960953 43.492279 -49.531643
v 138.688995 42.794716 -50.363106
v 139.275803 41.966419 -51.356159
v 129.961258 41.766777 -53.125969
v 130.679138 43.142780 -51.552776
v 131.742752 44.216003 -50.280445
v 133.018997 44.906425 -49.413555
v 134.371078 45.200588 -48.992458
v 135.300247 45.189560 -48.954983
v 136.232956 45.009174 -49.118553
v 137.155792 44.649025 -49.490410
v 138.033554 44.103561 -50.071846
v 138.818665 43.382034 -50.849579
v 139.465363 42.509048 -51.795506
v 129.043884 39.185555 -56.171986
v 129.044830 39.430828 -56.068142
v 129.289139 39.369041 -56.057007
v 129.472137 39.173195 -56.057007
v 129.783356 39.341221 -55.679161
v 79.209358 40.075455 -57.825428
v 79.210297 40.320728 -57.721588
v 120.738922 39.459919 -56.403862
v 112.433159 39.608234 -56.679436
v 104.127388 39.756554 -56.955009
v 95.821625 39.904869 -57.230583
v 87.515854 40.053188 -57.506161
v 78.105141 40.123600 -57.867004
v 78.094917 40.342976 -57.765049
v 78.658295 40.223503 -57.797512
v 68.110832 40.387535 -58.244217
v 68.110046 40.472557 -58.180691
v 76.415199 40.271633 -57.902340
v 73.103668 40.338020 -58.036827
v 71.828720 40.362469 -58.084095
v 32.393673 41.071281 -59.407864
v 36.900295 40.990574 -59.257370
v 41.406918 40.909832 -59.106819
v 45.913570 40.829063 -58.956211
v 50.352913 40.749474 -58.807796
v 54.792297 40.669857 -58.659325
v 59.231709 40.590221 -58.510799
v 63.671124 40.510563 -58.362217
v 39.996017 -51.419781 -20.499992
v 40.002552 -51.785748 -20.133966
v 50.387486 -51.234219 -11.494298
v 29.604548 -51.605343 -11.494298
v 29.973326 -51.964844 -11.442207
v 29.973326 -51.964844 -8.557777
v 29.604548 -51.605343 -8.505687
v 30.446404 -51.590309 -14.361851
v 30.785833 -51.950333 -14.209797
v 32.061909 -51.561462 -16.876030
v 32.345024 -51.922489 -16.636333
v 34.320190 -51.521133 -18.833155
v 34.524586 -51.883568 -18.525234
v 37.038296 -51.472599 -20.074669
v 37.147938 -51.836723 -19.723469
v 42.953735 -51.366966 -20.074669
v 42.857166 -51.734772 -19.723469
v 45.671841 -51.318428 -18.833155
v 45.480518 -51.687927 -18.525234
v 47.930122 -51.278103 -16.876030
v 47.660076 -51.649006 -16.636333
v 49.545628 -51.249252 -14.361851
v 49.219269 -51.621162 -14.209797
v 50.031776 -51.606655 -11.442207
v 49.545628 -51.249252 -5.638134
v 49.219269 -51.621162 -5.790187
v 50.031776 -51.606655 -8.557777
v 50.387486 -51.234219 -8.505687
v 47.930122 -51.278103 -3.123954
v 47.660076 -51.649006 -3.363650
v 45.671841 -51.318428 -1.166830
v 45.480518 -51.687927 -1.474750
v 42.953735 -51.366966 0.074684
v 42.857166 -51.734772 -0.276515
v 39.996017 -51.419781 0.500008
v 40.002552 -51.785748 0.133983
v 37.038296 -51.472599 0.074684
v 37.147938 -51.836723 -0.276515
v 34.320190 -51.521133 -1.166830
v 34.524586 -51.883568 -1.474750
v 32.061909 -51.561462 -3.123954
v 32.345024 -51.922489 -3.363650
v 30.446404 -51.590309 -5.638134
v 30.785833 -51.950333 -5.790187
v -0.133975 -0.000004 -28.000000
v -0.500000 -0.000004 -27.633974
v -0.133975 5.144990 27.523247
v -0.500000 5.077734 27.163454
v -0.500000 0.000004 27.633974
v -0.133975 0.000004 28.000000
v -0.133975 10.114771 26.109222
v -0.500000 9.982547 25.767914
v -0.133975 14.740105 23.806076
v -0.500000 14.547417 23.494875
v -0.133975 18.863482 20.692245
v -0.500000 18.616892 20.421751
v -0.133975 22.344486 16.873766
v -0.500000 22.052391 16.653187
v -0.133975 25.064571 12.480670
v -0.500000 24.736919 12.317518
v -0.133975 26.931118 7.662560
v -0.500000 26.579065 7.562392
v -0.133975 27.880556 2.583510
v -0.500000 27.516092 2.549738
v -0.133975 27.880556 -2.583518
v -0.500000 27.516092 -2.549746
v -0.133975 26.931118 -7.662568
v -0.500000 26.579065 -7.562400
v -0.133975 25.064571 -12.480678
v -0.500000 24.736919 -12.317526
v -0.133975 22.344479 -16.873774
v -0.500000 22.052383 -16.653194
v -0.133975 18.863474 -20.692253
v -0.500000 18.616884 -20.421759
v -0.133975 14.740097 -23.806084
v -0.500000 14.547409 -23.494883
v -0.133975 10.114763 -26.109222
v -0.500000 9.982539 -25.767914
v -0.133975 5.144982 -27.523247
v -0.500000 5.077726 -27.163454
v -0.133975 -5.144990 -27.523247
v -0.500000 -5.077734 -27.163454
v -0.133975 -10.114771 -26.109222
v -0.500000 -9.982547 -25.767914
v -0.133975 -14.740105 -23.806076
v -0.500000 -14.547417 -23.494875
v -0.133975 -18.863482 -20.692245
v -0.500000 -18.616892 -20.421751
v -0.133975 -22.344486 -16.873766
v -0.500000 -22.052391 -16.653187
v -0.133975 -25.064571 -12.480670
v -0.500000 -24.736919 -12.317518
v -0.133975 -26.931118 -7.662560
v -0.500000 -26.579065 -7.562392
v -0.133975 -27.880556 -2.583510
v -0.500000 -27.516092 -2.549738
v -0.133975 -27.880556 2.583518
v -0.500000 -27.516092 2.549746
v -0.133975 -26.931118 7.662568
v -0.500000 -26.579065 7.562400
v -0.133975 -25.064571 12.480678
v -0.500000 -24.736919 12.317526
v -0.133975 -22.344479 16.873774
v -0.500000 -22.052383 16.653194
v -0.133975 -18.863474 20.692253
v -0.500000 -18.616884 20.421759
v -0.133975 -14.740097 23.806084
v -0.500000 -14.547409 23.494883
v -0.133975 -10.114763 26.109222
v -0.500000 -9.982539 25.767914
v -0.133975 -5.144982 27.523247
v -0.500000 -5.077726 27.163454
v -19.500000 -0.000004 -27.366026
v -19.866026 -0.000004 -27.000000
v -19.500000 2.601310 27.242109
v -19.866026 2.566517 26.877743
v -19.866026 -2.566509 26.877743
v -19.500000 -2.601302 27.242109
v -19.500000 7.709904 26.257509
v -19.866026 7.606783 25.906309
v -19.500000 12.539843 24.323893
v -19.866026 12.372120 23.998556
v -19.500000 16.916559 21.511145
v -19.866026 16.690296 21.223431
v -19.500000 20.681866 17.920931
v -19.866026 20.405243 17.681236
v -19.500000 23.699677 13.683009
v -19.866026 23.382690 13.499996
v -19.500000 25.860916 8.950546
v -19.866026 25.515022 8.830832
v -19.500000 27.087479 3.894587
v -19.866026 26.725180 3.842497
v -19.500000 27.335030 -1.302132
v -19.866026 26.969418 -1.284716
v -19.500000 26.594620 -6.451789
v -19.866026 26.238913 -6.365495
v -19.500000 24.893011 -11.368262
v -19.866026 24.560064 -11.216208
v -19.500000 22.291702 -15.873856
v -19.866026 21.993547 -15.661541
v -19.500000 18.884716 -19.805727
v -19.866026 18.632130 -19.540823
v -19.500000 14.795186 -23.021770
v -19.866026 14.597299 -22.713848
v -19.500000 10.170920 -25.405741
v -19.866026 10.034883 -25.065933
v -19.500000 5.179050 -26.871487
v -19.866026 5.109780 -26.512075
v -19.500000 -5.179058 -26.871487
v -19.866026 -5.109788 -26.512075
v -19.500000 -10.170928 -25.405741
v -19.866026 -10.034890 -25.065933
v -19.500000 -14.795194 -23.021763
v -19.866026 -14.597306 -22.713840
v -19.500000 -18.884724 -19.805719
v -19.866026 -18.632137 -19.540815
v -19.500000 -22.291710 -15.873848
v -19.866026 -21.993555 -15.661533
v -19.500000 -24.893011 -11.368255
v -19.866026 -24.560064 -11.216201
v -19.500000 -26.594620 -6.451781
v -19.866026 -26.238913 -6.365487
v -19.500000 -27.335030 -1.302124
v -19.866026 -26.969418 -1.284708
v -19.500000 -27.087479 3.894595
v -19.866026 -26.725180 3.842505
v -19.500000 -25.860916 8.950554
v -19.866026 -25.515022 8.830839
v -19.500000 -23.699669 13.683017
v -19.866026 -23.382683 13.500004
v -19.500000 -20.681858 17.920938
v -19.866026 -20.405235 17.681244
v -19.500000 -16.916552 21.511152
v -19.866026 -16.690289 21.223438
v -19.500000 -12.539835 24.323893
v -19.866026 -12.372112 23.998556
v -19.500000 -7.709896 26.257509
v -19.866026 -7.606775 25.906309
vn 0.0126 -0.7070 0.7071
vn 0.0332 -0.0006 0.9995
vn 0.0331 -0.0006 0.9995
vn -0.0000 -0.0000 -1.0000
vn 0.0001 -0.0000 -1.0000
vn 0.0002 -0.0000 -1.0000
vn 0.0332 -0.0006 -0.9995
vn 0.0331 -0.0006 -0.9995
vn 0.0179 -0.9998 -0.0000
vn 0.0179 -0.9998 0.0001
vn -1.0000 -0.0000 -0.0000
vn 0.0179 0.9998 -0.0000
vn 0.0805 0.9968 -0.0000
vn 0.1584 0.9874 -0.0000
vn 0.0804 0.9968 -0.0000
vn 0.1612 0.9869 -0.0000
vn 0.2409 0.9705 -0.0000
vn 0.1583 0.9874 -0.0000
vn 0.2957 0.9553 -0.0000
vn 0.3190 0.9477 -0.0000
vn 0.3950 0.9187 -0.0000
vn 0.4272 0.9042 -0.0000
vn 0.4608 0.8875 -0.0000
vn 0.5241 0.8516 -0.0000
vn 0.5501 0.8351 -0.0000
vn 0.5502 0.8351 -0.0000
vn 0.5847 0.8113 -0.0000
vn 0.6622 0.7493 -0.0000
vn 0.6622 0.7494 -0.0000
vn 0.6421 0.7666 -0.0000
vn 0.6962 0.7179 -0.0000
vn 0.7610 0.6487 -0.0000
vn 0.7465 0.6653 -0.0000
vn 0.7929 0.6093 -0.0000
vn 0.7930 0.6093 -0.0000
vn 0.8447 0.5352 -0.0000
vn 0.8352 0.5500 -0.0000
vn 0.8448 0.5352 -0.0000
vn 0.8730 0.4878 -0.0000
vn 0.9116 0.4110 -0.0000
vn 0.9061 0.4230 -0.0000
vn 0.9345 0.3560 -0.0000
vn 0.9604 0.2786 -0.0000
vn 0.9579 0.2871 -0.0000
vn 0.9763 0.2166 -0.0000
vn 0.9762 0.2167 -0.0000
vn 0.9901 0.1407 -0.0000
vn 0.9900 0.1407 -0.0000
vn 0.9894 0.1451 -0.0000
vn 0.9974 0.0727 -0.0000
vn 1.0000 -0.0000 -0.0000
vn 0.9974 -0.0727 -0.0000
vn 0.9901 -0.1407 -0.0000
vn 0.9900 -0.1407 -0.0000
vn 0.9894 -0.1451 -0.0000
vn 0.9763 -0.2166 -0.0000
vn 0.9604 -0.2786 -0.0000
vn 0.9579 -0.2871 -0.0000
vn 0.9345 -0.3560 -0.0000
vn 0.9116 -0.4110 -0.0000
vn 0.9061 -0.4230 -0.0000
vn 0.8730 -0.4878 -0.0000
vn 0.8447 -0.5352 -0.0000
vn 0.8448 -0.5352 -0.0000
vn 0.8352 -0.5500 -0.0000
vn 0.7930 -0.6093 -0.0000
vn 0.7610 -0.6487 -0.0000
vn 0.7466 -0.6653 -0.0000
vn 0.6962 -0.7179 -0.0000
vn 0.6622 -0.7493 -0.0000
vn 0.6421 -0.7666 -0.0000
vn 0.5847 -0.8113 -0.0000
vn 0.5502 -0.8351 -0.0000
vn 0.5241 -0.8517 -0.0000
vn 0.5241 -0.8516 -0.0000
vn 0.5502 -0.8350 -0.0000
vn 0.4608 -0.8875 -0.0000
vn 0.4272 -0.9042 -0.0000
vn 0.3950 -0.9187 -0.0000
vn 0.2957 -0.9553 -0.0000
vn 0.3190 -0.9478 -0.0000
vn 0.2409 -0.9705 -0.0000
vn 0.1584 -0.9874 -0.0000
vn 0.2409 -0.9706 -0.0000
vn 0.1583 -0.9874 -0.0000
vn 0.1612 -0.9869 -0.0000
vn 0.0804 -0.9968 -0.0000
vn 0.0178 -0.9998 -0.0000
vn 0.5501 -0.8351 -0.0000
vn 0.1613 0.9869 -0.0000
vn 0.0178 0.9998 -0.0000
vn -0.0000 -0.0000 1.0000
vn 0.8491 -0.5283 -0.0000
vn 0.8491 0.5283 -0.0000
vn 0.0332 -0.0006 0.9994
vn 0.0328 -0.0006 0.9995
vn -0.0004 -1.0000 -0.0000
vn 0.0353 0.9994 -0.0000
vn 0.2276 0.9738 -0.0000
vn 0.2401 0.9708 -0.0000
vn 0.2400 0.9708 -0.0000
vn 0.4107 0.9118 -0.0000
vn 0.2401 0.9707 -0.0000
vn 0.4346 0.9006 -0.0000
vn 0.4345 0.9007 -0.0000
vn 0.5910 0.8067 -0.0000
vn 0.5910 0.8066 -0.0000
vn 0.6105 0.7920 -0.0000
vn 0.7456 0.6664 -0.0000
vn 0.6104 0.7921 -0.0000
vn 0.7603 0.6496 -0.0000
vn 0.8677 0.4971 -0.0000
vn 0.8776 0.4794 -0.0000
vn 0.8776 0.4793 -0.0000
vn 0.8677 0.4970 -0.0000
vn 0.9520 0.3060 -0.0000
vn 0.9575 0.2886 -0.0000
vn 0.9520 0.3061 -0.0000
vn 0.9948 0.1017 -0.0000
vn 0.9963 0.0856 -0.0000
vn 0.9943 -0.1070 -0.0000
vn 0.9926 -0.1211 -0.0000
vn 0.9504 -0.3111 -0.0000
vn 0.9465 -0.3226 -0.0000
vn 0.8651 -0.5016 -0.0000
vn 0.8599 -0.5104 -0.0000
vn 0.8651 -0.5017 -0.0000
vn 0.7421 -0.6703 -0.0000
vn 0.7366 -0.6763 -0.0000
vn 0.5867 -0.8098 -0.0000
vn 0.5818 -0.8133 -0.0000
vn 0.4058 -0.9140 -0.0000
vn 0.4021 -0.9156 -0.0000
vn 0.2072 -0.9783 -0.0000
vn 0.2052 -0.9787 -0.0000
vn -0.9998 0.0178 -0.0000
vn -0.9702 0.2423 -0.0000
vn -0.8908 0.4544 -0.0000
vn -0.7658 0.6431 -0.0000
vn -0.6015 0.7989 -0.0000
vn -0.4063 0.9137 -0.0000
vn -0.1904 0.9817 -0.0000
vn -0.1904 0.9817 0.0001
vn -0.9817 -0.1904 -0.0000
vn -0.9998 0.0179 -0.0000
vn -0.9782 -0.2075 -0.0000
vn -0.9206 -0.3904 -0.0000
vn -0.9207 -0.3903 -0.0000
vn -0.9065 -0.4223 -0.0000
vn -0.9207 -0.3904 -0.0000
vn -0.9065 -0.4222 -0.0000
vn -0.8194 -0.5732 -0.0000
vn -0.7883 -0.6153 -0.0000
vn -0.7882 -0.6154 -0.0000
vn -0.6823 -0.7311 -0.0000
vn -0.6296 -0.7769 -0.0000
vn -0.5154 -0.8570 -0.0000
vn -0.4387 -0.8986 -0.0000
vn -0.5127 -0.8586 -0.0000
vn -0.5099 -0.8602 -0.0000
vn -0.4388 -0.8986 -0.0000
vn -0.5072 -0.8618 -0.0000
vn -0.3474 -0.9377 -0.0000
vn -0.3473 -0.9378 -0.0000
vn -0.2254 -0.9743 -0.0000
vn -0.1766 -0.9843 -0.0000
vn -0.1767 -0.9843 -0.0000
vn 0.0175 0.9998 -0.0000
vn 0.0174 0.9998 -0.0000
vn -0.2725 0.9622 -0.0000
vn -0.2957 0.9553 -0.0000
vn -0.5391 0.8422 -0.0000
vn -0.5793 0.8151 -0.0000
vn -0.5392 0.8422 -0.0000
vn -0.7597 0.6503 -0.0000
vn -0.8049 0.5934 -0.0000
vn -0.9153 0.4027 -0.0000
vn -0.9500 0.3123 -0.0000
vn -0.9927 0.1208 -0.0000
vn 0.2173 0.9761 -0.0000
vn 0.2227 0.9749 -0.0000
vn 0.4083 0.9128 -0.0000
vn 0.4184 0.9083 -0.0000
vn 0.5828 0.8126 -0.0000
vn 0.5962 0.8028 -0.0000
vn 0.7337 0.6794 -0.0000
vn 0.7337 0.6795 -0.0000
vn 0.7486 0.6631 -0.0000
vn 0.8549 0.5188 -0.0000
vn 0.8689 0.4950 -0.0000
vn 0.8689 0.4949 -0.0000
vn 0.9415 0.3371 -0.0000
vn 0.9521 0.3057 -0.0000
vn 0.9899 0.1418 -0.0000
vn 0.9946 0.1034 -0.0000
vn 0.9982 -0.0593 -0.0000
vn 0.9946 -0.1034 -0.0000
vn 0.9662 -0.2580 -0.0000
vn 0.9661 -0.2580 -0.0000
vn 0.9521 -0.3057 -0.0000
vn 0.8949 -0.4462 -0.0000
vn 0.8689 -0.4950 -0.0000
vn 0.8689 -0.4949 -0.0000
vn 0.7875 -0.6164 -0.0000
vn 0.7486 -0.6631 -0.0000
vn 0.7266 -0.6870 -0.0000
vn 0.7267 -0.6870 -0.0000
vn 0.7486 -0.6630 -0.0000
vn 0.5962 -0.8028 -0.0000
vn 0.6651 -0.7467 -0.0000
vn 0.6651 -0.7468 -0.0000
vn 0.5963 -0.8028 -0.0000
vn 0.5228 -0.8525 -0.0000
vn 0.4184 -0.9083 -0.0000
vn 0.4451 -0.8955 -0.0000
vn 0.3640 -0.9314 -0.0000
vn 0.2227 -0.9749 -0.0000
vn 0.2800 -0.9600 -0.0000
vn 0.1938 -0.9810 -0.0000
vn 0.1060 -0.9944 -0.0000
vn 0.0175 -0.9998 -0.0000
vn 0.0174 -0.9998 -0.0000
vn -0.1058 -0.9944 -0.0000
vn -0.2957 -0.9553 -0.0000
vn -0.2275 -0.9738 -0.0000
vn -0.3458 -0.9383 -0.0000
vn -0.3457 -0.9383 -0.0000
vn -0.4587 -0.8886 -0.0000
vn -0.5793 -0.8151 -0.0000
vn -0.6620 -0.7495 -0.0000
vn -0.8049 -0.5934 -0.0000
vn -0.8252 -0.5649 -0.0000
vn -0.8887 -0.4585 -0.0000
vn -0.9500 -0.3123 -0.0000
vn -0.9186 -0.3952 -0.0000
vn -0.9500 -0.3124 -0.0000
vn -0.9447 -0.3278 -0.0000
vn -0.9753 -0.2208 -0.0000
vn -0.9938 -0.1111 -0.0000
vn -0.0000 0.1893 0.9819
vn -0.0000 -0.1893 0.9819
vn -0.0000 -0.1892 0.9819
vn -0.0000 -0.3717 0.9284
vn -0.0000 -0.5406 0.8413
vn -0.0000 -0.6901 0.7237
vn -0.0000 -0.8146 0.5801
vn -0.0000 -0.9096 0.4154
vn -0.0000 -0.9718 0.2358
vn -0.0000 -0.9989 0.0476
vn -0.0000 -0.9898 -0.1423
vn -0.0000 -0.9450 -0.3271
vn -0.0000 -0.8660 -0.5000
vn -0.0000 -0.7557 -0.6549
vn -0.0000 -0.7558 -0.6549
vn -0.0000 -0.6182 -0.7861
vn -0.0000 -0.6182 -0.7860
vn -0.0000 -0.4582 -0.8888
vn -0.0000 -0.2817 -0.9595
vn -0.0000 -0.0951 -0.9955
vn -0.0000 0.0951 -0.9955
vn -0.0000 0.2817 -0.9595
vn -0.0000 0.4582 -0.8888
vn -0.0000 0.6182 -0.7860
vn -0.0000 0.6182 -0.7861
vn -0.0000 0.7558 -0.6549
vn -0.0000 0.7557 -0.6549
vn -0.0000 0.8660 -0.5000
vn 0.0001 0.7557 -0.6549
vn -0.0001 0.9450 -0.3271
vn -0.0000 0.9450 -0.3271
vn -0.0000 0.9898 -0.1423
vn -0.0000 0.9989 0.0476
vn -0.0000 0.9718 0.2358
vn 0.0001 0.9989 0.0476
vn -0.0000 0.9096 0.4154
vn -0.0000 0.8146 0.5801
vn -0.0000 0.6901 0.7237
vn -0.0000 0.5406 0.8413
vn -0.0000 0.3717 0.9284
vn -0.0000 0.1892 0.9819
vn 0.6004 -0.3736 0.7071
vn 0.1120 -0.6982 0.7071
vn 0.1218 -0.6965 0.7071
vn 0.2091 -0.6755 0.7071
vn 0.2281 -0.6693 0.7071
vn 0.3021 -0.6393 0.7071
vn 0.3289 -0.6260 0.7071
vn 0.3020 -0.6393 0.7071
vn 0.3890 -0.5905 0.7071
vn 0.4217 -0.5676 0.7071
vn 0.4682 -0.5299 0.7071
vn 0.5045 -0.4955 0.7071
vn 0.5044 -0.4955 0.7071
vn 0.5381 -0.4587 0.7071
vn 0.5750 -0.4115 0.7071
vn 0.5973 -0.3784 0.7071
vn 0.6318 -0.3176 0.7071
vn 0.6317 -0.3176 0.7071
vn 0.6446 -0.2906 0.7071
vn 0.6317 -0.3177 0.7071
vn 0.6733 -0.2161 0.7071
vn 0.6791 -0.1970 0.7071
vn 0.6986 -0.1094 0.7071
vn 0.7001 -0.0995 0.7071
vn 0.7071 -0.0000 0.7071
vn 0.7001 0.0995 0.7071
vn 0.6986 0.1094 0.7071
vn 0.6791 0.1970 0.7071
vn 0.6733 0.2161 0.7071
vn 0.6446 0.2906 0.7071
vn 0.6317 0.3177 0.7071
vn 0.6317 0.3176 0.7071
vn 0.5973 0.3784 0.7071
vn 0.6318 0.3176 0.7071
vn 0.5750 0.4115 0.7071
vn 0.5381 0.4587 0.7071
vn 0.5044 0.4955 0.7071
vn 0.4682 0.5299 0.7071
vn 0.5045 0.4955 0.7071
vn 0.4217 0.5676 0.7071
vn 0.3890 0.5905 0.7071
vn 0.3289 0.6260 0.7071
vn 0.3020 0.6393 0.7071
vn 0.3021 0.6393 0.7071
vn 0.2281 0.6693 0.7071
vn 0.2091 0.6755 0.7071
vn 0.1218 0.6965 0.7071
vn 0.1120 0.6982 0.7071
vn 0.0126 0.7070 0.7071
vn 0.4813 -0.8316 0.2772
vn 0.4646 -0.8050 0.3689
vn 0.4894 -0.8148 0.3109
vn 0.4958 -0.8040 0.3283
vn 0.4641 -0.7641 0.4480
vn 0.4759 -0.7451 0.4673
vn 0.4325 -0.7555 0.4920
vn 0.4688 -0.7007 0.5378
vn 0.4512 -0.7844 0.4256
vn 0.4510 -0.7845 0.4257
vn 0.4930 -0.6585 0.5687
vn 0.5094 -0.6824 0.5242
vn 0.5094 -0.6825 0.5242
vn 0.4951 -0.7109 0.4995
vn 0.4949 -0.7113 0.4992
vn 0.4861 -0.7275 0.4843
vn 0.4860 -0.7275 0.4842
vn 0.5244 -0.7572 0.3895
vn 0.5226 -0.5990 0.6067
vn 0.5374 -0.6178 0.5741
vn 0.4930 -0.6584 0.5687
vn 0.5208 -0.6577 0.5442
vn 0.5209 -0.6576 0.5443
vn 0.5208 -0.6578 0.5442
vn 0.5675 -0.6509 0.5043
vn 0.5441 -0.7160 0.4374
vn 0.5866 -0.5693 0.5761
vn 0.5863 -0.5704 0.5752
vn 0.6004 0.3736 0.7071
vn 0.6004 -0.3736 -0.7071
vn 0.4934 -0.8698 -0.0000
vn 0.5866 0.5694 0.5760
vn 0.5226 0.5990 0.6067
vn 0.5863 0.5704 0.5752
vn 0.5435 0.6016 0.5855
vn 0.5374 0.6178 0.5741
vn 0.5435 0.6015 0.5855
vn 0.5290 0.6071 0.5930
vn 0.5224 0.6221 0.5831
vn 0.4930 0.6584 0.5687
vn 0.4688 0.7007 0.5378
vn 0.5052 0.6584 0.5579
vn 0.5054 0.6581 0.5581
vn 0.5146 0.6391 0.5716
vn 0.4930 0.6585 0.5687
vn 0.5224 0.6221 0.5832
vn 0.5299 0.6364 0.5605
vn 0.5300 0.6363 0.5606
vn 0.5675 0.6509 0.5043
vn 0.4325 0.7556 0.4920
vn 0.4512 0.7844 0.4256
vn 0.5208 0.6577 0.5442
vn 0.4646 0.8051 0.3688
vn 0.5244 0.7572 0.3895
vn 0.5441 0.7160 0.4374
vn 0.5675 0.6509 0.5042
vn 0.5300 0.6363 0.5605
vn 0.4813 0.8316 0.2772
vn 0.4894 0.8147 0.3110
vn 0.4646 0.8051 0.3689
vn 0.4646 0.8050 0.3689
vn 0.4958 0.8040 0.3283
vn 0.5243 0.7572 0.3895
vn 0.5300 0.6364 0.5605
vn 0.7071 -0.0000 -0.7071
vn 0.5866 -0.5694 -0.5760
vn 0.5226 -0.5990 -0.6067
vn 0.5863 -0.5704 -0.5752
vn 0.5435 -0.6016 -0.5855
vn 0.5374 -0.6178 -0.5741
vn 0.5435 -0.6015 -0.5855
vn 0.5290 -0.6071 -0.5930
vn 0.5224 -0.6221 -0.5831
vn 0.4930 -0.6584 -0.5687
vn 0.4688 -0.7007 -0.5378
vn 0.5052 -0.6584 -0.5579
vn 0.5054 -0.6581 -0.5581
vn 0.5146 -0.6391 -0.5716
vn 0.4930 -0.6585 -0.5687
vn 0.5224 -0.6221 -0.5832
vn 0.5299 -0.6364 -0.5605
vn 0.5300 -0.6363 -0.5606
vn 0.5675 -0.6509 -0.5043
vn 0.4325 -0.7555 -0.4922
vn 0.4512 -0.7844 -0.4256
vn 0.5208 -0.6577 -0.5442
vn 0.4646 -0.8051 -0.3688
vn 0.5244 -0.7572 -0.3895
vn 0.5441 -0.7160 -0.4374
vn 0.5675 -0.6509 -0.5042
vn 0.5300 -0.6363 -0.5605
vn 0.4813 -0.8316 -0.2772
vn 0.4894 -0.8147 -0.3110
vn 0.4646 -0.8051 -0.3689
vn 0.4646 -0.8050 -0.3689
vn 0.4958 -0.8040 -0.3283
vn 0.5243 -0.7572 -0.3895
vn 0.5300 -0.6364 -0.5605
vn 0.4934 0.8698 -0.0000
vn 0.6004 0.3736 -0.7071
vn 0.0126 -0.7070 -0.7071
vn 0.4813 0.8316 -0.2772
vn 0.4646 0.8050 -0.3689
vn 0.4894 0.8148 -0.3109
vn 0.4958 0.8040 -0.3283
vn 0.4641 0.7641 -0.4480
vn 0.4759 0.7451 -0.4673
vn 0.4325 0.7555 -0.4920
vn 0.4688 0.7007 -0.5378
vn 0.4512 0.7844 -0.4256
vn 0.4510 0.7845 -0.4257
vn 0.4930 0.6585 -0.5687
vn 0.5094 0.6825 -0.5242
vn 0.4951 0.7109 -0.4995
vn 0.4949 0.7113 -0.4992
vn 0.4861 0.7275 -0.4843
vn 0.4860 0.7275 -0.4842
vn 0.5244 0.7572 -0.3895
vn 0.5226 0.5990 -0.6067
vn 0.5374 0.6178 -0.5741
vn 0.4930 0.6584 -0.5687
vn 0.5208 0.6578 -0.5441
vn 0.5210 0.6573 -0.5445
vn 0.5094 0.6824 -0.5242
vn 0.5208 0.6578 -0.5442
vn 0.5675 0.6509 -0.5043
vn 0.5441 0.7160 -0.4374
vn 0.5866 0.5693 -0.5761
vn 0.5863 0.5704 -0.5752
vn 0.5208 0.6577 -0.5442
vn 0.0126 0.7070 -0.7071
vn 0.1120 0.6982 -0.7071
vn 0.1218 0.6965 -0.7071
vn 0.2091 0.6755 -0.7071
vn 0.2281 0.6693 -0.7071
vn 0.3021 0.6393 -0.7071
vn 0.3289 0.6260 -0.7071
vn 0.3020 0.6393 -0.7071
vn 0.3890 0.5905 -0.7071
vn 0.4217 0.5676 -0.7071
vn 0.4682 0.5299 -0.7071
vn 0.5045 0.4955 -0.7071
vn 0.5044 0.4955 -0.7071
vn 0.5381 0.4587 -0.7071
vn 0.5750 0.4115 -0.7071
vn 0.5973 0.3784 -0.7071
vn 0.6318 0.3176 -0.7071
vn 0.6317 0.3176 -0.7071
vn 0.6446 0.2906 -0.7071
vn 0.6317 0.3177 -0.7071
vn 0.6733 0.2161 -0.7071
vn 0.6791 0.1970 -0.7071
vn 0.6986 0.1094 -0.7071
vn 0.7001 0.0995 -0.7071
vn 0.7001 -0.0995 -0.7071
vn 0.6986 -0.1094 -0.7071
vn 0.6791 -0.1970 -0.7071
vn 0.6733 -0.2161 -0.7071
vn 0.6446 -0.2906 -0.7071
vn 0.6317 -0.3177 -0.7071
vn 0.6317 -0.3176 -0.7071
vn 0.5973 -0.3784 -0.7071
vn 0.6318 -0.3176 -0.7071
vn 0.5750 -0.4115 -0.7071
vn 0.5381 -0.4587 -0.7071
vn 0.5044 -0.4955 -0.7071
vn 0.4682 -0.5299 -0.7071
vn 0.5045 -0.4955 -0.7071
vn 0.4217 -0.5676 -0.7071
vn 0.3890 -0.5905 -0.7071
vn 0.3289 -0.6260 -0.7071
vn 0.3020 -0.6393 -0.7071
vn 0.3021 -0.6393 -0.7071
vn 0.2281 -0.6693 -0.7071
vn 0.2091 -0.6755 -0.7071
vn 0.1218 -0.6965 -0.7071
vn 0.1120 -0.6982 -0.7071
vn 0.0359 -0.7183 0.6949
vn 0.0359 -0.7183 0.6948
vn 0.0359 -0.7184 0.6947
vn 0.0359 -0.7182 0.6949
vn 0.0359 -0.7185 0.6946
vn 0.0358 -0.7182 0.6949
vn 0.0359 -0.7181 0.6950
vn 0.0357 -0.7180 0.6951
vn 0.7094 0.1714 0.6837
vn 0.7216 0.1107 0.6834
vn 0.7136 0.1532 0.6836
vn 0.7227 0.1034 0.6834
vn 0.7228 0.1027 0.6834
vn 0.7254 0.0823 0.6834
vn 0.7227 0.1029 0.6834
vn 0.7271 0.0665 0.6833
vn 0.7227 0.1031 0.6834
vn 0.7283 0.0517 0.6833
vn 0.7283 0.0518 0.6833
vn 0.7302 -0.0001 0.6833
vn 0.7302 -0.0002 0.6833
vn 0.7302 -0.0003 0.6833
vn 0.7283 -0.0524 0.6833
vn 0.7283 -0.0525 0.6833
vn 0.7227 -0.1039 0.6834
vn 0.7227 -0.1038 0.6834
vn 0.7134 -0.1546 0.6835
vn 0.7134 -0.1543 0.6835
vn 0.7134 -0.1545 0.6835
vn 0.7134 -0.1544 0.6835
vn 0.7005 -0.2046 0.6837
vn 0.7006 -0.2043 0.6837
vn 0.6839 -0.2538 0.6840
vn 0.6839 -0.2539 0.6840
vn 0.6840 -0.2535 0.6840
vn 0.6637 -0.3021 0.6843
vn 0.6638 -0.3017 0.6843
vn 0.6402 -0.3483 0.6847
vn 0.6402 -0.3484 0.6847
vn 0.6404 -0.3479 0.6847
vn 0.6136 -0.3926 0.6851
vn 0.6139 -0.3922 0.6851
vn 0.6139 -0.3921 0.6851
vn 0.5838 -0.4348 0.6856
vn 0.5842 -0.4343 0.6856
vn 0.5510 -0.4750 0.6862
vn 0.5509 -0.4750 0.6862
vn 0.5514 -0.4745 0.6862
vn 0.5149 -0.5130 0.6868
vn 0.5154 -0.5125 0.6868
vn 0.4764 -0.5482 0.6874
vn 0.4764 -0.5481 0.6874
vn 0.4770 -0.5476 0.6874
vn 0.4770 -0.5477 0.6874
vn 0.4357 -0.5802 0.6881
vn 0.4364 -0.5797 0.6881
vn 0.3929 -0.6092 0.6888
vn 0.3937 -0.6087 0.6888
vn 0.3480 -0.6351 0.6896
vn 0.3479 -0.6351 0.6896
vn 0.3936 -0.6088 0.6888
vn 0.3487 -0.6347 0.6896
vn 0.3008 -0.6579 0.6904
vn 0.3488 -0.6347 0.6896
vn 0.3017 -0.6575 0.6904
vn 0.3016 -0.6576 0.6904
vn 0.2464 -0.6793 0.6913
vn 0.2464 -0.6792 0.6913
vn 0.2367 -0.6825 0.6915
vn 0.1907 -0.6960 0.6923
vn 0.2366 -0.6825 0.6915
vn 0.1700 -0.7010 0.6926
vn 0.1340 -0.7082 0.6932
vn 0.1339 -0.7081 0.6932
vn 0.1016 -0.7130 0.6938
vn 0.1340 -0.7081 0.6932
vn 0.0760 -0.7157 0.6942
vn 0.0307 -0.7183 0.6950
vn 0.1017 -0.7130 0.6938
vn 0.1028 -0.7129 0.6937
vn 0.1028 -0.7128 0.6937
vn 0.0353 -0.7183 0.6949
vn 0.1039 -0.7127 0.6937
vn 0.1040 -0.7127 0.6937
vn 0.0987 -0.7134 0.6938
vn 0.1602 -0.7032 0.6927
vn 0.1722 -0.7005 0.6925
vn 0.2201 -0.6878 0.6917
vn 0.2200 -0.6878 0.6917
vn 0.2387 -0.6819 0.6914
vn 0.2388 -0.6818 0.6914
vn 0.2788 -0.6672 0.6907
vn 0.2388 -0.6819 0.6914
vn 0.3036 -0.6567 0.6903
vn 0.3362 -0.6412 0.6897
vn 0.3362 -0.6413 0.6897
vn 0.3506 -0.6338 0.6895
vn 0.3362 -0.6412 0.6898
vn 0.3903 -0.6109 0.6888
vn 0.3953 -0.6077 0.6888
vn 0.4411 -0.5763 0.6880
vn 0.4379 -0.5786 0.6880
vn 0.4783 -0.5465 0.6874
vn 0.4784 -0.5465 0.6874
vn 0.4379 -0.5786 0.6881
vn 0.4371 -0.5792 0.6881
vn 0.4777 -0.5471 0.6874
vn 0.4776 -0.5471 0.6874
vn 0.7286 0.0471 0.6833
vn 0.7297 0.0245 0.6833
vn 0.7297 -0.0248 0.6833
vn 0.7286 -0.0474 0.6833
vn 0.7271 -0.0668 0.6833
vn 0.7254 -0.0827 0.6833
vn 0.7226 -0.1039 0.6834
vn 0.7215 -0.1113 0.6834
vn 0.7135 -0.1539 0.6835
vn 0.7227 -0.1039 0.6833
vn 0.7135 -0.1542 0.6835
vn 0.7007 -0.2040 0.6837
vn 0.7135 -0.1541 0.6835
vn 0.7094 -0.1717 0.6836
vn 0.7135 -0.1540 0.6835
vn 0.7094 -0.1716 0.6836
vn 0.7007 -0.2037 0.6837
vn 0.7008 -0.2037 0.6837
vn 0.6842 -0.2532 0.6840
vn 0.6638 -0.3018 0.6843
vn 0.6922 -0.2306 0.6838
vn 0.6843 -0.2528 0.6840
vn 0.6841 -0.2532 0.6840
vn 0.6640 -0.3013 0.6843
vn 0.6404 -0.3480 0.6847
vn 0.6698 -0.2884 0.6842
vn 0.6698 -0.2885 0.6842
vn 0.6642 -0.3009 0.6843
vn 0.6407 -0.3475 0.6847
vn 0.6425 -0.3442 0.6846
vn 0.6425 -0.3443 0.6846
vn 0.6410 -0.3470 0.6847
vn 0.6409 -0.3470 0.6847
vn 0.6142 -0.3916 0.6851
vn 0.6142 -0.3917 0.6851
vn 0.6145 -0.3911 0.6851
vn 0.6424 -0.3443 0.6846
vn 0.6107 -0.3970 0.6852
vn 0.6146 -0.3911 0.6851
vn 0.5850 -0.4332 0.6856
vn 0.5746 -0.4467 0.6858
vn 0.5524 -0.4734 0.6861
vn 0.5340 -0.4936 0.6864
vn 0.5340 -0.4935 0.6865
vn 0.5166 -0.5114 0.6867
vn 0.4890 -0.5372 0.6872
vn 0.7227 0.1032 0.6834
vn 0.7135 0.1537 0.6836
vn 0.7227 0.1030 0.6834
vn 0.7136 0.1535 0.6836
vn 0.7136 0.1534 0.6836
vn 0.7007 0.2033 0.6838
vn 0.7008 0.2030 0.6838
vn 0.6844 0.2521 0.6841
vn 0.6921 0.2305 0.6840
vn 0.6697 0.2882 0.6844
vn 0.6697 0.2883 0.6844
vn 0.6644 0.3002 0.6845
vn 0.6425 0.3438 0.6849
vn 0.6411 0.3463 0.6849
vn 0.6147 0.3904 0.6853
vn 0.6408 0.3468 0.6849
vn 0.6143 0.3910 0.6853
vn 0.6408 0.3469 0.6849
vn 0.6405 0.3473 0.6849
vn 0.6140 0.3915 0.6854
vn 0.6140 0.3916 0.6854
vn 0.6403 0.3478 0.6849
vn 0.6137 0.3920 0.6854
vn 0.7134 0.1539 0.6836
vn 0.7006 0.2037 0.6838
vn 0.7007 0.2034 0.6838
vn 0.6842 0.2525 0.6841
vn 0.6843 0.2525 0.6841
vn 0.7135 0.1539 0.6836
vn 0.7006 0.2039 0.6838
vn 0.6841 0.2529 0.6841
vn 0.6641 0.3006 0.6845
vn 0.6641 0.3007 0.6845
vn 0.6840 0.2533 0.6841
vn 0.6639 0.3011 0.6845
vn 0.6642 0.3006 0.6845
vn 0.6637 0.3015 0.6845
vn 0.5843 0.4338 0.6859
vn 0.5843 0.4337 0.6859
vn 0.5839 0.4342 0.6859
vn 0.5839 0.4343 0.6859
vn 0.5515 0.4739 0.6865
vn 0.5510 0.4744 0.6865
vn 0.5510 0.4745 0.6865
vn 0.5155 0.5120 0.6871
vn 0.5156 0.5120 0.6871
vn 0.5150 0.5125 0.6871
vn 0.4771 0.5471 0.6877
vn 0.4765 0.5476 0.6878
vn 0.4365 0.5792 0.6884
vn 0.4359 0.5797 0.6885
vn 0.3938 0.6082 0.6892
vn 0.3938 0.6083 0.6892
vn 0.3930 0.6087 0.6892
vn 0.3931 0.6087 0.6892
vn 0.3489 0.6342 0.6900
vn 0.3488 0.6342 0.6900
vn 0.3480 0.6346 0.6900
vn 0.3017 0.6571 0.6908
vn 0.3018 0.6571 0.6908
vn 0.3009 0.6575 0.6908
vn 0.2464 0.6788 0.6918
vn 0.2464 0.6788 0.6917
vn 0.2367 0.6821 0.6919
vn 0.1908 0.6955 0.6927
vn 0.1701 0.7006 0.6930
vn 0.1700 0.7006 0.6930
vn 0.1340 0.7077 0.6937
vn 0.1017 0.7125 0.6942
vn 0.0761 0.7153 0.6947
vn 0.0353 0.7178 0.6953
vn 0.0354 0.7178 0.6953
vn 0.0760 0.7153 0.6947
vn 0.0307 0.7179 0.6955
vn 0.0985 0.7130 0.6942
vn 0.1040 0.7123 0.6941
vn 0.1028 0.7124 0.6942
vn 0.1599 0.7028 0.6932
vn 0.1040 0.7123 0.6942
vn 0.1723 0.7001 0.6930
vn 0.1711 0.7003 0.6930
vn 0.2378 0.6818 0.6919
vn 0.2378 0.6817 0.6919
vn 0.1598 0.7028 0.6932
vn 0.2198 0.6875 0.6921
vn 0.2389 0.6814 0.6918
vn 0.2388 0.6814 0.6918
vn 0.3027 0.6567 0.6908
vn 0.2788 0.6668 0.6911
vn 0.3037 0.6562 0.6907
vn 0.3498 0.6338 0.6899
vn 0.3361 0.6409 0.6901
vn 0.3360 0.6410 0.6901
vn 0.3507 0.6333 0.6899
vn 0.3497 0.6338 0.6899
vn 0.3946 0.6077 0.6892
vn 0.3946 0.6078 0.6892
vn 0.3360 0.6409 0.6901
vn 0.3900 0.6107 0.6892
vn 0.3900 0.6106 0.6892
vn 0.3955 0.6072 0.6891
vn 0.4373 0.5787 0.6884
vn 0.4409 0.5760 0.6883
vn 0.4381 0.5781 0.6884
vn 0.4778 0.5466 0.6877
vn 0.4778 0.5465 0.6877
vn 0.4785 0.5460 0.6877
vn 0.4891 0.5367 0.6875
vn 0.5168 0.5108 0.6871
vn 0.5339 0.4933 0.6868
vn 0.5339 0.4933 0.6867
vn 0.5526 0.4728 0.6864
vn 0.5526 0.4727 0.6864
vn 0.5744 0.4465 0.6860
vn 0.5852 0.4326 0.6858
vn 0.6106 0.3968 0.6854
vn 0.5852 0.4326 0.6859
vn 0.6147 0.3905 0.6853
vn 0.7094 0.1713 0.6837
vn 0.7009 0.2030 0.6838
vn 0.5846 -0.4338 0.6856
vn 0.5851 -0.4332 0.6856
vn 0.5519 -0.4739 0.6862
vn 0.5519 -0.4740 0.6862
vn 0.5160 -0.5120 0.6868
vn 0.5166 -0.5114 0.6868
vn 0.4372 -0.5792 0.6881
vn 0.3945 -0.6083 0.6888
vn 0.3945 -0.6082 0.6888
vn 0.3496 -0.6342 0.6896
vn 0.3954 -0.6077 0.6888
vn 0.3026 -0.6572 0.6904
vn 0.2377 -0.6822 0.6915
vn 0.1710 -0.7008 0.6926
vn 0.1711 -0.7008 0.6926
vn 0.3496 -0.6343 0.6896
vn 0.3016 -0.6575 0.6904
vn 0.3026 -0.6571 0.6904
vn 0.3937 -0.6088 0.6888
vn 0.5847 0.4332 0.6859
vn 0.5848 0.4332 0.6859
vn 0.5520 0.4734 0.6864
vn 0.5161 0.5114 0.6871
vn 0.5525 0.4728 0.6864
vn 0.5520 0.4733 0.6864
vn 0.5167 0.5108 0.6871
vn 0.2368 0.6821 0.6919
vn 0.0126 0.7068 0.7073
vn 0.0359 0.7178 0.6953
vn 0.0359 0.7173 0.6958
vn 0.0126 0.7071 -0.7070
vn 0.0359 0.7178 -0.6953
vn 0.0360 0.7178 -0.6953
vn 0.0359 0.7174 -0.6958
vn 0.0307 0.7179 -0.6955
vn 0.0761 0.7153 -0.6947
vn 0.1017 0.7125 -0.6942
vn 0.1340 0.7077 -0.6937
vn 0.1700 0.7006 -0.6930
vn 0.1701 0.7005 -0.6931
vn 0.1908 0.6955 -0.6927
vn 0.1701 0.7006 -0.6930
vn 0.2367 0.6821 -0.6919
vn 0.2464 0.6788 -0.6917
vn 0.2465 0.6788 -0.6918
vn 0.3017 0.6571 -0.6908
vn 0.3018 0.6571 -0.6908
vn 0.2464 0.6788 -0.6918
vn 0.3009 0.6575 -0.6908
vn 0.3489 0.6342 -0.6900
vn 0.3488 0.6342 -0.6900
vn 0.3481 0.6346 -0.6900
vn 0.3938 0.6083 -0.6892
vn 0.3930 0.6087 -0.6892
vn 0.4365 0.5792 -0.6884
vn 0.4358 0.5797 -0.6885
vn 0.4359 0.5797 -0.6885
vn 0.4771 0.5471 -0.6877
vn 0.4771 0.5471 -0.6878
vn 0.4765 0.5476 -0.6878
vn 0.5156 0.5120 -0.6871
vn 0.5155 0.5120 -0.6871
vn 0.5150 0.5125 -0.6871
vn 0.5515 0.4739 -0.6865
vn 0.5510 0.4744 -0.6865
vn 0.5511 0.4744 -0.6865
vn 0.5843 0.4337 -0.6859
vn 0.5843 0.4338 -0.6859
vn 0.5510 0.4745 -0.6865
vn 0.5839 0.4343 -0.6859
vn 0.6140 0.3916 -0.6854
vn 0.5839 0.4342 -0.6859
vn 0.6137 0.3920 -0.6854
vn 0.6405 0.3473 -0.6849
vn 0.6403 0.3478 -0.6849
vn 0.6639 0.3011 -0.6845
vn 0.6637 0.3015 -0.6845
vn 0.6841 0.2529 -0.6841
vn 0.6840 0.2532 -0.6841
vn 0.6840 0.2533 -0.6841
vn 0.7006 0.2037 -0.6838
vn 0.7006 0.2039 -0.6838
vn 0.7006 0.2040 -0.6838
vn 0.7135 0.1537 -0.6836
vn 0.7134 0.1540 -0.6836
vn 0.7134 0.1539 -0.6836
vn 0.7227 0.1031 -0.6834
vn 0.7227 0.1032 -0.6834
vn 0.7283 0.0517 -0.6833
vn 0.7283 0.0518 -0.6833
vn 0.7302 -0.0003 -0.6833
vn 0.7302 -0.0004 -0.6833
vn 0.7283 -0.0524 -0.6833
vn 0.7227 -0.1039 -0.6834
vn 0.7271 -0.0670 -0.6833
vn 0.7226 -0.1039 -0.6834
vn 0.7271 -0.0669 -0.6833
vn 0.7254 -0.0828 -0.6833
vn 0.7226 -0.1040 -0.6834
vn 0.7135 -0.1539 -0.6835
vn 0.7215 -0.1113 -0.6834
vn 0.7094 -0.1719 -0.6836
vn 0.7008 -0.2037 -0.6837
vn 0.7007 -0.2037 -0.6837
vn 0.6921 -0.2310 -0.6838
vn 0.6843 -0.2528 -0.6840
vn 0.6697 -0.2888 -0.6842
vn 0.6642 -0.3009 -0.6843
vn 0.6424 -0.3443 -0.6846
vn 0.6410 -0.3470 -0.6847
vn 0.6409 -0.3470 -0.6847
vn 0.6145 -0.3911 -0.6851
vn 0.6146 -0.3911 -0.6851
vn 0.6407 -0.3475 -0.6847
vn 0.6142 -0.3916 -0.6851
vn 0.6404 -0.3480 -0.6847
vn 0.6404 -0.3479 -0.6847
vn 0.6139 -0.3922 -0.6851
vn 0.6402 -0.3484 -0.6847
vn 0.6139 -0.3921 -0.6851
vn 0.6136 -0.3926 -0.6851
vn 0.7227 -0.1038 -0.6834
vn 0.7134 -0.1546 -0.6835
vn 0.7134 -0.1544 -0.6835
vn 0.7006 -0.2043 -0.6837
vn 0.7007 -0.2040 -0.6837
vn 0.6842 -0.2532 -0.6840
vn 0.7005 -0.2046 -0.6837
vn 0.6840 -0.2536 -0.6840
vn 0.6840 -0.2535 -0.6840
vn 0.6640 -0.3013 -0.6843
vn 0.6839 -0.2539 -0.6840
vn 0.6839 -0.2538 -0.6840
vn 0.6638 -0.3017 -0.6843
vn 0.6637 -0.3021 -0.6843
vn 0.5842 -0.4343 -0.6856
vn 0.5838 -0.4348 -0.6856
vn 0.5514 -0.4745 -0.6862
vn 0.5509 -0.4750 -0.6862
vn 0.5154 -0.5125 -0.6868
vn 0.5149 -0.5130 -0.6868
vn 0.4770 -0.5476 -0.6874
vn 0.4770 -0.5477 -0.6874
vn 0.4764 -0.5481 -0.6874
vn 0.4364 -0.5797 -0.6881
vn 0.4358 -0.5802 -0.6881
vn 0.4357 -0.5802 -0.6881
vn 0.3937 -0.6087 -0.6888
vn 0.3929 -0.6092 -0.6888
vn 0.3936 -0.6088 -0.6888
vn 0.3487 -0.6347 -0.6896
vn 0.3480 -0.6351 -0.6896
vn 0.3017 -0.6575 -0.6904
vn 0.3016 -0.6576 -0.6904
vn 0.3008 -0.6579 -0.6904
vn 0.2464 -0.6792 -0.6913
vn 0.2367 -0.6825 -0.6915
vn 0.1907 -0.6960 -0.6923
vn 0.2366 -0.6825 -0.6915
vn 0.1700 -0.7010 -0.6926
vn 0.1340 -0.7081 -0.6932
vn 0.1016 -0.7130 -0.6938
vn 0.1339 -0.7082 -0.6932
vn 0.0760 -0.7157 -0.6942
vn 0.0353 -0.7183 -0.6949
vn 0.0307 -0.7183 -0.6950
vn 0.0985 -0.7134 -0.6938
vn 0.1040 -0.7127 -0.6937
vn 0.1039 -0.7127 -0.6937
vn 0.1027 -0.7128 -0.6938
vn 0.1027 -0.7129 -0.6937
vn 0.1017 -0.7130 -0.6938
vn 0.1028 -0.7129 -0.6937
vn 0.1598 -0.7033 -0.6927
vn 0.1722 -0.7005 -0.6925
vn 0.1711 -0.7008 -0.6926
vn 0.2377 -0.6822 -0.6915
vn 0.1710 -0.7008 -0.6926
vn 0.2197 -0.6879 -0.6917
vn 0.2388 -0.6819 -0.6914
vn 0.2387 -0.6819 -0.6914
vn 0.2376 -0.6822 -0.6915
vn 0.3026 -0.6571 -0.6904
vn 0.3026 -0.6572 -0.6904
vn 0.3016 -0.6575 -0.6904
vn 0.3488 -0.6347 -0.6896
vn 0.2787 -0.6672 -0.6907
vn 0.3036 -0.6567 -0.6903
vn 0.3497 -0.6342 -0.6896
vn 0.3496 -0.6342 -0.6896
vn 0.3937 -0.6088 -0.6888
vn 0.3360 -0.6414 -0.6898
vn 0.3359 -0.6414 -0.6898
vn 0.3506 -0.6338 -0.6895
vn 0.3505 -0.6338 -0.6895
vn 0.3945 -0.6082 -0.6888
vn 0.3945 -0.6083 -0.6888
vn 0.3899 -0.6111 -0.6888
vn 0.3953 -0.6077 -0.6888
vn 0.4371 -0.5792 -0.6881
vn 0.4408 -0.5765 -0.6880
vn 0.4379 -0.5786 -0.6880
vn 0.4776 -0.5471 -0.6874
vn 0.4777 -0.5471 -0.6874
vn 0.4783 -0.5465 -0.6874
vn 0.4890 -0.5373 -0.6872
vn 0.4784 -0.5465 -0.6874
vn 0.5166 -0.5114 -0.6867
vn 0.5166 -0.5114 -0.6868
vn 0.5338 -0.4938 -0.6864
vn 0.5524 -0.4734 -0.6861
vn 0.5743 -0.4471 -0.6858
vn 0.5850 -0.4332 -0.6856
vn 0.5850 -0.4333 -0.6856
vn 0.6105 -0.3973 -0.6852
vn 0.7286 -0.0475 -0.6833
vn 0.7286 -0.0476 -0.6833
vn 0.7297 -0.0250 -0.6833
vn 0.7297 0.0243 -0.6833
vn 0.7286 0.0470 -0.6833
vn 0.7286 0.0469 -0.6833
vn 0.7271 0.0663 -0.6833
vn 0.7271 0.0664 -0.6833
vn 0.7254 0.0822 -0.6834
vn 0.7227 0.1034 -0.6834
vn 0.7228 0.1027 -0.6834
vn 0.7227 0.1029 -0.6834
vn 0.7227 0.1030 -0.6834
vn 0.7227 0.1033 -0.6834
vn 0.7216 0.1107 -0.6834
vn 0.7136 0.1532 -0.6836
vn 0.7136 0.1534 -0.6836
vn 0.7136 0.1535 -0.6836
vn 0.7007 0.2033 -0.6838
vn 0.7006 0.2036 -0.6838
vn 0.7095 0.1711 -0.6837
vn 0.7008 0.2030 -0.6838
vn 0.6843 0.2525 -0.6841
vn 0.6842 0.2525 -0.6841
vn 0.6923 0.2300 -0.6840
vn 0.6844 0.2521 -0.6841
vn 0.6641 0.3007 -0.6845
vn 0.6641 0.3006 -0.6845
vn 0.6699 0.2879 -0.6844
vn 0.6644 0.3002 -0.6845
vn 0.6408 0.3468 -0.6849
vn 0.6140 0.3915 -0.6854
vn 0.6425 0.3437 -0.6848
vn 0.6411 0.3463 -0.6849
vn 0.6143 0.3910 -0.6853
vn 0.6147 0.3904 -0.6853
vn 0.6147 0.3905 -0.6853
vn 0.6425 0.3437 -0.6849
vn 0.6108 0.3965 -0.6854
vn 0.6107 0.3965 -0.6854
vn 0.5852 0.4326 -0.6859
vn 0.5747 0.4462 -0.6860
vn 0.5525 0.4728 -0.6864
vn 0.5526 0.4727 -0.6864
vn 0.5341 0.4930 -0.6867
vn 0.5526 0.4728 -0.6864
vn 0.5341 0.4930 -0.6868
vn 0.5168 0.5108 -0.6871
vn 0.4892 0.5367 -0.6875
vn 0.4891 0.5367 -0.6875
vn 0.4785 0.5460 -0.6877
vn 0.4412 0.5758 -0.6883
vn 0.4381 0.5781 -0.6884
vn 0.3955 0.6072 -0.6891
vn 0.3946 0.6077 -0.6892
vn 0.3946 0.6078 -0.6892
vn 0.3497 0.6338 -0.6899
vn 0.3498 0.6338 -0.6899
vn 0.3498 0.6337 -0.6899
vn 0.3904 0.6104 -0.6892
vn 0.3903 0.6104 -0.6892
vn 0.3507 0.6333 -0.6899
vn 0.3027 0.6567 -0.6908
vn 0.3363 0.6408 -0.6901
vn 0.3037 0.6562 -0.6907
vn 0.2378 0.6817 -0.6919
vn 0.2378 0.6818 -0.6919
vn 0.2789 0.6668 -0.6911
vn 0.2788 0.6668 -0.6911
vn 0.2389 0.6814 -0.6918
vn 0.1711 0.7003 -0.6930
vn 0.1712 0.7003 -0.6930
vn 0.2201 0.6874 -0.6921
vn 0.1723 0.7001 -0.6930
vn 0.1028 0.7124 -0.6942
vn 0.1602 0.7028 -0.6931
vn 0.1603 0.7027 -0.6931
vn 0.1040 0.7123 -0.6942
vn 0.1040 0.7123 -0.6941
vn 0.0353 0.7178 -0.6953
vn 0.0988 0.7130 -0.6942
vn 0.0354 0.7178 -0.6953
vn 0.3938 0.6082 -0.6892
vn 0.4373 0.5787 -0.6884
vn 0.4778 0.5465 -0.6877
vn 0.4778 0.5466 -0.6877
vn 0.4772 0.5471 -0.6877
vn 0.5161 0.5114 -0.6871
vn 0.5520 0.4733 -0.6864
vn 0.5847 0.4332 -0.6859
vn 0.5848 0.4332 -0.6859
vn 0.5167 0.5108 -0.6871
vn 0.5520 0.4734 -0.6864
vn 0.5852 0.4326 -0.6858
vn 0.7135 0.1535 -0.6836
vn 0.7135 -0.1542 -0.6835
vn 0.7135 -0.1541 -0.6835
vn 0.6142 -0.3917 -0.6851
vn 0.5846 -0.4338 -0.6856
vn 0.5519 -0.4739 -0.6862
vn 0.5519 -0.4740 -0.6862
vn 0.5160 -0.5120 -0.6868
vn 0.1028 -0.7128 -0.6937
vn 0.0126 -0.7068 -0.7073
vn 0.0359 -0.7183 -0.6949
vn 0.0359 -0.7182 -0.6949
vn 0.0358 -0.7182 -0.6949
vn 0.0357 -0.7182 -0.6949
vn 0.0359 -0.7184 -0.6947
vn 0.0359 -0.7183 -0.6948
vn -0.1765 -0.9843 -0.0000
vn -0.1597 -0.9156 -0.3690
vn 0.0123 -0.9239 -0.3823
vn -0.1074 -0.6973 -0.7087
vn 0.0231 -0.7073 -0.7065
vn 0.0232 -0.7073 -0.7065
vn 0.0305 -0.3831 -0.9232
vn 0.0332 -0.0006 -0.9994
vn 0.0304 -0.3831 -0.9232
vn -0.0373 -0.3634 -0.9309
vn -0.0664 -0.3573 -0.9316
vn -0.1632 -0.6854 -0.7096
vn -0.0663 -0.3573 -0.9316
vn -0.0992 -0.3473 -0.9325
vn -0.2262 -0.6662 -0.7107
vn -0.1309 -0.3343 -0.9333
vn -0.2871 -0.6412 -0.7117
vn -0.1653 -0.3337 -0.9281
vn -0.2870 -0.6412 -0.7117
vn -0.1652 -0.3336 -0.9281
vn -0.3380 -0.6149 -0.7125
vn -0.0359 -0.3636 -0.9309
vn -0.0373 -0.3635 -0.9308
vn -0.1309 -0.3344 -0.9333
vn -0.1652 -0.3337 -0.9281
vn -0.3380 -0.6148 -0.7126
vn -0.4582 -0.8006 -0.3863
vn -0.4582 -0.8005 -0.3863
vn -0.3951 -0.8405 -0.3708
vn -0.3951 -0.8405 -0.3707
vn -0.3155 -0.8737 -0.3702
vn -0.3155 -0.8738 -0.3702
vn -0.3475 -0.9377 -0.0000
vn -0.2329 -0.8995 -0.3696
vn -0.2329 -0.8995 -0.3695
vn -0.5080 -0.8614 -0.0000
vn -0.5086 -0.8610 -0.0000
vn -0.4762 -0.7917 -0.3827
vn -0.4761 -0.7917 -0.3827
vn -0.3644 -0.6060 -0.7071
vn -0.3644 -0.6059 -0.7071
vn -0.1972 -0.3280 -0.9239
vn 0.0123 -0.9239 -0.3824
vn -0.5154 -0.8569 -0.0000
vn -0.6064 -0.6970 -0.3827
vn -0.4641 -0.5335 -0.7071
vn -0.1972 -0.3279 -0.9239
vn -0.2512 -0.2887 -0.9239
vn -0.2975 -0.2407 -0.9239
vn -0.3348 -0.1854 -0.9239
vn -0.3619 -0.1244 -0.9239
vn -0.3780 -0.0597 -0.9239
vn -0.3826 0.0068 -0.9239
vn -0.7070 0.0126 -0.7071
vn -0.6985 -0.1103 -0.7071
vn -0.6687 -0.2300 -0.7071
vn -0.6687 -0.2299 -0.7071
vn -0.6186 -0.3426 -0.7071
vn -0.6186 -0.3425 -0.7071
vn -0.5497 -0.4448 -0.7071
vn -0.9237 0.0165 -0.3827
vn -0.6984 -0.1103 -0.7071
vn -0.9126 -0.1442 -0.3827
vn -0.9126 -0.1441 -0.3827
vn -0.8737 -0.3004 -0.3827
vn -0.8082 -0.4476 -0.3827
vn -0.7182 -0.5811 -0.3827
vn -0.6837 -0.7298 0.0006
vn 0.5909 0.8068 -0.0000
vn 0.5289 0.7665 -0.3643
vn 0.3930 0.8458 -0.3609
vn 0.3930 0.8458 -0.3608
vn 0.3223 0.6657 -0.6730
vn 0.4149 0.5807 -0.7004
vn 0.2082 0.3958 -0.8944
vn 0.2343 0.3016 -0.9242
vn 0.0660 0.0726 -0.9952
vn 0.0331 -0.0007 -0.9995
vn 0.0659 0.0725 -0.9952
vn 0.2818 0.2622 -0.9230
vn 0.2818 0.2621 -0.9230
vn 0.3079 0.2337 -0.9223
vn 0.0330 -0.0007 -0.9995
vn 0.3307 0.2029 -0.9217
vn 0.5568 0.4503 -0.6981
vn 0.5568 0.4502 -0.6981
vn 0.6007 0.3910 -0.6973
vn 0.7170 0.5952 -0.3629
vn 0.7754 0.5171 -0.3625
vn 0.7458 0.6661 -0.0000
vn 0.8676 0.4973 -0.0000
vn 0.8254 0.4330 -0.3621
vn 0.8255 0.4330 -0.3621
vn 0.8666 0.3437 -0.3618
vn 0.6693 0.2597 -0.6962
vn 0.6927 0.1899 -0.6958
vn 0.3784 0.0983 -0.9204
vn 0.3867 0.0609 -0.9202
vn 0.3868 0.0609 -0.9202
vn 0.3912 0.0226 -0.9200
vn 0.0330 -0.0006 -0.9995
vn 0.3307 0.2028 -0.9217
vn 0.3502 0.1697 -0.9212
vn 0.6384 0.3273 -0.6967
vn 0.6007 0.3910 -0.6974
vn 0.6384 0.3272 -0.6967
vn 0.3663 0.1346 -0.9207
vn 0.0330 -0.0005 -0.9995
vn 0.3804 -0.0916 -0.9203
vn 0.3805 -0.0916 -0.9203
vn 0.3880 -0.0537 -0.9201
vn 0.3880 -0.0538 -0.9201
vn 0.3916 -0.0157 -0.9200
vn 0.7181 -0.0295 -0.6953
vn 0.7173 0.0441 -0.6953
vn 0.9306 0.0587 -0.3613
vn 0.9192 0.1563 -0.3614
vn 0.9948 0.1015 -0.0000
vn 0.3805 -0.0916 -0.9202
vn 0.3690 -0.1282 -0.9205
vn 0.0331 -0.0005 -0.9995
vn 0.3691 -0.1282 -0.9205
vn 0.3539 -0.1633 -0.9209
vn 0.3350 -0.1970 -0.9214
vn 0.6455 -0.3137 -0.6964
vn 0.6091 -0.3785 -0.6970
vn 0.8350 -0.4145 -0.3619
vn 0.7866 -0.5000 -0.3623
vn 0.8350 -0.4145 -0.3620
vn 0.8652 -0.5015 -0.0000
vn 0.7297 -0.5797 -0.3627
vn 0.6650 -0.6527 -0.3631
vn 0.6650 -0.6526 -0.3631
vn 0.5924 -0.7189 -0.3636
vn 0.5924 -0.7189 -0.3637
vn 0.4628 -0.5448 -0.6993
vn 0.3652 -0.6127 -0.7009
vn 0.2085 -0.3189 -0.9246
vn 0.1525 -0.3453 -0.9260
vn 0.0331 -0.0004 -0.9995
vn 0.3128 -0.2284 -0.9219
vn 0.6090 -0.3785 -0.6970
vn 0.5662 -0.4390 -0.6977
vn 0.5662 -0.4390 -0.6976
vn 0.2875 -0.2573 -0.9226
vn 0.2591 -0.2835 -0.9233
vn 0.1228 -0.3550 -0.9268
vn 0.1228 -0.3549 -0.9268
vn 0.0926 -0.3620 -0.9276
vn 0.0619 -0.3665 -0.9284
vn 0.1423 -0.6953 -0.7045
vn 0.0832 -0.7038 -0.7055
vn 0.1423 -0.6952 -0.7045
vn 0.1687 -0.9149 -0.3667
vn 0.0909 -0.9257 -0.3672
vn 0.1687 -0.9150 -0.3666
vn 0.2071 -0.9783 -0.0000
vn 0.2070 -0.9783 -0.0000
vn 0.0619 -0.3665 -0.9283
vn 0.2453 -0.8977 -0.3661
vn 0.4061 -0.9138 -0.0000
vn 0.3206 -0.8738 -0.3656
vn 0.4632 -0.8078 -0.3645
vn 0.4631 -0.8079 -0.3645
vn 0.2574 -0.6633 -0.7027
vn 0.5865 -0.8100 -0.0000
vn 0.9503 -0.3114 -0.0000
vn 0.8738 -0.3252 -0.3617
vn 0.8738 -0.3251 -0.3617
vn 0.6746 -0.2461 -0.6959
vn 0.9030 -0.2320 -0.3615
vn 0.9943 -0.1067 -0.0000
vn 0.9030 -0.2321 -0.3615
vn 0.9943 -0.1068 -0.0000
vn 0.9225 -0.1357 -0.3614
vn 0.9316 -0.0387 -0.3613
vn 0.7112 -0.1028 -0.6954
vn 0.9948 0.1016 -0.0000
vn 0.8666 0.3438 -0.3618
vn 0.8978 0.2515 -0.3616
vn 0.7088 0.1179 -0.6955
vn 0.3916 -0.0156 -0.9200
vn 0.5908 0.8068 -0.0000
vn 0.6502 0.6672 -0.3634
vn 0.5065 0.5050 -0.6989
vn 0.5064 0.5050 -0.6989
vn 0.6966 -0.1757 -0.6956
vn 0.7113 -0.1028 -0.6954
vn 0.6966 -0.1756 -0.6956
vn 0.5175 -0.4944 -0.6984
vn 0.5662 -0.4389 -0.6977
vn 0.3128 -0.2285 -0.9219
vn 0.2003 -0.6818 -0.7036
vn 0.2574 -0.6634 -0.7026
vn 0.2004 -0.6818 -0.7036
vn -0.3826 0.0069 -0.9239
vn 0.2277 0.9737 -0.0000
vn 0.2067 0.9337 -0.2924
vn 0.0417 0.9341 -0.3545
vn 0.1885 0.8797 -0.4365
vn 0.1886 0.8797 -0.4365
vn 0.0428 0.7475 -0.6629
vn 0.1655 0.8035 -0.5718
vn 0.1655 0.8036 -0.5718
vn 0.1088 0.5979 -0.7941
vn 0.1470 0.5018 -0.8524
vn 0.1088 0.5979 -0.7942
vn 0.0540 0.2432 -0.9685
vn 0.0659 0.0726 -0.9952
vn 0.0383 0.4637 -0.8852
vn 0.0418 0.4346 -0.8997
vn 0.0467 0.3620 -0.9310
vn 0.0383 0.4637 -0.8851
vn 0.0382 0.4637 -0.8852
vn 0.0466 0.3619 -0.9310
vn 0.0673 0.0719 -0.9951
vn 0.1470 0.5017 -0.8525
vn 0.2349 0.7442 -0.6252
vn 0.2349 0.7442 -0.6253
vn 0.2695 0.8352 -0.4794
vn 0.2954 0.8996 -0.3215
vn 0.2067 0.9337 -0.2925
vn 0.4106 0.9118 -0.0000
vn 0.2955 0.8996 -0.3215
vn -0.3738 0.0822 -0.9239
vn -0.3502 0.1543 -0.9239
vn -0.3129 0.2203 -0.9239
vn -0.2633 0.2777 -0.9239
vn -0.2034 0.3242 -0.9239
vn -0.0414 0.0829 -0.9957
vn -0.0423 0.0832 -0.9956
vn -0.1411 0.3608 -0.9219
vn -0.2034 0.3241 -0.9239
vn -0.1411 0.3609 -0.9219
vn -0.2502 0.6613 -0.7071
vn -0.2503 0.6613 -0.7071
vn -0.3758 0.5990 -0.7071
vn -0.2503 0.6614 -0.7071
vn -0.3270 0.8641 -0.3827
vn -0.4910 0.7826 -0.3827
vn -0.4064 0.9137 -0.0000
vn -0.1894 0.6473 -0.7383
vn -0.1695 0.8706 -0.4619
vn -0.1501 0.9116 -0.3827
vn -0.0870 0.9727 -0.2152
vn -0.0870 0.9727 -0.2151
vn -0.6357 0.6704 -0.3827
vn -0.7554 0.5319 -0.3827
vn -0.8455 0.3724 -0.3827
vn -0.8908 0.4543 -0.0000
vn -0.9023 0.1984 -0.3827
vn -0.9023 0.1983 -0.3827
vn -0.6906 0.1518 -0.7071
vn -0.6471 0.2850 -0.7071
vn -0.6471 0.2851 -0.7071
vn -0.5782 0.4071 -0.7071
vn -0.4865 0.5131 -0.7071
vn -0.2502 0.6614 -0.7071
vn 0.0399 0.9676 -0.2494
vn 0.0397 0.9665 -0.2538
vn 0.0399 0.9676 -0.2495
vn 0.0397 0.9664 -0.2538
vn 0.0416 0.8703 -0.4908
vn 0.0420 0.8702 -0.4908
vn 0.0414 0.8423 -0.5375
vn 0.0413 0.7160 -0.6968
vn 0.0397 0.6830 -0.7293
vn 0.0413 0.7160 -0.6969
vn 0.0381 0.5225 -0.8518
vn 0.0381 0.5224 -0.8518
vn 0.0397 0.6831 -0.7293
vn 0.0377 0.5814 -0.8128
vn 0.0382 0.4637 -0.8851
vn 0.0358 0.4638 -0.8852
vn 0.0438 0.8702 -0.4908
vn 0.0418 0.9341 -0.3545
vn 0.0420 0.8703 -0.4908
vn -0.8695 -0.3032 0.3899
vn -0.9186 -0.3953 0.0001
vn -0.7872 -0.5272 0.3199
vn -0.9186 -0.3952 0.0001
vn -0.7790 -0.5434 0.3129
vn -0.6177 -0.7316 0.2885
vn -0.5618 -0.5636 0.6056
vn -0.3149 -0.7858 0.5323
vn -0.5617 -0.5636 0.6056
vn -0.2696 -0.5088 0.8176
vn -0.2696 -0.5087 0.8176
vn 0.0376 -0.4232 0.9053
vn -0.2730 -0.4832 0.8319
vn -0.2730 -0.4831 0.8319
vn -0.3669 -0.0390 0.9294
vn -0.5690 -0.5424 0.6181
vn -0.6622 -0.2143 0.7180
vn -0.6622 -0.2143 0.7181
vn -0.5617 -0.5636 0.6057
vn -0.8251 -0.5649 -0.0000
vn -0.5560 -0.8056 0.2045
vn -0.5561 -0.8056 0.2045
vn -0.6178 -0.7315 0.2886
vn -0.3784 -0.8339 0.4018
vn -0.3152 -0.7853 0.5328
vn -0.1737 -0.8027 0.5705
vn -0.3153 -0.7853 0.5328
vn -0.1203 -0.8201 0.5594
vn -0.2741 -0.8794 0.3893
vn -0.4124 -0.8893 0.1974
vn -0.3572 -0.9134 0.1953
vn -0.3571 -0.9134 0.1953
vn -0.2163 -0.9573 0.1917
vn -0.3458 -0.9383 -0.0001
vn -0.0706 -0.9793 0.1895
vn -0.0705 -0.9793 0.1895
vn -0.1059 -0.9944 -0.0001
vn -0.1058 -0.9944 -0.0001
vn 0.0254 -0.9671 0.2533
vn -0.0358 -0.9261 0.3755
vn 0.0317 -0.8711 0.4901
vn 0.0004 -0.8371 0.5471
vn -0.0504 -0.8334 0.5504
vn -0.1003 -0.8249 0.5563
vn -0.1003 -0.8250 0.5562
vn 0.0355 -0.7180 0.6951
vn -0.1003 -0.8249 0.5562
vn -0.3571 -0.9134 0.1954
vn -0.4125 -0.8893 0.1974
vn -0.2348 -0.8922 0.3857
vn -0.3572 -0.9134 0.1954
vn -0.1363 -0.9152 0.3792
vn -0.0358 -0.9261 0.3756
vn -0.1498 -0.0317 0.9882
vn -0.3376 -0.1284 0.9325
vn -0.3385 -0.0635 0.9388
vn -0.6849 -0.1211 0.7185
vn -0.3596 -0.0006 0.9331
vn -0.6953 -0.0004 0.7187
vn -0.9207 -0.0002 0.3903
vn -0.9136 -0.1579 0.3747
vn -0.9938 -0.1113 -0.0000
vn -0.9754 -0.2206 -0.0000
vn -0.8685 -0.3061 0.3898
vn -0.6549 -0.2359 0.7180
vn -0.8685 -0.3061 0.3899
vn -0.3596 -0.0005 0.9331
vn -0.1499 -0.0317 0.9882
vn 0.0254 -0.9670 0.2533
vn 0.1060 -0.9944 -0.0001
vn 0.1243 -0.9740 0.1893
vn 0.1623 -0.9684 0.1896
vn 0.1241 -0.9185 0.3755
vn 0.1754 -0.9094 0.3770
vn 0.1755 -0.9094 0.3770
vn 0.1071 -0.8293 0.5484
vn 0.1071 -0.8294 0.5484
vn 0.1328 -0.8243 0.5504
vn 0.1329 -0.8243 0.5504
vn 0.0980 -0.9218 0.3751
vn 0.0979 -0.9218 0.3750
vn 0.0679 -0.8346 0.5466
vn 0.0811 -0.8332 0.5470
vn 0.0811 -0.8332 0.5471
vn 0.1583 -0.8180 0.5531
vn 0.1582 -0.8180 0.5531
vn 0.1833 -0.8104 0.5565
vn 0.2829 -0.8135 0.5082
vn 0.3251 -0.8633 0.3860
vn 0.5003 -0.8233 0.2682
vn 0.5002 -0.8233 0.2682
vn 0.4500 -0.8714 0.1955
vn 0.5963 -0.8027 -0.0000
vn 0.3809 -0.9042 0.1933
vn 0.2761 -0.8819 0.3822
vn 0.3097 -0.9313 0.1917
vn 0.2262 -0.8972 0.3792
vn 0.4452 -0.8954 -0.0000
vn 0.3098 -0.9313 0.1917
vn 0.2367 -0.9527 0.1904
vn 0.2367 -0.9528 0.1904
vn 0.1754 -0.9095 0.3770
vn 0.1623 -0.9684 0.1895
vn 0.2367 -0.9528 0.1903
vn 0.0177 -0.0003 0.9998
vn -0.3495 -0.0004 0.9369
vn -0.6981 -0.0003 0.7160
vn -0.3596 -0.0023 0.9331
vn -0.6953 0.0013 0.7187
vn -0.9277 -0.0002 0.3733
vn -0.9278 -0.0002 0.3732
vn -0.9222 -0.0001 0.3868
vn -0.9222 -0.0001 0.3867
vn -0.9222 0.0016 0.3868
vn -0.7008 -0.0002 0.7133
vn -0.7008 -0.0020 0.7133
vn -0.3704 -0.0003 0.9289
vn -0.3496 -0.0004 0.9369
vn 0.5002 -0.8233 0.2681
vn 0.5977 -0.7597 0.2561
vn 0.6228 -0.7301 0.2811
vn 0.7269 -0.6868 -0.0007
vn 0.6489 -0.6972 0.3046
vn 0.7268 -0.6868 -0.0006
vn 0.6910 -0.6396 0.3367
vn 0.4864 -0.6416 0.5931
vn 0.6910 -0.6396 0.3368
vn 0.5265 -0.5460 0.6517
vn 0.3825 -0.5854 0.7148
vn 0.5264 -0.5460 0.6517
vn 0.4149 -0.4695 0.7794
vn 0.2696 -0.5133 0.8148
vn 0.2914 -0.3783 0.8786
vn 0.1002 -0.2657 0.9588
vn 0.1331 -0.0742 0.9883
vn 0.4397 -0.7453 0.5012
vn 0.4397 -0.7453 0.5011
vn 0.2826 -0.8138 0.5079
vn 0.3452 -0.7138 0.6093
vn 0.2444 -0.6674 0.7034
vn 0.3635 -0.6527 0.6647
vn 0.3634 -0.6527 0.6647
vn 0.2444 -0.6675 0.7034
vn 0.2568 -0.5936 0.7627
vn 0.0596 -0.5770 0.8146
vn 0.0597 -0.5769 0.8146
vn 0.0596 -0.5769 0.8146
vn 0.0791 -0.4279 0.9003
vn 0.0791 -0.4279 0.9004
vn 0.1332 -0.0742 0.9883
vn 0.3984 -0.2774 0.8743
vn 0.3983 -0.2774 0.8743
vn 0.6094 -0.4519 0.6514
vn 0.6094 -0.4519 0.6515
vn 0.7438 -0.5710 0.3474
vn 0.7268 -0.6868 -0.0007
vn 0.4625 -0.6962 0.5490
vn 0.4625 -0.6962 0.5489
vn 0.4625 -0.6963 0.5489
vn -0.3554 0.0086 0.9347
vn -0.3529 0.0222 0.9354
vn -0.3503 0.0290 0.9362
vn -0.3529 0.0221 0.9354
vn -0.6968 0.0562 0.7151
vn -0.6967 0.0562 0.7151
vn -0.3567 0.0466 0.9331
vn -0.6901 0.0852 0.7187
vn -0.6900 0.0864 0.7187
vn -0.9138 0.1125 0.3903
vn -0.9250 0.0738 0.3727
vn -0.9250 0.0737 0.3727
vn -0.9265 0.0564 0.3721
vn -0.9281 0.0223 0.3716
vn -0.7008 0.0169 0.7132
vn -0.6987 0.0429 0.7141
vn -0.6968 0.0561 0.7151
vn 0.8948 -0.4464 -0.0000
vn 0.8093 -0.4626 0.3621
vn 0.7427 -0.5725 0.3475
vn 0.7426 -0.5725 0.3475
vn 0.6053 -0.4572 0.6516
vn 0.8092 -0.4626 0.3621
vn 0.6261 -0.3501 0.6967
vn 0.3924 -0.2850 0.8745
vn 0.3440 -0.1823 0.9211
vn 0.1307 -0.0773 0.9884
vn 0.3439 -0.1823 0.9211
vn 0.1308 -0.0773 0.9884
vn 0.3657 -0.1371 0.9206
vn 0.3839 -0.0773 0.9201
vn 0.3917 -0.0151 0.9200
vn 0.3889 0.0473 0.9201
vn 0.3889 0.0472 0.9201
vn 0.3755 0.1085 0.9204
vn 0.3755 0.1084 0.9205
vn 0.3519 0.1665 0.9211
vn 0.3520 0.1665 0.9211
vn 0.6870 0.2093 0.6958
vn 0.6870 0.2093 0.6959
vn 0.6416 0.3211 0.6966
vn 0.8901 0.2772 0.3616
vn 0.6415 0.3211 0.6966
vn 0.8297 0.4249 0.3621
vn 0.8902 0.2772 0.3616
vn 0.9415 0.3370 -0.0000
vn 0.8549 0.5189 -0.0000
vn 0.7451 0.5597 0.3627
vn 0.7336 0.6795 -0.0000
vn 0.6382 0.6787 0.3635
vn 0.5830 0.8125 -0.0000
vn 0.6381 0.6787 0.3635
vn 0.5126 0.7775 0.3644
vn 0.4008 0.8402 0.3652
vn 0.3182 0.6371 0.7020
vn 0.2278 0.6732 0.7035
vn 0.2277 0.6732 0.7035
vn 0.1371 0.3499 0.9267
vn 0.1126 0.3569 0.9273
vn 0.0331 -0.0007 0.9995
vn 0.3189 0.2197 0.9220
vn 0.2771 0.2668 0.9231
vn 0.2279 0.3060 0.9244
vn 0.2772 0.2668 0.9230
vn 0.2279 0.3060 0.9243
vn 0.4974 0.5138 0.6991
vn 0.4026 0.5891 0.7006
vn 0.1841 0.3311 0.9255
vn 0.2280 0.3060 0.9243
vn 0.3181 0.6371 0.7020
vn 0.0373 0.3821 0.9234
vn 0.0627 0.3657 0.9286
vn 0.0878 0.3621 0.9280
vn 0.1807 0.6865 0.7043
vn 0.2278 0.6731 0.7036
vn 0.2814 0.8870 0.3660
vn 0.2277 0.6732 0.7036
vn 0.2814 0.8870 0.3661
vn 0.4084 0.9128 -0.0000
vn 0.0847 0.7032 0.7059
vn 0.0358 0.7066 0.7067
vn 0.0288 0.9235 0.3825
vn 0.0928 0.9254 0.3674
vn 0.2171 0.9761 -0.0000
vn 0.2193 0.9042 0.3665
vn 0.2172 0.9761 -0.0000
vn 0.1565 0.9170 0.3669
vn 0.1565 0.9170 0.3670
vn 0.9899 0.1416 -0.0000
vn 0.9245 0.1215 0.3614
vn 0.7128 0.0916 0.6954
vn 0.6870 0.2094 0.6958
vn 0.7127 0.0916 0.6954
vn 0.9317 -0.0373 0.3613
vn 0.9983 -0.0591 -0.0000
vn 0.9117 -0.1956 0.3614
vn 0.9662 -0.2579 -0.0000
vn 0.8650 -0.3478 0.3617
vn 0.8949 -0.4463 -0.0000
vn 0.6680 -0.2632 0.6960
vn 0.7031 -0.1481 0.6955
vn 0.8650 -0.3478 0.3618
vn 0.6680 -0.2632 0.6961
vn 0.7182 -0.0284 0.6953
vn 0.5779 0.4233 0.6977
vn 0.5779 0.4234 0.6977
vn 0.3520 0.1666 0.9211
vn 0.1330 0.6965 0.7051
vn 0.2771 0.2668 0.9230
vn 0.3190 0.2197 0.9219
vn 0.0627 0.3656 0.9287
vn 0.0879 0.3621 0.9280
vn -0.1423 0.0595 0.9880
vn -0.1329 0.0818 0.9877
vn -0.1328 0.0818 0.9878
vn -0.1204 0.1027 0.9874
vn -0.1056 0.1215 0.9870
vn -0.1055 0.1215 0.9870
vn -0.0882 0.1384 0.9864
vn -0.0882 0.1383 0.9865
vn -0.2136 0.2806 0.9358
vn -0.1680 0.3136 0.9346
vn -0.2679 0.4664 0.8430
vn -0.1968 0.5031 0.8415
vn -0.2666 0.6499 0.7117
vn -0.1682 0.6837 0.7101
vn -0.2086 0.8089 0.5498
vn -0.2086 0.8089 0.5497
vn -0.0892 0.8315 0.5483
vn -0.1069 0.9233 0.3689
vn -0.0892 0.8315 0.5484
vn -0.1070 0.9233 0.3689
vn -0.2395 0.8977 0.3698
vn -0.2721 0.9623 -0.0000
vn -0.3682 0.8526 0.3708
vn -0.4881 0.7897 0.3716
vn -0.4331 0.7122 0.5524
vn -0.5363 0.6371 0.5536
vn -0.4457 0.5390 0.7147
vn -0.5131 0.4737 0.7158
vn -0.3879 0.3668 0.8456
vn -0.4327 0.3100 0.8466
vn -0.2790 0.2084 0.9374
vn -0.4327 0.3100 0.8465
vn -0.3041 0.1661 0.9380
vn -0.3041 0.1661 0.9381
vn -0.4986 0.1802 0.8479
vn -0.3233 0.1211 0.9385
vn -0.1424 0.0595 0.9880
vn -0.7840 0.2750 0.5565
vn -0.6558 0.2328 0.7181
vn -0.6899 0.0864 0.7187
vn -0.6190 0.3193 0.7175
vn -0.4985 0.1802 0.8479
vn -0.4700 0.2472 0.8473
vn -0.6191 0.3193 0.7175
vn -0.5709 0.4004 0.7167
vn -0.4327 0.3101 0.8465
vn -0.8758 0.3046 0.3745
vn -0.9155 0.4024 -0.0000
vn -0.8280 0.4177 0.3741
vn -0.7598 0.6501 -0.0000
vn -0.7654 0.5240 0.3737
vn -0.6901 0.6201 0.3731
vn -0.6840 0.4730 0.5554
vn -0.6840 0.4731 0.5553
vn -0.6158 0.5597 0.5545
vn -0.6158 0.5597 0.5546
vn -0.5709 0.4004 0.7168
vn -0.5390 0.8423 -0.0000
vn -0.6023 0.7061 0.3725
vn -0.0672 0.7026 0.7084
vn -0.1206 0.5291 0.8399
vn -0.1206 0.5292 0.8399
vn -0.1202 0.3382 0.9334
vn -0.0657 0.1547 0.9858
vn -0.0424 0.5436 0.8383
vn -0.0424 0.5437 0.8382
vn -0.0164 0.3655 0.9307
vn 0.0093 0.1804 0.9835
vn 0.0093 0.1803 0.9836
vn -0.0167 0.1755 0.9843
vn 0.0093 0.1804 0.9836
vn -0.0420 0.1669 0.9851
vn 0.0092 0.1801 0.9836
vn -0.1205 0.1027 0.9874
vn -0.2488 0.2466 0.9367
vn -0.2488 0.2466 0.9366
vn -0.0421 0.1669 0.9851
vn -0.1202 0.3383 0.9333
vn -0.0690 0.3558 0.9320
vn -0.0690 0.3557 0.9320
vn -0.3356 0.4174 0.8445
vn -0.3583 0.6024 0.7132
vn -0.3248 0.7686 0.5511
vn -0.7407 0.3772 0.5560
vn -0.6190 0.3193 0.7176
vn -0.6840 0.4730 0.5553
vn -0.3583 0.6024 0.7133
vn -0.8959 -0.2257 -0.3827
vn -0.8959 -0.2258 -0.3827
vn -0.8056 -0.4523 -0.3827
vn -0.6592 -0.6473 -0.3827
vn -0.4669 -0.7972 -0.3827
vn -0.2421 -0.8916 -0.3827
vn -0.2253 -0.9743 -0.0000
vn -0.0004 -0.9239 -0.3827
vn -0.6857 -0.1728 -0.7071
vn -0.6166 -0.3461 -0.7071
vn -0.6166 -0.3462 -0.7071
vn -0.5046 -0.4954 -0.7071
vn -0.5045 -0.4954 -0.7071
vn -0.3574 -0.6101 -0.7071
vn -0.3574 -0.6102 -0.7071
vn -0.3573 -0.6102 -0.7071
vn -0.1853 -0.6824 -0.7071
vn -0.0003 -0.7071 -0.7071
vn -0.1003 -0.3693 -0.9239
vn -0.0002 -0.3827 -0.9239
vn -0.1934 -0.3302 -0.9239
vn -0.2731 -0.2681 -0.9239
vn -0.2730 -0.2681 -0.9239
vn -0.3337 -0.1873 -0.9239
vn -0.3711 -0.0935 -0.9239
vn -0.3337 -0.1874 -0.9239
vn -0.0001 -0.3827 -0.9239
vn 0.1896 -0.9042 -0.3827
vn 0.3715 -0.8459 -0.3827
vn 0.5375 -0.7514 -0.3827
vn 0.6805 -0.6248 -0.3827
vn 0.6806 -0.6248 -0.3827
vn 0.7945 -0.4715 -0.3827
vn 0.7945 -0.4716 -0.3827
vn 0.9465 -0.3227 -0.0000
vn 0.8745 -0.2981 -0.3827
vn 0.9171 -0.1119 -0.3827
vn 0.9205 0.0791 -0.3827
vn 0.9574 0.2886 -0.0000
vn 0.8846 0.2667 -0.3827
vn 0.8845 0.2667 -0.3827
vn 0.8108 0.4429 -0.3827
vn 0.7024 0.6001 -0.3827
vn 0.5640 0.7318 -0.3827
vn 0.5640 0.7317 -0.3827
vn 0.4015 0.8321 -0.3827
vn 0.2218 0.8969 -0.3827
vn 0.0326 0.9233 -0.3827
vn 0.1698 0.6864 -0.7071
vn 0.1697 0.6864 -0.7071
vn 0.0250 0.7067 -0.7071
vn 0.0919 0.3715 -0.9239
vn 0.0135 0.3824 -0.9239
vn 0.1663 0.3447 -0.9239
vn 0.1663 0.3446 -0.9239
vn 0.2336 0.3031 -0.9239
vn 0.2910 0.2486 -0.9239
vn 0.2909 0.2486 -0.9239
vn 0.3358 0.1834 -0.9239
vn 0.3664 0.1105 -0.9239
vn 0.3664 0.1104 -0.9239
vn 0.3813 0.0328 -0.9239
vn 0.3813 0.0327 -0.9239
vn 0.3799 -0.0464 -0.9239
vn 0.3799 -0.0463 -0.9239
vn 0.7045 0.0605 -0.7071
vn 0.3798 -0.0463 -0.9239
vn 0.7019 -0.0856 -0.7071
vn 0.7019 -0.0857 -0.7071
vn 0.1451 -0.6920 -0.7071
vn 0.2843 -0.6474 -0.7071
vn 0.4114 -0.5751 -0.7071
vn 0.5209 -0.4782 -0.7071
vn 0.5208 -0.4782 -0.7071
vn 0.6081 -0.3609 -0.7071
vn 0.6693 -0.2281 -0.7071
vn 0.1451 -0.6921 -0.7071
vn 0.0785 -0.3745 -0.9239
vn 0.1539 -0.3504 -0.9239
vn 0.2226 -0.3112 -0.9239
vn 0.2819 -0.2588 -0.9239
vn 0.3291 -0.1953 -0.9239
vn 0.6693 -0.2282 -0.7071
vn 0.3622 -0.1235 -0.9239
vn 0.2226 -0.3113 -0.9239
vn 0.6770 0.2041 -0.7071
vn 0.6206 0.3389 -0.7071
vn 0.6206 0.3390 -0.7071
vn 0.5376 0.4593 -0.7071
vn 0.4317 0.5601 -0.7071
vn 0.3073 0.6369 -0.7071
vn 0.3073 0.6368 -0.7071
vn 0.8846 0.2666 -0.3827
vn 0.8108 0.4428 -0.3827
vn 0.7024 0.6002 -0.3827
vn 0.4317 0.5600 -0.7071
vn -0.3675 0.1067 -0.9239
vn -0.6791 0.1971 -0.7071
vn -0.8872 0.2576 -0.3827
vn -0.8873 0.2576 -0.3827
vn -0.7889 0.4808 -0.3827
vn -0.7890 0.4807 -0.3827
vn -0.4381 0.8134 -0.3827
vn -0.2101 0.8997 -0.3827
vn -0.1608 0.6886 -0.7071
vn -0.3353 0.6225 -0.7071
vn -0.3354 0.6225 -0.7071
vn -0.6038 0.3680 -0.7071
vn -0.6038 0.3679 -0.7071
vn -0.6791 0.1972 -0.7071
vn 0.0135 0.3825 -0.9239
vn -0.0870 0.3727 -0.9239
vn -0.1815 0.3369 -0.9239
vn -0.3268 0.1991 -0.9239
vn -0.6790 0.1972 -0.7071
vn -0.0870 0.3726 -0.9239
vn 0.0354 0.9994 -0.0000
vn -0.1132 0.3656 0.9239
vn 0.0067 0.3826 0.9239
vn 0.0124 0.7070 0.7071
vn 0.0123 0.7070 0.7071
vn -0.2091 0.6755 0.7071
vn 0.0161 0.9237 0.3827
vn -0.2732 0.8826 0.3827
vn -0.5352 0.7531 0.3827
vn -0.7436 0.5482 0.3827
vn -0.7436 0.5483 0.3827
vn -0.8777 0.2886 0.3827
vn -0.8777 0.2885 0.3827
vn -0.9239 -0.0000 0.3827
vn -0.7071 -0.0000 0.7071
vn -0.8776 0.2886 0.3827
vn -0.6717 0.2208 0.7071
vn -0.6717 0.2209 0.7071
vn -0.5692 0.4196 0.7071
vn -0.5691 0.4196 0.7071
vn -0.4096 0.5764 0.7071
vn -0.3827 -0.0000 0.9239
vn -0.3635 0.1195 0.9239
vn -0.3080 0.2271 0.9239
vn -0.2217 0.3119 0.9239
vn -0.3636 0.1195 0.9239
vn -0.2217 0.3120 0.9239
vn -0.7071 -0.0001 0.7071
vn -0.0001 -0.0000 1.0000
vn -0.3636 -0.1195 0.9239
vn -0.3635 -0.1195 0.9239
vn -0.6717 -0.2209 0.7071
vn -0.6717 -0.2208 0.7071
vn -0.8776 -0.2886 0.3827
vn -0.8777 -0.2886 0.3827
vn -0.8777 -0.2885 0.3827
vn -0.7436 -0.5482 0.3827
vn -0.7436 -0.5483 0.3827
vn -0.5352 -0.7531 0.3827
vn -0.2732 -0.8826 0.3827
vn 0.0161 -0.9237 0.3827
vn 0.0123 -0.7070 0.7071
vn -0.2091 -0.6755 0.7071
vn -0.4096 -0.5764 0.7071
vn -0.5692 -0.4196 0.7071
vn -0.5691 -0.4196 0.7071
vn 0.0124 -0.7070 0.7071
vn 0.0067 -0.3826 0.9239
vn -0.1132 -0.3656 0.9239
vn -0.2217 -0.3119 0.9239
vn -0.3080 -0.2271 0.9239
vn -0.2217 -0.3120 0.9239
vn 0.2057 0.9007 0.3827
vn 0.3865 0.8391 0.3827
vn 0.3866 0.8391 0.3827
vn 0.5508 0.7417 0.3827
vn 0.7485 0.6631 -0.0000
vn 0.6916 0.6126 0.3827
vn 0.8028 0.4573 0.3827
vn 0.8797 0.2824 0.3827
vn 0.9189 0.0955 0.3827
vn 0.9189 -0.0955 0.3827
vn 0.8797 -0.2824 0.3827
vn 0.8028 -0.4573 0.3827
vn 0.6916 -0.6126 0.3827
vn 0.5508 -0.7417 0.3827
vn 0.5509 -0.7417 0.3827
vn 0.3865 -0.8391 0.3827
vn 0.3866 -0.8391 0.3827
vn 0.2057 -0.9007 0.3827
vn 0.2058 -0.9007 0.3827
vn 0.1575 -0.6893 0.7071
vn 0.1575 -0.6894 0.7071
vn 0.0852 -0.3731 0.9239
vn 0.0067 -0.3827 0.9238
vn 0.0852 -0.3730 0.9239
vn 0.1601 -0.3476 0.9239
vn 0.2282 -0.3072 0.9239
vn 0.2865 -0.2537 0.9239
vn 0.2865 -0.2538 0.9239
vn 0.3325 -0.1894 0.9239
vn 0.3644 -0.1170 0.9239
vn 0.3806 -0.0396 0.9239
vn 0.3806 0.0396 0.9239
vn 0.3644 0.1170 0.9239
vn 0.3325 0.1894 0.9239
vn 0.2865 0.2537 0.9239
vn 0.2865 0.2538 0.9239
vn 0.2282 0.3072 0.9239
vn 0.1601 0.3476 0.9239
vn 0.0852 0.3731 0.9239
vn 0.0852 0.3730 0.9239
vn 0.0067 0.3827 0.9238
vn 0.1575 0.6894 0.7071
vn 0.1575 0.6893 0.7071
vn 0.2058 0.9007 0.3827
vn 0.2959 0.6422 0.7071
vn 0.4216 0.5677 0.7071
vn 0.5293 0.4689 0.7071
vn 0.6144 0.3500 0.7071
vn 0.6733 0.2162 0.7071
vn 0.7033 0.0731 0.7071
vn 0.3806 0.0395 0.9239
vn 0.7033 -0.0731 0.7071
vn 0.6733 -0.2162 0.7071
vn 0.6144 -0.3500 0.7071
vn 0.5293 -0.4689 0.7071
vn 0.4216 -0.5677 0.7071
vn 0.2958 -0.6423 0.7071
vn 0.2959 -0.6423 0.7071
vn 0.1574 -0.6894 0.7071
vn 0.2958 0.6422 0.7071
vn 0.1574 0.6893 0.7071
vn 0.5509 0.7417 0.3827
vn 0.5293 0.4688 0.7071
vn 0.6732 0.2161 0.7071
vn 0.6732 0.2162 0.7071
vn 0.8796 -0.2825 0.3827
vn 0.6732 -0.2162 0.7071
vn 0.5293 -0.4688 0.7071
vn 0.2958 -0.6422 0.7071
vn 0.2959 -0.6422 0.7071
vn 0.1574 -0.6893 0.7071
vn 0.0068 -0.3826 0.9239
vn -0.9509 -0.0170 -0.3090
vn -0.9998 -0.0178 -0.0000
vn -0.9998 -0.0179 -0.0000
vn -0.9509 -0.0171 -0.3090
vn -0.9509 -0.0170 0.3090
vn -0.8089 -0.0145 0.5878
vn -0.8089 -0.0144 0.5878
vn -0.5877 -0.0105 0.8090
vn -0.3090 -0.0055 0.9510
vn -0.3090 -0.0055 0.9511
vn 0.3090 0.0055 0.9511
vn -0.0000 0.0001 1.0000
vn 0.3090 0.0055 0.9510
vn 0.5877 0.0105 0.8090
vn 0.3090 0.0054 0.9510
vn 0.8089 0.0144 0.5878
vn 0.9509 0.0170 0.3090
vn 0.8089 0.0145 0.5878
vn 0.9998 0.0178 -0.0000
vn 0.9998 0.0179 -0.0000
vn 0.9509 0.0170 -0.3090
vn 0.8089 0.0144 -0.5878
vn 0.5877 0.0104 -0.8090
vn 0.5877 0.0105 -0.8090
vn 0.8089 0.0145 -0.5878
vn 0.3090 0.0055 -0.9510
vn 0.3090 0.0055 -0.9511
vn -0.3090 -0.0055 -0.9511
vn -0.3090 -0.0055 -0.9510
vn -0.5877 -0.0104 -0.8090
vn -0.5877 -0.0105 -0.8090
vn -0.8089 -0.0145 -0.5878
vn -0.8089 -0.0144 -0.5878
vn 0.5255 0.8506 0.0169
vn 0.2224 0.9749 0.0068
vn 0.1462 0.9892 0.0043
vn -0.2224 0.9749 -0.0080
vn -0.2224 0.9749 -0.0079
vn -0.2083 0.9780 -0.0075
vn -0.5603 0.8281 -0.0191
vn -0.6231 0.7818 -0.0211
vn -0.7229 0.6905 -0.0244
vn -0.9005 0.4339 -0.0301
vn -0.8628 0.5048 -0.0289
vn -0.8628 0.5047 -0.0289
vn -0.9624 0.2697 -0.0321
vn -0.9624 0.2698 -0.0321
vn -0.9994 -0.0000 -0.0332
vn -0.9994 -0.0005 -0.0332
vn -0.9995 -0.0004 -0.0331
vn -0.9621 -0.2708 -0.0318
vn -0.9005 -0.4339 -0.0296
vn -0.9621 -0.2708 -0.0317
vn -0.8619 -0.5063 -0.0283
vn -0.6232 -0.7818 -0.0202
vn -0.7220 -0.6915 -0.0235
vn -0.7220 -0.6914 -0.0235
vn -0.6231 -0.7818 -0.0202
vn -0.5594 -0.8287 -0.0181
vn -0.5593 -0.8287 -0.0181
vn -0.2224 -0.9749 -0.0068
vn -0.2074 -0.9782 -0.0063
vn -0.2223 -0.9749 -0.0091
vn 0.2224 -0.9749 0.0079
vn 0.1466 -0.9892 0.0055
vn 0.1465 -0.9892 0.0054
vn 0.2224 -0.9749 0.0080
vn 0.5258 -0.8504 0.0180
vn 0.5258 -0.8504 0.0179
vn 0.6231 -0.7818 0.0211
vn 0.8192 -0.5729 0.0275
vn 0.9005 -0.4339 0.0301
vn 0.9789 -0.2018 0.0326
vn 0.9995 -0.0000 0.0331
vn 0.9788 0.2022 0.0323
vn 0.9005 0.4339 0.0296
vn 0.8190 0.5732 0.0268
vn 0.6232 0.7818 0.0202
vn 0.6231 0.7818 0.0202
vn 0.4922 -0.2240 -0.8412
vn 0.5432 -0.0005 -0.8396
vn 0.1429 -0.5026 -0.8526
vn 0.1430 -0.5026 -0.8526
vn 0.3494 -0.4032 -0.8458
vn -0.2925 -0.4032 -0.8671
vn -0.0861 -0.5026 -0.8602
vn -0.4863 -0.0005 -0.8738
vn -0.4354 -0.2240 -0.8719
vn -0.2925 0.4022 -0.8676
vn -0.4354 0.2230 -0.8722
vn 0.1430 0.5016 -0.8532
vn -0.0861 0.5016 -0.8608
vn 0.3494 0.4022 -0.8463
vn 0.4922 0.2230 -0.8414
vn 0.8665 -0.4983 0.0290
vn 0.9935 -0.1089 0.0330
vn 0.9994 -0.0000 0.0332
vn 0.9502 0.3102 0.0313
vn 0.9502 0.3101 0.0313
vn 0.8636 0.5034 0.0283
vn 0.7382 0.6741 0.0241
vn 0.5797 0.8146 0.0187
vn 0.3953 0.9185 0.0126
vn 0.1930 0.9812 0.0058
vn -0.0178 0.9998 -0.0012
vn -0.2279 0.9737 -0.0081
vn -0.4277 0.9038 -0.0147
vn -0.6084 0.7934 -0.0206
vn -0.6084 0.7934 -0.0207
vn -0.7618 0.6473 -0.0257
vn -0.8810 0.4723 -0.0295
vn -0.9606 0.2760 -0.0320
vn -0.9995 -0.0000 -0.0331
vn -0.9890 -0.1442 -0.0327
vn -0.8482 -0.5289 -0.0278
vn -0.5652 -0.8248 -0.0183
vn -0.5651 -0.8248 -0.0183
vn -0.1872 -0.9823 -0.0056
vn -0.1873 -0.9823 -0.0056
vn 0.2221 -0.9750 0.0079
vn 0.5942 -0.8041 0.0202
vn -0.8474 0.5302 -0.0284
vn -0.9887 0.1464 -0.0329
vn -0.9611 -0.2744 -0.0317
vn -0.9611 -0.2745 -0.0317
vn -0.8816 -0.4711 -0.0290
vn -0.7625 -0.6465 -0.0249
vn -0.6091 -0.7929 -0.0197
vn -0.4283 -0.9035 -0.0137
vn -0.4282 -0.9036 -0.0137
vn -0.2282 -0.9736 -0.0070
vn -0.0178 -0.9998 -0.0000
vn -0.0179 -0.9998 -0.0000
vn 0.1933 -0.9811 0.0070
vn 0.3957 -0.9183 0.0137
vn 0.3958 -0.9182 0.0137
vn 0.3958 -0.9183 0.0137
vn 0.5804 -0.8141 0.0197
vn 0.7389 -0.6733 0.0249
vn 0.8643 -0.5022 0.0290
vn 0.8642 -0.5022 0.0290
vn 0.9507 -0.3086 0.0317
vn 0.9933 0.1110 0.0329
vn 0.8658 0.4996 0.0284
vn 0.5934 0.8046 0.0192
vn 0.5934 0.8047 0.0192
vn 0.2219 0.9750 0.0068
vn 0.2218 0.9751 0.0068
vn -0.1869 0.9824 -0.0068
vn -0.5643 0.8253 -0.0192
vn -0.5644 0.8253 -0.0192
vn 0.4640 -0.2235 -0.8572
vn 0.5150 -0.0000 -0.8572
vn 0.1146 -0.5021 -0.8572
vn 0.3211 -0.4027 -0.8572
vn -0.3211 -0.4027 -0.8572
vn -0.1146 -0.5021 -0.8572
vn -0.5150 -0.0000 -0.8572
vn -0.4640 -0.2235 -0.8572
vn -0.3211 0.4027 -0.8572
vn -0.4640 0.2235 -0.8572
vn 0.1146 0.5021 -0.8572
vn -0.1146 0.5021 -0.8572
vn 0.3211 0.4027 -0.8572
vn 0.4640 0.2235 -0.8572
vn 0.8464 -0.5325 -0.0000
vn 0.9010 -0.4339 -0.0000
vn 0.9761 -0.2174 -0.0000
vn 0.9761 -0.2175 -0.0000
vn 0.9751 0.2219 -0.0000
vn 0.9750 0.2220 -0.0000
vn 0.9010 0.4339 -0.0000
vn 0.9751 0.2220 -0.0000
vn 0.7858 0.6185 -0.0000
vn 0.6235 0.7818 -0.0000
vn 0.4448 0.8956 -0.0000
vn 0.4447 0.8957 -0.0000
vn 0.2225 0.9749 -0.0000
vn -0.2225 0.9749 -0.0000
vn -0.4125 0.9110 -0.0000
vn -0.6235 0.7818 -0.0000
vn -0.7632 0.6462 -0.0000
vn -0.9010 0.4339 -0.0000
vn -0.9665 0.2566 -0.0000
vn -0.9832 -0.1825 -0.0000
vn -0.9010 -0.4339 -0.0000
vn -0.8649 -0.5020 -0.0000
vn -0.6235 -0.7818 -0.0000
vn -0.6462 -0.7632 -0.0000
vn -0.3525 -0.9358 -0.0000
vn -0.2225 -0.9749 -0.0000
vn 0.2225 -0.9749 -0.0000
vn 0.3188 -0.9478 -0.0000
vn 0.6235 -0.7818 -0.0000
vn 0.6185 -0.7858 -0.0000
vn -0.8649 0.5020 -0.0000
vn -0.9832 0.1825 -0.0000
vn -0.9665 -0.2566 -0.0000
vn -0.7632 -0.6462 -0.0000
vn -0.4125 -0.9110 -0.0000
vn 0.4447 -0.8957 -0.0000
vn 0.4448 -0.8956 -0.0000
vn 0.7858 -0.6185 -0.0000
vn 0.9751 -0.2220 -0.0000
vn 0.9750 -0.2220 -0.0000
vn 0.9751 -0.2219 -0.0000
vn 0.9761 0.2174 -0.0000
vn 0.9761 0.2175 -0.0000
vn 0.8464 0.5325 -0.0000
vn 0.6185 0.7858 -0.0000
vn 0.3188 0.9478 -0.0000
vn -0.0179 0.9998 -0.0000
vn -0.0178 0.9998 -0.0000
vn -0.3525 0.9358 -0.0000
vn -0.6462 0.7632 -0.0000
vn -0.8649 0.5019 -0.0000
vn -0.4354 -0.2240 0.8719
vn -0.4863 -0.0005 0.8738
vn -0.0861 -0.5026 0.8602
vn -0.2925 -0.4032 0.8671
vn 0.3494 -0.4032 0.8458
vn 0.1429 -0.5026 0.8526
vn 0.5432 -0.0005 0.8396
vn 0.4922 -0.2240 0.8412
vn 0.3494 0.4022 0.8463
vn 0.4922 0.2230 0.8414
vn -0.0861 0.5016 0.8608
vn 0.1430 0.5016 0.8532
vn -0.2925 0.4022 0.8676
vn -0.4354 0.2230 0.8722
vn 0.1430 -0.5026 0.8526
vn 0.5258 -0.8504 -0.0180
vn 0.2224 -0.9749 -0.0080
vn 0.1465 -0.9892 -0.0054
vn 0.2224 -0.9749 -0.0079
vn -0.2224 -0.9749 0.0068
vn 0.1465 -0.9892 -0.0055
vn -0.2079 -0.9781 0.0063
vn -0.5600 -0.8283 0.0181
vn -0.5599 -0.8283 0.0181
vn -0.6232 -0.7818 0.0202
vn -0.6231 -0.7818 0.0202
vn -0.7227 -0.6908 0.0236
vn -0.7226 -0.6908 0.0236
vn -0.9005 -0.4339 0.0296
vn -0.8626 -0.5051 0.0283
vn -0.9623 -0.2702 0.0318
vn -0.9994 -0.0000 0.0332
vn -0.9623 -0.2701 0.0318
vn -0.9995 -0.0000 0.0331
vn -0.9622 0.2704 0.0321
vn -0.9005 0.4339 0.0301
vn -0.8621 0.5059 0.0289
vn -0.6231 0.7818 0.0211
vn -0.7223 0.6911 0.0244
vn -0.5597 0.8285 0.0191
vn -0.5597 0.8285 0.0190
vn -0.2224 0.9749 0.0079
vn -0.2078 0.9781 0.0075
vn -0.2223 0.9749 0.0102
vn 0.2224 0.9749 -0.0068
vn 0.1462 0.9892 -0.0042
vn 0.1462 0.9892 -0.0043
vn 0.5255 0.8506 -0.0169
vn 0.6231 0.7818 -0.0202
vn 0.6232 0.7818 -0.0202
vn 0.8190 0.5732 -0.0268
vn 0.9005 0.4339 -0.0296
vn 0.9788 0.2022 -0.0323
vn 0.9995 -0.0000 -0.0331
vn 0.9789 -0.2018 -0.0326
vn 0.9005 -0.4339 -0.0301
vn 0.8192 -0.5729 -0.0275
vn 0.6231 -0.7818 -0.0211
vn 0.5258 -0.8504 -0.0179
vn -0.8482 -0.5289 0.0278
vn -0.9890 -0.1442 0.0327
vn -0.9606 0.2760 0.0320
vn -0.8809 0.4723 0.0295
vn -0.8810 0.4723 0.0295
vn -0.7618 0.6473 0.0257
vn -0.6084 0.7934 0.0207
vn -0.6084 0.7934 0.0206
vn -0.4277 0.9038 0.0147
vn -0.2224 0.9749 0.0080
vn -0.2279 0.9736 0.0081
vn -0.2279 0.9737 0.0081
vn -0.0178 0.9998 0.0012
vn 0.1930 0.9812 -0.0058
vn 0.3953 0.9185 -0.0126
vn 0.5797 0.8146 -0.0187
vn 0.7382 0.6741 -0.0241
vn 0.8636 0.5034 -0.0283
vn 0.9502 0.3101 -0.0313
vn 0.9502 0.3102 -0.0313
vn 0.9935 -0.1089 -0.0330
vn 0.9994 -0.0000 -0.0332
vn 0.8665 -0.4983 -0.0290
vn 0.5942 -0.8041 -0.0202
vn 0.2221 -0.9750 -0.0080
vn 0.2221 -0.9750 -0.0079
vn -0.1872 -0.9823 0.0057
vn -0.1873 -0.9823 0.0056
vn -0.1872 -0.9823 0.0056
vn -0.5652 -0.8248 0.0183
vn -0.5651 -0.8248 0.0183
vn 0.3493 -0.4032 0.8458
vn 0.8658 0.4996 -0.0284
vn 0.9933 0.1110 -0.0329
vn 0.9507 -0.3086 -0.0317
vn 0.8642 -0.5022 -0.0290
vn 0.8643 -0.5022 -0.0290
vn 0.7389 -0.6733 -0.0249
vn 0.5804 -0.8141 -0.0197
vn 0.3958 -0.9183 -0.0137
vn 0.3958 -0.9182 -0.0137
vn 0.3957 -0.9183 -0.0137
vn 0.1933 -0.9811 -0.0070
vn -0.2282 -0.9736 0.0070
vn -0.4282 -0.9036 0.0137
vn -0.4283 -0.9035 0.0137
vn -0.6091 -0.7929 0.0197
vn -0.6091 -0.7928 0.0197
vn -0.7625 -0.6465 0.0249
vn -0.8816 -0.4711 0.0290
vn -0.9611 -0.2745 0.0317
vn -0.9887 0.1464 0.0329
vn -0.8474 0.5302 0.0284
vn -0.5644 0.8253 0.0192
vn -0.5643 0.8253 0.0192
vn -0.1869 0.9824 0.0068
vn 0.2218 0.9751 -0.0067
vn 0.2219 0.9750 -0.0068
vn 0.5934 0.8047 -0.0193
vn 0.5934 0.8046 -0.0192
vn -0.4640 -0.2235 0.8572
vn -0.5150 -0.0000 0.8572
vn -0.1146 -0.5021 0.8572
vn -0.3211 -0.4027 0.8572
vn 0.3211 -0.4027 0.8572
vn 0.1146 -0.5021 0.8572
vn 0.5150 -0.0000 0.8572
vn 0.4640 -0.2235 0.8572
vn 0.3211 0.4027 0.8572
vn 0.4640 0.2235 0.8572
vn -0.1146 0.5021 0.8572
vn 0.1146 0.5021 0.8572
vn -0.3211 0.4027 0.8572
vn -0.4640 0.2235 0.8572
vn -0.8698 -0.4934 -0.0000
vn -0.9962 -0.0869 -0.0000
vn -0.9962 -0.0868 -0.0000
vn -0.9483 0.3174 -0.0000
vn -0.7432 0.6691 -0.0000
vn -0.5914 0.8064 -0.0000
vn -0.4149 0.9099 -0.0000
vn -0.2210 0.9753 -0.0000
vn 0.1860 0.9825 -0.0000
vn 0.3822 0.9241 -0.0000
vn 0.3821 0.9241 -0.0000
vn 0.5622 0.8270 -0.0000
vn 0.7188 0.6952 -0.0000
vn 0.9363 0.3511 -0.0000
vn 0.9987 -0.0512 -0.0000
vn 0.8869 -0.4621 -0.0000
vn 0.8869 -0.4620 -0.0000
vn 0.6143 -0.7891 -0.0013
vn 0.6143 -0.7891 -0.0000
vn 0.6235 -0.7818 0.0014
vn 0.2303 -0.9731 0.0009
vn 0.2303 -0.9731 -0.0000
vn -0.1954 -0.9807 -0.0009
vn -0.1954 -0.9807 -0.0000
vn 0.2225 -0.9749 0.0031
vn -0.5857 -0.8105 -0.0030
vn -0.5857 -0.8105 -0.0000
vn -0.8649 -0.5019 -0.0000
vn 0.0784 -0.7044 0.7055
vn 0.2964 -0.6734 0.6773
vn 0.3041 -0.6714 0.6758
vn 0.4462 -0.6303 0.6353
vn 0.5866 -0.5693 0.5760
vn 0.3057 -0.6715 0.6750
vn 0.1679 -0.1044 0.9803
vn 0.1679 -0.1045 0.9803
vn 0.3249 -0.2022 0.9239
vn 0.3249 -0.2021 0.9239
vn 0.5685 -0.3537 0.7428
vn 0.5685 -0.3537 0.7427
vn 0.4112 -0.2558 0.8749
vn 0.3827 -0.0000 0.9239
vn 0.5685 0.3537 0.7428
vn 0.4111 0.2558 0.8750
vn 0.3249 0.2022 0.9239
vn 0.1679 0.1045 0.9803
vn 0.5866 0.5693 0.5760
vn 0.2863 0.6755 0.6795
vn 0.2842 0.6759 0.6800
vn 0.2841 0.6759 0.6800
vn 0.3039 0.6714 0.6759
vn 0.0902 0.7036 0.7048
vn 0.0903 0.7036 0.7049
vn 0.2841 0.6760 0.6800
vn 0.3049 0.6716 0.6753
vn 0.3057 0.6715 0.6750
vn 0.4464 0.6302 0.6353
vn 0.1000 0.7029 -0.7043
vn 0.1001 0.7029 -0.7043
vn 0.2863 0.6755 -0.6795
vn 0.2842 0.6759 -0.6800
vn 0.2841 0.6759 -0.6800
vn 0.3043 0.6713 -0.6758
vn 0.3049 0.6716 -0.6753
vn 0.3057 0.6715 -0.6750
vn 0.4462 0.6303 -0.6353
vn 0.5866 0.5693 -0.5760
vn 0.2841 0.6760 -0.6800
vn 0.1679 0.1044 -0.9803
vn 0.1679 0.1045 -0.9803
vn 0.3249 0.2022 -0.9239
vn 0.3249 0.2021 -0.9239
vn 0.5685 0.3537 -0.7428
vn 0.5685 0.3537 -0.7427
vn 0.4112 0.2558 -0.8749
vn 0.3827 -0.0000 -0.9239
vn 0.5685 -0.3537 -0.7428
vn 0.4111 -0.2558 -0.8750
vn 0.3249 -0.2022 -0.9239
vn 0.1679 -0.1045 -0.9803
vn 0.3042 -0.6714 -0.6758
vn 0.2964 -0.6734 -0.6773
vn 0.5866 -0.5693 -0.5760
vn 0.4463 -0.6302 -0.6353
vn 0.4464 -0.6302 -0.6353
vn 0.3057 -0.6715 -0.6750
vn 0.0901 -0.7036 -0.7049
vn 0.2964 -0.6734 -0.6772
vn 0.0900 -0.7036 -0.7049
vn 0.4512 -0.7845 0.4255
vn 0.4717 -0.8274 0.3049
vn 0.4852 -0.8492 0.2082
vn 0.4870 -0.8561 0.1728
vn 0.4919 -0.8659 0.0907
vn 0.4646 -0.8050 0.3688
vn 0.4919 0.8659 0.0908
vn 0.4852 0.8492 0.2082
vn 0.4919 0.8659 0.0909
vn 0.4870 0.8561 0.1731
vn 0.4717 0.8273 0.3050
vn 0.4512 0.7845 0.4255
vn 0.4325 0.7555 0.4920
vn 0.4647 0.8050 0.3688
vn 0.4647 0.8050 0.3689
vn 0.6835 -0.4253 0.5933
vn 0.7844 -0.4881 0.3827
vn 0.8411 -0.5233 0.1367
vn 0.7717 -0.4802 0.4171
vn 0.6004 -0.3735 0.7071
vn 0.8411 0.5233 0.1367
vn 0.7844 0.4881 0.3827
vn 0.8411 0.5233 0.1368
vn 0.6832 0.4251 0.5938
vn 0.7717 0.4802 0.4171
vn 0.9239 -0.0000 0.3827
vn 0.4919 -0.8659 -0.0906
vn 0.4852 -0.8492 -0.2082
vn 0.4919 -0.8659 -0.0907
vn 0.4870 -0.8561 -0.1728
vn 0.4717 -0.8274 -0.3048
vn 0.4512 -0.7845 -0.4255
vn 0.4325 -0.7555 -0.4920
vn 0.4647 -0.8050 -0.3688
vn 0.4647 -0.8050 -0.3689
vn 0.8411 -0.5233 -0.1367
vn 0.7844 -0.4881 -0.3827
vn 0.8411 -0.5233 -0.1368
vn 0.6832 -0.4251 -0.5938
vn 0.7717 -0.4802 -0.4171
vn 0.9239 -0.0000 -0.3827
vn 0.6835 0.4253 -0.5933
vn 0.7844 0.4881 -0.3827
vn 0.8411 0.5233 -0.1367
vn 0.7717 0.4802 -0.4171
vn 0.6004 0.3735 -0.7071
vn 0.4512 0.7845 -0.4255
vn 0.4717 0.8274 -0.3048
vn 0.4852 0.8492 -0.2082
vn 0.4870 0.8562 -0.1727
vn 0.4919 0.8659 -0.0906
vn 0.4646 0.8050 -0.3688
vn 0.1020 -0.4951 0.8628
vn 0.2697 -0.4385 0.8573
vn 0.2697 -0.4386 0.8573
vn 0.4071 -0.3271 0.8528
vn 0.4971 -0.1747 0.8499
vn 0.5284 -0.0004 0.8490
vn 0.4971 0.1738 0.8501
vn 0.4070 0.3262 0.8532
vn 0.2695 0.4376 0.8578
vn 0.1018 0.4941 0.8634
vn 0.1432 0.8564 0.4960
vn 0.4336 0.7586 0.4864
vn 0.4336 0.7586 0.4863
vn 0.6718 0.5656 0.4783
vn 0.8278 0.3017 0.4730
vn 0.8278 0.3016 0.4730
vn 0.8821 -0.0001 0.4710
vn 0.8279 -0.3019 0.4726
vn 0.8280 -0.3019 0.4726
vn 0.6720 -0.5659 0.4776
vn 0.6720 -0.5659 0.4777
vn 0.4339 -0.7590 0.4854
vn 0.1435 -0.8570 0.4950
vn 0.1466 -0.9892 -0.0054
vn 0.5257 -0.8505 -0.0179
vn 0.8279 -0.3019 0.4727
vn 0.8192 -0.5728 -0.0275
vn 0.8279 -0.3020 0.4726
vn 0.4337 0.7586 0.4863
vn 0.5253 0.0550 0.8491
vn 0.4739 0.2267 0.8509
vn 0.3652 0.3691 0.8546
vn 0.3652 0.3692 0.8546
vn 0.2133 0.4641 0.8597
vn 0.2133 0.4642 0.8597
vn 0.0376 0.4994 0.8656
vn 0.0376 0.4994 0.8655
vn -0.1391 0.4704 0.8714
vn -0.1392 0.4704 0.8714
vn -0.2944 0.3809 0.8765
vn -0.4081 0.2424 0.8802
vn -0.4656 0.0727 0.8820
vn -0.4657 0.0727 0.8820
vn -0.8397 0.1265 0.5282
vn -0.4080 0.2424 0.8802
vn -0.7399 0.4205 0.5251
vn -0.2944 0.3810 0.8765
vn -0.5430 0.6604 0.5187
vn -0.2741 0.8154 0.5098
vn -0.2742 0.8154 0.5098
vn 0.0321 0.8656 0.4997
vn 0.0320 0.8656 0.4997
vn 0.2132 0.4642 0.8597
vn 0.3362 0.8045 0.4896
vn 0.5994 0.6400 0.4808
vn 0.4738 0.2267 0.8509
vn 0.4739 0.2266 0.8509
vn 0.7876 0.3932 0.4744
vn 0.8768 0.0958 0.4712
vn 0.5935 0.8046 -0.0192
vn 0.5934 0.8047 -0.0192
vn 0.2219 0.9751 -0.0068
vn 0.2218 0.9751 -0.0068
vn 0.3363 0.8045 0.4896
vn -0.2741 0.8154 0.5099
vn -0.4658 -0.0726 0.8819
vn -0.4085 -0.2427 0.8799
vn -0.2948 -0.3816 0.8761
vn -0.2948 -0.3816 0.8760
vn -0.1394 -0.4714 0.8709
vn -0.1394 -0.4713 0.8709
vn -0.1394 -0.4714 0.8708
vn 0.0376 -0.5004 0.8650
vn 0.2135 -0.4651 0.8591
vn 0.2135 -0.4651 0.8592
vn 0.3656 -0.3698 0.8542
vn 0.4742 -0.2270 0.8506
vn 0.4743 -0.2270 0.8506
vn 0.5255 -0.0549 0.8490
vn 0.8770 -0.0945 0.4711
vn 0.8770 -0.0946 0.4711
vn 0.7883 -0.3925 0.4739
vn 0.7882 -0.3926 0.4739
vn 0.6001 -0.6399 0.4800
vn 0.6001 -0.6400 0.4800
vn 0.3367 -0.8049 0.4886
vn 0.2135 -0.4650 0.8592
vn 0.0376 -0.5005 0.8649
vn 0.3366 -0.8049 0.4886
vn 0.0320 -0.8662 0.4987
vn -0.2747 -0.8158 0.5089
vn -0.2746 -0.8158 0.5089
vn -0.5438 -0.6604 0.5179
vn -0.5437 -0.6604 0.5179
vn -0.7406 -0.4198 0.5246
vn -0.7407 -0.4198 0.5246
vn -0.8399 -0.1252 0.5281
vn -0.9890 -0.1443 0.0327
vn -0.8483 -0.5288 0.0278
vn -0.5651 -0.8248 0.0182
vn -0.2746 -0.8159 0.5089
vn 0.3366 -0.8049 0.4887
vn 0.3367 -0.8049 0.4887
vn 0.7882 -0.3925 0.4739
vn 0.9935 -0.1088 -0.0330
vn -0.4981 -0.0434 0.8660
vn -0.4475 -0.2230 0.8660
vn -0.3346 -0.3716 0.8660
vn -0.3345 -0.3716 0.8660
vn -0.1750 -0.4684 0.8660
vn 0.0089 -0.4999 0.8660
vn 0.1916 -0.4618 0.8660
vn 0.3476 -0.3594 0.8660
vn 0.4552 -0.2069 0.8660
vn 0.4993 -0.0256 0.8660
vn 0.8649 -0.0444 0.5000
vn 0.7884 -0.3584 0.5000
vn 0.6021 -0.6225 0.5000
vn 0.3319 -0.7999 0.5000
vn 0.0155 -0.8659 0.5000
vn -0.3031 -0.8112 0.5000
vn -0.3031 -0.8113 0.5000
vn -0.5794 -0.6436 0.5000
vn -0.5795 -0.6436 0.5000
vn -0.4475 -0.2231 0.8660
vn -0.7751 -0.3863 0.5000
vn -0.8628 -0.0752 0.5000
vn 0.0154 -0.8659 0.5000
vn 0.8649 -0.0443 0.5000
vn 0.8581 0.1168 0.5000
vn 0.8581 0.1167 0.5000
vn 0.7624 -0.0658 0.6438
vn 0.4954 0.0674 0.8660
vn 0.4484 -0.0167 0.8937
vn 0.2386 -0.0055 0.9711
vn 0.4413 0.2351 0.8660
vn 0.4412 0.2352 0.8660
vn 0.4412 0.2351 0.8660
vn 0.3322 0.3737 0.8660
vn 0.1819 0.4657 0.8660
vn 0.1819 0.4658 0.8660
vn 0.0089 0.4999 0.8660
vn -0.1651 0.4720 0.8660
vn -0.2860 0.8174 0.5000
vn -0.5519 0.6674 0.5000
vn -0.4125 0.9109 -0.0000
vn -0.7492 0.4343 0.5000
vn -0.9665 0.2567 -0.0000
vn -0.8534 0.1473 0.5000
vn -0.8538 0.1475 0.4993
vn -0.7643 -0.0385 0.6438
vn -0.7642 -0.0385 0.6438
vn -0.4927 0.0850 0.8660
vn -0.4927 0.0851 0.8660
vn -0.4487 -0.0006 0.8937
vn -0.2386 0.0030 0.9711
vn -0.3187 0.3853 0.8660
vn -0.1652 0.4719 0.8660
vn -0.5519 0.6673 0.5000
vn -0.4326 0.2507 0.8660
vn -0.4326 0.2508 0.8660
vn -0.7493 0.4343 0.5000
vn 0.0155 0.8659 0.5000
vn 0.0154 0.8659 0.5000
vn 0.3150 0.8067 0.5000
vn 0.5754 0.6472 0.5000
vn 0.7643 0.4073 0.5000
vn 0.4955 0.0674 0.8660
vn 0.4413 0.2352 0.8660
vn 0.8581 -0.1168 -0.5000
vn 0.8581 -0.1167 -0.5000
vn 0.7624 0.0658 -0.6438
vn 0.4954 -0.0674 -0.8660
vn 0.4484 0.0167 -0.8937
vn 0.2386 0.0055 -0.9711
vn 0.4413 -0.2351 -0.8660
vn 0.4412 -0.2352 -0.8660
vn 0.4412 -0.2351 -0.8660
vn 0.3322 -0.3737 -0.8660
vn 0.1819 -0.4657 -0.8660
vn 0.1819 -0.4658 -0.8660
vn 0.0089 -0.4999 -0.8660
vn -0.1651 -0.4720 -0.8660
vn -0.2860 -0.8174 -0.5000
vn -0.5519 -0.6674 -0.5000
vn -0.4125 -0.9109 -0.0000
vn -0.7492 -0.4343 -0.5000
vn -0.9665 -0.2567 -0.0000
vn -0.8534 -0.1473 -0.5000
vn -0.8538 -0.1475 -0.4993
vn -0.7643 0.0385 -0.6438
vn -0.7642 0.0385 -0.6438
vn -0.4927 -0.0850 -0.8660
vn -0.4927 -0.0851 -0.8660
vn -0.4487 0.0006 -0.8937
vn -0.2386 -0.0030 -0.9711
vn -0.3187 -0.3853 -0.8660
vn -0.1652 -0.4719 -0.8660
vn -0.5519 -0.6673 -0.5000
vn -0.4326 -0.2507 -0.8660
vn -0.4326 -0.2508 -0.8660
vn -0.7493 -0.4343 -0.5000
vn 0.0155 -0.8659 -0.5000
vn 0.0154 -0.8659 -0.5000
vn 0.3150 -0.8067 -0.5000
vn 0.5754 -0.6472 -0.5000
vn 0.7643 -0.4073 -0.5000
vn 0.4955 -0.0674 -0.8660
vn 0.4413 -0.2352 -0.8660
vn -0.8534 0.1473 -0.5000
vn -0.7643 -0.0385 -0.6438
vn -0.4927 0.0850 -0.8660
vn -0.4927 0.0851 -0.8660
vn -0.7642 -0.0385 -0.6438
vn -0.4487 -0.0006 -0.8937
vn -0.2387 0.0030 -0.9711
vn -0.2386 0.0030 -0.9711
vn -0.4326 0.2507 -0.8660
vn -0.4326 0.2508 -0.8660
vn -0.3187 0.3853 -0.8660
vn -0.1651 0.4720 -0.8660
vn 0.0089 0.4999 -0.8660
vn 0.1819 0.4658 -0.8660
vn 0.0090 0.4999 -0.8660
vn 0.3150 0.8067 -0.5000
vn 0.1819 0.4657 -0.8660
vn 0.5754 0.6472 -0.5000
vn 0.7643 0.4073 -0.5000
vn 0.8581 0.1168 -0.5000
vn 0.8585 0.1169 -0.4993
vn 0.7624 -0.0658 -0.6437
vn 0.7624 -0.0658 -0.6438
vn 0.8581 0.1167 -0.5000
vn 0.4954 0.0674 -0.8660
vn 0.4484 -0.0167 -0.8937
vn 0.2386 -0.0055 -0.9711
vn 0.3322 0.3737 -0.8660
vn 0.4412 0.2351 -0.8660
vn 0.4412 0.2352 -0.8660
vn 0.4413 0.2351 -0.8660
vn 0.4413 0.2352 -0.8660
vn 0.0155 0.8659 -0.5000
vn -0.1652 0.4720 -0.8660
vn -0.2860 0.8174 -0.5000
vn -0.5519 0.6674 -0.5000
vn -0.7492 0.4343 -0.5000
vn -0.4325 0.2508 -0.8660
vn -0.1651 0.4719 -0.8660
vn -0.4656 0.0727 -0.8820
vn -0.4081 0.2424 -0.8802
vn -0.2944 0.3809 -0.8765
vn -0.1392 0.4704 -0.8714
vn -0.1391 0.4704 -0.8714
vn 0.0376 0.4994 -0.8656
vn 0.0376 0.4994 -0.8655
vn 0.2132 0.4641 -0.8597
vn 0.2133 0.4642 -0.8597
vn 0.2133 0.4641 -0.8597
vn 0.3652 0.3691 -0.8546
vn 0.3652 0.3692 -0.8546
vn 0.4739 0.2267 -0.8509
vn 0.5253 0.0550 -0.8491
vn 0.5254 0.0550 -0.8491
vn 0.8768 0.0959 -0.4713
vn 0.4739 0.2266 -0.8509
vn 0.8768 0.0958 -0.4712
vn 0.7876 0.3932 -0.4744
vn 0.5994 0.6400 -0.4808
vn 0.3362 0.8045 -0.4896
vn 0.3363 0.8045 -0.4896
vn 0.0377 0.4994 -0.8656
vn 0.0320 0.8656 -0.4997
vn 0.0321 0.8656 -0.4997
vn -0.2742 0.8154 -0.5098
vn -0.2741 0.8154 -0.5099
vn -0.2943 0.3810 -0.8765
vn -0.2943 0.3809 -0.8765
vn -0.2742 0.8154 -0.5099
vn -0.5430 0.6604 -0.5187
vn -0.2944 0.3810 -0.8765
vn -0.7399 0.4205 -0.5251
vn -0.4080 0.2424 -0.8802
vn -0.8397 0.1265 -0.5282
vn -0.1868 0.9824 -0.0068
vn 0.2219 0.9751 0.0068
vn 0.5935 0.8046 0.0192
vn 0.5255 -0.0549 -0.8490
vn 0.4742 -0.2270 -0.8506
vn 0.4743 -0.2270 -0.8506
vn 0.3656 -0.3698 -0.8542
vn 0.2135 -0.4651 -0.8592
vn 0.2135 -0.4651 -0.8591
vn 0.0376 -0.5004 -0.8650
vn -0.1394 -0.4714 -0.8708
vn -0.1394 -0.4713 -0.8709
vn -0.1394 -0.4714 -0.8709
vn -0.2948 -0.3816 -0.8761
vn -0.2948 -0.3816 -0.8760
vn -0.4085 -0.2427 -0.8799
vn -0.4658 -0.0726 -0.8819
vn -0.4658 -0.0727 -0.8819
vn -0.8399 -0.1252 -0.5281
vn -0.4084 -0.2427 -0.8799
vn -0.7406 -0.4198 -0.5246
vn -0.7406 -0.4199 -0.5246
vn -0.5438 -0.6604 -0.5179
vn -0.5437 -0.6604 -0.5179
vn -0.2746 -0.8159 -0.5089
vn -0.2747 -0.8158 -0.5089
vn -0.2746 -0.8158 -0.5089
vn 0.0320 -0.8662 -0.4987
vn 0.2135 -0.4650 -0.8592
vn 0.3366 -0.8049 -0.4886
vn 0.3367 -0.8049 -0.4886
vn 0.6000 -0.6400 -0.4800
vn 0.3656 -0.3698 -0.8541
vn 0.6000 -0.6399 -0.4800
vn 0.6001 -0.6399 -0.4800
vn 0.7882 -0.3925 -0.4739
vn 0.7883 -0.3925 -0.4739
vn 0.5255 -0.0550 -0.8490
vn 0.8770 -0.0946 -0.4711
vn 0.9935 -0.1088 0.0330
vn 0.3367 -0.8049 -0.4887
vn 0.3366 -0.8049 -0.4887
vn 0.2221 -0.9750 0.0080
vn -0.5651 -0.8248 -0.0182
vn -0.8483 -0.5288 -0.0278
vn -0.7407 -0.4198 -0.5246
vn -0.9890 -0.1443 -0.0327
vn -0.8399 -0.1252 -0.5280
vn 0.1018 0.4941 -0.8634
vn 0.2695 0.4376 -0.8578
vn 0.4070 0.3262 -0.8532
vn 0.4971 0.1738 -0.8501
vn 0.5284 -0.0004 -0.8490
vn 0.4971 -0.1747 -0.8499
vn 0.4071 -0.3271 -0.8528
vn 0.2697 -0.4386 -0.8573
vn 0.2697 -0.4385 -0.8573
vn 0.1020 -0.4951 -0.8628
vn 0.1435 -0.8570 -0.4950
vn 0.4339 -0.7590 -0.4854
vn 0.4339 -0.7590 -0.4855
vn 0.6720 -0.5659 -0.4777
vn 0.6720 -0.5659 -0.4776
vn 0.4972 -0.1747 -0.8499
vn 0.8279 -0.3019 -0.4726
vn 0.8821 -0.0001 -0.4710
vn 0.8278 0.3017 -0.4730
vn 0.8278 0.3016 -0.4730
vn 0.6718 0.5656 -0.4783
vn 0.4336 0.7586 -0.4863
vn 0.1432 0.8564 -0.4960
vn 0.4336 0.7586 -0.4864
vn 0.1462 0.9892 0.0042
vn 0.4337 0.7586 -0.4863
vn 0.8279 -0.3020 -0.4726
vn 0.8192 -0.5728 0.0275
vn 0.8279 -0.3019 -0.4727
vn 0.5257 -0.8505 0.0179
vn 0.1465 -0.9892 0.0055
vn 0.0172 0.9658 0.2588
vn 0.1463 0.9122 0.3827
vn 0.2732 0.8826 0.3827
vn 0.3947 0.8353 0.3827
vn 0.5502 0.8350 -0.0000
vn 0.5083 0.7715 0.3827
vn 0.6118 0.6923 0.3827
vn 0.7031 0.5993 0.3827
vn 0.7804 0.4944 0.3827
vn 0.8423 0.3797 0.3827
vn 0.8422 0.3797 0.3827
vn 0.8873 0.2574 0.3827
vn 0.9147 0.1300 0.3827
vn 0.9147 -0.1300 0.3827
vn 0.8873 -0.2574 0.3827
vn 0.8423 -0.3797 0.3827
vn 0.8422 -0.3797 0.3827
vn 0.7804 -0.4944 0.3827
vn 0.7031 -0.5993 0.3827
vn 0.6118 -0.6923 0.3827
vn 0.5083 -0.7715 0.3827
vn 0.3947 -0.8353 0.3827
vn 0.2732 -0.8826 0.3827
vn 0.1463 -0.9122 0.3827
vn 0.0172 -0.9658 0.2588
vn 0.3021 0.6394 0.7071
vn 0.4682 0.5298 0.7071
vn 0.4683 0.5299 0.7071
vn 0.7805 0.4944 0.3827
vn 0.4682 -0.5298 0.7071
vn 0.3021 -0.6394 0.7071
vn 0.0173 -0.9658 0.2588
vn 0.0165 -0.9237 0.3827
vn 0.0164 -0.9237 0.3827
vn 0.0166 -0.9237 0.3827
vn 0.0165 0.9237 0.3827
vn 0.0173 0.9658 0.2588
vn 0.0166 0.9237 0.3827
vn 0.0636 -0.9222 0.3814
vn 0.1890 -0.9110 0.3667
vn 0.1890 -0.9109 0.3667
vn 0.0636 -0.9222 0.3815
vn 0.3039 -0.6714 0.6759
vn 0.1889 -0.9110 0.3667
vn 0.3847 -0.8121 0.4387
vn 0.3846 -0.8122 0.4387
vn 0.3039 -0.6715 0.6759
vn 0.0637 -0.9222 0.3814
vn 0.3038 -0.6715 0.6759
vn 0.0782 -0.7044 0.7055
vn 0.3847 -0.8122 0.4387
vn 0.2110 -0.9500 0.2300
vn 0.0902 0.7036 0.7049
vn 0.0636 0.9222 0.3814
vn 0.3037 0.6715 0.6759
vn 0.1890 0.9109 0.3667
vn 0.1889 0.9110 0.3667
vn 0.3847 0.8121 0.4387
vn 0.2110 0.9500 0.2300
vn 0.0637 0.9222 0.3814
vn 0.2861 -0.9034 0.3193
vn 0.2798 -0.9082 0.3114
vn 0.2797 -0.9082 0.3114
vn 0.2522 -0.9271 0.2772
vn 0.1678 -0.9699 0.1767
vn 0.3086 -0.8869 0.3438
vn 0.3086 -0.8869 0.3437
vn 0.2521 -0.9271 0.2772
vn 0.4686 -0.7010 0.5376
vn 0.2798 -0.9081 0.3114
vn 0.4687 -0.7009 0.5376
vn 0.2861 0.9034 0.3193
vn 0.3847 0.8122 0.4387
vn 0.3846 0.8122 0.4387
vn 0.2522 0.9271 0.2772
vn 0.2798 0.9081 0.3114
vn 0.2798 0.9082 0.3114
vn 0.4930 0.6585 0.5686
vn 0.1678 0.9698 0.1767
vn 0.2521 0.9272 0.2772
vn 0.1678 0.9699 0.1767
vn 0.3086 0.8869 0.3438
vn 0.4686 0.7010 0.5376
vn 0.2521 0.9271 0.2772
vn 0.2577 -0.9559 0.1407
vn 0.1829 -0.9831 -0.0000
vn 0.3429 -0.9394 -0.0000
vn 0.4873 -0.8560 0.1725
vn 0.4921 -0.8657 0.0920
vn 0.4718 -0.8274 0.3047
vn 0.4872 -0.8561 0.1725
vn 0.4325 0.7555 0.4921
vn 0.4718 0.8273 0.3048
vn 0.2597 0.9581 0.1206
vn 0.4872 0.8560 0.1728
vn 0.3429 0.9394 -0.0000
vn 0.4873 0.8560 0.1728
vn 0.4921 0.8657 0.0921
vn 0.1829 0.9831 -0.0000
vn 0.2597 0.9581 0.1205
vn 0.2577 -0.9557 -0.1423
vn 0.2530 -0.9505 -0.1804
vn 0.4722 -0.8275 -0.3037
vn 0.3086 -0.8869 -0.3438
vn 0.4873 -0.8560 -0.1727
vn 0.4872 -0.8561 -0.1726
vn 0.4921 -0.8657 -0.0921
vn 0.4872 -0.8560 -0.1727
vn 0.3086 -0.8869 -0.3437
vn 0.1678 -0.9699 -0.1767
vn 0.1678 -0.9698 -0.1767
vn 0.4921 0.8657 -0.0921
vn 0.4873 0.8560 -0.1726
vn 0.4872 0.8561 -0.1725
vn 0.2577 0.9557 -0.1423
vn 0.4872 0.8561 -0.1726
vn 0.2530 0.9505 -0.1804
vn 0.1678 0.9699 -0.1767
vn 0.3086 0.8869 -0.3437
vn 0.3086 0.8869 -0.3438
vn 0.4722 0.8275 -0.3037
vn 0.4325 0.7555 -0.4921
vn 0.2831 -0.9057 -0.3156
vn 0.2831 -0.9057 -0.3155
vn 0.2111 -0.9500 -0.2300
vn 0.2110 -0.9500 -0.2300
vn 0.3847 -0.8122 -0.4387
vn 0.3847 -0.8121 -0.4387
vn 0.4930 -0.6585 -0.5686
vn 0.4686 -0.7010 -0.5376
vn 0.4686 0.7010 -0.5376
vn 0.2831 0.9057 -0.3156
vn 0.2831 0.9057 -0.3155
vn 0.3847 0.8121 -0.4387
vn 0.3846 0.8122 -0.4387
vn 0.2110 0.9500 -0.2300
vn 0.2227 -0.9060 -0.3599
vn 0.2227 -0.9061 -0.3598
vn 0.0173 -0.9658 -0.2588
vn 0.0172 -0.9658 -0.2588
vn 0.3044 -0.6714 -0.6757
vn 0.3043 -0.6715 -0.6757
vn 0.3846 -0.8122 -0.4387
vn 0.3043 -0.6714 -0.6757
vn 0.0900 -0.7036 -0.7048
vn 0.3847 0.8122 -0.4387
vn 0.3045 0.6714 -0.6757
vn 0.2227 0.9061 -0.3598
vn 0.2227 0.9060 -0.3599
vn 0.0154 0.8659 -0.5000
vn 0.0172 0.9658 -0.2588
vn 0.0173 0.9658 -0.2588
vn 0.1001 0.7029 -0.7042
vn 0.0165 -0.9237 -0.3827
vn 0.0166 -0.9237 -0.3827
vn 0.0165 0.9237 -0.3827
vn 0.0166 0.9237 -0.3827
vn 0.0164 0.9237 -0.3827
vn 0.1463 -0.9122 -0.3827
vn 0.2732 -0.8826 -0.3827
vn 0.3947 -0.8353 -0.3827
vn 0.5083 -0.7715 -0.3827
vn 0.6118 -0.6923 -0.3827
vn 0.7031 -0.5993 -0.3827
vn 0.7804 -0.4944 -0.3827
vn 0.8423 -0.3797 -0.3827
vn 0.8422 -0.3797 -0.3827
vn 0.8873 -0.2574 -0.3827
vn 0.9147 -0.1300 -0.3827
vn 0.9147 0.1300 -0.3827
vn 0.8873 0.2574 -0.3827
vn 0.8423 0.3797 -0.3827
vn 0.8422 0.3797 -0.3827
vn 0.7804 0.4944 -0.3827
vn 0.7031 0.5993 -0.3827
vn 0.6118 0.6923 -0.3827
vn 0.5083 0.7715 -0.3827
vn 0.3947 0.8353 -0.3827
vn 0.2732 0.8826 -0.3827
vn 0.1463 0.9122 -0.3827
vn 0.3021 -0.6394 -0.7071
vn 0.4682 -0.5298 -0.7071
vn 0.4683 -0.5299 -0.7071
vn 0.7805 -0.4944 -0.3827
vn 0.4682 0.5298 -0.7071
vn 0.3021 0.6394 -0.7071
vn 0.6471 -0.2526 0.7193
vn 0.5824 -0.1664 0.7957
vn 0.6003 -0.3736 0.7071
vn 0.3555 -0.1016 0.9291
vn 0.2533 -0.0724 0.9647
vn 0.3555 -0.1016 0.9292
vn 0.6829 -0.1274 0.7193
vn 0.8308 -0.2374 0.5034
vn 0.8829 -0.2523 0.3961
vn 0.9544 -0.2727 0.1218
vn 0.9544 -0.2726 0.1218
vn 0.9319 -0.3626 -0.0000
vn 0.9828 -0.1845 -0.0000
vn 0.8829 -0.2522 0.3961
vn 0.8490 -0.5283 -0.0000
vn 0.9232 -0.2638 -0.2794
vn 0.9233 -0.2638 -0.2793
vn 0.8829 -0.2522 -0.3961
vn 0.7451 -0.2129 -0.6321
vn 0.8829 -0.2523 -0.3961
vn 0.6471 -0.2526 -0.7193
vn 0.6829 -0.1274 -0.7193
vn 0.5824 -0.1664 -0.7957
vn 0.3555 -0.1016 -0.9291
vn 0.2533 -0.0724 -0.9647
vn 0.6829 0.1274 0.7193
vn 0.5824 0.1664 0.7957
vn 0.3555 0.1016 0.9291
vn 0.2533 0.0724 0.9647
vn 0.6003 0.3736 0.7071
vn 0.6471 0.2526 0.7193
vn 0.8308 0.2374 0.5034
vn 0.8829 0.2522 0.3961
vn 0.8829 0.2523 0.3961
vn 0.9544 0.2726 0.1218
vn 0.9544 0.2727 0.1218
vn 0.9828 0.1845 -0.0000
vn 0.9319 0.3626 -0.0000
vn 0.8490 0.5283 -0.0000
vn 0.9232 0.2638 -0.2794
vn 0.9233 0.2638 -0.2793
vn 0.8829 0.2523 -0.3961
vn 0.7451 0.2129 -0.6321
vn 0.8829 0.2522 -0.3961
vn 0.6829 0.1274 -0.7193
vn 0.6471 0.2526 -0.7193
vn 0.5824 0.1664 -0.7957
vn 0.6003 0.3736 -0.7071
vn 0.3555 0.1016 -0.9291
vn 0.2533 0.0724 -0.9647
vn 0.3555 0.1016 -0.9292
vn 0.0550 0.4085 -0.9111
vn 0.0550 0.4086 -0.9111
vn 0.0690 0.5307 -0.8447
vn 0.0690 0.5308 -0.8447
vn 0.0046 0.2588 -0.9659
vn 0.0549 0.4085 -0.9111
vn 0.0549 0.4086 -0.9111
vn 0.1217 0.3263 -0.9374
vn 0.3058 0.6715 -0.6750
vn 0.2361 0.4572 -0.8575
vn 0.4804 0.4749 -0.7374
vn 0.4113 0.2558 -0.8749
vn 0.2360 0.4572 -0.8575
vn 0.5794 0.4294 -0.6928
vn 0.5854 0.5014 -0.6371
vn 0.5854 0.5014 -0.6370
vn 0.4459 0.6303 -0.6355
vn 0.0068 0.3826 -0.9239
vn 0.0069 0.3826 -0.9239
vn 0.0070 0.3826 -0.9239
vn 0.5948 0.5078 -0.6232
vn 0.5995 0.4421 -0.6673
vn 0.5995 0.4421 -0.6672
vn 0.0659 0.3770 -0.9239
vn 0.1234 0.3622 -0.9239
vn 0.1234 0.3623 -0.9239
vn 0.0659 0.3769 -0.9239
vn 0.1780 0.3388 -0.9239
vn 0.2282 0.3072 -0.9239
vn 0.2730 0.2682 -0.9239
vn 0.3112 0.2227 -0.9239
vn 0.3419 0.1719 -0.9239
vn 0.3644 0.1170 -0.9239
vn 0.3644 0.1169 -0.9239
vn 0.3781 0.0592 -0.9239
vn 0.3781 -0.0592 -0.9239
vn 0.3644 -0.1169 -0.9239
vn 0.3644 -0.1170 -0.9239
vn 0.3419 -0.1719 -0.9239
vn 0.3112 -0.2227 -0.9239
vn 0.2730 -0.2682 -0.9239
vn 0.2282 -0.3072 -0.9239
vn 0.2283 -0.3072 -0.9239
vn 0.1780 -0.3388 -0.9239
vn 0.1235 -0.3622 -0.9239
vn 0.1234 -0.3622 -0.9239
vn 0.0659 -0.3770 -0.9239
vn 0.0659 -0.3769 -0.9239
vn 0.0046 -0.2588 -0.9659
vn 0.5863 0.5703 -0.5752
vn 0.5674 0.6509 -0.5043
vn 0.5899 0.5394 -0.6009
vn 0.5853 0.5651 -0.5814
vn 0.5900 0.5393 -0.6009
vn 0.5878 0.5398 -0.6025
vn 0.6004 0.3739 -0.7069
vn 0.6004 0.3738 -0.7070
vn 0.5525 0.6852 -0.4746
vn 0.5853 0.5651 -0.5815
vn 0.5244 0.7570 -0.3897
vn 0.5441 0.7159 -0.4374
vn 0.0068 -0.3826 -0.9239
vn 0.0070 -0.3826 -0.9239
vn 0.4893 0.8148 -0.3109
vn 0.6106 0.6442 -0.4607
vn 0.5942 0.7322 -0.3328
vn 0.6918 0.6141 -0.3798
vn 0.6106 0.6441 -0.4607
vn 0.7717 0.4801 -0.4171
vn 0.6833 0.4253 -0.5935
vn 0.6833 0.4253 -0.5934
vn 0.5878 0.5398 -0.6026
vn 0.6106 0.6442 -0.4606
vn 0.0549 -0.4086 -0.9111
vn 0.1216 -0.3263 -0.9374
vn 0.1217 -0.3263 -0.9374
vn 0.1679 -0.1044 -0.9803
vn 0.0549 -0.4085 -0.9111
vn 0.0690 -0.5308 -0.8447
vn 0.6754 0.7059 -0.2136
vn 0.6753 0.7059 -0.2136
vn 0.8411 0.5234 -0.1367
vn 0.7460 0.6594 -0.0934
vn 0.7460 0.6594 -0.0935
vn 0.6290 0.7760 -0.0474
vn 0.4112 -0.2558 -0.8749
vn 0.2359 -0.4574 -0.8574
vn 0.2360 -0.4574 -0.8574
vn 0.0690 -0.5307 -0.8447
vn 0.3058 -0.6715 -0.6750
vn 0.3058 -0.6715 -0.6749
vn 0.4804 -0.4750 -0.7373
vn 0.4804 -0.4751 -0.7373
vn 0.4460 -0.6303 -0.6355
vn 0.5855 -0.5014 -0.6370
vn 0.5854 -0.5014 -0.6371
vn 0.5794 -0.4294 -0.6928
vn 0.6920 0.7211 -0.0343
vn 0.6304 0.7763 -0.0000
vn 0.7500 0.6614 -0.0000
vn 0.7501 0.6614 -0.0000
vn 0.5995 -0.4421 -0.6673
vn 0.5995 -0.4421 -0.6672
vn 0.5948 -0.5078 -0.6232
vn 0.5854 -0.5014 -0.6370
vn 0.6004 -0.3739 -0.7069
vn 0.5970 -0.4821 -0.6412
vn 0.5972 -0.4796 -0.6429
vn 0.5970 -0.4820 -0.6412
vn 0.5863 -0.5703 -0.5752
vn 0.5674 -0.6509 -0.5043
vn 0.5926 -0.5217 -0.6137
vn 0.5441 -0.7159 -0.4374
vn 0.5784 -0.5954 -0.5576
vn 0.5784 -0.5955 -0.5576
vn 0.5244 -0.7570 -0.3897
vn 0.5525 -0.6852 -0.4746
vn 0.5878 -0.5398 -0.6025
vn 0.6004 -0.3739 -0.7070
vn 0.5926 -0.5217 -0.6138
vn 0.6920 0.7211 0.0355
vn 0.6919 0.7211 0.0355
vn 0.6290 0.7760 0.0474
vn 0.6919 0.7211 0.0354
vn 0.6920 0.7210 0.0355
vn 0.7460 0.6594 0.0934
vn 0.7460 0.6594 0.0935
vn 0.6289 0.7760 0.0474
vn 0.6920 0.7211 0.0354
vn 0.6835 -0.4251 -0.5934
vn 0.6015 -0.6367 -0.4825
vn 0.6918 -0.6141 -0.3798
vn 0.5942 -0.7322 -0.3328
vn 0.4894 -0.8147 -0.3109
vn 0.6754 0.7059 0.2136
vn 0.6753 0.7059 0.2136
vn 0.8411 0.5234 0.1367
vn 0.7717 0.4801 0.4171
vn 0.6918 0.6141 0.3798
vn 0.5942 0.7322 0.3328
vn 0.6753 -0.7059 -0.2136
vn 0.6754 -0.7059 -0.2136
vn 0.7717 -0.4801 -0.4171
vn 0.6290 -0.7760 -0.0474
vn 0.7460 -0.6594 -0.0935
vn 0.7460 -0.6594 -0.0934
vn 0.6015 0.6367 0.4825
vn 0.5525 0.6852 0.4746
vn 0.5878 0.5398 0.6025
vn 0.6835 0.4251 0.5934
vn 0.6920 -0.7210 -0.0355
vn 0.6919 -0.7211 -0.0354
vn 0.7500 -0.6614 -0.0000
vn 0.6289 -0.7760 -0.0474
vn 0.6920 -0.7211 -0.0354
vn 0.6920 -0.7211 -0.0355
vn 0.6304 -0.7763 -0.0000
vn 0.5244 0.7570 0.3897
vn 0.5784 0.5954 0.5576
vn 0.5441 0.7159 0.4374
vn 0.5926 0.5217 0.6137
vn 0.5674 0.6509 0.5043
vn 0.5926 0.5217 0.6138
vn 0.5970 0.4821 0.6412
vn 0.5863 0.5703 0.5752
vn 0.5948 0.5078 0.6232
vn 0.5972 0.4796 0.6428
vn 0.5972 0.4797 0.6428
vn 0.5995 0.4421 0.6673
vn 0.5995 0.4421 0.6672
vn 0.5972 0.4796 0.6429
vn 0.5970 0.4820 0.6413
vn 0.6004 0.3738 0.7070
vn 0.6004 0.3739 0.7069
vn 0.5970 0.4820 0.6412
vn 0.6004 0.3739 0.7070
vn 0.7501 -0.6614 -0.0000
vn 0.5854 0.5014 0.6370
vn 0.5854 0.5014 0.6371
vn 0.5794 0.4294 0.6928
vn 0.6920 -0.7211 0.0343
vn 0.7460 -0.6594 0.0935
vn 0.8411 -0.5234 0.1367
vn 0.6290 -0.7760 0.0474
vn 0.4460 0.6303 0.6355
vn 0.4804 0.4750 0.7373
vn 0.5855 0.5014 0.6370
vn 0.4112 0.2558 0.8749
vn 0.2360 0.4574 0.8574
vn 0.1679 0.1044 0.9803
vn 0.1217 0.3263 0.9374
vn 0.1217 0.3262 0.9374
vn 0.0690 0.5308 0.8447
vn 0.2359 0.4574 0.8574
vn 0.3058 0.6715 0.6750
vn 0.3058 0.6715 0.6749
vn 0.4804 0.4751 0.7373
vn 0.0690 0.5307 0.8447
vn 0.7717 -0.4801 0.4171
vn 0.6739 -0.7044 0.2229
vn 0.5942 -0.7322 0.3328
vn 0.6918 -0.6141 0.3798
vn 0.0549 0.4086 0.9111
vn 0.0549 0.4085 0.9111
vn 0.0046 0.2588 0.9659
vn 0.6833 -0.4253 0.5935
vn 0.6106 -0.6442 0.4607
vn 0.6106 -0.6441 0.4607
vn 0.4893 -0.8148 0.3109
vn 0.5525 -0.6852 0.4746
vn 0.5878 -0.5398 0.6026
vn 0.6106 -0.6442 0.4606
vn 0.5878 -0.5398 0.6025
vn 0.0068 0.3826 0.9239
vn 0.0070 0.3826 0.9239
vn 0.5853 -0.5651 0.5814
vn 0.5899 -0.5394 0.6009
vn 0.6004 -0.3739 0.7069
vn 0.5995 -0.4421 0.6672
vn 0.6004 -0.3739 0.7070
vn 0.5995 -0.4421 0.6673
vn 0.5853 -0.5651 0.5815
vn 0.5674 -0.6509 0.5043
vn 0.5244 -0.7570 0.3897
vn 0.5441 -0.7159 0.4374
vn 0.5863 -0.5703 0.5752
vn 0.5948 -0.5078 0.6232
vn 0.0659 0.3769 0.9239
vn 0.0659 0.3770 0.9239
vn 0.1234 0.3622 0.9239
vn 0.1235 0.3622 0.9239
vn 0.1780 0.3388 0.9239
vn 0.2730 0.2682 0.9239
vn 0.3112 0.2227 0.9239
vn 0.3419 0.1719 0.9239
vn 0.3644 0.1169 0.9239
vn 0.3781 0.0592 0.9239
vn 0.3781 -0.0592 0.9239
vn 0.3644 -0.1169 0.9239
vn 0.3419 -0.1719 0.9239
vn 0.3112 -0.2227 0.9239
vn 0.2730 -0.2682 0.9239
vn 0.2283 -0.3072 0.9239
vn 0.1780 -0.3388 0.9239
vn 0.1234 -0.3622 0.9239
vn 0.1234 -0.3623 0.9239
vn 0.0659 -0.3770 0.9239
vn 0.0659 -0.3769 0.9239
vn 0.0046 -0.2588 0.9659
vn 0.5794 -0.4294 0.6928
vn 0.5854 -0.5014 0.6370
vn 0.0069 -0.3826 0.9239
vn 0.0070 -0.3826 0.9239
vn 0.4113 -0.2558 0.8749
vn 0.4804 -0.4749 0.7374
vn 0.5854 -0.5014 0.6371
vn 0.4459 -0.6303 0.6355
vn 0.5854 -0.5015 0.6371
vn 0.3058 -0.6715 0.6750
vn 0.2361 -0.4572 0.8575
vn 0.2360 -0.4572 0.8575
vn 0.1217 -0.3263 0.9374
vn 0.1216 -0.3263 0.9374
vn 0.0690 -0.5308 0.8447
vn 0.0689 -0.5308 0.8447
vn 0.0550 -0.4085 0.9111
vn 0.0550 -0.4086 0.9111
vn 0.0690 -0.5307 0.8447
vn 0.0549 -0.4085 0.9111
vn 0.0549 -0.4086 0.9111
vn 0.0303 0.9041 -0.4262
vn 0.0290 0.9265 -0.3751
vn 0.0290 0.9266 -0.3750
vn 0.0318 0.8709 -0.4904
vn 0.0257 0.9670 -0.2535
vn 0.0318 0.8709 -0.4905
vn 0.0291 0.9265 -0.3751
vn 0.0303 -0.9042 -0.4261
vn 0.0290 -0.9267 -0.3748
vn 0.0318 -0.8711 -0.4901
vn 0.0257 -0.9670 -0.2533
vn 0.0289 -0.9267 -0.3748
vn -0.5000 -0.0000 -0.8660
vn -0.8660 -0.0000 -0.5000
vn -0.5000 0.0001 -0.8660
vn -0.8660 0.0001 -0.5000
vn -0.0000 0.7071 -0.7071
vn -0.4927 0.6152 -0.6154
vn -0.4927 0.6153 -0.6154
vn -0.0000 0.7070 -0.7072
vn -0.5000 0.6123 -0.6124
vn -0.8650 0.3548 -0.3548
vn -0.8650 0.3548 -0.3549
vn -0.8660 0.3535 -0.3536
vn -0.9227 0.2726 -0.2727
vn -0.7026 0.5031 -0.5032
vn -0.3739 0.6558 -0.6559
vn 0.0127 0.7126 -0.7014
vn 0.0128 0.7182 -0.6957
vn 0.0156 0.8712 -0.4907
vn 0.0173 0.9672 -0.2536
vn 0.0173 0.9671 -0.2537
vn 0.0173 0.9671 -0.2536
vn 0.0156 -0.8714 -0.4904
vn 0.0128 -0.7187 -0.6952
vn 0.0128 -0.7186 -0.6953
vn 0.0127 -0.7129 -0.7012
vn 0.0156 -0.8714 -0.4903
vn 0.0173 -0.9672 -0.2534
vn 0.0173 -0.9672 -0.2535
vn -0.0000 -0.7071 -0.7072
vn -0.0000 -0.7070 -0.7072
vn -0.4927 -0.6153 -0.6154
vn -0.5000 -0.6123 -0.6124
vn -0.8650 -0.3548 -0.3548
vn -0.8650 -0.3548 -0.3549
vn -0.8660 -0.3535 -0.3536
vn -0.9227 -0.2726 -0.2727
vn -0.3739 -0.6558 -0.6559
vn -0.7026 -0.5031 -0.5032
vn -0.3703 0.9289 -0.0000
vn -0.4524 0.8056 -0.3827
vn -0.4524 0.8055 -0.3827
vn -0.7008 0.7134 -0.0000
vn -0.7973 0.4667 -0.3827
vn -0.7974 0.4667 -0.3827
vn -0.3739 0.6557 -0.6559
vn -0.9222 0.3868 -0.0000
vn 0.0303 0.9040 0.4264
vn 0.0290 0.9265 0.3751
vn 0.0290 0.9266 0.3750
vn 0.0318 0.8709 0.4904
vn 0.0318 0.8709 0.4905
vn 0.0257 0.9670 0.2535
vn 0.0291 0.9265 0.3751
vn 0.0303 -0.9042 0.4260
vn 0.0290 -0.9267 0.3748
vn 0.0318 -0.8711 0.4901
vn 0.0257 -0.9670 0.2533
vn 0.0290 -0.9266 0.3748
vn 0.0303 -0.9042 0.4259
vn -0.9222 -0.3868 -0.0000
vn -0.9227 -0.2727 -0.2727
vn -0.7973 -0.4667 -0.3827
vn -0.7008 -0.7134 -0.0000
vn -0.4524 -0.8055 -0.3827
vn -0.3703 -0.9289 -0.0000
vn -0.4524 -0.8056 -0.3827
vn -0.4896 0.8719 -0.0000
vn -0.4897 0.8719 -0.0000
vn -0.8630 0.5052 -0.0000
vn -0.8630 0.5051 -0.0000
vn -0.3703 0.9289 -0.0001
vn -0.8631 0.5051 -0.0000
vn -0.8630 0.5052 -0.0001
vn 0.0156 0.8712 0.4907
vn 0.0128 0.7182 0.6957
vn 0.0127 0.7126 0.7014
vn 0.0173 0.9672 0.2536
vn 0.0173 0.9671 0.2537
vn 0.0173 0.9671 0.2536
vn 0.0127 -0.7128 0.7012
vn 0.0128 -0.7186 0.6953
vn 0.0128 -0.7187 0.6952
vn 0.0156 -0.8714 0.4904
vn 0.0173 -0.9672 0.2534
vn 0.0173 -0.9672 0.2535
vn 0.0127 -0.7129 0.7012
vn -0.8630 -0.5051 -0.0000
vn -0.8630 -0.5052 -0.0000
vn -0.4897 -0.8719 -0.0000
vn -0.4896 -0.8719 -0.0000
vn -0.3703 -0.9289 0.0001
vn -0.8631 -0.5051 -0.0000
vn -0.8630 -0.5052 0.0001
vn -0.3739 0.6557 0.6559
vn -0.4524 0.8055 0.3827
vn -0.3739 0.6558 0.6559
vn -0.7026 0.5031 0.5032
vn -0.4524 0.8056 0.3827
vn -0.7974 0.4667 0.3827
vn -0.7973 0.4667 0.3827
vn -0.9227 0.2726 0.2727
vn 0.0030 -0.1658 0.9862
vn 0.0014 -0.0781 0.9969
vn 0.0007 -0.0391 0.9992
vn 0.0004 -0.0196 0.9998
vn 0.0003 -0.0195 0.9998
vn 0.0002 -0.0098 1.0000
vn 0.0045 -0.2522 0.9677
vn 0.0060 -0.3366 0.9416
vn 0.0075 -0.4184 0.9082
vn 0.0089 -0.4970 0.8677
vn 0.0102 -0.5716 0.8205
vn 0.0102 -0.5716 0.8204
vn 0.0115 -0.6418 0.7668
vn 0.0121 -0.6751 0.7377
vn 0.0123 -0.6912 0.7226
vn -0.9227 -0.2726 0.2727
vn -0.7973 -0.4667 0.3827
vn -0.7026 -0.5031 0.5032
vn -0.7974 -0.4667 0.3827
vn -0.4524 -0.8056 0.3827
vn -0.4524 -0.8055 0.3827
vn -0.3739 -0.6558 0.6559
vn -0.3739 -0.6557 0.6559
vn -0.4927 0.6153 0.6154
vn -0.0000 0.7070 0.7072
vn -0.0000 0.7071 0.7072
vn -0.8650 0.3548 0.3548
vn -0.5000 0.6123 0.6124
vn -0.8650 0.3548 0.3549
vn -0.8660 0.3535 0.3536
vn -0.4738 -0.6434 0.6013
vn -0.2321 -0.4429 0.8660
vn -0.4162 -0.2771 0.8660
vn -0.4161 -0.2772 0.8660
vn -0.8627 -0.0752 0.5000
vn -0.7208 -0.4800 0.5000
vn -0.8410 -0.4177 0.3440
vn -0.8409 -0.4177 0.3440
vn -0.8410 -0.4177 0.3439
vn -0.2321 -0.4428 0.8660
vn -0.4739 -0.6434 0.6013
vn -0.4162 -0.2772 0.8660
vn -0.4739 -0.6433 0.6013
vn -0.8639 -0.3561 0.3562
vn -0.8639 -0.3561 0.3561
vn -0.9227 -0.2727 0.2726
vn -0.4927 -0.6153 0.6154
vn -0.5000 -0.0000 0.8660
vn -0.8660 0.0001 0.5000
vn -0.8660 -0.0000 0.5000
vn -0.5000 -0.0001 0.8660
vn 0.0129 -0.7070 0.7071
vn -0.1839 -0.6690 0.7202
vn -0.1840 -0.6690 0.7201
vn -0.1839 -0.6690 0.7201
vn -0.3875 -0.5979 0.7017
vn -0.5821 -0.4928 0.6468
vn -0.3874 -0.5979 0.7017
vn -0.5849 -0.3175 0.7464
vn -0.5821 -0.4928 0.6467
vn -0.7442 -0.1158 0.6578
vn -0.5983 0.1432 0.7884
vn -0.6652 0.3966 0.6326
vn -0.4987 0.5266 0.6884
vn -0.4987 0.5267 0.6884
vn -0.4958 0.7323 0.4667
vn -0.2783 0.8224 0.4961
vn -0.2522 0.9373 0.2407
vn -0.0329 0.9686 0.2464
vn -0.0328 0.9686 0.2464
vn 0.1884 0.9518 0.2421
vn 0.3955 0.8894 0.2292
vn 0.1860 0.9826 -0.0000
vn 0.5768 0.7891 0.2114
vn 0.5768 0.7890 0.2114
vn 0.7266 0.6595 0.1925
vn 0.5623 0.8270 -0.0000
vn 0.8429 0.5090 0.1747
vn 0.9252 0.3445 0.1592
vn 0.8682 0.3449 0.3568
vn 0.9288 0.1800 0.3240
vn 0.8368 0.1458 0.5278
vn 0.9287 0.1800 0.3241
vn 0.8773 -0.0055 0.4799
vn 0.7424 -0.0714 0.6662
vn 0.7677 -0.1966 0.6099
vn 0.7677 -0.1965 0.6099
vn 0.5921 -0.2833 0.7544
vn 0.6078 -0.3748 0.7000
vn 0.4050 -0.4674 0.7858
vn 0.6079 -0.3748 0.7000
vn 0.4150 -0.5241 0.7437
vn 0.4151 -0.5241 0.7436
vn 0.2049 -0.6098 0.7656
vn 0.2104 -0.6353 0.7431
vn 0.2103 -0.6353 0.7430
vn 0.0127 -0.7070 0.7071
vn 0.2085 -0.6589 0.7228
vn 0.2084 -0.6589 0.7228
vn 0.0122 -0.7070 0.7071
vn 0.4102 -0.5768 0.7065
vn 0.4965 -0.6261 0.6012
vn 0.4965 -0.6261 0.6013
vn 0.4102 -0.5767 0.7065
vn 0.6017 -0.4603 0.6527
vn 0.6017 -0.4604 0.6527
vn 0.7652 -0.3152 0.5614
vn 0.7652 -0.3153 0.5614
vn 0.7651 -0.3153 0.5614
vn -0.7506 -0.3581 0.5553
vn -0.8778 -0.2038 0.4334
vn -0.9555 -0.0427 0.2919
vn -0.8779 -0.2038 0.4334
vn -0.9555 -0.0428 0.2919
vn -0.8898 0.2905 0.3519
vn -0.8732 0.4558 0.1724
vn -0.6269 0.7506 0.2087
vn -0.6269 0.7506 0.2088
vn -0.9833 0.1123 0.1435
vn -0.9483 0.3173 -0.0002
vn -0.4536 0.8619 0.2268
vn -0.4536 0.8618 0.2268
vn -0.6715 0.6046 0.4285
vn -0.6653 0.3966 0.6326
vn -0.4958 0.7324 0.4667
vn 0.7188 0.6952 -0.0001
vn 0.9364 0.3509 -0.0002
vn 0.9252 0.3444 0.1592
vn 0.9744 0.1717 0.1453
vn 0.9552 0.0142 0.2955
vn 0.8857 -0.1524 0.4386
vn 0.8857 -0.1525 0.4386
vn 0.9744 0.1717 0.1452
vn 0.8553 -0.3874 0.3439
vn 0.8554 -0.3874 0.3439
vn 0.8553 -0.3874 0.3440
vn 0.1899 -0.5828 0.7901
vn 0.1899 -0.5829 0.7901
vn 0.4051 -0.4674 0.7858
vn 0.3753 -0.4077 0.8324
vn 0.3753 -0.4076 0.8324
vn 0.5474 -0.1877 0.8156
vn 0.7424 -0.0714 0.6661
vn 0.6810 0.0570 0.7300
vn 0.6810 0.0570 0.7301
vn 0.7567 0.2968 0.5825
vn 0.7689 0.5034 0.3942
vn 0.8682 0.3448 0.3568
vn 0.8429 0.5090 0.1746
vn 0.1628 -0.5561 0.8150
vn 0.3753 -0.4076 0.8325
vn 0.3206 -0.3484 0.8808
vn 0.3206 -0.3485 0.8808
vn 0.4659 -0.0938 0.8799
vn 0.5750 0.1811 0.7979
vn 0.5750 0.1812 0.7979
vn 0.6299 0.4390 0.6407
vn 0.6269 0.6469 0.4341
vn 0.1217 -0.5324 0.8377
vn 0.2366 -0.2962 0.9254
vn 0.2366 -0.2962 0.9253
vn 0.3416 -0.0116 0.9398
vn 0.3416 -0.0115 0.9398
vn 0.4178 0.2884 0.8615
vn 0.4514 0.5589 0.6956
vn 0.4515 0.5589 0.6956
vn 0.4407 0.7638 0.4716
vn 0.0673 -0.5161 0.8539
vn 0.0047 -0.5115 0.8593
vn -0.0236 -0.6327 0.7741
vn -0.0570 -0.5201 0.8522
vn -0.0571 -0.5201 0.8522
vn -0.0789 -0.5875 0.8054
vn -0.0788 -0.5875 0.8054
vn -0.1092 -0.5396 0.8348
vn -0.1473 -0.5653 0.8116
vn -0.1091 -0.5396 0.8348
vn -0.2392 -0.3115 0.9196
vn -0.3170 -0.3680 0.8741
vn -0.3606 -0.0348 0.9321
vn -0.4757 -0.1236 0.8709
vn -0.4525 0.2590 0.8533
vn -0.0789 -0.5874 0.8054
vn -0.1803 -0.5920 0.7855
vn -0.1473 -0.5654 0.8116
vn -0.1803 -0.5919 0.7856
vn -0.3170 -0.3681 0.8741
vn -0.1671 -0.6533 0.7384
vn -0.1842 -0.6205 0.7623
vn -0.1841 -0.6204 0.7623
vn -0.3902 -0.4898 0.7796
vn -0.3903 -0.4898 0.7796
vn -0.1038 -0.6862 0.7199
vn -0.5849 -0.3174 0.7464
vn -0.1038 -0.6862 0.7200
vn -0.1842 -0.6204 0.7623
vn -0.2026 0.0318 0.9787
vn -0.1321 -0.2689 0.9541
vn -0.1322 -0.2689 0.9541
vn -0.0145 0.0609 0.9980
vn -0.0146 0.0609 0.9980
vn -0.0047 -0.2501 0.9682
vn -0.2558 0.3448 0.9032
vn -0.3607 -0.0348 0.9320
vn -0.2816 0.6210 0.7315
vn -0.4987 0.5266 0.6885
vn 0.1763 0.0447 0.9833
vn 0.1246 -0.2603 0.9575
vn 0.1247 -0.2603 0.9574
vn -0.2027 0.0318 0.9787
vn -0.0234 0.3820 0.9239
vn -0.2558 0.3447 0.9032
vn -0.0297 0.6615 0.7494
vn -0.2557 0.3448 0.9032
vn -0.0328 0.8605 0.5083
vn -0.0328 0.8605 0.5084
vn -0.0329 0.9686 0.2465
vn 0.1246 -0.2603 0.9574
vn 0.1246 -0.2604 0.9574
vn 0.1218 -0.5324 0.8377
vn 0.2122 0.3610 0.9081
vn 0.2254 0.6387 0.7357
vn 0.2155 0.8393 0.4991
vn 0.1885 0.9518 0.2421
vn 0.4515 0.5589 0.6955
vn 0.2254 0.6386 0.7357
vn 0.3955 0.8894 0.2291
vn 0.4151 -0.5241 0.7437
vn -0.8485 0.0943 0.5207
vn -0.6653 0.3966 0.6325
vn -0.7442 -0.1159 0.6578
vn -0.8732 0.4559 0.1724
vn -0.4315 -0.2526 0.8660
vn -0.7474 -0.4375 0.5000
vn -0.2448 -0.4360 0.8660
vn -0.2448 -0.4359 0.8660
vn 0.2478 -0.4343 0.8660
vn 0.2477 -0.4343 0.8660
vn 0.4258 -0.2621 0.8660
vn 0.7375 -0.4540 0.5000
vn 0.4994 -0.0256 0.8660
vn 0.8553 -0.3875 0.3439
vn 0.0001 -0.0000 1.0000
vn 0.0090 -0.4999 0.8660
vn 0.0374 0.5650 0.8243
vn 0.0376 0.5087 0.8602
vn 0.0376 0.5086 0.8602
vn 0.0374 0.5649 0.8243
vn 0.0375 0.3895 0.9203
vn 0.0375 0.3894 0.9203
vn 0.0367 0.2634 0.9640
vn 0.0376 0.4796 0.8767
vn 0.0334 0.0119 0.9994
vn 0.0377 0.4796 0.8767
vn 0.0370 0.2954 0.9547
vn 0.0369 0.2954 0.9547
vn 0.0360 0.1984 0.9795
vn 0.0348 0.0994 0.9944
vn 0.0340 0.0495 0.9982
vn 0.0336 0.0244 0.9991
vn 0.0336 0.0245 0.9991
vn 0.0367 0.2633 0.9640
vn 0.0376 0.3895 0.9203
vn 0.5019 0.6536 0.5664
vn 0.2819 0.4469 0.8490
vn 0.2820 0.4469 0.8490
vn 0.2819 0.4468 0.8490
vn 0.4649 0.2510 0.8490
vn 0.7761 0.4190 0.4712
vn 0.8485 0.4339 0.3028
vn 0.7762 0.4190 0.4712
vn 0.8768 0.0959 0.4712
vn 0.8768 0.0959 0.4713
vn 0.5254 0.0550 0.8491
vn 0.2227 0.6941 0.6845
vn 0.5019 0.6537 0.5664
vn 0.4128 0.6418 0.6463
vn 0.5936 0.5594 0.5785
vn 0.6335 0.3864 0.6704
vn 0.5936 0.5595 0.5785
vn 0.7907 0.2066 0.5763
vn 0.7655 0.0711 0.6395
vn 0.8534 -0.1507 0.4989
vn 0.8535 -0.1507 0.4989
vn 0.7642 -0.3142 0.5632
vn 0.7642 -0.3143 0.5632
vn 0.7655 -0.5244 0.3729
vn 0.6033 -0.6762 0.4229
vn 0.6033 -0.6762 0.4228
vn 0.7655 -0.5244 0.3728
vn 0.5431 -0.8162 0.1971
vn 0.3374 -0.9146 0.2230
vn 0.5430 -0.8163 0.1971
vn 0.3957 -0.9183 -0.0136
vn 0.8485 0.4340 0.3028
vn 0.7514 0.4497 0.4829
vn 0.7514 0.4497 0.4828
vn 0.8957 0.0133 0.4444
vn 0.8957 0.0132 0.4444
vn 0.8763 -0.3535 0.3272
vn 0.7121 -0.6811 0.1704
vn 0.9946 0.0347 0.0979
vn 0.9946 0.0346 0.0979
vn 0.9560 0.1776 0.2334
vn 0.8746 0.3193 0.3649
vn 0.8745 0.3194 0.3649
vn 0.9413 -0.1748 0.2887
vn 0.8745 0.3193 0.3650
vn 0.9413 -0.1748 0.2888
vn 0.9312 -0.3420 0.1260
vn 0.9560 0.1776 0.2335
vn 0.9312 -0.3420 0.1261
vn 0.8642 -0.5023 -0.0289
vn 0.8642 -0.5023 -0.0290
vn 0.8416 -0.5200 0.1462
vn 0.9413 -0.1749 0.2887
vn 0.1043 -0.9646 0.2421
vn 0.1934 -0.9811 -0.0070
vn -0.1384 -0.9584 0.2497
vn -0.2283 -0.9736 0.0070
vn -0.4671 -0.8510 0.2401
vn -0.7231 -0.6554 0.2180
vn -0.7231 -0.6555 0.2180
vn -0.8924 -0.4068 0.1955
vn -0.8924 -0.4068 0.1954
vn -0.8816 -0.4711 0.0289
vn -0.9754 -0.1326 0.1759
vn -0.9840 0.0699 0.1636
vn -0.8105 0.4636 0.3579
vn -0.4397 0.6704 0.5977
vn -0.8365 0.3498 0.4217
vn -0.8106 0.4636 0.3578
vn -0.9315 0.2113 0.2961
vn -0.9460 0.0263 0.3230
vn -0.8985 -0.2384 0.3685
vn -0.7573 -0.4972 0.4234
vn -0.5046 -0.7179 0.4795
vn -0.5047 -0.7179 0.4795
vn -0.4670 -0.8510 0.2401
vn -0.1447 -0.8471 0.5113
vn 0.1299 -0.8544 0.5031
vn 0.3880 -0.7926 0.4703
vn 0.3881 -0.7926 0.4703
vn 0.6033 -0.6761 0.4229
vn -0.1520 0.7008 0.6970
vn -0.4397 0.6705 0.5976
vn -0.1519 0.7008 0.6970
vn -0.3459 0.6553 0.6715
vn -0.4396 0.6705 0.5977
vn -0.5336 0.5795 0.6160
vn -0.3670 0.6027 0.7085
vn -0.5336 0.5795 0.6159
vn -0.3670 0.6027 0.7086
vn -0.5644 0.4928 0.6623
vn -0.3706 0.5187 0.7705
vn -0.5643 0.4928 0.6623
vn -0.5691 0.3558 0.7413
vn -0.3296 0.4236 0.8437
vn -0.5080 0.2031 0.8370
vn -0.2222 0.3296 0.9176
vn -0.5081 0.2031 0.8370
vn -0.2223 0.3296 0.9176
vn -0.3494 0.0546 0.9354
vn -0.3495 0.0545 0.9354
vn -0.0406 0.2680 0.9626
vn -0.3495 0.0546 0.9354
vn -0.0817 -0.0416 0.9958
vn 0.1043 0.2642 0.9588
vn 0.1320 -0.0473 0.9901
vn 0.1044 0.2643 0.9588
vn 0.2363 0.2940 0.9261
vn 0.3266 -0.0005 0.9452
vn 0.3266 -0.0006 0.9452
vn 0.3361 0.3472 0.8755
vn 0.3361 0.3471 0.8755
vn 0.4745 0.0832 0.8763
vn 0.3997 0.4106 0.8196
vn 0.3997 0.4106 0.8195
vn 0.5693 0.1839 0.8013
vn 0.5693 0.1840 0.8013
vn 0.3998 0.4106 0.8195
vn 0.4324 0.4752 0.7663
vn 0.6187 0.2875 0.7311
vn 0.4415 0.5363 0.7194
vn -0.1617 0.6774 0.7176
vn -0.1616 0.6774 0.7176
vn -0.1624 0.6398 0.7512
vn -0.1413 0.5970 0.7897
vn -0.0882 0.5543 0.8276
vn -0.0883 0.5543 0.8276
vn 0.0002 0.5262 0.8504
vn 0.0001 0.5262 0.8504
vn 0.0704 0.5244 0.8485
vn 0.0704 0.5244 0.8486
vn 0.1344 0.5379 0.8322
vn 0.1831 0.5620 0.8066
vn 0.2145 0.5906 0.7779
vn 0.2145 0.5907 0.7779
vn 0.2310 0.6197 0.7501
vn 0.2359 0.6471 0.7250
vn 0.2360 0.6471 0.7250
vn -0.7013 0.4756 0.5311
vn -0.7012 0.4756 0.5311
vn -0.7359 0.3525 0.5781
vn -0.7345 0.1621 0.6590
vn -0.7344 0.1621 0.6590
vn -0.5080 0.2032 0.8370
vn -0.6505 -0.0441 0.7582
vn -0.6505 -0.0442 0.7582
vn -0.5081 0.2032 0.8370
vn -0.4483 -0.2395 0.8612
vn -0.3495 0.0546 0.9353
vn -0.1162 -0.3634 0.9244
vn -0.1163 -0.3634 0.9244
vn 0.1470 -0.3704 0.9172
vn 0.3880 -0.3101 0.8679
vn 0.5742 -0.2012 0.7936
vn 0.6973 -0.0682 0.7135
vn 0.6974 -0.0682 0.7135
vn 0.7655 0.0710 0.6395
vn 0.6335 0.3863 0.6704
vn 0.1044 0.2642 0.9588
vn 0.0001 0.5262 0.8503
vn -0.3297 0.4236 0.8437
vn -0.3296 0.4236 0.8438
vn -0.1624 0.6399 0.7511
vn -0.4396 0.6705 0.5976
vn -0.8661 0.1924 0.4614
vn -0.8472 -0.0431 0.5295
vn -0.7359 -0.2875 0.6130
vn -0.5014 -0.5091 0.6996
vn -0.5015 -0.5091 0.6996
vn -0.1381 -0.6451 0.7515
vn -0.1380 -0.6451 0.7515
vn 0.1458 -0.6527 0.7434
vn 0.1458 -0.6527 0.7435
vn 0.4085 -0.5868 0.6992
vn 0.6179 -0.4659 0.6334
vn 0.6178 -0.4659 0.6334
vn -0.5015 -0.5091 0.6995
vn -0.8986 -0.2384 0.3685
vn -0.8365 0.3499 0.4217
vn -0.9318 0.2107 0.2955
vn -0.4335 0.3916 0.8116
vn -0.4334 0.3916 0.8116
vn -0.4334 0.3916 0.8117
vn -0.8106 0.4636 0.3579
vn -0.8042 0.4655 0.3696
vn -0.8042 0.2583 0.5353
vn -0.8042 0.2584 0.5353
vn -0.8396 0.1265 0.5282
vn -0.8041 0.2583 0.5354
vn 0.0376 0.5087 0.8601
vn 0.0377 0.3895 0.9203
vn 0.0353 0.7179 0.6953
vn 0.0372 0.5087 0.8601
vn 0.0372 0.5086 0.8602
vn 0.0715 0.3867 0.9194
vn 0.1598 0.7029 0.6931
vn 0.1048 0.3811 0.9186
vn 0.1047 0.3811 0.9186
vn 0.1613 0.3645 0.9171
vn 0.1613 0.3644 0.9172
vn 0.2788 0.6668 0.6912
vn 0.3360 0.6409 0.6902
vn 0.2150 0.3393 0.9158
vn 0.2150 0.3392 0.9158
vn 0.2636 0.3068 0.9146
vn 0.2636 0.3067 0.9146
vn 0.4891 0.5368 0.6875
vn 0.2636 0.3068 0.9145
vn 0.3072 0.2669 0.9134
vn 0.3072 0.2669 0.9135
vn 0.5744 0.4465 0.6861
vn 0.3440 0.2214 0.9125
vn 0.6424 0.3439 0.6849
vn 0.6425 0.3438 0.6848
vn 0.3735 0.1709 0.9117
vn 0.3735 0.1709 0.9118
vn 0.6698 0.2882 0.6844
vn 0.3952 0.1165 0.9112
vn 0.6921 0.2306 0.6840
vn 0.5224 0.0781 0.8491
vn 0.0365 0.2634 0.9640
vn 0.3439 0.2214 0.9125
vn 0.2876 0.0401 0.9569
vn 0.7245 -0.2777 0.6308
vn 0.4847 -0.1897 0.8539
vn 0.4848 -0.1898 0.8538
vn 0.4848 -0.1897 0.8538
vn 0.3243 -0.4073 0.8538
vn 0.3242 -0.4073 0.8538
vn 0.1435 -0.8569 0.4950
vn 0.5439 -0.6832 0.4872
vn 0.4131 -0.8735 0.2577
vn 0.6162 -0.6235 0.4812
vn 0.6161 -0.6235 0.4812
vn 0.6995 -0.1009 0.7075
vn 0.7245 -0.2778 0.6308
vn 0.6406 -0.3170 0.6993
vn 0.5434 -0.5282 0.6525
vn 0.6406 -0.3171 0.6994
vn 0.4176 -0.5479 0.7249
vn 0.2368 -0.7294 0.6418
vn 0.0324 -0.6749 0.7372
vn 0.2367 -0.7294 0.6418
vn -0.2042 -0.7765 0.5961
vn -0.4484 -0.5678 0.6903
vn -0.6618 -0.5762 0.4796
vn -0.8250 -0.1949 0.5304
vn -0.8251 -0.1949 0.5303
vn -0.9448 -0.1777 0.2752
vn -0.8251 -0.1950 0.5303
vn -0.9335 0.2324 0.2732
vn -0.9994 0.0002 0.0332
vn -0.9334 0.2325 0.2732
vn -0.9995 0.0002 0.0331
vn -0.9622 0.2705 0.0320
vn 0.4114 -0.7145 0.5659
vn 0.2367 -0.7294 0.6419
vn 0.4113 -0.7145 0.5660
vn 0.0387 -0.8579 0.5123
vn 0.0388 -0.8579 0.5123
vn -0.4147 -0.8111 0.4125
vn -0.8050 -0.5384 0.2490
vn -0.9623 -0.2703 0.0317
vn -0.9994 0.0003 0.0332
vn 0.2548 -0.8582 0.4456
vn 0.0882 -0.9488 0.3033
vn -0.2083 -0.9780 0.0067
vn -0.0740 -0.9854 0.1530
vn -0.0740 -0.9855 0.1530
vn -0.3270 -0.9277 0.1804
vn -0.3270 -0.9277 0.1803
vn -0.1551 -0.9231 0.3519
vn 0.0388 -0.8580 0.5123
vn 0.0387 -0.8580 0.5123
vn -0.5603 -0.8281 0.0185
vn -0.3270 -0.9276 0.1804
vn -0.5604 -0.8280 0.0185
vn -0.5802 -0.7859 0.2137
vn -0.5802 -0.7860 0.2136
vn -0.8624 -0.5054 0.0282
vn -0.5802 -0.7859 0.2136
vn -0.8050 -0.5385 0.2490
vn -0.9622 -0.2703 0.0317
vn -0.9622 0.2705 0.0321
vn -0.7769 0.5801 0.2449
vn -0.7223 0.6912 0.0243
vn -0.7769 0.5800 0.2449
vn -0.5453 0.8116 0.2096
vn -0.5454 0.8116 0.2096
vn -0.5599 0.8283 0.0193
vn -0.5454 0.8115 0.2096
vn -0.5599 0.8283 0.0194
vn -0.2914 0.9400 0.1772
vn -0.2079 0.9781 0.0075
vn 0.0019 0.9893 0.1461
vn 0.4128 0.8733 0.2588
vn 0.6159 0.6231 0.4820
vn 0.3153 0.8467 0.4286
vn 0.1585 0.9435 0.2910
vn -0.1200 0.9308 0.3454
vn -0.2914 0.9401 0.1772
vn -0.3779 0.8329 0.4043
vn -0.5454 0.8115 0.2097
vn -0.6299 0.6175 0.4711
vn -0.6299 0.6176 0.4710
vn -0.6299 0.6175 0.4710
vn -0.8114 0.2543 0.5262
vn -0.8115 0.2543 0.5262
vn -0.8251 -0.1949 0.5304
vn 0.7244 0.2772 0.6312
vn 0.5771 0.5152 0.6337
vn 0.6159 0.6232 0.4820
vn 0.5772 0.5152 0.6336
vn 0.4591 0.7005 0.5464
vn 0.2629 0.7300 0.6309
vn 0.0706 0.8615 0.5028
vn 0.2628 0.7300 0.6309
vn 0.0625 0.6877 0.7233
vn -0.1690 0.7938 0.5842
vn 0.0625 0.6876 0.7233
vn -0.1525 0.5364 0.8300
vn -0.1525 0.5365 0.8300
vn -0.4161 0.6061 0.6779
vn -0.3207 0.2291 0.9191
vn -0.3206 0.2291 0.9191
vn -0.6029 0.2550 0.7560
vn -0.3337 -0.1764 0.9260
vn -0.6172 -0.1959 0.7621
vn -0.6172 -0.1959 0.7620
vn -0.1813 -0.5041 0.8444
vn -0.1812 -0.5041 0.8444
vn -0.4484 -0.5679 0.6903
vn -0.1812 -0.5042 0.8444
vn 0.7085 0.0947 0.6994
vn 0.7244 0.2773 0.6312
vn 0.7084 0.0947 0.6994
vn 0.6611 0.3071 0.6846
vn 0.5771 0.5152 0.6336
vn 0.6611 0.3071 0.6845
vn 0.5752 0.3333 0.7470
vn 0.5752 0.3334 0.7470
vn 0.4366 0.5470 0.7143
vn 0.4366 0.5469 0.7143
vn 0.4832 0.3245 0.8132
vn 0.2888 0.5236 0.8016
vn 0.2888 0.5235 0.8016
vn 0.3803 0.2604 0.8875
vn 0.1259 0.4145 0.9013
vn 0.3803 0.2604 0.8874
vn 0.2971 0.1132 0.9481
vn -0.0041 0.1788 0.9839
vn 0.2906 -0.0876 0.9528
vn -0.0143 -0.1379 0.9903
vn 0.3662 -0.2459 0.8974
vn 0.3662 -0.2459 0.8975
vn 0.1039 -0.3905 0.9147
vn 0.1039 -0.3904 0.9148
vn 0.4690 -0.3202 0.8231
vn 0.1038 -0.3904 0.9148
vn 0.2662 -0.5152 0.8147
vn 0.5635 -0.3350 0.7552
vn 0.5634 -0.3350 0.7552
vn 0.6406 -0.3170 0.6994
vn 0.6707 0.1133 0.7331
vn 0.6707 0.1133 0.7330
vn 0.6299 0.1176 0.7677
vn 0.6298 0.1176 0.7678
vn 0.5838 0.0990 0.8058
vn 0.4832 0.3244 0.8132
vn 0.3802 0.2604 0.8875
vn 0.5463 0.0442 0.8364
vn 0.5464 0.0442 0.8364
vn 0.7301 -0.0001 0.6833
vn 0.5434 -0.0345 0.8388
vn 0.7297 0.0246 0.6833
vn 0.5775 -0.0943 0.8109
vn 0.6236 -0.1173 0.7729
vn 0.7254 0.0823 0.6833
vn 0.6655 -0.1153 0.7374
vn 0.3663 -0.2459 0.8974
vn 0.2971 0.1133 0.9481
vn -0.3206 0.2292 0.9191
vn -0.1525 0.5364 0.8301
vn -0.3779 0.8330 0.4042
vn 0.1584 0.9435 0.2910
vn -0.4148 -0.8111 0.4125
vn 0.5224 -0.0789 0.8491
vn 0.4845 0.1894 0.8540
vn 0.4845 0.1895 0.8540
vn 0.3240 0.4070 0.8540
vn 0.5437 0.6829 0.4879
vn 0.4128 0.8733 0.2587
vn 0.3241 0.4070 0.8540
vn 0.2876 -0.0411 0.9569
vn 0.2876 -0.0412 0.9569
vn 0.5223 -0.0789 0.8491
vn 0.4019 -0.0934 0.9109
vn 0.7094 -0.1716 0.6835
vn 0.6922 -0.2306 0.6839
vn 0.3925 -0.1255 0.9111
vn 0.3696 -0.1796 0.9117
vn 0.3695 -0.1796 0.9117
vn 0.6425 -0.3442 0.6847
vn 0.6107 -0.3970 0.6851
vn 0.3390 -0.2292 0.9124
vn 0.6107 -0.3971 0.6851
vn 0.3012 -0.2740 0.9134
vn 0.5746 -0.4467 0.6857
vn 0.5340 -0.4936 0.6865
vn 0.4891 -0.5372 0.6872
vn 0.2568 -0.3128 0.9144
vn 0.2568 -0.3128 0.9145
vn 0.4410 -0.5763 0.6880
vn 0.2568 -0.3127 0.9145
vn 0.2076 -0.3441 0.9157
vn 0.3362 -0.6413 0.6898
vn 0.2076 -0.3442 0.9157
vn 0.1532 -0.3682 0.9170
vn 0.1533 -0.3682 0.9170
vn 0.0966 -0.3836 0.9184
vn 0.0377 -0.5093 0.8598
vn 0.0360 -0.7182 0.6949
vn 0.2875 -0.0412 0.9569
vn 0.3012 -0.2740 0.9133
vn 0.0367 -0.2643 0.9637
vn 0.0376 -0.5093 0.8597
vn 0.0375 -0.3903 0.9199
vn 0.0376 -0.5093 0.8598
vn 0.0376 -0.3903 0.9199
vn 0.0367 -0.2644 0.9637
vn -0.4402 -0.6702 0.5976
vn -0.4341 -0.3915 0.8113
vn -0.4341 -0.3916 0.8113
vn -0.8050 -0.2579 0.5343
vn -0.4658 -0.0727 0.8819
vn -0.8050 -0.2578 0.5343
vn -0.8399 -0.1252 0.5280
vn -0.8113 -0.4623 0.3578
vn -0.8050 -0.4642 0.3694
vn -0.1521 -0.7010 0.6967
vn -0.3462 -0.6553 0.6714
vn -0.3461 -0.6553 0.6714
vn -0.5340 -0.5792 0.6160
vn -0.5645 -0.4925 0.6625
vn -0.5645 -0.4924 0.6625
vn -0.7360 -0.3518 0.5784
vn -0.7361 -0.3518 0.5783
vn -0.7342 -0.1616 0.6595
vn -0.7341 -0.1616 0.6595
vn -0.8468 0.0439 0.5301
vn -0.8468 0.0438 0.5301
vn -0.7352 0.2878 0.6137
vn -0.7565 0.4977 0.4243
vn -0.7352 0.2879 0.6137
vn -0.7565 0.4976 0.4243
vn -0.5039 0.7178 0.4805
vn -0.7565 0.4977 0.4242
vn -0.4664 0.8511 0.2411
vn -0.1382 0.9581 0.2508
vn -0.8113 -0.4624 0.3578
vn -0.7017 -0.4749 0.5312
vn -0.7360 -0.3518 0.5783
vn -0.8661 -0.1914 0.4617
vn -0.8661 -0.1914 0.4618
vn -0.8980 0.2393 0.3691
vn -0.8981 0.2393 0.3691
vn -0.7223 0.6560 0.2189
vn -0.9841 -0.0682 0.1637
vn -0.9842 -0.0682 0.1637
vn -0.9318 -0.2098 0.2962
vn -0.8369 -0.3487 0.4219
vn -0.9459 -0.0250 0.3234
vn -0.9606 0.2761 0.0321
vn -0.9606 0.2761 0.0320
vn -0.9752 0.1341 0.1762
vn -0.8917 0.4079 0.1961
vn -0.8918 0.4078 0.1961
vn -0.7617 0.6474 0.0256
vn -0.8917 0.4078 0.1961
vn -0.7618 0.6473 0.0256
vn 0.1042 0.9644 0.2432
vn 0.1931 0.9812 -0.0058
vn 0.3370 0.9144 0.2241
vn 0.3369 0.9145 0.2242
vn 0.5424 0.8164 0.1981
vn 0.5798 0.8146 -0.0188
vn 0.5424 0.8164 0.1982
vn 0.5798 0.8146 -0.0187
vn 0.7114 0.6816 0.1714
vn 0.5797 0.8146 -0.0188
vn 0.7114 0.6816 0.1713
vn 0.8409 0.5208 0.1471
vn 0.8409 0.5208 0.1470
vn 0.9307 0.3432 0.1267
vn 0.9815 0.1563 0.1104
vn 0.9946 -0.0329 0.0980
vn 0.9946 -0.0329 0.0981
vn 0.9661 -0.0028 0.2581
vn 0.9562 -0.1762 0.2336
vn 0.9004 -0.1702 0.4005
vn 0.8749 -0.3182 0.3651
vn 0.7835 -0.3328 0.5248
vn 0.7518 -0.4490 0.4830
vn 0.7835 -0.3329 0.5248
vn 0.6230 -0.4770 0.6199
vn 0.6230 -0.4771 0.6199
vn 0.5939 -0.5591 0.5786
vn 0.4335 -0.5920 0.6795
vn 0.4130 -0.6417 0.6462
vn 0.4335 -0.5919 0.6795
vn 0.2325 -0.6722 0.7029
vn 0.2228 -0.6943 0.6843
vn 0.2228 -0.6944 0.6843
vn 0.5024 -0.6533 0.5663
vn 0.5024 -0.6534 0.5663
vn 0.9502 0.3101 -0.0314
vn 0.8492 -0.4327 0.3027
vn 0.2359 -0.6474 0.7248
vn 0.2359 -0.6473 0.7248
vn 0.4414 -0.5363 0.7194
vn 0.6334 -0.3861 0.6706
vn 0.7905 -0.2060 0.5768
vn 0.7835 -0.3328 0.5247
vn 0.9004 -0.1702 0.4004
vn 0.8955 -0.0124 0.4450
vn 0.8955 -0.0124 0.4449
vn 0.9409 0.1759 0.2893
vn 0.9409 0.1759 0.2894
vn 0.0358 -0.7183 0.6948
vn 0.2308 -0.6200 0.7499
vn 0.2309 -0.6200 0.7499
vn 0.4321 -0.4753 0.7664
vn 0.4322 -0.4753 0.7664
vn 0.4322 -0.4752 0.7664
vn 0.6184 -0.2873 0.7315
vn 0.7650 -0.0707 0.6401
vn 0.8529 0.1513 0.4996
vn 0.8757 0.3543 0.3280
vn 0.9307 0.3431 0.1267
vn 0.2144 -0.5910 0.7777
vn 0.2143 -0.5910 0.7777
vn 0.3994 -0.4108 0.8196
vn 0.5688 -0.1840 0.8016
vn 0.6967 0.0683 0.7141
vn 0.6967 0.0684 0.7141
vn 0.7635 0.3146 0.5640
vn 0.8529 0.1514 0.4996
vn 0.7648 0.5248 0.3738
vn 0.1829 -0.5624 0.8064
vn 0.1342 -0.5384 0.8319
vn 0.1342 -0.5384 0.8320
vn 0.1342 -0.5383 0.8320
vn 0.0703 -0.5250 0.8482
vn 0.0002 -0.5268 0.8500
vn 0.0002 -0.5267 0.8500
vn -0.0880 -0.5547 0.8274
vn -0.0880 -0.5548 0.8273
vn -0.0881 -0.5547 0.8273
vn -0.1412 -0.5973 0.7895
vn -0.1411 -0.5973 0.7895
vn -0.1623 -0.6401 0.7509
vn -0.1617 -0.6777 0.7174
vn 0.5939 -0.5590 0.5786
vn -0.3671 -0.6027 0.7085
vn -0.1623 -0.6401 0.7510
vn -0.3705 -0.5187 0.7705
vn -0.5689 -0.3556 0.7416
vn -0.5688 -0.3556 0.7416
vn -0.3293 -0.4238 0.8438
vn -0.3293 -0.4237 0.8438
vn -0.5075 -0.2032 0.8373
vn -0.5689 -0.3555 0.7416
vn -0.5076 -0.2032 0.8373
vn -0.6499 0.0443 0.7588
vn -0.2219 -0.3300 0.9175
vn -0.2218 -0.3300 0.9175
vn -0.3489 -0.0550 0.9356
vn -0.3489 -0.0550 0.9355
vn -0.4475 0.2392 0.8617
vn -0.6498 0.0443 0.7588
vn -0.6499 0.0443 0.7587
vn -0.5007 0.5088 0.7003
vn -0.5006 0.5088 0.7003
vn -0.0881 -0.5547 0.8274
vn -0.0405 -0.2687 0.9624
vn -0.0815 0.0409 0.9958
vn -0.1160 0.3626 0.9247
vn -0.4475 0.2391 0.8617
vn -0.4476 0.2392 0.8617
vn -0.1377 0.6444 0.7522
vn -0.1444 0.8466 0.5122
vn 0.1042 -0.2649 0.9586
vn 0.1318 0.0465 0.9902
vn 0.1468 0.3696 0.9175
vn 0.1456 0.6520 0.7441
vn 0.1297 0.8539 0.5040
vn 0.2359 -0.2946 0.9261
vn 0.2359 -0.2945 0.9261
vn 0.3261 -0.0000 0.9453
vn 0.3874 0.3095 0.8684
vn 0.3874 0.3096 0.8684
vn 0.1467 0.3696 0.9175
vn 0.4078 0.5863 0.6999
vn 0.3875 0.7923 0.4713
vn 0.3370 0.9144 0.2242
vn 0.3357 -0.3475 0.8755
vn 0.4739 -0.0835 0.8766
vn 0.5735 0.2010 0.7942
vn 0.6171 0.4658 0.6342
vn 0.6026 0.6762 0.4239
vn 0.6025 0.6762 0.4239
vn 0.5688 -0.1839 0.8016
vn 0.7635 0.3145 0.5640
vn 0.2766 -0.4502 0.8490
vn 0.4589 -0.2620 0.8490
vn 0.4588 -0.2620 0.8490
vn 0.7660 -0.4374 0.4711
vn 0.5254 -0.0549 0.8491
vn 0.0375 -0.5093 0.8598
vn 0.0647 -0.4084 0.9105
vn 0.1306 -0.0771 0.9884
vn 0.1305 -0.0771 0.9884
vn 0.1047 -0.3135 0.9438
vn 0.0724 -0.5314 0.8440
vn 0.1333 -0.0752 0.9882
vn 0.0990 -0.2656 0.9590
vn 0.1063 -0.3136 0.9436
vn 0.1063 -0.3137 0.9436
vn 0.0719 -0.5009 0.8625
vn 0.0732 -0.5315 0.8439
vn 0.0360 -0.7177 0.6955
vn 0.0360 -0.7176 0.6955
vn 0.0990 -0.2657 0.9590
vn 0.0793 -0.4279 0.9003
vn 0.0719 -0.5010 0.8625
vn 0.0687 -0.5187 0.8522
vn 0.0687 -0.5188 0.8522
vn 0.0360 -0.7177 0.6954
vn 0.0687 -0.5188 0.8521
vn 0.0479 -0.6507 0.7578
vn 0.0358 -0.7186 0.6945
vn 0.0362 -0.7168 0.6963
vn 0.0598 -0.5766 0.8148
vn 0.0364 -0.7154 0.6977
vn 0.0374 -0.5656 -0.8238
vn 0.0375 -0.3903 -0.9199
vn 0.0360 -0.1995 -0.9792
vn 0.0360 -0.1994 -0.9793
vn 0.0376 -0.5093 -0.8598
vn 0.0376 -0.5093 -0.8597
vn 0.0367 -0.2643 -0.9637
vn 0.0374 -0.5656 -0.8239
vn 0.0376 -0.4804 -0.8763
vn 0.0376 -0.4803 -0.8763
vn 0.0369 -0.2964 -0.9544
vn 0.0369 -0.2963 -0.9544
vn 0.0348 -0.1005 -0.9943
vn 0.0340 -0.0506 -0.9981
vn 0.0336 -0.0256 -0.9991
vn 0.0334 -0.0131 -0.9994
vn 0.0376 -0.3903 -0.9199
vn 0.5024 -0.6533 -0.5663
vn 0.2766 -0.4502 -0.8490
vn 0.4589 -0.2620 -0.8490
vn 0.4588 -0.2620 -0.8490
vn 0.7660 -0.4374 -0.4711
vn 0.5024 -0.6534 -0.5663
vn 0.8492 -0.4327 -0.3027
vn 0.2228 -0.6944 -0.6843
vn 0.2228 -0.6943 -0.6843
vn 0.4130 -0.6417 -0.6462
vn 0.5939 -0.5590 -0.5786
vn 0.6243 -0.4712 -0.6230
vn 0.7848 -0.3246 -0.5279
vn 0.6243 -0.4712 -0.6231
vn 0.7815 -0.1345 -0.6092
vn 0.8779 0.0746 -0.4729
vn 0.8780 0.0746 -0.4729
vn 0.7635 0.3146 -0.5640
vn 0.7647 0.5248 -0.3738
vn 0.7648 0.5248 -0.3738
vn 0.5087 0.7359 -0.4469
vn 0.4507 0.8674 -0.2107
vn 0.1202 0.9627 -0.2423
vn 0.1202 0.9627 -0.2422
vn 0.1931 0.9812 0.0058
vn 0.1931 0.9812 0.0059
vn -0.0178 0.9998 -0.0011
vn 0.7518 -0.4489 -0.4830
vn 0.7848 -0.3247 -0.5279
vn 0.9010 -0.1599 -0.4032
vn 0.9011 -0.1599 -0.4031
vn 0.9114 0.2716 -0.3091
vn 0.7114 0.6816 -0.1713
vn 0.7114 0.6816 -0.1714
vn 0.4507 0.8675 -0.2107
vn 0.9946 -0.0329 -0.0981
vn 0.9563 -0.1761 -0.2336
vn 0.8749 -0.3182 -0.3651
vn 0.9656 0.0091 -0.2600
vn 0.9011 -0.1598 -0.4032
vn 0.9946 -0.0328 -0.0980
vn 0.9946 -0.0328 -0.0981
vn 0.9793 0.1690 -0.1114
vn 0.9793 0.1689 -0.1114
vn 0.8877 0.4396 -0.1371
vn 0.5798 0.8146 0.0188
vn -0.1222 0.9603 -0.2507
vn -0.2279 0.9736 -0.0081
vn -0.3538 0.9021 -0.2471
vn -0.5569 0.7968 -0.2346
vn -0.5568 0.7968 -0.2346
vn -0.7223 0.6560 -0.2189
vn -0.7618 0.6473 -0.0256
vn -0.7618 0.6474 -0.0257
vn -0.8474 0.4907 -0.2030
vn -0.8809 0.4723 -0.0295
vn -0.9319 0.3099 -0.1884
vn -0.9770 0.1213 -0.1754
vn -0.9841 -0.0682 -0.1637
vn -0.9770 0.1213 -0.1753
vn -0.9842 -0.0682 -0.1637
vn -0.9462 -0.0369 -0.3215
vn -0.9841 -0.0683 -0.1637
vn -0.9318 -0.2099 -0.2962
vn -0.8652 -0.2017 -0.4590
vn -0.8369 -0.3488 -0.4219
vn -0.7346 -0.3599 -0.5751
vn -0.7016 -0.4749 -0.5312
vn -0.7346 -0.3600 -0.5751
vn -0.7017 -0.4749 -0.5311
vn -0.5632 -0.4982 -0.6593
vn -0.7017 -0.4749 -0.5312
vn -0.5340 -0.5792 -0.6160
vn -0.3662 -0.6062 -0.7060
vn -0.3661 -0.6062 -0.7060
vn -0.3462 -0.6553 -0.6714
vn -0.3661 -0.6063 -0.7060
vn -0.1613 -0.6792 -0.7160
vn -0.3461 -0.6553 -0.6714
vn -0.1521 -0.7011 -0.6967
vn -0.1521 -0.7010 -0.6967
vn -0.4402 -0.6702 -0.5976
vn -0.4402 -0.6702 -0.5975
vn -0.8113 -0.4623 -0.3578
vn -0.8369 -0.3488 -0.4218
vn 0.0358 -0.7183 -0.6949
vn -0.1642 -0.6545 -0.7380
vn -0.1641 -0.6545 -0.7380
vn -0.3734 -0.5508 -0.7464
vn -0.5631 -0.4982 -0.6593
vn -0.5734 -0.4076 -0.7107
vn -0.7347 -0.3599 -0.5751
vn -0.5735 -0.4076 -0.7106
vn -0.7427 -0.2334 -0.6276
vn -0.8630 -0.0438 -0.5033
vn -0.9254 0.1426 -0.3512
vn -0.1584 -0.6269 -0.7628
vn -0.1584 -0.6270 -0.7628
vn -0.3632 -0.4894 -0.7928
vn -0.3632 -0.4895 -0.7928
vn -0.5579 -0.3083 -0.7705
vn -0.5580 -0.3083 -0.7705
vn -0.7180 -0.0971 -0.6893
vn -0.8228 0.1214 -0.5552
vn -0.8641 0.3232 -0.3857
vn -0.8642 0.3232 -0.3857
vn -0.1411 -0.5973 -0.7895
vn -0.1412 -0.5973 -0.7895
vn -0.3293 -0.4238 -0.8438
vn -0.5075 -0.2032 -0.8373
vn -0.7180 -0.0971 -0.6892
vn -0.6499 0.0443 -0.7588
vn -0.7180 -0.0972 -0.6893
vn -0.6499 0.0443 -0.7587
vn -0.7352 0.2878 -0.6137
vn -0.7566 0.4976 -0.4242
vn -0.1089 -0.5676 -0.8161
vn -0.1090 -0.5676 -0.8161
vn -0.0596 -0.5418 -0.8384
vn -0.0596 -0.5419 -0.8384
vn 0.0048 -0.5262 -0.8504
vn 0.0048 -0.5261 -0.8504
vn 0.0749 -0.5254 -0.8475
vn 0.1624 -0.5503 -0.8190
vn 0.1624 -0.5503 -0.8191
vn 0.2144 -0.5910 -0.7777
vn 0.2344 -0.6330 -0.7378
vn 0.2329 -0.6706 -0.7043
vn 0.8749 -0.3181 -0.3651
vn -0.5339 -0.5792 -0.6160
vn 0.4344 -0.5884 -0.6819
vn 0.4344 -0.5884 -0.6820
vn 0.4389 -0.5043 -0.7437
vn 0.4390 -0.5043 -0.7437
vn 0.4345 -0.5884 -0.6819
vn 0.6290 -0.3342 -0.7019
vn 0.7815 -0.1346 -0.6092
vn 0.2143 -0.5910 -0.7777
vn 0.3994 -0.4108 -0.8196
vn 0.3994 -0.4107 -0.8196
vn 0.5688 -0.1839 -0.8016
vn 0.5688 -0.1839 -0.8017
vn 0.6967 0.0684 -0.7141
vn 0.7635 0.3146 -0.5641
vn 0.2937 -0.3208 -0.9004
vn 0.2938 -0.3208 -0.9004
vn 0.4118 -0.0414 -0.9103
vn 0.5688 -0.1840 -0.8016
vn 0.4948 0.2560 -0.8305
vn 0.4948 0.2560 -0.8304
vn 0.5275 0.5272 -0.6662
vn 0.1137 -0.2659 -0.9573
vn 0.2937 -0.3208 -0.9005
vn 0.1457 0.0449 -0.9883
vn 0.1640 0.3676 -0.9154
vn 0.1639 0.3676 -0.9154
vn 0.1641 0.6498 -0.7422
vn 0.1642 0.6498 -0.7422
vn 0.4948 0.2559 -0.8305
vn 0.5274 0.5272 -0.6662
vn 0.1477 0.8519 -0.5025
vn 0.1477 0.8518 -0.5026
vn -0.0310 -0.2673 -0.9631
vn -0.0310 -0.2674 -0.9631
vn -0.0675 0.0429 -0.9968
vn -0.0675 0.0430 -0.9968
vn 0.1458 0.0449 -0.9883
vn -0.0988 0.3652 -0.9257
vn -0.1191 0.6473 -0.7529
vn -0.1191 0.6472 -0.7529
vn -0.1264 0.8493 -0.5125
vn 0.1477 0.8518 -0.5025
vn 0.1202 0.9628 -0.2422
vn -0.1634 -0.3017 -0.9393
vn -0.2626 -0.0105 -0.9648
vn -0.2626 -0.0106 -0.9649
vn -0.3398 0.2966 -0.8925
vn -0.3812 0.5722 -0.7261
vn -0.1192 0.6473 -0.7529
vn -0.3834 0.7785 -0.4969
vn -0.2644 -0.3582 -0.8954
vn -0.2644 -0.3583 -0.8954
vn -0.4115 -0.0993 -0.9060
vn -0.2626 -0.0106 -0.9648
vn -0.5265 0.1814 -0.8306
vn -0.3398 0.2965 -0.8925
vn -0.5264 0.1814 -0.8306
vn -0.5899 0.4443 -0.6743
vn -0.5899 0.4443 -0.6742
vn -0.3812 0.5723 -0.7261
vn -0.5969 0.6548 -0.4636
vn -0.5969 0.6548 -0.4637
vn -0.5076 -0.2032 -0.8373
vn -0.2643 -0.3583 -0.8954
vn -0.7566 0.4976 -0.4243
vn -0.7224 0.6560 -0.2189
vn -0.4341 -0.3915 -0.8113
vn -0.4341 -0.3916 -0.8113
vn -0.8050 -0.4642 -0.3694
vn -0.8050 -0.2579 -0.5343
vn -0.8050 -0.4643 -0.3694
vn 0.0372 -0.5093 -0.8598
vn 0.0714 -0.3875 -0.9191
vn 0.0714 -0.3876 -0.9191
vn 0.1047 -0.3819 -0.9182
vn 0.1047 -0.3820 -0.9182
vn 0.1612 -0.3653 -0.9168
vn 0.2150 -0.3401 -0.9155
vn 0.2635 -0.3076 -0.9143
vn 0.3071 -0.2678 -0.9132
vn 0.5338 -0.4938 -0.6865
vn 0.3439 -0.2224 -0.9123
vn 0.6105 -0.3973 -0.6851
vn 0.3439 -0.2223 -0.9123
vn 0.6424 -0.3444 -0.6847
vn 0.6424 -0.3444 -0.6846
vn 0.3734 -0.1719 -0.9116
vn 0.6697 -0.2887 -0.6842
vn 0.3951 -0.1175 -0.9111
vn 0.3952 -0.1175 -0.9111
vn 0.6920 -0.2311 -0.6839
vn 0.6921 -0.2311 -0.6838
vn 0.7094 -0.1718 -0.6835
vn 0.7094 -0.1719 -0.6835
vn 0.5223 -0.0789 -0.8491
vn 0.5224 -0.0789 -0.8491
vn 0.0365 -0.2643 -0.9637
vn 0.0715 -0.3876 -0.9191
vn 0.3735 -0.1719 -0.9116
vn 0.2875 -0.0411 -0.9569
vn 0.2876 -0.0411 -0.9569
vn 0.2875 -0.0412 -0.9569
vn 0.3951 -0.1174 -0.9111
vn 0.7244 0.2773 -0.6312
vn 0.4845 0.1894 -0.8540
vn 0.2876 -0.0412 -0.9569
vn 0.4845 0.1895 -0.8540
vn 0.3241 0.4070 -0.8540
vn 0.3240 0.4070 -0.8540
vn 0.5437 0.6829 -0.4879
vn 0.4128 0.8733 -0.2587
vn 0.6159 0.6232 -0.4820
vn 0.4128 0.8733 -0.2588
vn 0.6159 0.6231 -0.4820
vn 0.7244 0.2772 -0.6312
vn 0.7227 -0.1039 -0.6833
vn 0.6994 0.1004 -0.7077
vn 0.6994 0.1003 -0.7077
vn 0.6404 0.3165 -0.6998
vn 0.6404 0.3164 -0.6998
vn 0.5431 0.5276 -0.6532
vn 0.4173 0.5472 -0.7256
vn 0.2364 0.7287 -0.6427
vn 0.0321 0.6741 -0.7380
vn -0.2045 0.7757 -0.5970
vn -0.2046 0.7757 -0.5970
vn -0.4486 0.5669 -0.6910
vn -0.4486 0.5669 -0.6909
vn -0.6620 0.5754 -0.4803
vn -0.8251 0.1940 -0.5306
vn -0.8251 0.1941 -0.5306
vn -0.9449 0.1770 -0.2754
vn -0.9334 -0.2331 -0.2729
vn -0.9995 -0.0007 -0.0331
vn -0.9621 -0.2709 -0.0317
vn 0.4110 0.7140 -0.5668
vn 0.2364 0.7287 -0.6428
vn 0.0384 0.8573 -0.5133
vn -0.4151 0.8104 -0.4135
vn -0.2045 0.7757 -0.5971
vn -0.8052 0.5379 -0.2496
vn -0.8052 0.5378 -0.2496
vn -0.9449 0.1771 -0.2754
vn -0.9624 0.2699 -0.0320
vn -0.9623 0.2699 -0.0321
vn -0.9995 -0.0006 -0.0331
vn 0.2545 0.8577 -0.4467
vn 0.2544 0.8578 -0.4467
vn 0.0878 0.9485 -0.3045
vn -0.2086 0.9780 -0.0079
vn 0.0878 0.9485 -0.3044
vn -0.0744 0.9852 -0.1542
vn -0.2087 0.9780 -0.0079
vn -0.3274 0.9273 -0.1815
vn -0.3273 0.9273 -0.1815
vn -0.1555 0.9226 -0.3530
vn -0.5607 0.8278 -0.0195
vn -0.5805 0.7854 -0.2146
vn -0.5806 0.7854 -0.2146
vn -0.8626 0.5050 -0.0288
vn -0.5805 0.7855 -0.2146
vn -0.8053 0.5378 -0.2496
vn -0.9624 0.2699 -0.0321
vn -0.7767 -0.5806 -0.2442
vn -0.5451 -0.8120 -0.2086
vn -0.5450 -0.8120 -0.2087
vn -0.5596 -0.8285 -0.0184
vn -0.5596 -0.8286 -0.0184
vn -0.2910 -0.9404 -0.1760
vn -0.2075 -0.9782 -0.0063
vn -0.2910 -0.9404 -0.1761
vn -0.2075 -0.9782 -0.0064
vn 0.0023 -0.9894 -0.1450
vn 0.0022 -0.9894 -0.1449
vn 0.4131 -0.8735 -0.2577
vn 0.6162 -0.6235 -0.4812
vn 0.3156 -0.8471 -0.4276
vn 0.1588 -0.9438 -0.2898
vn -0.1196 -0.9312 -0.3443
vn -0.3776 -0.8336 -0.4033
vn -0.3776 -0.8335 -0.4033
vn -0.5451 -0.8120 -0.2087
vn -0.6297 -0.6183 -0.4703
vn -0.8114 -0.2552 -0.5259
vn 0.7245 -0.2778 -0.6308
vn 0.5774 -0.5157 -0.6330
vn 0.4594 -0.7010 -0.5455
vn 0.2632 -0.7306 -0.6300
vn 0.2632 -0.7307 -0.6300
vn 0.0709 -0.8621 -0.5018
vn 0.0710 -0.8621 -0.5018
vn 0.0628 -0.6885 -0.7225
vn 0.0629 -0.6885 -0.7225
vn -0.1686 -0.7946 -0.5832
vn -0.1523 -0.5375 -0.8294
vn -0.1686 -0.7946 -0.5833
vn -0.1523 -0.5374 -0.8295
vn -0.4158 -0.6070 -0.6772
vn -0.1523 -0.5374 -0.8294
vn -0.3205 -0.2302 -0.9188
vn -0.4159 -0.6070 -0.6772
vn -0.3206 -0.2302 -0.9188
vn -0.6028 -0.2560 -0.7557
vn -0.3337 0.1753 -0.9262
vn -0.3338 0.1753 -0.9262
vn -0.6172 0.1948 -0.7623
vn -0.1815 0.5031 -0.8450
vn -0.6173 0.1948 -0.7622
vn -0.1814 0.5031 -0.8450
vn 0.7085 -0.0953 -0.6992
vn 0.7245 -0.2777 -0.6308
vn 0.6613 -0.3077 -0.6841
vn 0.5754 -0.3340 -0.7466
vn 0.4368 -0.5477 -0.7136
vn 0.4369 -0.5476 -0.7136
vn 0.4834 -0.3252 -0.8128
vn 0.2890 -0.5244 -0.8009
vn 0.3804 -0.2613 -0.8871
vn 0.1261 -0.4155 -0.9008
vn 0.1261 -0.4154 -0.9009
vn 0.2972 -0.1142 -0.9480
vn -0.0041 -0.1798 -0.9837
vn -0.0041 -0.1799 -0.9837
vn 0.2972 -0.1141 -0.9480
vn 0.2905 0.0867 -0.9529
vn 0.2906 0.0867 -0.9529
vn -0.0144 0.1369 -0.9905
vn -0.0144 0.1368 -0.9905
vn 0.3661 0.2451 -0.8977
vn 0.1037 0.3894 -0.9152
vn 0.1037 0.3895 -0.9152
vn 0.4689 0.3195 -0.8235
vn 0.2660 0.5144 -0.8153
vn 0.4688 0.3195 -0.8235
vn 0.5632 0.3343 -0.7557
vn 0.5633 0.3343 -0.7556
vn 0.5632 0.3344 -0.7556
vn 0.7086 -0.0952 -0.6992
vn 0.6708 -0.1139 -0.7329
vn 0.6300 -0.1182 -0.7676
vn 0.6300 -0.1183 -0.7676
vn 0.5839 -0.0997 -0.8057
vn 0.6299 -0.1182 -0.7676
vn 0.5839 -0.0996 -0.8057
vn 0.4833 -0.3252 -0.8128
vn 0.7271 0.0663 -0.6834
vn 0.5464 -0.0448 -0.8363
vn 0.7301 -0.0004 -0.6833
vn 0.5434 0.0338 -0.8388
vn 0.5774 0.0937 -0.8111
vn 0.5774 0.0937 -0.8110
vn 0.5775 0.0937 -0.8110
vn 0.6235 0.1167 -0.7731
vn 0.7270 -0.0670 -0.6833
vn 0.6654 0.1148 -0.7376
vn 0.5632 0.3343 -0.7556
vn 0.4689 0.3194 -0.8235
vn 0.5775 0.0936 -0.8110
vn 0.3804 -0.2613 -0.8872
vn 0.5464 -0.0449 -0.8363
vn 0.2660 0.5143 -0.8153
vn -0.0143 0.1368 -0.9905
vn -0.3205 -0.2302 -0.9189
vn 0.4594 -0.7010 -0.5456
vn 0.4368 -0.5476 -0.7137
vn -0.6296 -0.6183 -0.4703
vn -0.1196 -0.9312 -0.3442
vn 0.5224 0.0781 -0.8491
vn 0.4848 -0.1898 -0.8538
vn 0.4847 -0.1897 -0.8538
vn 0.4848 -0.1897 -0.8538
vn 0.3242 -0.4073 -0.8538
vn 0.3243 -0.4073 -0.8538
vn 0.5439 -0.6832 -0.4872
vn 0.1435 -0.8569 -0.4950
vn 0.3242 -0.4072 -0.8538
vn 0.3242 -0.4072 -0.8539
vn 0.2876 0.0401 -0.9569
vn 0.7095 0.1710 -0.6837
vn 0.4019 0.0925 -0.9110
vn 0.6923 0.2301 -0.6840
vn 0.3925 0.1246 -0.9113
vn 0.6699 0.2878 -0.6844
vn 0.3926 0.1246 -0.9112
vn 0.3696 0.1786 -0.9118
vn 0.3696 0.1786 -0.9119
vn 0.6426 0.3437 -0.6849
vn 0.3391 0.2283 -0.9126
vn 0.3012 0.2731 -0.9136
vn 0.3013 0.2730 -0.9136
vn 0.5341 0.4931 -0.6867
vn 0.3013 0.2731 -0.9136
vn 0.2569 0.3119 -0.9147
vn 0.4411 0.5758 -0.6883
vn 0.2077 0.3433 -0.9160
vn 0.3363 0.6408 -0.6902
vn 0.2789 0.6667 -0.6911
vn 0.1533 0.3673 -0.9174
vn 0.1533 0.3674 -0.9174
vn 0.1533 0.3674 -0.9173
vn 0.0967 0.3827 -0.9188
vn 0.0967 0.3828 -0.9188
vn 0.1603 0.7027 -0.6932
vn 0.0378 0.5086 -0.8602
vn 0.0361 0.7178 -0.6953
vn 0.4019 0.0924 -0.9110
vn 0.3012 0.2730 -0.9136
vn 0.0368 0.2634 -0.9640
vn 0.0368 0.2633 -0.9640
vn 0.0377 0.5086 -0.8602
vn 0.0376 0.5087 -0.8601
vn 0.0375 0.3895 -0.9203
vn 0.0332 -0.0005 -0.9994
vn 0.0367 0.2634 -0.9640
vn 0.0367 0.2633 -0.9640
vn 0.0376 0.5086 -0.8602
vn 0.0373 0.3895 -0.9203
vn -0.4397 0.6704 -0.5977
vn -0.4334 0.3916 -0.8116
vn -0.4396 0.6705 -0.5976
vn -0.4335 0.3916 -0.8116
vn -0.8042 0.2584 -0.5353
vn -0.8042 0.2583 -0.5353
vn -0.8041 0.2583 -0.5354
vn -0.8396 0.1265 -0.5282
vn -0.8106 0.4636 -0.3578
vn -0.8042 0.4655 -0.3696
vn -0.8041 0.4655 -0.3696
vn -0.1520 0.7008 -0.6970
vn -0.4397 0.6705 -0.5977
vn -0.4396 0.6705 -0.5977
vn -0.3459 0.6553 -0.6715
vn -0.5336 0.5796 -0.6159
vn -0.5735 0.4079 -0.7104
vn -0.7429 0.2340 -0.6272
vn -0.7184 0.0976 -0.6888
vn -0.8233 -0.1208 -0.5545
vn -0.7359 -0.2875 -0.6130
vn -0.8233 -0.1208 -0.5546
vn -0.7573 -0.4972 -0.4234
vn -0.5977 -0.6547 -0.4627
vn -0.5576 -0.7966 -0.2336
vn -0.3543 -0.9022 -0.2460
vn -0.7012 0.4757 -0.5310
vn -0.8633 0.0447 -0.5028
vn -0.8648 -0.3224 -0.3850
vn -0.7231 -0.6554 -0.2180
vn -0.9841 0.0700 -0.1635
vn -0.9840 0.0700 -0.1636
vn -0.9315 0.2113 -0.2961
vn -0.8365 0.3499 -0.4217
vn -0.9257 -0.1415 -0.3507
vn -0.9324 -0.3087 -0.1879
vn -0.8816 -0.4711 -0.0289
vn -0.8480 -0.4898 -0.2023
vn -0.8481 -0.4898 -0.2023
vn -0.1224 -0.9606 -0.2496
vn -0.2283 -0.9736 -0.0070
vn 0.1204 -0.9630 -0.2411
vn 0.1934 -0.9811 0.0070
vn 0.4513 -0.8674 -0.2096
vn 0.7121 -0.6811 -0.1704
vn 0.8883 -0.4386 -0.1364
vn 0.8642 -0.5023 0.0290
vn 0.9796 -0.1675 -0.1110
vn 0.9946 0.0346 -0.0979
vn 0.8485 0.4340 -0.3028
vn 0.5019 0.6536 -0.5664
vn 0.8746 0.3193 -0.3650
vn 0.8485 0.4339 -0.3028
vn 0.8745 0.3193 -0.3650
vn 0.9560 0.1776 -0.2335
vn 0.9560 0.1776 -0.2334
vn 0.9657 -0.0078 -0.2596
vn 0.9119 -0.2707 -0.3084
vn 0.8883 -0.4386 -0.1363
vn 0.7655 -0.5244 -0.3729
vn 0.5094 -0.7360 -0.4459
vn 0.1480 -0.8524 -0.5016
vn 0.1479 -0.8524 -0.5016
vn -0.1267 -0.8498 -0.5116
vn -0.1266 -0.8498 -0.5116
vn -0.3840 -0.7788 -0.4959
vn -0.3841 -0.7788 -0.4959
vn 0.2227 0.6941 -0.6845
vn 0.4128 0.6418 -0.6463
vn 0.5936 0.5594 -0.5785
vn 0.4344 0.5884 -0.6820
vn 0.6242 0.4716 -0.6229
vn 0.4391 0.5042 -0.7436
vn 0.6293 0.3344 -0.7016
vn 0.3997 0.4106 -0.8195
vn 0.3997 0.4106 -0.8196
vn 0.5693 0.1839 -0.8013
vn 0.2942 0.3203 -0.9005
vn 0.4124 0.0410 -0.9101
vn 0.2942 0.3204 -0.9004
vn 0.1138 0.2653 -0.9574
vn 0.1138 0.2652 -0.9575
vn 0.1460 -0.0457 -0.9882
vn -0.0311 0.2667 -0.9633
vn -0.0677 -0.0437 -0.9967
vn -0.1637 0.3011 -0.9394
vn -0.1638 0.3011 -0.9394
vn -0.2631 0.0100 -0.9647
vn -0.2648 0.3579 -0.8954
vn -0.4121 0.0990 -0.9057
vn -0.4121 0.0991 -0.9057
vn -0.3297 0.4236 -0.8437
vn -0.3296 0.4236 -0.8437
vn -0.5081 0.2032 -0.8370
vn -0.3634 0.4894 -0.7927
vn -0.5583 0.3085 -0.7702
vn -0.3734 0.5508 -0.7464
vn 0.2329 0.6704 -0.7045
vn 0.2345 0.6328 -0.7380
vn 0.2345 0.6327 -0.7380
vn 0.2145 0.5906 -0.7779
vn 0.1626 0.5498 -0.8193
vn 0.0750 0.5249 -0.8479
vn 0.0048 0.5256 -0.8507
vn 0.0047 0.5256 -0.8507
vn -0.0597 0.5414 -0.8387
vn -0.0597 0.5413 -0.8387
vn -0.1091 0.5672 -0.8163
vn -0.1413 0.5970 -0.7897
vn -0.1585 0.6267 -0.7630
vn -0.1642 0.6543 -0.7382
vn -0.1519 0.7008 -0.6970
vn 0.7514 0.4497 -0.4829
vn 0.5936 0.5594 -0.5786
vn 0.7847 0.3253 -0.5276
vn 0.7818 0.1350 -0.6087
vn 0.7818 0.1351 -0.6087
vn 0.6973 -0.0682 -0.7135
vn 0.4124 0.0409 -0.9101
vn 0.4955 -0.2563 -0.8299
vn 0.4956 -0.2563 -0.8299
vn 0.1642 -0.3684 -0.9151
vn -0.0990 -0.3660 -0.9253
vn -0.3405 -0.2971 -0.8921
vn -0.3404 -0.2971 -0.8921
vn -0.5272 -0.1816 -0.8301
vn -0.5272 -0.1815 -0.8301
vn -0.6505 -0.0441 -0.7582
vn -0.5080 0.2032 -0.8370
vn -0.7184 0.0976 -0.6887
vn -0.1642 0.6542 -0.7383
vn 0.1138 0.2652 -0.9574
vn 0.1139 0.2652 -0.9574
vn 0.3997 0.4105 -0.8196
vn 0.5019 0.6537 -0.5664
vn 0.8746 0.3193 -0.3649
vn 0.9010 0.1609 -0.4028
vn 0.9011 0.1609 -0.4028
vn 0.8783 -0.0739 -0.4723
vn 0.7642 -0.3143 -0.5632
vn 0.5282 -0.5274 -0.6654
vn 0.5282 -0.5275 -0.6654
vn 0.4955 -0.2564 -0.8299
vn 0.1644 -0.6505 -0.7415
vn -0.1194 -0.6480 -0.7522
vn -0.1194 -0.6480 -0.7523
vn -0.3819 -0.5727 -0.7254
vn -0.5908 -0.4443 -0.6735
vn -0.5907 -0.4443 -0.6735
vn -0.6505 -0.0442 -0.7582
vn -0.7184 0.0975 -0.6888
vn -0.1266 -0.8499 -0.5116
vn 0.1645 -0.6505 -0.7415
vn 0.7655 -0.5244 -0.3728
vn 0.9563 0.1770 -0.2329
vn 0.2819 0.4469 -0.8490
vn 0.2819 0.4468 -0.8490
vn 0.4649 0.2510 -0.8490
vn 0.7762 0.4190 -0.4712
vn 0.7761 0.4190 -0.4712
vn 0.8768 0.0958 -0.4713
vn 0.8768 0.0959 -0.4712
vn 0.0375 0.3894 -0.9203
vn 0.0377 0.3894 -0.9203
vn 0.0332 -0.0007 -0.9994
vn 0.0464 0.4061 -0.9127
vn 0.0464 0.4060 -0.9127
vn 0.0490 0.5295 -0.8469
vn 0.0660 0.0725 -0.9952
vn 0.0592 0.3101 -0.9489
vn 0.0489 0.4783 -0.8768
vn 0.0422 0.5528 -0.8323
vn 0.0422 0.5527 -0.8323
vn 0.0421 0.5528 -0.8323
vn 0.0407 0.5719 -0.8193
vn 0.0371 0.6400 -0.7675
vn 0.0379 0.5550 -0.8310
vn 0.0418 0.4353 -0.8993
vn 0.0418 0.4352 -0.8993
vn 0.0541 0.2457 -0.9678
vn 0.0464 0.3619 -0.9311
vn 0.0592 0.3101 -0.9488
vn 0.0464 0.3620 -0.9310
vn 0.0418 0.4352 -0.8994
vn 0.0370 0.6469 -0.7616
vn 0.0370 0.6497 -0.7593
vn 0.0370 0.6470 -0.7616
vn 0.0371 0.6431 -0.7649
vn 0.0377 0.5814 -0.8127
vn 0.0371 0.6366 -0.7703
vn 0.0372 0.6366 -0.7703
vn 0.0372 0.6301 -0.7756
vn 0.0373 0.6237 -0.7808
vn 0.0374 0.6173 -0.7858
vn 0.0381 0.5226 -0.8518
vn 0.0374 0.6110 -0.7908
vn 0.0375 0.6047 -0.7956
vn 0.0375 0.6046 -0.7956
vn 0.0381 0.5226 -0.8517
vn -0.4794 -0.8747 -0.0712
vn -0.4794 -0.8747 -0.0711
vn -0.4794 -0.8747 0.0711
vn -0.4794 -0.8747 0.0712
vn -0.4393 -0.8740 0.2077
vn -0.3623 -0.8726 0.3274
vn -0.3623 -0.8727 0.3274
vn -0.3624 -0.8726 0.3274
vn -0.2548 -0.8707 0.4206
vn -0.1254 -0.8684 0.4798
vn -0.1254 -0.8684 0.4797
vn 0.1563 -0.8634 0.4798
vn 0.1563 -0.8634 0.4797
vn 0.2857 -0.8611 0.4206
vn 0.3933 -0.8591 0.3274
vn 0.3933 -0.8591 0.3275
vn 0.4702 -0.8578 0.2077
vn 0.5103 -0.8571 0.0711
vn 0.5103 -0.8571 0.0712
vn 0.5103 -0.8571 -0.0712
vn 0.5103 -0.8570 -0.0712
vn 0.8660 -0.4846 0.1233
vn 0.8660 -0.4846 -0.1233
vn 0.8660 -0.4846 -0.1232
vn -0.4393 -0.8740 -0.2077
vn -0.3624 -0.8726 -0.3274
vn -0.2548 -0.8707 -0.4206
vn -0.1254 -0.8684 -0.4798
vn -0.1254 -0.8684 -0.4797
vn 0.1563 -0.8634 -0.4798
vn 0.1563 -0.8634 -0.4797
vn 0.2857 -0.8611 -0.4206
vn 0.3933 -0.8591 -0.3274
vn 0.3933 -0.8591 -0.3275
vn 0.4702 -0.8578 -0.2077
vn 0.0183 -0.9998 0.0014
vn 0.5103 -0.8571 -0.0711
vn 0.5103 -0.8570 -0.0711
vn -0.8481 -0.5152 0.1232
vn -0.8481 -0.5152 0.1233
vn -0.8481 -0.5152 -0.1233
vn -0.8481 -0.5152 -0.1232
vn -0.8482 -0.5152 -0.1232
vn -0.7787 -0.5140 -0.3597
vn -0.7787 -0.5140 -0.3598
vn -0.6455 -0.5116 -0.5671
vn -0.4592 -0.5083 -0.7285
vn -0.4592 -0.5083 -0.7286
vn -0.2350 -0.5043 -0.8309
vn 0.2529 -0.4956 -0.8309
vn -0.7787 -0.5140 0.3597
vn -0.7787 -0.5140 0.3598
vn -0.6455 -0.5116 0.5671
vn -0.4592 -0.5083 0.7285
vn -0.4592 -0.5083 0.7286
vn -0.3110 -0.0044 0.9504
vn -0.2350 -0.5043 0.8309
vn 0.2529 -0.4956 0.8309
vn 0.2529 -0.4955 0.8310
vn 0.2858 -0.8611 0.4206
vn 0.4771 -0.4916 0.7285
vn 0.4770 -0.4916 0.7286
vn 0.4771 -0.4916 0.7286
vn 0.6633 -0.4882 0.5671
vn 0.4771 -0.4915 0.7286
vn 0.6633 -0.4882 0.5672
vn 0.7966 -0.4858 0.3598
vn 0.7966 -0.4859 0.3598
vn 0.7965 -0.4859 0.3598
vn 0.7966 -0.4859 0.3597
vn 0.8660 -0.4846 0.1232
vn 0.5103 -0.8570 0.0711
vn 0.7966 -0.4859 -0.3597
vn 0.7965 -0.4859 -0.3598
vn 0.6633 -0.4882 -0.5672
vn 0.6633 -0.4882 -0.5671
vn 0.4771 -0.4916 -0.7285
vn 0.4771 -0.4915 -0.7286
vn 0.3109 0.0068 -0.9504
vn 0.2529 -0.4955 -0.8310
vn -0.3624 -0.8726 0.3275
vn -0.2350 -0.5043 0.8310
vn 0.4770 -0.4916 -0.7286
vn 0.7966 -0.4859 -0.3598
vn 0.2857 -0.8610 -0.4207
vn -0.8660 0.0919 0.4915
vn -0.8660 -0.0919 0.4915
vn -0.8660 -0.1806 0.4662
vn -0.8660 -0.1806 0.4663
vn -0.8660 -0.2632 0.4251
vn -0.8660 -0.3368 0.3695
vn -0.8660 -0.3990 0.3013
vn -0.8660 -0.4476 0.2229
vn -0.8660 -0.4476 0.2228
vn -0.8660 -0.4809 0.1368
vn -0.8660 -0.4979 0.0461
vn -0.8661 -0.4978 0.0461
vn -0.8660 -0.4979 -0.0461
vn -0.8660 -0.4978 -0.0461
vn -0.8660 -0.4809 -0.1368
vn -0.8660 -0.4476 -0.2229
vn -0.8660 -0.4476 -0.2228
vn -0.8660 -0.3990 -0.3013
vn -0.8660 -0.3369 -0.3695
vn -0.8660 -0.3368 -0.3695
vn -0.8660 -0.2632 -0.4251
vn -0.8660 -0.1806 -0.4662
vn -0.8660 -0.0919 -0.4915
vn -0.8660 0.0919 -0.4915
vn -0.8660 0.1806 -0.4662
vn -0.8660 0.1806 -0.4663
vn -0.8660 0.2632 -0.4251
vn -0.8660 0.3368 -0.3695
vn -0.8660 0.3990 -0.3013
vn -0.8660 0.4476 -0.2229
vn -0.8660 0.4476 -0.2228
vn -0.8660 0.4809 -0.1368
vn -0.8660 0.4979 -0.0461
vn -0.8661 0.4978 -0.0461
vn -0.8660 0.4979 0.0461
vn -0.8660 0.4978 0.0461
vn -0.8660 0.4809 0.1368
vn -0.8660 0.4476 0.2229
vn -0.8660 0.4476 0.2228
vn -0.8660 0.3990 0.3013
vn -0.8660 0.3369 0.3695
vn -0.8660 0.3368 0.3695
vn -0.8660 0.2632 0.4251
vn -0.8660 0.1806 0.4662
vn -0.5000 -0.1591 0.8513
vn -0.5000 0.1591 0.8513
vn -0.5000 -0.3128 0.8075
vn -0.5000 -0.3128 0.8076
vn -0.5000 -0.4559 0.7363
vn -0.5000 -0.5834 0.6400
vn -0.5000 -0.5835 0.6400
vn -0.5000 -0.6911 0.5219
vn -0.0000 -0.6901 0.7238
vn -0.0000 -0.8146 0.5800
vn -0.5000 -0.7752 0.3860
vn -0.5000 -0.8330 0.2370
vn -0.5000 -0.8623 0.0799
vn -0.0000 -0.9718 0.2357
vn -0.0000 -0.9989 0.0475
vn -0.5000 -0.8623 -0.0799
vn -0.5000 -0.8330 -0.2370
vn -0.5000 -0.7752 -0.3860
vn -0.5000 -0.6911 -0.5219
vn -0.5000 -0.5834 -0.6400
vn -0.0000 -0.7558 -0.6548
vn -0.0000 -0.6181 -0.7861
vn -0.5000 -0.4559 -0.7363
vn -0.0000 -0.4583 -0.8888
vn -0.5000 -0.3128 -0.8076
vn -0.5000 -0.3128 -0.8075
vn -0.5000 -0.3129 -0.8076
vn -0.5000 -0.1591 -0.8513
vn -0.0000 -0.0950 -0.9955
vn -0.5000 0.1591 -0.8513
vn -0.0000 0.0950 -0.9955
vn -0.5000 0.3129 -0.8076
vn -0.5000 0.3128 -0.8075
vn -0.5000 0.3128 -0.8076
vn -0.5000 0.4559 -0.7363
vn -0.0000 0.4583 -0.8888
vn -0.0000 0.6181 -0.7861
vn -0.5000 0.5834 -0.6400
vn -0.0000 0.7558 -0.6548
vn -0.5000 0.6911 -0.5219
vn -0.5000 0.7752 -0.3860
vn -0.5000 0.8330 -0.2370
vn -0.5000 0.8623 -0.0799
vn -0.5000 0.8623 0.0799
vn -0.0000 0.9989 0.0475
vn -0.0000 0.9718 0.2357
vn -0.5000 0.8330 0.2370
vn -0.5000 0.7752 0.3860
vn -0.5000 0.6911 0.5219
vn -0.0000 0.8146 0.5800
vn -0.0000 0.6901 0.7238
vn -0.5000 0.5835 0.6400
vn -0.5000 0.5834 0.6400
vn -0.5000 0.4559 0.7363
vn -0.5000 0.3128 0.8075
vn -0.5000 0.3128 0.8076
vn -0.8660 0.0918 -0.4915
vn -0.5000 0.3129 -0.8075
vn -0.8660 0.3369 -0.3695
vn -0.5000 0.5835 -0.6400
vn -0.5000 0.8329 -0.2370
vn -0.8660 0.4809 0.1369
vn -0.8660 0.1806 0.4663
vn -0.8660 -0.1806 -0.4663
vn -0.8660 -0.4809 -0.1369
vn -0.5000 -0.8329 0.2370
vn -0.8660 -0.3369 0.3695
vn -0.5000 -0.3129 0.8075
vn -0.8660 -0.0918 0.4915
vn -0.5000 0.0823 0.8621
vn -0.5000 -0.0823 0.8621
vn -0.5000 -0.2440 0.8310
vn -0.5000 -0.2440 0.8309
vn -0.0000 -0.3716 0.9284
vn -0.5000 -0.3969 0.7697
vn -0.0000 -0.5407 0.8412
vn -0.5000 -0.5353 0.6808
vn -0.5000 -0.5354 0.6807
vn -0.5000 -0.6545 0.5671
vn -0.5000 -0.7500 0.4330
vn -0.5000 -0.8184 0.2833
vn -0.5000 -0.8572 0.1233
vn -0.5000 -0.8650 -0.0412
vn -0.5000 -0.8416 -0.2042
vn -0.5000 -0.8416 -0.2041
vn -0.5000 -0.7877 -0.3598
vn -0.5000 -0.7878 -0.3598
vn -0.5000 -0.7055 -0.5023
vn -0.5000 -0.5976 -0.6268
vn -0.5000 -0.4682 -0.7285
vn -0.5000 -0.4682 -0.7286
vn -0.5000 -0.3219 -0.8040
vn -0.5000 -0.3218 -0.8040
vn -0.5000 -0.1639 -0.8504
vn -0.5000 0.1639 -0.8504
vn -0.0000 0.2818 -0.9595
vn -0.5000 0.3219 -0.8040
vn -0.5000 0.3218 -0.8040
vn -0.5000 0.4682 -0.7286
vn -0.5000 0.4682 -0.7285
vn -0.5000 0.5976 -0.6268
vn -0.5000 0.7055 -0.5023
vn -0.5000 0.7878 -0.3598
vn -0.5000 0.7877 -0.3598
vn -0.5000 0.8416 -0.2042
vn -0.5000 0.8416 -0.2041
vn -0.5000 0.8650 -0.0412
vn -0.5000 0.8572 0.1233
vn -0.5000 0.8184 0.2833
vn -0.5000 0.7500 0.4330
vn -0.5000 0.6545 0.5671
vn -0.5000 0.5354 0.6807
vn -0.0000 0.5407 0.8412
vn -0.5000 0.5353 0.6808
vn -0.5000 0.3969 0.7697
vn -0.0000 0.3716 0.9284
vn -0.5000 0.2440 0.8309
vn -0.5000 0.2440 0.8310
vn -0.8660 -0.0475 0.4977
vn -0.8660 -0.0475 0.4978
vn -0.8660 0.0475 0.4978
vn -0.8660 0.0475 0.4977
vn -0.8661 0.1408 0.4797
vn -0.8660 0.1409 0.4797
vn -0.8660 0.2291 0.4444
vn -0.8660 0.3091 0.3930
vn -0.8660 0.3779 0.3274
vn -0.8660 0.4330 0.2500
vn -0.8660 0.4725 0.1635
vn -0.8660 0.4949 0.0712
vn -0.8660 0.4994 -0.0238
vn -0.8660 0.4859 -0.1179
vn -0.8660 0.4548 -0.2077
vn -0.8660 0.4073 -0.2900
vn -0.8660 0.3450 -0.3619
vn -0.8660 0.3451 -0.3619
vn -0.8660 0.2703 -0.4206
vn -0.8660 0.1858 -0.4642
vn -0.8660 0.0946 -0.4910
vn -0.8660 -0.0946 -0.4910
vn -0.8660 -0.0946 -0.4909
vn -0.8661 -0.1408 0.4797
vn -0.8660 -0.1409 0.4797
vn -0.8660 -0.2291 0.4444
vn -0.8660 -0.3091 0.3930
vn -0.8660 -0.3779 0.3274
vn -0.8660 -0.4330 0.2500
vn -0.8660 -0.4725 0.1635
vn -0.8660 -0.4949 0.0712
vn -0.8660 -0.4994 -0.0238
vn -0.8660 -0.4859 -0.1179
vn -0.8660 -0.4548 -0.2077
vn -0.8660 -0.4073 -0.2900
vn -0.8660 -0.3450 -0.3619
vn -0.8660 -0.2703 -0.4206
vn -0.8660 -0.1858 -0.4642
vn -0.8660 0.0946 -0.4909
vn -0.8660 0.0947 -0.4910
vn -0.8660 0.1859 -0.4642
vn -0.8660 0.2703 -0.4207
vn -0.8660 0.3450 -0.3618
vn -0.5000 0.7054 -0.5024
vn -0.5000 0.7054 -0.5023
vn -0.5000 0.7878 -0.3597
vn -0.5000 0.8572 0.1232
vn -0.8660 0.4725 0.1636
vn -0.8660 0.3779 0.3275
vn -0.5000 0.5353 0.6807
vn -0.8660 0.3091 0.3931
vn -0.5000 0.3968 0.7698
vn -0.8660 0.1409 0.4798
vn -0.8660 -0.0476 0.4977
vn -0.8660 -0.1409 0.4798
vn -0.5000 -0.3968 0.7698
vn -0.5000 -0.3968 0.7697
vn -0.5000 -0.5353 0.6807
vn -0.8660 -0.3779 0.3275
vn -0.5000 -0.8184 0.2832
vn -0.5000 -0.8572 0.1232
vn -0.8660 -0.4949 0.0711
vn -0.5000 -0.7878 -0.3597
vn -0.5000 -0.7054 -0.5024
vn -0.5000 -0.5976 -0.6267
vn -0.8660 -0.4073 -0.2901
vn -0.8660 -0.3451 -0.3619
vn -0.8660 -0.1859 -0.4642
vn 0.9594 0.0171 -0.2817
vn 0.9594 0.0171 0.2817
vn 0.9593 0.0171 0.2817
vn 0.8411 0.0150 0.5406
vn 0.9593 0.0171 -0.2817
vn 0.8411 0.0150 -0.5406
vn 0.6547 0.0117 -0.7558
vn 0.6548 0.0117 -0.7557
vn 0.4153 0.0074 -0.9096
vn 0.4154 0.0074 -0.9096
vn 0.1423 0.0025 -0.9898
vn 0.1423 0.0026 -0.9898
vn -0.1423 -0.0026 -0.9898
vn -0.1423 -0.0025 -0.9898
vn -0.4154 -0.0074 -0.9096
vn -0.4153 -0.0074 -0.9096
vn -0.6548 -0.0117 -0.7557
vn -0.6548 -0.0117 -0.7558
vn -0.8411 -0.0150 -0.5406
vn -0.6547 -0.0117 -0.7558
vn -0.9593 -0.0171 -0.2817
vn -0.9594 -0.0171 -0.2817
vn -0.9594 -0.0171 0.2817
vn -0.9593 -0.0171 0.2817
vn -0.8411 -0.0150 0.5406
vn -0.6547 -0.0117 0.7558
vn -0.6548 -0.0117 0.7557
vn -0.4153 -0.0074 0.9096
vn -0.4154 -0.0074 0.9096
vn -0.4154 -0.0075 0.9096
vn -0.1423 -0.0025 0.9898
vn -0.1423 -0.0026 0.9898
vn 0.1423 0.0025 0.9898
vn 0.1423 0.0026 0.9898
vn 0.4154 0.0074 0.9096
vn 0.4153 0.0074 0.9096
vn 0.6548 0.0117 0.7557
vn 0.4153 0.0074 0.9097
vn 0.6548 0.0117 0.7558
vn 0.6547 0.0117 0.7558
vn 0.8411 0.0151 0.5406
vn 0.2487 0.0044 0.9686
vn 0.0628 0.0011 0.9980
vn -0.1874 -0.0034 0.9823
vn -0.1873 -0.0034 0.9823
vn -0.2487 -0.0044 0.9686
vn -0.4257 -0.0076 0.9048
vn -0.2486 -0.0044 0.9686
vn -0.4817 -0.0086 0.8763
vn -0.6373 -0.0114 0.7705
vn -0.6844 -0.0122 0.7290
vn -0.6845 -0.0122 0.7290
vn -0.8442 -0.0151 0.5358
vn -0.9296 -0.0166 0.3681
vn -0.9920 -0.0177 0.1253
vn -0.9979 -0.0178 0.0628
vn -0.9920 -0.0177 -0.1253
vn -0.9821 -0.0175 -0.1874
vn -0.9821 -0.0176 -0.1874
vn -0.9296 -0.0166 -0.3681
vn -0.9047 -0.0162 -0.4258
vn -0.9047 -0.0161 -0.4258
vn -0.7704 -0.0138 -0.6374
vn -0.6373 -0.0114 -0.7705
vn -0.4257 -0.0076 -0.9048
vn -0.3681 -0.0066 -0.9298
vn -0.1873 -0.0034 -0.9823
vn -0.1874 -0.0034 -0.9823
vn -0.1253 -0.0022 -0.9921
vn 0.0628 0.0011 -0.9980
vn 0.1253 0.0023 -0.9921
vn 0.1253 0.0022 -0.9921
vn 0.3681 0.0066 -0.9298
vn 0.5358 0.0096 -0.8443
vn 0.5357 0.0096 -0.8443
vn 0.7289 0.0130 -0.6845
vn 0.7288 0.0130 -0.6846
vn 0.7704 0.0138 -0.6374
vn 0.8762 0.0156 -0.4817
vn 0.8762 0.0157 -0.4817
vn 0.9047 0.0162 -0.4258
vn 0.8762 0.0157 -0.4818
vn 0.9684 0.0173 -0.2487
vn 0.9821 0.0175 -0.1874
vn 0.9979 0.0178 0.0628
vn 0.9684 0.0173 0.2487
vn 0.8761 0.0156 0.4818
vn 0.8761 0.0157 0.4818
vn 0.8442 0.0151 0.5358
vn 0.8762 0.0157 0.4817
vn 0.7288 0.0130 0.6846
vn 0.6844 0.0122 0.7290
vn 0.6845 0.0122 0.7290
vn 0.7289 0.0130 0.6845
vn 0.5357 0.0096 0.8443
vn 0.5358 0.0096 0.8443
vn 0.4817 0.0086 0.8763
vn 0.2486 0.0045 0.9686
vn -0.1583 -0.5154 0.8422
vn -0.1584 -0.5154 0.8422
vn -0.0330 -0.5131 0.8577
vn 0.0051 -0.2833 0.9590
vn 0.0091 -0.5124 0.8587
vn 0.0092 -0.5123 0.8587
vn -0.0169 -0.7795 0.6262
vn 0.0091 -0.5123 0.8587
vn -0.0168 -0.7795 0.6262
vn 0.0139 -0.7789 0.6269
vn -0.0059 -0.8951 0.4459
vn 0.0160 -0.8947 0.4464
vn 0.0014 -0.9488 0.3159
vn 0.0169 -0.9485 0.3162
vn 0.0068 -0.9761 0.2171
vn 0.0174 -0.9759 0.2174
vn 0.0110 -0.9906 0.1366
vn 0.0177 -0.9904 0.1368
vn 0.0146 -0.9977 0.0661
vn -0.1583 -0.5153 0.8422
vn -0.2801 -0.5175 0.8085
vn -0.3956 -0.5196 0.7573
vn -0.5023 -0.5215 0.6897
vn -0.3595 -0.7856 0.5036
vn -0.4293 -0.7869 0.4433
vn -0.2996 -0.9003 0.3157
vn -0.3468 -0.9012 0.2600
vn -0.2401 -0.9531 0.1842
vn -0.2666 -0.9536 0.1399
vn -0.1775 -0.9794 0.0961
vn -0.1775 -0.9794 0.0962
vn -0.1906 -0.9796 0.0631
vn -0.1132 -0.9928 0.0397
vn -0.1179 -0.9929 0.0179
vn -0.1179 -0.9929 0.0178
vn -0.0478 -0.9988 0.0086
vn -0.0483 -0.9988 -0.0022
vn -0.5980 -0.5232 0.6072
vn -0.4294 -0.7868 0.4433
vn -0.4956 -0.7880 0.3652
vn -0.3843 -0.9018 0.1975
vn -0.3843 -0.9019 0.1974
vn -0.2856 -0.9539 0.0918
vn -0.1981 -0.9798 0.0284
vn -0.1190 -0.9929 -0.0045
vn -0.0471 -0.9988 -0.0129
vn -0.6845 -0.0122 0.7289
vn -0.6887 -0.5248 0.5002
vn -0.6888 -0.5248 0.5002
vn -0.7609 -0.5261 0.3798
vn -0.8442 -0.0150 0.5358
vn -0.8125 -0.5270 0.2493
vn -0.8421 -0.5276 0.1121
vn -0.6076 -0.7900 0.0818
vn -0.6126 -0.7901 -0.0205
vn -0.4301 -0.9027 -0.0146
vn -0.4218 -0.9025 -0.0871
vn -0.4301 -0.9026 -0.0146
vn -0.2932 -0.9541 -0.0617
vn -0.2790 -0.9538 -0.1114
vn -0.2931 -0.9541 -0.0617
vn -0.1860 -0.9796 -0.0766
vn -0.1708 -0.9793 -0.1087
vn -0.1008 -0.9926 -0.0684
vn -0.1007 -0.9926 -0.0684
vn -0.0880 -0.9923 -0.0868
vn -0.0333 -0.9986 -0.0420
vn -0.0258 -0.9984 -0.0497
vn -0.8421 -0.5275 0.1121
vn -0.8490 -0.5277 -0.0281
vn -0.6009 -0.7899 -0.1223
vn -0.4018 -0.9021 -0.1572
vn -0.4018 -0.9021 -0.1573
vn -0.2569 -0.9534 -0.1581
vn -0.1506 -0.9789 -0.1379
vn -0.0725 -0.9921 -0.1028
vn -0.0171 -0.9983 -0.0562
vn -0.0258 -0.9984 -0.0498
vn -0.8329 -0.5274 -0.1675
vn -0.5728 -0.7894 -0.2209
vn -0.5727 -0.7895 -0.2208
vn -0.5728 -0.7894 -0.2208
vn -0.3706 -0.9016 -0.2232
vn -0.2275 -0.9529 -0.2006
vn -0.1259 -0.9785 -0.1634
vn -0.0545 -0.9917 -0.1162
vn -0.0545 -0.9917 -0.1161
vn -0.0075 -0.9981 -0.0611
vn -0.7944 -0.5267 -0.3025
vn -0.7344 -0.5256 -0.4294
vn -0.7704 -0.0137 -0.6374
vn -0.7344 -0.5257 -0.4294
vn -0.6546 -0.5242 -0.5448
vn -0.5570 -0.5225 -0.6456
vn -0.3994 -0.7863 -0.4714
vn -0.3171 -0.7848 -0.5324
vn -0.3171 -0.7849 -0.5324
vn -0.2197 -0.8989 -0.3791
vn -0.1548 -0.8978 -0.4124
vn -0.1548 -0.8977 -0.4124
vn -0.1041 -0.9507 -0.2922
vn -0.0549 -0.9498 -0.3080
vn -0.1040 -0.9507 -0.2921
vn -0.0319 -0.9768 -0.2117
vn 0.0032 -0.9762 -0.2169
vn 0.0087 -0.9906 -0.1365
vn 0.0311 -0.9902 -0.1361
vn 0.0243 -0.9975 -0.0658
vn 0.0243 -0.9975 -0.0659
vn 0.0349 -0.9973 -0.0639
vn -0.5569 -0.5225 -0.6456
vn -0.4442 -0.5205 -0.7292
vn -0.4442 -0.5204 -0.7292
vn -0.2259 -0.7832 -0.5792
vn -0.2260 -0.7832 -0.5792
vn -0.0854 -0.8965 -0.4348
vn -0.0037 -0.9489 -0.3155
vn -0.0038 -0.9489 -0.3156
vn 0.0387 -0.9756 -0.2163
vn 0.0531 -0.9898 -0.1321
vn 0.0451 -0.9972 -0.0603
vn -0.4443 -0.5204 -0.7292
vn -0.3194 -0.5182 -0.7934
vn -0.1284 -0.7815 -0.6106
vn -0.0854 -0.8965 -0.4347
vn -0.0132 -0.8952 -0.4455
vn -0.0037 -0.9489 -0.3156
vn 0.0479 -0.9480 -0.3147
vn 0.0737 -0.9749 -0.2100
vn 0.0741 -0.9894 -0.1246
vn 0.0546 -0.9970 -0.0550
vn -0.1858 -0.5159 -0.8363
vn -0.1858 -0.5158 -0.8363
vn -0.1253 -0.0023 -0.9921
vn -0.0470 -0.5134 -0.8569
vn 0.0933 -0.5109 -0.8546
vn 0.2314 -0.5084 -0.8295
vn 0.1761 -0.7760 -0.6056
vn 0.1761 -0.7761 -0.6056
vn 0.2726 -0.7743 -0.5711
vn 0.1762 -0.7760 -0.6056
vn 0.2002 -0.8914 -0.4066
vn 0.2640 -0.8902 -0.3712
vn 0.1926 -0.9454 -0.2629
vn 0.2640 -0.8903 -0.3712
vn 0.2331 -0.9447 -0.2308
vn 0.1660 -0.9733 -0.1587
vn 0.1899 -0.9728 -0.1323
vn 0.1899 -0.9729 -0.1323
vn 0.1262 -0.9885 -0.0833
vn 0.1383 -0.9883 -0.0644
vn 0.1383 -0.9883 -0.0645
vn 0.0762 -0.9966 -0.0312
vn 0.0804 -0.9965 -0.0213
vn 0.0761 -0.9966 -0.0312
vn 0.0805 -0.9965 -0.0213
vn 0.3635 -0.5060 -0.7822
vn 0.3622 -0.7727 -0.5213
vn 0.2639 -0.8903 -0.3712
vn 0.3211 -0.8892 -0.3258
vn 0.2678 -0.9441 -0.1925
vn 0.2091 -0.9725 -0.1025
vn 0.1472 -0.9881 -0.0440
vn 0.0831 -0.9965 -0.0108
vn 0.3681 0.0065 -0.9298
vn 0.4862 -0.5038 -0.7140
vn 0.4424 -0.7713 -0.4576
vn 0.3701 -0.8884 -0.2718
vn 0.2958 -0.9436 -0.1491
vn 0.2678 -0.9440 -0.1925
vn 0.2958 -0.9435 -0.1491
vn 0.2233 -0.9722 -0.0699
vn 0.1526 -0.9880 -0.0223
vn 0.0840 -0.9965 -0.0000
vn 0.4861 -0.5038 -0.7140
vn 0.5961 -0.5019 -0.6267
vn 0.5961 -0.5019 -0.6268
vn 0.7704 0.0137 -0.6374
vn 0.6903 -0.5002 -0.5228
vn 0.7664 -0.4988 -0.4048
vn 0.5667 -0.7691 -0.2956
vn 0.5668 -0.7691 -0.2955
vn 0.6075 -0.7683 -0.2015
vn 0.5667 -0.7691 -0.2955
vn 0.4386 -0.8871 -0.1435
vn 0.4564 -0.8868 -0.0727
vn 0.3289 -0.9430 -0.0515
vn 0.3331 -0.9429 -0.0000
vn 0.2348 -0.9720 -0.0000
vn 0.2324 -0.9721 0.0319
vn 0.1530 -0.9880 0.0201
vn 0.1529 -0.9880 0.0201
vn 0.1486 -0.9881 0.0397
vn 0.1485 -0.9881 0.0397
vn 0.0811 -0.9965 0.0192
vn 0.0776 -0.9966 0.0283
vn 0.9047 0.0161 -0.4258
vn 0.8222 -0.4978 -0.2760
vn 0.6324 -0.7679 -0.1021
vn 0.4623 -0.8867 -0.0000
vn 0.3297 -0.9429 0.0464
vn 0.3297 -0.9430 0.0464
vn 0.2254 -0.9722 0.0631
vn 0.1413 -0.9882 0.0585
vn 0.0728 -0.9967 0.0368
vn 0.9821 0.0176 -0.1874
vn 0.8563 -0.4972 -0.1399
vn 0.6407 -0.7678 -0.0000
vn 0.6408 -0.7677 -0.0000
vn 0.4575 -0.8868 0.0655
vn 0.3195 -0.9431 0.0918
vn 0.2139 -0.9724 0.0929
vn 0.1314 -0.9884 0.0760
vn 0.0668 -0.9968 0.0444
vn 0.8677 -0.4970 -0.0000
vn 0.8584 -0.4972 0.1260
vn 0.8308 -0.4977 0.2493
vn 0.7853 -0.4985 0.3671
vn 0.7853 -0.4985 0.3672
vn 0.5806 -0.7688 0.2680
vn 0.5351 -0.7696 0.3483
vn 0.3871 -0.8881 0.2480
vn 0.3467 -0.8888 0.2998
vn 0.2512 -0.9443 0.2124
vn 0.2175 -0.9450 0.2444
vn 0.2175 -0.9449 0.2445
vn 0.1553 -0.9735 0.1681
vn 0.1553 -0.9735 0.1680
vn 0.1292 -0.9739 0.1865
vn 0.0880 -0.9892 0.1173
vn 0.0700 -0.9895 0.1264
vn 0.0700 -0.9895 0.1263
vn 0.0431 -0.9972 0.0611
vn 0.0339 -0.9974 0.0642
vn 0.8441 0.0151 0.5359
vn 0.7230 -0.4996 0.4771
vn 0.7231 -0.4996 0.4771
vn 0.4784 -0.7707 0.4210
vn 0.4784 -0.7706 0.4210
vn 0.2991 -0.8896 0.3451
vn 0.1795 -0.9456 0.2712
vn 0.1795 -0.9456 0.2713
vn 0.1006 -0.9745 0.2008
vn 0.1006 -0.9744 0.2008
vn 0.0509 -0.9898 0.1327
vn 0.0243 -0.9975 0.0659
vn 0.0243 -0.9975 0.0658
vn 0.6453 -0.5010 0.5767
vn 0.5538 -0.5026 0.6638
vn 0.5539 -0.5026 0.6638
vn 0.4506 -0.5045 0.7365
vn 0.4505 -0.5045 0.7366
vn 0.3377 -0.5065 0.7934
vn 0.2538 -0.7747 0.5792
vn 0.3377 -0.5065 0.7933
vn 0.1662 -0.7763 0.6081
vn 0.1662 -0.7762 0.6082
vn 0.1244 -0.8927 0.4330
vn 0.0597 -0.8939 0.4442
vn 0.1244 -0.8928 0.4330
vn 0.0597 -0.8939 0.4443
vn 0.0479 -0.9480 0.3147
vn 0.2178 -0.5086 0.8330
vn 0.1662 -0.7762 0.6081
vn 0.2177 -0.5086 0.8330
vn 0.0754 -0.7779 0.6239
vn 0.0753 -0.7779 0.6239
vn 0.2486 0.0044 0.9686
vn 0.0933 -0.5109 0.8546
vn 0.0933 -0.5108 0.8546
vn 0.0754 -0.7778 0.6239
vn 0.0387 -0.9756 0.2163
vn 0.0311 -0.9902 0.1361
vn 0.0703 -0.9967 -0.0403
vn 0.0630 -0.9968 -0.0483
vn 0.0135 -0.9977 -0.0660
vn 0.0028 -0.9979 -0.0644
vn -0.0395 -0.9987 -0.0331
vn -0.0441 -0.9988 -0.0233
vn -0.0455 -0.9988 0.0192
vn -0.0415 -0.9987 0.0293
vn -0.0360 -0.9986 0.0385
vn -0.0290 -0.9985 0.0468
vn -0.0289 -0.9985 0.0468
vn -0.0216 -0.9983 0.0532
vn -0.0216 -0.9984 0.0531
vn -0.0134 -0.9982 0.0583
vn -0.0045 -0.9980 0.0623
vn 0.0049 -0.9979 0.0649
vn 0.0518 -0.9970 0.0567
vn 0.0598 -0.9969 0.0511
vn 0.0598 -0.9969 0.0512
vn 0.0832 -0.9965 0.0097
vn 0.0839 -0.9965 -0.0000
vn 0.6340 -0.7679 0.0920
vn 0.4431 -0.8871 0.1296
vn 0.3028 -0.9434 0.1352
vn 0.2139 -0.9724 0.0930
vn 0.1982 -0.9727 0.1208
vn 0.1981 -0.9727 0.1208
vn 0.1190 -0.9886 0.0919
vn 0.1545 -0.9880 -0.0000
vn 0.2319 -0.9721 -0.0354
vn 0.0833 -0.9965 0.0097
vn 0.1544 -0.9880 -0.0000
vn -0.1084 -0.7811 0.6149
vn -0.1584 -0.5153 0.8422
vn -0.1973 -0.7827 0.5903
vn -0.2816 -0.7842 0.5529
vn -0.0711 -0.8962 0.4378
vn -0.1344 -0.8974 0.4203
vn -0.1944 -0.8984 0.3937
vn -0.2499 -0.8994 0.3586
vn -0.0447 -0.9496 0.3102
vn -0.0448 -0.9496 0.3102
vn -0.0896 -0.9504 0.2978
vn -0.0896 -0.9504 0.2977
vn -0.1321 -0.9512 0.2789
vn -0.1714 -0.9519 0.2540
vn -0.2066 -0.9525 0.2236
vn -0.0250 -0.9767 0.2132
vn -0.0448 -0.9496 0.3101
vn -0.0558 -0.9772 0.2047
vn -0.0850 -0.9778 0.1917
vn -0.1121 -0.9782 0.1746
vn -0.1363 -0.9787 0.1537
vn -0.2067 -0.9525 0.2236
vn -0.1593 -0.9791 0.1266
vn -0.2400 -0.9531 0.1842
vn -0.1592 -0.9791 0.1266
vn -0.0090 -0.9909 0.1342
vn -0.0284 -0.9913 0.1288
vn -0.0468 -0.9916 0.1206
vn -0.0638 -0.9919 0.1099
vn -0.1120 -0.9782 0.1746
vn -0.0790 -0.9922 0.0967
vn -0.0935 -0.9924 0.0797
vn -0.1049 -0.9926 0.0605
vn -0.1050 -0.9926 0.0605
vn 0.0702 -0.9750 0.2109
vn 0.0509 -0.9899 0.1326
vn 0.0387 -0.9755 0.2164
vn 0.0938 -0.9471 0.3068
vn 0.0937 -0.9472 0.3067
vn 0.1379 -0.9464 0.2922
vn 0.1379 -0.9464 0.2921
vn 0.1006 -0.9744 0.2009
vn -0.0134 -0.9982 0.0584
vn -0.5483 -0.7890 0.2773
vn -0.3843 -0.9018 0.1974
vn -0.4112 -0.9023 0.1296
vn -0.4111 -0.9023 0.1296
vn -0.2965 -0.9541 0.0413
vn -0.1998 -0.9798 -0.0071
vn -0.1165 -0.9928 -0.0267
vn -0.1164 -0.9928 -0.0267
vn -0.5860 -0.7896 0.1820
vn -0.5859 -0.7896 0.1820
vn -0.5859 -0.7897 0.1820
vn -0.4265 -0.9026 0.0583
vn -0.4266 -0.9026 0.0583
vn -0.2991 -0.9542 -0.0104
vn -0.2990 -0.9542 -0.0103
vn -0.1958 -0.9797 -0.0424
vn -0.1957 -0.9797 -0.0424
vn -0.1103 -0.9927 -0.0482
vn -0.2991 -0.9542 -0.0103
vn -0.5290 -0.7886 -0.3135
vn -0.5289 -0.7886 -0.3135
vn -0.3291 -0.9008 -0.2832
vn -0.3290 -0.9008 -0.2832
vn -0.1915 -0.9523 -0.2377
vn -0.2274 -0.9529 -0.2006
vn -0.0974 -0.9780 -0.1846
vn -0.0347 -0.9914 -0.1264
vn -0.0346 -0.9914 -0.1264
vn -0.4707 -0.7876 -0.3977
vn -0.7344 -0.5256 -0.4293
vn -0.6545 -0.5242 -0.5448
vn -0.2783 -0.8999 -0.3356
vn -0.4706 -0.7876 -0.3977
vn -0.1500 -0.9515 -0.2685
vn -0.0973 -0.9780 -0.1846
vn -0.1500 -0.9515 -0.2686
vn -0.0657 -0.9774 -0.2008
vn -0.0134 -0.9910 -0.1332
vn -0.0658 -0.9774 -0.2008
vn -0.1041 -0.9507 -0.2921
vn -0.0271 -0.7797 -0.6256
vn 0.0597 -0.8939 -0.4443
vn 0.0988 -0.9471 -0.3054
vn 0.0988 -0.9471 -0.3055
vn 0.1071 -0.9743 -0.1980
vn 0.0937 -0.9891 -0.1137
vn 0.0754 -0.7778 -0.6239
vn 0.0753 -0.7778 -0.6239
vn 0.0753 -0.7779 -0.6239
vn 0.1315 -0.8926 -0.4312
vn 0.1474 -0.9462 -0.2880
vn 0.1382 -0.9738 -0.1808
vn 0.1382 -0.9738 -0.1807
vn 0.1112 -0.9888 -0.0998
vn 0.0933 -0.5108 -0.8546
vn 0.5112 -0.7701 -0.3816
vn 0.5112 -0.7701 -0.3817
vn 0.3701 -0.8883 -0.2718
vn 0.3701 -0.8884 -0.2717
vn 0.4096 -0.8877 -0.2104
vn 0.3163 -0.9432 -0.1016
vn 0.3164 -0.9432 -0.1017
vn 0.2232 -0.9723 -0.0699
vn 0.5112 -0.7700 -0.3817
vn 0.3163 -0.9432 -0.1017
vn 0.8585 -0.4972 0.1260
vn 0.6137 -0.7682 0.1820
vn 0.6138 -0.7682 0.1820
vn 0.4195 -0.8875 0.1909
vn 0.2798 -0.9438 0.1757
vn 0.1785 -0.9731 0.1460
vn 0.1045 -0.9889 0.1057
vn 0.1190 -0.9886 0.0918
vn 0.1044 -0.9889 0.1057
vn 0.0518 -0.9970 0.0568
vn 0.2799 -0.9438 0.1757
vn 0.4116 -0.7718 0.4846
vn 0.2454 -0.8906 0.3829
vn 0.3362 -0.7732 0.5378
vn 0.3362 -0.7732 0.5377
vn 0.5538 -0.5027 0.6638
vn 0.4506 -0.5045 0.7366
vn 0.1785 -0.9730 0.1460
vn 0.2512 -0.9444 0.2124
vn 0.1868 -0.8916 0.4124
vn 0.3362 -0.7731 0.5378
vn 0.0938 -0.9472 0.3068
vt 0.554652 0.518584
vt 0.554481 0.521817
vt 0.547102 0.526182
vt 0.555053 0.525013
vt 0.556339 0.528010
vt 0.547099 0.542838
vt 0.558274 0.530657
vt 0.560761 0.532818
vt 0.563672 0.534386
vt 0.570164 0.542672
vt 0.566861 0.535280
vt 0.570166 0.535455
vt 0.732724 0.311018
vt 0.805698 0.197869
vt 0.733973 0.321879
vt 0.810060 0.201354
vt 0.818177 0.414732
vt 0.815639 0.202985
vt 0.803284 0.193112
vt 0.729271 0.300556
vt 0.723728 0.290843
vt 0.803221 0.187879
vt 0.716281 0.282204
vt 0.732092 0.009442
vt 0.726735 0.011488
vt 0.707180 0.274928
vt 0.720921 0.011489
vt 0.696728 0.269258
vt 0.715598 0.009444
vt 0.685277 0.265385
vt 0.686913 0.006816
vt 0.641586 0.187916
vt 0.679762 0.009980
vt 0.672960 0.013676
vt 0.666578 0.017853
vt 0.660614 0.022511
vt 0.655086 0.027655
vt 0.632378 0.079294
vt 0.650105 0.033181
vt 0.645699 0.039035
vt 0.641867 0.045218
vt 0.638628 0.051730
vt 0.636049 0.058450
vt 0.634150 0.065285
vt 0.632923 0.072233
vt 0.673208 0.263437
vt 0.641438 0.193156
vt 0.660925 0.263480
vt 0.648840 0.265513
vt 0.637357 0.269467
vt 0.634511 0.201409
vt 0.638940 0.197920
vt 0.626861 0.275210
vt 0.628893 0.203036
vt 0.639358 0.183078
vt 0.635129 0.179455
vt 0.629608 0.177654
vt 0.694286 0.004241
vt 0.711636 0.005688
vt 0.701875 0.002246
vt 0.709680 0.000832
vt 0.736117 0.005685
vt 0.753544 0.004251
vt 0.760862 0.006825
vt 0.767924 0.009973
vt 0.774688 0.013682
vt 0.738153 0.000829
vt 0.745969 0.002249
vt 0.781011 0.017868
vt 0.786883 0.022517
vt 0.792297 0.027635
vt 0.814156 0.079247
vt 0.797208 0.033184
vt 0.801521 0.039048
vt 0.805239 0.045216
vt 0.808354 0.051691
vt 0.810823 0.058408
vt 0.812610 0.065242
vt 0.813725 0.072187
vt 0.815335 0.177611
vt 0.809797 0.179422
vt 0.805521 0.183046
vt 0.702803 0.416594
vt 0.711336 0.414711
vt 0.719118 0.411050
vt 0.725685 0.405828
vt 0.730649 0.399356
vt 0.733712 0.392020
vt 0.734693 0.384256
vt 0.612773 0.911902
vt 0.618815 0.914802
vt 0.611983 0.929075
vt 0.626235 0.920284
vt 0.634893 0.924424
vt 0.612959 0.908219
vt 0.644412 0.927043
vt 0.617452 0.935721
vt 0.611950 0.934764
vt 0.654375 0.928025
vt 0.622106 0.938289
vt 0.625203 0.942076
vt 0.690364 0.928540
vt 0.626272 0.946507
vt 0.625151 0.950907
vt 0.405633 0.594093
vt 0.408896 0.597792
vt 0.700343 0.927843
vt 0.404368 0.589694
vt 0.405292 0.585263
vt 0.709895 0.925495
vt 0.408266 0.581475
vt 0.718604 0.921599
vt 0.412836 0.578907
vt 0.417972 0.571861
vt 0.418169 0.574368
vt 0.417316 0.564376
vt 0.726089 0.916326
vt 0.416995 0.561335
vt 0.416681 0.558803
vt 0.732249 0.909909
vt 0.416378 0.556806
vt 0.416090 0.555365
vt 0.415568 0.554199
vt 0.415819 0.554493
vt 0.415691 0.554273
vt 0.415629 0.554218
vt 0.415599 0.554204
vt 0.732022 0.909906
vt 0.418307 0.577950
vt 0.413659 0.600226
vt 0.419420 0.606797
vt 0.622009 0.954605
vt 0.419198 0.601025
vt 0.419420 0.606773
vt 0.611779 0.963610
vt 0.617325 0.957039
vt 0.611779 0.963586
vt 0.611813 0.957839
vt 0.736422 0.824394
vt 0.402606 0.354262
vt 0.737755 0.834525
vt 0.738572 0.889932
vt 0.737923 0.896879
vt 0.735793 0.903608
vt 0.398156 0.351043
vt 0.732769 0.814633
vt 0.395630 0.346644
vt 0.726930 0.805599
vt 0.719119 0.797622
vt 0.395451 0.341804
vt 0.709621 0.790994
vt 0.714103 0.533819
vt 0.708793 0.535711
vt 0.698783 0.785958
vt 0.702979 0.535713
vt 0.687002 0.782697
vt 0.697610 0.533827
vt 0.627556 0.698679
vt 0.668874 0.531409
vt 0.661796 0.534333
vt 0.655079 0.537748
vt 0.648792 0.541607
vt 0.642936 0.545910
vt 0.637524 0.550662
vt 0.615972 0.598350
vt 0.632668 0.555765
vt 0.628394 0.561173
vt 0.624701 0.566883
vt 0.621608 0.572896
vt 0.619180 0.579102
vt 0.617434 0.585414
vt 0.616361 0.591829
vt 0.674707 0.781330
vt 0.627525 0.703512
vt 0.662349 0.781908
vt 0.650379 0.784410
vt 0.625139 0.707907
vt 0.639235 0.788743
vt 0.620799 0.711128
vt 0.629324 0.794750
vt 0.615230 0.712638
vt 0.621009 0.802210
vt 0.614592 0.810852
vt 0.625228 0.694216
vt 0.620931 0.690871
vt 0.615382 0.689202
vt 0.676186 0.529029
vt 0.693563 0.530359
vt 0.683727 0.527183
vt 0.691499 0.525875
vt 0.718042 0.530347
vt 0.735439 0.529016
vt 0.742816 0.531392
vt 0.749949 0.534298
vt 0.756798 0.537722
vt 0.719968 0.525861
vt 0.727818 0.527169
vt 0.763216 0.541588
vt 0.769192 0.545881
vt 0.774722 0.550607
vt 0.797733 0.598285
vt 0.779758 0.555733
vt 0.784203 0.561150
vt 0.788059 0.566847
vt 0.791318 0.572828
vt 0.793936 0.579034
vt 0.795876 0.585346
vt 0.797145 0.591762
vt 0.801091 0.689132
vt 0.401856 0.333985
vt 0.397649 0.337334
vt 0.408233 0.355761
vt 0.502990 0.261617
vt 0.526102 0.234260
vt 0.545391 0.526217
vt 0.526801 0.233114
vt 0.527059 0.231806
vt 0.527089 0.096943
vt 0.531259 0.096943
vt 0.545388 0.542831
vt 0.428256 0.458962
vt 0.430007 0.451293
vt 0.429422 0.443450
vt 0.309937 0.542831
vt 0.411470 0.474536
vt 0.418556 0.471123
vt 0.424322 0.465773
vt 0.309941 0.526217
vt 0.383070 0.465773
vt 0.388833 0.471123
vt 0.395918 0.474536
vt 0.324266 0.096943
vt 0.328406 0.231806
vt 0.328663 0.233114
vt 0.329362 0.234260
vt 0.328437 0.096943
vt 0.352462 0.261617
vt 0.377981 0.443450
vt 0.377391 0.451293
vt 0.380855 0.436128
vt 0.375621 0.288925
vt 0.376665 0.289836
vt 0.385760 0.429979
vt 0.377301 0.290119
vt 0.377988 0.290224
vt 0.477450 0.290224
vt 0.415152 0.425548
vt 0.407638 0.423230
vt 0.399774 0.423230
vt 0.478137 0.290119
vt 0.426550 0.436128
vt 0.421648 0.429979
vt 0.478771 0.289837
vt 0.479819 0.288925
vt 0.403694 0.475708
vt 0.392258 0.425548
vt 0.379139 0.458962
vt 0.237409 0.771029
vt 0.176722 0.671315
vt 0.237294 0.571601
vt 0.175734 0.658752
vt 0.172818 0.646617
vt 0.218396 0.793616
vt 0.161716 0.717375
vt 0.168115 0.707307
vt 0.172847 0.696013
vt 0.019992 0.793616
vt 0.124477 0.739392
vt 0.134924 0.737074
vt 0.144833 0.732516
vt 0.000952 0.771029
vt 0.076584 0.717375
vt 0.084444 0.725875
vt 0.093485 0.732516
vt 0.000838 0.571601
vt 0.061525 0.671315
vt 0.062513 0.683878
vt 0.065429 0.696013
vt 0.019851 0.549013
vt 0.076531 0.625255
vt 0.070132 0.635323
vt 0.065400 0.646617
vt 0.218255 0.549013
vt 0.113770 0.603238
vt 0.103323 0.605556
vt 0.093414 0.610113
vt 0.161663 0.625255
vt 0.153803 0.616755
vt 0.144762 0.610113
vt 0.070173 0.707307
vt 0.103399 0.737074
vt 0.113848 0.739392
vt 0.153866 0.725875
vt 0.175748 0.683878
vt 0.168074 0.635323
vt 0.134848 0.605556
vt 0.124399 0.603238
vt 0.084381 0.616755
vt 0.062498 0.658752
vt 0.038923 0.447621
vt 0.043203 0.447621
vt 0.038142 0.454941
vt 0.043205 0.464082
vt 0.038392 0.464420
vt 0.038643 0.473818
vt 0.043218 0.480306
vt 0.038892 0.483073
vt 0.039139 0.492123
vt 0.043242 0.495969
vt 0.039356 0.499995
vt 0.039568 0.507612
vt 0.043276 0.510761
vt 0.039775 0.514936
vt 0.043319 0.524385
vt 0.039975 0.521930
vt 0.040167 0.528555
vt 0.043370 0.536573
vt 0.040351 0.534772
vt 0.040524 0.540550
vt 0.858976 0.247760
vt 0.863524 0.243174
vt 0.857524 0.256298
vt 0.856055 0.254615
vt 0.853439 0.261815
vt 0.852728 0.270692
vt 0.851142 0.269323
vt 0.849180 0.277102
vt 0.849233 0.286068
vt 0.847562 0.285110
vt 0.846296 0.293303
vt 0.847108 0.302122
vt 0.845387 0.301637
vt 0.844839 0.310069
vt 0.846395 0.318532
vt 0.844657 0.318555
vt 0.844845 0.327050
vt 0.847108 0.334974
vt 0.845399 0.335507
vt 0.846315 0.343884
vt 0.849233 0.351120
vt 0.847587 0.352135
vt 0.849210 0.360217
vt 0.852728 0.366648
vt 0.851179 0.368086
vt 0.853481 0.375700
vt 0.857524 0.381250
vt 0.856102 0.383019
vt 0.859028 0.390008
vt 0.863524 0.394635
vt 0.326605 0.006114
vt 0.329306 0.009871
vt 0.326327 0.011578
vt 0.326045 0.017503
vt 0.329055 0.021498
vt 0.325761 0.023859
vt 0.325477 0.030606
vt 0.328841 0.034652
vt 0.325194 0.037710
vt 0.324914 0.045133
vt 0.328670 0.049069
vt 0.324638 0.052837
vt 0.328544 0.064463
vt 0.324336 0.061737
vt 0.324044 0.070876
vt 0.328465 0.080527
vt 0.323762 0.080196
vt 0.323492 0.089637
vt 0.241899 0.447621
vt 0.241923 0.312852
vt 0.246178 0.447621
vt 0.260379 0.022173
vt 0.241666 0.311545
vt 0.240968 0.310400
vt 0.217861 0.283062
vt 0.194696 0.255773
vt 0.193649 0.254861
vt 0.193015 0.254579
vt 0.192328 0.254474
vt 0.092844 0.254474
vt 0.024876 0.022173
vt 0.092156 0.254579
vt 0.091520 0.254862
vt 0.090475 0.255773
vt 0.067300 0.283062
vt 0.044184 0.310400
vt 0.043485 0.311544
vt 0.043227 0.312852
vt 0.024880 0.002043
vt 0.260383 0.002043
vt 0.532046 0.089635
vt 0.527118 0.080527
vt 0.531824 0.080196
vt 0.531621 0.070877
vt 0.527196 0.064463
vt 0.531440 0.061737
vt 0.531282 0.052837
vt 0.527322 0.049069
vt 0.531160 0.045133
vt 0.527494 0.034652
vt 0.531058 0.037710
vt 0.530976 0.030606
vt 0.527707 0.021499
vt 0.530915 0.023859
vt 0.530874 0.017503
vt 0.527958 0.009871
vt 0.530855 0.011578
vt 0.530856 0.006114
vt 0.528242 -0.000000
vt 0.861757 0.177783
vt 0.855826 0.169087
vt 0.858628 0.170799
vt 0.855826 0.163484
vt 0.851021 0.154488
vt 0.853364 0.155874
vt 0.851260 0.148008
vt 0.847516 0.138962
vt 0.849525 0.139928
vt 0.848165 0.131679
vt 0.845380 0.122818
vt 0.847187 0.123304
vt 0.846595 0.114847
vt 0.844657 0.106377
vt 0.846395 0.106353
vt 0.846590 0.097866
vt 0.845359 0.089965
vt 0.847178 0.089433
vt 0.848152 0.081097
vt 0.847474 0.073911
vt 0.849507 0.072902
vt 0.851237 0.064891
vt 0.850960 0.058532
vt 0.853337 0.057109
vt 0.855794 0.049598
vt 0.855746 0.044136
vt 0.858593 0.042394
vt 0.244852 0.545860
vt 0.242126 0.547080
vt 0.244953 0.540550
vt 0.242067 0.536573
vt 0.245069 0.534772
vt 0.245198 0.528555
vt 0.242015 0.524385
vt 0.245341 0.521930
vt 0.245496 0.514936
vt 0.241972 0.510761
vt 0.245663 0.507612
vt 0.241938 0.495969
vt 0.245841 0.499995
vt 0.246028 0.492123
vt 0.241915 0.480306
vt 0.246248 0.483073
vt 0.246477 0.473818
vt 0.241902 0.464082
vt 0.246715 0.464420
vt 0.246959 0.454939
vt 0.620402 0.477172
vt 0.810496 0.467022
vt 0.820799 0.477172
vt 0.815200 0.469766
vt 0.820799 0.477145
vt 0.820719 0.470667
vt 0.620580 0.470652
vt 0.625807 0.469503
vt 0.630217 0.466704
vt 0.807325 0.462853
vt 0.633195 0.462646
vt 0.806168 0.457894
vt 0.634327 0.457894
vt 0.633455 0.453109
vt 0.807202 0.452900
vt 0.630699 0.448959
vt 0.810270 0.448630
vt 0.814904 0.445736
vt 0.820320 0.438245
vt 0.820399 0.444657
vt 0.626446 0.446021
vt 0.688052 0.416832
vt 0.698454 0.416665
vt 0.621285 0.444704
vt 0.622014 0.417898
vt 0.818671 0.416033
vt 0.818923 0.417651
vt 0.819177 0.419896
vt 0.818207 0.414737
vt 0.818238 0.414752
vt 0.818298 0.414813
vt 0.818421 0.415056
vt 0.819428 0.422745
vt 0.819675 0.426169
vt 0.820145 0.434600
vt 0.855028 0.620329
vt 0.932990 0.619384
vt 0.497790 0.360106
vt 0.575753 0.359161
vt 0.932769 0.618112
vt 0.854807 0.619057
vt 0.932792 0.595497
vt 0.854830 0.596442
vt 0.933016 0.594235
vt 0.855053 0.595180
vt 0.969699 0.499308
vt 0.891736 0.500253
vt 0.001685 0.998796
vt 0.004667 0.877984
vt 0.076898 0.956427
vt 0.006223 0.864505
vt 0.010183 0.851419
vt 0.016443 0.839075
vt 0.024834 0.827801
vt 0.035134 0.817899
vt 0.047068 0.809632
vt 0.060317 0.803220
vt 0.074528 0.798836
vt 0.089323 0.796595
vt 0.104306 0.796557
vt 0.115158 0.956331
vt 0.119079 0.798724
vt 0.133248 0.803037
vt 0.146434 0.809382
vt 0.158286 0.817589
vt 0.168489 0.827440
vt 0.176770 0.838672
vt 0.182908 0.850985
vt 0.186740 0.864051
vt 0.188163 0.877522
vt 0.189955 0.998322
vt 0.309644 0.761923
vt 0.307130 0.654778
vt 0.382898 0.722334
vt 0.308073 0.642790
vt 0.311437 0.631086
vt 0.317132 0.619976
vt 0.325007 0.609757
vt 0.334852 0.600702
vt 0.346405 0.593051
vt 0.359356 0.587010
vt 0.373362 0.582738
vt 0.388048 0.580351
vt 0.421137 0.721210
vt 0.403024 0.579910
vt 0.417889 0.581429
vt 0.432247 0.584867
vt 0.445717 0.590132
vt 0.457937 0.597084
vt 0.468583 0.605537
vt 0.477371 0.615265
vt 0.484067 0.626011
vt 0.488491 0.637487
vt 0.490527 0.649386
vt 0.497812 0.756392
vt 0.633686 0.416846
vt 0.621922 0.417850
vt 0.621832 0.417704
vt 0.621991 0.417895
vt 0.621968 0.417886
vt 0.621906 0.415081
vt 0.625748 0.416058
vt 0.629691 0.416649
vt 0.562423 0.726019
vt 0.561010 0.793482
vt 0.532990 0.726374
vt 0.533814 0.793810
vt 0.534253 0.588630
vt 0.534422 0.578417
vt 0.564901 0.588630
vt 0.564897 0.577750
vt 0.534633 0.568580
vt 0.564882 0.567287
vt 0.534218 0.558757
vt 0.564858 0.557688
vt 0.533848 0.550187
vt 0.564825 0.549363
vt 0.259614 0.768459
vt 0.284547 0.767314
vt 0.280782 0.776157
vt 0.255791 0.777356
vt 0.278177 0.786174
vt 0.253182 0.787364
vt 0.276845 0.796929
vt 0.251899 0.798055
vt 0.276845 0.807951
vt 0.251995 0.808972
vt 0.278177 0.818762
vt 0.253468 0.819648
vt 0.280782 0.828889
vt 0.256253 0.829627
vt 0.284547 0.837893
vt 0.260233 0.838483
vt 0.532881 0.687328
vt 0.563900 0.686663
vt 0.563514 0.694926
vt 0.532826 0.695557
vt 0.563128 0.704525
vt 0.532826 0.705086
vt 0.562759 0.715042
vt 0.532881 0.715507
vt 0.564894 0.656058
vt 0.535073 0.622855
vt 0.538506 0.656058
vt 0.535827 0.656058
vt 0.535925 0.660562
vt 0.549388 0.897026
vt 0.571618 0.896825
vt 0.548891 0.905109
vt 0.571121 0.904908
vt 0.569656 0.912554
vt 0.547426 0.912755
vt 0.567298 0.919372
vt 0.545068 0.919574
vt 0.564827 0.684114
vt 0.538439 0.684114
vt 0.538467 0.678528
vt 0.564855 0.678528
vt 0.538488 0.671752
vt 0.564876 0.671752
vt 0.538501 0.664131
vt 0.564889 0.664131
vt 0.571618 0.860834
vt 0.549388 0.861035
vt 0.571195 0.853344
vt 0.548891 0.852930
vt 0.569942 0.846162
vt 0.547426 0.845219
vt 0.567915 0.839603
vt 0.545068 0.838296
vt 0.560883 0.822841
vt 0.534456 0.822051
vt 0.560701 0.817952
vt 0.534262 0.816388
vt 0.560530 0.811981
vt 0.534084 0.809553
vt 0.560528 0.811884
vt 0.560528 0.811786
vt 0.560529 0.811688
vt 0.560657 0.805955
vt 0.533932 0.801896
vt 0.560819 0.799822
vt 0.416284 0.929401
vt 0.399636 0.910798
vt 0.423784 0.930363
vt 0.400360 0.856746
vt 0.436031 0.824837
vt 0.426594 0.826683
vt 0.417985 0.830270
vt 0.410694 0.835395
vt 0.405135 0.841766
vt 0.401624 0.849020
vt 0.409518 0.926611
vt 0.404164 0.922273
vt 0.400756 0.916820
vt 0.459777 0.930363
vt 0.445761 0.824837
vt 0.481967 0.856746
vt 0.455229 0.826683
vt 0.463898 0.830270
vt 0.471275 0.835395
vt 0.476941 0.841766
vt 0.480574 0.849020
vt 0.483597 0.910798
vt 0.467261 0.929401
vt 0.473980 0.926611
vt 0.479262 0.922273
vt 0.482578 0.916820
vt 0.249270 0.637555
vt 0.249321 0.567430
vt 0.257583 0.637284
vt 0.255309 0.567235
vt 0.249447 0.560529
vt 0.255073 0.559798
vt 0.249574 0.554298
vt 0.254875 0.553200
vt 0.249692 0.549269
vt 0.254734 0.548099
vt 0.579930 0.546257
vt 0.584798 0.544935
vt 0.582585 0.550858
vt 0.577998 0.552986
vt 0.581455 0.557614
vt 0.577288 0.560474
vt 0.581332 0.560510
vt 0.581248 0.570915
vt 0.576741 0.625250
vt 0.580815 0.625286
vt 0.249189 0.648643
vt 0.257958 0.648657
vt 0.249124 0.659369
vt 0.258331 0.659637
vt 0.249079 0.669298
vt 0.258686 0.669753
vt 0.249054 0.678029
vt 0.259008 0.678573
vt 0.249052 0.685208
vt 0.446715 0.531499
vt 0.458370 0.523514
vt 0.454294 0.532696
vt 0.443626 0.541457
vt 0.451476 0.543073
vt 0.441895 0.552196
vt 0.450036 0.554200
vt 0.441591 0.563279
vt 0.450036 0.565602
vt 0.442728 0.574259
vt 0.451476 0.576792
vt 0.445259 0.584691
vt 0.454294 0.587291
vt 0.449082 0.594151
vt 0.458370 0.596650
vt 0.577804 0.326439
vt 0.587844 0.328603
vt 0.576920 0.329827
vt 0.587679 0.337063
vt 0.574271 0.333240
vt 0.570555 0.337059
vt 0.567302 0.341135
vt 0.587555 0.346914
vt 0.564537 0.345434
vt 0.562282 0.349925
vt 0.587478 0.357736
vt 0.560555 0.354570
vt 0.559369 0.359334
vt 0.558734 0.364179
vt 0.587450 0.369067
vt 0.558655 0.369067
vt 0.560993 0.439203
vt 0.587435 0.439203
vt 0.561429 0.442159
vt 0.587459 0.446707
vt 0.562432 0.445074
vt 0.563989 0.447904
vt 0.566074 0.450605
vt 0.587532 0.453485
vt 0.571697 0.455457
vt 0.587648 0.458858
vt 0.578960 0.459338
vt 0.586219 0.638883
vt 0.579142 0.639502
vt 0.583103 0.636303
vt 0.577324 0.632747
vt 0.582089 0.634777
vt 0.581524 0.633156
vt 0.581118 0.630586
vt 0.580881 0.627952
vt 0.301182 0.923454
vt 0.293905 0.913269
vt 0.305814 0.924297
vt 0.295600 0.849895
vt 0.370584 0.924297
vt 0.329532 0.812526
vt 0.381905 0.849896
vt 0.339038 0.811570
vt 0.348529 0.812526
vt 0.297284 0.921055
vt 0.294725 0.917475
vt 0.296888 0.841329
vt 0.300228 0.833215
vt 0.305458 0.825953
vt 0.312320 0.819899
vt 0.320478 0.815349
vt 0.357541 0.815349
vt 0.365632 0.819899
vt 0.372404 0.825953
vt 0.377525 0.833215
vt 0.380745 0.841329
vt 0.382657 0.913269
vt 0.375228 0.923454
vt 0.379162 0.921055
vt 0.381774 0.917474
vt 0.246432 0.867643
vt 0.207411 0.867353
vt 0.246942 0.855143
vt 0.207921 0.854853
vt 0.246432 0.842676
vt 0.207411 0.842386
vt 0.244918 0.830694
vt 0.205898 0.830404
vt 0.242457 0.819630
vt 0.203436 0.819339
vt 0.239137 0.809882
vt 0.200117 0.809592
vt 0.482170 0.501812
vt 0.525349 0.501805
vt 0.482230 0.511465
vt 0.525410 0.511458
vt 0.482277 0.522459
vt 0.525456 0.522452
vt 0.482307 0.534396
vt 0.525486 0.534389
vt 0.482320 0.546846
vt 0.525499 0.546839
vt 0.482316 0.559358
vt 0.525495 0.559351
vt 0.482294 0.571479
vt 0.525473 0.571473
vt 0.482255 0.582773
vt 0.525435 0.582766
vt 0.482202 0.592830
vt 0.525381 0.592823
vt 0.482135 0.601287
vt 0.525314 0.601280
vt 0.240723 0.685773
vt 0.275341 0.685208
vt 0.244776 0.696441
vt 0.279394 0.695875
vt 0.247562 0.708163
vt 0.282180 0.707597
vt 0.248981 0.720517
vt 0.283599 0.719951
vt 0.248981 0.733056
vt 0.283599 0.732490
vt 0.247562 0.745326
vt 0.282180 0.744760
vt 0.244776 0.756885
vt 0.279394 0.756319
vt 0.240723 0.767314
vt 0.275341 0.766748
vt 0.965834 0.314083
vt 0.922723 0.314072
vt 0.965321 0.305470
vt 0.922210 0.305459
vt 0.964910 0.295288
vt 0.921798 0.295277
vt 0.964615 0.283904
vt 0.921504 0.283893
vt 0.964448 0.271730
vt 0.921337 0.271718
vt 0.964414 0.259205
vt 0.921303 0.259194
vt 0.964515 0.246783
vt 0.921404 0.246771
vt 0.964747 0.234912
vt 0.921636 0.234901
vt 0.965102 0.224021
vt 0.921990 0.224010
vt 0.965566 0.214505
vt 0.922455 0.214494
vt 0.239137 0.900920
vt 0.200117 0.900630
vt 0.242457 0.890953
vt 0.203436 0.890663
vt 0.244918 0.879726
vt 0.205898 0.879435
vt 0.428142 0.423449
vt 0.533197 0.423449
vt 0.427120 0.435851
vt 0.534233 0.435851
vt 0.428156 0.448253
vt 0.533211 0.448253
vt 0.431211 0.460179
vt 0.530170 0.460179
vt 0.436166 0.471170
vt 0.525227 0.471170
vt 0.442832 0.480803
vt 0.518573 0.480803
vt 0.450953 0.488709
vt 0.510461 0.488709
vt 0.460215 0.494583
vt 0.501206 0.494583
vt 0.470264 0.498201
vt 0.491161 0.498201
vt 0.480713 0.499422
vt 0.530142 0.411524
vt 0.431183 0.411524
vt 0.525187 0.400533
vt 0.436126 0.400533
vt 0.518521 0.390900
vt 0.442781 0.390900
vt 0.510400 0.382994
vt 0.450892 0.382994
vt 0.501138 0.377119
vt 0.460148 0.377119
vt 0.491089 0.373501
vt 0.470192 0.373501
vt 0.480640 0.372280
vt 0.821494 0.626717
vt 0.853192 0.620365
vt 0.456794 0.346739
vt 0.476188 0.353135
vt 0.495657 0.359354
vt 0.353279 0.231952
vt 0.330117 0.231813
vt 0.353183 0.230883
vt 0.330148 0.096950
vt 0.353213 0.097187
vt 0.330176 0.080634
vt 0.353240 0.082742
vt 0.330254 0.064666
vt 0.353316 0.068669
vt 0.330379 0.049364
vt 0.918732 0.407897
vt 0.888978 0.424328
vt 0.910553 0.401992
vt 0.880216 0.416119
vt 0.903017 0.394110
vt 0.872234 0.405999
vt 0.896304 0.384440
vt 0.865191 0.394169
vt 0.890577 0.373215
vt 0.859227 0.380864
vt 0.885973 0.360706
vt 0.854461 0.366350
vt 0.882603 0.347213
vt 0.850986 0.350916
vt 0.880548 0.333061
vt 0.848874 0.334867
vt 0.879857 0.318591
vt 0.848165 0.318524
vt 0.848874 0.302212
vt 0.880548 0.304151
vt 0.850986 0.286255
vt 0.882603 0.290088
vt 0.854460 0.270972
vt 0.885973 0.276742
vt 0.859227 0.256665
vt 0.890577 0.264433
vt 0.865191 0.243620
vt 0.896304 0.253457
vt 0.872234 0.232096
vt 0.903017 0.244078
vt 0.880216 0.222322
vt 0.910553 0.236524
vt 0.888978 0.214494
vt 0.067630 0.490865
vt 0.044941 0.495706
vt 0.067606 0.477241
vt 0.044918 0.480137
vt 0.067593 0.463012
vt 0.044905 0.464011
vt 0.067591 0.448522
vt 0.044902 0.447648
vt 0.853036 0.619465
vt 0.821337 0.625817
vt 0.853060 0.596047
vt 0.821374 0.589496
vt 0.377250 0.269564
vt 0.377098 0.274143
vt 0.376535 0.268961
vt 0.375988 0.268223
vt 0.374876 0.276062
vt 0.372700 0.273201
vt 0.376813 0.287925
vt 0.365336 0.274192
vt 0.376987 0.278731
vt 0.472966 0.370727
vt 0.481687 0.363433
vt 0.490467 0.371154
vt 0.363992 0.261757
vt 0.368346 0.267479
vt 0.370523 0.270340
vt 0.373322 0.263863
vt 0.437959 0.369933
vt 0.460756 0.360590
vt 0.474727 0.362488
vt 0.475862 0.353809
vt 0.485488 0.357114
vt 0.456252 0.347083
vt 0.456564 0.347215
vt 0.370636 0.259521
vt 0.067710 0.313855
vt 0.067615 0.314920
vt 0.044927 0.312880
vt 0.889601 0.501002
vt 0.853218 0.595154
vt 0.870120 0.506959
vt 0.850713 0.513091
vt 0.821533 0.588604
vt 0.512609 0.799531
vt 0.415515 0.754979
vt 0.505896 0.779198
vt 0.499007 0.758927
vt 0.421136 0.723196
vt 0.477983 0.270042
vt 0.477457 0.289081
vt 0.477326 0.270124
vt 0.377995 0.289081
vt 0.378581 0.270124
vt 0.377926 0.270042
vt 0.850171 0.512750
vt 0.831925 0.490323
vt 0.850484 0.512623
vt 0.847716 0.500482
vt 0.854703 0.499609
vt 0.844212 0.495330
vt 0.852098 0.494821
vt 0.866933 0.489855
vt 0.884435 0.489591
vt 0.867870 0.493804
vt 0.859984 0.494312
vt 0.861690 0.498736
vt 0.869795 0.506297
vt 0.091658 0.256799
vt 0.091741 0.266239
vt 0.080170 0.270530
vt 0.074327 0.289074
vt 0.868677 0.497864
vt 0.091807 0.270951
vt 0.087951 0.281441
vt 0.085237 0.285856
vt 0.879428 0.503128
vt 0.091913 0.275654
vt 0.091194 0.276264
vt 0.090646 0.277009
vt 0.383929 0.724084
vt 0.420231 0.723017
vt 0.391205 0.755488
vt 0.414610 0.754800
vt 0.499340 0.758420
vt 0.521950 0.743761
vt 0.499480 0.758751
vt 0.511944 0.757993
vt 0.513064 0.765186
vt 0.517166 0.755360
vt 0.517946 0.763440
vt 0.523585 0.779474
vt 0.524433 0.797330
vt 0.519505 0.779599
vt 0.518726 0.771520
vt 0.514185 0.772378
vt 0.506566 0.778961
vt 0.478651 0.287925
vt 0.478702 0.278731
vt 0.490140 0.274192
vt 0.519691 0.808044
vt 0.515305 0.779571
vt 0.478704 0.274143
vt 0.482675 0.263863
vt 0.485429 0.259521
vt 0.510118 0.789059
vt 0.478666 0.269564
vt 0.479388 0.268958
vt 0.479941 0.268223
vt 0.092593 0.275169
vt 0.092845 0.255631
vt 0.093249 0.275085
vt 0.192329 0.255631
vt 0.192015 0.275085
vt 0.192671 0.275169
vt 0.383042 0.724315
vt 0.390318 0.755720
vt 0.308646 0.764523
vt 0.303014 0.785162
vt 0.297557 0.805853
vt 0.503316 0.097187
vt 0.525408 0.096950
vt 0.503286 0.230883
vt 0.525378 0.231813
vt 0.503193 0.231952
vt 0.193352 0.275654
vt 0.193436 0.270951
vt 0.194069 0.276261
vt 0.194622 0.277009
vt 0.195599 0.268923
vt 0.197787 0.271802
vt 0.193518 0.256799
vt 0.205002 0.270530
vt 0.193479 0.266239
vt 0.286025 0.786458
vt 0.293287 0.793296
vt 0.286183 0.804334
vt 0.206538 0.283317
vt 0.202163 0.277559
vt 0.199975 0.274680
vt 0.197328 0.281441
vt 0.285651 0.750707
vt 0.295385 0.771585
vt 0.293985 0.786077
vt 0.302350 0.784964
vt 0.205558 0.294653
vt 0.200056 0.285856
vt 0.308294 0.764036
vt 0.308175 0.764375
vt 0.240206 0.447648
vt 0.240209 0.464011
vt 0.217727 0.448522
vt 0.217730 0.463012
vt 0.240222 0.480137
vt 0.217743 0.477241
vt 0.309369 0.631423
vt 0.286841 0.615237
vt 0.292210 0.602842
vt 0.314605 0.620585
vt 0.299701 0.591175
vt 0.321869 0.610526
vt 0.309166 0.580469
vt 0.330988 0.601488
vt 0.320417 0.570937
vt 0.341740 0.593690
vt 0.333228 0.562769
vt 0.353868 0.587319
vt 0.347347 0.556127
vt 0.367079 0.582528
vt 0.362490 0.551143
vt 0.381057 0.579432
vt 0.378358 0.547917
vt 0.395463 0.578106
vt 0.394635 0.546513
vt 0.410996 0.546958
vt 0.409951 0.578583
vt 0.427116 0.549244
vt 0.424174 0.580849
vt 0.442675 0.553325
vt 0.437788 0.584852
vt 0.457362 0.559120
vt 0.450465 0.590494
vt 0.470886 0.566514
vt 0.461902 0.597640
vt 0.482977 0.575360
vt 0.471821 0.606118
vt 0.493395 0.585481
vt 0.479986 0.615723
vt 0.501933 0.596677
vt 0.486198 0.626225
vt 0.508420 0.608724
vt 0.490310 0.637371
vt 0.512728 0.621382
vt 0.503344 0.082742
vt 0.525437 0.080634
vt 0.217751 0.314920
vt 0.240230 0.312880
vt 0.217657 0.313856
vt 0.570173 0.502965
vt 0.570172 0.506739
vt 0.566206 0.506957
vt 0.566832 0.466948
vt 0.570452 0.501036
vt 0.570319 0.502404
vt 0.563357 0.463831
vt 0.564856 0.507568
vt 0.560297 0.460347
vt 0.562730 0.508543
vt 0.557698 0.456551
vt 0.558795 0.511422
vt 0.555600 0.452500
vt 0.554034 0.448256
vt 0.555782 0.515738
vt 0.553025 0.443883
vt 0.555043 0.517593
vt 0.552588 0.439448
vt 0.547073 0.526197
vt 0.547088 0.526193
vt 0.550249 0.369312
vt 0.532942 0.096927
vt 0.544666 0.221619
vt 0.544906 0.218581
vt 0.545816 0.215665
vt 0.547354 0.213000
vt 0.549452 0.210707
vt 0.552016 0.208888
vt 0.557635 0.096370
vt 0.554929 0.207624
vt 0.558063 0.206974
vt 0.561276 0.206965
vt 0.545106 0.224641
vt 0.550968 0.357463
vt 0.550330 0.363362
vt 0.552160 0.351663
vt 0.546206 0.227512
vt 0.553894 0.346008
vt 0.547917 0.230103
vt 0.556158 0.340541
vt 0.550163 0.232299
vt 0.552842 0.234000
vt 0.558934 0.335306
vt 0.555835 0.235130
vt 0.562199 0.330345
vt 0.559007 0.235639
vt 0.564887 0.316655
vt 0.562215 0.235503
vt 0.565074 0.318858
vt 0.565302 0.320565
vt 0.565510 0.322275
vt 0.565715 0.323986
vt 0.565929 0.325696
vt 0.570669 0.469652
vt 0.570739 0.471788
vt 0.570875 0.482656
vt 0.570825 0.487784
vt 0.570809 0.473923
vt 0.570906 0.476874
vt 0.570757 0.492217
vt 0.570672 0.495922
vt 0.570570 0.498869
vt 0.570248 0.502786
vt 0.570211 0.502901
vt 0.882122 0.083941
vt 0.881082 0.091895
vt 0.873600 0.085083
vt 0.873671 0.092106
vt 0.872773 0.092115
vt 0.866643 0.094473
vt 0.864570 0.091255
vt 0.863559 0.096572
vt 0.855874 0.090344
vt 0.855316 0.098329
vt 0.855131 0.106334
vt 0.855320 0.114407
vt 0.855884 0.122438
vt 0.856810 0.130344
vt 0.858099 0.138155
vt 0.859745 0.145805
vt 0.861741 0.153253
vt 0.864075 0.160458
vt 0.866734 0.167385
vt 0.869701 0.173998
vt 0.865195 0.184398
vt 0.872963 0.180261
vt 0.868928 0.190606
vt 0.876504 0.186139
vt 0.872936 0.196373
vt 0.880305 0.191598
vt 0.877195 0.201670
vt 0.884345 0.196614
vt 0.881682 0.206473
vt 0.888601 0.201162
vt 0.886374 0.210756
vt 0.893052 0.205217
vt 0.891247 0.214494
vt 0.897674 0.208756
vt 0.537809 0.055035
vt 0.538005 0.065110
vt 0.538231 0.075494
vt 0.538486 0.086089
vt 0.545023 0.086543
vt 0.551189 0.086971
vt 0.557378 0.088243
vt 0.557141 0.080257
vt 0.550930 0.077532
vt 0.556924 0.072426
vt 0.550697 0.068281
vt 0.556728 0.064752
vt 0.550493 0.059304
vt 0.918379 0.193606
vt 0.910164 0.197605
vt 0.913612 0.190268
vt 0.906029 0.194453
vt 0.909081 0.186325
vt 0.902048 0.190840
vt 0.904790 0.181799
vt 0.898240 0.186789
vt 0.894626 0.182321
vt 0.891495 0.191558
vt 0.887674 0.186824
vt 0.861025 0.099314
vt 0.859312 0.102640
vt 0.858697 0.106327
vt 0.859303 0.110035
vt 0.861014 0.113382
vt 0.863542 0.116139
vt 0.866624 0.118257
vt 0.873650 0.120661
vt 0.872785 0.120748
vt 0.864581 0.121569
vt 0.881084 0.120900
vt 0.873609 0.127750
vt 0.865454 0.129009
vt 0.866674 0.136382
vt 0.882120 0.128861
vt 0.874762 0.134709
vt 0.868230 0.143602
vt 0.883582 0.136605
vt 0.876234 0.141524
vt 0.870117 0.150632
vt 0.885469 0.144132
vt 0.878020 0.148160
vt 0.872325 0.157433
vt 0.887788 0.151438
vt 0.880108 0.154579
vt 0.874839 0.163971
vt 0.882486 0.160750
vt 0.890496 0.158391
vt 0.885140 0.166641
vt 0.893557 0.164919
vt 0.888058 0.172220
vt 0.896971 0.171024
vt 0.891225 0.177457
vt 0.900741 0.176689
vt 0.856798 0.082451
vt 0.865444 0.083806
vt 0.866660 0.076482
vt 0.874751 0.078170
vt 0.876220 0.071412
vt 0.883590 0.076236
vt 0.885476 0.068796
vt 0.878002 0.064848
vt 0.887783 0.061621
vt 0.880088 0.058511
vt 0.882463 0.052434
vt 0.872302 0.055654
vt 0.874813 0.049216
vt 0.864048 0.052626
vt 0.866703 0.045805
vt 0.858083 0.074692
vt 0.868213 0.069322
vt 0.859725 0.067107
vt 0.870097 0.062367
vt 0.861717 0.059738
vt 0.869667 0.039310
vt 0.861718 0.035534
vt 0.872925 0.033176
vt 0.865153 0.029056
vt 0.876463 0.027439
vt 0.868882 0.022997
vt 0.880262 0.022131
vt 0.872887 0.017391
vt 0.884300 0.017276
vt 0.877143 0.012263
vt 0.888554 0.012897
vt 0.881628 0.007639
vt 0.893002 0.009019
vt 0.886317 0.003543
vt 0.897623 0.005664
vt 0.891189 0.000000
vt 0.252460 0.490210
vt 0.252724 0.479966
vt 0.253002 0.469462
vt 0.253289 0.458799
vt 0.272153 0.449380
vt 0.247850 0.447670
vt 0.271887 0.457481
vt 0.265792 0.458508
vt 0.259723 0.458649
vt 0.271628 0.465492
vt 0.265505 0.468008
vt 0.259435 0.468714
vt 0.259158 0.478628
vt 0.271377 0.473412
vt 0.265226 0.477366
vt 0.258893 0.488297
vt 0.904057 0.011328
vt 0.271132 0.481239
vt 0.264960 0.486493
vt 0.910127 0.016671
vt 0.899687 0.014495
vt 0.270900 0.488827
vt 0.913610 0.023815
vt 0.905993 0.019660
vt 0.895480 0.018155
vt 0.909090 0.027567
vt 0.902013 0.023116
vt 0.891456 0.022288
vt 0.904793 0.031926
vt 0.898207 0.027016
vt 0.887637 0.026871
vt 0.894595 0.031342
vt 0.900726 0.036896
vt 0.891196 0.036072
vt 0.896976 0.042381
vt 0.888031 0.041183
vt 0.893568 0.048335
vt 0.885115 0.046648
vt 0.890500 0.054752
vt 0.877645 0.170212
vt 0.880730 0.176123
vt 0.884079 0.181671
vt 0.895521 0.195851
vt 0.899730 0.199678
vt 0.904101 0.203018
vt 0.544336 0.057232
vt 0.544536 0.066742
vt 0.544766 0.076543
vt 0.877616 0.043086
vt 0.880698 0.037297
vt 0.884044 0.031881
vt 0.262078 0.022241
vt 0.276137 0.032155
vt 0.285469 0.046408
vt 0.279237 0.034951
vt 0.283060 0.036584
vt 0.262082 0.002070
vt 0.274123 0.020473
vt 0.273422 0.024470
vt 0.274121 0.028520
vt 0.285477 0.003387
vt 0.279241 0.014437
vt 0.276140 0.016994
vt 0.283065 0.013098
vt 0.285475 0.010551
vt 0.284615 0.012380
vt 0.285217 0.011618
vt 0.285404 0.011120
vt 0.285470 0.039317
vt 0.284610 0.037422
vt 0.285212 0.038230
vt 0.285399 0.038742
vt 0.266715 0.336514
vt 0.269587 0.337912
vt 0.272676 0.338705
vt 0.262051 0.022226
vt 0.259476 0.323418
vt 0.259710 0.326473
vt 0.260605 0.329438
vt 0.262065 0.022230
vt 0.261001 0.317585
vt 0.259913 0.320410
vt 0.262692 0.315069
vt 0.285469 0.050447
vt 0.264909 0.312976
vt 0.267553 0.311400
vt 0.270505 0.310411
vt 0.273632 0.310055
vt 0.276794 0.310347
vt 0.262121 0.332179
vt 0.264188 0.334574
vt 0.275842 0.338858
vt 0.023187 0.002070
vt 0.006183 0.014437
vt 0.000008 0.003387
vt 0.002394 0.013098
vt 0.000007 0.010551
vt 0.000859 0.012380
vt 0.000263 0.011618
vt 0.023183 0.022241
vt 0.011251 0.020473
vt 0.009254 0.016994
vt 0.000001 0.046408
vt 0.009251 0.032155
vt 0.011250 0.028520
vt 0.011943 0.024470
vt 0.000002 0.039317
vt 0.002390 0.036584
vt 0.006179 0.034951
vt 0.000072 0.038742
vt 0.000258 0.038230
vt 0.000854 0.037422
vt 0.000077 0.011120
vt 0.024233 0.317585
vt 0.022557 0.315069
vt 0.000158 0.072444
vt 0.003320 0.164281
vt 0.020360 0.312976
vt 0.004502 0.188170
vt 0.004637 0.190869
vt 0.017740 0.311400
vt 0.014814 0.310411
vt 0.023197 0.022230
vt 0.023210 0.022226
vt 0.025744 0.323418
vt 0.025311 0.320410
vt 0.037258 0.447670
vt 0.025511 0.326473
vt 0.024624 0.329438
vt 0.023122 0.332179
vt 0.021073 0.334574
vt 0.018569 0.336514
vt 0.013172 0.449380
vt 0.015722 0.337912
vt 0.012661 0.338705
vt 0.009523 0.338858
vt 0.011715 0.310055
vt 0.008582 0.310347
vt 0.000000 0.067855
vt 0.031871 0.458799
vt 0.032169 0.469462
vt 0.032467 0.479966
vt 0.601496 0.561199
vt 0.596219 0.554606
vt 0.605120 0.552976
vt 0.599499 0.547352
vt 0.608474 0.547027
vt 0.603042 0.541076
vt 0.612353 0.541299
vt 0.607137 0.535033
vt 0.616731 0.535821
vt 0.611761 0.529254
vt 0.621586 0.530622
vt 0.616888 0.523769
vt 0.626894 0.525730
vt 0.622494 0.518607
vt 0.632631 0.521172
vt 0.628553 0.513800
vt 0.638764 0.516975
vt 0.635030 0.509371
vt 0.645258 0.513156
vt 0.641889 0.505343
vt 0.652079 0.509735
vt 0.649093 0.501733
vt 0.659190 0.506731
vt 0.656604 0.498564
vt 0.666559 0.504162
vt 0.664385 0.495854
vt 0.674143 0.502044
vt 0.672395 0.493620
vt 0.681902 0.500385
vt 0.680590 0.491870
vt 0.689794 0.499191
vt 0.688925 0.490610
vt 0.697778 0.498469
vt 0.697357 0.489848
vt 0.705843 0.489591
vt 0.705817 0.498225
vt 0.714336 0.489843
vt 0.713855 0.498464
vt 0.721887 0.499185
vt 0.715563 0.506638
vt 0.720978 0.507768
vt 0.717663 0.509729
vt 0.720119 0.515866
vt 0.720026 0.516742
vt 0.727115 0.516920
vt 0.720226 0.524084
vt 0.728222 0.525416
vt 0.734073 0.518397
vt 0.735987 0.527297
vt 0.740887 0.520284
vt 0.743503 0.529716
vt 0.747522 0.522574
vt 0.750770 0.532676
vt 0.753940 0.525253
vt 0.760110 0.528305
vt 0.756834 0.517705
vt 0.763371 0.520934
vt 0.759901 0.509703
vt 0.766827 0.513120
vt 0.762968 0.501702
vt 0.770283 0.505307
vt 0.722792 0.490600
vt 0.731166 0.491855
vt 0.729790 0.500371
vt 0.737600 0.502026
vt 0.735785 0.510450
vt 0.743005 0.512447
vt 0.739415 0.493601
vt 0.745249 0.504139
vt 0.750034 0.514870
vt 0.747494 0.495831
vt 0.752696 0.506703
vt 0.755359 0.498536
vt 0.773439 0.516935
vt 0.777266 0.509332
vt 0.779701 0.521129
vt 0.783880 0.513756
vt 0.785579 0.525683
vt 0.790088 0.518561
vt 0.791037 0.530572
vt 0.795853 0.523719
vt 0.796053 0.535769
vt 0.801150 0.529202
vt 0.800600 0.541244
vt 0.805953 0.534978
vt 0.804654 0.546969
vt 0.810235 0.541018
vt 0.808193 0.552916
vt 0.813972 0.547293
vt 0.817477 0.554545
vt 0.812070 0.561137
vt 0.820251 0.561999
vt 0.814962 0.569616
vt 0.317661 0.075494
vt 0.317334 0.086089
vt 0.298929 0.096370
vt 0.322613 0.096927
vt 0.299204 0.088279
vt 0.305147 0.086971
vt 0.311063 0.086543
vt 0.299489 0.080313
vt 0.305470 0.077532
vt 0.311388 0.076543
vt 0.808801 0.574321
vt 0.802990 0.578759
vt 0.806072 0.566308
vt 0.797571 0.584665
vt 0.795593 0.578236
vt 0.800414 0.571187
vt 0.802413 0.558540
vt 0.792923 0.571916
vt 0.796960 0.563845
vt 0.799074 0.552920
vt 0.789602 0.565824
vt 0.793809 0.558534
vt 0.795247 0.547510
vt 0.785672 0.560022
vt 0.790197 0.553421
vt 0.790955 0.542336
vt 0.781142 0.554506
vt 0.786146 0.548531
vt 0.786222 0.537425
vt 0.781678 0.543890
vt 0.776011 0.549286
vt 0.776815 0.539524
vt 0.770376 0.544472
vt 0.771580 0.535457
vt 0.764287 0.540100
vt 0.766001 0.531712
vt 0.757748 0.536163
vt 0.712820 0.504092
vt 0.709493 0.502369
vt 0.705806 0.501750
vt 0.702098 0.502362
vt 0.698753 0.504086
vt 0.695998 0.506629
vt 0.693880 0.509720
vt 0.691474 0.516732
vt 0.691483 0.515867
vt 0.690663 0.507772
vt 0.691223 0.524098
vt 0.684451 0.516934
vt 0.683214 0.508901
vt 0.675890 0.510469
vt 0.683306 0.525430
vt 0.677539 0.518416
vt 0.668732 0.512470
vt 0.675623 0.527309
vt 0.670782 0.520307
vt 0.661777 0.514897
vt 0.668173 0.529734
vt 0.664218 0.522602
vt 0.655065 0.517737
vt 0.660961 0.532712
vt 0.657882 0.525285
vt 0.648627 0.520970
vt 0.651805 0.528341
vt 0.654118 0.536189
vt 0.646019 0.531751
vt 0.647712 0.540119
vt 0.640555 0.535500
vt 0.641745 0.544501
vt 0.635443 0.539571
vt 0.636231 0.549341
vt 0.630714 0.543940
vt 0.631282 0.554538
vt 0.626389 0.548584
vt 0.622488 0.553476
vt 0.617568 0.547565
vt 0.613907 0.552978
vt 0.626927 0.560045
vt 0.619032 0.558592
vt 0.610741 0.558600
vt 0.623163 0.565861
vt 0.616043 0.563905
vt 0.607320 0.566370
vt 0.026089 0.478628
vt 0.620014 0.571979
vt 0.612814 0.571249
vt 0.020073 0.477366
vt 0.025793 0.468714
vt 0.617549 0.578267
vt 0.013971 0.473457
vt 0.019777 0.468008
vt 0.025495 0.458649
vt 0.013706 0.465548
vt 0.019480 0.458508
vt 0.013440 0.457517
vt 0.621700 0.542389
vt 0.626283 0.537475
vt 0.631293 0.532852
vt 0.636708 0.528545
vt 0.642497 0.524579
vt 0.728413 0.508886
vt 0.769611 0.524539
vt 0.775522 0.528502
vt 0.781069 0.532805
vt 0.308260 0.526182
vt 0.294572 0.513421
vt 0.285486 0.502242
vt 0.291554 0.510775
vt 0.287831 0.509328
vt 0.308256 0.542838
vt 0.296533 0.525012
vt 0.297215 0.520979
vt 0.296535 0.516959
vt 0.285477 0.542667
vt 0.291549 0.531304
vt 0.294568 0.528593
vt 0.287825 0.532831
vt 0.285478 0.535497
vt 0.286316 0.533625
vt 0.285730 0.534416
vt 0.285547 0.534924
vt 0.285485 0.506712
vt 0.286322 0.508566
vt 0.285736 0.507787
vt 0.285554 0.507283
vt 0.304117 0.208888
vt 0.301324 0.207624
vt 0.298320 0.206974
vt 0.308288 0.526197
vt 0.311144 0.221619
vt 0.310919 0.218581
vt 0.310051 0.215665
vt 0.308274 0.526193
vt 0.309656 0.227512
vt 0.310717 0.224641
vt 0.308010 0.230103
vt 0.285489 0.499115
vt 0.305852 0.232299
vt 0.303279 0.234000
vt 0.300406 0.235130
vt 0.297363 0.235639
vt 0.294286 0.235503
vt 0.308581 0.213000
vt 0.306572 0.210707
vt 0.295238 0.206965
vt 0.565222 0.800366
vt 0.565577 0.793586
vt 0.569246 0.800964
vt 0.569410 0.793689
vt 0.729418 0.897931
vt 0.730034 0.891936
vt 0.733968 0.890453
vt 0.733480 0.897013
vt 0.732733 0.899813
vt 0.728736 0.900474
vt 0.731533 0.902968
vt 0.727643 0.903337
vt 0.280522 0.586602
vt 0.280117 0.581719
vt 0.282585 0.581578
vt 0.282756 0.586484
vt 0.284888 0.581887
vt 0.284815 0.586602
vt 0.729983 0.906015
vt 0.728209 0.908513
vt 0.569035 0.813637
vt 0.565153 0.812225
vt 0.569072 0.810860
vt 0.565019 0.809595
vt 0.565082 0.806475
vt 0.565153 0.803240
vt 0.569186 0.804047
vt 0.569124 0.807515
vt 0.565108 0.812403
vt 0.568967 0.813713
vt 0.285439 0.586845
vt 0.285337 0.591409
vt 0.285337 0.586766
vt 0.596073 0.570286
vt 0.595968 0.570159
vt 0.596073 0.566714
vt 0.570016 0.826374
vt 0.573296 0.822841
vt 0.573254 0.823008
vt 0.728042 0.908555
vt 0.595770 0.575999
vt 0.595770 0.571361
vt 0.595869 0.571566
vt 0.733152 0.835046
vt 0.729217 0.836529
vt 0.570823 0.726226
vt 0.566990 0.726123
vt 0.565253 0.817575
vt 0.568876 0.832391
vt 0.566037 0.828640
vt 0.573054 0.830390
vt 0.576592 0.827419
vt 0.723675 0.913459
vt 0.718303 0.917669
vt 0.712088 0.921058
vt 0.280044 0.673300
vt 0.276752 0.679084
vt 0.276752 0.669931
vt 0.280633 0.660428
vt 0.284068 0.663990
vt 0.280633 0.667725
vt 0.583533 0.845968
vt 0.585951 0.841323
vt 0.587621 0.850899
vt 0.584588 0.853296
vt 0.588186 0.860885
vt 0.584943 0.860838
vt 0.580656 0.860811
vt 0.580333 0.853946
vt 0.579373 0.847275
vt 0.581811 0.839076
vt 0.577805 0.841002
vt 0.579474 0.832830
vt 0.575677 0.835315
vt 0.575977 0.860810
vt 0.575675 0.854397
vt 0.574778 0.848165
vt 0.573314 0.842304
vt 0.571326 0.836992
vt 0.565203 0.833953
vt 0.529927 0.560200
vt 0.530308 0.568413
vt 0.526574 0.567689
vt 0.525905 0.558961
vt 0.625763 0.810606
vt 0.621531 0.817806
vt 0.618323 0.815121
vt 0.622434 0.807265
vt 0.614446 0.813031
vt 0.628756 0.800691
vt 0.633371 0.797075
vt 0.638433 0.793884
vt 0.635961 0.801074
vt 0.640684 0.798089
vt 0.637654 0.805018
vt 0.642152 0.802169
vt 0.529453 0.548638
vt 0.529297 0.544935
vt 0.637091 0.808864
vt 0.645951 0.803534
vt 0.646997 0.799733
vt 0.652136 0.797741
vt 0.651166 0.793446
vt 0.656809 0.791844
vt 0.655709 0.787211
vt 0.661948 0.786036
vt 0.668311 0.785415
vt 0.643884 0.791155
vt 0.645771 0.795535
vt 0.649665 0.788924
vt 0.687427 0.786904
vt 0.681124 0.785851
vt 0.674727 0.785354
vt 0.674565 0.790105
vt 0.668574 0.790162
vt 0.668713 0.794607
vt 0.663056 0.795162
vt 0.666738 0.797982
vt 0.655979 0.799853
vt 0.693566 0.788501
vt 0.699474 0.790620
vt 0.705081 0.793240
vt 0.697668 0.795033
vt 0.702901 0.797484
vt 0.696418 0.799253
vt 0.701401 0.801591
vt 0.698678 0.803627
vt 0.706060 0.804351
vt 0.707664 0.808988
vt 0.568330 0.684114
vt 0.568142 0.687966
vt 0.567951 0.692243
vt 0.714204 0.810999
vt 0.710344 0.807499
vt 0.716342 0.807346
vt 0.721782 0.813881
vt 0.725328 0.810770
vt 0.729657 0.818453
vt 0.710323 0.796333
vt 0.707792 0.800378
vt 0.715145 0.799860
vt 0.719490 0.803782
vt 0.731213 0.822487
vt 0.732347 0.826610
vt 0.733055 0.830793
vt 0.728312 0.828686
vt 0.728967 0.832594
vt 0.571063 0.716687
vt 0.570939 0.721442
vt 0.567071 0.717033
vt 0.566940 0.721562
vt 0.567208 0.712565
vt 0.567351 0.708190
vt 0.567647 0.699847
vt 0.571329 0.707403
vt 0.571615 0.698642
vt 0.725813 0.821063
vt 0.719387 0.817235
vt 0.688563 0.799910
vt 0.691166 0.797361
vt 0.692154 0.793050
vt 0.685709 0.795935
vt 0.677760 0.798001
vt 0.680105 0.794996
vt 0.674418 0.794552
vt 0.680537 0.790570
vt 0.657509 0.796211
vt 0.662633 0.790743
vt 0.629786 0.815611
vt 0.633553 0.808246
vt 0.631656 0.804458
vt 0.529625 0.552779
vt 0.627938 0.814112
vt 0.686422 0.791555
vt 0.712290 0.803678
vt 0.571193 0.711996
vt 0.727259 0.824833
vt 0.575977 0.896801
vt 0.580656 0.896802
vt 0.584943 0.896829
vt 0.588186 0.896877
vt 0.530916 0.578208
vt 0.530005 0.588752
vt 0.529191 0.578027
vt 0.526316 0.588891
vt 0.527573 0.577802
vt 0.524917 0.577263
vt 0.524433 0.571688
vt 0.617347 0.819533
vt 0.616851 0.824273
vt 0.614169 0.818017
vt 0.617117 0.834454
vt 0.613760 0.832817
vt 0.613832 0.827888
vt 0.613967 0.822959
vt 0.620220 0.822007
vt 0.619279 0.826412
vt 0.527144 0.572576
vt 0.528889 0.572929
vt 0.530779 0.573196
vt 0.584484 0.905375
vt 0.587621 0.906833
vt 0.583125 0.913566
vt 0.585953 0.916330
vt 0.637621 0.921945
vt 0.630080 0.918554
vt 0.623501 0.914046
vt 0.618144 0.908597
vt 0.613122 0.906624
vt 0.614448 0.902776
vt 0.574341 0.932927
vt 0.570435 0.936572
vt 0.567261 0.933187
vt 0.571005 0.929663
vt 0.530007 0.678141
vt 0.530025 0.671338
vt 0.533906 0.670282
vt 0.533889 0.676637
vt 0.566092 0.934544
vt 0.529658 0.668640
vt 0.532967 0.664491
vt 0.533916 0.663338
vt 0.595770 0.577433
vt 0.595851 0.575999
vt 0.595851 0.580627
vt 0.533867 0.682154
vt 0.570031 0.922983
vt 0.564167 0.925013
vt 0.572554 0.917422
vt 0.574431 0.911034
vt 0.575587 0.904069
vt 0.580238 0.904582
vt 0.579001 0.912038
vt 0.576992 0.918877
vt 0.574291 0.924830
vt 0.566961 0.927499
vt 0.580918 0.921078
vt 0.577951 0.927618
vt 0.532390 0.636209
vt 0.529500 0.636300
vt 0.527037 0.636396
vt 0.527464 0.673329
vt 0.615671 0.872940
vt 0.613440 0.869724
vt 0.584969 0.633448
vt 0.585461 0.635144
vt 0.585565 0.635309
vt 0.578034 0.462152
vt 0.575542 0.461811
vt 0.574529 0.464756
vt 0.284068 0.670007
vt 0.285408 0.673360
vt 0.284068 0.674588
vt 0.284068 0.676241
vt 0.285226 0.674588
vt 0.285170 0.678929
vt 0.575445 0.666457
vt 0.576427 0.669176
vt 0.575445 0.671165
vt 0.571973 0.468265
vt 0.285337 0.595343
vt 0.285409 0.591520
vt 0.571949 0.468396
vt 0.623350 0.409619
vt 0.623458 0.410718
vt 0.279702 0.587026
vt 0.279393 0.585958
vt 0.279702 0.581578
vt 0.624056 0.405315
vt 0.624736 0.406177
vt 0.625539 0.402176
vt 0.623854 0.401421
vt 0.623691 0.401377
vt 0.285226 0.679049
vt 0.623966 0.405235
vt 0.570286 0.457724
vt 0.567928 0.459852
vt 0.572629 0.465435
vt 0.565897 0.462310
vt 0.560890 0.457038
vt 0.562945 0.455188
vt 0.565249 0.453528
vt 0.563738 0.451820
vt 0.560820 0.447288
vt 0.559130 0.442445
vt 0.557947 0.439301
vt 0.556886 0.442867
vt 0.555083 0.439384
vt 0.554806 0.443308
vt 0.556486 0.449287
vt 0.559387 0.454909
vt 0.561450 0.453289
vt 0.558560 0.448250
vt 0.628037 0.414352
vt 0.628425 0.412054
vt 0.629106 0.407167
vt 0.633706 0.412248
vt 0.633695 0.407509
vt 0.633655 0.403379
vt 0.629508 0.402922
vt 0.584247 0.625316
vt 0.584301 0.629465
vt 0.555609 0.369165
vt 0.552744 0.369248
vt 0.688072 0.412235
vt 0.688061 0.407495
vt 0.688021 0.403365
vt 0.584679 0.570944
vt 0.556677 0.361738
vt 0.557092 0.358961
vt 0.554849 0.358507
vt 0.556152 0.352818
vt 0.554076 0.352005
vt 0.556015 0.346184
vt 0.554436 0.361426
vt 0.552356 0.361073
vt 0.552770 0.357998
vt 0.558569 0.340593
vt 0.561714 0.335284
vt 0.568193 0.328650
vt 0.563772 0.336980
vt 0.571074 0.331256
vt 0.566059 0.338477
vt 0.562905 0.343256
vt 0.560635 0.342001
vt 0.560344 0.348296
vt 0.558086 0.347297
vt 0.558401 0.353549
vt 0.693256 0.412362
vt 0.693246 0.407450
vt 0.693204 0.403200
vt 0.584594 0.565757
vt 0.584737 0.560541
vt 0.698423 0.403328
vt 0.698462 0.407405
vt 0.698473 0.412094
vt 0.572936 0.330071
vt 0.573277 0.329181
vt 0.573497 0.328303
vt 0.573604 0.327033
vt 0.446154 0.596044
vt 0.446865 0.597359
vt 0.442940 0.598047
vt 0.441962 0.597188
vt 0.441021 0.598722
vt 0.439929 0.598104
vt 0.439240 0.599579
vt 0.438075 0.599187
vt 0.436085 0.600984
vt 0.628178 0.279713
vt 0.626393 0.278438
vt 0.626735 0.276914
vt 0.569991 0.328182
vt 0.568684 0.327052
vt 0.567542 0.325846
vt 0.284612 0.658644
vt 0.284612 0.660370
vt 0.283964 0.659086
vt 0.585235 0.650329
vt 0.585884 0.651259
vt 0.585235 0.652075
vt 0.441699 0.599175
vt 0.439984 0.599879
vt 0.566011 0.323917
vt 0.576396 0.680049
vt 0.576396 0.682782
vt 0.575768 0.680504
vt 0.627492 0.281822
vt 0.625849 0.281612
vt 0.626106 0.280008
vt 0.437224 0.601281
vt 0.627789 0.280951
vt 0.629186 0.279166
vt 0.437893 0.598171
vt 0.441571 0.596112
vt 0.445462 0.594714
vt 0.450513 0.598095
vt 0.570052 0.327267
vt 0.568651 0.326084
vt 0.443525 0.598653
vt 0.281813 0.660428
vt 0.281813 0.656447
vt 0.282583 0.659962
vt 0.280103 0.682824
vt 0.279194 0.679359
vt 0.280103 0.679084
vt 0.699229 0.412276
vt 0.700375 0.412258
vt 0.700959 0.412248
vt 0.700624 0.407357
vt 0.702257 0.412028
vt 0.701770 0.407314
vt 0.701419 0.403201
vt 0.700374 0.403125
vt 0.584890 0.557547
vt 0.584691 0.558588
vt 0.584665 0.559045
vt 0.584633 0.559945
vt 0.699015 0.403177
vt 0.699915 0.403148
vt 0.699120 0.407395
vt 0.700117 0.407373
vt 0.442483 0.588275
vt 0.437966 0.589636
vt 0.433764 0.591632
vt 0.434888 0.600634
vt 0.635705 0.274244
vt 0.643537 0.270829
vt 0.653940 0.267965
vt 0.664729 0.266736
vt 0.428375 0.562559
vt 0.426526 0.542020
vt 0.428701 0.551709
vt 0.675581 0.267179
vt 0.429321 0.530594
vt 0.430224 0.541135
vt 0.686170 0.269284
vt 0.696178 0.272983
vt 0.432895 0.531151
vt 0.434644 0.542367
vt 0.437153 0.533022
vt 0.439304 0.543172
vt 0.441706 0.534255
vt 0.445068 0.526137
vt 0.451037 0.522724
vt 0.244718 0.682310
vt 0.244715 0.675365
vt 0.244726 0.667355
vt 0.244745 0.660341
vt 0.240723 0.661325
vt 0.240731 0.653565
vt 0.459716 0.504412
vt 0.454832 0.507191
vt 0.456936 0.500548
vt 0.723075 0.306166
vt 0.726998 0.306330
vt 0.728079 0.310067
vt 0.438651 0.511126
vt 0.436636 0.522059
vt 0.705303 0.278167
vt 0.444873 0.503735
vt 0.441332 0.514132
vt 0.713273 0.284680
vt 0.719849 0.292326
vt 0.446844 0.507605
vt 0.445075 0.517101
vt 0.450248 0.511000
vt 0.449289 0.519060
vt 0.454241 0.513236
vt 0.723972 0.299104
vt 0.451729 0.503527
vt 0.240723 0.668676
vt 0.729371 0.321533
vt 0.729357 0.317702
vt 0.728867 0.313864
vt 0.724083 0.309660
vt 0.240737 0.649577
vt 0.244772 0.652935
vt 0.725269 0.316796
vt 0.725442 0.320404
vt 0.240756 0.641482
vt 0.240768 0.637414
vt 0.244674 0.637517
vt 0.244828 0.641403
vt 0.244789 0.649129
vt 0.244807 0.645279
vt 0.437935 0.552617
vt 0.433213 0.552266
vt 0.437641 0.562308
vt 0.438430 0.571953
vt 0.440277 0.581261
vt 0.435662 0.582286
vt 0.431310 0.583778
vt 0.433731 0.572531
vt 0.429253 0.573356
vt 0.432906 0.562423
vt 0.440666 0.524516
vt 0.240746 0.645543
vt 0.724815 0.313209
vt 0.709443 0.413131
vt 0.713533 0.411615
vt 0.717369 0.409638
vt 0.720887 0.407234
vt 0.724027 0.404446
vt 0.722322 0.402826
vt 0.725202 0.399435
vt 0.723362 0.397883
vt 0.725421 0.394544
vt 0.723643 0.393122
vt 0.725045 0.389795
vt 0.240872 0.559451
vt 0.240902 0.555782
vt 0.242819 0.559957
vt 0.242781 0.563601
vt 0.244947 0.563805
vt 0.244725 0.567392
vt 0.244995 0.560316
vt 0.245045 0.557002
vt 0.245094 0.553931
vt 0.242900 0.553291
vt 0.242942 0.550303
vt 0.718008 0.397365
vt 0.720378 0.394598
vt 0.719204 0.399175
vt 0.716650 0.401425
vt 0.717944 0.403449
vt 0.714885 0.405529
vt 0.716106 0.407663
vt 0.712527 0.409504
vt 0.708000 0.408550
vt 0.708711 0.410915
vt 0.706836 0.403960
vt 0.707360 0.406179
vt 0.710677 0.404958
vt 0.711552 0.407240
vt 0.713791 0.403364
vt 0.706458 0.402030
vt 0.585479 0.552518
vt 0.586219 0.549535
vt 0.709454 0.400930
vt 0.714002 0.395405
vt 0.712267 0.399494
vt 0.245226 0.547080
vt 0.245187 0.548907
vt 0.714848 0.397747
vt 0.712902 0.401309
vt 0.715598 0.399484
vt 0.245145 0.551068
vt 0.717155 0.395720
vt 0.240818 0.567289
vt 0.240844 0.563314
vt 0.725890 0.386323
vt 0.726916 0.390978
vt 0.727408 0.395845
vt 0.727108 0.400808
vt 0.726161 0.382781
vt 0.727816 0.387258
vt 0.730090 0.383910
vt 0.729966 0.388015
vt 0.732193 0.388564
vt 0.731173 0.392848
vt 0.729466 0.396958
vt 0.719390 0.405424
vt 0.729007 0.392012
vt 0.720676 0.401035
vt 0.721716 0.396235
vt 0.722197 0.391666
vt 0.242859 0.556496
vt 0.709965 0.402810
vt 0.545030 0.861059
vt 0.544371 0.851870
vt 0.542443 0.843292
vt 0.539378 0.835922
vt 0.529775 0.818785
vt 0.529564 0.811529
vt 0.529383 0.803022
vt 0.529244 0.793858
vt 0.540350 0.861058
vt 0.539741 0.852550
vt 0.537955 0.844608
vt 0.535118 0.837785
vt 0.535390 0.830275
vt 0.531426 0.832556
vt 0.525706 0.810245
vt 0.525538 0.802369
vt 0.525410 0.793884
vt 0.492107 0.908579
vt 0.491182 0.915403
vt 0.487379 0.916195
vt 0.488194 0.910188
vt 0.484631 0.921810
vt 0.480141 0.926645
vt 0.474222 0.930360
vt 0.532174 0.853477
vt 0.533955 0.846553
vt 0.535527 0.853543
vt 0.532821 0.860984
vt 0.536063 0.861031
vt 0.531458 0.840547
vt 0.527137 0.829286
vt 0.528208 0.835945
vt 0.524433 0.833067
vt 0.528421 0.726422
vt 0.524586 0.726448
vt 0.490477 0.854527
vt 0.486564 0.856136
vt 0.532821 0.896975
vt 0.536063 0.897022
vt 0.540350 0.897049
vt 0.545030 0.897050
vt 0.528314 0.715743
vt 0.528260 0.705502
vt 0.528260 0.696138
vt 0.528314 0.688051
vt 0.476022 0.818460
vt 0.475380 0.821752
vt 0.467103 0.813366
vt 0.466615 0.816746
vt 0.457080 0.809844
vt 0.456766 0.813285
vt 0.446382 0.808044
vt 0.446252 0.811517
vt 0.435465 0.808044
vt 0.435524 0.811517
vt 0.424797 0.809844
vt 0.425040 0.813285
vt 0.414833 0.813366
vt 0.415249 0.816746
vt 0.405999 0.818460
vt 0.406568 0.821752
vt 0.569412 0.550023
vt 0.569444 0.558203
vt 0.569468 0.567636
vt 0.569482 0.577919
vt 0.569487 0.588611
vt 0.573362 0.578399
vt 0.573366 0.588556
vt 0.391911 0.854527
vt 0.393073 0.846418
vt 0.396849 0.848667
vt 0.395779 0.856136
vt 0.399814 0.841545
vt 0.404547 0.835073
vt 0.410846 0.829529
vt 0.418441 0.825149
vt 0.427008 0.822121
vt 0.436180 0.820574
vt 0.445566 0.820574
vt 0.435775 0.815916
vt 0.445966 0.815916
vt 0.524485 0.716304
vt 0.524433 0.706576
vt 0.524433 0.697682
vt 0.482685 0.828089
vt 0.480574 0.831659
vt 0.473634 0.825639
vt 0.465308 0.820884
vt 0.455952 0.817596
vt 0.489179 0.846418
vt 0.485368 0.848667
vt 0.485830 0.838685
vt 0.482283 0.841545
vt 0.477442 0.835073
vt 0.471050 0.829529
vt 0.463382 0.825149
vt 0.454764 0.822121
vt 0.425817 0.817596
vt 0.416516 0.820884
vt 0.408270 0.825639
vt 0.401431 0.831659
vt 0.396293 0.838685
vt 0.399369 0.828089
vt 0.573326 0.559672
vt 0.573348 0.568632
vt 0.532174 0.904452
vt 0.535527 0.904487
vt 0.539741 0.905530
vt 0.544371 0.906210
vt 0.542443 0.914703
vt 0.539378 0.921937
vt 0.569429 0.680825
vt 0.569456 0.673645
vt 0.569473 0.665186
vt 0.569480 0.656039
vt 0.573359 0.655984
vt 0.573353 0.664453
vt 0.573337 0.672284
vt 0.535390 0.927408
vt 0.531426 0.925156
vt 0.535118 0.920091
vt 0.537955 0.913393
vt 0.391187 0.908579
vt 0.395055 0.910188
vt 0.392227 0.915403
vt 0.395970 0.916195
vt 0.527137 0.928237
vt 0.524433 0.924473
vt 0.528208 0.921761
vt 0.531458 0.917303
vt 0.533955 0.911408
vt 0.398812 0.921810
vt 0.403383 0.926645
vt 0.409365 0.930360
vt 0.386486 0.918281
vt 0.387260 0.913587
vt 0.391187 0.914639
vt 0.390232 0.920434
vt 0.263605 0.560747
vt 0.263806 0.567095
vt 0.259902 0.567120
vt 0.259675 0.559967
vt 0.259484 0.553620
vt 0.259349 0.548713
vt 0.576455 0.546766
vt 0.574596 0.553240
vt 0.573913 0.560442
vt 0.370615 0.937482
vt 0.370577 0.933466
vt 0.377829 0.936439
vt 0.376978 0.932540
vt 0.384337 0.933413
vt 0.382753 0.929856
vt 0.389488 0.928709
vt 0.387323 0.925681
vt 0.263436 0.555115
vt 0.370566 0.928836
vt 0.375751 0.928086
vt 0.380428 0.925912
vt 0.384130 0.922531
vt 0.305796 0.928836
vt 0.305807 0.933466
vt 0.305845 0.937482
vt 0.573366 0.625218
vt 0.262176 0.637169
vt 0.266081 0.637144
vt 0.390435 0.851266
vt 0.386507 0.850214
vt 0.300622 0.928086
vt 0.299419 0.932540
vt 0.298646 0.936439
vt 0.573927 0.632430
vt 0.575676 0.638929
vt 0.592248 0.458119
vt 0.592137 0.452950
vt 0.592067 0.446431
vt 0.592043 0.439212
vt 0.595990 0.439238
vt 0.596011 0.445643
vt 0.596073 0.451429
vt 0.287102 0.928709
vt 0.289176 0.925681
vt 0.292183 0.933413
vt 0.293684 0.929856
vt 0.285477 0.914639
vt 0.289329 0.913587
vt 0.286346 0.920434
vt 0.290034 0.918281
vt 0.292326 0.922531
vt 0.295977 0.925912
vt 0.262545 0.648355
vt 0.262912 0.659153
vt 0.263261 0.669101
vt 0.263577 0.677775
vt 0.462412 0.524081
vt 0.458404 0.533111
vt 0.455633 0.543316
vt 0.454217 0.554259
vt 0.454217 0.565472
vt 0.455633 0.576477
vt 0.458404 0.586802
vt 0.462412 0.596006
vt 0.592446 0.329282
vt 0.592284 0.337602
vt 0.592162 0.347290
vt 0.592086 0.357933
vt 0.592059 0.369076
vt 0.596031 0.358494
vt 0.596005 0.369102
vt 0.287172 0.851266
vt 0.288532 0.841688
vt 0.292282 0.841358
vt 0.291025 0.850214
vt 0.295527 0.832912
vt 0.300619 0.825238
vt 0.307341 0.818663
vt 0.315406 0.813470
vt 0.324470 0.809879
vt 0.334144 0.808044
vt 0.344016 0.808044
vt 0.353663 0.809879
vt 0.362673 0.813470
vt 0.370661 0.818663
vt 0.377285 0.825238
vt 0.382263 0.832912
vt 0.385382 0.841358
vt 0.389217 0.841688
vt 0.266432 0.647793
vt 0.385845 0.832554
vt 0.477148 0.513355
vt 0.480200 0.516884
vt 0.471509 0.518678
vt 0.474986 0.521805
vt 0.466679 0.525790
vt 0.470520 0.528382
vt 0.462863 0.534388
vt 0.466991 0.536332
vt 0.460225 0.544103
vt 0.464552 0.545315
vt 0.458877 0.554522
vt 0.463305 0.554949
vt 0.458877 0.565198
vt 0.463305 0.564820
vt 0.460225 0.575674
vt 0.464552 0.574508
vt 0.462863 0.585505
vt 0.466991 0.583597
vt 0.466679 0.594268
vt 0.470520 0.591700
vt 0.471509 0.601590
vt 0.474986 0.598471
vt 0.477148 0.607158
vt 0.480200 0.603619
vt 0.292040 0.832554
vt 0.266781 0.658073
vt 0.267113 0.667545
vt 0.467486 0.516610
vt 0.467486 0.603697
vt 0.596219 0.339137
vt 0.596104 0.348361
vt 0.936248 0.933609
vt 0.929052 0.933608
vt 0.936296 0.926731
vt 0.929100 0.926731
vt 0.936377 0.921119
vt 0.929180 0.921119
vt 0.943563 0.961175
vt 0.936369 0.961153
vt 0.943474 0.955233
vt 0.936280 0.955211
vt 0.943437 0.948165
vt 0.936242 0.948143
vt 0.943454 0.940663
vt 0.936260 0.940641
vt 0.943525 0.933460
vt 0.936331 0.933439
vt 0.943643 0.927263
vt 0.936448 0.927242
vt 0.948542 0.955284
vt 0.955736 0.955292
vt 0.948437 0.962081
vt 0.955630 0.962088
vt 0.948400 0.969528
vt 0.955593 0.969536
vt 0.948437 0.976899
vt 0.955630 0.976906
vt 0.948542 0.983470
vt 0.955736 0.983477
vt 0.972637 0.942285
vt 0.979830 0.942288
vt 0.972464 0.947655
vt 0.979657 0.947658
vt 0.972353 0.954383
vt 0.979546 0.954386
vt 0.972315 0.961810
vt 0.979508 0.961812
vt 0.972353 0.969208
vt 0.979546 0.969211
vt 0.972464 0.975854
vt 0.979657 0.975857
vt 0.972637 0.981098
vt 0.979830 0.981101
vt 0.936323 0.954883
vt 0.929126 0.954882
vt 0.936261 0.948409
vt 0.929066 0.948409
vt 0.936236 0.941078
vt 0.929040 0.941078
vt 0.926980 0.212515
vt 0.931761 0.191131
vt 0.931613 0.212740
vt 0.937084 0.191396
vt 0.936096 0.207935
vt 0.940442 0.203413
vt 0.941749 0.191637
vt 0.942399 0.201399
vt 0.925207 0.170788
vt 0.934168 0.169671
vt 0.932481 0.173853
vt 0.925891 0.173017
vt 0.926365 0.175836
vt 0.931890 0.179060
vt 0.926545 0.179077
vt 0.926384 0.182320
vt 0.932512 0.184261
vt 0.925925 0.185144
vt 0.934223 0.188426
vt 0.925255 0.187364
vt 0.408408 0.940092
vt 0.409685 0.930363
vt 0.410326 0.942191
vt 0.414476 0.930363
vt 0.414487 0.946933
vt 0.419814 0.930416
vt 0.418683 0.951988
vt 0.423246 0.952068
vt 0.424641 0.930512
vt 0.426794 0.952173
vt 0.452775 0.948315
vt 0.451696 0.932026
vt 0.456095 0.930517
vt 0.457344 0.947658
vt 0.461359 0.930363
vt 0.462163 0.948159
vt 0.466446 0.931593
vt 0.466446 0.949737
vt 0.923278 0.212342
vt 0.923278 0.190730
vt 0.926834 0.190893
vt 0.952130 0.441220
vt 0.939222 0.435830
vt 0.953183 0.436018
vt 0.945351 0.447708
vt 0.949335 0.445392
vt 0.944211 0.179016
vt 0.936685 0.190730
vt 0.945699 0.424328
vt 0.941316 0.424328
vt 0.949614 0.426643
vt 0.952285 0.430815
vt 0.940967 0.447708
vt 0.936617 0.167343
vt 0.334944 0.954608
vt 0.339496 0.937482
vt 0.339717 0.954797
vt 0.344739 0.937984
vt 0.345615 0.951304
vt 0.349633 0.939837
vt 0.348221 0.950134
vt 0.350439 0.949424
vt 0.953436 0.161535
vt 0.943380 0.162610
vt 0.943734 0.159068
vt 0.951521 0.159331
vt 0.950171 0.156898
vt 0.944237 0.154161
vt 0.949444 0.154344
vt 0.949375 0.151783
vt 0.944788 0.148860
vt 0.949966 0.149332
vt 0.951190 0.147099
vt 0.945279 0.144215
vt 0.952993 0.145186
vt 0.955294 0.143677
vt 0.903131 0.467696
vt 0.908118 0.459611
vt 0.910127 0.463648
vt 0.902763 0.471288
vt 0.902560 0.475076
vt 0.913629 0.467546
vt 0.902679 0.482556
vt 0.917933 0.470533
vt 0.906709 0.484960
vt 0.922184 0.472017
vt 0.923278 0.141728
vt 0.925951 0.120078
vt 0.926647 0.141653
vt 0.930741 0.120029
vt 0.931167 0.141612
vt 0.936079 0.120027
vt 0.936080 0.141612
vt 0.940562 0.141653
vt 0.940907 0.120073
vt 0.943860 0.141728
vt 0.334944 0.938432
vt 0.404096 0.947255
vt 0.391187 0.941865
vt 0.405149 0.942053
vt 0.397317 0.953743
vt 0.401300 0.951427
vt 0.921773 0.458301
vt 0.925541 0.471704
vt 0.397665 0.930363
vt 0.393281 0.930363
vt 0.401580 0.932678
vt 0.404251 0.936850
vt 0.392933 0.953743
vt 0.908001 0.456234
vt 0.917989 0.453068
vt 0.906795 0.438620
vt 0.922014 0.450669
vt 0.911099 0.435629
vt 0.922135 0.443172
vt 0.914598 0.431732
vt 0.921931 0.439376
vt 0.921560 0.435776
vt 0.916600 0.427698
vt 0.546110 0.531307
vt 0.556128 0.531928
vt 0.548459 0.532898
vt 0.550299 0.534877
vt 0.556674 0.536687
vt 0.551547 0.537153
vt 0.552149 0.539626
vt 0.557230 0.541996
vt 0.552076 0.542183
vt 0.551332 0.544710
vt 0.557685 0.546803
vt 0.549950 0.547092
vt 0.547993 0.549224
vt 0.557949 0.550155
vt 0.542797 0.945925
vt 0.546106 0.936974
vt 0.544824 0.947242
vt 0.547089 0.949111
vt 0.551357 0.936572
vt 0.551915 0.954147
vt 0.556496 0.937561
vt 0.556496 0.955306
vt 0.923279 0.093899
vt 0.923279 0.072307
vt 0.926837 0.072370
vt 0.926748 0.093962
vt 0.931769 0.072468
vt 0.931316 0.094053
vt 0.936217 0.094158
vt 0.937098 0.072583
vt 0.940632 0.094260
vt 0.941767 0.072691
vt 0.943822 0.094340
vt 0.902539 0.440110
vt 0.952152 0.473126
vt 0.939244 0.467736
vt 0.953205 0.467924
vt 0.945373 0.479614
vt 0.949357 0.477298
vt 0.902939 0.426398
vt 0.916708 0.424328
vt 0.945721 0.456234
vt 0.941338 0.456234
vt 0.949636 0.458549
vt 0.952307 0.462721
vt 0.940989 0.479614
vt 0.899174 0.439805
vt 0.937368 0.474622
vt 0.925542 0.467185
vt 0.939244 0.469660
vt 0.929764 0.479936
vt 0.933985 0.478290
vt 0.273112 0.846888
vt 0.262186 0.838483
vt 0.274962 0.843950
vt 0.264271 0.850843
vt 0.269296 0.849349
vt 0.254616 0.849999
vt 0.259031 0.851075
vt 0.933971 0.456935
vt 0.929749 0.456234
vt 0.937358 0.459845
vt 0.939240 0.464386
vt 0.925542 0.479234
vt 0.251898 0.847829
vt 0.545206 0.595560
vt 0.545206 0.581085
vt 0.549178 0.597337
vt 0.550362 0.579995
vt 0.554435 0.596978
vt 0.555588 0.580361
vt 0.559247 0.598040
vt 0.924812 0.165285
vt 0.923307 0.143705
vt 0.926866 0.143686
vt 0.929084 0.165271
vt 0.931799 0.143677
vt 0.934267 0.165266
vt 0.937128 0.143678
vt 0.939360 0.165273
vt 0.941799 0.143690
vt 0.943380 0.165288
vt 0.259378 0.868558
vt 0.264205 0.869079
vt 0.269417 0.868311
vt 0.272539 0.863760
vt 0.274962 0.859283
vt 0.287947 0.937760
vt 0.302647 0.937482
vt 0.290129 0.941189
vt 0.302876 0.942269
vt 0.290991 0.945167
vt 0.303076 0.947603
vt 0.290434 0.949234
vt 0.303207 0.952428
vt 0.288522 0.952917
vt 0.285477 0.955788
vt 0.303244 0.955788
vt 0.937346 0.442716
vt 0.925520 0.435279
vt 0.939222 0.437754
vt 0.929742 0.448030
vt 0.933963 0.446384
vt 0.512463 0.855448
vt 0.504884 0.843934
vt 0.515173 0.853275
vt 0.502816 0.856296
vt 0.508053 0.856526
vt 0.493966 0.852345
vt 0.497788 0.854804
vt 0.933949 0.425029
vt 0.929727 0.424328
vt 0.937337 0.427939
vt 0.939218 0.432480
vt 0.925520 0.447328
vt 0.492107 0.849406
vt 0.494534 0.869214
vt 0.497655 0.873764
vt 0.502867 0.874529
vt 0.507691 0.874006
vt 0.527568 0.554089
vt 0.527828 0.532406
vt 0.531738 0.553749
vt 0.532606 0.532045
vt 0.536879 0.553392
vt 0.537933 0.531699
vt 0.541999 0.553085
vt 0.542753 0.531435
vt 0.546110 0.552890
vt 0.320907 0.955343
vt 0.324583 0.937719
vt 0.325803 0.954403
vt 0.329848 0.937482
vt 0.331050 0.954890
vt 0.334944 0.938694
vt 0.334944 0.953197
vt 0.574290 0.955049
vt 0.556496 0.955049
vt 0.556622 0.951492
vt 0.571310 0.952025
vt 0.569446 0.948248
vt 0.556812 0.946563
vt 0.568913 0.944156
vt 0.557029 0.941238
vt 0.569774 0.940223
vt 0.557230 0.936572
vt 0.571928 0.936908
vt 0.492107 0.864737
vt 0.550249 0.434816
vt 0.537298 0.429745
vt 0.551261 0.429613
vt 0.543068 0.441305
vt 0.547325 0.438989
vt 0.254379 0.894809
vt 0.263378 0.905447
vt 0.251899 0.897803
vt 0.263906 0.892244
vt 0.258665 0.892825
vt 0.273121 0.895451
vt 0.269066 0.893181
vt 0.542873 0.417921
vt 0.538127 0.417921
vt 0.547168 0.420237
vt 0.550162 0.424410
vt 0.538323 0.441305
vt 0.275269 0.898603
vt 0.545958 0.558115
vt 0.541329 0.579478
vt 0.541403 0.557870
vt 0.535996 0.579235
vt 0.536925 0.562697
vt 0.532499 0.567279
vt 0.531205 0.579069
vt 0.530461 0.569339
vt 0.586105 0.736675
vt 0.593433 0.735579
vt 0.595322 0.739749
vt 0.588529 0.738900
vt 0.590241 0.741716
vt 0.596001 0.744952
vt 0.590877 0.744956
vt 0.590245 0.748200
vt 0.595333 0.750158
vt 0.588531 0.751026
vt 0.593453 0.754335
vt 0.586114 0.753251
vt 0.942391 0.013473
vt 0.941746 0.023232
vt 0.940432 0.011442
vt 0.937080 0.023448
vt 0.936087 0.006903
vt 0.931757 0.023710
vt 0.931609 0.002100
vt 0.926977 0.002338
vt 0.926831 0.023966
vt 0.923278 0.002540
vt 0.923278 0.024166
vt 0.271041 0.877272
vt 0.266661 0.875894
vt 0.261818 0.875728
vt 0.257304 0.876800
vt 0.549495 0.558350
vt 0.549495 0.579995
vt 0.546146 0.579749
vt 0.550249 0.411433
vt 0.537298 0.406361
vt 0.551261 0.406229
vt 0.543068 0.417921
vt 0.547325 0.415605
vt 0.923145 0.395401
vt 0.922664 0.409326
vt 0.919296 0.395952
vt 0.931925 0.399902
vt 0.927652 0.396811
vt 0.936596 0.408468
vt 0.935117 0.404063
vt 0.542873 0.394537
vt 0.538127 0.394537
vt 0.547168 0.396853
vt 0.550161 0.401026
vt 0.538323 0.417921
vt 0.936069 0.412246
vt 0.574752 0.936572
vt 0.592385 0.941018
vt 0.574849 0.941282
vt 0.592095 0.946257
vt 0.578786 0.947144
vt 0.590481 0.951251
vt 0.580166 0.949796
vt 0.581065 0.952101
vt 0.587864 0.955011
vt 0.449722 0.950118
vt 0.439789 0.948845
vt 0.447555 0.948443
vt 0.445910 0.946402
vt 0.439664 0.944176
vt 0.444862 0.944085
vt 0.444456 0.941596
vt 0.439505 0.938848
vt 0.444713 0.939048
vt 0.445619 0.936554
vt 0.439345 0.933919
vt 0.447134 0.934227
vt 0.449190 0.932171
vt 0.439215 0.930363
vt 0.451696 0.930477
vt 0.942096 0.397879
vt 0.942433 0.394180
vt 0.942355 0.386964
vt 0.938312 0.384395
vt 0.943856 0.026668
vt 0.943856 0.048274
vt 0.940502 0.048118
vt 0.940565 0.026524
vt 0.935679 0.047974
vt 0.936088 0.026393
vt 0.931176 0.026298
vt 0.930342 0.047873
vt 0.926653 0.026255
vt 0.925548 0.047834
vt 0.923278 0.026271
vt 0.591295 0.936572
vt 0.550249 0.388049
vt 0.537298 0.382977
vt 0.551261 0.382845
vt 0.543068 0.394537
vt 0.547325 0.392222
vt 0.536915 0.527447
vt 0.550827 0.528224
vt 0.537384 0.531307
vt 0.541601 0.518765
vt 0.538420 0.522971
vt 0.550264 0.514276
vt 0.545828 0.515662
vt 0.542873 0.371153
vt 0.538127 0.371153
vt 0.547168 0.373469
vt 0.550162 0.377642
vt 0.538323 0.394537
vt 0.554030 0.514883
vt 0.534756 0.503650
vt 0.530765 0.506212
vt 0.530827 0.513355
vt 0.531218 0.517034
vt 0.531829 0.520563
vt 0.513283 0.810051
vt 0.523202 0.808044
vt 0.523126 0.811401
vt 0.515389 0.811955
vt 0.516968 0.814171
vt 0.523098 0.816226
vt 0.517951 0.816601
vt 0.518294 0.819134
vt 0.523126 0.821564
vt 0.517979 0.821658
vt 0.517023 0.824059
vt 0.523202 0.826357
vt 0.515467 0.826227
vt 0.513382 0.828067
vt 0.538855 0.595528
vt 0.532088 0.598434
vt 0.529472 0.594677
vt 0.539761 0.593221
vt 0.541150 0.590565
vt 0.527858 0.589684
vt 0.545104 0.584697
vt 0.527568 0.584444
vt 0.545206 0.579995
vt 0.528658 0.579995
vt 0.943822 0.050274
vt 0.941765 0.071894
vt 0.940630 0.050320
vt 0.937095 0.071979
vt 0.936214 0.050402
vt 0.931766 0.072090
vt 0.931313 0.050505
vt 0.926747 0.050613
vt 0.926835 0.072208
vt 0.923278 0.050708
vt 0.923278 0.072307
vt 0.550188 0.458200
vt 0.537298 0.453122
vt 0.551223 0.452997
vt 0.542883 0.464689
vt 0.547212 0.462373
vt 0.495780 0.926835
vt 0.497131 0.940666
vt 0.492107 0.927779
vt 0.505002 0.930254
vt 0.500382 0.927718
vt 0.510813 0.938046
vt 0.508725 0.933939
vt 0.542709 0.441305
vt 0.537885 0.441305
vt 0.547072 0.443621
vt 0.550111 0.447793
vt 0.538059 0.464689
vt 0.510853 0.941759
vt 0.542797 0.937578
vt 0.538348 0.955437
vt 0.537857 0.937386
vt 0.533124 0.955005
vt 0.532175 0.940885
vt 0.528157 0.953320
vt 0.527452 0.942860
vt 0.524433 0.950716
vt 0.428430 0.931010
vt 0.439200 0.932366
vt 0.430359 0.932734
vt 0.431797 0.934778
vt 0.439188 0.937037
vt 0.432684 0.937055
vt 0.432983 0.939471
vt 0.439187 0.942367
vt 0.432682 0.941925
vt 0.431793 0.944313
vt 0.439196 0.947299
vt 0.430354 0.946535
vt 0.428424 0.948500
vt 0.439215 0.950858
vt 0.515408 0.929985
vt 0.515407 0.923055
vt 0.514513 0.916098
vt 0.510056 0.913802
vt 0.944351 0.098521
vt 0.941164 0.120024
vt 0.941052 0.098437
vt 0.936337 0.119975
vt 0.936431 0.098390
vt 0.931324 0.098389
vt 0.930999 0.119976
vt 0.926658 0.098434
vt 0.926207 0.120027
vt 0.923278 0.098516
vt 0.542797 0.954529
vt 0.550188 0.481585
vt 0.537298 0.476506
vt 0.551223 0.476381
vt 0.542883 0.488073
vt 0.547212 0.485757
vt 0.493602 0.903452
vt 0.505380 0.910828
vt 0.492107 0.906938
vt 0.501941 0.898236
vt 0.497112 0.900347
vt 0.511659 0.898392
vt 0.507133 0.897539
vt 0.542709 0.464689
vt 0.537885 0.464689
vt 0.547072 0.467005
vt 0.550111 0.471178
vt 0.538059 0.488073
vt 0.514624 0.900628
vt 0.480520 0.932910
vt 0.481134 0.948135
vt 0.476477 0.930840
vt 0.476015 0.949263
vt 0.471223 0.931230
vt 0.470772 0.949117
vt 0.466446 0.930363
vt 0.466446 0.947726
vt 0.281750 0.917570
vt 0.281673 0.939209
vt 0.277739 0.917833
vt 0.277013 0.939522
vt 0.272657 0.918181
vt 0.271696 0.939891
vt 0.267487 0.918545
vt 0.266776 0.940243
vt 0.263227 0.918857
vt 0.263227 0.940509
vt 0.504662 0.881413
vt 0.499735 0.881346
vt 0.494659 0.882761
vt 0.492107 0.887588
vt 0.303243 0.937482
vt 0.320907 0.940504
vt 0.306212 0.940293
vt 0.308111 0.943937
vt 0.320769 0.945328
vt 0.308720 0.947992
vt 0.320671 0.950666
vt 0.307968 0.951987
vt 0.320634 0.955458
vt 0.305941 0.955458
vt 0.483747 0.933795
vt 0.485118 0.945956
vt 0.330128 0.231971
vt 0.344801 0.232592
vt 0.330339 0.232514
vt 0.437243 0.370086
vt 0.448547 0.355788
vt 0.455867 0.347017
vt 0.353650 0.232657
vt 0.455475 0.347054
vt 0.001506 0.999379
vt 0.031049 0.983149
vt 0.455041 0.345795
vt 0.837967 0.672893
vt 0.843835 0.688427
vt 0.456595 0.346563
vt 0.455832 0.346054
vt 0.076930 0.957304
vt 0.061934 0.965751
vt 0.046492 0.974450
vt 0.832099 0.657360
vt 0.826231 0.641827
vt 0.820533 0.626743
vt 0.820487 0.589046
vt 0.820468 0.607651
vt 0.820449 0.626256
vt 0.077415 0.957177
vt 0.096021 0.957130
vt 0.114626 0.957084
vt 0.850513 0.513264
vt 0.849750 0.513755
vt 0.838099 0.543207
vt 0.843998 0.527942
vt 0.176095 0.991444
vt 0.160738 0.982823
vt 0.190126 0.998905
vt 0.820572 0.588563
vt 0.826301 0.573738
vt 0.832200 0.558473
vt 0.145381 0.974201
vt 0.115111 0.957208
vt 0.130024 0.965580
vt 0.848959 0.513992
vt 0.837187 0.497641
vt 0.835863 0.496002
vt 0.831209 0.490165
vt 0.045147 0.312183
vt 0.051048 0.312477
vt 0.044942 0.312693
vt 0.052713 0.312542
vt 0.063960 0.312981
vt 0.068078 0.313162
vt 0.849395 0.512769
vt 0.846132 0.508710
vt 0.849787 0.512811
vt 0.240211 0.312670
vt 0.232515 0.312542
vt 0.234164 0.312477
vt 0.291367 0.753362
vt 0.293022 0.754327
vt 0.285477 0.749992
vt 0.221372 0.312981
vt 0.217292 0.313162
vt 0.304196 0.760848
vt 0.308294 0.763220
vt 0.308345 0.763629
vt 0.240010 0.312182
vt 0.309494 0.762492
vt 0.338291 0.747438
vt 0.323251 0.755567
vt 0.308812 0.764295
vt 0.309282 0.763422
vt 0.382976 0.723288
vt 0.368371 0.731181
vt 0.353331 0.739310
vt 0.383456 0.723163
vt 0.402051 0.722616
vt 0.420647 0.722070
vt 0.498825 0.758709
vt 0.498294 0.757865
vt 0.467909 0.743628
vt 0.483651 0.750851
vt 0.498011 0.756950
vt 0.421136 0.722166
vt 0.436424 0.729181
vt 0.452166 0.736404
vt 0.522085 0.743037
vt 0.507935 0.752066
vt 0.499264 0.758017
vt 0.499291 0.757605
vt 0.511308 0.232592
vt 0.502831 0.232657
vt 0.525363 0.231999
vt 0.522125 0.742499
vt 0.377263 0.288654
vt 0.377505 0.277093
vt 0.377580 0.288945
vt 0.377777 0.289042
vt 0.092627 0.255670
vt 0.092240 0.267930
vt 0.092429 0.255769
vt 0.092111 0.256063
vt 0.496163 0.359676
vt 0.872387 0.668556
vt 0.878490 0.684712
vt 0.490867 0.344054
vt 0.497493 0.360050
vt 0.496754 0.359878
vt 0.854174 0.620343
vt 0.860181 0.636244
vt 0.866284 0.652400
vt 0.891438 0.500314
vt 0.872509 0.547796
vt 0.878645 0.531918
vt 0.884780 0.516041
vt 0.890107 0.500688
vt 0.890699 0.500490
vt 0.854200 0.595178
vt 0.860238 0.579550
vt 0.866374 0.563673
vt 0.853993 0.596344
vt 0.853981 0.607756
vt 0.853970 0.619168
vt 0.477675 0.289042
vt 0.478232 0.277093
vt 0.477873 0.288945
vt 0.478193 0.288655
vt 0.575973 0.359099
vt 0.513346 0.801315
vt 0.415514 0.756642
vt 0.464377 0.778345
vt 0.480750 0.785858
vt 0.497124 0.793371
vt 0.512944 0.800063
vt 0.513159 0.800646
vt 0.415515 0.755924
vt 0.431630 0.763319
vt 0.448004 0.770832
vt 0.391521 0.756361
vt 0.402926 0.756026
vt 0.414332 0.755691
vt 0.414235 0.756389
vt 0.391631 0.757054
vt 0.297256 0.806405
vt 0.343681 0.781893
vt 0.328038 0.790347
vt 0.296854 0.807926
vt 0.312395 0.798801
vt 0.595996 0.561662
vt 0.595770 0.544960
vt 0.595996 0.544935
vt 0.296910 0.807678
vt 0.297072 0.806999
vt 0.390363 0.756664
vt 0.374966 0.764985
vt 0.359323 0.773439
vt 0.390378 0.757381
vt 0.193063 0.256062
vt 0.192989 0.267930
vt 0.192744 0.255768
vt 0.192546 0.255670
vt 0.736973 0.000821
vt 0.735449 0.004756
vt 0.732481 0.007984
vt 0.255598 0.875042
vt 0.251899 0.876217
vt 0.256037 0.873653
vt 0.259699 0.873661
vt 0.261453 0.872366
vt 0.264322 0.873290
vt 0.267264 0.872566
vt 0.268888 0.873976
vt 0.272521 0.874219
vt 0.575633 0.675723
vt 0.574508 0.672189
vt 0.575633 0.671196
vt 0.575445 0.662763
vt 0.576403 0.661679
vt 0.576403 0.666458
vt 0.715245 0.007985
vt 0.712331 0.004759
vt 0.710872 0.000823
vt 0.931398 0.000023
vt 0.931521 0.000902
vt 0.926899 0.000254
vt 0.927322 0.001117
vt 0.275637 0.878054
vt 0.274839 0.878972
vt 0.272824 0.875633
vt 0.272214 0.876713
vt 0.268540 0.875166
vt 0.264278 0.874526
vt 0.259962 0.874872
vt 0.256134 0.876161
vt 0.252533 0.877260
vt 0.253273 0.878232
vt 0.546097 0.556012
vt 0.545638 0.556887
vt 0.541666 0.555777
vt 0.541503 0.556667
vt 0.549038 0.557103
vt 0.253856 0.878936
vt 0.274245 0.879636
vt 0.923789 0.001307
vt 0.529198 0.504444
vt 0.528592 0.503624
vt 0.533021 0.501894
vt 0.533382 0.500548
vt 0.283708 0.676852
vt 0.282624 0.676131
vt 0.283708 0.672327
vt 0.574508 0.660228
vt 0.575445 0.656774
vt 0.575445 0.661787
vt 0.807527 0.198316
vt 0.805050 0.194751
vt 0.804152 0.190628
vt 0.804951 0.186479
vt 0.807341 0.182835
vt 0.811018 0.180166
vt 0.815507 0.178813
vt 0.815642 0.179988
vt 0.811451 0.181250
vt 0.808020 0.183742
vt 0.805788 0.187143
vt 0.938391 0.048274
vt 0.938069 0.049164
vt 0.933775 0.048367
vt 0.933760 0.049250
vt 0.929094 0.048470
vt 0.929391 0.049347
vt 0.540510 0.500688
vt 0.540553 0.501886
vt 0.536960 0.500586
vt 0.537239 0.501790
vt 0.533562 0.503011
vt 0.529993 0.505392
vt 0.538800 0.502598
vt 0.925522 0.049442
vt 0.941764 0.049100
vt 0.575414 0.671196
vt 0.574508 0.669779
vt 0.575414 0.666524
vt 0.268308 0.683150
vt 0.269509 0.681108
vt 0.269509 0.683713
vt 0.811089 0.182328
vt 0.815704 0.180819
vt 0.629431 0.178857
vt 0.633908 0.180201
vt 0.637551 0.182868
vt 0.639889 0.186514
vt 0.640623 0.190669
vt 0.639656 0.194798
vt 0.637114 0.198368
vt 0.282742 0.654863
vt 0.281813 0.651337
vt 0.573366 0.671154
vt 0.574434 0.675011
vt 0.573366 0.675722
vt 0.940030 0.382622
vt 0.939668 0.381286
vt 0.944519 0.384369
vt 0.943901 0.385176
vt 0.943109 0.386126
vt 0.939495 0.383742
vt 0.936022 0.381287
vt 0.935754 0.382495
vt 0.932392 0.381342
vt 0.932366 0.382547
vt 0.938337 0.024346
vt 0.938001 0.025236
vt 0.933688 0.024237
vt 0.933661 0.025134
vt 0.929020 0.024166
vt 0.929304 0.025068
vt 0.639073 0.187179
vt 0.636890 0.183776
vt 0.633490 0.181286
vt 0.629311 0.180031
vt 0.629280 0.180863
vt 0.633881 0.182364
vt 0.270839 0.683630
vt 0.269509 0.683630
vt 0.270678 0.681108
vt 0.281739 0.667725
vt 0.282625 0.670929
vt 0.281739 0.672366
vt 0.925489 0.025045
vt 0.941763 0.025360
vt 0.934194 0.383311
vt 0.621178 0.445921
vt 0.625908 0.447128
vt 0.629807 0.449822
vt 0.632333 0.453626
vt 0.633132 0.458012
vt 0.632095 0.462369
vt 0.629365 0.466088
vt 0.625322 0.468654
vt 0.511604 0.911859
vt 0.511768 0.910828
vt 0.515879 0.914154
vt 0.516431 0.913332
vt 0.515177 0.915167
vt 0.511186 0.913024
vt 0.507307 0.910828
vt 0.507175 0.912062
vt 0.503585 0.911206
vt 0.503701 0.912414
vt 0.938721 0.096302
vt 0.938390 0.097197
vt 0.933893 0.096281
vt 0.933884 0.097178
vt 0.929046 0.096300
vt 0.929359 0.097195
vt 0.631521 0.454280
vt 0.629163 0.450729
vt 0.625523 0.448214
vt 0.621108 0.447088
vt 0.538056 0.936572
vt 0.542523 0.936813
vt 0.574508 0.651719
vt 0.575397 0.656069
vt 0.574508 0.656774
vt 0.282519 0.683228
vt 0.281312 0.683780
vt 0.281312 0.681024
vt 0.573366 0.656829
vt 0.574251 0.660238
vt 0.573366 0.661705
vt 0.925447 0.097247
vt 0.942251 0.097251
vt 0.505677 0.913041
vt 0.498426 0.880406
vt 0.495664 0.880701
vt 0.498211 0.879192
vt 0.495972 0.879616
vt 0.496023 0.879125
vt 0.820785 0.470179
vt 0.501451 0.877816
vt 0.283752 0.672327
vt 0.282625 0.669013
vt 0.283752 0.667725
vt 0.573366 0.653130
vt 0.574261 0.651788
vt 0.574261 0.656829
vt 0.814281 0.468321
vt 0.810645 0.465721
vt 0.808243 0.462136
vt 0.807372 0.458012
vt 0.808141 0.453862
vt 0.272559 0.916100
vt 0.277092 0.915788
vt 0.276818 0.916691
vt 0.808980 0.454500
vt 0.811139 0.451082
vt 0.280465 0.916448
vt 0.283074 0.916283
vt 0.576471 0.656860
vt 0.575445 0.654646
vt 0.576471 0.651679
vt 0.281625 0.680196
vt 0.282519 0.676864
vt 0.282519 0.681024
vt 0.817593 0.448213
vt 0.818563 0.447208
vt 0.822861 0.448032
vt 0.821288 0.446693
vt 0.818407 0.446050
vt 0.820671 0.445737
vt 0.820477 0.445203
vt 0.810454 0.450201
vt 0.814472 0.448547
vt 0.814024 0.447484
vt 0.272586 0.916982
vt 0.267963 0.916423
vt 0.268296 0.917284
vt 0.264481 0.917559
vt 0.506303 0.880762
vt 0.502608 0.880085
vt 0.502691 0.878848
vt 0.509053 0.882353
vt 0.506650 0.879573
vt 0.509596 0.881277
vt 0.416286 0.597430
vt 0.421556 0.597440
vt 0.417273 0.598555
vt 0.420011 0.599008
vt 0.417151 0.599777
vt 0.419426 0.600004
vt 0.419252 0.600523
vt 0.412707 0.598631
vt 0.409015 0.596324
vt 0.406534 0.593143
vt 0.405572 0.589485
vt 0.406250 0.585802
vt 0.537024 0.555438
vt 0.532448 0.555752
vt 0.532688 0.554874
vt 0.511794 0.872940
vt 0.512463 0.873961
vt 0.509355 0.874597
vt 0.528933 0.555165
vt 0.505838 0.875540
vt 0.501682 0.875652
vt 0.498908 0.875702
vt 0.501630 0.876866
vt 0.499361 0.876713
vt 0.499483 0.877167
vt 0.505020 0.877816
vt 0.418397 0.578366
vt 0.408483 0.582554
vt 0.509850 0.875735
vt 0.411993 0.580144
vt 0.506083 0.876746
vt 0.509852 0.876877
vt 0.536960 0.554581
vt 0.541586 0.555160
vt 0.541218 0.554322
vt 0.544933 0.554129
vt 0.573366 0.669652
vt 0.574435 0.666447
vt 0.574435 0.671154
vt 0.267113 0.681108
vt 0.268308 0.682331
vt 0.267113 0.683820
vt 0.413125 0.597484
vt 0.411501 0.595610
vt 0.409678 0.595331
vt 0.407363 0.592362
vt 0.265391 0.870201
vt 0.268165 0.870250
vt 0.265444 0.871415
vt 0.267713 0.871261
vt 0.267592 0.871715
vt 0.611877 0.935179
vt 0.262054 0.872366
vt 0.260989 0.871297
vt 0.257217 0.871430
vt 0.257217 0.870289
vt 0.621942 0.939368
vt 0.624281 0.942616
vt 0.625079 0.946298
vt 0.624237 0.949957
vt 0.934313 0.167338
vt 0.929706 0.167341
vt 0.929978 0.166467
vt 0.623430 0.949176
vt 0.621212 0.952145
vt 0.926153 0.166477
vt 0.923278 0.166492
vt 0.619464 0.952424
vt 0.617836 0.954298
vt 0.614738 0.954244
vt 0.613722 0.955368
vt 0.609469 0.954253
vt 0.610981 0.955821
vt 0.613836 0.956590
vt 0.611566 0.956818
vt 0.611746 0.957337
vt 0.621860 0.953137
vt 0.618243 0.955444
vt 0.934279 0.166464
vt 0.938857 0.167343
vt 0.938521 0.166469
vt 0.942176 0.166479
vt 0.257711 0.869150
vt 0.255867 0.866851
vt 0.261232 0.870091
vt 0.255266 0.867495
vt 0.254597 0.868517
vt 0.923466 0.452579
vt 0.923919 0.453355
vt 0.919593 0.454962
vt 0.919088 0.456234
vt 0.574342 0.676521
vt 0.573366 0.680160
vt 0.284930 0.666871
vt 0.284068 0.665273
vt 0.623416 0.693703
vt 0.625828 0.697067
vt 0.626651 0.700899
vt 0.625779 0.704707
vt 0.623323 0.708001
vt 0.619600 0.710358
vt 0.615088 0.711476
vt 0.614994 0.710258
vt 0.619206 0.709215
vt 0.622682 0.707015
vt 0.624974 0.703940
vt 0.929097 0.096082
vt 0.929393 0.095212
vt 0.933779 0.096179
vt 0.933763 0.095304
vt 0.938394 0.096281
vt 0.938072 0.095399
vt 0.912678 0.456231
vt 0.912699 0.455005
vt 0.915837 0.456234
vt 0.915647 0.455007
vt 0.919154 0.453820
vt 0.922769 0.451595
vt 0.914185 0.454112
vt 0.941765 0.095486
vt 0.925523 0.095137
vt 0.280632 0.672423
vt 0.281625 0.673847
vt 0.280632 0.676927
vt 0.574508 0.682374
vt 0.575706 0.680108
vt 0.575706 0.682981
vt 0.619617 0.708053
vt 0.614976 0.709311
vt 0.408354 0.354599
vt 0.403798 0.353490
vt 0.399994 0.351136
vt 0.397431 0.347840
vt 0.396439 0.344027
vt 0.397148 0.340189
vt 0.399464 0.336820
vt 0.574508 0.663386
vt 0.575369 0.661787
vt 0.575369 0.666524
vt 0.575507 0.680108
vt 0.574508 0.676536
vt 0.575507 0.675723
vt 0.905103 0.486854
vt 0.905609 0.488126
vt 0.900774 0.485242
vt 0.901227 0.484465
vt 0.901924 0.483482
vt 0.905542 0.485712
vt 0.908863 0.488126
vt 0.909052 0.486900
vt 0.912021 0.488120
vt 0.912000 0.486894
vt 0.928970 0.143677
vt 0.929272 0.142816
vt 0.933638 0.143659
vt 0.933629 0.142800
vt 0.938290 0.143677
vt 0.937971 0.142816
vt 0.398258 0.347072
vt 0.400650 0.350148
vt 0.404201 0.352346
vt 0.408454 0.353381
vt 0.408506 0.352434
vt 0.403817 0.351184
vt 0.400108 0.348502
vt 0.941738 0.142863
vt 0.925461 0.142863
vt 0.910515 0.486005
vt 0.718786 0.525534
vt 0.717351 0.529170
vt 0.714457 0.532152
vt 0.710466 0.534106
vt 0.705880 0.534787
vt 0.701273 0.534111
vt 0.697222 0.532160
vt 0.694236 0.529181
vt 0.692688 0.525547
vt 0.693570 0.524940
vt 0.695015 0.528332
vt 0.697802 0.531113
vt 0.701583 0.532933
vt 0.705884 0.533565
vt 0.710165 0.532929
vt 0.713890 0.531105
vt 0.716591 0.528322
vt 0.717931 0.524928
vt 0.931525 0.213936
vt 0.927324 0.213731
vt 0.923790 0.213564
vt 0.278377 0.681498
vt 0.277570 0.683028
vt 0.277570 0.679084
vt 0.281739 0.670858
vt 0.280633 0.672423
vt 0.283511 0.679174
vt 0.282625 0.681157
vt 0.282625 0.676852
vt 0.284068 0.660428
vt 0.285220 0.662864
vt 0.575507 0.678085
vt 0.576396 0.675723
vt 0.574482 0.666447
vt 0.573366 0.664834
vt 0.574482 0.661705
vt 0.276752 0.681571
vt 0.277570 0.683087
vt 0.282611 0.676864
vt 0.281625 0.676129
vt 0.282611 0.672423
vt 0.426267 0.953342
vt 0.422858 0.953251
vt 0.418715 0.953181
vt 0.043824 0.447624
vt 0.044124 0.464064
vt 0.044137 0.480262
vt 0.044161 0.495901
vt 0.044194 0.510669
vt 0.044237 0.524272
vt 0.044289 0.536440
vt 0.864334 0.243285
vt 0.858343 0.256389
vt 0.853555 0.270760
vt 0.850065 0.286112
vt 0.847943 0.302140
vt 0.847231 0.318525
vt 0.847943 0.334941
vt 0.850065 0.351062
vt 0.853555 0.366566
vt 0.858343 0.381145
vt 0.864334 0.394509
vt 0.330226 0.010009
vt 0.329976 0.021618
vt 0.329762 0.034751
vt 0.329591 0.049146
vt 0.329465 0.064515
vt 0.329387 0.080555
vt 0.329059 0.096944
vt 0.329643 0.096946
vt 0.044404 0.447634
vt 0.044975 0.510408
vt 0.879426 0.221892
vt 0.871409 0.231709
vt 0.871409 0.406392
vt 0.879426 0.416557
vt 0.330550 0.035034
vt 0.329354 0.116211
vt 0.329350 0.135477
vt 0.329345 0.154743
vt 0.329612 0.231809
vt 0.329332 0.212541
vt 0.329337 0.193275
vt 0.329341 0.174009
vt 0.329029 0.231806
vt 0.044125 0.428376
vt 0.044128 0.409123
vt 0.044132 0.389870
vt 0.043848 0.312855
vt 0.044142 0.332112
vt 0.044139 0.351365
vt 0.044135 0.370617
vt 0.044428 0.312865
vt 0.329351 0.232112
vt 0.329637 0.232908
vt 0.330423 0.233377
vt 0.330837 0.233042
vt 0.329916 0.233795
vt 0.044169 0.312555
vt 0.044455 0.311761
vt 0.045238 0.311304
vt 0.044736 0.310869
vt 0.045643 0.311663
vt 0.347655 0.254374
vt 0.353213 0.260987
vt 0.370693 0.281779
vt 0.376046 0.288564
vt 0.376451 0.288225
vt 0.353843 0.260470
vt 0.068667 0.284247
vt 0.062485 0.290310
vt 0.085540 0.262922
vt 0.068048 0.283701
vt 0.090899 0.256136
vt 0.091301 0.256485
vt 0.377026 0.289272
vt 0.377989 0.289828
vt 0.377991 0.289443
vt 0.092014 0.255336
vt 0.092844 0.255261
vt 0.092844 0.254872
vt 0.477451 0.289828
vt 0.477453 0.289443
vt 0.192328 0.255261
vt 0.192328 0.254872
vt 0.478430 0.289263
vt 0.478678 0.289044
vt 0.479000 0.288225
vt 0.479396 0.288564
vt 0.193306 0.255440
vt 0.193554 0.255659
vt 0.194272 0.256136
vt 0.193872 0.256485
vt 0.505054 0.257650
vt 0.525553 0.233795
vt 0.525060 0.233377
vt 0.501644 0.260470
vt 0.522473 0.743770
vt 0.216501 0.284247
vt 0.219920 0.287036
vt 0.239917 0.311304
vt 0.240416 0.310869
vt 0.239516 0.311663
vt 0.525703 0.233115
vt 0.526440 0.231806
vt 0.525866 0.231809
vt 0.525159 0.232514
vt 0.240564 0.311554
vt 0.240725 0.312865
vt 0.241303 0.312855
vt 0.526149 0.212541
vt 0.526153 0.193275
vt 0.526158 0.174009
vt 0.525897 0.096946
vt 0.526171 0.116211
vt 0.526166 0.135477
vt 0.526162 0.154743
vt 0.526470 0.096944
vt 0.241003 0.332112
vt 0.240999 0.351365
vt 0.240996 0.370617
vt 0.241279 0.447624
vt 0.240985 0.428376
vt 0.240989 0.409123
vt 0.240992 0.389870
vt 0.240701 0.447634
vt 0.526204 0.080555
vt 0.526282 0.064516
vt 0.526408 0.049146
vt 0.526579 0.034751
vt 0.526792 0.021618
vt 0.527043 0.010009
vt 0.471322 0.565058
vt 0.471209 0.565722
vt 0.457716 0.557619
vt 0.457624 0.558295
vt 0.442940 0.551789
vt 0.442871 0.552473
vt 0.427287 0.547683
vt 0.427243 0.548374
vt 0.411069 0.545383
vt 0.411050 0.546078
vt 0.394609 0.544935
vt 0.394616 0.545631
vt 0.378234 0.546348
vt 0.378267 0.547041
vt 0.362270 0.549594
vt 0.362327 0.550282
vt 0.347035 0.554608
vt 0.347116 0.555288
vt 0.332831 0.561290
vt 0.332934 0.561960
vt 0.241208 0.546931
vt 0.241149 0.536440
vt 0.241098 0.524272
vt 0.241055 0.510669
vt 0.241021 0.495901
vt 0.240998 0.480262
vt 0.240984 0.464064
vt 0.525515 0.064666
vt 0.525640 0.049364
vt 0.525810 0.035034
vt 0.493819 0.584774
vt 0.483354 0.574607
vt 0.320065 0.570165
vt 0.308764 0.579739
vt 0.299257 0.590493
vt 0.240279 0.510408
vt 0.240245 0.495706
vt 0.821448 0.626425
vt 0.821144 0.626335
vt 0.820498 0.626501
vt 0.820251 0.626577
vt 0.077094 0.957022
vt 0.821396 0.626123
vt 0.853147 0.620073
vt 0.853094 0.619771
vt 0.853782 0.619809
vt 0.854054 0.619774
vt 0.854639 0.619724
vt 0.854906 0.619929
vt 0.854831 0.619500
vt 0.932869 0.618984
vt 0.932794 0.618555
vt 0.414918 0.756002
vt 0.933264 0.618789
vt 0.284248 0.586602
vt 0.284532 0.587047
vt 0.284092 0.587047
vt 0.414941 0.755770
vt 0.415022 0.755171
vt 0.415221 0.754915
vt 0.414918 0.754855
vt 0.420842 0.723132
vt 0.420538 0.723072
vt 0.420743 0.722817
vt 0.420893 0.722121
vt 0.420962 0.721839
vt 0.821433 0.589191
vt 0.821182 0.588979
vt 0.820536 0.588803
vt 0.820290 0.588720
vt 0.114952 0.956926
vt 0.821486 0.588892
vt 0.853119 0.595742
vt 0.853172 0.595443
vt 0.853807 0.595706
vt 0.854078 0.595740
vt 0.854664 0.595782
vt 0.854855 0.596000
vt 0.854931 0.595574
vt 0.932818 0.595055
vt 0.932894 0.594629
vt 0.390949 0.756707
vt 0.933289 0.594808
vt 0.283417 0.586602
vt 0.283778 0.586890
vt 0.283417 0.587136
vt 0.390919 0.756476
vt 0.390814 0.755883
vt 0.390901 0.755561
vt 0.390604 0.755639
vt 0.383625 0.724157
vt 0.383328 0.724235
vt 0.383407 0.723915
vt 0.383214 0.723229
vt 0.383125 0.722952
vt 0.281893 0.586875
vt 0.281630 0.587281
vt 0.281630 0.586602
vt 0.307948 0.761529
vt 0.308698 0.762206
vt 0.308481 0.762517
vt 0.308063 0.762441
vt 0.308445 0.761749
vt 0.309024 0.761884
vt 0.308966 0.762535
vt 0.308764 0.762904
vt 0.308710 0.763736
vt 0.308630 0.764208
vt 0.308457 0.764121
vt 0.308367 0.746522
vt 0.308008 0.731215
vt 0.307649 0.715908
vt 0.305434 0.654383
vt 0.305931 0.654603
vt 0.306572 0.669989
vt 0.306931 0.685295
vt 0.307290 0.700602
vt 0.306510 0.654738
vt 0.308325 0.764423
vt 0.308482 0.764472
vt 0.307058 0.643176
vt 0.310114 0.631914
vt 0.306287 0.642780
vt 0.315306 0.621165
vt 0.322511 0.611190
vt 0.331553 0.602228
vt 0.342216 0.594495
vt 0.354243 0.588176
vt 0.367344 0.583425
vt 0.381205 0.580355
vt 0.395491 0.579041
vt 0.409859 0.579513
vt 0.423963 0.581761
vt 0.437464 0.585730
vt 0.450036 0.591325
vt 0.461377 0.598412
vt 0.471214 0.606819
vt 0.479311 0.616344
vt 0.485471 0.626759
vt 0.489548 0.637812
vt 0.491724 0.649142
vt 0.492220 0.648892
vt 0.491147 0.649310
vt 0.301102 0.790680
vt 0.299426 0.796738
vt 0.297160 0.805738
vt 0.296814 0.805633
vt 0.299430 0.795253
vt 0.194272 0.277161
vt 0.492484 0.664524
vt 0.493525 0.679810
vt 0.494566 0.695097
vt 0.499506 0.755898
vt 0.499010 0.756147
vt 0.497688 0.740956
vt 0.496647 0.725670
vt 0.495606 0.710383
vt 0.498432 0.756316
vt 0.193696 0.276559
vt 0.193219 0.275938
vt 0.193108 0.276188
vt 0.296758 0.807108
vt 0.296727 0.806458
vt 0.498791 0.756618
vt 0.498547 0.756962
vt 0.499469 0.756814
vt 0.499042 0.756915
vt 0.192828 0.275837
vt 0.296544 0.807553
vt 0.193020 0.276397
vt 0.192346 0.276049
vt 0.192449 0.275803
vt 0.192558 0.275506
vt 0.498783 0.757317
vt 0.498896 0.758145
vt 0.499177 0.758515
vt 0.499005 0.758611
vt 0.192253 0.275600
vt 0.192016 0.275425
vt 0.192018 0.275983
vt 0.281997 0.586602
vt 0.281997 0.587207
vt 0.192017 0.275727
vt 0.499171 0.758867
vt 0.499329 0.758808
vt 0.093249 0.275425
vt 0.093251 0.275727
vt 0.093252 0.275983
vt 0.500652 0.762884
vt 0.500144 0.761415
vt 0.506395 0.779495
vt 0.512106 0.796124
vt 0.511891 0.794107
vt 0.513360 0.799267
vt 0.479596 0.268085
vt 0.513009 0.799393
vt 0.093006 0.275601
vt 0.092707 0.275506
vt 0.092924 0.276049
vt 0.891762 0.499810
vt 0.891497 0.499992
vt 0.891882 0.499937
vt 0.092819 0.275803
vt 0.513429 0.799899
vt 0.513487 0.800737
vt 0.513779 0.800849
vt 0.478538 0.269291
vt 0.479136 0.268532
vt 0.092439 0.275837
vt 0.891174 0.499948
vt 0.890746 0.500172
vt 0.092162 0.276188
vt 0.092048 0.275938
vt 0.282398 0.587173
vt 0.282895 0.586602
vt 0.282911 0.587173
vt 0.513726 0.801168
vt 0.478148 0.269396
vt 0.478431 0.269055
vt 0.477874 0.269715
vt 0.477769 0.269432
vt 0.283281 0.586826
vt 0.283009 0.586602
vt 0.091458 0.276712
vt 0.090998 0.277161
vt 0.889232 0.500261
vt 0.889870 0.500211
vt 0.889422 0.500606
vt 0.890801 0.499893
vt 0.283365 0.587137
vt 0.477672 0.269202
vt 0.477578 0.269625
vt 0.477336 0.269505
vt 0.575898 0.359484
vt 0.477330 0.269794
vt 0.884236 0.501548
vt 0.886265 0.501391
vt 0.870364 0.506479
vt 0.854472 0.511599
vt 0.850562 0.512771
vt 0.853067 0.512053
vt 0.850639 0.512928
vt 0.497936 0.360429
vt 0.378592 0.269505
vt 0.378586 0.269794
vt 0.850289 0.512911
vt 0.850403 0.513083
vt 0.378353 0.269626
vt 0.378599 0.269265
vt 0.497823 0.360565
vt 0.497550 0.360381
vt 0.378045 0.269715
vt 0.378161 0.269432
vt 0.849962 0.513174
vt 0.849222 0.513249
vt 0.190877 0.999462
vt 0.190659 0.999048
vt 0.191153 0.999256
vt 0.191367 1.000000
vt 0.068042 0.314014
vt 0.497203 0.360425
vt 0.377760 0.269383
vt 0.377388 0.269291
vt 0.496855 0.360490
vt 0.496800 0.360202
vt 0.068135 0.314475
vt 0.191580 0.999518
vt 0.190919 0.998812
vt 0.191159 0.998437
vt 0.191662 0.998591
vt 0.190577 0.998346
vt 0.496107 0.360220
vt 0.376918 0.268682
vt 0.376345 0.268085
vt 0.495287 0.360108
vt 0.495477 0.359756
vt 0.190620 0.981126
vt 0.190364 0.963869
vt 0.190108 0.946612
vt 0.188785 0.877546
vt 0.189340 0.894841
vt 0.189596 0.912098
vt 0.189852 0.929355
vt 0.189367 0.877638
vt 0.189870 0.877792
vt 0.486989 0.357160
vt 0.481304 0.355259
vt 0.456720 0.346905
vt 0.456643 0.347063
vt 0.188551 0.864751
vt 0.187776 0.864651
vt 0.185015 0.852065
vt 0.184270 0.852071
vt 0.918732 0.230974
vt 0.919296 0.231708
vt 0.911186 0.237212
vt 0.903712 0.244704
vt 0.897056 0.254004
vt 0.891376 0.264888
vt 0.886810 0.277095
vt 0.883468 0.290331
vt 0.881430 0.304276
vt 0.880745 0.318596
vt 0.881430 0.332946
vt 0.883468 0.346980
vt 0.886810 0.360360
vt 0.891376 0.372766
vt 0.897056 0.383897
vt 0.903712 0.393486
vt 0.911186 0.401303
vt 0.919296 0.407159
vt 0.008089 0.852511
vt 0.008817 0.852513
vt 0.004428 0.865214
vt 0.005186 0.865111
vt 0.003472 0.878105
vt 0.004047 0.878011
vt 0.178649 0.840147
vt 0.171049 0.829166
vt 0.161652 0.819392
vt 0.150685 0.811060
vt 0.138412 0.804370
vt 0.886093 0.282242
vt 0.125128 0.799484
vt 0.883138 0.296368
vt 0.111153 0.796520
vt 0.881641 0.311119
vt 0.096823 0.795548
vt 0.881641 0.326102
vt 0.082483 0.796592
vt 0.883138 0.340918
vt 0.068478 0.799627
vt 0.886093 0.355172
vt 0.055145 0.804579
vt 0.042806 0.811331
vt 0.031757 0.819719
vt 0.022264 0.829541
vt 0.014555 0.840560
vt 0.002982 0.878262
vt 0.456484 0.346745
vt 0.456369 0.346919
vt 0.003326 0.895309
vt 0.002900 0.912567
vt 0.002474 0.929826
vt 0.001066 0.998823
vt 0.001196 0.981603
vt 0.001622 0.964344
vt 0.002048 0.947085
vt 0.000491 0.998917
vt -0.000000 0.999074
vt 0.456044 0.346647
vt 0.455304 0.346555
vt 0.000754 0.999940
vt 0.000975 0.999525
vt 0.283778 0.586602
vt 0.284092 0.586769
vt 0.283778 0.587106
vt 0.281294 0.586602
vt 0.281572 0.587329
vt 0.353618 0.231814
vt 0.000722 0.999291
vt 0.000488 0.999735
vt 0.000069 1.000000
vt 0.034368 0.336911
vt 0.035017 0.356582
vt 0.035667 0.376253
vt 0.036316 0.395923
vt 0.036966 0.415594
vt 0.037615 0.435264
vt 0.023700 0.022204
vt 0.024626 0.041852
vt 0.025275 0.061523
vt 0.025925 0.081193
vt 0.024268 0.022186
vt 0.026574 0.100864
vt 0.027224 0.120535
vt 0.027873 0.140205
vt 0.028523 0.159876
vt 0.029172 0.179546
vt 0.029822 0.199217
vt 0.030471 0.218888
vt 0.031121 0.238558
vt 0.031770 0.258229
vt 0.032419 0.277900
vt 0.033069 0.297570
vt 0.033718 0.317241
vt 0.322952 0.109485
vt 0.322290 0.129329
vt 0.321627 0.149174
vt 0.320965 0.169018
vt 0.320303 0.188863
vt 0.319641 0.208707
vt 0.318978 0.228551
vt 0.318316 0.248396
vt 0.317654 0.268240
vt 0.316992 0.288084
vt 0.316329 0.307929
vt 0.315667 0.327773
vt 0.315005 0.347617
vt 0.314343 0.367462
vt 0.313680 0.387306
vt 0.308771 0.526201
vt 0.313018 0.407151
vt 0.312356 0.426995
vt 0.311694 0.446839
vt 0.311031 0.466684
vt 0.310369 0.486528
vt 0.309707 0.506372
vt 0.309334 0.526208
vt 0.239806 0.771888
vt 0.239792 0.746844
vt 0.240723 0.772020
vt 0.239777 0.721667
vt 0.239763 0.696491
vt 0.238550 0.696491
vt 0.238535 0.671315
vt 0.238593 0.771525
vt 0.238579 0.746845
vt 0.238564 0.721668
vt 0.238478 0.571104
vt 0.238492 0.595784
vt 0.238506 0.620961
vt 0.238521 0.646138
vt 0.239734 0.646137
vt 0.239748 0.671314
vt 0.240607 0.570605
vt 0.239705 0.595783
vt 0.239690 0.570739
vt 0.239719 0.620960
vt 0.000008 0.003356
vt 0.011819 0.001530
vt 0.000331 0.002166
vt 0.229969 0.559181
vt 0.228962 0.559807
vt 0.218906 0.548359
vt 0.219656 0.547806
vt 0.220389 0.547439
vt 0.023310 0.001151
vt 0.023682 0.002055
vt 0.024259 0.002046
vt 0.308745 0.542834
vt 0.309318 0.542832
vt 0.285477 0.542697
vt 0.297091 0.543963
vt 0.285801 0.543895
vt 0.230099 0.783446
vt 0.229091 0.782822
vt 0.219048 0.794270
vt 0.308382 0.543765
vt 0.220532 0.795188
vt 0.219798 0.794823
vt 0.024881 0.001123
vt 0.023964 0.000943
vt 0.024883 0.000360
vt 0.218641 0.547301
vt 0.219735 0.547080
vt 0.219290 0.547893
vt 0.218355 0.548085
vt 0.247493 0.435262
vt 0.248149 0.415592
vt 0.248806 0.395921
vt 0.249462 0.376251
vt 0.250119 0.356580
vt 0.250775 0.336910
vt 0.251432 0.317239
vt 0.252089 0.297569
vt 0.252745 0.277898
vt 0.253402 0.258228
vt 0.254058 0.238557
vt 0.254715 0.218887
vt 0.255371 0.199216
vt 0.256028 0.179546
vt 0.256684 0.159875
vt 0.261558 0.022204
vt 0.257341 0.140205
vt 0.257998 0.120534
vt 0.258654 0.100864
vt 0.259311 0.081193
vt 0.259967 0.061523
vt 0.260624 0.041852
vt 0.260988 0.022186
vt 0.535842 0.208705
vt 0.535189 0.188861
vt 0.534536 0.169016
vt 0.533882 0.149172
vt 0.533229 0.129327
vt 0.532576 0.109483
vt 0.546574 0.526201
vt 0.545642 0.506372
vt 0.544988 0.486528
vt 0.544335 0.466683
vt 0.546001 0.526208
vt 0.543682 0.446839
vt 0.543028 0.426994
vt 0.542375 0.407150
vt 0.541722 0.387305
vt 0.541069 0.367461
vt 0.540415 0.347616
vt 0.539762 0.327772
vt 0.539109 0.307927
vt 0.538455 0.288083
vt 0.537802 0.268239
vt 0.537149 0.248394
vt 0.536496 0.228550
vt 0.218497 0.794544
vt 0.219432 0.794735
vt 0.218784 0.795327
vt 0.219878 0.795547
vt 0.309952 0.544550
vt 0.309029 0.543956
vt 0.309941 0.543761
vt 0.051048 0.000845
vt 0.077215 0.000845
vt 0.103382 0.000845
vt 0.103387 -0.000000
vt 0.129554 -0.000000
vt 0.130252 0.547801
vt 0.152297 0.547801
vt 0.108207 0.547801
vt 0.086162 0.547801
vt 0.155721 -0.000000
vt 0.181888 -0.000000
vt 0.155716 0.000845
vt 0.181883 0.000845
vt 0.260384 0.001123
vt 0.051053 -0.000000
vt 0.077220 -0.000000
vt 0.174342 0.547801
vt 0.196387 0.547801
vt 0.019951 0.548085
vt 0.042072 0.547801
vt 0.064117 0.547801
vt 0.208055 -0.000000
vt 0.020236 0.547301
vt 0.234222 -0.000000
vt 0.260386 0.000360
vt 0.234217 0.000845
vt 0.208050 0.000845
vt 0.129549 0.000845
vt 0.261584 0.002055
vt 0.261004 0.002046
vt 0.546594 0.542834
vt 0.546010 0.542832
vt 0.196529 0.794828
vt 0.174484 0.794828
vt 0.152439 0.794828
vt 0.388446 0.544935
vt 0.362285 0.544935
vt 0.388427 0.544046
vt 0.414588 0.544046
vt 0.440750 0.544046
vt 0.466911 0.544046
vt 0.440769 0.544935
vt 0.466930 0.544935
vt 0.108349 0.794828
vt 0.086304 0.794828
vt 0.020093 0.794544
vt 0.336124 0.544935
vt 0.336105 0.544046
vt 0.362266 0.544046
vt 0.545391 0.543761
vt 0.519233 0.544046
vt 0.493072 0.544046
vt 0.545403 0.544550
vt 0.519252 0.544935
vt 0.493091 0.544935
vt 0.064259 0.794828
vt 0.042214 0.794828
vt 0.020379 0.795327
vt 0.130394 0.794828
vt 0.414607 0.544935
vt 0.261960 0.001151
vt 0.261303 0.000943
vt 0.844289 0.488007
vt 0.844657 0.488458
vt 0.843923 0.488877
vt 0.261596 0.000384
vt 0.261307 0.000163
vt 0.843838 0.489206
vt 0.843375 0.489591
vt 0.019399 0.548359
vt 0.019339 0.547893
vt 0.621480 0.422939
vt 0.621148 0.427590
vt 0.620666 0.444729
vt 0.620837 0.431621
vt 0.620551 0.435002
vt 0.620091 0.444822
vt 0.620291 0.437705
vt 0.620061 0.439710
vt 0.619861 0.441001
vt 0.619600 0.444977
vt 0.019541 0.794270
vt 0.019481 0.794735
vt 0.597494 0.489591
vt 0.597027 0.489206
vt 0.596937 0.488877
vt 0.546620 0.544551
vt 0.546333 0.544777
vt 0.546316 0.543956
vt 0.596219 0.488458
vt 0.596571 0.488007
vt 0.546979 0.543765
vt 0.832383 0.483321
vt 0.844417 0.487117
vt 0.285477 0.003356
vt 0.831761 0.484395
vt 0.820663 0.478394
vt 0.820305 0.479563
vt -0.000000 0.571104
vt 0.009505 0.559807
vt 0.619748 0.446141
vt 0.620224 0.445345
vt 0.620618 0.445744
vt 0.620139 0.446780
vt 0.620292 0.447201
vt 0.596121 0.562280
vt 0.595979 0.562727
vt 0.595979 0.561662
vt 0.537181 0.936741
vt 0.009929 0.783177
vt 0.000502 0.771683
vt 0.608424 0.484542
vt 0.607799 0.483471
vt 0.619201 0.479206
vt 0.618835 0.478336
vt 0.581347 0.639723
vt 0.580439 0.651321
vt 0.580439 0.639502
vt 0.618717 0.477446
vt 0.619758 0.479920
vt 0.795746 0.478394
vt 0.770696 0.478394
vt 0.745647 0.478394
vt 0.745653 0.479563
vt 0.720604 0.479563
vt 0.000057 0.670818
vt 0.000043 0.645765
vt 0.795753 0.479563
vt 0.770703 0.479563
vt 0.000029 0.620712
vt 0.000014 0.595660
vt 0.000115 0.771029
vt 0.000101 0.745976
vt 0.000086 0.720923
vt 0.000072 0.695871
vt 0.695554 0.479563
vt 0.670505 0.479563
vt 0.695548 0.478394
vt 0.720597 0.478394
vt 0.645455 0.479563
vt 0.620405 0.479563
vt 0.645448 0.478394
vt 0.620399 0.478394
vt 0.670498 0.478394
vt 0.565234 0.507656
vt 0.614879 0.447845
vt 0.615047 0.448305
vt 0.615298 0.448784
vt 0.611007 0.452724
vt 0.611491 0.453161
vt 0.608495 0.457666
vt 0.609107 0.457971
vt 0.608179 0.460171
vt 0.608680 0.460393
vt 0.608097 0.462487
vt 0.431516 0.937289
vt 0.430839 0.935330
vt 0.432130 0.937242
vt 0.432390 0.939319
vt 0.432193 0.941426
vt 0.431540 0.943515
vt 0.430447 0.945526
vt 0.428943 0.947392
vt 0.596180 0.619808
vt 0.595816 0.621478
vt 0.595816 0.618368
vt 0.283998 0.683216
vt 0.283511 0.682094
vt 0.283998 0.680721
vt 0.515852 0.928588
vt 0.515904 0.925504
vt 0.516347 0.928573
vt 0.516400 0.925492
vt 0.516948 0.928560
vt 0.516977 0.925459
vt 0.517605 0.928550
vt 0.517588 0.925406
vt 0.518247 0.928544
vt 0.518176 0.925338
vt 0.518806 0.928542
vt 0.518686 0.925261
vt 0.519238 0.928545
vt 0.519085 0.925184
vt 0.560221 0.531852
vt 0.562429 0.533295
vt 0.564873 0.534329
vt 0.517453 0.914810
vt 0.518694 0.921731
vt 0.518335 0.921872
vt 0.279393 0.581791
vt 0.279393 0.587357
vt 0.278353 0.582367
vt 0.516742 0.915418
vt 0.517878 0.922010
vt 0.517349 0.922131
vt 0.615622 0.449242
vt 0.615994 0.449643
vt 0.616384 0.449957
vt 0.612474 0.453790
vt 0.575445 0.661679
vt 0.575445 0.656860
vt 0.575987 0.661572
vt 0.612877 0.453939
vt 0.609971 0.458324
vt 0.430265 0.933392
vt 0.426794 0.930363
vt 0.532506 0.939687
vt 0.532816 0.940022
vt 0.528377 0.942020
vt 0.276933 0.586159
vt 0.277330 0.581578
vt 0.277330 0.587612
vt 0.431417 0.935247
vt 0.429736 0.933479
vt 0.609612 0.458195
vt 0.515761 0.922314
vt 0.516248 0.922287
vt 0.516791 0.922226
vt 0.515672 0.915887
vt 0.558322 0.530055
vt 0.519152 0.931698
vt 0.518694 0.931598
vt 0.518096 0.931508
vt 0.517410 0.931443
vt 0.516716 0.931414
vt 0.516098 0.931420
vt 0.515612 0.931456
vt 0.556796 0.527970
vt 0.518831 0.934536
vt 0.518362 0.934321
vt 0.517740 0.934126
vt 0.517021 0.933984
vt 0.516301 0.933919
vt 0.515674 0.933934
vt 0.429911 0.945386
vt 0.605732 0.469906
vt 0.604563 0.467729
vt 0.606268 0.469683
vt 0.605259 0.468067
vt 0.518292 0.936966
vt 0.517831 0.936626
vt 0.517205 0.936318
vt 0.516472 0.936096
vt 0.515737 0.936001
vt 0.515104 0.936039
vt 0.430957 0.943389
vt 0.604684 0.466147
vt 0.604089 0.465077
vt 0.604553 0.463986
vt 0.604333 0.462086
vt 0.604753 0.461029
vt 0.604868 0.461642
vt 0.605546 0.459049
vt 0.605623 0.459177
vt 0.606802 0.456665
vt 0.606165 0.459371
vt 0.607270 0.456968
vt 0.606826 0.459622
vt 0.607854 0.457315
vt 0.607532 0.459902
vt 0.595770 0.566714
vt 0.595770 0.561662
vt 0.595979 0.564401
vt 0.608600 0.453906
vt 0.595968 0.569192
vt 0.610286 0.451839
vt 0.610596 0.452268
vt 0.614472 0.447922
vt 0.612433 0.449680
vt 0.615766 0.446812
vt 0.606185 0.461827
vt 0.605466 0.461700
vt 0.605921 0.463885
vt 0.605177 0.463894
vt 0.606938 0.462019
vt 0.607606 0.462252
vt 0.606027 0.465779
vt 0.605295 0.465917
vt 0.606694 0.463981
vt 0.607370 0.464174
vt 0.431181 0.939270
vt 0.430949 0.937270
vt 0.431761 0.939304
vt 0.516523 0.938038
vt 0.517127 0.938455
vt 0.606508 0.467485
vt 0.605824 0.467728
vt 0.606789 0.465778
vt 0.607461 0.465927
vt 0.431005 0.941296
vt 0.431575 0.941347
vt 0.515799 0.937741
vt 0.515061 0.937623
vt 0.430418 0.943336
vt 0.611998 0.453528
vt 0.280117 0.581578
vt 0.280117 0.586990
vt 0.279702 0.581699
vt 0.619794 0.478245
vt 0.619358 0.479306
vt 0.283009 0.586735
vt 0.282911 0.587183
vt 0.282911 0.586602
vt 0.619357 0.477841
vt 0.619208 0.477291
vt 0.619783 0.477197
vt 0.619385 0.470770
vt 0.618894 0.470925
vt 0.619546 0.470252
vt 0.278734 0.581578
vt 0.516893 0.914448
vt 0.516400 0.914408
vt 0.516080 0.915606
vt 0.596120 0.563782
vt 0.596120 0.564837
vt 0.595979 0.564392
vt 0.285127 0.625669
vt 0.285384 0.626240
vt 0.285127 0.626877
vt 0.619960 0.470677
vt 0.280682 0.586602
vt 0.280682 0.587601
vt 0.280117 0.586648
vt 0.817373 0.203292
vt 0.816866 0.203119
vt 0.817857 0.309815
vt 0.817644 0.292022
vt 0.817431 0.274229
vt 0.817217 0.256436
vt 0.817004 0.238643
vt 0.816791 0.220850
vt 0.816274 0.203014
vt 0.818924 0.398779
vt 0.818710 0.380986
vt 0.818497 0.363193
vt 0.818284 0.345400
vt 0.818070 0.327607
vt 0.819137 0.416572
vt 0.276485 0.311472
vt 0.277165 0.310973
vt 0.816722 0.202600
vt 0.285127 0.624989
vt 0.285392 0.624410
vt 0.285392 0.625669
vt 0.281294 0.586625
vt 0.280682 0.587597
vt 0.528283 0.504844
vt 0.528802 0.504710
vt 0.528534 0.505804
vt 0.529340 0.505829
vt 0.529615 0.506155
vt 0.273608 0.310506
vt 0.273516 0.310968
vt 0.527901 0.509418
vt 0.528316 0.509563
vt 0.528489 0.516845
vt 0.529082 0.516835
vt 0.529583 0.520238
vt 0.530240 0.520146
vt 0.530972 0.523178
vt 0.531589 0.523078
vt 0.532472 0.525678
vt 0.515463 0.813778
vt 0.513940 0.811765
vt 0.516016 0.813646
vt 0.517092 0.815816
vt 0.528792 0.509674
vt 0.529696 0.516797
vt 0.530841 0.520057
vt 0.532075 0.523026
vt 0.532954 0.525678
vt 0.514437 0.811648
vt 0.530266 0.509747
vt 0.529800 0.509766
vt 0.529298 0.509743
vt 0.530273 0.516736
vt 0.284888 0.581578
vt 0.285439 0.584335
vt 0.284888 0.586766
vt 0.530767 0.516660
vt 0.531333 0.519980
vt 0.573807 0.680160
vt 0.574267 0.680913
vt 0.573807 0.682829
vt 0.596174 0.608554
vt 0.596174 0.611874
vt 0.595816 0.611004
vt 0.517633 0.818075
vt 0.517627 0.820353
vt 0.516633 0.823604
vt 0.514519 0.826536
vt 0.511445 0.828881
vt 0.539819 0.594373
vt 0.541516 0.590843
vt 0.543259 0.587955
vt 0.277840 0.584678
vt 0.277330 0.587605
vt 0.278377 0.682828
vt 0.278377 0.679084
vt 0.279194 0.679393
vt 0.816951 0.179049
vt 0.819278 0.181422
vt 0.816457 0.180100
vt 0.818948 0.181757
vt 0.278749 0.682960
vt 0.818613 0.182007
vt 0.821552 0.183642
vt 0.541841 0.591171
vt 0.821175 0.183857
vt 0.824779 0.186815
vt 0.540245 0.594705
vt 0.824381 0.186979
vt 0.827346 0.190368
vt 0.826974 0.190505
vt 0.514021 0.826442
vt 0.516054 0.823500
vt 0.516995 0.820323
vt 0.517000 0.818120
vt 0.516489 0.815923
vt 0.817069 0.177918
vt 0.820121 0.179655
vt 0.820010 0.180102
vt 0.819827 0.180566
vt 0.822931 0.181990
vt 0.822665 0.182466
vt 0.826590 0.185258
vt 0.826197 0.185718
vt 0.829547 0.189010
vt 0.829016 0.189403
vt 0.831562 0.192878
vt 0.830900 0.193135
vt 0.832521 0.196523
vt 0.831776 0.196578
vt 0.832564 0.198765
vt 0.831816 0.198673
vt 0.832113 0.200760
vt 0.831407 0.200545
vt 0.531381 0.528407
vt 0.530813 0.528832
vt 0.529845 0.526515
vt 0.530434 0.526217
vt 0.529021 0.523668
vt 0.529604 0.523492
vt 0.528385 0.520395
vt 0.528941 0.520324
vt 0.527973 0.516827
vt 0.272680 0.338257
vt 0.269641 0.337444
vt 0.265856 0.335381
vt 0.595869 0.572897
vt 0.596208 0.571361
vt 0.596208 0.575078
vt 0.575838 0.671165
vt 0.576427 0.672921
vt 0.575838 0.675417
vt 0.829968 0.188657
vt 0.828627 0.186179
vt 0.830749 0.189120
vt 0.832106 0.192680
vt 0.832346 0.192166
vt 0.833348 0.195179
vt 0.833144 0.196550
vt 0.833709 0.198025
vt 0.833191 0.198952
vt 0.833412 0.200575
vt 0.832699 0.201078
vt 0.832473 0.202715
vt 0.280575 0.681794
vt 0.280103 0.679807
vt 0.280575 0.679084
vt 0.271689 0.681752
vt 0.272174 0.681108
vt 0.272174 0.683353
vt 0.261737 0.317133
vt 0.263400 0.314947
vt 0.265509 0.313119
vt 0.267981 0.311731
vt 0.819578 0.181016
vt 0.822329 0.182924
vt 0.825733 0.186161
vt 0.828423 0.189793
vt 0.830195 0.193425
vt 0.831006 0.196726
vt 0.831044 0.198716
vt 0.533065 0.529592
vt 0.532400 0.530024
vt 0.532076 0.528054
vt 0.531132 0.525954
vt 0.530282 0.523321
vt 0.527568 0.509252
vt 0.527568 0.516786
vt 0.527956 0.520444
vt 0.528582 0.523829
vt 0.529416 0.526805
vt 0.530420 0.529259
vt 0.826885 0.184826
vt 0.823113 0.181536
vt 0.821947 0.183326
vt 0.825243 0.186538
vt 0.827843 0.190127
vt 0.829553 0.193707
vt 0.830336 0.196951
vt 0.830372 0.198897
vt 0.533780 0.529346
vt 0.532797 0.527834
vt 0.531844 0.525768
vt 0.533436 0.527769
vt 0.516412 0.818145
vt 0.515928 0.815960
vt 0.516408 0.820326
vt 0.829060 0.193940
vt 0.816561 0.177745
vt 0.816275 0.178816
vt 0.815969 0.177640
vt 0.285462 0.549150
vt 0.285447 0.549121
vt 0.285462 0.548116
vt 0.816461 0.180073
vt 0.815958 0.179903
vt 0.816077 0.161289
vt 0.815880 0.144895
vt 0.815684 0.128501
vt 0.815487 0.112107
vt 0.815291 0.095713
vt 0.815382 0.079381
vt 0.814790 0.079276
vt 0.815890 0.079555
vt 0.815449 0.072361
vt 0.814658 0.072186
vt 0.814311 0.065285
vt 0.813530 0.065169
vt 0.812487 0.058323
vt 0.809915 0.053164
vt 0.923278 0.018206
vt 0.920154 0.020734
vt 0.918356 0.020681
vt 0.911966 0.026305
vt 0.904459 0.033737
vt 0.897737 0.042929
vt 0.892044 0.053560
vt 0.887423 0.065530
vt 0.884058 0.078381
vt 0.881689 0.091975
vt 0.804276 0.041786
vt 0.796780 0.031354
vt 0.787532 0.022012
vt 0.894958 0.049420
vt 0.776852 0.014100
vt 0.889275 0.062460
vt 0.764844 0.007679
vt 0.887010 0.069502
vt 0.885157 0.076805
vt 0.751964 0.003003
vt 0.738256 0.000322
vt 0.883716 0.084368
vt 0.882239 0.092071
vt 0.880979 0.092828
vt 0.881754 0.092618
vt 0.737711 -0.000000
vt 0.737187 0.000348
vt 0.541132 0.555752
vt 0.540541 0.556601
vt 0.540813 0.557185
vt 0.540367 0.556599
vt 0.880856 0.093665
vt 0.880974 0.093810
vt 0.881991 0.093145
vt 0.873789 0.092590
vt 0.873860 0.093111
vt 0.873914 0.093621
vt 0.869397 0.094975
vt 0.869507 0.095418
vt 0.865583 0.097671
vt 0.529194 0.567150
vt 0.532098 0.564448
vt 0.529735 0.567537
vt 0.277746 0.669542
vt 0.277090 0.669293
vt 0.277979 0.666292
vt 0.527568 0.569676
vt 0.528039 0.570220
vt 0.277300 0.666270
vt 0.277782 0.662607
vt 0.277260 0.662651
vt 0.277259 0.658610
vt 0.285379 0.679049
vt 0.285379 0.683091
vt 0.284692 0.681366
vt 0.595816 0.614161
vt 0.596196 0.611874
vt 0.596196 0.615132
vt 0.873945 0.094075
vt 0.535360 0.561392
vt 0.532549 0.564802
vt 0.530204 0.568017
vt 0.528337 0.570797
vt 0.276752 0.666361
vt 0.284068 0.683173
vt 0.284068 0.679049
vt 0.284692 0.681816
vt 0.596201 0.616849
vt 0.595816 0.615132
vt 0.535713 0.561717
vt 0.536086 0.562094
vt 0.536446 0.562486
vt 0.533362 0.565668
vt 0.532983 0.565225
vt 0.530562 0.568523
vt 0.528715 0.571095
vt 0.595770 0.589353
vt 0.596195 0.593270
vt 0.595770 0.593650
vt 0.596196 0.626763
vt 0.595816 0.627410
vt 0.595816 0.624576
vt 0.590116 0.747249
vt 0.588151 0.750918
vt 0.281104 0.683095
vt 0.280633 0.683428
vt 0.280633 0.681055
vt 0.596189 0.589353
vt 0.595770 0.586284
vt 0.596189 0.585033
vt 0.941948 0.012295
vt 0.939190 0.009424
vt 0.935602 0.005685
vt 0.932209 0.001416
vt 0.932683 0.000837
vt 0.936313 0.004945
vt 0.935953 0.005307
vt 0.939567 0.008988
vt 0.942306 0.011797
vt 0.944440 0.014056
vt 0.944139 0.014625
vt 0.276752 0.654908
vt 0.277302 0.654997
vt 0.277783 0.658660
vt 0.880981 0.119969
vt 0.875360 0.119400
vt 0.880858 0.119147
vt 0.875369 0.118962
vt 0.936653 0.004632
vt 0.940451 0.008225
vt 0.940000 0.008572
vt 0.943314 0.010944
vt 0.942775 0.011325
vt 0.277097 0.651975
vt 0.277744 0.651725
vt 0.278708 0.654810
vt 0.277978 0.654972
vt 0.279251 0.658608
vt 0.278471 0.658664
vt 0.279254 0.662659
vt 0.278471 0.662607
vt 0.278715 0.666451
vt 0.875292 0.120403
vt 0.875333 0.119895
vt 0.869867 0.118549
vt 0.870009 0.118041
vt 0.865649 0.116335
vt 0.865913 0.115864
vt 0.862244 0.113091
vt 0.862644 0.112729
vt 0.279387 0.654526
vt 0.279927 0.654166
vt 0.280622 0.658351
vt 0.280005 0.658496
vt 0.280633 0.662894
vt 0.280011 0.662762
vt 0.279951 0.667088
vt 0.279403 0.666732
vt 0.862275 0.100529
vt 0.861856 0.100175
vt 0.865102 0.096804
vt 0.865385 0.097278
vt 0.869239 0.094459
vt 0.869700 0.119074
vt 0.865347 0.116828
vt 0.861789 0.113474
vt 0.859631 0.109100
vt 0.859481 0.104266
vt 0.861380 0.099807
vt 0.864779 0.096314
vt 0.869055 0.093929
vt 0.860069 0.104398
vt 0.860209 0.108939
vt 0.280044 0.669931
vt 0.280585 0.673745
vt 0.280044 0.673994
vt 0.278329 0.669931
vt 0.278319 0.651337
vt 0.943861 0.010709
vt 0.870107 0.117610
vt 0.940874 0.007988
vt 0.944911 0.013519
vt 0.881692 0.120824
vt 0.881756 0.120182
vt 0.881992 0.119665
vt 0.880975 0.119006
vt 0.932502 0.000838
vt 0.931942 0.000000
vt 0.710667 0.000351
vt 0.882697 0.120648
vt 0.710148 0.000003
vt 0.709588 0.000325
vt 0.882241 0.120738
vt 0.883011 0.128722
vt 0.884473 0.136444
vt 0.888035 0.149348
vt 0.892812 0.161301
vt 0.898661 0.171970
vt 0.905513 0.181193
vt 0.913112 0.188655
vt 0.921399 0.194283
vt 0.923278 0.196265
vt 0.634427 0.058323
vt 0.636377 0.054896
vt 0.632873 0.066921
vt 0.632489 0.065277
vt 0.631228 0.072374
vt 0.631162 0.079428
vt 0.630667 0.079601
vt 0.701615 0.001548
vt 0.693905 0.003580
vt 0.887003 0.143451
vt 0.681030 0.008531
vt 0.891939 0.157446
vt 0.669117 0.015169
vt 0.658498 0.023298
vt 0.649333 0.032819
vt 0.641934 0.043379
vt 0.631746 0.079323
vt 0.630984 0.095760
vt 0.630523 0.112153
vt 0.630061 0.128547
vt 0.629599 0.144940
vt 0.629138 0.161333
vt 0.627897 0.177961
vt 0.628392 0.177788
vt 0.628977 0.177683
vt 0.628008 0.179093
vt 0.628669 0.178861
vt 0.628993 0.179949
vt 0.628509 0.180144
vt 0.628504 0.180119
vt 0.285447 0.548103
vt 0.285432 0.548131
vt 0.285432 0.547080
vt 0.558068 0.207424
vt 0.561045 0.208106
vt 0.279635 0.626701
vt 0.281772 0.624410
vt 0.279984 0.627000
vt 0.280402 0.627271
vt 0.279278 0.630424
vt 0.279819 0.630599
vt 0.279022 0.635160
vt 0.279644 0.635177
vt 0.279677 0.639571
vt 0.280232 0.639469
vt 0.280944 0.643351
vt 0.446851 0.945842
vt 0.449003 0.948618
vt 0.446281 0.945949
vt 0.445165 0.942787
vt 0.282792 0.624970
vt 0.280869 0.627490
vt 0.280368 0.630699
vt 0.280190 0.635124
vt 0.280626 0.639353
vt 0.281307 0.643293
vt 0.448514 0.948710
vt 0.576684 0.944537
vt 0.574290 0.941953
vt 0.576425 0.944834
vt 0.281821 0.627717
vt 0.281352 0.627641
vt 0.280879 0.630719
vt 0.278353 0.581578
vt 0.278353 0.587451
vt 0.277840 0.584597
vt 0.578418 0.947422
vt 0.578093 0.947749
vt 0.580105 0.950946
vt 0.596195 0.580627
vt 0.596195 0.585032
vt 0.595770 0.580747
vt 0.283511 0.676852
vt 0.284035 0.680593
vt 0.283511 0.680721
vt 0.451696 0.950814
vt 0.280619 0.635018
vt 0.445079 0.940519
vt 0.445545 0.938230
vt 0.446554 0.935990
vt 0.448075 0.933881
vt 0.450055 0.931996
vt 0.942005 0.400820
vt 0.941525 0.401416
vt 0.942533 0.397492
vt 0.942845 0.394015
vt 0.942924 0.390533
vt 0.943327 0.394062
vt 0.943387 0.390546
vt 0.943869 0.394078
vt 0.943888 0.390518
vt 0.944434 0.394057
vt 0.944396 0.390447
vt 0.944974 0.394001
vt 0.944875 0.390336
vt 0.945448 0.393915
vt 0.945295 0.390194
vt 0.945827 0.393809
vt 0.945635 0.390033
vt 0.556052 0.234708
vt 0.558984 0.235190
vt 0.561910 0.234382
vt 0.558895 0.234732
vt 0.944587 0.386541
vt 0.943501 0.386894
vt 0.553278 0.233693
vt 0.945745 0.397605
vt 0.945331 0.397639
vt 0.944808 0.397654
vt 0.944211 0.397645
vt 0.943596 0.397612
vt 0.943022 0.397558
vt 0.550773 0.232189
vt 0.945392 0.401265
vt 0.944954 0.401209
vt 0.944389 0.401136
vt 0.943744 0.401051
vt 0.943087 0.400965
vt 0.942490 0.400885
vt 0.548638 0.230264
vt 0.944788 0.404642
vt 0.944338 0.404474
vt 0.943747 0.404296
vt 0.943064 0.404127
vt 0.942375 0.403991
vt 0.941765 0.403903
vt 0.941287 0.403864
vt 0.546954 0.228002
vt 0.545781 0.225504
vt 0.271689 0.681829
vt 0.271245 0.683415
vt 0.271245 0.681108
vt 0.575987 0.656860
vt 0.576444 0.657856
vt 0.575987 0.659572
vt 0.280461 0.649871
vt 0.281210 0.651329
vt 0.279525 0.649404
vt 0.279127 0.647874
vt 0.278183 0.646868
vt 0.277728 0.644118
vt 0.277245 0.643835
vt 0.276752 0.640440
vt 0.285443 0.669341
vt 0.284930 0.665797
vt 0.285443 0.665273
vt 0.596123 0.600126
vt 0.595770 0.600945
vt 0.595770 0.597342
vt 0.548063 0.212810
vt 0.551145 0.209983
vt 0.554986 0.208098
vt 0.278378 0.629927
vt 0.278786 0.630192
vt 0.277316 0.634746
vt 0.277801 0.634928
vt 0.278386 0.635073
vt 0.277100 0.639619
vt 0.277639 0.639664
vt 0.278296 0.639675
vt 0.279006 0.639644
vt 0.278277 0.643966
vt 0.278960 0.643790
vt 0.279703 0.643612
vt 0.280395 0.643459
vt 0.279609 0.647493
vt 0.280242 0.647104
vt 0.280956 0.646772
vt 0.281640 0.646555
vt 0.282193 0.646479
vt 0.445792 0.942748
vt 0.280855 0.649356
vt 0.281407 0.648845
vt 0.282062 0.648425
vt 0.282722 0.648172
vt 0.446291 0.940584
vt 0.446371 0.942755
vt 0.445709 0.940555
vt 0.282056 0.651337
vt 0.282344 0.650739
vt 0.282792 0.650151
vt 0.941966 0.409170
vt 0.940925 0.410757
vt 0.941269 0.408822
vt 0.940259 0.410333
vt 0.940551 0.408613
vt 0.939549 0.410098
vt 0.446701 0.938372
vt 0.446147 0.938330
vt 0.943960 0.407599
vt 0.942946 0.410027
vt 0.943520 0.407303
vt 0.942542 0.409595
vt 0.942922 0.407004
vt 0.942220 0.406745
vt 0.941511 0.406568
vt 0.940890 0.406491
vt 0.939921 0.408562
vt 0.447106 0.936118
vt 0.282398 0.586602
vt 0.282298 0.587186
vt 0.562599 0.234921
vt 0.944842 0.385579
vt 0.944327 0.385453
vt 0.943815 0.386584
vt 0.944923 0.384862
vt 0.627824 0.202662
vt 0.628262 0.203065
vt 0.627678 0.203169
vt 0.627453 0.221152
vt 0.627182 0.203343
vt 0.626945 0.239195
vt 0.626437 0.257239
vt 0.626229 0.275239
vt 0.625645 0.275344
vt 0.625150 0.275517
vt 0.625202 0.277430
vt 0.625886 0.276253
vt 0.626165 0.277022
vt 0.625645 0.277196
vt 0.285438 0.627854
vt 0.285127 0.628069
vt 0.625820 0.278432
vt 0.625319 0.278876
vt 0.625802 0.278794
vt 0.625675 0.281704
vt 0.565870 0.323956
vt 0.625619 0.283250
vt 0.276752 0.578315
vt 0.276933 0.547080
vt 0.276933 0.587654
vt 0.415944 0.538866
vt 0.415328 0.522209
vt 0.414712 0.505552
vt 0.414097 0.488895
vt 0.413481 0.472238
vt 0.412865 0.455581
vt 0.412249 0.438924
vt 0.411633 0.422267
vt 0.411018 0.405610
vt 0.409458 0.355552
vt 0.410402 0.388953
vt 0.409786 0.372296
vt 0.408866 0.355703
vt 0.416560 0.555523
vt 0.409966 0.355319
vt 0.409802 0.354238
vt 0.409310 0.355077
vt 0.408852 0.354727
vt 0.409279 0.353594
vt 0.596177 0.563782
vt 0.595979 0.563132
vt 0.596177 0.562727
vt 0.409273 0.353193
vt 0.297390 0.235190
vt 0.413007 0.353156
vt 0.412876 0.352736
vt 0.412675 0.352291
vt 0.415489 0.350013
vt 0.415136 0.349568
vt 0.418468 0.345935
vt 0.417969 0.345554
vt 0.420466 0.341726
vt 0.419970 0.341451
vt 0.421563 0.337801
vt 0.951181 0.156380
vt 0.952935 0.159663
vt 0.950600 0.156458
vt 0.949918 0.153056
vt 0.412410 0.351850
vt 0.414743 0.349166
vt 0.417503 0.345255
vt 0.419604 0.341264
vt 0.952435 0.159745
vt 0.411421 0.350831
vt 0.411760 0.351100
vt 0.412097 0.351445
vt 0.414341 0.348836
vt 0.413632 0.348448
vt 0.343001 0.953199
vt 0.345876 0.951687
vt 0.413964 0.348597
vt 0.349319 0.950282
vt 0.417108 0.345054
vt 0.595816 0.605176
vt 0.595816 0.601771
vt 0.596164 0.603788
vt 0.955294 0.162628
vt 0.950135 0.150795
vt 0.950899 0.148650
vt 0.952191 0.146690
vt 0.953971 0.144990
vt 0.903118 0.465292
vt 0.903649 0.464461
vt 0.902639 0.468358
vt 0.902300 0.471738
vt 0.902117 0.475296
vt 0.902102 0.478885
vt 0.901611 0.475296
vt 0.901626 0.478913
vt 0.901061 0.475322
vt 0.901127 0.478975
vt 0.900510 0.475374
vt 0.900638 0.479072
vt 0.900002 0.475448
vt 0.900194 0.479198
vt 0.899577 0.475539
vt 0.899823 0.479343
vt 0.301120 0.208527
vt 0.298378 0.207889
vt 0.301092 0.208037
vt 0.298315 0.207424
vt 0.295474 0.208106
vt 0.900509 0.483111
vt 0.901521 0.482717
vt 0.303683 0.209176
vt 0.899258 0.475637
vt 0.899174 0.471787
vt 0.899528 0.471761
vt 0.900004 0.471740
vt 0.900573 0.471726
vt 0.901183 0.471721
vt 0.901775 0.471726
vt 0.305984 0.210791
vt 0.899292 0.468102
vt 0.899674 0.468167
vt 0.900196 0.468232
vt 0.900821 0.468288
vt 0.901483 0.468330
vt 0.902108 0.468353
vt 0.307905 0.212810
vt 0.899604 0.464733
vt 0.900004 0.464908
vt 0.900562 0.465075
vt 0.901234 0.465211
vt 0.901938 0.465294
vt 0.902588 0.465319
vt 0.309371 0.215143
vt 0.310332 0.217692
vt 0.818584 0.687979
vt 0.818276 0.686527
vt 0.819334 0.688328
vt 0.425460 0.333033
vt 0.426030 0.333808
vt 0.425523 0.335252
vt 0.425793 0.336492
vt 0.424643 0.339001
vt 0.424910 0.339445
vt 0.423421 0.342535
vt 0.422646 0.343089
vt 0.421391 0.345624
vt 0.280633 0.676927
vt 0.281223 0.679368
vt 0.595851 0.578287
vt 0.596169 0.575999
vt 0.596169 0.579850
vt 0.304187 0.232947
vt 0.300386 0.234656
vt 0.415976 0.350882
vt 0.415773 0.350463
vt 0.419676 0.347171
vt 0.419360 0.346786
vt 0.418948 0.346361
vt 0.422206 0.342793
vt 0.421658 0.342441
vt 0.421052 0.342070
vt 0.424085 0.338865
vt 0.423411 0.338652
vt 0.422698 0.338378
vt 0.422053 0.338080
vt 0.424895 0.335335
vt 0.424147 0.335318
vt 0.423376 0.335179
vt 0.422706 0.334930
vt 0.951123 0.153073
vt 0.951710 0.156379
vt 0.950547 0.153061
vt 0.424835 0.333263
vt 0.424091 0.333382
vt 0.423322 0.333340
vt 0.422653 0.333131
vt 0.951332 0.150909
vt 0.950757 0.150875
vt 0.818007 0.688323
vt 0.817311 0.688551
vt 0.901700 0.460290
vt 0.902402 0.458783
vt 0.902415 0.460593
vt 0.903104 0.459156
vt 0.903169 0.460737
vt 0.903860 0.459321
vt 0.952031 0.148827
vt 0.951484 0.148785
vt 0.900094 0.461814
vt 0.817459 0.686531
vt 0.816958 0.686943
vt 0.900497 0.462115
vt 0.901125 0.459886
vt 0.901075 0.462399
vt 0.901779 0.462619
vt 0.902515 0.462737
vt 0.903182 0.462745
vt 0.903849 0.460715
vt 0.952723 0.146840
vt 0.903709 0.462662
vt 0.899887 0.483645
vt 0.900041 0.484228
vt 0.900720 0.483883
vt 0.900344 0.484773
vt 0.285417 0.547080
vt 0.285432 0.547108
vt 0.285417 0.548142
vt 0.901496 0.482738
vt 0.901647 0.483315
vt 0.802317 0.688923
vt 0.801469 0.673869
vt 0.802825 0.688690
vt 0.800910 0.658727
vt 0.800350 0.643586
vt 0.799790 0.628445
vt 0.799230 0.613303
vt 0.798959 0.598076
vt 0.798367 0.598227
vt 0.801725 0.689074
vt 0.799467 0.597844
vt 0.798866 0.591201
vt 0.798076 0.591573
vt 0.796792 0.585092
vt 0.792910 0.574002
vt 0.787017 0.563493
vt 0.779287 0.553858
vt 0.769828 0.545231
vt 0.758970 0.537926
vt 0.746816 0.531997
vt 0.733829 0.527682
vt 0.720147 0.524705
vt 0.720060 0.525311
vt 0.719296 0.524004
vt 0.719505 0.524785
vt 0.718988 0.525093
vt 0.718335 0.524146
vt 0.932506 0.213996
vt 0.932213 0.213422
vt 0.932687 0.213996
vt 0.718476 0.523998
vt 0.719542 0.516859
vt 0.719025 0.516960
vt 0.718524 0.517080
vt 0.717177 0.512604
vt 0.716751 0.512833
vt 0.714505 0.508954
vt 0.943677 0.203584
vt 0.940884 0.206222
vt 0.943127 0.203200
vt 0.945141 0.201141
vt 0.924086 0.173663
vt 0.923278 0.170605
vt 0.924788 0.173680
vt 0.925271 0.177375
vt 0.925941 0.177332
vt 0.925915 0.181371
vt 0.718085 0.517210
vt 0.937684 0.209233
vt 0.940419 0.205873
vt 0.942656 0.202719
vt 0.944672 0.200595
vt 0.923922 0.170686
vt 0.925439 0.173588
vt 0.937315 0.208914
vt 0.936933 0.208541
vt 0.936571 0.208149
vt 0.939603 0.205007
vt 0.939979 0.205451
vt 0.942304 0.202211
vt 0.924537 0.170624
vt 0.925368 0.185037
vt 0.924440 0.187870
vt 0.408805 0.941281
vt 0.411485 0.944259
vt 0.414906 0.948173
vt 0.418056 0.952628
vt 0.417576 0.953162
vt 0.414167 0.948861
vt 0.414537 0.948527
vt 0.411083 0.944672
vt 0.408415 0.941758
vt 0.406275 0.939452
vt 0.406614 0.938900
vt 0.924721 0.184948
vt 0.925246 0.181320
vt 0.692157 0.524017
vt 0.692745 0.518521
vt 0.692996 0.524011
vt 0.693197 0.518622
vt 0.413826 0.949144
vt 0.410177 0.945368
vt 0.410634 0.945056
vt 0.407373 0.942540
vt 0.407923 0.942199
vt 0.405149 0.940336
vt 0.405773 0.939959
vt 0.924026 0.184978
vt 0.923379 0.185148
vt 0.923818 0.181385
vt 0.924512 0.181320
vt 0.923836 0.177335
vt 0.924534 0.177379
vt 0.923429 0.173512
vt 0.945757 0.201562
vt 0.691729 0.518363
vt 0.692241 0.518433
vt 0.693594 0.513001
vt 0.694112 0.513220
vt 0.695809 0.508791
vt 0.696293 0.509148
vt 0.699053 0.505381
vt 0.699430 0.505890
vt 0.703204 0.503339
vt 0.703370 0.503969
vt 0.707745 0.503197
vt 0.707632 0.503837
vt 0.711968 0.504987
vt 0.711629 0.505517
vt 0.715338 0.508236
vt 0.714878 0.508615
vt 0.717682 0.512366
vt 0.693064 0.512798
vt 0.695310 0.508444
vt 0.698662 0.504873
vt 0.703035 0.502699
vt 0.707869 0.502547
vt 0.712328 0.504456
vt 0.715822 0.507867
vt 0.718206 0.512143
vt 0.711369 0.505965
vt 0.707553 0.504359
vt 0.923293 0.177245
vt 0.923278 0.181508
vt 0.703503 0.504485
vt 0.699735 0.506323
vt 0.696697 0.509471
vt 0.694560 0.513434
vt 0.691301 0.524719
vt 0.691944 0.524798
vt 0.692471 0.525107
vt 0.693141 0.524158
vt 0.417751 0.953176
vt 0.691395 0.525325
vt 0.683450 0.526357
vt 0.675789 0.528236
vt 0.663030 0.532812
vt 0.651269 0.538945
vt 0.640836 0.546453
vt 0.631886 0.555246
vt 0.624726 0.564998
vt 0.619426 0.575633
vt 0.616191 0.586736
vt 0.615766 0.584686
vt 0.614663 0.591237
vt 0.614757 0.598142
vt 0.614262 0.597909
vt 0.615341 0.598292
vt 0.614942 0.613370
vt 0.614843 0.628512
vt 0.614745 0.643654
vt 0.614751 0.689144
vt 0.614548 0.673938
vt 0.614647 0.658796
vt 0.614167 0.688993
vt 0.613672 0.688760
vt 0.924806 0.451756
vt 0.924652 0.452340
vt 0.924182 0.451223
vt 0.923973 0.451996
vt 0.923046 0.451431
vt 0.924349 0.452886
vt 0.923172 0.450830
vt 0.923197 0.450851
vt 0.285447 0.547108
vt 0.285462 0.547080
vt 0.012656 0.338257
vt 0.009758 0.337725
vt 0.012718 0.337799
vt 0.924871 0.447447
vt 0.924500 0.447302
vt 0.924689 0.439827
vt 0.924120 0.439814
vt 0.923870 0.436368
vt 0.923208 0.436410
vt 0.922749 0.433368
vt 0.922100 0.433393
vt 0.921502 0.430814
vt 0.920975 0.430731
vt 0.548768 0.534625
vt 0.549292 0.534458
vt 0.550610 0.536464
vt 0.924056 0.447176
vt 0.923510 0.439809
vt 0.922583 0.436433
vt 0.921570 0.433366
vt 0.547476 0.532695
vt 0.922593 0.446990
vt 0.923069 0.447017
vt 0.923568 0.447080
vt 0.922918 0.439814
vt 0.922394 0.439826
vt 0.922052 0.436438
vt 0.921039 0.432534
vt 0.551388 0.538635
vt 0.551607 0.540904
vt 0.550909 0.544281
vt 0.549032 0.547501
vt 0.546110 0.550277
vt 0.595816 0.607171
vt 0.596177 0.605176
vt 0.596177 0.608554
vt 0.543696 0.947071
vt 0.546736 0.949405
vt 0.549153 0.951678
vt 0.612157 0.707711
vt 0.610046 0.705327
vt 0.614192 0.710071
vt 0.613664 0.711116
vt 0.611466 0.708325
vt 0.611809 0.707980
vt 0.609312 0.705716
vt 0.546343 0.949644
vt 0.609701 0.705476
vt 0.606233 0.702131
vt 0.606643 0.701930
vt 0.603803 0.698323
vt 0.604189 0.698135
vt 0.602204 0.694667
vt 0.550335 0.544218
vt 0.550985 0.540922
vt 0.550772 0.538729
vt 0.550032 0.536614
vt 0.011741 0.310506
vt 0.008892 0.311472
vt 0.610574 0.710037
vt 0.610695 0.709616
vt 0.610890 0.709171
vt 0.607881 0.707344
vt 0.608158 0.706894
vt 0.604371 0.703665
vt 0.604774 0.703239
vt 0.601554 0.699667
vt 0.602093 0.699314
vt 0.599658 0.695733
vt 0.600324 0.695519
vt 0.598788 0.692198
vt 0.599531 0.692180
vt 0.598785 0.690124
vt 0.599529 0.690242
vt 0.599260 0.688368
vt 0.599961 0.688596
vt 0.922979 0.428356
vt 0.923554 0.427952
vt 0.924186 0.430183
vt 0.923608 0.430468
vt 0.924684 0.432981
vt 0.924126 0.433148
vt 0.925017 0.436246
vt 0.924495 0.436311
vt 0.925165 0.439848
vt 0.014792 0.310890
vt 0.018663 0.312412
vt 0.021856 0.314947
vt 0.596101 0.594526
vt 0.024106 0.318250
vt 0.596184 0.624223
vt 0.280572 0.677933
vt 0.280044 0.675516
vt 0.280572 0.673994
vt 0.596179 0.628905
vt 0.595816 0.630114
vt 0.573807 0.682852
vt 0.573366 0.681434
vt 0.271245 0.682584
vt 0.270839 0.683429
vt 0.270839 0.681108
vt 0.025353 0.324708
vt 0.024912 0.327398
vt 0.023929 0.329998
vt 0.022433 0.332407
vt 0.020473 0.334522
vt 0.018126 0.336249
vt 0.611152 0.708731
vt 0.608507 0.706448
vt 0.605251 0.702812
vt 0.602697 0.698942
vt 0.601038 0.695245
vt 0.600307 0.692041
vt 0.600306 0.690200
vt 0.921569 0.427223
vt 0.922271 0.426849
vt 0.922263 0.428659
vt 0.922904 0.430687
vt 0.923454 0.433284
vt 0.018108 0.335762
vt 0.925153 0.447601
vt 0.925520 0.439874
vt 0.925400 0.436181
vt 0.925085 0.432806
vt 0.924590 0.429881
vt 0.923940 0.427518
vt 0.598685 0.688024
vt 0.598168 0.689893
vt 0.598171 0.692116
vt 0.599115 0.695869
vt 0.601129 0.699963
vt 0.604069 0.704050
vt 0.607690 0.707763
vt 0.608903 0.706046
vt 0.605755 0.702431
vt 0.603292 0.698598
vt 0.601694 0.694946
vt 0.600991 0.691791
vt 0.600990 0.689991
vt 0.920814 0.427389
vt 0.921509 0.428804
vt 0.922168 0.430806
vt 0.920830 0.428782
vt 0.550208 0.538785
vt 0.549496 0.536679
vt 0.550419 0.540956
vt 0.614014 0.712430
vt 0.613520 0.712197
vt 0.614155 0.711944
vt 0.614619 0.711592
vt 0.614223 0.710452
vt 0.595968 0.571355
vt 0.595968 0.570286
vt 0.596192 0.570664
vt 0.614598 0.712580
vt 0.614192 0.728885
vt 0.614085 0.745254
vt 0.613979 0.761623
vt 0.613960 0.810795
vt 0.613766 0.794361
vt 0.613873 0.777992
vt 0.613377 0.810644
vt 0.612882 0.810411
vt 0.613624 0.811814
vt 0.613356 0.812851
vt 0.612912 0.812659
vt 0.613878 0.812978
vt 0.613575 0.816279
vt 0.613514 0.822840
vt 0.003491 0.176273
vt 0.003378 0.173216
vt 0.003148 0.164295
vt 0.613342 0.832651
vt 0.613493 0.825360
vt 0.613543 0.832740
vt 0.612977 0.903101
vt 0.000220 0.078670
vt 0.000000 0.072456
vt 0.000579 0.089475
vt 0.613035 0.894218
vt 0.613093 0.885335
vt 0.613152 0.876451
vt 0.001297 0.111084
vt 0.000938 0.100279
vt 0.001652 0.121728
vt 0.002006 0.132371
vt 0.613209 0.867701
vt 0.613267 0.858950
vt 0.613325 0.850199
vt 0.613383 0.841448
vt 0.002715 0.153658
vt 0.002360 0.143015
vt 0.400103 0.474249
vt 0.407271 0.474249
vt 0.414149 0.472229
vt 0.420180 0.468353
vt 0.424875 0.462936
vt 0.427854 0.456414
vt 0.428876 0.449318
vt 0.427857 0.442222
vt 0.424881 0.435701
vt 0.420188 0.430283
vt 0.414159 0.426407
vt 0.407282 0.424387
vt 0.400115 0.424387
vt 0.407138 0.425247
vt 0.400220 0.425247
vt 0.268229 0.681108
vt 0.268102 0.675647
vt 0.269366 0.678333
vt 0.577621 0.737586
vt 0.578912 0.735579
vt 0.578739 0.740949
vt 0.393226 0.472229
vt 0.387197 0.468353
vt 0.382505 0.462936
vt 0.379528 0.456414
vt 0.378510 0.449318
vt 0.379532 0.442222
vt 0.382511 0.435701
vt 0.387206 0.430283
vt 0.393237 0.426407
vt 0.284269 0.547080
vt 0.285417 0.549738
vt 0.284189 0.552692
vt 0.285358 0.555567
vt 0.284141 0.559570
vt 0.285326 0.562210
vt 0.284129 0.567039
vt 0.285326 0.569130
vt 0.284154 0.574370
vt 0.285358 0.575765
vt 0.284215 0.580844
vt 0.285417 0.581578
vt 0.578912 0.774392
vt 0.577689 0.774244
vt 0.578739 0.769148
vt 0.577532 0.769340
vt 0.577427 0.763259
vt 0.380355 0.442460
vt 0.379369 0.449309
vt 0.285335 0.624410
vt 0.284073 0.621587
vt 0.285228 0.619807
vt 0.283984 0.615645
vt 0.285161 0.613934
vt 0.283947 0.608577
vt 0.285137 0.607269
vt 0.283964 0.601075
vt 0.285161 0.600350
vt 0.284035 0.593872
vt 0.285228 0.593739
vt 0.285335 0.587970
vt 0.427979 0.449309
vt 0.426996 0.442460
vt 0.284153 0.587675
vt 0.268172 0.649397
vt 0.269366 0.650147
vt 0.268067 0.655531
vt 0.424123 0.436166
vt 0.267164 0.655239
vt 0.267113 0.662271
vt 0.269261 0.656944
vt 0.268018 0.662319
vt 0.267126 0.669412
vt 0.269224 0.664391
vt 0.268030 0.669210
vt 0.413776 0.427197
vt 0.269261 0.671762
vt 0.577483 0.743116
vt 0.578628 0.747677
vt 0.577401 0.749594
vt 0.578590 0.755104
vt 0.577382 0.756494
vt 0.578628 0.762502
vt 0.380352 0.456158
vt 0.383224 0.462452
vt 0.387753 0.467681
vt 0.393572 0.471421
vt 0.400210 0.473371
vt 0.407127 0.473371
vt 0.413766 0.471421
vt 0.419586 0.467681
vt 0.424118 0.462452
vt 0.426993 0.456158
vt 0.576522 0.763564
vt 0.576476 0.756554
vt 0.393582 0.427197
vt 0.387762 0.430937
vt 0.576496 0.749405
vt 0.063319 0.658973
vt 0.062362 0.671315
vt 0.063333 0.683658
vt 0.066198 0.695580
vt 0.070859 0.706676
vt 0.077157 0.716567
vt 0.084879 0.724918
vt 0.093762 0.731443
vt 0.103501 0.735921
vt 0.113768 0.738198
vt 0.124210 0.738198
vt 0.134474 0.735921
vt 0.144208 0.731443
vt 0.153083 0.724918
vt 0.160795 0.716567
vt 0.167083 0.706676
vt 0.171731 0.695580
vt 0.174582 0.683658
vt 0.175538 0.671315
vt 0.174568 0.658973
vt 0.171703 0.647051
vt 0.167042 0.635955
vt 0.160743 0.626063
vt 0.153021 0.617713
vt 0.144139 0.611188
vt 0.134399 0.606710
vt 0.124133 0.604432
vt 0.113690 0.604432
vt 0.103427 0.606710
vt 0.093692 0.611188
vt 0.084818 0.617713
vt 0.077105 0.626063
vt 0.070818 0.635955
vt 0.066170 0.647051
vt 0.247680 0.842983
vt 0.248164 0.855146
vt 0.247680 0.867342
vt 0.249333 0.855140
vt 0.248843 0.867497
vt 0.246247 0.831266
vt 0.243912 0.820394
vt 0.240755 0.810737
vt 0.480964 0.500548
vt 0.481025 0.509764
vt 0.481072 0.520301
vt 0.481105 0.531801
vt 0.481121 0.543872
vt 0.481121 0.556102
vt 0.481105 0.568076
vt 0.481072 0.579385
vt 0.481025 0.589645
vt 0.480964 0.598506
vt 0.582399 0.647012
vt 0.583450 0.639503
vt 0.583450 0.651142
vt 0.585235 0.639502
vt 0.586086 0.644166
vt 0.577488 0.646789
vt 0.578594 0.639502
vt 0.578594 0.651497
vt 0.583450 0.639502
vt 0.584348 0.644659
vt 0.583450 0.651017
vt 0.573366 0.646517
vt 0.574508 0.639502
vt 0.574508 0.651788
vt 0.579519 0.645106
vt 0.578594 0.651493
vt 0.283964 0.643565
vt 0.285126 0.636888
vt 0.285126 0.649363
vt 0.574507 0.639502
vt 0.575445 0.645465
vt 0.574507 0.651719
vt 0.283964 0.630680
vt 0.282799 0.636952
vt 0.282792 0.624410
vt 0.576381 0.651680
vt 0.575445 0.645479
vt 0.576381 0.639503
vt 0.285127 0.631088
vt 0.283964 0.636888
vt 0.283964 0.624410
vt 0.580439 0.651377
vt 0.579519 0.645087
vt 0.283934 0.643968
vt 0.282792 0.649242
vt 0.282792 0.636952
vt 0.585235 0.650834
vt 0.584348 0.644617
vt 0.577488 0.646791
vt 0.576381 0.651503
vt 0.283625 0.659833
vt 0.282792 0.653851
vt 0.283625 0.649242
vt 0.582399 0.647014
vt 0.581347 0.651148
vt 0.581347 0.639502
vt 0.966812 0.311235
vt 0.966347 0.302233
vt 0.965982 0.291862
vt 0.965733 0.280476
vt 0.965605 0.268461
vt 0.965605 0.256228
vt 0.965733 0.244193
vt 0.965982 0.232765
vt 0.966347 0.222335
vt 0.285215 0.657089
vt 0.283964 0.658644
vt 0.283964 0.649363
vt 0.280633 0.652648
vt 0.240755 0.900047
vt 0.243912 0.890181
vt 0.246247 0.879154
vt 0.174325 0.671316
vt 0.173368 0.659135
vt 0.170540 0.647369
vt 0.165940 0.636418
vt 0.159724 0.626656
vt 0.152103 0.618414
vt 0.143337 0.611974
vt 0.133724 0.607555
vt 0.123592 0.605307
vt 0.966433 0.268547
vt 0.966433 0.256152
vt 0.966561 0.243957
vt 0.966815 0.232378
vt 0.233390 0.915788
vt 0.232429 0.915002
vt 0.237903 0.909114
vt 0.236883 0.908415
vt 0.241826 0.900635
vt 0.245025 0.890638
vt 0.247391 0.879466
vt 0.173382 0.683497
vt 0.170568 0.695264
vt 0.165980 0.706214
vt 0.159775 0.715977
vt 0.152164 0.724218
vt 0.143405 0.730658
vt 0.133798 0.735077
vt 0.480233 0.568334
vt 0.480250 0.556202
vt 0.480250 0.543810
vt 0.480233 0.531579
vt 0.480200 0.519927
vt 0.232429 0.796333
vt 0.233390 0.795548
vt 0.236883 0.802625
vt 0.237903 0.801923
vt 0.241826 0.810142
vt 0.245025 0.819927
vt 0.247391 0.830943
vt 0.248843 0.842815
vt 0.206572 0.861093
vt 0.206572 0.848614
vt 0.205561 0.836394
vt 0.203574 0.824874
vt 0.200685 0.814472
vt 0.196997 0.805563
vt 0.526579 0.506646
vt 0.526632 0.516966
vt 0.526670 0.528427
vt 0.526692 0.540617
vt 0.526696 0.553093
vt 0.526683 0.565406
vt 0.526653 0.577109
vt 0.526607 0.587781
vt 0.518393 0.485706
vt 0.513435 0.489326
vt 0.521376 0.481153
vt 0.526547 0.597035
vt 0.525679 0.476629
vt 0.527870 0.471342
vt 0.278318 0.690538
vt 0.531386 0.466078
vt 0.532682 0.460249
vt 0.281736 0.701729
vt 0.535306 0.454435
vt 0.535637 0.448274
vt 0.283838 0.713763
vt 0.537298 0.442119
vt 0.536629 0.435850
vt 0.284547 0.726205
vt 0.537291 0.429578
vt 0.535623 0.423426
vt 0.283838 0.738605
vt 0.535284 0.417263
vt 0.532654 0.411451
vt 0.281736 0.750515
vt 0.531351 0.405619
vt 0.527829 0.400357
vt 0.278318 0.761505
vt 0.525632 0.395069
vt 0.521324 0.390547
vt 0.921270 0.309749
vt 0.518336 0.385992
vt 0.513373 0.382374
vt 0.920807 0.300354
vt 0.920455 0.289575
vt 0.920224 0.277800
vt 0.920124 0.265454
vt 0.920157 0.252985
vt 0.920323 0.240843
vt 0.920617 0.229466
vt 0.921026 0.219266
vt 0.196997 0.904778
vt 0.200685 0.895625
vt 0.203574 0.885031
vt 0.205561 0.873380
vt 0.426533 0.442008
vt 0.204726 0.854870
vt 0.205405 0.848704
vt 0.205405 0.861016
vt 0.426526 0.429694
vt 0.204203 0.867288
vt 0.204407 0.873139
vt 0.428483 0.417603
vt 0.202654 0.879264
vt 0.202447 0.884634
vt 0.432332 0.406171
vt 0.200138 0.890336
vt 0.199596 0.895086
vt 0.437934 0.395812
vt 0.445088 0.386900
vt 0.453534 0.379758
vt 0.462967 0.374642
vt 0.473047 0.371739
vt 0.483409 0.371154
vt 0.493678 0.372906
vt 0.503484 0.376933
vt 0.512471 0.383090
vt 0.520316 0.391154
vt 0.526734 0.400833
vt 0.531494 0.411778
vt 0.534423 0.423593
vt 0.535417 0.435851
vt 0.534438 0.448109
vt 0.204203 0.842487
vt 0.204407 0.836647
vt 0.428504 0.454099
vt 0.202654 0.830614
vt 0.202447 0.825282
vt 0.432366 0.465531
vt 0.200138 0.819708
vt 0.199596 0.815018
vt 0.437980 0.475889
vt 0.445144 0.484801
vt 0.453599 0.491944
vt 0.463038 0.497059
vt 0.473121 0.499962
vt 0.483483 0.500548
vt 0.493751 0.498796
vt 0.503551 0.494768
vt 0.512532 0.488612
vt 0.520367 0.480548
vt 0.526775 0.470869
vt 0.531522 0.459924
vt 0.504264 0.376134
vt 0.494325 0.372052
vt 0.919396 0.277588
vt 0.919296 0.265408
vt 0.919330 0.253106
vt 0.919494 0.241126
vt 0.919783 0.229902
vt 0.192643 0.912161
vt 0.191662 0.911401
vt 0.195957 0.904117
vt 0.195957 0.806228
vt 0.192643 0.798468
vt 0.191662 0.799229
vt 0.527505 0.517388
vt 0.527542 0.528697
vt 0.527564 0.540723
vt 0.527568 0.553032
vt 0.527555 0.565180
vt 0.494399 0.499648
vt 0.504332 0.495566
vt 0.978172 0.960346
vt 0.973934 0.966957
vt 0.971219 0.964610
vt 0.968010 0.972109
vt 0.963836 0.971992
vt 0.960627 0.979493
vt 0.958106 0.976837
vt 0.953498 0.982769
vt 0.951163 0.979676
vt 0.955953 0.976885
vt 0.958287 0.979980
vt 0.950529 0.981117
vt 0.948479 0.977440
vt 0.942770 0.980021
vt 0.941207 0.975657
vt 0.935640 0.976782
vt 0.934847 0.971711
vt 0.929716 0.971661
vt 0.930022 0.965988
vt 0.925478 0.965073
vt 0.927204 0.959048
vt 0.923270 0.957553
vt 0.926670 0.951571
vt 0.923270 0.949708
vt 0.921880 0.954360
vt 0.918481 0.952499
vt 0.923680 0.947079
vt 0.963053 0.971686
vt 0.957853 0.977106
vt 0.960061 0.969574
vt 0.967014 0.965310
vt 0.935023 0.933320
vt 0.928071 0.937584
vt 0.932308 0.930973
vt 0.938232 0.925821
vt 0.970223 0.957811
vt 0.972745 0.960466
vt 0.977353 0.954533
vt 0.933372 0.935858
vt 0.937981 0.929926
vt 0.940315 0.933020
vt 0.945105 0.930230
vt 0.942770 0.927135
vt 0.950529 0.925998
vt 0.952578 0.929675
vt 0.958287 0.927094
vt 0.959851 0.931458
vt 0.965417 0.930333
vt 0.966211 0.935404
vt 0.971341 0.935454
vt 0.971036 0.941127
vt 0.975579 0.942042
vt 0.973853 0.948067
vt 0.977787 0.949562
vt 0.974388 0.955544
vt 0.977787 0.957406
vt 0.969599 0.958335
vt 0.972997 0.960196
vt 0.967798 0.965618
vt 0.970789 0.967730
vt 0.964918 0.928341
vt 0.945737 0.928387
vt 0.965086 0.922801
vt 0.942807 0.932314
vt 0.923457 0.937900
vt 0.923625 0.932361
vt 0.937907 0.947050
vt 0.918725 0.947082
vt 0.937776 0.940230
vt 0.918594 0.940262
vt 0.918525 0.932621
vt 0.964811 0.935224
vt 0.942532 0.944737
vt 0.923351 0.944783
vt 0.942495 0.952406
vt 0.923314 0.952452
vt 0.925907 0.950936
vt 0.945088 0.950890
vt 0.947585 0.948265
vt 0.928404 0.948311
vt 0.947692 0.955629
vt 0.923351 0.960286
vt 0.942638 0.967603
vt 0.923457 0.967649
vt 0.942807 0.973900
vt 0.923625 0.973946
vt 0.942655 0.932314
vt 0.923466 0.932314
vt 0.923384 0.926390
vt 0.942573 0.926391
vt 0.928254 0.962319
vt 0.947443 0.962319
vt 0.969722 0.952806
vt 0.950533 0.952805
vt 0.950515 0.945035
vt 0.969704 0.945036
vt 0.950533 0.937260
vt 0.947425 0.954549
vt 0.928254 0.946774
vt 0.947443 0.946775
vt 0.969722 0.937261
vt 0.950585 0.930111
vt 0.969774 0.930111
vt 0.950667 0.924165
vt 0.947495 0.939625
vt 0.928388 0.933679
vt 0.947577 0.933679
vt 0.924857 0.969435
vt 0.905671 0.969376
vt 0.905571 0.963371
vt 0.924757 0.963429
vt 0.905519 0.956184
vt 0.942466 0.979095
vt 0.923228 0.971850
vt 0.942414 0.971908
vt 0.923228 0.964063
vt 0.942414 0.964121
vt 0.923280 0.956307
vt 0.942466 0.956365
vt 0.923380 0.949210
vt 0.942566 0.949268
vt 0.935950 0.966367
vt 0.955132 0.966336
vt 0.955000 0.972709
vt 0.935818 0.972740
vt 0.954932 0.980116
vt 0.936302 0.933038
vt 0.955416 0.940414
vt 0.936234 0.940446
vt 0.955416 0.948256
vt 0.936234 0.948287
vt 0.937707 0.932590
vt 0.976284 0.921244
vt 0.982448 0.927829
vt 0.975667 0.932740
vt 0.986787 0.935736
vt 0.958573 0.933070
vt 0.969693 0.936066
vt 0.962232 0.940017
vt 0.971932 0.944799
vt 0.963788 0.947708
vt 0.980882 0.947379
vt 0.989026 0.944469
vt 0.989026 0.953479
vt 0.980211 0.955191
vt 0.986787 0.962199
vt 0.968039 0.950600
vt 0.974615 0.957608
vt 0.965195 0.957901
vt 0.970276 0.965491
vt 0.960408 0.964099
vt 0.972580 0.968691
vt 0.982448 0.970083
vt 0.976284 0.976634
vt 0.966238 0.973284
vt 0.968681 0.981441
vt 0.958855 0.975899
vt 0.960117 0.984201
vt 0.951129 0.984743
vt 0.951028 0.976325
vt 0.942284 0.983030
vt 0.973307 0.966812
vt 0.964563 0.973517
vt 0.965672 0.965015
vt 0.926299 0.974858
vt 0.925190 0.983360
vt 0.917042 0.979501
vt 0.919473 0.970982
vt 0.936567 0.970653
vt 0.934136 0.979172
vt 0.927198 0.973410
vt 0.910104 0.973739
vt 0.914009 0.965342
vt 0.904811 0.966436
vt 0.910351 0.958395
vt 0.927445 0.958066
vt 0.921905 0.966106
vt 0.918590 0.957720
vt 0.901496 0.958050
vt 0.908794 0.950704
vt 0.900367 0.949108
vt 0.948167 0.940861
vt 0.939740 0.939265
vt 0.948838 0.933048
vt 0.926559 0.942562
vt 0.917461 0.948778
vt 0.918590 0.939843
vt 0.929403 0.935261
vt 0.921905 0.931475
vt 0.927198 0.924200
vt 0.934190 0.929062
vt 0.939058 0.961540
vt 0.940532 0.924470
vt 0.947205 0.957726
vt 0.920978 0.954329
vt 0.920269 0.954979
vt 0.928361 0.951713
vt 0.935743 0.917262
vt 0.927651 0.920528
vt 0.936496 0.918864
vt 0.943570 0.916836
vt 0.955742 0.921428
vt 0.956051 0.956062
vt 0.965038 0.956652
vt 0.963378 0.923225
vt 0.973602 0.959460
vt 0.946284 0.923554
vt 0.956509 0.959789
vt 0.953110 0.927430
vt 0.959190 0.921574
vt 0.970560 0.929637
vt 0.975268 0.935229
vt 0.970448 0.937241
vt 0.975191 0.943608
vt 0.970383 0.945813
vt 0.975164 0.952554
vt 0.970369 0.954814
vt 0.975191 0.961505
vt 0.970409 0.963678
vt 0.975268 0.969900
vt 0.970499 0.971848
vt 0.975392 0.977210
vt 0.970633 0.978812
vt 0.940245 0.923720
vt 0.937688 0.956787
vt 0.944971 0.928487
vt 0.940154 0.930274
vt 0.944902 0.936086
vt 0.940092 0.938162
vt 0.944866 0.944654
vt 0.940065 0.946891
vt 0.944866 0.953655
vt 0.940074 0.955911
vt 0.944902 0.962521
vt 0.927815 0.956043
vt 0.940049 0.927632
vt 0.935274 0.929511
vt 0.940148 0.934602
vt 0.935379 0.936108
vt 0.970985 0.925931
vt 0.966244 0.927515
vt 0.970969 0.963699
vt 0.975724 0.961762
vt 0.970833 0.955584
vt 0.975604 0.953416
vt 0.970765 0.946744
vt 0.975555 0.944481
vt 0.970771 0.937736
vt 0.975580 0.935519
vt 0.970850 0.929125
vt 0.975676 0.927094
vt 0.963615 0.955903
vt 0.965996 0.949878
vt 0.943150 0.932240
vt 0.938409 0.933679
vt 0.930828 0.980218
vt 0.935582 0.978391
vt 0.930685 0.972461
vt 0.935455 0.970360
vt 0.930606 0.963803
vt 0.935393 0.961561
vt 0.930597 0.954788
vt 0.935401 0.952545
vt 0.930657 0.945982
vt 0.935478 0.943879
vt 0.930783 0.937939
vt 0.935620 0.936108
vt 0.975392 0.927945
vt 0.968069 0.944050
vt 0.968107 0.939121
vt 0.969276 0.937315
vt 0.968123 0.937537
vt 0.939842 0.963016
vt 0.941369 0.962199
vt 0.942293 0.964081
vt 0.928551 0.956238
vt 0.938870 0.924037
vt 0.937575 0.924729
vt 0.940885 0.928076
vt 0.939783 0.928665
vt 0.943339 0.932981
vt 0.942473 0.933443
vt 0.946137 0.938563
vt 0.945541 0.938881
vt 0.949174 0.944607
vt 0.952330 0.950881
vt 0.968048 0.949166
vt 0.968046 0.954357
vt 0.968061 0.959511
vt 0.965858 0.959112
vt 0.965889 0.963827
vt 0.961310 0.960782
vt 0.966107 0.961736
vt 0.952920 0.956377
vt 0.964893 0.923610
vt 0.963015 0.927713
vt 0.966634 0.929762
vt 0.963569 0.934306
vt 0.966112 0.936357
vt 0.961824 0.940888
vt 0.963322 0.942567
vt 0.957934 0.946648
vt 0.958548 0.947617
vt 0.968093 0.964516
vt 0.966650 0.959709
vt 0.971208 0.963607
vt 0.969147 0.926019
vt 0.969870 0.932373
vt 0.968286 0.938795
vt 0.964526 0.944468
vt 0.958996 0.948673
vt 0.968149 0.969771
vt 0.968224 0.974568
vt 0.968316 0.978780
vt 0.937905 0.924702
vt 0.937845 0.928796
vt 0.976651 0.925096
vt 0.980490 0.929400
vt 0.978858 0.930687
vt 0.981765 0.935276
vt 0.978823 0.936869
vt 0.980731 0.941370
vt 0.976485 0.942817
vt 0.977462 0.946858
vt 0.972078 0.947737
vt 0.972318 0.950995
vt 0.966099 0.950971
vt 0.965896 0.953212
vt 0.959247 0.952075
vt 0.958959 0.953185
vt 0.937796 0.933497
vt 0.983576 0.934272
vt 0.983886 0.940277
vt 0.981881 0.946121
vt 0.977768 0.951004
vt 0.972024 0.954248
vt 0.965332 0.955390
vt 0.958494 0.954234
vt 0.937762 0.938679
vt 0.985827 0.939581
vt 0.935543 0.939427
vt 0.935524 0.944633
vt 0.985163 0.945557
vt 0.982240 0.950997
vt 0.977395 0.955145
vt 0.971204 0.957410
vt 0.964420 0.957447
vt 0.957864 0.955193
vt 0.937741 0.944205
vt 0.937735 0.949927
vt 0.937745 0.955691
vt 0.937769 0.961345
vt 0.935550 0.960778
vt 0.930665 0.922792
vt 0.983711 0.961643
vt 0.981509 0.966609
vt 0.978592 0.965067
vt 0.975909 0.969154
vt 0.972384 0.966446
vt 0.969566 0.969503
vt 0.965873 0.965530
vt 0.963297 0.967540
vt 0.959885 0.962367
vt 0.957909 0.963444
vt 0.955175 0.957291
vt 0.954091 0.957669
vt 0.932886 0.923672
vt 0.983304 0.967535
vt 0.978527 0.971150
vt 0.972596 0.972750
vt 0.966287 0.972061
vt 0.960429 0.969103
vt 0.955784 0.964185
vt 0.952961 0.957865
vt 0.932938 0.928657
vt 0.980138 0.972355
vt 0.974846 0.975145
vt 0.968740 0.975758
vt 0.962636 0.974051
vt 0.957343 0.970179
vt 0.953566 0.964569
vt 0.951813 0.957874
vt 0.933001 0.933102
vt 0.973429 0.927945
vt 0.973292 0.923875
vt 0.978099 0.962257
vt 0.978010 0.957089
vt 0.980321 0.956330
vt 0.980264 0.951134
vt 0.960660 0.982875
vt 0.955307 0.983804
vt 0.955011 0.980543
vt 0.950121 0.980583
vt 0.950453 0.976165
vt 0.946345 0.975521
vt 0.947628 0.970258
vt 0.944526 0.969234
vt 0.946955 0.963534
vt 0.944962 0.962490
vt 0.948574 0.956805
vt 0.947658 0.956114
vt 0.977950 0.951573
vt 0.980235 0.945748
vt 0.949874 0.983849
vt 0.945290 0.979826
vt 0.942396 0.974217
vt 0.941632 0.967718
vt 0.943165 0.961135
vt 0.946867 0.955283
vt 0.977919 0.945856
vt 0.980235 0.940317
vt 0.944505 0.983008
vt 0.940647 0.978293
vt 0.938712 0.972288
vt 0.939023 0.965751
vt 0.941613 0.959505
vt 0.966685 0.962995
vt 0.961431 0.967217
vt 0.966040 0.962046
vt 0.972148 0.958592
vt 0.977919 0.940090
vt 0.977950 0.934430
vt 0.978010 0.929027
vt 0.980321 0.929897
vt 0.980404 0.925185
vt 0.934533 0.978783
vt 0.930196 0.975512
vt 0.932412 0.973080
vt 0.929040 0.969540
vt 0.932525 0.966773
vt 0.930186 0.963335
vt 0.934933 0.960684
vt 0.933675 0.958026
vt 0.939481 0.955814
vt 0.938893 0.953876
vt 0.945480 0.952413
vt 0.945329 0.951392
vt 0.978099 0.924026
vt 0.928830 0.976986
vt 0.926449 0.971578
vt 0.926290 0.965497
vt 0.928585 0.959952
vt 0.932821 0.955212
vt 0.938596 0.951872
vt 0.945329 0.950359
vt 0.968370 0.949703
vt 0.924852 0.972810
vt 0.923393 0.967086
vt 0.924408 0.961519
vt 0.927499 0.956371
vt 0.932390 0.952303
vt 0.938596 0.949847
vt 0.945480 0.949338
vt 0.945483 0.931133
vt 0.937980 0.979793
vt 0.937890 0.975471
vt 0.937821 0.970774
vt 0.937775 0.965803
vt 0.940085 0.965357
vt 0.940063 0.960518
vt 0.919164 0.953150
vt 0.919164 0.948260
vt 0.922484 0.948554
vt 0.923130 0.944201
vt 0.927499 0.945224
vt 0.928585 0.941643
vt 0.933675 0.943640
vt 0.934933 0.940982
vt 0.940347 0.944074
vt 0.941473 0.942390
vt 0.946796 0.946558
vt 0.947489 0.945792
vt 0.937751 0.960666
vt 0.940063 0.955627
vt 0.919882 0.943423
vt 0.924408 0.939989
vt 0.930186 0.938260
vt 0.936567 0.938537
vt 0.942833 0.940889
vt 0.948288 0.945137
vt 0.937751 0.955473
vt 0.937775 0.950338
vt 0.937821 0.945371
vt 0.937890 0.940680
vt 0.940194 0.941692
vt 0.926111 0.930257
vt 0.924493 0.928944
vt 0.929395 0.926634
vt 0.931691 0.929091
vt 0.935094 0.926299
vt 0.937674 0.930000
vt 0.937980 0.936367
vt 0.927980 0.925098
vt 0.933176 0.923532
vt 0.968161 0.934483
vt 0.968230 0.930239
vt 0.924612 0.956255
vt 0.940816 0.934493
vt 0.944400 0.939604
vt 0.949590 0.957337
vt 0.950680 0.957697
vt 0.956182 0.956742
vt 0.957087 0.956036
vt 0.959350 0.950932
vt 0.959265 0.949788
vt 0.957170 0.945792
vt 0.956278 0.945072
vt 0.955279 0.944506
vt 0.954202 0.944111
vt 0.953189 0.943910
vt 0.952158 0.943859
vt 0.951130 0.943960
vt 0.950128 0.944211
vt 0.946222 0.947416
vt 0.945780 0.948350
vt 0.945780 0.953401
vt 0.965598 0.961113
vt 0.921608 0.968042
vt 0.921302 0.962666
vt 0.923130 0.957308
vt 0.926949 0.952669
vt 0.932390 0.949363
vt 0.938893 0.947843
vt 0.940347 0.957645
vt 0.936770 0.963385
vt 0.960165 0.965356
vt 0.946812 0.962210
vt 0.946167 0.960212
vt 0.965866 0.944549
vt 0.965846 0.949368
vt 0.965844 0.954257
vt 0.935555 0.956803
vt 0.939825 0.955734
vt 0.951557 0.961022
vt 0.956509 0.963915
vt 0.956425 0.960542
vt 0.960906 0.964131
vt 0.944343 0.926644
vt 0.947975 0.925734
vt 0.951700 0.925367
vt 0.955440 0.925551
vt 0.959111 0.926281
vt 0.946056 0.931855
vt 0.948909 0.931141
vt 0.951837 0.930853
vt 0.954774 0.930997
vt 0.957659 0.931570
vt 0.960726 0.932696
vt 0.948009 0.937787
vt 0.949975 0.937295
vt 0.951991 0.937096
vt 0.954014 0.937196
vt 0.956001 0.937591
vt 0.958114 0.938366
vt 0.960073 0.939475
vt 0.938542 0.936358
vt 0.934780 0.932375
vt 0.932266 0.935148
vt 0.964780 0.955925
vt 0.971014 0.923221
vt 0.972065 0.961696
vt 0.972953 0.929090
vt 0.972637 0.935476
vt 0.970035 0.941555
vt 0.965404 0.946540
vt 0.975243 0.926632
vt 0.976207 0.932738
vt 0.974862 0.938989
vt 0.971310 0.944562
vt 0.965933 0.948727
vt 0.935518 0.950022
vt 0.985563 0.950974
vt 0.981801 0.955866
vt 0.976351 0.959169
vt 0.969880 0.960397
vt 0.963185 0.959328
vt 0.935527 0.955452
vt 0.980574 0.960598
vt 0.985074 0.956384
vt 0.974666 0.962970
vt 0.968087 0.963128
vt 0.961660 0.960983
vt 0.976230 0.976597
vt 0.970562 0.978487
vt 0.964447 0.978098
vt 0.958709 0.975420
vt 0.954124 0.970737
vt 0.951316 0.964588
vt 0.971682 0.980145
vt 0.965791 0.981087
vt 0.959829 0.979707
vt 0.954612 0.976131
vt 0.950857 0.970764
vt 0.949092 0.964240
vt 0.980404 0.961198
vt 0.966618 0.982905
vt 0.980264 0.934986
vt 0.939346 0.981304
vt 0.936315 0.976024
vt 0.935392 0.969784
vt 0.919388 0.963349
vt 0.940194 0.974464
vt 0.940130 0.970040
vt 0.919882 0.957987
vt 0.922484 0.952955
vt 0.926949 0.948926
vt 0.932821 0.946454
vt 0.939481 0.945905
vt 0.940085 0.950789
vt 0.921302 0.938744
vt 0.926290 0.936011
vt 0.940129 0.946111
vt 0.928735 0.932352
vt 0.923393 0.934323
s 0
usemtl Steel_-_Satin
f 2/1/1 3/2/1 1/3/1
f 1/3/1 3/2/1 4/4/1
f 1/3/1 4/4/1 5/5/1
f 1/3/1 5/5/1 12/6/1
f 12/6/1 5/5/1 6/7/1
f 12/6/1 6/7/1 7/8/1
f 7/8/1 8/9/1 12/6/1
f 12/6/1 8/9/1 11/10/1
f 11/10/1 8/9/1 9/11/1
f 11/10/1 9/11/1 10/12/1
f 14/13/2 79/14/2 13/15/2
f 13/15/3 79/14/3 80/16/3
f 13/15/3 80/16/3 82/17/3
f 82/17/3 80/16/3 81/18/3
f 79/14/3 14/13/3 78/19/3
f 78/19/3 14/13/3 15/20/3
f 78/19/3 15/20/3 16/21/3
f 78/19/3 16/21/3 77/22/3
f 77/22/2 16/21/2 17/23/2
f 77/22/3 17/23/3 55/24/3
f 55/24/3 17/23/3 54/25/3
f 54/25/3 17/23/3 18/26/3
f 54/25/3 18/26/3 53/27/3
f 53/27/2 18/26/2 19/28/2
f 53/27/3 19/28/3 52/29/3
f 52/29/3 19/28/3 20/30/3
f 52/29/3 20/30/3 47/31/3
f 47/31/3 20/30/3 30/32/3
f 47/31/2 30/32/2 46/33/2
f 46/33/2 30/32/2 45/34/2
f 45/34/3 30/32/3 44/35/3
f 44/35/3 30/32/3 43/36/3
f 43/36/2 30/32/2 42/37/2
f 42/37/3 30/32/3 34/38/3
f 42/37/3 34/38/3 41/39/3
f 41/39/2 34/38/2 40/40/2
f 40/40/2 34/38/2 39/41/2
f 39/41/3 34/38/3 38/42/3
f 38/42/3 34/38/3 37/43/3
f 37/43/3 34/38/3 36/44/3
f 36/44/2 34/38/2 35/45/2
f 20/30/3 21/46/3 30/32/3
f 30/32/2 21/46/2 29/47/2
f 29/47/3 21/46/3 22/48/3
f 29/47/2 22/48/2 23/49/2
f 24/50/2 27/51/2 23/49/2
f 23/49/3 27/51/3 28/52/3
f 23/49/3 28/52/3 29/47/3
f 25/53/3 26/54/3 24/50/3
f 24/50/3 26/54/3 27/51/3
f 30/32/2 31/55/2 34/38/2
f 34/38/3 31/55/3 32/56/3
f 34/38/3 32/56/3 33/57/3
f 47/31/3 48/58/3 52/29/3
f 52/29/3 48/58/3 51/59/3
f 51/59/2 48/58/2 49/60/2
f 51/59/3 49/60/3 50/61/3
f 56/62/2 59/63/2 55/24/2
f 55/24/2 59/63/2 60/64/2
f 55/24/3 60/64/3 77/22/3
f 77/22/3 60/64/3 61/65/3
f 77/22/2 61/65/2 62/66/2
f 57/67/2 58/68/2 56/62/2
f 56/62/3 58/68/3 59/63/3
f 62/66/2 63/69/2 77/22/2
f 77/22/2 63/69/2 64/70/2
f 77/22/3 64/70/3 65/71/3
f 77/22/2 65/71/2 73/72/2
f 73/72/3 65/71/3 66/73/3
f 73/72/3 66/73/3 67/74/3
f 67/74/2 68/75/2 73/72/2
f 73/72/3 68/75/3 69/76/3
f 73/72/2 69/76/2 70/77/2
f 70/77/3 71/78/3 73/72/3
f 73/72/2 71/78/2 72/79/2
f 74/80/3 75/81/3 73/72/3
f 73/72/3 75/81/3 76/82/3
f 73/72/3 76/82/3 77/22/3
f 83/83/2 84/84/2 82/17/2
f 82/17/3 84/84/3 85/85/3
f 82/17/2 85/85/2 86/86/2
f 86/86/3 87/87/3 82/17/3
f 82/17/2 87/87/2 88/88/2
f 82/17/3 88/88/3 89/89/3
f 89/89/3 13/15/3 82/17/3
f 91/90/4 93/91/4 90/92/4
f 90/92/4 93/91/4 94/93/4
f 90/92/4 94/93/4 95/94/4
f 91/90/4 92/95/4 93/91/4
f 95/94/4 96/96/4 90/92/4
f 90/92/4 96/96/4 137/97/4
f 90/92/4 137/97/4 138/98/4
f 96/96/4 97/99/4 137/97/4
f 137/97/4 97/99/4 136/100/4
f 136/100/4 97/99/4 135/101/4
f 135/101/4 97/99/4 98/102/4
f 135/101/4 98/102/4 134/103/4
f 134/103/4 98/102/4 133/104/4
f 133/104/4 98/102/4 122/105/4
f 133/104/4 122/105/4 123/106/4
f 98/102/4 99/107/4 122/105/4
f 122/105/4 99/107/4 121/108/4
f 121/108/4 99/107/4 120/109/4
f 120/109/4 99/107/4 100/110/4
f 120/109/4 100/110/4 119/111/4
f 119/111/4 100/110/4 101/112/4
f 119/111/4 101/112/4 118/113/4
f 118/113/4 101/112/4 115/114/4
f 118/113/4 115/114/4 116/115/4
f 115/114/4 101/112/4 114/116/4
f 114/116/4 101/112/4 102/117/4
f 114/116/4 102/117/4 113/118/4
f 113/118/4 102/117/4 112/119/4
f 112/119/4 102/117/4 104/120/4
f 112/119/4 104/120/4 111/121/4
f 111/121/4 104/120/4 110/122/4
f 110/122/4 104/120/4 105/123/4
f 110/122/4 105/123/4 109/124/4
f 109/124/4 105/123/4 108/125/4
f 108/125/4 105/123/4 107/126/4
f 107/126/4 105/123/4 106/127/4
f 102/117/4 103/128/4 104/120/4
f 116/115/4 117/129/4 118/113/4
f 124/130/4 127/131/4 123/106/4
f 123/106/4 127/131/4 132/132/4
f 123/106/4 132/132/4 133/104/4
f 125/133/4 126/134/4 124/130/4
f 124/130/5 126/134/5 127/131/5
f 127/131/4 128/135/4 132/132/4
f 132/132/4 128/135/4 131/136/4
f 131/136/6 128/135/6 129/137/6
f 131/136/4 129/137/4 130/138/4
f 140/139/7 208/140/7 139/141/7
f 139/141/8 208/140/8 105/123/8
f 139/141/8 105/123/8 212/142/8
f 212/142/7 105/123/7 211/143/7
f 211/143/8 105/123/8 210/144/8
f 210/144/7 105/123/7 104/120/7
f 208/140/7 140/139/7 207/145/7
f 207/145/7 140/139/7 141/146/7
f 207/145/7 141/146/7 206/147/7
f 206/147/8 141/146/8 142/148/8
f 206/147/8 142/148/8 143/149/8
f 206/147/8 143/149/8 205/150/8
f 205/150/7 143/149/7 144/151/7
f 205/150/8 144/151/8 183/152/8
f 183/152/8 144/151/8 182/153/8
f 182/153/8 144/151/8 145/154/8
f 182/153/8 145/154/8 181/155/8
f 181/155/7 145/154/7 146/156/7
f 181/155/8 146/156/8 180/157/8
f 180/157/8 146/156/8 158/158/8
f 180/157/7 158/158/7 175/159/7
f 175/159/8 158/158/8 174/160/8
f 174/160/8 158/158/8 173/161/8
f 173/161/8 158/158/8 172/162/8
f 172/162/7 158/158/7 171/163/7
f 171/163/8 158/158/8 170/164/8
f 170/164/8 158/158/8 162/165/8
f 170/164/8 162/165/8 169/166/8
f 169/166/8 162/165/8 168/167/8
f 168/167/8 162/165/8 167/168/8
f 167/168/7 162/165/7 166/169/7
f 166/169/8 162/165/8 165/170/8
f 165/170/7 162/165/7 164/171/7
f 164/171/8 162/165/8 163/172/8
f 146/156/7 147/173/7 158/158/7
f 158/158/8 147/173/8 157/174/8
f 157/174/7 147/173/7 148/175/7
f 157/174/8 148/175/8 149/176/8
f 157/174/7 149/176/7 156/177/7
f 156/177/8 149/176/8 150/178/8
f 156/177/8 150/178/8 155/179/8
f 155/179/7 150/178/7 151/180/7
f 155/179/7 151/180/7 154/181/7
f 154/181/8 151/180/8 152/182/8
f 154/181/7 152/182/7 153/183/7
f 158/158/7 159/184/7 162/165/7
f 162/165/8 159/184/8 160/185/8
f 162/165/8 160/185/8 161/186/8
f 175/159/8 176/187/8 180/157/8
f 180/157/7 176/187/7 179/188/7
f 179/188/7 176/187/7 177/189/7
f 179/188/8 177/189/8 178/190/8
f 184/191/8 187/192/8 183/152/8
f 183/152/7 187/192/7 188/193/7
f 183/152/8 188/193/8 205/150/8
f 205/150/8 188/193/8 189/194/8
f 205/150/7 189/194/7 190/195/7
f 185/196/8 186/197/8 184/191/8
f 184/191/7 186/197/7 187/192/7
f 190/195/7 191/198/7 205/150/7
f 205/150/8 191/198/8 192/199/8
f 205/150/8 192/199/8 193/200/8
f 205/150/8 193/200/8 201/201/8
f 201/201/7 193/200/7 194/202/7
f 201/201/8 194/202/8 195/203/8
f 195/203/7 196/204/7 201/201/7
f 201/201/8 196/204/8 197/205/8
f 201/201/7 197/205/7 198/206/7
f 198/206/7 199/207/7 201/201/7
f 201/201/7 199/207/7 200/208/7
f 202/209/8 203/210/8 201/201/8
f 201/201/8 203/210/8 204/211/8
f 201/201/8 204/211/8 205/150/8
f 208/140/8 209/212/8 105/123/8
f 236/213/9 213/214/9 218/215/9
f 218/215/9 213/214/9 214/216/9
f 218/215/10 214/216/10 215/217/10
f 216/218/9 217/219/9 215/217/9
f 215/217/9 217/219/9 218/215/9
f 219/220/9 241/221/9 218/215/9
f 218/215/9 241/221/9 242/222/9
f 218/215/9 242/222/9 243/223/9
f 220/224/9 238/225/9 219/220/9
f 219/220/9 238/225/9 239/226/9
f 219/220/9 239/226/9 240/227/9
f 221/228/9 255/229/9 220/224/9
f 220/224/9 255/229/9 256/230/9
f 220/224/9 256/230/9 257/231/9
f 222/232/9 224/233/9 221/228/9
f 221/228/9 224/233/9 225/234/9
f 221/228/9 225/234/9 226/235/9
f 222/232/9 223/236/9 224/233/9
f 226/235/9 227/237/9 221/228/9
f 221/228/9 227/237/9 252/238/9
f 221/228/9 252/238/9 253/239/9
f 252/238/9 227/237/9 251/240/9
f 251/240/9 227/237/9 228/241/9
f 251/240/9 228/241/9 229/242/9
f 251/240/9 229/242/9 250/243/9
f 250/243/9 229/242/9 230/244/9
f 250/243/9 230/244/9 231/245/9
f 232/246/9 246/247/9 231/245/9
f 231/245/9 246/247/9 247/248/9
f 231/245/9 247/248/9 248/249/9
f 233/250/9 243/223/9 232/246/9
f 232/246/9 243/223/9 244/251/9
f 232/246/9 244/251/9 245/252/9
f 233/250/9 234/253/9 243/223/9
f 243/223/9 234/253/9 218/215/9
f 234/253/9 235/254/9 218/215/9
f 218/215/9 235/254/9 236/213/9
f 257/231/9 237/255/9 220/224/9
f 220/224/9 237/255/9 238/225/9
f 240/227/9 241/221/9 219/220/9
f 245/252/9 246/247/9 232/246/9
f 248/249/9 249/256/9 231/245/9
f 231/245/9 249/256/9 250/243/9
f 253/239/9 254/257/9 221/228/9
f 221/228/9 254/257/9 255/229/9
f 259/258/11 283/259/11 258/260/11
f 258/260/11 283/259/11 284/261/11
f 258/260/11 284/261/11 285/262/11
f 260/263/11 279/264/11 259/258/11
f 259/258/11 279/264/11 280/265/11
f 259/258/11 280/265/11 281/266/11
f 261/267/11 275/268/11 260/263/11
f 260/263/11 275/268/11 276/269/11
f 260/263/11 276/269/11 277/270/11
f 262/271/11 270/272/11 261/267/11
f 261/267/11 270/272/11 271/273/11
f 261/267/11 271/273/11 272/274/11
f 263/275/11 266/276/11 262/271/11
f 262/271/11 266/276/11 267/277/11
f 262/271/11 267/277/11 268/278/11
f 264/279/11 296/280/11 263/275/11
f 263/275/11 296/280/11 297/281/11
f 263/275/11 297/281/11 298/282/11
f 265/283/11 292/284/11 264/279/11
f 264/279/11 292/284/11 293/285/11
f 264/279/11 293/285/11 294/286/11
f 258/260/11 287/287/11 265/283/11
f 265/283/11 287/287/11 288/288/11
f 265/283/11 288/288/11 289/289/11
f 268/278/11 269/290/11 262/271/11
f 262/271/11 269/290/11 270/272/11
f 272/274/11 273/291/11 261/267/11
f 261/267/11 273/291/11 274/292/11
f 261/267/11 274/292/11 275/268/11
f 277/270/11 278/293/11 260/263/11
f 260/263/11 278/293/11 279/264/11
f 281/266/11 282/294/11 259/258/11
f 259/258/11 282/294/11 283/259/11
f 285/262/11 286/295/11 258/260/11
f 258/260/11 286/295/11 287/287/11
f 289/289/11 290/296/11 265/283/11
f 265/283/11 290/296/11 291/297/11
f 265/283/11 291/297/11 292/284/11
f 294/286/11 295/298/11 264/279/11
f 264/279/11 295/298/11 296/280/11
f 298/282/11 299/299/11 263/275/11
f 263/275/11 299/299/11 266/276/11
f 300/300/12 301/301/12 363/302/13
f 363/302/13 301/301/12 302/303/14
f 363/302/15 302/303/14 362/304/16
f 362/304/16 302/303/14 361/305/17
f 361/305/17 302/303/18 303/306/19
f 361/305/17 303/306/19 360/307/20
f 360/307/20 303/306/19 359/308/21
f 359/308/21 303/306/19 304/309/22
f 359/308/21 304/309/22 358/310/23
f 358/310/23 304/309/22 357/311/24
f 357/311/24 304/309/22 305/312/25
f 357/311/24 305/312/26 356/313/27
f 356/313/27 305/312/26 306/314/28
f 356/313/27 306/314/29 355/315/30
f 355/315/30 306/314/28 354/316/31
f 354/316/31 306/314/28 307/317/32
f 354/316/31 307/317/32 353/318/33
f 353/318/33 307/317/32 352/319/34
f 352/320/35 307/321/32 308/322/36
f 352/320/35 308/322/36 351/323/37
f 351/323/37 308/322/38 350/324/39
f 350/324/39 308/322/36 309/325/40
f 350/324/39 309/325/40 349/326/41
f 349/326/41 309/325/40 348/327/42
f 348/327/42 309/325/40 310/328/43
f 348/327/42 310/328/43 347/329/44
f 347/329/44 310/328/43 346/330/45
f 346/330/46 310/328/43 311/331/47
f 346/330/45 311/331/48 345/332/49
f 345/332/49 311/331/47 344/333/50
f 344/333/50 311/331/47 312/334/51
f 344/333/50 312/334/51 343/335/51
f 343/335/51 312/334/51 342/336/52
f 342/336/52 312/334/51 313/337/53
f 342/336/52 313/337/54 341/338/55
f 341/338/55 313/337/53 340/339/56
f 340/339/56 313/337/53 314/340/57
f 340/339/56 314/340/57 339/341/58
f 339/341/58 314/340/57 338/342/59
f 338/342/59 314/340/57 315/343/60
f 338/342/59 315/343/60 337/344/61
f 337/344/61 315/343/60 336/345/62
f 336/345/62 315/343/60 316/346/63
f 336/345/62 316/346/64 335/347/65
f 335/347/65 316/346/63 334/348/66
f 334/348/66 316/346/63 317/349/67
f 334/350/66 317/351/67 333/352/68
f 333/352/68 317/351/67 332/353/69
f 332/353/69 317/351/67 318/354/70
f 332/353/69 318/354/70 331/355/71
f 331/355/71 318/354/70 330/356/72
f 330/356/72 318/354/70 319/357/73
f 330/356/72 319/357/73 329/358/74
f 329/358/75 319/357/76 328/359/77
f 328/359/77 319/357/76 320/360/78
f 328/359/77 320/360/78 327/361/79
f 327/361/79 320/360/78 321/362/80
f 327/361/79 321/362/80 326/363/81
f 326/363/81 321/362/80 325/364/82
f 325/364/82 321/362/80 322/365/83
f 325/364/84 322/365/85 324/366/86
f 324/366/86 322/365/83 323/367/87
f 323/367/87 322/365/83 223/236/9
f 323/367/87 223/236/9 222/232/9
f 365/368/12 366/369/12 364/370/12
f 364/370/12 366/369/12 385/371/12
f 385/371/12 366/369/12 367/372/12
f 385/371/12 367/372/12 368/373/12
f 368/373/12 369/374/12 385/371/12
f 385/371/12 369/374/12 370/375/12
f 385/371/12 370/375/12 371/376/12
f 371/376/12 372/377/12 385/371/12
f 385/371/12 372/377/12 373/378/12
f 385/371/12 373/378/12 374/379/12
f 385/371/12 374/379/12 382/380/12
f 382/380/12 374/379/12 375/381/12
f 382/380/12 375/381/12 376/382/12
f 376/382/12 377/383/12 382/380/12
f 382/380/12 377/383/12 378/384/12
f 382/380/12 378/384/12 379/385/12
f 379/385/12 380/386/12 382/380/12
f 382/380/12 380/386/12 381/387/12
f 382/380/12 381/387/12 300/300/12
f 300/300/12 381/387/12 301/301/12
f 383/388/12 384/389/12 382/380/12
f 382/380/12 384/389/12 385/371/12
f 217/219/88 216/218/88 447/390/87
f 447/390/87 216/218/9 386/391/83
f 447/390/87 386/391/83 446/392/86
f 446/392/86 386/391/85 445/393/84
f 445/393/82 386/391/83 387/394/80
f 445/393/82 387/394/80 444/395/81
f 444/395/81 387/394/80 443/396/79
f 443/396/79 387/394/80 388/397/78
f 443/396/79 388/397/78 442/398/77
f 442/398/77 388/397/78 389/399/76
f 442/398/77 389/399/89 441/400/75
f 441/400/74 389/399/73 440/401/72
f 440/401/72 389/399/73 390/402/70
f 440/401/72 390/402/70 439/403/71
f 439/403/71 390/402/70 438/404/69
f 438/404/69 390/402/70 391/405/67
f 438/404/69 391/405/67 437/406/68
f 437/406/68 391/405/67 436/407/66
f 436/407/66 391/405/67 392/408/63
f 436/409/66 392/410/63 435/411/65
f 435/411/65 392/410/63 434/412/62
f 434/412/62 392/410/63 393/413/60
f 434/412/62 393/413/60 433/414/61
f 433/414/61 393/413/60 432/415/59
f 432/415/59 393/413/60 394/416/57
f 432/415/59 394/416/57 431/417/58
f 431/417/58 394/416/57 430/418/56
f 430/418/56 394/416/57 395/419/53
f 430/418/56 395/419/53 429/420/55
f 429/420/55 395/419/54 428/421/52
f 428/421/52 395/419/53 396/422/51
f 428/421/52 396/422/51 427/423/51
f 427/423/51 396/422/51 426/424/50
f 426/424/50 396/422/51 397/425/47
f 426/424/50 397/425/47 425/426/49
f 425/426/49 397/425/48 424/427/45
f 424/427/46 397/425/47 398/428/43
f 424/427/45 398/428/43 423/429/44
f 423/429/44 398/428/43 422/430/42
f 422/430/42 398/428/43 399/431/40
f 422/430/42 399/431/40 421/432/41
f 421/432/41 399/431/40 420/433/39
f 420/433/39 399/431/40 400/434/36
f 420/433/39 400/434/38 419/435/37
f 419/436/37 400/437/36 418/438/35
f 418/438/35 400/437/36 401/439/32
f 418/438/34 401/439/32 417/440/33
f 417/440/33 401/439/32 416/441/31
f 416/441/31 401/439/32 402/442/28
f 416/441/31 402/442/28 415/443/30
f 415/443/30 402/442/28 414/444/27
f 414/444/27 402/442/28 403/445/26
f 414/444/27 403/445/26 413/446/24
f 413/446/24 403/445/25 404/447/22
f 413/446/24 404/447/22 412/448/23
f 412/448/23 404/447/22 411/449/21
f 411/449/21 404/447/22 405/450/19
f 411/449/21 405/450/19 410/451/20
f 410/451/20 405/450/19 409/452/17
f 409/452/17 405/450/19 406/453/18
f 409/452/17 406/453/14 408/454/90
f 408/454/16 406/453/14 407/455/13
f 407/455/13 406/453/14 365/368/12
f 407/455/13 365/368/91 364/370/91
f 449/456/92 479/457/92 448/458/92
f 448/458/92 479/457/92 480/459/92
f 448/458/92 480/459/92 482/460/92
f 482/460/92 480/459/92 481/461/92
f 450/462/92 451/463/92 449/456/92
f 449/456/92 451/463/92 452/464/92
f 449/456/92 452/464/92 479/457/92
f 479/457/92 452/464/92 478/465/92
f 478/465/92 452/464/92 453/466/92
f 478/465/92 453/466/92 477/467/92
f 477/467/92 453/466/92 454/468/92
f 477/467/92 454/468/92 455/469/92
f 477/467/92 455/469/92 476/470/92
f 476/470/92 455/469/92 456/471/92
f 476/470/92 456/471/92 475/472/92
f 475/472/92 456/471/92 83/83/92
f 475/472/92 83/83/92 474/473/92
f 474/473/92 83/83/92 472/474/92
f 474/473/92 472/474/92 473/475/92
f 457/476/92 460/477/92 456/471/92
f 456/471/92 460/477/92 461/478/92
f 456/471/92 461/478/92 83/83/92
f 457/476/92 458/479/92 460/477/92
f 460/477/92 458/479/92 459/480/92
f 82/17/92 466/481/92 83/83/92
f 83/83/92 466/481/92 467/482/92
f 83/83/92 467/482/92 468/483/92
f 462/484/92 463/485/92 82/17/92
f 82/17/92 463/485/92 464/486/92
f 82/17/92 464/486/92 465/487/92
f 465/487/92 466/481/92 82/17/92
f 468/483/92 469/488/92 83/83/92
f 83/83/92 469/488/92 470/489/92
f 83/83/92 470/489/92 471/490/92
f 471/490/92 472/474/92 83/83/92
f 484/491/93 485/492/93 483/493/93
f 483/493/93 485/492/93 486/494/93
f 488/495/51 489/496/51 487/497/51
f 487/497/51 489/496/51 490/498/51
f 492/499/94 493/500/94 491/501/94
f 491/501/94 493/500/94 494/502/94
f 518/503/92 495/504/92 517/505/92
f 517/505/92 495/504/92 496/506/92
f 517/505/92 496/506/92 497/507/92
f 497/507/92 498/508/92 517/505/92
f 517/505/92 498/508/92 499/509/92
f 517/505/92 499/509/92 500/510/92
f 500/510/92 501/511/92 517/505/92
f 517/505/92 501/511/92 502/512/92
f 517/505/92 502/512/92 503/513/92
f 503/513/92 504/514/92 517/505/92
f 517/505/92 504/514/92 505/515/92
f 517/505/92 505/515/92 516/516/92
f 516/516/92 505/515/92 506/517/92
f 516/516/92 506/517/92 507/518/92
f 507/518/92 508/519/92 516/516/92
f 516/516/92 508/519/92 509/520/92
f 516/516/92 509/520/92 510/521/92
f 510/521/92 511/522/92 516/516/92
f 516/516/92 511/522/92 512/523/92
f 516/516/92 512/523/92 513/524/92
f 513/524/92 514/525/92 516/516/92
f 516/516/92 514/525/92 515/526/92
f 520/527/4 521/528/4 519/529/4
f 519/529/4 521/528/4 522/530/4
f 519/529/4 522/530/4 523/531/4
f 523/531/4 524/532/4 519/529/4
f 519/529/4 524/532/4 525/533/4
f 519/529/4 525/533/4 526/534/4
f 526/534/4 527/535/4 519/529/4
f 519/529/4 527/535/4 528/536/4
f 519/529/4 528/536/4 529/537/4
f 529/537/4 530/538/4 519/529/4
f 519/529/4 530/538/4 542/539/4
f 542/539/4 530/538/4 531/540/4
f 542/539/4 531/540/4 532/541/4
f 532/541/4 533/542/4 542/539/4
f 542/539/4 533/542/4 534/543/4
f 542/539/4 534/543/4 535/544/4
f 535/544/4 536/545/4 542/539/4
f 542/539/4 536/545/4 537/546/4
f 542/539/4 537/546/4 538/547/4
f 538/547/4 539/548/4 542/539/4
f 542/539/4 539/548/4 540/549/4
f 542/539/4 540/549/4 541/550/4
f 460/477/3 459/480/3 550/551/3
f 550/551/95 459/480/95 545/552/95
f 550/551/95 545/552/95 546/553/95
f 543/554/95 544/555/95 459/480/95
f 459/480/96 544/555/96 545/552/96
f 547/556/3 548/557/3 546/553/3
f 546/553/2 548/557/2 549/558/2
f 546/553/2 549/558/2 550/551/2
f 552/559/97 553/560/97 551/561/97
f 551/561/97 553/560/97 554/562/97
f 556/563/98 557/564/99 555/565/98
f 555/565/98 557/564/99 584/566/100
f 584/566/101 557/564/99 558/567/102
f 584/566/103 558/567/102 583/568/104
f 583/568/105 558/567/102 559/569/106
f 583/568/105 559/569/107 582/570/108
f 582/570/108 559/569/106 560/571/109
f 582/570/110 560/571/109 581/572/111
f 581/573/111 560/574/109 561/575/112
f 581/573/111 561/575/112 580/576/113
f 580/576/114 561/575/115 562/577/116
f 580/576/113 562/577/116 579/578/117
f 579/578/117 562/577/118 563/579/119
f 579/578/117 563/579/119 578/580/120
f 578/580/120 563/579/119 564/581/121
f 578/580/120 564/581/121 577/582/122
f 577/582/122 564/581/121 565/583/123
f 577/582/122 565/583/123 576/584/124
f 576/584/124 565/583/123 566/585/125
f 576/584/124 566/585/125 575/586/126
f 575/586/126 566/585/127 567/587/128
f 575/586/126 567/587/128 574/588/129
f 574/589/129 567/590/128 568/591/130
f 574/589/129 568/591/130 573/592/131
f 573/592/131 568/591/130 569/593/132
f 573/592/131 569/593/132 572/594/133
f 572/594/133 569/593/132 570/595/134
f 572/594/133 570/595/134 571/596/135
f 571/596/135 570/595/134 552/559/97
f 571/596/135 552/559/97 551/561/97
f 555/565/98 585/597/98 589/598/98
f 589/598/98 585/597/98 586/599/98
f 589/598/98 586/599/98 588/600/98
f 588/600/98 586/599/98 587/601/98
f 589/598/98 556/563/98 555/565/98
f 590/602/136 591/603/136 603/604/137
f 603/604/137 591/603/136 592/605/137
f 603/604/137 592/605/137 593/606/138
f 603/604/137 593/606/138 602/607/138
f 602/607/138 593/606/138 594/608/139
f 602/607/138 594/608/139 601/609/139
f 601/610/139 594/611/139 595/612/140
f 601/610/139 595/612/140 600/613/140
f 600/613/140 595/612/140 596/614/141
f 600/613/140 596/614/141 599/615/141
f 599/615/141 596/614/141 597/616/142
f 599/615/141 597/616/142 598/617/143
f 598/617/142 597/616/142 585/597/98
f 585/597/98 597/616/142 586/599/98
f 604/618/136 605/619/136 621/620/144
f 621/620/144 605/619/145 606/621/146
f 621/620/144 606/621/146 620/622/147
f 620/622/148 606/621/146 607/623/149
f 620/622/150 607/623/151 619/624/152
f 619/624/152 607/623/151 608/625/153
f 619/626/152 608/627/154 618/628/155
f 618/628/155 608/627/153 609/629/156
f 618/628/155 609/629/156 617/630/157
f 617/630/157 609/629/156 610/631/158
f 617/630/157 610/631/158 616/632/159
f 616/632/159 610/631/158 615/633/160
f 615/633/160 610/631/161 614/634/162
f 614/634/162 610/631/161 613/635/163
f 613/635/164 610/631/158 611/636/165
f 613/635/164 611/636/165 612/637/166
f 612/637/167 611/636/165 554/562/97
f 612/637/167 554/562/97 553/560/97
f 591/603/145 590/602/145 604/618/145
f 604/618/145 590/602/145 605/619/145
f 623/638/4 627/639/4 622/640/4
f 622/640/4 627/639/4 628/641/4
f 622/640/4 628/641/4 634/642/4
f 634/642/4 628/641/4 633/643/4
f 633/643/4 628/641/4 632/644/4
f 632/644/4 628/641/4 631/645/4
f 631/645/4 628/641/4 630/646/4
f 630/646/4 628/641/4 629/647/4
f 623/638/4 624/648/4 627/639/4
f 627/639/4 624/648/4 625/649/4
f 627/639/4 625/649/4 626/650/4
f 622/640/4 634/642/4 647/651/4
f 647/651/4 634/642/4 635/652/4
f 647/651/4 635/652/4 641/653/4
f 641/653/4 635/652/4 636/654/4
f 641/653/4 636/654/4 637/655/4
f 637/655/4 638/656/4 641/653/4
f 641/653/4 638/656/4 639/657/4
f 641/653/4 639/657/4 640/658/4
f 641/653/4 642/659/4 647/651/4
f 647/651/4 642/659/4 646/660/4
f 646/660/4 642/659/4 645/661/4
f 645/661/4 642/659/4 644/662/4
f 644/662/4 642/659/4 643/663/4
f 649/664/168 650/665/168 648/666/168
f 648/666/168 650/665/168 651/667/168
f 650/665/169 652/668/170 651/667/169
f 651/667/168 652/668/170 662/669/171
f 662/669/171 652/668/170 653/670/172
f 662/669/171 653/670/172 661/671/173
f 661/671/173 653/670/174 654/672/175
f 661/671/173 654/672/175 660/673/176
f 660/674/176 654/675/175 655/676/177
f 660/674/176 655/676/177 659/677/178
f 659/677/178 655/676/177 656/678/179
f 659/677/178 656/678/179 658/679/11
f 658/679/11 656/678/179 657/680/11
f 657/680/11 663/681/11 658/679/11
f 658/679/11 663/681/11 665/682/11
f 665/682/11 663/681/11 664/683/11
f 649/664/169 648/666/169 701/684/180
f 701/684/180 648/666/168 666/685/181
f 701/684/180 666/685/181 700/686/182
f 700/686/182 666/685/181 667/687/183
f 700/686/182 667/687/183 699/688/184
f 699/688/184 667/687/183 668/689/185
f 699/688/184 668/689/185 698/690/186
f 698/690/187 668/689/185 669/691/188
f 698/690/186 669/691/188 697/692/189
f 697/693/189 669/694/188 670/695/190
f 697/693/189 670/695/191 696/696/192
f 696/696/192 670/695/191 671/697/193
f 696/696/192 671/697/193 695/698/194
f 695/698/194 671/697/193 672/699/195
f 695/698/194 672/699/195 694/700/196
f 694/700/196 672/699/195 673/701/197
f 694/700/196 673/701/197 693/702/198
f 693/702/199 673/701/197 674/703/200
f 693/702/198 674/703/200 692/704/201
f 692/704/201 674/703/200 675/705/202
f 692/704/201 675/705/203 691/706/204
f 691/706/204 675/705/203 676/707/205
f 691/708/204 676/709/205 690/710/206
f 690/710/207 676/709/208 677/711/209
f 690/710/206 677/711/209 689/712/210
f 689/712/211 677/711/209 688/713/212
f 688/713/212 677/711/209 687/714/213
f 687/714/213 677/711/209 678/715/214
f 687/714/213 678/715/214 686/716/215
f 686/716/215 678/715/214 685/717/216
f 685/717/216 678/715/214 679/718/217
f 685/717/216 679/718/217 684/719/218
f 684/719/218 679/718/217 683/720/219
f 683/720/219 679/718/217 682/721/220
f 682/721/220 679/718/217 680/722/221
f 682/721/220 680/722/222 681/723/222
f 702/724/221 703/725/221 718/726/223
f 718/726/223 703/725/221 704/727/224
f 718/726/223 704/727/224 717/728/225
f 717/728/225 704/727/224 716/729/226
f 716/729/227 704/727/224 715/730/228
f 715/730/228 704/727/224 705/731/229
f 715/730/228 705/731/229 714/732/230
f 714/732/230 705/731/229 706/733/231
f 714/732/230 706/733/231 713/734/232
f 713/735/232 706/736/231 712/737/233
f 712/737/233 706/736/231 707/738/234
f 712/737/233 707/738/234 711/739/235
f 711/739/235 707/738/236 710/740/237
f 710/740/237 707/738/234 709/741/238
f 709/741/238 707/738/234 708/742/239
f 708/742/239 707/738/234 665/682/11
f 708/742/239 665/682/11 664/683/11
f 681/723/221 680/722/221 702/724/221
f 702/724/221 680/722/221 703/725/221
f 720/743/92 723/744/92 719/745/92
f 719/745/92 723/744/92 724/746/92
f 719/745/92 724/746/92 743/747/92
f 743/747/92 724/746/92 730/748/92
f 743/747/92 730/748/92 738/749/92
f 738/749/92 730/748/92 731/750/92
f 738/749/92 731/750/92 732/751/92
f 720/743/92 721/752/92 723/744/92
f 723/744/92 721/752/92 722/753/92
f 725/754/92 726/755/92 724/746/92
f 724/746/92 726/755/92 727/756/92
f 724/746/92 727/756/92 728/757/92
f 728/757/92 729/758/92 724/746/92
f 724/746/92 729/758/92 730/748/92
f 732/751/92 733/759/92 738/749/92
f 738/749/92 733/759/92 734/760/92
f 738/749/92 734/760/92 735/761/92
f 735/761/92 736/762/92 738/749/92
f 738/749/92 736/762/92 737/763/92
f 738/749/92 739/764/92 743/747/92
f 743/747/92 739/764/92 742/765/92
f 742/765/92 739/764/92 741/766/92
f 741/766/92 739/764/92 740/767/92
f 745/768/240 809/769/240 744/770/92
f 744/770/92 809/769/240 777/771/92
f 744/770/92 777/771/92 776/772/241
f 776/772/241 777/771/92 778/773/241
f 776/772/242 778/773/242 775/774/243
f 775/774/243 778/773/242 779/775/243
f 775/774/243 779/775/243 774/776/244
f 774/776/244 779/775/243 780/777/244
f 774/776/244 780/777/244 773/778/245
f 773/778/245 780/777/244 781/779/245
f 773/780/245 781/781/245 772/782/246
f 772/782/246 781/781/245 782/783/246
f 772/782/246 782/783/246 771/784/247
f 771/784/247 782/783/246 783/785/247
f 771/784/247 783/785/247 770/786/248
f 770/786/248 783/785/247 784/787/248
f 770/786/248 784/787/248 769/788/249
f 769/788/249 784/787/248 785/789/249
f 769/788/249 785/789/249 768/790/250
f 768/790/250 785/789/249 786/791/250
f 768/790/250 786/791/250 767/792/251
f 767/792/251 786/791/250 787/793/251
f 767/792/251 787/793/251 766/794/252
f 766/794/252 787/793/251 788/795/252
f 766/794/252 788/795/252 765/796/253
f 765/796/253 788/795/252 789/797/253
f 765/796/254 789/797/254 764/798/255
f 764/798/255 789/797/254 790/799/255
f 764/800/256 790/801/256 763/802/257
f 763/802/257 790/801/256 791/803/257
f 763/802/257 791/803/257 762/804/258
f 762/804/258 791/803/257 792/805/258
f 762/804/258 792/805/258 761/806/259
f 761/806/259 792/805/258 793/807/259
f 761/806/259 793/807/259 760/808/260
f 760/808/260 793/807/259 794/809/260
f 760/808/260 794/809/260 759/810/261
f 759/810/261 794/809/260 795/811/261
f 759/810/261 795/811/261 758/812/262
f 758/812/262 795/811/261 796/813/262
f 758/812/262 796/813/262 757/814/263
f 757/814/263 796/813/262 797/815/263
f 757/816/264 797/817/264 756/818/265
f 756/818/265 797/817/264 798/819/265
f 756/818/266 798/819/266 755/820/267
f 755/820/267 798/819/268 799/821/267
f 755/820/267 799/821/267 754/822/269
f 754/822/270 799/821/267 800/823/270
f 754/822/270 800/823/270 753/824/271
f 753/824/271 800/823/270 801/825/271
f 753/824/271 801/825/271 752/826/272
f 752/826/272 801/825/271 802/827/272
f 752/826/272 802/827/272 751/828/273
f 751/828/273 802/827/274 803/829/273
f 751/828/273 803/829/273 750/830/275
f 750/830/275 803/829/273 804/831/275
f 750/830/275 804/831/275 749/832/276
f 749/832/276 804/831/275 805/833/276
f 749/832/276 805/833/276 748/834/277
f 748/834/277 805/833/276 806/835/277
f 748/836/277 806/837/277 747/838/278
f 747/838/278 806/837/277 807/839/278
f 747/838/278 807/839/278 746/840/279
f 746/840/279 807/839/278 808/841/279
f 746/840/279 808/841/279 745/768/280
f 745/768/280 808/841/279 809/769/280
f 811/842/11 825/843/11 810/844/11
f 810/844/11 825/843/11 826/845/11
f 810/844/11 826/845/11 841/846/11
f 841/846/11 826/845/11 827/847/11
f 841/846/11 827/847/11 840/848/11
f 840/848/11 827/847/11 828/849/11
f 840/848/11 828/849/11 839/850/11
f 839/850/11 828/849/11 829/851/11
f 839/850/11 829/851/11 838/852/11
f 838/852/11 829/851/11 830/853/11
f 838/852/11 830/853/11 837/854/11
f 837/854/11 830/853/11 831/855/11
f 837/854/11 831/855/11 836/856/11
f 836/856/11 831/855/11 832/857/11
f 836/856/11 832/857/11 835/858/11
f 835/858/11 832/857/11 833/859/11
f 835/858/11 833/859/11 834/860/11
f 825/843/11 811/842/11 824/861/11
f 824/861/11 811/842/11 812/862/11
f 824/861/11 812/862/11 823/863/11
f 823/863/11 812/862/11 813/864/11
f 823/863/11 813/864/11 822/865/11
f 822/865/11 813/864/11 814/866/11
f 822/865/11 814/866/11 821/867/11
f 821/867/11 814/866/11 815/868/11
f 821/867/11 815/868/11 820/869/11
f 820/869/11 815/868/11 816/870/11
f 820/869/11 816/870/11 819/871/11
f 819/871/11 816/870/11 817/872/11
f 819/871/11 817/872/11 818/873/11
f 843/874/281 844/875/281 842/876/281
f 842/876/281 844/875/281 846/877/281
f 846/877/281 844/875/281 845/878/281
f 847/879/1 848/880/1 851/881/1
f 851/881/1 848/880/1 849/882/1
f 851/881/1 849/882/1 850/883/1
f 849/882/1 852/884/282 850/883/1
f 850/883/1 852/884/282 893/885/283
f 893/885/283 852/884/282 853/886/284
f 893/885/283 853/886/284 892/887/285
f 892/887/285 853/886/284 854/888/286
f 892/889/285 854/890/286 891/891/287
f 891/891/287 854/890/288 855/892/289
f 891/891/287 855/892/289 890/893/290
f 890/893/290 855/892/289 856/894/291
f 890/893/290 856/894/291 889/895/292
f 889/895/293 856/894/291 857/896/294
f 889/895/293 857/896/294 888/897/295
f 888/897/295 857/896/294 858/898/296
f 888/897/295 858/898/296 887/899/297
f 887/899/298 858/898/296 859/900/299
f 887/899/300 859/900/299 886/901/301
f 886/901/301 859/900/299 860/902/302
f 886/901/301 860/902/302 885/903/303
f 885/903/303 860/902/302 861/904/304
f 885/903/303 861/904/304 884/905/305
f 884/905/305 861/904/304 862/906/305
f 884/905/305 862/906/305 863/907/306
f 884/905/305 863/907/306 883/908/307
f 883/908/307 863/907/306 864/909/308
f 883/908/307 864/909/308 882/910/309
f 882/910/309 864/909/308 865/911/310
f 882/910/309 865/911/310 881/912/311
f 881/912/312 865/911/310 866/913/313
f 881/912/314 866/913/313 880/914/315
f 880/914/315 866/913/313 867/915/316
f 880/914/315 867/915/316 879/916/317
f 879/916/317 867/915/316 868/917/318
f 879/916/319 868/917/318 878/918/320
f 878/918/320 868/917/318 869/919/321
f 878/918/320 869/919/321 877/920/322
f 877/920/322 869/919/321 870/921/323
f 877/922/322 870/923/324 876/924/325
f 876/924/325 870/923/324 871/925/326
f 876/924/325 871/925/326 875/926/327
f 875/926/327 871/925/326 872/927/328
f 875/926/327 872/927/328 874/928/329
f 874/928/329 872/927/328 873/929/329
f 895/930/305 896/931/305 894/932/305
f 894/932/305 896/931/305 897/933/305
f 898/934/330 899/935/331 911/936/332
f 911/936/332 899/935/331 910/937/333
f 910/937/333 899/935/331 916/938/334
f 910/937/333 916/938/334 912/939/335
f 912/939/335 916/938/334 901/940/336
f 912/939/335 901/940/336 902/941/337
f 899/935/331 900/942/338 916/938/334
f 916/938/334 900/942/339 901/940/336
f 903/943/340 915/944/341 902/945/337
f 902/941/337 915/946/342 913/947/343
f 902/941/337 913/947/344 914/948/345
f 914/948/346 913/947/344 909/949/347
f 914/948/346 909/949/347 912/939/335
f 912/939/335 909/949/347 910/937/333
f 904/950/348 917/951/349 903/943/350
f 903/943/340 917/951/349 918/952/351
f 903/943/340 918/952/352 915/944/342
f 915/944/341 918/952/353 907/953/354
f 915/944/341 907/953/354 908/954/355
f 905/955/356 906/956/357 904/950/348
f 904/950/348 906/956/357 917/951/349
f 906/956/357 907/953/354 917/951/349
f 917/951/349 907/953/354 918/952/351
f 915/946/341 908/957/355 913/947/344
f 913/947/344 908/957/355 909/949/347
f 912/939/335 902/941/337 914/948/345
f 920/958/329 921/959/329 919/960/329
f 919/960/329 921/959/329 873/929/329
f 873/929/329 921/959/329 874/928/329
f 922/961/358 923/962/358 926/963/358
f 926/963/358 923/962/358 925/964/358
f 925/964/358 923/962/358 924/965/358
f 927/966/359 928/967/359 931/968/359
f 931/968/359 928/967/359 930/969/359
f 930/969/359 928/967/359 929/970/359
f 932/971/360 933/972/360 937/973/360
f 937/973/360 933/972/360 934/974/360
f 937/973/360 934/974/360 936/975/360
f 936/975/360 934/974/360 935/976/360
f 938/977/361 939/978/362 951/979/363
f 951/979/363 939/978/362 955/980/364
f 951/979/363 955/980/364 952/981/365
f 952/981/365 955/980/366 954/982/367
f 952/981/365 954/982/367 953/983/368
f 953/983/368 954/982/367 939/978/362
f 953/983/368 939/978/362 940/984/369
f 941/985/370 958/986/371 940/984/369
f 940/984/369 958/986/372 957/987/373
f 940/984/374 957/987/373 953/983/375
f 953/983/375 957/987/373 956/988/376
f 953/983/368 956/988/376 952/981/365
f 952/981/365 956/988/377 950/989/378
f 952/981/365 950/989/378 951/979/363
f 942/990/379 943/991/380 941/992/370
f 941/992/370 943/991/380 959/993/381
f 941/985/370 959/994/381 958/986/371
f 958/986/371 959/994/381 957/987/373
f 944/995/382 948/996/383 943/991/380
f 943/991/380 948/996/383 949/997/384
f 943/991/380 949/997/384 959/993/381
f 959/994/381 949/998/384 950/989/378
f 959/994/381 950/989/385 956/988/386
f 945/999/387 946/1000/388 944/995/389
f 944/995/390 946/1000/388 947/1001/391
f 944/995/390 947/1001/391 948/996/392
f 954/982/367 955/980/366 939/978/362
f 956/988/393 957/987/373 959/994/381
f 960/1002/394 961/1003/394 963/1004/394
f 963/1004/394 961/1003/394 962/1005/394
f 964/1006/395 965/1007/396 977/1008/397
f 977/1008/397 965/1007/396 981/1009/398
f 977/1008/397 981/1009/398 978/1010/399
f 978/1010/399 981/1009/400 980/1011/401
f 978/1010/399 980/1011/401 979/1012/402
f 979/1012/402 980/1011/401 965/1007/396
f 979/1012/402 965/1007/396 966/1013/403
f 967/1014/404 984/1015/405 966/1013/403
f 966/1013/403 984/1015/406 983/1016/407
f 966/1013/408 983/1016/407 979/1012/409
f 979/1012/409 983/1016/407 982/1017/410
f 979/1012/402 982/1017/410 978/1010/399
f 978/1010/399 982/1017/411 976/1018/412
f 978/1010/399 976/1018/412 977/1008/397
f 968/1019/413 969/1020/414 967/1021/404
f 967/1014/404 969/1022/414 985/1023/415
f 967/1014/404 985/1023/415 984/1015/405
f 984/1015/405 985/1023/415 983/1016/407
f 970/1024/416 974/1025/417 969/1020/414
f 969/1020/414 974/1025/417 975/1026/418
f 969/1022/414 975/1027/418 985/1023/415
f 985/1023/415 975/1027/418 976/1018/412
f 985/1023/415 976/1018/419 982/1017/420
f 971/1028/421 972/1029/422 970/1024/423
f 970/1024/424 972/1029/422 973/1030/425
f 970/1024/424 973/1030/425 974/1025/426
f 980/1011/401 981/1009/400 965/1007/396
f 982/1017/427 983/1016/407 985/1023/415
f 986/1031/428 987/1032/428 991/1033/428
f 991/1033/428 987/1032/428 988/1034/428
f 991/1033/428 988/1034/428 990/1035/428
f 990/1035/428 988/1034/428 989/1036/428
f 993/1037/429 994/1038/429 992/1039/429
f 992/1039/429 994/1038/429 996/1040/429
f 996/1040/429 994/1038/429 995/1041/429
f 997/1042/430 998/1043/430 1001/1044/430
f 1001/1044/430 998/1043/430 999/1045/430
f 1001/1044/430 999/1045/430 1000/1046/430
f 1002/1047/431 1003/1048/432 1015/1049/433
f 1015/1049/433 1003/1048/432 1014/1050/434
f 1014/1050/434 1003/1048/432 1020/1051/435
f 1014/1050/434 1020/1051/435 1016/1052/436
f 1016/1052/436 1020/1051/435 1005/1053/437
f 1016/1052/436 1005/1053/437 1006/1054/438
f 1003/1048/432 1004/1055/439 1020/1051/435
f 1020/1051/435 1004/1055/440 1005/1053/437
f 1007/1056/441 1019/1057/442 1006/1058/438
f 1006/1054/438 1019/1059/442 1017/1060/443
f 1006/1054/438 1017/1060/444 1018/1061/445
f 1018/1061/446 1017/1060/444 1013/1062/447
f 1018/1061/446 1013/1062/447 1016/1052/436
f 1016/1052/436 1013/1062/447 1014/1050/434
f 1008/1063/448 1021/1064/449 1007/1056/450
f 1007/1056/441 1021/1064/449 1022/1065/451
f 1007/1056/441 1022/1065/452 1019/1057/442
f 1019/1057/453 1022/1065/454 1011/1066/455
f 1019/1059/453 1011/1067/455 1012/1068/456
f 1009/1069/457 1010/1070/458 1008/1063/448
f 1008/1063/448 1010/1070/458 1021/1064/449
f 1010/1070/458 1011/1066/455 1021/1064/449
f 1021/1064/449 1011/1066/455 1022/1065/459
f 1019/1059/453 1012/1068/456 1017/1060/444
f 1017/1060/444 1012/1068/456 1013/1062/447
f 1016/1052/436 1006/1054/438 1018/1061/445
f 1024/1071/460 1025/1072/461 1023/1073/460
f 1023/1073/460 1025/1072/461 1064/1074/462
f 1064/1074/462 1025/1072/461 1026/1075/463
f 1064/1074/462 1026/1075/463 1063/1076/464
f 1063/1077/464 1026/1078/463 1027/1079/465
f 1063/1077/464 1027/1079/465 1062/1080/466
f 1062/1080/466 1027/1079/467 1028/1081/468
f 1062/1080/466 1028/1081/468 1061/1082/469
f 1061/1082/469 1028/1081/468 1029/1083/470
f 1061/1082/469 1029/1083/470 1060/1084/471
f 1060/1084/472 1029/1083/470 1030/1085/473
f 1060/1084/472 1030/1085/473 1059/1086/474
f 1059/1086/474 1030/1085/473 1031/1087/475
f 1059/1086/474 1031/1087/475 1058/1088/476
f 1058/1088/477 1031/1087/475 1032/1089/478
f 1058/1088/479 1032/1089/478 1057/1090/480
f 1057/1090/480 1032/1089/478 1033/1091/481
f 1057/1090/480 1033/1091/481 1056/1092/482
f 1056/1092/482 1033/1091/481 1034/1093/483
f 1056/1092/482 1034/1093/483 1055/1094/394
f 1055/1094/394 1034/1093/483 1035/1095/394
f 1055/1094/394 1035/1095/394 1036/1096/484
f 1055/1094/394 1036/1096/484 1054/1097/485
f 1054/1097/485 1036/1096/484 1037/1098/486
f 1054/1097/485 1037/1098/486 1053/1099/487
f 1053/1099/487 1037/1098/486 1038/1100/488
f 1053/1099/487 1038/1100/488 1052/1101/489
f 1052/1101/490 1038/1100/488 1039/1102/491
f 1052/1101/492 1039/1102/491 1051/1103/493
f 1051/1103/493 1039/1102/491 1040/1104/494
f 1051/1103/493 1040/1104/494 1050/1105/495
f 1050/1105/495 1040/1104/494 1041/1106/496
f 1050/1105/497 1041/1106/496 1049/1107/498
f 1049/1107/498 1041/1106/496 1042/1108/499
f 1049/1107/498 1042/1108/499 1048/1109/500
f 1048/1109/500 1042/1108/499 1043/1110/501
f 1048/1109/500 1043/1110/502 1047/1111/503
f 1047/1111/503 1043/1110/502 1044/1112/504
f 1047/1111/503 1044/1112/504 1046/1113/505
f 1046/1113/505 1044/1112/504 1045/1114/506
f 1046/1115/505 1045/1116/506 997/1042/430
f 997/1042/430 1045/1116/506 998/1043/430
f 1023/1073/460 1065/1117/460 1024/1071/460
f 1024/1071/460 1065/1117/460 1067/1118/460
f 1067/1118/460 1065/1117/460 1066/1119/460
f 1068/1120/1 1069/1121/1 1070/1122/1
f 1070/1122/507 1118/1123/507 1068/1120/507
f 1068/1120/508 1118/1123/508 1126/1124/508
f 1068/1120/509 1126/1124/509 1127/1125/509
f 1118/1123/507 1070/1122/507 1117/1126/507
f 1117/1126/507 1070/1122/507 1071/1127/507
f 1117/1126/507 1071/1127/507 1116/1128/507
f 1116/1128/507 1071/1127/507 1072/1129/507
f 1116/1128/507 1072/1129/507 1115/1130/507
f 1115/1130/507 1072/1129/507 1073/1131/507
f 1115/1130/507 1073/1131/507 1114/1132/507
f 1114/1132/507 1073/1131/507 1113/1133/507
f 1113/1133/507 1073/1131/507 1074/1134/507
f 1113/1133/507 1074/1134/507 1112/1135/507
f 1112/1135/508 1074/1134/508 1075/1136/508
f 1112/1135/508 1075/1136/508 2/1/508
f 1112/1135/510 2/1/510 1111/1137/510
f 1111/1137/507 2/1/507 1/3/507
f 1111/1137/511 1/3/511 1077/1138/511
f 1077/1138/512 1/3/512 1076/1139/512
f 1111/1137/507 1077/1138/507 1110/1140/507
f 1110/1140/507 1077/1138/507 1078/1141/507
f 1110/1140/507 1078/1141/507 1088/1142/507
f 1088/1142/508 1078/1141/508 1087/1143/508
f 1087/1143/507 1078/1141/507 1086/1144/507
f 1086/1144/507 1078/1141/507 1085/1145/507
f 1085/1145/507 1078/1141/507 1084/1146/507
f 1084/1146/507 1078/1141/507 1083/1147/507
f 1083/1147/507 1078/1141/507 1079/1148/507
f 1083/1147/507 1079/1148/507 1082/1149/507
f 1082/1149/507 1079/1148/507 1081/1150/507
f 1081/1150/507 1079/1148/507 1080/1151/507
f 1089/1152/508 1108/1153/508 1088/1142/508
f 1088/1142/510 1108/1153/510 1109/1154/510
f 1088/1142/508 1109/1154/508 1110/1140/508
f 1108/1153/507 1089/1152/507 1107/1155/507
f 1107/1155/510 1089/1152/510 1090/1156/510
f 1107/1155/507 1090/1156/507 1106/1157/507
f 1106/1157/507 1090/1156/507 1091/1158/507
f 1106/1157/507 1091/1158/507 1105/1159/507
f 1105/1159/507 1091/1158/507 1092/1160/507
f 1105/1159/507 1092/1160/507 1093/1161/507
f 1105/1159/507 1093/1161/507 1104/1162/507
f 1104/1162/507 1093/1161/507 1094/1163/507
f 1104/1162/507 1094/1163/507 1103/1164/507
f 1103/1164/507 1094/1163/507 1095/1165/507
f 1103/1164/507 1095/1165/507 1097/1166/507
f 1097/1166/507 1095/1165/507 1096/1167/507
f 1097/1166/507 1098/1168/507 1103/1164/507
f 1103/1164/508 1098/1168/508 1099/1169/508
f 1103/1164/510 1099/1169/510 1100/1170/510
f 1100/1170/508 1101/1171/508 1103/1164/508
f 1103/1164/507 1101/1171/507 1102/1172/507
f 1119/1173/507 1120/1174/507 1118/1123/507
f 1118/1123/507 1120/1174/507 1121/1175/507
f 1118/1123/510 1121/1175/510 1122/1176/510
f 1120/1174/513 547/1177/513 1121/1175/513
f 1121/1175/510 547/1177/510 546/1178/510
f 1122/1176/507 1123/1179/507 1118/1123/507
f 1118/1123/508 1123/1179/508 1124/1180/508
f 1118/1123/510 1124/1180/510 1125/1181/510
f 1125/1181/507 1126/1124/507 1118/1123/507
f 1128/1182/508 1129/1183/508 1127/1125/508
f 1127/1125/514 1129/1183/514 1068/1120/514
f 1174/1184/515 1130/1185/516 1181/1186/517
f 1181/1186/517 1130/1185/516 1131/1187/518
f 1181/1186/517 1131/1187/518 1182/1188/519
f 1182/1188/519 1131/1187/518 1132/1189/520
f 1182/1188/519 1132/1189/520 1183/1190/521
f 1183/1190/521 1132/1189/520 1133/1191/522
f 1183/1190/521 1133/1191/522 1184/1192/523
f 1184/1192/523 1133/1191/522 1185/1193/524
f 1184/1192/523 1185/1193/524 426/424/525
f 426/424/525 1185/1193/524 1186/1194/526
f 426/424/525 1186/1194/527 427/423/528
f 427/423/528 1186/1194/527 1187/1195/529
f 427/423/528 1187/1195/529 428/421/529
f 428/421/530 1187/1195/529 429/420/531
f 429/420/532 1187/1195/529 1190/1196/531
f 429/420/531 1190/1196/531 430/418/533
f 430/418/533 1190/1196/531 1193/1197/534
f 430/418/535 1193/1197/536 431/417/537
f 431/417/537 1193/1197/536 1196/1198/538
f 431/417/537 1196/1198/538 432/415/539
f 432/415/540 1196/1198/538 1199/1199/541
f 432/415/540 1199/1199/541 433/414/542
f 433/414/542 1199/1199/541 1202/1200/543
f 433/414/542 1202/1200/543 434/412/544
f 434/412/545 1202/1200/543 1205/1201/546
f 434/412/545 1205/1201/546 435/411/547
f 435/411/547 1205/1201/546 1206/1202/548
f 435/411/547 1206/1202/549 436/409/550
f 436/409/550 1206/1202/548 1210/1203/551
f 436/409/550 1210/1203/551 437/1204/552
f 437/1204/553 1210/1203/551 1213/1205/554
f 437/1204/553 1213/1205/554 438/1206/555
f 438/1206/555 1213/1205/554 1216/1207/556
f 438/1206/555 1216/1207/556 439/1208/557
f 439/1208/558 1216/1207/556 1219/1209/559
f 439/1208/557 1219/1209/560 440/1210/561
f 440/1210/561 1219/1209/559 1222/1211/562
f 440/1210/561 1222/1211/562 441/1212/563
f 441/1212/563 1222/1211/562 1223/1213/564
f 441/1212/563 1223/1213/564 442/1214/565
f 442/1214/566 1223/1213/567 1227/1215/568
f 442/1214/565 1227/1215/568 443/1216/569
f 443/1216/569 1227/1215/570 1230/1217/571
f 443/396/569 1230/1218/572 444/395/573
f 444/395/574 1230/1218/572 1233/1219/575
f 444/395/574 1233/1219/575 445/393/576
f 445/393/576 1233/1219/577 1236/1220/578
f 445/393/576 1236/1220/578 446/392/579
f 446/392/580 1236/1220/578 1239/1221/581
f 446/392/582 1239/1221/581 447/390/583
f 447/390/583 1239/1221/581 1078/1141/584
f 1078/1141/584 1239/1221/585 1238/1222/586
f 1078/1141/584 1238/1222/587 1079/1148/588
f 1079/1148/588 1238/1222/586 1237/1223/589
f 1079/1148/588 1237/1223/590 1157/1224/591
f 1157/1224/591 1237/1223/589 1156/1225/592
f 1156/1225/592 1237/1223/590 1234/1226/593
f 1156/1225/592 1234/1226/593 1155/1227/594
f 1155/1227/595 1234/1226/593 1231/1228/596
f 1155/1227/594 1231/1228/597 1154/1229/598
f 1154/1229/598 1231/1228/599 1228/1230/600
f 1154/1231/598 1228/1232/600 1153/1233/601
f 1153/1233/602 1228/1232/600 1225/1234/603
f 1153/1233/604 1225/1234/603 1152/1235/605
f 1152/1235/605 1225/1234/603 1178/1236/606
f 1152/1235/605 1178/1236/606 1151/1237/607
f 1151/1237/607 1178/1236/606 1220/1238/608
f 1151/1237/607 1220/1238/608 1217/1239/609
f 1217/1239/610 1220/1238/611 1221/1240/612
f 1217/1239/609 1221/1240/612 1218/1241/613
f 1218/1241/614 1221/1240/612 1222/1211/562
f 1218/1241/613 1222/1211/562 1219/1209/560
f 1133/1191/522 1134/1242/615 1185/1193/524
f 1185/1193/524 1134/1242/615 1135/1243/616
f 1185/1193/524 1135/1243/616 1186/1194/526
f 1186/1194/526 1135/1243/616 1136/1244/526
f 1186/1194/526 1136/1244/526 1137/1245/617
f 1186/1194/527 1137/1245/617 1187/1195/529
f 1187/1195/529 1137/1245/617 1138/1246/618
f 1187/1195/529 1138/1246/618 1139/1247/619
f 1139/1247/619 1140/1248/620 1187/1195/529
f 1187/1195/529 1140/1248/620 1190/1196/621
f 1141/1249/531 1188/1250/531 1140/1248/620
f 1140/1248/620 1188/1250/531 1189/1251/531
f 1140/1248/620 1189/1251/531 1190/1196/531
f 1190/1196/531 1189/1251/531 1193/1197/534
f 1141/1249/531 1142/1252/622 1188/1250/531
f 1188/1250/531 1142/1252/622 1191/1253/623
f 1188/1250/624 1191/1253/623 1192/1254/625
f 1192/1254/625 1191/1253/623 1195/1255/626
f 1192/1254/627 1195/1255/626 1196/1198/538
f 1196/1198/538 1195/1255/626 1199/1199/541
f 1142/1252/622 1143/1256/628 1191/1253/629
f 1191/1253/623 1143/1256/630 1194/1257/631
f 1191/1253/629 1194/1257/631 1195/1255/626
f 1195/1255/626 1194/1257/632 1198/1258/633
f 1195/1255/626 1198/1258/633 1199/1199/541
f 1199/1199/541 1198/1258/633 1202/1200/634
f 1143/1256/630 1144/1259/635 1194/1257/632
f 1194/1257/632 1144/1259/635 1197/1260/636
f 1194/1257/631 1197/1260/636 1198/1258/637
f 1198/1258/633 1197/1260/636 1201/1261/638
f 1198/1258/633 1201/1261/638 1202/1200/543
f 1202/1200/543 1201/1261/638 1205/1201/639
f 1144/1259/635 1145/1262/640 1197/1260/636
f 1197/1260/636 1145/1262/641 1200/1263/642
f 1197/1260/636 1200/1263/642 1201/1261/638
f 1201/1261/638 1200/1263/642 1204/1264/643
f 1201/1261/638 1204/1264/643 1205/1201/546
f 1205/1201/639 1204/1264/643 1206/1202/548
f 1145/1262/641 1146/1265/644 1200/1263/642
f 1200/1263/642 1146/1265/645 1203/1266/646
f 1200/1263/642 1203/1266/647 1204/1264/643
f 1204/1264/643 1203/1266/646 1207/1267/648
f 1204/1264/643 1207/1267/648 1206/1202/548
f 1206/1202/549 1207/1267/649 1210/1203/551
f 1203/1266/647 1146/1265/644 1177/1268/650
f 1177/1268/650 1146/1265/651 1147/1269/652
f 1177/1268/653 1147/1269/652 1208/1270/654
f 1208/1270/654 1147/1269/652 1148/1271/655
f 1208/1270/654 1148/1271/655 1211/1272/656
f 1211/1272/656 1148/1271/655 1149/1273/657
f 1211/1272/656 1149/1273/658 1214/1274/659
f 1214/1274/659 1149/1273/657 1150/1275/660
f 1214/1274/659 1150/1275/660 1217/1239/610
f 1217/1239/610 1150/1275/660 1151/1237/607
f 426/424/525 425/426/661 1184/1192/523
f 1184/1192/523 425/426/661 1179/1276/662
f 1184/1192/663 1179/1276/662 1180/1277/664
f 1180/1277/665 1179/1276/662 1241/1278/666
f 1180/1277/664 1241/1278/666 1242/1279/667
f 1242/1279/667 1241/1278/666 1245/1280/668
f 1242/1279/667 1245/1280/668 1173/1281/669
f 1173/1281/669 1245/1280/668 1172/1282/670
f 1172/1282/671 1245/1280/668 1248/1283/672
f 1172/1282/671 1248/1283/672 1171/1284/673
f 1171/1284/673 1248/1283/672 1251/1285/674
f 1171/1284/673 1251/1285/674 1176/1286/675
f 1176/1286/675 1251/1285/674 1250/1287/676
f 1176/1286/675 1250/1287/676 1253/1288/677
f 1253/1288/677 1250/1287/678 1249/1289/679
f 1253/1288/677 1249/1289/679 1252/1290/680
f 1252/1290/681 1249/1289/679 420/433/682
f 1252/1290/681 420/433/682 419/435/683
f 425/426/661 424/427/684 1179/1276/662
f 1179/1276/662 424/427/684 1240/1291/685
f 1179/1276/662 1240/1291/685 1241/1278/686
f 1241/1278/666 1240/1291/685 1244/1292/687
f 1241/1278/666 1244/1292/688 1245/1280/668
f 1245/1280/668 1244/1292/688 1248/1283/672
f 424/427/689 423/429/690 1240/1291/685
f 1240/1291/685 423/429/690 1243/1293/691
f 1240/1291/685 1243/1293/691 1244/1292/688
f 1244/1292/688 1243/1293/691 1247/1294/692
f 1244/1292/687 1247/1294/693 1248/1283/672
f 1248/1283/672 1247/1294/692 1251/1285/674
f 423/429/690 422/430/694 1243/1293/691
f 1243/1293/691 422/430/694 1246/1295/695
f 1243/1293/691 1246/1295/695 1247/1294/696
f 1247/1294/692 1246/1295/695 1250/1287/676
f 1247/1294/692 1250/1287/676 1251/1285/674
f 422/430/694 421/432/697 1246/1295/695
f 1246/1295/695 421/432/697 1249/1289/679
f 1246/1295/695 1249/1289/679 1250/1287/676
f 421/432/697 420/433/682 1249/1289/679
f 1252/1290/680 419/435/683 1254/1296/698
f 1254/1296/699 419/435/683 418/1297/700
f 1254/1296/699 418/1297/701 1257/1298/702
f 1257/1298/702 418/1297/701 417/1299/703
f 1257/1298/702 417/1299/704 1260/1300/705
f 1260/1300/706 417/1299/704 416/1301/707
f 1260/1300/705 416/1301/707 1263/1302/708
f 1263/1302/708 416/1301/707 415/1303/709
f 1263/1302/708 415/1303/709 1266/1304/710
f 1266/1304/710 415/1303/709 414/1305/711
f 1266/1304/710 414/1305/711 1269/1306/712
f 1269/1306/713 414/1305/711 413/1307/714
f 1269/1306/712 413/1307/715 1271/1308/716
f 1271/1308/717 413/1307/714 412/1309/718
f 1271/1308/716 412/1309/718 1274/1310/719
f 1274/1310/720 412/1309/718 411/1311/721
f 1274/1312/720 411/449/721 410/451/722
f 1274/1312/719 410/451/723 1277/1313/724
f 1277/1313/724 410/451/722 409/452/725
f 1277/1313/724 409/452/725 1280/1314/726
f 1280/1314/727 409/452/725 408/454/728
f 1280/1314/727 408/454/728 1283/1315/729
f 1283/1315/729 408/454/728 407/455/730
f 1283/1315/729 407/455/730 1159/1316/731
f 1159/1316/732 407/455/733 1158/1317/734
f 1160/1318/735 1285/1319/736 1159/1316/731
f 1159/1316/731 1285/1319/736 1284/1320/737
f 1159/1316/731 1284/1320/737 1283/1315/729
f 1283/1315/729 1284/1320/737 1280/1314/726
f 1160/1318/735 1161/1321/738 1285/1319/739
f 1285/1319/736 1161/1321/738 1282/1322/740
f 1285/1319/739 1282/1322/740 1281/1323/741
f 1281/1323/741 1282/1322/740 1278/1324/742
f 1281/1323/741 1278/1324/743 1277/1313/724
f 1277/1313/724 1278/1324/743 1274/1312/719
f 1161/1321/744 1162/1325/745 1282/1322/740
f 1282/1322/740 1162/1325/745 1279/1326/746
f 1282/1322/740 1279/1326/746 1278/1324/743
f 1278/1324/742 1279/1326/747 1275/1327/748
f 1278/1324/743 1275/1327/748 1274/1312/720
f 1274/1310/719 1275/1328/748 1271/1308/716
f 1162/1325/745 1163/1329/749 1279/1326/746
f 1279/1326/746 1163/1329/749 1276/1330/750
f 1279/1326/746 1276/1330/750 1275/1327/748
f 1275/1328/748 1276/1331/750 1272/1332/751
f 1275/1328/748 1272/1332/751 1271/1308/716
f 1271/1308/716 1272/1332/751 1269/1306/713
f 1163/1329/749 1164/1333/752 1276/1330/750
f 1276/1331/750 1164/1334/753 1273/1335/754
f 1276/1331/750 1273/1335/754 1272/1332/751
f 1272/1332/755 1273/1335/754 1270/1336/756
f 1272/1332/755 1270/1336/757 1269/1306/712
f 1269/1306/713 1270/1336/756 1266/1304/710
f 1164/1334/758 1165/1337/759 1273/1335/754
f 1273/1335/754 1165/1337/760 1175/1338/761
f 1273/1335/754 1175/1338/761 1270/1336/756
f 1270/1336/756 1175/1338/761 1267/1339/762
f 1270/1336/756 1267/1339/762 1266/1304/710
f 1266/1304/710 1267/1339/762 1263/1302/708
f 1165/1337/760 1166/1340/763 1175/1338/761
f 1175/1338/761 1166/1340/763 1268/1341/764
f 1175/1338/761 1268/1341/764 1267/1339/762
f 1267/1339/762 1268/1341/764 1264/1342/765
f 1267/1339/762 1264/1342/765 1263/1302/708
f 1263/1302/708 1264/1342/766 1260/1300/706
f 1268/1341/764 1166/1340/763 1265/1343/767
f 1265/1343/767 1166/1340/763 1167/1344/768
f 1265/1343/767 1167/1344/768 1262/1345/769
f 1262/1345/769 1167/1344/768 1168/1346/770
f 1262/1345/769 1168/1346/771 1259/1347/772
f 1259/1347/773 1168/1346/771 1169/1348/774
f 1259/1347/772 1169/1348/774 1256/1349/775
f 1256/1349/775 1169/1348/774 1170/1350/776
f 1256/1349/777 1170/1350/776 1176/1286/778
f 1176/1286/778 1170/1350/776 1171/1284/673
f 1173/1281/669 1174/1184/779 1242/1279/780
f 1242/1279/780 1174/1184/779 1181/1186/517
f 1242/1279/667 1181/1186/517 1180/1277/664
f 1180/1277/665 1181/1186/517 1183/1190/521
f 1180/1277/665 1183/1190/521 1184/1192/523
f 1182/1188/519 1183/1190/521 1181/1186/517
f 1193/1197/536 1189/1251/531 1192/1254/625
f 1192/1254/625 1189/1251/531 1188/1250/531
f 1196/1198/538 1193/1197/536 1192/1254/625
f 1207/1267/649 1177/1268/653 1209/1351/781
f 1209/1351/781 1177/1268/653 1208/1270/654
f 1209/1351/781 1208/1270/782 1212/1352/783
f 1212/1352/784 1208/1270/654 1211/1272/656
f 1212/1352/783 1211/1272/656 1215/1353/785
f 1215/1353/785 1211/1272/656 1214/1274/786
f 1215/1353/785 1214/1274/659 1218/1241/614
f 1218/1241/613 1214/1274/659 1217/1239/610
f 1207/1267/649 1203/1266/646 1177/1268/653
f 1213/1205/554 1210/1203/551 1209/1351/781
f 1209/1351/781 1210/1203/551 1207/1267/648
f 1213/1205/554 1209/1351/781 1212/1352/783
f 1216/1207/556 1213/1205/554 1212/1352/783
f 1216/1207/556 1212/1352/783 1215/1353/785
f 1219/1209/559 1216/1207/556 1215/1353/785
f 1219/1209/560 1215/1353/785 1218/1241/613
f 1223/1213/564 1222/1211/562 1221/1240/787
f 1221/1240/612 1220/1238/608 1224/1354/788
f 1224/1354/789 1220/1238/611 1178/1236/606
f 1224/1354/788 1178/1236/606 1226/1355/790
f 1226/1355/790 1178/1236/791 1225/1234/603
f 1226/1355/790 1225/1234/603 1229/1356/792
f 1229/1356/792 1225/1234/603 1228/1232/600
f 1229/1357/792 1228/1230/600 1232/1358/793
f 1232/1358/793 1228/1230/600 1231/1228/599
f 1232/1358/793 1231/1228/599 1235/1359/794
f 1235/1359/795 1231/1228/599 1234/1226/593
f 1235/1359/795 1234/1226/593 1238/1222/586
f 1238/1222/587 1234/1226/593 1237/1223/590
f 1223/1213/564 1224/1354/789 1227/1215/568
f 1227/1215/568 1224/1354/789 1226/1355/796
f 1227/1215/568 1226/1355/796 1230/1217/797
f 1230/1217/572 1226/1355/796 1229/1356/798
f 1230/1218/797 1229/1357/792 1233/1219/575
f 1233/1219/577 1229/1357/798 1232/1358/793
f 1233/1219/577 1232/1358/793 1236/1220/578
f 1236/1220/578 1232/1358/793 1235/1359/795
f 1236/1220/578 1235/1359/795 1239/1221/581
f 1239/1221/581 1235/1359/795 1238/1222/587
f 1224/1354/788 1223/1213/799 1221/1240/612
f 1256/1349/775 1176/1286/675 1253/1288/677
f 1253/1288/677 1252/1290/680 1255/1360/800
f 1255/1360/801 1252/1290/681 1254/1296/698
f 1255/1360/801 1254/1296/698 1258/1361/802
f 1258/1361/802 1254/1296/698 1257/1298/702
f 1258/1361/802 1257/1298/702 1261/1362/803
f 1261/1362/803 1257/1298/702 1260/1300/705
f 1261/1362/803 1260/1300/705 1264/1342/765
f 1259/1347/773 1256/1349/775 1255/1360/801
f 1255/1360/801 1256/1349/777 1253/1288/677
f 1259/1347/804 1255/1360/800 1258/1361/805
f 1262/1345/769 1259/1347/772 1258/1361/802
f 1262/1345/769 1258/1361/802 1261/1362/803
f 1265/1343/767 1262/1345/806 1261/1362/803
f 1265/1343/767 1261/1362/803 1264/1342/765
f 1268/1341/764 1265/1343/767 1264/1342/765
f 1277/1313/807 1280/1314/726 1281/1323/741
f 1281/1323/741 1280/1314/726 1284/1320/737
f 1281/1323/741 1284/1320/737 1285/1319/736
f 1286/1363/329 1297/1364/329 472/1365/329
f 472/1365/329 1297/1364/329 1298/1366/329
f 472/1365/329 1298/1366/329 1299/1367/329
f 1287/1368/329 1294/1369/329 1286/1363/329
f 1286/1363/329 1294/1369/329 1295/1370/329
f 1286/1363/329 1295/1370/329 1296/1371/329
f 482/1372/329 1292/1373/329 1287/1368/329
f 1287/1368/329 1292/1373/329 1293/1374/329
f 1287/1368/329 1293/1374/329 1294/1369/329
f 1292/1373/329 482/1372/329 1291/1375/329
f 1291/1375/329 482/1372/329 481/1376/329
f 1291/1375/329 481/1376/329 1290/1377/329
f 1290/1377/329 481/1376/329 1289/1378/329
f 1289/1378/808 481/1376/808 1288/1379/808
f 1296/1371/329 1297/1364/329 1286/1363/329
f 472/1365/329 1299/1367/329 473/1380/329
f 473/1380/329 1299/1367/329 1300/1381/329
f 473/1380/329 1300/1381/329 1301/1382/329
f 1301/1382/329 1302/1383/329 473/1380/329
f 1158/1317/809 1318/1384/809 1159/1316/809
f 1159/1316/809 1318/1384/809 1319/1385/809
f 1159/1316/809 1319/1385/809 1320/1386/809
f 1303/1387/809 1313/1388/809 1158/1317/809
f 1158/1317/809 1313/1388/809 1314/1389/809
f 1158/1317/809 1314/1389/809 1315/1390/809
f 1304/1391/809 1286/1363/809 1303/1387/809
f 1303/1387/810 1286/1363/810 1313/1388/810
f 472/1365/809 1311/1392/809 1286/1363/809
f 1286/1363/809 1311/1392/809 1312/1393/809
f 1286/1363/809 1312/1393/809 1313/1388/809
f 1311/1392/809 472/1365/809 1310/1394/809
f 1310/1394/809 472/1365/809 471/1395/809
f 1310/1394/809 471/1395/809 1309/1396/809
f 1309/1396/809 471/1395/809 1308/1397/809
f 1308/1397/809 471/1395/809 1307/1398/809
f 1307/1398/809 471/1395/809 1306/1399/809
f 1306/1399/809 471/1395/809 1305/1400/809
f 1315/1390/809 1316/1401/809 1158/1317/809
f 1158/1317/809 1316/1401/809 1317/1402/809
f 1158/1317/809 1317/1402/809 1318/1384/809
f 1320/1386/809 1321/1403/809 1159/1316/809
f 1322/1404/460 1334/1405/460 129/1406/460
f 129/1406/460 1334/1405/460 1335/1407/460
f 129/1406/460 1335/1407/460 130/1408/460
f 130/1408/460 1335/1407/460 1336/1409/460
f 130/1408/460 1336/1409/460 1337/1410/460
f 1323/1411/460 1332/1412/460 1322/1404/460
f 1322/1404/460 1332/1412/460 1333/1413/460
f 1322/1404/460 1333/1413/460 1334/1405/460
f 90/1414/460 1329/1415/460 1323/1411/460
f 1323/1411/460 1329/1415/460 1330/1416/460
f 1323/1411/460 1330/1416/460 1331/1417/460
f 138/1418/460 1327/1419/460 90/1414/460
f 90/1414/460 1327/1419/460 1328/1420/460
f 90/1414/460 1328/1420/460 1329/1415/460
f 1324/1421/811 1325/1422/811 138/1418/811
f 138/1418/460 1325/1422/460 1326/1423/460
f 138/1418/460 1326/1423/460 1327/1419/460
f 1331/1417/460 1332/1412/460 1323/1411/460
f 1337/1410/460 1338/1424/460 130/1408/460
f 1323/1411/812 1353/1425/812 90/1414/812
f 90/1414/812 1353/1425/812 1354/1426/812
f 90/1414/812 1354/1426/812 1363/1427/812
f 1363/1427/812 1354/1426/812 1362/1428/812
f 1362/1428/812 1354/1426/812 1355/1429/812
f 1362/1428/812 1355/1429/812 1361/1430/812
f 1361/1430/812 1355/1429/812 1360/1431/812
f 1360/1431/812 1355/1429/812 1356/1432/812
f 1360/1431/812 1356/1432/812 1357/1433/812
f 1339/1434/813 1340/1435/813 1323/1411/813
f 1323/1411/814 1340/1435/814 1351/1436/814
f 1323/1411/812 1351/1436/812 1352/1437/812
f 1340/1435/812 1341/1438/812 1351/1436/812
f 1351/1436/812 1341/1438/812 1350/1439/812
f 1350/1439/812 1341/1438/812 1349/1440/812
f 1349/1440/812 1341/1438/812 1348/1441/812
f 1348/1441/812 1341/1438/812 1347/1442/812
f 1347/1442/812 1341/1438/812 1346/1443/812
f 1346/1443/812 1341/1438/812 1342/1444/812
f 1346/1443/812 1342/1444/812 1345/1445/812
f 1345/1445/812 1342/1444/812 1344/1446/812
f 1344/1446/812 1342/1444/812 1343/1447/812
f 1352/1437/812 1353/1425/812 1323/1411/812
f 1357/1433/812 1358/1448/812 1360/1431/812
f 1360/1431/812 1358/1448/812 1359/1449/812
f 1363/1427/812 91/1450/812 90/1414/812
f 1341/1438/815 363/302/816 1413/1451/817
f 1413/1451/817 363/302/816 362/304/818
f 1413/1451/817 362/304/818 1416/1452/819
f 1416/1452/820 362/304/818 361/305/821
f 1416/1452/822 361/305/821 1419/1453/823
f 1419/1453/823 361/305/821 360/307/824
f 1419/1454/823 360/1455/825 1422/1456/826
f 1422/1456/827 360/1455/828 359/1457/829
f 1422/1456/826 359/1457/829 1425/1458/830
f 1425/1458/831 359/1457/829 358/1459/832
f 1425/1458/830 358/1459/832 1428/1460/833
f 1428/1460/833 358/1459/832 357/1461/834
f 1428/1460/833 357/1461/834 1430/1462/835
f 1430/1462/835 357/1461/834 356/1463/836
f 1430/1462/835 356/1463/837 1433/1464/838
f 1433/1464/839 356/1463/837 355/1465/840
f 1433/1464/838 355/1465/840 1436/1466/841
f 1436/1466/842 355/1465/840 354/1467/843
f 1436/1466/842 354/1467/843 1439/1468/844
f 1439/1468/844 354/1467/843 353/1469/845
f 1439/1468/844 353/1469/846 1442/1470/847
f 1442/1470/848 353/1469/849 352/1471/850
f 1442/1470/848 352/1471/850 1445/1472/851
f 1445/1472/851 352/1471/852 351/1473/853
f 1445/1472/851 351/1473/853 1447/1474/854
f 1447/1474/854 351/1473/853 350/1475/855
f 1447/1474/854 350/1475/855 1450/1476/856
f 1450/1476/856 350/1475/855 349/1477/857
f 1450/1476/856 349/1477/857 1453/1478/858
f 1453/1478/858 349/1477/857 348/1479/859
f 1453/1478/858 348/1479/860 1456/1480/861
f 1456/1480/861 348/1479/859 347/1481/862
f 1456/1480/861 347/1481/863 1459/1482/864
f 1459/1482/864 347/1481/862 346/1483/865
f 1459/1482/864 346/1483/866 1462/1484/867
f 1462/1484/867 346/1483/865 345/1485/868
f 1462/1484/867 345/1485/868 1465/1486/869
f 1465/1486/869 345/1485/868 344/1487/870
f 1465/1486/869 344/1487/870 343/1488/871
f 1465/1486/869 343/1488/871 1466/1489/872
f 1466/1489/872 343/1488/871 342/1490/873
f 1466/1489/872 342/1490/873 1467/1491/873
f 1467/1491/873 342/1490/873 1468/1492/874
f 1467/1491/873 1468/1492/874 1384/1493/875
f 1384/1493/875 1468/1492/874 1469/1494/876
f 1384/1493/877 1469/1494/876 1383/1495/878
f 1383/1495/878 1469/1494/874 1470/1496/876
f 1383/1495/878 1470/1496/876 1382/1497/874
f 1382/1497/879 1470/1496/879 1473/1498/880
f 1382/1497/874 1473/1498/880 1381/1499/881
f 1381/1499/881 1473/1498/880 1380/1500/882
f 1380/1500/882 1473/1498/880 1476/1501/883
f 1380/1500/882 1476/1501/884 1379/1502/885
f 1379/1502/885 1476/1501/883 1479/1503/886
f 1379/1502/885 1479/1503/886 1378/1504/887
f 1378/1504/887 1479/1503/886 1482/1505/888
f 1378/1504/887 1482/1505/888 1377/1506/889
f 1377/1506/889 1482/1505/888 1485/1507/890
f 1377/1506/889 1485/1507/891 1410/1508/892
f 1410/1508/893 1485/1507/891 1484/1509/894
f 1410/1508/892 1484/1509/894 1487/1510/895
f 1487/1510/895 1484/1509/894 1483/1511/896
f 1487/1510/895 1483/1511/897 1486/1512/898
f 1486/1512/898 1483/1511/896 336/1513/899
f 1486/1512/900 336/1513/899 335/1514/901
f 342/1490/873 341/1515/902 1468/1492/874
f 1468/1492/876 341/1515/874 340/1516/903
f 1468/1492/876 340/1516/903 1471/1517/904
f 1471/1517/904 340/1516/903 1474/1518/905
f 1471/1517/904 1474/1518/905 1475/1519/906
f 1475/1519/906 1474/1518/905 1478/1520/907
f 1475/1519/906 1478/1520/907 1479/1503/886
f 1479/1503/886 1478/1520/907 1482/1505/888
f 340/1516/903 339/1521/908 1474/1518/905
f 1474/1518/905 339/1521/908 1477/1522/909
f 1474/1518/905 1477/1522/910 1478/1520/907
f 1478/1520/907 1477/1522/910 1481/1523/911
f 1478/1520/907 1481/1523/911 1482/1505/888
f 1482/1505/888 1481/1523/911 1485/1507/891
f 339/1521/908 338/1524/912 1477/1522/910
f 1477/1522/910 338/1524/913 1480/1525/914
f 1477/1522/910 1480/1525/914 1481/1523/911
f 1481/1523/911 1480/1525/914 1484/1509/894
f 1481/1523/911 1484/1509/894 1485/1507/890
f 338/1524/912 337/1526/915 1480/1525/914
f 1480/1525/914 337/1526/915 1483/1511/897
f 1480/1525/914 1483/1511/896 1484/1509/894
f 337/1526/915 336/1513/899 1483/1511/896
f 1486/1512/900 335/1514/901 1488/1527/916
f 1488/1527/916 335/1514/901 334/1528/917
f 1488/1527/916 334/1528/917 1491/1529/918
f 1491/1529/918 334/1528/917 333/1530/919
f 1491/1529/918 333/1530/919 1494/1531/920
f 1494/1531/920 333/1530/919 332/1532/921
f 1494/1531/920 332/1532/921 1497/1533/922
f 1497/1533/923 332/1532/921 331/1534/924
f 1497/1533/923 331/1534/924 1500/1535/925
f 1500/1535/925 331/1534/924 330/1536/926
f 1500/1535/925 330/1536/927 1503/1537/928
f 1503/1537/928 330/1536/927 329/1538/929
f 1503/1537/930 329/1538/929 1505/1539/931
f 1505/1539/931 329/1538/929 328/1540/932
f 1505/1539/931 328/1540/932 1508/1541/933
f 1508/1541/934 328/1540/932 327/1542/935
f 1508/1541/934 327/1542/935 326/1543/936
f 1508/1541/934 326/1543/936 1511/1544/937
f 1511/1544/937 326/1543/936 325/1545/938
f 1511/1544/939 325/1545/938 1514/1546/940
f 1514/1547/940 325/364/938 324/366/941
f 1514/1547/940 324/366/941 1517/1548/942
f 1517/1548/942 324/366/943 323/367/944
f 1517/1548/942 323/367/944 1365/1549/945
f 1365/1549/945 323/367/944 1364/1550/946
f 1366/1551/947 1519/1552/948 1365/1549/945
f 1365/1549/945 1519/1552/949 1518/1553/950
f 1365/1549/945 1518/1553/951 1517/1548/952
f 1517/1548/942 1518/1553/953 1514/1547/940
f 1366/1551/947 1367/1554/954 1519/1552/948
f 1519/1552/949 1367/1554/954 1516/1555/955
f 1519/1552/949 1516/1555/955 1515/1556/956
f 1515/1557/956 1516/1558/955 1512/1559/957
f 1515/1557/958 1512/1559/957 1511/1544/939
f 1511/1544/939 1512/1559/957 1508/1541/934
f 1367/1560/954 1368/1561/959 1516/1558/955
f 1516/1558/955 1368/1561/959 1513/1562/960
f 1516/1558/955 1513/1562/961 1512/1559/962
f 1512/1559/957 1513/1562/961 1509/1563/963
f 1512/1559/957 1509/1563/964 1508/1541/965
f 1508/1541/933 1509/1563/964 1505/1539/966
f 1368/1561/959 1369/1564/967 1513/1562/960
f 1513/1562/960 1369/1564/967 1510/1565/968
f 1513/1562/960 1510/1565/968 1509/1563/964
f 1509/1563/963 1510/1565/968 1506/1566/969
f 1509/1563/964 1506/1566/970 1505/1539/931
f 1505/1539/966 1506/1566/970 1503/1537/971
f 1369/1564/967 1370/1567/972 1510/1565/968
f 1510/1565/968 1370/1567/973 1507/1568/974
f 1510/1565/968 1507/1568/975 1506/1566/969
f 1506/1566/969 1507/1568/975 1504/1569/976
f 1506/1566/970 1504/1569/977 1503/1537/930
f 1503/1537/928 1504/1569/977 1500/1535/925
f 1370/1567/973 1371/1570/978 1507/1568/974
f 1507/1568/975 1371/1570/978 1409/1571/979
f 1507/1568/974 1409/1571/979 1504/1569/976
f 1504/1569/977 1409/1571/979 1501/1572/980
f 1504/1569/977 1501/1572/980 1500/1535/925
f 1500/1535/925 1501/1572/980 1497/1533/922
f 1371/1570/978 1372/1573/981 1409/1571/979
f 1409/1571/979 1372/1573/981 1502/1574/982
f 1409/1571/979 1502/1574/982 1501/1572/980
f 1501/1572/980 1502/1574/982 1498/1575/983
f 1501/1572/980 1498/1575/984 1497/1533/923
f 1497/1533/923 1498/1575/983 1494/1531/920
f 1502/1574/982 1372/1573/981 1499/1576/985
f 1499/1576/985 1372/1573/981 1373/1577/986
f 1499/1576/987 1373/1577/986 1496/1578/988
f 1496/1578/989 1373/1577/986 1374/1579/990
f 1496/1578/989 1374/1579/990 1493/1580/991
f 1493/1580/991 1374/1579/990 1375/1581/992
f 1493/1580/991 1375/1581/992 1490/1582/993
f 1490/1582/994 1375/1581/992 1376/1583/995
f 1490/1582/993 1376/1583/995 1410/1508/892
f 1410/1508/893 1376/1583/995 1377/1506/889
f 1384/1493/877 1385/1584/996 1467/1491/873
f 1467/1491/873 1385/1584/997 1386/1585/998
f 1467/1491/873 1386/1585/998 1466/1489/872
f 1466/1489/872 1386/1585/998 1387/1586/872
f 1466/1489/871 1387/1586/872 1388/1587/999
f 1466/1489/872 1388/1587/999 1465/1486/869
f 1465/1486/869 1388/1587/999 1389/1588/1000
f 1465/1486/869 1389/1588/1001 1390/1589/1002
f 1390/1589/1003 1391/1590/1004 1465/1486/869
f 1465/1486/869 1391/1590/1004 1462/1484/867
f 1392/1591/1005 1464/1592/1006 1391/1590/1004
f 1391/1590/1004 1464/1592/1006 1463/1593/1007
f 1391/1590/1004 1463/1593/1007 1462/1484/1008
f 1462/1484/867 1463/1593/1007 1459/1482/864
f 1392/1591/1009 1393/1594/1010 1464/1592/1006
f 1464/1592/1006 1393/1594/1010 1461/1595/1011
f 1464/1592/1006 1461/1595/1011 1460/1596/1012
f 1460/1596/1013 1461/1595/1011 1457/1597/1014
f 1460/1596/1012 1457/1597/1014 1456/1480/1015
f 1456/1480/861 1457/1597/1014 1453/1478/858
f 1393/1594/1010 1394/1598/1016 1461/1595/1011
f 1461/1595/1011 1394/1598/1016 1458/1599/1017
f 1461/1595/1011 1458/1599/1017 1457/1597/1014
f 1457/1597/1014 1458/1599/1017 1454/1600/1018
f 1457/1597/1014 1454/1600/1018 1453/1478/858
f 1453/1478/858 1454/1600/1019 1450/1476/856
f 1394/1598/1016 1395/1601/1020 1458/1599/1017
f 1458/1599/1017 1395/1601/1020 1455/1602/1021
f 1458/1599/1017 1455/1602/1021 1454/1600/1018
f 1454/1600/1018 1455/1602/1021 1451/1603/1022
f 1454/1600/1018 1451/1603/1023 1450/1476/856
f 1450/1476/856 1451/1603/1023 1447/1474/854
f 1395/1601/1020 1396/1604/1024 1455/1602/1021
f 1455/1602/1021 1396/1604/1024 1452/1605/1025
f 1455/1602/1021 1452/1605/1025 1451/1603/1023
f 1451/1603/1023 1452/1605/1025 1448/1606/1026
f 1451/1603/1023 1448/1606/1026 1447/1474/854
f 1447/1474/854 1448/1606/1026 1445/1472/1027
f 1396/1604/1024 1397/1607/1028 1452/1605/1025
f 1452/1605/1025 1397/1607/1028 1449/1608/1029
f 1452/1605/1025 1449/1608/1029 1448/1606/1026
f 1448/1606/1026 1449/1608/1029 1446/1609/1030
f 1448/1606/1026 1446/1609/1030 1445/1472/851
f 1445/1472/1027 1446/1609/1030 1442/1470/848
f 1449/1608/1029 1397/1607/1028 1411/1610/1031
f 1411/1610/1032 1397/1607/1033 1398/1611/1034
f 1411/1610/1032 1398/1611/1035 1444/1612/1036
f 1444/1612/1036 1398/1611/1034 1399/1613/1037
f 1444/1612/1036 1399/1613/1037 1441/1614/1038
f 1441/1614/1039 1399/1613/1037 1400/1615/1040
f 1441/1614/1041 1400/1615/1042 1438/1616/1043
f 1438/1616/1043 1400/1615/1040 1401/1617/1044
f 1438/1616/1043 1401/1617/1045 1435/1618/1046
f 1435/1618/1046 1401/1617/1045 1402/1619/1047
f 1435/1618/1046 1402/1619/1047 1432/1620/1048
f 1432/1620/1048 1402/1619/1047 1412/1621/1049
f 1432/1620/1048 1412/1621/1049 1429/1622/1050
f 1429/1622/1051 1412/1621/1049 1426/1623/1052
f 1429/1622/1050 1426/1623/1053 1425/1458/830
f 1425/1458/831 1426/1623/1054 1422/1456/827
f 1402/1619/1047 1403/1624/1055 1412/1621/1049
f 1412/1621/1049 1403/1624/1056 1427/1625/1057
f 1412/1621/1049 1427/1625/1057 1426/1623/1052
f 1426/1623/1053 1427/1625/1057 1423/1626/1058
f 1426/1623/1053 1423/1626/1058 1422/1456/826
f 1422/1456/826 1423/1626/1058 1419/1454/823
f 1403/1624/1056 1404/1627/1059 1427/1625/1057
f 1427/1625/1057 1404/1627/1059 1424/1628/1060
f 1427/1625/1057 1424/1628/1060 1423/1626/1058
f 1423/1626/1058 1424/1628/1060 1420/1629/1061
f 1423/1626/1058 1420/1629/1062 1419/1454/823
f 1419/1453/823 1420/1630/1061 1416/1452/819
f 1404/1627/1059 1405/1631/1063 1424/1628/1060
f 1424/1628/1060 1405/1631/1064 1421/1632/1065
f 1424/1628/1060 1421/1632/1065 1420/1629/1061
f 1420/1630/1061 1421/1633/1065 1417/1634/1066
f 1420/1630/1062 1417/1634/1066 1416/1452/822
f 1416/1452/819 1417/1634/1067 1413/1451/817
f 1405/1631/1063 1406/1635/1068 1421/1632/1065
f 1421/1633/1065 1406/1636/1068 1418/1637/1069
f 1421/1633/1065 1418/1637/1069 1417/1634/1067
f 1417/1634/1066 1418/1637/1069 1414/1638/1070
f 1417/1634/1067 1414/1638/1070 1413/1451/817
f 1413/1451/817 1414/1638/1070 1341/1438/815
f 1406/1636/1068 1407/1639/1071 1418/1637/1069
f 1418/1637/1069 1407/1639/1072 1415/1640/1073
f 1418/1637/1069 1415/1640/1074 1414/1638/1070
f 1414/1638/1070 1415/1640/1074 1342/1444/1075
f 1414/1638/1070 1342/1444/1075 1341/1438/815
f 1407/1639/1072 1408/1641/1076 1415/1640/1074
f 1415/1640/1074 1408/1641/1076 1342/1444/1077
f 1469/1494/876 1468/1492/876 1471/1517/904
f 1429/1622/1050 1425/1458/830 1428/1460/1078
f 1429/1622/1050 1428/1460/1078 1431/1642/1079
f 1431/1642/1079 1428/1460/833 1430/1462/835
f 1431/1642/1079 1430/1462/835 1434/1643/1080
f 1434/1643/1080 1430/1462/835 1433/1464/838
f 1434/1643/1081 1433/1464/1082 1437/1644/1083
f 1437/1644/1083 1433/1464/1082 1436/1466/842
f 1437/1644/1083 1436/1466/842 1440/1645/1084
f 1440/1645/1084 1436/1466/842 1439/1468/844
f 1440/1645/1084 1439/1468/844 1443/1646/1085
f 1443/1646/1085 1439/1468/844 1442/1470/847
f 1443/1646/1086 1442/1470/848 1446/1609/1030
f 1435/1618/1046 1432/1620/1048 1431/1642/1079
f 1431/1642/1079 1432/1620/1048 1429/1622/1050
f 1435/1618/1046 1431/1642/1079 1434/1643/1081
f 1438/1616/1087 1435/1618/1046 1434/1643/1081
f 1438/1616/1043 1434/1643/1081 1437/1644/1083
f 1441/1614/1041 1438/1616/1087 1437/1644/1083
f 1441/1614/1041 1437/1644/1083 1440/1645/1088
f 1444/1612/1089 1441/1614/1038 1440/1645/1084
f 1444/1612/1036 1440/1645/1084 1443/1646/1086
f 1411/1610/1032 1444/1612/1089 1443/1646/1085
f 1411/1610/1032 1443/1646/1085 1446/1609/1030
f 1449/1608/1029 1411/1610/1032 1446/1609/1030
f 1460/1596/1013 1456/1480/861 1459/1482/864
f 1464/1592/1006 1460/1596/1013 1463/1593/1007
f 1463/1593/1007 1460/1596/1090 1459/1482/864
f 1470/1496/876 1469/1494/876 1472/1647/1091
f 1472/1647/1091 1469/1494/876 1471/1517/904
f 1472/1647/1092 1471/1517/904 1475/1519/906
f 1476/1501/884 1473/1498/880 1472/1647/1091
f 1472/1647/1092 1473/1498/880 1470/1496/876
f 1476/1501/884 1472/1647/1091 1475/1519/906
f 1479/1503/886 1476/1501/884 1475/1519/906
f 1490/1582/994 1410/1508/893 1487/1510/1093
f 1487/1510/895 1486/1512/900 1489/1648/1094
f 1489/1648/1094 1486/1512/898 1488/1527/916
f 1489/1648/1094 1488/1527/916 1492/1649/1095
f 1492/1649/1096 1488/1527/916 1491/1529/918
f 1492/1649/1095 1491/1529/918 1495/1650/1097
f 1495/1650/1097 1491/1529/918 1494/1531/920
f 1495/1650/1097 1494/1531/920 1498/1575/983
f 1493/1580/991 1490/1582/993 1489/1648/1094
f 1489/1648/1094 1490/1582/993 1487/1510/895
f 1493/1580/991 1489/1648/1094 1492/1649/1095
f 1496/1578/988 1493/1580/991 1492/1649/1095
f 1496/1578/988 1492/1649/1096 1495/1650/1097
f 1499/1576/985 1496/1578/989 1495/1650/1097
f 1499/1576/987 1495/1650/1097 1498/1575/984
f 1502/1574/982 1499/1576/985 1498/1575/983
f 1511/1544/939 1514/1546/940 1515/1557/956
f 1515/1556/956 1514/1547/940 1518/1553/1098
f 1515/1556/956 1518/1553/1098 1519/1552/948
f 1520/1651/430 1531/1652/430 116/1653/430
f 116/1653/430 1531/1652/430 1532/1654/430
f 116/1653/430 1532/1654/430 1533/1655/430
f 1521/1656/430 1528/1657/430 1520/1651/430
f 1520/1651/430 1528/1657/430 1529/1658/430
f 1520/1651/430 1529/1658/430 1530/1659/430
f 126/1660/430 1526/1661/430 1521/1656/430
f 1521/1656/430 1526/1661/430 1527/1662/430
f 1521/1656/430 1527/1662/430 1528/1657/430
f 1526/1661/430 126/1660/430 1525/1663/430
f 1525/1663/430 126/1660/430 125/1664/430
f 1525/1663/430 125/1664/430 1524/1665/430
f 1524/1665/430 125/1664/430 1523/1666/430
f 1523/1666/1099 125/1664/1099 1522/1667/1099
f 1530/1659/430 1531/1652/430 1520/1651/430
f 116/1653/430 1533/1655/430 117/1668/430
f 117/1668/430 1533/1655/430 1534/1669/430
f 117/1668/430 1534/1669/430 1535/1670/430
f 1535/1670/430 1536/1671/430 117/1668/430
f 1364/1550/1100 1552/1672/1100 1365/1549/1100
f 1365/1549/1100 1552/1672/1100 1553/1673/1100
f 1365/1549/1100 1553/1673/1100 1554/1674/1100
f 1537/1675/1100 1547/1676/1100 1364/1550/1100
f 1364/1550/1101 1547/1676/1101 1548/1677/1101
f 1364/1550/1100 1548/1677/1100 1549/1678/1100
f 1538/1679/1102 1520/1651/1102 1537/1675/1103
f 1537/1675/1104 1520/1651/1104 1547/1676/1104
f 116/1653/1100 1545/1680/1100 1520/1651/1100
f 1520/1651/1100 1545/1680/1100 1546/1681/1100
f 1520/1651/1105 1546/1681/1105 1547/1676/1105
f 1545/1680/1100 116/1653/1100 1544/1682/1100
f 1544/1682/1105 116/1653/1105 115/1683/1105
f 1544/1682/1100 115/1683/1100 1543/1684/1100
f 1543/1684/1100 115/1683/1100 1542/1685/1100
f 1542/1685/1100 115/1683/1100 1541/1686/1100
f 1541/1686/1100 115/1683/1100 1540/1687/1100
f 1540/1687/1100 115/1683/1100 1539/1688/1100
f 1549/1678/1100 1550/1689/1100 1364/1550/1100
f 1364/1550/1100 1550/1689/1100 1551/1690/1100
f 1364/1550/1100 1551/1690/1100 1552/1672/1100
f 1554/1674/1100 1555/1691/1100 1365/1549/1100
f 612/637/1106 553/560/97 1562/1692/1107
f 1562/1692/1107 553/560/97 1556/1693/1108
f 1562/1692/1107 1556/1693/1108 1566/1694/1109
f 1566/1694/1109 1556/1693/1108 1557/1695/1110
f 1566/1696/1109 1557/1697/1111 1558/1698/1112
f 212/142/1113 211/143/8 1558/1698/1114
f 1558/1698/1112 211/143/1113 1570/1699/1115
f 1558/1698/1112 1570/1699/1115 1566/1696/1109
f 1566/1696/1109 1570/1699/1115 1571/1700/1116
f 1566/1696/1109 1571/1700/1116 1567/1701/1117
f 1567/1701/1117 1571/1700/1118 1572/1702/1119
f 1567/1701/1117 1572/1702/1119 1568/1703/1120
f 1568/1704/1120 1572/1705/1119 1573/1706/1121
f 1568/1704/1120 1573/1706/1121 1569/1707/1122
f 1569/1707/1122 1573/1706/1121 1559/1708/1123
f 1569/1707/1124 1559/1708/1125 1560/1709/1126
f 211/143/1113 210/144/1113 1570/1699/1127
f 1570/1699/1128 210/144/8 1571/1700/1116
f 210/144/1113 104/120/8 1571/1700/1116
f 1571/1700/1116 104/120/1113 1572/1702/1119
f 1572/1702/1119 104/120/1113 1573/1710/1129
f 1573/1710/1121 104/120/8 1559/1711/1130
f 1560/1712/1131 1561/1713/1132 1569/1714/1122
f 1569/1714/1124 1561/1713/1133 1565/1715/1134
f 1569/1714/1122 1565/1715/1135 1564/1716/1136
f 1564/1716/1136 1565/1715/1134 613/635/163
f 1564/1716/1137 613/635/1138 612/637/1106
f 1561/1713/1133 614/634/162 1565/1715/1135
f 1565/1715/1134 614/634/162 613/635/1138
f 1564/1716/1137 612/637/1106 1563/1717/1139
f 1563/1717/1140 612/637/1106 1562/1692/1107
f 1563/1717/1139 1562/1692/1107 1567/1718/1117
f 1567/1718/1117 1562/1692/1107 1566/1694/1109
f 1567/1718/1117 1568/1719/1120 1563/1717/1139
f 1563/1717/1139 1568/1719/1120 1564/1716/1136
f 1568/1719/1120 1569/1714/1122 1564/1716/1137
f 614/634/1141 1561/1713/1133 615/633/160
f 615/633/1142 1561/1713/1132 616/632/159
f 616/632/159 1561/1713/1133 1576/1720/1143
f 616/632/159 1576/1720/1144 617/630/157
f 1576/1720/1143 1561/1713/1133 1575/1721/1145
f 1575/1722/1145 1561/1723/1132 1560/1724/1126
f 1575/1725/1146 1560/1726/1126 1559/1727/1130
f 1575/1728/1146 1559/1729/1125 1574/1730/1147
f 1574/1731/1147 1559/1711/1125 104/120/1113
f 1574/1732/1147 104/1733/8 103/1734/4
f 139/141/1113 212/142/8 1579/1735/1112
f 1579/1735/1112 212/142/8 1558/1698/1112
f 1579/1735/1112 1558/1698/1112 1578/1736/1110
f 1578/1736/1110 1558/1698/1112 1557/1697/1110
f 1578/1737/1110 1557/1695/1110 1577/1738/1148
f 1577/1738/1148 1557/1695/1110 1556/1693/1148
f 1577/1738/1108 1556/1693/1108 552/559/97
f 552/559/97 1556/1693/1108 553/560/97
f 618/628/155 617/630/1149 1585/1739/1150
f 1585/1739/1150 617/630/157 1576/1720/1144
f 1585/1740/1150 1576/1741/1143 1575/1728/1145
f 1585/1740/1150 1575/1728/1145 1584/1742/1151
f 1584/1742/1151 1575/1728/1145 1574/1730/1152
f 1584/1742/1151 1574/1730/1152 1583/1743/1153
f 1583/1744/1153 1574/1731/1152 103/128/4
f 1583/1744/1153 103/128/4 102/117/4
f 1583/1744/1153 102/117/4 1586/1745/1154
f 1586/1745/1154 102/117/4 101/112/4
f 1586/1745/1154 101/112/4 1589/1746/1155
f 1589/1747/1155 101/1748/4 100/1749/4
f 1589/1750/1155 100/1751/4 1592/1752/1156
f 1592/1753/1156 100/1754/4 99/1755/4
f 1592/1753/1156 99/1755/4 1595/1756/1157
f 1595/1756/1157 99/1755/4 98/1757/4
f 1595/1756/1157 98/1757/4 1580/1758/1158
f 1580/1758/1158 1581/1759/1159 1595/1756/1157
f 1595/1756/1157 1581/1759/1159 1596/1760/1160
f 1595/1756/1157 1596/1760/1160 1592/1753/1156
f 1592/1753/1156 1596/1760/1160 1593/1761/1161
f 1592/1753/1156 1593/1761/1162 1589/1762/1155
f 1589/1762/1155 1593/1761/1162 1590/1763/1163
f 1589/1762/1155 1590/1763/1164 1586/1764/1154
f 1586/1764/1154 1590/1763/1163 1587/1765/1165
f 1586/1764/1154 1587/1765/1165 1583/1743/1153
f 1583/1743/1153 1587/1765/1165 1584/1742/1151
f 1581/1759/1159 1582/1766/1166 1596/1760/1167
f 1596/1760/1167 1582/1766/1166 1597/1767/1168
f 1596/1760/1167 1597/1767/1168 1593/1761/1162
f 1593/1761/1162 1597/1767/1169 1594/1768/1170
f 1593/1761/1162 1594/1768/1170 1590/1763/1163
f 1590/1763/1163 1594/1768/1170 1591/1769/1171
f 1590/1763/1163 1591/1769/1171 1587/1765/1165
f 1587/1765/1165 1591/1769/1171 1588/1770/1172
f 1587/1765/1165 1588/1770/1172 1584/1742/1151
f 1584/1742/1151 1588/1770/1172 1585/1740/1150
f 1582/1766/1166 604/618/145 1597/1767/1168
f 1597/1767/1169 604/618/136 621/620/144
f 1597/1767/1169 621/620/144 1594/1768/1170
f 1594/1768/1170 621/620/144 620/622/148
f 1594/1768/1170 620/622/150 1591/1769/1171
f 1591/1769/1171 620/622/147 619/624/152
f 1591/1769/1171 619/624/152 1588/1770/1172
f 1588/1770/1172 619/624/152 618/1771/155
f 1588/1770/1172 618/1771/1173 1585/1740/1150
f 559/569/1174 558/567/102 1602/1772/1175
f 1602/1772/1175 558/567/102 1598/1773/1176
f 1602/1772/1175 1598/1773/1177 1599/1774/1178
f 1602/1772/1175 1599/1774/1178 1625/1775/1179
f 1625/1776/1179 1599/1777/1178 1600/1778/1180
f 1625/1776/1179 1600/1778/1180 1648/1779/1181
f 1648/1779/1181 1600/1778/1180 1601/1780/1182
f 1648/1779/1181 1601/1780/1182 152/182/1183
f 152/182/1183 1601/1780/1184 153/183/1113
f 1648/1779/1181 152/182/1183 1649/1781/1185
f 1649/1781/1185 152/182/1183 151/180/1183
f 1649/1781/1186 151/180/8 1650/1782/1187
f 1650/1782/1187 151/180/1188 1651/1783/1189
f 1650/1782/1187 1651/1783/1189 1627/1784/1190
f 1627/1784/1191 1651/1783/1189 1628/1785/1192
f 1627/1784/1191 1628/1785/1192 1604/1786/1193
f 1604/1786/1193 1628/1785/1192 1605/1787/1194
f 1604/1788/1193 1605/1789/1194 560/571/1195
f 560/1790/1195 1605/1787/1194 561/1791/1196
f 561/1791/1196 1605/1787/1194 1606/1792/1197
f 561/1791/1196 1606/1792/1198 1607/1793/1199
f 1607/1793/1199 1606/1792/1197 1630/1794/1200
f 1607/1793/1199 1630/1794/1200 1631/1795/1201
f 1631/1795/1201 1630/1794/1200 1654/1796/1202
f 1631/1795/1201 1654/1796/1202 1655/1797/1203
f 1655/1797/1204 1654/1796/1202 148/175/8
f 1655/1797/1204 148/175/8 1656/1798/1205
f 1656/1798/1205 148/175/8 147/173/1206
f 1656/1798/1205 147/173/1206 146/156/8
f 151/180/8 150/178/8 1651/1783/1189
f 1651/1783/1207 150/178/8 1652/1799/1208
f 1651/1783/1189 1652/1799/1208 1628/1785/1192
f 1628/1785/1192 1652/1799/1208 1629/1800/1209
f 1628/1785/1210 1629/1800/1209 1605/1787/1194
f 1605/1787/1194 1629/1800/1211 1606/1792/1198
f 150/178/8 149/176/1206 1652/1799/1208
f 1652/1799/1208 149/176/1188 1653/1801/1212
f 1652/1799/1208 1653/1801/1212 1629/1800/1209
f 1629/1800/1211 1653/1801/1212 1630/1794/1200
f 1629/1800/1211 1630/1794/1200 1606/1792/1198
f 1653/1801/1212 149/176/1206 1654/1796/1202
f 1654/1796/1202 149/176/1188 148/175/1113
f 145/154/1213 1659/1802/1214 146/156/8
f 146/156/8 1659/1802/1215 1658/1803/1216
f 146/156/8 1658/1803/1217 1657/1804/1218
f 1657/1804/1218 1658/1803/1217 1634/1805/1219
f 1657/1804/1218 1634/1805/1219 1633/1806/1220
f 1633/1806/1220 1634/1805/1219 1610/1807/1221
f 1633/1806/1220 1610/1807/1221 1609/1808/1222
f 1609/1808/1222 1610/1807/1221 563/1809/1223
f 1609/1808/1222 563/1809/1223 562/1810/116
f 1659/1802/1224 145/154/1213 1660/1811/1225
f 1660/1811/1225 145/154/1213 144/151/1226
f 1660/1811/1227 144/151/8 1661/1812/1228
f 1661/1812/1228 144/151/1226 1662/1813/1229
f 1661/1812/1228 1662/1813/1229 1638/1814/1230
f 1638/1814/1230 1662/1813/1229 1639/1815/1231
f 1638/1814/1230 1639/1815/1231 1615/1816/1232
f 1615/1816/1232 1639/1815/1231 1616/1817/1233
f 1615/1816/1234 1616/1817/1233 566/1818/1235
f 566/1818/1235 1616/1817/1233 1617/1819/1236
f 566/1818/1235 1617/1819/1236 567/1820/128
f 567/590/128 1617/1821/1236 1618/1822/1237
f 567/590/128 1618/1822/1238 1619/1823/1239
f 1619/1824/1240 1618/1825/1237 1642/1826/1241
f 1619/1824/1239 1642/1826/1241 1643/1827/1242
f 1643/1827/1242 1642/1826/1241 1666/1828/1243
f 1643/1827/1242 1666/1828/1243 1667/1829/1244
f 1667/1829/1244 1666/1828/1243 141/146/8
f 1667/1829/1244 141/146/8 140/139/1245
f 144/151/8 143/149/1226 1662/1813/1229
f 1662/1813/1229 143/149/1226 1663/1830/1246
f 1662/1813/1229 1663/1830/1246 1639/1815/1231
f 1639/1815/1247 1663/1830/1246 1640/1831/1248
f 1639/1815/1231 1640/1831/1249 1616/1817/1233
f 1616/1817/1233 1640/1831/1248 1617/1819/1236
f 1663/1830/1246 143/149/1226 1664/1832/1250
f 1664/1832/1250 143/149/1226 142/148/1226
f 1664/1832/1250 142/148/1226 1665/1833/1251
f 1665/1833/1251 142/148/1226 141/146/1226
f 1665/1833/1251 141/146/1226 1666/1828/1243
f 1667/1829/1244 140/139/1245 1668/1834/1252
f 1668/1834/1252 140/139/1245 139/141/1113
f 1668/1834/1253 139/141/8 1669/1835/1254
f 1669/1835/1254 139/141/8 1670/1836/1255
f 1669/1835/1254 1670/1836/1255 1646/1837/1256
f 1646/1837/1256 1670/1836/1255 1647/1838/1257
f 1646/1839/1258 1647/1840/1257 1623/1841/1259
f 1623/1841/1259 1647/1840/1257 1624/1842/1260
f 1623/1841/1261 1624/1842/1260 570/595/1262
f 570/595/1263 1624/1842/1260 552/559/97
f 552/559/97 1624/1842/1260 1577/1738/1108
f 1577/1738/1108 1624/1842/1260 1647/1840/1257
f 1577/1738/1148 1647/1840/1257 1578/1737/1110
f 1578/1736/1110 1647/1838/1257 1579/1735/1112
f 1579/1735/1112 1647/1838/1257 1670/1836/1264
f 1579/1735/1112 1670/1836/1255 139/141/1113
f 1623/1841/1259 570/595/1263 1622/1843/1265
f 1622/1843/1265 570/595/1263 569/593/1266
f 1622/1843/1265 569/593/1266 1621/1844/1267
f 1621/1844/1267 569/593/1266 1620/1845/1268
f 1621/1844/1267 1620/1845/1269 1644/1846/1270
f 1644/1846/1270 1620/1845/1268 1643/1847/1242
f 1644/1848/1270 1643/1827/1242 1667/1829/1244
f 569/593/1266 568/591/1271 1620/1845/1268
f 1620/1845/1268 568/591/1271 1619/1823/1240
f 1620/1849/1268 1619/1824/1239 1643/1827/1242
f 568/591/1271 567/590/128 1619/1823/1239
f 566/1818/1235 565/1850/1272 1615/1816/1232
f 1615/1816/1234 565/1850/1272 1614/1851/1273
f 1615/1816/1232 1614/1851/1274 1638/1814/1230
f 1638/1814/1230 1614/1851/1274 1637/1852/1275
f 1638/1814/1230 1637/1852/1275 1661/1812/1228
f 1661/1812/1228 1637/1852/1275 1660/1811/1225
f 1614/1851/1274 565/1850/1272 1613/1853/1276
f 1613/1853/1276 565/1850/1272 564/1854/1277
f 1613/1853/1278 564/1854/1279 1612/1855/1280
f 1612/1855/1280 564/1854/1277 1611/1856/1281
f 1612/1855/1280 1611/1856/1281 1635/1857/1282
f 1635/1857/1282 1611/1856/1281 1634/1805/1219
f 1635/1857/1282 1634/1805/1219 1658/1803/1217
f 564/1854/1279 563/1809/1283 1611/1856/1281
f 1611/1856/1281 563/1809/1223 1610/1807/1221
f 1611/1856/1281 1610/1807/1221 1634/1805/1219
f 561/1791/1196 1607/1793/1199 562/1810/116
f 562/1810/116 1607/1793/1284 1608/1858/1285
f 562/1810/116 1608/1858/1285 1609/1808/1222
f 1609/1808/1222 1608/1858/1285 1632/1859/1286
f 1609/1808/1222 1632/1859/1286 1633/1806/1220
f 1633/1806/1220 1632/1859/1286 1656/1798/1205
f 1633/1806/1220 1656/1798/1205 1657/1804/1287
f 1657/1804/1218 1656/1798/1205 146/156/8
f 560/571/1195 559/569/1174 1604/1788/1193
f 1604/1786/1193 559/1860/1288 1603/1861/1289
f 1604/1786/1193 1603/1861/1289 1627/1784/1191
f 1627/1784/1191 1603/1861/1289 1626/1862/1290
f 1627/1784/1191 1626/1862/1291 1650/1782/1187
f 1650/1782/1187 1626/1862/1291 1649/1781/1185
f 1603/1863/1289 559/569/1174 1602/1772/1175
f 1626/1862/1291 1603/1861/1289 1602/1864/1175
f 1632/1859/1286 1608/1858/1285 1631/1795/1201
f 1631/1795/1201 1608/1858/1285 1607/1793/1284
f 1637/1852/1275 1614/1851/1273 1613/1853/1278
f 1613/1853/1278 1612/1855/1280 1636/1865/1292
f 1636/1865/1292 1612/1855/1280 1635/1857/1293
f 1636/1865/1294 1635/1857/1282 1659/1802/1214
f 1659/1802/1214 1635/1857/1282 1658/1803/1217
f 1618/1825/1238 1617/1819/1236 1641/1866/1295
f 1641/1866/1295 1617/1819/1236 1640/1831/1296
f 1641/1866/1295 1640/1831/1248 1664/1832/1250
f 1664/1832/1250 1640/1831/1248 1663/1830/1297
f 1646/1839/1256 1623/1841/1259 1622/1843/1265
f 1622/1843/1265 1621/1844/1267 1645/1867/1298
f 1645/1867/1298 1621/1844/1267 1644/1846/1270
f 1645/1868/1298 1644/1848/1270 1668/1834/1252
f 1668/1834/1252 1644/1848/1299 1667/1829/1244
f 1649/1781/1186 1626/1862/1291 1625/1776/1179
f 1625/1776/1179 1626/1862/1291 1602/1864/1175
f 1648/1779/1181 1649/1781/1186 1625/1776/1179
f 1654/1796/1202 1630/1794/1200 1653/1801/1212
f 1656/1798/1205 1632/1859/1286 1655/1797/1204
f 1655/1797/1203 1632/1859/1286 1631/1795/1201
f 1660/1811/1227 1637/1852/1275 1636/1865/1294
f 1636/1865/1292 1637/1852/1275 1613/1853/1278
f 1660/1811/1225 1636/1865/1292 1659/1802/1215
f 1618/1825/1237 1641/1866/1295 1642/1826/1241
f 1642/1826/1241 1641/1866/1295 1665/1833/1251
f 1642/1826/1241 1665/1833/1251 1666/1828/1243
f 1665/1833/1251 1641/1866/1295 1664/1832/1250
f 1669/1835/1254 1646/1837/1256 1645/1868/1300
f 1645/1867/1300 1646/1839/1256 1622/1843/1265
f 1669/1835/1254 1645/1868/1300 1668/1834/1252
f 591/603/145 604/618/145 1673/1869/1166
f 1673/1869/1166 604/618/145 1582/1766/1166
f 1673/1869/1166 1582/1766/1166 1672/1870/1159
f 1672/1870/1159 1582/1766/1166 1581/1759/1159
f 1672/1870/1159 1581/1759/1159 1671/1871/1158
f 1671/1871/1301 1581/1759/1159 1580/1758/1158
f 1671/1871/1158 1580/1758/1301 97/1872/4
f 97/1872/4 1580/1758/1158 98/1757/4
f 557/564/1302 556/563/98 1681/1873/1303
f 1681/1873/1303 556/563/98 1674/1874/1304
f 1681/1873/1303 1674/1874/1304 1680/1875/1305
f 1680/1875/1306 1674/1874/1304 1675/1876/1307
f 1680/1875/1305 1675/1876/1307 1687/1877/1308
f 1687/1877/1309 1675/1876/1307 1684/1878/1310
f 1687/1877/1308 1684/1878/1310 1685/1879/1311
f 1685/1880/1311 1684/1881/1312 1679/1882/1313
f 1685/1880/1311 1679/1882/1313 1601/1780/1314
f 1675/1883/1307 1676/1884/1315 1684/1881/1312
f 1684/1881/1312 1676/1884/1315 1679/1882/1313
f 1677/1885/1316 1678/1886/1317 1676/1884/1318
f 1676/1884/1319 1678/1886/1320 1679/1882/1313
f 1601/1780/1321 1600/1778/1180 1685/1880/1311
f 1685/1880/1322 1600/1778/1180 1686/1887/1323
f 1685/1880/1311 1686/1887/1324 1687/1888/1308
f 1687/1877/1308 1686/1889/1324 1680/1875/1306
f 1600/1778/1180 1599/1777/1178 1686/1887/1324
f 1686/1889/1324 1599/1774/1178 1683/1890/1325
f 1686/1889/1324 1683/1890/1325 1680/1875/1306
f 1680/1875/1306 1683/1890/1325 1681/1873/1303
f 1599/1774/1178 1598/1773/1177 1683/1890/1325
f 1683/1890/1325 1598/1773/1177 1682/1891/1326
f 1683/1890/1325 1682/1891/1326 1681/1873/1327
f 1681/1873/1303 1682/1891/1326 557/564/1302
f 1598/1773/1176 558/567/1328 1682/1891/1329
f 1682/1891/1329 558/567/102 557/564/1302
f 1671/1871/1158 97/1872/4 1692/1892/1330
f 1692/1892/1330 97/1872/4 96/1893/4
f 1692/1892/1330 96/1893/4 1695/1894/1331
f 1695/1894/1331 96/1893/4 95/1895/4
f 1695/1896/1331 95/94/4 1698/1897/1332
f 1698/1897/1332 95/94/4 94/93/4
f 1698/1897/1332 94/93/4 1701/1898/1333
f 1701/1898/1333 94/93/4 93/91/4
f 1701/1898/1333 93/91/4 1704/1899/1334
f 1704/1899/1334 93/91/4 92/95/4
f 1704/1899/1334 92/95/4 1688/1900/1335
f 1688/1900/1336 1689/1901/1337 1704/1899/1334
f 1704/1902/1338 1689/1903/1339 1707/1904/1340
f 1704/1902/1334 1707/1904/1341 1705/1905/1342
f 1705/1906/1342 1707/1907/1343 1708/1908/1344
f 1705/1906/1342 1708/1908/1344 1706/1909/1345
f 1706/1909/1345 1708/1908/1344 596/614/1346
f 1706/1909/1345 596/614/1346 595/612/140
f 1689/1903/1339 1690/1910/1347 1707/1904/1343
f 1707/1907/1341 1690/1911/1347 1691/1912/1348
f 1707/1907/1341 1691/1912/1348 1709/1913/1349
f 1709/1914/1349 1691/1915/1348 587/1916/1350
f 1709/1913/1349 587/601/1351 597/616/142
f 597/616/142 587/601/1351 586/599/98
f 1709/1913/1349 597/616/142 1708/1908/1344
f 1708/1908/1344 597/616/142 596/614/1346
f 1706/1909/1345 595/612/140 1703/1917/1352
f 1703/1918/1352 595/1919/140 594/608/139
f 1703/1918/1352 594/608/139 1700/1920/1353
f 1700/1920/1353 594/608/139 593/606/138
f 1700/1920/1353 593/606/138 1697/1921/1354
f 1697/1921/1354 593/606/1355 592/605/137
f 1697/1921/1354 592/605/137 1694/1922/1356
f 1694/1922/1356 592/605/137 591/603/145
f 1694/1922/1356 591/603/145 1673/1869/1166
f 1673/1869/1166 1672/1870/1159 1694/1922/1356
f 1694/1922/1357 1672/1870/1159 1693/1923/1358
f 1694/1922/1356 1693/1923/1358 1697/1921/1354
f 1697/1921/1354 1693/1923/1358 1696/1924/1359
f 1697/1921/1354 1696/1924/1360 1700/1920/1353
f 1700/1920/1353 1696/1924/1360 1699/1925/1361
f 1700/1920/1353 1699/1925/1361 1703/1918/1352
f 1703/1918/1352 1699/1925/1361 1702/1926/1362
f 1703/1918/1352 1702/1926/1362 1706/1927/1345
f 1706/1927/1345 1702/1926/1362 1705/1905/1342
f 1672/1870/1159 1671/1871/1158 1693/1923/1358
f 1693/1923/1358 1671/1871/1301 1692/1892/1330
f 1693/1923/1358 1692/1892/1330 1696/1924/1359
f 1696/1924/1360 1692/1892/1330 1695/1894/1331
f 1696/1924/1360 1695/1894/1331 1699/1925/1361
f 1699/1925/1361 1695/1894/1331 1698/1928/1332
f 1699/1925/1361 1698/1928/1332 1702/1926/1362
f 1702/1926/1362 1698/1928/1332 1701/1929/1333
f 1702/1926/1362 1701/1929/1333 1705/1905/1342
f 1705/1905/1342 1701/1929/1333 1704/1902/1334
f 1709/1913/1349 1708/1908/1344 1707/1907/1363
f 588/600/98 587/601/98 1712/1930/1364
f 1712/1930/1364 587/601/98 1691/1912/1365
f 1712/1930/1366 1691/1912/1367 1711/1931/1368
f 1711/1931/1369 1691/1912/1367 1690/1911/1370
f 1711/1931/1369 1690/1911/1370 1713/1932/1371
f 1713/1932/1371 1690/1911/1370 1689/1933/1372
f 1713/1934/1373 1689/1901/1372 1710/1935/1374
f 1710/1935/1375 1689/1901/1376 1688/1900/1377
f 1710/1935/1374 1676/1884/1378 1713/1934/1371
f 1713/1934/1371 1676/1884/1379 1675/1883/1307
f 1713/1932/1373 1675/1876/1307 1711/1931/1380
f 1711/1931/1369 1675/1876/1307 1674/1874/1381
f 1711/1931/1382 1674/1874/1381 1712/1930/1364
f 1712/1930/1366 1674/1874/1381 556/563/98
f 1712/1930/1364 556/563/98 589/598/98
f 589/598/98 588/600/98 1712/1930/1366
f 710/740/237 1714/1936/1383 711/739/1384
f 711/739/1384 1714/1936/1383 1721/1937/1385
f 711/739/1386 1721/1937/1385 712/737/233
f 712/737/233 1721/1937/1385 1722/1938/1387
f 712/737/233 1722/1938/1387 713/735/232
f 713/734/232 1722/1939/1387 1718/1940/1388
f 1718/1940/1388 1722/1939/1387 1723/1941/1389
f 1718/1942/1388 1723/1943/1389 1717/1944/1390
f 1717/1945/1390 1723/1946/1391 1724/1947/1392
f 1717/1948/1390 1724/1949/1392 1119/1950/510
f 1119/1173/507 1724/1951/1393 1120/1174/1394
f 1120/1952/1394 1724/1723/1392 1719/1953/1395
f 1120/1174/1394 1719/1954/1396 547/1177/3
f 547/556/3 1719/1955/1395 1716/1956/1397
f 1716/1957/1397 1719/1958/1395 1720/1959/1398
f 1716/1956/1397 1720/1960/1398 1715/1961/1399
f 1715/1961/1400 1720/1960/1398 1714/1962/1383
f 1714/1962/1383 1720/1960/1398 1721/1963/1385
f 1722/1964/1387 1721/1963/1385 1720/1960/1398
f 1724/1947/1392 1723/1946/1401 1719/1965/1395
f 1719/1955/1395 1723/1966/1389 1720/1960/1398
f 1723/1966/1391 1722/1964/1387 1720/1960/1398
f 714/732/230 713/734/1402 1727/1967/1403
f 1727/1967/1404 713/734/232 1718/1940/1405
f 1727/1967/1403 1718/1940/1405 1732/1968/1406
f 1732/1968/1406 1718/1940/1405 1717/1969/1407
f 1732/1968/1406 1717/1969/1407 1737/1970/1408
f 1737/1970/1408 1717/1969/1407 1118/1123/510
f 1737/1970/1408 1118/1123/510 1117/1126/510
f 1717/1969/1409 1119/1173/510 1118/1123/507
f 1117/1126/510 1116/1128/510 1737/1970/1408
f 1737/1970/1408 1116/1128/510 1738/1971/1410
f 1737/1970/1408 1738/1971/1410 1732/1968/1406
f 1732/1968/1406 1738/1971/1410 1733/1972/1411
f 1732/1968/1406 1733/1972/1411 1727/1967/1403
f 1727/1967/1403 1733/1972/1411 1728/1973/1412
f 1727/1967/1403 1728/1973/1412 714/732/230
f 714/732/230 1728/1973/1412 1729/1974/1413
f 714/732/230 1729/1974/1413 715/730/228
f 715/730/228 1729/1974/1413 716/729/226
f 716/729/226 1729/1974/1414 1730/1975/1415
f 716/729/1416 1730/1975/1415 717/728/225
f 717/728/225 1730/1975/1415 1731/1976/1417
f 717/728/225 1731/1976/1418 718/726/1419
f 718/726/1420 1731/1976/1418 702/724/221
f 702/724/222 1731/1976/1418 1726/1977/1421
f 1726/1977/1421 1731/1976/1418 1736/1978/1422
f 1726/1977/1421 1736/1978/1422 1725/1979/1423
f 1725/1979/1423 1736/1978/1422 1741/1980/1424
f 1725/1979/1423 1741/1980/1424 1111/1137/507
f 1111/1137/510 1741/1980/1424 1112/1135/510
f 1112/1135/507 1741/1980/1424 1113/1133/507
f 1113/1133/510 1741/1980/1424 1740/1981/1425
f 1113/1133/510 1740/1981/1425 1114/1132/507
f 1114/1132/508 1740/1981/1425 1739/1982/1426
f 1114/1132/510 1739/1982/1427 1115/1130/510
f 1115/1130/1428 1739/1982/1429 1738/1971/1410
f 1115/1130/510 1738/1971/1410 1116/1128/510
f 1729/1974/1430 1728/1973/1431 1734/1983/1432
f 1734/1983/1432 1728/1973/1431 1733/1972/1411
f 1734/1983/1432 1733/1972/1411 1739/1982/1429
f 1739/1982/1427 1733/1972/1411 1738/1971/1410
f 1736/1978/1422 1731/1976/1418 1730/1975/1415
f 1730/1975/1415 1729/1974/1433 1735/1984/1434
f 1735/1984/1434 1729/1974/1430 1734/1983/1432
f 1735/1984/1434 1734/1983/1432 1740/1981/1425
f 1740/1981/1425 1734/1983/1432 1739/1982/1429
f 1741/1980/1424 1736/1978/1422 1735/1984/1434
f 1735/1984/1434 1736/1978/1435 1730/1975/1415
f 1741/1980/1424 1735/1984/1434 1740/1981/1425
f 548/557/3 547/556/3 1745/1985/1436
f 1745/1985/1436 547/556/3 1716/1956/1437
f 1745/1985/1436 1716/1956/1437 1747/1986/1438
f 1747/1986/1438 1716/1956/1437 1746/1987/1439
f 1747/1986/1438 1746/1987/1439 1744/1988/1440
f 1744/1988/1440 1746/1987/1439 1743/1989/1441
f 1743/1989/1441 1746/1987/1439 1742/1990/1442
f 1742/1990/1442 1746/1987/1439 1748/1991/1443
f 1742/1992/1442 1748/1993/1443 664/683/11
f 664/683/11 1748/1993/1443 708/742/1444
f 708/742/1444 1748/1993/1443 709/741/1445
f 709/741/1445 1748/1993/1443 1714/1936/1446
f 709/741/1445 1714/1936/1446 710/740/237
f 1716/1956/1437 1715/1961/1447 1746/1987/1439
f 1746/1987/1439 1715/1961/1447 1714/1962/1446
f 1746/1987/1439 1714/1962/1448 1748/1991/1443
f 550/551/95 549/558/95 1744/1988/1449
f 1744/1988/1440 549/558/95 1745/1985/1436
f 1744/1988/1449 1745/1985/1436 1747/1986/1438
f 549/558/95 548/557/95 1745/1985/1450
f 681/723/221 702/724/222 1750/1994/1451
f 1750/1994/1451 702/724/221 1726/1977/1451
f 1750/1994/1421 1726/1977/1421 1725/1979/1423
f 1111/1137/510 1110/1140/510 1725/1979/1423
f 1725/1979/1423 1110/1140/510 1749/1995/1423
f 1725/1979/1423 1749/1995/1423 1750/1994/1421
f 460/477/3 550/551/3 1753/1996/1440
f 1753/1996/1440 550/551/3 1744/1988/1440
f 1753/1996/1440 1744/1988/1449 1752/1997/1441
f 1752/1997/1441 1744/1988/1440 1743/1989/1441
f 1752/1997/1441 1743/1989/1441 1751/1998/1442
f 1751/1998/1442 1743/1989/1441 1742/1990/1442
f 1751/1999/1442 1742/1992/1442 663/681/11
f 663/681/11 1742/1992/1442 664/683/11
f 681/723/221 1750/1994/1421 682/721/1452
f 682/721/220 1750/1994/1421 1756/2000/1453
f 682/721/1452 1756/2000/1453 1757/2001/1454
f 1757/2001/1454 1756/2000/1453 1763/2002/1455
f 1757/2001/1454 1763/2002/1455 1764/2003/1456
f 1764/2003/1457 1763/2002/1455 1770/2004/1458
f 1764/2003/1457 1770/2004/1459 1771/2005/1460
f 1771/2005/1461 1770/2004/1459 1105/1159/508
f 1771/2005/1461 1105/1159/510 1104/1162/510
f 1756/2000/1453 1750/1994/1421 1762/2006/1462
f 1762/2006/1463 1750/1994/1421 1749/1995/1423
f 1762/2006/1462 1749/1995/1423 1768/2007/1464
f 1768/2007/1464 1749/1995/1423 1109/1154/510
f 1768/2007/1464 1109/1154/510 1108/1153/510
f 1749/1995/1423 1110/1140/508 1109/1154/508
f 1768/2007/1464 1108/1153/510 1769/2008/1465
f 1769/2008/1466 1108/1153/510 1107/1155/510
f 1769/2008/1465 1107/1155/510 1106/1157/510
f 1769/2008/1465 1106/1157/510 1770/2004/1458
f 1770/2004/1459 1106/1157/510 1105/1159/510
f 1771/2005/1460 1104/1162/510 1772/2009/1467
f 1772/2009/1468 1104/1162/508 1103/1164/508
f 1772/2009/1467 1103/1164/507 1773/2010/1469
f 1773/2010/1469 1103/1164/510 1102/1172/508
f 1773/2010/1469 1102/1172/508 1754/2011/1470
f 1773/2010/1469 1754/2011/1470 1767/2012/1471
f 1767/2012/1471 1754/2011/1470 1755/2013/1472
f 1767/2012/1471 1755/2013/1473 1761/2014/1474
f 1761/2014/1474 1755/2013/1472 689/712/211
f 1761/2014/1474 689/712/211 688/713/212
f 688/713/1475 687/714/213 1761/2014/1474
f 1761/2014/1474 687/714/213 1760/2015/1476
f 1761/2014/1474 1760/2015/1476 1767/2012/1471
f 1767/2012/1471 1760/2015/1476 1766/2016/1477
f 1767/2012/1471 1766/2016/1477 1773/2010/1469
f 1773/2010/1469 1766/2016/1477 1772/2009/1468
f 687/714/213 686/716/215 1760/2015/1476
f 1760/2015/1476 686/716/215 1759/2017/1478
f 1760/2015/1476 1759/2017/1478 1766/2016/1477
f 1766/2016/1477 1759/2017/1478 1765/2018/1479
f 1766/2016/1477 1765/2018/1479 1772/2009/1468
f 1772/2009/1467 1765/2018/1479 1771/2005/1461
f 686/716/1480 685/717/216 1759/2017/1478
f 1759/2017/1481 685/717/216 684/719/218
f 1759/2017/1481 684/719/218 1758/2019/1482
f 1758/2019/1483 684/719/218 1757/2001/1454
f 1758/2019/1482 1757/2001/1454 1764/2003/1484
f 684/719/218 683/720/219 1757/2001/1485
f 1757/2001/1454 683/720/219 682/721/220
f 1765/2018/1479 1759/2017/1478 1758/2019/1486
f 1765/2018/1479 1758/2019/1482 1764/2003/1457
f 1756/2000/1453 1762/2006/1463 1763/2002/1455
f 1763/2002/1455 1762/2006/1463 1769/2008/1465
f 1763/2002/1455 1769/2008/1465 1770/2004/1459
f 1768/2007/1464 1769/2008/1465 1762/2006/1462
f 1771/2005/1460 1765/2018/1479 1764/2003/1456
f 461/478/1487 460/477/3 1778/2020/1488
f 1778/2020/1488 460/477/95 1753/1996/1449
f 1778/2020/1488 1753/1996/1449 1777/2021/1489
f 1777/2021/1489 1753/1996/1490 1752/1997/1441
f 1777/2021/1489 1752/1997/1491 1751/1998/1442
f 1777/2021/1489 1751/1998/1442 1779/2022/1492
f 1779/2023/1492 1751/1999/1442 663/681/11
f 1779/2023/1493 663/681/11 657/680/11
f 657/680/11 1774/2024/1494 1779/2023/1492
f 1779/2022/1492 1774/2025/1495 1777/2021/1489
f 1774/2025/1496 1775/2026/1497 1777/2021/1489
f 1777/2021/1489 1775/2026/1498 1776/2027/1499
f 1777/2021/1489 1776/2027/1499 1778/2020/1488
f 1778/2020/1500 1776/2027/1499 461/478/1487
f 1755/2013/1501 1793/2028/1502 689/712/210
f 689/712/210 1793/2028/1502 1789/2029/1503
f 689/712/210 1789/2029/1503 690/710/1504
f 690/710/1504 1789/2029/1503 1799/2030/1505
f 690/710/1506 1799/2030/1505 1787/2031/1507
f 1787/2032/1507 1799/2033/1505 1798/2034/1508
f 1787/2032/1509 1798/2034/1508 1802/2035/1510
f 1802/2035/1510 1798/2034/1508 1797/2036/1511
f 1802/2035/1512 1797/2036/1511 1801/2037/1513
f 1801/2037/1513 1797/2036/1511 1796/2038/1514
f 1801/2037/1513 1796/2038/1514 1800/2039/1515
f 1800/2039/1515 1796/2038/1514 1782/2040/1516
f 1800/2041/1515 1782/2042/1516 1783/2043/1517
f 1793/2028/1502 1755/2013/1501 1792/2044/1518
f 1792/2044/1519 1755/2013/1501 1754/2011/1520
f 1792/2044/1519 1754/2011/1520 1791/2045/1521
f 1791/2045/1521 1754/2011/1520 1790/2046/1522
f 1791/2047/1521 1790/2048/1522 1795/2049/1523
f 1795/2050/1524 1790/2051/1525 1788/2052/1526
f 1795/2053/1524 1788/2054/1526 1797/2036/1511
f 1797/2036/1511 1788/2054/1526 1796/2038/1514
f 1754/2011/1520 1102/1172/508 1790/2046/1525
f 1790/2046/1525 1102/1172/508 1780/2055/1527
f 1790/2056/1525 1780/2057/1528 1788/2058/1526
f 1788/2059/1526 1780/2060/1529 1781/2061/1530
f 1788/2054/1526 1781/2062/1531 1796/2038/1514
f 1796/2063/1514 1781/2061/1531 1782/2042/1516
f 1783/2043/1532 1784/2064/1533 1800/2041/1515
f 1800/2039/1515 1784/2065/1533 1801/2037/1513
f 1784/2065/1534 1785/2066/1535 1801/2037/1513
f 1801/2037/1513 1785/2066/1536 1802/2035/1510
f 1785/2066/1536 1786/2067/1537 1802/2035/1512
f 1802/2035/1510 1786/2067/1537 1787/2032/1507
f 1786/2067/1537 691/706/204 1787/2032/1509
f 1787/2032/1507 691/706/204 690/2068/1538
f 1789/2029/1503 1793/2028/1502 1792/2044/1519
f 1792/2044/1519 1791/2045/1521 1794/2069/1539
f 1794/2069/1539 1791/2045/1521 1795/2070/1524
f 1794/2071/1539 1795/2053/1523 1798/2034/1508
f 1798/2034/1508 1795/2053/1524 1797/2036/1511
f 1798/2072/1508 1799/2073/1505 1794/2074/1539
f 1794/2075/1540 1799/2076/1505 1789/2077/1503
f 1794/2069/1541 1789/2029/1503 1792/2044/1519
f 1776/2027/1499 1806/2078/1542 461/478/1487
f 461/478/1487 1806/2078/1542 1807/2079/1543
f 461/478/1487 1807/2079/1543 1808/2080/1544
f 1808/2080/1544 1807/2079/1545 1811/2081/1546
f 1808/2080/1544 1811/2081/1547 1805/2082/1548
f 1805/2082/1548 1811/2081/1546 1804/2083/1549
f 1804/2083/1550 1811/2081/1547 1803/2084/1551
f 1803/2084/1551 1811/2081/1546 1814/2085/1552
f 1803/2086/1551 1814/2087/1553 656/678/179
f 656/678/179 1814/2087/1553 1813/2088/1554
f 656/678/179 1813/2088/1554 1812/2089/1555
f 1812/2090/1555 1813/2091/1554 1809/2092/1556
f 1812/2090/1555 1809/2092/1556 1774/2025/1494
f 1774/2025/1494 1809/2092/1556 1775/2026/1497
f 1775/2026/1497 1809/2092/1556 1776/2027/1499
f 1776/2027/1499 1809/2092/1556 1806/2078/1542
f 1774/2024/1495 657/680/11 1812/2089/1555
f 1812/2089/1555 657/680/11 656/678/179
f 1805/2082/1548 83/83/3 1808/2080/1544
f 1808/2080/1544 83/83/3 461/478/1487
f 1807/2079/1543 1806/2078/1542 1810/2093/1557
f 1810/2093/1557 1806/2078/1542 1809/2092/1556
f 1810/2093/1557 1809/2092/1556 1813/2091/1554
f 1814/2085/1552 1811/2081/1558 1810/2093/1557
f 1810/2093/1557 1811/2081/1546 1807/2079/1543
f 1814/2085/1553 1810/2093/1557 1813/2091/1554
f 692/704/1559 691/706/204 1818/2094/1560
f 1818/2094/1560 691/706/204 1786/2067/1561
f 1818/2094/1560 1786/2067/1562 1785/2066/1563
f 1818/2094/1564 1785/2066/1563 1833/2095/1565
f 1833/2095/1565 1785/2066/1563 1784/2065/1566
f 1833/2095/1565 1784/2065/1566 1848/2096/1567
f 1848/2096/1567 1784/2065/1566 1783/2097/1568
f 1848/2098/1569 1783/2043/1570 24/50/3
f 24/50/3 1783/2043/1568 25/53/3
f 1848/2098/1567 24/50/3 1849/2099/1571
f 1849/2099/1571 24/50/3 23/49/3
f 1849/2099/1571 23/49/3 1850/2100/1572
f 1850/2100/1572 23/49/3 22/48/3
f 1850/2100/1572 22/48/95 1851/2101/1573
f 1851/2101/1573 22/48/95 21/46/3
f 1851/2101/1573 21/46/3 20/30/3
f 1851/2102/1573 20/2103/3 1852/2104/1574
f 1852/2105/1575 20/30/3 19/28/3
f 1852/2104/1574 19/2106/3 1853/2107/1576
f 1853/2108/1577 19/28/3 1854/2109/1578
f 1853/2107/1577 1854/2110/1579 1838/2111/1580
f 1838/2111/1581 1854/2110/1578 1839/2112/1582
f 1838/2111/1581 1839/2112/1582 1823/2113/1583
f 1823/2113/1583 1839/2112/1584 1824/2114/1585
f 1823/2113/1586 1824/2114/1585 696/696/1587
f 696/696/1587 1824/2114/1585 697/693/1588
f 697/693/1588 1824/2114/1585 1825/2115/1589
f 697/693/1588 1825/2115/1589 698/2116/187
f 698/690/1590 1825/2117/1589 1826/2118/1591
f 698/690/1590 1826/2118/1591 699/688/1592
f 699/688/1592 1826/2118/1593 1827/2119/1594
f 699/688/1592 1827/2119/1594 1828/2120/1595
f 1828/2120/1595 1827/2119/1594 1843/2121/1596
f 1828/2120/1595 1843/2121/1596 1844/2122/1597
f 1844/2123/1598 1843/2124/1596 1859/2125/1599
f 1844/2126/1597 1859/2127/1599 1860/2128/1600
f 1860/2128/1600 1859/2127/1599 14/13/1601
f 1860/2128/1600 14/13/1601 13/15/3
f 19/28/95 18/26/3 1854/2109/1579
f 1854/2109/1578 18/26/3 17/23/3
f 1854/2110/1579 17/2129/3 1855/2130/1602
f 1855/2131/1602 17/23/3 16/21/3
f 1855/2130/1602 16/2132/95 1856/2133/1603
f 1856/2134/1603 16/21/3 1857/2135/1604
f 1856/2133/1605 1857/2136/1606 1841/2137/1607
f 1841/2137/1607 1857/2136/1604 1842/2138/1608
f 1841/2137/1607 1842/2138/1608 1826/2139/1591
f 1826/2139/1591 1842/2138/1608 1827/2140/1594
f 16/21/3 15/20/1601 1857/2135/1606
f 1857/2135/1606 15/20/1601 1858/2141/1609
f 1857/2136/1610 1858/2142/1609 1842/2138/1608
f 1842/2138/1608 1858/2142/1609 1843/2124/1596
f 1842/2143/1608 1843/2121/1596 1827/2119/1594
f 15/20/1601 14/13/1601 1858/2141/1609
f 1858/2141/1609 14/13/1601 1859/2127/1599
f 1858/2142/1609 1859/2125/1599 1843/2124/1611
f 1815/2144/1612 1862/2145/1613 13/15/3
f 13/15/3 1862/2145/1613 1861/2146/1614
f 13/15/3 1861/2146/1614 1860/2128/1600
f 1860/2128/1600 1861/2146/1614 1845/2147/1615
f 1860/2128/1600 1845/2147/1615 1844/2126/1616
f 1844/2122/1597 1845/2148/1615 1829/2149/1617
f 1844/2122/1618 1829/2149/1619 1828/2120/1595
f 1828/2120/1595 1829/2149/1619 700/686/1620
f 1828/2120/1595 700/686/1620 699/688/1592
f 1862/2145/1613 1815/2144/1612 1847/2150/1621
f 1847/2150/1621 1815/2144/1612 1816/2151/1622
f 1847/2152/1621 1816/2153/1622 1817/2154/1623
f 1847/2152/1621 1817/2154/1623 1832/2155/1624
f 1832/2155/1624 1817/2154/1623 649/664/168
f 1832/2155/1624 649/664/169 701/684/1625
f 700/686/1620 1830/2156/1626 701/684/1627
f 701/684/1625 1830/2156/1626 1831/2157/1628
f 701/684/1625 1831/2157/1629 1832/2155/1624
f 1832/2155/1624 1831/2157/1629 1847/2152/1621
f 696/696/1587 695/698/1630 1823/2113/1586
f 1823/2113/1586 695/698/1630 1822/2158/1631
f 1823/2113/1586 1822/2158/1631 1838/2111/1581
f 1838/2111/1580 1822/2158/1631 1837/2159/1632
f 1838/2111/1633 1837/2159/1632 1853/2107/1577
f 1853/2107/1577 1837/2159/1634 1852/2104/1574
f 1822/2158/1631 695/698/1630 1821/2160/1635
f 1821/2160/1635 695/698/1630 694/700/1636
f 1821/2160/1635 694/700/1636 1820/2161/1637
f 1820/2161/1637 694/700/1636 693/702/1638
f 1820/2161/1637 693/702/199 1819/2162/1639
f 1819/2162/1639 693/702/198 692/704/1640
f 1819/2162/1639 692/704/1559 1818/2094/1560
f 1819/2162/1639 1818/2094/1560 1834/2163/1641
f 1834/2163/1641 1818/2094/1560 1833/2095/1565
f 1834/2163/1641 1833/2095/1565 1849/2164/1571
f 1849/2164/1571 1833/2095/1565 1848/2096/1569
f 1820/2161/1637 1819/2162/1639 1835/2165/1642
f 1835/2165/1642 1819/2162/1643 1834/2163/1641
f 1835/2165/1642 1834/2163/1641 1850/2166/1572
f 1850/2166/1572 1834/2163/1644 1849/2164/1571
f 1837/2159/1634 1822/2158/1631 1821/2160/1635
f 1821/2160/1635 1820/2161/1637 1836/2167/1645
f 1836/2167/1645 1820/2161/1637 1835/2165/1642
f 1836/2167/1645 1835/2165/1642 1851/2102/1573
f 1851/2102/1573 1835/2165/1642 1850/2166/1572
f 1841/2137/1607 1826/2139/1591 1825/2115/1589
f 1825/2115/1589 1824/2114/1585 1840/2168/1646
f 1840/2168/1647 1824/2114/1585 1839/2112/1582
f 1840/2168/1646 1839/2112/1582 1855/2130/1602
f 1855/2130/1602 1839/2112/1584 1854/2110/1648
f 1830/2156/1626 700/686/1620 1829/2149/1619
f 1829/2149/1619 1845/2148/1615 1830/2156/1626
f 1830/2156/1626 1845/2148/1615 1846/2169/1649
f 1830/2156/1626 1846/2169/1649 1831/2157/1628
f 1831/2157/1629 1846/2169/1649 1847/2152/1621
f 1852/2104/1574 1837/2159/1632 1836/2167/1645
f 1836/2167/1645 1837/2159/1632 1821/2160/1635
f 1852/2104/1575 1836/2167/1645 1851/2102/1573
f 1856/2133/1650 1841/2137/1607 1840/2168/1647
f 1840/2168/1647 1841/2137/1607 1825/2115/1589
f 1856/2133/1605 1840/2168/1647 1855/2130/1651
f 1862/2145/1613 1847/2150/1621 1846/2170/1649
f 1862/2145/1652 1846/2170/1649 1861/2146/1653
f 1861/2146/1614 1846/2170/1649 1845/2147/1615
f 1805/2082/1548 1867/2171/1654 83/83/3
f 83/83/95 1867/2171/1654 1868/2172/1655
f 83/83/95 1868/2172/1656 84/84/95
f 84/84/3 1868/2172/1655 1869/2173/1657
f 84/84/3 1869/2173/1657 85/85/3
f 85/85/3 1869/2173/1657 1870/2174/1658
f 85/85/95 1870/2174/1659 1871/2175/1660
f 1871/2175/1661 1870/2174/1659 1888/2176/1662
f 1871/2175/1660 1888/2176/1662 1887/2177/1663
f 1887/2177/1663 1888/2176/1662 1880/2178/1664
f 1887/2177/1663 1880/2178/1664 1881/2179/1665
f 1881/2179/1665 1880/2178/1664 1904/2180/1666
f 1881/2179/1665 1904/2180/1666 1903/2181/1667
f 1903/2182/1667 1904/2183/1666 1900/2184/1668
f 1903/2182/1667 1900/2184/1669 1901/2185/1670
f 1901/2185/1670 1900/2184/1668 1919/2186/1671
f 1901/2185/1672 1919/2186/1673 1863/2187/1623
f 1863/2187/1623 1919/2186/1673 650/665/169
f 650/665/168 1919/2186/1671 1918/2188/1674
f 650/665/168 1918/2188/1674 652/668/1675
f 652/668/1675 1918/2188/1674 1917/2189/1676
f 652/668/1675 1917/2189/1676 1916/2190/1677
f 1916/2190/1677 1917/2189/1676 1898/2191/1678
f 1916/2190/1677 1898/2191/1678 1897/2192/1679
f 1897/2193/1679 1898/2194/1678 1906/2195/1680
f 1897/2193/1679 1906/2195/1680 1907/2196/1681
f 1907/2196/1681 1906/2195/1680 1878/2197/1682
f 1907/2196/1681 1878/2197/1682 1877/2198/1683
f 1877/2198/1683 1878/2197/1682 1890/2199/1684
f 1877/2198/1685 1890/2199/1684 1891/2200/1686
f 1891/2200/1687 1890/2199/1684 1868/2172/1656
f 1891/2200/1687 1868/2172/1655 1867/2171/1654
f 1804/2083/1550 1875/2201/1688 1805/2082/1548
f 1805/2082/1548 1875/2201/1688 1892/2202/1689
f 1805/2082/1548 1892/2202/1689 1867/2171/1690
f 1867/2171/1690 1892/2202/1689 1891/2200/1687
f 1803/2084/1551 1893/2203/1691 1804/2083/1550
f 1804/2083/1550 1893/2203/1691 1910/2204/1692
f 1804/2083/1693 1910/2204/1692 1875/2201/1688
f 1875/2201/1688 1910/2204/1692 1909/2205/1694
f 1875/2201/1695 1909/2205/1694 1876/2206/1696
f 1876/2206/1696 1909/2205/1697 1908/2207/1698
f 1876/2206/1696 1908/2207/1698 1877/2198/1685
f 1877/2198/1699 1908/2207/1698 1907/2196/1681
f 1893/2203/1691 1803/2084/1551 1911/2208/1700
f 1911/2209/1700 1803/2086/1551 656/678/179
f 1911/2209/1700 656/678/179 655/676/1701
f 1911/2209/1700 655/676/1701 1912/2210/1702
f 1912/2210/1702 655/676/1701 654/675/1703
f 1912/2211/1702 654/2212/1703 1913/2213/1704
f 1913/2214/1704 654/672/1703 1914/2215/1705
f 1913/2213/1704 1914/2216/1705 1895/2217/1706
f 1895/2217/1707 1914/2216/1705 1896/2218/1708
f 1895/2217/1707 1896/2218/1709 1908/2207/1710
f 1908/2207/1698 1896/2218/1709 1907/2196/1681
f 654/672/1703 653/670/1711 1914/2215/1705
f 1914/2215/1705 653/670/1711 1915/2219/1712
f 1914/2216/1705 1915/2220/1712 1896/2218/1708
f 1896/2218/1708 1915/2220/1712 1897/2193/1679
f 1896/2218/1709 1897/2193/1679 1907/2196/1681
f 1915/2219/1712 653/670/1711 1916/2190/1677
f 1916/2190/1677 653/670/1711 652/668/1675
f 1863/2187/1623 1864/2221/1622 1901/2185/1670
f 1901/2185/1670 1864/2221/1622 1902/2222/1713
f 1901/2185/1670 1902/2222/1713 1903/2182/1667
f 1903/2181/1667 1902/2223/1713 1882/2224/1714
f 1903/2181/1667 1882/2224/1715 1881/2179/1665
f 1881/2179/1665 1882/2224/1714 1886/2225/1716
f 1881/2179/1665 1886/2225/1716 1887/2177/1663
f 1887/2177/1663 1886/2225/1716 1872/2226/1717
f 1887/2177/1663 1872/2226/1717 1871/2175/1661
f 1871/2175/1661 1872/2226/1717 86/86/3
f 1871/2175/1660 86/86/95 85/85/95
f 1902/2223/1713 1864/2227/1622 1883/2228/1718
f 1883/2228/1719 1864/2227/1622 1865/2229/1612
f 1883/2228/1719 1865/2229/1612 1884/2230/1720
f 1884/2230/1720 1865/2229/1612 1866/2231/1721
f 1884/2230/1720 1866/2231/1722 1874/2232/1723
f 1874/2232/1723 1866/2231/1724 87/87/95
f 1874/2232/1723 87/87/95 1873/2233/1725
f 1873/2233/1725 87/87/95 86/86/95
f 1873/2233/1725 86/86/95 1872/2226/1717
f 1865/2229/1612 89/89/3 1866/2231/1726
f 1866/2231/1721 89/89/95 88/88/3
f 1866/2231/1724 88/88/3 87/87/3
f 1868/2172/1655 1890/2199/1684 1869/2173/1727
f 1869/2173/1657 1890/2199/1684 1889/2234/1728
f 1869/2173/1657 1889/2234/1729 1870/2174/1658
f 1870/2174/1659 1889/2234/1729 1888/2176/1662
f 1872/2226/1717 1886/2225/1716 1873/2233/1730
f 1873/2233/1725 1886/2225/1731 1885/2235/1732
f 1873/2233/1725 1885/2235/1733 1874/2232/1723
f 1874/2232/1723 1885/2235/1732 1884/2230/1720
f 1891/2200/1687 1892/2202/1689 1876/2206/1696
f 1876/2206/1696 1892/2202/1689 1875/2201/1688
f 1876/2206/1696 1877/2198/1699 1891/2200/1686
f 1889/2234/1729 1890/2199/1684 1878/2197/1682
f 1888/2176/1662 1889/2234/1729 1879/2236/1734
f 1879/2236/1734 1889/2234/1729 1878/2197/1682
f 1879/2236/1734 1878/2197/1682 1906/2195/1680
f 1888/2176/1662 1879/2236/1734 1880/2178/1664
f 1880/2178/1664 1879/2236/1734 1905/2237/1735
f 1880/2178/1664 1905/2237/1735 1904/2180/1666
f 1904/2180/1666 1905/2237/1735 1899/2238/1736
f 1904/2183/1666 1899/2239/1736 1900/2184/1668
f 1900/2184/1668 1899/2239/1736 1918/2188/1674
f 1900/2184/1669 1918/2188/1674 1919/2186/1673
f 1905/2237/1735 1879/2236/1734 1906/2195/1680
f 1885/2235/1732 1886/2225/1716 1882/2224/1714
f 1884/2230/1720 1885/2235/1732 1883/2228/1719
f 1883/2228/1719 1885/2235/1732 1882/2224/1714
f 1883/2228/1719 1882/2224/1715 1902/2223/1713
f 1909/2205/1697 1910/2204/1692 1894/2240/1737
f 1894/2240/1737 1910/2204/1692 1893/2203/1691
f 1894/2240/1737 1893/2203/1691 1912/2211/1702
f 1912/2211/1702 1893/2203/1691 1911/2208/1700
f 1908/2207/1698 1909/2205/1694 1895/2217/1706
f 1895/2217/1706 1909/2205/1738 1894/2240/1737
f 1895/2217/1739 1894/2240/1737 1913/2213/1704
f 1913/2213/1704 1894/2240/1737 1912/2211/1702
f 1905/2237/1740 1906/2195/1680 1898/2194/1678
f 1916/2190/1677 1897/2192/1679 1915/2219/1712
f 1905/2237/1740 1898/2194/1678 1899/2238/1736
f 1899/2239/1736 1898/2191/1678 1917/2189/1676
f 1899/2239/1736 1917/2189/1676 1918/2188/1674
f 650/665/168 649/664/169 1863/2187/1623
f 1863/2187/1623 649/664/168 1817/2154/1623
f 1863/2187/1623 1817/2154/1623 1864/2221/1622
f 1864/2221/1622 1817/2154/1623 1816/2153/1622
f 1864/2227/1622 1816/2151/1622 1865/2229/1612
f 1865/2229/1612 1816/2151/1622 1815/2144/1612
f 1865/2229/1612 1815/2144/1612 89/89/3
f 89/89/3 1815/2144/1612 13/15/3
f 605/619/145 1920/2241/1166 606/621/146
f 606/621/146 1920/2241/1166 1928/2242/1741
f 606/621/146 1928/2242/1742 607/623/151
f 607/623/151 1928/2242/1742 1931/2243/1743
f 607/623/149 1931/2243/1743 608/625/153
f 608/625/153 1931/2243/1743 1934/2244/1744
f 608/627/154 1934/2245/1744 609/629/156
f 609/629/156 1934/2245/1744 1937/2246/1745
f 609/629/156 1937/2246/1745 610/631/158
f 610/631/158 1937/2246/1745 1940/2247/1746
f 610/631/158 1940/2247/1746 611/636/165
f 611/636/1747 1940/2247/1746 1925/2248/1748
f 611/636/165 1925/2248/1748 554/562/97
f 1920/2241/1166 1921/2249/1159 1928/2242/1741
f 1928/2242/1742 1921/2249/1159 1927/2250/1749
f 1928/2242/1742 1927/2250/1749 1931/2243/1743
f 1931/2243/1743 1927/2250/1749 1930/2251/1750
f 1931/2243/1743 1930/2251/1751 1934/2244/1744
f 1934/2244/1744 1930/2251/1751 1933/2252/1752
f 1934/2244/1744 1933/2252/1752 1937/2253/1745
f 1937/2253/1745 1933/2252/1753 1936/2254/1754
f 1937/2246/1745 1936/2255/1755 1940/2247/1746
f 1940/2247/1746 1936/2255/1756 1939/2256/1757
f 1940/2247/1746 1939/2256/1757 1925/2248/1748
f 1925/2248/1748 1939/2256/1757 1924/2257/1758
f 1924/2258/1758 1939/2259/1757 1938/2260/1759
f 1924/2258/1758 1938/2260/1759 1923/2261/1760
f 1923/2261/1760 1938/2260/1759 642/659/4
f 642/659/4 1938/2260/1759 643/663/4
f 643/663/4 1938/2260/1759 1935/2262/1761
f 643/663/4 1935/2262/1761 644/662/4
f 644/662/4 1935/2262/1761 1932/2263/1762
f 644/662/4 1932/2263/1762 645/661/4
f 645/661/4 1932/2263/1763 1929/2264/1764
f 645/661/4 1929/2264/1764 646/660/4
f 646/2265/4 1929/2266/1764 1926/2267/1765
f 646/2265/4 1926/2267/1765 647/2268/4
f 647/2268/4 1926/2267/1765 1922/2269/1158
f 1922/2269/1158 1926/2267/1765 1927/2250/1749
f 1922/2269/1158 1927/2250/1749 1921/2249/1159
f 1930/2251/1750 1927/2250/1749 1926/2267/1765
f 1933/2252/1752 1930/2251/1751 1929/2266/1766
f 1929/2266/1764 1930/2251/1750 1926/2267/1765
f 1936/2254/1754 1933/2252/1753 1932/2270/1762
f 1932/2270/1762 1933/2252/1753 1929/2266/1766
f 1939/2271/1757 1936/2254/1756 1935/2272/1761
f 1935/2272/1761 1936/2254/1754 1932/2270/1762
f 1938/2273/1759 1939/2271/1757 1935/2272/1761
f 551/561/97 554/562/97 1943/2274/1748
f 1943/2274/1748 554/562/97 1925/2248/1748
f 1943/2274/1748 1925/2248/1748 1942/2275/1758
f 1942/2275/1758 1925/2248/1748 1924/2257/1758
f 1942/2276/1758 1924/2258/1758 1941/2277/1760
f 1941/2277/1760 1924/2258/1758 1923/2261/1767
f 1941/2277/1760 1923/2261/1760 641/653/4
f 641/653/4 1923/2261/1760 642/659/4
f 622/2278/4 647/2268/4 1946/2279/1158
f 1946/2279/1158 647/2268/4 1922/2269/1158
f 1946/2279/1158 1922/2269/1158 1945/2280/1159
f 1945/2280/1159 1922/2269/1301 1921/2249/1159
f 1945/2280/1159 1921/2249/1159 1944/2281/1166
f 1944/2281/1166 1921/2249/1159 1920/2241/1166
f 1944/2281/1166 1920/2241/1166 590/602/145
f 590/602/145 1920/2241/1166 605/619/145
f 551/561/97 1943/2274/1748 571/596/135
f 571/596/135 1943/2274/1748 1953/2282/1768
f 571/596/135 1953/2282/1768 572/594/133
f 572/594/133 1953/2282/1768 1956/2283/1769
f 572/594/133 1956/2283/1769 573/592/131
f 573/592/131 1956/2283/1769 1959/2284/1770
f 573/592/131 1959/2284/1770 574/589/129
f 574/589/129 1959/2284/1770 1962/2285/1771
f 574/2286/129 1962/2287/1772 575/2288/126
f 575/2288/126 1962/2287/1771 1965/2289/1773
f 575/2288/126 1965/2289/1774 576/2290/124
f 576/2290/1775 1965/2289/1774 1968/2291/1776
f 576/2290/1775 1968/2291/1776 577/2292/122
f 577/2292/122 1968/2291/1776 1970/2293/1777
f 577/2292/122 1970/2293/1777 578/2294/120
f 578/2294/120 1970/2293/1777 1974/2295/1778
f 578/2294/120 1974/2295/1778 579/2296/1779
f 579/2296/1779 1974/2295/1778 1973/2297/1780
f 579/2296/1779 1973/2297/1780 580/2298/113
f 580/2298/114 1973/2297/1781 1979/2299/1782
f 580/2298/114 1979/2299/1782 581/2300/111
f 581/2300/111 1979/2299/1782 1982/2301/1783
f 581/572/111 1982/2302/1783 582/570/108
f 582/570/108 1982/2302/1783 1985/2303/1784
f 582/570/108 1985/2303/1785 583/568/105
f 583/568/104 1985/2303/1784 1988/2304/1786
f 583/568/105 1988/2304/1786 584/566/100
f 584/566/103 1988/2304/1786 1991/2305/1787
f 584/566/100 1991/2305/1787 555/565/98
f 555/565/98 1991/2305/1787 1949/2306/1788
f 1949/2306/1788 1991/2305/1787 1990/2307/1789
f 1949/2306/1788 1990/2307/1790 1948/2308/1791
f 1948/2309/1791 1990/2310/1790 1989/2311/1792
f 1948/2309/1791 1989/2311/1792 1947/2312/1793
f 1947/2312/1793 1989/2311/1792 628/641/4
f 628/641/4 1989/2311/1792 629/647/4
f 629/647/4 1989/2311/1792 1986/2313/1794
f 629/647/4 1986/2313/1795 630/646/4
f 630/646/4 1986/2313/1794 1983/2314/1796
f 630/646/4 1983/2314/1796 631/645/4
f 631/645/4 1983/2314/1796 1980/2315/1797
f 631/645/4 1980/2315/1798 632/644/4
f 632/644/4 1980/2315/1798 1977/2316/1799
f 632/644/4 1977/2316/1799 633/643/4
f 633/643/4 1977/2316/1799 1971/2317/1800
f 633/643/4 1971/2317/1800 634/642/4
f 634/642/4 1971/2317/1801 1976/2318/1802
f 634/642/4 1976/2318/1803 1950/2319/1804
f 1950/2319/1805 1976/2318/1802 1975/2320/1806
f 1950/2319/1807 1975/2320/1806 1969/2321/1808
f 1969/2321/1809 1975/2320/1806 1974/2295/1778
f 1969/2321/1809 1974/2295/1778 1970/2293/1777
f 1943/2274/1748 1942/2275/1758 1953/2282/1768
f 1953/2282/1768 1942/2275/1758 1952/2322/1810
f 1953/2282/1768 1952/2322/1810 1956/2283/1769
f 1956/2283/1769 1952/2322/1810 1955/2323/1811
f 1956/2283/1769 1955/2323/1811 1959/2284/1770
f 1959/2284/1770 1955/2323/1811 1958/2324/1812
f 1959/2325/1770 1958/2326/1812 1962/2287/1772
f 1962/2287/1771 1958/2326/1812 1961/2327/1813
f 1962/2287/1771 1961/2327/1814 1965/2289/1773
f 1965/2289/1773 1961/2327/1813 1964/2328/1815
f 1965/2289/1773 1964/2328/1815 1968/2291/1776
f 1968/2291/1776 1964/2328/1815 1967/2329/1816
f 1968/2291/1776 1967/2329/1816 1970/2293/1777
f 1970/2293/1777 1967/2329/1816 1969/2321/1808
f 1942/2276/1758 1941/2277/1760 1952/2330/1817
f 1952/2330/1817 1941/2277/1767 1951/2331/1818
f 1952/2330/1817 1951/2331/1818 1955/2332/1811
f 1955/2332/1811 1951/2331/1818 1954/2333/1819
f 1955/2332/1811 1954/2333/1819 1958/2326/1812
f 1958/2326/1812 1954/2333/1819 1957/2334/1820
f 1958/2326/1812 1957/2334/1820 1961/2327/1813
f 1961/2327/1813 1957/2334/1820 1960/2335/1821
f 1961/2327/1813 1960/2335/1821 1964/2328/1815
f 1964/2328/1815 1960/2335/1821 1963/2336/1822
f 1964/2328/1815 1963/2336/1822 1967/2329/1823
f 1967/2329/1816 1963/2336/1822 1966/2337/1824
f 1967/2329/1823 1966/2337/1824 1969/2321/1809
f 1969/2321/1808 1966/2337/1824 1950/2319/1805
f 1941/2277/1760 641/653/4 1951/2331/1818
f 1951/2331/1818 641/653/4 640/658/4
f 1951/2331/1818 640/658/4 1954/2333/1819
f 1954/2333/1819 640/658/4 639/657/4
f 1954/2333/1819 639/657/4 1957/2334/1825
f 1957/2334/1820 639/657/4 638/656/4
f 1957/2334/1825 638/656/4 1960/2335/1821
f 1960/2335/1821 638/656/4 637/655/4
f 1960/2335/1821 637/655/4 1963/2336/1822
f 1963/2336/1822 637/655/4 636/654/4
f 1963/2336/1822 636/654/4 1966/2337/1824
f 1966/2337/1824 636/654/4 635/652/4
f 1966/2337/1824 635/652/4 1950/2319/1804
f 1950/2319/1805 635/652/4 634/642/4
f 1975/2320/1806 1976/2318/1802 1972/2338/1826
f 1972/2338/1826 1976/2318/1803 1971/2317/1800
f 1972/2338/1826 1971/2317/1800 1978/2339/1827
f 1978/2339/1828 1971/2317/1801 1977/2316/1799
f 1978/2339/1828 1977/2316/1799 1981/2340/1829
f 1981/2340/1829 1977/2316/1799 1980/2315/1798
f 1981/2340/1829 1980/2315/1798 1984/2341/1830
f 1984/2341/1830 1980/2315/1797 1983/2314/1796
f 1984/2341/1830 1983/2314/1796 1987/2342/1831
f 1987/2342/1831 1983/2314/1796 1986/2313/1794
f 1987/2342/1832 1986/2313/1794 1990/2310/1789
f 1990/2310/1790 1986/2313/1794 1989/2311/1792
f 1974/2295/1778 1975/2320/1806 1973/2297/1780
f 1973/2297/1833 1975/2320/1806 1972/2338/1826
f 1973/2297/1781 1972/2338/1826 1979/2299/1782
f 1979/2299/1834 1972/2338/1826 1978/2339/1828
f 1979/2299/1834 1978/2339/1827 1982/2301/1835
f 1982/2301/1783 1978/2339/1827 1981/2340/1829
f 1982/2301/1783 1981/2340/1829 1985/2343/1784
f 1985/2343/1784 1981/2340/1829 1984/2341/1830
f 1985/2303/1785 1984/2344/1836 1988/2304/1786
f 1988/2304/1786 1984/2344/1836 1987/2345/1832
f 1988/2304/1786 1987/2345/1832 1991/2305/1787
f 1991/2305/1787 1987/2345/1832 1990/2307/1790
f 623/2346/4 622/2278/4 1997/2347/1837
f 1997/2347/1837 622/2278/4 1946/2279/1158
f 1997/2347/1837 1946/2279/1158 1945/2280/1159
f 1997/2347/1837 1945/2280/1159 1996/2348/1838
f 1996/2348/1838 1945/2280/1159 1944/2281/1166
f 1996/2348/1838 1944/2281/1166 1995/2349/1839
f 1995/2349/1840 1944/2281/1166 603/604/137
f 1995/2349/1839 603/604/137 602/607/1355
f 1944/2281/1166 590/602/145 603/604/137
f 1995/2349/1839 602/607/138 1998/2350/1841
f 1998/2350/1841 602/607/1355 601/609/139
f 1998/2350/1842 601/609/139 2001/2351/1352
f 2001/2352/1352 601/610/139 600/613/140
f 2001/2352/1352 600/613/140 2004/2353/1843
f 2004/2353/1843 600/613/140 599/615/1346
f 2004/2353/1843 599/615/1346 2007/2354/1844
f 2007/2354/1844 599/615/1346 598/617/142
f 2007/2354/1844 598/617/142 1992/2355/1788
f 1992/2355/1788 598/617/142 585/597/98
f 1992/2355/1788 1993/2356/1791 2007/2354/1844
f 2007/2354/1844 1993/2356/1791 2008/2357/1845
f 2007/2354/1844 2008/2357/1845 2004/2353/1843
f 2004/2353/1843 2008/2357/1845 2005/2358/1846
f 2004/2359/1843 2005/2360/1847 2001/2351/1352
f 2001/2351/1352 2005/2360/1847 2002/2361/1362
f 2001/2351/1352 2002/2361/1362 1998/2350/1841
f 1998/2350/1841 2002/2361/1362 1999/2362/1848
f 1998/2350/1841 1999/2362/1849 1995/2349/1839
f 1995/2349/1839 1999/2362/1849 1996/2348/1850
f 1993/2363/1791 1994/2364/1851 2008/2365/1845
f 2008/2365/1845 1994/2364/1851 2009/2366/1852
f 2008/2367/1845 2009/2368/1852 2005/2360/1846
f 2005/2360/1846 2009/2368/1852 2006/2369/1853
f 2005/2360/1846 2006/2369/1853 2002/2361/1362
f 2002/2361/1362 2006/2369/1853 2003/2370/1333
f 2002/2361/1362 2003/2370/1333 1999/2362/1848
f 1999/2362/1849 2003/2370/1333 2000/2371/1854
f 1999/2362/1849 2000/2371/1854 1996/2348/1850
f 1996/2348/1855 2000/2371/1854 1997/2347/1837
f 1994/2364/1793 627/639/4 2009/2366/1852
f 2009/2366/1852 627/639/4 626/650/4
f 2009/2366/1856 626/650/4 2006/2372/1853
f 2006/2372/1853 626/650/4 625/649/4
f 2006/2372/1853 625/649/4 2003/2373/1333
f 2003/2373/1333 625/649/4 624/648/4
f 2003/2373/1333 624/648/4 2000/2374/1854
f 2000/2374/1854 624/648/4 623/638/4
f 2000/2371/1854 623/2346/4 1997/2347/1837
f 585/597/98 555/565/98 1992/2355/1788
f 1992/2355/1788 555/565/1857 1949/2306/1788
f 1992/2355/1788 1949/2306/1788 1993/2356/1791
f 1993/2356/1791 1949/2306/1788 1948/2308/1791
f 1993/2363/1791 1948/2309/1791 1994/2364/1793
f 1994/2364/1793 1948/2309/1791 1947/2312/1793
f 1994/2364/1793 1947/2312/1793 627/639/4
f 627/639/4 1947/2312/1793 628/641/4
f 740/767/92 739/764/92 2018/2375/1858
f 2018/2375/1858 739/764/92 2010/2376/1859
f 2018/2375/1858 2010/2376/1859 2011/2377/1860
f 2018/2375/1858 2011/2377/1861 2017/2378/1862
f 2017/2379/1862 2011/2380/1861 2012/2381/1863
f 2017/2379/1862 2012/2381/1863 2016/2382/1864
f 2016/2382/1864 2012/2381/1863 651/667/168
f 2016/2382/1864 651/667/168 662/669/171
f 2016/2382/1864 662/669/171 2019/2383/1865
f 2019/2383/1865 662/669/171 661/671/173
f 2019/2383/1865 661/671/173 2022/2384/1866
f 2022/2384/1866 661/671/173 660/673/176
f 2022/2385/1867 660/674/176 2025/2386/1868
f 2025/2386/1869 660/674/176 659/677/178
f 2025/2386/1868 659/677/178 2013/2387/1870
f 2013/2387/1870 659/677/178 658/679/11
f 2013/2388/1870 2014/2389/1871 2025/2390/1868
f 2025/2390/1872 2014/2389/1871 2026/2391/1873
f 2025/2390/1868 2026/2391/1874 2022/2392/1867
f 2022/2392/1866 2026/2391/1874 2023/2393/1875
f 2022/2392/1867 2023/2393/1876 2019/2394/1865
f 2019/2394/1865 2023/2393/1875 2020/2395/1877
f 2019/2383/1865 2020/2396/1877 2016/2382/1864
f 2016/2382/1864 2020/2396/1877 2017/2379/1862
f 2014/2389/1871 2015/2397/1878 2026/2391/1873
f 2026/2391/1874 2015/2397/1878 2027/2398/1879
f 2026/2391/1873 2027/2398/1879 2023/2393/1876
f 2023/2393/1875 2027/2398/1879 2024/2399/1880
f 2023/2393/1875 2024/2399/1880 2020/2395/1877
f 2020/2395/1877 2024/2399/1880 2021/2400/1881
f 2020/2395/1877 2021/2400/1881 2017/2378/1862
f 2017/2378/1862 2021/2400/1881 2018/2375/1858
f 2015/2397/1878 743/747/92 2027/2398/1879
f 2027/2398/1882 743/747/92 742/765/92
f 2027/2398/1882 742/765/92 2024/2399/1880
f 2024/2399/1880 742/765/92 741/766/92
f 2024/2399/1880 741/766/92 2021/2400/1881
f 2021/2400/1883 741/766/92 740/767/92
f 2021/2400/1883 740/767/92 2018/2375/1858
f 719/745/92 743/747/92 2030/2401/1878
f 2030/2401/1878 743/747/92 2015/2397/1878
f 2030/2401/1878 2015/2397/1878 2029/2402/1871
f 2029/2402/1871 2015/2397/1878 2014/2389/1871
f 2029/2402/1871 2014/2389/1871 2028/2403/1870
f 2028/2403/1870 2014/2389/1884 2013/2388/1870
f 2028/2404/1870 2013/2387/1870 665/682/11
f 665/682/11 2013/2387/1870 658/679/11
f 648/666/169 651/667/169 2033/2405/1863
f 2033/2405/1863 651/667/169 2012/2381/1863
f 2033/2405/1863 2012/2381/1863 2032/2406/1861
f 2032/2406/1860 2012/2381/1863 2011/2380/1860
f 2032/2407/1861 2011/2377/1861 2031/2408/1859
f 2031/2408/1859 2011/2377/1861 2010/2376/1859
f 2031/2408/1859 2010/2376/1859 738/749/1885
f 738/749/92 2010/2376/1859 739/764/92
f 720/743/92 719/745/92 2039/2409/1886
f 2039/2409/1887 719/745/92 2030/2401/1878
f 2039/2409/1887 2030/2401/1878 2029/2402/1871
f 2039/2409/1887 2029/2402/1871 2038/2410/1888
f 2038/2410/1889 2029/2402/1871 2028/2403/1870
f 2038/2410/1888 2028/2403/1870 2037/2411/1890
f 2037/2412/1891 2028/2404/1870 665/682/11
f 2037/2412/1891 665/682/11 707/738/234
f 2037/2412/1892 707/738/234 2040/2413/1893
f 2040/2413/1894 707/738/234 706/736/231
f 2040/2414/1893 706/733/231 2043/2415/1895
f 2043/2415/1895 706/733/231 705/731/229
f 2043/2415/1895 705/731/229 2046/2416/1896
f 2046/2416/1896 705/731/229 704/727/224
f 2046/2416/1896 704/727/224 2034/2417/1897
f 2034/2417/1897 704/727/224 703/725/222
f 2034/2417/1897 2035/2418/1898 2046/2416/1896
f 2046/2416/1896 2035/2418/1898 2047/2419/1899
f 2046/2416/1896 2047/2419/1899 2043/2415/1895
f 2043/2415/1895 2047/2419/1899 2044/2420/1900
f 2043/2421/1895 2044/2422/1900 2040/2423/1893
f 2040/2423/1893 2044/2422/1900 2041/2424/1901
f 2040/2423/1893 2041/2424/1902 2037/2411/1891
f 2037/2411/1891 2041/2424/1901 2038/2410/1888
f 2035/2425/1903 2036/2426/1904 2047/2427/1899
f 2047/2427/1899 2036/2426/1904 2048/2428/1905
f 2047/2427/1899 2048/2428/1905 2044/2422/1900
f 2044/2422/1900 2048/2428/1905 2045/2429/1906
f 2044/2422/1900 2045/2429/1906 2041/2424/1901
f 2041/2424/1901 2045/2429/1906 2042/2430/1907
f 2041/2424/1901 2042/2430/1907 2038/2410/1889
f 2038/2410/1889 2042/2430/1907 2039/2409/1887
f 2036/2426/1904 723/744/92 2048/2428/1905
f 2048/2428/1905 723/744/92 722/753/92
f 2048/2428/1905 722/753/92 2045/2429/1908
f 2045/2429/1906 722/753/92 721/752/92
f 2045/2429/1906 721/752/92 2042/2430/1907
f 2042/2430/1907 721/752/92 720/743/92
f 2042/2430/1907 720/743/92 2039/2409/1887
f 648/666/169 2033/2405/1863 666/685/181
f 666/685/181 2033/2405/1863 2054/2431/1909
f 666/685/181 2054/2431/1909 667/687/183
f 667/687/183 2054/2431/1909 2057/2432/1910
f 667/687/183 2057/2432/1911 668/689/185
f 668/689/185 2057/2432/1911 2060/2433/1912
f 668/689/185 2060/2433/1912 669/691/188
f 669/691/1913 2060/2433/1912 2063/2434/1914
f 669/694/188 2063/2435/1914 670/695/190
f 670/695/190 2063/2435/1914 2066/2436/1915
f 670/695/190 2066/2436/1915 671/697/193
f 671/697/193 2066/2436/1915 2069/2437/1916
f 671/697/193 2069/2437/1916 672/699/195
f 672/699/195 2069/2437/1916 2072/2438/1917
f 672/699/195 2072/2438/1917 673/701/197
f 673/701/197 2072/2438/1917 2075/2439/1918
f 673/701/197 2075/2439/1918 674/703/200
f 674/703/200 2075/2439/1918 2078/2440/1919
f 674/703/200 2078/2440/1919 675/705/202
f 675/705/202 2078/2440/1919 2081/2441/1920
f 675/705/203 2081/2441/1920 676/707/205
f 676/707/205 2081/2441/1920 2084/2442/1921
f 676/709/205 2084/2443/1921 677/711/209
f 677/711/209 2084/2443/1921 2087/2444/1922
f 677/711/209 2087/2444/1922 678/715/214
f 678/715/214 2087/2444/1923 2090/2445/1924
f 678/715/214 2090/2445/1925 679/718/217
f 679/718/217 2090/2445/1925 2093/2446/1926
f 679/718/217 2093/2446/1926 680/722/221
f 680/722/221 2093/2446/1926 2051/2447/1897
f 2051/2447/1897 2093/2446/1927 2092/2448/1928
f 2051/2447/1897 2092/2448/1928 2050/2449/1898
f 2050/2450/1898 2092/2451/1929 2091/2452/1930
f 2050/2450/1903 2091/2452/1930 2049/2453/1904
f 2049/2453/1931 2091/2452/1930 724/746/92
f 724/746/92 2091/2452/1932 725/754/92
f 725/754/92 2091/2452/1930 2088/2454/1933
f 725/754/92 2088/2454/1933 726/755/92
f 726/755/92 2088/2454/1933 2085/2455/1934
f 726/755/92 2085/2455/1934 727/756/92
f 727/756/92 2085/2455/1934 2082/2456/1935
f 727/756/92 2082/2456/1936 728/757/92
f 728/757/92 2082/2456/1935 2079/2457/1937
f 728/757/92 2079/2457/1937 729/758/92
f 729/758/92 2079/2457/1937 2076/2458/1938
f 729/758/92 2076/2458/1938 730/748/92
f 730/748/92 2076/2458/1938 2073/2459/1939
f 730/748/92 2073/2459/1939 731/750/92
f 731/750/92 2073/2459/1939 2070/2460/1940
f 731/750/92 2070/2460/1940 732/751/92
f 732/751/92 2070/2460/1940 2067/2461/1941
f 732/751/92 2067/2461/1941 733/759/92
f 733/759/92 2067/2461/1941 2064/2462/1942
f 733/759/92 2064/2462/1942 734/760/92
f 734/760/92 2064/2462/1942 2061/2463/1943
f 734/760/92 2061/2463/1944 735/761/92
f 735/761/92 2061/2463/1943 2058/2464/1945
f 735/761/92 2058/2464/1945 736/762/92
f 736/762/92 2058/2464/1945 2055/2465/1946
f 736/762/92 2055/2465/1946 737/763/92
f 737/763/92 2055/2465/1946 2052/2466/1947
f 737/763/92 2052/2466/1948 738/749/92
f 738/749/92 2052/2466/1947 2031/2408/1949
f 2031/2408/1859 2052/2466/1947 2053/2467/1950
f 2031/2408/1859 2053/2467/1950 2032/2407/1861
f 2032/2406/1861 2053/2468/1951 2054/2431/1952
f 2032/2406/1861 2054/2431/1909 2033/2405/1863
f 2057/2432/1910 2054/2431/1909 2053/2468/1951
f 2053/2467/1950 2052/2466/1947 2056/2469/1953
f 2056/2469/1953 2052/2466/1947 2055/2465/1946
f 2056/2470/1953 2055/2471/1946 2059/2472/1954
f 2059/2472/1954 2055/2471/1946 2058/2473/1945
f 2059/2472/1954 2058/2473/1945 2062/2474/1955
f 2062/2474/1955 2058/2473/1945 2061/2475/1943
f 2062/2474/1955 2061/2475/1943 2065/2476/1956
f 2065/2476/1956 2061/2475/1943 2064/2477/1942
f 2065/2476/1956 2064/2477/1942 2068/2478/1957
f 2068/2478/1957 2064/2477/1942 2067/2479/1941
f 2068/2478/1957 2067/2479/1941 2071/2480/1958
f 2071/2480/1958 2067/2479/1941 2070/2481/1959
f 2071/2480/1958 2070/2481/1940 2074/2482/1960
f 2074/2482/1960 2070/2481/1940 2073/2483/1939
f 2074/2482/1960 2073/2483/1939 2077/2484/1961
f 2077/2484/1961 2073/2483/1939 2076/2485/1938
f 2077/2484/1961 2076/2485/1938 2080/2486/1962
f 2080/2486/1962 2076/2485/1938 2079/2487/1937
f 2080/2486/1962 2079/2487/1937 2083/2488/1963
f 2083/2488/1963 2079/2487/1937 2082/2489/1935
f 2083/2488/1963 2082/2489/1935 2086/2490/1964
f 2086/2490/1964 2082/2489/1935 2085/2491/1934
f 2086/2490/1964 2085/2491/1934 2089/2492/1965
f 2089/2492/1965 2085/2491/1934 2088/2493/1933
f 2089/2494/1966 2088/2454/1933 2092/2451/1929
f 2092/2451/1967 2088/2454/1933 2091/2452/1930
f 2060/2433/1912 2057/2432/1911 2056/2495/1968
f 2056/2495/1953 2057/2432/1911 2053/2468/1969
f 2060/2433/1970 2056/2495/1968 2059/2496/1954
f 2063/2435/1914 2060/2497/1912 2059/2472/1954
f 2063/2435/1914 2059/2472/1954 2062/2474/1971
f 2066/2436/1915 2063/2435/1914 2062/2474/1971
f 2066/2436/1915 2062/2474/1971 2065/2476/1956
f 2069/2437/1916 2066/2436/1915 2065/2476/1956
f 2069/2437/1916 2065/2476/1956 2068/2478/1972
f 2072/2438/1917 2069/2437/1916 2068/2478/309
f 2072/2438/1917 2068/2478/1973 2071/2480/1958
f 2075/2439/1918 2072/2438/1917 2071/2480/1958
f 2075/2439/1918 2071/2480/1958 2074/2482/1960
f 2078/2440/1974 2075/2439/1918 2074/2482/1960
f 2078/2440/1919 2074/2482/1960 2077/2484/1975
f 2081/2441/1920 2078/2440/1919 2077/2484/1975
f 2081/2441/1920 2077/2484/301 2080/2486/1962
f 2084/2442/1921 2081/2441/1920 2080/2486/1962
f 2084/2442/1921 2080/2486/1962 2083/2488/1976
f 2087/2498/1923 2084/2442/1921 2083/2488/1976
f 2087/2498/1922 2083/2488/1976 2086/2490/1964
f 2090/2445/1925 2087/2444/1922 2086/2499/1964
f 2090/2445/1924 2086/2499/1964 2089/2500/1977
f 2093/2446/1926 2090/2445/1925 2089/2500/1977
f 2093/2446/1926 2089/2500/1978 2092/2448/1979
f 724/746/92 723/744/92 2049/2453/1904
f 2049/2453/1904 723/744/92 2036/2426/1904
f 2049/2453/1904 2036/2426/1904 2050/2450/1898
f 2050/2450/1903 2036/2426/1980 2035/2425/1903
f 2050/2449/1898 2035/2418/1898 2051/2447/1897
f 2051/2447/1897 2035/2418/1898 2034/2417/1897
f 2051/2447/1897 2034/2417/1897 680/722/221
f 680/722/222 2034/2417/1897 703/725/221
f 2095/2501/1981 2123/2502/1981 2094/2503/1982
f 2094/2503/1983 2123/2502/1984 2124/2504/1982
f 2094/2503/1983 2124/2504/1983 2113/2505/1985
f 2113/2505/1985 2124/2504/1982 2125/2506/1985
f 2113/2507/1985 2125/2508/1985 2112/2509/1986
f 2112/2509/1987 2125/2508/1985 2126/2510/1987
f 2112/2509/1987 2126/2510/1987 2111/2511/1988
f 2111/2511/1988 2126/2510/1987 2127/2512/1988
f 2111/2511/1988 2127/2512/1988 2110/2513/1989
f 2110/2513/1989 2127/2512/1988 2128/2514/1989
f 2110/2513/1990 2128/2514/1990 2109/2515/92
f 2109/2515/92 2128/2514/1990 2129/2516/92
f 2109/2515/92 2129/2516/92 2108/2517/1991
f 2108/2517/1991 2129/2516/1992 2130/2518/1991
f 2108/2519/1993 2130/2520/1993 2107/2521/1994
f 2107/2521/1994 2130/2520/1995 2131/2522/1994
f 2107/2521/1994 2131/2522/1994 2106/2523/1996
f 2106/2523/1996 2131/2522/1994 2132/2524/1996
f 2106/2523/1996 2132/2524/1996 2105/2525/1997
f 2105/2525/1997 2132/2524/1998 2133/2526/1997
f 2105/2525/1997 2133/2526/1997 2104/2527/1999
f 2104/2527/2000 2133/2526/1997 2114/2528/1999
f 2104/2529/1999 2114/2530/1999 2103/2531/2001
f 2103/2531/2001 2114/2530/2000 2115/2532/2001
f 2103/2531/2001 2115/2532/2001 2102/2533/2002
f 2102/2533/2002 2115/2532/2001 2116/2534/2002
f 2102/2533/2002 2116/2534/2002 2101/2535/2003
f 2101/2535/2004 2116/2534/2005 2117/2536/2004
f 2101/2535/2004 2117/2536/2004 2100/2537/2006
f 2100/2537/2006 2117/2536/2004 2118/2538/2006
f 2100/2537/2007 2118/2538/2007 2099/2539/4
f 2099/2539/4 2118/2538/2007 2119/2540/4
f 2099/2539/4 2119/2540/4 2098/2541/2008
f 2098/2541/2008 2119/2540/4 2120/2542/2008
f 2098/2543/2009 2120/2544/2009 2097/2545/2010
f 2097/2545/2011 2120/2544/2009 2121/2546/2011
f 2097/2545/2011 2121/2546/2011 2096/2547/2012
f 2096/2547/2013 2121/2546/2011 2122/2548/2013
f 2096/2547/2013 2122/2548/2013 2095/2501/1981
f 2095/2501/1981 2122/2548/2013 2123/2502/1981
f 2517/2549/2014 2538/2550/2015 2516/2551/2016
f 2516/2551/2016 2538/2550/2015 2539/2552/2017
f 2516/2551/2016 2539/2552/2018 2534/2553/2019
f 2534/2553/2019 2539/2552/2018 2533/2554/2020
f 2533/2554/2020 2539/2552/2017 2540/2555/2021
f 2533/2554/2020 2540/2555/2021 2532/2556/2022
f 2532/2557/2022 2540/2558/2021 2541/2559/2023
f 2532/2557/2022 2541/2559/2023 2531/2560/2024
f 2531/2560/2025 2541/2559/2023 2530/2561/2026
f 2530/2561/2027 2541/2559/2023 2542/2562/2028
f 2530/2561/2026 2542/2562/2028 2529/2563/2029
f 2529/2563/2030 2542/2562/2028 2528/2564/2031
f 2528/2564/2031 2542/2562/2028 2543/2565/2032
f 2528/2564/2033 2543/2565/2032 2527/2566/2034
f 2527/2566/2034 2543/2565/2032 2544/2567/2035
f 2527/2566/2034 2544/2567/2035 2526/2568/2036
f 2526/2569/2037 2544/2570/2038 2525/2571/2039
f 2525/2571/2040 2544/2570/2035 2545/2572/2041
f 2525/2571/2040 2545/2572/2041 2524/2573/2042
f 2524/2573/2042 2545/2572/2043 2546/2574/2044
f 2524/2573/2042 2546/2574/2044 2523/2575/2045
f 2523/2575/2046 2546/2574/2047 2522/2576/2048
f 2522/2576/2049 2546/2574/2044 2547/2577/2050
f 2522/2576/2049 2547/2577/2050 2521/2578/2051
f 2521/2579/2051 2547/2580/2050 2548/2581/2052
f 2521/2579/2051 2548/2581/2052 2520/2582/2053
f 2520/2582/2053 2548/2581/2052 2535/2583/2054
f 2520/2582/2053 2535/2583/2054 2519/2584/2055
f 2519/2584/2055 2535/2583/2054 2536/2585/2056
f 2519/2584/2055 2536/2585/2056 2518/2586/2057
f 2518/2587/2057 2536/2588/2056 2537/2589/2058
f 2518/2587/2057 2537/2589/2058 2517/2549/2014
f 2517/2549/2014 2537/2589/2059 2538/2550/2015
f 2548/2590/2060 2549/2591/2060 2535/2592/2061
f 2546/2593/2062 2549/2591/2063 2547/2594/2064
f 2544/2567/2065 2549/2595/2065 2545/2596/2066
f 2542/2562/2067 2549/2595/2067 2543/2565/2068
f 2540/2558/2069 2549/2595/2069 2541/2559/2070
f 2538/2597/2071 2549/2591/2071 2539/2598/2072
f 2537/2599/2073 2549/2591/2073 2538/2597/2071
f 2535/2592/2061 2549/2591/2061 2536/2600/2074
f 2541/2559/2070 2549/2595/2070 2542/2562/2067
f 2543/2565/2068 2549/2595/2068 2544/2567/2065
f 2545/2601/2066 2549/2591/2066 2546/2593/2063
f 2547/2594/2064 2549/2591/2064 2548/2590/2060
f 2536/2600/2074 2549/2591/2074 2537/2599/2073
f 2539/2602/2072 2549/2595/2072 2540/2558/2069
f 2551/2603/2075 2584/2604/2052 2550/2605/2076
f 2550/2605/2076 2584/2604/2052 2571/2606/2077
f 2550/2605/2076 2571/2606/2054 2570/2607/2078
f 2570/2607/2079 2571/2606/2054 2572/2608/2056
f 2570/2607/2079 2572/2608/2056 2569/2609/2080
f 2569/2609/2080 2572/2608/2056 2568/2610/2081
f 2568/2611/2081 2572/2612/2056 2573/2613/2058
f 2568/2611/2081 2573/2613/2058 2567/2614/2082
f 2567/2614/2082 2573/2613/2058 2566/2615/2083
f 2566/2615/2083 2573/2613/2059 2574/2616/2015
f 2566/2615/2083 2574/2616/2015 2565/2617/2084
f 2565/2617/2084 2574/2616/2015 2564/2618/2085
f 2564/2618/2085 2574/2616/2015 2575/2619/2017
f 2564/2618/2085 2575/2619/2017 2563/2620/2086
f 2563/2620/2086 2575/2619/2018 2562/2621/2087
f 2562/2621/2087 2575/2619/2017 2576/2622/2021
f 2562/2621/2087 2576/2622/2021 2561/2623/2088
f 2561/2623/2089 2576/2622/2021 2560/2624/2090
f 2560/2625/2090 2576/2626/2021 2577/2627/2023
f 2560/2625/2090 2577/2627/2023 2559/2628/2091
f 2559/2628/2091 2577/2627/2023 2558/2629/2092
f 2558/2629/2092 2577/2627/2023 2578/2630/2093
f 2558/2629/2092 2578/2630/2093 2557/2631/2094
f 2557/2631/2094 2578/2630/2028 2579/2632/2032
f 2557/2631/2094 2579/2632/2032 2556/2633/2095
f 2556/2633/2095 2579/2632/2032 2580/2634/2038
f 2556/2635/2095 2580/2636/2035 2555/2637/2096
f 2555/2637/2097 2580/2636/2035 2581/2638/2041
f 2555/2637/2096 2581/2638/2041 2554/2639/2098
f 2554/2639/2099 2581/2638/2041 2582/2640/2047
f 2554/2639/2098 2582/2640/2044 2553/2641/2100
f 2553/2641/2100 2582/2640/2044 2552/2642/2101
f 2552/2642/2101 2582/2640/2047 2583/2643/2050
f 2552/2642/2101 2583/2643/2050 2551/2644/2075
f 2551/2603/2075 2583/2645/2050 2584/2604/2052
f 2584/2646/2060 2585/2647/2060 2571/2648/2061
f 2582/2649/2062 2585/2647/2063 2583/2650/2064
f 2580/2634/2065 2585/2651/2065 2581/2652/2066
f 2578/2630/2067 2585/2651/2067 2579/2632/2068
f 2576/2626/2069 2585/2651/2069 2577/2627/2070
f 2574/2653/2071 2585/2647/2071 2575/2654/2072
f 2573/2655/2073 2585/2647/2073 2574/2653/2071
f 2571/2648/2061 2585/2647/2061 2572/2656/2074
f 2577/2627/2070 2585/2651/2070 2578/2630/2067
f 2579/2632/2068 2585/2651/2068 2580/2634/2065
f 2581/2657/2066 2585/2647/2066 2582/2649/2062
f 2583/2650/2064 2585/2647/2064 2584/2646/2060
f 2572/2656/2074 2585/2647/2074 2573/2655/2073
f 2575/2658/2072 2585/2651/2072 2576/2626/2069
f 2587/2659/2102 2613/2660/2023 2586/2661/2103
f 2586/2661/2103 2613/2660/2023 2614/2662/2093
f 2586/2661/2103 2614/2662/2028 2606/2663/2104
f 2606/2663/2105 2614/2662/2028 2615/2664/2032
f 2606/2663/2105 2615/2664/2032 2605/2665/2106
f 2605/2665/2106 2615/2664/2032 2604/2666/2107
f 2604/2666/2107 2615/2664/2032 2616/2667/2038
f 2604/2668/2107 2616/2669/2038 2603/2670/2108
f 2603/2670/2108 2616/2669/2035 2602/2671/2109
f 2602/2671/2109 2616/2669/2035 2617/2672/2041
f 2602/2671/2110 2617/2672/2041 2601/2673/2111
f 2601/2673/2111 2617/2672/2041 2600/2674/2112
f 2600/2674/2113 2617/2672/2041 2618/2675/2047
f 2600/2674/2113 2618/2675/2044 2599/2676/2114
f 2599/2676/2114 2618/2675/2044 2598/2677/2115
f 2598/2677/2116 2618/2675/2044 2619/2678/2050
f 2598/2677/2117 2619/2678/2050 2597/2679/2118
f 2597/2679/2118 2619/2678/2050 2596/2680/2119
f 2596/2680/2119 2619/2678/2050 2620/2681/2052
f 2596/2682/2119 2620/2683/2052 2595/2684/2120
f 2595/2684/2121 2620/2683/2052 2594/2685/2122
f 2594/2685/2122 2620/2683/2052 2607/2686/2054
f 2594/2685/2122 2607/2686/2077 2593/2687/2123
f 2593/2687/2123 2607/2686/2077 2608/2688/2056
f 2593/2687/2123 2608/2688/2056 2592/2689/2124
f 2592/2690/2124 2608/2691/2056 2609/2692/2058
f 2592/2690/2124 2609/2692/2058 2591/2693/2125
f 2591/2693/2125 2609/2692/2058 2610/2694/2015
f 2591/2693/2126 2610/2694/2015 2590/2695/2127
f 2590/2695/2128 2610/2694/2015 2589/2696/2129
f 2589/2696/2129 2610/2694/2015 2611/2697/2017
f 2589/2696/2129 2611/2697/2017 2588/2698/2130
f 2588/2698/2131 2611/2697/2018 2612/2699/2021
f 2588/2698/2131 2612/2699/2021 2587/2700/2102
f 2587/2659/2102 2612/2701/2021 2613/2660/2023
f 2620/2702/2060 2621/2703/2060 2607/2704/2061
f 2618/2705/2062 2621/2703/2062 2619/2706/2064
f 2616/2667/2065 2621/2707/2065 2617/2708/2066
f 2614/2662/2067 2621/2707/2067 2615/2664/2068
f 2612/2701/2069 2621/2707/2069 2613/2660/2070
f 2610/2709/2071 2621/2703/2071 2611/2710/2072
f 2609/2711/2073 2621/2703/2073 2610/2709/2071
f 2607/2704/2061 2621/2703/2061 2608/2712/2074
f 2613/2660/2070 2621/2707/2070 2614/2662/2067
f 2615/2664/2068 2621/2707/2068 2616/2667/2065
f 2617/2713/2066 2621/2703/2066 2618/2705/2063
f 2619/2706/2064 2621/2703/2064 2620/2702/2060
f 2608/2712/2074 2621/2703/2074 2609/2711/2073
f 2611/2714/2072 2621/2707/2072 2612/2701/2069
f 2623/2715/2132 2636/2716/2132 2622/2717/2133
f 2625/2718/2134 2636/2716/2134 2624/2719/2135
f 2627/2720/2136 2636/2721/2136 2626/2722/2137
f 2629/2723/2138 2636/2721/2138 2628/2724/2139
f 2631/2725/2140 2636/2721/2140 2630/2726/2141
f 2633/2727/2142 2636/2716/2142 2632/2728/2143
f 2634/2729/2144 2636/2716/2144 2633/2727/2142
f 2622/2717/2133 2636/2716/2133 2635/2730/2145
f 2630/2726/2141 2636/2721/2141 2629/2723/2138
f 2628/2724/2139 2636/2721/2139 2627/2720/2136
f 2626/2731/2137 2636/2716/2137 2625/2718/2134
f 2624/2719/2135 2636/2716/2135 2623/2715/2132
f 2635/2730/2145 2636/2716/2145 2634/2729/2144
f 2632/2732/2143 2636/2721/2143 2631/2725/2140
f 1334/2733/2146 2623/2734/2147 1335/2735/2148
f 1335/2735/2149 2623/2734/2147 2622/2736/51
f 1335/2735/2148 2622/2736/51 2643/2737/2150
f 2643/2737/2151 2622/2736/51 2635/2738/2152
f 2643/2737/2153 2635/2738/2152 2642/2739/2154
f 2642/2740/2154 2635/2741/2152 2634/2742/2155
f 2642/2740/2154 2634/2742/2155 2641/2743/2156
f 2641/2743/2157 2634/2742/2155 2633/2744/2158
f 2641/2743/2157 2633/2744/2158 2640/2745/12
f 2640/2745/91 2633/2744/2158 2632/2746/2159
f 2640/2745/91 2632/2746/2159 2639/2747/2160
f 2639/2747/2160 2632/2746/2159 2631/2748/2161
f 2639/2747/2160 2631/2748/2161 2638/2749/2162
f 2638/2750/2162 2631/2725/2161 2630/2726/2163
f 2638/2750/2162 2630/2726/2163 2637/2751/2164
f 2637/2751/2164 2630/2726/2163 2629/2723/11
f 2637/2751/2164 2629/2723/11 1327/2752/2165
f 1327/2752/2165 2629/2723/11 2628/2724/2166
f 1327/2752/2165 2628/2724/2166 1328/2753/2167
f 1328/2753/2167 2628/2724/2166 2627/2720/2168
f 1328/2753/2167 2627/2720/2168 1329/2754/2169
f 1329/2755/2169 2627/2756/2168 1330/2757/2170
f 1330/2757/2170 2627/2756/2168 2626/2758/2171
f 1330/2757/2170 2626/2758/2171 1331/2759/2113
f 1331/2759/2112 2626/2758/2171 2625/2760/2172
f 1331/2759/2113 2625/2760/2172 1332/2761/2173
f 1332/2761/2173 2625/2760/2172 2624/2762/2174
f 1332/2761/2173 2624/2762/2174 1333/2763/2175
f 1333/2763/2175 2624/2762/2174 1334/2764/2146
f 1334/2764/2146 2624/2762/2174 2623/2765/2147
f 2645/2766/2132 2658/2767/2132 2644/2768/2133
f 2647/2769/2134 2658/2767/2134 2646/2770/2135
f 2649/2771/2136 2658/2772/2136 2648/2773/2137
f 2651/2774/2138 2658/2772/2138 2650/2775/2139
f 2653/2776/2140 2658/2772/2140 2652/2777/2141
f 2655/2778/2142 2658/2767/2142 2654/2779/2143
f 2656/2780/2144 2658/2767/2144 2655/2778/2142
f 2644/2768/2133 2658/2767/2133 2657/2781/2145
f 2652/2777/2141 2658/2772/2141 2651/2774/2138
f 2650/2775/2139 2658/2772/2139 2649/2771/2136
f 2648/2782/2137 2658/2767/2137 2647/2769/2134
f 2646/2770/2135 2658/2767/2135 2645/2766/2132
f 2657/2781/2145 2658/2767/2145 2656/2780/2144
f 2654/2783/2143 2658/2772/2143 2653/2776/2140
f 1532/2784/2176 2652/2777/2163 1533/2785/2177
f 1533/2785/2177 2652/2777/2163 2651/2774/11
f 1533/2785/2177 2651/2774/11 2665/2786/2178
f 2665/2786/2178 2651/2774/11 2650/2775/2166
f 2665/2786/2178 2650/2775/2166 2664/2787/2179
f 2664/2787/2179 2650/2775/2166 2649/2771/2168
f 2664/2788/2179 2649/2789/2168 2663/2790/2180
f 2663/2790/2180 2649/2789/2168 2648/2791/2171
f 2663/2790/2180 2648/2791/2171 2662/2792/88
f 2662/2792/88 2648/2791/2171 2647/2793/2172
f 2662/2792/9 2647/2793/2172 2661/2794/2181
f 2661/2794/2181 2647/2793/2172 2646/2795/2174
f 2661/2794/2182 2646/2795/2174 2660/2796/2183
f 2660/2796/2183 2646/2795/2174 2645/2668/2147
f 2660/2797/2183 2645/2798/2147 2659/2799/2184
f 2659/2799/2185 2645/2798/2147 2644/2800/51
f 2659/2799/2186 2644/2800/51 1525/2801/2187
f 1525/2801/2188 2644/2800/51 2657/2802/2152
f 1525/2801/2187 2657/2802/2152 1526/2803/2189
f 1526/2804/2189 2657/2805/2152 2656/2806/2155
f 1526/2804/2189 2656/2806/2155 1527/2807/2190
f 1527/2807/2190 2656/2806/2155 1528/2808/2191
f 1528/2808/2191 2656/2806/2155 2655/2809/2158
f 1528/2808/2191 2655/2809/2158 1529/2810/2192
f 1529/2810/2193 2655/2809/2158 2654/2811/2159
f 1529/2810/2192 2654/2811/2159 1530/2812/2194
f 1530/2812/2194 2654/2811/2159 2653/2813/2161
f 1530/2812/2194 2653/2813/2161 1531/2814/2195
f 1531/2815/2195 2653/2776/2161 2652/2777/2163
f 1531/2815/2195 2652/2777/2163 1532/2784/2196
f 2667/2816/2197 2680/2817/2197 2666/2818/2198
f 2669/2819/2199 2680/2817/2199 2668/2820/2200
f 2671/2821/2201 2680/2822/2201 2670/2823/2202
f 2673/2824/2203 2680/2822/2203 2672/2825/2204
f 2675/2826/2205 2680/2822/2205 2674/2827/2206
f 2677/2828/2207 2680/2817/2207 2676/2829/2208
f 2678/2830/2209 2680/2817/2209 2677/2828/2207
f 2666/2818/2198 2680/2817/2198 2679/2831/2210
f 2674/2827/2206 2680/2822/2206 2673/2824/2203
f 2672/2825/2204 2680/2822/2204 2671/2821/2201
f 2670/2832/2211 2680/2817/2211 2669/2819/2199
f 2668/2820/2200 2680/2817/2200 2667/2816/2197
f 2679/2831/2210 2680/2817/2210 2678/2830/2209
f 2676/2833/2208 2680/2822/2208 2675/2826/2205
f 2682/2834/2212 2670/2835/2213 2681/2836/2214
f 2681/2836/2214 2670/2835/2215 2669/2837/2216
f 2681/2836/2217 2669/2837/2216 2699/2838/2218
f 2699/2838/2218 2669/2837/2216 2698/2839/2219
f 2698/2839/2220 2669/2837/2216 2668/2840/2221
f 2698/2839/2219 2668/2840/2222 2697/2841/2223
f 2697/2842/2224 2668/2843/2221 2667/2844/2225
f 2697/2842/2223 2667/2844/2225 2696/2845/2226
f 2696/2845/2226 2667/2844/2225 2695/2846/2227
f 2695/2846/2227 2667/2844/2225 2666/2847/2228
f 2695/2846/2229 2666/2847/2230 2694/2848/2228
f 2694/2848/2230 2666/2847/2228 2693/2849/2231
f 2693/2849/2231 2666/2847/2228 2679/2850/2232
f 2693/2849/2231 2679/2850/2232 2692/2851/2233
f 2692/2851/2233 2679/2850/2232 2678/2852/2234
f 2692/2851/2233 2678/2852/2234 2691/2853/2235
f 2691/2854/2235 2678/2855/2234 2690/2856/2236
f 2690/2856/2237 2678/2855/2234 2677/2857/2238
f 2690/2856/2237 2677/2857/2238 2689/2858/2239
f 2689/2858/2239 2677/2857/2240 2676/2859/2241
f 2689/2858/2239 2676/2859/2241 2688/2860/2242
f 2688/2860/2243 2676/2859/2241 2687/2861/2244
f 2687/2861/2244 2676/2859/2241 2675/2862/2245
f 2687/2861/2244 2675/2862/2246 2686/2863/2247
f 2686/2863/2247 2675/2862/2246 2674/2864/2248
f 2686/2865/2247 2674/2827/2248 2685/2866/2249
f 2685/2866/2249 2674/2827/2248 2673/2824/2250
f 2685/2866/2249 2673/2824/2250 2684/2867/2251
f 2684/2867/2251 2673/2824/2250 2672/2825/2252
f 2684/2867/2251 2672/2825/2252 2683/2868/2253
f 2683/2869/2253 2672/2870/2252 2671/2871/2254
f 2683/2869/2253 2671/2871/2254 2682/2834/2255
f 2682/2834/2255 2671/2871/2254 2670/2835/2215
f 2701/2872/2197 2714/2873/2197 2700/2874/2198
f 2703/2875/2199 2714/2873/2199 2702/2876/2200
f 2705/2877/2201 2714/2878/2201 2704/2879/2202
f 2707/2880/2203 2714/2878/2203 2706/2881/2204
f 2709/2882/2205 2714/2878/2205 2708/2883/2206
f 2711/2884/2207 2714/2873/2207 2710/2885/2208
f 2712/2886/2209 2714/2873/2209 2711/2884/2207
f 2700/2874/2198 2714/2873/2198 2713/2887/2210
f 2708/2883/2206 2714/2878/2206 2707/2880/2203
f 2706/2881/2204 2714/2878/2204 2705/2877/2201
f 2704/2888/2202 2714/2873/2202 2703/2875/2199
f 2702/2876/2200 2714/2873/2200 2701/2872/2197
f 2713/2887/2210 2714/2873/2210 2712/2886/2209
f 2710/2889/2208 2714/2878/2208 2709/2882/2205
f 2716/2890/2256 2701/2891/2225 2715/2892/2257
f 2715/2892/2257 2701/2891/2225 2700/2893/2228
f 2715/2892/2257 2700/2893/2230 2735/2894/2258
f 2735/2894/2258 2700/2893/2230 2713/2895/2232
f 2735/2894/2258 2713/2895/2232 2734/2896/2259
f 2734/2896/2260 2713/2895/2232 2733/2897/2261
f 2733/2897/2261 2713/2895/2232 2712/2898/2234
f 2733/2899/2261 2712/2900/2234 2732/2901/2262
f 2732/2901/2263 2712/2900/2234 2731/2902/2264
f 2731/2902/2264 2712/2900/2234 2711/2903/2265
f 2731/2902/2264 2711/2903/2238 2730/2904/2266
f 2730/2904/2267 2711/2903/2265 2729/2905/2268
f 2729/2905/2268 2711/2903/2265 2710/2906/2241
f 2729/2905/2268 2710/2906/2241 2728/2907/2269
f 2728/2907/2269 2710/2906/2241 2727/2908/2270
f 2727/2908/2270 2710/2906/2241 2709/2909/2245
f 2727/2908/2270 2709/2909/2246 2726/2910/2271
f 2726/2910/2271 2709/2909/2246 2725/2911/2272
f 2725/2911/2272 2709/2909/2246 2708/2912/2248
f 2725/2911/2272 2708/2912/2248 2724/2913/2273
f 2724/2914/2273 2708/2883/2248 2723/2915/2274
f 2723/2915/2274 2708/2883/2248 2707/2880/2250
f 2723/2915/2275 2707/2880/2250 2722/2916/2276
f 2722/2916/2276 2707/2880/2277 2706/2881/2252
f 2722/2916/2276 2706/2881/2252 2721/2917/2278
f 2721/2918/2278 2706/2919/2252 2705/2920/2254
f 2721/2918/2278 2705/2920/2254 2720/2921/2279
f 2720/2921/2279 2705/2920/2254 2704/2922/2213
f 2720/2921/2279 2704/2922/2215 2719/2923/2280
f 2719/2923/2281 2704/2922/2215 2718/2924/2282
f 2718/2924/2283 2704/2922/2213 2703/2925/2216
f 2718/2924/2284 2703/2925/2216 2717/2926/2285
f 2717/2926/2286 2703/2925/2216 2702/2927/2221
f 2717/2926/2285 2702/2927/2221 2716/2928/2256
f 2716/2890/2256 2702/2929/2222 2701/2891/2225
f 2737/2930/2197 2750/2931/2197 2736/2932/2198
f 2739/2933/2199 2750/2931/2199 2738/2934/2200
f 2741/2935/2201 2750/2936/2287 2740/2937/2202
f 2743/2938/2203 2750/2936/2203 2742/2939/2204
f 2745/2940/2205 2750/2936/2205 2744/2941/2206
f 2747/2942/2207 2750/2931/2207 2746/2943/2208
f 2748/2944/2209 2750/2931/2209 2747/2942/2207
f 2736/2932/2198 2750/2931/2198 2749/2945/2210
f 2744/2941/2206 2750/2936/2206 2743/2938/2203
f 2742/2939/2204 2750/2936/2204 2741/2935/2201
f 2740/2946/2211 2750/2931/2211 2739/2933/2199
f 2738/2934/2200 2750/2931/2200 2737/2930/2197
f 2749/2945/2210 2750/2931/2210 2748/2944/2209
f 2746/2947/2208 2750/2936/2208 2745/2940/2205
f 2752/2948/2288 2744/2941/2248 2751/2949/2289
f 2751/2949/2289 2744/2941/2248 2743/2938/2277
f 2751/2949/2289 2743/2938/2277 2771/2950/2290
f 2771/2950/2290 2743/2938/2250 2742/2939/2252
f 2771/2950/2290 2742/2939/2252 2770/2951/2291
f 2770/2951/2292 2742/2939/2252 2769/2952/2293
f 2769/2953/2293 2742/2954/2252 2741/2955/2254
f 2769/2953/2293 2741/2955/2254 2768/2956/2294
f 2768/2956/2294 2741/2955/2254 2767/2957/2295
f 2767/2957/2296 2741/2955/2254 2740/2958/2215
f 2767/2957/2297 2740/2958/2215 2766/2959/2298
f 2766/2959/2298 2740/2958/2215 2765/2960/2113
f 2765/2960/2113 2740/2958/2213 2739/2961/2216
f 2765/2960/2112 2739/2961/2216 2764/2962/2299
f 2764/2962/2299 2739/2961/2216 2763/2963/2300
f 2763/2963/2301 2739/2961/2216 2738/2964/2221
f 2763/2963/2301 2738/2964/2221 2762/2965/2302
f 2762/2965/2303 2738/2964/2221 2761/2966/2304
f 2761/2967/2304 2738/2968/2222 2737/2969/2225
f 2761/2967/2304 2737/2969/2225 2760/2970/2305
f 2760/2970/2305 2737/2969/2225 2759/2971/2306
f 2759/2971/2306 2737/2969/2225 2736/2972/2228
f 2759/2971/2306 2736/2972/2228 2758/2973/2307
f 2758/2973/2307 2736/2972/2230 2749/2974/2232
f 2758/2973/2307 2749/2974/2232 2757/2975/2308
f 2757/2975/2308 2749/2974/2232 2748/2976/2234
f 2757/2977/2308 2748/2978/2234 2756/2979/2309
f 2756/2979/2309 2748/2978/2234 2747/2980/2238
f 2756/2979/2310 2747/2980/2265 2755/2981/2311
f 2755/2981/2311 2747/2980/2265 2746/2982/2241
f 2755/2981/2311 2746/2982/2241 2754/2983/2312
f 2754/2983/2313 2746/2982/2241 2753/2984/2314
f 2753/2984/2315 2746/2982/2241 2745/2985/2246
f 2753/2984/2315 2745/2985/2246 2752/2986/2288
f 2752/2986/2288 2745/2985/2246 2744/2987/2248
f 2773/2988/2316 2786/2989/2316 2772/2990/2317
f 2775/2991/2318 2786/2989/2318 2774/2992/2319
f 2777/2993/2320 2786/2994/2320 2776/2995/2321
f 2779/2996/2322 2786/2994/2322 2778/2997/2323
f 2781/2998/2324 2786/2994/2324 2780/2999/2325
f 2783/3000/2326 2786/2989/2326 2782/3001/2327
f 2784/3002/2328 2786/2989/2328 2783/3000/2326
f 2772/2990/2317 2786/2989/2317 2785/3003/2329
f 2780/2999/2325 2786/2994/2325 2779/2996/2322
f 2778/2997/2323 2786/2994/2323 2777/2993/2320
f 2776/3004/2321 2786/2989/2321 2775/2991/2318
f 2774/2992/2319 2786/2989/2319 2773/2988/2316
f 2785/3003/2329 2786/2989/2329 2784/3002/2328
f 2782/3005/2327 2786/2994/2327 2781/2998/2324
f 2788/3006/2330 2773/3007/2166 2787/3008/2331
f 2787/3008/2332 2773/3007/2166 2772/3009/11
f 2787/3008/2331 2772/3009/11 2805/3010/2333
f 2805/3010/2333 2772/3009/11 2785/3011/2163
f 2805/3010/2333 2785/3011/2163 2804/3012/2334
f 2804/3012/2334 2785/3011/2163 2784/3013/2161
f 2804/3014/2334 2784/3015/2161 2803/3016/2335
f 2803/3016/2335 2784/3015/2161 2802/3017/2336
f 2802/3017/2336 2784/3015/2161 2783/3018/2159
f 2802/3017/2336 2783/3018/2159 2801/3019/2337
f 2801/3019/2337 2783/3018/2159 2800/3020/2193
f 2800/3020/2192 2783/3018/2159 2782/3021/2158
f 2800/3020/2192 2782/3021/2158 2799/3022/2338
f 2799/3022/2338 2782/3021/2158 2798/3023/2339
f 2798/3023/2340 2782/3021/2158 2781/3024/2155
f 2798/3023/2340 2781/3024/2155 2797/3025/2341
f 2797/3025/2341 2781/3024/2155 2796/3026/2342
f 2796/3026/2342 2781/3024/2155 2780/3027/2152
f 2796/3028/2342 2780/2999/2152 2795/3029/2343
f 2795/3029/2343 2780/2999/2152 2779/2996/51
f 2795/3029/2343 2779/2996/51 2794/3030/2344
f 2794/3030/2344 2779/2996/51 2778/2997/2147
f 2794/3030/2344 2778/2997/2147 2793/3031/2345
f 2793/3031/2346 2778/2997/2147 2777/2993/2174
f 2793/3032/2346 2777/3033/2174 2792/3034/2347
f 2792/3034/2348 2777/3033/2349 2776/3035/2172
f 2792/3034/2348 2776/3035/2172 2791/3036/2350
f 2791/3036/2351 2776/3035/2172 2790/3037/2352
f 2790/3037/2353 2776/3035/2354 2775/3038/2171
f 2790/3037/2353 2775/3038/2171 2789/3039/2355
f 2789/3039/2356 2775/3038/2171 2774/3040/2168
f 2789/3039/2356 2774/3040/2168 2788/3041/2330
f 2788/3006/2330 2774/3042/2168 2773/3007/2166
f 2807/3043/2316 2820/3044/2316 2806/3045/2317
f 2809/3046/2318 2820/3044/2318 2808/3047/2319
f 2811/3048/2320 2820/3049/2320 2810/3050/2321
f 2813/3051/2322 2820/3049/2322 2812/3052/2323
f 2815/3053/2324 2820/3049/2324 2814/3054/2325
f 2817/3055/2326 2820/3044/2326 2816/3056/2327
f 2818/3057/2328 2820/3044/2328 2817/3055/2326
f 2806/3045/2317 2820/3044/2317 2819/3058/2329
f 2814/3054/2325 2820/3049/2325 2813/3051/2322
f 2812/3052/2323 2820/3049/2323 2811/3048/2320
f 2810/3059/2321 2820/3044/2321 2809/3046/2318
f 2808/3047/2319 2820/3044/2319 2807/3043/2316
f 2819/3058/2329 2820/3044/2329 2818/3057/2328
f 2816/3060/2327 2820/3049/2327 2815/3053/2324
f 1298/3061/2167 2807/3062/2166 1299/3063/2165
f 1299/3063/2165 2807/3062/2166 2806/3064/11
f 1299/3063/2165 2806/3064/11 2827/3065/2164
f 2827/3065/2164 2806/3064/11 2819/3066/2163
f 2827/3065/2164 2819/3066/2163 2826/3067/2162
f 2826/3067/2162 2819/3066/2163 2818/3068/2161
f 2826/3069/2162 2818/3070/2161 2825/3071/2160
f 2825/3071/2160 2818/3070/2161 2817/3072/2159
f 2825/3071/2160 2817/3072/2159 2824/3073/91
f 2824/3073/91 2817/3072/2159 2816/3074/2158
f 2824/3073/12 2816/3074/2158 2823/3075/2157
f 2823/3075/2157 2816/3074/2158 2815/3076/2155
f 2823/3075/2156 2815/3076/2155 2822/3077/2154
f 2822/3077/2154 2815/3076/2155 2814/3078/2152
f 2822/3079/2154 2814/3054/2152 2821/3080/2153
f 2821/3080/2151 2814/3054/2152 2813/3051/51
f 2821/3080/2150 2813/3051/51 1291/3081/2148
f 1291/3081/2149 2813/3051/51 2812/3052/2147
f 1291/3081/2148 2812/3052/2147 1292/3082/2146
f 1292/3082/2146 2812/3052/2147 2811/3048/2174
f 1292/3083/2146 2811/3084/2174 1293/3085/2175
f 1293/3085/2175 2811/3084/2174 1294/3086/2173
f 1294/3086/2173 2811/3084/2174 2810/3087/2172
f 1294/3086/2173 2810/3087/2172 1295/3088/2113
f 1295/3088/2112 2810/3087/2172 2809/3089/2171
f 1295/3088/2113 2809/3089/2171 1296/3090/2170
f 1296/3090/2170 2809/3089/2171 2808/3091/2168
f 1296/3090/2170 2808/3091/2168 1297/3092/2169
f 1297/3093/2169 2808/3094/2168 2807/3062/2166
f 1297/3093/2169 2807/3062/2166 1298/3061/2357
f 848/880/1 847/879/1 2831/3095/2358
f 2831/3095/2358 847/879/1 2832/3096/2359
f 2831/3095/2358 2832/3096/2359 2830/3097/2360
f 2830/3098/2360 2832/3099/2359 904/950/348
f 904/950/348 2832/3099/2359 2829/3100/2361
f 904/950/348 2829/3100/2361 905/955/2362
f 847/879/1 2828/3101/2363 2832/3096/2359
f 2832/3099/2359 2828/3102/2363 2829/3100/2361
f 518/503/92 517/505/92 2836/3103/2364
f 2836/3103/2365 517/505/92 2839/3104/2366
f 2836/3105/2365 2839/3106/2366 2840/3107/2366
f 2840/3107/2366 2839/3106/2367 2834/3108/2368
f 2840/3107/2366 2834/3108/2369 2835/3109/2370
f 2833/3110/2366 2837/3111/2366 517/505/92
f 517/505/92 2837/3111/2366 2838/3112/2366
f 517/505/92 2838/3112/2366 2839/3104/2366
f 2839/3106/2366 2838/3113/2366 2834/3108/2368
f 2837/3114/2366 2833/3115/2366 2834/3108/2368
f 2834/3108/2368 2833/3115/2366 843/874/281
f 2834/3108/2368 843/874/281 842/876/281
f 2835/3109/2370 2836/3105/2364 2840/3107/2366
f 2834/3108/2368 2838/3113/2366 2837/3114/2366
f 2842/3116/2371 897/933/305 2843/3117/2371
f 2843/3117/2371 897/933/305 896/931/305
f 2843/3117/2371 896/931/305 2841/3118/2371
f 2841/3119/2371 517/505/92 2843/3120/2371
f 2843/3120/2371 517/505/92 516/516/92
f 2843/3120/2371 516/516/92 2842/3121/2371
f 925/964/358 924/965/358 2847/3122/2372
f 2847/3122/2372 924/965/358 2846/3123/2373
f 2846/3123/2373 924/965/358 2850/3124/2374
f 2846/3123/2373 2850/3124/2374 2851/3125/2374
f 2851/3126/2374 2850/3127/2374 515/526/92
f 2851/3126/2374 515/526/92 2845/3128/2375
f 2844/3129/2374 2848/3130/2374 924/965/358
f 924/965/358 2848/3130/2374 2849/3131/2374
f 924/965/358 2849/3131/2374 2850/3124/2374
f 2850/3127/2374 2849/3132/2374 515/526/92
f 2844/3133/2374 516/516/92 2848/3134/2374
f 2848/3134/2374 516/516/92 2849/3132/2374
f 516/516/92 515/526/92 2849/3132/2374
f 2845/3135/2375 2846/3123/2373 2851/3125/2374
f 938/977/2376 2857/3136/2377 939/978/362
f 939/978/362 2857/3136/2377 2858/3137/2378
f 939/978/362 2858/3137/2379 2855/3138/2380
f 2855/3139/2380 2858/3140/2379 2854/3141/2381
f 2854/3141/2382 2858/3140/2383 919/960/329
f 919/960/329 2858/3140/2378 2857/3142/2377
f 919/960/329 2857/3142/2377 920/958/329
f 920/958/329 2857/3142/2377 2856/3143/2384
f 920/958/329 2856/3143/2384 2853/3144/2385
f 2853/3145/2385 2856/3146/2384 2852/3147/2386
f 2852/3147/2386 2856/3146/2384 938/977/2376
f 938/977/2376 2856/3146/2384 2857/3136/2377
f 1067/1118/460 1066/1119/460 2862/3148/2387
f 2862/3148/2388 1066/1119/460 2864/3149/2389
f 2862/3148/2387 2864/3149/2389 2865/3150/2390
f 2865/3151/2391 2864/3152/2389 1008/1063/448
f 2865/3151/2390 1008/1063/448 2861/3153/2392
f 2864/3149/2389 1066/1119/460 2863/3154/2393
f 2863/3154/2393 1066/1119/460 2859/3155/2394
f 2863/3156/2393 2859/3157/2394 2860/3158/2395
f 1009/1069/2396 1008/1063/448 2860/3158/2395
f 2860/3158/2395 1008/1063/448 2863/3156/2393
f 2861/3159/2392 2862/3148/2388 2865/3150/2397
f 1008/1063/448 2864/3152/2389 2863/3156/2393
f 520/527/4 519/529/4 2869/3160/2398
f 2869/3160/2399 519/529/4 2872/3161/2400
f 2869/3160/2399 2872/3161/2400 2873/3162/2400
f 2873/3162/2400 2872/3161/2401 2867/3163/2402
f 2873/3162/2400 2867/3163/2403 2868/3164/2404
f 2866/3165/2400 2870/3166/2400 519/529/4
f 519/529/4 2870/3166/2400 2871/3167/2400
f 519/529/4 2871/3167/2400 2872/3161/2400
f 2872/3161/2400 2871/3167/2400 2867/3163/2402
f 2870/3166/2400 2866/3165/2400 2867/3163/2402
f 2867/3163/2402 2866/3165/2400 993/1037/429
f 2867/3163/2402 993/1037/429 992/1039/429
f 2868/3164/2404 2869/3160/2398 2873/3162/2400
f 2867/3163/2402 2871/3167/2400 2870/3166/2400
f 2875/3168/2405 519/529/4 2876/3169/2405
f 2876/3169/2405 519/529/4 542/539/4
f 2876/3169/2405 542/539/4 2874/3170/2405
f 2874/3170/2405 961/1003/394 2876/3169/2405
f 2876/3169/2405 961/1003/394 960/1002/394
f 2876/3169/2405 960/1002/394 2875/3168/2405
f 930/969/359 929/970/359 2880/3171/2406
f 2880/3171/2406 929/970/359 2879/3172/2407
f 2879/3172/2407 929/970/359 2883/3173/2408
f 2879/3172/2407 2883/3173/2408 2884/3174/2408
f 2884/3174/2408 2883/3173/2408 541/550/4
f 2884/3174/2408 541/550/4 2878/3175/2409
f 2877/3176/2408 2881/3177/2408 929/970/359
f 929/970/359 2881/3177/2408 2882/3178/2408
f 929/970/359 2882/3178/2408 2883/3173/2408
f 2883/3173/2408 2882/3178/2408 541/550/4
f 2877/3176/2408 542/539/4 2881/3177/2408
f 2881/3177/2408 542/539/4 2882/3178/2408
f 542/539/4 541/550/4 2882/3178/2408
f 2878/3175/2409 2879/3172/2407 2884/3174/2408
f 2888/3179/2410 965/1007/396 2889/3180/2411
f 2889/3180/2411 965/1007/396 964/1006/2412
f 2889/3180/2411 964/1006/2412 2885/3181/2413
f 2885/3181/2414 2886/3182/2415 2889/3180/2411
f 2889/3183/2411 2886/3184/2415 1000/1046/430
f 2889/3183/2411 1000/1046/430 999/1045/430
f 999/1045/430 2887/3185/2416 2889/3183/2417
f 2889/3180/2411 2887/3186/2418 2888/3179/2410
f 901/940/336 900/942/2419 2892/3187/2420
f 2892/3187/2420 900/942/2419 2893/3188/2421
f 2892/3187/2420 2893/3188/2421 2891/3189/2422
f 2891/3189/2422 2893/3188/2421 2890/3190/2423
f 2890/3190/2423 2893/3188/2421 934/974/360
f 934/974/360 2893/3188/2421 935/976/360
f 935/976/360 2893/3188/2421 898/934/330
f 898/934/330 2893/3188/2421 899/935/2424
f 899/935/331 2893/3188/2421 900/942/2419
f 987/1032/428 986/1031/428 2896/3191/2425
f 2896/3191/2425 986/1031/428 2897/3192/2426
f 2896/3191/2427 2897/3192/2426 2895/3193/2428
f 2895/3193/2428 2897/3192/2426 2894/3194/2429
f 2894/3194/2429 2897/3192/2426 943/991/2430
f 2894/3194/2429 943/991/2430 942/990/2431
f 986/1031/428 945/999/387 2897/3192/2426
f 2897/3192/2426 945/999/387 944/995/2432
f 2897/3192/2426 944/995/2433 943/991/2430
f 845/878/281 844/875/281 2901/3195/2434
f 2901/3195/2434 844/875/281 2904/3196/2435
f 2901/3195/2434 2904/3196/2435 2905/3197/2435
f 2905/3197/2435 2904/3196/2435 483/493/93
f 2905/3197/2435 483/493/93 2906/3198/2435
f 2906/3198/2435 483/493/93 2899/3199/2436
f 2906/3198/2435 2899/3199/2436 2900/3200/2437
f 2898/3201/2435 2902/3202/2435 844/875/281
f 844/875/2438 2902/3202/2435 2903/3203/2435
f 844/875/281 2903/3203/2435 2904/3196/2435
f 2904/3196/2435 2903/3203/2435 484/491/93
f 2904/3196/2435 484/491/93 483/493/93
f 2898/3201/2435 484/491/93 2902/3202/2435
f 2902/3202/2435 484/491/93 2903/3203/2435
f 2900/3200/2437 2901/3195/2434 2906/3198/2435
f 2906/3198/2435 2901/3195/2434 2905/3197/2435
f 494/502/94 493/500/94 2910/3204/2439
f 2910/3204/2439 493/500/94 2913/3205/2440
f 2910/3204/2441 2913/3205/2440 2914/3206/2440
f 2914/3206/2440 2913/3205/2440 922/961/358
f 2914/3206/2440 922/961/358 2915/3207/2440
f 2915/3207/2440 922/961/358 2908/3208/2442
f 2915/3207/2440 2908/3208/2442 2909/3209/2443
f 2907/3210/2440 2911/3211/2440 493/500/94
f 493/500/94 2911/3211/2440 2912/3212/2440
f 493/500/94 2912/3212/2440 2913/3205/2440
f 2913/3205/2440 2912/3212/2440 923/962/358
f 2913/3205/2440 923/962/358 922/961/358
f 2907/3210/2440 923/962/358 2911/3211/2440
f 2911/3211/2440 923/962/358 2912/3212/2440
f 2909/3209/2443 2910/3204/2439 2915/3207/2440
f 2915/3207/2440 2910/3204/2439 2914/3206/2440
f 2917/3213/2444 490/498/51 2918/3214/2444
f 2918/3214/2444 490/498/51 489/496/51
f 2918/3214/2444 489/496/51 2916/3215/2444
f 2916/3215/2444 895/930/305 2918/3214/2444
f 2918/3214/2444 895/930/305 894/932/305
f 2918/3214/2444 894/932/305 2917/3213/2444
f 933/972/360 932/971/360 2921/3216/2445
f 2921/3216/2445 932/971/360 2922/3217/2446
f 2921/3216/2447 2922/3217/2446 2920/3218/2448
f 2920/3218/2448 2922/3217/2446 2919/3219/2449
f 2919/3219/2449 2922/3217/2446 969/1020/2450
f 2919/3219/2449 969/1020/2450 968/1019/2451
f 932/971/360 971/1028/421 2922/3217/2446
f 2922/3217/2446 971/1028/421 970/1024/2452
f 2922/3217/2446 970/1024/2453 969/1020/2450
f 486/494/93 485/492/93 2926/3220/2454
f 2926/3221/2454 485/3222/93 2929/3223/2455
f 2926/3221/2456 2929/3223/2455 2930/3224/2455
f 2930/3224/2455 2929/3223/2455 927/966/359
f 2930/3224/2455 927/966/359 2931/3225/2455
f 2931/3225/2455 927/966/359 2924/3226/2457
f 2931/3225/2455 2924/3226/2457 2925/3227/2458
f 2923/3228/2455 2927/3229/2455 485/3222/93
f 485/3222/93 2927/3229/2455 2928/3230/2455
f 485/3222/93 2928/3230/2455 2929/3223/2455
f 2929/3223/2455 2928/3230/2455 928/967/359
f 2929/3223/2455 928/967/359 927/966/359
f 2923/3228/2455 928/967/359 2927/3229/2455
f 2927/3229/2455 928/967/359 2928/3230/2455
f 2925/3227/2458 2926/3221/2454 2931/3225/2455
f 2931/3225/2455 2926/3221/2454 2930/3224/2455
f 2933/3231/2459 963/1004/394 2934/3232/2459
f 2934/3232/2459 963/1004/394 962/1005/394
f 2934/3232/2459 962/1005/394 2932/3233/2459
f 2932/3233/2459 488/3234/51 2934/3232/2459
f 2934/3232/2459 488/3234/51 487/3235/51
f 2934/3232/2459 487/3235/51 2933/3231/2459
f 995/1041/429 994/1038/429 2938/3236/2460
f 2938/3236/2460 994/1038/429 2941/3237/2461
f 2938/3236/2460 2941/3237/2461 2942/3238/2461
f 2942/3238/2461 2941/3237/2461 491/3239/94
f 2942/3238/2461 491/3239/94 2943/3240/2461
f 2943/3241/2461 491/3242/94 2936/3243/2462
f 2943/3240/2461 2936/3244/2462 2937/3245/2463
f 2935/3246/2461 2939/3247/2461 994/1038/429
f 994/1038/2464 2939/3247/2461 2940/3248/2461
f 994/1038/429 2940/3248/2461 2941/3237/2461
f 2941/3237/2461 2940/3248/2461 492/3249/94
f 2941/3237/2461 492/3249/94 491/3239/94
f 2935/3246/2461 492/3249/94 2939/3247/2461
f 2939/3247/2461 492/3249/94 2940/3248/2461
f 2937/3245/2463 2938/3236/2460 2943/3240/2461
f 2943/3240/2461 2938/3236/2460 2942/3238/2461
f 1005/1053/437 1004/1055/2465 2946/3250/2466
f 2946/3250/2466 1004/1055/2465 2947/3251/2467
f 2946/3250/2466 2947/3251/2467 2945/3252/2468
f 2945/3252/2468 2947/3251/2467 2944/3253/2469
f 2944/3253/2469 2947/3251/2467 988/1034/428
f 988/1034/428 2947/3251/2467 989/1036/428
f 989/1036/428 2947/3251/2467 1002/1047/431
f 1002/1047/431 2947/3251/2467 1003/1048/2470
f 1003/1048/432 2947/3251/2467 1004/1055/2465
f 2951/3254/2471 57/67/95 2952/3255/2472
f 2952/3255/2473 57/67/95 56/62/95
f 2952/3255/2473 56/62/95 2954/3256/2474
f 2954/3257/2474 56/3258/95 55/3259/95
f 2954/3257/2474 55/3259/95 2956/3260/2475
f 2956/3260/2475 55/3259/95 54/3261/95
f 2956/3260/2475 54/3261/3 2958/3262/2476
f 2958/3262/2476 54/3261/3 53/3263/3
f 2958/3262/2476 53/3263/95 2960/3264/2477
f 2960/3264/2477 53/3263/95 52/3265/95
f 2960/3266/2477 52/3267/95 2962/3268/2478
f 2962/3269/2478 52/3270/3 51/3271/3
f 2962/3272/2478 51/59/3 2964/3273/2479
f 2964/3273/2479 51/59/95 50/61/3
f 2964/3273/2479 50/61/95 2948/3274/2480
f 2948/3275/2480 2949/3276/2481 2964/3277/2479
f 2964/3277/2479 2949/3276/2481 2965/3278/2482
f 2964/3279/2479 2965/3280/2483 2962/3281/2478
f 2962/3281/2478 2965/3280/2482 2963/3282/2484
f 2962/3281/2478 2963/3282/2484 2960/3264/2477
f 2960/3264/2477 2963/3282/2484 2961/3283/2485
f 2960/3264/2477 2961/3283/2486 2958/3262/2476
f 2958/3262/2476 2961/3283/2486 2959/3284/2487
f 2958/3262/2476 2959/3284/2487 2956/3260/2475
f 2956/3260/2475 2959/3284/2487 2957/3285/2488
f 2956/3260/2475 2957/3285/2488 2954/3257/2474
f 2954/3257/2474 2957/3285/2489 2955/3286/2490
f 2954/3257/2474 2955/3286/2491 2952/3287/2473
f 2952/3287/2472 2955/3286/2491 2953/3288/2492
f 2952/3289/2473 2953/3290/2492 2951/3291/2471
f 2951/3291/2471 2953/3290/2492 2950/3292/2493
f 2950/3292/2493 2953/3290/2492 2681/2836/2494
f 2681/2836/2217 2953/3290/2492 2682/2834/2255
f 2682/2834/2255 2953/3290/2492 2955/3293/2491
f 2682/3294/2495 2955/3286/2490 2683/2868/2253
f 2683/2868/2253 2955/3286/2491 2957/3285/2496
f 2683/2868/2497 2957/3285/2488 2684/2867/2251
f 2684/2867/2251 2957/3285/2498 2959/3284/2487
f 2684/2867/2251 2959/3284/2487 2685/2866/2249
f 2685/2866/2249 2959/3284/2487 2961/3283/2486
f 2685/2866/2249 2961/3283/2485 2686/2865/2247
f 2686/2865/2247 2961/3283/2486 2963/3282/2484
f 2686/2865/2247 2963/3282/2484 2687/3295/2244
f 2687/2861/2244 2963/3296/2484 2965/3278/2499
f 2687/2861/2244 2965/3278/2499 2688/2860/2243
f 2688/2860/2242 2965/3278/2482 2949/3276/2481
f 2969/3297/2500 81/3298/3 2970/3299/2501
f 2970/3299/2501 81/3298/3 80/3300/3
f 2970/3301/2501 80/3302/95 2972/3303/2502
f 2972/3304/2503 80/3305/95 79/3306/95
f 2972/3307/2502 79/14/3 2974/3308/2504
f 2974/3308/2505 79/14/95 78/19/3
f 2974/3308/2504 78/19/95 2976/3309/2506
f 2976/3309/2507 78/19/3 77/22/95
f 2976/3309/2506 77/22/95 2978/3310/2508
f 2978/3310/2509 77/22/95 76/82/95
f 2978/3310/2509 76/82/95 2980/3311/2510
f 2980/3311/2510 76/82/95 75/81/95
f 2980/3311/2510 75/81/3 2982/3312/2511
f 2982/3312/2511 75/81/3 74/80/3
f 2982/3312/2511 74/80/95 2966/3313/2512
f 2966/3313/2513 2967/3314/2514 2982/3312/2515
f 2982/3312/2515 2967/3314/2514 2983/3315/2516
f 2982/3312/2511 2983/3315/2516 2980/3311/2517
f 2980/3311/2510 2983/3315/2516 2981/3316/2518
f 2980/3311/2510 2981/3316/2518 2978/3310/2509
f 2978/3310/2509 2981/3316/2518 2979/3317/2519
f 2978/3318/2509 2979/3319/2520 2976/3320/2506
f 2976/3320/2507 2979/3319/2520 2977/3321/2521
f 2976/3320/2507 2977/3321/2522 2974/3322/2523
f 2974/3322/2504 2977/3321/2522 2975/3323/2524
f 2974/3324/2504 2975/3325/2524 2972/3326/2503
f 2972/3326/2503 2975/3325/2524 2973/3327/2525
f 2972/3326/2503 2973/3327/2525 2970/3299/2526
f 2970/3299/2527 2973/3327/2525 2971/3328/2528
f 2970/3299/2501 2971/3328/2528 2969/3297/2500
f 2969/3297/2500 2971/3328/2528 2968/3329/2529
f 2968/3329/2529 2971/3328/2528 2751/2949/2289
f 2751/2949/2289 2971/3328/2528 2752/2948/2288
f 2752/2948/2288 2971/3328/2528 2973/3327/2525
f 2752/2948/2288 2973/3327/2525 2753/3330/2530
f 2753/2984/2531 2973/3331/2525 2975/3323/2524
f 2753/2984/2530 2975/3323/2524 2754/2983/2532
f 2754/2983/2533 2975/3323/2534 2977/3321/2522
f 2754/2983/2313 2977/3321/2522 2755/2981/2311
f 2755/2981/2311 2977/3321/2521 2979/3319/2535
f 2755/2981/2311 2979/3319/2535 2756/2979/2309
f 2756/2979/2310 2979/3319/2520 2981/3332/2518
f 2756/3333/2310 2981/3334/2518 2757/3335/2308
f 2757/3336/2308 2981/3337/2518 2983/3338/2516
f 2757/3339/2308 2983/3315/2516 2758/3340/2307
f 2758/3340/2307 2983/3315/2516 2967/3314/2514
f 2987/3341/2536 33/57/95 2988/3342/2537
f 2988/3342/2537 33/57/95 32/56/95
f 2988/3342/2537 32/56/3 2990/3343/2538
f 2990/3343/2539 32/56/3 31/55/3
f 2990/3343/2538 31/55/3 2992/3344/2540
f 2992/3344/2541 31/55/95 30/32/95
f 2992/3344/2542 30/32/95 2994/3345/2543
f 2994/3345/2543 30/32/95 29/47/3
f 2994/3345/2543 29/47/3 2996/3346/2544
f 2996/3346/2544 29/47/3 28/52/3
f 2996/3346/2545 28/52/95 2998/3347/2546
f 2998/3348/2546 28/2073/3 27/3349/3
f 2998/3350/2546 27/3351/3 3000/3352/2547
f 3000/3353/2548 27/3354/3 26/3355/3
f 3000/3353/2547 26/3355/3 2984/3356/2549
f 2984/3356/2549 2985/3357/2550 3000/3353/2547
f 3000/3353/2547 2985/3357/2551 3001/3358/2552
f 3000/3353/2547 3001/3358/2552 2998/3359/2546
f 2998/3359/2546 3001/3358/2553 2999/3360/2554
f 2998/3359/2546 2999/3360/2554 2996/3361/2545
f 2996/3361/2544 2999/3360/2555 2997/3362/2556
f 2996/3363/2557 2997/3364/2556 2994/3365/2558
f 2994/3365/2543 2997/3364/2559 2995/3366/2560
f 2994/3365/2543 2995/3366/2560 2992/3367/2541
f 2992/3367/2542 2995/3366/2560 2993/3368/2561
f 2992/3344/2542 2993/3369/2562 2990/3343/2539
f 2990/3343/2538 2993/3369/2561 2991/3370/2563
f 2990/3343/2538 2991/3370/2564 2988/3342/2537
f 2988/3342/2537 2991/3370/2563 2989/3371/2565
f 2988/3342/2537 2989/3371/2565 2987/3341/2536
f 2987/3341/2536 2989/3371/2566 2986/3372/2567
f 2986/3372/2567 2989/3371/2565 2715/3373/2257
f 2715/3373/2568 2989/3371/2565 2716/3374/2256
f 2716/3375/2256 2989/3376/2566 2991/3377/2564
f 2716/3378/2569 2991/3379/2564 2717/3380/2286
f 2717/2926/2570 2991/3381/2564 2993/3368/2562
f 2717/2926/2286 2993/3368/2562 2718/2924/2284
f 2718/2924/2284 2993/3368/2571 2995/3366/2560
f 2718/2924/2284 2995/3366/2560 2719/2923/2280
f 2719/2923/2280 2995/3366/2560 2997/3364/2556
f 2719/2923/2280 2997/3364/2572 2720/2921/2279
f 2720/2921/2279 2997/3364/2573 2999/3382/2554
f 2720/3383/2279 2999/3360/2554 2721/2917/2278
f 2721/2917/2278 2999/3360/2554 3001/3358/2574
f 2721/2917/2278 3001/3358/2574 2722/2916/2575
f 2722/2916/2575 3001/3358/2552 2985/3357/2551
f 3005/3384/2576 458/479/92 3006/3385/2577
f 3006/3385/2577 458/479/92 457/476/92
f 3006/3385/2577 457/476/92 3008/3386/2578
f 3008/3386/2578 457/476/92 456/471/92
f 3008/3386/2579 456/471/92 3010/3387/2580
f 3010/3387/2580 456/471/92 455/469/92
f 3010/3387/2580 455/469/92 3012/3388/2581
f 3012/3388/2581 455/469/92 454/468/92
f 3012/3388/2581 454/468/92 3014/3389/2582
f 3014/3389/2582 454/468/92 453/466/92
f 3014/3389/2582 453/466/92 3016/3390/2583
f 3016/3390/2583 453/466/92 452/464/92
f 3016/3390/2583 452/464/92 3018/3391/2584
f 3018/3391/2584 452/464/92 451/463/92
f 3018/3392/2584 451/3393/92 3002/3394/2585
f 3002/3394/2585 451/3393/92 450/3395/92
f 3002/3394/2585 3003/3396/2586 3018/3392/2584
f 3018/3392/2584 3003/3396/2586 3019/3397/2587
f 3018/3392/2584 3019/3397/2587 3016/3398/2583
f 3016/3398/2583 3019/3397/2587 3017/3399/2588
f 3016/3398/2583 3017/3399/2588 3014/3400/2582
f 3014/3400/2582 3017/3399/2588 3015/3401/2589
f 3014/3402/2582 3015/3403/2589 3012/3404/2581
f 3012/3404/2581 3015/3403/2589 3013/3405/2590
f 3012/3404/2581 3013/3405/2590 3010/3406/2580
f 3010/3406/2580 3013/3405/2590 3011/3407/2591
f 3010/3387/2580 3011/3408/2592 3008/3386/2578
f 3008/3386/2579 3011/3408/2591 3009/3409/2593
f 3008/3386/2578 3009/3409/2594 3006/3385/2595
f 3006/3385/2577 3009/3409/2594 3007/3410/2596
f 3006/3385/2595 3007/3410/2596 3005/3384/2576
f 3005/3384/2576 3007/3410/2596 3004/3411/2597
f 3004/3412/2597 3007/3413/2596 2787/3008/2332
f 2787/3414/2332 3007/3415/2596 2788/3416/2330
f 2788/3417/2330 3007/3418/2596 3009/3419/2593
f 2788/3420/2330 3009/3421/2594 2789/3422/2356
f 2789/3039/2356 3009/3423/2594 3011/3407/2591
f 2789/3039/2356 3011/3407/2591 2790/3037/2353
f 2790/3037/2353 3011/3407/2591 3013/3405/2590
f 2790/3037/2353 3013/3405/2590 2791/3036/2351
f 2791/3036/2351 3013/3405/2598 3015/3403/2589
f 2791/3036/2351 3015/3403/2589 2792/3034/2348
f 2792/3034/2348 3015/3403/2589 3017/3424/2588
f 2792/3425/2348 3017/3399/2588 2793/3031/2346
f 2793/3031/2346 3017/3399/2588 3019/3397/2587
f 2793/3031/2346 3019/3397/2587 2794/3030/2344
f 2794/3030/2344 3019/3397/2587 3003/3396/2599
f 2821/3080/2153 1291/3081/2149 3022/3426/2600
f 3022/3426/2601 1291/3081/2149 1290/3427/2602
f 3022/3426/2601 1290/3427/2602 3021/3428/2603
f 3021/3428/2603 1290/3427/2602 1289/3429/2604
f 3021/3428/2603 1289/3429/2604 1288/3430/2605
f 481/461/92 480/459/92 1288/3431/2605
f 1288/3430/2605 480/3432/92 3021/3428/2603
f 3021/3433/2603 480/3434/92 3023/3435/2606
f 3023/3436/2607 480/3437/92 479/3438/92
f 3023/3439/2608 479/457/92 3025/3440/2609
f 3025/3440/2609 479/457/92 478/465/92
f 3025/3440/2609 478/465/92 3027/3441/2610
f 3027/3441/2611 478/465/92 477/467/92
f 3027/3441/2611 477/467/92 3032/3442/2612
f 3032/3442/2612 477/467/92 3029/3443/2613
f 3032/3444/2612 3029/3445/2613 3030/3446/2614
f 3030/3447/2614 3029/3443/2613 3034/3448/2615
f 3030/3446/2614 3034/3449/2615 2825/3071/2160
f 2825/3071/2616 3034/3449/2615 2826/3069/2162
f 2826/3069/2162 3034/3449/2615 3036/3450/2617
f 2826/3451/2162 3036/3452/2617 2827/3453/2618
f 2827/3454/2164 3036/3455/2617 3020/3456/2619
f 2827/3457/2164 3020/3458/2619 1299/3459/2165
f 1299/3459/2165 3020/3458/2620 1300/3460/2621
f 1300/3460/2622 3020/3458/2619 3037/3461/2623
f 1300/3460/2622 3037/3461/2624 1301/3462/2625
f 1301/3462/2625 3037/3461/2624 1302/3463/2626
f 1302/3463/2626 3037/3461/2623 474/473/92
f 1302/3463/2626 474/473/92 473/475/92
f 477/467/92 476/470/92 3029/3443/2613
f 3029/3443/2613 476/470/92 3033/3464/2627
f 3029/3443/2628 3033/3464/2627 3034/3448/2615
f 3034/3448/2629 3033/3464/2627 3036/3465/2617
f 476/470/92 475/472/92 3033/3464/2627
f 3033/3464/2627 475/472/92 3035/3466/2630
f 3033/3464/2627 3035/3466/2631 3036/3465/2632
f 3036/3465/2617 3035/3466/2631 3020/3458/2619
f 475/472/92 474/473/92 3035/3466/2631
f 3035/3466/2630 474/473/92 3037/3461/2623
f 3035/3466/2630 3037/3461/2624 3020/3458/2619
f 2825/3071/2160 2824/3073/12 3030/3446/2614
f 3030/3446/2614 2824/3073/12 3031/3467/2633
f 3030/3446/2614 3031/3467/2634 3032/3444/2612
f 3032/3444/2612 3031/3467/2634 3027/3468/2611
f 3031/3467/2633 2824/3073/12 3028/3469/2635
f 3028/3469/2635 2824/3073/91 2823/3075/2157
f 3028/3469/2635 2823/3075/2156 3026/3470/2636
f 3026/3470/2636 2823/3075/2156 2822/3077/2154
f 3026/3471/2636 2822/3079/2154 3024/3472/2637
f 3024/3472/2637 2822/3079/2154 2821/3080/2151
f 3024/3472/2637 2821/3080/2151 3022/3426/2600
f 3024/3472/2637 3022/3426/2600 3021/3428/2638
f 3026/3471/2636 3024/3472/2637 3023/3473/2639
f 3023/3473/2639 3024/3472/2637 3021/3428/2638
f 3028/3474/2635 3026/3471/2636 3025/3475/2609
f 3025/3475/2609 3026/3471/2636 3023/3473/2639
f 3031/3467/2634 3028/3469/2635 3027/3468/2611
f 3027/3476/2611 3028/3474/2635 3025/3475/2609
f 2659/3477/2184 1525/3478/2188 3040/3479/2640
f 3040/3479/2641 1525/3478/2188 1524/3480/2642
f 3040/3479/2641 1524/3480/2642 3039/3481/2643
f 3039/3481/2643 1524/3480/2642 1523/3482/2644
f 3039/3481/2643 1523/3482/2644 1522/3483/2645
f 125/133/4 124/130/4 1522/3483/2645
f 1522/3483/2645 124/130/4 3039/3481/2643
f 3039/3481/2643 124/130/4 3041/3484/2646
f 3041/3484/2647 124/130/4 123/106/4
f 3041/3484/2648 123/106/4 3043/3485/2649
f 3043/3485/2649 123/106/4 122/105/4
f 3043/3485/2649 122/105/4 3045/3486/2650
f 3045/3486/2651 122/105/4 121/108/4
f 3045/3486/2651 121/108/4 3050/3487/2652
f 3050/3487/2652 121/108/4 3047/3488/2653
f 3050/3489/2652 3047/3490/2653 3048/3491/2654
f 3048/3492/2654 3047/3493/2653 3052/3494/2655
f 3048/3491/2654 3052/3495/2655 2663/2790/2180
f 2663/2790/2656 3052/3495/2655 2664/2788/2179
f 2664/2787/2179 3052/3494/2655 3054/3496/2657
f 2664/2787/2179 3054/3496/2657 2665/2786/2658
f 2665/2786/2178 3054/3496/2657 3055/3497/2659
f 2665/2786/2178 3055/3497/2659 1533/2785/2177
f 1533/2785/2177 3055/3497/2660 1534/3498/2661
f 1534/3498/2662 3055/3497/2659 3038/3499/2663
f 1534/3498/2662 3038/3499/2664 1535/3500/2665
f 1535/3500/2665 3038/3499/2664 1536/3501/2666
f 1536/3501/2666 3038/3499/2663 118/3502/4
f 1536/3503/2666 118/113/4 117/129/4
f 121/108/4 120/109/4 3047/3488/2653
f 3047/3488/2653 120/109/4 3051/3504/2667
f 3047/3493/2668 3051/3505/2667 3052/3494/2655
f 3052/3494/2669 3051/3505/2667 3054/3496/2657
f 120/109/4 119/111/4 3051/3504/2667
f 3051/3504/2667 119/111/4 3053/3506/2670
f 3051/3505/2667 3053/3507/2671 3054/3496/2672
f 3054/3496/2657 3053/3507/2671 3055/3497/2659
f 119/3508/4 118/3502/4 3053/3507/2671
f 3053/3507/2670 118/3502/4 3038/3499/2663
f 3053/3507/2670 3038/3499/2664 3055/3497/2659
f 2663/2790/2180 2662/2792/9 3048/3491/2654
f 3048/3491/2654 2662/2792/9 3049/3509/2673
f 3048/3491/2654 3049/3509/2674 3050/3489/2652
f 3050/3489/2652 3049/3509/2674 3045/3510/2651
f 3049/3509/2673 2662/2792/9 3046/3511/2675
f 3046/3511/2675 2662/2792/88 2661/2794/2181
f 3046/3511/2675 2661/2794/2182 3044/3512/2676
f 3044/3513/2676 2661/3514/2182 2660/3515/2183
f 3044/3516/2676 2660/3517/2183 3042/3518/2677
f 3042/3519/2677 2660/3520/2183 2659/3477/2185
f 3042/3519/2677 2659/3477/2185 3040/3479/2640
f 3042/3519/2677 3040/3479/2640 3039/3481/2678
f 3044/3521/2676 3042/3519/2677 3041/3484/2679
f 3041/3484/2679 3042/3519/2677 3039/3481/2678
f 3046/3522/2675 3044/3521/2676 3043/3485/2649
f 3043/3485/2649 3044/3521/2676 3041/3484/2679
f 3049/3509/2674 3046/3511/2675 3045/3510/2651
f 3045/3486/2651 3046/3522/2675 3043/3485/2649
f 2637/2751/2164 1327/2752/2165 3058/3523/2680
f 3058/3523/2680 1327/2752/2165 1326/3524/2681
f 3058/3523/2680 1326/3524/2681 3057/3525/2682
f 3057/3525/2683 1326/3524/2684 1325/3526/2685
f 3057/3525/2683 1325/3526/2685 1324/3527/2686
f 138/98/4 137/97/4 1324/3528/2687
f 1324/3527/2687 137/3529/4 3057/3525/2682
f 3057/3525/2682 137/3529/4 3059/3530/2688
f 3059/3530/2689 137/3529/4 136/3531/4
f 3059/3530/2688 136/3531/4 3061/3532/2690
f 3061/3533/2690 136/100/4 135/101/4
f 3061/3533/2690 135/101/4 3063/3534/2691
f 3063/3534/2691 135/101/4 134/103/4
f 3063/3534/2691 134/103/4 3068/3535/2692
f 3068/3535/2692 134/103/4 3065/3536/2693
f 3068/3537/2694 3065/3538/2693 3066/3539/2695
f 3066/3540/2695 3065/3536/2696 3070/3541/2697
f 3066/3539/2695 3070/3542/2697 2641/2743/2156
f 2641/2743/2156 3070/3542/2697 2642/2740/2154
f 2642/2740/2154 3070/3542/2697 3072/3543/2698
f 2642/3544/2154 3072/3545/2698 2643/3546/2151
f 2643/3546/2153 3072/3545/2698 3073/3547/2699
f 2643/3546/2153 3073/3547/2699 1335/3548/2149
f 1335/3548/2149 3073/3547/2700 1336/3549/2701
f 1336/3549/2702 3073/3547/2703 3056/3550/2704
f 1336/3549/2702 3056/3550/2704 1337/3551/2705
f 1337/3551/2705 3056/3550/2704 1338/3552/2706
f 1338/3552/2706 3056/3550/2704 131/136/4
f 1338/3552/2706 131/136/4 130/138/4
f 134/103/4 133/104/4 3065/3536/2693
f 3065/3536/2693 133/104/4 3069/3553/2707
f 3065/3536/2696 3069/3553/2707 3070/3541/2697
f 3070/3541/2697 3069/3553/2707 3072/3545/2698
f 133/104/4 132/132/4 3069/3553/2707
f 3069/3553/2707 132/132/4 3071/3554/2708
f 3069/3553/2707 3071/3554/2709 3072/3545/2698
f 3072/3545/2698 3071/3554/2709 3073/3547/2703
f 132/132/4 131/136/4 3071/3554/2709
f 3071/3554/2710 131/136/4 3056/3550/2704
f 3071/3554/2711 3056/3550/2704 3073/3547/2703
f 2641/2743/2157 2640/2745/91 3066/3539/2695
f 3066/3539/2695 2640/2745/91 3067/3555/2712
f 3066/3539/2695 3067/3555/2712 3068/3537/2692
f 3068/3537/2692 3067/3555/2712 3063/3556/2713
f 3067/3555/2712 2640/2745/12 3064/3557/2714
f 3064/3557/2714 2640/2745/12 2639/2747/2160
f 3064/3557/2714 2639/2747/2160 3062/3558/2715
f 3062/3559/2715 2639/3560/2616 2638/2750/2162
f 3062/3559/2715 2638/2750/2162 3060/3561/2716
f 3060/3561/2716 2638/2750/2162 2637/2751/2618
f 3060/3561/2716 2637/2751/2164 3058/3523/2680
f 3060/3561/2716 3058/3523/2680 3057/3525/2682
f 3062/3559/2715 3060/3561/2716 3059/3530/2689
f 3059/3530/2689 3060/3561/2716 3057/3525/2683
f 3064/3562/2714 3062/3559/2715 3061/3532/2690
f 3061/3532/2690 3062/3559/2715 3059/3530/2717
f 3067/3555/2712 3064/3557/2714 3063/3556/2691
f 3063/3563/2718 3064/3562/2714 3061/3532/2690
f 3077/3564/2719 161/3565/1113 3078/3566/2720
f 3078/3566/2720 161/3565/8 160/3567/8
f 3078/3352/2720 160/3568/8 3080/3569/2721
f 3080/3570/2721 160/1942/1113 159/3571/1113
f 3080/3572/2721 159/184/1113 3082/3573/2722
f 3082/3573/2722 159/184/1113 158/158/1113
f 3082/3573/2723 158/158/1113 3084/3574/2724
f 3084/3574/2725 158/158/1113 157/174/8
f 3084/3574/2724 157/174/1113 3086/3575/2726
f 3086/3575/2727 157/174/8 156/177/1113
f 3086/3575/2728 156/177/8 3088/3576/2729
f 3088/3576/2730 156/177/1113 155/179/1113
f 3088/3576/2729 155/179/1113 3090/3577/2731
f 3090/3577/2731 155/179/8 154/181/8
f 3090/3577/2731 154/181/8 3074/3578/2732
f 3074/3578/2733 3075/3579/2734 3090/3577/2731
f 3090/3577/2735 3075/3579/2736 3091/3580/2737
f 3090/3577/2731 3091/3580/2737 3088/3576/2730
f 3088/3576/2730 3091/3580/2737 3089/3581/2738
f 3088/3576/2730 3089/3581/2738 3086/3575/2727
f 3086/3575/2728 3089/3581/2738 3087/3582/2739
f 3086/3583/2727 3087/3584/2740 3084/3585/2741
f 3084/3585/2724 3087/3584/2739 3085/3586/2742
f 3084/3585/2724 3085/3586/2743 3082/3587/2723
f 3082/3587/2723 3085/3586/2743 3083/3588/2744
f 3082/3589/2723 3083/3590/2745 3080/3591/2746
f 3080/3591/2747 3083/3590/2748 3081/3592/2749
f 3080/3591/2750 3081/3592/2749 3078/3566/2720
f 3078/3566/2720 3081/3592/2749 3079/3593/2751
f 3078/3566/2752 3079/3593/2751 3077/3564/2719
f 3077/3564/2719 3079/3593/2751 3076/3594/2753
f 3076/3594/2753 3079/3593/2751 2586/2661/2103
f 2586/2661/2103 3079/3593/2751 2587/2659/2102
f 2587/2659/2102 3079/3593/2751 3081/3592/2749
f 2587/2659/2102 3081/3592/2749 2588/3595/2130
f 2588/2698/2130 3081/3596/2749 3083/3588/2744
f 2588/2698/2131 3083/3588/2748 2589/2696/2129
f 2589/2696/2129 3083/3588/2745 3085/3586/2743
f 2589/2696/2754 3085/3586/2742 2590/2695/2127
f 2590/2695/2128 3085/3586/2742 3087/3584/2740
f 2590/2695/2755 3087/3584/2740 2591/2693/2756
f 2591/2693/2125 3087/3584/2739 3089/3597/2738
f 2591/3598/2756 3089/3599/2738 2592/3600/2124
f 2592/3601/2124 3089/3602/2738 3091/3603/2737
f 2592/3604/2124 3091/3580/2737 2593/3605/2123
f 2593/3605/2123 3091/3580/2737 3075/3579/2736
f 3095/3606/2757 209/212/8 3096/3607/2758
f 3096/3607/2759 209/212/8 208/140/8
f 3096/3607/2758 208/140/8 3098/3608/2760
f 3098/3608/2760 208/140/8 207/145/8
f 3098/3608/2760 207/145/1113 3100/3609/2761
f 3100/3609/2762 207/145/8 206/147/8
f 3100/3609/2762 206/147/8 3102/3610/2763
f 3102/3610/2763 206/147/8 205/150/1113
f 3102/3610/2763 205/150/1113 3104/3611/2764
f 3104/3611/2765 205/150/1113 204/211/1113
f 3104/3611/2766 204/211/8 3106/3612/2767
f 3106/3613/2768 204/3614/8 203/3615/8
f 3106/3616/2767 203/3617/8 3108/3618/2769
f 3108/3619/2769 203/3620/1113 202/3621/1113
f 3108/3619/2769 202/3621/1113 3092/3622/2770
f 3092/3622/2771 3093/3623/2772 3108/3619/2769
f 3108/3619/2773 3093/3623/2772 3109/3624/2774
f 3108/3619/2769 3109/3624/2774 3106/3625/2767
f 3106/3625/2768 3109/3624/2775 3107/3626/2776
f 3106/3625/2767 3107/3626/2777 3104/3627/2766
f 3104/3627/2764 3107/3626/2777 3105/3628/2778
f 3104/3629/2764 3105/3630/2779 3102/3631/2763
f 3102/3631/2763 3105/3630/2780 3103/3632/2781
f 3102/3631/2763 3103/3632/2781 3100/3633/2762
f 3100/3633/2782 3103/3632/2781 3101/3634/2783
f 3100/3609/2762 3101/3635/2783 3098/3608/2760
f 3098/3608/2760 3101/3635/2784 3099/3636/2785
f 3098/3608/2786 3099/3636/2787 3096/3607/2758
f 3096/3607/2758 3099/3636/2788 3097/3637/2789
f 3096/3607/2758 3097/3637/2790 3095/3606/2757
f 3095/3606/2791 3097/3637/2790 3094/3638/2792
f 3094/3638/2792 3097/3637/2790 2550/3639/2793
f 2550/3639/2793 3097/3637/2789 2551/3640/2075
f 2551/3640/2075 3097/3637/2789 3099/3636/2788
f 2551/3640/2075 3099/3636/2788 2552/3641/2101
f 2552/2642/2101 3099/3642/2788 3101/3634/2794
f 2552/2642/2101 3101/3634/2795 2553/2641/2796
f 2553/2641/2796 3101/3634/2784 3103/3632/2781
f 2553/2641/2796 3103/3632/2781 2554/2639/2098
f 2554/2639/2098 3103/3632/2781 3105/3630/2778
f 2554/2639/2098 3105/3630/2780 2555/2637/2097
f 2555/2637/2797 3105/3630/2780 3107/3643/2777
f 2555/3644/2097 3107/3626/2777 2556/2633/2798
f 2556/2633/2095 3107/3626/2777 3109/3624/2799
f 2556/2633/2095 3109/3624/2774 2557/2631/2800
f 2557/2631/2094 3109/3624/2774 3093/3623/2801
f 3113/3645/2802 185/196/1113 3114/3646/2803
f 3114/3646/2803 185/196/8 184/191/1113
f 3114/3646/2803 184/191/8 3116/3647/2804
f 3116/3647/2804 184/191/8 183/152/8
f 3116/3647/2804 183/152/1113 3118/3648/2805
f 3118/3648/2805 183/152/1113 182/153/1113
f 3118/3648/2805 182/153/8 3120/3649/2806
f 3120/3649/2806 182/153/8 181/155/8
f 3120/3649/2806 181/155/8 3122/3650/2807
f 3122/3650/2807 181/155/1113 180/157/1113
f 3122/3650/2807 180/157/8 3124/3651/2808
f 3124/3651/2808 180/157/1113 179/188/1113
f 3124/3651/2808 179/188/1113 3126/3652/2809
f 3126/3652/2809 179/188/1113 178/190/1113
f 3126/3652/2810 178/190/1113 3110/3653/2811
f 3110/3653/2811 3111/3654/2812 3126/3652/2809
f 3126/3652/2809 3111/3654/2812 3127/3655/2813
f 3126/3652/2809 3127/3655/2813 3124/3651/2808
f 3124/3651/2808 3127/3655/2814 3125/3656/2815
f 3124/3651/2808 3125/3656/2816 3122/3650/2817
f 3122/3650/2817 3125/3656/2815 3123/3657/2818
f 3122/3650/2807 3123/3657/2818 3120/3649/2806
f 3120/3649/2806 3123/3657/2818 3121/3658/2819
f 3120/3649/2806 3121/3658/2819 3118/3648/2805
f 3118/3648/2805 3121/3658/2819 3119/3659/2820
f 3118/3648/2805 3119/3659/2821 3116/3647/2804
f 3116/3647/2804 3119/3659/2820 3117/3660/2822
f 3116/3647/2804 3117/3660/2822 3114/3646/2803
f 3114/3646/2803 3117/3660/2822 3115/3661/2823
f 3114/3646/2803 3115/3661/2823 3113/3645/2802
f 3113/3645/2802 3115/3661/2823 3112/3662/2824
f 3112/3663/2824 3115/3664/2825 2516/2551/2826
f 2516/2551/2016 3115/3664/2827 2517/2549/2014
f 2517/2549/2014 3115/3664/2827 3117/3665/2822
f 2517/2549/2014 3117/3665/2822 2518/2587/2057
f 2518/3666/2057 3117/3667/2822 3119/3668/2821
f 2518/1752/2057 3119/3669/2820 2519/3670/2055
f 2519/3671/2055 3119/3672/2821 3121/3673/2819
f 2519/3674/2055 3121/3675/2819 2520/3571/2053
f 2520/3676/2053 3121/3677/2819 3123/2056/2828
f 2520/3678/2053 3123/3679/2818 2521/3680/2829
f 2521/3681/2051 3123/3668/2830 3125/3682/2815
f 2521/3683/2051 3125/3684/2816 2522/3685/2831
f 2522/2576/2049 3125/3686/2815 3127/3687/2813
f 2522/2576/2049 3127/3687/2813 2523/2575/2832
f 2523/2575/2045 3127/3687/2813 3111/3688/2812
f 301/301/91 3128/3689/2833 302/303/14
f 302/303/14 3128/3689/2833 3132/3690/2834
f 302/303/14 3132/3690/2834 303/306/19
f 303/306/19 3132/3690/2834 3133/3691/2835
f 303/306/19 3133/3691/2835 304/309/22
f 304/309/22 3133/3691/2835 3134/3692/2836
f 304/309/22 3134/3692/2836 305/312/2837
f 305/312/25 3134/3692/2836 3135/3693/2838
f 305/312/2837 3135/3693/2838 306/314/28
f 306/314/28 3135/3693/2838 3136/3694/2839
f 306/314/28 3136/3694/2839 307/317/32
f 307/317/32 3136/3694/2839 3137/3695/2840
f 307/321/32 3137/3696/2840 308/322/36
f 308/322/38 3137/3696/2840 3138/3697/2841
f 308/322/36 3138/3697/2841 309/325/40
f 309/325/40 3138/3697/2841 3139/3698/2842
f 309/325/40 3139/3698/2843 310/328/43
f 310/328/43 3139/3698/2843 3140/3699/2844
f 310/328/43 3140/3699/2844 311/331/47
f 311/331/47 3140/3699/2844 3141/3700/2845
f 311/331/47 3141/3700/2845 312/334/51
f 312/334/51 3141/3700/2845 3142/3701/2444
f 312/334/51 3142/3701/2444 313/337/54
f 313/337/54 3142/3701/2444 3143/3702/2846
f 313/337/53 3143/3702/2846 314/340/57
f 314/340/57 3143/3702/2846 3144/3703/2847
f 314/340/57 3144/3703/2847 315/343/60
f 315/343/60 3144/3703/2847 3145/3704/2848
f 315/343/60 3145/3704/2849 316/346/63
f 316/346/63 3145/3704/2848 3146/3705/2850
f 316/346/64 3146/3705/2850 317/349/67
f 317/349/67 3146/3705/2850 3147/3706/2851
f 317/351/67 3147/3707/2851 318/354/70
f 318/354/70 3147/3707/2851 3148/3708/2852
f 318/354/70 3148/3708/2852 319/357/89
f 319/357/73 3148/3708/2852 3149/3709/2853
f 319/357/76 3149/3709/2853 320/360/78
f 320/360/78 3149/3709/2853 3150/3710/2854
f 320/360/78 3150/3710/2854 321/362/80
f 321/362/80 3150/3710/2854 3151/3711/2855
f 321/362/80 3151/3711/2855 322/365/85
f 322/365/83 3151/3711/2855 3152/3712/2856
f 322/365/83 3152/3712/2856 3131/3713/2857
f 3131/3713/2857 3152/3712/2856 3130/3714/2590
f 3130/3714/2590 3152/3712/2856 852/884/282
f 3130/3714/2590 852/884/282 849/882/1
f 3128/3689/2833 3129/3715/2633 3132/3690/2834
f 3132/3690/2834 3129/3715/2633 872/927/328
f 3132/3690/2834 872/927/328 3133/3691/2835
f 3133/3691/2835 872/927/328 871/925/326
f 3133/3691/2835 871/925/326 3134/3692/2836
f 3134/3692/2836 871/925/326 870/923/324
f 3134/3692/2836 870/923/2858 3135/3693/2838
f 3135/3693/2838 870/923/324 869/3716/321
f 3135/3717/2838 869/919/321 3136/3718/2839
f 3136/3718/2839 869/919/321 868/917/2859
f 3136/3718/2839 868/917/2860 3137/3696/2840
f 3137/3696/2840 868/917/318 867/915/316
f 3137/3696/2840 867/915/316 3138/3697/2861
f 3138/3697/2841 867/915/316 866/913/313
f 3138/3697/2841 866/913/313 3139/3698/2842
f 3139/3698/2843 866/913/313 865/911/310
f 3139/3698/2843 865/911/310 3140/3699/2844
f 3140/3699/2844 865/911/310 864/909/308
f 3140/3699/2844 864/909/308 3141/3700/2845
f 3141/3700/2845 864/909/308 863/907/306
f 3141/3700/2845 863/907/306 3142/3701/2444
f 3142/3701/2444 863/907/306 862/906/305
f 3142/3701/2444 862/906/305 3143/3702/2846
f 3143/3702/2846 862/906/305 861/904/304
f 3143/3702/2846 861/904/304 3144/3703/2847
f 3144/3703/2847 861/904/304 860/902/302
f 3144/3703/2847 860/902/302 3145/3704/2848
f 3145/3704/2848 860/902/302 859/900/299
f 3145/3704/2849 859/900/299 3146/3705/2850
f 3146/3705/2850 859/900/299 858/898/296
f 3146/3705/2850 858/898/296 3147/3706/2851
f 3147/3706/2851 858/898/296 857/896/294
f 3147/3706/2851 857/896/294 3148/3719/2852
f 3148/3719/2852 857/896/294 856/894/291
f 3148/3719/2852 856/894/2862 3149/3720/2853
f 3149/3720/2853 856/894/291 855/892/289
f 3149/3709/2853 855/3721/289 3150/3710/2854
f 3150/3710/2854 855/3721/289 854/888/286
f 3150/3710/2854 854/888/286 3151/3711/2855
f 3151/3711/2855 854/888/2863 853/886/284
f 3151/3711/2855 853/886/284 3152/3712/2856
f 3152/3712/2856 853/886/284 852/884/282
f 3129/3715/2633 873/929/329 872/927/328
f 3131/3713/2857 223/236/88 322/365/83
f 3131/3713/2864 3155/3722/2865 223/236/88
f 223/236/9 3155/3722/2865 3156/3723/2865
f 223/236/88 3156/3723/2865 3157/3724/2865
f 3157/3724/2865 3156/3723/2865 3130/3714/2590
f 3157/3724/2865 3130/3714/2590 848/880/1
f 848/880/1 3130/3714/2598 849/882/1
f 3131/3713/2864 3130/3714/2590 3155/3722/2866
f 3155/3722/2865 3130/3714/2590 3156/3723/2865
f 3153/3725/2590 3160/3726/2865 848/880/1
f 848/880/1 3160/3726/2865 3159/3727/2865
f 848/880/1 3159/3727/2865 3158/3728/2865
f 3158/3728/2865 3159/3727/2865 3154/3729/2857
f 3158/3728/2865 3154/3729/2864 223/236/88
f 223/236/9 3154/3729/2857 224/233/88
f 3153/3725/2590 3154/3729/2864 3160/3726/2867
f 3160/3726/2865 3154/3729/2857 3159/3727/2865
f 3158/3728/2865 223/236/88 3157/3724/2865
f 848/880/1 3158/3728/2865 3157/3724/2865
f 3129/3715/2633 3163/3730/2868 873/929/329
f 873/929/329 3163/3730/2868 3164/3731/2868
f 873/929/329 3164/3731/2868 3165/3732/2868
f 3165/3732/2868 3164/3731/2868 3128/3689/2833
f 3165/3732/2868 3128/3689/2869 381/387/91
f 381/387/12 3128/3689/2833 301/301/91
f 3129/3715/2633 3128/3689/2869 3163/3730/2870
f 3163/3730/2868 3128/3689/2869 3164/3731/2868
f 3161/3733/2869 3168/3734/2868 381/387/91
f 381/387/91 3168/3734/2868 3167/3735/2868
f 381/387/91 3167/3735/2868 3166/3736/2868
f 3166/3736/2868 3167/3735/2868 3162/3737/2633
f 3166/3736/2868 3162/3737/2633 873/929/329
f 873/929/329 3162/3737/2633 919/960/329
f 3161/3733/2869 3162/3737/2633 3168/3734/2870
f 3168/3734/2868 3162/3737/2633 3167/3735/2868
f 3166/3736/2868 873/929/329 3165/3732/2868
f 381/387/12 3166/3736/2868 3165/3732/2868
f 224/233/88 3154/3729/2857 225/234/88
f 225/234/88 3154/3729/2857 3171/3738/2871
f 225/234/88 3171/3738/2871 3172/3739/2872
f 3172/3739/2873 3171/3738/2874 2830/3097/2875
f 3172/3739/2876 2830/3097/2875 3169/3740/2877
f 3169/3740/2878 2830/3097/2879 904/3741/348
f 3154/3729/2864 3153/3725/2590 3171/3738/2880
f 3171/3738/2871 3153/3725/2598 2830/3097/2881
f 848/880/1 2831/3095/2882 3153/3725/2590
f 3153/3725/2590 2831/3095/2882 2830/3097/2879
f 3169/3740/2883 3170/3742/2884 3172/3739/2873
f 3172/3739/2872 3170/3742/2884 225/234/88
f 3170/3742/2884 226/235/88 225/234/9
f 919/960/329 3162/3737/2633 2854/3141/2885
f 2854/3141/2381 3162/3737/2633 3175/3743/2886
f 2854/3141/2381 3175/3743/2886 2855/3139/2887
f 2855/3139/2887 3175/3743/2886 3176/3744/2888
f 2855/3139/2887 3176/3744/2889 3174/3745/2890
f 3174/3745/2890 3176/3744/2888 3173/3746/2891
f 3173/3746/2891 3176/3744/2888 379/385/12
f 379/385/91 3176/3744/2888 3175/3743/2886
f 379/385/12 3175/3743/2886 380/386/91
f 380/386/91 3175/3743/2886 3161/3733/2833
f 380/386/12 3161/3733/2869 381/387/91
f 3162/3737/2633 3161/3733/2869 3175/3743/2892
f 3174/3745/2890 939/3747/362 2855/3139/2887
f 3170/3742/2884 3179/3748/2893 226/235/9
f 226/235/9 3179/3748/2893 3180/3749/2894
f 226/235/88 3180/3749/2895 227/237/88
f 227/237/88 3180/3749/2894 3181/3750/2896
f 227/237/88 3181/3750/2896 3178/3751/2897
f 3178/3751/2897 3181/3750/2896 3177/3752/2898
f 3177/3752/2899 3181/3750/2900 902/941/2901
f 3177/3752/2898 902/941/2901 901/940/336
f 3170/3742/2884 3169/3740/2883 3179/3748/2893
f 3179/3748/2893 3169/3740/2883 903/3753/350
f 3179/3748/2893 903/3753/340 3180/3749/2894
f 3180/3749/2902 903/3753/350 902/941/2903
f 3180/3749/2894 902/941/2901 3181/3750/2900
f 3169/3740/2877 904/3741/348 903/3753/350
f 3178/3751/2897 228/241/88 227/237/88
f 940/3754/374 939/3747/362 3184/3755/2904
f 3184/3755/2904 939/3747/362 3174/3745/2905
f 3184/3755/2904 3174/3745/2906 3173/3746/2891
f 379/385/91 378/384/91 3173/3746/2891
f 3173/3746/2891 378/384/91 3184/3755/2904
f 377/383/12 3186/3756/2907 378/384/12
f 378/384/91 3186/3756/2907 3185/3757/2908
f 378/384/12 3185/3757/2909 3184/3755/2904
f 3184/3755/2904 3185/3757/2908 940/3754/2910
f 377/383/12 3182/3758/2911 3186/3756/2912
f 3186/3756/2907 3182/3758/2913 3183/3759/2914
f 3186/3756/2907 3183/3759/2914 941/992/2915
f 941/992/2915 3183/3759/2914 942/990/2431
f 3186/3756/2916 941/992/2915 3185/3757/2909
f 3185/3757/2909 941/992/2915 940/3754/2910
f 228/241/88 3178/3751/2897 229/242/88
f 229/242/88 3178/3751/2897 3189/3760/2917
f 229/242/9 3189/3760/2917 3188/3761/2918
f 3188/3761/2918 3189/3760/2917 3187/3762/2919
f 3187/3762/2919 3189/3760/2917 2891/3189/2920
f 3187/3762/2919 2891/3189/2920 2890/3190/2921
f 3178/3751/2897 3177/3752/2898 3189/3760/2917
f 3189/3760/2917 3177/3752/2898 2892/3187/2922
f 3189/3760/2917 2892/3187/2922 2891/3189/2923
f 3177/3752/2898 901/940/336 2892/3187/2922
f 2890/3190/2921 934/974/360 3187/3762/2919
f 231/245/9 230/244/88 3188/3761/2918
f 3188/3761/2918 230/244/9 229/242/9
f 942/990/2924 3183/3759/2914 2894/3194/2925
f 2894/3194/2925 3183/3759/2914 3192/3763/2926
f 2894/3194/2925 3192/3763/2926 2895/3193/2927
f 2895/3193/2927 3192/3763/2926 3191/3764/2928
f 2895/3193/2929 3191/3764/2928 2896/3191/2930
f 2896/3191/2930 3191/3764/2928 987/1032/428
f 3183/3759/2914 3182/3758/2913 3192/3763/2926
f 3192/3763/2926 3182/3758/2913 375/381/12
f 3192/3763/2926 375/381/91 3190/3765/2931
f 3190/3765/2931 375/381/91 374/379/12
f 377/383/91 376/382/91 3182/3758/2913
f 3182/3758/2913 376/382/91 375/381/91
f 3190/3765/2931 3191/3764/2928 3192/3763/2932
f 231/245/9 3188/3761/2918 232/246/9
f 232/246/9 3188/3761/2918 3194/3766/2918
f 3194/3766/2918 3188/3761/2918 3193/3767/2919
f 3193/3767/2919 3188/3761/2918 3187/3762/2919
f 3193/3767/2919 3187/3762/2919 933/972/360
f 933/972/360 3187/3762/2919 934/974/360
f 988/1034/428 987/1032/428 3196/3768/2928
f 3196/3768/2928 987/1032/428 3191/3764/2928
f 3196/3768/2928 3191/3764/2928 3195/3769/2931
f 3195/3769/2931 3191/3764/2928 3190/3765/2931
f 3195/3769/2931 3190/3765/2931 374/379/12
f 374/379/12 373/378/12 3195/3769/2931
f 232/246/88 3194/3766/2918 233/250/88
f 233/250/88 3194/3766/2918 234/253/88
f 234/253/88 3194/3766/2918 3199/3770/2933
f 234/253/88 3199/3770/2933 3200/3771/2934
f 3200/3771/2934 3199/3770/2933 2919/3219/2935
f 3200/3771/2934 2919/3219/2935 3197/3772/2936
f 3197/3772/2936 2919/3219/2935 968/1019/2451
f 3194/3766/2918 3193/3767/2919 3199/3770/2933
f 3199/3770/2933 3193/3767/2919 2920/3218/2937
f 3199/3770/2933 2920/3218/2938 2919/3219/2935
f 933/972/360 2921/3216/2939 3193/3767/2919
f 3193/3767/2919 2921/3216/2939 2920/3218/2940
f 3197/3772/2941 3198/3773/2942 3200/3771/2934
f 3200/3771/2934 3198/3773/2943 234/253/9
f 3198/3773/2942 235/254/88 234/253/88
f 988/1034/428 3196/3768/2928 2944/3253/2944
f 2944/3253/2944 3196/3768/2928 2945/3252/2945
f 2945/3252/2946 3196/3768/2928 3203/3774/2947
f 2945/3252/2948 3203/3774/2947 3204/3775/2949
f 3204/3775/2949 3203/3774/2947 370/375/91
f 3204/3775/2949 370/375/12 3201/3776/2950
f 3196/3768/2928 3195/3769/2931 3203/3774/2947
f 3203/3774/2947 3195/3769/2931 371/376/91
f 3203/3774/2947 371/376/12 370/375/91
f 373/378/91 372/377/91 3195/3769/2931
f 3195/3769/2931 372/377/91 371/376/91
f 3201/3776/2950 3202/3777/2951 3204/3775/2949
f 3204/3775/2949 3202/3777/2952 2946/3250/2953
f 3204/3775/2949 2946/3250/2953 2945/3252/2948
f 3202/3777/2952 1005/1053/2954 2946/3250/2953
f 235/254/9 3198/3773/2942 236/213/9
f 236/213/9 3198/3773/2942 3207/3778/2955
f 236/213/9 3207/3778/2956 3206/3779/2957
f 3206/3779/2958 3207/3778/2956 3205/3780/2959
f 3205/3780/2960 3207/3778/2956 966/3781/408
f 3205/3782/2960 966/1013/403 965/1007/396
f 3198/3773/2942 3197/3772/2936 3207/3778/2956
f 3207/3778/2955 3197/3772/2941 966/3781/2961
f 968/1019/2451 967/1021/2962 3197/3772/2936
f 3197/3772/2936 967/1021/2962 966/3781/408
f 3206/3779/2958 213/214/88 236/213/88
f 1005/1053/437 3202/3777/2952 1006/1054/2963
f 1006/1054/2963 3202/3777/2952 1007/3783/441
f 1007/3783/441 3202/3777/2952 3210/3784/2964
f 1007/3783/441 3210/3784/2965 3209/3785/2966
f 3209/3785/2967 3210/3784/2964 3208/3786/2968
f 3208/3786/2968 3210/3784/2965 368/373/12
f 368/373/91 3210/3784/2965 3201/3776/2950
f 368/373/12 3201/3776/2950 369/374/12
f 369/374/91 3201/3776/2950 370/375/91
f 3202/3777/2952 3201/3776/2950 3210/3784/2964
f 3209/3785/2966 1008/3787/448 1007/3783/450
f 213/214/9 3206/3779/2958 214/216/9
f 214/216/88 3206/3779/2958 3213/3788/2969
f 214/216/9 3213/3788/2970 3212/3789/2971
f 3212/3789/2972 3213/3788/2970 3211/3790/2673
f 3211/3790/2673 3213/3788/2970 2888/3791/2973
f 3211/3790/2673 2888/3791/2974 2887/3185/2416
f 3206/3779/2957 3205/3780/2975 3213/3788/2970
f 3213/3788/2970 3205/3780/2959 2888/3791/2976
f 3205/3782/2959 965/1007/396 2888/3179/2973
f 2887/3185/2977 999/1045/430 3211/3790/2673
f 3212/3789/2972 215/217/88 214/216/9
f 1008/3787/448 3209/3785/2978 2861/3159/2979
f 2861/3159/2979 3209/3785/2966 3216/3792/2980
f 2861/3159/2979 3216/3792/2981 3215/3793/2712
f 3215/3793/2982 3216/3792/2980 3214/3794/2983
f 3214/3794/2984 3216/3792/2980 367/372/12
f 3214/3794/2983 367/372/12 366/369/91
f 3209/3785/2978 3208/3786/2968 3216/3792/2980
f 3216/3792/2981 3208/3786/2968 367/372/91
f 3208/3786/2968 368/373/91 367/372/91
f 1067/1118/460 2862/3148/2985 3215/3793/2712
f 3215/3793/2712 2862/3148/2985 2861/3159/2979
f 3212/3789/2971 3219/3795/2986 215/217/88
f 215/217/88 3219/3795/2986 3220/3796/2986
f 215/217/88 3220/3796/2986 3221/3797/2986
f 3221/3797/2986 3220/3796/2986 3211/3790/2673
f 3221/3797/2986 3211/3790/2673 998/1043/430
f 998/1043/430 3211/3790/2673 999/1045/430
f 3212/3789/2971 3211/3790/2673 3219/3795/2987
f 3219/3795/2986 3211/3790/2673 3220/3796/2986
f 3217/3798/2673 3224/3799/2986 998/1043/430
f 998/1043/430 3224/3799/2986 3223/3800/2986
f 998/1043/430 3223/3800/2986 3222/3801/2986
f 3222/3801/2986 3223/3800/2986 3218/3802/2972
f 3222/3801/2986 3218/3802/2971 215/217/88
f 215/217/9 3218/3802/2972 216/218/88
f 3217/3798/2673 3218/3802/2971 3224/3799/2987
f 3224/3799/2986 3218/3802/2971 3223/3800/2986
f 3222/3801/2986 215/217/9 3221/3797/2986
f 998/1043/430 3222/3801/2986 3221/3797/2986
f 3215/3793/2712 3227/3803/2988 1067/1118/460
f 1067/1118/460 3227/3803/2988 3228/3804/2988
f 1067/1118/460 3228/3804/2988 3229/3805/2988
f 3229/3805/2988 3228/3804/2988 3214/3794/2983
f 3229/3805/2988 3214/3794/2984 365/368/91
f 365/368/12 3214/3794/2983 366/369/91
f 3215/3793/2712 3214/3794/2984 3227/3803/2989
f 3227/3803/2988 3214/3794/2983 3228/3804/2988
f 3225/3806/2984 3232/3807/2988 365/368/91
f 365/368/12 3232/3807/2988 3231/3808/2988
f 365/368/91 3231/3808/2988 3230/3809/2988
f 3230/3809/2988 3231/3808/2988 3226/3810/2712
f 3230/3809/2988 3226/3810/2712 1067/1118/460
f 1067/1118/460 3226/3810/2982 1024/1071/460
f 3225/3806/2984 3226/3810/2712 3232/3807/2990
f 3232/3807/2988 3226/3810/2712 3231/3808/2988
f 3230/3809/2988 1067/1118/460 3229/3805/2988
f 365/368/91 3230/3809/2988 3229/3805/2988
f 216/218/88 3218/3802/2972 386/391/83
f 386/391/83 3218/3802/2972 3233/3811/2991
f 386/391/83 3233/3811/2991 387/394/80
f 387/394/80 3233/3811/2991 3234/3812/2992
f 387/394/80 3234/3812/2992 388/397/78
f 388/397/78 3234/3812/2992 3235/3813/2993
f 388/397/78 3235/3813/2993 389/399/76
f 389/399/89 3235/3813/2993 3236/3814/2994
f 389/399/76 3236/3814/2994 390/402/70
f 390/402/70 3236/3814/2994 3237/3815/2995
f 390/402/70 3237/3815/2995 391/405/67
f 391/405/67 3237/3815/2995 3238/3816/2996
f 391/3817/67 3238/3818/2996 392/3819/63
f 392/3819/64 3238/3818/2996 3239/3820/2997
f 392/3819/63 3239/3820/2997 393/3821/60
f 393/3821/60 3239/3820/2997 3240/3822/2998
f 393/3821/60 3240/3822/2999 394/3823/57
f 394/3823/57 3240/3822/2999 3241/3824/3000
f 394/3823/57 3241/3824/3000 395/3825/53
f 395/3825/53 3241/3824/3000 3242/3826/3001
f 395/3825/53 3242/3826/3001 396/3827/51
f 396/3827/51 3242/3826/3001 3243/3828/2459
f 396/3827/51 3243/3828/2459 397/3829/48
f 397/3829/48 3243/3828/2459 3244/3830/3002
f 397/3829/47 3244/3830/3002 398/3831/43
f 398/3831/43 3244/3830/3002 3245/3832/3003
f 398/3831/43 3245/3832/3003 399/3833/40
f 399/3833/40 3245/3832/3003 3246/3834/3004
f 399/3833/40 3246/3834/3005 400/3835/36
f 400/3835/36 3246/3834/3004 3247/3836/3006
f 400/437/38 3247/3837/3006 401/439/32
f 401/439/32 3247/3837/3006 3248/3838/3007
f 401/439/32 3248/3838/3007 402/442/28
f 402/442/28 3248/3838/3007 3249/3839/3008
f 402/442/28 3249/3839/3008 403/445/25
f 403/445/26 3249/3839/3008 3250/3840/3009
f 403/445/2837 3250/3840/3009 404/447/22
f 404/447/22 3250/3840/3009 3251/3841/3010
f 404/447/22 3251/3841/3010 405/450/19
f 405/450/19 3251/3841/3010 3252/3842/3011
f 405/450/19 3252/3842/3011 406/453/18
f 406/453/14 3252/3842/3011 3253/3843/3012
f 406/453/14 3253/3843/3012 3225/3806/2983
f 3225/3806/2983 3253/3843/3012 3226/3810/2712
f 3226/3810/2712 3253/3843/3012 1025/1072/461
f 3226/3810/2712 1025/1072/461 1024/1071/460
f 3218/3802/2972 3217/3798/2673 3233/3811/2991
f 3233/3811/2991 3217/3798/2673 1045/1116/506
f 3233/3811/2991 1045/1116/506 3234/3812/2992
f 3234/3812/2992 1045/1116/506 1044/3844/504
f 3234/3812/2992 1044/3844/504 3235/3813/2993
f 3235/3813/2993 1044/3844/504 1043/3845/502
f 3235/3813/2993 1043/3845/3013 3236/3814/2994
f 3236/3814/2994 1043/3845/502 1042/3846/499
f 3236/3847/2994 1042/1108/499 3237/3848/2995
f 3237/3848/2995 1042/1108/499 1041/1106/3014
f 3237/3848/2995 1041/1106/3015 3238/3818/2996
f 3238/3818/2996 1041/1106/496 1040/1104/494
f 3238/3818/2996 1040/1104/494 3239/3820/3016
f 3239/3820/2997 1040/1104/494 1039/1102/491
f 3239/3820/2997 1039/1102/491 3240/3822/2998
f 3240/3822/2999 1039/1102/491 1038/1100/488
f 3240/3822/2999 1038/1100/488 3241/3824/3000
f 3241/3824/3000 1038/1100/488 1037/1098/486
f 3241/3824/3000 1037/1098/486 3242/3826/3001
f 3242/3826/3001 1037/1098/486 1036/1096/484
f 3242/3826/3001 1036/1096/484 3243/3828/2459
f 3243/3828/2459 1036/1096/484 1035/1095/394
f 3243/3828/2459 1035/1095/394 3244/3830/3002
f 3244/3830/3002 1035/1095/394 1034/1093/483
f 3244/3830/3002 1034/1093/483 3245/3832/3003
f 3245/3832/3003 1034/1093/483 1033/1091/481
f 3245/3832/3003 1033/1091/481 3246/3834/3004
f 3246/3834/3004 1033/1091/481 1032/1089/478
f 3246/3834/3005 1032/1089/478 3247/3836/3006
f 3247/3836/3006 1032/1089/478 1031/1087/475
f 3247/3836/3006 1031/1087/475 3248/3849/3007
f 3248/3849/3007 1031/1087/475 1030/1085/473
f 3248/3849/3007 1030/1085/473 3249/3850/3008
f 3249/3850/3008 1030/1085/473 1029/1083/470
f 3249/3850/3008 1029/1083/3017 3250/3851/3009
f 3250/3851/3009 1029/1083/470 1028/1081/468
f 3250/3840/3009 1028/3852/468 3251/3841/3010
f 3251/3841/3010 1028/3852/468 1027/3853/465
f 3251/3841/3010 1027/3853/465 3252/3842/3011
f 3252/3842/3011 1027/3853/3018 1026/1075/463
f 3252/3842/3011 1026/1075/463 3253/3843/3012
f 3253/3843/3012 1026/1075/463 1025/1072/461
f 3217/3798/2673 998/1043/430 1045/1116/506
f 3225/3806/2983 365/368/91 406/453/14
f 3255/3854/3019 843/874/281 3258/3855/3020
f 3258/3855/3020 843/874/3021 2833/3115/2366
f 3258/3855/3020 2833/3115/2366 3257/3856/3022
f 3257/3856/3022 2833/3115/2366 3256/3857/3023
f 3257/3856/3022 3256/3857/3023 2841/3118/2371
f 2841/3119/2371 3256/3858/3023 517/505/92
f 2833/3110/2366 517/505/92 3256/3858/3023
f 3257/3856/3024 2841/3118/2371 3258/3855/3020
f 3258/3855/3020 2841/3118/2371 896/931/305
f 3258/3855/3020 896/931/305 3254/3859/3025
f 3254/3859/3025 3255/3854/3019 3258/3855/3020
f 844/875/281 843/874/281 3260/3860/3019
f 3260/3860/3019 843/874/281 3255/3854/3019
f 3260/3860/3019 3255/3854/3019 3259/3861/3025
f 3259/3861/3025 3255/3854/3019 3254/3859/3025
f 3259/3861/3025 3254/3859/3025 896/931/305
f 896/931/305 895/930/305 3259/3861/3025
f 2898/3201/2435 844/875/281 3263/3862/3026
f 3263/3862/3026 844/875/281 3260/3860/3019
f 3263/3862/3026 3260/3860/3019 3259/3861/3025
f 3259/3861/3025 895/930/305 3263/3862/3026
f 3263/3862/3026 895/930/305 2916/3215/2444
f 3263/3862/3026 2916/3215/2444 3264/3863/3027
f 3264/3863/3027 2916/3215/2444 3265/3864/3028
f 3264/3863/3027 3265/3864/3029 2898/3201/2435
f 2898/3201/2435 3265/3864/3028 484/491/93
f 484/491/93 3265/3864/3028 3262/3865/3030
f 3262/3865/3030 3265/3864/3028 3261/3866/3031
f 3261/3866/3031 3265/3864/3028 489/496/51
f 489/496/51 3265/3864/3028 2916/3215/2444
f 3264/3863/3032 2898/3201/2435 3263/3862/3026
f 484/491/3033 3262/3865/3030 485/492/3033
f 485/492/93 3262/3865/3030 3267/3867/3030
f 3267/3867/3030 3262/3865/3030 3266/3868/3031
f 3266/3868/3031 3262/3865/3030 3261/3866/3031
f 3266/3868/3031 3261/3866/3031 488/495/51
f 488/495/51 3261/3866/3031 489/496/51
f 2923/3228/2455 485/3222/93 3270/3869/3034
f 3270/3870/3034 485/492/93 3267/3867/3030
f 3270/3871/3035 3267/3872/3030 3266/3873/3031
f 3266/3868/3031 488/495/51 3270/3870/3034
f 3270/3869/3034 488/3234/51 2932/3233/2459
f 3270/3869/3034 2932/3233/2459 3271/3874/3036
f 3271/3874/3036 2932/3233/2459 3272/3875/3037
f 3271/3874/3038 3272/3875/3037 2923/3228/2455
f 2923/3228/2455 3272/3875/3037 928/967/359
f 928/967/359 3272/3875/3037 3269/3876/3039
f 3269/3876/3039 3272/3875/3037 3268/3877/3040
f 3268/3877/3040 3272/3875/3037 962/1005/394
f 962/1005/394 3272/3875/3037 2932/3233/2459
f 3271/3874/3038 2923/3228/2455 3270/3869/3034
f 929/970/359 928/967/359 3274/3878/3039
f 3274/3878/3039 928/967/359 3269/3876/3039
f 3274/3878/3039 3269/3876/3039 3273/3879/3040
f 3273/3879/3040 3269/3876/3039 3268/3877/3040
f 3273/3879/3040 3268/3877/3040 962/1005/394
f 962/1005/394 961/1003/394 3273/3879/3040
f 2877/3176/2408 929/970/359 3275/3880/3041
f 3275/3880/3041 929/970/359 3274/3878/3039
f 3275/3880/3041 3274/3878/3039 3273/3879/3040
f 3273/3879/3040 961/1003/394 3275/3880/3041
f 3275/3880/3041 961/1003/394 2874/3170/2405
f 3275/3880/3041 2874/3170/2405 3276/3881/3042
f 3276/3881/3042 2874/3170/2405 3277/3882/3043
f 3276/3881/3042 3277/3882/3043 2877/3176/2408
f 2877/3176/2408 3277/3882/3043 542/539/4
f 2874/3170/2405 542/539/4 3277/3882/3043
f 3276/3881/3042 2877/3176/2408 3275/3880/3041
f 3279/3883/3044 897/933/305 3282/3884/3045
f 3282/3884/3045 897/933/305 2842/3116/2371
f 3282/3884/3045 2842/3116/2371 3281/3885/3046
f 3281/3885/3046 2842/3116/2371 3280/3886/3047
f 3281/3885/3046 3280/3886/3047 2844/3129/2374
f 2844/3133/2374 3280/3887/3047 516/516/92
f 2842/3121/2371 516/516/92 3280/3887/3047
f 3281/3885/3046 2844/3129/2374 3282/3884/3045
f 3282/3884/3045 2844/3129/2374 924/965/3048
f 3282/3884/3045 924/965/358 3278/3888/3049
f 3278/3888/3049 3279/3883/3044 3282/3884/3045
f 894/932/305 897/933/305 3284/3889/3044
f 3284/3889/3044 897/933/305 3279/3883/3044
f 3284/3889/3044 3279/3883/3044 3283/3890/3049
f 3283/3890/3049 3279/3883/3044 3278/3888/3049
f 3283/3890/3049 3278/3888/3049 924/965/358
f 924/965/358 923/962/358 3283/3890/3049
f 2917/3213/2444 894/932/305 3287/3891/3050
f 3287/3891/3050 894/932/305 3284/3889/3044
f 3287/3891/3050 3284/3889/3044 3283/3890/3049
f 3283/3890/3049 923/962/358 3287/3891/3050
f 3287/3891/3050 923/962/3048 2907/3210/2440
f 3287/3891/3050 2907/3210/2440 3288/3892/3051
f 3288/3892/3052 2907/3210/2440 3289/3893/3053
f 3288/3892/3052 3289/3893/3054 2917/3213/2444
f 2917/3213/2444 3289/3893/3054 490/498/51
f 490/498/51 3289/3893/3054 3286/3894/3055
f 3286/3894/3055 3289/3893/3054 3285/3895/3056
f 3285/3895/3056 3289/3893/3054 493/500/94
f 493/500/94 3289/3893/3054 2907/3210/2440
f 3288/3892/3052 2917/3213/2444 3287/3891/3050
f 490/498/51 3286/3894/3055 487/497/51
f 487/497/51 3286/3894/3055 3291/3896/3055
f 3291/3896/3055 3286/3894/3055 3290/3897/3056
f 3290/3897/3056 3286/3894/3055 3285/3895/3056
f 3290/3897/3056 3285/3895/3056 492/499/94
f 492/499/3057 3285/3895/3056 493/500/3057
f 2933/3231/2459 487/3235/51 3294/3898/3058
f 3294/3899/3058 487/497/51 3291/3896/3055
f 3294/3900/3059 3291/3901/3055 3290/3902/3056
f 3290/3897/3056 492/499/94 3294/3899/3058
f 3294/3898/3058 492/3249/94 2935/3246/2461
f 3294/3898/3058 2935/3246/2461 3295/3903/3060
f 3295/3903/3060 2935/3246/2461 3296/3904/3061
f 3295/3903/3062 3296/3904/3061 2933/3231/2459
f 2933/3231/2459 3296/3904/3061 963/1004/394
f 963/1004/394 3296/3904/3061 3293/3905/3063
f 3293/3905/3063 3296/3904/3061 3292/3906/3064
f 3292/3906/3064 3296/3904/3061 994/1038/429
f 994/1038/429 3296/3904/3061 2935/3246/2461
f 3295/3903/3062 2933/3231/2459 3294/3898/3058
f 960/1002/394 963/1004/394 3298/3907/3063
f 3298/3907/3063 963/1004/394 3293/3905/3063
f 3298/3907/3063 3293/3905/3063 3297/3908/3064
f 3297/3908/3064 3293/3905/3063 3292/3906/3064
f 3297/3908/3064 3292/3906/3064 994/1038/429
f 994/1038/429 993/1037/429 3297/3908/3064
f 2875/3168/2405 960/1002/394 3299/3909/3065
f 3299/3909/3065 960/1002/394 3298/3907/3063
f 3299/3909/3065 3298/3907/3063 3297/3908/3064
f 3297/3908/3064 993/1037/429 3299/3909/3065
f 3299/3909/3065 993/1037/3066 2866/3165/2400
f 3299/3909/3065 2866/3165/2400 3300/3910/3067
f 3300/3910/3067 2866/3165/2400 3301/3911/3068
f 3300/3910/3067 3301/3911/3068 2875/3168/2405
f 2875/3168/2405 3301/3911/3068 519/529/4
f 2866/3165/2400 519/529/4 3301/3911/3068
f 3300/3910/3069 2875/3168/2405 3299/3909/3065
f 3302/3912/2692 3306/3913/3070 1065/3914/460
f 1065/3915/460 3306/3916/3071 3305/3917/3072
f 1065/3915/460 3305/3917/3073 1066/3918/460
f 3302/3919/2692 3303/3920/3074 3306/3916/3075
f 3306/3916/3075 3303/3920/3074 2869/3160/2398
f 3306/3916/3076 2869/3160/2398 3304/3921/3077
f 3303/3920/3074 520/527/4 2869/3160/2398
f 3304/3921/3077 3305/3917/3073 3306/3916/3075
f 1066/3918/460 3305/3917/3072 2859/3157/3078
f 2859/3157/3078 3305/3917/3072 3309/3922/3079
f 2859/3157/3078 3309/3922/3079 3310/3923/3080
f 3310/3923/3080 3309/3922/3079 2868/3164/2404
f 3310/3923/3080 2868/3164/3081 2867/3163/2402
f 3305/3917/3072 3304/3921/3077 3309/3922/3079
f 3309/3922/3082 3304/3921/3077 2869/3160/2399
f 3309/3922/3079 2869/3160/2399 2868/3164/2404
f 2867/3163/2402 3307/3924/3083 3310/3923/3080
f 3310/3923/3080 3307/3924/3083 3308/3925/3084
f 3310/3923/3080 3308/3925/3085 2860/3158/3086
f 2860/3158/3086 3308/3925/3085 1009/1069/2396
f 2860/3158/3086 2859/3157/3078 3310/3923/3080
f 3303/3920/3074 3313/3926/3087 520/527/4
f 520/527/4 3313/3926/3087 3314/3927/3087
f 520/527/4 3314/3927/3087 3315/3928/3087
f 3315/3928/3087 3314/3927/3087 3302/3919/2692
f 3315/3928/3087 3302/3919/2692 1023/3929/460
f 1023/3929/460 3302/3919/2692 1065/3915/460
f 3303/3920/3074 3302/3919/2692 3313/3926/3087
f 3313/3926/3087 3302/3919/2692 3314/3927/3087
f 3311/3930/2692 3318/3931/3088 1023/3929/460
f 1023/3929/460 3318/3931/3087 3317/3932/3087
f 1023/3929/460 3317/3932/3087 3316/3933/3087
f 3316/3933/3087 3317/3932/3087 3312/3934/3074
f 3316/3933/3087 3312/3934/3074 520/527/4
f 520/527/4 3312/3934/3074 521/528/4
f 3311/3930/2692 3312/3934/3074 3318/3931/3089
f 3318/3931/3087 3312/3934/3074 3317/3932/3087
f 3316/3933/3087 520/527/4 3315/3928/3087
f 1023/3929/460 3316/3933/3087 3315/3928/3087
f 1010/1070/458 1009/1069/2396 3320/3935/3090
f 3320/3935/3090 1009/1069/2396 3308/3925/3085
f 3320/3935/3090 3308/3925/3085 3307/3924/3083
f 2867/3163/2402 992/1039/2464 3307/3924/3083
f 3307/3924/3083 992/1039/429 3319/3936/3091
f 3307/3924/3083 3319/3936/3092 3320/3935/3090
f 521/528/4 3312/3934/3074 522/530/4
f 522/530/4 3312/3934/3074 3323/3937/3093
f 522/530/4 3323/3937/3093 3324/3938/3094
f 3324/3938/3094 3323/3937/3093 1064/3939/462
f 3324/3938/3095 1064/3939/462 1063/1077/464
f 3312/3934/3074 3311/3930/2692 3323/3937/3093
f 3323/3937/3096 3311/3930/2692 1064/3939/462
f 3311/3930/2692 1023/3929/460 1064/3939/462
f 3324/3938/3094 1063/1077/464 3325/3940/3097
f 3325/3940/3097 1063/1077/464 1062/1080/466
f 3325/3940/3097 1062/1080/466 3326/3941/3098
f 3326/3941/3098 1062/1080/466 1061/1082/469
f 3326/3941/3098 1061/1082/469 3327/3942/3099
f 3327/3942/3099 1061/1082/469 1060/1084/472
f 3327/3942/3099 1060/1084/472 3328/3943/3100
f 3328/3943/3100 1060/1084/472 1059/1086/474
f 3328/3943/3100 1059/1086/474 3329/3944/3101
f 3329/3944/3101 1059/1086/474 1058/1088/476
f 3329/3944/3101 1058/1088/477 3330/3945/3102
f 3330/3945/3103 1058/1088/477 1057/1090/480
f 3330/3945/3103 1057/1090/480 3331/3946/3104
f 3331/3946/3104 1057/1090/480 1056/1092/482
f 3331/3946/3104 1056/1092/482 3332/3947/2405
f 3332/3947/2405 1056/1092/482 1055/1094/394
f 3332/3947/2405 1055/1094/394 3333/3948/3105
f 3333/3948/3105 1055/1094/394 1054/1097/485
f 3333/3948/3105 1054/1097/485 3334/3949/3106
f 3334/3949/3106 1054/1097/485 1053/1099/487
f 3334/3949/3107 1053/1099/487 3335/3950/3108
f 3335/3950/3108 1053/1099/487 1052/1101/492
f 3335/3950/3108 1052/1101/492 3336/3951/3109
f 3336/3951/3109 1052/1101/490 1051/1103/493
f 3336/3951/3109 1051/1103/493 3337/3952/3110
f 3337/3952/3110 1051/1103/493 1050/1105/495
f 3337/3952/3110 1050/1105/495 3338/3953/3111
f 3338/3953/3112 1050/1105/495 1049/1107/498
f 3338/3953/3111 1049/1107/498 3339/3954/3113
f 3339/3954/3113 1049/1107/498 1048/1109/500
f 3339/3954/3113 1048/1109/500 3340/3955/3114
f 3340/3955/3115 1048/1109/500 1047/1111/503
f 3340/3955/3115 1047/1111/503 3341/3956/3116
f 3341/3956/3117 1047/1111/503 1046/1113/505
f 3341/3956/3117 1046/1113/505 3321/3957/2652
f 3321/3957/2652 1046/1113/505 997/3958/430
f 3321/3957/2652 3322/3959/3118 3341/3956/3116
f 3341/3956/3116 3322/3959/3118 539/548/4
f 3341/3956/3116 539/548/4 3340/3955/3115
f 3340/3955/3115 539/548/4 538/547/4
f 3340/3955/3115 538/547/4 3339/3954/3113
f 3339/3954/3113 538/547/4 537/546/4
f 3339/3954/3113 537/546/4 3338/3953/3111
f 3338/3953/3111 537/546/4 536/545/4
f 3338/3953/3111 536/545/4 3337/3952/3110
f 3337/3952/3110 536/545/4 535/544/4
f 3337/3952/3110 535/544/4 3336/3951/3109
f 3336/3951/3109 535/544/4 534/543/4
f 3336/3951/3109 534/543/4 3335/3950/3108
f 3335/3950/3108 534/543/4 533/542/4
f 3335/3950/3108 533/542/4 3334/3949/3107
f 3334/3949/3107 533/542/4 532/541/4
f 3334/3949/3107 532/541/4 3333/3948/3105
f 3333/3948/3105 532/541/4 531/540/4
f 3333/3948/3105 531/540/4 3332/3947/2405
f 3332/3947/2405 531/540/4 530/538/4
f 3332/3947/2405 530/538/4 3331/3946/3104
f 3331/3946/3104 530/538/4 529/537/4
f 3331/3946/3104 529/537/4 3330/3945/3102
f 3330/3945/3102 529/537/4 528/536/4
f 3330/3945/3102 528/536/4 3329/3944/3101
f 3329/3944/3101 528/536/4 527/535/4
f 3329/3944/3101 527/535/4 3328/3943/3100
f 3328/3943/3100 527/535/4 526/534/4
f 3328/3943/3100 526/534/4 3327/3942/3099
f 3327/3942/3099 526/534/4 525/533/4
f 3327/3942/3099 525/533/4 3326/3941/3098
f 3326/3941/3098 525/533/4 524/532/4
f 3326/3941/3098 524/532/4 3325/3940/3097
f 3325/3940/3097 524/532/4 523/531/4
f 3325/3940/3097 523/531/4 3324/3938/3094
f 3324/3938/3094 523/531/4 522/530/4
f 3322/3959/3118 540/549/4 539/548/4
f 1010/1070/3119 3320/3935/3090 1011/1066/455
f 1011/1066/3120 3320/3935/3090 3344/3960/3121
f 1011/1066/3120 3344/3960/3121 3345/3961/3122
f 3345/3961/3122 3344/3960/3123 995/1041/429
f 3345/3961/3122 995/1041/429 3342/3962/3124
f 3320/3935/3090 3319/3936/3091 3344/3960/3121
f 3344/3960/3121 3319/3936/3092 996/1040/3125
f 3344/3960/3121 996/1040/3125 995/1041/429
f 3319/3936/3092 992/1039/429 996/1040/3126
f 3342/3962/3124 3343/3963/3127 3345/3961/3128
f 3345/3961/3128 3343/3963/3127 1012/3964/456
f 3345/3961/3122 1012/3964/456 1011/1066/3120
f 1014/1050/434 1013/1062/3129 3343/3965/3127
f 3343/3965/3127 1013/1062/3129 1012/1068/3130
f 3322/3959/3118 3348/3966/3131 540/549/4
f 540/549/4 3348/3966/3131 3349/3967/3131
f 540/549/4 3349/3967/3131 3350/3968/3131
f 3350/3968/3131 3349/3967/3131 3321/3957/2652
f 3350/3968/3131 3321/3957/2652 1001/3969/430
f 1001/3969/430 3321/3957/2652 997/3958/430
f 3322/3959/3118 3321/3957/2652 3348/3966/3132
f 3348/3966/3131 3321/3957/2652 3349/3967/3131
f 3346/3970/2652 3353/3971/3131 1001/3969/430
f 1001/3969/430 3353/3971/3131 3352/3972/3131
f 1001/3969/430 3352/3972/3131 3351/3973/3131
f 3351/3973/3131 3352/3972/3131 3347/3974/3118
f 3351/3973/3131 3347/3974/3118 540/549/4
f 540/549/4 3347/3974/3118 541/550/4
f 3346/3970/2652 3347/3974/3118 3353/3971/3131
f 3353/3971/3131 3347/3974/3118 3352/3972/3131
f 3351/3973/3131 540/549/4 3350/3968/3131
f 1001/3969/430 3351/3973/3131 3350/3968/3131
f 1014/1050/434 3343/3965/3127 1015/1049/3133
f 1015/1049/3133 3343/3965/3127 3356/3975/3134
f 1015/1049/3133 3356/3975/3134 3355/3976/3135
f 3355/3976/3135 3356/3975/3134 3354/3977/3136
f 3354/3978/3136 3356/3979/3137 2937/3245/2463
f 2937/3245/3138 3356/3979/3137 2938/3236/3139
f 2938/3236/3139 3356/3979/3137 3342/3962/3124
f 2938/3236/3140 3342/3962/3124 995/1041/429
f 3343/3963/3127 3342/3962/3141 3356/3979/3142
f 3355/3976/3135 1002/1047/431 1015/1049/3133
f 3347/3974/3118 3359/3980/3143 541/550/4
f 541/550/4 3359/3980/3143 3358/3981/3144
f 541/550/4 3358/3981/3145 2878/3175/3146
f 3347/3974/3118 3346/3970/2652 3359/3980/3147
f 3359/3980/3143 3346/3970/2652 1000/3982/430
f 3359/3980/3143 1000/3982/430 3357/3983/3148
f 3346/3970/2652 1001/3969/430 1000/3982/430
f 3357/3983/3148 3358/3981/3145 3359/3980/3147
f 989/1036/428 1002/1047/431 3362/3984/3149
f 3362/3984/3149 1002/1047/431 3355/3976/3135
f 3362/3984/3149 3355/3976/3135 3354/3977/3136
f 3354/3978/3136 2937/3245/2463 3362/3985/3150
f 3362/3984/3149 2937/3986/2463 2936/3987/3151
f 3362/3984/3150 2936/3987/2462 3360/3988/3152
f 3360/3988/3153 3361/3989/3154 3362/3984/3150
f 3362/3984/3149 3361/3989/3154 989/1036/428
f 2879/3172/3155 2878/3175/3146 3365/3990/3156
f 3365/3990/3157 2878/3175/3146 3358/3981/3145
f 3365/3990/3157 3358/3981/3145 3357/3983/3158
f 1000/3982/430 2886/3182/3159 3357/3983/3148
f 3357/3983/3158 2886/3182/3159 3365/3990/3157
f 3365/3990/3156 2886/3182/3160 3366/3991/3161
f 3366/3991/3162 2886/3182/3159 2885/3181/3163
f 3366/3991/3161 2885/3181/3163 964/1006/2412
f 964/1006/2412 3363/3992/3164 3366/3991/3161
f 3366/3991/3161 3363/3992/3165 3364/3993/3166
f 3366/3991/3161 3364/3993/3166 2879/3172/3155
f 2879/3172/3155 3364/3993/3166 2880/3171/2406
f 3366/3991/3161 2879/3172/3155 3365/3990/3157
f 3361/3989/3154 3369/3994/3167 989/1036/428
f 989/1036/428 3369/3994/3167 3368/3995/3168
f 989/1036/428 3368/3995/3168 990/1035/428
f 3361/3989/3154 3360/3988/3153 3369/3994/3167
f 3369/3994/3167 3360/3988/3153 491/3996/3057
f 3369/3997/3167 491/3998/94 3367/3912/3169
f 3360/3988/3153 2936/3987/2462 491/3996/94
f 3367/3999/3170 3368/3995/3168 3369/3994/3167
f 930/969/359 2880/3171/2406 3371/4000/3171
f 3371/4000/3172 2880/3171/2406 3364/3993/3166
f 3371/4000/3172 3364/3993/3166 3363/3992/3165
f 3371/4000/3172 3363/3992/3165 3370/4001/3173
f 3370/4001/3173 3363/3992/3174 964/1006/2412
f 3370/4001/3173 964/1006/2412 977/1008/397
f 990/1035/428 3368/3995/3168 991/1033/428
f 991/1033/428 3368/3995/3168 3373/4002/3168
f 3373/4002/3168 3368/3995/3168 3372/4003/3170
f 3372/4003/3170 3368/3995/3168 3367/3999/3170
f 3372/4003/3169 3367/3999/3169 494/4004/94
f 494/4004/94 3367/3999/3170 491/3996/94
f 931/968/3175 930/969/359 3377/4005/3176
f 3377/4005/3176 930/969/359 3371/4000/3172
f 3377/4005/3176 3371/4000/3172 3376/4006/3177
f 3376/4006/3177 3371/4000/3172 3370/4001/3173
f 3376/4006/3177 3370/4001/3173 3377/4005/3176
f 3377/4005/3178 3370/4001/3173 977/1008/3179
f 3377/4005/3176 977/1008/3179 976/1018/3180
f 3377/4005/3178 976/1018/412 3378/4007/3181
f 3378/4007/3181 976/1018/3180 975/1027/3182
f 3378/4007/3181 975/1027/418 3379/4008/3183
f 3379/4008/3184 975/1027/418 974/4009/3185
f 3379/4008/3183 974/4009/3185 3374/4010/3186
f 3374/4011/3186 974/1025/3185 973/1030/425
f 3374/4010/3186 3375/4012/3187 3379/4008/3183
f 3379/4008/3183 3375/4012/3187 931/968/3188
f 3379/4008/3183 931/968/3175 3378/4007/3181
f 3378/4007/3189 931/968/3175 3377/4005/3178
f 3375/4012/3187 927/966/359 931/968/3175
f 3373/4002/3168 3382/4013/3190 991/1033/428
f 991/1033/428 3382/4013/3191 3381/4014/3192
f 991/1033/428 3381/4014/3192 986/1031/428
f 3373/4002/3168 3372/4003/3169 3382/4013/3190
f 3382/4013/3193 3372/4003/3169 2910/4015/2439
f 3382/4016/3194 2910/3204/2439 3380/4017/3195
f 3372/4018/3169 494/502/94 2910/3204/2439
f 3380/4019/3196 3381/4014/3197 3382/4013/3198
f 927/966/359 3375/4012/3187 2924/3226/3199
f 2924/3226/3199 3375/4012/3187 3385/4020/3200
f 2924/3226/3199 3385/4020/3200 3384/4021/3201
f 3384/4021/3201 3385/4020/3200 3383/4022/3202
f 3383/4023/3202 3385/4024/3200 972/1029/3203
f 3383/4023/3202 972/1029/422 971/1028/421
f 3375/4012/3187 3374/4010/3186 3385/4020/3200
f 3385/4024/3200 3374/4011/3186 972/1029/422
f 3374/4011/3186 973/1030/425 972/1029/422
f 3384/4021/3201 2925/3227/2458 2924/3226/3199
f 945/999/387 986/1031/428 3388/4025/3204
f 3388/4025/3204 986/1031/428 3381/4014/3192
f 3388/4025/3205 3381/4014/3192 3380/4019/3196
f 3380/4017/3195 2910/3204/2439 3388/4026/3205
f 3388/4026/3204 2910/3204/3206 2909/3209/2443
f 3388/4026/3204 2909/3209/3207 3386/4027/3208
f 3386/4028/3208 3387/4029/3209 3388/4025/3205
f 3388/4025/3204 3387/4029/3209 945/999/387
f 2926/4030/2454 2925/4031/2458 3391/4032/3210
f 3391/4033/3211 2925/3227/3212 3384/4021/3201
f 3391/4034/3211 3384/4035/3201 3383/4023/3202
f 3383/4023/3202 971/1028/421 3391/4034/3211
f 3391/4034/3211 971/1028/421 932/971/360
f 3391/4034/3211 932/971/360 3389/4036/3213
f 3389/4036/3213 3390/4037/3214 3391/4034/3210
f 3391/3900/3210 3390/4038/3215 2926/4039/2454
f 945/999/387 3387/4029/3209 946/1000/388
f 946/1000/388 3387/4029/3209 3394/4040/3216
f 946/1000/388 3394/4040/3216 3393/4041/3217
f 3393/4042/3217 3394/4043/3216 3392/4044/3218
f 3392/4044/3218 3394/4043/3216 2908/3208/3219
f 3392/4044/3218 2908/3208/3219 922/961/358
f 3387/4045/3209 3386/4027/3208 3394/4043/3216
f 3394/4043/3216 3386/4027/3208 2908/3208/3219
f 3386/4027/3208 2909/3209/2443 2908/3208/3219
f 3393/4041/3217 947/1001/391 946/1000/388
f 3390/4038/3215 3397/4046/3220 2926/4039/2454
f 2926/4047/2454 3397/4048/3221 3396/4049/3222
f 2926/3220/2454 3396/4050/3222 486/494/93
f 3390/4037/3214 3389/4036/3223 3397/4048/3224
f 3397/4048/3225 3389/4036/3213 937/973/360
f 3397/4048/3225 937/973/360 3395/4051/3226
f 3389/4036/3213 932/971/360 937/973/360
f 3395/4051/3226 3396/4049/3222 3397/4048/3225
f 947/1001/391 3393/4041/3217 948/996/3227
f 948/4052/3227 3393/4042/3217 3400/4053/3228
f 948/4052/3227 3400/4053/3228 949/998/3229
f 949/998/3229 3400/4053/3228 3401/4054/3230
f 949/998/384 3401/4054/3230 950/989/3231
f 950/989/3231 3401/4054/3232 3402/4055/3233
f 950/989/3231 3402/4055/3233 951/979/3234
f 951/979/363 3402/4055/3233 3399/4056/3235
f 3399/4056/3235 3402/4055/3233 3403/4057/3236
f 3399/4056/3235 3403/4057/3237 3398/4058/3238
f 3398/4058/3239 3403/4057/3240 3402/4055/3241
f 3398/4058/3239 3402/4055/3233 925/964/358
f 925/964/358 3402/4055/3233 926/963/3242
f 926/963/3243 3402/4055/3244 3401/4054/3232
f 926/963/3243 3401/4054/3230 3400/4053/3228
f 3393/4042/3217 3392/4044/3218 3400/4053/3228
f 3400/4053/3228 3392/4044/3218 926/963/3245
f 3392/4044/3218 922/961/358 926/963/3243
f 486/494/93 3396/4050/3246 483/493/93
f 483/493/93 3396/4050/3222 3405/4059/3222
f 3405/4060/3246 3396/4049/3246 3404/4061/3226
f 3404/4061/3226 3396/4049/3246 3395/4051/3226
f 3404/4061/3226 3395/4051/3226 936/975/360
f 936/975/360 3395/4051/3226 937/973/360
f 951/979/363 3399/4056/3235 938/977/2376
f 938/977/2376 3399/4056/3235 3407/4062/3247
f 3407/4062/3248 3399/4056/3235 3398/4058/3239
f 3407/4062/3248 3398/4058/3238 3406/4063/3249
f 3406/4063/3249 3398/4058/3239 2847/3122/2372
f 2847/3122/2372 3398/4058/3239 925/964/358
f 3405/4060/3222 3410/4064/3250 483/4065/93
f 483/493/3033 3410/4066/3250 3409/4067/3251
f 483/493/93 3409/4067/3251 2899/3199/3252
f 3405/4060/3246 3404/4061/3226 3410/4064/3250
f 3410/4064/3250 3404/4061/3226 935/976/360
f 3410/4064/3250 935/976/360 3408/4068/3253
f 3404/4061/3226 936/975/360 935/976/360
f 3408/4068/3253 3409/4069/3251 3410/4064/3250
f 2852/3147/3254 938/977/2376 3413/4070/3255
f 3413/4070/3255 938/977/2376 3407/4062/3256
f 3413/4070/3255 3407/4062/3248 3406/4063/3249
f 2847/3122/2372 2846/3123/3257 3406/4063/3249
f 3406/4063/3249 2846/3123/3257 3413/4070/3255
f 3413/4070/3255 2846/3123/3257 3414/4071/3258
f 3414/4071/3258 2846/3123/3257 2845/3135/3259
f 3414/4072/3258 2845/3128/3259 3411/4073/3260
f 3411/4073/3261 3412/4074/3262 3414/4072/3258
f 3414/4072/3263 3412/4074/3262 2853/4075/3264
f 3414/4071/3263 2853/3145/3265 3413/4070/3255
f 3413/4070/3266 2853/3145/3264 2852/3147/3254
f 3412/4076/3267 920/958/329 2853/3144/3264
f 2900/3200/3268 2899/3199/2436 3417/4077/3269
f 3417/4077/3269 2899/3199/2436 3409/4067/3251
f 3417/4078/3269 3409/4069/3251 3408/4068/3253
f 3408/4068/3253 935/976/360 3417/4078/3269
f 3417/4078/3269 935/976/360 898/934/330
f 3417/4078/3269 898/934/330 3415/4079/3270
f 3415/4080/3270 3416/4081/3271 3417/4077/3269
f 3417/4077/3269 3416/4081/3271 2900/3200/3268
f 3412/4076/3262 3420/4082/3272 920/958/329
f 920/4083/329 3420/4084/3273 3419/4085/2612
f 920/4083/329 3419/4085/2612 921/4086/329
f 3412/4074/3262 3411/4073/3260 3420/4084/3273
f 3420/4084/3272 3411/4073/3260 515/526/92
f 3420/4084/3272 515/526/92 3418/4087/3274
f 3411/4073/3260 2845/3128/3259 515/526/92
f 3418/4087/3274 3419/4085/2612 3420/4084/3273
f 2901/3195/3275 2900/3200/2437 3423/4088/3276
f 3423/4088/3276 2900/3200/2437 3416/4081/3271
f 3423/4088/3277 3416/4081/3271 3415/4080/3270
f 898/934/330 911/936/3278 3415/4079/3270
f 3415/4079/3270 911/936/3278 3423/4089/3276
f 910/937/333 3421/4090/3279 911/936/3278
f 911/936/3278 3421/4090/3279 3423/4089/3276
f 3421/4091/3279 3422/4092/3280 3423/4088/3281
f 3423/4088/3277 3422/4092/3282 2901/3195/3275
f 3422/4092/3282 845/878/281 2901/3195/3275
f 3419/4085/2612 3426/4093/3283 921/4086/329
f 921/4086/329 3426/4093/3283 3427/4094/3283
f 921/4086/329 3427/4094/3283 3428/4095/3283
f 3428/4095/3283 3427/4094/3283 3418/4087/3274
f 3428/4095/3283 3418/4087/3274 514/525/92
f 514/525/92 3418/4087/3274 515/526/92
f 3419/4085/2612 3418/4087/3274 3426/4093/3283
f 3426/4093/3283 3418/4087/3274 3427/4094/3283
f 3424/4096/3274 3431/4097/3283 514/525/92
f 514/525/92 3431/4097/3283 3430/4098/3283
f 514/525/92 3430/4098/3283 3429/4099/3283
f 3429/4099/3283 3430/4098/3283 3425/4100/2612
f 3429/4099/3283 3425/4100/2612 921/4086/329
f 921/4086/329 3425/4100/2612 874/4101/329
f 3424/4096/3274 3425/4100/2612 3431/4097/3284
f 3431/4097/3283 3425/4100/2612 3430/4098/3283
f 3429/4099/3283 921/4086/329 3428/4095/3283
f 514/525/92 3429/4099/3283 3428/4095/3283
f 3422/4092/3282 3434/4102/3285 845/878/281
f 845/878/281 3434/4102/3285 3435/4103/3286
f 845/878/281 3435/4103/3286 846/877/3287
f 846/877/3287 3435/4103/3286 3433/4104/3288
f 846/877/3289 3433/4104/3290 842/876/281
f 3422/4092/3282 3421/4091/3279 3434/4102/3291
f 3434/4102/3291 3421/4091/3279 908/954/355
f 3434/4102/3285 908/954/355 907/953/3292
f 910/937/333 909/949/3293 3421/4090/3279
f 3421/4090/3279 909/949/3293 908/957/3294
f 906/956/3295 3432/4105/3296 907/953/354
f 907/953/3292 3432/4105/3296 3435/4103/3286
f 907/953/3292 3435/4103/3286 3434/4102/3285
f 3432/4105/3296 3433/4104/3288 3435/4103/3286
f 874/4101/329 3425/4100/2612 875/4106/327
f 875/4106/327 3425/4100/2612 3438/4107/3297
f 875/4106/327 3438/4107/3297 876/4108/325
f 876/4108/325 3438/4107/3298 3439/4109/3299
f 876/4110/325 3439/4111/3299 877/920/322
f 877/920/322 3439/4111/3300 3440/4112/3301
f 877/920/322 3440/4112/3301 878/918/320
f 878/918/320 3440/4112/3301 3441/4113/1945
f 878/918/320 3441/4113/1945 879/916/317
f 879/916/317 3441/4113/1945 3442/4114/3302
f 879/916/317 3442/4114/3302 880/914/315
f 880/914/315 3442/4114/3302 3443/4115/3303
f 880/914/315 3443/4115/3303 881/912/312
f 881/912/314 3443/4115/3303 3444/4116/3304
f 881/912/314 3444/4116/3304 882/910/309
f 882/910/309 3444/4116/3304 3445/4117/1941
f 882/910/309 3445/4117/3305 883/908/307
f 883/908/307 3445/4117/3305 3446/4118/3306
f 883/908/307 3446/4118/3306 884/905/305
f 884/905/305 3446/4118/3306 3447/4119/2371
f 884/905/305 3447/4119/2371 885/903/303
f 885/903/303 3447/4119/2371 3448/4120/3307
f 885/903/303 3448/4120/3307 886/901/301
f 886/901/301 3448/4120/3307 3449/4121/3308
f 886/901/301 3449/4121/3308 887/899/298
f 887/899/297 3449/4121/1938 3450/4122/3309
f 887/899/297 3450/4122/3309 888/897/295
f 888/897/295 3450/4122/3309 3451/4123/3310
f 888/897/295 3451/4123/3310 889/895/293
f 889/895/293 3451/4123/3310 3452/4124/3311
f 889/895/293 3452/4124/3311 890/893/290
f 890/893/290 3452/4124/3311 3453/4125/3312
f 890/893/290 3453/4125/1934 891/891/287
f 891/891/287 3453/4125/1934 3454/4126/3313
f 891/891/287 3454/4126/3313 892/889/285
f 892/889/285 3454/4126/3313 3455/4127/3314
f 892/4128/285 3455/4129/3315 893/4130/283
f 893/4130/283 3455/4129/3314 3456/4131/3316
f 893/4130/283 3456/4131/3317 3437/4132/2581
f 3437/4132/2581 3456/4131/3316 3436/4133/3318
f 3436/4133/3318 3456/4131/3316 496/506/92
f 3436/4133/3318 496/506/92 495/504/92
f 3425/4100/2612 3424/4096/3274 3438/4107/3298
f 3438/4107/3298 3424/4096/3274 513/524/92
f 3438/4107/3298 513/524/92 3439/4109/3299
f 3439/4109/3299 513/524/92 512/523/92
f 3439/4109/3299 512/523/92 3440/4134/3301
f 3440/4134/3301 512/523/92 511/522/92
f 3440/4134/3301 511/522/92 3441/4135/1945
f 3441/4135/1945 511/522/92 510/521/92
f 3441/4135/1945 510/521/92 3442/4136/3302
f 3442/4136/3302 510/521/92 509/520/92
f 3442/4136/3302 509/520/92 3443/4137/3303
f 3443/4137/3303 509/520/92 508/519/92
f 3443/4137/3303 508/519/92 3444/4138/3304
f 3444/4138/3304 508/519/92 507/518/92
f 3444/4116/3304 507/4139/92 3445/4117/1941
f 3445/4140/1941 507/518/92 506/517/92
f 3445/4117/1941 506/4141/92 3446/4118/3306
f 3446/4142/3306 506/517/92 505/515/92
f 3446/4118/3306 505/4143/92 3447/4119/2371
f 3447/4144/2371 505/515/92 504/514/92
f 3447/4119/2371 504/4145/92 3448/4120/3307
f 3448/4146/3307 504/514/92 503/513/92
f 3448/4120/3307 503/4147/92 3449/4121/1938
f 3449/4148/1938 503/513/92 502/512/92
f 3449/4121/1938 502/4149/92 3450/4122/3309
f 3450/4150/3309 502/512/92 501/511/92
f 3450/4150/3309 501/511/92 3451/4151/3310
f 3451/4151/3310 501/511/92 500/510/92
f 3451/4151/3310 500/510/92 3452/4152/3311
f 3452/4152/3311 500/510/92 499/509/92
f 3452/4152/3311 499/509/92 3453/4153/1934
f 3453/4153/1934 499/509/92 498/508/92
f 3453/4153/1934 498/508/92 3454/4154/3313
f 3454/4154/3313 498/508/92 497/507/92
f 3454/4154/3313 497/507/92 3455/4129/3314
f 3455/4129/3314 497/507/92 496/506/92
f 3455/4129/3314 496/506/92 3456/4131/3316
f 3424/4096/3274 514/525/92 513/524/92
f 3437/4132/2581 850/4155/1 893/4130/283
f 2834/3108/2368 842/876/2438 3458/4156/3319
f 3458/4156/3319 842/876/281 3433/4104/3290
f 3458/4156/3319 3433/4104/3288 3432/4105/3296
f 906/956/357 905/955/2362 3432/4105/3296
f 3432/4105/3296 905/955/2362 3457/4157/3320
f 3432/4105/3296 3457/4157/3320 3458/4156/3319
f 3437/4132/2581 3461/4158/3321 850/4155/1
f 850/4155/1 3461/4158/1980 3462/4159/1980
f 850/4155/1 3462/4159/1980 3463/4160/1980
f 3463/4160/1980 3462/4159/1980 3436/4133/3318
f 3463/4160/1980 3436/4133/3318 518/503/92
f 518/503/92 3436/4133/3318 495/504/92
f 3437/4132/2581 3436/4133/3318 3461/4158/3322
f 3461/4158/1980 3436/4133/3318 3462/4159/1980
f 3459/4161/3318 3466/4162/1980 518/503/92
f 518/503/92 3466/4162/1980 3465/4163/1980
f 518/503/92 3465/4163/1980 3464/4164/1980
f 3464/4164/1980 3465/4163/1980 3460/4165/2581
f 3464/4164/1980 3460/4165/2581 850/4155/1
f 850/4155/1 3460/4165/2581 851/4166/1
f 3459/4161/3318 3460/4165/2581 3466/4162/1980
f 3466/4162/1980 3460/4165/2581 3465/4163/1980
f 3464/4164/1980 850/4155/1 3463/4160/1980
f 518/503/92 3464/4164/1980 3463/4160/1980
f 2835/3109/3323 2834/3108/2368 3469/4167/3324
f 3469/4167/3324 2834/3108/2368 3458/4156/3319
f 3469/4167/3324 3458/4156/3319 3457/4157/3325
f 905/955/2362 2829/3100/3326 3457/4157/3325
f 3457/4157/3327 2829/3100/3326 3469/4167/3324
f 2829/3100/3326 2828/3102/3328 3469/4167/3324
f 3469/4167/3324 2828/3102/3328 3470/4168/3329
f 3469/4167/3324 3470/4168/3329 2835/3109/2370
f 2835/3109/2370 3470/4168/3329 2836/3105/2365
f 2836/3103/2365 3470/4169/3330 3468/4170/3331
f 3468/4171/3332 3470/4172/3330 3467/4173/3333
f 3467/4174/3334 3470/3914/3329 2828/4175/3328
f 3467/4176/3333 2828/3101/3328 847/879/1
f 3460/4165/2581 3471/4177/3335 851/4166/1
f 851/4166/1 3471/4177/3336 3467/4178/3337
f 851/4166/1 3467/4178/3333 847/4179/1
f 3460/4165/2581 3459/4161/3318 3471/4177/3338
f 3471/4177/3338 3459/4161/3318 2836/3103/2364
f 3471/4177/3339 2836/3103/2364 3468/4170/3331
f 3459/4161/3318 518/503/92 2836/3103/2364
f 3468/4170/3331 3467/4178/3333 3471/4177/3338
f 1341/1438/812 1340/1435/812 363/302/3340
f 363/302/3340 1340/1435/812 3489/4180/3341
f 363/302/3340 3489/4180/3341 3490/4181/3341
f 3490/4181/3341 3489/4180/3341 300/300/91
f 3490/4181/3342 300/300/91 3491/4182/3342
f 3491/4182/3342 300/300/91 3492/4183/3342
f 3491/4182/3341 3492/4183/3341 363/302/3340
f 363/302/3340 3492/4183/3341 3493/4184/3341
f 363/302/3340 3493/4184/3341 3494/4185/3341
f 3494/4185/3341 3493/4184/3341 300/300/91
f 3494/4185/3341 300/300/12 363/302/3340
f 3472/4186/3343 3474/4187/3341 1340/1435/812
f 1340/1435/812 3474/4187/3341 3475/4188/3341
f 1340/1435/812 3475/4188/3342 3476/4189/3342
f 3476/4189/3342 3475/4188/3342 3473/4190/3344
f 3476/4189/3342 3473/4190/3344 3477/4191/3342
f 3477/4191/3341 3473/4190/3344 3478/4192/3341
f 3477/4191/3342 3478/4192/3342 1340/1435/812
f 1340/1435/812 3478/4192/3341 3479/4193/3341
f 1340/1435/812 3479/4193/3341 3480/4194/3341
f 3480/4194/3341 3479/4193/3341 3473/4190/3344
f 3480/4194/3341 3473/4190/3344 3481/4195/3341
f 3481/4195/3341 3473/4190/3344 300/300/91
f 3481/4195/3341 300/300/12 3482/4196/3341
f 3482/4196/3341 300/300/91 3483/4197/3341
f 3482/4196/3341 3483/4197/3341 1340/1435/812
f 1340/1435/812 3483/4197/3341 3484/4198/3341
f 1340/1435/812 3484/4198/3341 3485/4199/3341
f 3485/4199/3341 3484/4198/3341 300/300/91
f 3485/4199/3341 300/300/12 3486/4200/3341
f 3486/4200/3341 300/300/91 3487/4201/3341
f 3486/4200/3341 3487/4201/3341 1340/1435/812
f 1340/1435/812 3487/4201/3342 3488/4202/3342
f 1340/1435/812 3488/4202/3341 3489/4180/3341
f 3489/4180/3341 3488/4202/3341 300/300/12
f 3472/4186/3345 3473/4190/3344 3474/4187/3346
f 3474/4187/3341 3473/4190/3344 3475/4188/3341
f 3473/4190/3344 382/380/91 300/300/91
f 3477/4191/3341 1340/1435/812 3476/4189/3341
f 3473/4190/3344 3479/4193/3342 3478/4192/3342
f 3482/4196/3342 1340/1435/812 3481/4195/3342
f 3481/4195/3341 1340/1435/812 3480/4194/3341
f 300/300/91 3484/4198/3341 3483/4197/3341
f 3486/4200/3341 1340/1435/812 3485/4199/3341
f 300/300/91 3488/4202/3341 3487/4201/3341
f 3491/4182/3341 363/302/3340 3490/4181/3341
f 300/300/12 3493/4184/3342 3492/4183/3342
f 1364/1550/1101 323/367/3347 3497/4203/3348
f 3497/4203/3348 323/367/3347 222/232/9
f 3497/4203/3348 222/232/88 3498/4204/3348
f 3498/4204/3348 222/232/9 3499/4205/3348
f 3498/4204/3348 3499/4205/3348 1364/1550/1100
f 1364/1550/1101 3499/4205/3348 3500/4206/3348
f 1364/1550/1101 3500/4206/3348 3501/4207/3348
f 3501/4207/3348 3500/4206/3348 222/232/9
f 3501/4207/3348 222/232/88 3502/4208/3348
f 3502/4208/3348 222/232/88 3503/4209/3348
f 3502/4208/3348 3503/4209/3348 1364/1550/1101
f 1364/1550/1101 3503/4209/3348 3504/4210/3348
f 1364/1550/1101 3504/4210/3348 3505/4211/3348
f 3505/4211/3348 3504/4210/3348 222/232/88
f 3505/4211/3348 222/232/9 3506/4212/3348
f 3506/4212/3348 222/232/88 3507/4213/3348
f 3506/4212/3348 3507/4213/3348 1364/1550/1101
f 1364/1550/1101 3507/4213/3348 3508/4214/3348
f 1364/1550/1100 3508/4214/3348 3509/4215/3348
f 3509/4215/3348 3508/4214/3348 221/228/88
f 3509/4215/3348 221/228/88 3510/4216/3348
f 3510/4216/3348 221/228/9 3511/4217/3348
f 3510/4216/3348 3511/4217/3348 3496/4218/3349
f 3496/4218/3349 3511/4217/3348 3512/4219/3348
f 3496/4218/3349 3512/4219/3348 3513/4220/3348
f 3513/4220/3348 3512/4219/3348 221/228/9
f 3513/4220/3348 221/228/9 3514/4221/3348
f 3514/4221/3348 221/228/9 3515/4222/3348
f 3514/4221/3348 3515/4222/3348 3496/4218/3349
f 3496/4218/3349 3515/4222/3348 3516/4223/3348
f 3496/4218/3349 3516/4223/3348 3517/4224/3348
f 3517/4224/3348 3516/4223/3348 221/228/88
f 3517/4224/3348 221/228/9 3495/4225/3350
f 222/232/9 221/228/88 3507/4213/3348
f 3507/4213/3348 221/228/88 3508/4214/3348
f 3495/4225/3350 3496/4218/3349 3517/4224/3351
f 1537/1675/1105 1364/1550/1105 3496/4218/3349
f 3496/4218/3349 1364/1550/1101 3510/4216/3348
f 3498/4204/3348 1364/1550/1101 3497/4203/3348
f 222/232/9 3500/4206/3348 3499/4205/3348
f 3502/4208/3348 1364/1550/1101 3501/4207/3348
f 222/232/88 3504/4210/3348 3503/4209/3348
f 3506/4212/3348 1364/1550/1105 3505/4211/3348
f 3510/4216/3348 1364/1550/1101 3509/4215/3348
f 221/228/9 3512/4219/3348 3511/4217/3348
f 3514/4221/3348 3496/4218/3349 3513/4220/3348
f 221/228/9 3516/4223/3348 3515/4222/3348
f 3518/4226/3352 3522/4227/3352 127/4228/4
f 127/4228/4 3522/4227/3352 3523/4229/3352
f 127/4228/4 3523/4229/3352 3524/4230/3352
f 3524/4230/3352 3523/4229/3352 3531/4231/3353
f 3524/4230/3352 3531/4231/3353 3532/4232/3353
f 3532/4232/3353 3531/4231/3353 259/258/11
f 3532/4232/3353 259/258/11 258/260/11
f 3518/4226/3352 3519/4233/3353 3522/4227/3352
f 3522/4227/3352 3519/4233/3353 3529/4234/3353
f 3522/4227/3352 3529/4234/3353 3530/4235/3353
f 3530/4235/3353 3529/4234/3353 259/258/11
f 3530/4235/3353 259/258/11 3531/4231/3353
f 3519/4233/3353 259/258/11 3529/4234/3353
f 3520/4236/3353 3535/4237/3353 258/260/11
f 258/260/11 3535/4237/3353 3534/4238/3353
f 258/260/11 3534/4238/3353 3533/4239/3353
f 3533/4239/3353 3534/4238/3353 3526/4240/3352
f 3533/4239/3353 3526/4240/3352 3525/4241/3352
f 3525/4241/3352 3526/4240/3352 128/4242/4
f 3525/4241/3352 128/4242/4 127/4228/4
f 3535/4237/3353 3520/4236/3353 3528/4243/3354
f 3528/4243/3352 3520/4236/3353 3521/4244/3352
f 3528/4243/3352 3521/4244/3352 128/4242/4
f 3525/4241/3352 127/4228/4 3524/4230/3352
f 3531/4231/3353 3523/4229/3354 3530/4235/3353
f 3530/4235/3355 3523/4229/3352 3522/4227/3352
f 3533/4239/3353 3525/4241/3352 3532/4232/3353
f 3532/4232/3353 3525/4241/3352 3524/4230/3352
f 3528/4243/3352 128/4242/4 3527/4245/3352
f 3527/4245/3352 128/4242/4 3526/4240/3352
f 3527/4245/3352 3526/4240/3352 3534/4238/3353
f 3535/4237/3353 3528/4243/3352 3527/4245/3352
f 3535/4237/3353 3527/4245/3354 3534/4238/3353
f 258/260/11 3533/4239/3353 3532/4232/3353
f 129/1406/460 128/4246/3356 3540/4247/3357
f 3540/4247/3358 128/4246/3359 3521/4248/3360
f 3540/4249/3358 3521/4244/3360 3539/4250/3361
f 3539/4250/3362 3521/4244/3360 3520/4236/3363
f 3539/4250/3362 3520/4236/3363 265/283/11
f 265/283/11 3520/4236/3363 258/260/11
f 265/283/11 3536/4251/3364 3539/4250/3361
f 3539/4250/3361 3536/4251/3364 3537/4252/3365
f 3539/4250/3362 3537/4252/3365 3540/4249/3358
f 3540/4249/3358 3537/4252/3365 3538/4253/3366
f 3540/4247/3358 3538/4254/3366 129/1406/460
f 129/1406/460 3538/4254/3366 1322/1404/460
f 1339/1434/3367 1322/1404/460 1340/1435/3368
f 1340/1435/3368 1322/1404/460 3541/4255/2712
f 1340/1435/3368 3541/4255/2712 3472/4186/3369
f 3472/4186/3369 3541/4255/2712 3542/4256/2983
f 3472/4186/3369 3542/4256/2984 3473/4190/3370
f 3473/4190/3371 3542/4256/2983 383/388/12
f 3473/4190/3372 383/388/91 382/380/91
f 1339/1434/3367 1323/1411/460 1322/1404/460
f 3496/4218/3373 3544/4257/2674 1537/1675/3374
f 1537/1675/3374 3544/4257/2674 1521/1656/430
f 1537/1675/3375 1521/1656/430 1538/1679/3376
f 1538/1679/3376 1521/1656/430 1520/1651/430
f 3544/4257/2673 3496/4218/3377 3543/4258/2971
f 3543/4258/2972 3496/4218/3373 3495/4225/3378
f 3543/4258/2971 3495/4225/3379 220/224/88
f 220/224/9 3495/4225/3379 221/228/88
f 126/1660/430 1521/1656/430 127/4259/3380
f 127/4259/3381 1521/1656/430 3549/4260/3382
f 127/4259/3381 3549/4260/3382 3518/4261/3383
f 3518/4226/3383 3549/4262/3382 3548/4263/3384
f 3518/4226/3383 3548/4263/3385 3519/4233/3386
f 3519/4233/3386 3548/4263/3385 259/258/11
f 259/258/11 3548/4263/3385 3547/4264/3387
f 259/258/11 3547/4264/3387 260/263/11
f 1521/1656/430 3545/4265/3388 3549/4260/3382
f 3549/4262/3382 3545/4266/3388 3546/4267/3389
f 3549/4262/3382 3546/4267/3389 3548/4263/3384
f 3548/4263/3384 3546/4267/3389 3547/4264/3387
f 383/388/12 3542/4256/2983 3552/4268/3390
f 3552/4268/3390 3542/4256/2983 3554/4269/3391
f 3552/4268/3390 3554/4269/3392 3551/4270/3393
f 3551/4271/3393 3554/4272/3391 3553/4273/3394
f 3551/4271/3393 3553/4273/3394 3536/4251/3364
f 3536/4251/3364 3553/4273/3394 3537/4252/3365
f 3537/4252/3365 3553/4273/3395 3554/4272/3391
f 3537/4252/3365 3554/4272/3392 3538/4253/3366
f 3538/4254/3396 3554/4269/3392 3541/4255/2712
f 3538/4254/3366 3541/4255/2712 1322/1404/460
f 3542/4256/2983 3541/4255/2712 3554/4269/3392
f 265/283/11 3550/4274/3397 3536/4251/3364
f 3536/4251/3364 3550/4274/3397 3551/4271/3393
f 1158/1317/809 407/455/3398 3557/4275/3399
f 3557/4275/3399 407/455/3398 364/370/91
f 3557/4275/3399 364/370/12 3558/4276/3399
f 3558/4276/3399 364/370/12 3559/4277/3399
f 3558/4276/3399 3559/4277/3399 1158/1317/809
f 1158/1317/809 3559/4277/3400 3560/4278/3400
f 1158/1317/809 3560/4278/3400 3561/4279/3400
f 3561/4279/3400 3560/4278/3400 364/370/91
f 3561/4279/3399 364/370/12 3562/4280/3399
f 3562/4280/3399 364/370/91 3563/4281/3399
f 3562/4280/3399 3563/4281/3399 1158/1317/809
f 1158/1317/809 3563/4281/3400 3564/4282/3400
f 1158/1317/809 3564/4282/3399 3565/4283/3399
f 3565/4283/3399 3564/4282/3399 364/370/12
f 3565/4283/3399 364/370/12 3566/4284/3399
f 3566/4284/3400 364/370/91 3567/4285/3400
f 3566/4284/3400 3567/4285/3400 1158/1317/809
f 1158/1317/809 3567/4285/3399 3568/4286/3399
f 1158/1317/809 3568/4286/3399 3569/4287/3399
f 3569/4287/3399 3568/4286/3399 385/371/91
f 3569/4287/3399 385/371/12 3570/4288/3399
f 3570/4288/3399 385/371/91 3571/4289/3399
f 3570/4288/3400 3571/4289/3400 3556/4290/3401
f 3556/4290/3401 3571/4289/3399 3572/4291/3399
f 3556/4290/3401 3572/4291/3400 3573/4292/3400
f 3573/4292/3399 3572/4291/3399 385/371/12
f 3573/4292/3399 385/371/91 3574/4293/3399
f 3574/4293/3399 385/371/91 3575/4294/3399
f 3574/4293/3400 3575/4294/3400 3556/4290/3401
f 3556/4290/3402 3575/4294/3399 3576/4295/3399
f 3556/4290/3402 3576/4295/3399 3577/4296/3399
f 3577/4296/3399 3576/4295/3399 385/371/12
f 3577/4296/3399 385/371/91 3555/4297/3403
f 364/370/12 385/371/91 3567/4285/3399
f 3567/4285/3400 385/371/12 3568/4286/3400
f 3555/4297/3403 3556/4290/3401 3577/4296/3404
f 1303/1387/809 1158/1317/809 3556/4290/3401
f 3556/4290/3402 1158/1317/809 3570/4288/3399
f 3558/4276/3399 1158/1317/809 3557/4275/3399
f 364/370/91 3560/4278/3399 3559/4277/3399
f 3562/4280/3400 1158/1317/809 3561/4279/3400
f 364/370/91 3564/4282/3399 3563/4281/3399
f 3566/4284/3400 1158/1317/809 3565/4283/3399
f 3570/4288/3399 1158/1317/809 3569/4287/3399
f 385/371/12 3572/4291/3400 3571/4289/3400
f 3574/4293/3399 3556/4290/3401 3573/4292/3399
f 385/371/12 3576/4295/3400 3575/4294/3400
f 1078/1141/510 1077/1138/510 447/390/3405
f 447/390/3405 1077/1138/510 3595/4298/3406
f 447/390/3405 3595/4298/3406 3596/4299/3406
f 3596/4299/3406 3595/4298/3406 217/219/9
f 3596/4299/3406 217/219/9 3597/4300/3406
f 3597/4300/3406 217/219/9 3598/4301/3406
f 3597/4300/3406 3598/4301/3406 447/390/3405
f 447/390/3405 3598/4301/3406 3599/4302/3406
f 447/390/3405 3599/4302/3406 3600/4303/3406
f 3600/4303/3406 3599/4302/3406 217/219/88
f 3600/4303/3406 217/219/88 447/390/3405
f 3578/4304/3407 3580/4305/3406 1077/1138/510
f 1077/1138/510 3580/4305/3406 3581/4306/3406
f 1077/1138/510 3581/4306/3406 3582/4307/3406
f 3582/4307/3406 3581/4306/3406 3579/4308/3408
f 3582/4307/3406 3579/4308/3408 3583/4309/3406
f 3583/4309/3406 3579/4308/3408 3584/4310/3406
f 3583/4309/3406 3584/4310/3406 1077/1138/508
f 1077/1138/508 3584/4310/3406 3585/4311/3406
f 1077/1138/510 3585/4311/3406 3586/4312/3406
f 3586/4312/3406 3585/4311/3406 3579/4308/3408
f 3586/4312/3406 3579/4308/3408 3587/4313/3406
f 3587/4313/3406 3579/4308/3408 217/219/9
f 3587/4313/3406 217/219/88 3588/4314/3406
f 3588/4314/3406 217/219/88 3589/4315/3406
f 3588/4314/3406 3589/4315/3406 1077/1138/510
f 1077/1138/510 3589/4315/3406 3590/4316/3406
f 1077/1138/508 3590/4316/3406 3591/4317/3406
f 3591/4317/3406 3590/4316/3406 217/219/88
f 3591/4317/3406 217/219/88 3592/4318/3406
f 3592/4318/3406 217/219/88 3593/4319/3406
f 3592/4318/3406 3593/4319/3406 1077/1138/508
f 1077/1138/510 3593/4319/3406 3594/4320/3406
f 1077/1138/508 3594/4320/3406 3595/4298/3406
f 3595/4298/3406 3594/4320/3406 217/219/88
f 3578/4304/3407 3579/4308/3408 3580/4305/3406
f 3580/4305/3406 3579/4308/3408 3581/4306/3406
f 3579/4308/3408 218/215/88 217/219/88
f 3583/4309/3406 1077/1138/510 3582/4307/3406
f 3579/4308/3408 3585/4311/3406 3584/4310/3406
f 3588/4314/3409 1077/1138/510 3587/4313/3409
f 3587/4313/3406 1077/1138/510 3586/4312/3406
f 217/219/88 3590/4316/3406 3589/4315/3406
f 3592/4318/3406 1077/1138/510 3591/4317/3406
f 217/219/9 3594/4320/3406 3593/4319/3406
f 3597/4300/3406 447/390/3410 3596/4299/3406
f 217/219/9 3599/4302/3406 3598/4301/3406
f 260/263/11 3547/4264/3387 3603/4321/3411
f 3603/4321/3411 3547/4264/3412 3605/4322/3413
f 3603/4321/3411 3605/4322/3413 3602/4323/3414
f 3602/4323/3414 3605/4322/3413 3604/4324/3415
f 3602/4325/3414 3604/4326/3415 3601/4327/3416
f 3601/4327/3416 3604/4326/3417 3543/4258/2972
f 3601/4327/3416 3543/4258/2971 220/224/9
f 3547/4264/3387 3546/4267/3389 3605/4322/3413
f 3605/4322/3413 3546/4267/3389 3604/4324/3415
f 3546/4267/3389 3545/4266/3388 3604/4324/3417
f 3604/4326/3415 3545/4265/3388 3544/4257/2673
f 3604/4326/3415 3544/4257/2673 3543/4258/2972
f 3545/4265/3388 1521/1656/430 3544/4257/2673
f 3552/4268/3390 3609/4328/3418 383/388/12
f 383/388/91 3609/4328/3418 3610/4329/3418
f 383/388/91 3610/4329/3418 3611/4330/3418
f 3611/4330/3419 3610/4329/3419 3619/4331/3420
f 3611/4330/3419 3619/4331/3420 3620/4332/3420
f 3620/4333/3421 3619/4334/3421 264/279/11
f 3620/4333/3421 264/279/11 3621/4335/3421
f 3621/4335/3421 264/279/11 3622/4336/3421
f 3621/4337/3420 3622/4338/3420 3613/4339/3419
f 3613/4339/3419 3622/4338/3420 3614/4340/3419
f 3613/4339/3418 3614/4340/3418 383/388/91
f 383/388/91 3614/4340/3418 3608/4341/3390
f 383/388/91 3608/4341/3422 384/389/91
f 3552/4268/3390 3551/4270/3393 3609/4328/3419
f 3609/4328/3418 3551/4270/3393 3617/4342/3421
f 3609/4328/3419 3617/4342/3420 3618/4343/3420
f 3618/4344/3423 3617/4345/3423 3550/4274/3397
f 3618/4344/3420 3550/4274/3397 3619/4334/3420
f 3619/4334/3421 3550/4274/3397 264/279/11
f 3551/4271/3393 3550/4274/3397 3617/4345/3420
f 3550/4274/3397 265/283/11 264/279/11
f 3606/4346/3397 3624/4347/3421 264/279/11
f 264/279/11 3624/4347/3421 3623/4348/3421
f 264/279/11 3623/4348/3421 3622/4336/3421
f 3622/4338/3420 3623/4349/3420 3614/4340/3419
f 3606/4346/3397 3607/4350/3393 3624/4347/3420
f 3624/4351/3421 3607/4352/3393 3616/4353/3418
f 3624/4351/3420 3616/4353/3419 3615/4354/3419
f 3615/4354/3419 3616/4353/3419 3608/4341/3390
f 3615/4354/3419 3608/4341/3390 3614/4340/3419
f 3607/4352/3393 3608/4341/3390 3616/4353/3419
f 3619/4331/3420 3610/4329/3419 3618/4343/3420
f 3618/4343/3420 3610/4329/3419 3609/4328/3419
f 3613/4339/3418 383/388/91 3612/4355/3418
f 3612/4355/3418 383/388/91 3611/4330/3418
f 3612/4355/3419 3611/4330/3419 3620/4332/3420
f 3621/4337/3424 3613/4339/3419 3612/4355/3419
f 3621/4337/3420 3612/4355/3419 3620/4332/3420
f 3624/4351/3420 3615/4354/3419 3623/4349/3420
f 3623/4349/3424 3615/4354/3419 3614/4340/3419
f 3556/4290/3425 3626/4356/2633 1303/1387/3426
f 1303/1387/3426 3626/4356/2634 1287/1368/329
f 1303/1387/3426 1287/1368/329 1304/1391/3427
f 1304/1391/3427 1287/1368/329 1286/1363/329
f 3626/4356/2633 3556/4290/3425 3625/4357/2833
f 3625/4357/2833 3556/4290/3425 3555/4297/3428
f 3625/4357/2833 3555/4297/3429 384/389/12
f 384/389/91 3555/4297/3430 385/371/91
f 1076/1139/3431 12/6/1 1077/1138/3432
f 1077/1138/3433 12/6/1 3627/4358/2590
f 1077/1138/3433 3627/4358/2598 3578/4304/3434
f 3578/4304/3434 3627/4358/2590 3628/4359/2864
f 3578/4304/3434 3628/4359/2857 3579/4308/3435
f 3579/4308/3436 3628/4359/2857 219/220/88
f 3579/4308/3436 219/220/9 218/215/88
f 1076/1139/3437 1/3/1 12/6/1
f 3603/4321/3411 3632/4360/3438 260/263/11
f 260/263/11 3632/4360/3438 3633/4361/3438
f 260/263/11 3633/4361/3438 3634/4362/3438
f 3634/4363/3439 3633/4364/3439 3642/4365/3440
f 3634/4363/3439 3642/4365/3440 3643/4366/3440
f 3643/4366/3441 3642/4365/3441 219/220/88
f 3643/4366/3441 219/220/88 3644/4367/3441
f 3644/4367/3441 219/220/88 3645/4368/3441
f 3644/4367/3440 3645/4368/3440 3636/4369/3439
f 3636/4369/3439 3645/4368/3440 3637/4370/3439
f 3636/4371/3438 3637/4372/3438 260/263/11
f 260/263/11 3637/4372/3438 3631/4373/3411
f 260/263/11 3631/4373/3411 261/267/11
f 3603/4321/3411 3602/4323/3414 3632/4360/3439
f 3632/4374/3438 3602/4325/3414 3640/4375/3441
f 3632/4374/3439 3640/4375/3440 3641/4376/3440
f 3641/4376/3440 3640/4375/3440 3601/4327/3416
f 3641/4376/3440 3601/4327/3416 3642/4365/3440
f 3642/4365/3441 3601/4327/3416 219/220/88
f 3602/4325/3414 3601/4327/3416 3640/4375/3440
f 3601/4327/3442 220/224/88 219/220/88
f 3629/4377/3416 3647/4378/3441 219/220/9
f 219/220/88 3647/4378/3441 3646/4379/3441
f 219/220/88 3646/4379/3441 3645/4368/3441
f 3645/4368/3440 3646/4379/3440 3637/4370/3439
f 3629/4377/3416 3630/4380/3414 3647/4378/3440
f 3647/4378/3441 3630/4380/3414 3639/4381/3438
f 3647/4378/3440 3639/4381/3439 3638/4382/3439
f 3638/4383/3443 3639/4384/3443 3631/4373/3411
f 3638/4383/3439 3631/4373/3411 3637/4372/3439
f 3630/4385/3414 3631/4373/3411 3639/4384/3439
f 3642/4365/3440 3633/4364/3439 3641/4376/3440
f 3641/4376/3440 3633/4364/3439 3632/4374/3439
f 3636/4371/3438 260/263/11 3635/4386/3438
f 3635/4386/3438 260/263/11 3634/4362/3438
f 3635/4387/3439 3634/4363/3439 3643/4366/3440
f 3644/4367/3440 3636/4369/3439 3635/4387/3439
f 3644/4367/3440 3635/4387/3444 3643/4366/3440
f 3647/4378/3440 3638/4382/3439 3646/4379/3440
f 3646/4379/3440 3638/4382/3439 3637/4370/3439
f 1287/1368/329 3626/4356/2633 3650/4388/3445
f 3650/4388/3445 3626/4356/2633 3652/4389/3446
f 3650/4390/3447 3652/4391/3446 3649/4392/3448
f 3649/4393/3448 3652/4389/3449 3651/4394/3450
f 3649/4392/3448 3651/4395/3451 3648/4396/3452
f 3648/4397/3452 3651/4398/3451 3606/4346/3397
f 3648/4397/3452 3606/4346/3397 264/279/11
f 3626/4356/2633 3625/4357/2833 3652/4389/3446
f 3652/4389/3449 3625/4357/2833 3608/4341/3390
f 3652/4389/3446 3608/4341/3390 3607/4352/3393
f 3625/4357/2833 384/389/12 3608/4341/3390
f 3652/4389/3449 3607/4352/3393 3651/4394/3451
f 3651/4398/3451 3607/4350/3393 3606/4346/3397
f 1121/4399/3453 546/553/3454 458/479/92
f 458/479/92 546/553/3454 545/552/3455
f 458/479/92 545/552/3455 544/555/3456
f 544/555/3457 543/554/3458 458/479/92
f 458/479/92 543/554/3458 459/480/92
f 1121/4399/3453 458/479/92 1122/4400/3459
f 1122/4400/3459 458/479/92 3653/4401/3318
f 1122/4400/3459 3653/4401/3318 1123/4402/3460
f 1123/4402/3460 3653/4401/3318 1124/4403/3461
f 1124/4403/3461 3653/4401/3318 3654/4404/2581
f 1124/4403/3461 3654/4404/2581 1125/4405/3462
f 1125/4405/3462 3654/4404/2581 1126/4406/3463
f 1126/4406/3464 3654/4404/2581 1127/4407/3465
f 1127/4407/3465 3654/4404/2581 1069/4408/1
f 1127/1125/3465 1069/1121/1 1128/1182/3466
f 1128/1182/3466 1069/1121/1 1129/1183/3467
f 1129/1183/3467 1069/1121/1 1068/1120/1
f 261/267/11 3631/4373/3411 3657/4409/3468
f 3657/4409/3468 3631/4373/3411 3659/4410/3469
f 3657/4411/3468 3659/4412/3469 3656/4413/3470
f 3656/4414/3470 3659/4415/3471 3658/4416/3472
f 3656/4413/3470 3658/4417/3473 3655/4418/3474
f 3655/4419/3475 3658/4416/3473 3627/4358/2590
f 3655/4419/3474 3627/4358/2590 12/6/1
f 3631/4373/3411 3630/4385/3414 3659/4410/3469
f 3659/4415/3469 3630/4380/3414 3658/4416/3472
f 3630/4380/3414 3629/4377/3416 3658/4416/3473
f 3658/4416/3472 3629/4377/3416 3628/4359/2857
f 3658/4416/3473 3628/4359/2857 3627/4358/2590
f 3629/4377/3416 219/220/9 3628/4359/2864
f 3650/4390/3447 3663/4420/3476 1287/4421/329
f 1287/4421/329 3663/4420/3476 448/458/3477
f 1287/1368/329 448/4422/3478 482/1372/329
f 3650/4390/3447 3649/4392/3448 3663/4420/3476
f 3663/4420/3476 3649/4392/3448 3662/4423/3479
f 3663/4420/3476 3662/4423/3479 3661/4424/3480
f 3661/4424/3480 3662/4423/3481 3660/4425/3482
f 3660/4426/3482 3662/4427/3481 263/275/11
f 263/275/11 3662/4427/3481 3648/4397/3452
f 263/275/11 3648/4397/3452 264/279/11
f 3649/4392/3448 3648/4396/3452 3662/4423/3479
f 3661/4424/3480 448/458/3477 3663/4420/3476
f 3665/4428/3483 1069/4408/1 3666/4429/3484
f 3666/4429/3484 1069/4408/1 3654/4404/2581
f 3666/4429/3484 3654/4404/2581 3653/4401/3318
f 3653/4401/3318 458/479/92 3666/4429/3484
f 458/479/92 3005/3384/2576 3668/4430/3485
f 3668/4430/3486 3005/3384/2576 3004/3411/3487
f 3668/4430/3485 3004/3411/2597 3667/4431/3488
f 3667/4431/3488 3004/3411/2597 3664/4432/3489
f 3667/4433/3488 3664/4434/3490 3665/4435/3483
f 3004/3412/3487 2787/3008/2332 3664/4436/3491
f 3666/4429/3492 458/479/92 3668/4430/3485
f 3665/4428/3493 3666/4429/3484 3668/4430/3494
f 3665/4428/3495 3668/4430/3494 3667/4431/3488
f 3657/4409/3468 3673/4437/3496 261/267/11
f 261/267/11 3673/4437/3497 3671/4438/3468
f 261/267/11 3671/4438/3498 262/271/11
f 3657/4411/3468 3656/4413/3470 3673/4439/3496
f 3673/4439/3496 3656/4413/3470 3672/4440/3499
f 3673/4439/3496 3672/4440/3499 3670/4441/3470
f 3670/4441/3470 3672/4440/3499 3669/4442/3474
f 3669/4443/3474 3672/4444/3499 11/4445/1
f 11/4446/1 3672/4440/3499 3655/4418/3474
f 11/10/1 3655/4419/3474 12/6/1
f 3656/4413/3470 3655/4418/3474 3672/4440/3499
f 3670/4441/3470 3671/4447/3468 3673/4439/3496
f 3661/4424/3500 3676/4448/3500 448/458/92
f 448/458/92 3676/4448/3500 3677/4449/3500
f 448/458/92 3677/4449/3500 3678/4450/3500
f 3678/4450/3500 3677/4449/3500 3685/4451/3501
f 3678/4450/3500 3685/4451/3502 3686/4452/3502
f 3686/4453/3502 3685/4454/3502 263/275/11
f 3686/4453/3502 263/275/11 262/271/11
f 3661/4424/3500 3660/4425/3502 3676/4448/3500
f 3676/4448/3500 3660/4425/3502 3683/4455/3502
f 3676/4448/3500 3683/4455/3502 3684/4456/3502
f 3684/4457/3502 3683/4458/3502 263/275/11
f 3684/4457/3502 263/275/11 3685/4454/3502
f 3660/4426/3502 263/275/11 3683/4458/3502
f 3674/4459/3502 3689/4460/3502 262/271/11
f 262/271/11 3689/4460/3502 3688/4461/3502
f 262/271/11 3688/4461/3502 3687/4462/3502
f 3687/4463/3502 3688/4464/3502 3680/4465/3500
f 3687/4463/3501 3680/4465/3500 3679/4466/3500
f 3679/4466/3500 3680/4465/3500 449/456/92
f 3679/4466/3500 449/456/92 448/458/92
f 3689/4467/3502 3674/4468/3502 3682/4469/3500
f 3682/4469/3500 3674/4468/3502 3675/4470/3500
f 3682/4469/3500 3675/4470/3500 449/456/92
f 3679/4466/3500 448/458/92 3678/4450/3500
f 3685/4451/3502 3677/4449/3503 3684/4456/3502
f 3684/4456/3502 3677/4449/3500 3676/4448/3500
f 3687/4463/3502 3679/4466/3503 3686/4452/3502
f 3686/4452/3502 3679/4466/3500 3678/4450/3500
f 3682/4469/3500 449/456/92 3681/4471/3500
f 3681/4471/3500 449/456/92 3680/4465/3500
f 3681/4471/3500 3680/4465/3500 3688/4464/3502
f 3689/4467/3502 3682/4469/3500 3681/4471/3500
f 3689/4467/3502 3681/4471/3500 3688/4464/3502
f 262/271/11 3687/4462/3502 3686/4453/3502
f 1070/1122/3504 1069/1121/1 3693/4472/3505
f 3693/4473/3506 1069/4408/1 3665/4428/3483
f 3693/4473/3507 3665/4428/3483 3722/4474/3508
f 3722/4474/3508 3665/4428/3483 3699/4475/3509
f 3722/4474/3510 3699/4475/3509 3700/4476/3511
f 3700/4476/3511 3699/4475/3512 3782/4477/3513
f 3700/4476/3511 3782/4477/3513 3781/4478/3514
f 3781/4478/3514 3782/4477/3513 3746/4479/3515
f 3781/4478/3514 3746/4479/3515 3745/4480/3516
f 3745/4480/3517 3746/4479/3515 3726/4481/3518
f 3745/4480/3517 3726/4481/3518 3727/4482/3519
f 3727/4483/3519 3726/4484/3518 3756/4485/3520
f 3727/4483/3519 3756/4485/3520 3755/4486/3521
f 3755/4486/3521 3756/4485/3520 2800/3020/2193
f 3755/4486/3522 2800/3020/2192 3754/4487/3523
f 3754/4487/3523 2800/3020/2192 2799/3022/2338
f 3754/4487/3523 2799/3022/2338 3753/4488/3524
f 3753/4488/3524 2799/3022/3525 2798/3023/2339
f 3753/4488/3524 2798/3023/2340 3752/4489/3526
f 3752/4489/3526 2798/3023/2339 2797/3025/2341
f 3752/4489/3527 2797/3025/2341 3751/4490/3528
f 3751/4491/3528 2797/4492/3529 2796/4493/2342
f 3751/4494/3528 2796/4495/2342 3750/4496/3530
f 3750/4497/3530 2796/3028/2342 3749/4498/3531
f 3750/4497/3530 3749/4498/3531 3733/4499/3532
f 3733/4499/3532 3749/4498/3531 3734/4500/3533
f 3733/4499/3532 3734/4500/3533 3738/4501/3534
f 3738/4501/3534 3734/4500/3535 3737/4502/3536
f 3738/4501/3534 3737/4502/3536 3773/4503/3537
f 3773/4503/3537 3737/4502/3536 3772/4504/3538
f 3773/4503/3537 3772/4504/3539 3709/4505/3540
f 3709/4505/3540 3772/4504/3539 3710/4506/3541
f 3709/4505/3540 3710/4506/3541 3713/4507/3542
f 3713/4507/3542 3710/4506/3543 3712/4508/3544
f 3713/4507/3542 3712/4508/3545 3768/4509/3546
f 3768/4509/3546 3712/4508/3545 3769/4510/3547
f 3768/4511/3546 3769/4512/3548 7/8/1
f 7/8/1 3769/4512/3547 8/9/3549
f 8/9/3549 3769/4512/3547 3770/4513/3550
f 8/9/3549 3770/4513/3551 9/11/3552
f 9/11/1898 3770/4513/3550 10/12/1
f 10/4514/1 3770/4515/3551 3692/4516/3553
f 10/4517/1 3692/4518/3553 3691/4519/3554
f 3691/4520/3555 3692/4516/3556 3711/4521/3557
f 3691/4520/3555 3711/4521/3558 3694/4522/3559
f 3694/4522/3560 3711/4521/3558 3710/4506/3543
f 3694/4522/3561 3710/4506/3541 3772/4504/3539
f 3699/4475/3512 3665/4428/3493 3695/4523/3562
f 3695/4523/3562 3665/4428/3483 3664/4432/3491
f 3695/4523/3562 3664/4432/3489 3748/4524/3563
f 3748/4524/3563 3664/4432/3491 3723/4525/3564
f 3748/4524/3565 3723/4525/3566 3724/4526/3567
f 3724/4527/3567 3723/4528/3564 3759/4529/3568
f 3724/4526/3567 3759/4530/3568 3758/4531/3569
f 3758/4532/3570 3759/4533/3568 2804/3014/2334
f 3758/4532/3569 2804/3014/2334 2803/3016/2335
f 3723/4534/3564 3664/4436/3489 3697/4535/3571
f 3697/4535/3571 3664/4436/3491 2787/3008/2332
f 3697/4535/3571 2787/3008/2332 2805/3010/3572
f 3697/4535/3571 2805/3010/3572 3759/4536/3568
f 3759/4537/3568 2805/4538/3572 2804/4539/2334
f 2803/3016/2335 2802/3017/2336 3758/4532/3569
f 3758/4532/3569 2802/3017/2336 3757/4540/3573
f 3758/4532/3569 3757/4540/3574 3725/4541/3575
f 3725/4541/3575 3757/4540/3574 3726/4484/3518
f 3725/4542/3575 3726/4481/3518 3746/4479/3576
f 2802/3017/2336 2801/3019/2337 3757/4540/3573
f 3757/4540/3574 2801/3019/2337 3756/4485/3520
f 3757/4540/3574 3756/4485/3520 3726/4484/3577
f 2801/3019/2337 2800/3020/2193 3756/4485/3520
f 2796/3028/3578 2795/3029/3579 3749/4498/3531
f 3749/4498/3580 2795/3029/3579 3696/4543/3581
f 3749/4498/3531 3696/4543/3581 3734/4500/3535
f 3734/4500/3533 3696/4543/3581 3735/4544/3582
f 3734/4500/3535 3735/4544/3582 3737/4502/3536
f 3737/4502/3536 3735/4544/3582 3736/4545/3583
f 3737/4502/3536 3736/4545/3584 3772/4504/3538
f 3772/4504/3539 3736/4545/3583 3694/4522/3560
f 2795/3029/3579 2794/3030/2344 3696/4543/3581
f 3696/4543/3585 2794/3030/2344 3690/4546/3586
f 3696/4543/3581 3690/4546/3587 3735/4544/3582
f 3735/4544/3582 3690/4546/3588 3736/4545/3583
f 3690/4546/3587 3691/4520/3554 3736/4545/3583
f 3736/4545/3584 3691/4520/3554 3694/4522/3560
f 7/8/1 6/7/1 3768/4511/3546
f 3768/4511/3546 6/7/1 3767/4547/3589
f 3768/4509/3546 3767/4548/3590 3713/4507/3591
f 3713/4507/3542 3767/4548/3589 3714/4549/3592
f 3713/4507/3542 3714/4549/3593 3709/4505/3540
f 3709/4505/3540 3714/4549/3593 3708/4550/3594
f 3709/4505/3540 3708/4550/3594 3773/4503/3537
f 3773/4503/3595 3708/4550/3594 3774/4551/3596
f 3773/4503/3537 3774/4551/3597 3738/4501/3534
f 3738/4501/3534 3774/4551/3596 3739/4552/3598
f 3738/4501/3534 3739/4552/3598 3733/4499/3532
f 3733/4499/3532 3739/4552/3598 3732/4553/3599
f 3733/4499/3600 3732/4553/3599 3750/4497/3530
f 3750/4497/3601 3732/4553/3599 3751/4554/3528
f 6/7/1 5/5/1 3767/4547/3589
f 3767/4547/3590 5/5/1 3766/4555/3602
f 3767/4548/3590 3766/4556/3602 3714/4549/3592
f 3714/4549/3603 3766/4556/3602 3715/4557/3604
f 3714/4549/3593 3715/4557/3605 3708/4550/3594
f 3708/4550/3594 3715/4557/3605 3707/4558/3606
f 3708/4550/3594 3707/4558/3606 3774/4551/3597
f 3774/4551/3596 3707/4558/3606 3775/4559/3607
f 3774/4551/3596 3775/4559/3608 3739/4552/3598
f 3739/4552/3598 3775/4559/3608 3740/4560/3609
f 3739/4552/3598 3740/4560/3609 3732/4553/3599
f 3732/4553/3599 3740/4560/3609 3731/4561/3610
f 3732/4553/3599 3731/4561/3610 3751/4554/3528
f 3751/4490/3528 3731/4562/3610 3752/4489/3526
f 5/4563/1 4/4564/1 3766/4565/3602
f 3766/4565/3602 4/4564/1 3765/4566/3611
f 3766/4556/3602 3765/4567/3611 3715/4557/3605
f 3715/4557/3605 3765/4567/3611 3716/4568/3612
f 3715/4557/3605 3716/4568/3613 3707/4558/3606
f 3707/4558/3606 3716/4568/3612 3706/4569/3614
f 3707/4558/3606 3706/4569/3615 3775/4559/3608
f 3775/4559/3608 3706/4569/3614 3776/4570/3616
f 3775/4559/3608 3776/4570/3616 3740/4560/3609
f 3740/4560/3609 3776/4570/3616 3741/4571/3617
f 3740/4560/3609 3741/4571/3618 3731/4561/3610
f 3731/4561/3610 3741/4571/3618 3730/4572/3619
f 3731/4562/3610 3730/4573/3619 3752/4489/3526
f 3752/4489/3526 3730/4573/3619 3753/4488/3524
f 3765/4566/3611 4/4564/1 3764/4574/3620
f 3764/4574/3620 4/4564/1 3/4575/1
f 3764/4574/3620 3/4575/1 3763/4576/3621
f 3763/4576/3621 3/4575/1 2/4577/1
f 3763/4576/3621 2/4577/1 1075/4578/3622
f 3763/4576/3621 1075/4578/3622 3762/4579/3623
f 3762/4579/3624 1075/4578/3622 1074/4580/3625
f 3762/4579/3624 1074/4580/3626 3761/4581/3627
f 3761/4581/3627 1074/4580/3626 3760/4582/3628
f 3761/4581/3629 3760/4582/3628 3720/4583/3630
f 3720/4583/3630 3760/4582/3628 3721/4584/3631
f 3720/4583/3630 3721/4584/3631 3702/4585/3632
f 3702/4585/3632 3721/4584/3631 3701/4586/3633
f 3702/4585/3632 3701/4586/3633 3780/4587/3634
f 3780/4587/3634 3701/4586/3633 3781/4478/3514
f 3780/4587/3634 3781/4478/3514 3745/4480/3517
f 1074/4588/3635 1073/4589/3636 3760/4590/3637
f 3760/4582/3628 1073/4591/3638 3721/4584/3639
f 1072/4588/3640 3771/4592/3641 1073/1733/3636
f 1073/4591/3638 3771/4593/3642 3698/4594/3643
f 1073/4591/3638 3698/4594/3644 3721/4584/3639
f 3721/4584/3639 3698/4594/3643 3701/4586/3633
f 1071/4595/3645 3693/4473/3505 1072/4596/3640
f 1072/4596/3640 3693/4473/3507 3722/4474/3510
f 1072/4596/3640 3722/4474/3510 3698/4594/3643
f 3698/4594/3644 3722/4474/3508 3700/4476/3511
f 3698/4594/3643 3700/4476/3646 3701/4586/3633
f 3701/4586/3633 3700/4476/3646 3781/4478/3514
f 1071/4595/3647 1070/4597/3504 3693/4473/3505
f 1072/4596/3640 3698/4594/3643 3771/4593/3648
f 3702/4585/3632 3703/4598/3649 3720/4583/3630
f 3720/4583/3630 3703/4598/3649 3719/4599/3650
f 3720/4583/3630 3719/4599/3650 3761/4581/3627
f 3761/4581/3627 3719/4599/3651 3762/4579/3624
f 3703/4598/3649 3704/4600/3652 3719/4599/3650
f 3719/4599/3650 3704/4600/3653 3718/4601/3654
f 3719/4599/3650 3718/4601/3654 3762/4579/3624
f 3762/4579/3624 3718/4601/3654 3763/4576/3621
f 3703/4598/3649 3702/4585/3632 3779/4602/3655
f 3779/4602/3655 3702/4585/3656 3780/4587/3634
f 3779/4602/3655 3780/4587/3634 3744/4603/3657
f 3744/4603/3657 3780/4587/3634 3745/4480/3658
f 3744/4603/3657 3745/4480/3658 3727/4482/3519
f 3704/4600/3652 3705/4604/3659 3718/4601/3654
f 3718/4601/3654 3705/4604/3659 3717/4605/3660
f 3718/4601/3654 3717/4605/3661 3763/4576/3621
f 3763/4576/3621 3717/4605/3661 3764/4574/3620
f 3704/4600/3652 3703/4598/3662 3778/4606/3663
f 3778/4606/3663 3703/4598/3649 3779/4602/3664
f 3778/4606/3663 3779/4602/3655 3743/4607/3665
f 3743/4607/3665 3779/4602/3666 3744/4603/3657
f 3743/4608/3665 3744/4609/3657 3728/4610/3667
f 3728/4610/3668 3744/4609/3657 3727/4483/3519
f 3728/4610/3668 3727/4483/3519 3755/4486/3669
f 3705/4611/3659 3706/4569/3614 3717/4612/3670
f 3717/4605/3671 3706/4613/3614 3716/4614/3613
f 3717/4605/3670 3716/4614/3612 3764/4574/3620
f 3764/4574/3620 3716/4614/3613 3765/4566/3672
f 3705/4604/3659 3704/4600/3652 3777/4615/3673
f 3777/4615/3673 3704/4600/3652 3778/4606/3663
f 3777/4615/3673 3778/4606/3663 3742/4616/3674
f 3742/4616/3674 3778/4606/3663 3743/4607/3665
f 3742/4617/3674 3743/4608/3665 3729/4618/3675
f 3729/4618/3675 3743/4608/3665 3728/4610/3668
f 3729/4618/3675 3728/4610/3668 3754/4487/3676
f 3754/4487/3523 3728/4610/3667 3755/4486/3669
f 3706/4569/3615 3705/4611/3659 3776/4570/3616
f 3776/4570/3616 3705/4611/3659 3777/4619/3673
f 3776/4570/3616 3777/4619/3673 3741/4571/3618
f 3741/4571/3677 3777/4619/3673 3742/4620/3678
f 3741/4621/3617 3742/4617/3674 3730/4573/3619
f 3730/4573/3619 3742/4617/3674 3729/4618/3675
f 3730/4573/3619 3729/4618/3675 3753/4488/3679
f 3753/4488/3679 3729/4618/3675 3754/4487/3523
f 3710/4506/3541 3711/4521/3558 3712/4508/3545
f 3712/4508/3544 3711/4521/3558 3692/4516/3556
f 3712/4508/3680 3692/4516/3556 3769/4510/3548
f 3769/4510/3547 3692/4516/3556 3770/4515/3550
f 3724/4526/3567 3725/4542/3575 3747/4622/3681
f 3747/4622/3681 3725/4542/3575 3746/4479/3682
f 3747/4622/3681 3746/4479/3576 3782/4477/3683
f 3697/4623/3571 3759/4624/3684 3723/4625/3564
f 3725/4542/3575 3724/4526/3567 3758/4531/3569
f 3695/4523/3562 3748/4524/3563 3747/4622/3681
f 3747/4622/3681 3748/4524/3563 3724/4526/3567
f 3695/4523/3562 3747/4622/3681 3782/4477/3513
f 3699/4475/3509 3695/4523/3562 3782/4477/3513
f 449/456/92 3675/4470/3500 3786/4626/3685
f 3786/4626/3685 3675/4470/3500 3674/4468/3502
f 3786/4626/3685 3674/4468/3502 3785/4627/3686
f 3785/4627/3686 3674/4468/3502 3671/4447/3468
f 3785/4628/3686 3671/4629/3468 3670/4630/3470
f 3674/4459/3502 262/271/11 3671/4438/3468
f 3785/4627/3686 3670/4441/3470 3786/4626/3685
f 3786/4626/3685 3670/4441/3470 3669/4442/3475
f 3786/4626/3685 3669/4442/3475 3787/4631/3687
f 3787/4631/3688 3669/4442/3474 11/4446/1
f 3787/4631/3687 11/4446/1 3783/4632/2581
f 3783/4632/2581 3784/4633/3318 3787/4631/3688
f 3787/4631/3688 3784/4633/3318 449/456/92
f 3787/4631/3687 449/456/92 3786/4626/3685
f 3789/4634/2581 10/4635/1 3790/4636/3689
f 3790/4637/3690 10/4517/1 3691/4519/3554
f 3790/4638/3689 3691/4520/3555 3792/4639/3691
f 3792/4639/3691 3691/4520/3555 3791/4640/3692
f 3792/4639/3691 3791/4640/3692 3002/3394/2585
f 3002/3394/3693 3791/4640/3692 3003/3396/2586
f 3003/3396/2599 3791/4640/3692 3690/4546/3588
f 3003/3396/2586 3690/4546/3694 2794/3030/2344
f 3691/4641/3554 3690/4642/3587 3791/4643/3692
f 3002/3394/2585 450/3395/92 3792/4639/3691
f 450/4644/92 3788/4645/3318 3790/4646/3689
f 3790/4636/3689 3788/4647/3318 3789/4634/2581
f 3792/4648/3691 450/4649/92 3790/4650/3689
f 450/462/92 449/456/92 3788/4647/3318
f 3788/4647/3318 449/456/3695 3784/4633/3318
f 3788/4647/3318 3784/4633/3318 3783/4632/2581
f 11/4446/1 10/4635/1 3783/4632/3696
f 3783/4632/2581 10/4635/1 3789/4634/2581
f 3783/4632/2581 3789/4634/2581 3788/4647/3318
f 471/490/809 470/489/3697 1305/4651/809
f 1305/4651/809 470/489/3697 3794/4652/3698
f 3794/4652/3699 470/489/3700 3801/4653/3701
f 3794/4652/3699 3801/4653/3701 3802/4654/3701
f 3802/4654/3701 3801/4653/3701 81/18/95
f 3802/4654/3701 81/18/95 3803/4655/3701
f 3803/4655/3701 81/18/95 3804/4656/3701
f 3803/4655/3701 3804/4656/3701 3794/4652/3699
f 3794/4652/3699 3804/4656/3701 3805/4657/3701
f 3794/4652/3699 3805/4657/3701 3806/4658/3701
f 3806/4658/3702 3805/4657/3702 81/18/95
f 3806/4658/3701 81/18/95 3793/4659/3703
f 469/488/3704 3796/4660/3701 470/489/3700
f 470/489/3697 3796/4660/3702 3797/4661/3702
f 470/489/3697 3797/4661/3701 3798/4662/3701
f 3798/4662/3701 3797/4661/3701 462/484/3705
f 3798/4662/3701 462/484/3705 3799/4663/3701
f 3799/4663/3701 462/484/3705 3800/4664/3702
f 3799/4663/3701 3800/4664/3701 470/489/3700
f 470/489/3700 3800/4664/3702 3801/4653/3702
f 3796/4660/3702 469/488/3704 3795/4665/3702
f 3795/4665/3701 469/488/3706 468/483/3701
f 3795/4665/3701 468/483/3701 467/482/3707
f 3795/4665/3701 467/482/3707 3796/4660/3701
f 3796/4660/3701 467/482/3708 466/481/3709
f 3796/4660/3701 466/481/3709 465/487/3710
f 465/487/3710 464/486/3711 3796/4660/3701
f 3796/4660/3701 464/486/3711 463/485/3712
f 3796/4660/3701 463/485/3713 462/484/3705
f 82/17/3 81/18/95 462/484/3705
f 462/484/3705 81/18/95 3801/4653/3701
f 462/484/3705 3801/4653/3701 3800/4664/3701
f 3793/4659/3714 3794/4652/3699 3806/4658/3715
f 462/484/3705 3797/4661/3701 3796/4660/3701
f 3799/4663/3701 470/489/3700 3798/4662/3701
f 3803/4655/3701 3794/4652/3699 3802/4654/3701
f 81/18/3 3805/4657/3701 3804/4656/3701
f 3808/4666/3716 1305/1400/809 3809/4667/3717
f 3809/4668/3717 1305/4651/809 3794/4652/3699
f 3809/4668/3717 3794/4652/3699 3793/4659/3703
f 3793/4669/3703 81/4670/95 3809/4671/3718
f 3809/4672/3719 81/4673/95 3811/4648/3720
f 3809/4674/3719 3811/4675/3720 3808/4676/3716
f 3808/4676/3716 3811/4675/3720 3810/4677/3721
f 3808/4676/3716 3810/4677/3721 3807/4678/3722
f 3807/4678/3722 3810/4677/3723 2968/3329/3724
f 3807/4678/3722 2968/3329/3725 2751/2949/2289
f 81/3298/95 2969/3297/2500 3811/4675/3720
f 3811/4675/3720 2969/3297/3726 2968/3329/3724
f 3811/4675/3720 2968/3329/2529 3810/4677/3721
f 1306/1399/809 1305/1400/809 3815/4679/3727
f 3815/4679/3727 1305/1400/809 3808/4666/3716
f 3815/4679/3727 3808/4666/3728 3856/4680/3729
f 3856/4681/3729 3808/4676/3716 3831/4682/3730
f 3856/4681/3729 3831/4682/3730 3832/4683/3731
f 3832/4683/3731 3831/4682/3732 3904/4684/3733
f 3832/4683/3731 3904/4684/3733 3903/4685/3734
f 3903/4685/3734 3904/4684/3733 3880/4686/3735
f 3903/4685/3734 3880/4686/3736 3879/4687/3737
f 3879/4687/3738 3880/4686/3735 3860/4688/3739
f 3879/4687/3738 3860/4688/3739 3861/4689/3740
f 3861/4690/3741 3860/4691/3742 3890/4692/3743
f 3861/4690/3740 3890/4692/3743 3889/4693/3744
f 3889/4693/3744 3890/4692/3745 2767/2957/2297
f 3889/4693/3744 2767/2957/3746 2766/2959/2298
f 3808/4676/3716 3807/4678/3747 3831/4682/3730
f 3831/4682/3730 3807/4678/3747 3817/4694/3748
f 3831/4682/3730 3817/4694/3748 3904/4684/3733
f 3904/4684/3733 3817/4694/3749 3881/4695/3750
f 3904/4684/3733 3881/4695/3750 3880/4686/3735
f 3880/4686/3735 3881/4695/3751 3859/4696/3752
f 3880/4686/3735 3859/4696/3752 3860/4688/3739
f 3860/4688/3739 3859/4696/3752 3891/4697/3753
f 3860/4688/3742 3891/4697/3753 3890/4698/3743
f 3890/4692/3743 3891/4699/3753 2768/2956/2294
f 3890/4692/3743 2768/2956/2294 2767/2957/3746
f 2751/2949/2289 3819/4700/3754 3807/4678/3747
f 3807/4678/3747 3819/4700/3755 3857/4701/3756
f 3807/4678/3722 3857/4701/3756 3882/4702/3757
f 3882/4702/3758 3857/4701/3756 3858/4703/3759
f 3882/4702/3760 3858/4703/3759 3881/4695/3750
f 3881/4695/3750 3858/4703/3761 3859/4696/3752
f 2751/2949/2289 2771/2950/2290 3819/4700/3754
f 3819/4704/3755 2771/4705/2290 3893/4706/3762
f 3819/4700/3755 3893/4707/3762 3857/4701/3756
f 3857/4701/3763 3893/4707/3764 3858/4703/3761
f 2771/2950/2290 2770/2951/3765 3893/4707/3762
f 3893/4707/3764 2770/2951/3766 3892/4708/3767
f 3893/4707/3764 3892/4708/3767 3858/4703/3761
f 3858/4703/3768 3892/4708/3767 3859/4696/3752
f 2770/2951/3765 2769/2952/2293 3892/4708/3767
f 3892/4709/3767 2769/4710/2293 3891/4711/3753
f 3892/4708/3767 3891/4697/3753 3859/4696/3752
f 2769/4712/2293 2768/4713/2294 3891/4714/3753
f 3889/4693/3744 2766/2959/2298 3888/4715/3769
f 3888/4715/3769 2766/2959/3770 2765/2960/2112
f 3888/4715/3769 2765/2960/2113 3887/4716/3771
f 3887/4716/3771 2765/2960/2112 2764/2962/3772
f 3887/4716/3771 2764/2962/3772 3886/4717/3773
f 3886/4717/3773 2764/2962/2299 2763/2963/2300
f 3886/4717/3773 2763/2963/2301 2762/2965/2302
f 3886/4717/3773 2762/2965/2302 3885/4718/3774
f 3885/4718/3775 2762/2965/2302 2761/2966/2304
f 3885/4718/3775 2761/2966/2304 3884/4719/3776
f 3884/4720/3777 2761/2967/2304 2760/2970/3778
f 3884/4720/3777 2760/2970/2305 3883/4721/3779
f 3883/4721/3779 2760/2970/2305 2759/2971/2306
f 3883/4721/3779 2759/2971/2306 3818/4722/3780
f 3818/4723/3780 2759/4724/2306 2758/4538/2307
f 3818/4725/3780 2758/4726/2307 3812/4727/3781
f 3813/4728/3782 3870/4729/3783 3812/4730/3784
f 3812/4730/3784 3870/4729/3783 3869/4731/3785
f 3812/4727/3784 3869/4732/3785 3818/4725/3780
f 3818/4733/3780 3869/4731/3785 3868/4734/3786
f 3818/4722/3780 3868/4735/3786 3883/4721/3779
f 3883/4736/3779 3868/4734/3786 3867/4737/3787
f 3883/4721/3779 3867/4738/3787 3884/4720/3777
f 3884/4739/3777 3867/4737/3787 3866/4740/3788
f 3884/4739/3777 3866/4740/3788 3885/4741/3774
f 3885/4718/3775 3866/4742/3788 3865/4743/3789
f 3885/4718/3775 3865/4743/3790 3886/4717/3773
f 3886/4717/3791 3865/4743/3790 3864/4744/3792
f 3886/4717/3773 3864/4744/3792 3887/4716/3771
f 3887/4716/3771 3864/4744/3792 3863/4745/3793
f 3887/4716/3771 3863/4745/3793 3888/4715/3769
f 3888/4715/3769 3863/4745/3793 3862/4746/3794
f 3888/4715/3769 3862/4746/3795 3889/4693/3744
f 3889/4693/3744 3862/4746/3795 3861/4690/3796
f 1321/4747/809 3814/4748/3797 3813/4728/3798
f 3813/4728/3798 3814/4748/3799 3844/4749/3800
f 3813/4728/3801 3844/4749/3800 3843/4750/3802
f 3843/4750/3802 3844/4749/3800 3845/4751/3803
f 3843/4750/3804 3845/4751/3805 3842/4752/3806
f 3842/4752/3806 3845/4751/3803 3846/4753/3807
f 3842/4752/3808 3846/4753/3807 3841/4754/3809
f 3841/4754/3809 3846/4753/3807 3847/4755/3810
f 3841/4754/3809 3847/4755/3810 3840/4756/3811
f 3840/4756/3811 3847/4755/3810 3848/4757/3812
f 3840/4756/3813 3848/4757/3814 3839/4758/3815
f 3839/4758/3816 3848/4757/3812 3849/4759/3817
f 3839/4758/3818 3849/4759/3817 3838/4760/3819
f 3838/4760/3819 3849/4759/3817 3850/4761/3820
f 3838/4760/3819 3850/4761/3820 3837/4762/3821
f 3837/4762/3821 3850/4761/3822 3851/4763/3823
f 3837/4762/3821 3851/4763/3823 3836/4764/3824
f 3836/4765/3825 3851/4766/3823 3852/4767/3826
f 3836/4765/3824 3852/4767/3827 3835/4768/3828
f 3835/4768/3828 3852/4767/3826 3853/4769/3829
f 3835/4768/3828 3853/4769/3830 3834/4770/3831
f 3834/4770/3832 3853/4769/3833 3854/4771/3834
f 3834/4770/3831 3854/4771/3834 3833/4772/3835
f 3833/4772/3835 3854/4771/3834 3855/4773/3836
f 3833/4772/3835 3855/4773/3836 3832/4683/3731
f 3832/4683/3731 3855/4773/3836 3856/4681/3729
f 1321/1403/809 1320/1386/809 3814/4774/3799
f 3814/4774/3797 1320/1386/809 1319/1385/809
f 3814/4774/3797 1319/1385/809 3830/4775/3837
f 3830/4775/3838 1319/1385/809 1318/1384/809
f 3830/4775/3837 1318/1384/809 3829/4776/3839
f 3829/4777/3839 1318/4778/809 1317/4779/809
f 3829/4780/3839 1317/4781/809 3828/4782/3840
f 3828/4783/3840 1317/4784/809 1316/4785/809
f 3828/4783/3840 1316/4785/809 3827/4786/3841
f 3827/4786/3841 1316/4785/809 1315/4787/809
f 3827/4786/3841 1315/4787/809 1314/4788/809
f 3827/4786/3842 1314/4788/809 3826/4789/3843
f 3826/4789/3844 1314/4788/809 1313/4790/809
f 3826/4789/3844 1313/4790/809 3825/4791/3845
f 3825/4791/3846 1313/4790/809 1312/4792/809
f 3825/4791/3845 1312/4792/809 3824/4793/3847
f 3824/4793/3847 1312/4792/809 1311/4794/809
f 3824/4795/3847 1311/4796/809 3823/4797/3848
f 3823/4798/3848 1311/4799/809 1310/4800/809
f 3823/4801/3848 1310/1394/809 3822/4802/3849
f 3822/4802/3850 1310/1394/809 1309/1396/809
f 3822/4802/3849 1309/1396/809 3821/4803/3851
f 3821/4803/3851 1309/1396/809 1308/1397/809
f 3821/4803/3851 1308/1397/809 3820/4804/3852
f 3820/4804/3853 1308/1397/809 1307/1398/809
f 3820/4804/3853 1307/1398/809 3815/4679/3727
f 3815/4679/3727 1307/1398/809 1306/1399/809
f 3813/4728/3801 3843/4750/3804 3816/4805/3854
f 3816/4805/3855 3843/4750/3804 3842/4752/3808
f 3816/4805/3855 3842/4752/3806 3894/4806/3856
f 3894/4806/3856 3842/4752/3806 3841/4754/3809
f 3894/4806/3856 3841/4754/3809 3895/4807/3857
f 3895/4807/3857 3841/4754/3809 3840/4756/3811
f 3895/4807/3858 3840/4756/3859 3896/4808/3860
f 3896/4808/3861 3840/4756/3862 3839/4758/3815
f 3896/4808/3861 3839/4758/3815 3897/4809/3863
f 3897/4809/3863 3839/4758/3864 3838/4760/3819
f 3897/4809/3863 3838/4760/3819 3898/4810/3865
f 3898/4810/3865 3838/4760/3819 3837/4762/3821
f 3898/4810/3866 3837/4762/3821 3899/4811/3867
f 3899/4812/3867 3837/4813/3821 3836/4765/3825
f 3899/4812/3867 3836/4765/3825 3900/4814/3868
f 3900/4814/3868 3836/4765/3825 3835/4768/3828
f 3900/4814/3868 3835/4768/3828 3901/4815/3869
f 3901/4815/3869 3835/4768/3828 3834/4770/3831
f 3901/4815/3869 3834/4770/3831 3902/4816/3870
f 3902/4816/3870 3834/4770/3831 3833/4772/3835
f 3902/4816/3871 3833/4772/3835 3903/4685/3872
f 3903/4685/3872 3833/4772/3835 3832/4683/3873
f 3881/4695/3750 3817/4694/3748 3882/4702/3757
f 3882/4702/3760 3817/4694/3748 3807/4678/3747
f 3856/4681/3729 3855/4773/3836 3815/4817/3727
f 3815/4817/3727 3855/4773/3836 3820/4818/3853
f 3855/4773/3836 3854/4771/3834 3820/4818/3852
f 3820/4818/3853 3854/4771/3834 3821/4819/3851
f 3854/4771/3834 3853/4769/3833 3821/4819/3851
f 3821/4819/3851 3853/4769/3830 3822/4820/3849
f 3853/4769/3830 3852/4767/3826 3822/4820/3849
f 3822/4820/3849 3852/4767/3827 3823/4821/3848
f 3852/4767/3826 3851/4766/3823 3823/4821/3848
f 3823/4821/3848 3851/4766/3823 3824/4822/3847
f 3851/4763/3823 3850/4761/3822 3824/4793/3847
f 3824/4793/3847 3850/4761/3874 3825/4791/3845
f 3850/4761/3822 3849/4759/3817 3825/4791/3845
f 3825/4791/3845 3849/4759/3817 3826/4789/3844
f 3849/4759/3817 3848/4757/3814 3826/4789/3844
f 3826/4789/3875 3848/4757/3814 3827/4786/3841
f 3848/4757/3812 3847/4755/3810 3827/4786/3841
f 3827/4786/3841 3847/4755/3876 3828/4783/3840
f 3847/4755/3877 3846/4753/3807 3828/4783/3840
f 3828/4783/3840 3846/4753/3807 3829/4823/3878
f 3844/4749/3800 3814/4748/3797 3830/4824/3838
f 3846/4753/3807 3845/4751/3803 3829/4823/3839
f 3829/4823/3839 3845/4751/3803 3830/4824/3837
f 3845/4751/3803 3844/4749/3800 3830/4824/3838
f 3813/4728/3879 3816/4805/3855 3870/4729/3783
f 3870/4729/3783 3816/4805/3854 3894/4806/3856
f 3870/4729/3783 3894/4806/3856 3871/4825/3880
f 3871/4825/3880 3894/4806/3856 3895/4807/3857
f 3871/4825/3880 3895/4807/3857 3872/4826/3881
f 3872/4826/3881 3895/4807/3857 3896/4808/3861
f 3872/4826/3881 3896/4808/3861 3873/4827/3882
f 3873/4827/3882 3896/4808/3860 3897/4809/3863
f 3873/4827/3882 3897/4809/3863 3874/4828/3883
f 3874/4828/3883 3897/4809/3863 3898/4810/3866
f 3874/4828/3884 3898/4810/3865 3875/4829/3885
f 3875/4829/3886 3898/4810/3866 3899/4811/3867
f 3875/4829/3886 3899/4811/3867 3876/4830/3887
f 3876/4831/3888 3899/4812/3867 3900/4814/3868
f 3876/4831/3887 3900/4814/3868 3877/4832/3889
f 3877/4832/3889 3900/4814/3868 3901/4815/3869
f 3877/4832/3889 3901/4815/3869 3878/4833/3890
f 3878/4833/3891 3901/4815/3869 3902/4816/3870
f 3878/4833/3891 3902/4816/3870 3879/4687/3738
f 3879/4687/3738 3902/4816/3870 3903/4685/3872
f 3878/4833/3890 3879/4687/3738 3861/4689/3740
f 3877/4832/3889 3878/4833/3890 3862/4834/3795
f 3862/4834/3795 3878/4833/3890 3861/4689/3740
f 3876/4835/3887 3877/4836/3889 3863/4745/3793
f 3863/4745/3793 3877/4836/3889 3862/4746/3794
f 3875/4837/3886 3876/4835/3887 3864/4744/3792
f 3864/4744/3792 3876/4835/3887 3863/4745/3793
f 3874/4828/3883 3875/4829/3886 3865/4838/3790
f 3865/4743/3790 3875/4837/3886 3864/4744/3792
f 3873/4827/3882 3874/4828/3892 3866/4740/3788
f 3866/4740/3788 3874/4828/3883 3865/4838/3790
f 3872/4826/3881 3873/4827/3882 3867/4737/3893
f 3867/4737/3787 3873/4827/3882 3866/4740/3788
f 3871/4825/3880 3872/4826/3881 3868/4734/3786
f 3868/4734/3786 3872/4826/3881 3867/4737/3893
f 3870/4729/3894 3871/4825/3880 3869/4731/3785
f 3869/4731/3895 3871/4825/3880 3868/4734/3786
f 1321/4747/809 3813/4728/3782 3906/4839/3699
f 3906/4839/3699 3813/4728/3782 3908/4840/3896
f 3906/4839/3699 3908/4840/3897 3905/4841/3703
f 3905/4841/3703 3908/4840/3898 2966/3313/2512
f 3905/4841/3703 2966/3313/2512 74/80/95
f 3812/4842/3899 3909/4843/3900 3813/4844/3801
f 3813/4728/3879 3909/4845/3900 3907/4846/3901
f 3813/4728/3879 3907/4846/3902 3908/4840/3896
f 3908/4840/3898 3907/4846/3901 2966/3313/2512
f 2758/3340/2307 2967/3314/3903 3812/4730/3784
f 3812/4730/3784 2967/3314/2514 3907/4846/3904
f 3812/4730/3784 3907/4846/3904 3909/4845/3900
f 2967/3314/3903 2966/3313/2512 3907/4846/3904
f 3906/4839/3905 3912/4847/3701 1321/4747/809
f 1321/4747/809 3912/4847/3701 3913/4848/3701
f 1321/4747/809 3913/4848/3701 3914/4849/3701
f 3914/4849/3701 3913/4848/3701 73/72/95
f 3914/4849/3701 73/72/95 3915/4850/3701
f 3915/4850/3701 73/72/3 3916/4851/3701
f 3915/4850/3701 3916/4851/3701 3911/4852/3699
f 3911/4852/3699 3916/4851/3906 3910/4853/3703
f 3910/4853/3703 3916/4851/3701 73/72/3
f 3906/4839/3699 3905/4841/3703 3912/4847/3701
f 3912/4847/3701 3905/4841/3703 3913/4848/3701
f 74/80/95 73/72/95 3905/4841/3703
f 3905/4841/3703 73/72/3 3913/4848/3701
f 1159/4854/809 1321/4747/809 3911/4852/3699
f 3911/4852/3905 1321/4747/809 3915/4850/3701
f 3915/4850/3701 1321/4747/809 3914/4849/3701
f 1159/4854/3907 3911/4852/3908 1160/4855/735
f 1160/4855/735 3911/4852/3909 3919/4856/3910
f 1160/4855/735 3919/4856/3910 1161/4857/744
f 1161/4857/3911 3919/4856/3910 3920/4858/3912
f 1161/4857/744 3920/4858/3913 1162/4859/745
f 1162/4859/745 3920/4858/3912 3921/4860/3914
f 1162/4861/745 3921/4862/3915 1163/4863/3916
f 1163/4863/749 3921/4862/3915 1164/1334/758
f 1164/1334/3917 3921/4862/3915 3922/4864/3918
f 1164/1334/758 3922/4864/3919 1165/1337/760
f 1165/1337/759 3922/4864/3919 3923/4865/3920
f 1165/1337/760 3923/4865/3920 1166/1340/763
f 1166/1340/763 3923/4865/3921 1167/1344/3922
f 1167/1344/3922 3923/4865/3923 3924/4866/3924
f 1167/1344/3922 3924/4866/3925 1168/1346/771
f 1168/1346/771 3924/4866/3925 1169/1348/3926
f 1169/1348/774 3924/4866/3925 3925/4867/3927
f 1169/1348/774 3925/4867/3927 1170/1350/776
f 1170/1350/776 3925/4867/3927 1171/1284/3928
f 1171/1284/3929 3925/4867/3927 3926/4868/3930
f 1171/1284/673 3926/4868/3931 1172/1282/670
f 1172/1282/3932 3926/4868/3930 3927/4869/3933
f 1172/1282/3932 3927/4869/3933 1173/1281/669
f 1173/1281/3934 3927/4869/3933 1174/1184/779
f 1174/1184/779 3927/4869/3933 3918/4870/3935
f 1174/1184/779 3918/4870/3935 1130/1185/516
f 3911/4852/3909 3910/4853/3936 3919/4856/3910
f 3919/4856/3910 3910/4853/3936 72/79/95
f 3919/4856/3910 72/79/3 71/78/3
f 3910/4853/3936 73/72/3 72/79/3
f 3919/4856/3910 71/78/95 3920/4858/3913
f 3920/4858/3913 71/78/95 70/77/3
f 3920/4858/3913 70/77/95 3921/4860/3914
f 3921/4860/3915 70/77/95 69/76/3
f 3921/4860/3915 69/76/95 68/75/95
f 3921/4860/3915 68/75/3 3922/4871/3919
f 3922/4871/3919 68/75/3 67/74/95
f 3922/4871/3919 67/74/95 3923/4872/3920
f 3923/4872/3921 67/74/95 66/73/3
f 3923/4872/3921 66/73/3 65/71/3
f 3923/4872/3921 65/71/3 3924/4873/3924
f 3924/4873/3925 65/71/3 64/70/3
f 3924/4873/3925 64/70/95 63/69/95
f 3924/4866/3925 63/4874/3 3925/4867/3937
f 3925/4875/3927 63/69/3 62/66/3
f 3925/4875/3927 62/66/3 61/65/3
f 3925/4867/3927 61/4876/95 3926/4868/3931
f 3926/4877/3931 61/65/95 60/64/95
f 3926/4868/3931 60/4878/3 3927/4869/3933
f 3927/4869/3933 60/4878/95 59/4879/95
f 3927/4880/3933 59/63/3 58/68/3
f 57/67/3 3917/4881/3938 58/68/3
f 58/4882/95 3917/4883/3938 3927/4869/3933
f 3917/4883/3938 3918/4870/3935 3927/4869/3933
f 3930/4884/3939 1130/1185/516 3931/4885/3940
f 3931/4885/3941 1130/1185/516 3918/4870/3935
f 3931/4885/3942 3918/4870/3935 3917/4883/3938
f 3917/4881/3938 57/67/95 3931/4886/3942
f 3931/4886/3942 57/67/95 2951/3254/2471
f 3931/4886/3942 2951/3254/2471 3933/4887/3943
f 3933/4888/3944 2951/3291/2471 2950/3292/3945
f 3933/4888/3944 2950/3292/2493 3932/4889/3946
f 3932/4889/3946 2950/3292/2493 3928/4890/3947
f 3932/4889/3946 3928/4890/3947 3929/4891/3948
f 2950/3292/2493 2681/2836/2214 3928/4890/3947
f 3929/4892/3949 3930/4884/3939 3932/4893/3946
f 3932/4893/3946 3930/4884/3939 3933/4894/3944
f 3933/4894/3944 3930/4884/3939 3931/4885/3942
f 1131/1187/518 1130/1185/516 3939/4895/3950
f 3939/4895/3950 1130/1185/516 3930/4884/3951
f 3939/4895/3950 3930/4884/3951 3968/4896/3952
f 3968/4896/3952 3930/4884/3939 3949/4897/3953
f 3968/4896/3954 3949/4897/3953 3950/4898/3955
f 3950/4898/3955 3949/4897/3953 3987/4899/3956
f 3950/4898/3955 3987/4899/3956 3986/4900/3957
f 3986/4901/3957 3987/4902/3958 3971/4903/3959
f 3986/4904/3957 3971/4905/3959 3972/4906/3960
f 3972/4907/3960 3971/4903/3959 3991/4908/3961
f 3972/4906/3960 3991/4909/3961 3992/4910/3962
f 3992/4910/3963 3991/4909/3961 4002/4911/3964
f 3992/4910/3965 4002/4911/3964 4001/4912/3966
f 4001/4913/3966 4002/4914/3964 2694/4915/3967
f 4001/4916/3968 2694/4917/3969 2693/4918/3970
f 3930/4884/3951 3929/4892/3948 3949/4897/3953
f 3949/4897/3953 3929/4892/3948 3988/4919/3971
f 3949/4897/3953 3988/4919/3971 3987/4899/3972
f 3987/4902/3956 3988/4920/3973 3970/4921/3974
f 3987/4902/3956 3970/4921/3975 3971/4903/3959
f 3971/4903/3959 3970/4921/3974 3990/4922/3976
f 3971/4903/3959 3990/4922/3976 3991/4908/3961
f 3991/4908/3961 3990/4922/3976 4003/4923/3977
f 3991/4909/3961 4003/4924/3977 4002/4911/3964
f 4002/4925/3964 4003/4926/3977 2695/4927/3978
f 4002/4928/3964 2695/4493/3978 2694/4929/3979
f 3988/4920/3971 3929/4891/3948 3969/4930/3980
f 3969/4930/3980 3929/4891/3948 3928/4890/3947
f 3969/4930/3980 3928/4890/3947 3937/4931/3981
f 3937/4931/3981 3928/4890/3947 2699/2838/3982
f 3937/4931/3981 2699/2838/3982 4006/4932/3983
f 4006/4932/3984 2699/2838/3982 4005/4933/3985
f 4006/4932/3984 4005/4933/3986 3937/4931/3981
f 3937/4931/3981 4005/4933/3985 3989/4934/3987
f 3937/4931/3981 3989/4934/3987 3969/4930/3980
f 3969/4930/3980 3989/4934/3987 3970/4921/3988
f 3969/4930/3980 3970/4921/3989 3988/4920/3971
f 3928/4890/3947 2681/2836/2217 2699/2838/3982
f 2699/2838/3982 2698/2839/3990 4005/4933/3985
f 4005/4933/3991 2698/2839/3992 4004/4935/3993
f 4005/4933/3985 4004/4935/3993 3989/4934/3987
f 3989/4934/3987 4004/4935/3993 3990/4922/3976
f 3989/4934/3987 3990/4922/3976 3970/4921/3989
f 2698/2839/3990 2697/2841/2224 4004/4935/3993
f 4004/4935/3994 2697/2841/2224 2696/4936/3995
f 4004/4937/3996 2696/4938/3995 4003/4939/3977
f 4003/4940/3997 2696/4941/3995 2695/4942/3998
f 4001/4943/3968 2693/2849/3999 4000/4944/4000
f 4000/4944/4000 2693/2849/3970 2692/2851/2233
f 4000/4945/4000 2692/4946/2233 2691/4947/4001
f 4000/4948/4002 2691/4949/4001 3999/4950/4003
f 3999/4951/4004 2691/2854/4001 2690/2856/4005
f 3999/4951/4006 2690/2856/4007 3998/4952/4008
f 3998/4952/4008 2690/2856/4005 2689/2858/4009
f 3998/4952/4008 2689/2858/4009 3938/4953/4010
f 3938/4953/4010 2689/2858/2239 2688/2860/2243
f 3938/4953/4010 2688/2860/2243 3934/4954/4011
f 3935/4955/4012 3978/4956/4013 3934/4954/4011
f 3934/4954/4011 3978/4956/4013 3997/4957/4014
f 3934/4954/4011 3997/4957/4014 3938/4953/4010
f 3938/4953/4010 3997/4957/4014 3996/4958/4015
f 3938/4953/4010 3996/4958/4015 3998/4952/4016
f 3998/4952/4016 3996/4958/4015 3995/4959/4017
f 3998/4952/4016 3995/4959/4017 3999/4951/4004
f 3999/4951/4018 3995/4959/4017 3994/4960/4019
f 3999/4951/4004 3994/4960/4020 4000/4961/4000
f 4000/4962/4002 3994/4963/4021 3993/4964/4022
f 4000/4962/4000 3993/4964/4023 4001/4912/3966
f 4001/4912/3966 3993/4964/4022 3992/4910/4024
f 3936/4965/4025 3958/4966/4026 3935/4967/4027
f 3935/4967/4027 3958/4966/4028 3979/4968/4029
f 3935/4955/4027 3979/4969/4029 3978/4956/4013
f 3978/4956/4013 3979/4969/4029 3980/4970/4030
f 3978/4956/4013 3980/4970/4030 3977/4971/4031
f 3977/4971/4031 3980/4970/4032 3981/4972/4033
f 3977/4971/4031 3981/4972/4033 3976/4973/4034
f 3976/4974/4034 3981/4975/4035 3982/4976/4036
f 3976/4974/4034 3982/4976/4037 3975/4977/4038
f 3975/4977/4038 3982/4976/4037 3983/4978/4039
f 3975/4977/4038 3983/4978/4040 3974/4979/4041
f 3974/4979/4041 3983/4978/4040 3984/4980/4042
f 3974/4979/4041 3984/4980/4042 3973/4981/4043
f 3973/4981/4044 3984/4980/4042 3985/4982/4045
f 3973/4981/4043 3985/4982/4046 3972/4906/4047
f 3972/4906/3960 3985/4982/4048 3986/4904/3957
f 1142/1252/622 3940/4983/4049 3936/4965/4025
f 3936/4965/4050 3940/4983/4051 3959/4984/4052
f 3936/4965/4025 3959/4984/4052 3958/4966/4053
f 3958/4966/4026 3959/4984/4054 3960/4985/4055
f 3958/4966/4028 3960/4985/4056 3957/4986/4057
f 3957/4986/4058 3960/4985/4055 3961/4987/4059
f 3957/4986/4057 3961/4987/4059 3956/4988/4060
f 3956/4988/4061 3961/4987/4059 3962/4989/4062
f 3956/4988/4060 3962/4989/4062 3955/4990/4063
f 3955/4991/4063 3962/4992/4064 3963/4993/4065
f 3955/4991/4063 3963/4993/4065 3954/4994/4066
f 3954/4994/4066 3963/4993/4065 3964/4995/4067
f 3954/4994/4066 3964/4995/4067 3953/4996/4068
f 3953/4996/4068 3964/4995/4067 3965/4997/4069
f 3953/4996/4068 3965/4997/4070 3952/4998/4071
f 3952/4999/4072 3965/5000/4070 3966/5001/4073
f 3952/4999/4074 3966/5001/4073 3951/5002/4075
f 3951/5002/4075 3966/5001/4073 3967/5003/4076
f 3951/5002/4075 3967/5003/4076 3950/4898/3955
f 3950/4898/3955 3967/5003/4077 3968/4896/4078
f 1142/1252/622 1141/1249/621 3940/4983/4051
f 3940/4983/4051 1141/1249/531 3948/5004/4079
f 3940/4983/4051 3948/5004/4079 3959/4984/4054
f 3959/4984/4054 3948/5004/4079 3960/4985/4056
f 1141/1249/624 1140/1248/620 3948/5004/4080
f 3948/5004/4079 1140/1248/620 3947/5005/4081
f 3948/5004/4079 3947/5005/4081 3960/4985/4056
f 3960/4985/4055 3947/5005/4081 3961/4987/4059
f 1140/1248/620 1139/1247/619 3947/5005/4082
f 3947/5005/4081 1139/1247/619 3946/5006/4083
f 3947/5005/4081 3946/5006/4083 3961/4987/4084
f 3961/4987/4059 3946/5006/4083 3962/4989/4085
f 1139/1247/619 1138/1246/618 3946/5006/4083
f 3946/5006/4083 1138/1246/618 1137/1245/617
f 3946/5006/4083 1137/1245/617 3945/5007/4086
f 3945/5007/4087 1137/1245/617 1136/1244/526
f 3945/5007/4087 1136/1244/4088 3944/5008/4089
f 3944/5008/4089 1136/1244/526 1135/1243/616
f 3944/5008/4089 1135/1243/4090 3943/5009/4091
f 3943/5009/4091 1135/1243/616 1134/1242/615
f 3943/5009/4091 1134/1242/615 1133/1191/522
f 3943/5009/4091 1133/1191/522 3942/5010/4092
f 3942/5010/4092 1133/1191/522 1132/1189/520
f 3942/5010/4092 1132/1189/4093 3941/5011/4094
f 3941/5011/4094 1132/1189/4093 1131/1187/518
f 3941/5011/4094 1131/1187/518 3939/4895/3950
f 3968/4896/4078 3967/5003/4077 3939/4895/3950
f 3939/4895/3950 3967/5003/4076 3941/5011/4094
f 3967/5003/4077 3966/5001/4073 3941/5011/4094
f 3941/5011/4094 3966/5001/4073 3942/5010/4092
f 3966/5001/4073 3965/5000/4070 3942/5010/4092
f 3942/5010/4092 3965/5000/4095 3943/5009/4091
f 3965/5000/4070 3964/5012/4067 3943/5009/4091
f 3943/5009/4091 3964/5012/4067 3944/5008/4089
f 3962/4989/4062 3946/5006/4083 3945/5007/4086
f 3964/5012/4067 3963/5013/4065 3944/5008/4089
f 3944/5008/4089 3963/5013/4096 3945/5007/4086
f 3963/5013/4065 3962/4989/4062 3945/5007/4086
f 3950/5014/3955 3986/5015/3957 3951/5016/4075
f 3951/5017/4075 3986/4904/3957 3985/4982/4046
f 3951/5017/4075 3985/4982/4046 3952/4998/4071
f 3952/4998/4072 3985/4982/4046 3984/4980/4042
f 3952/4998/4072 3984/4980/4042 3953/4996/4068
f 3953/4996/4068 3984/4980/4042 3983/4978/4040
f 3953/4996/4068 3983/4978/4097 3954/4994/4066
f 3954/4994/4066 3983/4978/4039 3982/4976/4037
f 3954/4994/4066 3982/4976/4036 3955/4991/4063
f 3955/4991/4063 3982/4976/4098 3981/4975/4033
f 3955/4991/4063 3981/4975/4033 3956/5018/4060
f 3956/5019/4060 3981/4972/4033 3980/4970/4030
f 3956/4988/4060 3980/5020/4030 3957/4986/4057
f 3957/5021/4057 3980/4970/4032 3979/4969/4029
f 3957/4986/4057 3979/4968/4029 3958/4966/4026
f 3972/4906/3960 3992/4910/4024 3973/4981/4043
f 3973/4981/4043 3992/4910/4024 3993/4964/4022
f 3973/4981/4044 3993/4964/4023 3974/4979/4041
f 3974/4979/4041 3993/4964/4022 3994/4963/4019
f 3974/4979/4041 3994/4963/4021 3975/4977/4038
f 3975/5022/4038 3994/4960/4020 3995/4959/4017
f 3975/5022/4038 3995/4959/4099 3976/4973/4034
f 3976/4973/4034 3995/4959/4017 3996/4958/4015
f 3976/4973/4034 3996/4958/4015 3977/4971/4031
f 3977/4971/4031 3996/4958/4015 3997/4957/4100
f 3977/4971/4031 3997/4957/4014 3978/4956/4013
f 4003/4923/3977 3990/4922/4101 4004/4935/3993
f 4008/5023/4102 1142/1252/622 4010/5024/4103
f 4010/5024/4103 1142/1252/622 3936/4965/4025
f 4010/5024/4104 3936/4965/4050 4009/5025/4105
f 4009/5025/4105 3936/4965/4050 3935/4967/4027
f 4009/5025/4105 3935/4967/4027 4011/5026/4106
f 4011/5027/4106 3935/4955/4027 3934/4954/4107
f 4011/5027/4106 3934/4954/4107 2949/3276/2481
f 2949/3276/2481 3934/4954/4011 2688/2860/2243
f 4011/5027/4106 2949/3276/2481 4009/5028/4105
f 4009/5028/4105 2949/3276/2481 2948/3275/2480
f 4009/5029/4108 2948/3274/2480 50/61/95
f 4009/5025/4105 50/5030/3 4010/5024/4103
f 4010/5031/4104 50/61/95 4007/5032/4109
f 4010/5024/4103 4007/5033/4110 4008/5023/4102
f 1142/1252/622 4008/5023/4111 1143/1256/630
f 1143/1256/630 4008/5023/4102 4014/5034/4112
f 1143/1256/4113 4014/5034/4112 1144/1259/4114
f 1144/1259/635 4014/5034/4112 4015/5035/4115
f 1144/1259/635 4015/5035/4115 1145/1262/640
f 1145/1262/640 4015/5035/4115 4016/5036/4116
f 1145/1262/640 4016/5036/4117 1146/1265/644
f 1146/1265/4118 4016/5036/4117 1147/1269/4119
f 1147/1269/652 4016/5036/4116 4017/5037/4120
f 1147/1269/4121 4017/5037/4120 1148/1271/655
f 1148/1271/655 4017/5037/4120 4018/5038/4122
f 1148/1271/4123 4018/5038/4122 1149/1273/657
f 1149/1273/4124 4018/5038/4122 1150/1275/4125
f 1150/1275/4125 4018/5038/4122 4019/5039/4126
f 1150/1275/4125 4019/5039/4127 1151/1237/4128
f 1151/1237/4128 4019/5039/4126 1152/1235/605
f 1152/1235/605 4019/5039/4129 4020/5040/4130
f 1152/1235/605 4020/5040/4130 1153/1233/4131
f 1153/1233/602 4020/5040/4132 1154/1231/598
f 1154/1231/598 4020/5040/4130 4021/5041/4133
f 1154/1231/598 4021/5041/4134 1155/5042/595
f 1155/5043/595 4021/5044/4133 4022/5045/4135
f 1155/5043/595 4022/5045/4135 1156/5046/592
f 1156/5046/592 4022/5045/4135 1157/5047/591
f 1157/5047/591 4022/5045/4135 4013/5048/4136
f 1157/5047/591 4013/5048/4136 1079/5049/4137
f 4008/5023/4111 4007/5033/4110 4014/5034/4112
f 4014/5050/4112 4007/5032/4110 49/60/95
f 4014/5050/4112 49/60/3 48/58/3
f 4007/5032/4138 50/61/95 49/60/95
f 4014/5050/4112 48/58/3 4015/5051/4115
f 4015/5051/4115 48/58/95 47/31/3
f 4015/5035/4115 47/5052/3 4016/5036/4117
f 4016/5053/4116 47/31/3 46/33/3
f 4016/5053/4116 46/33/95 45/34/95
f 4016/5036/4117 45/5054/95 4017/5037/4120
f 4017/5055/4120 45/34/95 44/35/95
f 4017/5055/4120 44/35/3 4018/5056/4122
f 4018/5056/4139 44/35/3 43/36/3
f 4018/5056/4122 43/36/95 42/37/95
f 4018/5056/4122 42/37/95 4019/5057/4127
f 4019/5057/4126 42/37/95 41/39/95
f 4019/5057/4127 41/39/95 40/40/95
f 4019/5057/4127 40/40/3 4020/5058/4130
f 4020/5058/4132 40/40/3 39/41/95
f 4020/5058/4130 39/41/3 38/42/95
f 4020/5058/4132 38/42/95 4021/5044/4134
f 4021/5044/4133 38/42/95 37/43/3
f 4021/5044/4133 37/43/95 4022/5045/4135
f 4022/5045/4135 37/43/3 36/44/95
f 4022/5045/4135 36/44/95 35/45/95
f 34/38/95 4012/5059/4140 35/45/95
f 35/45/95 4012/5059/4140 4022/5045/4135
f 4012/5059/4140 4013/5048/4136 4022/5045/4135
f 4013/5048/4141 4025/5060/4142 1079/5049/510
f 1079/5049/508 4025/5060/4142 4026/5061/4142
f 1079/5049/510 4026/5061/4142 4027/5062/4142
f 4027/5062/4142 4026/5061/4142 33/57/3
f 4027/5062/4142 33/57/3 4028/5063/4142
f 4028/5063/4142 33/57/3 4029/5064/4142
f 4028/5063/4142 4029/5064/4142 1080/5065/508
f 1080/5065/507 4029/5064/4142 4024/5066/4143
f 4024/5066/4143 4029/5064/4144 4023/5067/4140
f 4023/5067/4140 4029/5064/4142 33/57/3
f 4013/5048/4141 4012/5059/4145 4025/5060/4142
f 4025/5060/4142 4012/5059/4145 4026/5061/4142
f 34/38/3 33/57/3 4012/5059/4145
f 4012/5059/4145 33/57/95 4026/5061/4142
f 4028/5063/4142 1080/5065/510 4027/5062/4142
f 4027/5062/4142 1080/5065/508 1079/5049/508
f 1080/5065/510 4024/5066/4141 4031/5068/4146
f 4031/5068/4146 4024/5066/4143 4033/5069/4147
f 4031/5068/4146 4033/5069/4148 4032/5070/4149
f 4032/5070/4149 4033/5069/4148 2987/3341/4150
f 4032/5070/4151 2987/3341/2536 2986/3372/4152
f 4024/5066/4143 4023/5067/4140 4033/5069/4148
f 4033/5069/4148 4023/5067/4140 2987/3341/2536
f 4023/5067/4140 33/57/95 2987/3341/2536
f 2715/3373/2257 4030/5071/4153 2986/3372/2567
f 2986/3372/2567 4030/5071/4153 4032/5070/4149
f 4032/5070/4151 4030/5071/4153 4034/5072/4154
f 4034/5073/4154 4030/5074/4153 4031/5075/4146
f 4034/5072/4154 4031/5068/4146 4032/5070/4149
f 1081/1150/512 1080/1151/507 4041/5076/4155
f 4041/5076/4155 1080/1151/508 4031/5077/4146
f 4041/5078/4155 4031/5079/4146 4082/5080/4156
f 4082/5080/4157 4031/5079/4146 4055/5081/4158
f 4082/5080/4156 4055/5081/4158 4056/5082/4159
f 4056/5082/4160 4055/5081/4158 4134/5083/4161
f 4056/5082/4160 4134/5083/4162 4133/5084/4163
f 4133/5084/4164 4134/5083/4161 4108/5085/4165
f 4133/5084/4163 4108/5085/4166 4107/5086/4167
f 4107/5086/4167 4108/5085/4165 4086/5087/4168
f 4107/5086/4169 4086/5087/4170 4087/5088/4171
f 4087/5089/4171 4086/5090/4172 4119/5091/4173
f 4087/5089/4171 4119/5091/4173 4118/5092/4174
f 4118/5092/4174 4119/5091/4173 2730/2904/2266
f 4118/5092/4174 2730/2904/2266 2729/2905/2268
f 4031/5079/4146 4030/5093/4153 4055/5081/4158
f 4055/5081/4158 4030/5093/4175 4039/5094/4176
f 4055/5081/4158 4039/5094/4176 4134/5083/4161
f 4134/5083/4177 4039/5094/4176 4109/5095/4178
f 4134/5083/4161 4109/5095/4179 4108/5085/4166
f 4108/5085/4166 4109/5095/4179 4085/5096/4180
f 4108/5085/4166 4085/5096/4181 4086/5087/4172
f 4086/5087/4172 4085/5096/4180 4120/5097/4182
f 4086/5087/4172 4120/5097/4182 4119/5098/4173
f 4119/5091/4173 4120/5099/4182 2731/2902/2264
f 4119/5091/4173 2731/2902/2264 2730/2904/2266
f 2715/2892/2257 4037/5100/4183 4030/5101/4153
f 4030/5101/4153 4037/5100/4184 4083/5102/4185
f 4030/5093/4153 4083/5103/4185 4110/5104/4186
f 4110/5104/4186 4083/5103/4185 4084/5105/4187
f 4110/5104/4186 4084/5105/4187 4109/5095/4179
f 4109/5095/4178 4084/5105/4187 4085/5096/4180
f 2715/5106/2568 2735/5107/4188 4037/5108/4184
f 4037/5100/4184 2735/2894/4189 4122/5109/4190
f 4037/5100/4184 4122/5109/4190 4083/5102/4185
f 4083/5102/4185 4122/5109/4190 4084/5110/4187
f 2735/2894/2258 2734/2896/2260 4122/5109/4190
f 4122/5109/4190 2734/2896/2260 4121/5111/4191
f 4122/5112/4190 4121/5113/4191 4084/5114/4187
f 4084/5115/4187 4121/5116/4192 4085/5117/4180
f 2734/2896/2259 2733/2897/4193 4121/5111/4191
f 4121/5118/4194 2733/2899/4195 4120/5099/4182
f 4121/5119/4192 4120/5097/4182 4085/5096/4180
f 2733/2899/4193 2732/2901/2262 4120/5099/4182
f 4120/5099/4182 2732/2901/2263 2731/2902/2264
f 4118/5092/4174 2729/2905/2268 4117/5120/4196
f 4117/5120/4196 2729/2905/2268 2728/2907/4197
f 4117/5120/4196 2728/2907/4197 4116/5121/4198
f 4116/5121/4199 2728/2907/4197 2727/2908/2270
f 4116/5121/4198 2727/2908/2270 4115/5122/4200
f 4115/5122/4200 2727/2908/2270 2726/2910/4201
f 4115/5122/4202 2726/2910/4203 4114/5123/4204
f 4114/5123/4204 2726/2910/4205 2725/2911/2272
f 4114/5123/4206 2725/2911/2272 4113/5124/4207
f 4113/5125/4208 2725/5126/2272 2724/2914/2273
f 4113/5125/4208 2724/2914/2273 4112/5127/4209
f 4112/5127/4209 2724/2914/2273 2723/2915/2275
f 4112/5127/4209 2723/2915/2275 4111/5128/4210
f 4111/5128/4210 2723/2915/2275 4038/5129/4211
f 4111/5128/4210 4038/5129/4212 4095/5130/4213
f 4095/5130/4213 4038/5129/4211 4096/5131/4214
f 4095/5130/4213 4096/5131/4214 4098/5132/4215
f 4098/5132/4215 4096/5131/4214 4097/5133/4216
f 4098/5132/4215 4097/5133/4216 4123/5134/4217
f 4123/5134/4217 4097/5133/4216 4040/5135/4218
f 4123/5134/4219 4040/5135/4218 4067/5136/4220
f 4067/5136/4221 4040/5135/4218 4068/5137/4222
f 4067/5136/4221 4068/5137/4222 4070/5138/4223
f 4070/5138/4223 4068/5137/4222 4069/5139/4224
f 4070/5138/4225 4069/5139/4224 4054/5140/4226
f 4054/5140/4226 4069/5139/4224 4042/5141/4227
f 4054/5142/4226 4042/5143/4227 1094/1163/512
f 1094/1163/510 4042/5143/4228 1095/1165/510
f 1095/1165/510 4042/5143/4227 1096/1167/510
f 1096/1167/510 4042/5143/4227 4036/5144/4229
f 4036/5144/4230 4042/5143/4227 4069/5145/4224
f 4036/5146/4229 4069/5139/4224 4068/5137/4222
f 2723/2915/4231 2722/2916/2276 4038/5129/4212
f 4038/5129/4212 2722/2916/2276 4035/5147/4232
f 4038/5129/4212 4035/5147/4232 4096/5131/4214
f 4096/5131/4214 4035/5147/4232 4097/5133/4216
f 4035/5147/4232 4036/5146/4230 4097/5133/4216
f 4097/5133/4216 4036/5146/4230 4040/5135/4218
f 1094/1163/507 1093/1161/510 4054/5142/4226
f 4054/5142/4226 1093/1161/510 4053/5148/4233
f 4054/5140/4226 4053/5149/4233 4070/5138/4223
f 4070/5138/4223 4053/5149/4234 4071/5150/4235
f 4070/5138/4223 4071/5150/4235 4067/5136/4221
f 4067/5136/4221 4071/5150/4235 4066/5151/4236
f 4067/5136/4221 4066/5151/4236 4123/5134/4217
f 4123/5134/4217 4066/5151/4236 4124/5152/4237
f 4123/5134/4238 4124/5152/4237 4098/5132/4239
f 4098/5132/4239 4124/5152/4237 4099/5153/4240
f 4098/5132/4239 4099/5153/4241 4095/5130/4213
f 4095/5130/4213 4099/5153/4240 4094/5154/4242
f 4095/5130/4213 4094/5154/4242 4111/5128/4210
f 4111/5128/4210 4094/5154/4243 4112/5127/4209
f 1093/1161/508 1092/1160/4244 4053/5148/4233
f 4053/5148/4234 1092/1160/508 4052/5155/4245
f 4053/5149/4233 4052/5156/4246 4071/5150/4235
f 4071/5150/4235 4052/5156/4245 4072/5157/4247
f 4071/5150/4235 4072/5157/4248 4066/5151/4236
f 4066/5151/4236 4072/5157/4249 4065/5158/4250
f 4066/5151/4236 4065/5158/4250 4124/5152/4237
f 4124/5152/4237 4065/5158/4250 4125/5159/4251
f 4124/5152/4237 4125/5159/4251 4099/5153/4240
f 4099/5153/4240 4125/5159/4251 4100/5160/4252
f 4099/5153/4241 4100/5160/4252 4094/5154/4243
f 4094/5154/4243 4100/5160/4252 4093/5161/4253
f 4094/5154/4242 4093/5161/4253 4112/5127/4209
f 4112/5127/4254 4093/5161/4253 4113/5125/4208
f 1092/1160/510 1091/1158/507 4052/5155/4245
f 4052/5155/4245 1091/1158/508 4051/5162/4255
f 4052/5156/4245 4051/5163/4256 4072/5157/4247
f 4072/5157/4249 4051/5163/4256 4073/5164/4257
f 4072/5157/4247 4073/5164/4257 4065/5158/4250
f 4065/5158/4250 4073/5164/4257 4064/5165/4258
f 4065/5158/4250 4064/5165/4258 4125/5159/4251
f 4125/5159/4251 4064/5165/4258 4126/5166/4259
f 4125/5159/4251 4126/5166/4260 4100/5160/4252
f 4100/5160/4252 4126/5166/4259 4101/5167/4261
f 4100/5160/4262 4101/5167/4261 4093/5161/4253
f 4093/5161/4253 4101/5167/4261 4092/5168/4263
f 4093/5161/4253 4092/5168/4263 4113/5125/4208
f 4113/5125/4208 4092/5168/4263 4114/5169/4204
f 4051/5162/4256 1091/1158/508 4050/5170/4264
f 4050/5170/4264 1091/1158/510 1090/1156/510
f 4050/5170/4264 1090/1156/510 4049/5171/4265
f 4049/5172/4266 1090/5173/510 1089/5174/510
f 4049/5175/4267 1089/5176/510 4048/5177/4268
f 4048/5178/4268 1089/5179/508 1088/5180/508
f 4048/5178/4268 1088/5180/510 4047/5181/4269
f 4047/5181/4270 1088/5180/508 1087/5182/508
f 4047/5181/4270 1087/5182/510 4046/5183/4271
f 4046/5183/4272 1087/5182/507 1086/5184/507
f 4046/5183/4273 1086/5184/510 1085/5185/510
f 4046/5186/4272 1085/5187/510 4045/5188/4274
f 4045/5189/4275 1085/5190/510 1084/5191/508
f 4045/5192/4274 1084/1146/510 4044/5193/4276
f 4044/5193/4276 1084/1146/510 1083/1147/507
f 4044/5193/4276 1083/1147/507 4043/5194/4277
f 4043/5194/4277 1083/1147/510 1082/1149/507
f 4043/5194/4277 1082/1149/510 1081/1150/510
f 4043/5194/4277 1081/1150/510 4041/5076/4155
f 4109/5095/4178 4039/5094/4176 4110/5104/4186
f 4110/5104/4186 4039/5094/4176 4030/5093/4153
f 4040/5135/4218 4036/5146/4230 4068/5137/4278
f 4043/5195/4277 4041/5078/4155 4081/5196/4279
f 4081/5196/4279 4041/5078/4155 4082/5080/4157
f 4081/5196/4279 4082/5080/4156 4056/5082/4160
f 4044/5197/4280 4043/5195/4277 4080/5198/4281
f 4080/5198/4281 4043/5195/4277 4081/5196/4279
f 4080/5198/4281 4081/5196/4279 4057/5199/4282
f 4057/5199/4283 4081/5196/4279 4056/5082/4160
f 4057/5199/4283 4056/5082/4160 4133/5084/4163
f 4045/5200/4274 4044/5197/4280 4079/5201/4284
f 4079/5201/4285 4044/5197/4276 4080/5198/4281
f 4079/5201/4284 4080/5198/4281 4058/5202/4286
f 4058/5202/4286 4080/5198/4281 4057/5199/4287
f 4058/5202/4288 4057/5199/4283 4132/5203/4289
f 4132/5203/4289 4057/5199/4282 4133/5084/4164
f 4132/5203/4289 4133/5084/4164 4107/5086/4167
f 4046/5183/4271 4045/5200/4274 4078/5204/4290
f 4078/5204/4290 4045/5200/4274 4079/5201/4284
f 4078/5204/4291 4079/5201/4284 4059/5205/4292
f 4059/5205/4292 4079/5201/4284 4058/5202/4286
f 4059/5205/4293 4058/5202/4288 4131/5206/4294
f 4131/5206/4294 4058/5202/4286 4132/5203/4295
f 4131/5206/4294 4132/5203/4296 4106/5207/4297
f 4106/5207/4298 4132/5203/4295 4107/5086/4167
f 4106/5207/4297 4107/5086/4167 4087/5088/4171
f 4047/5181/4269 4046/5183/4299 4077/5208/4300
f 4077/5208/4300 4046/5183/4273 4078/5204/4291
f 4077/5208/4300 4078/5204/4291 4060/5209/4301
f 4060/5209/4301 4078/5204/4291 4059/5205/4292
f 4060/5209/4301 4059/5205/4293 4130/5210/4302
f 4130/5210/4302 4059/5205/4292 4131/5206/4303
f 4130/5210/4302 4131/5206/4304 4105/5211/4305
f 4105/5211/4305 4131/5206/4304 4106/5207/4297
f 4105/5211/4305 4106/5207/4298 4088/5212/4306
f 4088/5212/4306 4106/5207/4297 4087/5088/4171
f 4088/5213/4306 4087/5089/4171 4118/5092/4174
f 4048/5178/4268 4047/5181/4270 4076/5214/4307
f 4076/5214/4307 4047/5181/4269 4077/5208/4300
f 4076/5214/4307 4077/5208/4300 4061/5215/4308
f 4061/5215/4308 4077/5208/4300 4060/5209/4301
f 4061/5215/4308 4060/5209/4301 4129/5216/4309
f 4129/5216/4309 4060/5209/4301 4130/5210/4302
f 4129/5216/4309 4130/5210/4302 4104/5217/4310
f 4104/5217/4310 4130/5210/4302 4105/5211/4305
f 4104/5218/4310 4105/5219/4305 4089/5220/4311
f 4089/5220/4311 4105/5219/4305 4088/5213/4306
f 4089/5220/4311 4088/5213/4306 4117/5120/4196
f 4117/5120/4196 4088/5213/4306 4118/5092/4174
f 4049/5221/4266 4048/5178/4268 4075/5222/4312
f 4075/5222/4313 4048/5178/4268 4076/5214/4307
f 4075/5222/4313 4076/5214/4307 4062/5223/4314
f 4062/5223/4314 4076/5214/4307 4061/5215/4308
f 4062/5224/4314 4061/5225/4308 4128/5226/4315
f 4128/5226/4316 4061/5225/4308 4129/5227/4309
f 4128/5226/4315 4129/5227/4317 4103/5228/4318
f 4103/5228/4318 4129/5227/4317 4104/5229/4310
f 4103/5230/4318 4104/5218/4310 4090/5231/4319
f 4090/5231/4319 4104/5218/4310 4089/5220/4311
f 4090/5231/4319 4089/5220/4311 4116/5121/4198
f 4116/5121/4320 4089/5220/4311 4117/5120/4196
f 4073/5164/4257 4051/5163/4256 4050/5232/4264
f 4050/5232/4264 4049/5233/4265 4074/5234/4321
f 4074/5234/4321 4049/5233/4266 4075/5235/4313
f 4074/5234/4321 4075/5235/4313 4063/5236/4322
f 4063/5236/4322 4075/5235/4313 4062/5224/4314
f 4063/5236/4322 4062/5224/4314 4127/5237/4323
f 4127/5237/4323 4062/5224/4314 4128/5226/4315
f 4127/5237/4323 4128/5226/4316 4102/5238/4324
f 4102/5238/4324 4128/5226/4315 4103/5228/4318
f 4102/5238/4324 4103/5228/4318 4091/5239/4325
f 4091/5239/4325 4103/5228/4318 4090/5240/4319
f 4091/5241/4326 4090/5231/4319 4115/5122/4200
f 4115/5122/4202 4090/5231/4319 4116/5121/4320
f 4063/5236/4322 4064/5165/4258 4074/5234/4321
f 4074/5234/4321 4064/5165/4258 4073/5164/4257
f 4074/5234/4321 4073/5164/4257 4050/5232/4264
f 4064/5165/4327 4063/5236/4322 4126/5166/4259
f 4126/5166/4259 4063/5236/4322 4127/5237/4323
f 4126/5166/4260 4127/5237/4323 4101/5167/4261
f 4101/5167/4261 4127/5237/4323 4102/5238/4324
f 4101/5167/4328 4102/5238/4324 4092/5168/4263
f 4092/5168/4263 4102/5238/4324 4091/5239/4326
f 4092/5168/4263 4091/5239/4326 4114/5169/4204
f 4114/5123/4206 4091/5241/4326 4115/5122/4200
f 4136/5242/4143 1096/5243/508 4138/3997/4329
f 4138/5244/4329 1096/1167/508 4036/5144/4229
f 4138/5245/4329 4036/5146/4229 4137/5246/4330
f 4137/5246/4331 4036/5146/4229 4139/5247/4332
f 4137/5246/4330 4139/5247/4332 2985/3357/2551
f 2985/3357/2551 4139/5247/4332 4035/5147/4232
f 2985/3357/2551 4035/5147/4232 2722/2916/2276
f 4036/5146/4230 4035/5147/4232 4139/5247/4332
f 2985/3357/2551 2984/3356/2549 4137/5246/4330
f 4137/5246/4330 2984/3356/4333 26/3355/95
f 4137/5246/4331 26/3355/3 4135/5248/4140
f 4137/5246/4331 4135/5248/4140 4138/5245/4329
f 4138/5249/4329 4135/5250/4140 4136/5251/4143
f 4136/5251/4143 4142/5252/4142 1096/5253/508
f 1096/5253/510 4142/5252/4142 4143/5254/4142
f 1096/5253/508 4143/5254/4142 4144/5255/4142
f 4144/5255/4142 4143/5254/4142 25/53/95
f 4144/5255/4142 25/53/3 4140/5256/4140
f 4136/5251/4143 4135/5250/4140 4142/5252/4142
f 4142/5252/4142 4135/5250/4140 25/53/95
f 4142/5252/4142 25/53/95 4143/5254/4142
f 4135/5250/4140 26/54/3 25/53/3
f 4140/5256/4140 4141/5257/4143 4144/5255/4142
f 4144/5255/4142 4141/5257/4141 1096/5253/512
f 4141/5257/4334 1097/5258/510 1096/5253/510
f 1098/5259/508 1097/5258/508 4147/5260/4335
f 4147/5260/4335 1097/5258/510 4141/5257/4143
f 4147/5260/4335 4141/5257/4143 4140/5256/4140
f 25/53/95 1783/2043/4336 4140/5256/4140
f 4140/5256/4140 1783/2043/4337 4147/5260/4335
f 1783/2043/4336 4145/5261/4338 4147/5260/4335
f 4147/5260/4335 4145/5261/4338 4146/5262/4339
f 4147/4646/4335 4146/5263/4339 1098/5264/510
f 1783/2043/4340 1782/2042/4341 4145/5261/4342
f 4145/5261/4343 1782/2042/4341 4150/5265/4344
f 4145/5261/4343 4150/5265/4344 4146/5262/4345
f 4146/5262/4345 4150/5265/4344 1099/5266/4346
f 4146/5262/4345 1099/5266/4347 1098/5259/508
f 1782/2042/4348 1781/2061/4349 4150/5265/4350
f 4150/5265/4350 1781/2061/4349 4149/5267/4351
f 4150/5265/4350 4149/5267/4352 1099/5266/4353
f 1099/5266/4347 4149/5267/4354 4148/5268/4355
f 1099/1169/4347 4148/5269/4355 1100/1170/510
f 1100/1170/508 4148/5269/4355 1101/1171/4356
f 1101/1171/4356 4148/5269/4355 1102/1172/4357
f 1781/2061/4349 1780/2060/4358 4149/5267/4354
f 4149/5267/4354 1780/2060/4358 4148/5268/4355
f 1780/2060/4358 1102/5270/4359 4148/5268/4355
f 114/5271/4360 4154/5272/4361 115/5273/1105
f 115/114/1101 4154/5274/4361 4155/5275/4361
f 115/114/1101 4155/5275/4361 4156/5276/4361
f 4156/5276/4361 4155/5275/4361 110/122/4362
f 4156/5276/4361 110/122/4362 4157/5277/4361
f 4157/5277/4361 110/122/4363 4158/5278/4361
f 4157/5277/4361 4158/5278/4361 115/114/1101
f 115/114/1101 4158/5278/4361 4159/5279/4361
f 115/114/1101 4159/5279/4361 4160/5280/4361
f 4160/5280/4361 4159/5279/4361 209/212/1113
f 4160/5280/4361 209/212/8 4161/5281/4361
f 4161/5281/4361 209/212/1113 4162/5282/4361
f 4161/5281/4361 4162/5282/4361 4152/5283/4364
f 4152/5283/4365 4162/5282/4361 4163/5284/4361
f 4152/5283/4364 4163/5284/4361 4164/5285/4361
f 4164/5285/4361 4163/5284/4361 209/212/1113
f 4164/5285/4361 209/212/8 4151/5286/4366
f 114/116/4367 113/118/4368 4154/5274/4361
f 4154/5274/4361 113/118/4369 4153/5287/4361
f 4154/5274/4361 4153/5287/4361 111/121/4370
f 111/121/4370 4153/5287/4361 112/119/4361
f 112/119/4361 4153/5287/4361 113/118/4368
f 111/121/4371 110/122/4363 4154/5274/4361
f 4154/5274/4361 110/122/4363 4155/5275/4361
f 4158/5278/4361 110/122/4363 209/212/1113
f 209/212/1113 110/122/4363 109/124/4372
f 209/212/8 109/124/4372 108/125/4373
f 108/125/4373 107/126/4374 209/212/1113
f 209/212/8 107/126/4374 106/127/4375
f 209/212/8 106/127/4375 105/123/8
f 4151/5286/4366 4152/5283/4365 4164/5285/4376
f 1539/5288/1101 115/114/1101 4152/5283/4364
f 4152/5283/4364 115/114/1101 4160/5280/4361
f 4152/5283/4364 4160/5280/4361 4161/5281/4361
f 4157/5277/4361 115/114/1101 4156/5276/4361
f 209/212/1113 4159/5279/4361 4158/5278/4361
f 209/212/8 4163/5284/4361 4162/5282/4361
f 4166/5289/4377 1539/5288/1100 4167/5290/4378
f 4167/5290/4378 1539/5288/1101 4152/5283/4365
f 4167/5290/4378 4152/5283/4364 4151/5286/4366
f 4151/5286/4366 209/212/8 4167/5290/4378
f 4167/5290/4378 209/212/1113 4169/5291/4379
f 4167/5290/4378 4169/5291/4379 4166/5289/4377
f 4166/5289/4377 4169/5291/4380 4168/5292/4381
f 4166/5293/4382 4168/5294/4381 4165/5295/4383
f 4165/5296/4383 4168/5292/4381 3094/3638/2792
f 4165/5296/4383 3094/3638/2792 2550/3639/2076
f 209/212/1113 3095/3606/2757 4169/5291/4380
f 4169/5291/4379 3095/3606/2757 3094/3638/2792
f 4169/5291/4379 3094/3638/2792 4168/5292/4381
f 1540/1687/1102 1539/1688/1100 4176/5297/4384
f 4176/5298/4384 1539/5288/1100 4166/5289/4377
f 4176/5298/4385 4166/5289/4377 4217/5299/4386
f 4217/5299/4386 4166/5289/4377 4190/5300/4387
f 4217/5299/4386 4190/5300/4387 4191/5301/4388
f 4191/5301/4388 4190/5300/4387 4269/5302/4389
f 4191/5301/4390 4269/5302/4389 4268/5303/4391
f 4268/5303/4391 4269/5302/4389 4243/5304/4392
f 4268/5303/4391 4243/5304/4393 4242/5305/4394
f 4242/5305/4394 4243/5304/4392 4221/5306/4395
f 4242/5305/4394 4221/5306/4396 4222/5307/4397
f 4222/5308/4397 4221/5309/4395 4254/5310/4398
f 4222/5308/4397 4254/5310/4398 4253/5311/4399
f 4253/5311/4400 4254/5310/4398 2565/2617/4401
f 4253/5311/4399 2565/2617/4402 2564/2618/4403
f 4166/5289/4382 4165/5296/4383 4190/5300/4387
f 4190/5300/4387 4165/5296/4383 4174/5312/4404
f 4190/5300/4387 4174/5312/4404 4269/5302/4405
f 4269/5302/4389 4174/5312/4404 4244/5313/4406
f 4269/5302/4405 4244/5313/4406 4243/5304/4392
f 4243/5304/4392 4244/5313/4407 4220/5314/4408
f 4243/5304/4392 4220/5314/4408 4221/5306/4395
f 4221/5306/4395 4220/5314/4408 4255/5315/4409
f 4221/5309/4396 4255/5316/4410 4254/5310/4398
f 4254/5310/4398 4255/5316/4409 2566/2615/2083
f 4254/5310/4411 2566/2615/2083 2565/2617/4401
f 2550/3639/2793 4172/5317/4412 4165/5296/4383
f 4165/5296/4383 4172/5317/4412 4218/5318/4413
f 4165/5296/4383 4218/5318/4413 4245/5319/4414
f 4245/5319/4414 4218/5318/4413 4219/5320/4415
f 4245/5319/4414 4219/5320/4415 4244/5313/4416
f 4244/5313/4416 4219/5320/4415 4220/5314/4408
f 2550/3639/2076 2570/5321/2079 4172/5317/4417
f 4172/5322/4418 2570/2607/2078 4257/5323/4419
f 4172/5317/4412 4257/5324/4420 4218/5318/4413
f 4218/5318/4413 4257/5324/4420 4219/5320/4415
f 2570/2607/2078 2569/2609/2080 4257/5323/4419
f 4257/5323/4419 2569/2609/2080 4256/5325/4421
f 4257/5324/4419 4256/5326/4421 4219/5320/4415
f 4219/5320/4415 4256/5326/4421 4220/5314/4408
f 2569/5327/2080 2568/5328/2081 4256/5329/4421
f 4256/5330/4421 2568/2611/2081 4255/5316/4409
f 4256/5326/4421 4255/5315/4410 4220/5314/4408
f 2568/2611/2081 2567/2614/4422 4255/5316/4409
f 4255/5316/4410 2567/2614/2082 2566/2615/2083
f 4253/5311/4399 2564/2618/2085 4252/5331/4423
f 4252/5331/4423 2564/2618/2085 2563/2620/4424
f 4252/5331/4423 2563/2620/4424 4251/5332/4425
f 4251/5332/4425 2563/2620/4424 2562/2621/2087
f 4251/5332/4425 2562/2621/2087 4250/5333/4426
f 4250/5333/4426 2562/2621/2087 2561/2623/2088
f 4250/5333/4427 2561/2623/2089 4249/5334/4428
f 4249/5335/4428 2561/5336/2089 2560/2625/4429
f 4249/5335/4428 2560/2625/4430 4248/5337/4431
f 4248/5337/4431 2560/2625/2090 2559/2628/2091
f 4248/5337/4431 2559/2628/4432 4247/5338/4433
f 4247/5338/4433 2559/2628/2091 2558/2629/2092
f 4247/5338/4433 2558/2629/2092 4246/5339/4434
f 4246/5339/4434 2558/2629/2092 4173/5340/4435
f 4246/5339/4436 4173/5340/4437 4230/5341/4438
f 4230/5341/4438 4173/5340/4439 4231/5342/4440
f 4230/5341/4438 4231/5342/4440 4233/5343/4441
f 4233/5343/4441 4231/5342/4440 4232/5344/4442
f 4233/5343/4441 4232/5344/4442 4258/5345/4443
f 4258/5345/4443 4232/5344/4442 4175/5346/4444
f 4258/5345/4445 4175/5346/4446 4202/5347/4447
f 4202/5347/4447 4175/5346/4448 4203/5348/4449
f 4202/5347/4447 4203/5348/4449 4205/5349/4450
f 4205/5349/4451 4203/5348/4449 4204/5350/4452
f 4205/5351/4453 4204/5352/4452 4189/5353/4454
f 4189/5353/4454 4204/5352/4455 4177/5354/4456
f 4189/5353/4454 4177/5354/4456 1553/1673/1101
f 1553/1673/1100 4177/5354/4456 1554/1674/1101
f 1554/1674/1101 4177/5354/4457 1555/1691/1100
f 1555/1691/1101 4177/5354/4457 4171/5355/4458
f 4171/5355/4459 4177/5354/4457 4204/5352/4452
f 4171/5356/4458 4204/5350/4455 4203/5348/4449
f 2558/2629/2092 2557/2631/2800 4173/5340/4439
f 4173/5340/4439 2557/2631/2800 4170/5357/4460
f 4173/5340/4439 4170/5357/4460 4231/5342/4440
f 4231/5342/4440 4170/5357/4460 4232/5344/4442
f 4170/5357/4460 4171/5356/4458 4232/5344/4461
f 4232/5344/4442 4171/5356/4459 4175/5346/4448
f 1553/1673/1100 1552/1672/4462 4189/5353/4454
f 4189/5353/4454 1552/1672/1101 4188/5358/4463
f 4189/5359/4454 4188/5360/4464 4205/5349/4451
f 4205/5349/4451 4188/5360/4464 4206/5361/4465
f 4205/5349/4450 4206/5361/4465 4202/5347/4466
f 4202/5347/4466 4206/5361/4465 4201/5362/4467
f 4202/5347/4466 4201/5362/4467 4258/5345/4468
f 4258/5345/4443 4201/5362/4469 4259/5363/4470
f 4258/5345/4443 4259/5363/4470 4233/5343/4441
f 4233/5343/4441 4259/5363/4470 4234/5364/4471
f 4233/5343/4441 4234/5364/4471 4230/5341/4438
f 4230/5341/4438 4234/5364/4471 4229/5365/4472
f 4230/5341/4438 4229/5365/4472 4246/5339/4434
f 4246/5339/4434 4229/5365/4472 4247/5338/4433
f 1552/1672/1101 1551/1690/1101 4188/5358/4464
f 4188/5358/4463 1551/1690/1101 4187/5366/4473
f 4188/5360/4463 4187/5367/4474 4206/5361/4465
f 4206/5361/4465 4187/5367/4474 4207/5368/4475
f 4206/5361/4465 4207/5368/4476 4201/5362/4467
f 4201/5362/4467 4207/5368/4476 4200/5369/4477
f 4201/5362/4467 4200/5369/4477 4259/5363/4470
f 4259/5363/4470 4200/5369/4478 4260/5370/4479
f 4259/5363/4470 4260/5370/4479 4234/5364/4471
f 4234/5364/4471 4260/5370/4479 4235/5371/4480
f 4234/5364/4471 4235/5371/4480 4229/5365/4472
f 4229/5365/4472 4235/5371/4480 4228/5372/4481
f 4229/5365/4472 4228/5372/4482 4247/5338/4433
f 4247/5338/4433 4228/5372/4482 4248/5337/4431
f 1551/1690/1105 1550/1689/1101 4187/5366/4473
f 4187/5366/4474 1550/1689/1100 4186/5373/4483
f 4187/5367/4473 4186/5374/4483 4207/5368/4476
f 4207/5368/4476 4186/5374/4484 4208/5375/4485
f 4207/5368/4476 4208/5375/4485 4200/5369/4477
f 4200/5369/4477 4208/5375/4485 4199/5376/4486
f 4200/5369/4478 4199/5376/4486 4260/5370/4479
f 4260/5370/4487 4199/5376/4486 4261/5377/4488
f 4260/5370/4489 4261/5377/4490 4235/5371/4480
f 4235/5371/4480 4261/5377/4490 4236/5378/4491
f 4235/5371/4480 4236/5378/4491 4228/5372/4482
f 4228/5372/4482 4236/5378/4491 4227/5379/4492
f 4228/5372/4482 4227/5379/4492 4248/5337/4431
f 4248/5337/4431 4227/5379/4492 4249/5335/4428
f 4186/5373/4484 1550/1689/1101 4185/5380/4493
f 4185/5380/4494 1550/1689/1101 1549/1678/1101
f 4185/5380/4493 1549/1678/1101 4184/5381/4495
f 4184/5382/4495 1549/5383/1101 1548/5384/1101
f 4184/5382/4496 1548/5384/1101 4183/5385/4497
f 4183/5385/4498 1548/5384/1105 1547/5386/1105
f 4183/5385/4497 1547/5386/1101 4182/5387/4499
f 4182/5387/4499 1547/5386/1101 1546/5388/1101
f 4182/5387/4499 1546/5388/1101 4181/5389/4500
f 4181/5389/4500 1546/5388/1105 1545/5390/1105
f 4181/5389/4500 1545/5390/1101 1544/5391/1101
f 4181/5389/4501 1544/5391/1105 4180/5392/4502
f 4180/5392/4502 1544/5391/1101 1543/5393/1101
f 4180/5394/4502 1543/5395/1101 4179/4947/4503
f 4179/5396/4503 1543/5397/1101 1542/5398/1101
f 4179/5399/4503 1542/1685/1100 4178/5400/4504
f 4178/5400/4504 1542/1685/1100 1541/1686/1100
f 4178/5400/4504 1541/1686/1101 1540/1687/1101
f 4178/5400/4504 1540/1687/1100 4176/5297/4384
f 4244/5313/4416 4174/5312/4404 4245/5319/4414
f 4245/5319/4505 4174/5312/4404 4165/5296/4383
f 4175/5346/4448 4171/5356/4458 4203/5348/4506
f 4178/5401/4504 4176/5298/4385 4216/5402/4507
f 4216/5402/4508 4176/5298/4384 4217/5299/4386
f 4216/5402/4508 4217/5299/4386 4191/5301/4388
f 4179/5403/4503 4178/5401/4504 4215/5404/4509
f 4215/5404/4510 4178/5401/4504 4216/5402/4511
f 4215/5404/4509 4216/5402/4508 4192/5405/4512
f 4192/5405/4512 4216/5402/4507 4191/5301/4388
f 4192/5405/4512 4191/5301/4390 4268/5303/4513
f 4180/5392/4514 4179/5403/4503 4214/5406/4515
f 4214/5406/4515 4179/5403/4503 4215/5404/4509
f 4214/5406/4516 4215/5404/4509 4193/5407/4517
f 4193/5407/4518 4215/5404/4509 4192/5405/4512
f 4193/5407/4517 4192/5405/4512 4267/5408/4519
f 4267/5408/4519 4192/5405/4512 4268/5303/4391
f 4267/5408/4519 4268/5303/4513 4242/5305/4520
f 4181/5389/4500 4180/5392/4514 4213/5409/4521
f 4213/5409/4522 4180/5392/4514 4214/5406/4515
f 4213/5409/4522 4214/5406/4516 4194/5410/4523
f 4194/5410/4523 4214/5406/4515 4193/5407/4517
f 4194/5410/4523 4193/5407/4524 4266/5411/4525
f 4266/5411/4526 4193/5407/4524 4267/5408/4519
f 4266/5411/4526 4267/5408/4519 4241/5412/4527
f 4241/5412/4527 4267/5408/4519 4242/5305/4394
f 4241/5412/4527 4242/5305/4394 4222/5307/4397
f 4182/5387/4499 4181/5389/4500 4212/5413/4528
f 4212/5413/4528 4181/5389/4500 4213/5409/4529
f 4212/5413/4528 4213/5409/4529 4195/5414/4530
f 4195/5414/4530 4213/5409/4529 4194/5410/4523
f 4195/5414/4530 4194/5410/4523 4265/5415/4531
f 4265/5415/4531 4194/5410/4523 4266/5411/4526
f 4265/5415/4532 4266/5411/4526 4240/5416/4533
f 4240/5416/4534 4266/5411/4535 4241/5412/4536
f 4240/5417/4533 4241/5418/4527 4223/5419/4537
f 4223/5419/4538 4241/5418/4536 4222/5308/4397
f 4223/5419/4538 4222/5308/4397 4253/5311/4400
f 4183/5385/4498 4182/5387/4499 4211/5420/4539
f 4211/5420/4539 4182/5387/4499 4212/5413/4528
f 4211/5420/4540 4212/5413/4528 4196/5421/4541
f 4196/5421/4541 4212/5413/4528 4195/5414/4530
f 4196/5421/4542 4195/5414/4543 4264/5422/4544
f 4264/5422/4544 4195/5414/4543 4265/5415/4531
f 4264/5422/4544 4265/5415/4532 4239/5423/4545
f 4239/5423/4546 4265/5415/4531 4240/5416/4533
f 4239/5424/4545 4240/5417/4533 4224/5425/4547
f 4224/5425/4547 4240/5417/4534 4223/5419/4537
f 4224/5425/4547 4223/5419/4548 4252/5331/4423
f 4252/5331/4423 4223/5419/4548 4253/5311/4549
f 4184/5382/4495 4183/5385/4498 4210/5426/4550
f 4210/5426/4550 4183/5385/4497 4211/5420/4539
f 4210/5426/4550 4211/5420/4539 4197/5427/4551
f 4197/5427/4551 4211/5420/4539 4196/5421/4541
f 4197/5428/4552 4196/5429/4541 4263/5430/4553
f 4263/5430/4553 4196/5429/4541 4264/5431/4544
f 4263/5430/4553 4264/5431/4544 4238/5432/4554
f 4238/5432/4554 4264/5431/4544 4239/5433/4545
f 4238/5434/4554 4239/5424/4555 4225/5435/4556
f 4225/5435/4556 4239/5424/4545 4224/5425/4547
f 4225/5435/4556 4224/5425/4547 4251/5332/4425
f 4251/5332/4425 4224/5425/4547 4252/5331/4423
f 4208/5375/4485 4186/5374/4484 4185/5436/4493
f 4185/5437/4494 4184/5382/4495 4209/5438/4557
f 4209/5438/4558 4184/5382/4495 4210/5426/4550
f 4209/5439/4558 4210/5440/4550 4198/5441/4559
f 4198/5441/4559 4210/5440/4550 4197/5428/4552
f 4198/5441/4559 4197/5428/4560 4262/5442/4561
f 4262/5442/4561 4197/5428/4552 4263/5430/4562
f 4262/5442/4563 4263/5430/4553 4237/5443/4564
f 4237/5443/4565 4263/5430/4553 4238/5432/4566
f 4237/5443/4565 4238/5432/4554 4226/5444/4567
f 4226/5444/4568 4238/5432/4554 4225/5445/4556
f 4226/5446/4567 4225/5435/4556 4250/5333/4427
f 4250/5333/4426 4225/5435/4556 4251/5332/4425
f 4198/5441/4559 4199/5376/4569 4209/5439/4570
f 4209/5439/4558 4199/5376/4486 4208/5375/4485
f 4209/5439/4557 4208/5375/4485 4185/5436/4493
f 4199/5376/4486 4198/5441/4559 4261/5377/4490
f 4261/5377/4490 4198/5441/4559 4262/5442/4563
f 4261/5377/4488 4262/5442/4563 4236/5378/4491
f 4236/5378/4491 4262/5442/4563 4237/5443/4565
f 4236/5378/4491 4237/5443/4564 4227/5379/4492
f 4227/5379/4571 4237/5443/4565 4226/5444/4567
f 4227/5379/4492 4226/5444/4567 4249/5335/4428
f 4249/5335/4572 4226/5444/4567 4250/5447/4426
f 1555/5448/1101 4171/5356/4458 4271/5449/4365
f 4271/5449/4364 4171/5356/4458 4273/5450/4573
f 4271/5449/4364 4273/5450/4574 4270/5451/4366
f 4270/5451/4366 4273/5450/4574 3092/3622/2770
f 4270/5451/4366 3092/3622/2770 202/3621/1113
f 4170/5452/4460 4274/5453/4575 4171/5454/4458
f 4171/5356/4458 4274/5455/4575 4272/5456/4576
f 4171/5356/4458 4272/5456/4576 4273/5450/4574
f 4273/5450/4574 4272/5456/4576 3092/3622/2770
f 2557/2631/2094 3093/3623/2772 4170/5357/4460
f 4170/5357/4460 3093/3623/2772 4272/5456/4576
f 4170/5357/4460 4272/5456/4576 4274/5455/4577
f 3093/3623/2772 3092/3622/2770 4272/5456/4576
f 4271/5457/4365 4277/5458/4361 1555/5459/1101
f 1555/5459/1105 4277/5458/4361 4278/5460/4361
f 1555/5459/1105 4278/5460/4361 4279/5461/4361
f 4279/5461/4361 4278/5460/4361 201/201/1113
f 4279/5461/4361 201/201/1113 4280/5462/4361
f 4280/5462/4361 201/201/1113 4281/5463/4361
f 4280/5462/4361 4281/5463/4361 4276/5464/4364
f 4276/5464/4364 4281/5463/4361 4275/5465/4366
f 4275/5465/4366 4281/5463/4361 201/201/1113
f 4271/5457/4364 4270/5466/4366 4277/5458/4361
f 4277/5458/4361 4270/5466/4366 4278/5460/4361
f 202/209/1113 201/201/1113 4270/5466/4366
f 4270/5466/4366 201/201/8 4278/5460/4361
f 1365/5467/1105 1555/5459/1105 4276/5464/4364
f 4276/5464/4365 1555/5459/1105 4280/5462/4361
f 4280/5462/4361 1555/5459/1101 4279/5461/4361
f 1365/5467/945 4276/5464/4578 1366/5468/947
f 1366/5468/947 4276/5464/4578 4284/5469/4579
f 1366/5468/947 4284/5469/4580 1367/1560/954
f 1367/1560/954 4284/5469/4580 4285/5470/4581
f 1367/1560/954 4285/5470/4582 1368/1561/959
f 1368/1561/959 4285/5470/4582 4286/5471/4583
f 1368/1561/959 4286/5471/4583 1369/1564/967
f 1369/1564/967 4286/5471/4583 1370/1567/973
f 1370/1567/973 4286/5471/4583 4287/5472/4584
f 1370/1567/973 4287/5472/4584 1371/1570/978
f 1371/1570/978 4287/5472/4584 4288/5473/4585
f 1371/1570/978 4288/5473/4585 1372/1573/981
f 1372/1573/981 4288/5473/4585 1373/1577/986
f 1373/1577/986 4288/5473/4585 4289/5474/4586
f 1373/1577/986 4289/5474/4586 1374/1579/4587
f 1374/1579/4587 4289/5474/4586 1375/1581/992
f 1375/1581/992 4289/5474/4586 4290/5475/4588
f 1375/1581/992 4290/5475/4588 1376/1583/4589
f 1376/1583/995 4290/5475/4590 1377/1506/4591
f 1377/1506/4592 4290/5475/4588 4291/5476/4593
f 1377/1506/4592 4291/5476/4593 1378/1504/4594
f 1378/1504/4594 4291/5476/4593 4292/5477/4595
f 1378/1504/887 4292/5477/4596 1379/1502/4597
f 1379/1502/4598 4292/5477/4595 1380/1500/4599
f 1380/1500/4600 4292/5477/4595 4283/5478/4601
f 1380/1500/4599 4283/5478/4602 1381/1499/881
f 4276/5464/4578 4275/5465/4603 4284/5469/4604
f 4284/5469/4580 4275/5465/4603 200/208/8
f 4284/5469/4580 200/208/8 199/207/8
f 4275/5465/4603 201/201/8 200/208/8
f 4284/5469/4580 199/207/1113 4285/5470/4581
f 4285/5470/4581 199/207/1113 198/206/1113
f 4285/5470/4581 198/206/1113 4286/5471/4583
f 4286/5471/4583 198/206/1113 197/205/1113
f 4286/5471/4583 197/205/1113 196/204/8
f 4286/5471/4583 196/204/8 4287/5472/4584
f 4287/5472/4584 196/204/8 195/203/1113
f 4287/5472/4584 195/203/8 4288/5473/4585
f 4288/5473/4585 195/203/8 194/202/1113
f 4288/5473/4585 194/202/1113 193/200/8
f 4288/5473/4585 193/200/8 4289/5474/4586
f 4289/5474/4586 193/200/8 192/199/8
f 4289/5474/4586 192/199/1113 191/198/1113
f 4289/5474/4586 191/198/8 4290/5475/4590
f 4290/5475/4590 191/198/1113 190/195/1113
f 4290/5475/4590 190/195/1113 189/194/1113
f 4290/5475/4588 189/194/1113 4291/5476/4593
f 4291/5476/4605 189/194/8 188/193/8
f 4291/5476/4593 188/193/1113 4292/5477/4596
f 4292/5477/4595 188/193/8 187/192/8
f 4292/5477/4595 187/192/8 186/197/8
f 185/196/1113 4282/5479/4606 186/197/1113
f 186/197/1113 4282/5479/4607 4292/5477/4595
f 4282/5479/4608 4283/5478/4602 4292/5477/4609
f 4295/5480/4610 1381/1499/881 4296/5481/4611
f 4296/5481/4611 1381/1499/881 4283/5478/4602
f 4296/5481/4611 4283/5478/4602 4282/5479/4612
f 4282/5479/4606 185/196/8 4296/5481/4613
f 4296/5481/4611 185/196/8 3113/3645/2802
f 4296/5481/4611 3113/3645/2802 4298/5482/4614
f 4298/5482/4615 3113/3645/2802 3112/3662/2824
f 4298/5482/4615 3112/3662/2824 4297/5483/4616
f 4297/5484/4616 3112/3663/2824 4293/5485/4617
f 4297/5484/4616 4293/5485/4617 4294/5486/4618
f 3112/3663/2824 2516/2551/2016 4293/5485/4619
f 4294/5487/4620 4295/5480/4610 4297/5483/4616
f 4297/5483/4616 4295/5480/4621 4298/5482/4615
f 4298/5482/4615 4295/5480/4610 4296/5481/4613
f 1382/1497/4622 1381/1499/881 4304/5488/4623
f 4304/5488/4624 1381/1499/881 4295/5480/4621
f 4304/5488/4624 4295/5480/4610 4333/5489/4625
f 4333/5489/4626 4295/5480/4621 4314/5490/4627
f 4333/5489/4625 4314/5490/4627 4315/5491/4628
f 4315/5491/4628 4314/5490/4627 4352/5492/4629
f 4315/5491/4628 4352/5492/4629 4351/5493/4630
f 4351/5494/4630 4352/5495/4629 4336/5496/4631
f 4351/5494/4630 4336/5496/4632 4337/5497/4633
f 4337/5498/4634 4336/5499/4631 4356/5500/4635
f 4337/5498/4634 4356/5500/4635 4357/5501/4636
f 4357/5501/4637 4356/5500/4635 4367/5502/4638
f 4357/5501/4636 4367/5502/4638 4366/5503/4639
f 4366/5503/4639 4367/5502/4638 2529/2563/4640
f 4366/5503/4639 2529/2563/4640 2528/2564/4641
f 4295/5480/4610 4294/5487/4618 4314/5490/4627
f 4314/5490/4627 4294/5487/4618 4353/5504/4642
f 4314/5490/4627 4353/5504/4642 4352/5492/4629
f 4352/5495/4643 4353/5505/4642 4335/5506/4644
f 4352/5495/4629 4335/5506/4644 4336/5496/4632
f 4336/5496/4632 4335/5506/4644 4355/5507/4645
f 4336/5496/4646 4355/5507/4645 4356/5508/4635
f 4356/5500/4635 4355/5509/4645 4368/5510/4647
f 4356/5500/4635 4368/5510/4648 4367/5502/4649
f 4367/5502/4649 4368/5510/4648 2530/2561/4650
f 4367/5502/4649 2530/2561/4651 2529/2563/4652
f 4353/5505/4642 4294/5486/4618 4334/5511/4653
f 4334/5511/4653 4294/5486/4618 4293/5485/4619
f 4334/5511/4654 4293/5485/4617 4302/5512/4655
f 4302/5512/4655 4293/5485/4619 2534/2553/4656
f 4302/5512/4657 2534/2553/4656 4371/5513/4658
f 4371/5513/4658 2534/2553/4659 4370/5514/4660
f 4371/5513/4658 4370/5514/4660 4302/5512/4655
f 4302/5512/4655 4370/5514/4661 4354/5515/4662
f 4302/5512/4657 4354/5515/4662 4334/5511/4654
f 4334/5511/4654 4354/5515/4662 4335/5506/4644
f 4334/5511/4654 4335/5506/4644 4353/5505/4642
f 4293/5485/4619 2516/2551/2016 2534/2553/4659
f 2534/2553/4659 2533/2554/4663 4370/5514/4661
f 4370/5514/4661 2533/2554/4663 4369/5516/4664
f 4370/5514/4661 4369/5516/4665 4354/5515/4662
f 4354/5515/4662 4369/5516/4664 4355/5507/4645
f 4354/5515/4662 4355/5507/4645 4335/5506/4644
f 2533/2554/4663 2532/2556/2022 4369/5516/4664
f 4369/5517/4664 2532/2557/2022 2531/2560/4666
f 4369/5517/4667 2531/2560/4666 4368/5510/4668
f 4368/5510/4648 2531/2560/4666 2530/2561/4669
f 4366/5503/4639 2528/2564/4641 4365/5518/4670
f 4365/5518/4670 2528/2564/4641 2527/2566/2034
f 4365/5518/4670 2527/2566/2034 2526/2568/2036
f 4365/5518/4670 2526/2568/2036 4364/5519/4671
f 4364/5520/4672 2526/2569/2036 2525/2571/4673
f 4364/5520/4672 2525/2571/4674 4363/5521/4675
f 4363/5521/4675 2525/2571/4674 2524/2573/4676
f 4363/5521/4677 2524/2573/4678 4303/5522/4679
f 4303/5522/4680 2524/2573/4678 2523/2575/2046
f 4303/5522/4680 2523/2575/2832 4299/5523/4681
f 4300/5524/4682 4343/5525/4683 4299/5523/4681
f 4299/5523/4681 4343/5525/4683 4362/5526/4684
f 4299/5523/4681 4362/5526/4684 4303/5522/4680
f 4303/5522/4680 4362/5526/4684 4361/5527/4685
f 4303/5522/4680 4361/5527/4685 4363/5521/4675
f 4363/5521/4675 4361/5527/4685 4360/5528/4686
f 4363/5521/4675 4360/5528/4687 4364/5520/4688
f 4364/5520/4688 4360/5528/4686 4359/5529/4689
f 4364/5520/4672 4359/5529/4689 4365/5530/4670
f 4365/5518/4670 4359/5531/4689 4358/5532/4690
f 4365/5518/4670 4358/5532/4690 4366/5503/4639
f 4366/5503/4639 4358/5532/4690 4357/5501/4637
f 4301/5533/4691 4323/5534/4692 4300/5535/4682
f 4300/5535/4682 4323/5534/4692 4344/5536/4693
f 4300/5524/4682 4344/5537/4693 4343/5525/4683
f 4343/5525/4683 4344/5537/4693 4345/5538/4694
f 4343/5525/4683 4345/5538/4695 4342/5539/4696
f 4342/5539/4697 4345/5538/4695 4346/5540/4698
f 4342/5539/4696 4346/5540/4699 4341/5541/4700
f 4341/5541/4700 4346/5540/4698 4347/5542/4701
f 4341/5541/4702 4347/5542/4703 4340/5543/4704
f 4340/5544/4704 4347/5545/4705 4348/5546/4706
f 4340/5544/4707 4348/5546/4708 4339/5547/4709
f 4339/5547/4709 4348/5546/4708 4349/5548/4710
f 4339/5547/4709 4349/5548/4711 4338/5549/4712
f 4338/5549/4712 4349/5548/4710 4350/5550/4713
f 4338/5549/4714 4350/5550/4713 4337/5498/4634
f 4337/5497/4633 4350/5551/4715 4351/5494/4630
f 1393/1594/1010 4305/5552/4716 4301/5533/4691
f 4301/5533/4717 4305/5552/4716 4324/5553/4718
f 4301/5533/4717 4324/5553/4718 4323/5534/4692
f 4323/5534/4692 4324/5553/4718 4325/5554/4719
f 4323/5534/4692 4325/5554/4719 4322/5555/4720
f 4322/5555/4721 4325/5554/4719 4326/5556/4722
f 4322/5555/4720 4326/5556/4722 4321/5557/4723
f 4321/5557/4723 4326/5556/4722 4327/5558/4724
f 4321/5557/4723 4327/5558/4724 4320/5559/4725
f 4320/5559/4726 4327/5558/4724 4328/5560/4727
f 4320/5559/4725 4328/5560/4727 4319/5561/4728
f 4319/5561/4729 4328/5560/4730 4329/5562/4731
f 4319/5561/4728 4329/5562/4732 4318/5563/4733
f 4318/5563/4734 4329/5562/4732 4330/5564/4735
f 4318/5563/4733 4330/5564/4735 4317/5565/4736
f 4317/5565/4737 4330/5564/4735 4331/5566/4738
f 4317/5565/4736 4331/5566/4738 4316/5567/4739
f 4316/5567/4739 4331/5566/4740 4332/5568/4741
f 4316/5567/4739 4332/5568/4742 4315/5491/4628
f 4315/5491/4628 4332/5568/4743 4333/5489/4625
f 1393/1594/1010 1392/1591/1005 4305/5552/4716
f 4305/5552/4744 1392/1591/1005 4313/5569/4745
f 4305/5552/4716 4313/5569/4745 4324/5553/4718
f 4324/5553/4718 4313/5569/4745 4325/5554/4719
f 1392/1591/1009 1391/1590/1004 4313/5569/4745
f 4313/5569/4745 1391/1590/1004 4312/5570/4746
f 4313/5569/4745 4312/5570/4746 4325/5554/4719
f 4325/5554/4719 4312/5570/4747 4326/5556/4722
f 1391/1590/1004 1390/1589/1003 4312/5570/4746
f 4312/5570/4746 1390/1589/1003 4311/5571/4748
f 4312/5570/4749 4311/5571/4750 4326/5556/4722
f 4326/5556/4751 4311/5571/4750 4327/5558/4724
f 1390/1589/4752 1389/1588/1000 4311/5571/4748
f 4311/5571/4748 1389/1588/1000 1388/1587/999
f 4311/5571/4750 1388/1587/999 4310/5572/4753
f 4310/5572/4753 1388/1587/999 1387/1586/872
f 4310/5572/4753 1387/1586/4754 4309/5573/4755
f 4309/5573/4755 1387/1586/4754 1386/1585/998
f 4309/5573/4755 1386/1585/998 4308/5574/4756
f 4308/5574/4757 1386/1585/998 1385/1584/997
f 4308/5574/4757 1385/1584/997 1384/1493/875
f 4308/5574/4758 1384/1493/875 4307/5575/4759
f 4307/5575/4759 1384/1493/4760 1383/1495/878
f 4307/5575/4759 1383/1495/878 4306/5576/4761
f 4306/5576/4761 1383/1495/878 1382/1497/876
f 4306/5576/4761 1382/1497/874 4304/5488/4623
f 4333/5489/4625 4332/5568/4762 4304/5488/4623
f 4304/5488/4623 4332/5568/4762 4306/5576/4761
f 4332/5568/4742 4331/5566/4740 4306/5576/4761
f 4306/5576/4761 4331/5566/4738 4307/5575/4759
f 4331/5566/4763 4330/5564/4735 4307/5575/4759
f 4307/5575/4759 4330/5564/4735 4308/5574/4764
f 4330/5564/4735 4329/5562/4731 4308/5574/4758
f 4308/5574/4758 4329/5562/4731 4309/5573/4755
f 4327/5558/4765 4311/5571/4748 4310/5572/4753
f 4329/5562/4731 4328/5560/4730 4309/5573/4755
f 4309/5573/4755 4328/5560/4730 4310/5572/4753
f 4328/5560/4730 4327/5558/4724 4310/5572/4766
f 4315/5491/4628 4351/5493/4630 4316/5567/4739
f 4316/5567/4767 4351/5493/4630 4350/5577/4713
f 4316/5567/4739 4350/5577/4715 4317/5565/4737
f 4317/5565/4736 4350/5577/4715 4349/5578/4711
f 4317/5565/4736 4349/5578/4711 4318/5563/4734
f 4318/5579/4733 4349/5548/4711 4348/5546/4708
f 4318/5579/4768 4348/5546/4769 4319/5580/4728
f 4319/5561/4728 4348/5581/4708 4347/5582/4705
f 4319/5561/4728 4347/5582/4701 4320/5559/4725
f 4320/5559/4725 4347/5582/4701 4346/5583/4699
f 4320/5559/4726 4346/5583/4699 4321/5557/4723
f 4321/5557/4723 4346/5583/4699 4345/5584/4695
f 4321/5557/4723 4345/5584/4695 4322/5555/4721
f 4322/5555/4720 4345/5584/4695 4344/5536/4770
f 4322/5555/4771 4344/5536/4693 4323/5534/4692
f 4337/5498/4633 4357/5501/4637 4338/5549/4712
f 4338/5549/4712 4357/5501/4637 4358/5532/4690
f 4338/5549/4712 4358/5532/4690 4339/5547/4709
f 4339/5547/4709 4358/5532/4690 4359/5531/4772
f 4339/5547/4709 4359/5531/4689 4340/5544/4707
f 4340/5543/4707 4359/5529/4689 4360/5528/4687
f 4340/5543/4704 4360/5528/4686 4341/5541/4700
f 4341/5541/4700 4360/5528/4686 4361/5527/4773
f 4341/5541/4700 4361/5527/4685 4342/5539/4697
f 4342/5539/4696 4361/5527/4773 4362/5526/4684
f 4342/5539/4696 4362/5526/4684 4343/5525/4683
f 4368/5510/4648 4355/5509/4645 4369/5517/4664
f 4373/5585/4774 1393/1594/1010 4376/5586/4775
f 4376/5586/4776 1393/1594/1010 4301/5533/4717
f 4376/5586/4777 4301/5533/4717 4374/5587/4778
f 4374/5587/4779 4301/5533/4717 4300/5535/4682
f 4374/5587/4779 4300/5535/4682 4375/5588/4780
f 4375/5589/4780 4300/5524/4682 4299/5523/4681
f 4375/5589/4780 4299/5523/4681 3111/3688/2812
f 3111/3688/2812 4299/5523/4681 2523/2575/2046
f 4375/5588/4780 3111/3654/2812 4374/5587/4778
f 4374/5587/4778 3111/3654/4781 3110/3653/2811
f 4374/5587/4782 3110/3653/2811 178/190/8
f 4374/5587/4783 178/190/8 4376/5586/4777
f 4376/5586/4777 178/190/1113 4372/5590/4784
f 4376/5586/4777 4372/5590/4784 4373/5585/4774
f 1393/1594/1010 4373/5585/4774 1394/1598/1016
f 1394/1598/4785 4373/5585/4774 4379/5591/4786
f 1394/1598/1016 4379/5591/4786 1395/1601/4787
f 1395/1601/4787 4379/5591/4786 4380/5592/4788
f 1395/1601/4787 4380/5592/4788 1396/1604/4789
f 1396/1604/1024 4380/5592/4790 4381/5593/4791
f 1396/1604/4789 4381/5593/4792 1397/1607/4793
f 1397/1607/1033 4381/5593/4792 1398/1611/1034
f 1398/1611/1034 4381/5593/4792 4382/5594/4794
f 1398/1611/1034 4382/5594/4794 1399/1613/1037
f 1399/1613/1037 4382/5594/4794 4383/5595/4795
f 1399/1613/1037 4383/5595/4796 1400/1615/1042
f 1400/1615/4797 4383/5595/4795 1401/1617/1044
f 1401/1617/1044 4383/5595/4798 4384/5596/4799
f 1401/1617/1044 4384/5596/4799 1402/1619/4800
f 1402/1619/4800 4384/5596/4799 1403/1624/1055
f 1403/1624/1055 4384/5596/4799 4385/5597/4801
f 1403/1624/1055 4385/5597/4801 1404/1627/4802
f 1404/1627/1059 4385/5597/4801 1405/1631/4803
f 1405/1631/4803 4385/5597/4801 4386/5598/4804
f 1405/1631/4803 4386/5598/4805 1406/1635/1068
f 1406/1635/1068 4386/5598/4806 4387/5599/4807
f 1406/1635/1068 4387/5599/4808 1407/5600/4809
f 1407/5600/1071 4387/5599/4807 1408/5601/1076
f 1408/5601/1076 4387/5599/4808 4378/5602/4810
f 1408/5601/1076 4378/5602/4810 1342/5603/4811
f 4373/5585/4774 4372/5590/4784 4379/5591/4812
f 4379/5591/4786 4372/5590/4784 177/189/1113
f 4379/5591/4812 177/189/1113 176/187/1113
f 4372/5590/4784 178/190/1113 177/189/1113
f 4379/5591/4812 176/187/1113 4380/5592/4790
f 4380/5592/4788 176/187/8 175/159/1113
f 4380/5592/4790 175/159/8 4381/5593/4791
f 4381/5593/4792 175/159/1113 174/160/1113
f 4381/5593/4792 174/160/8 173/161/8
f 4381/5593/4792 173/161/1113 4382/5594/4794
f 4382/5594/4794 173/161/8 172/162/8
f 4382/5594/4794 172/162/1113 4383/5595/4798
f 4383/5595/4813 172/162/1113 171/163/8
f 4383/5595/4798 171/163/1113 170/164/1113
f 4383/5595/4798 170/164/1113 4384/5596/4799
f 4384/5596/4799 170/164/1113 169/166/8
f 4384/5596/4799 169/166/8 168/167/1113
f 4384/5596/4799 168/167/1113 4385/5597/4801
f 4385/5597/4801 168/167/8 167/168/8
f 4385/5597/4801 167/168/8 166/169/1113
f 4385/5597/4801 166/169/1113 4386/5598/4805
f 4386/5598/4806 166/169/1113 165/170/8
f 4386/5598/4806 165/170/1113 4387/5599/4807
f 4387/5599/4807 165/170/1113 164/171/8
f 4387/5599/4808 164/171/8 163/172/1113
f 162/165/1113 4377/5604/4814 163/172/8
f 163/172/1113 4377/5604/4815 4387/5599/4807
f 4377/5604/4814 4378/5602/4816 4387/5599/4807
f 4378/5602/4817 4390/5605/4818 1342/5603/812
f 1342/5603/812 4390/5605/4818 4391/5606/4818
f 1342/5603/812 4391/5606/4818 4392/5607/4818
f 4392/5607/4818 4391/5606/4818 162/165/4819
f 4392/5607/4818 162/165/8 161/186/1113
f 4378/5602/4817 4377/5604/4820 4390/5605/4818
f 4390/5605/4818 4377/5604/4820 162/165/4819
f 4390/5605/4818 162/165/8 4391/5606/4818
f 4388/5608/4821 4394/5609/4818 161/186/8
f 161/186/1113 4394/5609/4818 4393/5610/4818
f 161/186/8 4393/5610/4818 4392/5607/4818
f 4392/5607/4818 4393/5610/4818 1342/5603/812
f 4388/5608/4820 4389/5611/4822 4394/5609/4823
f 4394/5609/4818 4389/5611/4822 4393/5610/4818
f 1343/5612/812 1342/5603/812 4389/5611/4822
f 4389/5611/4817 1342/5603/812 4393/5610/4818
f 1343/5613/812 4389/5614/4822 4396/5615/4824
f 4396/5615/4824 4389/5614/4822 4398/5616/4825
f 4396/5615/4826 4398/5616/4827 4397/5617/4828
f 4397/5617/4829 4398/5616/4825 3077/3564/2719
f 4397/5617/4830 3077/3564/2719 3076/3594/4831
f 4389/5614/4822 4388/5618/4820 4398/5616/4825
f 4398/5616/4827 4388/5618/4820 3077/3564/2719
f 4388/5618/4820 161/3565/1113 3077/3564/2719
f 2586/2661/2103 4395/5619/4832 3076/3594/4831
f 3076/3594/4831 4395/5619/4832 4397/5617/4829
f 4397/5617/4829 4395/5619/4832 4399/5620/4833
f 4399/5621/4834 4395/5622/4832 4396/4844/4824
f 4399/5620/4833 4396/5615/4826 4397/5617/4829
f 1344/1446/812 1343/1447/812 4403/5623/4835
f 4403/5623/4835 1343/1447/812 4396/5624/4836
f 4403/5623/4835 4396/5624/4837 4444/5625/4838
f 4444/5626/4838 4396/5615/4824 4419/5627/4839
f 4444/5626/4838 4419/5627/4839 4420/5628/4840
f 4420/5628/4840 4419/5627/4839 4492/5629/4841
f 4420/5628/4840 4492/5629/4841 4491/5630/4842
f 4491/5630/4842 4492/5629/4841 4468/5631/4843
f 4491/5630/4842 4468/5631/4843 4467/5632/4844
f 4467/5632/4844 4468/5631/4845 4448/5633/4846
f 4467/5632/4844 4448/5633/4846 4449/5634/4847
f 4449/5634/4847 4448/5633/4846 4478/5635/4848
f 4449/5636/4847 4478/5637/4848 4477/5638/4849
f 4477/5638/4849 4478/5637/4848 2602/2671/2109
f 4477/5638/4849 2602/2671/2109 2601/2673/2111
f 4396/5615/4837 4395/5619/4832 4419/5627/4839
f 4419/5627/4839 4395/5619/4832 4405/5639/4850
f 4419/5627/4839 4405/5639/4850 4492/5629/4841
f 4492/5629/4841 4405/5639/4850 4469/5640/4851
f 4492/5629/4841 4469/5640/4851 4468/5631/4845
f 4468/5631/4843 4469/5640/4851 4447/5641/4852
f 4468/5631/4845 4447/5641/4852 4448/5633/4846
f 4448/5633/4846 4447/5641/4852 4479/5642/4853
f 4448/5633/4846 4479/5642/4853 4478/5635/4848
f 4478/5637/4848 4479/5643/4853 2603/2670/2108
f 4478/5637/4848 2603/2670/2108 2602/2671/2110
f 2586/2661/2103 4407/5644/4854 4395/5619/4832
f 4395/5619/4832 4407/5644/4855 4445/5645/4856
f 4395/5619/4832 4445/5645/4856 4470/5646/4857
f 4470/5646/4857 4445/5645/4856 4446/5647/4858
f 4470/5646/4857 4446/5647/4858 4469/5640/4851
f 4469/5640/4851 4446/5647/4858 4447/5641/4852
f 2586/2661/2103 2606/2663/2105 4407/5644/4855
f 4407/5644/4855 2606/2663/2105 4481/5648/4859
f 4407/5644/4855 4481/5648/4859 4445/5645/4856
f 4445/5645/4856 4481/5648/4859 4446/5647/4858
f 2606/2663/2105 2605/2665/2106 4481/5648/4859
f 4481/5648/4859 2605/2665/4860 4480/5649/4861
f 4481/5648/4859 4480/5649/4861 4446/5647/4858
f 4446/5647/4858 4480/5649/4861 4447/5641/4852
f 2605/2665/2106 2604/2666/2107 4480/5649/4861
f 4480/5649/4861 2604/2666/2107 4479/5642/4853
f 4480/5649/4862 4479/5642/4853 4447/5641/4852
f 2604/2666/2107 2603/5650/2108 4479/5642/4853
f 4477/5638/4849 2601/2673/2111 4476/5651/4863
f 4476/5651/4863 2601/2673/4864 2600/2674/2113
f 4476/5651/4863 2600/2674/2113 4475/5652/4865
f 4475/5652/4865 2600/2674/2112 2599/2676/4866
f 4475/5652/4865 2599/2676/2114 4474/5653/4867
f 4474/5653/4867 2599/2676/4866 2598/2677/2115
f 4474/5653/4867 2598/2677/2115 2597/2679/2118
f 4474/5653/4867 2597/2679/2118 4473/5654/4868
f 4473/5654/4868 2597/2679/2118 2596/2680/2119
f 4473/5654/4868 2596/2680/2119 4472/5655/4869
f 4472/5656/4869 2596/5657/2119 2595/5658/4870
f 4472/5659/4869 2595/2684/4870 4471/5660/4871
f 4471/5660/4871 2595/2684/2120 2594/2685/2122
f 4471/5660/4871 2594/2685/2122 4406/5661/4872
f 4406/5662/4872 2594/5663/2122 2593/3605/2123
f 4406/5662/4872 2593/3605/2123 4400/5664/4873
f 4401/5665/4874 4458/5666/4875 4400/5664/4873
f 4400/5664/4876 4458/5666/4877 4457/5667/4878
f 4400/5664/4876 4457/5667/4878 4406/5662/4872
f 4406/5662/4872 4457/5667/4879 4456/5668/4880
f 4406/5661/4872 4456/5669/4880 4471/5660/4871
f 4471/5670/4871 4456/5668/4880 4455/5671/4881
f 4471/5670/4871 4455/5671/4881 4472/5672/4869
f 4472/5672/4882 4455/5671/4881 4454/5673/4883
f 4472/5672/4869 4454/5673/4883 4473/5674/4868
f 4473/5674/4868 4454/5673/4883 4453/5675/4884
f 4473/5654/4868 4453/5676/4884 4474/5653/4867
f 4474/5653/4867 4453/5676/4884 4452/5677/4885
f 4474/5653/4867 4452/5677/4886 4475/5652/4865
f 4475/5652/4865 4452/5677/4886 4451/5678/4887
f 4475/5652/4865 4451/5678/4888 4476/5651/4863
f 4476/5651/4863 4451/5678/4888 4450/5679/4889
f 4476/5651/4863 4450/5679/4890 4477/5638/4849
f 4477/5638/4849 4450/5679/4890 4449/5636/4847
f 1359/1449/812 4402/5680/4891 4401/5681/4874
f 4401/5665/4874 4402/5682/4891 4432/5683/4892
f 4401/5665/4874 4432/5683/4892 4431/5684/4893
f 4431/5684/4893 4432/5683/4892 4433/5685/4894
f 4431/5684/4893 4433/5685/4894 4430/5686/4895
f 4430/5686/4895 4433/5685/4894 4434/5687/4896
f 4430/5686/4895 4434/5687/4896 4429/5688/4897
f 4429/5688/4897 4434/5687/4896 4435/5689/4898
f 4429/5688/4897 4435/5689/4899 4428/5690/4900
f 4428/5690/4900 4435/5689/4899 4436/5691/4901
f 4428/5690/4900 4436/5691/4901 4427/5692/4902
f 4427/5692/4902 4436/5691/4903 4437/5693/4904
f 4427/5692/4902 4437/5693/4905 4426/5694/4906
f 4426/5694/4906 4437/5693/4904 4438/5695/4907
f 4426/5694/4906 4438/5695/4907 4425/5696/4908
f 4425/5696/4908 4438/5695/4907 4439/5697/4909
f 4425/5696/4908 4439/5697/4910 4424/5698/4911
f 4424/5699/4911 4439/5700/4910 4440/5701/4912
f 4424/5699/4911 4440/5701/4912 4423/5702/4913
f 4423/5702/4914 4440/5701/4912 4441/5703/4915
f 4423/5702/4914 4441/5703/4916 4422/5704/4917
f 4422/5704/4917 4441/5703/4916 4442/5705/4918
f 4422/5704/4917 4442/5705/4918 4421/5706/4919
f 4421/5706/4919 4442/5705/4918 4443/5707/4920
f 4421/5706/4919 4443/5707/4920 4420/5628/4840
f 4420/5628/4840 4443/5707/4920 4444/5626/4838
f 1359/1449/812 1358/1448/812 4402/5680/4891
f 4402/5680/4891 1358/1448/812 1357/1433/812
f 4402/5680/4891 1357/1433/812 4418/5708/4921
f 4418/5708/4921 1357/1433/812 1356/1432/812
f 4418/5708/4921 1356/1432/812 4417/5709/4922
f 4417/5709/4923 1356/1432/812 1355/1429/812
f 4417/5709/4922 1355/1429/812 4416/5710/4924
f 4416/5711/4924 1355/5191/812 1354/4939/812
f 4416/5710/4924 1354/1426/812 4415/5712/4925
f 4415/5712/4925 1354/1426/812 1353/1425/812
f 4415/5713/4925 1353/4942/812 1352/4492/812
f 4415/5714/4925 1352/5715/812 4414/5716/4926
f 4414/5717/4926 1352/5718/812 1351/4941/812
f 4414/5719/4926 1351/5720/812 4413/4709/4927
f 4413/5721/4928 1351/5722/812 1350/5723/812
f 4413/5724/4928 1350/1439/812 4412/5725/4929
f 4412/5725/4930 1350/1439/812 1349/1440/812
f 4412/5725/4930 1349/1440/812 4411/5726/4931
f 4411/5726/4931 1349/1440/812 1348/1441/812
f 4411/5726/4931 1348/1441/812 4410/5727/4932
f 4410/5727/4932 1348/1441/812 1347/1442/812
f 4410/5727/4932 1347/1442/812 4409/5728/4933
f 4409/5728/4933 1347/1442/812 1346/1443/812
f 4409/5728/4933 1346/1443/812 4408/5729/4934
f 4408/5729/4934 1346/1443/812 1345/1445/812
f 4408/5729/4934 1345/1445/812 4403/5623/4935
f 4403/5623/4935 1345/1445/812 1344/1446/812
f 4401/5665/4874 4431/5684/4893 4404/5730/4936
f 4404/5730/4936 4431/5684/4937 4430/5686/4895
f 4404/5730/4936 4430/5686/4895 4482/5731/4938
f 4482/5731/4938 4430/5686/4895 4429/5688/4897
f 4482/5731/4938 4429/5688/4897 4483/5732/4939
f 4483/5732/4940 4429/5688/4897 4428/5690/4900
f 4483/5732/4939 4428/5690/4900 4484/5733/4941
f 4484/5733/4941 4428/5690/4900 4427/5692/4942
f 4484/5733/4941 4427/5692/4902 4485/5734/4943
f 4485/5734/4943 4427/5692/4902 4426/5694/4906
f 4485/5734/4944 4426/5694/4906 4486/5735/4945
f 4486/5735/4945 4426/5694/4906 4425/5696/4908
f 4486/5735/4945 4425/5696/4908 4487/5736/4946
f 4487/5737/4946 4425/5738/4908 4424/5699/4911
f 4487/5737/4946 4424/5699/4911 4488/5739/4947
f 4488/5739/4948 4424/5699/4911 4423/5702/4914
f 4488/5739/4947 4423/5702/4913 4489/5740/4949
f 4489/5740/4950 4423/5702/4914 4422/5704/4917
f 4489/5740/4949 4422/5704/4917 4490/5741/4951
f 4490/5741/4951 4422/5704/4952 4421/5706/4919
f 4490/5741/4951 4421/5706/4919 4491/5630/4953
f 4491/5630/4842 4421/5706/4919 4420/5628/4840
f 4469/5640/4851 4405/5639/4850 4470/5646/4857
f 4470/5646/4857 4405/5639/4850 4395/5619/4832
f 4444/5625/4838 4443/5742/4920 4403/5623/4835
f 4403/5743/4935 4443/5707/4920 4408/5744/4954
f 4443/5707/4920 4442/5705/4918 4408/5744/4934
f 4408/5744/4954 4442/5705/4918 4409/5745/4933
f 4442/5705/4918 4441/5703/4915 4409/5745/4933
f 4409/5745/4933 4441/5703/4915 4410/5746/4932
f 4441/5703/4915 4440/5701/4912 4410/5746/4932
f 4410/5746/4932 4440/5701/4912 4411/5747/4931
f 4440/5701/4912 4439/5700/4909 4411/5747/4931
f 4411/5747/4931 4439/5700/4909 4412/5748/4929
f 4439/5697/4910 4438/5695/4907 4412/5749/4929
f 4412/5749/4929 4438/5695/4907 4413/5750/4927
f 4438/5695/4907 4437/5693/4955 4413/5750/4928
f 4413/5750/4928 4437/5693/4956 4414/5751/4926
f 4437/5693/4955 4436/5691/4901 4414/5751/4926
f 4414/5751/4926 4436/5691/4901 4415/5752/4925
f 4436/5691/4903 4435/5689/4898 4415/5752/4925
f 4415/5752/4925 4435/5689/4899 4416/5753/4924
f 4435/5689/4957 4434/5687/4896 4416/5753/4924
f 4416/5753/4924 4434/5687/4896 4417/5754/4922
f 4432/5683/4892 4402/5682/4891 4418/5755/4921
f 4434/5687/4896 4433/5685/4894 4417/5754/4922
f 4417/5754/4922 4433/5685/4894 4418/5755/4921
f 4433/5685/4894 4432/5683/4892 4418/5755/4921
f 4401/5665/4958 4404/5730/4936 4458/5666/4959
f 4458/5666/4875 4404/5730/4936 4482/5731/4938
f 4458/5666/4875 4482/5731/4938 4459/5756/4960
f 4459/5756/4961 4482/5731/4938 4483/5732/4939
f 4459/5756/4960 4483/5732/4939 4460/5757/4962
f 4460/5757/4962 4483/5732/4939 4484/5733/4941
f 4460/5757/4962 4484/5733/4941 4461/5758/4963
f 4461/5758/4963 4484/5733/4941 4485/5734/4944
f 4461/5758/4963 4485/5734/4943 4462/5759/4964
f 4462/5759/4965 4485/5734/4966 4486/5735/4945
f 4462/5759/4965 4486/5735/4945 4463/5760/4967
f 4463/5760/4967 4486/5735/4945 4487/5736/4946
f 4463/5760/4967 4487/5736/4946 4464/5761/4968
f 4464/5762/4968 4487/5737/4946 4488/5739/4948
f 4464/5762/4969 4488/5739/4947 4465/5763/4970
f 4465/5763/4970 4488/5739/4947 4489/5740/4949
f 4465/5763/4970 4489/5740/4949 4466/5764/4971
f 4466/5764/4972 4489/5740/4949 4490/5741/4973
f 4466/5764/4971 4490/5741/4951 4467/5632/4844
f 4467/5632/4844 4490/5741/4951 4491/5630/4974
f 4466/5764/4971 4467/5632/4844 4449/5634/4847
f 4465/5763/4970 4466/5764/4972 4450/5765/4890
f 4450/5765/4890 4466/5764/4972 4449/5634/4847
f 4464/5766/4968 4465/5767/4970 4451/5678/4888
f 4451/5678/4975 4465/5767/4970 4450/5679/4889
f 4463/5768/4967 4464/5766/4968 4452/5677/4886
f 4452/5677/4885 4464/5766/4968 4451/5678/4887
f 4462/5759/4965 4463/5760/4967 4453/5675/4884
f 4453/5676/4884 4463/5768/4976 4452/5677/4885
f 4461/5758/4963 4462/5759/4965 4454/5673/4977
f 4454/5673/4883 4462/5759/4965 4453/5675/4884
f 4460/5757/4962 4461/5758/4963 4455/5671/4881
f 4455/5671/4881 4461/5758/4963 4454/5673/4883
f 4459/5756/4960 4460/5757/4962 4456/5668/4880
f 4456/5668/4880 4460/5757/4962 4455/5671/4881
f 4458/5666/4875 4459/5756/4960 4457/5667/4879
f 4457/5667/4978 4459/5756/4960 4456/5668/4880
f 4494/5769/4817 1359/5770/812 4495/5771/4979
f 4495/5771/4980 1359/5770/812 4401/5665/4874
f 4495/5771/4980 4401/5665/4874 4496/5772/4981
f 4496/5772/4981 4401/5665/4874 4497/5773/4982
f 4496/5772/4981 4497/5773/4983 3075/3579/2736
f 3075/3579/4984 4497/5773/4983 4400/5664/4876
f 3075/3579/2734 4400/5664/4873 2593/3605/2123
f 4401/5774/4874 4400/5775/4876 4497/5776/4983
f 3075/3579/4985 3074/3578/2733 4496/5772/4981
f 4496/5772/4981 3074/3578/2732 154/181/8
f 4496/5772/4981 154/181/1113 4493/5777/4820
f 4496/5772/4981 4493/5777/4820 4495/5771/4979
f 4495/5771/4979 4493/5777/4820 4494/5769/4822
f 4494/5769/4822 4500/5778/4986 1359/5770/812
f 1359/5770/812 4500/5778/4986 4501/5779/4986
f 1359/5770/812 4501/5779/4986 4502/5780/4986
f 4502/5780/4986 4501/5779/4986 154/181/1113
f 4502/5780/4986 154/181/1113 153/183/1183
f 4494/5769/4822 4493/5777/4820 4500/5778/4987
f 4500/5778/4986 4493/5777/4820 154/181/1113
f 4500/5778/4986 154/181/8 4501/5779/4986
f 4498/5781/4820 4504/5782/4986 153/183/4988
f 153/183/4988 4504/5782/4986 4503/5783/4986
f 153/183/1183 4503/5783/4986 4502/5780/4986
f 4502/5780/4986 4503/5783/4986 1359/5770/812
f 4498/5781/4820 4499/5784/4822 4504/5782/4986
f 4504/5782/4986 4499/5784/4822 4503/5783/4986
f 1360/5785/812 1359/5770/812 4499/5784/4817
f 4499/5784/4822 1359/5770/812 4503/5783/4986
f 4499/5784/4822 4507/5786/4989 1360/5785/812
f 1360/5785/812 4507/5786/4990 4506/5787/4991
f 1360/5785/812 4506/5787/4991 1361/5788/812
f 4499/5784/4822 4498/5781/4820 4507/5786/4989
f 4507/5786/4989 4498/5781/4821 1601/1780/4992
f 4507/5786/4990 1601/1780/1182 4505/5789/4993
f 4498/5781/4821 153/183/1113 1601/1780/1314
f 4505/5789/4993 4506/5787/4991 4507/5786/4990
f 4506/5787/4991 4510/5790/4994 1361/5788/812
f 1361/5788/812 4510/5790/4994 4511/5791/4995
f 1361/1430/812 4511/5792/4996 1362/1428/812
f 1362/1428/812 4511/5792/4997 4512/5793/4998
f 1362/1428/812 4512/5793/4998 4509/5794/4999
f 4509/5795/4999 4512/5796/4998 4508/5797/5000
f 4508/5797/5000 4512/5796/4998 1677/1885/5001
f 4508/5797/5000 1677/1885/5002 1676/1884/1319
f 4506/5787/4991 4505/5789/4993 4510/5790/4994
f 4510/5790/4994 4505/5789/4993 1679/1882/5003
f 4510/5790/4994 1679/1882/5003 1678/1886/5004
f 4505/5789/5005 1601/1780/1182 1679/1882/5003
f 4510/5790/4994 1678/1886/5006 4511/5791/4995
f 4511/5791/4995 1678/1886/5006 1677/1885/5007
f 4511/5791/4996 1677/1885/5001 4512/5796/4998
f 1688/1900/1377 92/95/5008 4513/5798/5009
f 4513/5799/5009 92/5800/5010 91/1450/812
f 4513/5799/5009 91/1450/812 1363/1427/812
f 1363/1427/812 1362/1428/812 4513/5799/5009
f 4513/5799/5009 1362/1428/812 4514/5801/5011
f 4513/5798/5009 4514/5802/5011 1688/1900/1377
f 1688/1900/5012 4514/5802/5011 4515/5803/5013
f 1688/1900/5012 4515/5803/5014 4516/5804/5015
f 4516/5805/5015 4515/5806/5013 1362/1428/812
f 4516/5805/5015 1362/1428/812 4517/5807/5016
f 4517/5807/5016 1362/1428/812 4518/5808/5017
f 4517/5809/5016 4518/5810/5017 1710/1935/1374
f 1710/1935/5018 4518/5810/5017 4519/5811/5019
f 1710/1935/1374 4519/5811/5019 4520/5812/5020
f 4520/5813/5020 4519/5814/5019 1362/1428/812
f 4520/5813/5021 1362/1428/812 4509/5794/4999
f 4509/5795/4999 4508/5797/5000 4520/5812/5020
f 4520/5812/5021 4508/5797/5000 1710/1935/1374
f 4508/5797/5000 1676/1884/1319 1710/1935/5022
f 1710/1935/1374 1688/1900/1377 4517/5809/5016
f 4517/5809/5016 1688/1900/1377 4516/5804/5015
f 1362/1428/812 4515/5806/5013 4514/5801/5011
f 1362/1428/812 4519/5814/5019 4518/5808/5017
f 257/231/88 4524/5815/5023 237/255/88
f 237/255/88 4524/5815/5024 4527/5816/5025
f 237/255/88 4527/5816/5026 238/225/88
f 238/225/9 4527/5816/5026 4563/5817/5027
f 238/225/9 4563/5817/5027 239/226/88
f 239/226/9 4563/5817/5027 4561/5818/5028
f 239/226/9 4561/5818/5029 240/227/88
f 240/227/9 4561/5818/5030 4559/5819/5031
f 240/227/9 4559/5819/5031 241/221/9
f 241/221/88 4559/5819/5031 4557/5820/5032
f 241/221/88 4557/5820/5033 242/222/88
f 242/222/88 4557/5820/5032 4555/5821/2598
f 242/222/9 4555/5821/2590 243/223/9
f 243/223/9 4555/5821/2590 4553/5822/5034
f 243/223/9 4553/5822/5035 244/251/9
f 244/251/9 4553/5822/5035 4551/5823/5036
f 244/251/9 4551/5823/5036 245/252/88
f 245/252/88 4551/5823/5036 4549/5824/5037
f 245/252/88 4549/5824/5037 246/247/88
f 246/247/9 4549/5824/5038 4545/5825/5039
f 246/247/9 4545/5825/5039 247/248/9
f 247/248/9 4545/5825/5039 4548/5826/5040
f 247/248/9 4548/5826/5041 4523/5827/5042
f 4523/5827/5043 4548/5826/5040 4547/5828/5044
f 4523/5827/5043 4547/5828/5044 4544/5829/5045
f 4544/5830/5045 4547/5831/5044 2104/5832/2000
f 4544/5833/5046 2104/5834/2000 2103/5835/2001
f 4524/5815/5023 257/231/9 4528/5836/5047
f 4528/5836/5047 257/231/9 256/230/88
f 4528/5836/5047 256/230/9 4530/5837/5048
f 4530/5837/5048 256/230/9 255/229/88
f 4530/5837/5048 255/229/9 4532/5838/5049
f 4532/5838/5049 255/229/9 254/257/9
f 4532/5838/5049 254/257/88 4534/5839/5050
f 4534/5839/5051 254/257/88 253/239/88
f 4534/5839/5051 253/239/88 4521/5840/2674
f 4521/5840/2673 253/239/9 252/238/9
f 4521/5840/2673 252/238/9 4536/5841/5052
f 4536/5841/5053 252/238/9 251/240/9
f 4536/5841/5053 251/240/9 4538/5842/5054
f 4538/5842/5054 251/240/88 250/243/88
f 4538/5842/5054 250/243/88 4540/5843/5055
f 4540/5843/5055 250/243/88 249/256/9
f 4540/5843/5056 249/256/9 4542/5844/5057
f 4542/5844/5057 249/256/88 248/249/9
f 4542/5844/5057 248/249/5058 4523/5827/5059
f 4523/5827/5060 248/249/9 247/248/9
f 2113/5845/1985 4526/5846/5061 2094/5847/1983
f 2094/5847/1982 4526/5846/5062 4525/5848/5063
f 2094/5847/1983 4525/5848/5064 2095/5849/1981
f 2095/5849/1981 4525/5848/5065 4529/5850/5066
f 2095/5849/1981 4529/5850/5067 2096/5851/2013
f 2096/5851/2012 4529/5850/5067 4531/5852/5068
f 2096/5851/2013 4531/5852/5068 2097/5853/2011
f 2097/5853/2011 4531/5852/5068 4533/5854/5069
f 2097/5853/2011 4533/5854/5070 2098/5855/2009
f 2098/5855/2009 4533/5854/5069 4535/5856/5071
f 2098/5857/2008 4535/5858/5071 2099/5859/4
f 2099/5859/4 4535/5858/5071 4522/5860/2652
f 2099/5859/4 4522/5860/2652 4537/5861/5072
f 4537/5862/5072 4522/5863/2652 4521/5840/2673
f 4537/5862/5072 4521/5840/2674 4536/5841/5052
f 4526/5864/5061 2113/5865/1985 4564/5866/5073
f 4564/5866/5074 2113/5865/1985 2112/5867/1987
f 4564/5866/5073 2112/5867/1987 4562/5868/5075
f 4562/5868/5075 2112/5867/1986 2111/5869/1988
f 4562/5868/5075 2111/5869/1988 4560/5870/5076
f 4560/5870/5077 2111/5869/1988 2110/5871/1989
f 4560/5870/5076 2110/5871/5078 4558/5872/5079
f 4558/5872/5079 2110/5871/1990 2109/5873/92
f 4558/5872/5079 2109/5873/92 4556/5874/2581
f 4556/5874/2581 2109/5873/92 4554/5875/5080
f 4556/5876/2581 4554/5877/5080 4553/5822/5034
f 4553/5822/5035 4554/5877/5081 4551/5823/5082
f 2109/5873/92 2108/5878/1991 4554/5875/5080
f 4554/5879/5081 2108/5880/1991 4552/5881/5083
f 4554/5877/5080 4552/5882/5083 4551/5823/5082
f 4551/5883/5036 4552/5881/5084 4549/5884/5037
f 2108/5880/1993 2107/5885/1994 4552/5881/5085
f 4552/5881/5083 2107/5885/1994 4550/5886/5086
f 4552/5881/5087 4550/5886/5086 4549/5884/5037
f 4549/5884/5037 4550/5886/5088 4545/5887/5039
f 2107/5885/1994 2106/5888/1996 4550/5886/5086
f 4550/5886/5088 2106/5888/1998 4546/5889/5089
f 4550/5886/5086 4546/5889/5089 4545/5887/5039
f 4545/5825/5039 4546/5890/5090 4548/5826/5041
f 2106/5888/1998 2105/5891/1997 4546/5889/5091
f 4546/5889/5092 2105/5891/1997 4547/5831/5093
f 4546/5890/5090 4547/5828/5093 4548/5826/5094
f 2105/5891/1997 2104/5832/2000 4547/5831/5093
f 4544/5833/5046 2103/5835/2001 4543/5892/5095
f 4543/5892/5096 2103/5835/2001 2102/5893/2005
f 4543/5892/5095 2102/5893/2002 4541/5894/5097
f 4541/5894/5098 2102/5893/2002 2101/5895/2004
f 4541/5894/5098 2101/5895/2004 4539/5896/5099
f 4539/5896/5100 2101/5895/2004 2100/5897/2006
f 4539/5896/5099 2100/5897/5101 4537/5861/5102
f 4537/5861/5102 2100/5897/2007 2099/5859/4
f 4521/5840/2673 4522/5863/2652 4534/5839/5051
f 4534/5839/5050 4522/5863/2652 4535/5898/5071
f 4534/5839/5051 4535/5898/5071 4532/5838/5049
f 4532/5838/5049 4535/5898/5071 4533/5899/5069
f 4532/5838/5049 4533/5899/5069 4530/5837/5048
f 4530/5837/5048 4533/5899/5069 4531/5900/5068
f 4530/5837/5048 4531/5900/5068 4528/5836/5047
f 4528/5836/5047 4531/5900/5068 4529/5901/5066
f 4528/5836/5047 4529/5901/5067 4524/5815/5024
f 4524/5815/5024 4529/5901/5067 4525/5902/5064
f 4524/5815/5024 4525/5902/5063 4527/5816/5026
f 4527/5816/5026 4525/5902/5063 4526/5903/5062
f 4527/5816/5026 4526/5903/5061 4563/5817/5027
f 4563/5817/5027 4526/5903/5061 4564/5904/5074
f 4563/5817/5027 4564/5904/5073 4561/5818/5103
f 4561/5818/5030 4564/5904/5073 4562/5905/5075
f 4561/5818/5029 4562/5905/5075 4559/5819/5031
f 4559/5819/5031 4562/5905/5075 4560/5906/5076
f 4559/5819/5031 4560/5906/5076 4557/5820/5032
f 4557/5820/5032 4560/5906/5076 4558/5907/5079
f 4557/5820/5033 4558/5907/5104 4555/5821/2590
f 4555/5821/2590 4558/5907/5079 4556/5876/2581
f 4555/5821/2590 4556/5876/3696 4553/5822/5035
f 4539/5896/5099 4537/5861/5072 4536/5908/5052
f 4541/5894/5097 4539/5896/5099 4538/5909/5054
f 4538/5909/5054 4539/5896/5105 4536/5908/5052
f 4543/5910/5106 4541/5911/5098 4540/5843/5055
f 4540/5912/5055 4541/5894/5098 4538/5909/5107
f 4544/5829/5046 4543/5910/5106 4542/5844/5057
f 4542/5844/5057 4543/5910/5106 4540/5843/5055
f 4523/5827/5043 4544/5829/5046 4542/5844/5057
f 299/299/11 4567/5913/5108 266/276/11
f 266/276/11 4567/5913/5108 4570/5914/3502
f 266/276/11 4570/5914/3502 267/277/11
f 267/277/11 4570/5914/3502 4631/5915/5109
f 267/277/11 4631/5915/5109 268/278/11
f 268/278/11 4631/5915/5109 4629/5916/5110
f 268/278/11 4629/5916/5111 269/290/11
f 269/290/11 4629/5916/5110 4627/5917/5112
f 269/290/11 4627/5917/5112 270/272/11
f 270/272/11 4627/5917/5112 4625/5918/5113
f 270/272/11 4625/5918/5113 271/273/11
f 271/273/11 4625/5918/5113 4623/5919/5114
f 271/273/11 4623/5919/5114 272/274/11
f 272/274/11 4623/5919/5114 4621/5920/5115
f 272/274/11 4621/5920/5116 273/291/11
f 273/291/11 4621/5920/5115 4619/5921/5117
f 273/291/11 4619/5921/5117 274/292/11
f 274/292/11 4619/5921/5117 4617/5922/5118
f 274/292/11 4617/5922/5119 275/268/11
f 275/268/11 4617/5922/5119 4615/5923/5120
f 275/268/11 4615/5923/5121 276/269/11
f 276/269/11 4615/5923/5120 4613/5924/5122
f 276/269/11 4613/5924/5122 277/270/11
f 277/270/11 4613/5924/5122 4611/5925/5123
f 277/270/11 4611/5925/5123 278/293/11
f 278/293/11 4611/5925/5124 4609/5926/5125
f 278/293/11 4609/5926/5125 279/264/11
f 279/264/11 4609/5926/5125 4607/5927/5126
f 279/264/11 4607/5927/5127 280/265/11
f 280/265/11 4607/5927/5127 4605/5928/5128
f 280/265/11 4605/5928/5128 281/266/11
f 281/266/11 4605/5928/5128 4603/5929/5129
f 281/266/11 4603/5929/5129 282/294/11
f 282/294/11 4603/5929/5129 4601/5930/5130
f 282/294/11 4601/5930/5130 283/259/11
f 283/259/11 4601/5930/5130 4565/5931/3353
f 283/259/11 4565/5931/3353 284/261/11
f 284/261/11 4565/5931/3353 4599/5932/5131
f 284/261/11 4599/5932/5131 285/262/11
f 285/262/11 4599/5932/5131 4597/5933/5132
f 285/262/11 4597/5933/5133 286/295/11
f 286/295/11 4597/5933/5132 4595/5934/5134
f 286/295/11 4595/5934/5134 287/287/11
f 287/287/11 4595/5934/5134 4593/5935/5135
f 287/287/11 4593/5935/5135 288/288/11
f 288/288/11 4593/5935/5135 4591/5936/5136
f 288/288/11 4591/5936/5136 289/289/11
f 289/289/11 4591/5936/5136 4589/5937/5137
f 289/289/11 4589/5937/5138 290/296/11
f 290/296/11 4589/5937/5137 4587/5938/5139
f 290/296/11 4587/5938/5139 291/297/11
f 291/297/11 4587/5938/5139 4585/5939/5140
f 291/297/11 4585/5939/5141 292/284/11
f 292/284/11 4585/5939/5141 4583/5940/5142
f 292/284/11 4583/5940/5143 293/285/11
f 293/285/11 4583/5940/5142 4581/5941/5144
f 293/285/11 4581/5941/5144 294/286/11
f 294/286/11 4581/5941/5144 4579/5942/5145
f 294/286/11 4579/5942/5145 295/298/11
f 295/298/11 4579/5942/5146 4577/5943/5147
f 295/298/11 4577/5943/5147 296/280/11
f 296/280/11 4577/5943/5147 4575/5944/5148
f 296/280/11 4575/5944/5149 297/281/11
f 297/281/11 4575/5944/5149 4573/5945/5150
f 297/281/11 4573/5945/5150 298/282/11
f 298/282/11 4573/5945/5150 4571/5946/5151
f 298/282/11 4571/5946/5151 299/299/11
f 299/299/11 4571/5946/5151 4567/5913/5108
f 776/772/241 4632/5947/5152 744/770/92
f 744/770/92 4632/5947/5152 4569/5948/3500
f 744/770/92 4569/5948/3500 4568/5949/5153
f 4568/5949/5153 4569/5948/3500 4570/5950/3502
f 4568/5949/5153 4570/5950/3502 4567/5951/5108
f 4632/5947/5152 776/772/242 4630/5952/5154
f 4630/5952/5155 776/772/241 775/774/243
f 4630/5952/5154 775/774/243 4628/5953/5156
f 4628/5953/5156 775/774/243 774/776/244
f 4628/5953/5156 774/776/244 4626/5954/5157
f 4626/5954/5157 774/776/244 773/778/245
f 4626/5955/5158 773/780/245 4624/5956/5159
f 4624/5956/5159 773/780/5160 772/782/5161
f 4624/5956/5159 772/782/246 4622/5957/5162
f 4622/5957/5162 772/782/246 771/784/247
f 4622/5957/5162 771/784/247 4620/5958/5163
f 4620/5958/5163 771/784/247 770/786/248
f 4620/5958/5163 770/786/248 4618/5959/5164
f 4618/5959/5164 770/786/5165 769/788/5166
f 4618/5959/5164 769/788/249 4616/5960/5167
f 4616/5960/5167 769/788/249 768/790/250
f 4616/5960/5167 768/790/250 4614/5961/5168
f 4614/5961/5168 768/790/250 767/792/251
f 4614/5961/5168 767/792/251 4612/5962/5169
f 4612/5962/5169 767/792/251 766/794/252
f 4612/5962/5169 766/794/252 4610/5963/5170
f 4610/5963/5170 766/794/252 765/796/254
f 4610/5963/5170 765/796/253 4608/5964/5171
f 4608/5965/5171 765/5966/5172 764/5967/5173
f 4608/5968/5171 764/5969/256 4606/2050/5174
f 4606/5970/5174 764/5971/5173 763/5972/5175
f 4606/5973/5174 763/5974/257 4604/5975/5176
f 4604/5976/5177 763/5977/257 762/5978/258
f 4604/5971/5178 762/5979/258 4602/5980/5179
f 4602/5981/5179 762/5982/258 761/5983/5180
f 4602/5984/5179 761/5985/259 4566/5986/3352
f 4566/5987/3352 761/5988/259 760/5989/260
f 4566/5990/3352 760/5991/260 4600/5992/5181
f 4600/5993/5181 760/5994/5182 759/5995/261
f 4600/5996/5181 759/5997/261 4598/4445/5183
f 4598/5998/5184 759/5999/261 758/6000/262
f 4598/6001/5185 758/6002/262 4596/5968/5186
f 4596/6003/5186 758/6004/5187 757/5992/5188
f 4596/6005/5186 757/6006/263 4594/6007/5189
f 4594/6008/5189 757/6009/5188 756/6010/5190
f 4594/6011/5189 756/818/266 4592/6012/5191
f 4592/6012/5191 756/818/265 755/820/267
f 4592/6012/5191 755/820/267 4590/6013/5192
f 4590/6013/5192 755/820/267 754/822/270
f 4590/6013/5192 754/822/270 4588/6014/5193
f 4588/6014/5193 754/822/270 753/824/271
f 4588/6014/5193 753/824/271 4586/6015/5194
f 4586/6015/5194 753/824/271 752/826/272
f 4586/6015/5194 752/826/272 4584/6016/5195
f 4584/6016/5195 752/826/5196 751/828/5197
f 4584/6016/5195 751/828/273 4582/6017/5198
f 4582/6017/5198 751/828/273 750/830/275
f 4582/6017/5198 750/830/275 4580/6018/5199
f 4580/6018/5199 750/830/275 749/832/276
f 4580/6018/5199 749/832/276 4578/6019/5200
f 4578/6020/5200 749/6021/5201 748/6022/5202
f 4578/2072/5200 748/6023/277 4576/3349/5203
f 4576/6024/5204 748/836/277 747/838/278
f 4576/6024/5204 747/838/278 4574/6025/5205
f 4574/6025/5205 747/838/278 746/840/279
f 4574/6025/5205 746/840/279 4572/6026/5206
f 4572/6026/5207 746/840/279 745/768/240
f 4572/6026/5206 745/768/280 4568/5949/5153
f 4568/5949/5153 745/768/240 744/770/92
f 4565/5931/3353 4566/6027/3352 4599/5932/5208
f 4599/5932/5131 4566/6027/3352 4600/6028/5181
f 4599/5932/5131 4600/6028/5181 4597/5933/5133
f 4597/5933/5132 4600/6028/5181 4598/6029/5209
f 4597/5933/5132 4598/6029/5184 4595/5934/5134
f 4595/5934/5134 4598/6029/5184 4596/6030/5186
f 4595/5934/5134 4596/6030/5186 4593/5935/5210
f 4593/5935/5210 4596/6030/5186 4594/6031/5189
f 4593/5935/5210 4594/6031/5189 4591/5936/5136
f 4591/5936/5136 4594/6031/5211 4592/6032/5191
f 4591/5936/5136 4592/6032/5191 4589/5937/5137
f 4589/5937/5137 4592/6032/5191 4590/6033/5192
f 4589/5937/5137 4590/6033/5192 4587/5938/5139
f 4587/5938/5139 4590/6033/5192 4588/6034/5193
f 4587/5938/5139 4588/6034/5193 4585/5939/5140
f 4585/5939/5140 4588/6034/5212 4586/6035/5194
f 4585/6036/5140 4586/6015/5194 4583/6037/5142
f 4583/6037/5142 4586/6015/5194 4584/6016/5195
f 4583/6037/5142 4584/6016/5195 4581/6038/5144
f 4581/6038/5144 4584/6016/5195 4582/6017/5198
f 4581/6038/5213 4582/6017/5198 4579/6039/5145
f 4579/6039/5145 4582/6017/5198 4580/6018/5199
f 4579/6040/5145 4580/6041/5199 4577/6042/5147
f 4577/6042/5147 4580/6041/5199 4578/6043/5200
f 4577/6042/5147 4578/6043/5200 4575/6044/5148
f 4575/6044/5148 4578/6043/5200 4576/6024/5204
f 4575/6044/5148 4576/6024/5204 4573/6045/5150
f 4573/6045/5150 4576/6024/5204 4574/6025/5205
f 4573/6045/5150 4574/6025/5205 4571/6046/5214
f 4571/6046/5214 4574/6025/5205 4572/6026/5206
f 4571/6046/5151 4572/6026/5207 4567/5951/5108
f 4567/5951/5108 4572/6026/5207 4568/5949/5153
f 4566/6027/3352 4565/5931/3353 4602/6047/5179
f 4602/6047/5179 4565/5931/3353 4601/5930/5130
f 4602/6047/5179 4601/5930/5130 4604/6048/5176
f 4604/6048/5176 4601/5930/5130 4603/5929/5129
f 4604/6048/5177 4603/5929/5215 4606/6049/5174
f 4606/6049/5174 4603/5929/5215 4605/5928/5128
f 4606/6049/5174 4605/5928/5128 4608/6050/5171
f 4608/6050/5171 4605/5928/5128 4607/5927/5126
f 4608/6050/5171 4607/5927/5126 4610/6051/5170
f 4610/6051/5170 4607/5927/5126 4609/5926/5125
f 4610/6051/5170 4609/5926/5125 4612/6052/5169
f 4612/6052/5169 4609/5926/5125 4611/5925/5123
f 4612/6052/5169 4611/5925/5123 4614/6053/5168
f 4614/6053/5168 4611/5925/5123 4613/5924/5216
f 4614/5961/5168 4613/6054/5122 4616/5960/5167
f 4616/5960/5167 4613/6054/5122 4615/6055/5120
f 4616/5960/5167 4615/6055/5120 4618/5959/5164
f 4618/5959/5164 4615/6055/5120 4617/6056/5118
f 4618/5959/5164 4617/6056/5118 4620/5958/5217
f 4620/5958/5163 4617/6056/5118 4619/6057/5117
f 4620/5958/5163 4619/6057/5117 4622/5957/5162
f 4622/5957/5162 4619/6057/5117 4621/6058/5115
f 4622/6059/5162 4621/6060/5115 4624/6061/5159
f 4624/6061/5159 4621/6060/5115 4623/6062/5114
f 4624/6061/5159 4623/6062/5114 4626/5954/5158
f 4626/5954/5157 4623/6062/5114 4625/6063/5218
f 4626/5954/5157 4625/6063/5218 4628/5953/5156
f 4628/5953/5156 4625/6063/5218 4627/6064/5112
f 4628/5953/5156 4627/6064/5112 4630/5952/5154
f 4630/5952/5154 4627/6064/5112 4629/6065/5110
f 4630/5952/5219 4629/6065/5110 4632/5947/5152
f 4632/5947/5152 4629/6065/5111 4631/6066/5109
f 4632/5947/5152 4631/6066/5109 4569/5948/3500
f 4569/5948/3500 4631/6066/5220 4570/5950/3502
f 809/769/280 4635/6067/5221 777/771/92
f 777/771/92 4635/6067/5221 4638/6068/5222
f 777/771/92 4638/6068/5222 778/773/242
f 778/773/242 4638/6068/5222 4697/6069/5223
f 778/773/242 4697/6069/5224 779/775/5225
f 779/775/5225 4697/6069/5224 4695/6070/5226
f 779/775/5225 4695/6070/5226 780/777/5227
f 780/777/5227 4695/6070/5226 4693/6071/5228
f 780/777/5227 4693/6071/5228 781/779/245
f 781/779/245 4693/6071/5229 4691/6072/5230
f 781/781/245 4691/6073/5230 782/783/5161
f 782/783/246 4691/6073/5230 4689/6074/5231
f 782/783/246 4689/6074/5231 783/785/247
f 783/785/247 4689/6074/5231 4687/6075/5232
f 783/785/247 4687/6075/5232 784/787/248
f 784/787/248 4687/6075/5232 4685/6076/5233
f 784/787/248 4685/6076/5233 785/789/249
f 785/789/249 4685/6076/5233 4683/6077/5234
f 785/789/249 4683/6077/5234 786/791/250
f 786/791/250 4683/6077/5234 4681/6078/5235
f 786/791/250 4681/6078/5236 787/793/251
f 787/793/251 4681/6078/5235 4679/6079/5237
f 787/793/251 4679/6079/5238 788/795/252
f 788/795/252 4679/6079/5238 4677/6080/5239
f 788/795/252 4677/6080/5239 789/797/5172
f 789/6081/5172 4677/6082/5239 4675/6083/5240
f 789/797/5172 4675/6084/5240 790/799/256
f 790/6085/256 4675/6083/5240 4673/6086/5241
f 790/801/256 4673/6087/5242 791/803/257
f 791/6088/257 4673/6086/5242 4671/6089/5243
f 791/803/257 4671/6090/5244 792/805/258
f 792/6091/258 4671/6089/5243 4669/6092/5245
f 792/805/258 4669/6093/5245 793/807/5180
f 793/6094/259 4669/6092/5245 4633/6095/3352
f 793/807/259 4633/6096/3352 794/809/260
f 794/6097/260 4633/6095/3352 4667/6098/5246
f 794/809/5182 4667/6099/5246 795/811/5247
f 795/6100/261 4667/6098/5246 4665/6101/5248
f 795/811/261 4665/6102/5249 796/813/262
f 796/6103/262 4665/6101/5248 4663/6104/5250
f 796/813/262 4663/6105/5250 797/815/263
f 797/6106/263 4663/6104/5251 4661/6107/5252
f 797/817/263 4661/6108/5252 798/819/5190
f 798/6109/266 4661/6107/5252 4659/6110/5253
f 798/819/5190 4659/6111/5253 799/821/267
f 799/821/267 4659/6111/5253 4657/6112/5254
f 799/821/267 4657/6112/5254 800/823/270
f 800/823/270 4657/6112/5255 4655/6113/5256
f 800/823/270 4655/6113/5257 801/825/271
f 801/825/271 4655/6113/5256 4653/6114/5258
f 801/825/271 4653/6114/5258 802/827/272
f 802/827/272 4653/6114/5258 4651/6115/5259
f 802/827/272 4651/6115/5259 803/829/273
f 803/829/273 4651/6115/5259 4649/6116/5260
f 803/829/273 4649/6116/5260 804/831/275
f 804/831/275 4649/6116/5260 4647/6117/5261
f 804/831/275 4647/6117/5261 805/833/276
f 805/833/5201 4647/6117/5261 4645/6118/5262
f 805/833/5201 4645/6118/5262 806/835/277
f 806/837/277 4645/6119/5262 4643/6120/5263
f 806/837/277 4643/6120/5263 807/839/5264
f 807/839/5264 4643/6120/5265 4641/6121/5266
f 807/839/5264 4641/6121/5266 808/841/5267
f 808/841/5267 4641/6121/5266 4639/6122/5268
f 808/841/5267 4639/6122/5268 809/769/280
f 809/769/280 4639/6122/5269 4635/6067/5221
f 841/846/11 4637/6123/5270 810/844/11
f 810/6124/11 4637/6125/5271 4636/6126/5272
f 810/844/11 4636/6127/5273 811/842/11
f 811/6128/11 4636/6126/5273 4640/6129/5274
f 811/842/11 4640/6130/5275 812/862/11
f 812/6131/11 4640/6129/5275 4642/6132/5276
f 812/862/11 4642/6133/5276 813/864/11
f 813/6134/11 4642/6132/5276 4644/6135/5277
f 813/864/11 4644/6136/5277 814/866/11
f 814/866/11 4644/6136/5277 4646/6137/5278
f 814/866/11 4646/6137/5278 815/868/11
f 815/868/11 4646/6137/5278 4648/6138/5279
f 815/868/11 4648/6138/5279 816/870/11
f 816/870/11 4648/6138/5279 4650/6139/5280
f 816/870/11 4650/6139/5280 817/872/11
f 817/872/11 4650/6139/5280 4652/6140/5281
f 817/872/11 4652/6140/5281 818/873/11
f 818/873/11 4652/6140/5281 4654/6141/5282
f 818/873/11 4654/6141/5282 819/871/11
f 819/871/11 4654/6141/5282 4656/6142/5283
f 819/871/11 4656/6142/5283 820/869/11
f 820/869/11 4656/6142/5283 4658/6143/5284
f 820/869/11 4658/6143/5284 821/867/11
f 821/867/11 4658/6143/5284 4660/6144/5285
f 821/867/11 4660/6144/5285 822/865/11
f 822/865/11 4660/6144/5285 4662/6145/5286
f 822/865/11 4662/6145/5287 823/863/11
f 823/863/11 4662/6145/5286 4664/6146/5288
f 823/863/11 4664/6146/5288 824/861/11
f 824/861/11 4664/6146/5288 4666/6147/5289
f 824/861/11 4666/6147/5289 825/843/11
f 825/843/11 4666/6147/5289 4668/6148/5290
f 825/843/11 4668/6148/5290 826/845/11
f 826/845/11 4668/6148/5290 4634/6149/3353
f 826/845/11 4634/6149/3353 4670/6150/5291
f 4670/6150/5291 4634/6149/3353 4633/6095/3352
f 4670/6150/5292 4633/6095/3352 4669/6092/5245
f 4637/6125/5270 841/6151/11 4698/6152/5293
f 4698/6153/5294 841/846/11 840/848/11
f 4698/6152/5294 840/6154/11 4696/6155/5295
f 4696/6156/5295 840/848/11 839/850/11
f 4696/6155/5295 839/6157/11 4694/6158/5296
f 4694/6159/5296 839/850/11 838/852/11
f 4694/6159/5296 838/852/11 4692/6160/5297
f 4692/6160/5297 838/852/11 837/854/11
f 4692/6160/5297 837/854/11 4690/6161/5298
f 4690/6161/5298 837/854/11 836/856/11
f 4690/6161/5298 836/856/11 4688/6162/5299
f 4688/6162/5299 836/856/11 835/858/11
f 4688/6162/5299 835/858/11 4686/6163/5300
f 4686/6163/5300 835/858/11 834/860/11
f 4686/6163/5300 834/860/11 4684/6164/5301
f 4684/6164/5301 834/860/11 833/859/11
f 4684/6164/5301 833/859/11 4682/6165/5302
f 4682/6165/5302 833/859/11 832/857/11
f 4682/6165/5302 832/857/11 4680/6166/5303
f 4680/6166/5303 832/857/11 831/855/11
f 4680/6166/5303 831/855/11 4678/6167/5304
f 4678/6167/5304 831/855/11 830/853/11
f 4678/6167/5304 830/853/11 4676/6168/5305
f 4676/6168/5305 830/853/11 829/851/11
f 4676/6168/5305 829/851/11 4674/6169/5306
f 4674/6169/5306 829/851/11 828/849/11
f 4674/6169/5306 828/849/11 4672/6170/5307
f 4672/6170/5307 828/849/11 827/847/11
f 4672/6170/5307 827/847/11 4670/6150/5291
f 4670/6150/5291 827/847/11 826/845/11
f 4633/6095/3352 4634/6149/3353 4667/6098/5246
f 4667/6098/5246 4634/6149/3353 4668/6148/5308
f 4667/6098/5246 4668/6148/5290 4665/6101/5249
f 4665/6101/5248 4668/6148/5309 4666/6147/5289
f 4665/6101/5248 4666/6147/5289 4663/6104/5250
f 4663/6104/5251 4666/6147/5310 4664/6146/5288
f 4663/6104/5251 4664/6146/5288 4661/6107/5252
f 4661/6107/5252 4664/6146/5311 4662/6145/5287
f 4661/6107/5252 4662/6145/5312 4659/6110/5313
f 4659/6110/5314 4662/6145/5287 4660/6144/5285
f 4659/6110/5253 4660/6144/5285 4657/6171/5254
f 4657/6171/5315 4660/6144/5285 4658/6143/5284
f 4657/6171/5315 4658/6143/5284 4655/6172/5256
f 4655/6172/5256 4658/6143/5284 4656/6142/5283
f 4655/6113/5256 4656/6173/5283 4653/6114/5258
f 4653/6114/5258 4656/6173/5283 4654/6174/5282
f 4653/6114/5258 4654/6174/5282 4651/6115/5316
f 4651/6115/5259 4654/6174/5282 4652/6175/5281
f 4651/6115/5259 4652/6175/5281 4649/6116/5260
f 4649/6116/5260 4652/6175/5281 4650/6176/5280
f 4649/6116/5260 4650/6176/5317 4647/6117/5261
f 4647/6117/5261 4650/6176/5280 4648/6177/5279
f 4647/6178/5261 4648/6179/5279 4645/6119/5262
f 4645/6119/5262 4648/6179/5279 4646/6180/5278
f 4645/6119/5262 4646/6180/5278 4643/6120/5263
f 4643/6120/5263 4646/6180/5318 4644/6135/5277
f 4643/6120/5319 4644/6135/5277 4641/6121/5266
f 4641/6121/5266 4644/6135/5320 4642/6132/5276
f 4641/6121/5321 4642/6132/5276 4639/6122/5268
f 4639/6122/5268 4642/6132/5276 4640/6129/5275
f 4639/6122/5268 4640/6129/5322 4635/6067/5221
f 4635/6067/5221 4640/6129/5322 4636/6126/5273
f 4635/6067/5221 4636/6126/5273 4638/6068/5222
f 4638/6068/5222 4636/6126/5273 4637/6125/5270
f 4638/6068/5222 4637/6125/5270 4697/6069/5224
f 4697/6069/5224 4637/6125/5323 4698/6152/5324
f 4697/6069/5224 4698/6152/5324 4695/6070/5325
f 4695/6070/5326 4698/6152/5294 4696/6155/5295
f 4695/6070/5226 4696/6155/5295 4693/6071/5228
f 4693/6071/5327 4696/6155/5295 4694/6158/5296
f 4693/6071/5229 4694/6158/5296 4691/6072/5230
f 4691/6072/5230 4694/6158/5296 4692/6181/5328
f 4691/6072/5230 4692/6181/5297 4689/6182/5231
f 4689/6182/5231 4692/6181/5297 4690/6183/5298
f 4689/6074/5231 4690/6184/5298 4687/6075/5232
f 4687/6075/5329 4690/6184/5298 4688/6185/5299
f 4687/6075/5329 4688/6185/5299 4685/6076/5233
f 4685/6076/5330 4688/6185/5299 4686/6186/5300
f 4685/6076/5330 4686/6186/5331 4683/6077/5234
f 4683/6077/5234 4686/6186/5300 4684/6187/5301
f 4683/6077/5234 4684/6187/5301 4681/6078/5235
f 4681/6078/5235 4684/6187/5301 4682/6188/5302
f 4681/6189/5235 4682/6165/5302 4679/6190/5332
f 4679/6190/5237 4682/6165/5302 4680/6166/5303
f 4679/6190/5238 4680/6166/5303 4677/6082/5239
f 4677/6082/5239 4680/6166/5303 4678/6167/5304
f 4677/6082/5333 4678/6167/5304 4675/6083/5240
f 4675/6083/5334 4678/6167/5335 4676/6168/5305
f 4675/6083/5240 4676/6168/5305 4673/6086/5241
f 4673/6086/5241 4676/6168/5336 4674/6169/5306
f 4673/6086/5242 4674/6169/5306 4671/6089/5243
f 4671/6089/5243 4674/6169/5306 4672/6170/5337
f 4671/6089/5243 4672/6170/5307 4669/6092/5245
f 4669/6092/5245 4672/6170/5307 4670/6150/5291
usemtl Opaque(255,0,0)
f 2155/6191/2192 2134/6192/2192 2114/6193/2192
f 2114/6193/2192 2134/6192/2192 2135/6194/2192
f 2114/6195/2192 2135/6196/2192 2115/6197/2192
f 2115/6197/2192 2135/6196/2192 2136/6198/2192
f 2115/6197/2192 2136/6198/2192 2116/6199/2192
f 2116/6200/2192 2136/6201/2192 2137/6202/2192
f 2116/6200/2192 2137/6202/2192 2117/6203/2192
f 2117/6203/2192 2137/6202/2192 2138/6204/2192
f 2117/6203/2192 2138/6204/2192 2118/6205/2192
f 2118/6205/2192 2138/6204/2192 2139/6206/2192
f 2118/6205/2192 2139/6206/2192 2119/6207/2192
f 2119/6207/2192 2139/6206/2192 2140/6208/2192
f 2119/6207/2192 2140/6208/2192 2120/6209/2192
f 2120/6209/2192 2140/6208/2192 2141/6210/2192
f 2120/6209/2192 2141/6210/2192 2121/6211/2192
f 2121/6211/2192 2141/6210/2192 2142/6212/2192
f 2121/6211/2192 2142/6212/2192 2122/6213/2192
f 2122/6213/2192 2142/6212/2192 2143/6214/2192
f 2122/6215/2192 2143/6216/2192 2123/6217/2192
f 2123/6218/2192 2143/6219/2192 2144/6220/2192
f 2123/6218/2192 2144/6220/2192 2124/6221/2192
f 2124/6222/2192 2144/6223/2192 2145/6224/2192
f 2124/6222/2192 2145/6224/2192 2146/6225/2192
f 2124/6221/2192 2146/6226/2192 2125/6227/2192
f 2125/6227/2192 2146/6226/2192 2147/6228/2192
f 2125/6229/2192 2147/6230/2192 2126/6231/2192
f 2126/6232/2192 2147/6233/2192 2148/6234/2192
f 2126/6232/2192 2148/6234/2192 2127/6235/2192
f 2127/6235/2192 2148/6234/2192 2149/6236/2192
f 2127/6235/2192 2149/6236/2192 2128/6237/2192
f 2128/6237/2192 2149/6236/2192 2150/6238/2192
f 2128/6237/2192 2150/6238/2192 2129/6239/2192
f 2129/6239/2192 2150/6238/2192 2151/6240/2192
f 2129/6239/2192 2151/6240/2192 2130/6241/2192
f 2130/6241/2192 2151/6240/2192 2152/6242/2192
f 2130/6241/2192 2152/6242/2192 2131/6243/2192
f 2131/6243/2192 2152/6242/2192 2153/6244/2192
f 2131/6243/2192 2153/6244/2192 2132/6245/2192
f 2132/6245/2192 2153/6244/2192 2154/6246/2192
f 2132/6247/2192 2154/6248/2192 2133/6249/2192
f 2133/6249/2192 2154/6248/2192 2155/6250/2192
f 2133/6249/2192 2155/6250/2192 2114/6195/2192
f 2157/6251/5338 2135/6252/5338 2156/6253/1999
f 2156/6254/1999 2135/6255/5338 2134/6256/1999
f 2156/6257/1999 2134/6258/1999 2177/6259/5339
f 2177/6259/5339 2134/6258/2000 2155/6260/5339
f 2177/6259/5340 2155/6260/5340 2154/6261/5341
f 2157/6251/5342 2158/6262/5343 2135/6252/5342
f 2135/6255/5342 2158/6263/5343 2136/6264/5343
f 2136/6264/5343 2158/6263/5343 2159/6265/5344
f 2136/6264/5343 2159/6265/5344 2137/6266/5344
f 2137/6267/5345 2159/6268/5345 2160/6269/5346
f 2137/6267/5345 2160/6269/5346 2138/6270/5346
f 2138/6270/5347 2160/6269/5347 2161/6271/5348
f 2138/6272/5347 2161/6273/5349 2139/6274/5348
f 2139/6274/5348 2161/6273/5348 2162/6275/5350
f 2139/6274/5349 2162/6275/5351 2140/6276/5351
f 2140/6277/5350 2162/6278/5351 2163/6279/5352
f 2140/6277/5351 2163/6279/5352 2141/6280/5352
f 2141/6280/5353 2163/6279/5353 2164/6281/5354
f 2141/6280/5353 2164/6281/5354 2142/6282/5354
f 2142/6283/5355 2164/6284/5355 2165/6285/5356
f 2142/6283/5357 2165/6285/5356 2143/6286/5356
f 2143/6286/5356 2165/6285/5356 2166/6287/5358
f 2143/6288/5356 2166/6289/5358 2144/6290/5358
f 2144/6291/5359 2166/6287/5359 2167/6292/1982
f 2144/6291/5359 2167/6292/1982 2145/6293/1983
f 2145/6293/1982 2167/6292/1982 2168/6294/5360
f 2145/6295/1982 2168/6296/5360 2146/6297/5360
f 2146/6298/5361 2168/6299/5361 2169/6300/5362
f 2146/6298/5361 2169/6300/5362 2147/6301/5362
f 2147/6301/5362 2169/6300/5362 2170/6302/5363
f 2147/6303/5362 2170/6304/5363 2148/6305/5363
f 2148/6305/5364 2170/6304/5364 2171/6306/5365
f 2148/6305/5364 2171/6306/5365 2149/6307/5365
f 2149/6307/5366 2171/6306/5367 2172/6308/5368
f 2149/6307/5366 2172/6308/5368 2150/6309/5368
f 2150/6309/5369 2172/6308/5368 2173/6310/5370
f 2150/6309/5368 2173/6310/5371 2151/6311/5370
f 2151/6312/5370 2173/6313/5370 2174/6314/5372
f 2151/6312/5370 2174/6314/5372 2152/6315/5372
f 2152/6315/5373 2174/6314/5373 2175/6316/5374
f 2152/6317/5375 2175/6318/5374 2153/6319/5374
f 2153/6319/5376 2175/6318/5376 2176/6320/5341
f 2153/6319/5377 2176/6320/5341 2154/6321/5378
f 2154/6261/5341 2176/6322/5341 2177/6259/5340
f 2202/6323/2192 2178/6324/2192 2156/6325/2192
f 2156/6325/2192 2178/6324/2192 2179/6326/2192
f 2156/6327/2192 2179/6328/2192 2157/6329/2192
f 2157/6329/2192 2179/6328/2192 2180/6330/2192
f 2157/6329/2192 2180/6330/2192 2158/6331/2192
f 2158/6332/2192 2180/6333/2192 2181/6334/2192
f 2158/6332/2192 2181/6334/2192 2159/6335/2192
f 2159/6335/2192 2181/6334/2192 2182/6336/2192
f 2159/6337/2192 2182/6338/2192 2160/6339/2192
f 2160/6339/2192 2182/6338/2192 2183/6340/2192
f 2160/6339/2192 2183/6340/2192 2161/6341/2192
f 2161/6342/2192 2183/6343/2192 2184/6344/2192
f 2161/6342/2192 2184/6344/2192 2162/6345/2192
f 2162/6345/2192 2184/6344/2192 2185/6346/2192
f 2162/6345/2192 2185/6346/2192 2163/6347/2192
f 2163/6347/2192 2185/6346/2192 2186/6348/2192
f 2163/6347/2192 2186/6348/2192 2187/6349/2192
f 2163/6347/2192 2187/6349/2192 2164/6350/2192
f 2164/6350/2192 2187/6349/2192 2188/6351/2192
f 2164/6352/2192 2188/6353/2192 2165/6354/2192
f 2165/6355/2192 2188/6356/2192 2189/6357/2192
f 2165/6355/2192 2189/6357/2192 2166/6358/2192
f 2166/6359/2192 2189/6360/2192 2190/6361/2192
f 2166/6358/2192 2190/6362/2192 2167/6363/2192
f 2167/6363/2192 2190/6362/2192 2191/6364/2192
f 2167/6363/2192 2191/6364/2192 2168/6365/2192
f 2168/6366/2192 2191/6367/2192 2192/6368/2192
f 2168/6365/2192 2192/6369/2192 2169/6370/2192
f 2169/6370/2192 2192/6369/2192 2193/6371/2192
f 2169/6372/2192 2193/6373/2192 2170/6374/2192
f 2170/6375/2192 2193/6376/2192 2194/6377/2192
f 2170/6375/2192 2194/6377/2192 2171/6378/2192
f 2171/6378/2192 2194/6377/2192 2195/6379/2192
f 2171/6378/2192 2195/6379/2192 2196/6380/2192
f 2171/6378/2192 2196/6380/2192 2172/6381/2192
f 2172/6381/2192 2196/6380/2192 2197/6382/2192
f 2172/6381/2192 2197/6382/2192 2173/6383/2192
f 2173/6383/2192 2197/6382/2192 2198/6384/2192
f 2173/6385/2192 2198/6386/2192 2174/6387/2192
f 2174/6388/2192 2198/6389/2192 2199/6390/2192
f 2174/6388/2192 2199/6390/2192 2175/6391/2192
f 2175/6392/2192 2199/6393/2192 2200/6394/2192
f 2175/6392/2192 2200/6394/2192 2176/6395/2192
f 2176/6395/2192 2200/6394/2192 2201/6396/2192
f 2176/6397/2192 2201/6398/2192 2177/6399/2192
f 2177/6399/2192 2201/6398/2192 2202/6400/2192
f 2177/6399/2192 2202/6400/2192 2156/6327/2192
f 2204/6401/5379 2197/6402/5380 2203/6403/92
f 2203/6403/92 2197/6402/5380 2196/6404/5381
f 2203/6403/92 2196/6404/5382 2227/6405/5383
f 2227/6405/5383 2196/6404/5382 2195/6406/5384
f 2227/6405/5385 2195/6406/5384 2226/6407/5386
f 2226/6407/5386 2195/6406/5384 2194/6408/5387
f 2226/6407/5386 2194/6408/5387 2225/6409/5388
f 2225/6409/5389 2194/6408/5387 2193/6410/1987
f 2225/6409/5388 2193/6410/1987 2224/6411/5390
f 2224/6411/5390 2193/6410/1987 2192/6412/5391
f 2224/6411/5390 2192/6412/5391 2223/6413/1985
f 2223/6414/1985 2192/6415/5391 2191/6416/5392
f 2223/6414/1985 2191/6416/5392 2222/6417/5393
f 2222/6417/5393 2191/6416/5392 2190/6418/5394
f 2222/6417/5393 2190/6418/5394 2221/6419/5395
f 2221/6419/5396 2190/6418/5394 2189/6420/5397
f 2221/6419/5395 2189/6420/5397 2220/6421/5398
f 2220/6421/5398 2189/6420/5397 2188/6422/2013
f 2220/6421/5399 2188/6422/2013 2219/6423/5400
f 2219/6423/5400 2188/6422/2013 2187/6424/5401
f 2219/6423/5400 2187/6424/5401 2218/6425/2011
f 2218/6425/2011 2187/6424/5401 2186/6426/5402
f 2218/6425/2011 2186/6426/5402 2217/6427/5403
f 2217/6427/5403 2186/6426/5402 2185/6428/5404
f 2217/6427/5403 2185/6428/5405 2216/6429/5406
f 2216/6430/5406 2185/6431/5405 2184/6432/5407
f 2216/6430/5406 2184/6432/5407 2215/6433/5408
f 2215/6433/5409 2184/6432/5407 2183/6434/2007
f 2215/6433/5409 2183/6434/2006 2214/6435/5410
f 2214/6435/5410 2183/6434/2007 2182/6436/5411
f 2214/6435/5410 2182/6436/5412 2213/6437/2004
f 2213/6437/2004 2182/6436/5412 2181/6438/5413
f 2213/6437/2004 2181/6438/5414 2212/6439/5415
f 2212/6439/5415 2181/6438/5414 2180/6440/5416
f 2212/6439/5415 2180/6440/5417 2211/6441/5418
f 2211/6441/5418 2180/6440/5419 2179/6442/5420
f 2211/6441/5418 2179/6442/5420 2210/6443/5421
f 2210/6444/5421 2179/6445/5420 2178/6446/2000
f 2210/6444/5421 2178/6446/1999 2209/6447/5422
f 2209/6447/5422 2178/6446/1999 2202/6448/5423
f 2209/6447/5422 2202/6448/5423 2208/6449/1997
f 2208/6449/1997 2202/6448/5423 2201/6450/5424
f 2208/6449/1997 2201/6450/5425 2207/6451/5426
f 2207/6451/5426 2201/6450/5427 2200/6452/5428
f 2207/6451/5426 2200/6452/5428 2206/6453/5429
f 2206/6453/5430 2200/6452/5431 2199/6454/5432
f 2206/6453/5429 2199/6454/5433 2205/6455/5434
f 2205/6455/5434 2199/6454/5432 2198/6456/1991
f 2205/6455/5434 2198/6456/1991 2204/6457/5435
f 2204/6401/5379 2198/6458/1991 2197/6402/5380
f 2227/6405/5383 2247/6459/5436 2203/6403/92
f 2203/6403/92 2247/6459/5437 2257/6460/5438
f 2203/6403/92 2257/6460/5438 2228/6461/5439
f 2228/6461/5439 2257/6460/5438 2229/6462/5440
f 2229/6463/5441 2257/6464/5438 2258/6465/5442
f 2229/6463/5443 2258/6465/5444 2230/6466/5445
f 2230/6466/5445 2258/6465/5444 2259/6467/5446
f 2230/6466/5445 2259/6467/5446 2231/6468/5447
f 2231/6468/5447 2259/6467/5446 2260/6469/5448
f 2231/6468/5447 2260/6469/5448 2232/6470/5449
f 2232/6470/5449 2260/6469/5448 2261/6471/5450
f 2232/6470/5449 2261/6471/5450 2233/6472/5451
f 2233/6472/5451 2261/6471/5450 2262/6473/5452
f 2233/6472/5451 2262/6473/5452 2234/6474/5453
f 2234/6474/5453 2262/6473/5452 2263/6475/5454
f 2234/6474/5453 2263/6475/5454 2235/6476/9
f 2247/6459/5455 2227/6405/5383 2248/6477/5456
f 2248/6477/5456 2227/6405/5385 2226/6407/5386
f 2248/6477/5456 2226/6407/5386 2295/6478/5457
f 2295/6478/5457 2226/6407/5386 2282/6479/5458
f 2295/6478/5457 2282/6479/5458 2283/6480/5459
f 2283/6480/5459 2282/6479/5458 2297/6481/5460
f 2283/6482/5459 2297/6483/5460 2298/6484/5461
f 2298/6484/5461 2297/6483/5460 2314/6485/5462
f 2298/6484/5461 2314/6485/5462 2313/6486/5463
f 2313/6486/5463 2314/6485/5462 2306/6487/5464
f 2313/6486/5463 2306/6487/5464 2307/6488/5465
f 2307/6488/5466 2306/6487/5464 2320/6489/5467
f 2307/6488/5465 2320/6489/5467 2321/6490/5468
f 2321/6490/5468 2320/6489/5467 2331/6491/5469
f 2321/6490/5468 2331/6491/5470 2330/6492/5471
f 2330/6492/5471 2331/6491/5470 2329/6493/5472
f 2330/6492/5471 2329/6493/5472 2235/6476/9
f 2226/6407/5386 2225/6409/5388 2282/6479/5458
f 2282/6479/5458 2225/6409/5389 2296/6494/5473
f 2282/6479/5458 2296/6494/5473 2297/6481/5460
f 2297/6483/5474 2296/6495/5473 2315/6496/5475
f 2297/6483/5460 2315/6496/5475 2314/6485/5462
f 2314/6485/5462 2315/6496/5475 2305/6497/5476
f 2314/6485/5462 2305/6497/5477 2306/6487/5464
f 2306/6487/5464 2305/6497/5477 2319/6498/5478
f 2306/6487/5464 2319/6498/5478 2320/6489/5467
f 2320/6489/5467 2319/6498/5478 2332/6499/5479
f 2320/6489/5467 2332/6499/5479 2331/6491/5469
f 2331/6491/5470 2332/6499/5479 2328/6500/5480
f 2331/6491/5470 2328/6500/5480 2329/6493/5472
f 2329/6493/5472 2328/6500/5480 2342/6501/5481
f 2329/6493/5472 2342/6501/5481 2235/6476/9
f 2296/6494/5473 2225/6409/5482 2249/6502/5483
f 2249/6502/5484 2225/6409/5388 2224/6411/5390
f 2249/6502/5484 2224/6411/5390 2303/6503/5485
f 2303/6503/5485 2224/6411/5486 2223/6413/1985
f 2303/6503/5485 2223/6413/1985 2316/6504/5487
f 2316/6505/5487 2223/6414/1985 2250/6506/5488
f 2316/6507/5487 2250/6508/5488 2335/6509/5489
f 2335/6509/5489 2250/6508/5488 2324/6510/5490
f 2335/6509/5489 2324/6510/5490 2325/6511/5491
f 2325/6511/5491 2324/6510/5490 2338/6512/5492
f 2325/6511/5493 2338/6512/5492 2339/6513/5494
f 2339/6513/5494 2338/6512/5492 2352/6514/5495
f 2339/6513/5496 2352/6514/5495 2351/6515/5497
f 2351/6515/5497 2352/6514/5495 2346/6516/5498
f 2351/6515/5497 2346/6516/5498 2347/6517/5499
f 2347/6517/5500 2346/6516/5498 2363/6518/5501
f 2347/6517/5500 2363/6518/5501 2362/6519/5502
f 2362/6519/5502 2363/6518/5501 2361/6520/5503
f 2362/6519/5502 2361/6520/5503 2235/6476/88
f 2223/6414/1985 2222/6417/5393 2250/6506/5504
f 2250/6506/5504 2222/6417/5393 2323/6521/5505
f 2250/6508/5488 2323/6522/5505 2324/6510/5490
f 2324/6510/5490 2323/6522/5505 2337/6523/5506
f 2324/6510/5490 2337/6523/5506 2338/6512/5492
f 2338/6512/5492 2337/6523/5506 2353/6524/5507
f 2338/6512/5492 2353/6524/5508 2352/6514/5495
f 2352/6514/5495 2353/6524/5508 2345/6525/5509
f 2352/6514/5495 2345/6525/5509 2346/6516/5498
f 2346/6516/5498 2345/6525/5509 2364/6526/5510
f 2346/6516/5498 2364/6526/5510 2363/6518/5501
f 2363/6518/5501 2364/6526/5510 2360/6527/5511
f 2363/6518/5501 2360/6527/5511 2361/6520/5503
f 2361/6520/5503 2360/6527/5511 2374/6528/5512
f 2361/6520/5513 2374/6528/5512 2235/6476/88
f 2222/6417/5393 2221/6419/5395 2323/6521/5505
f 2323/6521/5505 2221/6419/5395 2336/6529/5514
f 2323/6522/5505 2336/6530/5514 2337/6523/5506
f 2337/6531/5506 2336/6529/5514 2354/6532/5515
f 2337/6523/5506 2354/6533/5516 2353/6524/5507
f 2353/6524/5508 2354/6533/5517 2344/6534/5518
f 2353/6524/5507 2344/6534/5518 2345/6525/5509
f 2345/6525/5509 2344/6534/5518 2365/6535/5519
f 2345/6525/5509 2365/6535/5519 2364/6526/5510
f 2364/6526/5510 2365/6535/5519 2359/6536/5520
f 2364/6526/5510 2359/6536/5520 2360/6527/5511
f 2360/6527/5511 2359/6536/5520 2373/6537/5521
f 2360/6527/5511 2373/6537/5522 2374/6528/5512
f 2374/6528/5512 2373/6537/5522 2382/6538/5523
f 2374/6528/5512 2382/6538/5523 2235/6476/9
f 2336/6529/5514 2221/6419/5395 2251/6539/5524
f 2251/6539/5524 2221/6419/5395 2220/6421/5398
f 2251/6539/5524 2220/6421/5399 2252/6540/5525
f 2252/6540/5525 2220/6421/5398 2219/6423/5526
f 2252/6540/5527 2219/6423/5400 2368/6541/5528
f 2368/6541/5528 2219/6423/5400 2355/6542/5529
f 2368/6541/5528 2355/6542/5529 2356/6543/5530
f 2356/6543/5530 2355/6542/5529 2369/6544/5531
f 2356/6545/5530 2369/6546/5532 2370/6547/5533
f 2370/6547/5533 2369/6546/5532 2386/6548/5534
f 2370/6547/5533 2386/6548/5535 2385/6549/5536
f 2385/6549/5536 2386/6548/5535 2378/6550/5537
f 2385/6549/5538 2378/6550/5537 2379/6551/5539
f 2379/6551/5539 2378/6550/5537 2392/6552/5540
f 2379/6551/5539 2392/6552/5540 2393/6553/5541
f 2393/6553/5541 2392/6552/5540 2403/6554/5542
f 2393/6553/5541 2403/6554/5542 2402/6555/5543
f 2402/6555/5544 2403/6554/5542 2401/6556/5545
f 2402/6555/5544 2401/6556/5545 2235/6476/88
f 2219/6423/5400 2218/6425/2011 2355/6542/5546
f 2355/6542/5529 2218/6425/2011 2253/6557/5547
f 2355/6542/5529 2253/6557/5548 2369/6544/5531
f 2369/6546/5532 2253/6558/5548 2387/6559/5549
f 2369/6546/5532 2387/6559/5550 2386/6548/5534
f 2386/6548/5535 2387/6559/5550 2377/6560/5551
f 2386/6548/5534 2377/6560/5551 2378/6550/5537
f 2378/6550/5537 2377/6560/5551 2391/6561/5552
f 2378/6550/5537 2391/6561/5552 2392/6552/5540
f 2392/6552/5540 2391/6561/5553 2404/6562/5554
f 2392/6552/5540 2404/6562/5554 2403/6554/5542
f 2403/6554/5542 2404/6562/5554 2400/6563/5555
f 2403/6554/5542 2400/6563/5555 2401/6556/5545
f 2401/6556/5545 2400/6563/5555 2414/6564/5556
f 2401/6556/5545 2414/6564/5556 2235/6476/88
f 2218/6425/2011 2217/6427/5403 2253/6557/5557
f 2253/6557/5548 2217/6427/5403 2388/6565/5558
f 2253/6558/5547 2388/6566/5558 2387/6559/5550
f 2387/6559/5550 2388/6566/5558 2376/6567/5559
f 2387/6559/5550 2376/6567/5559 2377/6560/5560
f 2377/6560/5551 2376/6567/5559 2390/6568/5561
f 2377/6560/5560 2390/6568/5561 2391/6561/5562
f 2391/6561/5552 2390/6568/5561 2405/6569/5563
f 2391/6561/5552 2405/6569/5563 2404/6562/5554
f 2404/6562/5554 2405/6569/5563 2399/6570/5564
f 2404/6562/5554 2399/6570/5564 2400/6563/5555
f 2400/6563/5555 2399/6570/5564 2413/6571/5565
f 2400/6563/5555 2413/6571/5565 2414/6564/5556
f 2414/6564/5556 2413/6571/5565 2422/6572/5566
f 2414/6564/5556 2422/6572/5566 2235/6476/9
f 2388/6565/5558 2217/6427/5403 2375/6573/5567
f 2375/6573/5568 2217/6427/5403 2216/6429/5569
f 2375/6574/5568 2216/6430/5569 2254/6575/5570
f 2254/6575/5570 2216/6430/5569 2215/6433/5409
f 2254/6575/5570 2215/6433/5408 2408/6576/5571
f 2408/6576/5571 2215/6433/5409 2395/6577/5572
f 2408/6576/5571 2395/6577/5572 2396/6578/5573
f 2396/6578/5574 2395/6577/5572 2409/6579/5575
f 2396/6580/5576 2409/6581/5575 2410/6582/5577
f 2410/6582/5577 2409/6581/5575 2426/6583/5578
f 2410/6582/5577 2426/6583/5578 2425/6584/5579
f 2425/6584/5579 2426/6583/5580 2418/6585/5581
f 2425/6584/5579 2418/6585/5581 2419/6586/5582
f 2419/6586/5582 2418/6585/5581 2433/6587/5583
f 2419/6586/5582 2433/6587/5584 2434/6588/5585
f 2434/6588/5585 2433/6587/5583 2444/6589/5586
f 2434/6588/5585 2444/6589/5587 2443/6590/5588
f 2443/6590/5588 2444/6589/5587 2442/6591/5589
f 2443/6590/5590 2442/6591/5591 2235/6476/9
f 2215/6433/5408 2214/6435/5410 2395/6577/5572
f 2395/6577/5572 2214/6435/5410 2255/6592/5592
f 2395/6577/5572 2255/6592/5592 2409/6579/5575
f 2409/6579/5575 2255/6592/5592 2427/6593/5593
f 2409/6581/5575 2427/6594/5593 2426/6583/5594
f 2426/6583/5578 2427/6594/5593 2417/6595/5595
f 2426/6583/5594 2417/6595/5595 2418/6585/5581
f 2418/6585/5581 2417/6595/5595 2432/6596/5596
f 2418/6585/5581 2432/6596/5596 2433/6587/5583
f 2433/6587/5583 2432/6596/5596 2445/6597/5597
f 2433/6587/5583 2445/6597/5597 2444/6589/5587
f 2444/6589/5587 2445/6597/5597 2441/6598/5598
f 2444/6589/5587 2441/6598/5598 2442/6591/5591
f 2442/6591/5591 2441/6598/5598 2455/6599/5599
f 2442/6591/5591 2455/6599/5599 2235/6476/88
f 2214/6435/5600 2213/6437/2004 2255/6592/5592
f 2255/6592/5592 2213/6437/2004 2428/6600/5601
f 2255/6592/5592 2428/6600/5601 2427/6593/5593
f 2427/6593/5593 2428/6600/5601 2416/6601/5602
f 2427/6594/5593 2416/6602/5602 2417/6595/5595
f 2417/6595/5595 2416/6602/5602 2431/6603/5603
f 2417/6595/5595 2431/6603/5603 2432/6596/5596
f 2432/6596/5596 2431/6603/5603 2446/6604/5604
f 2432/6596/5605 2446/6604/5606 2445/6597/5597
f 2445/6597/5597 2446/6604/5606 2440/6605/5607
f 2445/6597/5597 2440/6605/5607 2441/6598/5598
f 2441/6598/5598 2440/6605/5607 2454/6606/5608
f 2441/6598/5598 2454/6606/5608 2455/6599/5599
f 2455/6607/5599 2454/6608/5608 2242/6609/5609
f 2455/6607/5599 2242/6609/5609 2235/6610/88
f 2428/6600/5610 2213/6437/2004 2415/6611/5611
f 2415/6611/5612 2213/6437/2004 2212/6439/5613
f 2415/6611/5611 2212/6439/5415 2429/6612/5614
f 2429/6612/5614 2212/6439/5415 2256/6613/5615
f 2429/6612/5614 2256/6613/5615 2448/6614/5616
f 2448/6614/5617 2256/6613/5615 2437/6615/5618
f 2448/6616/5619 2437/6617/5618 2438/6618/5620
f 2438/6618/5620 2437/6617/5618 2451/6619/5621
f 2438/6618/5620 2451/6619/5621 2452/6620/5622
f 2452/6620/5622 2451/6619/5621 2239/6621/5623
f 2452/6620/5622 2239/6621/5623 2240/6622/5624
f 2240/6622/5624 2239/6621/5623 2459/6623/5625
f 2240/6622/5624 2459/6623/5625 2460/6624/5626
f 2460/6624/5627 2459/6623/5625 2470/6625/5628
f 2460/6624/5626 2470/6625/5629 2469/6626/5630
f 2469/6626/5630 2470/6625/5628 2468/6627/5631
f 2469/6626/5630 2468/6627/5631 2235/6476/88
f 2212/6439/5415 2211/6441/5418 2256/6613/5615
f 2256/6613/5615 2211/6441/5632 2436/6628/5633
f 2256/6613/5615 2436/6628/5633 2437/6615/5618
f 2437/6617/5618 2436/6629/5633 2450/6630/5634
f 2437/6617/5618 2450/6630/5634 2451/6619/5621
f 2451/6619/5621 2450/6630/5634 2238/6631/5635
f 2451/6619/5621 2238/6631/5635 2239/6621/5623
f 2239/6621/5623 2238/6631/5635 2458/6632/5636
f 2239/6621/5623 2458/6632/5637 2459/6623/5625
f 2459/6623/5625 2458/6632/5637 2471/6633/5638
f 2459/6623/5625 2471/6633/5638 2470/6625/5628
f 2470/6625/5628 2471/6633/5638 2467/6634/5639
f 2470/6625/5628 2467/6634/5639 2468/6627/5631
f 2468/6627/5631 2467/6634/5639 2482/6635/5640
f 2468/6627/5631 2482/6635/5640 2235/6476/9
f 2211/6441/5418 2210/6443/5421 2436/6628/5633
f 2436/6628/5633 2210/6443/5641 2449/6636/5642
f 2436/6629/5633 2449/6637/5642 2450/6630/5634
f 2450/6630/5634 2449/6637/5642 2237/6638/5643
f 2450/6630/5634 2237/6638/5643 2238/6631/5635
f 2238/6631/5635 2237/6638/5644 2457/6639/5645
f 2238/6631/5635 2457/6639/5645 2458/6632/5636
f 2458/6632/5636 2457/6639/5645 2472/6640/5646
f 2458/6632/5637 2472/6640/5646 2471/6633/5638
f 2471/6633/5638 2472/6640/5646 2466/6641/5647
f 2471/6633/5638 2466/6641/5647 2467/6634/5639
f 2467/6634/5639 2466/6641/5647 2481/6642/5648
f 2467/6634/5639 2481/6642/5648 2482/6635/5640
f 2482/6635/5640 2481/6642/5648 2489/6643/5649
f 2482/6635/5640 2489/6643/5649 2235/6476/88
f 2449/6644/5642 2210/6444/5421 2236/6645/5650
f 2236/6645/5650 2210/6444/5421 2209/6447/5422
f 2236/6645/5650 2209/6447/5422 2243/6646/5651
f 2243/6646/5651 2209/6447/5422 2208/6449/1997
f 2243/6646/5651 2208/6449/1997 2475/6647/5652
f 2475/6647/5652 2208/6449/1997 2462/6648/5653
f 2475/6647/5652 2462/6648/5654 2463/6649/5655
f 2463/6649/5655 2462/6648/5654 2477/6650/5656
f 2463/6651/5655 2477/6652/5656 2478/6653/5657
f 2478/6653/5657 2477/6652/5656 2493/6654/5658
f 2478/6653/5657 2493/6654/5658 2492/6655/5659
f 2492/6655/5659 2493/6654/5658 2485/6656/5660
f 2492/6655/5659 2485/6656/5661 2486/6657/5662
f 2486/6657/5663 2485/6656/5661 2504/6658/5664
f 2486/6657/5663 2504/6658/5664 2503/6659/5665
f 2503/6659/5665 2504/6658/5664 2500/6660/5666
f 2503/6659/5665 2500/6660/5667 2501/6661/5668
f 2501/6661/5668 2500/6660/5667 2515/6662/5669
f 2501/6661/5668 2515/6662/5669 2235/6476/88
f 2208/6449/1997 2207/6451/5670 2462/6648/5653
f 2462/6648/5654 2207/6451/5426 2476/6663/5671
f 2462/6648/5653 2476/6663/5672 2477/6650/5656
f 2477/6650/5656 2476/6663/5672 2494/6664/5673
f 2477/6652/5656 2494/6665/5674 2493/6654/5658
f 2493/6654/5658 2494/6665/5674 2484/6666/5675
f 2493/6654/5658 2484/6666/5675 2485/6656/5660
f 2485/6656/5661 2484/6666/5675 2505/6667/5676
f 2485/6656/5660 2505/6667/5676 2504/6658/5664
f 2504/6658/5664 2505/6667/5677 2499/6668/5678
f 2504/6658/5664 2499/6668/5678 2500/6660/5666
f 2500/6660/5666 2499/6668/5679 2514/6669/5680
f 2500/6660/5666 2514/6669/5680 2515/6662/5669
f 2515/6662/5669 2514/6669/5680 2264/6670/5681
f 2515/6662/5669 2264/6670/5682 2235/6476/9
f 2476/6663/5672 2207/6451/5426 2244/6671/5683
f 2244/6671/5683 2207/6451/5426 2206/6453/5429
f 2244/6671/5683 2206/6453/5430 2245/6672/5684
f 2245/6672/5684 2206/6453/5429 2205/6455/5434
f 2245/6672/5685 2205/6455/5434 2508/6673/5686
f 2508/6673/5687 2205/6455/5434 2495/6674/5688
f 2508/6673/5686 2495/6674/5688 2496/6675/5689
f 2496/6676/5689 2495/6677/5690 2510/6678/5691
f 2496/6676/5689 2510/6678/5692 2511/6679/5693
f 2511/6679/5693 2510/6678/5692 2268/6680/5694
f 2511/6679/5695 2268/6680/5696 2267/6681/5697
f 2267/6681/5697 2268/6680/5694 2232/6470/5449
f 2267/6681/5697 2232/6470/5449 2233/6472/5451
f 2205/6455/5434 2204/6457/5379 2495/6674/5688
f 2495/6674/5690 2204/6457/5379 2509/6682/5698
f 2495/6677/5690 2509/6683/5698 2510/6678/5699
f 2510/6678/5699 2509/6683/5700 2269/6684/5701
f 2510/6678/5691 2269/6684/5702 2268/6680/5696
f 2268/6680/5694 2269/6684/5702 2231/6468/5447
f 2268/6680/5694 2231/6468/5447 2232/6470/5449
f 2203/6403/92 2228/6461/5439 2204/6401/5703
f 2204/6401/5379 2228/6461/5439 2246/6685/5704
f 2204/6401/5703 2246/6685/5704 2509/6686/5698
f 2509/6683/5698 2246/6687/5705 2269/6684/5702
f 2228/6461/5439 2229/6462/5443 2246/6685/5705
f 2246/6687/5705 2229/6463/5441 2230/6466/5445
f 2246/6687/5705 2230/6466/5445 2269/6684/5706
f 2269/6684/5702 2230/6466/5445 2231/6468/5447
f 2267/6681/5697 2233/6472/5451 2266/6688/5707
f 2266/6688/5707 2233/6472/5451 2234/6474/5453
f 2266/6688/5707 2234/6474/5453 2265/6689/5708
f 2265/6689/5708 2234/6474/5453 2264/6670/5681
f 2265/6689/5708 2264/6670/5682 2514/6669/5680
f 2234/6474/5453 2235/6476/88 2264/6670/5682
f 2443/6590/5588 2235/6476/9 2435/6690/5709
f 2435/6690/5709 2235/6476/88 2421/6691/5710
f 2421/6691/5710 2235/6476/88 2422/6572/5566
f 2402/6555/5544 2235/6476/88 2394/6692/5711
f 2394/6692/5711 2235/6476/9 2381/6693/5712
f 2381/6693/5712 2235/6476/88 2382/6538/5523
f 2362/6519/5502 2235/6476/88 2348/6694/5713
f 2348/6694/5713 2235/6476/9 2349/6695/5714
f 2349/6695/5714 2235/6476/9 2342/6501/5481
f 2330/6492/5471 2235/6476/9 2322/6696/5715
f 2322/6696/5715 2235/6476/9 2309/6697/5716
f 2309/6697/5716 2235/6476/9 2310/6698/5717
f 2310/6698/5717 2235/6476/9 2302/6699/5718
f 2302/6699/5719 2235/6476/88 2288/6700/5720
f 2288/6700/5721 2235/6476/9 2289/6701/5722
f 2275/6702/5723 2235/6476/88 2276/6703/5724
f 2276/6703/5724 2235/6476/88 2263/6475/5454
f 2501/6661/5668 2235/6476/9 2502/6704/5725
f 2502/6704/5725 2235/6476/9 2488/6705/5726
f 2488/6705/5727 2235/6476/9 2489/6643/5649
f 2469/6626/5630 2235/6476/9 2461/6706/5728
f 2461/6707/5728 2235/6610/88 2242/6609/5729
f 2449/6637/5642 2236/6708/5650 2237/6638/5643
f 2237/6638/5643 2236/6708/5650 2456/6709/5730
f 2237/6638/5644 2456/6709/5730 2457/6639/5645
f 2457/6639/5645 2456/6709/5730 2473/6710/5731
f 2457/6639/5645 2473/6710/5731 2472/6640/5646
f 2472/6640/5646 2473/6710/5731 2465/6711/5732
f 2472/6640/5646 2465/6711/5732 2466/6641/5733
f 2466/6641/5733 2465/6711/5732 2480/6712/5734
f 2466/6641/5733 2480/6712/5734 2481/6642/5648
f 2481/6642/5648 2480/6712/5735 2490/6713/5736
f 2481/6642/5648 2490/6713/5736 2489/6643/5649
f 2489/6643/5649 2490/6713/5736 2488/6705/5726
f 2240/6622/5624 2241/6714/5737 2453/6715/5738
f 2453/6715/5738 2241/6714/5737 2454/6606/5608
f 2453/6715/5738 2454/6606/5608 2440/6605/5607
f 2461/6707/5739 2242/6609/5729 2241/6716/5737
f 2241/6716/5740 2242/6609/5609 2454/6608/5608
f 2461/6706/5739 2241/6714/5737 2460/6624/5626
f 2460/6624/5626 2241/6714/5737 2240/6622/5624
f 2258/6465/5444 2257/6464/5438 2281/6717/5741
f 2281/6717/5741 2257/6464/5438 2247/6718/5742
f 2281/6719/5741 2247/6459/5742 2270/6720/5743
f 2270/6720/5743 2247/6459/5455 2248/6477/5456
f 2270/6720/5743 2248/6477/5456 2294/6721/5744
f 2294/6721/5744 2248/6477/5456 2295/6478/5457
f 2294/6721/5744 2295/6478/5457 2283/6480/5459
f 2259/6467/5446 2258/6465/5444 2280/6722/5745
f 2280/6722/5745 2258/6465/5442 2281/6717/5741
f 2280/6722/5745 2281/6717/5741 2271/6723/5746
f 2271/6723/5746 2281/6717/5741 2270/6724/5743
f 2271/6723/5746 2270/6724/5743 2293/6725/5747
f 2293/6725/5747 2270/6724/5743 2294/6726/5744
f 2293/6725/5747 2294/6726/5744 2284/6727/5748
f 2284/6727/5748 2294/6726/5744 2283/6482/5459
f 2284/6727/5748 2283/6482/5459 2298/6484/5461
f 2260/6469/5448 2259/6467/5446 2279/6728/5749
f 2279/6728/5749 2259/6467/5446 2280/6722/5745
f 2279/6728/5750 2280/6722/5745 2272/6729/5751
f 2272/6729/5752 2280/6722/5745 2271/6723/5746
f 2272/6729/5752 2271/6723/5746 2292/6730/5753
f 2292/6730/5753 2271/6723/5746 2293/6725/5747
f 2292/6730/5753 2293/6725/5747 2285/6731/5754
f 2285/6731/5754 2293/6725/5747 2284/6727/5748
f 2285/6731/5754 2284/6727/5748 2299/6732/5755
f 2299/6732/5755 2284/6727/5748 2298/6484/5461
f 2299/6732/5755 2298/6484/5461 2313/6486/5463
f 2261/6471/5450 2260/6469/5448 2278/6733/5756
f 2278/6733/5756 2260/6469/5448 2279/6728/5750
f 2278/6733/5756 2279/6728/5757 2273/6734/5758
f 2273/6734/5758 2279/6728/5749 2272/6729/5751
f 2273/6734/5758 2272/6729/5752 2291/6735/5759
f 2291/6735/5759 2272/6729/5752 2292/6730/5753
f 2291/6735/5759 2292/6730/5753 2286/6736/5760
f 2286/6736/5760 2292/6730/5753 2285/6731/5754
f 2286/6736/5760 2285/6731/5754 2300/6737/5761
f 2300/6737/5761 2285/6731/5754 2299/6732/5762
f 2300/6737/5761 2299/6732/5755 2312/6738/5763
f 2312/6738/5763 2299/6732/5755 2313/6486/5764
f 2312/6738/5765 2313/6486/5463 2307/6488/5465
f 2276/6703/5724 2263/6475/5454 2262/6473/5452
f 2262/6473/5452 2261/6471/5450 2277/6739/5766
f 2277/6739/5766 2261/6471/5450 2278/6733/5756
f 2277/6739/5766 2278/6733/5756 2274/6740/5767
f 2274/6740/5767 2278/6733/5756 2273/6734/5758
f 2274/6740/5767 2273/6734/5758 2290/6741/5768
f 2290/6741/5768 2273/6734/5758 2291/6735/5759
f 2290/6741/5768 2291/6735/5759 2287/6742/5769
f 2287/6742/5769 2291/6735/5759 2286/6736/5770
f 2287/6742/5769 2286/6736/5760 2301/6743/5771
f 2301/6743/5771 2286/6736/5760 2300/6737/5761
f 2301/6743/5771 2300/6737/5761 2311/6744/5772
f 2311/6744/5772 2300/6737/5761 2312/6738/5763
f 2311/6744/5772 2312/6738/5763 2308/6745/5773
f 2308/6745/5774 2312/6738/5765 2307/6488/5465
f 2308/6745/5774 2307/6488/5465 2321/6490/5468
f 2266/6688/5707 2265/6689/5708 2513/6746/5775
f 2513/6746/5775 2265/6689/5708 2514/6669/5776
f 2513/6746/5775 2514/6669/5680 2499/6668/5679
f 2267/6681/5697 2266/6688/5777 2512/6747/5778
f 2512/6747/5779 2266/6688/5777 2513/6746/5775
f 2512/6747/5778 2513/6746/5775 2498/6748/5780
f 2498/6748/5781 2513/6746/5775 2499/6668/5782
f 2498/6748/5780 2499/6668/5782 2505/6667/5676
f 2274/6740/5767 2275/6702/5723 2277/6739/5766
f 2277/6739/5766 2275/6702/5723 2276/6703/5724
f 2277/6739/5766 2276/6703/5724 2262/6473/5452
f 2275/6702/5723 2274/6740/5767 2289/6701/5722
f 2289/6701/5783 2274/6740/5767 2290/6741/5768
f 2289/6701/5722 2290/6741/5768 2288/6700/5721
f 2288/6700/5721 2290/6741/5768 2287/6742/5769
f 2288/6700/5720 2287/6742/5769 2302/6699/5718
f 2302/6699/5718 2287/6742/5769 2301/6743/5771
f 2302/6699/5718 2301/6743/5771 2310/6698/5717
f 2310/6698/5717 2301/6743/5771 2311/6744/5772
f 2310/6698/5717 2311/6744/5772 2309/6697/5716
f 2309/6697/5716 2311/6744/5772 2308/6745/5774
f 2309/6697/5716 2308/6745/5774 2322/6696/5715
f 2322/6696/5715 2308/6745/5774 2321/6490/5468
f 2322/6696/5715 2321/6490/5468 2330/6492/5471
f 2289/6701/5722 2235/6476/88 2275/6702/5723
f 2303/6749/5485 2304/6750/5784 2249/6751/5483
f 2249/6751/5484 2304/6750/5784 2315/6496/5475
f 2249/6751/5483 2315/6496/5475 2296/6495/5473
f 2315/6496/5475 2304/6750/5784 2305/6497/5476
f 2305/6497/5785 2304/6750/5784 2318/6752/5786
f 2305/6497/5785 2318/6752/5787 2319/6498/5478
f 2319/6498/5478 2318/6752/5786 2333/6753/5788
f 2319/6498/5478 2333/6753/5788 2332/6499/5479
f 2332/6499/5479 2333/6753/5788 2327/6754/5789
f 2332/6499/5479 2327/6754/5789 2328/6500/5480
f 2328/6500/5480 2327/6754/5789 2341/6755/5790
f 2328/6500/5480 2341/6755/5791 2342/6501/5481
f 2342/6501/5481 2341/6755/5791 2349/6695/5714
f 2304/6750/5784 2303/6749/5485 2317/6756/5792
f 2317/6756/5793 2303/6749/5485 2316/6507/5487
f 2317/6756/5792 2316/6507/5487 2335/6509/5489
f 2304/6750/5784 2317/6756/5794 2318/6752/5786
f 2318/6752/5787 2317/6756/5794 2334/6757/5795
f 2318/6752/5787 2334/6757/5796 2333/6753/5788
f 2333/6753/5788 2334/6757/5795 2326/6758/5797
f 2333/6753/5788 2326/6758/5798 2327/6754/5789
f 2327/6754/5789 2326/6758/5797 2340/6759/5799
f 2327/6754/5789 2340/6759/5800 2341/6755/5790
f 2341/6755/5791 2340/6759/5800 2350/6760/5801
f 2341/6755/5791 2350/6760/5801 2349/6695/5714
f 2349/6695/5714 2350/6760/5801 2348/6694/5713
f 2334/6757/5795 2317/6756/5794 2335/6509/5489
f 2334/6757/5795 2335/6509/5489 2325/6511/5493
f 2334/6757/5795 2325/6511/5491 2326/6758/5802
f 2326/6758/5802 2325/6511/5493 2339/6513/5494
f 2326/6758/5797 2339/6513/5496 2340/6759/5799
f 2340/6759/5799 2339/6513/5496 2351/6515/5497
f 2340/6759/5800 2351/6515/5497 2350/6760/5801
f 2350/6760/5801 2351/6515/5497 2347/6517/5499
f 2350/6760/5801 2347/6517/5500 2348/6694/5713
f 2348/6694/5713 2347/6517/5500 2362/6519/5502
f 2252/6540/5525 2343/6761/5803 2251/6539/5524
f 2251/6539/5524 2343/6761/5803 2354/6532/5515
f 2251/6539/5524 2354/6532/5517 2336/6529/5514
f 2354/6533/5516 2343/6762/5804 2344/6534/5518
f 2344/6534/5518 2343/6762/5804 2366/6763/5805
f 2344/6534/5518 2366/6763/5806 2365/6535/5519
f 2365/6535/5519 2366/6763/5805 2358/6764/5807
f 2365/6535/5808 2358/6764/5807 2359/6536/5520
f 2359/6536/5520 2358/6764/5807 2372/6765/5809
f 2359/6536/5520 2372/6765/5809 2373/6537/5521
f 2373/6537/5521 2372/6765/5809 2383/6766/5810
f 2373/6537/5522 2383/6766/5810 2382/6538/5523
f 2382/6538/5523 2383/6766/5811 2381/6693/5712
f 2343/6761/5803 2252/6540/5525 2367/6767/5812
f 2367/6767/5812 2252/6540/5813 2368/6541/5528
f 2367/6767/5812 2368/6541/5814 2356/6543/5530
f 2356/6545/5530 2357/6768/5815 2367/6769/5816
f 2367/6769/5816 2357/6768/5815 2366/6763/5806
f 2367/6769/5816 2366/6763/5805 2343/6762/5804
f 2366/6763/5805 2357/6768/5815 2358/6764/5807
f 2358/6764/5807 2357/6768/5815 2371/6770/5817
f 2358/6764/5807 2371/6770/5817 2372/6765/5818
f 2372/6765/5809 2371/6770/5819 2384/6771/5820
f 2372/6765/5818 2384/6771/5820 2383/6766/5810
f 2383/6766/5810 2384/6771/5820 2380/6772/5821
f 2383/6766/5811 2380/6772/5821 2381/6693/5712
f 2381/6693/5712 2380/6772/5821 2394/6692/5711
f 2371/6770/5817 2357/6768/5815 2370/6547/5533
f 2370/6547/5533 2357/6768/5815 2356/6545/5530
f 2384/6771/5822 2371/6770/5817 2385/6549/5823
f 2385/6549/5536 2371/6770/5817 2370/6547/5533
f 2388/6566/5558 2375/6773/5568 2376/6567/5559
f 2376/6567/5559 2375/6773/5568 2389/6774/5824
f 2376/6567/5559 2389/6774/5824 2390/6568/5561
f 2390/6568/5561 2389/6774/5824 2406/6775/5825
f 2390/6568/5561 2406/6775/5825 2405/6569/5563
f 2405/6569/5563 2406/6775/5825 2398/6776/5826
f 2405/6569/5563 2398/6776/5826 2399/6570/5564
f 2399/6570/5564 2398/6776/5827 2412/6777/5828
f 2399/6570/5564 2412/6777/5828 2413/6571/5565
f 2413/6571/5565 2412/6777/5828 2423/6778/5829
f 2413/6571/5565 2423/6778/5829 2422/6572/5566
f 2422/6572/5566 2423/6778/5829 2421/6691/5710
f 2384/6771/5822 2385/6549/5536 2379/6551/5539
f 2384/6771/5820 2379/6551/5539 2380/6772/5821
f 2380/6772/5821 2379/6551/5539 2393/6553/5541
f 2380/6772/5821 2393/6553/5541 2394/6692/5711
f 2394/6692/5711 2393/6553/5541 2402/6555/5544
f 2375/6773/5568 2254/6779/5570 2389/6774/5824
f 2389/6774/5824 2254/6779/5570 2407/6780/5830
f 2389/6774/5824 2407/6780/5831 2406/6775/5825
f 2406/6775/5825 2407/6780/5832 2397/6781/5833
f 2406/6775/5825 2397/6781/5833 2398/6776/5827
f 2398/6776/5827 2397/6781/5833 2411/6782/5834
f 2398/6776/5826 2411/6782/5834 2412/6777/5828
f 2412/6777/5828 2411/6782/5834 2424/6783/5835
f 2412/6777/5828 2424/6783/5836 2423/6778/5829
f 2423/6778/5829 2424/6783/5836 2420/6784/5837
f 2423/6778/5829 2420/6784/5837 2421/6691/5710
f 2421/6691/5710 2420/6784/5837 2435/6690/5709
f 2408/6576/5838 2396/6578/5576 2407/6785/5830
f 2407/6780/5830 2396/6580/5573 2397/6781/5833
f 2411/6782/5834 2397/6781/5833 2410/6582/5577
f 2410/6582/5577 2397/6781/5833 2396/6580/5576
f 2254/6779/5570 2408/6786/5571 2407/6780/5831
f 2424/6783/5835 2411/6782/5834 2425/6584/5579
f 2425/6584/5579 2411/6782/5834 2410/6582/5577
f 2428/6600/5610 2415/6611/5612 2416/6601/5602
f 2416/6601/5602 2415/6611/5612 2430/6787/5839
f 2416/6602/5602 2430/6788/5840 2431/6603/5841
f 2431/6603/5842 2430/6788/5839 2447/6789/5843
f 2431/6603/5603 2447/6789/5843 2446/6604/5604
f 2446/6604/5604 2447/6789/5843 2439/6790/5844
f 2446/6604/5606 2439/6790/5845 2440/6605/5607
f 2440/6605/5846 2439/6790/5844 2453/6715/5738
f 2424/6783/5835 2425/6584/5579 2419/6586/5582
f 2424/6783/5836 2419/6586/5582 2420/6784/5837
f 2420/6784/5837 2419/6586/5582 2434/6588/5585
f 2420/6784/5837 2434/6588/5585 2435/6690/5709
f 2435/6690/5709 2434/6588/5585 2443/6590/5588
f 2415/6611/5612 2429/6612/5614 2430/6787/5840
f 2430/6787/5847 2429/6612/5614 2448/6614/5617
f 2430/6788/5839 2448/6616/5619 2447/6789/5843
f 2447/6789/5843 2448/6616/5619 2438/6618/5620
f 2447/6789/5843 2438/6618/5620 2439/6790/5844
f 2439/6790/5848 2438/6618/5620 2452/6620/5622
f 2439/6790/5844 2452/6620/5622 2453/6715/5738
f 2453/6715/5738 2452/6620/5622 2240/6622/5624
f 2236/6708/5650 2243/6791/5651 2456/6709/5730
f 2456/6792/5730 2243/6646/5849 2474/6793/5850
f 2456/6709/5730 2474/6794/5851 2473/6710/5731
f 2473/6710/5731 2474/6794/5851 2464/6795/5852
f 2473/6710/5731 2464/6795/5852 2465/6711/5732
f 2465/6711/5732 2464/6795/5852 2479/6796/5853
f 2465/6711/5732 2479/6796/5853 2480/6712/5734
f 2480/6712/5734 2479/6796/5853 2491/6797/5854
f 2480/6712/5735 2491/6797/5854 2490/6713/5736
f 2490/6713/5736 2491/6797/5854 2487/6798/5855
f 2490/6713/5856 2487/6798/5857 2488/6705/5727
f 2488/6705/5726 2487/6798/5855 2502/6704/5858
f 2469/6626/5630 2461/6706/5739 2460/6624/5626
f 2475/6647/5652 2463/6649/5655 2474/6793/5851
f 2474/6794/5851 2463/6651/5655 2464/6795/5852
f 2479/6796/5853 2464/6795/5852 2478/6653/5657
f 2478/6653/5657 2464/6795/5852 2463/6651/5655
f 2243/6646/5849 2475/6647/5652 2474/6793/5851
f 2491/6797/5854 2479/6796/5859 2492/6655/5659
f 2492/6655/5659 2479/6796/5853 2478/6653/5657
f 2245/6672/5684 2483/6799/5860 2244/6671/5683
f 2244/6671/5683 2483/6799/5860 2494/6664/5673
f 2244/6671/5683 2494/6664/5673 2476/6663/5671
f 2494/6665/5674 2483/6800/5860 2484/6666/5675
f 2484/6666/5675 2483/6800/5860 2506/6801/5861
f 2484/6666/5675 2506/6801/5861 2505/6667/5676
f 2505/6667/5676 2506/6801/5861 2498/6748/5780
f 2483/6799/5860 2245/6672/5684 2507/6802/5862
f 2507/6802/5863 2245/6672/5864 2508/6673/5865
f 2507/6802/5863 2508/6673/5687 2496/6675/5689
f 2491/6797/5866 2492/6655/5867 2486/6657/5662
f 2491/6797/5854 2486/6657/5663 2487/6798/5855
f 2487/6798/5857 2486/6657/5663 2503/6659/5665
f 2487/6798/5855 2503/6659/5665 2502/6704/5858
f 2502/6704/5858 2503/6659/5665 2501/6661/5668
f 2496/6676/5689 2497/6803/5868 2507/6804/5862
f 2507/6804/5862 2497/6803/5868 2506/6801/5861
f 2507/6804/5869 2506/6801/5861 2483/6800/5860
f 2512/6747/5778 2498/6748/5780 2497/6803/5868
f 2497/6803/5868 2498/6748/5780 2506/6801/5861
f 2512/6747/5778 2497/6803/5868 2511/6679/5695
f 2511/6679/5695 2497/6803/5868 2496/6676/5689
f 2267/6681/5697 2512/6747/5870 2511/6679/5695
