# Blender 4.0.2
# www.blender.org
mtllib Axis5.mtl
o Axis5
v -27.000000 -0.000005 -68.000000
v -27.209332 1.052374 -68.000000
v -27.805456 1.944539 -68.000000
v -28.697620 2.540664 -68.000000
v -29.750000 2.749995 -68.000000
v -30.802380 2.540664 -68.000000
v -31.694544 1.944539 -68.000000
v -32.290668 1.052374 -68.000000
v -32.500000 -0.000005 -68.000000
v -32.295647 3.638840 -68.000000
v -31.685158 7.231925 -68.000000
v -30.676208 10.734065 -68.000000
v -29.281488 14.101217 -68.000000
v -27.518536 17.291037 -68.000000
v -25.409523 20.263412 -68.000000
v -22.980970 22.980965 -68.000000
v -23.577095 22.088800 -68.000000
v -23.786427 21.036421 -68.000000
v -23.577095 19.984041 -68.000000
v -22.980970 19.091877 -68.000000
v -22.088806 18.495752 -68.000000
v -21.036427 18.286421 -68.000000
v -19.984047 18.495752 -68.000000
v -19.091883 19.091877 -68.000000
v -21.420540 16.436554 -68.000000
v -23.382687 13.499995 -68.000000
v -24.944748 10.332448 -68.000000
v -26.079996 6.988109 -68.000000
v -26.769011 3.524202 -68.000000
v -18.495758 19.984041 -68.000000
v -18.286427 21.036421 -68.000000
v -18.495758 22.088800 -68.000000
v -19.091883 22.980965 -68.000000
v -19.984047 23.577089 -68.000000
v -21.036427 23.786421 -68.000000
v -22.088806 23.577089 -68.000000
v -20.043364 25.583458 -68.000000
v -16.813478 27.812885 -68.000000
v -13.338416 29.636740 -68.000000
v -9.668849 31.028421 -68.000000
v -5.858289 31.967642 -68.000000
v -1.962301 32.440701 -68.000000
v 1.962301 32.440701 -68.000000
v 5.858289 31.967642 -68.000000
v 9.668849 31.028421 -68.000000
v 13.338416 29.636740 -68.000000
v 16.813478 27.812885 -68.000000
v 20.043364 25.583458 -68.000000
v 22.980970 22.980965 -68.000000
v 22.088806 23.577089 -68.000000
v 21.036427 23.786421 -68.000000
v 19.984047 23.577089 -68.000000
v 19.091883 22.980965 -68.000000
v 18.495758 22.088800 -68.000000
v 18.286427 21.036421 -68.000000
v 18.495758 19.984041 -68.000000
v 19.091883 19.091877 -68.000000
v 16.436560 21.420534 -68.000000
v 13.500000 23.382681 -68.000000
v 10.332453 24.944742 -68.000000
v 6.988114 26.079990 -68.000000
v 3.524207 26.769005 -68.000000
v 0.000000 26.999994 -68.000000
v -3.524207 26.769005 -68.000000
v -6.988114 26.079990 -68.000000
v -10.332453 24.944742 -68.000000
v -13.500000 23.382681 -68.000000
v -16.436560 21.420534 -68.000000
v 19.984047 18.495752 -68.000000
v 21.036427 18.286421 -68.000000
v 22.088806 18.495752 -68.000000
v 22.980970 19.091877 -68.000000
v 23.577095 19.984041 -68.000000
v 23.786427 21.036421 -68.000000
v 23.577095 22.088800 -68.000000
v 25.409523 20.263412 -68.000000
v 27.518536 17.291037 -68.000000
v 29.281488 14.101217 -68.000000
v 30.676208 10.734065 -68.000000
v 31.685158 7.231925 -68.000000
v 32.295647 3.638840 -68.000000
v 32.500000 -0.000005 -68.000000
v 32.290668 1.052374 -68.000000
v 31.694544 1.944539 -68.000000
v 30.802380 2.540664 -68.000000
v 29.750000 2.749995 -68.000000
v 28.697620 2.540664 -68.000000
v 27.805456 1.944539 -68.000000
v 27.209332 1.052374 -68.000000
v 27.000000 -0.000005 -68.000000
v 26.769011 3.524202 -68.000000
v 26.079996 6.988109 -68.000000
v 24.944748 10.332448 -68.000000
v 23.382687 13.499995 -68.000000
v 21.420540 16.436554 -68.000000
v 27.209332 -1.052384 -68.000000
v 27.805456 -1.944549 -68.000000
v 28.697620 -2.540674 -68.000000
v 29.750000 -2.750005 -68.000000
v 30.802380 -2.540674 -68.000000
v 31.694544 -1.944549 -68.000000
v 32.290668 -1.052384 -68.000000
v 32.295647 -3.638850 -68.000000
v 31.685158 -7.231935 -68.000000
v 30.676208 -10.734075 -68.000000
v 29.281488 -14.101227 -68.000000
v 27.518536 -17.291048 -68.000000
v 25.409523 -20.263424 -68.000000
v 22.980970 -22.980976 -68.000000
v 23.577095 -22.088812 -68.000000
v 23.786427 -21.036432 -68.000000
v 23.577095 -19.984053 -68.000000
v 22.980970 -19.091888 -68.000000
v 22.088806 -18.495764 -68.000000
v 21.036427 -18.286432 -68.000000
v 19.984047 -18.495764 -68.000000
v 19.091883 -19.091888 -68.000000
v 21.420540 -16.436565 -68.000000
v 23.382687 -13.500005 -68.000000
v 24.944748 -10.332458 -68.000000
v 26.079996 -6.988119 -68.000000
v 26.769011 -3.524212 -68.000000
v 18.495758 -19.984053 -68.000000
v 18.286427 -21.036432 -68.000000
v 18.495758 -22.088812 -68.000000
v 19.091883 -22.980976 -68.000000
v 19.984047 -23.577101 -68.000000
v 21.036427 -23.786432 -68.000000
v 22.088806 -23.577101 -68.000000
v 20.043364 -25.583469 -68.000000
v 16.813478 -27.812897 -68.000000
v 13.338416 -29.636751 -68.000000
v 9.668849 -31.028433 -68.000000
v 5.858289 -31.967653 -68.000000
v 1.962301 -32.440708 -68.000000
v -1.962301 -32.440708 -68.000000
v -5.858289 -31.967653 -68.000000
v -9.668849 -31.028433 -68.000000
v -13.338416 -29.636751 -68.000000
v -16.813478 -27.812897 -68.000000
v -20.043364 -25.583469 -68.000000
v -22.980970 -22.980976 -68.000000
v -22.088806 -23.577101 -68.000000
v -21.036427 -23.786432 -68.000000
v -19.984047 -23.577101 -68.000000
v -19.091883 -22.980976 -68.000000
v -18.495758 -22.088812 -68.000000
v -18.286427 -21.036432 -68.000000
v -18.495758 -19.984053 -68.000000
v -19.091883 -19.091888 -68.000000
v -16.436560 -21.420546 -68.000000
v -13.500000 -23.382692 -68.000000
v -10.332453 -24.944754 -68.000000
v -6.988114 -26.080002 -68.000000
v -3.524207 -26.769016 -68.000000
v 0.000000 -27.000006 -68.000000
v 3.524207 -26.769016 -68.000000
v 6.988114 -26.080002 -68.000000
v 10.332453 -24.944754 -68.000000
v 13.500000 -23.382692 -68.000000
v 16.436560 -21.420546 -68.000000
v -16.500000 -27.000004 -51.999996
v -17.564297 -26.885418 -51.999996
v -18.579811 -26.546913 -51.999996
v -19.500000 -26.000004 -51.999996
v -16.331614 -28.098553 -51.999996
v -12.939919 -29.812895 -51.999996
v -9.371291 -31.119595 -51.999996
v -5.674525 -32.000782 -51.999996
v -1.900169 -32.444408 -51.999996
v 1.900169 -32.444408 -51.999996
v 5.674525 -32.000782 -51.999996
v 9.371291 -31.119595 -51.999996
v 12.939919 -29.812895 -51.999996
v 16.331614 -28.098553 -51.999996
v 19.500000 -26.000004 -51.999996
v 18.579811 -26.546913 -51.999996
v 17.564297 -26.885418 -51.999996
v 16.500000 -27.000004 -51.999996
v -19.984047 -18.495764 -68.000000
v -21.036427 -18.286432 -68.000000
v -22.088806 -18.495764 -68.000000
v -22.980970 -19.091888 -68.000000
v -23.577095 -19.984053 -68.000000
v -23.786427 -21.036432 -68.000000
v -23.577095 -22.088812 -68.000000
v -25.409523 -20.263424 -68.000000
v -27.518536 -17.291048 -68.000000
v -29.281488 -14.101227 -68.000000
v -30.676208 -10.734075 -68.000000
v -31.685158 -7.231935 -68.000000
v -32.295647 -3.638850 -68.000000
v -32.290668 -1.052384 -68.000000
v -31.694544 -1.944549 -68.000000
v -30.802380 -2.540674 -68.000000
v -29.750000 -2.750005 -68.000000
v -28.697620 -2.540674 -68.000000
v -27.805456 -1.944549 -68.000000
v -27.209332 -1.052384 -68.000000
v -26.769011 -3.524212 -68.000000
v -26.079996 -6.988119 -68.000000
v -24.944748 -10.332458 -68.000000
v -23.382687 -13.500005 -68.000000
v -21.420540 -16.436565 -68.000000
v 26.994284 21.999998 -29.517941
v 30.048557 21.999998 -26.402353
v 32.745338 21.999998 -22.972656
v 35.052544 21.999998 -19.269648
v 36.942722 21.999998 -15.337386
v 38.393387 22.000000 -11.222651
v 39.387280 22.000000 -6.974401
v 39.912575 22.000000 -2.643175
v 39.963024 22.000000 1.719498
v 39.538029 22.000000 6.061715
v 38.642639 22.000000 10.331812
v 37.287514 22.000002 14.478992
v 35.488773 22.000002 18.453913
v 33.267818 22.000002 22.209284
v 30.651068 22.000002 25.700426
v 27.669659 22.000002 28.885809
v 24.359058 22.000002 31.727530
v 20.758654 22.000002 34.191788
v 16.911282 22.000002 36.249256
v 12.862712 22.000002 37.875462
v 8.661113 22.000004 39.051060
v 4.356471 22.000004 39.762058
v 0.000000 22.000004 40.000000
v -4.356471 22.000004 39.762058
v -8.661113 22.000004 39.051060
v -12.862712 22.000002 37.875462
v -16.911282 22.000002 36.249256
v -20.758654 22.000002 34.191788
v -24.359058 22.000002 31.727530
v -27.669659 22.000002 28.885809
v -30.651068 22.000002 25.700426
v -33.267818 22.000002 22.209284
v -35.488773 22.000002 18.453913
v -37.287514 22.000002 14.478992
v -38.642639 22.000000 10.331812
v -39.538029 22.000000 6.061715
v -39.963024 22.000000 1.719498
v -39.912575 22.000000 -2.643175
v -39.387280 22.000000 -6.974401
v -38.393387 22.000000 -11.222651
v -36.942722 21.999998 -15.337386
v -35.052544 21.999998 -19.269648
v -32.745338 21.999998 -22.972656
v -30.048557 21.999998 -26.402353
v -26.994284 21.999998 -29.517941
v -28.407724 19.618652 -28.160275
v -29.650734 17.133444 -26.848351
v -30.722837 14.547706 -25.614594
v -31.625916 11.847919 -24.490841
v -32.355396 9.016801 -23.518684
v -32.890327 6.093414 -22.764589
v -33.219776 3.092816 -22.281092
v -33.333321 0.014517 -22.110851
v -33.271358 -2.285714 -22.203979
v -33.085907 -4.560543 -22.479385
v -32.894608 -6.064096 -22.758402
v -32.358482 -9.002752 -23.514433
v -31.635042 -11.817064 -24.479053
v -30.731289 -14.525031 -25.604448
v -29.651323 -17.132076 -26.847692
v -28.406586 -19.620716 -28.161421
v -26.994284 -22.000002 -29.517937
v -30.048557 -22.000002 -26.402349
v -32.745338 -22.000002 -22.972652
v -35.052544 -22.000002 -19.269644
v -36.942722 -22.000002 -15.337382
v -38.393387 -22.000000 -11.222648
v -39.387280 -22.000000 -6.974398
v -39.912575 -22.000000 -2.643171
v -39.963024 -22.000000 1.719502
v -39.538029 -22.000000 6.061718
v -38.642639 -22.000000 10.331816
v -37.287514 -21.999998 14.478995
v -35.488773 -21.999998 18.453917
v -33.267818 -21.999998 22.209288
v -30.651068 -21.999998 25.700430
v -27.669659 -21.999998 28.885813
v -24.359058 -21.999998 31.727533
v -20.758654 -21.999998 34.191788
v -16.911282 -21.999998 36.249256
v -12.862712 -21.999998 37.875462
v -8.661113 -21.999996 39.051060
v -4.356471 -21.999996 39.762058
v 0.000000 -21.999996 40.000000
v 4.356471 -21.999996 39.762058
v 8.661113 -21.999996 39.051060
v 12.862712 -21.999998 37.875462
v 16.911282 -21.999998 36.249256
v 20.758654 -21.999998 34.191788
v 24.359058 -21.999998 31.727533
v 27.669659 -21.999998 28.885813
v 30.651068 -21.999998 25.700430
v 33.267818 -21.999998 22.209288
v 35.488773 -21.999998 18.453917
v 37.287514 -21.999998 14.478995
v 38.642639 -22.000000 10.331816
v 39.538029 -22.000000 6.061718
v 39.963024 -22.000000 1.719502
v 39.912575 -22.000000 -2.643171
v 39.387280 -22.000000 -6.974398
v 38.393387 -22.000000 -11.222648
v 36.942722 -22.000002 -15.337382
v 35.052544 -22.000002 -19.269644
v 32.745338 -22.000002 -22.972652
v 30.048557 -22.000002 -26.402349
v 26.994284 -22.000002 -29.517937
v 28.407724 -19.618656 -28.160271
v 29.650734 -17.133448 -26.848347
v 30.722837 -14.547709 -25.614590
v 31.625916 -11.847922 -24.490841
v 32.355396 -9.016805 -23.518684
v 32.890327 -6.093418 -22.764589
v 33.219776 -3.092820 -22.281092
v 33.333321 -0.014521 -22.110851
v 33.271358 2.285710 -22.203979
v 33.085907 4.560539 -22.479385
v 32.894608 6.064092 -22.758402
v 32.358482 9.002748 -23.514433
v 31.635042 11.817060 -24.479053
v 30.731289 14.525027 -25.604452
v 29.651323 17.132072 -26.847696
v 28.406586 19.620712 -28.161425
v 16.500000 26.999996 -52.000004
v -16.500000 26.999996 -52.000004
v -16.500000 26.999996 -38.971146
v -16.708378 26.999998 -37.065369
v -17.231319 26.999998 -35.227737
v -17.971495 26.999998 -33.454987
v -18.861307 26.999998 -31.772839
v -19.875637 26.999998 -30.168915
v -21.006695 26.999998 -28.638323
v -22.256653 26.999998 -27.183603
v -23.619999 26.999998 -25.828197
v -26.476116 26.999998 -22.891380
v -28.969519 26.999998 -19.640955
v -31.066040 26.999998 -16.121452
v -32.736961 27.000000 -12.381088
v -33.959393 27.000000 -8.471104
v -34.716587 27.000000 -4.445068
v -34.998169 27.000000 -0.358135
v -34.800278 27.000000 3.733705
v -34.125633 27.000000 7.774393
v -32.983471 27.000000 11.708573
v -31.389439 27.000002 15.482347
v -29.365377 27.000002 19.044016
v -26.939014 27.000002 22.344786
v -24.143593 27.000002 25.339434
v -21.017405 27.000002 27.986937
v -17.603285 27.000002 30.251020
v -13.948000 27.000002 32.100670
v -10.101631 27.000002 33.510548
v -6.116871 27.000002 34.461334
v -2.048311 27.000002 34.940010
v 2.048311 27.000002 34.940010
v 6.116871 27.000002 34.461334
v 10.101631 27.000002 33.510548
v 13.948000 27.000002 32.100670
v 17.603285 27.000002 30.251020
v 21.017405 27.000002 27.986937
v 24.143593 27.000002 25.339434
v 26.939014 27.000002 22.344786
v 29.365377 27.000002 19.044016
v 31.389439 27.000002 15.482347
v 32.983471 27.000000 11.708573
v 34.125633 27.000000 7.774393
v 34.800278 27.000000 3.733705
v 34.998169 27.000000 -0.358135
v 34.716587 27.000000 -4.445068
v 33.959393 27.000000 -8.471104
v 32.736961 27.000000 -12.381088
v 31.066040 26.999998 -16.121452
v 28.969519 26.999998 -19.640955
v 26.476116 26.999998 -22.891380
v 23.619999 26.999998 -25.828197
v 22.261677 26.999998 -27.177397
v 21.022114 26.999998 -28.618938
v 19.891760 26.999998 -30.145372
v 18.870667 26.999998 -31.756748
v 17.972115 26.999998 -33.453682
v 17.233328 26.999998 -35.222115
v 16.707769 26.999998 -37.068306
v 16.500000 26.999996 -38.971146
v -23.619999 -27.000002 -25.828194
v -22.261690 -27.000002 -27.177378
v -21.022095 -27.000002 -28.618959
v -19.891668 -27.000002 -30.145500
v -18.870481 -27.000002 -31.757063
v -17.971979 -27.000002 -33.453957
v -17.233259 -27.000002 -35.222294
v -16.707752 -27.000002 -37.068386
v -16.500000 -27.000004 -38.971138
v 16.500000 -27.000004 -38.971138
v 16.709660 -27.000002 -37.059166
v 17.232492 -27.000002 -35.224442
v 17.968746 -27.000002 -33.460747
v 18.862698 -27.000002 -31.770443
v 19.879984 -27.000002 -30.162560
v 21.012133 -27.000002 -28.631485
v 22.260347 -27.000002 -27.179617
v 23.619999 -27.000002 -25.828194
v 26.476116 -27.000002 -22.891376
v 28.969519 -27.000002 -19.640951
v 31.066040 -27.000002 -16.121449
v 32.736961 -27.000000 -12.381084
v 33.959393 -27.000000 -8.471100
v 34.716587 -27.000000 -4.445064
v 34.998169 -27.000000 -0.358131
v 34.800278 -27.000000 3.733709
v 34.125633 -27.000000 7.774397
v 32.983471 -27.000000 11.708577
v 31.389439 -26.999998 15.482351
v 29.365377 -26.999998 19.044020
v 26.939014 -26.999998 22.344790
v 24.143593 -26.999998 25.339437
v 21.017405 -26.999998 27.986940
v 17.603285 -26.999998 30.251024
v 13.948000 -26.999998 32.100677
v 10.101631 -26.999998 33.510555
v 6.116871 -26.999998 34.461342
v 2.048311 -26.999998 34.940018
v -2.048311 -26.999998 34.940018
v -6.116871 -26.999998 34.461342
v -10.101631 -26.999998 33.510555
v -13.948000 -26.999998 32.100677
v -17.603285 -26.999998 30.251024
v -21.017405 -26.999998 27.986940
v -24.143593 -26.999998 25.339437
v -26.939014 -26.999998 22.344790
v -29.365377 -26.999998 19.044020
v -31.389439 -26.999998 15.482351
v -32.983471 -27.000000 11.708577
v -34.125633 -27.000000 7.774397
v -34.800278 -27.000000 3.733709
v -34.998169 -27.000000 -0.358131
v -34.716587 -27.000000 -4.445064
v -33.959393 -27.000000 -8.471100
v -32.736961 -27.000000 -12.381084
v -31.066040 -27.000002 -16.121449
v -28.969519 -27.000002 -19.640951
v -26.476116 -27.000002 -22.891376
v 22.376116 -23.570312 -52.000000
v 24.951931 -20.824295 -52.000000
v 27.192879 -17.798805 -52.000000
v 29.068884 -14.534446 -52.000000
v 30.554770 -11.075026 -52.000000
v 31.630592 -7.466974 -52.000000
v 32.281918 -3.758711 -52.000000
v 32.500000 -0.000004 -52.000000
v 32.281918 3.758703 -52.000000
v 31.630592 7.466966 -52.000000
v 30.554770 11.075018 -52.000000
v 29.068884 14.534438 -52.000000
v 27.192879 17.798798 -52.000000
v 24.951931 20.824287 -52.000000
v 22.376116 23.570305 -52.000000
v 19.500000 25.999996 -52.000004
v 19.500000 25.999996 -38.971146
v 22.317329 23.625977 -36.903904
v 24.797979 21.007381 -34.731731
v 26.944555 18.172529 -32.533363
v 28.781027 15.096438 -30.367262
v 30.306244 11.738040 -28.322906
v 30.935860 9.961055 -27.401665
v 31.471657 8.110785 -26.576935
v 31.908237 6.173678 -25.874580
v 32.233685 4.152048 -25.331839
v 32.432529 2.093105 -24.991655
v 32.500000 -0.002235 -24.874685
v 32.430813 -2.119532 -24.994619
v 32.230148 -4.179433 -25.337831
v 31.907398 -6.178018 -25.875959
v 31.468752 -8.122050 -26.581512
v 30.926594 -9.989786 -27.415583
v 30.294867 -11.767375 -28.339108
v 28.776827 -15.104445 -30.372557
v 26.925259 -18.201115 -32.554630
v 24.770020 -21.040346 -34.758286
v 22.305796 -23.636868 -36.913185
v 19.500000 -26.000004 -38.971138
v -19.500000 -26.000004 -38.971138
v -22.317329 -23.625980 -36.903904
v -24.797979 -21.007385 -34.731731
v -26.944555 -18.172533 -32.533363
v -28.781027 -15.096442 -30.367258
v -30.306244 -11.738044 -28.322906
v -30.935860 -9.961059 -27.401665
v -31.471657 -8.110789 -26.576935
v -31.908237 -6.173682 -25.874580
v -32.233685 -4.152052 -25.331839
v -32.432529 -2.093109 -24.991655
v -32.500000 0.002231 -24.874685
v -32.430813 2.119528 -24.994619
v -32.230148 4.179429 -25.337831
v -31.907398 6.178014 -25.875959
v -31.468752 8.122046 -26.581512
v -30.926594 9.989782 -27.415583
v -30.294867 11.767371 -28.339108
v -28.776827 15.104442 -30.372561
v -26.925259 18.201111 -32.554630
v -24.770020 21.040342 -34.758286
v -22.305796 23.636864 -36.913185
v -19.500000 25.999996 -38.971146
v -19.500000 25.999996 -52.000004
v -22.376116 23.570305 -52.000000
v -24.951931 20.824287 -52.000000
v -27.192879 17.798798 -52.000000
v -29.068884 14.534438 -52.000000
v -30.554770 11.075018 -52.000000
v -31.630592 7.466966 -52.000000
v -32.281918 3.758703 -52.000000
v -32.500000 -0.000004 -52.000000
v -32.281918 -3.758711 -52.000000
v -31.630592 -7.466974 -52.000000
v -30.554770 -11.075026 -52.000000
v -29.068884 -14.534446 -52.000000
v -27.192879 -17.798805 -52.000000
v -24.951931 -20.824295 -52.000000
v -22.376116 -23.570312 -52.000000
v -33.000000 -0.000004 -52.500000
v -32.759392 3.977706 -52.500000
v -32.041080 7.897413 -52.500000
v -30.855536 11.701957 -52.500000
v -29.220049 15.335861 -52.500000
v -27.158468 18.746134 -52.500000
v -24.700855 21.883043 -52.500000
v -21.883047 24.700851 -52.500000
v -18.746138 27.158464 -52.500004
v -15.335865 29.220045 -52.500004
v -11.701961 30.855532 -52.500004
v -7.897417 32.041077 -52.500004
v -3.977710 32.759388 -52.500004
v 0.000000 32.999996 -52.500004
v 3.977710 32.759388 -52.500004
v 7.897417 32.041077 -52.500004
v 11.701961 30.855532 -52.500004
v 15.335865 29.220045 -52.500004
v 18.746138 27.158464 -52.500004
v 21.883047 24.700851 -52.500000
v 24.700855 21.883043 -52.500000
v 27.158468 18.746134 -52.500000
v 29.220049 15.335861 -52.500000
v 30.855536 11.701957 -52.500000
v 32.041080 7.897413 -52.500000
v 32.759392 3.977706 -52.500000
v 33.000000 -0.000004 -52.500000
v 32.759392 -3.977714 -52.500000
v 32.041080 -7.897421 -52.500000
v 30.855536 -11.701964 -52.500000
v 29.220049 -15.335869 -52.500000
v 27.158468 -18.746141 -52.500000
v 24.700855 -21.883051 -52.500000
v 21.883047 -24.700859 -52.500000
v 18.746138 -27.158472 -52.499996
v 15.335865 -29.220053 -52.499996
v 11.701961 -30.855539 -52.499996
v 7.897417 -32.041084 -52.499996
v 3.977710 -32.759396 -52.499996
v 0.000000 -33.000004 -52.499996
v -3.977710 -32.759396 -52.499996
v -7.897417 -32.041084 -52.499996
v -11.701961 -30.855539 -52.499996
v -15.335865 -29.220053 -52.499996
v -18.746138 -27.158472 -52.499996
v -21.883047 -24.700859 -52.500000
v -24.700855 -21.883051 -52.500000
v -27.158468 -18.746141 -52.500000
v -29.220049 -15.335869 -52.500000
v -30.855536 -11.701964 -52.500000
v -32.041080 -7.897421 -52.500000
v -32.759392 -3.977714 -52.500000
v -33.000000 -0.000005 -67.500000
v -32.759392 -3.977715 -67.500000
v -32.041080 -7.897422 -67.500000
v -30.855536 -11.701965 -67.500000
v -29.220049 -15.335870 -67.500000
v -27.158468 -18.746143 -67.500000
v -24.700855 -21.883053 -67.500000
v -21.883047 -24.700861 -67.500000
v -18.746138 -27.158474 -67.500000
v -15.335865 -29.220055 -67.500000
v -11.701961 -30.855541 -67.500000
v -7.897417 -32.041084 -67.500000
v -3.977710 -32.759396 -67.500000
v 0.000000 -33.000004 -67.500000
v 3.977710 -32.759396 -67.500000
v 7.897417 -32.041084 -67.500000
v 11.701961 -30.855541 -67.500000
v 15.335865 -29.220055 -67.500000
v 18.746138 -27.158474 -67.500000
v 21.883047 -24.700861 -67.500000
v 24.700855 -21.883053 -67.500000
v 27.158468 -18.746143 -67.500000
v 29.220049 -15.335870 -67.500000
v 30.855536 -11.701965 -67.500000
v 32.041080 -7.897422 -67.500000
v 32.759392 -3.977715 -67.500000
v 33.000000 -0.000005 -67.500000
v 32.759392 3.977705 -67.500000
v 32.041080 7.897412 -67.500000
v 30.855536 11.701956 -67.500000
v 29.220049 15.335860 -67.500000
v 27.158468 18.746132 -67.500000
v 24.700855 21.883041 -67.500000
v 21.883047 24.700850 -67.500000
v 18.746138 27.158463 -67.500000
v 15.335865 29.220043 -67.500000
v 11.701961 30.855530 -67.500000
v 7.897417 32.041077 -67.500000
v 3.977710 32.759388 -67.500000
v 0.000000 32.999996 -67.500000
v -3.977710 32.759388 -67.500000
v -7.897417 32.041077 -67.500000
v -11.701961 30.855530 -67.500000
v -15.335865 29.220043 -67.500000
v -18.746138 27.158463 -67.500000
v -21.883047 24.700850 -67.500000
v -24.700855 21.883041 -67.500000
v -27.158468 18.746132 -67.500000
v -29.220049 15.335860 -67.500000
v -30.855536 11.701956 -67.500000
v -32.041080 7.897412 -67.500000
v -32.759392 3.977705 -67.500000
v 17.564297 26.885410 -52.000004
v 18.579811 26.546906 -52.000004
v 16.331614 28.098545 -52.000004
v 12.939919 29.812887 -52.000004
v 9.371291 31.119587 -52.000004
v 5.674525 32.000774 -52.000004
v 1.900169 32.444401 -52.000004
v -1.900169 32.444401 -52.000004
v -5.674525 32.000774 -52.000004
v -9.371291 31.119587 -52.000004
v -12.939919 29.812887 -52.000004
v -16.331614 28.098545 -52.000004
v -18.579811 26.546906 -52.000004
v -17.564297 26.885410 -52.000004
v -26.500000 -0.000005 -68.500000
v -26.263554 3.532099 -68.500000
v -25.558434 7.001173 -68.500000
v -24.397223 10.345311 -68.500000
v -22.800642 13.504836 -68.500000
v -20.797184 16.423367 -68.500000
v -18.422600 19.048822 -68.500000
v -15.719263 21.334351 -68.500000
v -12.735417 23.239168 -68.500000
v -9.524306 24.729280 -68.500000
v -6.143234 25.778099 -68.500000
v -2.652536 26.366907 -68.500000
v 0.885497 26.485195 -68.500000
v 4.407728 26.130856 -68.500000
v 7.851303 25.310211 -68.500000
v 11.154771 24.037903 -68.500000
v 14.259182 22.336639 -68.500000
v 17.109138 20.236776 -68.500000
v 19.653782 17.775789 -68.500000
v 21.847700 14.997593 -68.500000
v 23.651749 11.951763 -68.500000
v 25.033731 8.692655 -68.500000
v 25.968985 5.278424 -68.500000
v 26.440823 1.770000 -68.500000
v 26.440823 -1.770010 -68.500000
v 25.968985 -5.278434 -68.500000
v 25.033731 -8.692664 -68.500000
v 23.651749 -11.951773 -68.500000
v 21.847700 -14.997602 -68.500000
v 19.653782 -17.775801 -68.500000
v 17.109138 -20.236788 -68.500000
v 14.259182 -22.336651 -68.500000
v 11.154771 -24.037914 -68.500000
v 7.851303 -25.310223 -68.500000
v 4.407728 -26.130867 -68.500000
v 0.885497 -26.485207 -68.500000
v -2.652536 -26.366919 -68.500000
v -6.143234 -25.778111 -68.500000
v -9.524306 -24.729292 -68.500000
v -12.735417 -23.239180 -68.500000
v -15.719263 -21.334362 -68.500000
v -18.422600 -19.048834 -68.500000
v -20.797184 -16.423378 -68.500000
v -22.800642 -13.504846 -68.500000
v -24.397223 -10.345321 -68.500000
v -25.558434 -7.001183 -68.500000
v -26.263554 -3.532109 -68.500000
v -26.500000 -0.000006 -73.500000
v -26.263554 -3.532109 -73.500000
v -25.558434 -7.001184 -73.500000
v -24.397223 -10.345322 -73.500000
v -22.800642 -13.504847 -73.500000
v -20.797184 -16.423378 -73.500000
v -18.422600 -19.048834 -73.500000
v -15.719263 -21.334362 -73.500000
v -12.735417 -23.239180 -73.500000
v -9.524306 -24.729292 -73.500000
v -6.143234 -25.778111 -73.500000
v -2.652536 -26.366919 -73.500000
v 0.885497 -26.485207 -73.500000
v 4.407728 -26.130867 -73.500000
v 7.851303 -25.310223 -73.500000
v 11.154771 -24.037914 -73.500000
v 14.259182 -22.336651 -73.500000
v 17.109138 -20.236788 -73.500000
v 19.653782 -17.775801 -73.500000
v 21.847700 -14.997603 -73.500000
v 23.651749 -11.951774 -73.500000
v 25.033731 -8.692665 -73.500000
v 25.968985 -5.278435 -73.500000
v 26.440823 -1.770011 -73.500000
v 26.440823 1.769999 -73.500000
v 25.968985 5.278423 -73.500000
v 25.033731 8.692654 -73.500000
v 23.651749 11.951762 -73.500000
v 21.847700 14.997592 -73.500000
v 19.653782 17.775789 -73.500000
v 17.109138 20.236776 -73.500000
v 14.259182 22.336639 -73.500000
v 11.154771 24.037903 -73.500000
v 7.851303 25.310211 -73.500000
v 4.407728 26.130856 -73.500000
v 0.885497 26.485195 -73.500000
v -2.652536 26.366907 -73.500000
v -6.143234 25.778099 -73.500000
v -9.524306 24.729280 -73.500000
v -12.735417 23.239168 -73.500000
v -15.719263 21.334351 -73.500000
v -18.422600 19.048822 -73.500000
v -20.797184 16.423367 -73.500000
v -22.800642 13.504835 -73.500000
v -24.397223 10.345310 -73.500000
v -25.558434 7.001172 -73.500000
v -26.263554 3.532099 -73.500000
v -26.000000 -0.000006 -74.000000
v -25.757835 3.540328 -74.000000
v -25.035849 7.014710 -74.000000
v -23.847494 10.358422 -74.000000
v -22.214905 13.509177 -74.000000
v -20.168493 16.408281 -74.000000
v -17.746382 19.001730 -74.000000
v -14.993688 21.241211 -74.000000
v -11.961691 23.085011 -74.000000
v -8.706870 24.498777 -74.000000
v -5.289856 25.456181 -74.000000
v -1.774303 25.939383 -74.000000
v 1.774303 25.939383 -74.000000
v 5.289856 25.456181 -74.000000
v 8.706870 24.498777 -74.000000
v 11.961691 23.085011 -74.000000
v 14.993688 21.241211 -74.000000
v 17.746382 19.001730 -74.000000
v 20.168493 16.408281 -74.000000
v 22.214905 13.509177 -74.000000
v 23.847494 10.358422 -74.000000
v 25.035849 7.014710 -74.000000
v 25.757835 3.540328 -74.000000
v 26.000000 -0.000006 -74.000000
v 25.757835 -3.540339 -74.000000
v 25.035849 -7.014722 -74.000000
v 23.847494 -10.358434 -74.000000
v 22.214905 -13.509189 -74.000000
v 20.168493 -16.408293 -74.000000
v 17.746382 -19.001741 -74.000000
v 14.993688 -21.241222 -74.000000
v 11.961691 -23.085022 -74.000000
v 8.706870 -24.498789 -74.000000
v 5.289856 -25.456192 -74.000000
v 1.774303 -25.939394 -74.000000
v -1.774303 -25.939394 -74.000000
v -5.289856 -25.456192 -74.000000
v -8.706870 -24.498789 -74.000000
v -11.961691 -23.085022 -74.000000
v -14.993688 -21.241222 -74.000000
v -17.746382 -19.001741 -74.000000
v -20.168493 -16.408293 -74.000000
v -22.214905 -13.509189 -74.000000
v -23.847494 -10.358434 -74.000000
v -25.035849 -7.014722 -74.000000
v -25.757835 -3.540339 -74.000000
v -20.500000 -0.000006 -74.000000
v -20.259748 -3.129315 -74.000000
v -19.544626 -6.185278 -74.000000
v -18.371393 -9.096263 -74.000000
v -16.767551 -11.794039 -74.000000
v -14.770693 -14.215372 -74.000000
v -12.427621 -16.303511 -74.000000
v -9.793256 -18.009506 -74.000000
v -6.929346 -19.293377 -74.000000
v -3.903018 -20.125027 -74.000000
v -0.785206 -20.484962 -74.000000
v 2.351010 -20.364748 -74.000000
v 5.432121 -19.767202 -74.000000
v 8.385907 -18.706329 -74.000000
v 11.143135 -17.206997 -74.000000
v 13.639177 -15.304347 -74.000000
v 15.815528 -13.042975 -74.000000
v 17.621178 -10.475888 -74.000000
v 19.013800 -7.663256 -74.000000
v 19.960756 -4.671003 -74.000000
v 20.439850 -1.569266 -74.000000
v 20.439850 1.569254 -74.000000
v 19.960756 4.670991 -74.000000
v 19.013800 7.663244 -74.000000
v 17.621178 10.475877 -74.000000
v 15.815528 13.042964 -74.000000
v 13.639177 15.304336 -74.000000
v 11.143135 17.206985 -74.000000
v 8.385907 18.706318 -74.000000
v 5.432121 19.767191 -74.000000
v 2.351010 20.364737 -74.000000
v -0.785206 20.484951 -74.000000
v -3.903018 20.125015 -74.000000
v -6.929346 19.293365 -74.000000
v -9.793256 18.009495 -74.000000
v -12.427621 16.303499 -74.000000
v -14.770693 14.215361 -74.000000
v -16.767551 11.794027 -74.000000
v -18.371393 9.096251 -74.000000
v -19.544626 6.185266 -74.000000
v -20.259748 3.129304 -74.000000
v -24.500000 -0.000005 -72.000000
v -24.261568 -3.409746 -72.000000
v -23.550913 -6.753120 -72.000000
v -22.381865 -9.965054 -72.000000
v -20.777178 -12.983027 -72.000000
v -18.768089 -15.748302 -72.000000
v -16.393700 -18.207054 -72.000000
v -13.700226 -20.311426 -72.000000
v -10.740093 -22.020460 -72.000000
v -7.570916 -23.300890 -72.000000
v -4.254380 -24.127796 -72.000000
v -0.855038 -24.485081 -72.000000
v 2.560947 -24.365791 -72.000000
v 5.927086 -23.772251 -72.000000
v 9.177862 -22.716009 -72.000000
v 12.250000 -21.217628 -72.000000
v 15.083706 -19.306269 -72.000000
v 17.623825 -17.019136 -72.000000
v 19.820915 -14.400744 -72.000000
v 21.632215 -11.502059 -72.000000
v 23.022469 -8.379499 -72.000000
v 23.964617 -5.093841 -72.000000
v 24.440319 -1.709039 -72.000000
v 24.440319 1.709028 -72.000000
v 23.964617 5.093831 -72.000000
v 23.022469 8.379488 -72.000000
v 21.632215 11.502048 -72.000000
v 19.820915 14.400733 -72.000000
v 17.623825 17.019125 -72.000000
v 15.083706 19.306257 -72.000000
v 12.250000 21.217617 -72.000000
v 9.177862 22.715998 -72.000000
v 5.927086 23.772240 -72.000000
v 2.560947 24.365780 -72.000000
v -0.855038 24.485069 -72.000000
v -4.254380 24.127785 -72.000000
v -7.570916 23.300879 -72.000000
v -10.740093 22.020449 -72.000000
v -13.700226 20.311415 -72.000000
v -16.393700 18.207043 -72.000000
v -18.768089 15.748290 -72.000000
v -20.777178 12.983016 -72.000000
v -22.381865 9.965042 -72.000000
v -23.550913 6.753110 -72.000000
v -24.261568 3.409735 -72.000000
v -20.500000 -0.000005 -72.000000
v -20.259748 3.129304 -72.000000
v -19.544626 6.185267 -72.000000
v -18.371393 9.096251 -72.000000
v -16.767551 11.794027 -72.000000
v -14.770693 14.215361 -72.000000
v -12.427621 16.303499 -72.000000
v -9.793256 18.009495 -72.000000
v -6.929346 19.293365 -72.000000
v -3.903018 20.125015 -72.000000
v -0.785206 20.484951 -72.000000
v 2.351010 20.364737 -72.000000
v 5.432121 19.767191 -72.000000
v 8.385907 18.706318 -72.000000
v 11.143135 17.206985 -72.000000
v 13.639177 15.304336 -72.000000
v 15.815528 13.042964 -72.000000
v 17.621178 10.475877 -72.000000
v 19.013800 7.663245 -72.000000
v 19.960756 4.670992 -72.000000
v 20.439850 1.569255 -72.000000
v 20.439850 -1.569265 -72.000000
v 19.960756 -4.671002 -72.000000
v 19.013800 -7.663255 -72.000000
v 17.621178 -10.475888 -72.000000
v 15.815528 -13.042975 -72.000000
v 13.639177 -15.304347 -72.000000
v 11.143135 -17.206997 -72.000000
v 8.385907 -18.706329 -72.000000
v 5.432121 -19.767202 -72.000000
v 2.351010 -20.364748 -72.000000
v -0.785206 -20.484962 -72.000000
v -3.903018 -20.125027 -72.000000
v -6.929346 -19.293377 -72.000000
v -9.793256 -18.009506 -72.000000
v -12.427621 -16.303511 -72.000000
v -14.770693 -14.215372 -72.000000
v -16.767551 -11.794039 -72.000000
v -18.371393 -9.096263 -72.000000
v -19.544626 -6.185277 -72.000000
v -20.259748 -3.129315 -72.000000
v -20.000000 -0.000005 -72.500000
v -19.765608 -3.052991 -72.500000
v -19.067928 -6.034417 -72.500000
v -17.923311 -8.874403 -72.500000
v -16.358587 -11.506379 -72.500000
v -14.410432 -13.868656 -72.500000
v -12.124508 -15.905863 -72.500000
v -9.554396 -17.570251 -72.500000
v -6.760338 -18.822807 -72.500000
v -3.807822 -19.634172 -72.500000
v -0.766055 -19.985331 -72.500000
v 2.293669 -19.868048 -72.500000
v 5.299630 -19.285076 -72.500000
v 8.181373 -18.250078 -72.500000
v 10.871351 -16.787315 -72.500000
v 13.306514 -14.931069 -72.500000
v 15.429784 -12.724854 -72.500000
v 17.191393 -10.220380 -72.500000
v 18.550049 -7.476346 -72.500000
v 19.473907 -4.557075 -72.500000
v 19.941317 -1.530990 -72.500000
v 19.941317 1.530980 -72.500000
v 19.473907 4.557065 -72.500000
v 18.550049 7.476336 -72.500000
v 17.191393 10.220368 -72.500000
v 15.429784 12.724843 -72.500000
v 13.306514 14.931058 -72.500000
v 10.871351 16.787304 -72.500000
v 8.181373 18.250067 -72.500000
v 5.299630 19.285065 -72.500000
v 2.293669 19.868036 -72.500000
v -0.766055 19.985319 -72.500000
v -3.807822 19.634161 -72.500000
v -6.760338 18.822796 -72.500000
v -9.554396 17.570240 -72.500000
v -12.124508 15.905851 -72.500000
v -14.410432 13.868645 -72.500000
v -16.358587 11.506368 -72.500000
v -17.923311 8.874392 -72.500000
v -19.067928 6.034407 -72.500000
v -19.765608 3.052980 -72.500000
v -20.000000 -0.000006 -73.500000
v -19.765608 3.052980 -73.500000
v -19.067928 6.034406 -73.500000
v -17.923311 8.874392 -73.500000
v -16.358587 11.506368 -73.500000
v -14.410432 13.868645 -73.500000
v -12.124508 15.905851 -73.500000
v -9.554396 17.570240 -73.500000
v -6.760338 18.822796 -73.500000
v -3.807822 19.634161 -73.500000
v -0.766055 19.985319 -73.500000
v 2.293669 19.868036 -73.500000
v 5.299630 19.285065 -73.500000
v 8.181373 18.250067 -73.500000
v 10.871351 16.787304 -73.500000
v 13.306514 14.931058 -73.500000
v 15.429784 12.724843 -73.500000
v 17.191393 10.220368 -73.500000
v 18.550049 7.476335 -73.500000
v 19.473907 4.557064 -73.500000
v 19.941317 1.530979 -73.500000
v 19.941317 -1.530991 -73.500000
v 19.473907 -4.557076 -73.500000
v 18.550049 -7.476346 -73.500000
v 17.191393 -10.220380 -73.500000
v 15.429784 -12.724854 -73.500000
v 13.306514 -14.931069 -73.500000
v 10.871351 -16.787315 -73.500000
v 8.181373 -18.250078 -73.500000
v 5.299630 -19.285076 -73.500000
v 2.293669 -19.868048 -73.500000
v -0.766055 -19.985331 -73.500000
v -3.807822 -19.634172 -73.500000
v -6.760338 -18.822807 -73.500000
v -9.554396 -17.570251 -73.500000
v -12.124508 -15.905863 -73.500000
v -14.410432 -13.868656 -73.500000
v -16.358587 -11.506379 -73.500000
v -17.923311 -8.874403 -73.500000
v -19.067928 -6.034418 -73.500000
v -19.765608 -3.052991 -73.500000
v -24.500000 -0.000005 -68.000000
v -24.261568 3.409736 -68.000000
v -23.550913 6.753110 -68.000000
v -22.381865 9.965043 -68.000000
v -20.777178 12.983017 -68.000000
v -18.768089 15.748291 -68.000000
v -16.393700 18.207043 -68.000000
v -13.700226 20.311415 -68.000000
v -10.740093 22.020449 -68.000000
v -7.570916 23.300879 -68.000000
v -4.254380 24.127785 -68.000000
v -0.855038 24.485069 -68.000000
v 2.560947 24.365780 -68.000000
v 5.927086 23.772240 -68.000000
v 9.177862 22.715998 -68.000000
v 12.250000 21.217617 -68.000000
v 15.083706 19.306257 -68.000000
v 17.623825 17.019125 -68.000000
v 19.820915 14.400734 -68.000000
v 21.632215 11.502048 -68.000000
v 23.022469 8.379489 -68.000000
v 23.964617 5.093831 -68.000000
v 24.440319 1.709029 -68.000000
v 24.440319 -1.709039 -68.000000
v 23.964617 -5.093841 -68.000000
v 23.022469 -8.379498 -68.000000
v 21.632215 -11.502058 -68.000000
v 19.820915 -14.400743 -68.000000
v 17.623825 -17.019136 -68.000000
v 15.083706 -19.306269 -68.000000
v 12.250000 -21.217628 -68.000000
v 9.177862 -22.716009 -68.000000
v 5.927086 -23.772251 -68.000000
v 2.560947 -24.365791 -68.000000
v -0.855038 -24.485081 -68.000000
v -4.254380 -24.127796 -68.000000
v -7.570916 -23.300890 -68.000000
v -10.740093 -22.020460 -68.000000
v -13.700226 -20.311426 -68.000000
v -16.393700 -18.207054 -68.000000
v -18.768089 -15.748301 -68.000000
v -20.777178 -12.983027 -68.000000
v -22.381865 -9.965053 -68.000000
v -23.550913 -6.753120 -68.000000
v -24.261568 -3.409746 -68.000000
v 28.299999 -0.000003 -43.000000
v 28.494263 0.724997 -43.000000
v 29.025000 1.255734 -43.000000
v 29.750000 1.449997 -43.000000
v 30.475000 1.255734 -43.000000
v 31.005737 0.724997 -43.000000
v 31.200001 -0.000003 -43.000000
v 31.005737 -0.725003 -43.000000
v 30.475000 -1.255740 -43.000000
v 29.750000 -1.450003 -43.000000
v 29.025000 -1.255740 -43.000000
v 28.494263 -0.725003 -43.000000
v 29.750000 -0.000003 -42.128754
v 28.299999 -0.000005 -66.699997
v 28.494263 0.724995 -66.699997
v 29.025000 1.255732 -66.699997
v 29.750000 1.449995 -66.699997
v 30.475000 1.255732 -66.699997
v 31.005737 0.724995 -66.699997
v 31.200001 -0.000005 -66.699997
v 31.005737 -0.725005 -66.699997
v 30.475000 -1.255742 -66.699997
v 29.750000 -1.450005 -66.699997
v 29.025000 -1.255742 -66.699997
v 28.494263 -0.725005 -66.699997
v 31.200001 -0.000004 -54.849998
v 28.494263 -0.725004 -54.849998
v 28.299999 -0.000004 -54.849998
v 29.025000 -1.255741 -54.849998
v 29.750000 -1.450004 -54.849998
v 30.475000 -1.255741 -54.849998
v 31.005737 -0.725004 -54.849998
v 31.005737 0.724996 -54.849998
v 30.475000 1.255733 -54.849998
v 29.750000 1.449996 -54.849998
v 29.025000 1.255733 -54.849998
v 28.494263 0.724996 -54.849998
v 19.586428 21.036423 -43.000000
v 19.780689 21.761423 -43.000000
v 20.311426 22.292160 -43.000000
v 21.036427 22.486423 -43.000000
v 21.761427 22.292160 -43.000000
v 22.292164 21.761423 -43.000000
v 22.486427 21.036423 -43.000000
v 22.292164 20.311422 -43.000000
v 21.761427 19.780685 -43.000000
v 21.036427 19.586424 -43.000000
v 20.311426 19.780685 -43.000000
v 19.780689 20.311422 -43.000000
v 21.036427 21.036423 -42.128754
v 19.586428 21.036421 -66.699997
v 19.780689 21.761421 -66.699997
v 20.311426 22.292158 -66.699997
v 21.036427 22.486422 -66.699997
v 21.761427 22.292158 -66.699997
v 22.292164 21.761421 -66.699997
v 22.486427 21.036421 -66.699997
v 22.292164 20.311420 -66.699997
v 21.761427 19.780684 -66.699997
v 21.036427 19.586422 -66.699997
v 20.311426 19.780684 -66.699997
v 19.780689 20.311420 -66.699997
v 22.486427 21.036423 -54.849998
v 19.780689 20.311422 -54.849998
v 19.586428 21.036423 -54.849998
v 20.311426 19.780685 -54.849998
v 21.036427 19.586424 -54.849998
v 21.761427 19.780685 -54.849998
v 22.292164 20.311422 -54.849998
v 22.292164 21.761423 -54.849998
v 21.761427 22.292160 -54.849998
v 21.036427 22.486423 -54.849998
v 20.311426 22.292160 -54.849998
v 19.780689 21.761423 -54.849998
v -22.486427 21.036423 -43.000000
v -22.292164 21.761423 -43.000000
v -21.761427 22.292160 -43.000000
v -21.036427 22.486423 -43.000000
v -20.311426 22.292160 -43.000000
v -19.780689 21.761423 -43.000000
v -19.586428 21.036423 -43.000000
v -19.780689 20.311422 -43.000000
v -20.311426 19.780685 -43.000000
v -21.036427 19.586424 -43.000000
v -21.761427 19.780685 -43.000000
v -22.292164 20.311422 -43.000000
v -21.036427 21.036423 -42.128754
v -22.486427 21.036421 -66.699997
v -22.292164 21.761421 -66.699997
v -21.761427 22.292158 -66.699997
v -21.036427 22.486422 -66.699997
v -20.311426 22.292158 -66.699997
v -19.780689 21.761421 -66.699997
v -19.586428 21.036421 -66.699997
v -19.780689 20.311420 -66.699997
v -20.311426 19.780684 -66.699997
v -21.036427 19.586422 -66.699997
v -21.761427 19.780684 -66.699997
v -22.292164 20.311420 -66.699997
v -19.586428 21.036423 -54.849998
v -22.292164 20.311422 -54.849998
v -22.486427 21.036423 -54.849998
v -21.761427 19.780685 -54.849998
v -21.036427 19.586424 -54.849998
v -20.311426 19.780685 -54.849998
v -19.780689 20.311422 -54.849998
v -19.780689 21.761423 -54.849998
v -20.311426 22.292160 -54.849998
v -21.036427 22.486423 -54.849998
v -21.761427 22.292160 -54.849998
v -22.292164 21.761423 -54.849998
v -31.200001 -0.000003 -43.000000
v -31.005737 0.724997 -43.000000
v -30.475000 1.255734 -43.000000
v -29.750000 1.449997 -43.000000
v -29.025000 1.255734 -43.000000
v -28.494263 0.724997 -43.000000
v -28.299999 -0.000003 -43.000000
v -28.494263 -0.725003 -43.000000
v -29.025000 -1.255740 -43.000000
v -29.750000 -1.450003 -43.000000
v -30.475000 -1.255740 -43.000000
v -31.005737 -0.725003 -43.000000
v -29.750000 -0.000003 -42.128754
v -31.200001 -0.000005 -66.699997
v -31.005737 0.724995 -66.699997
v -30.475000 1.255732 -66.699997
v -29.750000 1.449995 -66.699997
v -29.025000 1.255732 -66.699997
v -28.494263 0.724995 -66.699997
v -28.299999 -0.000005 -66.699997
v -28.494263 -0.725005 -66.699997
v -29.025000 -1.255742 -66.699997
v -29.750000 -1.450005 -66.699997
v -30.475000 -1.255742 -66.699997
v -31.005737 -0.725005 -66.699997
v -28.299999 -0.000004 -54.849998
v -31.005737 -0.725004 -54.849998
v -31.200001 -0.000004 -54.849998
v -30.475000 -1.255741 -54.849998
v -29.750000 -1.450004 -54.849998
v -29.025000 -1.255741 -54.849998
v -28.494263 -0.725004 -54.849998
v -28.494263 0.724996 -54.849998
v -29.025000 1.255733 -54.849998
v -29.750000 1.449996 -54.849998
v -30.475000 1.255733 -54.849998
v -31.005737 0.724996 -54.849998
v -22.486427 -21.036430 -43.000000
v -22.292164 -20.311430 -43.000000
v -21.761427 -19.780693 -43.000000
v -21.036427 -19.586432 -43.000000
v -20.311426 -19.780693 -43.000000
v -19.780689 -20.311430 -43.000000
v -19.586428 -21.036430 -43.000000
v -19.780689 -21.761431 -43.000000
v -20.311426 -22.292168 -43.000000
v -21.036427 -22.486431 -43.000000
v -21.761427 -22.292168 -43.000000
v -22.292164 -21.761431 -43.000000
v -21.036427 -21.036430 -42.128754
v -22.486427 -21.036432 -66.699997
v -22.292164 -20.311432 -66.699997
v -21.761427 -19.780695 -66.699997
v -21.036427 -19.586433 -66.699997
v -20.311426 -19.780695 -66.699997
v -19.780689 -20.311432 -66.699997
v -19.586428 -21.036432 -66.699997
v -19.780689 -21.761433 -66.699997
v -20.311426 -22.292170 -66.699997
v -21.036427 -22.486433 -66.699997
v -21.761427 -22.292170 -66.699997
v -22.292164 -21.761433 -66.699997
v -19.586428 -21.036430 -54.849998
v -22.292164 -21.761431 -54.849998
v -22.486427 -21.036430 -54.849998
v -21.761427 -22.292168 -54.849998
v -21.036427 -22.486431 -54.849998
v -20.311426 -22.292168 -54.849998
v -19.780689 -21.761431 -54.849998
v -19.780689 -20.311430 -54.849998
v -20.311426 -19.780693 -54.849998
v -21.036427 -19.586432 -54.849998
v -21.761427 -19.780693 -54.849998
v -22.292164 -20.311430 -54.849998
v 19.586428 -21.036430 -43.000000
v 19.780689 -20.311430 -43.000000
v 20.311426 -19.780693 -43.000000
v 21.036427 -19.586432 -43.000000
v 21.761427 -19.780693 -43.000000
v 22.292164 -20.311430 -43.000000
v 22.486427 -21.036430 -43.000000
v 22.292164 -21.761431 -43.000000
v 21.761427 -22.292168 -43.000000
v 21.036427 -22.486431 -43.000000
v 20.311426 -22.292168 -43.000000
v 19.780689 -21.761431 -43.000000
v 21.036427 -21.036430 -42.128754
v 19.586428 -21.036432 -66.699997
v 19.780689 -20.311432 -66.699997
v 20.311426 -19.780695 -66.699997
v 21.036427 -19.586433 -66.699997
v 21.761427 -19.780695 -66.699997
v 22.292164 -20.311432 -66.699997
v 22.486427 -21.036432 -66.699997
v 22.292164 -21.761433 -66.699997
v 21.761427 -22.292170 -66.699997
v 21.036427 -22.486433 -66.699997
v 20.311426 -22.292170 -66.699997
v 19.780689 -21.761433 -66.699997
v 22.486427 -21.036430 -54.849998
v 19.780689 -21.761431 -54.849998
v 19.586428 -21.036430 -54.849998
v 20.311426 -22.292168 -54.849998
v 21.036427 -22.486431 -54.849998
v 21.761427 -22.292168 -54.849998
v 22.292164 -21.761431 -54.849998
v 22.292164 -20.311430 -54.849998
v 21.761427 -19.780693 -54.849998
v 21.036427 -19.586432 -54.849998
v 20.311426 -19.780693 -54.849998
v 19.780689 -20.311430 -54.849998
v 18.579811 -26.546913 -38.971138
v 17.564297 -26.885418 -38.971138
v 20.154041 -25.596746 -37.566532
v 20.987820 -25.140942 -36.283928
v 22.856012 -24.145357 -33.889099
v 24.858580 -23.086861 -31.635845
v 26.879309 -23.294096 -29.392212
v 26.542215 -24.500002 -29.023603
v 26.005978 -25.535536 -28.437235
v 25.307140 -26.330130 -27.673065
v 24.493328 -26.829632 -26.783169
v 17.125799 -26.979208 -37.301167
v 18.456106 -26.660734 -37.557987
v 25.213192 -23.626242 -30.969975
v 19.275274 -26.243296 -37.716129
v 17.622337 -26.972927 -35.686661
v 18.514458 -26.963619 -33.715160
v 19.612238 -26.953316 -31.841614
v 20.863251 -26.942425 -30.079447
v 22.255362 -26.931150 -28.426186
v 18.020473 -26.809582 -37.473888
v 18.608187 -26.750677 -36.016560
v 19.602312 -26.662090 -34.233021
v 20.782907 -26.562075 -32.542912
v 22.092285 -26.453936 -30.966148
v 23.512123 -26.339029 -29.507025
v 22.893435 -26.713400 -28.974939
v 21.485535 -26.762104 -30.528400
v 20.203461 -26.808401 -32.195789
v 19.062576 -26.851599 -33.976086
v 18.118046 -26.890146 -35.852539
v 17.575058 -26.915922 -37.387897
v 19.960203 -26.011299 -36.468983
v 21.042383 -25.664370 -34.918552
v 22.268093 -25.275599 -33.432625
v 23.576288 -24.858931 -32.036804
v 24.945459 -24.420586 -30.739719
v 24.563782 -25.163969 -30.411470
v 23.158752 -25.483150 -31.735565
v 21.831573 -25.783535 -33.171124
v 20.604082 -26.061361 -34.709904
v 19.537277 -26.307430 -36.327461
v 18.876167 -26.471060 -37.639080
v 23.899319 -24.178747 -32.269859
v 22.630756 -24.712339 -33.649883
v 21.426678 -25.217251 -35.101498
v 20.346428 -25.673332 -36.598225
v 19.648678 -25.981123 -37.788212
v 19.084064 -26.555468 -36.175800
v 20.120375 -26.396862 -34.479641
v 21.331568 -26.217331 -32.871593
v 22.657907 -26.022644 -31.374226
v 24.078783 -25.815069 -29.994362
v 17.564297 26.885410 -38.971146
v 18.579811 26.546906 -38.971146
v 20.151318 25.598368 -37.571423
v 20.986420 25.141647 -36.285763
v 22.856148 24.145285 -33.888927
v 24.859203 23.086517 -31.635180
v 24.405991 -23.136978 -32.215134
v 26.468792 -21.136786 -30.199837
v 28.059908 -18.605017 -28.696070
v 29.455715 -15.914590 -27.231134
v 30.644386 -13.069056 -25.858189
v 31.620020 -10.039422 -24.630844
v 32.260761 -7.326530 -23.768291
v 32.705189 -4.524584 -23.140575
v 32.941494 -1.624982 -22.796206
v 32.953152 1.327026 -22.779045
v 32.739758 4.227319 -23.090677
v 32.310238 7.071288 -23.699648
v 31.689205 9.784963 -24.539980
v 30.896164 12.366617 -25.550713
v 29.939238 14.835774 -26.687668
v 28.832991 17.182541 -27.902975
v 27.593719 19.396042 -29.153847
v 26.222450 21.490349 -30.418489
v 26.281937 -20.718367 -30.627508
v 27.881090 -18.244802 -29.107750
v 29.285309 -15.612449 -27.626017
v 30.482071 -12.825062 -26.236423
v 31.464935 -9.854555 -24.993580
v 32.110699 -7.192834 -24.119831
v 32.558735 -4.442535 -23.483824
v 32.796997 -1.595613 -23.134863
v 32.808750 1.303046 -23.117474
v 32.593590 4.150698 -23.433264
v 32.160576 6.942340 -24.050283
v 31.534655 9.604957 -24.901546
v 30.735664 12.136556 -25.925116
v 29.772024 14.556026 -27.076054
v 28.658682 16.853456 -28.305696
v 27.412371 19.018055 -29.570541
v 26.034508 21.063475 -30.848368
v 24.523565 22.997688 -32.121262
v 22.178308 -24.395109 -34.860992
v 24.237549 -22.259253 -33.255581
v 26.103050 -19.941717 -31.604851
v 27.693588 -17.567944 -30.026920
v 29.090456 -15.038578 -28.490297
v 30.281107 -12.357384 -27.050669
v 31.259052 -9.497557 -25.764114
v 31.901634 -6.933392 -24.860174
v 32.347485 -4.282779 -24.202450
v 32.584591 -1.538326 -23.841660
v 32.596287 1.256266 -23.823683
v 32.382168 4.001471 -24.150171
v 31.951265 6.692017 -24.788242
v 31.328426 9.257164 -25.668880
v 30.533421 11.694734 -26.728321
v 29.574669 14.022711 -27.920376
v 28.467085 16.231400 -29.194946
v 27.227367 18.310345 -30.507214
v 25.856977 20.272635 -31.834333
v 24.354458 22.125891 -33.157902
v 22.715256 23.874189 -34.462570
v 24.401176 22.544058 -32.618504
v 25.911411 20.654150 -31.324020
v 27.289173 18.653522 -30.024752
v 28.535807 16.534435 -28.738899
v 29.649750 14.283570 -27.489040
v 30.614126 11.911589 -26.319349
v 31.413876 9.428351 -25.279240
v 32.040478 6.815499 -24.414316
v 32.474007 4.075194 -23.787443
v 32.689434 1.279394 -23.466625
v 32.677666 -1.566648 -23.484291
v 32.439110 -4.361694 -23.838810
v 31.990543 -7.061350 -24.484976
v 31.344086 -9.673232 -25.372755
v 30.360321 -12.586722 -26.635715
v 29.162739 -15.318779 -28.048019
v 27.757971 -17.896732 -29.554251
v 26.158785 -20.316734 -31.099440
v 24.283686 -22.680073 -32.713978
v 22.225626 -23.993231 -35.474129
v 24.267803 -21.885773 -33.824215
v 26.115252 -19.601871 -32.131390
v 27.688644 -17.264793 -30.516083
v 29.069246 -14.776386 -28.945333
v 30.245220 -12.140140 -27.475466
v 31.210600 -9.329501 -26.163122
v 31.844688 -6.810202 -25.241684
v 32.284542 -4.206472 -24.571522
v 32.518425 -1.510878 -24.204006
v 32.529961 1.233849 -24.185696
v 32.318756 3.930162 -24.518265
v 31.893656 6.573078 -25.168381
v 31.279066 9.093288 -26.066023
v 30.494337 11.488790 -27.146555
v 29.547579 13.777390 -28.363255
v 28.453266 15.949688 -29.665377
v 27.227606 17.995512 -31.007483
v 25.871695 19.927834 -32.366524
v 24.383650 21.754274 -33.723949
v 22.758430 23.478966 -35.064293
v 21.001261 25.091507 -36.364288
v -26.879309 -23.294096 -29.392212
v -26.542215 -24.500002 -29.023603
v -26.005978 -25.535536 -28.437235
v -25.307140 -26.330130 -27.673065
v -24.493328 -26.829632 -26.783169
v -28.003647 -26.755281 23.480610
v 28.003647 -26.755281 23.480610
v 29.864721 -23.545088 -26.240822
v 29.331211 -24.938929 -25.772051
v 28.500250 -26.045088 -25.041920
v 27.453176 -26.755285 -24.121902
v 32.545006 -23.545088 -22.832106
v 31.963614 -24.938929 -22.424229
v 31.058075 -26.045088 -21.788942
v 29.917028 -26.755285 -20.988438
v 34.838093 -23.545088 -19.151752
v 34.215736 -24.938929 -18.809622
v 33.246395 -26.045088 -18.276741
v 32.024956 -26.755285 -17.605268
v 36.716709 -23.545088 -15.243549
v 36.060791 -24.938929 -14.971234
v 35.039181 -26.045088 -14.547095
v 33.751873 -26.755285 -14.012648
v 38.158497 -23.545086 -11.153989
v 37.476826 -24.938927 -10.954732
v 36.415096 -26.045086 -10.644382
v 35.077240 -26.755283 -10.253316
v 39.146309 -23.545086 -6.931729
v 38.446991 -24.938927 -6.807898
v 37.357777 -26.045086 -6.615029
v 35.985287 -26.755283 -6.371999
v 39.668392 -23.545086 -2.627000
v 38.959747 -24.938927 -2.580071
v 37.856007 -26.045086 -2.506977
v 36.465210 -26.755283 -2.414872
v 39.718533 -23.545086 1.708982
v 39.008991 -24.938927 1.678453
v 37.903854 -26.045086 1.630902
v 36.511303 -26.755283 1.570984
v 39.296135 -23.545086 6.024632
v 38.594139 -24.938927 5.917007
v 37.500759 -26.045086 5.749377
v 36.123013 -26.755283 5.538150
v 38.406227 -23.545086 10.268607
v 37.720127 -24.938927 10.085166
v 36.651508 -26.045086 9.799450
v 35.304962 -26.755283 9.439428
v 37.059391 -23.545084 14.390414
v 36.397354 -24.938925 14.133340
v 35.366207 -26.045084 13.732938
v 34.066887 -26.755281 13.228403
v 35.271656 -23.545084 18.341017
v 34.641556 -24.938925 18.013369
v 33.660149 -26.045084 17.503044
v 32.423508 -26.755281 16.859999
v 33.064285 -23.545084 22.073412
v 32.473618 -24.938925 21.679087
v 31.553633 -26.045084 21.064913
v 30.394381 -26.755281 20.291006
v 30.463547 -23.545084 25.543198
v 29.919338 -24.938925 25.086887
v 29.071716 -26.045084 24.376167
v 27.500378 -23.545084 28.709089
v 27.009104 -24.938925 28.196224
v 26.243929 -26.045084 27.397417
v 25.279751 -26.755281 26.390862
v 24.210032 -23.545084 31.533426
v 23.777536 -24.938925 30.970106
v 23.103912 -26.045084 30.092714
v 22.255096 -26.755281 28.987137
v 20.631655 -23.545084 33.982601
v 20.263086 -24.938925 33.375530
v 19.689026 -26.045084 32.429996
v 18.965670 -26.755281 31.238546
v 16.807819 -23.545084 36.027485
v 16.507561 -24.938925 35.383881
v 16.039896 -26.045084 34.381451
v 15.450605 -26.755281 33.118309
v 12.784019 -23.545084 37.643742
v 12.555642 -24.938925 36.971268
v 12.199937 -26.045084 35.923862
v 11.751723 -26.755281 34.604053
v 8.608125 -23.545082 38.812145
v 8.454347 -24.938923 38.118797
v 8.214833 -26.045084 37.038883
v 7.913028 -26.755281 35.678108
v 4.329819 -23.545082 39.518795
v 4.252470 -24.938923 38.812820
v 4.131996 -26.045084 37.713245
v 3.980190 -26.755281 36.327698
v 0.000000 -23.545082 39.755283
v 0.000000 -24.938923 39.045086
v 0.000000 -26.045082 37.938931
v 0.000000 -26.755281 36.545090
v -4.329819 -23.545082 39.518795
v -4.252470 -24.938923 38.812820
v -4.131996 -26.045084 37.713245
v -3.980190 -26.755281 36.327698
v -8.608125 -23.545082 38.812145
v -8.454347 -24.938923 38.118797
v -8.214833 -26.045084 37.038883
v -7.913028 -26.755281 35.678108
v -12.784019 -23.545084 37.643742
v -12.555642 -24.938925 36.971268
v -12.199937 -26.045084 35.923862
v -11.751723 -26.755281 34.604053
v -16.807819 -23.545084 36.027485
v -16.507561 -24.938925 35.383881
v -16.039896 -26.045084 34.381451
v -15.450605 -26.755281 33.118309
v -20.631655 -23.545084 33.982601
v -20.263086 -24.938925 33.375530
v -19.689026 -26.045084 32.429996
v -18.965670 -26.755281 31.238546
v -24.210032 -23.545084 31.533426
v -23.777536 -24.938925 30.970106
v -23.103912 -26.045084 30.092714
v -22.255096 -26.755281 28.987137
v -27.500378 -23.545084 28.709089
v -27.009104 -24.938925 28.196224
v -26.243929 -26.045084 27.397417
v -25.279751 -26.755281 26.390862
v -30.463547 -23.545084 25.543198
v -29.919338 -24.938925 25.086887
v -29.071716 -26.045084 24.376167
v -33.064285 -23.545084 22.073412
v -32.473618 -24.938925 21.679087
v -31.553633 -26.045084 21.064913
v -30.394381 -26.755281 20.291006
v -35.271656 -23.545084 18.341017
v -34.641556 -24.938925 18.013369
v -33.660149 -26.045084 17.503044
v -32.423508 -26.755281 16.859999
v -37.059391 -23.545084 14.390414
v -36.397354 -24.938925 14.133340
v -35.366207 -26.045084 13.732938
v -34.066887 -26.755281 13.228403
v -38.406227 -23.545086 10.268607
v -37.720127 -24.938927 10.085166
v -36.651508 -26.045086 9.799450
v -35.304962 -26.755283 9.439428
v -39.296135 -23.545086 6.024632
v -38.594139 -24.938927 5.917007
v -37.500759 -26.045086 5.749377
v -36.123013 -26.755283 5.538150
v -39.718533 -23.545086 1.708982
v -39.008991 -24.938927 1.678453
v -37.903854 -26.045086 1.630902
v -36.511303 -26.755283 1.570984
v -39.668392 -23.545086 -2.627000
v -38.959747 -24.938927 -2.580071
v -37.856007 -26.045086 -2.506977
v -36.465210 -26.755283 -2.414872
v -39.146309 -23.545086 -6.931729
v -38.446991 -24.938927 -6.807898
v -37.357777 -26.045086 -6.615029
v -35.985287 -26.755283 -6.371999
v -38.158497 -23.545086 -11.153989
v -37.476826 -24.938927 -10.954732
v -36.415096 -26.045086 -10.644382
v -35.077240 -26.755283 -10.253316
v -36.716709 -23.545088 -15.243549
v -36.060791 -24.938929 -14.971234
v -35.039181 -26.045088 -14.547095
v -33.751873 -26.755285 -14.012648
v -34.838093 -23.545088 -19.151752
v -34.215736 -24.938929 -18.809622
v -33.246395 -26.045088 -18.276741
v -32.024956 -26.755285 -17.605268
v -32.545006 -23.545088 -22.832106
v -31.963614 -24.938929 -22.424229
v -31.058075 -26.045088 -21.788942
v -29.917028 -26.755285 -20.988438
v -29.864721 -23.545088 -26.240822
v -29.331211 -24.938929 -25.772051
v -28.500250 -26.045088 -25.041920
v -27.453176 -26.755285 -24.121902
v -17.564297 -26.885418 -38.971138
v -18.579811 -26.546913 -38.971138
v 24.493328 26.829628 -26.783173
v 25.307140 26.330126 -27.673069
v 26.005978 25.535532 -28.437239
v 26.542215 24.499998 -29.023607
v 26.879309 23.294092 -29.392216
v 19.464449 26.068388 -38.173203
v 18.301046 26.690331 -38.012943
v 17.016418 26.980986 -37.835995
v 19.877722 25.877394 -37.363087
v 20.379848 25.659056 -36.547680
v 20.943333 25.420229 -35.739544
v 22.194773 24.895279 -34.156864
v 23.538492 24.330662 -32.649239
v 25.212389 23.626543 -30.970531
v 18.708715 26.517107 -38.069099
v 19.089506 26.416122 -37.167625
v 19.569662 26.299791 -36.272312
v 20.121946 26.171423 -35.395416
v 21.383154 25.884884 -33.705315
v 22.778069 25.569418 -32.127407
v 24.562965 25.164145 -30.412027
v 24.944653 24.420826 -30.740274
v 23.202650 24.978193 -32.418770
v 21.822283 25.417051 -33.949631
v 20.555735 25.819248 -35.577152
v 19.993368 26.000496 -36.416325
v 19.498281 26.165293 -37.268997
v 19.097935 26.308769 -38.122715
v 17.449747 26.923193 -37.895679
v 17.744131 26.907253 -36.833958
v 18.145832 26.888943 -35.788345
v 18.628811 26.868805 -34.769905
v 19.781279 26.824116 -32.814041
v 21.112991 26.775352 -30.984764
v 22.892540 26.713423 -28.975531
v 23.511267 26.339090 -29.507605
v 21.713482 26.484989 -31.396845
v 20.347940 26.598557 -33.129333
v 19.148367 26.701712 -34.987553
v 18.637768 26.747925 -35.955559
v 18.206047 26.789803 -36.948524
v 17.879694 26.826157 -37.954906
v 22.254421 26.931152 -28.426786
v 20.498043 26.945522 -30.562763
v 19.204100 26.957045 -32.492893
v 18.102160 26.967758 -34.549286
v 17.648251 26.972631 -35.619205
v 17.277811 26.977089 -36.718296
v 18.656719 26.625408 -37.060295
v 19.115219 26.550549 -36.117847
v 19.649651 26.467846 -35.197556
v 20.887213 26.282879 -33.429382
v 22.275837 26.078621 -31.782755
v 24.077951 25.815182 -29.994928
v -24.859200 -23.086523 -31.635180
v -22.856115 -24.145304 -33.888966
v -20.986406 -25.141661 -36.285782
v -20.151314 -25.598373 -37.571423
v -19.464472 -26.068384 -38.173141
v -18.301065 -26.690334 -38.012871
v -17.016432 -26.980989 -37.835907
v -22.254448 -26.931156 -28.426754
v -20.497995 -26.945526 -30.562824
v -19.203964 -26.957050 -32.493107
v -18.102116 -26.967762 -34.549377
v -17.648241 -26.972635 -35.619221
v -17.277826 -26.977093 -36.718239
v -22.892567 -26.713427 -28.975502
v -21.112942 -26.775358 -30.984821
v -19.781139 -26.824123 -32.814243
v -18.628763 -26.868809 -34.769989
v -18.145824 -26.888947 -35.788357
v -17.744148 -26.907255 -36.833904
v -17.449762 -26.923201 -37.895599
v -23.511293 -26.339092 -29.507576
v -21.713430 -26.484997 -31.396898
v -20.347795 -26.598574 -33.129524
v -19.148315 -26.701719 -34.987633
v -18.637758 -26.747929 -35.955570
v -18.206064 -26.789804 -36.948471
v -17.879711 -26.826162 -37.954826
v -24.562992 -25.164143 -30.412003
v -22.778019 -25.569433 -32.127453
v -21.383003 -25.884920 -33.705486
v -20.121893 -26.171438 -35.395489
v -19.569653 -26.299799 -36.272320
v -19.089525 -26.416121 -37.167580
v -18.708736 -26.517107 -38.069031
v -18.656738 -26.625410 -37.060246
v -19.115210 -26.550554 -36.117859
v -19.649599 -26.467857 -35.197632
v -20.887066 -26.282904 -33.429562
v -22.275785 -26.078630 -31.782806
v -24.077978 -25.815182 -29.994902
v -24.944679 -24.420820 -30.740248
v -23.202602 -24.978214 -32.418819
v -21.822132 -25.417103 -33.949799
v -20.555679 -25.819269 -35.577225
v -19.993359 -26.000504 -36.416332
v -19.498302 -26.165291 -37.268951
v -19.097958 -26.308767 -38.122650
v -25.212414 -23.626537 -30.970505
v -23.538445 -24.330687 -32.649288
v -22.194628 -24.895344 -34.157036
v -20.943279 -25.420256 -35.739613
v -20.379839 -25.659063 -36.547688
v -19.877743 -25.877388 -37.363041
v -24.493328 26.829628 -26.783173
v -25.307140 26.330126 -27.673069
v -26.005978 25.535532 -28.437239
v -26.542215 24.499998 -29.023607
v -26.879309 23.294092 -29.392216
v -28.003647 26.755285 23.480606
v 28.003647 26.755285 23.480606
v 27.453176 26.755281 -24.121906
v 28.500250 26.045084 -25.041924
v 29.331211 24.938925 -25.772055
v 29.864721 23.545084 -26.240826
v 29.917028 26.755281 -20.988441
v 31.058075 26.045084 -21.788946
v 31.963614 24.938925 -22.424232
v 32.545006 23.545084 -22.832109
v 32.024956 26.755281 -17.605272
v 33.246395 26.045084 -18.276745
v 34.215736 24.938925 -18.809626
v 34.838093 23.545084 -19.151756
v 33.751873 26.755281 -14.012651
v 35.039181 26.045084 -14.547099
v 36.060791 24.938925 -14.971238
v 36.716709 23.545084 -15.243553
v 35.077240 26.755283 -10.253320
v 36.415096 26.045086 -10.644385
v 37.476826 24.938927 -10.954736
v 38.158497 23.545086 -11.153993
v 35.985287 26.755283 -6.372003
v 37.357777 26.045086 -6.615033
v 38.446991 24.938927 -6.807902
v 39.146309 23.545086 -6.931733
v 36.465210 26.755283 -2.414876
v 37.856007 26.045086 -2.506981
v 38.959747 24.938927 -2.580075
v 39.668392 23.545086 -2.627004
v 36.511303 26.755283 1.570980
v 37.903854 26.045086 1.630898
v 39.008991 24.938927 1.678449
v 39.718533 23.545086 1.708978
v 36.123013 26.755283 5.538146
v 37.500759 26.045086 5.749373
v 38.594139 24.938927 5.917003
v 39.296135 23.545086 6.024628
v 35.304962 26.755283 9.439425
v 36.651508 26.045086 9.799446
v 37.720127 24.938927 10.085162
v 38.406227 23.545086 10.268603
v 34.066887 26.755285 13.228399
v 35.366207 26.045088 13.732934
v 36.397354 24.938929 14.133336
v 37.059391 23.545088 14.390410
v 32.423508 26.755285 16.859995
v 33.660149 26.045088 17.503040
v 34.641556 24.938929 18.013365
v 35.271656 23.545088 18.341013
v 30.394381 26.755285 20.291002
v 31.553633 26.045088 21.064909
v 32.473618 24.938929 21.679083
v 33.064285 23.545088 22.073408
v 29.071716 26.045088 24.376163
v 29.919338 24.938929 25.086884
v 30.463547 23.545088 25.543194
v 22.255096 26.755285 28.987133
v 23.103912 26.045088 30.092710
v 23.777536 24.938929 30.970102
v 24.210032 23.545088 31.533422
v 27.500378 23.545088 28.709085
v 27.009104 24.938929 28.196220
v 26.243929 26.045088 27.397413
v 25.279751 26.755285 26.390858
v 18.965670 26.755285 31.238543
v 19.689026 26.045088 32.429989
v 20.263086 24.938929 33.375530
v 20.631655 23.545088 33.982601
v 15.450605 26.755285 33.118301
v 16.039896 26.045088 34.381443
v 16.507561 24.938929 35.383881
v 16.807819 23.545088 36.027485
v 11.751723 26.755285 34.604046
v 12.199937 26.045088 35.923855
v 12.555642 24.938929 36.971268
v 12.784019 23.545088 37.643742
v 7.913028 26.755285 35.678101
v 8.214833 26.045088 37.038876
v 8.454347 24.938931 38.118797
v 8.608125 23.545090 38.812145
v 3.980190 26.755285 36.327690
v 4.131996 26.045088 37.713238
v 4.252470 24.938931 38.812820
v 4.329819 23.545090 39.518795
v 0.000000 26.755285 36.545082
v 0.000000 26.045090 37.938923
v 0.000000 24.938931 39.045086
v 0.000000 23.545090 39.755283
v -3.980190 26.755285 36.327690
v -4.131996 26.045088 37.713238
v -4.252470 24.938931 38.812820
v -4.329819 23.545090 39.518795
v -7.913028 26.755285 35.678101
v -8.214833 26.045088 37.038876
v -8.454347 24.938931 38.118797
v -8.608125 23.545090 38.812145
v -11.751723 26.755285 34.604046
v -12.199937 26.045088 35.923855
v -12.555642 24.938929 36.971268
v -12.784019 23.545088 37.643742
v -15.450605 26.755285 33.118301
v -16.039896 26.045088 34.381443
v -16.507561 24.938929 35.383881
v -16.807819 23.545088 36.027485
v -18.965670 26.755285 31.238543
v -19.689026 26.045088 32.429989
v -20.263086 24.938929 33.375530
v -20.631655 23.545088 33.982601
v -22.255096 26.755285 28.987133
v -23.103912 26.045088 30.092710
v -23.777536 24.938929 30.970102
v -24.210032 23.545088 31.533422
v -25.279751 26.755285 26.390858
v -26.243929 26.045088 27.397413
v -27.009104 24.938929 28.196220
v -27.500378 23.545088 28.709085
v -30.394381 26.755285 20.291002
v -31.553633 26.045088 21.064909
v -32.473618 24.938929 21.679083
v -33.064285 23.545088 22.073408
v -30.463547 23.545088 25.543194
v -29.919338 24.938929 25.086884
v -29.071716 26.045088 24.376163
v -32.423508 26.755285 16.859995
v -33.660149 26.045088 17.503040
v -34.641556 24.938929 18.013365
v -35.271656 23.545088 18.341013
v -34.066887 26.755285 13.228399
v -35.366207 26.045088 13.732934
v -36.397354 24.938929 14.133336
v -37.059391 23.545088 14.390410
v -35.304962 26.755283 9.439425
v -36.651508 26.045086 9.799446
v -37.720127 24.938927 10.085162
v -38.406227 23.545086 10.268603
v -36.123013 26.755283 5.538146
v -37.500759 26.045086 5.749373
v -38.594139 24.938927 5.917003
v -39.296135 23.545086 6.024628
v -36.511303 26.755283 1.570980
v -37.903854 26.045086 1.630898
v -39.008991 24.938927 1.678449
v -39.718533 23.545086 1.708978
v -36.465210 26.755283 -2.414876
v -37.856007 26.045086 -2.506981
v -38.959747 24.938927 -2.580075
v -39.668392 23.545086 -2.627004
v -35.985287 26.755283 -6.372003
v -37.357777 26.045086 -6.615033
v -38.446991 24.938927 -6.807902
v -39.146309 23.545086 -6.931733
v -35.077240 26.755283 -10.253320
v -36.415096 26.045086 -10.644385
v -37.476826 24.938927 -10.954736
v -38.158497 23.545086 -11.153993
v -33.751873 26.755281 -14.012651
v -35.039181 26.045084 -14.547099
v -36.060791 24.938925 -14.971238
v -36.716709 23.545084 -15.243553
v -32.024956 26.755281 -17.605272
v -33.246395 26.045084 -18.276745
v -34.215736 24.938925 -18.809626
v -34.838093 23.545084 -19.151756
v -29.917028 26.755281 -20.988441
v -31.058075 26.045084 -21.788946
v -31.963614 24.938925 -22.424232
v -32.545006 23.545084 -22.832109
v -27.453176 26.755281 -24.121906
v -28.500250 26.045084 -25.041924
v -29.331211 24.938925 -25.772055
v -29.864721 23.545084 -26.240826
v -24.857330 23.087509 -31.637177
v -22.854918 24.145939 -33.890419
v -20.986217 25.141777 -36.286213
v -20.152552 25.597639 -37.569267
v -24.405991 23.136974 -32.215134
v -21.001261 -25.091511 -36.364288
v -22.758430 -23.478970 -35.064293
v -24.383650 -21.754278 -33.723949
v -25.871695 -19.927837 -32.366524
v -27.227606 -17.995516 -31.007479
v -28.453266 -15.949692 -29.665373
v -29.547579 -13.777393 -28.363251
v -30.494337 -11.488793 -27.146555
v -31.279066 -9.093292 -26.066023
v -31.893656 -6.573082 -25.168381
v -32.318756 -3.930166 -24.518265
v -32.529961 -1.233853 -24.185696
v -32.518425 1.510874 -24.204006
v -32.284542 4.206468 -24.571522
v -31.844688 6.810198 -25.241684
v -31.210600 9.329497 -26.163122
v -30.245220 12.140136 -27.475466
v -29.069246 14.776382 -28.945337
v -27.688644 17.264790 -30.516087
v -26.115252 19.601868 -32.131390
v -24.267803 21.885769 -33.824215
v -22.225626 23.993227 -35.474129
v -22.715256 -23.874193 -34.462570
v -24.354458 -22.125895 -33.157902
v -25.856977 -20.272638 -31.834330
v -27.227367 -18.310349 -30.507210
v -28.467085 -16.231403 -29.194942
v -29.574669 -14.022715 -27.920372
v -30.533421 -11.694737 -26.728321
v -31.328426 -9.257168 -25.668880
v -31.951265 -6.692021 -24.788242
v -32.382168 -4.001475 -24.150171
v -32.596287 -1.256270 -23.823683
v -32.584591 1.538322 -23.841660
v -32.347485 4.282775 -24.202450
v -31.901634 6.933388 -24.860174
v -31.259052 9.497553 -25.764114
v -30.281107 12.357380 -27.050669
v -29.090456 15.038574 -28.490301
v -27.693588 17.567940 -30.026924
v -26.103050 19.941713 -31.604855
v -24.237549 22.259249 -33.255581
v -22.178308 24.395105 -34.860992
v -24.401176 -22.544062 -32.618504
v -25.911411 -20.654154 -31.324017
v -27.289173 -18.653526 -30.024748
v -28.535807 -16.534439 -28.738895
v -29.649750 -14.283574 -27.489037
v -30.614126 -11.911592 -26.319349
v -31.413876 -9.428355 -25.279240
v -32.040478 -6.815503 -24.414316
v -32.474007 -4.075198 -23.787443
v -32.689434 -1.279398 -23.466625
v -32.677666 1.566644 -23.484291
v -32.439110 4.361690 -23.838810
v -31.990543 7.061346 -24.484976
v -31.344086 9.673228 -25.372755
v -30.360321 12.586719 -26.635715
v -29.162739 15.318775 -28.048023
v -27.757971 17.896729 -29.554255
v -26.158785 20.316730 -31.099443
v -24.283686 22.680069 -32.713978
v -26.281937 20.718363 -30.627512
v -27.881090 18.244799 -29.107754
v -29.285309 15.612445 -27.626020
v -30.482071 12.825058 -26.236427
v -31.464935 9.854551 -24.993580
v -32.110699 7.192830 -24.119831
v -32.558735 4.442531 -23.483824
v -32.796997 1.595609 -23.134863
v -32.808750 -1.303050 -23.117474
v -32.593590 -4.150702 -23.433264
v -32.160576 -6.942344 -24.050283
v -31.534655 -9.604960 -24.901546
v -30.735664 -12.136559 -25.925116
v -29.772024 -14.556030 -27.076050
v -28.658682 -16.853460 -28.305693
v -27.412371 -19.018059 -29.570538
v -26.034508 -21.063478 -30.848364
v -24.523565 -22.997692 -32.121262
v -26.222450 -21.490353 -30.418486
v -27.593719 -19.396046 -29.153843
v -28.832991 -17.182545 -27.902971
v -29.939238 -14.835778 -26.687664
v -30.896164 -12.366621 -25.550713
v -31.689205 -9.784966 -24.539980
v -32.310238 -7.071292 -23.699648
v -32.739758 -4.227323 -23.090677
v -32.953152 -1.327030 -22.779045
v -32.941494 1.624978 -22.796206
v -32.705189 4.524580 -23.140575
v -32.260761 7.326526 -23.768291
v -31.620020 10.039418 -24.630844
v -30.644386 13.069052 -25.858192
v -29.455715 15.914586 -27.231138
v -28.059908 18.605013 -28.696074
v -26.468792 21.136782 -30.199841
v -17.564297 26.885410 -38.971146
v -18.579811 26.546906 -38.971146
v -17.160105 26.978701 -37.157417
v -18.502523 26.652321 -37.435413
v -25.208033 23.628401 -30.974838
v -19.702446 25.956381 -37.683899
v -23.664076 24.277794 -32.516064
v -22.190977 24.896866 -34.161270
v -20.828405 25.468700 -35.898163
v -24.940060 24.422312 -30.744534
v -23.332565 24.936747 -32.284531
v -21.818407 25.418276 -33.954121
v -20.440571 25.856119 -35.741436
v -19.327406 26.224705 -37.606236
v -24.558212 25.165232 -30.416363
v -22.910292 25.539465 -31.989609
v -21.379263 25.885759 -33.709949
v -20.008390 26.197573 -35.566792
v -18.925802 26.457972 -37.523067
v -23.506430 26.339481 -29.512432
v -21.844763 26.474207 -31.245422
v -20.344170 26.598871 -33.134418
v -19.042498 26.711124 -35.176464
v -18.063128 26.804869 -37.344421
v -19.539316 26.484701 -35.377235
v -20.883360 26.283445 -33.434219
v -22.408398 26.059191 -31.639074
v -24.073118 25.815889 -29.999460
v -22.887751 26.713589 -28.980721
v -21.241955 26.770748 -30.824408
v -19.777617 26.824251 -32.819405
v -18.528196 26.872900 -34.968632
v -17.613604 26.913855 -37.251331
v -22.249704 26.931190 -28.432367
v -20.624315 26.944443 -30.393036
v -19.200558 26.957077 -32.498547
v -18.007101 26.968746 -34.758049
v 20.066986 -0.000005 -72.250000
v 20.250000 -0.000005 -72.066986
v -20.008106 1.536108 -72.250000
v -20.190582 1.550117 -72.066986
v -20.190582 -1.550128 -72.066986
v -20.008106 -1.536119 -72.250000
v -19.539133 4.572328 -72.250000
v -19.717333 4.614029 -72.066986
v -18.612181 7.501377 -72.250000
v -18.781925 7.569791 -72.066986
v -17.248972 10.254600 -72.250000
v -17.406284 10.348123 -72.066986
v -15.481464 12.767464 -72.250000
v -15.622656 12.883904 -72.066986
v -13.351082 14.981069 -72.250000
v -13.472845 15.117698 -72.066986
v -10.907763 16.843529 -72.250000
v -11.007243 16.997145 -72.066986
v -8.208775 18.311192 -72.250000
v -8.283640 18.478191 -72.066986
v -5.317380 19.349657 -72.250000
v -5.365875 19.526127 -72.066986
v -2.301351 19.934582 -72.250000
v -2.322339 20.116386 -72.066986
v 0.768620 20.052256 -72.250000
v 0.775630 20.235134 -72.066986
v 3.820576 19.699923 -72.250000
v 3.855420 19.879587 -72.066986
v 6.782980 18.885839 -72.250000
v 6.844842 19.058081 -72.066986
v 9.586398 17.629087 -72.250000
v 9.673826 17.789867 -72.066986
v 12.165118 15.959126 -72.250000
v 12.276065 16.104675 -72.066986
v 14.458698 13.915095 -72.250000
v 14.590562 14.042003 -72.066986
v 16.413378 11.544907 -72.250000
v 16.563070 11.650197 -72.066986
v 17.983343 8.904115 -72.250000
v 18.147352 8.985321 -72.066986
v 19.131792 6.054618 -72.250000
v 19.306276 6.109837 -72.066986
v 19.831812 3.063205 -72.250000
v 20.012678 3.091142 -72.066986
v 19.831812 -3.063216 -72.250000
v 20.012678 -3.091153 -72.066986
v 19.131792 -6.054628 -72.250000
v 19.306276 -6.109847 -72.066986
v 17.983343 -8.904126 -72.250000
v 18.147352 -8.985332 -72.066986
v 16.413378 -11.544918 -72.250000
v 16.563070 -11.650208 -72.066986
v 14.458698 -13.915107 -72.250000
v 14.590562 -14.042014 -72.066986
v 12.165118 -15.959138 -72.250000
v 12.276065 -16.104687 -72.066986
v 9.586398 -17.629099 -72.250000
v 9.673826 -17.789879 -72.066986
v 6.782980 -18.885851 -72.250000
v 6.844842 -19.058092 -72.066986
v 3.820576 -19.699934 -72.250000
v 3.855420 -19.879599 -72.066986
v 0.768620 -20.052267 -72.250000
v 0.775630 -20.235146 -72.066986
v -2.301351 -19.934593 -72.250000
v -2.322339 -20.116398 -72.066986
v -5.317380 -19.349669 -72.250000
v -5.365875 -19.526138 -72.066986
v -8.208775 -18.311203 -72.250000
v -8.283640 -18.478203 -72.066986
v -10.907763 -16.843540 -72.250000
v -11.007243 -16.997156 -72.066986
v -13.351082 -14.981080 -72.250000
v -13.472845 -15.117709 -72.066986
v -15.481464 -12.767475 -72.250000
v -15.622656 -12.883915 -72.066986
v -17.248972 -10.254611 -72.250000
v -17.406284 -10.348134 -72.066986
v -18.612181 -7.501387 -72.250000
v -18.781925 -7.569801 -72.066986
v -19.539133 -4.572338 -72.250000
v -19.717333 -4.614039 -72.066986
v 20.250000 -0.000006 -73.933014
v 20.066986 -0.000006 -73.750000
v -20.190582 1.550116 -73.933014
v -20.008106 1.536107 -73.750000
v -20.008106 -1.536119 -73.750000
v -20.190582 -1.550128 -73.933014
v -19.717333 4.614028 -73.933014
v -19.539133 4.572327 -73.750000
v -18.781925 7.569790 -73.933014
v -18.612181 7.501376 -73.750000
v -17.406284 10.348123 -73.933014
v -17.248972 10.254600 -73.750000
v -15.622656 12.883904 -73.933014
v -15.481464 12.767464 -73.750000
v -13.472845 15.117698 -73.933014
v -13.351082 14.981069 -73.750000
v -11.007243 16.997145 -73.933014
v -10.907763 16.843529 -73.750000
v -8.283640 18.478191 -73.933014
v -8.208775 18.311192 -73.750000
v -5.365875 19.526127 -73.933014
v -5.317380 19.349657 -73.750000
v -2.322339 20.116386 -73.933014
v -2.301351 19.934582 -73.750000
v 0.775630 20.235134 -73.933014
v 0.768620 20.052256 -73.750000
v 3.855420 19.879587 -73.933014
v 3.820576 19.699923 -73.750000
v 6.844842 19.058081 -73.933014
v 6.782980 18.885839 -73.750000
v 9.673826 17.789867 -73.933014
v 9.586398 17.629087 -73.750000
v 12.276065 16.104675 -73.933014
v 12.165118 15.959126 -73.750000
v 14.590562 14.042003 -73.933014
v 14.458698 13.915095 -73.750000
v 16.563070 11.650197 -73.933014
v 16.413378 11.544907 -73.750000
v 18.147352 8.985321 -73.933014
v 17.983343 8.904115 -73.750000
v 19.306276 6.109836 -73.933014
v 19.131792 6.054617 -73.750000
v 20.012678 3.091142 -73.933014
v 19.831812 3.063205 -73.750000
v 20.012678 -3.091153 -73.933014
v 19.831812 -3.063216 -73.750000
v 19.306276 -6.109848 -73.933014
v 19.131792 -6.054629 -73.750000
v 18.147352 -8.985332 -73.933014
v 17.983343 -8.904126 -73.750000
v 16.563070 -11.650208 -73.933014
v 16.413378 -11.544918 -73.750000
v 14.590562 -14.042014 -73.933014
v 14.458698 -13.915107 -73.750000
v 12.276065 -16.104687 -73.933014
v 12.165118 -15.959138 -73.750000
v 9.673826 -17.789879 -73.933014
v 9.586398 -17.629099 -73.750000
v 6.844842 -19.058092 -73.933014
v 6.782980 -18.885851 -73.750000
v 3.855420 -19.879599 -73.933014
v 3.820576 -19.699934 -73.750000
v 0.775630 -20.235146 -73.933014
v 0.768620 -20.052267 -73.750000
v -2.322339 -20.116398 -73.933014
v -2.301351 -19.934593 -73.750000
v -5.365875 -19.526138 -73.933014
v -5.317380 -19.349669 -73.750000
v -8.283640 -18.478203 -73.933014
v -8.208775 -18.311203 -73.750000
v -11.007243 -16.997156 -73.933014
v -10.907763 -16.843540 -73.750000
v -13.472845 -15.117709 -73.933014
v -13.351082 -14.981080 -73.750000
v -15.622656 -12.883915 -73.933014
v -15.481464 -12.767475 -73.750000
v -17.406284 -10.348134 -73.933014
v -17.248972 -10.254611 -73.750000
v -18.781925 -7.569802 -73.933014
v -18.612181 -7.501388 -73.750000
v -19.717333 -4.614040 -73.933014
v -19.539133 -4.572339 -73.750000
v 32.750000 -0.000004 -52.066986
v 32.933014 -0.000004 -52.250000
v 21.717266 24.513723 -52.066986
v 21.838627 24.650711 -52.250000
v 18.708084 27.103334 -52.250004
v 18.604120 26.952719 -52.066990
v 24.513727 21.717262 -52.066986
v 24.650715 21.838623 -52.250000
v 26.952723 18.604116 -52.066986
v 27.103338 18.708080 -52.250000
v 28.998686 15.219680 -52.066986
v 29.160734 15.304730 -52.250000
v 30.621782 11.613306 -52.066986
v 30.792902 11.678204 -52.250000
v 31.798346 7.837584 -52.066986
v 31.976040 7.881382 -52.250000
v 32.511215 3.947572 -52.066986
v 32.692894 3.969632 -52.250000
v 32.511215 -3.947580 -52.066986
v 32.692894 -3.969640 -52.250000
v 31.798346 -7.837592 -52.066986
v 31.976040 -7.881390 -52.250000
v 30.621782 -11.613314 -52.066986
v 30.792902 -11.678211 -52.250000
v 28.998686 -15.219687 -52.066986
v 29.160734 -15.304738 -52.250000
v 26.952723 -18.604124 -52.066986
v 27.103338 -18.708088 -52.250000
v 24.513727 -21.717270 -52.066986
v 24.650715 -21.838631 -52.250000
v 21.717266 -24.513731 -52.066986
v 21.838627 -24.650719 -52.250000
v 18.604120 -26.952726 -52.066982
v 18.708084 -27.103342 -52.249996
v 15.219684 -28.998690 -52.066982
v 15.304734 -29.160738 -52.249996
v 11.613310 -30.621786 -52.066982
v 11.678207 -30.792906 -52.249996
v 7.837588 -31.798349 -52.066982
v 7.881386 -31.976044 -52.249996
v 3.947576 -32.511219 -52.066982
v 3.969636 -32.692898 -52.249996
v 0.000000 -32.750004 -52.066982
v 0.000000 -32.933018 -52.249996
v -3.947576 -32.511219 -52.066982
v -3.969636 -32.692898 -52.249996
v -7.837588 -31.798349 -52.066982
v -7.881386 -31.976044 -52.249996
v -11.613310 -30.621786 -52.066982
v -11.678207 -30.792906 -52.249996
v -15.219684 -28.998690 -52.066982
v -15.304734 -29.160738 -52.249996
v -18.604120 -26.952726 -52.066982
v -18.708084 -27.103342 -52.249996
v -21.717266 -24.513731 -52.066986
v -21.838627 -24.650719 -52.250000
v -24.513727 -21.717270 -52.066986
v -24.650715 -21.838631 -52.250000
v -26.952723 -18.604124 -52.066986
v -27.103338 -18.708088 -52.250000
v -28.998686 -15.219687 -52.066986
v -29.160734 -15.304738 -52.250000
v -30.621782 -11.613314 -52.066986
v -30.792902 -11.678211 -52.250000
v -31.798346 -7.837592 -52.066986
v -31.976040 -7.881390 -52.250000
v -32.511215 -3.947580 -52.066986
v -32.692894 -3.969640 -52.250000
v -32.750000 -0.000004 -52.066986
v -32.933014 -0.000004 -52.250000
v -32.511215 3.947572 -52.066986
v -32.692894 3.969632 -52.250000
v -31.798346 7.837584 -52.066986
v -31.976040 7.881382 -52.250000
v -30.621782 11.613306 -52.066986
v -30.792902 11.678204 -52.250000
v -28.998686 15.219680 -52.066986
v -29.160734 15.304730 -52.250000
v -26.952723 18.604116 -52.066986
v -27.103338 18.708080 -52.250000
v -24.513727 21.717262 -52.066986
v -24.650715 21.838623 -52.250000
v -21.717266 24.513723 -52.066986
v -21.838627 24.650711 -52.250000
v -18.604120 26.952719 -52.066990
v -18.708084 27.103334 -52.250004
v -15.219684 28.998682 -52.066990
v -15.304734 29.160730 -52.250004
v -11.613310 30.621778 -52.066990
v -11.678207 30.792898 -52.250004
v -7.837588 31.798342 -52.066990
v -7.881386 31.976036 -52.250004
v -3.947576 32.511211 -52.066990
v -3.969636 32.692890 -52.250004
v 0.000000 32.749996 -52.066990
v 0.000000 32.933010 -52.250004
v 3.947576 32.511211 -52.066990
v 3.969636 32.692890 -52.250004
v 7.837588 31.798342 -52.066990
v 7.881386 31.976036 -52.250004
v 11.613310 30.621778 -52.066990
v 11.678207 30.792898 -52.250004
v 15.219684 28.998682 -52.066990
v 15.304734 29.160730 -52.250004
v 32.933014 -0.000005 -67.750000
v 32.750000 -0.000005 -67.933014
v -32.692894 3.969631 -67.750000
v -32.511215 3.947571 -67.933014
v -32.750000 -0.000005 -67.933014
v -32.933014 -0.000005 -67.750000
v -31.976040 7.881381 -67.750000
v -31.798346 7.837583 -67.933014
v -30.792902 11.678203 -67.750000
v -30.621782 11.613305 -67.933014
v -29.160734 15.304729 -67.750000
v -28.998686 15.219679 -67.933014
v -27.103338 18.708078 -67.750000
v -26.952723 18.604115 -67.933014
v -24.650715 21.838621 -67.750000
v -24.513727 21.717260 -67.933014
v -21.838627 24.650709 -67.750000
v -21.717266 24.513721 -67.933014
v -18.708084 27.103333 -67.750000
v -18.604120 26.952717 -67.933014
v -15.304734 29.160728 -67.750000
v -15.219684 28.998680 -67.933014
v -11.678207 30.792896 -67.750000
v -11.613310 30.621777 -67.933014
v -7.881386 31.976034 -67.750000
v -7.837588 31.798340 -67.933014
v -3.969636 32.692890 -67.750000
v -3.947576 32.511211 -67.933014
v 0.000000 32.933010 -67.750000
v 0.000000 32.749996 -67.933014
v 3.969636 32.692890 -67.750000
v 3.947576 32.511211 -67.933014
v 7.881386 31.976034 -67.750000
v 7.837588 31.798340 -67.933014
v 11.678207 30.792896 -67.750000
v 11.613310 30.621777 -67.933014
v 15.304734 29.160728 -67.750000
v 15.219684 28.998680 -67.933014
v 18.708084 27.103333 -67.750000
v 18.604120 26.952717 -67.933014
v 21.838627 24.650709 -67.750000
v 21.717266 24.513721 -67.933014
v 24.650715 21.838621 -67.750000
v 24.513727 21.717260 -67.933014
v 27.103338 18.708078 -67.750000
v 26.952723 18.604115 -67.933014
v 29.160734 15.304729 -67.750000
v 28.998686 15.219679 -67.933014
v 30.792902 11.678203 -67.750000
v 30.621782 11.613305 -67.933014
v 31.976040 7.881381 -67.750000
v 31.798346 7.837583 -67.933014
v 32.692894 3.969631 -67.750000
v 32.511215 3.947571 -67.933014
v 32.692894 -3.969641 -67.750000
v 32.511215 -3.947581 -67.933014
v 31.976040 -7.881391 -67.750000
v 31.798346 -7.837593 -67.933014
v 30.792902 -11.678212 -67.750000
v 30.621782 -11.613315 -67.933014
v 29.160734 -15.304739 -67.750000
v 28.998686 -15.219688 -67.933014
v 27.103338 -18.708090 -67.750000
v 26.952723 -18.604126 -67.933014
v 24.650715 -21.838633 -67.750000
v 24.513727 -21.717272 -67.933014
v 21.838627 -24.650721 -67.750000
v 21.717266 -24.513733 -67.933014
v 18.708084 -27.103344 -67.750000
v 18.604120 -26.952728 -67.933014
v 15.304734 -29.160740 -67.750000
v 15.219684 -28.998692 -67.933014
v 11.678207 -30.792908 -67.750000
v 11.613310 -30.621788 -67.933014
v 7.881386 -31.976046 -67.750000
v 7.837588 -31.798351 -67.933014
v 3.969636 -32.692898 -67.750000
v 3.947576 -32.511219 -67.933014
v 0.000000 -32.933018 -67.750000
v 0.000000 -32.750004 -67.933014
v -3.969636 -32.692898 -67.750000
v -3.947576 -32.511219 -67.933014
v -7.881386 -31.976046 -67.750000
v -7.837588 -31.798351 -67.933014
v -11.678207 -30.792908 -67.750000
v -11.613310 -30.621788 -67.933014
v -15.304734 -29.160740 -67.750000
v -15.219684 -28.998692 -67.933014
v -18.708084 -27.103344 -67.750000
v -18.604120 -26.952728 -67.933014
v -21.838627 -24.650721 -67.750000
v -21.717266 -24.513733 -67.933014
v -24.650715 -21.838633 -67.750000
v -24.513727 -21.717272 -67.933014
v -27.103338 -18.708090 -67.750000
v -26.952723 -18.604126 -67.933014
v -29.160734 -15.304739 -67.750000
v -28.998686 -15.219688 -67.933014
v -30.792902 -11.678212 -67.750000
v -30.621782 -11.613315 -67.933014
v -31.976040 -7.881391 -67.750000
v -31.798346 -7.837593 -67.933014
v -32.692894 -3.969641 -67.750000
v -32.511215 -3.947581 -67.933014
v 26.750000 -0.000005 -68.066986
v 26.566986 -0.000005 -68.250000
v 18.596397 -19.228540 -68.066986
v 18.469168 -19.096985 -68.250000
v 20.849754 -16.464893 -68.250000
v 20.993383 -16.578316 -68.066986
v 15.867558 -21.535629 -68.066986
v 15.758999 -21.388292 -68.250000
v 12.855562 -23.458416 -68.066986
v 12.767609 -23.297924 -68.250000
v 9.614158 -24.962587 -68.066986
v 9.548382 -24.791803 -68.250000
v 6.201189 -26.021299 -68.066986
v 6.158763 -25.843273 -68.250000
v 2.677560 -26.615664 -68.066986
v 2.659241 -26.433569 -68.250000
v -0.893851 -26.735067 -68.066986
v -0.887735 -26.552156 -68.250000
v -4.449310 -26.377384 -68.066986
v -4.418870 -26.196922 -68.250000
v -7.925372 -25.548998 -68.066986
v -7.871150 -25.374201 -68.250000
v -11.260005 -24.264688 -68.066986
v -11.182968 -24.098679 -68.250000
v -14.393703 -22.547373 -68.066986
v -14.295227 -22.393114 -68.250000
v -17.270544 -20.427702 -68.066986
v -17.152388 -20.287943 -68.250000
v -19.839193 -17.943499 -68.066986
v -19.703463 -17.820734 -68.250000
v -22.053812 -15.139090 -68.066986
v -21.902927 -15.035514 -68.250000
v -23.874880 -12.064526 -68.066986
v -23.711536 -11.981985 -68.250000
v -25.269897 -8.774670 -68.066986
v -25.097012 -8.714637 -68.250000
v -26.213976 -5.328230 -68.066986
v -26.034630 -5.291777 -68.250000
v -26.690264 -1.786708 -68.066986
v -26.507660 -1.774484 -68.250000
v -26.690264 1.786698 -68.066986
v -26.507660 1.774474 -68.250000
v -26.213976 5.328220 -68.066986
v -26.034630 5.291767 -68.250000
v -25.269897 8.774660 -68.066986
v -25.097012 8.714627 -68.250000
v -23.874880 12.064516 -68.066986
v -23.711536 11.981976 -68.250000
v -22.053812 15.139080 -68.066986
v -21.902927 15.035504 -68.250000
v -19.839193 17.943487 -68.066986
v -19.703463 17.820723 -68.250000
v -17.270544 20.427691 -68.066986
v -17.152388 20.287931 -68.250000
v -14.393703 22.547361 -68.066986
v -14.295227 22.393103 -68.250000
v -11.260005 24.264677 -68.066986
v -11.182968 24.098667 -68.250000
v -7.925372 25.548986 -68.066986
v -7.871150 25.374189 -68.250000
v -4.449310 26.377373 -68.066986
v -4.418870 26.196911 -68.250000
v -0.893851 26.735056 -68.066986
v -0.887735 26.552145 -68.250000
v 2.677560 26.615652 -68.066986
v 2.659241 26.433558 -68.250000
v 6.201189 26.021288 -68.066986
v 6.158763 25.843262 -68.250000
v 9.614158 24.962576 -68.066986
v 9.548382 24.791792 -68.250000
v 12.855562 23.458405 -68.066986
v 12.767609 23.297913 -68.250000
v 15.867558 21.535618 -68.066986
v 15.758999 21.388281 -68.250000
v 18.596397 19.228529 -68.066986
v 18.469168 19.096973 -68.250000
v 20.993383 16.578304 -68.066986
v 20.849754 16.464882 -68.250000
v 23.015741 13.632240 -68.066986
v 22.858278 13.538974 -68.250000
v 24.627384 10.442908 -68.066986
v 24.458895 10.371462 -68.250000
v 25.799549 7.067222 -68.066986
v 25.623039 7.018871 -68.250000
v 26.511324 3.565421 -68.066986
v 26.329943 3.541028 -68.250000
v 26.511324 -3.565431 -68.066986
v 26.329943 -3.541038 -68.250000
v 25.799549 -7.067232 -68.066986
v 25.623039 -7.018881 -68.250000
v 24.627384 -10.442918 -68.066986
v 24.458895 -10.371471 -68.250000
v 23.015741 -13.632250 -68.066986
v 22.858278 -13.538983 -68.250000
v 26.433014 -0.000006 -73.750000
v 26.250000 -0.000006 -73.933014
v -26.373985 1.765525 -73.750000
v -26.191381 1.753301 -73.933014
v -26.191381 -1.753313 -73.933014
v -26.373985 -1.765537 -73.750000
v -25.903339 5.265080 -73.750000
v -25.723995 5.228626 -73.933014
v -24.970449 8.670679 -73.750000
v -24.797564 8.610647 -73.933014
v -23.591963 11.921551 -73.750000
v -23.428619 11.839010 -73.933014
v -21.792475 14.959682 -73.750000
v -21.641590 14.856105 -73.933014
v -19.604099 17.730856 -73.750000
v -19.468369 17.608093 -73.933014
v -17.065889 20.185623 -73.750000
v -16.947731 20.045864 -73.933014
v -14.223138 22.280176 -73.750000
v -14.124662 22.125916 -73.933014
v -11.126574 23.977140 -73.750000
v -11.049538 23.811131 -73.933014
v -7.831456 25.246231 -73.750000
v -7.777234 25.071436 -73.933014
v -4.396586 26.064802 -73.750000
v -4.366146 25.884338 -73.933014
v -0.883259 26.418247 -73.750000
v -0.877143 26.235334 -73.933014
v 2.645831 26.300255 -73.750000
v 2.627512 26.118162 -73.933014
v 6.127705 25.712936 -73.750000
v 6.085279 25.534910 -73.933014
v 9.500230 24.666769 -73.750000
v 9.434454 24.495985 -73.933014
v 12.703224 23.180424 -73.750000
v 12.615271 23.019930 -73.933014
v 15.679528 21.280422 -73.750000
v 15.570968 21.133083 -73.933014
v 18.376030 19.000669 -73.750000
v 18.248800 18.869116 -73.933014
v 20.744612 16.381851 -73.750000
v 20.600985 16.268429 -73.933014
v 22.743006 13.470697 -73.750000
v 22.585541 13.377431 -73.933014
v 24.335550 10.319160 -73.750000
v 24.167061 10.247712 -73.933014
v 25.493826 6.983474 -73.750000
v 25.317316 6.935123 -73.933014
v 26.197165 3.523170 -73.750000
v 26.015783 3.498778 -73.933014
v 26.197165 -3.523181 -73.750000
v 26.015783 -3.498789 -73.933014
v 25.493826 -6.983486 -73.750000
v 25.317316 -6.935135 -73.933014
v 24.335550 -10.319171 -73.750000
v 24.167061 -10.247724 -73.933014
v 22.743006 -13.470709 -73.750000
v 22.585541 -13.377442 -73.933014
v 20.744612 -16.381863 -73.750000
v 20.600985 -16.268440 -73.933014
v 18.376030 -19.000681 -73.750000
v 18.248800 -18.869127 -73.933014
v 15.679528 -21.280434 -73.750000
v 15.570968 -21.133095 -73.933014
v 12.703224 -23.180435 -73.750000
v 12.615271 -23.019941 -73.933014
v 9.500230 -24.666780 -73.750000
v 9.434454 -24.495996 -73.933014
v 6.127705 -25.712948 -73.750000
v 6.085279 -25.534922 -73.933014
v 2.645831 -26.300266 -73.750000
v 2.627512 -26.118174 -73.933014
v -0.883259 -26.418259 -73.750000
v -0.877143 -26.235346 -73.933014
v -4.396586 -26.064814 -73.750000
v -4.366146 -25.884350 -73.933014
v -7.831456 -25.246243 -73.750000
v -7.777234 -25.071447 -73.933014
v -11.126574 -23.977152 -73.750000
v -11.049538 -23.811142 -73.933014
v -14.223138 -22.280188 -73.750000
v -14.124662 -22.125927 -73.933014
v -17.065889 -20.185635 -73.750000
v -16.947731 -20.045876 -73.933014
v -19.604099 -17.730867 -73.750000
v -19.468369 -17.608105 -73.933014
v -21.792475 -14.959693 -73.750000
v -21.641590 -14.856116 -73.933014
v -23.591963 -11.921562 -73.750000
v -23.428619 -11.839022 -73.933014
v -24.970449 -8.670691 -73.750000
v -24.797564 -8.610659 -73.933014
v -25.903339 -5.265092 -73.750000
v -25.723995 -5.228638 -73.933014
vn -0.0000 -0.0000 -1.0000
vn 0.0001 -0.0000 -1.0000
vn -0.0001 -0.0000 -1.0000
vn -0.0000 -0.0000 1.0000
vn 0.6748 -0.0000 -0.7380
vn 0.7512 -0.0000 -0.6600
vn 0.7102 -0.0000 -0.7040
vn 0.7413 -0.0000 -0.6712
vn 0.7512 -0.0000 -0.6601
vn 0.7683 -0.0000 -0.6401
vn 0.7909 -0.0000 -0.6120
vn 0.8186 -0.0000 -0.5743
vn 0.8090 -0.0000 -0.5879
vn 0.8224 -0.0000 -0.5690
vn 0.8271 -0.0000 -0.5620
vn 0.8272 -0.0000 -0.5620
vn 0.8318 -0.0000 -0.5551
vn 0.8333 -0.0000 -0.5528
vn 0.8763 -0.0000 -0.4817
vn 0.9236 -0.0000 -0.3834
vn 0.9598 -0.0000 -0.2806
vn 0.9847 -0.0000 -0.1744
vn 0.9847 -0.0000 -0.1743
vn 0.9978 -0.0000 -0.0661
vn 0.9991 -0.0000 0.0430
vn 0.9885 -0.0000 0.1515
vn 0.9884 -0.0000 0.1516
vn 0.9661 -0.0000 0.2583
vn 0.9322 -0.0000 0.3620
vn 0.8872 -0.0000 0.4613
vn 0.8872 -0.0000 0.4614
vn 0.8317 -0.0000 0.5552
vn 0.7663 -0.0000 0.6425
vn 0.6917 -0.0000 0.7221
vn 0.6917 -0.0000 0.7222
vn 0.6090 -0.0000 0.7932
vn 0.5190 -0.0000 0.8548
vn 0.4228 -0.0000 0.9062
vn 0.3216 -0.0000 0.9469
vn 0.2165 -0.0000 0.9763
vn 0.1089 -0.0000 0.9941
vn -0.1089 -0.0000 0.9941
vn -0.2165 -0.0000 0.9763
vn -0.3216 -0.0000 0.9469
vn -0.4228 -0.0000 0.9062
vn -0.5190 -0.0000 0.8548
vn -0.6090 -0.0000 0.7932
vn -0.6917 -0.0000 0.7222
vn -0.6917 -0.0000 0.7221
vn -0.7663 -0.0000 0.6425
vn -0.8317 -0.0000 0.5552
vn -0.8872 -0.0000 0.4614
vn -0.8872 -0.0000 0.4613
vn -0.9322 -0.0000 0.3620
vn -0.9661 -0.0000 0.2583
vn -0.9884 -0.0000 0.1516
vn -0.9885 -0.0000 0.1515
vn -0.9991 -0.0000 0.0430
vn -0.9978 -0.0000 -0.0661
vn -0.9847 -0.0000 -0.1743
vn -0.9847 -0.0000 -0.1744
vn -0.9598 -0.0000 -0.2806
vn -0.9236 -0.0000 -0.3834
vn -0.8763 -0.0000 -0.4817
vn -0.8333 -0.0000 -0.5528
vn -0.8305 -0.0000 -0.5570
vn -0.8186 -0.0000 -0.5743
vn -0.8223 -0.0000 -0.5691
vn -0.8089 -0.0000 -0.5880
vn -0.7907 -0.0000 -0.6123
vn -0.7906 -0.0000 -0.6123
vn -0.7681 -0.0000 -0.6404
vn -0.7681 -0.0000 -0.6403
vn -0.7512 -0.0000 -0.6601
vn -0.7413 -0.0000 -0.6712
vn -0.7102 -0.0000 -0.7040
vn -0.6748 -0.0000 -0.7380
vn -0.8318 -0.0000 -0.5551
vn -0.8318 0.0001 -0.5550
vn -0.8271 -0.0000 -0.5620
vn -0.8224 -0.0000 -0.5690
vn -0.8090 -0.0000 -0.5879
vn -0.7909 -0.0000 -0.6120
vn -0.7683 -0.0000 -0.6401
vn -0.7512 -0.0000 -0.6600
vn -0.7101 -0.0000 -0.7041
vn 0.8305 -0.0000 -0.5570
vn 0.8223 -0.0000 -0.5691
vn 0.8089 -0.0000 -0.5880
vn 0.7907 -0.0000 -0.6123
vn 0.7906 -0.0000 -0.6123
vn 0.7681 -0.0000 -0.6404
vn -0.0000 1.0000 -0.0000
vn -0.0000 -1.0000 -0.0000
vn 0.6000 -0.8000 -0.0000
vn 0.6863 -0.7273 -0.0000
vn 0.6885 -0.7252 -0.0000
vn 0.7622 -0.6474 -0.0000
vn 0.7677 -0.6408 -0.0000
vn 0.8285 -0.5600 -0.0000
vn 0.7678 -0.6407 -0.0000
vn 0.8367 -0.5477 -0.0000
vn 0.8854 -0.4647 -0.0000
vn 0.8855 -0.4647 -0.0000
vn 0.8367 -0.5476 -0.0000
vn 0.8944 -0.4472 -0.0000
vn 0.8854 -0.4648 -0.0000
vn 0.9321 -0.3621 -0.0000
vn 0.9322 -0.3621 -0.0000
vn 0.9401 -0.3408 -0.0000
vn 0.9516 -0.3074 -0.0000
vn 0.9733 -0.2297 -0.0000
vn 0.9732 -0.2298 -0.0000
vn 0.9683 -0.2499 -0.0000
vn 0.9818 -0.1901 -0.0000
vn 0.9933 -0.1156 -0.0000
vn 0.9917 -0.1286 -0.0000
vn 0.9933 -0.1157 -0.0000
vn 0.9979 -0.0652 -0.0000
vn 1.0000 -0.0000 -0.0000
vn 1.0000 -0.0001 -0.0000
vn 0.9979 0.0644 -0.0000
vn 0.9933 0.1157 -0.0000
vn 0.9933 0.1156 -0.0000
vn 0.9918 0.1278 -0.0000
vn 0.9818 0.1899 -0.0000
vn 0.9818 0.1900 -0.0000
vn 0.9732 0.2298 -0.0000
vn 0.9733 0.2297 -0.0000
vn 0.9684 0.2495 -0.0000
vn 0.9684 0.2496 -0.0000
vn 0.9519 0.3065 -0.0000
vn 0.9401 0.3408 -0.0000
vn 0.9325 0.3612 -0.0000
vn 0.8944 0.4472 -0.0000
vn 0.8856 0.4645 -0.0000
vn 0.8367 0.5476 -0.0000
vn 0.8367 0.5477 -0.0000
vn 0.8291 0.5592 -0.0000
vn 0.7678 0.6407 -0.0000
vn 0.8291 0.5591 -0.0000
vn 0.7630 0.6464 -0.0000
vn 0.7677 0.6407 -0.0000
vn 0.6885 0.7252 -0.0000
vn 0.6885 0.7253 -0.0000
vn 0.6867 0.7269 -0.0000
vn 0.6867 0.7270 -0.0000
vn 0.6000 0.8000 -0.0000
vn -0.6000 -0.8000 -0.0000
vn -0.6885 -0.7252 -0.0000
vn -0.6885 -0.7253 -0.0000
vn -0.6867 -0.7270 -0.0000
vn -0.6867 -0.7269 -0.0000
vn -0.7630 -0.6464 -0.0000
vn -0.7677 -0.6407 -0.0000
vn -0.7678 -0.6407 -0.0000
vn -0.8291 -0.5591 -0.0000
vn -0.8291 -0.5592 -0.0000
vn -0.8367 -0.5477 -0.0000
vn -0.8856 -0.4645 -0.0000
vn -0.8367 -0.5476 -0.0000
vn -0.8944 -0.4472 -0.0000
vn -0.9325 -0.3612 -0.0000
vn -0.9401 -0.3408 -0.0000
vn -0.9519 -0.3065 -0.0000
vn -0.9733 -0.2297 -0.0000
vn -0.9732 -0.2298 -0.0000
vn -0.9684 -0.2496 -0.0000
vn -0.9684 -0.2495 -0.0000
vn -0.9818 -0.1900 -0.0000
vn -0.9933 -0.1156 -0.0000
vn -0.9818 -0.1899 -0.0000
vn -0.9918 -0.1278 -0.0000
vn -0.9979 -0.0644 -0.0000
vn -0.9933 -0.1157 -0.0000
vn -1.0000 -0.0000 -0.0000
vn -1.0000 0.0001 -0.0000
vn -0.9979 0.0652 -0.0000
vn -0.9933 0.1157 -0.0000
vn -0.9917 0.1286 -0.0000
vn -0.9933 0.1156 -0.0000
vn -0.9818 0.1901 -0.0000
vn -0.9732 0.2298 -0.0000
vn -0.9683 0.2499 -0.0000
vn -0.9516 0.3074 -0.0000
vn -0.9733 0.2297 -0.0000
vn -0.9401 0.3408 -0.0000
vn -0.9322 0.3621 -0.0000
vn -0.8944 0.4472 -0.0000
vn -0.9321 0.3621 -0.0000
vn -0.8854 0.4648 -0.0000
vn -0.8367 0.5476 -0.0000
vn -0.8367 0.5477 -0.0000
vn -0.8855 0.4647 -0.0000
vn -0.8285 0.5600 -0.0000
vn -0.7678 0.6407 -0.0000
vn -0.7677 0.6408 -0.0000
vn -0.7622 0.6474 -0.0000
vn -0.6885 0.7252 -0.0000
vn -0.6863 0.7273 -0.0000
vn -0.6000 0.8000 -0.0000
vn -0.9927 0.1205 -0.0000
vn -0.9927 -0.1205 -0.0000
vn -0.9709 -0.2393 -0.0000
vn -0.9350 -0.3546 -0.0000
vn -0.8855 -0.4647 -0.0000
vn -0.8230 -0.5681 -0.0000
vn -0.7485 -0.6631 -0.0000
vn -0.6631 -0.7485 -0.0000
vn -0.5681 -0.8230 -0.0000
vn -0.4647 -0.8855 -0.0000
vn -0.3546 -0.9350 -0.0000
vn -0.2393 -0.9709 -0.0000
vn -0.1205 -0.9927 -0.0000
vn 0.1205 -0.9927 -0.0000
vn 0.2393 -0.9709 -0.0000
vn 0.3546 -0.9350 -0.0000
vn 0.4647 -0.8855 -0.0000
vn 0.5681 -0.8230 -0.0000
vn 0.6631 -0.7485 -0.0000
vn 0.7485 -0.6631 -0.0000
vn 0.8230 -0.5681 -0.0000
vn 0.9350 -0.3546 -0.0000
vn 0.9709 -0.2393 -0.0000
vn 0.9927 -0.1205 -0.0000
vn 0.9927 0.1205 -0.0000
vn 0.9709 0.2393 -0.0000
vn 0.9350 0.3546 -0.0000
vn 0.8855 0.4647 -0.0000
vn 0.8230 0.5681 -0.0000
vn 0.7485 0.6631 -0.0000
vn 0.6631 0.7485 -0.0000
vn 0.5681 0.8230 -0.0000
vn 0.4647 0.8855 -0.0000
vn 0.3546 0.9350 -0.0000
vn 0.2393 0.9709 -0.0000
vn 0.1205 0.9927 -0.0000
vn -0.1205 0.9927 -0.0000
vn -0.2393 0.9709 -0.0000
vn -0.3546 0.9350 -0.0000
vn -0.4647 0.8855 -0.0000
vn -0.5681 0.8230 -0.0000
vn -0.6631 0.7485 -0.0000
vn -0.7485 0.6631 -0.0000
vn -0.8230 0.5681 -0.0000
vn -0.9350 0.3546 -0.0000
vn -0.9709 0.2393 -0.0000
vn -0.9911 0.1333 -0.0000
vn -0.9911 -0.1333 -0.0000
vn -0.9645 -0.2642 -0.0000
vn -0.9207 -0.3904 -0.0000
vn -0.9206 -0.3904 -0.0000
vn -0.8604 -0.5096 -0.0000
vn -0.7848 -0.6197 -0.0000
vn -0.7848 -0.6198 -0.0000
vn -0.6952 -0.7188 -0.0000
vn -0.5932 -0.8051 -0.0000
vn -0.4806 -0.8769 -0.0000
vn -0.4806 -0.8770 -0.0000
vn -0.3594 -0.9332 -0.0000
vn -0.2318 -0.9728 -0.0000
vn -0.1001 -0.9950 -0.0000
vn 0.0334 -0.9994 -0.0000
vn 0.1663 -0.9861 -0.0000
vn 0.2963 -0.9551 -0.0000
vn 0.4209 -0.9071 -0.0000
vn 0.5381 -0.8429 -0.0000
vn 0.6456 -0.7637 -0.0000
vn 0.6456 -0.7636 -0.0000
vn 0.7416 -0.6708 -0.0000
vn 0.7417 -0.6708 -0.0000
vn 0.8244 -0.5660 -0.0000
vn 0.8245 -0.5659 -0.0000
vn 0.8925 -0.4510 -0.0000
vn 0.9447 -0.3280 -0.0000
vn 0.9800 -0.1992 -0.0000
vn 0.9978 -0.0668 -0.0000
vn 0.9978 0.0668 -0.0000
vn 0.9800 0.1992 -0.0000
vn 0.9447 0.3280 -0.0000
vn 0.8925 0.4510 -0.0000
vn 0.8245 0.5659 -0.0000
vn 0.8244 0.5660 -0.0000
vn 0.7417 0.6708 -0.0000
vn 0.7416 0.6708 -0.0000
vn 0.6456 0.7636 -0.0000
vn 0.6456 0.7637 -0.0000
vn 0.5381 0.8429 -0.0000
vn 0.4209 0.9071 -0.0000
vn 0.2963 0.9551 -0.0000
vn 0.1663 0.9861 -0.0000
vn 0.0334 0.9994 -0.0000
vn -0.1001 0.9950 -0.0000
vn -0.2318 0.9728 -0.0000
vn -0.3594 0.9332 -0.0000
vn -0.4806 0.8770 -0.0000
vn -0.4806 0.8769 -0.0000
vn -0.5932 0.8051 -0.0000
vn -0.6952 0.7188 -0.0000
vn -0.7848 0.6198 -0.0000
vn -0.7848 0.6197 -0.0000
vn -0.8604 0.5096 -0.0000
vn -0.9206 0.3904 -0.0000
vn -0.9207 0.3904 -0.0000
vn -0.9645 0.2642 -0.0000
vn 0.9883 0.1526 -0.0000
vn 0.9883 -0.1526 -0.0000
vn 0.9883 -0.1527 -0.0000
vn 0.9534 -0.3017 -0.0000
vn 0.9883 0.1527 -0.0000
vn 0.9534 0.3017 -0.0000
vn 0.8962 0.4437 -0.0000
vn 0.8179 0.5753 -0.0000
vn 0.7205 0.6934 -0.0000
vn 0.6062 0.7953 -0.0000
vn 0.4777 0.8785 -0.0000
vn 0.3380 0.9411 -0.0000
vn 0.1904 0.9817 -0.0000
vn 0.0383 0.9993 -0.0000
vn -0.1147 0.9934 -0.0000
vn -0.2650 0.9643 -0.0000
vn -0.2650 0.9642 -0.0000
vn -0.4090 0.9125 -0.0000
vn -0.4091 0.9125 -0.0000
vn -0.5435 0.8394 -0.0000
vn -0.5436 0.8394 -0.0000
vn -0.6653 0.7465 -0.0000
vn -0.6653 0.7466 -0.0000
vn -0.7715 0.6363 -0.0000
vn -0.7715 0.6362 -0.0000
vn -0.8596 0.5110 -0.0000
vn -0.9275 0.3738 -0.0000
vn -0.9737 0.2279 -0.0000
vn -0.9737 0.2278 -0.0000
vn -0.9971 0.0766 -0.0000
vn -0.9971 0.0765 -0.0000
vn -0.9971 -0.0765 -0.0000
vn -0.9971 -0.0766 -0.0000
vn -0.9737 -0.2278 -0.0000
vn -0.9737 -0.2279 -0.0000
vn -0.9275 -0.3738 -0.0000
vn -0.8596 -0.5110 -0.0000
vn -0.7715 -0.6362 -0.0000
vn -0.7715 -0.6363 -0.0000
vn -0.6653 -0.7465 -0.0000
vn -0.5436 -0.8394 -0.0000
vn -0.6653 -0.7466 -0.0000
vn -0.5435 -0.8394 -0.0000
vn -0.4091 -0.9125 -0.0000
vn -0.4090 -0.9125 -0.0000
vn -0.2650 -0.9642 -0.0000
vn -0.2650 -0.9643 -0.0000
vn -0.1147 -0.9934 -0.0000
vn 0.0383 -0.9993 -0.0000
vn 0.1904 -0.9817 -0.0000
vn 0.3380 -0.9411 -0.0000
vn 0.4777 -0.8785 -0.0000
vn 0.6062 -0.7953 -0.0000
vn 0.7205 -0.6934 -0.0000
vn 0.8179 -0.5753 -0.0000
vn 0.8962 -0.4437 -0.0000
vn 0.9903 -0.1392 -0.0000
vn 0.9903 0.1392 -0.0000
vn 0.9613 0.2756 -0.0000
vn 0.9613 0.2757 -0.0000
vn 0.9136 0.4067 -0.0000
vn 0.9135 0.4068 -0.0000
vn 0.8481 0.5299 -0.0000
vn 0.8480 0.5299 -0.0000
vn 0.7661 0.6428 -0.0000
vn 0.7660 0.6428 -0.0000
vn 0.6691 0.7431 -0.0000
vn 0.6691 0.7432 -0.0000
vn 0.5592 0.8290 -0.0000
vn 0.4384 0.8988 -0.0000
vn 0.3090 0.9511 -0.0000
vn 0.1737 0.9848 -0.0000
vn 0.1736 0.9848 -0.0000
vn 0.0349 0.9994 -0.0000
vn -0.1045 0.9945 -0.0000
vn -0.2419 0.9703 -0.0000
vn -0.3746 0.9272 -0.0000
vn -0.5000 0.8660 -0.0000
vn -0.6157 0.7880 -0.0000
vn -0.6156 0.7880 -0.0000
vn -0.7193 0.6947 -0.0000
vn -0.7194 0.6946 -0.0000
vn -0.8090 0.5878 -0.0000
vn -0.8829 0.4695 -0.0000
vn -0.8830 0.4695 -0.0000
vn -0.9397 0.3420 -0.0000
vn -0.9781 0.2079 -0.0000
vn -0.9782 0.2079 -0.0000
vn -0.9976 0.0698 -0.0000
vn -0.9976 0.0697 -0.0000
vn -0.9976 -0.0697 -0.0000
vn -0.9976 -0.0698 -0.0000
vn -0.9782 -0.2079 -0.0000
vn -0.9781 -0.2079 -0.0000
vn -0.9397 -0.3420 -0.0000
vn -0.8830 -0.4695 -0.0000
vn -0.8829 -0.4695 -0.0000
vn -0.8090 -0.5878 -0.0000
vn -0.7194 -0.6946 -0.0000
vn -0.7193 -0.6947 -0.0000
vn -0.6157 -0.7880 -0.0000
vn -0.5000 -0.8660 -0.0000
vn -0.6156 -0.7880 -0.0000
vn -0.3746 -0.9272 -0.0000
vn -0.2419 -0.9703 -0.0000
vn -0.1045 -0.9945 -0.0000
vn 0.0349 -0.9994 -0.0000
vn 0.1736 -0.9848 -0.0000
vn 0.1737 -0.9848 -0.0000
vn 0.3090 -0.9511 -0.0000
vn 0.4384 -0.8988 -0.0000
vn 0.5592 -0.8290 -0.0000
vn 0.6691 -0.7432 -0.0000
vn 0.6691 -0.7431 -0.0000
vn 0.7660 -0.6428 -0.0000
vn 0.7661 -0.6428 -0.0000
vn 0.8480 -0.5299 -0.0000
vn 0.8481 -0.5299 -0.0000
vn 0.9135 -0.4068 -0.0000
vn 0.9136 -0.4067 -0.0000
vn 0.9613 -0.2757 -0.0000
vn 0.9613 -0.2756 -0.0000
vn 0.4460 -0.2575 -0.8572
vn 0.5150 -0.0000 -0.8572
vn -0.0000 -0.5150 -0.8572
vn 0.2575 -0.4460 -0.8572
vn -0.4460 -0.2575 -0.8572
vn -0.2575 -0.4460 -0.8572
vn -0.4460 0.2575 -0.8572
vn -0.5150 -0.0000 -0.8572
vn -0.0000 0.5150 -0.8572
vn -0.2575 0.4460 -0.8572
vn 0.4460 0.2575 -0.8572
vn 0.2575 0.4460 -0.8572
vn 0.2575 -0.4461 -0.8572
vn 0.8660 0.5000 -0.0000
vn 0.8660 -0.5000 -0.0000
vn 0.5000 -0.8660 -0.0000
vn -0.8660 -0.5000 -0.0000
vn -0.8660 0.5000 -0.0000
vn 0.5000 0.8660 -0.0000
vn 0.6124 0.3535 -0.7071
vn 0.6533 0.2706 -0.7071
vn 0.7071 -0.0000 -0.7071
vn 0.6533 -0.2706 -0.7071
vn 0.6124 0.3536 -0.7071
vn 0.5000 0.5000 -0.7071
vn 0.6117 0.3529 -0.7080
vn 0.3536 0.6124 -0.7071
vn 0.2706 0.6533 -0.7071
vn 0.3535 0.6124 -0.7071
vn -0.0000 0.7071 -0.7071
vn -0.2706 0.6533 -0.7071
vn -0.3535 0.6124 -0.7071
vn -0.3536 0.6124 -0.7071
vn -0.5000 0.5000 -0.7071
vn -0.3529 0.6117 -0.7080
vn -0.6124 0.3536 -0.7071
vn -0.6533 0.2706 -0.7071
vn -0.6124 0.3535 -0.7071
vn -0.7071 -0.0000 -0.7071
vn -0.6533 -0.2706 -0.7071
vn -0.6124 -0.3535 -0.7071
vn -0.6124 -0.3536 -0.7071
vn -0.5000 -0.5000 -0.7071
vn -0.6117 -0.3529 -0.7080
vn -0.3536 -0.6124 -0.7071
vn -0.2706 -0.6533 -0.7071
vn -0.3535 -0.6124 -0.7071
vn -0.0000 -0.7071 -0.7071
vn 0.2706 -0.6533 -0.7071
vn 0.3535 -0.6124 -0.7071
vn 0.3536 -0.6124 -0.7071
vn 0.5000 -0.5000 -0.7071
vn 0.3529 -0.6117 -0.7080
vn 0.6124 -0.3536 -0.7071
vn 0.6124 -0.3535 -0.7071
vn 0.4160 -0.9094 -0.0000
vn 0.2129 -0.9771 -0.0000
vn 0.2128 -0.9771 -0.0000
vn 0.1747 -0.9659 -0.1910
vn 0.1254 -0.9862 -0.1078
vn 0.1254 -0.9862 -0.1079
vn 0.1227 -0.9885 -0.0885
vn 0.1170 -0.9907 -0.0701
vn 0.1087 -0.9927 -0.0518
vn 0.0985 -0.9946 -0.0330
vn 0.0895 -0.9958 -0.0172
vn 0.0895 -0.9958 -0.0173
vn 0.2684 -0.9619 -0.0517
vn 0.2684 -0.9619 -0.0518
vn 0.1793 -0.9832 -0.0346
vn 0.1976 -0.9780 -0.0663
vn 0.1977 -0.9780 -0.0663
vn 0.2183 -0.9703 -0.1039
vn 0.2184 -0.9703 -0.1040
vn 0.2352 -0.9617 -0.1409
vn 0.2472 -0.9524 -0.1783
vn 0.1169 -0.9907 -0.0700
vn 0.2530 -0.9427 -0.2176
vn 0.5194 -0.8487 -0.1001
vn 0.4159 -0.9094 -0.0000
vn 0.5194 -0.8487 -0.1002
vn 0.4395 -0.8942 -0.0848
vn 0.4396 -0.8942 -0.0848
vn 0.3555 -0.9322 -0.0686
vn 0.3555 -0.9321 -0.0685
vn 0.4815 -0.8615 -0.1614
vn 0.3555 -0.9321 -0.0686
vn 0.4814 -0.8615 -0.1614
vn 0.3908 -0.9111 -0.1310
vn 0.5266 -0.8123 -0.2507
vn 0.4299 -0.8794 -0.2047
vn 0.5608 -0.7567 -0.3359
vn 0.4608 -0.8435 -0.2760
vn 0.5818 -0.6966 -0.4197
vn 0.4817 -0.8045 -0.3475
vn 0.5818 -0.6966 -0.4198
vn 0.5871 -0.6328 -0.5049
vn 0.4901 -0.7630 -0.4215
vn 0.4772 -0.7071 -0.5218
vn 0.3767 -0.8678 -0.3240
vn 0.3374 -0.8660 -0.3690
vn 0.5941 -0.7962 -0.1146
vn 0.6766 -0.7194 -0.1571
vn 0.6433 -0.7347 -0.2156
vn 0.7274 -0.6282 -0.2761
vn 0.6912 -0.6435 -0.3290
vn 0.6911 -0.6435 -0.3290
vn 0.7769 -0.4291 -0.4608
vn 0.6912 -0.6434 -0.3290
vn 0.7207 -0.5425 -0.4317
vn 0.7299 -0.4358 -0.5266
vn 0.6481 -0.6551 -0.3882
vn 0.7299 -0.4357 -0.5266
vn 0.6653 -0.5718 -0.4800
vn 0.6654 -0.5718 -0.4800
vn 0.5609 -0.7567 -0.3359
vn 0.7620 -0.2174 -0.6100
vn 0.7300 -0.4357 -0.5266
vn 0.7170 -0.3252 -0.6166
vn 0.6634 -0.4841 -0.5706
vn 0.7620 -0.2173 -0.6100
vn 0.6749 -0.0000 -0.7379
vn 0.7169 -0.3252 -0.6166
vn 0.6519 -0.2588 -0.7128
vn 0.7169 -0.3253 -0.6166
vn 0.6634 -0.4841 -0.5705
vn 0.5844 -0.5000 -0.6391
vn 0.2957 -0.9501 -0.0991
vn 0.2956 -0.9501 -0.0991
vn 0.3263 -0.9324 -0.1553
vn 0.3263 -0.9324 -0.1554
vn 0.2184 -0.9703 -0.1039
vn 0.3511 -0.9124 -0.2103
vn 0.2183 -0.9703 -0.1040
vn 0.3685 -0.8908 -0.2658
vn 0.3685 -0.8908 -0.2659
vn 0.4816 -0.8045 -0.3475
vn 0.5660 -0.8023 -0.1897
vn 0.5194 -0.8486 -0.1002
vn 0.5940 -0.7962 -0.1146
vn 0.5267 -0.8123 -0.2507
vn 0.6143 -0.7329 -0.2925
vn 0.6143 -0.7329 -0.2924
vn 0.6912 -0.6434 -0.3291
vn 0.4160 0.9094 -0.0000
vn 0.2129 0.9771 -0.0000
vn 0.2128 0.9771 -0.0000
vn 0.7824 -0.1693 -0.5993
vn 0.7824 -0.1692 -0.5993
vn 0.8198 -0.2529 -0.5138
vn 0.7814 -0.2904 -0.5523
vn 0.8198 -0.2530 -0.5138
vn 0.8444 -0.3333 -0.4194
vn 0.8059 -0.3818 -0.4525
vn 0.8556 -0.4083 -0.3183
vn 0.8151 -0.4659 -0.3442
vn 0.8531 -0.4762 -0.2130
vn 0.8091 -0.5406 -0.2305
vn 0.7621 -0.6474 -0.0000
vn 0.7575 -0.6034 -0.2490
vn 0.6766 -0.7194 -0.1574
vn 0.7275 -0.6282 -0.2761
vn 0.7670 -0.5231 -0.3717
vn 0.7670 -0.5230 -0.3717
vn 0.6766 -0.7194 -0.1575
vn 0.8888 -0.4135 -0.1976
vn 0.8878 -0.3529 -0.2954
vn 0.8556 -0.4082 -0.3183
vn 0.8749 -0.2871 -0.3899
vn 0.8503 -0.2175 -0.4792
vn 0.8145 -0.1455 -0.5616
vn 0.8146 -0.1455 -0.5615
vn 0.8146 -0.1455 -0.5616
vn 0.8415 -0.1218 -0.5263
vn 0.8636 -0.0982 -0.4945
vn 0.8811 -0.0744 -0.4670
vn 0.8812 -0.0744 -0.4669
vn 0.9122 -0.1113 -0.3944
vn 0.8811 -0.0743 -0.4670
vn 0.9224 -0.0805 -0.3777
vn 0.9465 -0.1068 -0.3047
vn 0.9533 -0.0656 -0.2948
vn 0.9716 -0.0813 -0.2221
vn 0.9755 -0.0291 -0.2180
vn 0.9887 -0.0346 -0.1455
vn 0.9890 0.0283 -0.1454
vn 0.9979 0.0645 -0.0000
vn 0.8888 -0.4135 -0.1975
vn 0.9188 -0.3495 -0.1835
vn 0.9146 -0.2970 -0.2745
vn 0.9001 -0.2410 -0.3629
vn 0.9001 -0.2410 -0.3630
vn 0.8756 -0.1823 -0.4473
vn 0.8756 -0.1823 -0.4474
vn 0.9434 -0.2840 -0.1711
vn 0.9434 -0.2840 -0.1710
vn 0.9363 -0.2406 -0.2560
vn 0.9204 -0.1947 -0.3390
vn 0.8961 -0.1470 -0.4189
vn 0.8961 -0.1471 -0.4189
vn 0.9630 -0.2163 -0.1605
vn 0.9534 -0.1827 -0.2403
vn 0.9533 -0.1827 -0.2403
vn 0.9363 -0.1476 -0.3186
vn 0.9756 -0.1570 -0.1533
vn 0.9756 -0.1570 -0.1534
vn 0.9642 -0.1324 -0.2296
vn 0.9642 -0.1323 -0.2296
vn 0.9363 -0.1476 -0.3185
vn 0.9464 -0.1067 -0.3047
vn 0.9464 -0.1068 -0.3047
vn 0.9842 -0.0966 -0.1483
vn 0.9642 -0.1324 -0.2297
vn 0.9716 -0.0814 -0.2221
vn 0.9888 -0.0346 -0.1455
vn 0.9849 0.0902 -0.1479
vn 0.9918 0.1277 -0.0000
vn 0.9766 0.1514 -0.1528
vn 0.9767 0.1511 -0.1526
vn 0.9644 0.2107 -0.1597
vn 0.9485 0.2682 -0.1684
vn 0.9289 0.3244 -0.1785
vn 0.9056 0.3794 -0.1898
vn 0.9056 0.3793 -0.1898
vn 0.8785 0.4328 -0.2022
vn 0.8474 0.4852 -0.2153
vn 0.8785 0.4328 -0.2021
vn 0.8475 0.4852 -0.2154
vn 0.8786 0.3699 -0.3022
vn 0.8504 0.4163 -0.3218
vn 0.8662 0.3012 -0.3987
vn 0.8395 0.3400 -0.4238
vn 0.8416 0.2283 -0.4895
vn 0.8395 0.3400 -0.4239
vn 0.8149 0.2581 -0.5190
vn 0.8053 0.1527 -0.5729
vn 0.7773 0.1727 -0.6050
vn 0.7773 0.1728 -0.6050
vn 0.7773 0.1728 -0.6049
vn 0.7620 0.2173 -0.6101
vn 0.7839 0.2881 -0.5499
vn 0.8084 0.3788 -0.4505
vn 0.8084 0.3789 -0.4505
vn 0.7768 0.4291 -0.4609
vn 0.7799 0.5087 -0.3646
vn 0.7274 0.6283 -0.2760
vn 0.7252 0.6377 -0.2598
vn 0.7274 0.6283 -0.2759
vn 0.6763 0.7197 -0.1570
vn 0.6764 0.7197 -0.1570
vn 0.7713 0.5878 -0.2443
vn 0.6764 0.7197 -0.1569
vn 0.8119 0.5368 -0.2294
vn 0.8475 0.4852 -0.2153
vn 0.8474 0.4852 -0.2154
vn 0.8296 0.1328 -0.5423
vn 0.8416 0.2284 -0.4895
vn 0.8645 0.1986 -0.4617
vn 0.8645 0.1986 -0.4618
vn 0.8891 0.2624 -0.3751
vn 0.9028 0.3230 -0.2839
vn 0.8506 0.1127 -0.5136
vn 0.8506 0.1128 -0.5136
vn 0.8840 0.1687 -0.4359
vn 0.9085 0.2232 -0.3533
vn 0.9235 0.2753 -0.2671
vn 0.8682 0.0926 -0.4876
vn 0.8682 0.0926 -0.4875
vn 0.9003 0.1386 -0.4127
vn 0.9003 0.1386 -0.4126
vn 0.9246 0.1836 -0.3338
vn 0.9235 0.2753 -0.2670
vn 0.9407 0.2270 -0.2520
vn 0.8090 -0.0000 -0.5878
vn 0.8824 0.0724 -0.4649
vn 0.9133 0.1084 -0.3926
vn 0.9374 0.1437 -0.3171
vn 0.9545 0.1780 -0.2392
vn 0.8224 -0.0000 -0.5689
vn 0.8933 0.0518 -0.4465
vn 0.9232 0.0776 -0.3764
vn 0.9472 0.1029 -0.3036
vn 0.9472 0.1030 -0.3036
vn 0.9545 0.1780 -0.2391
vn 0.9651 0.1276 -0.2288
vn 0.9007 0.0308 -0.4334
vn 0.9299 0.0461 -0.3649
vn 0.9538 0.0612 -0.2940
vn 0.9651 0.1277 -0.2288
vn 0.9722 0.0759 -0.2215
vn 0.9043 0.0096 -0.4267
vn 0.9041 -0.0118 -0.4271
vn 0.9332 0.0144 -0.3590
vn 0.9330 -0.0177 -0.3594
vn 0.9330 -0.0177 -0.3593
vn 0.9571 0.0192 -0.2892
vn 0.9569 -0.0235 -0.2895
vn 0.9757 0.0238 -0.2178
vn 0.9001 -0.0330 -0.4344
vn 0.9001 -0.0330 -0.4345
vn 0.9294 -0.0494 -0.3658
vn 0.8924 -0.0537 -0.4480
vn 0.9043 0.0097 -0.4267
vn 0.9332 0.0145 -0.3590
vn 0.7670 -0.5230 -0.3716
vn 0.9722 0.0760 -0.2215
vn 0.8178 0.4625 -0.3426
vn 0.7799 0.5088 -0.3646
vn 0.2322 -0.9511 -0.2040
vn 0.2321 -0.9511 -0.2040
vn 0.2530 -0.9511 -0.1775
vn 0.4415 -0.8090 -0.3880
vn 0.4416 -0.8090 -0.3880
vn 0.4812 -0.8090 -0.3376
vn 0.4812 -0.8090 -0.3375
vn 0.6077 -0.5878 -0.5340
vn 0.6623 -0.5878 -0.4646
vn 0.7144 -0.3090 -0.6278
vn 0.7145 -0.3090 -0.6277
vn 0.7786 -0.3090 -0.5462
vn 0.7144 -0.3090 -0.6277
vn 0.8334 -0.3090 -0.4582
vn 0.8334 -0.3090 -0.4581
vn 0.8784 -0.3090 -0.3647
vn 0.9129 -0.3090 -0.2668
vn 0.9365 -0.3090 -0.1658
vn 0.9490 -0.3090 -0.0628
vn 0.9490 -0.3090 -0.0629
vn 0.9502 -0.3090 0.0409
vn 0.9401 -0.3090 0.1441
vn 0.9188 -0.3090 0.2457
vn 0.9188 -0.3090 0.2456
vn 0.8866 -0.3090 0.3443
vn 0.8438 -0.3090 0.4388
vn 0.7910 -0.3090 0.5281
vn 0.7288 -0.3090 0.6111
vn 0.6579 -0.3090 0.6868
vn 0.5792 -0.3090 0.7544
vn 0.4936 -0.3090 0.8130
vn 0.4936 -0.3090 0.8129
vn 0.4021 -0.3090 0.8619
vn 0.3058 -0.3090 0.9005
vn 0.2059 -0.3090 0.9285
vn 0.1036 -0.3090 0.9454
vn -0.0000 -0.3090 0.9511
vn -0.1036 -0.3090 0.9454
vn -0.2059 -0.3090 0.9285
vn -0.3058 -0.3090 0.9005
vn -0.4021 -0.3090 0.8619
vn -0.4936 -0.3090 0.8130
vn -0.4936 -0.3090 0.8129
vn -0.5792 -0.3090 0.7544
vn -0.6579 -0.3090 0.6868
vn -0.7288 -0.3090 0.6111
vn -0.7288 -0.3090 0.6110
vn -0.7910 -0.3090 0.5281
vn -0.7910 -0.3090 0.5280
vn -0.8438 -0.3090 0.4388
vn -0.8866 -0.3090 0.3443
vn -0.8866 -0.3090 0.3442
vn -0.9188 -0.3090 0.2456
vn -0.9401 -0.3090 0.1441
vn -0.9502 -0.3090 0.0409
vn -0.9490 -0.3090 -0.0628
vn -0.9490 -0.3090 -0.0629
vn -0.9365 -0.3090 -0.1658
vn -0.9129 -0.3090 -0.2668
vn -0.8784 -0.3090 -0.3647
vn -0.8334 -0.3090 -0.4582
vn -0.7786 -0.3090 -0.5462
vn -0.7144 -0.3090 -0.6278
vn -0.7144 -0.3090 -0.6277
vn -0.6519 -0.2588 -0.7128
vn -0.6749 -0.0000 -0.7379
vn -0.5844 -0.5000 -0.6391
vn -0.7145 -0.3090 -0.6277
vn -0.6077 -0.5878 -0.5340
vn -0.7145 -0.3090 -0.6278
vn -0.6623 -0.5878 -0.4646
vn -0.8334 -0.3090 -0.4581
vn -0.7089 -0.5878 -0.3897
vn -0.7472 -0.5878 -0.3102
vn -0.7765 -0.5878 -0.2270
vn -0.7966 -0.5878 -0.1411
vn -0.8072 -0.5878 -0.0535
vn -0.8083 -0.5878 0.0348
vn -0.7997 -0.5878 0.1226
vn -0.9188 -0.3090 0.2457
vn -0.7816 -0.5878 0.2090
vn -0.7542 -0.5878 0.2928
vn -0.7178 -0.5878 0.3732
vn -0.6729 -0.5878 0.4492
vn -0.6199 -0.5878 0.5198
vn -0.5596 -0.5878 0.5842
vn -0.4927 -0.5878 0.6417
vn -0.4199 -0.5878 0.6915
vn -0.3420 -0.5878 0.7331
vn -0.3420 -0.5878 0.7332
vn -0.2601 -0.5878 0.7661
vn -0.2602 -0.5878 0.7660
vn -0.1752 -0.5878 0.7898
vn -0.0881 -0.5878 0.8042
vn -0.0000 -0.5878 0.8090
vn 0.0881 -0.5878 0.8042
vn 0.1752 -0.5878 0.7898
vn 0.2601 -0.5878 0.7660
vn 0.2602 -0.5878 0.7660
vn 0.3420 -0.5878 0.7332
vn 0.4198 -0.5878 0.6915
vn 0.4927 -0.5878 0.6417
vn 0.5596 -0.5878 0.5842
vn 0.6199 -0.5878 0.5198
vn 0.6729 -0.5878 0.4492
vn 0.7178 -0.5878 0.3732
vn 0.7542 -0.5878 0.2928
vn 0.7541 -0.5878 0.2928
vn 0.7816 -0.5878 0.2090
vn 0.7997 -0.5878 0.1226
vn 0.8083 -0.5878 0.0348
vn 0.8072 -0.5878 -0.0535
vn 0.7966 -0.5878 -0.1411
vn 0.7765 -0.5878 -0.2270
vn 0.7472 -0.5878 -0.3102
vn 0.7090 -0.5878 -0.3897
vn -0.4772 -0.7071 -0.5218
vn -0.4416 -0.8090 -0.3880
vn -0.4415 -0.8090 -0.3880
vn -0.4812 -0.8090 -0.3376
vn -0.5151 -0.8090 -0.2832
vn -0.5151 -0.8090 -0.2831
vn -0.5429 -0.8090 -0.2254
vn -0.5428 -0.8090 -0.2254
vn -0.5642 -0.8090 -0.1649
vn -0.5788 -0.8090 -0.1025
vn -0.5865 -0.8090 -0.0388
vn -0.5865 -0.8090 -0.0389
vn -0.5873 -0.8090 0.0253
vn -0.5872 -0.8090 0.0253
vn -0.5810 -0.8090 0.0891
vn -0.5679 -0.8090 0.1518
vn -0.7541 -0.5878 0.2928
vn -0.5678 -0.8090 0.1518
vn -0.5479 -0.8090 0.2128
vn -0.5215 -0.8090 0.2712
vn -0.5215 -0.8090 0.2711
vn -0.6728 -0.5878 0.4492
vn -0.4889 -0.8090 0.3264
vn -0.4504 -0.8090 0.3777
vn -0.4066 -0.8090 0.4245
vn -0.3580 -0.8090 0.4662
vn -0.3050 -0.8090 0.5025
vn -0.4198 -0.5878 0.6915
vn -0.2485 -0.8090 0.5327
vn -0.1890 -0.8090 0.5566
vn -0.2601 -0.5878 0.7660
vn -0.1273 -0.8090 0.5739
vn -0.0640 -0.8090 0.5843
vn -0.0000 -0.8090 0.5878
vn 0.0640 -0.8090 0.5843
vn 0.1273 -0.8090 0.5739
vn 0.1890 -0.8090 0.5566
vn 0.3420 -0.5878 0.7331
vn 0.2485 -0.8090 0.5327
vn 0.3051 -0.8090 0.5024
vn 0.4199 -0.5878 0.6915
vn 0.3050 -0.8090 0.5025
vn 0.3579 -0.8090 0.4662
vn 0.3580 -0.8090 0.4662
vn 0.4066 -0.8090 0.4245
vn 0.4504 -0.8090 0.3777
vn 0.6728 -0.5878 0.4492
vn 0.4889 -0.8090 0.3264
vn 0.5215 -0.8090 0.2712
vn 0.5479 -0.8090 0.2128
vn 0.5678 -0.8090 0.1518
vn 0.5679 -0.8090 0.1518
vn 0.5810 -0.8090 0.0891
vn 0.5872 -0.8090 0.0253
vn 0.5873 -0.8090 0.0253
vn 0.5865 -0.8090 -0.0388
vn 0.5865 -0.8090 -0.0389
vn 0.5788 -0.8090 -0.1025
vn 0.5642 -0.8090 -0.1649
vn 0.5429 -0.8090 -0.2254
vn 0.7089 -0.5878 -0.3897
vn 0.5151 -0.8090 -0.2832
vn -0.3374 -0.8660 -0.3690
vn -0.2321 -0.9511 -0.2040
vn -0.2530 -0.9511 -0.1775
vn -0.2708 -0.9511 -0.1489
vn -0.2854 -0.9511 -0.1185
vn -0.2966 -0.9511 -0.0867
vn -0.3043 -0.9511 -0.0539
vn -0.3083 -0.9511 -0.0204
vn -0.3087 -0.9511 0.0133
vn -0.3054 -0.9511 0.0468
vn -0.2985 -0.9511 0.0798
vn -0.2881 -0.9511 0.1119
vn -0.2742 -0.9511 0.1426
vn -0.2570 -0.9511 0.1716
vn -0.2368 -0.9511 0.1986
vn -0.2368 -0.9511 0.1985
vn -0.2138 -0.9511 0.2232
vn -0.2138 -0.9511 0.2231
vn -0.1882 -0.9511 0.2451
vn -0.3051 -0.8090 0.5024
vn -0.3050 -0.8090 0.5024
vn -0.1604 -0.9511 0.2641
vn -0.1307 -0.9511 0.2800
vn -0.1306 -0.9511 0.2800
vn -0.0994 -0.9511 0.2926
vn -0.1273 -0.8090 0.5738
vn -0.0669 -0.9511 0.3017
vn -0.0337 -0.9511 0.3072
vn -0.0000 -0.9511 0.3090
vn 0.0337 -0.9511 0.3072
vn 0.1273 -0.8090 0.5738
vn 0.0669 -0.9511 0.3017
vn 0.0994 -0.9511 0.2926
vn 0.1307 -0.9511 0.2800
vn 0.1306 -0.9511 0.2800
vn 0.3050 -0.8090 0.5024
vn 0.1604 -0.9511 0.2641
vn 0.1882 -0.9511 0.2451
vn 0.2138 -0.9511 0.2232
vn 0.4504 -0.8090 0.3776
vn 0.2368 -0.9511 0.1985
vn 0.2570 -0.9511 0.1716
vn 0.2742 -0.9511 0.1426
vn 0.5479 -0.8090 0.2127
vn 0.2881 -0.9511 0.1119
vn 0.2985 -0.9511 0.0798
vn 0.3054 -0.9511 0.0468
vn 0.3087 -0.9511 0.0133
vn 0.3083 -0.9511 -0.0204
vn 0.3043 -0.9511 -0.0539
vn 0.2966 -0.9511 -0.0867
vn 0.2854 -0.9511 -0.1185
vn 0.2708 -0.9511 -0.1489
vn -0.1747 -0.9659 -0.1910
vn -0.2322 -0.9511 -0.2040
vn -0.2708 -0.9510 -0.1489
vn -0.2854 -0.9510 -0.1185
vn -0.3084 -0.9511 -0.0204
vn -0.3088 -0.9511 0.0133
vn -0.3055 -0.9511 0.0468
vn -0.3055 -0.9510 0.0468
vn -0.2986 -0.9510 0.0798
vn -0.2880 -0.9511 0.1119
vn -0.2742 -0.9511 0.1425
vn -0.2570 -0.9510 0.1716
vn -0.1604 -0.9511 0.2642
vn -0.1307 -0.9511 0.2801
vn -0.0336 -0.9511 0.3072
vn 0.0336 -0.9511 0.3072
vn 0.1307 -0.9511 0.2801
vn 0.1604 -0.9511 0.2642
vn 0.2138 -0.9511 0.2231
vn 0.2368 -0.9511 0.1986
vn 0.2570 -0.9510 0.1716
vn 0.2742 -0.9511 0.1425
vn 0.2880 -0.9511 0.1119
vn 0.2985 -0.9510 0.0798
vn 0.3055 -0.9510 0.0468
vn 0.3055 -0.9511 0.0468
vn 0.3088 -0.9511 0.0133
vn 0.3084 -0.9511 -0.0204
vn 0.2854 -0.9510 -0.1185
vn 0.2708 -0.9510 -0.1489
vn -0.4160 -0.9094 -0.0000
vn -0.2129 -0.9771 -0.0000
vn -0.2128 -0.9771 -0.0000
vn 0.5758 0.8137 -0.0794
vn 0.5758 0.8137 -0.0795
vn 0.4159 0.9094 -0.0000
vn 0.5026 0.8618 -0.0694
vn 0.5025 0.8618 -0.0693
vn 0.4247 0.9034 -0.0586
vn 0.4552 0.8832 -0.1129
vn 0.3686 0.9251 -0.0914
vn 0.3686 0.9251 -0.0915
vn 0.3923 0.9101 -0.1333
vn 0.3924 0.9101 -0.1333
vn 0.2969 0.9496 -0.1008
vn 0.2969 0.9496 -0.1009
vn 0.3138 0.9403 -0.1315
vn 0.3138 0.9404 -0.1314
vn 0.2099 0.9738 -0.0879
vn 0.2297 0.9648 -0.1278
vn 0.1143 0.9914 -0.0636
vn 0.2298 0.9648 -0.1278
vn 0.1214 0.9891 -0.0833
vn 0.3432 0.9381 -0.0474
vn 0.2589 0.9652 -0.0357
vn 0.1729 0.9846 -0.0239
vn 0.1730 0.9846 -0.0239
vn 0.1861 0.9814 -0.0462
vn 0.1861 0.9815 -0.0462
vn 0.0928 0.9954 -0.0230
vn 0.0990 0.9945 -0.0336
vn 0.0989 0.9945 -0.0336
vn 0.1046 0.9936 -0.0438
vn 0.1045 0.9936 -0.0438
vn 0.0863 0.9962 -0.0119
vn 0.1254 0.9862 -0.1078
vn 0.1747 0.9659 -0.1910
vn 0.2530 0.9427 -0.2175
vn 0.1746 0.9659 -0.1910
vn 0.3374 0.8660 -0.3690
vn 0.3768 0.8678 -0.3239
vn 0.4772 0.7071 -0.5218
vn 0.4901 0.7630 -0.4214
vn 0.4901 0.7631 -0.4213
vn 0.5871 0.6328 -0.5048
vn 0.5774 0.7139 -0.3963
vn 0.6623 0.5956 -0.4545
vn 0.6380 0.6834 -0.3549
vn 0.6623 0.5956 -0.4546
vn 0.7125 0.5790 -0.3964
vn 0.6379 0.6834 -0.3549
vn 0.6728 0.6841 -0.2818
vn 0.7125 0.5791 -0.3964
vn 0.7274 0.6284 -0.2757
vn 0.6453 0.7318 -0.2193
vn 0.7274 0.6283 -0.2757
vn 0.6128 0.7755 -0.1520
vn 0.6764 0.7196 -0.1570
vn 0.5369 0.8330 -0.1332
vn 0.5025 0.8618 -0.0694
vn 0.5369 0.8331 -0.1332
vn 0.5844 0.5000 -0.6391
vn 0.6635 0.4842 -0.5704
vn 0.6635 0.4841 -0.5704
vn 0.7294 0.4661 -0.5006
vn 0.6623 0.5957 -0.4545
vn 0.7124 0.5790 -0.3964
vn 0.7769 0.4291 -0.4608
vn 0.7124 0.5791 -0.3964
vn 0.7769 0.4291 -0.4607
vn 0.6519 0.2588 -0.7128
vn 0.7171 0.3253 -0.6164
vn 0.7621 0.2173 -0.6099
vn 0.7621 0.2173 -0.6100
vn 0.5680 0.8001 -0.1930
vn 0.4832 0.8600 -0.1642
vn 0.4833 0.8599 -0.1642
vn 0.5953 0.7639 -0.2494
vn 0.5953 0.7639 -0.2493
vn 0.5085 0.8343 -0.2130
vn 0.4140 0.8936 -0.1735
vn 0.5501 0.7770 -0.3061
vn 0.5501 0.7770 -0.3060
vn 0.6728 0.6840 -0.2818
vn 0.4769 0.8157 -0.3273
vn 0.4510 0.8566 -0.2509
vn 0.4509 0.8566 -0.2509
vn 0.4140 0.8936 -0.1734
vn 0.4509 0.8566 -0.2508
vn 0.3431 0.9197 -0.1908
vn 0.4141 0.8936 -0.1735
vn 0.1984 0.9778 -0.0674
vn 0.2785 0.9580 -0.0691
vn 0.1985 0.9778 -0.0674
vn 0.2444 0.9551 -0.1677
vn 0.3431 0.9197 -0.1909
vn 0.2443 0.9551 -0.1677
vn 0.3645 0.8970 -0.2502
vn 0.3644 0.8970 -0.2502
vn 0.3644 0.8970 -0.2501
vn 0.2531 0.9427 -0.2175
vn 0.3432 0.9381 -0.0473
vn -0.0863 -0.9962 -0.0119
vn -0.1045 -0.9936 -0.0438
vn -0.1046 -0.9936 -0.0438
vn -0.0989 -0.9945 -0.0336
vn -0.0928 -0.9954 -0.0230
vn -0.0990 -0.9945 -0.0336
vn -0.1861 -0.9814 -0.0462
vn -0.1861 -0.9815 -0.0462
vn -0.1730 -0.9846 -0.0239
vn -0.2589 -0.9652 -0.0357
vn -0.1729 -0.9846 -0.0239
vn -0.3432 -0.9381 -0.0474
vn -0.4247 -0.9034 -0.0586
vn -0.5026 -0.8618 -0.0694
vn -0.5026 -0.8618 -0.0693
vn -0.4552 -0.8832 -0.1129
vn -0.5025 -0.8618 -0.0694
vn -0.5369 -0.8331 -0.1332
vn -0.5369 -0.8330 -0.1332
vn -0.4832 -0.8600 -0.1642
vn -0.5680 -0.8001 -0.1930
vn -0.5085 -0.8343 -0.2130
vn -0.5952 -0.7639 -0.2494
vn -0.5953 -0.7639 -0.2494
vn -0.5501 -0.7770 -0.3061
vn -0.5501 -0.7770 -0.3060
vn -0.6379 -0.6834 -0.3549
vn -0.6380 -0.6834 -0.3549
vn -0.5774 -0.7139 -0.3963
vn -0.6623 -0.5956 -0.4545
vn -0.5871 -0.6328 -0.5048
vn -0.6623 -0.5956 -0.4546
vn -0.6635 -0.4842 -0.5704
vn -0.6635 -0.4841 -0.5704
vn -0.1143 -0.9914 -0.0636
vn -0.1214 -0.9891 -0.0833
vn -0.1254 -0.9862 -0.1078
vn -0.2444 -0.9551 -0.1677
vn -0.2443 -0.9551 -0.1677
vn -0.2530 -0.9427 -0.2175
vn -0.3645 -0.8970 -0.2501
vn -0.2531 -0.9427 -0.2175
vn -0.3768 -0.8678 -0.3239
vn -0.3645 -0.8970 -0.2502
vn -0.4769 -0.8157 -0.3273
vn -0.4901 -0.7631 -0.4213
vn -0.4901 -0.7630 -0.4214
vn -0.1746 -0.9659 -0.1910
vn -0.7171 -0.3253 -0.6164
vn -0.6749 -0.0000 -0.7380
vn -0.7621 -0.2173 -0.6099
vn -0.7294 -0.4661 -0.5006
vn -0.7621 -0.2173 -0.6100
vn -0.7769 -0.4291 -0.4608
vn -0.7294 -0.4661 -0.5007
vn -0.7769 -0.4290 -0.4608
vn -0.7124 -0.5791 -0.3964
vn -0.7274 -0.6284 -0.2757
vn -0.7125 -0.5791 -0.3964
vn -0.6728 -0.6841 -0.2818
vn -0.7275 -0.6283 -0.2757
vn -0.6453 -0.7318 -0.2193
vn -0.5953 -0.7639 -0.2493
vn -0.6452 -0.7318 -0.2193
vn -0.7274 -0.6283 -0.2757
vn -0.6763 -0.7197 -0.1570
vn -0.6764 -0.7197 -0.1570
vn -0.6128 -0.7755 -0.1520
vn -0.5758 -0.8137 -0.0795
vn -0.5758 -0.8137 -0.0794
vn -0.4159 -0.9094 -0.0000
vn -0.5759 -0.8137 -0.0795
vn -0.2297 -0.9648 -0.1278
vn -0.2298 -0.9648 -0.1278
vn -0.3431 -0.9197 -0.1909
vn -0.3431 -0.9197 -0.1908
vn -0.3644 -0.8970 -0.2501
vn -0.4510 -0.8566 -0.2508
vn -0.4509 -0.8566 -0.2509
vn -0.4509 -0.8566 -0.2508
vn -0.2099 -0.9738 -0.0879
vn -0.3138 -0.9403 -0.1315
vn -0.4140 -0.8936 -0.1734
vn -0.4140 -0.8936 -0.1735
vn -0.1985 -0.9778 -0.0674
vn -0.2969 -0.9496 -0.1008
vn -0.3138 -0.9404 -0.1315
vn -0.2969 -0.9496 -0.1009
vn -0.3923 -0.9101 -0.1333
vn -0.3924 -0.9101 -0.1333
vn -0.4141 -0.8936 -0.1734
vn -0.2785 -0.9580 -0.0691
vn -0.2589 -0.9652 -0.0358
vn -0.1984 -0.9778 -0.0674
vn -0.3686 -0.9251 -0.0914
vn -0.3686 -0.9251 -0.0915
vn -0.4833 -0.8599 -0.1642
vn -0.3432 -0.9381 -0.0473
vn -0.7294 -0.4662 -0.5006
vn -0.7125 -0.5790 -0.3964
vn 0.7144 0.3090 -0.6277
vn 0.7144 0.3090 -0.6278
vn 0.7786 0.3090 -0.5462
vn 0.8334 0.3090 -0.4582
vn 0.8784 0.3090 -0.3647
vn 0.9129 0.3090 -0.2668
vn 0.9365 0.3090 -0.1658
vn 0.9490 0.3090 -0.0628
vn 0.9490 0.3090 -0.0629
vn 0.9502 0.3090 0.0409
vn 0.9401 0.3090 0.1441
vn 0.9188 0.3090 0.2456
vn 0.8866 0.3090 0.3443
vn 0.8866 0.3090 0.3442
vn 0.8438 0.3090 0.4388
vn 0.7910 0.3090 0.5281
vn 0.7910 0.3090 0.5280
vn 0.7288 0.3090 0.6111
vn 0.7288 0.3090 0.6110
vn 0.6579 0.3090 0.6868
vn 0.5792 0.3090 0.7544
vn 0.4936 0.3090 0.8130
vn 0.4936 0.3090 0.8129
vn 0.4021 0.3090 0.8619
vn 0.3058 0.3090 0.9005
vn 0.2059 0.3090 0.9285
vn 0.1036 0.3090 0.9454
vn -0.0000 0.3090 0.9511
vn -0.1036 0.3090 0.9454
vn -0.2059 0.3090 0.9285
vn -0.3058 0.3090 0.9005
vn -0.4021 0.3090 0.8619
vn -0.4936 0.3090 0.8129
vn -0.4936 0.3090 0.8130
vn -0.5792 0.3090 0.7544
vn -0.6579 0.3090 0.6868
vn -0.7288 0.3090 0.6111
vn -0.7910 0.3090 0.5281
vn -0.8438 0.3090 0.4388
vn -0.8866 0.3090 0.3443
vn -0.9188 0.3090 0.2457
vn -0.9188 0.3090 0.2456
vn -0.9401 0.3090 0.1441
vn -0.9502 0.3090 0.0409
vn -0.9490 0.3090 -0.0629
vn -0.9490 0.3090 -0.0628
vn -0.9365 0.3090 -0.1658
vn -0.9129 0.3090 -0.2668
vn -0.8784 0.3090 -0.3647
vn -0.8334 0.3090 -0.4582
vn -0.8334 0.3090 -0.4581
vn -0.7786 0.3090 -0.5462
vn -0.7144 0.3090 -0.6277
vn -0.6519 0.2588 -0.7128
vn -0.7145 0.3090 -0.6277
vn -0.5844 0.5000 -0.6391
vn -0.6077 0.5878 -0.5340
vn -0.4772 0.7071 -0.5218
vn -0.4416 0.8090 -0.3880
vn -0.4415 0.8090 -0.3880
vn -0.3374 0.8660 -0.3690
vn -0.2321 0.9511 -0.2040
vn -0.1747 0.9659 -0.1910
vn -0.2322 0.9511 -0.2040
vn 0.7145 0.3090 -0.6277
vn 0.6077 0.5878 -0.5340
vn 0.7145 0.3090 -0.6278
vn 0.6623 0.5878 -0.4646
vn 0.8334 0.3090 -0.4581
vn 0.7089 0.5878 -0.3897
vn 0.7472 0.5878 -0.3102
vn 0.7765 0.5878 -0.2270
vn 0.7966 0.5878 -0.1411
vn 0.8072 0.5878 -0.0535
vn 0.8083 0.5878 0.0348
vn 0.7997 0.5878 0.1226
vn 0.9188 0.3090 0.2457
vn 0.7816 0.5878 0.2090
vn 0.7542 0.5878 0.2928
vn 0.7178 0.5878 0.3732
vn 0.6729 0.5878 0.4492
vn 0.6199 0.5878 0.5198
vn 0.5596 0.5878 0.5842
vn 0.4927 0.5878 0.6417
vn 0.4199 0.5878 0.6915
vn 0.3420 0.5878 0.7331
vn 0.3420 0.5878 0.7332
vn 0.2601 0.5878 0.7661
vn 0.2602 0.5878 0.7660
vn 0.1752 0.5878 0.7898
vn 0.0881 0.5878 0.8042
vn -0.0000 0.5878 0.8090
vn -0.0881 0.5878 0.8042
vn -0.1752 0.5878 0.7898
vn -0.2601 0.5878 0.7660
vn -0.2602 0.5878 0.7660
vn -0.3420 0.5878 0.7332
vn -0.4198 0.5878 0.6915
vn -0.4927 0.5878 0.6417
vn -0.5596 0.5878 0.5842
vn -0.6199 0.5878 0.5198
vn -0.6729 0.5878 0.4492
vn -0.7178 0.5878 0.3732
vn -0.7542 0.5878 0.2928
vn -0.7541 0.5878 0.2928
vn -0.7816 0.5878 0.2090
vn -0.7997 0.5878 0.1226
vn -0.8083 0.5878 0.0348
vn -0.8072 0.5878 -0.0535
vn -0.7966 0.5878 -0.1411
vn -0.7765 0.5878 -0.2270
vn -0.7472 0.5878 -0.3102
vn -0.7090 0.5878 -0.3897
vn -0.6623 0.5878 -0.4646
vn -0.7144 0.3090 -0.6278
vn 0.4416 0.8090 -0.3880
vn 0.4415 0.8090 -0.3880
vn 0.4812 0.8090 -0.3376
vn 0.5151 0.8090 -0.2832
vn 0.5151 0.8090 -0.2831
vn 0.5429 0.8090 -0.2254
vn 0.5428 0.8090 -0.2254
vn 0.5642 0.8090 -0.1649
vn 0.5788 0.8090 -0.1025
vn 0.5865 0.8090 -0.0388
vn 0.5865 0.8090 -0.0389
vn 0.5873 0.8090 0.0253
vn 0.5872 0.8090 0.0253
vn 0.5810 0.8090 0.0891
vn 0.5679 0.8090 0.1518
vn 0.7541 0.5878 0.2928
vn 0.5678 0.8090 0.1518
vn 0.5479 0.8090 0.2128
vn 0.5215 0.8090 0.2712
vn 0.5215 0.8090 0.2711
vn 0.6728 0.5878 0.4492
vn 0.4889 0.8090 0.3264
vn 0.4504 0.8090 0.3777
vn 0.4066 0.8090 0.4245
vn 0.3580 0.8090 0.4662
vn 0.3050 0.8090 0.5025
vn 0.4198 0.5878 0.6915
vn 0.2485 0.8090 0.5327
vn 0.1890 0.8090 0.5566
vn 0.2601 0.5878 0.7660
vn 0.1273 0.8090 0.5739
vn 0.0640 0.8090 0.5843
vn -0.0000 0.8090 0.5878
vn -0.0640 0.8090 0.5843
vn -0.1273 0.8090 0.5739
vn -0.1890 0.8090 0.5566
vn -0.3420 0.5878 0.7331
vn -0.2485 0.8090 0.5327
vn -0.3051 0.8090 0.5024
vn -0.4199 0.5878 0.6915
vn -0.3050 0.8090 0.5025
vn -0.3579 0.8090 0.4662
vn -0.3580 0.8090 0.4662
vn -0.4066 0.8090 0.4245
vn -0.4504 0.8090 0.3777
vn -0.6728 0.5878 0.4492
vn -0.4889 0.8090 0.3264
vn -0.5215 0.8090 0.2712
vn -0.5479 0.8090 0.2128
vn -0.5678 0.8090 0.1518
vn -0.5679 0.8090 0.1518
vn -0.5810 0.8090 0.0891
vn -0.5872 0.8090 0.0253
vn -0.5873 0.8090 0.0253
vn -0.5865 0.8090 -0.0388
vn -0.5865 0.8090 -0.0389
vn -0.5788 0.8090 -0.1025
vn -0.5642 0.8090 -0.1649
vn -0.5429 0.8090 -0.2254
vn -0.7089 0.5878 -0.3897
vn -0.5151 0.8090 -0.2832
vn -0.4812 0.8090 -0.3376
vn -0.4812 0.8090 -0.3375
vn 0.2321 0.9511 -0.2040
vn 0.2530 0.9511 -0.1775
vn 0.2708 0.9511 -0.1489
vn 0.2854 0.9511 -0.1185
vn 0.2966 0.9511 -0.0867
vn 0.3043 0.9511 -0.0539
vn 0.3083 0.9511 -0.0204
vn 0.3087 0.9511 0.0133
vn 0.3054 0.9511 0.0468
vn 0.2985 0.9511 0.0798
vn 0.2881 0.9511 0.1119
vn 0.2742 0.9511 0.1426
vn 0.2570 0.9511 0.1716
vn 0.2368 0.9511 0.1986
vn 0.2368 0.9511 0.1985
vn 0.2138 0.9511 0.2232
vn 0.2138 0.9511 0.2231
vn 0.1882 0.9511 0.2451
vn 0.3051 0.8090 0.5024
vn 0.3050 0.8090 0.5024
vn 0.1604 0.9511 0.2641
vn 0.1307 0.9511 0.2800
vn 0.1306 0.9511 0.2800
vn 0.0994 0.9511 0.2926
vn 0.1273 0.8090 0.5738
vn 0.0669 0.9511 0.3017
vn 0.0337 0.9511 0.3072
vn -0.0000 0.9511 0.3090
vn -0.0337 0.9511 0.3072
vn -0.1273 0.8090 0.5738
vn -0.0669 0.9511 0.3017
vn -0.0994 0.9511 0.2926
vn -0.1307 0.9511 0.2800
vn -0.1306 0.9511 0.2800
vn -0.3050 0.8090 0.5024
vn -0.1604 0.9511 0.2641
vn -0.1882 0.9511 0.2451
vn -0.2138 0.9511 0.2232
vn -0.4504 0.8090 0.3776
vn -0.2368 0.9511 0.1985
vn -0.2570 0.9511 0.1716
vn -0.2742 0.9511 0.1426
vn -0.5479 0.8090 0.2127
vn -0.2881 0.9511 0.1119
vn -0.2985 0.9511 0.0798
vn -0.3054 0.9511 0.0468
vn -0.3087 0.9511 0.0133
vn -0.3083 0.9511 -0.0204
vn -0.3043 0.9511 -0.0539
vn -0.2966 0.9511 -0.0867
vn -0.2854 0.9511 -0.1185
vn -0.2708 0.9511 -0.1489
vn -0.2530 0.9511 -0.1775
vn 0.2322 0.9511 -0.2040
vn 0.2708 0.9510 -0.1489
vn 0.2854 0.9510 -0.1185
vn 0.3084 0.9511 -0.0204
vn 0.3088 0.9511 0.0133
vn 0.3055 0.9511 0.0468
vn 0.3055 0.9510 0.0468
vn 0.2986 0.9510 0.0798
vn 0.2880 0.9511 0.1119
vn 0.2742 0.9511 0.1425
vn 0.2570 0.9510 0.1716
vn 0.1604 0.9511 0.2642
vn 0.1307 0.9511 0.2801
vn 0.0336 0.9511 0.3072
vn -0.0336 0.9511 0.3072
vn -0.1307 0.9511 0.2801
vn -0.1604 0.9511 0.2642
vn -0.2138 0.9511 0.2231
vn -0.2368 0.9511 0.1986
vn -0.2570 0.9510 0.1716
vn -0.2742 0.9511 0.1425
vn -0.2880 0.9511 0.1119
vn -0.2985 0.9510 0.0798
vn -0.3055 0.9510 0.0468
vn -0.3055 0.9511 0.0468
vn -0.3088 0.9511 0.0133
vn -0.3084 0.9511 -0.0204
vn -0.2854 0.9510 -0.1185
vn -0.2708 0.9510 -0.1489
vn -0.6764 -0.7197 -0.1569
vn -0.7713 -0.5878 -0.2443
vn -0.8119 -0.5368 -0.2294
vn -0.8475 -0.4852 -0.2153
vn -0.8474 -0.4852 -0.2154
vn -0.8504 -0.4163 -0.3218
vn -0.8474 -0.4853 -0.2153
vn -0.8786 -0.3698 -0.3022
vn -0.8786 -0.3699 -0.3022
vn -0.8662 -0.3012 -0.3987
vn -0.8891 -0.2624 -0.3751
vn -0.8645 -0.1986 -0.4618
vn -0.8840 -0.1687 -0.4359
vn -0.8506 -0.1127 -0.5136
vn -0.8682 -0.0926 -0.4875
vn -0.8682 -0.0926 -0.4876
vn -0.8506 -0.1128 -0.5136
vn -0.8090 -0.0000 -0.5878
vn -0.7252 -0.6377 -0.2598
vn -0.7274 -0.6283 -0.2760
vn -0.7799 -0.5087 -0.3646
vn -0.7768 -0.4291 -0.4609
vn -0.8084 -0.3789 -0.4505
vn -0.7839 -0.2881 -0.5499
vn -0.8084 -0.3788 -0.4505
vn -0.8149 -0.2581 -0.5190
vn -0.7620 -0.2173 -0.6101
vn -0.7773 -0.1728 -0.6050
vn -0.7773 -0.1728 -0.6049
vn -0.7773 -0.1727 -0.6050
vn -0.8053 -0.1527 -0.5729
vn -0.8296 -0.1328 -0.5423
vn -0.8824 -0.0724 -0.4649
vn -0.8224 -0.0000 -0.5689
vn -0.8933 -0.0518 -0.4465
vn -0.8272 -0.0000 -0.5620
vn -0.9007 -0.0308 -0.4334
vn -0.9041 0.0118 -0.4271
vn -0.9043 -0.0096 -0.4267
vn -0.9299 -0.0461 -0.3649
vn -0.9232 -0.0776 -0.3764
vn -0.9472 -0.1029 -0.3036
vn -0.9374 -0.1437 -0.3171
vn -0.9472 -0.1030 -0.3036
vn -0.9545 -0.1780 -0.2391
vn -0.9545 -0.1780 -0.2392
vn -0.9407 -0.2270 -0.2520
vn -0.9485 -0.2682 -0.1684
vn -0.9289 -0.3244 -0.1785
vn -0.9001 0.0330 -0.4344
vn -0.9001 0.0330 -0.4345
vn -0.8924 0.0537 -0.4480
vn -0.8812 0.0744 -0.4669
vn -0.8811 0.0743 -0.4670
vn -0.8811 0.0744 -0.4670
vn -0.8415 0.1218 -0.5263
vn -0.8636 0.0982 -0.4945
vn -0.9122 0.1113 -0.3944
vn -0.9224 0.0805 -0.3777
vn -0.9465 0.1068 -0.3047
vn -0.9533 0.0656 -0.2948
vn -0.9716 0.0813 -0.2221
vn -0.9755 0.0291 -0.2180
vn -0.9887 0.0346 -0.1455
vn -0.9890 -0.0283 -0.1454
vn -0.9979 -0.0645 -0.0000
vn -0.8146 0.1455 -0.5616
vn -0.8145 0.1455 -0.5616
vn -0.8146 0.1455 -0.5615
vn -0.7824 0.1692 -0.5993
vn -0.7824 0.1693 -0.5993
vn -0.7620 0.2175 -0.6100
vn -0.7769 0.4292 -0.4607
vn -0.7814 0.2904 -0.5523
vn -0.8198 0.2529 -0.5138
vn -0.7620 0.2175 -0.6099
vn -0.8198 0.2530 -0.5138
vn -0.8503 0.2175 -0.4792
vn -0.8756 0.1823 -0.4473
vn -0.8756 0.1823 -0.4474
vn -0.8961 0.1471 -0.4189
vn -0.8636 0.0983 -0.4945
vn -0.8961 0.1470 -0.4189
vn -0.7274 0.6283 -0.2759
vn -0.7670 0.5230 -0.3717
vn -0.8151 0.4659 -0.3442
vn -0.8059 0.3818 -0.4525
vn -0.8556 0.4083 -0.3183
vn -0.8444 0.3333 -0.4194
vn -0.8556 0.4082 -0.3183
vn -0.8878 0.3529 -0.2954
vn -0.8749 0.2871 -0.3899
vn -0.9146 0.2970 -0.2745
vn -0.9001 0.2410 -0.3629
vn -0.9363 0.2406 -0.2560
vn -0.9204 0.1947 -0.3390
vn -0.9533 0.1827 -0.2403
vn -0.9363 0.1476 -0.3186
vn -0.9534 0.1827 -0.2403
vn -0.9642 0.1323 -0.2296
vn -0.9363 0.1476 -0.3185
vn -0.9464 0.1067 -0.3047
vn -0.9642 0.1324 -0.2296
vn -0.7575 0.6034 -0.2490
vn -0.6764 0.7195 -0.1572
vn -0.7621 0.6474 -0.0000
vn -0.8091 0.5406 -0.2305
vn -0.7670 0.5230 -0.3716
vn -0.8531 0.4762 -0.2130
vn -0.8888 0.4135 -0.1976
vn -0.8854 0.4647 -0.0000
vn -0.8888 0.4135 -0.1975
vn -0.9188 0.3495 -0.1835
vn -0.9434 0.2840 -0.1711
vn -0.9434 0.2840 -0.1710
vn -0.9630 0.2163 -0.1605
vn -0.9756 0.1570 -0.1533
vn -0.9842 0.0966 -0.1483
vn -0.9888 0.0346 -0.1455
vn -0.9849 -0.0902 -0.1479
vn -0.9918 -0.1277 -0.0000
vn -0.9766 -0.1514 -0.1528
vn -0.9767 -0.1511 -0.1526
vn -0.9644 -0.2107 -0.1597
vn -0.9056 -0.3794 -0.1898
vn -0.9056 -0.3793 -0.1898
vn -0.8785 -0.4328 -0.2022
vn -0.8474 -0.4852 -0.2153
vn -0.8785 -0.4328 -0.2021
vn -0.8475 -0.4852 -0.2154
vn -0.9001 0.2410 -0.3630
vn -0.9464 0.1068 -0.3047
vn -0.7799 -0.5088 -0.3646
vn -0.8178 -0.4625 -0.3426
vn -0.9028 -0.3230 -0.2839
vn -0.9235 -0.2753 -0.2671
vn -0.9085 -0.2232 -0.3533
vn -0.9651 -0.1276 -0.2288
vn -0.9722 -0.0759 -0.2215
vn -0.9757 -0.0238 -0.2178
vn -0.9716 0.0814 -0.2221
vn -0.9642 0.1324 -0.2297
vn -0.9756 0.1570 -0.1534
vn -0.8395 -0.3400 -0.4238
vn -0.9235 -0.2753 -0.2670
vn -0.9246 -0.1836 -0.3338
vn -0.9133 -0.1084 -0.3926
vn -0.9133 -0.1084 -0.3927
vn -0.9651 -0.1277 -0.2288
vn -0.9538 -0.0612 -0.2940
vn -0.9722 -0.0760 -0.2215
vn -0.9571 -0.0192 -0.2892
vn -0.9569 0.0235 -0.2895
vn -0.8395 -0.3400 -0.4239
vn -0.8416 -0.2283 -0.4895
vn -0.9003 -0.1386 -0.4127
vn -0.9332 -0.0144 -0.3590
vn -0.9332 -0.0145 -0.3590
vn -0.9330 0.0177 -0.3593
vn -0.9330 0.0177 -0.3594
vn -0.9294 0.0494 -0.3658
vn -0.8645 -0.1986 -0.4617
vn -0.8416 -0.2284 -0.4895
vn -0.7170 0.3257 -0.6163
vn -0.6634 0.4845 -0.5702
vn -0.6635 0.4845 -0.5702
vn -0.5845 0.5000 -0.6391
vn -0.5871 0.6331 -0.5046
vn -0.4901 0.7632 -0.4212
vn -0.3767 0.8679 -0.3238
vn -0.3660 0.8949 -0.2556
vn -0.3660 0.8948 -0.2556
vn -0.2454 0.9542 -0.1714
vn -0.2454 0.9541 -0.1714
vn -0.2297 0.9649 -0.1277
vn -0.2297 0.9648 -0.1277
vn -0.1143 0.9914 -0.0635
vn -0.1035 0.9937 -0.0418
vn -0.1035 0.9938 -0.0418
vn -0.2530 0.9427 -0.2174
vn -0.1219 0.9889 -0.0851
vn -0.1142 0.9914 -0.0635
vn -0.1143 0.9914 -0.0636
vn -0.1254 0.9862 -0.1078
vn -0.1254 0.9862 -0.1077
vn -0.0903 0.9957 -0.0187
vn -0.2128 0.9771 -0.0000
vn -0.2129 0.9771 -0.0000
vn -0.1810 0.9828 -0.0375
vn -0.2077 0.9746 -0.0839
vn -0.3106 0.9422 -0.1255
vn -0.3430 0.9198 -0.1907
vn -0.4508 0.8567 -0.2507
vn -0.3430 0.9198 -0.1908
vn -0.4787 0.8119 -0.3343
vn -0.4787 0.8118 -0.3343
vn -0.5791 0.7079 -0.4044
vn -0.5871 0.6330 -0.5046
vn -0.2709 0.9610 -0.0562
vn -0.4160 0.9094 -0.0000
vn -0.4159 0.9094 -0.0000
vn -0.3588 0.9305 -0.0744
vn -0.3587 0.9305 -0.0744
vn -0.4434 0.8916 -0.0919
vn -0.5038 0.8395 -0.2036
vn -0.5038 0.8395 -0.2035
vn -0.5902 0.7712 -0.2385
vn -0.6378 0.6836 -0.3547
vn -0.7123 0.5794 -0.3961
vn -0.6378 0.6837 -0.3547
vn -0.7298 0.4556 -0.5097
vn -0.7123 0.5794 -0.3962
vn -0.7299 0.4555 -0.5097
vn -0.5987 0.7913 -0.1241
vn -0.5237 0.8449 -0.1086
vn -0.6765 0.7195 -0.1570
vn -0.7274 0.6284 -0.2759
vn -0.6678 0.6937 -0.2698
vn -0.6678 0.6938 -0.2698
vn -0.7298 0.4555 -0.5097
vn -0.7171 0.3257 -0.6163
vn -0.6635 0.5873 -0.4634
vn -0.6635 0.5874 -0.4634
vn -0.5500 0.7771 -0.3059
vn -0.5500 0.7772 -0.3059
vn -0.4100 0.8969 -0.1656
vn -0.4900 0.7632 -0.4212
vn 0.8635 -0.0663 0.5000
vn 0.8635 -0.0662 0.5000
vn 0.8635 0.0662 0.5000
vn 0.8635 0.0663 0.5000
vn 0.8432 0.1974 0.5000
vn 0.8432 0.1973 0.5000
vn 0.9534 0.3018 -0.0000
vn 0.8032 0.3238 0.5000
vn 0.8032 0.3237 0.5000
vn 0.8033 0.3237 0.5000
vn 0.7444 0.4426 0.5000
vn 0.7444 0.4425 0.5000
vn 0.6681 0.5510 0.5000
vn 0.8179 0.5754 -0.0000
vn 0.6682 0.5510 0.5000
vn 0.5762 0.6466 0.5000
vn 0.5762 0.6465 0.5000
vn 0.4707 0.7269 0.5000
vn 0.4708 0.7269 0.5000
vn 0.3542 0.7903 0.5000
vn 0.3543 0.7903 0.5000
vn 0.2295 0.8351 0.5000
vn 0.0994 0.8603 0.5000
vn 0.0993 0.8603 0.5000
vn -0.0331 0.8654 0.5000
vn -0.0332 0.8654 0.5000
vn -0.1648 0.8502 0.5000
vn -0.1649 0.8502 0.5000
vn -0.2927 0.8151 0.5000
vn -0.2927 0.8150 0.5000
vn -0.4137 0.7608 0.5000
vn -0.5250 0.6887 0.5000
vn -0.6240 0.6005 0.5000
vn -0.7084 0.4982 0.5000
vn -0.7083 0.4982 0.5000
vn -0.7083 0.4983 0.5000
vn -0.7761 0.3843 0.5000
vn -0.8257 0.2613 0.5000
vn -0.8559 0.1322 0.5000
vn -0.8660 -0.0000 0.5000
vn -0.8559 -0.1322 0.5000
vn -0.8257 -0.2613 0.5000
vn -0.7761 -0.3843 0.5000
vn -0.7083 -0.4983 0.5000
vn -0.7083 -0.4982 0.5000
vn -0.7084 -0.4982 0.5000
vn -0.6240 -0.6005 0.5000
vn -0.5250 -0.6887 0.5000
vn -0.4137 -0.7608 0.5000
vn -0.4138 -0.7608 0.5000
vn -0.2927 -0.8151 0.5000
vn -0.2927 -0.8150 0.5000
vn -0.1648 -0.8502 0.5000
vn -0.1649 -0.8502 0.5000
vn -0.0331 -0.8654 0.5000
vn -0.0332 -0.8654 0.5000
vn 0.0994 -0.8603 0.5000
vn 0.0993 -0.8603 0.5000
vn 0.2295 -0.8351 0.5000
vn 0.3542 -0.7903 0.5000
vn 0.3543 -0.7903 0.5000
vn 0.4708 -0.7269 0.5000
vn 0.4707 -0.7269 0.5000
vn 0.5762 -0.6465 0.5000
vn 0.5762 -0.6466 0.5000
vn 0.6682 -0.5510 0.5000
vn 0.6681 -0.5510 0.5000
vn 0.8179 -0.5754 -0.0000
vn 0.7444 -0.4425 0.5000
vn 0.7444 -0.4426 0.5000
vn 0.8033 -0.3237 0.5000
vn 0.8032 -0.3237 0.5000
vn 0.8032 -0.3238 0.5000
vn 0.8432 -0.1974 0.5000
vn 0.9534 -0.3018 -0.0000
vn 0.8432 -0.1973 0.5000
vn 0.4985 0.0383 0.8660
vn 0.4985 -0.0383 0.8660
vn 0.4869 -0.1139 0.8660
vn 0.4868 -0.1139 0.8660
vn 0.4637 -0.1869 0.8660
vn 0.4638 -0.1869 0.8660
vn 0.4298 -0.2555 0.8660
vn 0.3857 -0.3181 0.8660
vn 0.3327 -0.3733 0.8660
vn 0.2718 -0.4197 0.8660
vn 0.2045 -0.4563 0.8660
vn 0.2045 -0.4562 0.8660
vn 0.1325 -0.4821 0.8660
vn 0.0573 -0.4967 0.8660
vn 0.0574 -0.4967 0.8660
vn -0.0192 -0.4996 0.8660
vn -0.0191 -0.4996 0.8660
vn -0.0952 -0.4908 0.8660
vn -0.0952 -0.4909 0.8660
vn -0.1690 -0.4706 0.8660
vn -0.2389 -0.4392 0.8660
vn -0.2389 -0.4393 0.8660
vn -0.2388 -0.4393 0.8660
vn -0.3031 -0.3976 0.8660
vn -0.3031 -0.3977 0.8660
vn -0.3602 -0.3467 0.8660
vn -0.4090 -0.2876 0.8660
vn -0.4090 -0.2877 0.8660
vn -0.4089 -0.2877 0.8660
vn -0.4481 -0.2218 0.8660
vn -0.4481 -0.2219 0.8660
vn -0.4767 -0.1508 0.8660
vn -0.4767 -0.1509 0.8660
vn -0.4942 -0.0763 0.8660
vn -0.4941 -0.0763 0.8660
vn -0.5000 -0.0000 0.8660
vn -0.4941 0.0763 0.8660
vn -0.4942 0.0763 0.8660
vn -0.4767 0.1508 0.8660
vn -0.4767 0.1509 0.8660
vn -0.4481 0.2219 0.8660
vn -0.4481 0.2218 0.8660
vn -0.4089 0.2877 0.8660
vn -0.4090 0.2877 0.8660
vn -0.4090 0.2876 0.8660
vn -0.3602 0.3467 0.8660
vn -0.3603 0.3467 0.8660
vn -0.3031 0.3977 0.8660
vn -0.3031 0.3976 0.8660
vn -0.2388 0.4393 0.8660
vn -0.2389 0.4393 0.8660
vn -0.2389 0.4392 0.8660
vn -0.1690 0.4706 0.8660
vn -0.0952 0.4909 0.8660
vn -0.0952 0.4908 0.8660
vn -0.0191 0.4996 0.8660
vn -0.0192 0.4996 0.8660
vn 0.0574 0.4967 0.8660
vn 0.0573 0.4967 0.8660
vn 0.1325 0.4821 0.8660
vn 0.2045 0.4563 0.8660
vn 0.2045 0.4562 0.8660
vn 0.2718 0.4197 0.8660
vn 0.3327 0.3733 0.8660
vn 0.3857 0.3181 0.8660
vn 0.4298 0.2555 0.8660
vn 0.4637 0.1869 0.8660
vn 0.4638 0.1869 0.8660
vn 0.4868 0.1139 0.8660
vn 0.4869 0.1139 0.8660
vn -0.3603 -0.3467 0.8660
vn -0.5250 -0.6888 0.5000
vn 0.3542 -0.7902 0.5000
vn 0.3543 -0.7902 0.5000
vn 0.2046 -0.4562 0.8660
vn 0.3326 -0.3733 0.8660
vn 0.8433 -0.1973 0.5000
vn 0.8433 0.1973 0.5000
vn 0.4985 0.0382 0.8660
vn 0.3543 0.7902 0.5000
vn -0.5250 0.6888 0.5000
vn 0.4985 -0.0383 -0.8660
vn 0.4985 0.0383 -0.8660
vn 0.4868 0.1139 -0.8660
vn 0.4869 0.1139 -0.8660
vn 0.4637 0.1869 -0.8660
vn 0.4638 0.1869 -0.8660
vn 0.4298 0.2555 -0.8660
vn 0.3857 0.3181 -0.8660
vn 0.3326 0.3733 -0.8660
vn 0.3327 0.3733 -0.8660
vn 0.2718 0.4197 -0.8660
vn 0.2045 0.4563 -0.8660
vn 0.2045 0.4562 -0.8660
vn 0.1325 0.4821 -0.8660
vn 0.0573 0.4967 -0.8660
vn 0.0574 0.4967 -0.8660
vn -0.0192 0.4996 -0.8660
vn -0.0191 0.4996 -0.8660
vn -0.0952 0.4908 -0.8660
vn -0.0952 0.4909 -0.8660
vn -0.1690 0.4706 -0.8660
vn -0.2389 0.4392 -0.8660
vn -0.2389 0.4393 -0.8660
vn -0.2388 0.4393 -0.8660
vn -0.3031 0.3976 -0.8660
vn -0.3031 0.3977 -0.8660
vn -0.3602 0.3467 -0.8660
vn -0.3603 0.3467 -0.8660
vn -0.4090 0.2876 -0.8660
vn -0.4090 0.2877 -0.8660
vn -0.4481 0.2218 -0.8660
vn -0.4481 0.2219 -0.8660
vn -0.4767 0.1508 -0.8660
vn -0.4767 0.1509 -0.8660
vn -0.4941 0.0763 -0.8660
vn -0.5000 -0.0000 -0.8660
vn -0.4941 -0.0763 -0.8660
vn -0.4767 -0.1509 -0.8660
vn -0.4767 -0.1508 -0.8660
vn -0.4481 -0.2219 -0.8660
vn -0.4481 -0.2218 -0.8660
vn -0.4090 -0.2877 -0.8660
vn -0.4090 -0.2876 -0.8660
vn -0.3602 -0.3467 -0.8660
vn -0.3603 -0.3467 -0.8660
vn -0.3031 -0.3977 -0.8660
vn -0.3031 -0.3976 -0.8660
vn -0.2388 -0.4393 -0.8660
vn -0.2389 -0.4393 -0.8660
vn -0.2389 -0.4392 -0.8660
vn -0.1690 -0.4706 -0.8660
vn -0.0952 -0.4909 -0.8660
vn -0.0952 -0.4908 -0.8660
vn -0.0191 -0.4996 -0.8660
vn -0.0192 -0.4996 -0.8660
vn 0.0574 -0.4967 -0.8660
vn 0.0573 -0.4967 -0.8660
vn 0.1325 -0.4821 -0.8660
vn 0.2045 -0.4563 -0.8660
vn 0.2045 -0.4562 -0.8660
vn 0.2718 -0.4197 -0.8660
vn 0.3327 -0.3733 -0.8660
vn 0.3326 -0.3733 -0.8660
vn 0.3857 -0.3181 -0.8660
vn 0.4298 -0.2555 -0.8660
vn 0.4638 -0.1869 -0.8660
vn 0.4637 -0.1869 -0.8660
vn 0.4868 -0.1139 -0.8660
vn 0.4869 -0.1139 -0.8660
vn 0.8635 0.0663 -0.5000
vn 0.8635 0.0662 -0.5000
vn 0.8635 -0.0662 -0.5000
vn 0.8635 -0.0663 -0.5000
vn 0.8432 -0.1974 -0.5000
vn 0.8432 -0.1973 -0.5000
vn 0.8032 -0.3238 -0.5000
vn 0.8032 -0.3237 -0.5000
vn 0.7444 -0.4426 -0.5000
vn 0.6681 -0.5510 -0.5000
vn 0.7205 -0.6935 -0.0000
vn 0.6682 -0.5510 -0.5000
vn 0.5762 -0.6466 -0.5000
vn 0.5762 -0.6465 -0.5000
vn 0.6063 -0.7953 -0.0000
vn 0.4708 -0.7269 -0.5000
vn 0.4707 -0.7269 -0.5000
vn 0.3542 -0.7903 -0.5000
vn 0.3543 -0.7903 -0.5000
vn 0.2295 -0.8351 -0.5000
vn 0.2294 -0.8351 -0.5000
vn 0.0993 -0.8603 -0.5000
vn 0.0994 -0.8603 -0.5000
vn -0.0331 -0.8654 -0.5000
vn -0.0332 -0.8654 -0.5000
vn -0.1648 -0.8502 -0.5000
vn -0.1649 -0.8502 -0.5000
vn -0.2927 -0.8151 -0.5000
vn -0.2927 -0.8150 -0.5000
vn -0.4137 -0.7608 -0.5000
vn -0.5250 -0.6887 -0.5000
vn -0.5250 -0.6888 -0.5000
vn -0.6240 -0.6006 -0.5000
vn -0.6240 -0.6005 -0.5000
vn -0.7083 -0.4983 -0.5000
vn -0.7083 -0.4982 -0.5000
vn -0.7084 -0.4982 -0.5000
vn -0.7761 -0.3842 -0.5000
vn -0.7761 -0.3843 -0.5000
vn -0.8257 -0.2613 -0.5000
vn -0.9275 -0.3739 -0.0000
vn -0.8559 -0.1322 -0.5000
vn -0.8660 -0.0000 -0.5000
vn -0.8559 0.1322 -0.5000
vn -0.8257 0.2613 -0.5000
vn -0.9275 0.3739 -0.0000
vn -0.7761 0.3843 -0.5000
vn -0.7761 0.3842 -0.5000
vn -0.7084 0.4982 -0.5000
vn -0.7083 0.4982 -0.5000
vn -0.7083 0.4983 -0.5000
vn -0.6240 0.6006 -0.5000
vn -0.6240 0.6005 -0.5000
vn -0.5250 0.6888 -0.5000
vn -0.5250 0.6887 -0.5000
vn -0.4137 0.7608 -0.5000
vn -0.4138 0.7608 -0.5000
vn -0.2927 0.8151 -0.5000
vn -0.2927 0.8150 -0.5000
vn -0.2649 0.9643 -0.0000
vn -0.1648 0.8502 -0.5000
vn -0.1649 0.8502 -0.5000
vn -0.0331 0.8654 -0.5000
vn -0.0332 0.8654 -0.5000
vn 0.0994 0.8603 -0.5000
vn 0.0993 0.8603 -0.5000
vn 0.2294 0.8351 -0.5000
vn 0.2295 0.8351 -0.5000
vn 0.3542 0.7903 -0.5000
vn 0.3543 0.7903 -0.5000
vn 0.4707 0.7269 -0.5000
vn 0.6063 0.7953 -0.0000
vn 0.4708 0.7269 -0.5000
vn 0.5762 0.6465 -0.5000
vn 0.5762 0.6466 -0.5000
vn 0.6682 0.5510 -0.5000
vn 0.7205 0.6935 -0.0000
vn 0.6681 0.5510 -0.5000
vn 0.7444 0.4426 -0.5000
vn 0.8032 0.3238 -0.5000
vn 0.8032 0.3237 -0.5000
vn 0.8432 0.1974 -0.5000
vn 0.8432 0.1973 -0.5000
vn -0.4089 -0.2877 -0.8660
vn -0.4089 -0.2876 -0.8660
vn 0.3543 -0.7902 -0.5000
vn 0.7444 -0.4425 -0.5000
vn 0.8433 -0.1973 -0.5000
vn 0.4985 -0.0382 -0.8660
vn 0.4985 0.0382 -0.8660
vn 0.4986 0.0383 -0.8660
vn 0.7444 0.4425 -0.5000
vn 0.2046 0.4562 -0.8660
vn 0.3543 0.7902 -0.5000
vn 0.3542 0.7902 -0.5000
vn -0.2388 0.4392 -0.8660
vn -0.4089 0.2877 -0.8660
vn 0.3316 0.3742 0.8660
vn 0.2840 0.4115 0.8660
vn 0.2324 0.4427 0.8660
vn 0.2323 0.4427 0.8660
vn 0.1773 0.4675 0.8660
vn 0.1196 0.4855 0.8660
vn 0.1197 0.4854 0.8660
vn 0.1197 0.4855 0.8660
vn 0.0603 0.4964 0.8660
vn 0.0603 0.4963 0.8660
vn -0.0000 0.5000 0.8660
vn -0.0603 0.4963 0.8660
vn -0.0603 0.4964 0.8660
vn -0.1197 0.4855 0.8660
vn -0.1197 0.4854 0.8660
vn -0.1196 0.4855 0.8660
vn -0.1773 0.4675 0.8660
vn -0.2323 0.4427 0.8660
vn -0.2324 0.4427 0.8660
vn -0.2840 0.4115 0.8660
vn -0.3316 0.3742 0.8660
vn -0.3315 0.3743 0.8660
vn -0.3316 0.3743 0.8660
vn -0.3743 0.3316 0.8660
vn -0.3743 0.3315 0.8660
vn -0.4115 0.2840 0.8660
vn -0.4427 0.2324 0.8660
vn -0.4675 0.1773 0.8660
vn -0.4855 0.1197 0.8660
vn -0.4963 0.0602 0.8660
vn -0.4964 0.0603 0.8660
vn -0.4963 0.0603 0.8660
vn -0.4963 -0.0603 0.8660
vn -0.4964 -0.0603 0.8660
vn -0.4963 -0.0602 0.8660
vn -0.4855 -0.1197 0.8660
vn -0.4675 -0.1773 0.8660
vn -0.4427 -0.2324 0.8660
vn -0.4115 -0.2840 0.8660
vn -0.3743 -0.3316 0.8660
vn -0.3743 -0.3315 0.8660
vn -0.3316 -0.3743 0.8660
vn -0.3316 -0.3742 0.8660
vn -0.2840 -0.4115 0.8660
vn -0.2324 -0.4427 0.8660
vn -0.2323 -0.4427 0.8660
vn -0.1773 -0.4675 0.8660
vn -0.1196 -0.4855 0.8660
vn -0.1197 -0.4854 0.8660
vn -0.1197 -0.4855 0.8660
vn -0.0603 -0.4964 0.8660
vn -0.0603 -0.4963 0.8660
vn -0.0000 -0.5000 0.8660
vn 0.0603 -0.4963 0.8660
vn 0.0603 -0.4964 0.8660
vn 0.1197 -0.4855 0.8660
vn 0.1197 -0.4854 0.8660
vn 0.1196 -0.4855 0.8660
vn 0.1773 -0.4675 0.8660
vn 0.2323 -0.4427 0.8660
vn 0.2324 -0.4427 0.8660
vn 0.2840 -0.4115 0.8660
vn 0.3316 -0.3742 0.8660
vn 0.3315 -0.3743 0.8660
vn 0.3316 -0.3743 0.8660
vn 0.3743 -0.3316 0.8660
vn 0.3743 -0.3315 0.8660
vn 0.4115 -0.2840 0.8660
vn 0.4427 -0.2324 0.8660
vn 0.4675 -0.1773 0.8660
vn 0.4855 -0.1197 0.8660
vn 0.4963 -0.0602 0.8660
vn 0.4964 -0.0603 0.8660
vn 0.4963 -0.0603 0.8660
vn 0.5000 -0.0000 0.8660
vn 0.4963 0.0603 0.8660
vn 0.4964 0.0603 0.8660
vn 0.4963 0.0602 0.8660
vn 0.4855 0.1197 0.8660
vn 0.4675 0.1773 0.8660
vn 0.4427 0.2324 0.8660
vn 0.4115 0.2840 0.8660
vn 0.3743 0.3316 0.8660
vn 0.3743 0.3315 0.8660
vn 0.3316 0.3743 0.8660
vn -0.8597 -0.1044 0.5000
vn -0.8597 0.1044 0.5000
vn -0.8409 0.2073 0.5000
vn -0.8409 0.2072 0.5000
vn -0.8097 0.3071 0.5000
vn -0.7668 0.4025 0.5000
vn -0.7668 0.4024 0.5000
vn -0.7127 0.4920 0.5000
vn -0.6482 0.5743 0.5000
vn -0.5743 0.6482 0.5000
vn -0.4920 0.7127 0.5000
vn -0.4919 0.7127 0.5000
vn -0.4025 0.7668 0.5000
vn -0.4024 0.7668 0.5000
vn -0.3071 0.8098 0.5000
vn -0.3071 0.8097 0.5000
vn -0.2072 0.8409 0.5000
vn -0.2073 0.8409 0.5000
vn -0.1044 0.8597 0.5000
vn -0.0000 0.8660 0.5000
vn 0.1044 0.8597 0.5000
vn 0.2073 0.8408 0.5000
vn 0.2072 0.8409 0.5000
vn 0.2073 0.8409 0.5000
vn 0.3071 0.8098 0.5000
vn 0.4025 0.7668 0.5000
vn 0.4647 0.8854 -0.0000
vn 0.4920 0.7127 0.5000
vn 0.5743 0.6482 0.5000
vn 0.5743 0.6483 0.5000
vn 0.6482 0.5743 0.5000
vn 0.7127 0.4920 0.5000
vn 0.8854 0.4647 -0.0000
vn 0.7668 0.4025 0.5000
vn 0.7668 0.4024 0.5000
vn 0.8098 0.3071 0.5000
vn 0.8409 0.2073 0.5000
vn 0.8409 0.2072 0.5000
vn 0.8597 0.1044 0.5000
vn 0.8660 -0.0000 0.5000
vn 0.8597 -0.1044 0.5000
vn 0.8409 -0.2073 0.5000
vn 0.8409 -0.2072 0.5000
vn 0.8097 -0.3071 0.5000
vn 0.7668 -0.4025 0.5000
vn 0.7668 -0.4024 0.5000
vn 0.7127 -0.4920 0.5000
vn 0.6482 -0.5743 0.5000
vn 0.5743 -0.6482 0.5000
vn 0.4920 -0.7127 0.5000
vn 0.4919 -0.7127 0.5000
vn 0.4025 -0.7668 0.5000
vn 0.4024 -0.7668 0.5000
vn 0.3071 -0.8098 0.5000
vn 0.3071 -0.8097 0.5000
vn 0.2072 -0.8409 0.5000
vn 0.2073 -0.8409 0.5000
vn 0.1044 -0.8597 0.5000
vn -0.0000 -0.8660 0.5000
vn -0.1044 -0.8597 0.5000
vn -0.2073 -0.8408 0.5000
vn -0.2072 -0.8409 0.5000
vn -0.2073 -0.8409 0.5000
vn -0.3071 -0.8098 0.5000
vn -0.3071 -0.8097 0.5000
vn -0.4025 -0.7668 0.5000
vn -0.4647 -0.8854 -0.0000
vn -0.4920 -0.7127 0.5000
vn -0.5743 -0.6482 0.5000
vn -0.5743 -0.6483 0.5000
vn -0.6482 -0.5743 0.5000
vn -0.7127 -0.4920 0.5000
vn -0.8854 -0.4647 -0.0000
vn -0.7668 -0.4025 0.5000
vn -0.7668 -0.4024 0.5000
vn -0.8098 -0.3071 0.5000
vn -0.8409 -0.2073 0.5000
vn -0.8409 -0.2072 0.5000
vn 0.3742 0.3316 0.8660
vn 0.4024 0.7668 0.5000
vn 0.3071 0.8097 0.5000
vn -0.3742 0.3316 0.8660
vn -0.4427 0.2323 0.8660
vn -0.8098 0.3071 0.5000
vn -0.4855 0.1196 0.8660
vn -0.3742 -0.3316 0.8660
vn -0.4024 -0.7668 0.5000
vn 0.3742 -0.3316 0.8660
vn 0.4427 -0.2323 0.8660
vn 0.8098 -0.3071 0.5000
vn 0.4855 -0.1196 0.8660
vn -0.8597 0.1044 -0.5000
vn -0.8597 -0.1044 -0.5000
vn -0.8409 -0.2073 -0.5000
vn -0.8409 -0.2072 -0.5000
vn -0.8097 -0.3071 -0.5000
vn -0.7668 -0.4025 -0.5000
vn -0.7668 -0.4024 -0.5000
vn -0.7127 -0.4920 -0.5000
vn -0.6482 -0.5743 -0.5000
vn -0.5743 -0.6482 -0.5000
vn -0.4920 -0.7127 -0.5000
vn -0.4025 -0.7668 -0.5000
vn -0.4024 -0.7668 -0.5000
vn -0.3071 -0.8098 -0.5000
vn -0.3071 -0.8097 -0.5000
vn -0.2072 -0.8409 -0.5000
vn -0.2073 -0.8409 -0.5000
vn -0.1044 -0.8597 -0.5000
vn -0.0000 -0.8660 -0.5000
vn 0.1044 -0.8597 -0.5000
vn 0.2073 -0.8408 -0.5000
vn 0.2072 -0.8409 -0.5000
vn 0.3071 -0.8098 -0.5000
vn 0.4025 -0.7668 -0.5000
vn 0.4920 -0.7127 -0.5000
vn 0.5743 -0.6482 -0.5000
vn 0.5743 -0.6483 -0.5000
vn 0.6482 -0.5743 -0.5000
vn 0.7127 -0.4920 -0.5000
vn 0.7127 -0.4919 -0.5000
vn 0.7668 -0.4025 -0.5000
vn 0.8097 -0.3071 -0.5000
vn 0.8409 -0.2073 -0.5000
vn 0.8409 -0.2072 -0.5000
vn 0.8597 -0.1044 -0.5000
vn 0.8660 -0.0000 -0.5000
vn 0.8597 0.1044 -0.5000
vn 0.8409 0.2073 -0.5000
vn 0.8409 0.2072 -0.5000
vn 0.8097 0.3071 -0.5000
vn 0.7668 0.4025 -0.5000
vn 0.7668 0.4024 -0.5000
vn 0.7127 0.4920 -0.5000
vn 0.6482 0.5743 -0.5000
vn 0.5743 0.6482 -0.5000
vn 0.4920 0.7127 -0.5000
vn 0.4025 0.7668 -0.5000
vn 0.4024 0.7668 -0.5000
vn 0.3071 0.8098 -0.5000
vn 0.3071 0.8097 -0.5000
vn 0.2072 0.8409 -0.5000
vn 0.2073 0.8409 -0.5000
vn 0.1044 0.8597 -0.5000
vn -0.0000 0.8660 -0.5000
vn -0.1044 0.8597 -0.5000
vn -0.2073 0.8408 -0.5000
vn -0.2072 0.8409 -0.5000
vn -0.3071 0.8098 -0.5000
vn -0.3071 0.8097 -0.5000
vn -0.4025 0.7668 -0.5000
vn -0.4920 0.7127 -0.5000
vn -0.5743 0.6482 -0.5000
vn -0.5743 0.6483 -0.5000
vn -0.6482 0.5743 -0.5000
vn -0.7127 0.4920 -0.5000
vn -0.7127 0.4919 -0.5000
vn -0.7668 0.4025 -0.5000
vn -0.8097 0.3071 -0.5000
vn -0.8409 0.2073 -0.5000
vn -0.8409 0.2072 -0.5000
vn 0.3315 0.3743 -0.8660
vn 0.3316 0.3743 -0.8660
vn 0.3743 0.3316 -0.8660
vn 0.3742 0.3316 -0.8660
vn 0.4115 0.2840 -0.8660
vn 0.4427 0.2323 -0.8660
vn 0.4427 0.2324 -0.8660
vn 0.4675 0.1773 -0.8660
vn 0.4855 0.1197 -0.8660
vn 0.4855 0.1196 -0.8660
vn 0.4964 0.0603 -0.8660
vn 0.4963 0.0603 -0.8660
vn 0.5000 -0.0000 -0.8660
vn 0.4963 -0.0603 -0.8660
vn 0.4964 -0.0603 -0.8660
vn 0.4855 -0.1196 -0.8660
vn 0.4855 -0.1197 -0.8660
vn 0.4675 -0.1773 -0.8660
vn 0.4427 -0.2324 -0.8660
vn 0.4427 -0.2323 -0.8660
vn 0.4115 -0.2840 -0.8660
vn 0.3742 -0.3316 -0.8660
vn 0.3743 -0.3316 -0.8660
vn 0.3316 -0.3743 -0.8660
vn 0.3315 -0.3743 -0.8660
vn 0.2840 -0.4115 -0.8660
vn 0.2323 -0.4427 -0.8660
vn 0.1773 -0.4675 -0.8660
vn 0.1197 -0.4854 -0.8660
vn 0.1197 -0.4855 -0.8660
vn 0.0603 -0.4963 -0.8660
vn -0.0000 -0.5000 -0.8660
vn -0.0603 -0.4963 -0.8660
vn -0.1197 -0.4855 -0.8660
vn -0.1197 -0.4854 -0.8660
vn -0.1773 -0.4675 -0.8660
vn -0.2323 -0.4427 -0.8660
vn -0.2840 -0.4115 -0.8660
vn -0.3316 -0.3743 -0.8660
vn -0.3315 -0.3743 -0.8660
vn -0.3743 -0.3316 -0.8660
vn -0.3742 -0.3316 -0.8660
vn -0.4115 -0.2840 -0.8660
vn -0.4427 -0.2323 -0.8660
vn -0.4427 -0.2324 -0.8660
vn -0.4675 -0.1773 -0.8660
vn -0.4855 -0.1197 -0.8660
vn -0.4964 -0.0603 -0.8660
vn -0.4963 -0.0603 -0.8660
vn -0.4963 0.0603 -0.8660
vn -0.4964 0.0603 -0.8660
vn -0.4855 0.1196 -0.8660
vn -0.4855 0.1197 -0.8660
vn -0.4675 0.1773 -0.8660
vn -0.4427 0.2324 -0.8660
vn -0.4427 0.2323 -0.8660
vn -0.4115 0.2840 -0.8660
vn -0.3742 0.3316 -0.8660
vn -0.3743 0.3316 -0.8660
vn -0.3316 0.3743 -0.8660
vn -0.3315 0.3743 -0.8660
vn -0.2840 0.4115 -0.8660
vn -0.2323 0.4427 -0.8660
vn -0.1773 0.4675 -0.8660
vn -0.1197 0.4854 -0.8660
vn -0.1197 0.4855 -0.8660
vn -0.0603 0.4963 -0.8660
vn -0.0000 0.5000 -0.8660
vn 0.0603 0.4963 -0.8660
vn 0.1197 0.4855 -0.8660
vn 0.1197 0.4854 -0.8660
vn 0.1773 0.4675 -0.8660
vn 0.2323 0.4427 -0.8660
vn 0.2840 0.4115 -0.8660
vn 0.8098 0.3071 -0.5000
vn 0.3743 0.3315 -0.8660
vn 0.3316 0.3742 -0.8660
vn 0.2841 0.4115 -0.8660
vn 0.2324 0.4427 -0.8660
vn -0.0603 0.4964 -0.8660
vn -0.2073 0.8409 -0.5000
vn -0.1196 0.4855 -0.8660
vn -0.2324 0.4427 -0.8660
vn -0.4919 0.7127 -0.5000
vn -0.3316 0.3742 -0.8660
vn -0.8098 0.3071 -0.5000
vn -0.4855 -0.1196 -0.8660
vn -0.8098 -0.3071 -0.5000
vn -0.3743 -0.3315 -0.8660
vn -0.3316 -0.3742 -0.8660
vn -0.2841 -0.4115 -0.8660
vn -0.2324 -0.4427 -0.8660
vn 0.0603 -0.4964 -0.8660
vn 0.2073 -0.8409 -0.5000
vn 0.1196 -0.4855 -0.8660
vn 0.3071 -0.8097 -0.5000
vn 0.2324 -0.4427 -0.8660
vn 0.4919 -0.7127 -0.5000
vn 0.3316 -0.3742 -0.8660
vn 0.8098 -0.3071 -0.5000
vn 0.3476 -0.3594 -0.8660
vn 0.3924 -0.3099 -0.8660
vn 0.4302 -0.2548 -0.8660
vn 0.4603 -0.1952 -0.8660
vn 0.4822 -0.1321 -0.8660
vn 0.4955 -0.0667 -0.8660
vn 0.4955 -0.0666 -0.8660
vn 0.4955 0.0666 -0.8660
vn 0.4955 0.0667 -0.8660
vn 0.4822 0.1321 -0.8660
vn 0.4603 0.1952 -0.8660
vn 0.4302 0.2548 -0.8660
vn 0.3924 0.3099 -0.8660
vn 0.3476 0.3594 -0.8660
vn 0.2966 0.4026 -0.8660
vn 0.2966 0.4025 -0.8660
vn 0.2403 0.4385 -0.8660
vn 0.1797 0.4666 -0.8660
vn 0.1159 0.4864 -0.8660
vn 0.0501 0.4975 -0.8660
vn -0.0167 0.4997 -0.8660
vn -0.0832 0.4930 -0.8660
vn -0.0832 0.4931 -0.8660
vn -0.1481 0.4776 -0.8660
vn -0.1481 0.4775 -0.8660
vn -0.2104 0.4536 -0.8660
vn -0.2105 0.4536 -0.8660
vn -0.2691 0.4214 -0.8660
vn -0.2691 0.4215 -0.8660
vn -0.2690 0.4214 -0.8660
vn -0.3228 0.3818 -0.8660
vn -0.3708 0.3354 -0.8660
vn -0.4122 0.2830 -0.8660
vn -0.4463 0.2255 -0.8660
vn -0.4462 0.2255 -0.8660
vn -0.4723 0.1640 -0.8660
vn -0.4900 0.0996 -0.8660
vn -0.4989 0.0334 -0.8660
vn -0.4989 -0.0334 -0.8660
vn -0.4900 -0.0996 -0.8660
vn -0.4723 -0.1640 -0.8660
vn -0.4462 -0.2255 -0.8660
vn -0.4463 -0.2255 -0.8660
vn -0.4122 -0.2830 -0.8660
vn -0.3708 -0.3354 -0.8660
vn -0.3228 -0.3818 -0.8660
vn -0.2690 -0.4214 -0.8660
vn -0.2691 -0.4215 -0.8660
vn -0.2691 -0.4214 -0.8660
vn -0.2105 -0.4536 -0.8660
vn -0.2104 -0.4536 -0.8660
vn -0.1481 -0.4775 -0.8660
vn -0.1481 -0.4776 -0.8660
vn -0.0832 -0.4930 -0.8660
vn -0.0832 -0.4931 -0.8660
vn -0.0167 -0.4997 -0.8660
vn 0.0501 -0.4975 -0.8660
vn 0.1159 -0.4864 -0.8660
vn 0.1797 -0.4666 -0.8660
vn 0.2403 -0.4385 -0.8660
vn 0.2966 -0.4025 -0.8660
vn 0.2966 -0.4026 -0.8660
vn -0.8641 -0.0578 -0.5000
vn -0.8641 0.0578 -0.5000
vn -0.8641 0.0579 -0.5000
vn -0.8487 0.1725 -0.5000
vn -0.8181 0.2841 -0.5000
vn -0.7730 0.3906 -0.5000
vn -0.7729 0.3906 -0.5000
vn -0.7140 0.4901 -0.5000
vn -0.7140 0.4902 -0.5000
vn -0.6423 0.5809 -0.5000
vn -0.5591 0.6613 -0.5000
vn -0.4660 0.7300 -0.5000
vn -0.3646 0.7855 -0.5000
vn -0.3645 0.7856 -0.5000
vn -0.2566 0.8271 -0.5000
vn -0.2566 0.8272 -0.5000
vn -0.1441 0.8540 -0.5000
vn -0.1440 0.8540 -0.5000
vn -0.0290 0.8655 -0.5000
vn -0.0289 0.8655 -0.5000
vn 0.0867 0.8617 -0.5000
vn 0.2007 0.8424 -0.5000
vn 0.1664 0.9861 -0.0000
vn 0.2008 0.8424 -0.5000
vn 0.3112 0.8082 -0.5000
vn 0.3113 0.8082 -0.5000
vn 0.4162 0.7595 -0.5000
vn 0.4210 0.9071 -0.0000
vn 0.4162 0.7594 -0.5000
vn 0.5137 0.6972 -0.5000
vn 0.6020 0.6225 -0.5000
vn 0.6021 0.6225 -0.5000
vn 0.6797 0.5367 -0.5000
vn 0.8244 0.5659 -0.0000
vn 0.7451 0.4414 -0.5000
vn 0.7451 0.4413 -0.5000
vn 0.7973 0.3381 -0.5000
vn 0.8353 0.2288 -0.5000
vn 0.8583 0.1155 -0.5000
vn 0.8583 0.1154 -0.5000
vn 0.8583 -0.1154 -0.5000
vn 0.8583 -0.1155 -0.5000
vn 0.8353 -0.2288 -0.5000
vn 0.7973 -0.3381 -0.5000
vn 0.7451 -0.4413 -0.5000
vn 0.8244 -0.5659 -0.0000
vn 0.7451 -0.4414 -0.5000
vn 0.6797 -0.5367 -0.5000
vn 0.6021 -0.6225 -0.5000
vn 0.6020 -0.6225 -0.5000
vn 0.5137 -0.6972 -0.5000
vn 0.4162 -0.7594 -0.5000
vn 0.4162 -0.7595 -0.5000
vn 0.4210 -0.9071 -0.0000
vn 0.3113 -0.8082 -0.5000
vn 0.3112 -0.8082 -0.5000
vn 0.2008 -0.8424 -0.5000
vn 0.1664 -0.9861 -0.0000
vn 0.2007 -0.8424 -0.5000
vn 0.0867 -0.8617 -0.5000
vn -0.0289 -0.8655 -0.5000
vn -0.0290 -0.8655 -0.5000
vn -0.1440 -0.8540 -0.5000
vn -0.1441 -0.8540 -0.5000
vn -0.2566 -0.8272 -0.5000
vn -0.2566 -0.8271 -0.5000
vn -0.3645 -0.7856 -0.5000
vn -0.3646 -0.7855 -0.5000
vn -0.4660 -0.7300 -0.5000
vn -0.5591 -0.6613 -0.5000
vn -0.6423 -0.5809 -0.5000
vn -0.7140 -0.4902 -0.5000
vn -0.7140 -0.4901 -0.5000
vn -0.7729 -0.3906 -0.5000
vn -0.7730 -0.3906 -0.5000
vn -0.8181 -0.2841 -0.5000
vn -0.8487 -0.1725 -0.5000
vn -0.8641 -0.0579 -0.5000
vn 0.4956 0.0666 -0.8660
vn 0.8352 0.2288 -0.5000
vn 0.3113 0.8081 -0.5000
vn -0.0290 0.8656 -0.5000
vn -0.0831 0.4930 -0.8660
vn -0.2105 0.4535 -0.8660
vn -0.3645 0.7855 -0.5000
vn -0.4660 0.7299 -0.5000
vn -0.5591 0.6614 -0.5000
vn -0.4122 -0.2829 -0.8660
vn -0.2105 -0.4535 -0.8660
vn -0.0831 -0.4930 -0.8660
vn -0.0831 -0.4931 -0.8660
vn -0.0289 -0.8656 -0.5000
vn 0.0500 -0.4975 -0.8660
vn -0.0290 -0.8656 -0.5000
vn 0.3113 -0.8081 -0.5000
vn 0.6796 -0.5367 -0.5000
vn 0.8352 -0.2288 -0.5000
vn -0.3646 -0.7856 -0.5000
vn -0.1441 -0.8539 -0.5000
vn 0.6796 0.5367 -0.5000
vn -0.1441 0.8539 -0.5000
vn -0.2690 0.4215 -0.8660
vn 0.0500 0.4975 -0.8660
vn 0.4823 0.1321 -0.8660
vn 0.4956 -0.0667 -0.8660
vn 0.4956 -0.0666 -0.8660
vn -0.2690 -0.4215 -0.8660
vn 0.4823 -0.1321 -0.8660
vn 0.3924 0.3098 -0.8660
vn -0.3646 0.7856 -0.5000
vn -0.3228 -0.3819 -0.8660
vt 2.700000 -0.000000
vt 2.720933 0.105238
vt 2.676901 0.352421
vt 2.780546 0.194454
vt 2.869762 0.254067
vt 2.975000 0.275000
vt 3.168516 0.723193
vt 2.608000 0.698811
vt 3.080238 0.254067
vt 3.229565 0.363885
vt 3.169454 0.194454
vt 3.229067 0.105238
vt 3.250000 -0.000000
vt 3.067621 1.073407
vt 2.928149 1.410122
vt 2.494475 1.033245
vt 2.751854 1.729104
vt 2.338269 1.350000
vt 2.540952 2.026342
vt 2.357710 1.998405
vt 2.378643 2.103643
vt 2.357710 2.208881
vt 2.298097 2.298097
vt 2.298097 1.909188
vt 2.208881 1.849576
vt 2.142054 1.643656
vt 2.103643 1.828643
vt 1.998405 1.849576
vt 1.909188 1.909188
vt 1.849576 1.998405
vt 1.643656 2.142054
vt 1.828643 2.103643
vt 1.849576 2.208881
vt 1.350000 2.338269
vt 1.909188 2.298097
vt 1.998405 2.357710
vt 2.004336 2.558346
vt 2.103643 2.378643
vt 2.208881 2.357710
vt 1.033245 2.494475
vt 1.681348 2.781289
vt 0.698811 2.608000
vt 1.333842 2.963674
vt 0.352421 2.676901
vt 0.966885 3.102843
vt 0.000000 2.700000
vt 0.585829 3.196765
vt 0.196230 3.244071
vt -0.196230 3.244071
vt -0.585829 3.196765
vt -0.966885 3.102843
vt -0.352421 2.676901
vt -1.333842 2.963674
vt -0.698811 2.608000
vt -1.681348 2.781289
vt -1.033245 2.494475
vt -2.004336 2.558346
vt -1.350000 2.338269
vt -1.998405 2.357710
vt -1.909188 2.298097
vt -2.298097 2.298097
vt -2.208881 2.357710
vt -2.103643 2.378643
vt -1.849576 2.208881
vt -1.643656 2.142054
vt -1.828643 2.103643
vt -1.849576 1.998405
vt -1.909188 1.909188
vt -1.998405 1.849576
vt -2.142054 1.643656
vt -2.103643 1.828643
vt -2.208881 1.849576
vt -2.338269 1.350000
vt -2.298097 1.909188
vt -2.357710 1.998405
vt -2.540952 2.026342
vt -2.378643 2.103643
vt -2.357710 2.208881
vt -2.751854 1.729104
vt -2.494475 1.033245
vt -2.928149 1.410122
vt -2.608000 0.698811
vt -3.067621 1.073407
vt -3.168516 0.723193
vt -3.229565 0.363885
vt -3.080238 0.254067
vt -2.975000 0.275000
vt -2.869762 0.254067
vt -3.250000 0.000000
vt -3.229067 0.105238
vt -3.169454 0.194454
vt -2.780546 0.194454
vt -2.676901 0.352421
vt -2.720933 0.105238
vt -2.700000 0.000000
vt -2.720933 -0.105238
vt -2.676901 -0.352421
vt -2.780546 -0.194454
vt -2.869762 -0.254067
vt -2.975000 -0.275000
vt -3.168516 -0.723193
vt -2.608000 -0.698811
vt -3.080238 -0.254067
vt -3.229565 -0.363885
vt -3.169454 -0.194454
vt -3.229067 -0.105238
vt -3.067621 -1.073407
vt -2.928149 -1.410122
vt -2.494475 -1.033245
vt -2.751854 -1.729104
vt -2.338269 -1.350000
vt -2.540952 -2.026342
vt -2.357710 -1.998405
vt -2.378643 -2.103643
vt -2.357710 -2.208881
vt -2.298097 -2.298097
vt -2.298097 -1.909188
vt -2.208881 -1.849576
vt -2.142054 -1.643656
vt -2.103643 -1.828643
vt -1.998405 -1.849576
vt -1.909188 -1.909188
vt -1.849576 -1.998405
vt -1.643656 -2.142054
vt -1.828643 -2.103643
vt -1.849576 -2.208881
vt -1.350000 -2.338269
vt -1.909188 -2.298097
vt -1.998405 -2.357710
vt -2.004336 -2.558346
vt -2.103643 -2.378643
vt -2.208881 -2.357710
vt -1.033245 -2.494475
vt -1.681348 -2.781289
vt -0.698811 -2.608000
vt -1.333842 -2.963674
vt -0.352421 -2.676901
vt -0.966885 -3.102843
vt -0.000000 -2.700000
vt -0.585829 -3.196765
vt -0.196230 -3.244071
vt 0.196230 -3.244071
vt 0.585829 -3.196765
vt 0.966885 -3.102843
vt 0.352421 -2.676901
vt 1.333842 -2.963674
vt 0.698811 -2.608000
vt 1.681348 -2.781289
vt 1.033245 -2.494475
vt 2.004336 -2.558346
vt 1.350000 -2.338269
vt 1.998405 -2.357710
vt 1.909188 -2.298097
vt 2.298097 -2.298097
vt 2.208881 -2.357710
vt 2.103643 -2.378643
vt 1.849576 -2.208881
vt 1.643656 -2.142054
vt 1.828643 -2.103643
vt 1.849576 -1.998405
vt 1.909188 -1.909188
vt -1.756430 -2.688541
vt -1.633161 -2.809855
vt -1.650000 -2.700000
vt 1.633161 -2.809855
vt 1.650000 -2.700000
vt 1.756430 -2.688541
vt 1.857981 -2.654691
vt 1.950000 -2.600000
vt -1.857981 -2.654691
vt -1.950000 -2.600000
vt 1.293992 -2.981289
vt -1.293992 -2.981289
vt 0.937129 -3.111959
vt -0.937129 -3.111959
vt 0.567453 -3.200078
vt -0.567453 -3.200078
vt 0.190017 -3.244440
vt -0.190017 -3.244440
vt 1.998405 -1.849576
vt 2.142054 -1.643656
vt 2.103643 -1.828643
vt 2.208881 -1.849576
vt 2.338269 -1.350000
vt 2.298097 -1.909188
vt 2.357710 -1.998405
vt 2.540952 -2.026342
vt 2.378643 -2.103643
vt 2.357710 -2.208881
vt 2.751854 -1.729104
vt 2.494475 -1.033245
vt 2.928149 -1.410122
vt 2.608000 -0.698811
vt 3.067621 -1.073407
vt 3.168516 -0.723193
vt 3.229565 -0.363885
vt 3.080238 -0.254067
vt 2.975000 -0.275000
vt 2.869762 -0.254067
vt 3.229067 -0.105238
vt 3.169454 -0.194454
vt 2.780546 -0.194454
vt 2.676901 -0.352421
vt 2.720933 -0.105238
vt -0.500000 2.963084
vt -0.500000 3.399597
vt -0.737928 3.158928
vt -0.986793 3.339920
vt -1.247497 3.504613
vt -1.518294 3.648957
vt -0.500000 3.836110
vt -1.799725 3.769538
vt -2.093591 3.862223
vt -2.243946 3.896052
vt -2.471429 3.929255
vt -2.701452 3.940441
vt -0.500000 4.272623
vt -4.900000 4.272623
vt -4.900000 4.709136
vt -0.500000 4.709136
vt -4.900000 5.145649
vt -0.500000 5.145649
vt -4.900000 5.582162
vt -0.500000 5.582162
vt -4.900000 6.018675
vt -0.500000 6.018675
vt -4.900000 6.455188
vt -0.500000 6.455188
vt -4.900000 6.891701
vt -0.500000 6.891701
vt -4.900000 7.328214
vt -0.500000 7.328214
vt -4.900000 7.764727
vt -0.500000 7.764727
vt -4.900000 8.201240
vt -0.500000 8.201240
vt -4.900000 8.637753
vt -0.500000 8.637753
vt -4.900000 9.074266
vt -0.500000 9.074266
vt -4.900000 9.510779
vt -0.500000 9.510779
vt -4.900000 9.947292
vt -0.500000 9.947292
vt -4.900000 10.383806
vt -0.500000 10.383806
vt -4.900000 10.820319
vt -0.500000 10.820319
vt -4.900000 11.256832
vt -0.500000 11.256832
vt -4.900000 11.693345
vt -0.500000 11.693345
vt -4.900000 12.129858
vt -0.500000 12.129858
vt -4.900000 12.566371
vt -0.500000 12.566371
vt -4.900000 13.002884
vt -0.500000 13.002884
vt -4.900000 13.439397
vt -0.500000 13.439397
vt -4.900000 13.875910
vt -0.500000 13.875910
vt -4.900000 14.312423
vt -0.500000 14.312423
vt -4.900000 14.748936
vt -0.500000 14.748936
vt -4.900000 15.185449
vt -0.500000 15.185449
vt -4.900000 15.621962
vt -0.500000 15.621962
vt -4.900000 16.058475
vt -0.500000 16.058475
vt -4.900000 16.494987
vt -0.500000 16.494987
vt -4.900000 16.931501
vt -0.500000 16.931501
vt -4.900000 17.368013
vt -0.500000 17.368013
vt -4.900000 17.804527
vt -0.500000 17.804527
vt -4.900000 18.241039
vt -0.500000 18.241039
vt -4.900000 18.677553
vt -0.500000 18.677553
vt -4.900000 19.114065
vt -0.500000 19.114065
vt -4.900000 19.550579
vt -0.500000 19.550579
vt -4.900000 19.987091
vt -0.500000 19.987091
vt -4.900000 20.423605
vt -0.500000 20.423605
vt -4.900000 20.860119
vt -0.500000 20.860119
vt -2.698548 21.192301
vt -2.390718 21.212763
vt -0.500000 21.296631
vt -2.090658 21.271271
vt -1.798320 21.363729
vt -1.515208 21.485275
vt -1.245229 21.629448
vt -0.500000 21.733145
vt -0.986655 21.792910
vt -0.738134 21.973652
vt -0.500000 22.169657
vt -2.928571 21.203485
vt -4.900000 21.296631
vt -3.156054 21.236689
vt -3.306409 21.270519
vt -3.600275 21.363203
vt -3.881706 21.483784
vt -4.152503 21.628128
vt -4.900000 21.733145
vt -4.413207 21.792822
vt -4.662072 21.973812
vt -4.900000 22.169657
vt -4.900000 3.836110
vt -3.009282 3.919978
vt -3.309342 3.861470
vt -3.601680 3.769012
vt -3.884792 3.647466
vt -4.900000 3.399597
vt -4.154771 3.503293
vt -4.413345 3.339832
vt -4.661866 3.159090
vt -4.900000 2.963084
vt -5.200000 1.650000
vt -5.200000 -1.650000
vt -3.897114 1.650000
vt -3.897114 -1.650000
vt -3.706536 -1.670838
vt -3.522773 -1.723132
vt -3.522211 1.723333
vt -3.706830 1.670777
vt -3.345498 -1.797149
vt -3.345368 1.797212
vt -3.175675 1.887067
vt -3.177284 -1.886131
vt -3.016891 -1.987564
vt -3.014537 1.989176
vt -2.863832 -2.100669
vt -2.861894 2.102211
vt 3.494001 -0.204831
vt 3.494001 0.204831
vt 3.446134 -0.611687
vt -2.718360 -2.225665
vt 3.351055 -1.010163
vt 3.210067 -1.394800
vt 3.025102 -1.760328
vt -2.582820 -2.362000
vt 2.798694 -2.101741
vt 2.533944 -2.414359
vt -2.289138 -2.647612
vt 2.234479 -2.693901
vt -1.964095 -2.896952
vt 1.904402 -2.936538
vt -1.612145 -3.106604
vt 1.548235 -3.138944
vt -1.238109 -3.273696
vt 1.170857 -3.298347
vt -0.847110 -3.395939
vt 0.777439 -3.412563
vt -0.444507 -3.471659
vt 0.373371 -3.480028
vt -0.035813 -3.499817
vt 3.446134 0.611687
vt -2.717739 2.226168
vt 3.351055 1.010163
vt 3.210067 1.394800
vt 3.025102 1.760328
vt -2.582820 2.362000
vt 2.798694 2.101741
vt 2.533944 2.414359
vt -2.289138 2.647612
vt 2.234479 2.693901
vt -1.964095 2.896952
vt 1.904402 2.936538
vt -1.612145 3.106604
vt 1.548235 3.138944
vt -1.238109 3.273696
vt 1.170857 3.298347
vt -0.847110 3.395939
vt 0.777439 3.412563
vt -0.444507 3.471659
vt 0.373371 3.480028
vt -0.035813 3.499817
vt 2.717738 -2.226169
vt -3.025102 -1.760328
vt 2.582820 -2.362000
vt -2.798694 -2.101741
vt -2.533944 -2.414359
vt 2.861896 -2.102209
vt -3.446134 -0.611687
vt -3.351055 -1.010163
vt -3.210067 -1.394800
vt 3.014550 -1.989167
vt 2.863149 2.101213
vt -3.494001 0.204831
vt -3.494001 -0.204831
vt 3.175706 -1.887048
vt 3.177044 1.886270
vt 3.016256 1.987998
vt 3.346075 1.796875
vt 3.345396 -1.797198
vt 3.522445 1.723249
vt 3.522230 -1.723326
vt 3.705917 1.670966
vt 3.706839 -1.670775
vt 3.897114 1.650000
vt 3.897114 -1.650000
vt 5.200000 -1.650000
vt 5.200000 1.650000
vt -3.446134 0.611687
vt 2.717962 2.226035
vt -3.351055 1.010163
vt -3.210067 1.394800
vt -3.025102 1.760328
vt 2.582820 2.362000
vt -2.798694 2.101741
vt -2.533944 2.414359
vt 2.289138 2.647612
vt -2.234479 2.693901
vt 1.964095 2.896952
vt -1.904402 2.936538
vt 1.612145 3.106604
vt -1.548235 3.138944
vt 1.238109 3.273696
vt -1.170857 3.298347
vt 0.847110 3.395939
vt -0.777439 3.412563
vt 0.444507 3.471659
vt -0.373371 3.480028
vt 0.035813 3.499817
vt 2.289138 -2.647612
vt -2.234479 -2.693901
vt 1.964095 -2.896952
vt -1.904402 -2.936538
vt 1.612145 -3.106604
vt -1.548235 -3.138944
vt 1.238109 -3.273696
vt -1.170857 -3.298347
vt 0.847110 -3.395939
vt -0.777439 -3.412563
vt 0.444507 -3.471659
vt -0.373371 -3.480028
vt 0.035813 -3.499817
vt -1.302886 -3.013709
vt -0.000000 -3.013709
vt -1.508681 -2.646678
vt -0.000000 -2.636996
vt -1.724172 -2.288526
vt -0.000000 -2.260282
vt -1.944537 -1.931888
vt -0.000000 -1.883568
vt -2.162744 -1.570903
vt -0.000000 -1.506855
vt -2.366089 -1.204095
vt -0.000000 -1.130141
vt -2.458442 -1.015418
vt -0.000000 -0.753427
vt -2.541849 -0.820906
vt -2.612404 -0.621584
vt -0.000000 -0.376714
vt -2.666217 -0.419104
vt -2.700538 -0.212103
vt -0.000000 -0.000000
vt -2.712531 -0.000223
vt -2.700834 0.209456
vt -0.000000 0.376714
vt -2.666816 0.416343
vt -2.612542 0.621143
vt -0.000000 0.753427
vt -2.542307 0.819743
vt -2.459834 1.012400
vt -0.000000 1.130141
vt -2.367709 1.200949
vt -0.000000 1.506855
vt -2.163274 1.569999
vt -0.000000 1.883568
vt -1.946664 1.928439
vt -0.000000 2.260282
vt -1.726827 2.284204
vt -0.000000 2.636996
vt -1.509610 2.645092
vt -1.302886 3.013709
vt -0.000000 3.013709
vt -0.000000 -7.196467
vt -1.302886 -7.196467
vt -0.000000 -7.573180
vt -1.509610 -7.565084
vt -1.726827 -7.925972
vt -0.000000 -7.949894
vt -1.946664 -8.281737
vt -0.000000 -8.326608
vt -2.163274 -8.640177
vt -0.000000 -8.703321
vt -2.367709 -9.009227
vt -0.000000 -9.080035
vt -2.459834 -9.197776
vt -0.000000 -9.456749
vt -2.542307 -9.390433
vt -2.612542 -9.589034
vt -0.000000 -9.833462
vt -2.666816 -9.793833
vt -2.700834 -10.000720
vt -0.000000 -10.210176
vt -2.712531 -10.210399
vt -2.700538 -10.422280
vt -0.000000 -10.586890
vt -2.666217 -10.629280
vt -2.612404 -10.831760
vt -0.000000 -10.963603
vt -2.541849 -11.031082
vt -2.458442 -11.225594
vt -0.000000 -11.340317
vt -2.366089 -11.414271
vt -0.000000 -11.717031
vt -2.162744 -11.781079
vt -0.000000 -12.093745
vt -1.944537 -12.142064
vt -0.000000 -12.470458
vt -1.724172 -12.498702
vt -0.000000 -12.847172
vt -1.508681 -12.856854
vt -0.000000 -13.223886
vt -1.302886 -13.223886
vt -1.550000 9.968515
vt -0.050000 9.968515
vt -1.550000 10.367256
vt -0.050000 10.367256
vt -1.550000 -10.367256
vt -0.050000 -10.367256
vt -1.550000 -9.968515
vt -0.050000 -9.968515
vt -1.550000 -9.569775
vt -0.050000 -9.569775
vt -1.550000 -9.171034
vt -0.050000 -9.171034
vt -1.550000 -8.772293
vt -0.050000 -8.772293
vt -1.550000 -8.373553
vt -0.050000 -8.373553
vt -1.550000 -7.974812
vt -0.050000 -7.974812
vt -1.550000 -7.576072
vt -0.050000 -7.576072
vt -1.550000 -7.177331
vt -0.050000 -7.177331
vt -1.550000 -6.778590
vt -0.050000 -6.778590
vt -1.550000 -6.379850
vt -0.050000 -6.379850
vt -1.550000 -5.981109
vt -0.050000 -5.981109
vt -1.550000 -5.582368
vt -0.050000 -5.582368
vt -1.550000 -5.183628
vt -0.050000 -5.183628
vt -1.550000 -4.784887
vt -0.050000 -4.784887
vt -1.550000 -4.386147
vt -0.050000 -4.386147
vt -1.550000 -3.987406
vt -0.050000 -3.987406
vt -1.550000 -3.588665
vt -0.050000 -3.588665
vt -1.550000 -3.189925
vt -0.050000 -3.189925
vt -1.550000 -2.791184
vt -0.050000 -2.791184
vt -1.550000 -2.392444
vt -0.050000 -2.392444
vt -1.550000 -1.993703
vt -0.050000 -1.993703
vt -1.550000 -1.594962
vt -0.050000 -1.594962
vt -1.550000 -1.196222
vt -0.050000 -1.196222
vt -1.550000 -0.797481
vt -0.050000 -0.797481
vt -1.550000 -0.398741
vt -0.050000 -0.398741
vt -1.550000 0.000000
vt -0.050000 0.000000
vt -1.550000 0.398741
vt -0.050000 0.398741
vt -1.550000 0.797481
vt -0.050000 0.797481
vt -1.550000 1.196222
vt -0.050000 1.196222
vt -1.550000 1.594962
vt -0.050000 1.594962
vt -1.550000 1.993703
vt -0.050000 1.993703
vt -1.550000 2.392444
vt -0.050000 2.392444
vt -1.550000 2.791184
vt -0.050000 2.791184
vt -1.550000 3.189925
vt -0.050000 3.189925
vt -1.550000 3.588665
vt -0.050000 3.588665
vt -1.550000 3.987406
vt -0.050000 3.987406
vt -1.550000 4.386147
vt -0.050000 4.386147
vt -1.550000 4.784887
vt -0.050000 4.784887
vt -1.550000 5.183628
vt -0.050000 5.183628
vt -1.550000 5.582368
vt -0.050000 5.582368
vt -1.550000 5.981109
vt -0.050000 5.981109
vt -1.550000 6.379850
vt -0.050000 6.379850
vt -1.550000 6.778590
vt -0.050000 6.778590
vt -1.550000 7.177331
vt -0.050000 7.177331
vt -1.550000 7.576072
vt -0.050000 7.576072
vt -1.550000 7.974812
vt -0.050000 7.974812
vt -1.550000 8.373553
vt -0.050000 8.373553
vt -1.550000 8.772293
vt -0.050000 8.772293
vt -1.550000 9.171034
vt -0.050000 9.171034
vt -1.550000 9.569775
vt -0.050000 9.569775
vt 1.756430 2.688541
vt 1.633161 2.809855
vt 1.650000 2.700000
vt -1.633161 2.809855
vt -1.650000 2.700000
vt -1.756430 2.688541
vt -1.857981 2.654691
vt -1.950000 2.600000
vt 1.857981 2.654691
vt 1.950000 2.600000
vt -1.293992 2.981289
vt 1.293992 2.981289
vt -0.937129 3.111959
vt 0.937129 3.111959
vt -0.567453 3.200078
vt 0.567453 3.200078
vt -0.190017 3.244440
vt 0.190017 3.244440
vt -0.350000 7.970956
vt 0.150000 7.970956
vt -0.350000 8.325221
vt 0.150000 8.325221
vt -0.350000 -8.325221
vt 0.150000 -8.325221
vt -0.350000 -7.970956
vt 0.150000 -7.970956
vt -0.350000 -7.616691
vt 0.150000 -7.616691
vt -0.350000 -7.262426
vt 0.150000 -7.262426
vt -0.350000 -6.908162
vt 0.150000 -6.908162
vt -0.350000 -6.553897
vt 0.150000 -6.553897
vt -0.350000 -6.199632
vt 0.150000 -6.199632
vt -0.350000 -5.845368
vt 0.150000 -5.845368
vt -0.350000 -5.491103
vt 0.150000 -5.491103
vt -0.350000 -5.136838
vt 0.150000 -5.136838
vt -0.350000 -4.782573
vt 0.150000 -4.782573
vt -0.350000 -4.428309
vt 0.150000 -4.428309
vt -0.350000 -4.074044
vt 0.150000 -4.074044
vt -0.350000 -3.719779
vt 0.150000 -3.719779
vt -0.350000 -3.365515
vt 0.150000 -3.365515
vt -0.350000 -3.011250
vt 0.150000 -3.011250
vt -0.350000 -2.656985
vt 0.150000 -2.656985
vt -0.350000 -2.302721
vt 0.150000 -2.302721
vt -0.350000 -1.948456
vt 0.150000 -1.948456
vt -0.350000 -1.594191
vt 0.150000 -1.594191
vt -0.350000 -1.239926
vt 0.150000 -1.239926
vt -0.350000 -0.885662
vt 0.150000 -0.885662
vt -0.350000 -0.531397
vt 0.150000 -0.531397
vt -0.350000 -0.177132
vt 0.150000 -0.177132
vt -0.350000 0.177132
vt 0.150000 0.177132
vt -0.350000 0.531397
vt 0.150000 0.531397
vt -0.350000 0.885662
vt 0.150000 0.885662
vt -0.350000 1.239926
vt 0.150000 1.239926
vt -0.350000 1.594191
vt 0.150000 1.594191
vt -0.350000 1.948456
vt 0.150000 1.948456
vt -0.350000 2.302721
vt 0.150000 2.302721
vt -0.350000 2.656985
vt 0.150000 2.656985
vt -0.350000 3.011250
vt 0.150000 3.011250
vt -0.350000 3.365515
vt 0.150000 3.365515
vt -0.350000 3.719779
vt 0.150000 3.719779
vt -0.350000 4.074044
vt 0.150000 4.074044
vt -0.350000 4.428309
vt 0.150000 4.428309
vt -0.350000 4.782573
vt 0.150000 4.782573
vt -0.350000 5.136838
vt 0.150000 5.136838
vt -0.350000 5.491103
vt 0.150000 5.491103
vt -0.350000 5.845368
vt 0.150000 5.845368
vt -0.350000 6.199632
vt 0.150000 6.199632
vt -0.350000 6.553897
vt 0.150000 6.553897
vt -0.350000 6.908162
vt 0.150000 6.908162
vt -0.350000 7.262426
vt 0.150000 7.262426
vt -0.350000 7.616691
vt 0.150000 7.616691
vt 2.575783 -0.354033
vt 2.600000 0.000000
vt 2.050000 0.000000
vt 2.575783 0.354033
vt 2.025975 0.312931
vt 2.503585 0.701472
vt 1.954463 0.618527
vt 2.384749 1.035843
vt 1.837139 0.909626
vt 2.221490 1.350918
vt 1.676755 1.179403
vt 2.016849 1.640829
vt 1.477069 1.421537
vt 1.774638 1.900174
vt 1.242762 1.630350
vt 1.499369 2.124122
vt 0.979326 1.800950
vt 1.196169 2.308502
vt 0.692935 1.929337
vt 0.870687 2.449878
vt 0.528986 2.545619
vt 0.390302 2.012502
vt 0.177430 2.593939
vt 0.078521 2.048496
vt -0.177430 2.593939
vt -0.235101 2.036474
vt -0.528986 2.545619
vt -0.543212 1.976720
vt -0.870687 2.449878
vt -0.838591 1.870632
vt -1.196169 2.308502
vt -1.114313 1.720699
vt -1.499369 2.124122
vt -1.363918 1.530434
vt -1.774638 1.900174
vt -1.581553 1.304297
vt -2.016849 1.640829
vt -2.221490 1.350918
vt -1.762118 1.047588
vt -2.384749 1.035843
vt -1.901380 0.766325
vt -2.503585 0.701472
vt -1.996076 0.467100
vt -2.575783 0.354033
vt -2.043985 0.156926
vt -2.600000 0.000000
vt -2.043985 -0.156926
vt -2.575783 -0.354033
vt -1.996076 -0.467100
vt -2.503585 -0.701472
vt -1.901380 -0.766325
vt -2.384749 -1.035843
vt -1.762118 -1.047588
vt -2.221490 -1.350918
vt -1.581553 -1.304297
vt -2.016849 -1.640829
vt -1.774638 -1.900174
vt -1.363918 -1.530434
vt -1.499369 -2.124122
vt -1.114313 -1.720699
vt -1.196169 -2.308502
vt -0.838591 -1.870632
vt -0.870687 -2.449878
vt -0.543212 -1.976720
vt -0.528986 -2.545619
vt -0.235101 -2.036474
vt -0.177430 -2.593939
vt 0.078521 -2.048496
vt 0.177430 -2.593939
vt 0.390302 -2.012502
vt 0.528986 -2.545619
vt 0.692935 -1.929337
vt 0.870687 -2.449878
vt 1.196169 -2.308502
vt 0.979326 -1.800950
vt 1.499369 -2.124122
vt 1.242762 -1.630350
vt 1.774638 -1.900174
vt 1.477069 -1.421537
vt 2.016849 -1.640829
vt 1.676755 -1.179403
vt 2.221490 -1.350918
vt 1.837139 -0.909626
vt 2.384749 -1.035843
vt 1.954463 -0.618527
vt 2.503585 -0.701472
vt 2.025975 -0.312931
vt -2.426157 0.340974
vt -2.450000 0.000000
vt -2.050000 0.000000
vt -2.426157 -0.340974
vt -2.025975 -0.312931
vt -2.355091 -0.675312
vt -1.954463 -0.618527
vt -2.238186 -0.996505
vt -1.837139 -0.909626
vt -2.077718 -1.298302
vt -1.676755 -1.179403
vt -1.876809 -1.574830
vt -1.477069 -1.421537
vt -1.639370 -1.820705
vt -1.242762 -1.630350
vt -1.370023 -2.031142
vt -0.979326 -1.800950
vt -1.074009 -2.202045
vt -0.692935 -1.929337
vt -0.757092 -2.330088
vt -0.390302 -2.012502
vt -0.425438 -2.412779
vt -0.078521 -2.048496
vt -0.085504 -2.448508
vt 0.256095 -2.436579
vt 0.235101 -2.036474
vt 0.592709 -2.377225
vt 0.543212 -1.976720
vt 0.917786 -2.271600
vt 0.838591 -1.870632
vt 1.225000 -2.121762
vt 1.114313 -1.720699
vt 1.508371 -1.930626
vt 1.363918 -1.530434
vt 1.762383 -1.701913
vt 1.581553 -1.304297
vt 1.982092 -1.440074
vt 1.762118 -1.047588
vt 2.163222 -1.150205
vt 1.901380 -0.766325
vt 2.302247 -0.837949
vt 1.996076 -0.467100
vt 2.396462 -0.509384
vt 2.043985 -0.156926
vt 2.444032 -0.170903
vt 2.043985 0.156926
vt 2.444032 0.170903
vt 2.396462 0.509384
vt 1.996076 0.467100
vt 2.302247 0.837949
vt 1.901380 0.766325
vt 2.163222 1.150205
vt 1.762118 1.047588
vt 1.982092 1.440074
vt 1.581553 1.304297
vt 1.762383 1.701913
vt 1.363918 1.530434
vt 1.508371 1.930626
vt 1.114313 1.720699
vt 1.225000 2.121762
vt 0.838591 1.870632
vt 0.917786 2.271600
vt 0.543212 1.976720
vt 0.592709 2.377225
vt 0.235101 2.036474
vt 0.256095 2.436579
vt -0.078521 2.048496
vt -0.085504 2.448508
vt -0.425438 2.412779
vt -0.390302 2.012502
vt -0.757092 2.330088
vt -0.692935 1.929337
vt -1.074009 2.202045
vt -0.979326 1.800950
vt -1.370023 2.031142
vt -1.242762 1.630350
vt -1.639370 1.820705
vt -1.477069 1.421537
vt -1.876809 1.574830
vt -1.676755 1.179403
vt -2.077718 1.298302
vt -1.837139 0.909626
vt -2.238186 0.996505
vt -1.954463 0.618527
vt -2.355091 0.675312
vt -2.025975 0.312931
vt 0.150000 -5.976688
vt 0.050000 -5.976688
vt 0.150000 -6.283185
vt 0.050000 -6.283185
vt 0.150000 6.283185
vt 0.050000 6.283185
vt 0.150000 5.976688
vt 0.050000 5.976688
vt 0.050000 5.670192
vt 0.150000 -5.670192
vt 0.050000 -5.670192
vt 0.150000 -5.363695
vt 0.050000 -5.363695
vt 0.150000 -5.057198
vt 0.050000 -5.057198
vt 0.150000 -4.750701
vt 0.050000 -4.750701
vt 0.150000 -4.444204
vt 0.050000 -4.444204
vt 0.150000 -4.137707
vt 0.050000 -4.137707
vt 0.150000 -3.831211
vt 0.050000 -3.831211
vt 0.150000 -3.524714
vt 0.050000 -3.524714
vt 0.150000 -3.218217
vt 0.050000 -3.218217
vt 0.150000 -2.911720
vt 0.050000 -2.911720
vt 0.150000 -2.605223
vt 0.050000 -2.605223
vt 0.150000 -2.298726
vt 0.050000 -2.298726
vt 0.150000 -1.992229
vt 0.050000 -1.992229
vt 0.150000 -1.685733
vt 0.050000 -1.685733
vt 0.150000 -1.379236
vt 0.050000 -1.379236
vt 0.150000 -1.072739
vt 0.050000 -1.072739
vt 0.150000 -0.766242
vt 0.050000 -0.766242
vt 0.150000 -0.459745
vt 0.050000 -0.459745
vt 0.150000 -0.153248
vt 0.050000 -0.153248
vt 0.150000 0.153248
vt 0.050000 0.153248
vt 0.150000 0.459745
vt 0.050000 0.459745
vt 0.150000 0.766242
vt 0.050000 0.766242
vt 0.150000 1.072739
vt 0.050000 1.072739
vt 0.150000 1.379236
vt 0.050000 1.379236
vt 0.150000 1.685733
vt 0.050000 1.685733
vt 0.150000 1.992229
vt 0.050000 1.992229
vt 0.150000 2.298726
vt 0.050000 2.298726
vt 0.150000 2.605223
vt 0.050000 2.605223
vt 0.150000 2.911720
vt 0.050000 2.911720
vt 0.150000 3.218217
vt 0.050000 3.218217
vt 0.150000 3.524714
vt 0.050000 3.524714
vt 0.150000 3.831211
vt 0.050000 3.831211
vt 0.150000 4.137707
vt 0.050000 4.137707
vt 0.150000 4.444204
vt 0.050000 4.444204
vt 0.150000 4.750701
vt 0.050000 4.750701
vt 0.150000 5.057198
vt 0.050000 5.057198
vt 0.150000 5.363695
vt 0.050000 5.363695
vt 0.150000 5.670192
vt 2.426157 -0.340974
vt 2.450000 0.000000
vt -2.302247 -0.837949
vt 2.426157 0.340974
vt 2.355091 0.675312
vt 2.238186 0.996505
vt 2.077718 1.298302
vt 1.876809 1.574830
vt 1.639370 1.820705
vt 1.370023 2.031142
vt 1.074009 2.202045
vt 0.757092 2.330088
vt 0.425438 2.412779
vt 0.085504 2.448508
vt -0.256095 2.436579
vt -0.592709 2.377225
vt -0.917786 2.271600
vt -1.225000 2.121762
vt -1.508371 1.930626
vt -1.762383 1.701913
vt -1.982092 1.440074
vt -2.163222 1.150205
vt -2.302247 0.837949
vt -2.396462 -0.509384
vt -2.396462 0.509384
vt -2.444032 -0.170903
vt -2.444032 0.170903
vt -2.163222 -1.150205
vt 2.238186 -0.996505
vt 2.355091 -0.675312
vt 2.077718 -1.298302
vt -1.982092 -1.440074
vt 1.876809 -1.574830
vt -1.762383 -1.701913
vt 1.639370 -1.820705
vt -1.508371 -1.930626
vt 1.370023 -2.031142
vt -1.225000 -2.121762
vt 1.074009 -2.202045
vt -0.917786 -2.271600
vt 0.757092 -2.330088
vt -0.592709 -2.377225
vt 0.425438 -2.412779
vt -0.256095 -2.436579
vt 0.085504 -2.448508
vt 0.000000 7.354817
vt 0.400000 7.354817
vt 0.000000 7.696902
vt 0.400000 7.696902
vt 0.000000 -7.696902
vt 0.400000 -7.696902
vt 0.000000 -7.354817
vt 0.400000 -7.354817
vt 0.000000 -7.012733
vt 0.400000 -7.012733
vt 0.000000 -6.670648
vt 0.400000 -6.670648
vt 0.000000 -6.328564
vt 0.400000 -6.328564
vt 0.000000 -5.986479
vt 0.400000 -5.986479
vt 0.000000 -5.644395
vt 0.400000 -5.644395
vt 0.000000 -5.302310
vt 0.400000 -5.302310
vt 0.000000 -4.960226
vt 0.400000 -4.960226
vt 0.000000 -4.618141
vt 0.400000 -4.618141
vt 0.000000 -4.276057
vt 0.400000 -4.276057
vt 0.000000 -3.933972
vt 0.400000 -3.933972
vt 0.000000 -3.591888
vt 0.400000 -3.591888
vt 0.000000 -3.249803
vt 0.400000 -3.249803
vt 0.000000 -2.907719
vt 0.400000 -2.907719
vt 0.000000 -2.565634
vt 0.400000 -2.565634
vt 0.000000 -2.223549
vt 0.400000 -2.223549
vt 0.000000 -1.881465
vt 0.400000 -1.881465
vt 0.000000 -1.539380
vt 0.400000 -1.539380
vt 0.000000 -1.197296
vt 0.400000 -1.197296
vt 0.000000 -0.855211
vt 0.400000 -0.855211
vt 0.000000 -0.513127
vt 0.400000 -0.513127
vt 0.000000 -0.171042
vt 0.400000 -0.171042
vt 0.000000 0.171042
vt 0.400000 0.171042
vt 0.000000 0.513127
vt 0.400000 0.513127
vt 0.000000 0.855211
vt 0.400000 0.855211
vt 0.000000 1.197296
vt 0.400000 1.197296
vt 0.000000 1.539380
vt 0.400000 1.539380
vt 0.000000 1.881465
vt 0.400000 1.881465
vt 0.000000 2.223549
vt 0.400000 2.223549
vt 0.000000 2.565634
vt 0.400000 2.565634
vt 0.000000 2.907719
vt 0.400000 2.907719
vt 0.000000 3.249803
vt 0.400000 3.249803
vt 0.000000 3.591888
vt 0.400000 3.591888
vt 0.000000 3.933972
vt 0.400000 3.933972
vt 0.000000 4.276057
vt 0.400000 4.276057
vt 0.000000 4.618141
vt 0.400000 4.618141
vt 0.000000 4.960226
vt 0.400000 4.960226
vt 0.000000 5.302310
vt 0.400000 5.302310
vt 0.000000 5.644395
vt 0.400000 5.644395
vt 0.000000 5.986479
vt 0.400000 5.986479
vt 0.000000 6.328564
vt 0.400000 6.328564
vt 0.000000 6.670648
vt 0.400000 6.670648
vt 0.000000 7.012733
vt 0.400000 7.012733
vt -0.000000 0.037961
vt -0.169162 0.037961
vt -0.000000 0.113883
vt -0.169162 0.113883
vt -0.000000 0.075922
vt -0.000000 0.189805
vt -0.169162 0.189805
vt -0.000000 0.151844
vt 0.000000 -0.189805
vt -0.169162 -0.189805
vt -0.000000 -0.227765
vt 0.000000 -0.113883
vt -0.169162 -0.113883
vt -0.000000 -0.151844
vt -0.000000 -0.037961
vt -0.169162 -0.037961
vt 0.000000 -0.075922
vt -0.000000 0.227765
vt -0.169162 0.227765
vt -0.169162 0.075922
vt -0.169162 -0.075922
vt -0.169162 0.151844
vt -0.169162 0.000000
vt -0.169162 -0.151844
vt -2.500000 -0.075922
vt -1.315000 -0.075922
vt -2.500000 0.000000
vt -1.315000 0.000000
vt -2.500000 0.075922
vt -1.315000 0.075922
vt -2.500000 0.151844
vt -1.315000 0.151844
vt -2.500000 0.227765
vt -1.315000 0.227765
vt -2.500000 0.303687
vt -1.315000 0.303687
vt -2.500000 0.379609
vt -1.315000 0.379609
vt -2.500000 0.455531
vt -1.315000 0.455531
vt -2.500000 -0.455531
vt -1.315000 -0.455531
vt -2.500000 -0.379609
vt -1.315000 -0.379609
vt -2.500000 -0.303687
vt -1.315000 -0.303687
vt -2.500000 -0.227765
vt -1.315000 -0.227765
vt -2.500000 -0.151844
vt -1.315000 -0.151844
vt -0.130000 0.075922
vt -0.130000 0.000000
vt -0.130000 -0.075922
vt -0.130000 -0.151844
vt -0.130000 -0.227765
vt -0.130000 -0.303687
vt -0.130000 -0.379609
vt -0.130000 -0.455531
vt -0.130000 0.455531
vt -0.130000 0.379609
vt -0.130000 0.303687
vt -0.130000 0.227765
vt -0.130000 0.151844
vt -0.183848 -0.109956
vt -0.000000 -0.082467
vt -0.183848 0.000000
vt -0.000000 0.082467
vt 0.000000 -0.164934
vt -0.183848 -0.219911
vt 0.000000 -0.247400
vt -0.183848 -0.329867
vt 0.000000 -0.329867
vt 0.000000 -0.412334
vt -0.183848 -0.439823
vt 0.000000 -0.494801
vt -0.183848 -0.549779
vt -0.000000 -0.577268
vt -0.183848 -0.659734
vt -0.000000 -0.659734
vt -0.000000 0.659734
vt -0.183848 0.659734
vt -0.000000 0.577268
vt -0.183848 0.549779
vt 0.000000 0.494801
vt -0.183848 0.439823
vt 0.000000 0.412334
vt -0.183848 0.329867
vt -0.000000 0.329867
vt 0.000000 0.247400
vt -0.183848 0.219911
vt 0.000000 0.164934
vt -0.183848 0.109956
vt -0.000000 0.164934
vt -1.302886 -0.463648
vt -1.302886 -0.570898
vt -0.000000 -0.463648
vt -0.000000 -0.570898
vt -1.302886 -0.678148
vt -0.000000 -0.678148
vt -1.302886 -0.785398
vt -0.000000 -0.785398
vt 0.379852 0.100985
vt 0.379852 0.000000
vt 0.639375 0.071496
vt 0.553821 0.000000
vt 0.726756 0.000002
vt 0.841227 0.071496
vt 0.899626 0.000001
vt 1.043078 0.071496
vt 1.072496 0.000000
vt 1.244930 0.071496
vt 1.245367 0.000000
vt 1.418237 0.000000
vt 1.446781 0.071496
vt 1.591106 0.000000
vt 1.605379 0.071496
vt 1.763977 0.000000
vt 1.763977 0.191389
vt 1.763977 0.380579
vt 1.605379 0.214488
vt 1.605379 0.142992
vt 1.446781 0.142992
vt 1.244930 0.142992
vt 1.043078 0.142992
vt 0.841227 0.142992
vt 0.639375 0.142992
vt 1.763977 0.571969
vt 1.605379 0.428977
vt 1.605379 0.357481
vt 1.605379 0.285984
vt 1.446781 0.357481
vt 1.446781 0.285984
vt 1.244930 0.357481
vt 1.244930 0.285984
vt 1.043078 0.357481
vt 1.043078 0.285984
vt 0.841227 0.357481
vt 0.841227 0.285984
vt 0.639375 0.357481
vt 0.639375 0.285984
vt 0.379852 0.285984
vt 0.639375 0.214488
vt 0.379852 0.195088
vt 1.605379 0.500473
vt 1.565283 0.571969
vt 1.446781 0.500473
vt 1.387232 0.571950
vt 1.244930 0.500473
vt 1.052977 0.571968
vt 1.043078 0.500473
vt 0.841227 0.500473
vt 1.043078 0.428977
vt 0.841227 0.428977
vt 0.721452 0.571968
vt 0.639375 0.500473
vt 0.639375 0.428977
vt 0.379852 0.571969
vt 0.379852 0.470984
vt 0.379852 0.376881
vt 1.446781 0.214488
vt 1.244930 0.214488
vt 1.043078 0.214488
vt 0.841227 0.214488
vt 1.446781 0.428977
vt 1.244930 0.428977
vt -1.302886 0.463648
vt -0.000000 0.463648
vt -1.302886 0.570898
vt -0.000000 0.570898
vt -1.302886 0.678148
vt -0.000000 0.678148
vt -1.302886 0.785398
vt -0.000000 0.785398
vt -3.556099 0.000000
vt -3.252463 0.000005
vt -3.254690 0.073739
vt -2.957666 0.084255
vt -3.254690 0.110608
vt -2.899282 0.110608
vt -3.254690 0.147478
vt -2.899282 0.147478
vt -3.254690 0.184347
vt -2.899282 0.184347
vt -3.254690 0.221216
vt -2.899282 0.221216
vt -2.943159 0.294954
vt -2.543874 0.221216
vt -2.503586 0.294954
vt -2.198014 0.251430
vt -2.062720 0.294954
vt -2.652307 0.152788
vt -2.345716 0.216581
vt -2.543874 0.184347
vt -3.382166 0.294954
vt -3.591392 0.221216
vt -3.591392 0.184347
vt -3.591392 0.147478
vt -3.591392 0.110608
vt -3.591392 0.073739
vt -3.856461 0.000001
vt -3.928094 0.073739
vt -4.154730 0.000001
vt -4.264796 0.073739
vt -4.601498 0.073739
vt -4.601498 0.110608
vt -4.886436 0.110608
vt -4.886436 0.147478
vt -5.171374 0.147478
vt -5.171374 0.184347
vt -5.456312 0.184347
vt -5.456312 0.221216
vt -5.741250 0.221216
vt -5.612432 0.294954
vt -5.839278 0.294954
vt -3.821542 0.294954
vt -3.928094 0.221216
vt -3.928094 0.184347
vt -3.928094 0.147478
vt -3.928094 0.110608
vt -4.262873 0.294954
vt -4.264796 0.221216
vt -4.264796 0.184347
vt -4.264796 0.147478
vt -4.264796 0.110608
vt -4.484756 0.294954
vt -4.601498 0.221216
vt -4.601498 0.184347
vt -4.601498 0.147478
vt -4.707839 0.294953
vt -4.886436 0.221216
vt -4.886436 0.184347
vt -4.932808 0.294954
vt -5.171374 0.221216
vt -5.158526 0.294954
vt -5.385090 0.294954
vt -6.026188 0.221216
vt -6.065398 0.294954
vt -6.311126 0.221216
vt -6.290800 0.294954
vt -6.514811 0.294954
vt -6.596064 0.221216
vt -6.737460 0.294954
vt -6.881003 0.221216
vt -6.959043 0.294954
vt -7.165941 0.221216
vt -7.399908 0.294954
vt -7.450879 0.221216
vt -7.839105 0.294954
vt -7.735817 0.221216
vt -8.020755 0.221216
vt -7.735817 0.184347
vt -8.020755 0.184347
vt -7.735817 0.147478
vt -8.020755 0.147478
vt -7.735817 0.110608
vt -8.020755 0.110608
vt -7.735817 0.073739
vt -8.020755 0.073739
vt -7.668048 0.000001
vt -7.973778 0.000001
vt -8.268593 0.084232
vt -8.305693 0.110608
vt -8.305693 0.147478
vt -8.571871 0.152781
vt -8.590631 0.184347
vt -8.876080 0.216628
vt -8.875569 0.221216
vt -9.024487 0.251569
vt -8.590631 0.221216
vt -8.717009 0.294954
vt -8.277832 0.294954
vt -8.305693 0.221216
vt -9.160507 0.294954
vt -7.366000 0.000004
vt -7.450879 0.073739
vt -7.450879 0.110608
vt -7.450879 0.147478
vt -7.450879 0.184347
vt -7.067706 0.000003
vt -7.165941 0.073739
vt -7.165941 0.110608
vt -7.165941 0.147478
vt -7.165941 0.184347
vt -6.771922 0.000001
vt -6.881003 0.073739
vt -6.881003 0.110608
vt -6.881003 0.147478
vt -6.881003 0.184347
vt -6.478508 0.000003
vt -6.596064 0.073739
vt -6.596064 0.110608
vt -6.596064 0.147478
vt -6.596064 0.184347
vt -6.187877 0.000000
vt -6.311126 0.073739
vt -6.311126 0.110608
vt -6.311126 0.147478
vt -6.311126 0.184347
vt -6.043342 0.000000
vt -6.026188 0.073739
vt -6.026188 0.110608
vt -6.026188 0.147478
vt -6.026188 0.184347
vt -5.827047 0.000000
vt -5.611321 0.000002
vt -5.741250 0.073739
vt -5.456312 0.073739
vt -5.741250 0.110608
vt -5.456312 0.110608
vt -5.741250 0.147478
vt -5.456312 0.147478
vt -5.741250 0.184347
vt -5.324047 0.000002
vt -5.171374 0.073739
vt -5.171374 0.110608
vt -5.034820 0.000000
vt -4.886436 0.073739
vt -4.743774 0.000002
vt -4.450613 0.000001
vt -8.305693 0.184347
vt 0.785398 9.251694
vt 0.654498 9.251694
vt 0.785398 8.800392
vt 0.628319 8.831163
vt 0.628319 8.410631
vt 0.471239 8.831163
vt 0.471239 8.410631
vt 0.314159 8.831163
vt 0.314159 8.410631
vt 0.157080 8.831163
vt 0.157080 8.410631
vt -0.000000 8.831163
vt -0.000000 8.410631
vt 0.523599 9.251694
vt 0.392699 9.251694
vt 0.261799 9.251694
vt 0.130900 9.251694
vt -0.000000 9.251694
vt 0.157080 7.990100
vt -0.000000 7.990100
vt 0.157080 7.569568
vt -0.000000 7.569568
vt 0.157080 7.149036
vt -0.000000 7.149036
vt 0.157080 6.728505
vt -0.000000 6.728505
vt 0.157080 6.307973
vt -0.000000 6.307973
vt 0.157080 5.887442
vt -0.000000 5.887442
vt 0.157080 5.466910
vt -0.000000 5.466910
vt 0.157080 5.046379
vt -0.000000 5.046379
vt 0.157080 4.625847
vt -0.000000 4.625847
vt 0.157080 4.205316
vt -0.000000 4.205316
vt 0.157080 3.784784
vt -0.000000 3.784784
vt 0.157080 3.364252
vt -0.000000 3.364252
vt 0.157080 2.943721
vt -0.000000 2.943721
vt 0.157080 2.523189
vt -0.000000 2.523189
vt 0.157080 2.102658
vt -0.000000 2.102658
vt 0.157080 1.682126
vt -0.000000 1.682126
vt 0.157080 1.261595
vt -0.000000 1.261595
vt 0.157080 0.841063
vt -0.000000 0.841063
vt 0.157080 0.420532
vt -0.000000 0.420532
vt 0.157080 -0.000000
vt 0.157080 -0.420532
vt -0.000000 -0.420532
vt 0.157080 -0.841063
vt -0.000000 -0.841063
vt 0.157080 -1.261595
vt -0.000000 -1.261595
vt 0.157080 -1.682126
vt -0.000000 -1.682126
vt 0.157080 -2.102658
vt -0.000000 -2.102658
vt 0.157080 -2.523189
vt -0.000000 -2.523189
vt 0.157080 -2.943721
vt -0.000000 -2.943721
vt 0.157080 -3.364252
vt -0.000000 -3.364252
vt 0.157080 -3.784784
vt -0.000000 -3.784784
vt 0.157080 -4.205316
vt -0.000000 -4.205316
vt 0.157080 -4.625847
vt -0.000000 -4.625847
vt 0.157080 -5.046379
vt -0.000000 -5.046379
vt 0.157080 -5.466910
vt -0.000000 -5.466910
vt 0.157080 -5.887442
vt -0.000000 -5.887442
vt 0.157080 -6.307973
vt -0.000000 -6.307973
vt 0.157080 -6.728505
vt -0.000000 -6.728505
vt 0.157080 -7.149036
vt -0.000000 -7.149036
vt 0.157080 -7.569568
vt -0.000000 -7.569568
vt 0.157080 -7.990100
vt -0.000000 -7.990100
vt 0.157080 -8.410631
vt -0.000000 -8.410631
vt 0.157080 -8.831163
vt -0.000000 -8.831163
vt 0.130900 -9.251694
vt 0.000000 -9.251694
vt 0.261799 -9.251694
vt 0.314159 -8.831163
vt 0.314159 -8.410631
vt 0.314159 -7.990100
vt 0.314159 -7.569568
vt 0.314159 -7.149036
vt 0.314159 -6.728505
vt 0.314159 -6.307973
vt 0.314159 -5.887442
vt 0.314159 -5.466910
vt 0.314159 -5.046379
vt 0.314159 -4.625847
vt 0.314159 -4.205316
vt 0.314159 -3.784784
vt 0.314159 -3.364252
vt 0.314159 -2.943721
vt 0.314159 -2.523189
vt 0.314159 -2.102658
vt 0.314159 -1.682126
vt 0.314159 -1.261595
vt 0.314159 -0.841063
vt 0.314159 -0.420532
vt 0.314159 -0.000000
vt 0.314159 0.420532
vt 0.314159 0.841063
vt 0.314159 1.261595
vt 0.314159 1.682126
vt 0.314159 2.102658
vt 0.314159 2.523189
vt 0.314159 2.943721
vt 0.314159 3.364252
vt 0.314159 3.784784
vt 0.314159 4.205316
vt 0.314159 4.625847
vt 0.314159 5.046379
vt 0.314159 5.466910
vt 0.314159 5.887442
vt 0.314159 6.307973
vt 0.314159 6.728505
vt 0.314159 7.149036
vt 0.314159 7.569568
vt 0.314159 7.990100
vt 0.392699 -9.251694
vt 0.471239 -8.831163
vt 0.471239 -8.410631
vt 0.471239 -7.990100
vt 0.471239 -7.569568
vt 0.471239 -7.149036
vt 0.471239 -6.728505
vt 0.471239 -6.307973
vt 0.471239 -5.887442
vt 0.471239 -5.466910
vt 0.471239 -5.046379
vt 0.471239 -4.625847
vt 0.471239 -4.205316
vt 0.471239 -3.784784
vt 0.471239 -3.364252
vt 0.471239 -2.943721
vt 0.471239 -2.523189
vt 0.471239 -2.102658
vt 0.471239 -1.682126
vt 0.471239 -1.261595
vt 0.471239 -0.841063
vt 0.471239 -0.420532
vt 0.471239 -0.000000
vt 0.471239 0.420532
vt 0.471239 0.841063
vt 0.471239 1.261595
vt 0.471239 1.682126
vt 0.471239 2.102658
vt 0.471239 2.523189
vt 0.471239 2.943721
vt 0.471239 3.364252
vt 0.471239 3.784784
vt 0.471239 4.205316
vt 0.471239 4.625847
vt 0.471239 5.046379
vt 0.471239 5.466910
vt 0.471239 5.887442
vt 0.471239 6.307973
vt 0.471239 6.728505
vt 0.471239 7.149036
vt 0.471239 7.569568
vt 0.471239 7.990100
vt 0.523599 -9.251694
vt 0.628319 -8.831163
vt 0.628319 -8.410631
vt 0.628319 -7.990100
vt 0.628319 -7.569568
vt 0.628319 -7.149036
vt 0.628319 -6.728505
vt 0.628319 -6.307973
vt 0.628319 -5.887442
vt 0.628319 -5.466910
vt 0.628319 -5.046379
vt 0.628319 -4.625847
vt 0.628319 -4.205316
vt 0.628319 -3.784784
vt 0.628319 -3.364252
vt 0.628319 -2.943721
vt 0.628319 -2.523189
vt 0.628319 -2.102658
vt 0.628319 -1.682126
vt 0.628319 -1.261595
vt 0.628319 -0.841063
vt 0.628319 -0.420532
vt 0.628319 -0.000000
vt 0.628319 0.420532
vt 0.628319 0.841063
vt 0.628319 1.261595
vt 0.628319 1.682126
vt 0.628319 2.102658
vt 0.628319 2.523189
vt 0.628319 2.943721
vt 0.628319 3.364252
vt 0.628319 3.784784
vt 0.628319 4.205316
vt 0.628319 4.625847
vt 0.628319 5.046379
vt 0.628319 5.466910
vt 0.628319 5.887442
vt 0.628319 6.307973
vt 0.628319 6.728505
vt 0.628319 7.149036
vt 0.628319 7.569568
vt 0.628319 7.990100
vt 0.654498 -9.251694
vt 0.785398 -8.800392
vt 0.785398 -8.349090
vt 0.785398 -7.897788
vt 0.785398 -7.446486
vt 0.785398 -6.995183
vt 0.785398 -6.543881
vt 0.785398 -6.092579
vt 0.785398 -5.641277
vt 0.785398 -5.189975
vt 0.785398 -4.738673
vt 0.785398 -4.287371
vt 0.785398 -3.836068
vt 0.785398 -3.384766
vt 0.785398 -2.933464
vt 0.785398 -9.251694
vt 0.785398 -2.482162
vt 0.785398 -2.030860
vt 0.785398 -1.579558
vt 0.785398 -1.128255
vt 0.785398 -0.676953
vt 0.785398 -0.225651
vt 0.785398 0.225651
vt 0.785398 0.676953
vt 0.785398 1.128255
vt 0.785398 1.579558
vt 0.785398 2.030860
vt 0.785398 2.482162
vt 0.785398 2.933464
vt 0.785398 3.384766
vt 0.785398 3.836068
vt 0.785398 4.287371
vt 0.785398 4.738673
vt 0.785398 5.189975
vt 0.785398 5.641277
vt 0.785398 6.092579
vt 0.785398 6.543881
vt 0.785398 6.995183
vt 0.785398 7.446486
vt 0.785398 7.897788
vt 0.785398 8.349090
vt -1.302886 -1.107149
vt -0.000000 -1.107149
vt -1.302886 -0.999899
vt -0.000000 -0.999899
vt -1.302886 -0.892648
vt -0.000000 -0.892648
vt 1.770533 0.000018
vt 1.970826 0.000000
vt 1.862122 0.071530
vt 1.970826 0.191480
vt 1.862122 0.143060
vt 1.862122 0.214590
vt 1.753417 0.214590
vt 1.753417 0.286120
vt 1.644712 0.286120
vt 1.644712 0.357650
vt 1.536007 0.357650
vt 1.536007 0.429180
vt 1.318597 0.429180
vt 1.318597 0.500710
vt 1.101188 0.500710
vt 1.274981 0.572240
vt 1.101087 0.572240
vt 1.862122 0.286120
vt 1.970826 0.380760
vt 1.862122 0.357650
vt 1.862122 0.429180
vt 1.753417 0.429180
vt 1.753417 0.500710
vt 1.644712 0.500710
vt 1.622770 0.572239
vt 1.536007 0.500710
vt 1.448875 0.572240
vt 1.862122 0.500710
vt 1.970826 0.572240
vt 1.796698 0.572240
vt 0.927193 0.572240
vt 0.753298 0.572240
vt 0.840296 0.500710
vt 0.579404 0.471207
vt 0.840296 0.429180
vt 0.579404 0.377060
vt 0.840296 0.357650
vt 0.579404 0.286120
vt 0.840296 0.286120
vt 0.840296 0.214590
vt 1.101188 0.214590
vt 1.101188 0.143060
vt 1.318597 0.143060
vt 1.318597 0.071530
vt 1.536007 0.071530
vt 1.592263 0.000014
vt 1.644712 0.071530
vt 1.753417 0.071530
vt 1.753417 0.143060
vt 0.579404 0.572240
vt 0.579404 0.195180
vt 0.840296 0.143060
vt 1.101188 0.071530
vt 1.256865 0.000001
vt 0.579404 0.101033
vt 0.840296 0.071530
vt 0.923195 0.000000
vt 0.579404 0.000000
vt 1.644712 0.143060
vt 1.644712 0.214590
vt 1.536007 0.143060
vt 1.536007 0.214590
vt 1.536007 0.286120
vt 1.318597 0.214590
vt 1.101188 0.286120
vt 1.318597 0.286120
vt 1.318597 0.357650
vt 1.644712 0.429180
vt 1.753417 0.357650
vt 1.101188 0.429180
vt 1.101188 0.357650
vt 1.966150 0.380754
vt 1.966150 0.572231
vt 1.857442 0.500702
vt 1.792031 0.572231
vt 1.618098 0.572231
vt 1.444197 0.572231
vt 1.531319 0.500702
vt 1.640026 0.500702
vt 1.748734 0.500702
vt 1.748734 0.429173
vt 1.857442 0.429173
vt 1.857442 0.357644
vt 1.857442 0.286116
vt 1.966150 0.191477
vt 1.857442 0.214587
vt 1.857442 0.143058
vt 1.748734 0.214587
vt 1.748734 0.143058
vt 1.640026 0.214587
vt 1.640026 0.143058
vt 1.531319 0.214587
vt 1.531319 0.143058
vt 1.313903 0.214587
vt 1.313903 0.143058
vt 1.096487 0.214587
vt 1.096487 0.143058
vt 0.835589 0.214587
vt 0.835589 0.143058
vt 0.574690 0.195177
vt 0.574690 0.101031
vt 1.313903 0.500702
vt 1.270295 0.572231
vt 1.096487 0.500702
vt 1.096394 0.572231
vt 0.922492 0.572231
vt 0.748591 0.572231
vt 0.835589 0.500702
vt 1.096487 0.429173
vt 0.835589 0.429173
vt 1.096487 0.357644
vt 0.835589 0.357644
vt 1.096487 0.286116
vt 0.835589 0.286116
vt 0.574690 0.572231
vt 0.574690 0.471200
vt 0.574690 0.377054
vt 0.574690 0.286116
vt 0.835589 0.071529
vt 0.574690 0.000000
vt 0.918493 0.000000
vt 1.096487 0.071529
vt 1.252152 0.000001
vt 1.313903 0.071529
vt 1.587573 0.000014
vt 1.531319 0.071529
vt 1.640026 0.071529
vt 1.765857 0.000018
vt 1.748734 0.071529
vt 1.857442 0.071529
vt 1.966150 0.000000
vt 1.313903 0.429173
vt 1.313903 0.357644
vt 1.313903 0.286116
vt 1.531319 0.429173
vt 1.531319 0.357644
vt 1.531319 0.286116
vt 1.640026 0.429173
vt 1.640026 0.357644
vt 1.640026 0.286116
vt 1.748734 0.357644
vt 1.748734 0.286116
vt -0.130900 9.251694
vt -0.157080 8.831163
vt -0.157080 8.410631
vt -0.157080 7.990100
vt -0.157080 7.569568
vt -0.157080 7.149036
vt -0.157080 6.728505
vt -0.157080 6.307973
vt -0.157080 5.887442
vt -0.157080 5.466910
vt -0.157080 5.046379
vt -0.157080 4.625847
vt -0.157080 4.205316
vt -0.157080 3.784784
vt -0.157080 3.364252
vt -0.157080 2.943721
vt -0.157080 2.523189
vt -0.157080 2.102658
vt -0.157080 1.682126
vt -0.157080 1.261595
vt -0.157080 0.841063
vt -0.157080 0.420532
vt -0.157080 0.000000
vt -0.157080 -0.420532
vt -0.157080 -0.841063
vt -0.157080 -1.261595
vt -0.157080 -1.682126
vt -0.157080 -2.102658
vt -0.157080 -2.523189
vt -0.157080 -2.943721
vt -0.157080 -3.364252
vt -0.157080 -3.784784
vt -0.157080 -4.205316
vt -0.157080 -4.625847
vt -0.157080 -5.046379
vt -0.157080 -5.466910
vt -0.157080 -5.887442
vt -0.157080 -6.307973
vt -0.157080 -6.728505
vt -0.157080 -7.149036
vt -0.157080 -7.569568
vt -0.157080 -7.990100
vt -0.157080 -8.410631
vt -0.157080 -8.831163
vt -0.130900 -9.251694
vt -0.261799 -9.251694
vt -0.314159 -8.831163
vt -0.392699 -9.251694
vt -0.471239 -8.831163
vt -0.523599 -9.251694
vt -0.628319 -8.831163
vt -0.654498 -9.251694
vt -0.785398 -8.800392
vt -0.785398 -9.251694
vt -0.261799 9.251694
vt -0.314159 8.831163
vt -0.314159 8.410631
vt -0.314159 7.990100
vt -0.314159 7.569568
vt -0.314159 7.149036
vt -0.314159 6.728505
vt -0.314159 6.307973
vt -0.314159 5.887442
vt -0.314159 5.466910
vt -0.314159 5.046379
vt -0.314159 4.625847
vt -0.314159 4.205316
vt -0.314159 3.784784
vt -0.314159 3.364252
vt -0.314159 2.943721
vt -0.314159 2.523189
vt -0.314159 2.102658
vt -0.314159 1.682126
vt -0.314159 1.261595
vt -0.314159 0.841063
vt -0.314159 0.420532
vt -0.314159 0.000000
vt -0.314159 -0.420532
vt -0.314159 -0.841063
vt -0.314159 -1.261595
vt -0.314159 -1.682126
vt -0.314159 -2.102658
vt -0.314159 -2.523189
vt -0.314159 -2.943721
vt -0.314159 -3.364252
vt -0.314159 -3.784784
vt -0.314159 -4.205316
vt -0.314159 -4.625847
vt -0.314159 -5.046379
vt -0.314159 -5.466910
vt -0.314159 -5.887442
vt -0.314159 -6.307973
vt -0.314159 -6.728505
vt -0.314159 -7.149036
vt -0.314159 -7.569568
vt -0.314159 -7.990100
vt -0.314159 -8.410631
vt -0.392699 9.251694
vt -0.471239 8.831163
vt -0.471239 8.410631
vt -0.471239 7.990100
vt -0.471239 7.569568
vt -0.471239 7.149036
vt -0.471239 6.728505
vt -0.471239 6.307973
vt -0.471239 5.887442
vt -0.471239 5.466910
vt -0.471239 5.046379
vt -0.471239 4.625847
vt -0.471239 4.205316
vt -0.471239 3.784784
vt -0.471239 3.364252
vt -0.471239 2.943721
vt -0.471239 2.523189
vt -0.471239 2.102658
vt -0.471239 1.682126
vt -0.471239 1.261595
vt -0.471239 0.841063
vt -0.471239 0.420532
vt -0.471239 0.000000
vt -0.471239 -0.420532
vt -0.471239 -0.841063
vt -0.471239 -1.261595
vt -0.471239 -1.682126
vt -0.471239 -2.102658
vt -0.471239 -2.523189
vt -0.471239 -2.943721
vt -0.471239 -3.364252
vt -0.471239 -3.784784
vt -0.471239 -4.205316
vt -0.471239 -4.625847
vt -0.471239 -5.046379
vt -0.471239 -5.466910
vt -0.471239 -5.887442
vt -0.471239 -6.307973
vt -0.471239 -6.728505
vt -0.471239 -7.149036
vt -0.471239 -7.569568
vt -0.471239 -7.990100
vt -0.471239 -8.410631
vt -0.523599 9.251694
vt -0.628319 8.831163
vt -0.628319 8.410631
vt -0.628319 7.990100
vt -0.628319 7.569568
vt -0.628319 7.149036
vt -0.628319 6.728505
vt -0.628319 6.307973
vt -0.628319 5.887442
vt -0.628319 5.466910
vt -0.628319 5.046379
vt -0.628319 4.625847
vt -0.628319 4.205316
vt -0.628319 3.784784
vt -0.628319 3.364252
vt -0.628319 2.943721
vt -0.628319 2.523189
vt -0.628319 2.102658
vt -0.628319 1.682126
vt -0.628319 1.261595
vt -0.628319 0.841063
vt -0.628319 0.420532
vt -0.628319 0.000000
vt -0.628319 -0.420532
vt -0.628319 -0.841063
vt -0.628319 -1.261595
vt -0.628319 -1.682126
vt -0.628319 -2.102658
vt -0.628319 -2.523189
vt -0.628319 -2.943721
vt -0.628319 -3.364252
vt -0.628319 -3.784784
vt -0.628319 -4.205316
vt -0.628319 -4.625847
vt -0.628319 -5.046379
vt -0.628319 -5.466910
vt -0.628319 -5.887442
vt -0.628319 -6.307973
vt -0.628319 -6.728505
vt -0.628319 -7.149036
vt -0.628319 -7.569568
vt -0.628319 -7.990100
vt -0.628319 -8.410631
vt -0.654498 9.251694
vt -0.785398 8.800392
vt -0.785398 8.349090
vt -0.785398 7.897788
vt -0.785398 7.446486
vt -0.785398 6.995183
vt -0.785398 6.543881
vt -0.785398 6.092579
vt -0.785398 5.641277
vt -0.785398 5.189975
vt -0.785398 4.738673
vt -0.785398 4.287371
vt -0.785398 3.836068
vt -0.785398 3.384766
vt -0.785398 2.933464
vt -0.785398 9.251694
vt -0.785398 2.482162
vt -0.785398 2.030860
vt -0.785398 1.579558
vt -0.785398 1.128255
vt -0.785398 0.676953
vt -0.785398 0.225651
vt -0.785398 -0.225651
vt -0.785398 -0.676953
vt -0.785398 -1.128255
vt -0.785398 -1.579558
vt -0.785398 -2.030860
vt -0.785398 -2.482162
vt -0.785398 -2.933464
vt -0.785398 -3.384766
vt -0.785398 -3.836068
vt -0.785398 -4.287371
vt -0.785398 -4.738673
vt -0.785398 -5.189975
vt -0.785398 -5.641277
vt -0.785398 -6.092579
vt -0.785398 -6.543881
vt -0.785398 -6.995183
vt -0.785398 -7.446486
vt -0.785398 -7.897788
vt -0.785398 -8.349090
vt -9.024488 0.251569
vt -8.876083 0.216629
vt -8.571876 0.152782
vt -2.957483 0.084301
vt -2.652133 0.152825
vt -2.345442 0.216642
vt -2.197726 0.251509
vt 0.717214 0.571854
vt 0.377462 0.571855
vt 0.636082 0.500373
vt 0.377462 0.470890
vt 0.636082 0.428891
vt 0.377462 0.376806
vt 0.636082 0.357409
vt 0.377462 0.285928
vt 0.636082 0.285928
vt 0.636082 0.214446
vt 0.873150 0.214446
vt 0.873150 0.142964
vt 1.110218 0.142964
vt 1.110218 0.071482
vt 1.347285 0.071482
vt 1.239925 0.000000
vt 1.412205 0.000000
vt 0.377462 0.195049
vt 0.636082 0.142964
vt 0.873150 0.071482
vt 1.067645 0.000000
vt 0.377462 0.100965
vt 0.636082 0.071482
vt 0.723084 0.000002
vt 0.895364 0.000001
vt 0.377462 0.000000
vt 0.550762 0.000000
vt 1.584353 0.071482
vt 1.584486 0.000000
vt 1.756766 0.000000
vt 1.756766 0.191351
vt 1.584353 0.142964
vt 1.347285 0.142964
vt 1.347285 0.214446
vt 1.110218 0.214446
vt 1.110218 0.285928
vt 0.873150 0.285928
vt 0.873150 0.357409
vt 1.584353 0.214446
vt 1.756766 0.380504
vt 1.584353 0.285928
vt 1.584353 0.357409
vt 1.347285 0.357409
vt 1.347285 0.428891
vt 1.110218 0.428891
vt 1.110218 0.500373
vt 0.873150 0.500373
vt 1.048063 0.571854
vt 1.756766 0.571855
vt 1.584353 0.500373
vt 1.584353 0.428891
vt 1.558402 0.571848
vt 1.381629 0.571841
vt 1.347285 0.500373
vt 0.873150 0.428891
vt 1.110218 0.357409
vt 1.347285 0.285928
vt -0.000000 0.892648
vt -1.302886 0.892648
vt -0.000000 0.999899
vt -1.302886 0.999899
vt -0.000000 1.107149
vt -1.302886 1.107149
vt 0.157080 0.308741
vt 0.130900 0.154371
vt 0.130900 -0.154371
vt 0.157080 -0.308741
vt 0.130900 -0.463112
vt 0.157080 -0.617482
vt 0.130900 -0.771853
vt 0.157080 -0.926223
vt 0.130900 -1.080594
vt 0.157080 -1.234964
vt 0.130900 -1.389335
vt 0.157080 -1.543706
vt 0.130900 -1.698076
vt 0.157080 -1.852447
vt 0.130900 -2.006817
vt 0.157080 -2.161188
vt 0.130900 -2.315558
vt 0.157080 -2.469929
vt 0.130900 -2.624299
vt 0.157080 -2.778670
vt 0.130900 -2.933041
vt 0.157080 -3.087411
vt 0.130900 -3.241782
vt 0.157080 -3.396152
vt 0.130900 -3.550523
vt 0.157080 -3.704893
vt 0.130900 -3.859264
vt 0.157080 -4.013634
vt 0.130900 -4.168005
vt 0.157080 -4.322376
vt 0.130900 -4.476746
vt 0.157080 -4.631117
vt 0.130900 -4.785487
vt 0.157080 -4.939858
vt 0.130900 -5.094228
vt 0.157080 -5.248599
vt 0.130900 -5.402970
vt 0.157080 -5.557340
vt 0.130900 -5.711711
vt 0.157080 -5.866081
vt 0.130900 -6.020452
vt 0.157080 -6.174822
vt 0.130900 -6.329193
vt 0.157080 -6.483563
vt 0.157080 6.174822
vt 0.130900 6.329193
vt 0.130900 6.020452
vt 0.157080 5.866081
vt 0.130900 5.711711
vt 0.157080 5.557340
vt 0.130900 5.402970
vt 0.157080 5.248599
vt 0.130900 5.094228
vt 0.157080 4.939858
vt 0.130900 4.785487
vt 0.157080 4.631117
vt 0.130900 4.476746
vt 0.157080 4.322376
vt 0.130900 4.168005
vt 0.157080 4.013634
vt 0.130900 3.859264
vt 0.157080 3.704893
vt 0.130900 3.550523
vt 0.157080 3.396152
vt 0.130900 3.241782
vt 0.157080 3.087411
vt 0.130900 2.933041
vt 0.157080 2.778670
vt 0.130900 2.624299
vt 0.157080 2.469929
vt 0.130900 2.315558
vt 0.157080 2.161188
vt 0.130900 2.006817
vt 0.157080 1.852447
vt 0.130900 1.698076
vt 0.157080 1.543706
vt 0.130900 1.389335
vt 0.157080 1.234964
vt 0.130900 1.080594
vt 0.157080 0.926223
vt 0.130900 0.771853
vt 0.157080 0.617482
vt 0.130900 0.463112
vt 0.078540 -0.308741
vt 0.104720 -0.154371
vt 0.078540 0.000000
vt 0.104720 0.154371
vt 0.078540 0.308741
vt 0.104720 0.463112
vt 0.078540 0.617482
vt 0.104720 0.771853
vt 0.078540 0.926223
vt 0.104720 1.080594
vt 0.078540 1.234964
vt 0.104720 1.389335
vt 0.078540 1.543706
vt 0.104720 1.698076
vt 0.078540 1.852447
vt 0.104720 2.006817
vt 0.078540 2.161188
vt 0.104720 2.315558
vt 0.078540 2.469929
vt 0.104720 2.624299
vt 0.078540 2.778670
vt 0.104720 2.933041
vt 0.078540 3.087411
vt 0.104720 3.241782
vt 0.078540 3.396152
vt 0.104720 3.550523
vt 0.078540 3.704893
vt 0.104720 3.859264
vt 0.078540 4.013634
vt 0.104720 4.168005
vt 0.078540 4.322376
vt 0.104720 4.476746
vt 0.078540 4.631117
vt 0.104720 4.785487
vt 0.078540 4.939858
vt 0.104720 5.094228
vt 0.078540 5.248599
vt 0.104720 5.402970
vt 0.078540 5.557340
vt 0.104720 5.711711
vt 0.078540 5.866081
vt 0.104720 6.020452
vt 0.078540 6.174822
vt 0.104720 6.329193
vt 0.078540 6.483563
vt 0.078540 -6.174822
vt 0.104720 -6.329193
vt 0.104720 -6.020452
vt 0.078540 -5.866081
vt 0.104720 -5.711711
vt 0.078540 -5.557340
vt 0.104720 -5.402970
vt 0.078540 -5.248599
vt 0.104720 -5.094228
vt 0.078540 -4.939858
vt 0.104720 -4.785487
vt 0.078540 -4.631117
vt 0.104720 -4.476746
vt 0.078540 -4.322376
vt 0.104720 -4.168005
vt 0.078540 -4.013634
vt 0.104720 -3.859264
vt 0.078540 -3.704893
vt 0.104720 -3.550523
vt 0.078540 -3.396152
vt 0.104720 -3.241782
vt 0.078540 -3.087411
vt 0.104720 -2.933041
vt 0.078540 -2.778670
vt 0.104720 -2.624299
vt 0.078540 -2.469929
vt 0.104720 -2.315558
vt 0.078540 -2.161188
vt 0.104720 -2.006817
vt 0.078540 -1.852447
vt 0.104720 -1.698076
vt 0.078540 -1.543706
vt 0.104720 -1.389335
vt 0.078540 -1.234964
vt 0.104720 -1.080594
vt 0.078540 -0.926223
vt 0.104720 -0.771853
vt 0.078540 -0.617482
vt 0.104720 -0.463112
vt -0.078540 0.308741
vt -0.104720 0.154371
vt -0.078540 0.000000
vt -0.104720 -0.154371
vt -0.078540 -0.308741
vt -0.104720 -0.463112
vt -0.078540 -0.617482
vt -0.104720 -0.771853
vt -0.078540 -0.926223
vt -0.104720 -1.080594
vt -0.078540 -1.234964
vt -0.104720 -1.389335
vt -0.078540 -1.543706
vt -0.104720 -1.698076
vt -0.078540 -1.852447
vt -0.104720 -2.006817
vt -0.078540 -2.161188
vt -0.104720 -2.315558
vt -0.078540 -2.469929
vt -0.104720 -2.624299
vt -0.078540 -2.778670
vt -0.104720 -2.933041
vt -0.078540 -3.087411
vt -0.104720 -3.241782
vt -0.078540 -3.396152
vt -0.104720 -3.550523
vt -0.078540 -3.704893
vt -0.104720 -3.859264
vt -0.078540 -4.013634
vt -0.104720 -4.168005
vt -0.078540 -4.322376
vt -0.104720 -4.476746
vt -0.078540 -4.631117
vt -0.104720 -4.785487
vt -0.078540 -4.939858
vt -0.104720 -5.094228
vt -0.078540 -5.248599
vt -0.104720 -5.402970
vt -0.078540 -5.557340
vt -0.104720 -5.711711
vt -0.078540 -5.866081
vt -0.104720 -6.020452
vt -0.078540 -6.174822
vt -0.104720 -6.329193
vt -0.078540 -6.483563
vt -0.078540 6.174822
vt -0.104720 6.329193
vt -0.104720 6.020452
vt -0.078540 5.866081
vt -0.104720 5.711711
vt -0.078540 5.557340
vt -0.104720 5.402970
vt -0.078540 5.248599
vt -0.104720 5.094228
vt -0.078540 4.939858
vt -0.104720 4.785487
vt -0.078540 4.631117
vt -0.104720 4.476746
vt -0.078540 4.322376
vt -0.104720 4.168005
vt -0.078540 4.013634
vt -0.104720 3.859264
vt -0.078540 3.704893
vt -0.104720 3.550523
vt -0.078540 3.396152
vt -0.104720 3.241782
vt -0.078540 3.087411
vt -0.104720 2.933041
vt -0.078540 2.778670
vt -0.104720 2.624299
vt -0.078540 2.469929
vt -0.104720 2.315558
vt -0.078540 2.161188
vt -0.104720 2.006817
vt -0.078540 1.852447
vt -0.104720 1.698076
vt -0.078540 1.543706
vt -0.104720 1.389335
vt -0.078540 1.234964
vt -0.104720 1.080594
vt -0.078540 0.926223
vt -0.104720 0.771853
vt -0.078540 0.617482
vt -0.104720 0.463112
vt -0.157080 -0.308741
vt -0.130900 -0.154371
vt -0.130900 0.154371
vt -0.157080 0.308741
vt -0.130900 0.463112
vt -0.157080 0.617482
vt -0.130900 0.771853
vt -0.157080 0.926223
vt -0.130900 1.080594
vt -0.157080 1.234964
vt -0.130900 1.389335
vt -0.157080 1.543706
vt -0.130900 1.698076
vt -0.157080 1.852447
vt -0.130900 2.006817
vt -0.157080 2.161188
vt -0.130900 2.315558
vt -0.157080 2.469929
vt -0.130900 2.624299
vt -0.157080 2.778670
vt -0.130900 2.933041
vt -0.157080 3.087411
vt -0.130900 3.241782
vt -0.157080 3.396152
vt -0.130900 3.550523
vt -0.157080 3.704893
vt -0.130900 3.859264
vt -0.157080 4.013634
vt -0.130900 4.168005
vt -0.157080 4.322376
vt -0.130900 4.476746
vt -0.157080 4.631117
vt -0.130900 4.785487
vt -0.157080 4.939858
vt -0.130900 5.094228
vt -0.157080 5.248599
vt -0.130900 5.402970
vt -0.157080 5.557340
vt -0.130900 5.711711
vt -0.157080 5.866081
vt -0.130900 6.020452
vt -0.157080 6.174822
vt -0.130900 6.329193
vt -0.157080 6.483563
vt -0.157080 -6.174822
vt -0.130900 -6.329193
vt -0.130900 -6.020452
vt -0.157080 -5.866081
vt -0.130900 -5.711711
vt -0.157080 -5.557340
vt -0.130900 -5.402970
vt -0.157080 -5.248599
vt -0.130900 -5.094228
vt -0.157080 -4.939858
vt -0.130900 -4.785487
vt -0.157080 -4.631117
vt -0.130900 -4.476746
vt -0.157080 -4.322376
vt -0.130900 -4.168005
vt -0.157080 -4.013634
vt -0.130900 -3.859264
vt -0.157080 -3.704893
vt -0.130900 -3.550523
vt -0.157080 -3.396152
vt -0.130900 -3.241782
vt -0.157080 -3.087411
vt -0.130900 -2.933041
vt -0.157080 -2.778670
vt -0.130900 -2.624299
vt -0.157080 -2.469929
vt -0.130900 -2.315558
vt -0.157080 -2.161188
vt -0.130900 -2.006817
vt -0.157080 -1.852447
vt -0.130900 -1.698076
vt -0.157080 -1.543706
vt -0.130900 -1.389335
vt -0.157080 -1.234964
vt -0.130900 -1.080594
vt -0.157080 -0.926223
vt -0.130900 -0.771853
vt -0.157080 -0.617482
vt -0.130900 -0.463112
vt 0.078540 7.655566
vt 0.052360 7.542451
vt 0.078540 7.274754
vt 0.052360 7.145480
vt 0.078540 6.890367
vt 0.052360 6.748508
vt 0.078540 6.505979
vt 0.052360 6.351537
vt 0.078540 6.121592
vt 0.052360 5.954566
vt 0.078540 5.737205
vt 0.052360 5.557595
vt 0.078540 5.352818
vt 0.052360 5.160624
vt 0.078540 4.968430
vt 0.052360 4.763653
vt 0.078540 4.584043
vt 0.052360 4.366682
vt 0.078540 4.199656
vt 0.052360 3.969711
vt 0.078540 3.815269
vt 0.052360 3.572740
vt 0.078540 3.430882
vt 0.052360 3.175769
vt 0.078540 3.046494
vt 0.052360 2.778798
vt 0.078540 2.665683
vt 0.052360 2.381827
vt 0.078540 2.284871
vt 0.052360 1.984855
vt 0.078540 1.904059
vt 0.052360 1.587884
vt 0.078540 1.523247
vt 0.052360 1.190913
vt 0.078540 1.142435
vt 0.052360 0.793942
vt 0.078540 0.761624
vt 0.052360 0.396971
vt 0.078540 0.380812
vt 0.052360 0.000000
vt 0.078540 -0.380812
vt 0.052360 -0.396971
vt 0.078540 -0.761624
vt 0.052360 -0.793942
vt 0.078540 -1.142435
vt 0.052360 -1.190913
vt 0.078540 -1.523247
vt 0.052360 -1.587884
vt 0.078540 -1.904059
vt 0.052360 -1.984855
vt 0.078540 -2.284871
vt 0.052360 -2.381827
vt 0.078540 -2.665683
vt 0.052360 -2.778798
vt 0.078540 -3.046494
vt 0.052360 -3.175769
vt 0.078540 -3.430882
vt 0.052360 -3.572740
vt 0.078540 -3.815269
vt 0.052360 -3.969711
vt 0.078540 -4.199656
vt 0.052360 -4.366682
vt 0.078540 -4.584043
vt 0.052360 -4.763653
vt 0.078540 -4.968430
vt 0.052360 -5.160624
vt 0.078540 -5.352818
vt 0.052360 -5.557595
vt 0.078540 -5.737205
vt 0.052360 -5.954566
vt 0.078540 -6.121592
vt 0.052360 -6.351537
vt 0.078540 -6.505979
vt 0.052360 -6.748508
vt 0.078540 -6.890367
vt 0.052360 -7.145480
vt 0.078540 -7.274754
vt 0.052360 -7.542451
vt 0.078540 -7.655566
vt 0.052360 -7.939422
vt 0.078540 -8.036377
vt 0.052360 -8.336393
vt 0.078540 -8.417189
vt 0.052360 -8.733364
vt 0.078540 -8.798001
vt 0.052360 -9.130335
vt 0.078540 -9.178813
vt 0.052360 -9.527306
vt 0.078540 -9.559625
vt 0.052360 -9.924277
vt 0.078540 -9.940436
vt 0.052360 -10.321248
vt 0.078540 -10.321248
vt 0.078540 10.321248
vt 0.052360 10.321248
vt 0.078540 9.940436
vt 0.052360 9.924277
vt 0.078540 9.559625
vt 0.052360 9.527306
vt 0.078540 9.178813
vt 0.052360 9.130335
vt 0.078540 8.798001
vt 0.052360 8.733364
vt 0.078540 8.417189
vt 0.052360 8.336393
vt 0.078540 8.036377
vt 0.052360 7.939422
vt 0.000000 -0.396971
vt 0.026180 -0.396971
vt 0.026180 0.000000
vt -0.000000 0.396971
vt 0.026180 0.396971
vt -0.000000 0.793942
vt 0.026180 0.793942
vt -0.000000 1.190913
vt 0.026180 1.190913
vt -0.000000 1.587884
vt 0.026180 1.587884
vt -0.000000 1.984855
vt 0.026180 1.984855
vt -0.000000 2.381827
vt 0.026180 2.381827
vt -0.000000 2.778798
vt 0.026180 2.778798
vt -0.000000 3.175769
vt 0.026180 3.175769
vt -0.000000 3.572740
vt 0.026180 3.572740
vt -0.000000 3.969711
vt 0.026180 3.969711
vt -0.000000 4.366682
vt 0.026180 4.366682
vt -0.000000 4.763653
vt 0.026180 4.763653
vt -0.000000 5.160624
vt 0.026180 5.160624
vt -0.000000 5.557595
vt 0.026180 5.557595
vt -0.000000 5.954566
vt 0.026180 5.954566
vt -0.000000 6.351537
vt 0.026180 6.351537
vt -0.000000 6.748508
vt 0.026180 6.748508
vt -0.000000 7.145480
vt 0.026180 7.145480
vt -0.000000 7.542451
vt 0.026180 7.542451
vt -0.000000 7.939422
vt 0.026180 7.939422
vt -0.000000 8.336393
vt 0.026180 8.336393
vt -0.000000 8.733364
vt 0.026180 8.733364
vt -0.000000 9.130335
vt 0.026180 9.130335
vt -0.000000 9.527306
vt 0.026180 9.527306
vt -0.000000 9.924277
vt 0.026180 9.924277
vt -0.000000 10.321248
vt 0.026180 10.321248
vt -0.000000 -10.321248
vt 0.026180 -10.321248
vt -0.000000 -9.924277
vt 0.026180 -9.924277
vt -0.000000 -9.527306
vt 0.026180 -9.527306
vt -0.000000 -9.130335
vt 0.026180 -9.130335
vt -0.000000 -8.733364
vt 0.026180 -8.733364
vt -0.000000 -8.336393
vt 0.026180 -8.336393
vt -0.000000 -7.939422
vt 0.026180 -7.939422
vt -0.000000 -7.542451
vt 0.026180 -7.542451
vt -0.000000 -7.145480
vt 0.026180 -7.145480
vt -0.000000 -6.748508
vt 0.026180 -6.748508
vt -0.000000 -6.351537
vt 0.026180 -6.351537
vt -0.000000 -5.954566
vt 0.026180 -5.954566
vt -0.000000 -5.557595
vt 0.026180 -5.557595
vt -0.000000 -5.160624
vt 0.026180 -5.160624
vt 0.000000 -4.763653
vt 0.026180 -4.763653
vt 0.000000 -4.366682
vt 0.026180 -4.366682
vt 0.000000 -3.969711
vt 0.026180 -3.969711
vt 0.000000 -3.572740
vt 0.026180 -3.572740
vt 0.000000 -3.175769
vt 0.026180 -3.175769
vt 0.000000 -2.778798
vt 0.026180 -2.778798
vt 0.000000 -2.381827
vt 0.026180 -2.381827
vt 0.000000 -1.984855
vt 0.026180 -1.984855
vt 0.000000 -1.587884
vt 0.026180 -1.587884
vt 0.000000 -1.190913
vt 0.026180 -1.190913
vt 0.000000 -0.793942
vt 0.026180 -0.793942
vt -0.026180 0.396971
vt -0.026180 -0.000000
vt -0.026180 -0.396971
vt -0.026180 -0.793942
vt -0.026180 -1.190913
vt -0.026180 -1.587884
vt -0.026180 -1.984855
vt -0.026180 -2.381827
vt -0.026180 -2.778798
vt -0.026180 -3.175769
vt -0.026180 -3.572740
vt -0.026180 -3.969711
vt -0.026180 -4.366682
vt -0.026180 -4.763653
vt -0.026180 -5.160624
vt -0.026180 -5.557595
vt -0.026180 -5.954566
vt -0.026180 -6.351537
vt -0.026180 -6.748508
vt -0.026180 -7.145480
vt -0.026180 -7.542451
vt -0.026180 -7.939422
vt -0.026180 -8.336393
vt -0.026180 -8.733364
vt -0.026180 -9.130335
vt -0.026180 -9.527306
vt -0.026180 -9.924277
vt -0.026180 -10.321248
vt -0.026180 10.321248
vt -0.026180 9.924277
vt -0.026180 9.527306
vt -0.026180 9.130335
vt -0.026180 8.733364
vt -0.026180 8.336393
vt -0.026180 7.939422
vt -0.026180 7.542451
vt -0.026180 7.145480
vt -0.026180 6.748508
vt -0.026180 6.351537
vt -0.026180 5.954566
vt -0.026180 5.557595
vt -0.026180 5.160624
vt -0.026180 4.763653
vt -0.026180 4.366682
vt -0.026180 3.969711
vt -0.026180 3.572740
vt -0.026180 3.175769
vt -0.026180 2.778798
vt -0.026180 2.381827
vt -0.026180 1.984855
vt -0.026180 1.587884
vt -0.026180 1.190913
vt -0.026180 0.793942
vt -0.078540 7.343965
vt -0.052360 7.542451
vt -0.078540 7.740936
vt -0.052360 7.939422
vt -0.078540 8.109552
vt -0.052360 8.336393
vt -0.078540 8.478168
vt -0.052360 8.733364
vt -0.078540 8.846784
vt -0.052360 9.130335
vt -0.078540 9.215400
vt -0.052360 9.527306
vt -0.078540 9.584016
vt -0.052360 9.924277
vt -0.078540 9.952632
vt -0.052360 10.321248
vt -0.078540 10.321248
vt -0.078540 -10.321248
vt -0.052360 -10.321248
vt -0.078540 -9.952632
vt -0.052360 -9.924277
vt -0.078540 -9.584016
vt -0.052360 -9.527306
vt -0.078540 -9.215400
vt -0.052360 -9.130335
vt -0.078540 -8.846784
vt -0.052360 -8.733364
vt -0.078540 -8.478168
vt -0.052360 -8.336393
vt -0.078540 -8.109552
vt -0.052360 -7.939422
vt -0.078540 -7.740936
vt -0.052360 -7.542451
vt -0.078540 -7.343965
vt -0.052360 -7.145480
vt -0.078540 -6.946994
vt -0.052360 -6.748508
vt -0.078540 -6.550023
vt -0.052360 -6.351537
vt -0.078540 -6.153052
vt -0.052360 -5.954566
vt -0.078540 -5.756081
vt -0.052360 -5.557595
vt -0.078540 -5.359110
vt -0.052360 -5.160624
vt -0.078540 -4.962139
vt -0.052360 -4.763653
vt -0.078540 -4.565167
vt -0.052360 -4.366682
vt -0.078540 -4.168196
vt -0.052360 -3.969711
vt -0.078540 -3.771225
vt -0.052360 -3.572740
vt -0.078540 -3.374254
vt -0.052360 -3.175769
vt -0.078540 -2.977283
vt -0.052360 -2.778798
vt -0.078540 -2.580312
vt -0.052360 -2.381827
vt -0.078540 -2.211696
vt -0.052360 -1.984855
vt -0.078540 -1.843080
vt -0.052360 -1.587884
vt -0.078540 -1.474464
vt -0.052360 -1.190913
vt -0.078540 -1.105848
vt -0.052360 -0.793942
vt -0.078540 -0.737232
vt -0.052360 -0.396971
vt -0.078540 -0.368616
vt -0.052360 -0.000000
vt -0.078540 0.368616
vt -0.052360 0.396971
vt -0.078540 0.737232
vt -0.052360 0.793942
vt -0.078540 1.105848
vt -0.052360 1.190913
vt -0.078540 1.474464
vt -0.052360 1.587884
vt -0.078540 1.843080
vt -0.052360 1.984855
vt -0.078540 2.211696
vt -0.052360 2.381827
vt -0.078540 2.580312
vt -0.052360 2.778798
vt -0.078540 2.977283
vt -0.052360 3.175769
vt -0.078540 3.374254
vt -0.052360 3.572740
vt -0.078540 3.771225
vt -0.052360 3.969711
vt -0.078540 4.168196
vt -0.052360 4.366682
vt -0.078540 4.565167
vt -0.052360 4.763653
vt -0.078540 4.962139
vt -0.052360 5.160624
vt -0.078540 5.359110
vt -0.052360 5.557595
vt -0.078540 5.756081
vt -0.052360 5.954566
vt -0.078540 6.153052
vt -0.052360 6.351537
vt -0.078540 6.550023
vt -0.052360 6.748508
vt -0.078540 6.946994
vt -0.052360 7.145480
vt -0.078540 -5.929620
vt -0.104720 -6.233893
vt -0.078540 -6.278421
vt -0.104720 -6.590116
vt -0.078540 -6.627222
vt -0.104720 -6.946338
vt -0.078540 -6.976023
vt -0.104720 -7.302561
vt -0.078540 -7.324825
vt -0.104720 -7.658783
vt -0.078540 -7.673626
vt -0.104720 -8.015006
vt -0.078540 -8.022427
vt -0.104720 -8.371228
vt -0.078540 -8.371228
vt -0.078540 8.371228
vt -0.104720 8.371228
vt -0.078540 8.022427
vt -0.104720 8.015006
vt -0.078540 7.673626
vt -0.104720 7.658783
vt -0.078540 7.324825
vt -0.104720 7.302561
vt -0.078540 6.976023
vt -0.104720 6.946338
vt -0.078540 6.627222
vt -0.104720 6.590116
vt -0.078540 6.278421
vt -0.104720 6.233893
vt -0.078540 5.929620
vt -0.104720 5.877671
vt -0.078540 5.580819
vt -0.104720 5.521448
vt -0.078540 5.232018
vt -0.104720 5.165226
vt -0.078540 4.883216
vt -0.104720 4.809003
vt -0.078540 4.534415
vt -0.104720 4.452781
vt -0.078540 4.185614
vt -0.104720 4.096558
vt -0.078540 3.836813
vt -0.104720 3.740336
vt -0.078540 3.488012
vt -0.104720 3.384113
vt -0.078540 3.139211
vt -0.104720 3.027891
vt -0.078540 2.790409
vt -0.104720 2.671669
vt -0.078540 2.441608
vt -0.104720 2.315446
vt -0.078540 2.092807
vt -0.104720 1.959224
vt -0.078540 1.744006
vt -0.104720 1.603001
vt -0.078540 1.395205
vt -0.104720 1.246779
vt -0.078540 1.046404
vt -0.104720 0.890556
vt -0.078540 0.697602
vt -0.104720 0.534334
vt -0.078540 0.348801
vt -0.104720 0.178111
vt -0.104720 -0.178111
vt -0.078540 -0.348801
vt -0.104720 -0.534334
vt -0.078540 -0.697602
vt -0.104720 -0.890556
vt -0.078540 -1.046404
vt -0.104720 -1.246779
vt -0.078540 -1.395205
vt -0.104720 -1.603001
vt -0.078540 -1.744006
vt -0.104720 -1.959224
vt -0.078540 -2.092807
vt -0.104720 -2.315446
vt -0.078540 -2.441608
vt -0.104720 -2.671669
vt -0.078540 -2.790409
vt -0.104720 -3.027891
vt -0.078540 -3.139211
vt -0.104720 -3.384113
vt -0.078540 -3.488012
vt -0.104720 -3.740336
vt -0.078540 -3.836813
vt -0.104720 -4.096558
vt -0.078540 -4.185614
vt -0.104720 -4.452781
vt -0.078540 -4.534415
vt -0.104720 -4.809003
vt -0.078540 -4.883216
vt -0.104720 -5.165226
vt -0.078540 -5.232018
vt -0.104720 -5.521448
vt -0.078540 -5.580819
vt -0.104720 -5.877671
vt -0.157080 -0.356222
vt -0.130900 -0.178111
vt -0.130900 0.178111
vt -0.157080 0.356222
vt -0.130900 0.534334
vt -0.157080 0.712445
vt -0.130900 0.890556
vt -0.157080 1.068667
vt -0.130900 1.246779
vt -0.157080 1.424890
vt -0.130900 1.603001
vt -0.157080 1.781112
vt -0.130900 1.959224
vt -0.157080 2.137335
vt -0.130900 2.315446
vt -0.157080 2.493557
vt -0.130900 2.671669
vt -0.157080 2.849780
vt -0.130900 3.027891
vt -0.157080 3.206002
vt -0.130900 3.384113
vt -0.157080 3.562225
vt -0.130900 3.740336
vt -0.157080 3.918447
vt -0.130900 4.096558
vt -0.157080 4.274670
vt -0.130900 4.452781
vt -0.157080 4.630892
vt -0.130900 4.809003
vt -0.157080 4.987115
vt -0.130900 5.165226
vt -0.157080 5.343337
vt -0.130900 5.521448
vt -0.157080 5.699560
vt -0.130900 5.877671
vt -0.157080 6.055782
vt -0.130900 6.233893
vt -0.157080 6.412004
vt -0.130900 6.590116
vt -0.157080 6.768227
vt -0.130900 6.946338
vt -0.157080 7.124449
vt -0.130900 7.302561
vt -0.157080 7.480672
vt -0.130900 7.658783
vt -0.157080 7.836894
vt -0.130900 8.015006
vt -0.157080 8.193117
vt -0.130900 8.371228
vt -0.157080 8.549339
vt -0.157080 -8.193117
vt -0.130900 -8.371228
vt -0.130900 -8.015006
vt -0.157080 -7.836894
vt -0.130900 -7.658783
vt -0.157080 -7.480672
vt -0.130900 -7.302561
vt -0.157080 -7.124449
vt -0.130900 -6.946338
vt -0.157080 -6.768227
vt -0.130900 -6.590116
vt -0.157080 -6.412004
vt -0.130900 -6.233893
vt -0.157080 -6.055782
vt -0.130900 -5.877671
vt -0.157080 -5.699560
vt -0.130900 -5.521448
vt -0.157080 -5.343337
vt -0.130900 -5.165226
vt -0.157080 -4.987115
vt -0.130900 -4.809003
vt -0.157080 -4.630892
vt -0.130900 -4.452781
vt -0.157080 -4.274670
vt -0.130900 -4.096558
vt -0.157080 -3.918447
vt -0.130900 -3.740336
vt -0.157080 -3.562225
vt -0.130900 -3.384113
vt -0.157080 -3.206002
vt -0.130900 -3.027891
vt -0.157080 -2.849780
vt -0.130900 -2.671669
vt -0.157080 -2.493557
vt -0.130900 -2.315446
vt -0.157080 -2.137335
vt -0.130900 -1.959224
vt -0.157080 -1.781112
vt -0.130900 -1.603001
vt -0.157080 -1.424890
vt -0.130900 -1.246779
vt -0.157080 -1.068667
vt -0.130900 -0.890556
vt -0.157080 -0.712445
vt -0.130900 -0.534334
vt -0.000000 0.352307
vt -0.026180 0.176153
vt -0.026180 -0.176153
vt 0.000000 -0.352307
vt -0.026180 -0.528460
vt 0.000000 -0.704614
vt -0.026180 -0.880767
vt 0.000000 -1.056921
vt -0.026180 -1.233074
vt 0.000000 -1.409228
vt -0.026180 -1.585381
vt 0.000000 -1.761535
vt -0.026180 -1.937688
vt 0.000000 -2.113842
vt -0.026180 -2.289995
vt 0.000000 -2.466149
vt -0.026180 -2.642302
vt 0.000000 -2.818455
vt -0.026180 -2.994609
vt 0.000000 -3.170762
vt -0.026180 -3.346916
vt 0.000000 -3.523069
vt -0.026180 -3.699223
vt 0.000000 -3.875376
vt -0.026180 -4.051530
vt -0.000000 -4.227683
vt -0.026180 -4.403837
vt -0.000000 -4.579990
vt -0.026180 -4.756144
vt -0.000000 -4.932297
vt -0.026180 -5.108451
vt -0.000000 -5.284604
vt -0.026180 -5.460757
vt -0.000000 -5.636911
vt -0.026180 -5.813064
vt -0.000000 -5.989218
vt -0.026180 -6.165371
vt -0.000000 -6.341525
vt -0.026180 -6.517678
vt -0.000000 -6.693832
vt -0.026180 -6.869985
vt -0.000000 -7.046139
vt -0.026180 -7.222292
vt -0.000000 -7.398446
vt -0.026180 -7.574599
vt -0.000000 -7.750753
vt -0.026180 -7.926906
vt -0.000000 -8.103060
vt -0.026180 -8.279213
vt 0.000000 -8.455366
vt -0.000000 8.103060
vt -0.026180 8.279213
vt -0.026180 7.926906
vt -0.000000 7.750753
vt -0.026180 7.574599
vt -0.000000 7.398446
vt -0.026180 7.222292
vt -0.000000 7.046139
vt -0.026180 6.869985
vt -0.000000 6.693832
vt -0.026180 6.517678
vt -0.000000 6.341525
vt -0.026180 6.165371
vt -0.000000 5.989218
vt -0.026180 5.813064
vt -0.000000 5.636911
vt -0.026180 5.460757
vt -0.000000 5.284604
vt -0.026180 5.108451
vt -0.000000 4.932297
vt -0.026180 4.756144
vt -0.000000 4.579990
vt -0.026180 4.403837
vt -0.000000 4.227683
vt -0.026180 4.051530
vt -0.000000 3.875376
vt -0.026180 3.699223
vt -0.000000 3.523069
vt -0.026180 3.346916
vt -0.000000 3.170762
vt -0.026180 2.994609
vt -0.000000 2.818455
vt -0.026180 2.642302
vt -0.000000 2.466149
vt -0.026180 2.289995
vt -0.000000 2.113842
vt -0.026180 1.937688
vt -0.000000 1.761535
vt -0.026180 1.585381
vt -0.000000 1.409228
vt -0.026180 1.233074
vt -0.000000 1.056921
vt -0.026180 0.880767
vt -0.000000 0.704614
vt -0.026180 0.528460
vt -0.078540 -0.359966
vt -0.052360 -0.176153
vt -0.052360 0.176153
vt -0.078540 0.359966
vt -0.052360 0.528460
vt -0.078540 0.719932
vt -0.052360 0.880767
vt -0.078540 1.079897
vt -0.052360 1.233074
vt -0.078540 1.439863
vt -0.052360 1.585381
vt -0.078540 1.799829
vt -0.052360 1.937688
vt -0.078540 2.159795
vt -0.052360 2.289995
vt -0.078540 2.519760
vt -0.052360 2.642302
vt -0.078540 2.879726
vt -0.052360 2.994609
vt -0.078540 3.239692
vt -0.052360 3.346916
vt -0.078540 3.599658
vt -0.052360 3.699223
vt -0.078540 3.959624
vt -0.052360 4.051530
vt -0.078540 4.319589
vt -0.052360 4.403837
vt -0.078540 4.679555
vt -0.052360 4.756144
vt -0.078540 5.039521
vt -0.052360 5.108451
vt -0.078540 5.399487
vt -0.052360 5.460757
vt -0.078540 5.759453
vt -0.052360 5.813064
vt -0.078540 6.119418
vt -0.052360 6.165371
vt -0.078540 6.479384
vt -0.052360 6.517678
vt -0.078540 6.839350
vt -0.052360 6.869985
vt -0.078540 7.199316
vt -0.052360 7.222292
vt -0.078540 7.559281
vt -0.052360 7.574599
vt -0.078540 7.919247
vt -0.052360 7.926906
vt -0.078540 8.279213
vt -0.052360 8.279213
vt -0.078540 -8.279213
vt -0.052360 -8.279213
vt -0.052360 -7.926906
vt -0.052360 -0.528460
vt -0.078540 -0.719932
vt -0.052360 -0.880767
vt -0.078540 -1.079897
vt -0.052360 -1.233074
vt -0.078540 -1.439863
vt -0.052360 -1.585381
vt -0.078540 -1.799829
vt -0.052360 -1.937688
vt -0.078540 -2.159795
vt -0.052360 -2.289995
vt -0.078540 -2.519760
vt -0.052360 -2.642302
vt -0.078540 -2.879726
vt -0.052360 -2.994609
vt -0.078540 -3.239692
vt -0.052360 -3.346916
vt -0.078540 -3.599658
vt -0.052360 -3.699223
vt -0.078540 -3.959624
vt -0.052360 -4.051530
vt -0.078540 -4.319589
vt -0.052360 -4.403837
vt -0.078540 -4.679555
vt -0.052360 -4.756144
vt -0.078540 -5.039521
vt -0.052360 -5.108451
vt -0.078540 -5.399487
vt -0.052360 -5.460757
vt -0.078540 -5.759453
vt -0.052360 -5.813064
vt -0.078540 -6.119418
vt -0.052360 -6.165371
vt -0.078540 -6.479384
vt -0.052360 -6.517678
vt -0.078540 -6.839350
vt -0.052360 -6.869985
vt -0.078540 -7.199316
vt -0.052360 -7.222292
vt -0.078540 -7.559281
vt -0.052360 -7.574599
vt -0.078540 -7.919247
s 0
usemtl Opaque(63,63,63)
f 1/1/1 2/2/1 29/3/1
f 29/3/1 2/2/1 3/4/1
f 29/3/1 3/4/1 4/5/1
f 5/6/1 11/7/1 4/5/1
f 4/5/1 11/7/1 28/8/1
f 4/5/1 28/8/1 29/3/1
f 5/6/1 6/9/1 11/7/1
f 11/7/1 6/9/1 10/10/1
f 10/10/1 6/9/1 7/11/1
f 10/10/1 7/11/1 8/12/1
f 8/12/2 9/13/2 10/10/2
f 11/7/1 12/14/1 28/8/1
f 28/8/1 12/14/1 13/15/1
f 28/8/1 13/15/1 27/16/1
f 27/16/1 13/15/1 14/17/1
f 27/16/1 14/17/1 26/18/1
f 26/18/1 14/17/1 15/19/1
f 26/18/1 15/19/1 19/20/1
f 19/20/1 15/19/1 18/21/1
f 18/21/1 15/19/1 17/22/1
f 17/22/1 15/19/1 16/23/1
f 19/20/1 20/24/1 26/18/1
f 26/18/1 20/24/1 21/25/1
f 26/18/1 21/25/1 25/26/1
f 25/26/1 21/25/1 22/27/1
f 25/26/1 22/27/1 23/28/1
f 23/28/1 24/29/1 25/26/1
f 24/29/1 30/30/1 68/31/1
f 68/31/1 30/30/1 31/32/1
f 68/31/1 31/32/1 32/33/1
f 68/31/1 32/33/1 67/34/1
f 67/34/1 32/33/1 33/35/1
f 67/34/1 33/35/1 34/36/1
f 67/34/1 34/36/1 37/37/1
f 37/37/1 34/36/1 35/38/1
f 37/37/1 35/38/1 36/39/1
f 36/39/1 16/23/1 37/37/1
f 67/34/1 37/37/1 66/40/1
f 66/40/1 37/37/1 38/41/1
f 66/40/1 38/41/1 65/42/1
f 65/42/1 38/41/1 39/43/1
f 65/42/1 39/43/1 64/44/1
f 64/44/1 39/43/1 40/45/1
f 64/44/1 40/45/1 63/46/1
f 63/46/1 40/45/1 41/47/1
f 63/46/1 41/47/1 42/48/1
f 42/48/1 43/49/1 63/46/1
f 63/46/1 43/49/1 44/50/1
f 63/46/1 44/50/1 45/51/1
f 63/46/1 45/51/1 62/52/1
f 62/52/1 45/51/1 46/53/1
f 62/52/1 46/53/1 61/54/1
f 61/54/1 46/53/1 47/55/1
f 61/54/1 47/55/1 60/56/1
f 60/56/1 47/55/1 48/57/1
f 60/56/1 48/57/1 59/58/1
f 59/58/1 48/57/1 52/59/1
f 59/58/1 52/59/1 53/60/1
f 49/61/1 50/62/1 48/57/1
f 48/57/1 50/62/1 51/63/1
f 48/57/1 51/63/1 52/59/1
f 53/60/1 54/64/1 59/58/1
f 59/58/1 54/64/1 58/65/1
f 58/65/1 54/64/1 55/66/1
f 58/65/1 55/66/1 56/67/1
f 56/67/1 57/68/1 58/65/1
f 57/68/1 69/69/1 95/70/1
f 95/70/1 69/69/1 70/71/1
f 95/70/1 70/71/1 71/72/1
f 95/70/1 71/72/1 94/73/1
f 94/73/1 71/72/1 72/74/1
f 94/73/1 72/74/1 73/75/1
f 94/73/1 73/75/1 76/76/1
f 76/76/1 73/75/1 74/77/1
f 76/76/1 74/77/1 75/78/1
f 75/78/1 49/61/1 76/76/1
f 76/76/1 77/79/1 94/73/1
f 94/73/1 77/79/1 93/80/1
f 93/80/1 77/79/1 78/81/1
f 93/80/1 78/81/1 92/82/1
f 92/82/1 78/81/1 79/83/1
f 92/82/1 79/83/1 80/84/1
f 81/85/1 85/86/1 80/84/1
f 80/84/1 85/86/1 86/87/1
f 80/84/1 86/87/1 87/88/1
f 82/89/1 83/90/1 81/85/1
f 81/85/1 83/90/1 84/91/1
f 81/85/1 84/91/1 85/86/1
f 88/92/1 91/93/1 87/88/1
f 87/88/1 91/93/1 92/82/1
f 87/88/1 92/82/1 80/84/1
f 88/92/1 89/94/1 91/93/1
f 91/93/1 89/94/1 90/95/1
f 90/95/1 96/96/1 122/97/1
f 122/97/1 96/96/1 97/98/1
f 122/97/1 97/98/1 98/99/1
f 99/100/1 104/101/1 98/99/1
f 98/99/1 104/101/1 121/102/1
f 98/99/1 121/102/1 122/97/1
f 99/100/1 100/103/1 104/101/1
f 104/101/1 100/103/1 103/104/1
f 103/104/1 100/103/1 101/105/1
f 103/104/1 101/105/1 102/106/1
f 102/106/3 82/89/3 103/104/3
f 104/101/1 105/107/1 121/102/1
f 121/102/1 105/107/1 106/108/1
f 121/102/1 106/108/1 120/109/1
f 120/109/1 106/108/1 107/110/1
f 120/109/1 107/110/1 119/111/1
f 119/111/1 107/110/1 108/112/1
f 119/111/1 108/112/1 112/113/1
f 112/113/1 108/112/1 111/114/1
f 111/114/1 108/112/1 110/115/1
f 110/115/1 108/112/1 109/116/1
f 112/113/1 113/117/1 119/111/1
f 119/111/1 113/117/1 114/118/1
f 119/111/1 114/118/1 118/119/1
f 118/119/1 114/118/1 115/120/1
f 118/119/1 115/120/1 116/121/1
f 116/121/1 117/122/1 118/119/1
f 117/122/1 123/123/1 161/124/1
f 161/124/1 123/123/1 124/125/1
f 161/124/1 124/125/1 125/126/1
f 161/124/1 125/126/1 160/127/1
f 160/127/1 125/126/1 126/128/1
f 160/127/1 126/128/1 127/129/1
f 160/127/1 127/129/1 130/130/1
f 130/130/1 127/129/1 128/131/1
f 130/130/1 128/131/1 129/132/1
f 129/132/1 109/116/1 130/130/1
f 160/127/1 130/130/1 159/133/1
f 159/133/1 130/130/1 131/134/1
f 159/133/1 131/134/1 158/135/1
f 158/135/1 131/134/1 132/136/1
f 158/135/1 132/136/1 157/137/1
f 157/137/1 132/136/1 133/138/1
f 157/137/1 133/138/1 156/139/1
f 156/139/1 133/138/1 134/140/1
f 156/139/1 134/140/1 135/141/1
f 135/141/1 136/142/1 156/139/1
f 156/139/1 136/142/1 137/143/1
f 156/139/1 137/143/1 138/144/1
f 156/139/1 138/144/1 155/145/1
f 155/145/1 138/144/1 139/146/1
f 155/145/1 139/146/1 154/147/1
f 154/147/1 139/146/1 140/148/1
f 154/147/1 140/148/1 153/149/1
f 153/149/1 140/148/1 141/150/1
f 153/149/1 141/150/1 152/151/1
f 152/151/1 141/150/1 145/152/1
f 152/151/1 145/152/1 146/153/1
f 142/154/1 143/155/1 141/150/1
f 141/150/1 143/155/1 144/156/1
f 141/150/1 144/156/1 145/152/1
f 146/153/1 147/157/1 152/151/1
f 152/151/1 147/157/1 151/158/1
f 151/158/1 147/157/1 148/159/1
f 151/158/1 148/159/1 149/160/1
f 149/160/1 150/161/1 151/158/1
f 163/162/4 166/163/4 162/164/4
f 162/164/4 166/163/4 175/165/4
f 162/164/4 175/165/4 179/166/4
f 179/166/4 175/165/4 178/167/4
f 178/167/4 175/165/4 177/168/4
f 177/168/4 175/165/4 176/169/4
f 163/162/4 164/170/4 166/163/4
f 166/163/4 164/170/4 165/171/4
f 175/165/4 166/163/4 174/172/4
f 174/172/4 166/163/4 167/173/4
f 174/172/4 167/173/4 173/174/4
f 173/174/4 167/173/4 168/175/4
f 173/174/4 168/175/4 172/176/4
f 172/176/4 168/175/4 169/177/4
f 172/176/4 169/177/4 171/178/4
f 171/178/4 169/177/4 170/179/4
f 150/161/1 180/180/1 204/181/1
f 204/181/1 180/180/1 181/182/1
f 204/181/1 181/182/1 182/183/1
f 204/181/1 182/183/1 203/184/1
f 203/184/1 182/183/1 183/185/1
f 203/184/1 183/185/1 184/186/1
f 203/184/1 184/186/1 187/187/1
f 187/187/1 184/186/1 185/188/1
f 187/187/1 185/188/1 186/189/1
f 186/189/1 142/154/1 187/187/1
f 187/187/1 188/190/1 203/184/1
f 203/184/1 188/190/1 202/191/1
f 202/191/1 188/190/1 189/192/1
f 202/191/1 189/192/1 201/193/1
f 201/193/1 189/192/1 190/194/1
f 201/193/1 190/194/1 191/195/1
f 192/196/1 195/197/1 191/195/1
f 191/195/1 195/197/1 196/198/1
f 191/195/1 196/198/1 197/199/1
f 9/13/1 193/200/1 192/196/1
f 192/196/1 193/200/1 194/201/1
f 192/196/1 194/201/1 195/197/1
f 198/202/1 200/203/1 197/199/1
f 197/199/1 200/203/1 201/193/1
f 197/199/1 201/193/1 191/195/1
f 198/202/1 199/204/1 200/203/1
f 200/203/1 199/204/1 1/1/1
f 524/527/202 626/528/202 523/529/176
f 523/529/176 626/528/202 575/530/176
f 523/531/176 575/532/176 574/533/203
f 574/533/203 575/532/176 576/534/203
f 574/533/203 576/534/203 573/535/204
f 573/535/204 576/534/203 577/536/204
f 573/535/204 577/536/204 572/537/205
f 572/537/205 577/536/204 578/538/205
f 572/537/205 578/538/205 571/539/206
f 571/539/206 578/538/205 579/540/206
f 571/539/206 579/540/206 570/541/207
f 570/541/207 579/540/206 580/542/207
f 570/541/207 580/542/207 569/543/208
f 569/543/208 580/542/207 581/544/208
f 569/543/208 581/544/208 568/545/209
f 568/545/209 581/544/208 582/546/209
f 568/545/209 582/546/209 567/547/210
f 567/547/210 582/546/209 583/548/210
f 567/547/210 583/548/210 566/549/211
f 566/549/211 583/548/210 584/550/211
f 566/549/211 584/550/211 565/551/212
f 565/551/212 584/550/211 585/552/212
f 565/551/212 585/552/212 564/553/213
f 564/553/213 585/552/212 586/554/213
f 564/553/213 586/554/213 563/555/214
f 563/555/214 586/554/213 587/556/214
f 563/555/214 587/556/214 562/557/94
f 562/557/94 587/556/214 588/558/94
f 562/557/94 588/558/94 561/559/215
f 561/559/215 588/558/94 589/560/215
f 561/559/215 589/560/215 560/561/216
f 560/561/216 589/560/215 590/562/216
f 560/561/216 590/562/216 559/563/217
f 559/563/217 590/562/216 591/564/217
f 559/563/217 591/564/217 558/565/218
f 558/565/218 591/564/217 592/566/218
f 558/565/218 592/566/218 557/567/219
f 557/567/219 592/566/218 593/568/219
f 557/567/219 593/568/219 556/569/220
f 556/569/220 593/568/219 594/570/220
f 556/569/220 594/570/220 555/571/221
f 555/571/221 594/570/220 595/572/221
f 555/571/221 595/572/221 554/573/222
f 554/573/222 595/572/221 596/574/222
f 554/573/222 596/574/222 553/575/104
f 553/575/104 596/574/222 597/576/104
f 553/575/104 597/576/104 552/577/223
f 552/577/223 597/576/104 598/578/223
f 552/577/223 598/578/223 551/579/224
f 551/579/224 598/578/223 599/580/224
f 551/579/224 599/580/224 550/581/225
f 550/581/225 599/580/224 600/582/225
f 550/581/225 600/582/225 549/583/120
f 549/583/120 600/582/225 601/584/120
f 549/583/120 601/584/120 548/585/226
f 548/585/226 601/584/120 602/586/226
f 548/585/226 602/586/226 547/587/227
f 547/587/227 602/586/226 603/588/227
f 547/587/227 603/588/227 546/589/228
f 546/589/228 603/588/227 604/590/228
f 546/589/228 604/590/228 545/591/229
f 545/591/229 604/590/228 605/592/229
f 545/591/229 605/592/229 544/593/230
f 544/593/230 605/592/229 606/594/230
f 544/593/230 606/594/230 543/595/231
f 543/595/231 606/594/230 607/596/231
f 543/595/231 607/596/231 542/597/232
f 542/597/232 607/596/231 608/598/232
f 542/597/232 608/598/232 541/599/233
f 541/599/233 608/598/232 609/600/233
f 541/599/233 609/600/233 540/601/234
f 540/601/234 609/600/233 610/602/234
f 540/601/234 610/602/234 539/603/235
f 539/603/235 610/602/234 611/604/235
f 539/603/235 611/604/235 538/605/236
f 538/605/236 611/604/235 612/606/236
f 538/605/236 612/606/236 537/607/237
f 537/607/237 612/606/236 613/608/237
f 537/607/237 613/608/237 536/609/93
f 536/609/93 613/608/237 614/610/93
f 536/609/93 614/610/93 535/611/238
f 535/611/238 614/610/93 615/612/238
f 535/611/238 615/612/238 534/613/239
f 534/613/239 615/612/238 616/614/239
f 534/613/239 616/614/239 533/615/240
f 533/615/240 616/614/239 617/616/240
f 533/615/240 617/616/240 532/617/241
f 532/617/241 617/616/240 618/618/241
f 532/617/241 618/618/241 531/619/242
f 531/619/242 618/618/241 619/620/242
f 531/619/242 619/620/242 530/621/243
f 530/621/243 619/620/242 620/622/243
f 530/621/243 620/622/243 529/623/244
f 529/623/244 620/622/243 621/624/244
f 529/623/244 621/624/244 528/625/245
f 528/625/245 621/624/244 622/626/245
f 528/625/245 622/626/245 527/627/194
f 527/627/194 622/626/245 623/628/194
f 527/627/194 623/628/194 526/629/246
f 526/629/246 623/628/194 624/630/246
f 526/629/246 624/630/246 525/631/247
f 525/631/247 624/630/246 625/632/247
f 525/631/247 625/632/247 524/527/202
f 524/527/202 625/632/247 626/528/202
f 627/633/4 629/634/4 327/635/4
f 327/635/4 629/634/4 638/636/4
f 327/635/4 638/636/4 328/637/4
f 328/637/4 638/636/4 640/638/4
f 640/638/4 638/636/4 639/639/4
f 639/639/4 638/636/4 507/640/4
f 627/633/4 628/641/4 629/634/4
f 629/634/4 628/641/4 460/642/4
f 638/636/4 629/634/4 637/643/4
f 637/643/4 629/634/4 630/644/4
f 637/643/4 630/644/4 636/645/4
f 636/645/4 630/644/4 631/646/4
f 636/645/4 631/646/4 635/647/4
f 635/647/4 631/646/4 632/648/4
f 635/647/4 632/648/4 634/649/4
f 634/649/4 632/648/4 633/650/4
f 642/651/248 734/652/248 641/653/176
f 641/653/176 734/652/248 688/654/176
f 641/655/176 688/656/176 687/657/249
f 687/657/249 688/656/176 689/658/249
f 687/657/249 689/658/249 686/659/250
f 686/659/250 689/658/249 690/660/250
f 686/659/250 690/660/250 685/661/251
f 685/661/251 690/660/250 691/662/251
f 685/661/252 691/662/252 684/663/253
f 684/663/253 691/662/252 692/664/253
f 684/663/253 692/664/253 683/665/254
f 683/665/254 692/664/253 693/666/254
f 683/665/255 693/666/255 682/667/256
f 682/667/256 693/666/255 694/668/256
f 682/667/256 694/668/256 681/669/257
f 681/669/257 694/668/256 695/670/257
f 681/669/257 695/670/257 680/671/258
f 680/671/258 695/670/257 696/672/258
f 680/671/259 696/672/259 679/673/260
f 679/673/260 696/672/259 697/674/260
f 679/673/260 697/674/260 678/675/261
f 678/675/261 697/674/260 698/676/261
f 678/675/261 698/676/261 677/677/262
f 677/677/262 698/676/261 699/678/262
f 677/677/262 699/678/262 676/679/263
f 676/679/263 699/678/262 700/680/263
f 676/679/263 700/680/263 675/681/264
f 675/681/264 700/680/263 701/682/264
f 675/681/264 701/682/264 674/683/265
f 674/683/265 701/682/264 702/684/265
f 674/683/265 702/684/265 673/685/266
f 673/685/266 702/684/265 703/686/266
f 673/685/266 703/686/266 672/687/267
f 672/687/267 703/686/266 704/688/267
f 672/687/267 704/688/267 671/689/268
f 671/689/268 704/688/267 705/690/268
f 671/689/269 705/690/269 670/691/270
f 670/691/270 705/690/269 706/692/270
f 670/691/271 706/692/271 669/693/272
f 669/693/272 706/692/271 707/694/272
f 669/693/273 707/694/273 668/695/274
f 668/695/274 707/694/273 708/696/274
f 668/695/274 708/696/274 667/697/275
f 667/697/275 708/696/274 709/698/275
f 667/697/275 709/698/275 666/699/276
f 666/699/276 709/698/275 710/700/276
f 666/699/276 710/700/276 665/701/277
f 665/701/277 710/700/276 711/702/277
f 665/701/277 711/702/277 664/703/278
f 664/703/278 711/702/277 712/704/278
f 664/703/278 712/704/278 663/705/279
f 663/705/279 712/704/278 713/706/279
f 663/705/279 713/706/279 662/707/280
f 662/707/280 713/706/279 714/708/280
f 662/707/280 714/708/280 661/709/281
f 661/709/281 714/708/280 715/710/281
f 661/709/281 715/710/281 660/711/282
f 660/711/282 715/710/281 716/712/282
f 660/711/283 716/712/283 659/713/284
f 659/713/284 716/712/283 717/714/284
f 659/713/285 717/714/285 658/715/286
f 658/715/286 717/714/285 718/716/286
f 658/715/287 718/716/287 657/717/288
f 657/717/288 718/716/287 719/718/288
f 657/717/288 719/718/288 656/719/289
f 656/719/289 719/718/288 720/720/289
f 656/719/289 720/720/289 655/721/290
f 655/721/290 720/720/289 721/722/290
f 655/721/290 721/722/290 654/723/291
f 654/723/291 721/722/290 722/724/291
f 654/723/291 722/724/291 653/725/292
f 653/725/292 722/724/291 723/726/292
f 653/725/292 723/726/292 652/727/293
f 652/727/293 723/726/292 724/728/293
f 652/727/293 724/728/293 651/729/294
f 651/729/294 724/728/293 725/730/294
f 651/729/294 725/730/294 650/731/295
f 650/731/295 725/730/294 726/732/295
f 650/731/295 726/732/295 649/733/296
f 649/733/296 726/732/295 727/734/296
f 649/733/297 727/734/297 648/735/298
f 648/735/298 727/734/297 728/736/298
f 648/735/298 728/736/298 647/737/299
f 647/737/299 728/736/298 729/738/299
f 647/737/299 729/738/299 646/739/300
f 646/739/300 729/738/299 730/740/300
f 646/739/301 730/740/301 645/741/302
f 645/741/302 730/740/301 731/742/302
f 645/741/302 731/742/302 644/743/303
f 644/743/303 731/742/302 732/744/303
f 644/743/304 732/744/304 643/745/305
f 643/745/305 732/744/304 733/746/305
f 643/745/305 733/746/305 642/651/248
f 642/651/248 733/746/305 734/652/248
f 780/747/1 735/748/1 781/749/1
f 781/749/1 735/748/1 736/750/1
f 781/749/1 736/750/1 821/751/1
f 821/751/1 736/750/1 737/752/1
f 821/751/1 737/752/1 820/753/1
f 820/753/1 737/752/1 738/754/1
f 820/753/1 738/754/1 819/755/1
f 819/755/1 738/754/1 739/756/1
f 819/755/1 739/756/1 818/757/1
f 818/757/1 739/756/1 740/758/1
f 818/757/1 740/758/1 817/759/1
f 817/759/1 740/758/1 741/760/1
f 817/759/1 741/760/1 816/761/1
f 816/761/1 741/760/1 742/762/1
f 816/761/1 742/762/1 815/763/1
f 815/763/1 742/762/1 743/764/1
f 815/763/1 743/764/1 814/765/1
f 814/765/1 743/764/1 744/766/1
f 814/765/1 744/766/1 745/767/1
f 814/765/1 745/767/1 813/768/1
f 813/768/1 745/767/1 746/769/1
f 813/768/1 746/769/1 812/770/1
f 812/770/1 746/769/1 747/771/1
f 812/770/1 747/771/1 811/772/1
f 811/772/1 747/771/1 748/773/1
f 811/772/1 748/773/1 810/774/1
f 810/774/1 748/773/1 749/775/1
f 810/774/1 749/775/1 809/776/1
f 809/776/1 749/775/1 750/777/1
f 809/776/1 750/777/1 808/778/1
f 808/778/1 750/777/1 751/779/1
f 808/778/1 751/779/1 807/780/1
f 807/780/1 751/779/1 752/781/1
f 807/780/1 752/781/1 806/782/1
f 806/782/1 752/781/1 753/783/1
f 806/782/1 753/783/1 754/784/1
f 806/782/1 754/784/1 805/785/1
f 805/785/1 754/784/1 755/786/1
f 805/785/1 755/786/1 804/787/1
f 804/787/1 755/786/1 756/788/1
f 804/787/1 756/788/1 803/789/1
f 803/789/1 756/788/1 757/790/1
f 803/789/1 757/790/1 802/791/1
f 802/791/1 757/790/1 758/792/1
f 802/791/1 758/792/1 801/793/1
f 801/793/1 758/792/1 759/794/1
f 801/793/1 759/794/1 800/795/1
f 800/795/1 759/794/1 760/796/1
f 800/795/1 760/796/1 799/797/1
f 799/797/1 760/796/1 761/798/1
f 799/797/1 761/798/1 798/799/1
f 798/799/1 761/798/1 762/800/1
f 798/799/1 762/800/1 797/801/1
f 797/801/1 762/800/1 763/802/1
f 797/801/1 763/802/1 764/803/1
f 797/801/1 764/803/1 796/804/1
f 796/804/1 764/803/1 765/805/1
f 796/804/1 765/805/1 795/806/1
f 795/806/1 765/805/1 766/807/1
f 795/806/1 766/807/1 794/808/1
f 794/808/1 766/807/1 767/809/1
f 794/808/1 767/809/1 793/810/1
f 793/810/1 767/809/1 768/811/1
f 793/810/1 768/811/1 792/812/1
f 792/812/1 768/811/1 769/813/1
f 792/812/1 769/813/1 791/814/1
f 791/814/1 769/813/1 770/815/1
f 791/814/1 770/815/1 790/816/1
f 790/816/1 770/815/1 771/817/1
f 790/816/1 771/817/1 789/818/1
f 789/818/1 771/817/1 772/819/1
f 789/818/1 772/819/1 773/820/1
f 789/818/1 773/820/1 788/821/1
f 788/821/1 773/820/1 774/822/1
f 788/821/1 774/822/1 787/823/1
f 787/823/1 774/822/1 775/824/1
f 787/823/1 775/824/1 786/825/1
f 786/825/1 775/824/1 776/826/1
f 786/825/1 776/826/1 785/827/1
f 785/827/1 776/826/1 777/828/1
f 785/827/1 777/828/1 784/829/1
f 784/829/1 777/828/1 778/830/1
f 784/829/1 778/830/1 783/831/1
f 783/831/1 778/830/1 779/832/1
f 783/831/1 779/832/1 782/833/1
f 782/833/1 779/832/1 780/747/1
f 782/833/1 780/747/1 781/749/1
f 866/834/4 822/835/4 867/836/4
f 867/836/4 822/835/4 823/837/4
f 867/836/4 823/837/4 907/838/4
f 907/838/4 823/837/4 824/839/4
f 907/838/4 824/839/4 906/840/4
f 906/840/4 824/839/4 825/841/4
f 906/840/4 825/841/4 905/842/4
f 905/842/4 825/841/4 826/843/4
f 905/842/4 826/843/4 904/844/4
f 904/844/4 826/843/4 827/845/4
f 904/844/4 827/845/4 903/846/4
f 903/846/4 827/845/4 828/847/4
f 903/846/4 828/847/4 902/848/4
f 902/848/4 828/847/4 829/849/4
f 902/848/4 829/849/4 901/850/4
f 901/850/4 829/849/4 830/851/4
f 901/850/4 830/851/4 900/852/4
f 900/852/4 830/851/4 831/853/4
f 900/852/4 831/853/4 899/854/4
f 899/854/4 831/853/4 832/855/4
f 899/854/4 832/855/4 898/856/4
f 898/856/4 832/855/4 833/857/4
f 898/856/4 833/857/4 834/858/4
f 898/856/4 834/858/4 897/859/4
f 897/859/4 834/858/4 835/860/4
f 897/859/4 835/860/4 896/861/4
f 896/861/4 835/860/4 836/862/4
f 896/861/4 836/862/4 895/863/4
f 895/863/4 836/862/4 837/864/4
f 895/863/4 837/864/4 894/865/4
f 894/865/4 837/864/4 838/866/4
f 894/865/4 838/866/4 893/867/4
f 893/867/4 838/866/4 839/868/4
f 893/867/4 839/868/4 892/869/4
f 892/869/4 839/868/4 840/870/4
f 892/869/4 840/870/4 891/871/4
f 891/871/4 840/870/4 841/872/4
f 891/871/4 841/872/4 890/873/4
f 890/873/4 841/872/4 842/874/4
f 890/873/4 842/874/4 889/875/4
f 889/875/4 842/874/4 843/876/4
f 889/875/4 843/876/4 888/877/4
f 888/877/4 843/876/4 844/878/4
f 888/877/4 844/878/4 887/879/4
f 887/879/4 844/878/4 845/880/4
f 887/879/4 845/880/4 846/881/4
f 887/879/4 846/881/4 886/882/4
f 886/882/4 846/881/4 847/883/4
f 886/882/4 847/883/4 885/884/4
f 885/884/4 847/883/4 848/885/4
f 885/884/4 848/885/4 884/886/4
f 884/886/4 848/885/4 849/887/4
f 884/886/4 849/887/4 883/888/4
f 883/888/4 849/887/4 850/889/4
f 883/888/4 850/889/4 882/890/4
f 882/890/4 850/889/4 851/891/4
f 882/890/4 851/891/4 881/892/4
f 881/892/4 851/891/4 852/893/4
f 881/892/4 852/893/4 880/894/4
f 880/894/4 852/893/4 853/895/4
f 880/894/4 853/895/4 879/896/4
f 879/896/4 853/895/4 854/897/4
f 879/896/4 854/897/4 878/898/4
f 878/898/4 854/897/4 855/899/4
f 878/898/4 855/899/4 877/900/4
f 877/900/4 855/899/4 856/901/4
f 877/900/4 856/901/4 857/902/4
f 877/900/4 857/902/4 876/903/4
f 876/903/4 857/902/4 858/904/4
f 876/903/4 858/904/4 875/905/4
f 875/905/4 858/904/4 859/906/4
f 875/905/4 859/906/4 874/907/4
f 874/907/4 859/906/4 860/908/4
f 874/907/4 860/908/4 873/909/4
f 873/909/4 860/908/4 861/910/4
f 873/909/4 861/910/4 872/911/4
f 872/911/4 861/910/4 862/912/4
f 872/911/4 862/912/4 871/913/4
f 871/913/4 862/912/4 863/914/4
f 871/913/4 863/914/4 870/915/4
f 870/915/4 863/914/4 864/916/4
f 870/915/4 864/916/4 869/917/4
f 869/917/4 864/916/4 865/918/4
f 869/917/4 865/918/4 868/919/4
f 868/919/4 865/918/4 866/834/4
f 868/919/4 866/834/4 867/836/4
f 909/920/306 989/921/306 908/922/120
f 908/922/120 989/921/306 949/923/120
f 908/924/120 949/925/120 948/926/307
f 948/926/307 949/925/120 950/927/307
f 948/926/308 950/927/308 951/928/309
f 909/920/310 910/929/311 989/921/310
f 989/921/310 910/929/311 988/930/311
f 988/930/311 910/929/311 911/931/312
f 988/930/311 911/931/312 987/932/312
f 987/932/312 911/931/312 912/933/313
f 987/932/312 912/933/313 986/934/313
f 986/934/313 912/933/313 913/935/314
f 986/934/313 913/935/314 985/936/314
f 985/936/314 913/935/314 914/937/315
f 985/936/314 914/937/315 984/938/315
f 984/938/315 914/937/315 915/939/316
f 984/938/315 915/939/316 983/940/316
f 983/940/316 915/939/316 916/941/317
f 983/940/316 916/941/317 982/942/317
f 982/942/317 916/941/317 917/943/318
f 982/942/317 917/943/318 981/944/318
f 981/944/318 917/943/318 918/945/319
f 981/944/318 918/945/319 980/946/319
f 980/946/319 918/945/319 919/947/320
f 980/946/319 919/947/320 979/948/320
f 979/948/320 919/947/320 920/949/321
f 979/948/320 920/949/321 978/950/321
f 978/950/322 920/949/322 921/951/323
f 978/950/322 921/951/324 977/952/324
f 977/952/324 921/951/324 922/953/325
f 977/952/324 922/953/326 976/954/326
f 976/954/326 922/953/326 923/955/327
f 976/954/326 923/955/328 975/956/328
f 975/956/327 923/955/327 924/957/329
f 975/956/327 924/957/329 974/958/329
f 974/958/330 924/957/330 925/959/331
f 974/958/330 925/959/331 973/960/331
f 973/960/331 925/959/331 926/961/332
f 973/960/331 926/961/332 972/962/332
f 972/962/332 926/961/332 927/963/333
f 972/962/332 927/963/333 971/964/333
f 971/964/334 927/963/334 928/965/335
f 971/964/334 928/965/335 970/966/335
f 970/966/336 928/965/336 929/967/337
f 970/966/336 929/967/337 969/968/337
f 969/968/338 929/967/338 930/969/339
f 969/968/338 930/969/339 968/970/339
f 968/970/340 930/969/340 931/971/341
f 968/970/340 931/971/341 967/972/341
f 967/972/341 931/971/341 932/973/342
f 967/972/341 932/973/342 966/974/342
f 966/974/342 932/973/342 933/975/343
f 966/974/342 933/975/343 965/976/343
f 965/976/344 933/975/344 934/977/345
f 965/976/344 934/977/345 964/978/345
f 964/978/345 934/977/345 935/979/346
f 964/978/347 935/979/346 963/980/346
f 963/980/348 935/979/348 936/981/349
f 963/980/346 936/981/349 962/982/349
f 962/982/350 936/981/350 937/983/351
f 962/982/349 937/983/351 961/984/351
f 961/984/352 937/983/352 938/985/353
f 961/984/352 938/985/353 960/986/353
f 960/986/353 938/985/353 939/987/354
f 960/986/353 939/987/354 959/988/354
f 959/988/354 939/987/354 940/989/355
f 959/988/354 940/989/355 958/990/355
f 958/990/355 940/989/355 941/991/356
f 958/990/355 941/991/356 957/992/356
f 957/992/356 941/991/356 942/993/357
f 957/992/356 942/993/357 956/994/357
f 956/994/357 942/993/357 943/995/358
f 956/994/357 943/995/358 955/996/358
f 955/996/358 943/995/358 944/997/359
f 955/996/358 944/997/359 954/998/359
f 954/998/359 944/997/359 945/999/360
f 954/998/359 945/999/360 953/1000/360
f 953/1000/360 945/999/360 946/1001/361
f 953/1000/360 946/1001/361 952/1002/361
f 952/1002/361 946/1001/361 947/1003/309
f 952/1002/361 947/1003/309 951/928/309
f 951/928/309 947/1003/309 948/926/308
f 1034/1004/1 990/1005/1 1015/1006/1
f 1015/1006/1 990/1005/1 991/1007/1
f 1015/1006/1 991/1007/1 992/1008/1
f 992/1008/1 993/1009/1 1015/1006/1
f 1015/1006/1 993/1009/1 994/1010/1
f 1015/1006/1 994/1010/1 995/1011/1
f 995/1011/1 996/1012/1 1015/1006/1
f 1015/1006/1 996/1012/1 997/1013/1
f 1015/1006/1 997/1013/1 998/1014/1
f 998/1014/1 999/1015/1 1015/1006/1
f 1015/1006/1 999/1015/1 1000/1016/1
f 1015/1006/1 1000/1016/1 1001/1017/1
f 1001/1017/1 1002/1018/1 1015/1006/1
f 1015/1006/1 1002/1018/1 1003/1019/1
f 1015/1006/1 1003/1019/1 1004/1020/1
f 1004/1020/1 1005/1021/1 1015/1006/1
f 1015/1006/1 1005/1021/1 1006/1022/1
f 1015/1006/1 1006/1022/1 1007/1023/1
f 1007/1023/1 1008/1024/1 1015/1006/1
f 1015/1006/1 1008/1024/1 1009/1025/1
f 1015/1006/1 1009/1025/1 1010/1026/1
f 1015/1006/1 1010/1026/1 1014/1027/1
f 1014/1027/1 1010/1026/1 1011/1028/1
f 1014/1027/1 1011/1028/1 1013/1029/1
f 1013/1029/1 1011/1028/1 1012/1030/1
f 1016/1031/1 1032/1032/1 1015/1006/1
f 1015/1006/1 1032/1032/1 1033/1033/1
f 1015/1006/1 1033/1033/1 1034/1004/1
f 1032/1032/1 1016/1031/1 1031/1034/1
f 1031/1034/1 1016/1031/1 1017/1035/1
f 1031/1034/1 1017/1035/1 1030/1036/1
f 1030/1036/1 1017/1035/1 1018/1037/1
f 1030/1036/1 1018/1037/1 1029/1038/1
f 1029/1038/1 1018/1037/1 1019/1039/1
f 1029/1038/1 1019/1039/1 1028/1040/1
f 1028/1040/1 1019/1039/1 1020/1041/1
f 1028/1040/1 1020/1041/1 1027/1042/1
f 1027/1042/1 1020/1041/1 1021/1043/1
f 1027/1042/1 1021/1043/1 1026/1044/1
f 1026/1044/1 1021/1043/1 1022/1045/1
f 1026/1044/1 1022/1045/1 1025/1046/1
f 1025/1046/1 1022/1045/1 1023/1047/1
f 1025/1046/1 1023/1047/1 1024/1048/1
f 866/1049/362 991/1050/362 822/1051/120
f 822/1051/120 991/1050/362 990/1052/120
f 822/1053/120 990/1054/120 823/1055/363
f 823/1055/363 990/1054/120 1034/1056/363
f 823/1055/363 1034/1056/363 824/1057/364
f 824/1057/364 1034/1056/363 1033/1058/364
f 824/1057/365 1033/1058/365 825/1059/366
f 825/1059/366 1033/1058/365 1032/1060/366
f 825/1059/367 1032/1060/367 826/1061/368
f 826/1061/368 1032/1060/367 1031/1062/368
f 826/1061/369 1031/1062/369 827/1063/370
f 827/1063/370 1031/1062/369 1030/1064/370
f 827/1063/371 1030/1064/371 828/1065/372
f 828/1065/372 1030/1064/371 1029/1066/372
f 828/1065/373 1029/1066/373 829/1067/374
f 829/1067/374 1029/1066/373 1028/1068/374
f 829/1067/374 1028/1068/374 830/1069/375
f 830/1069/375 1028/1068/374 1027/1070/375
f 830/1069/375 1027/1070/375 831/1071/376
f 831/1071/376 1027/1070/375 1026/1072/376
f 831/1071/376 1026/1072/376 832/1073/377
f 832/1073/377 1026/1072/376 1025/1074/377
f 832/1073/378 1025/1074/378 833/1075/379
f 833/1075/379 1025/1074/378 1024/1076/379
f 833/1075/379 1024/1076/379 834/1077/380
f 834/1077/380 1024/1076/379 1023/1078/380
f 834/1077/380 1023/1078/380 835/1079/381
f 835/1079/381 1023/1078/380 1022/1080/381
f 835/1079/381 1022/1080/381 836/1081/382
f 836/1081/382 1022/1080/381 1021/1082/382
f 836/1081/382 1021/1082/382 837/1083/383
f 837/1083/383 1021/1082/382 1020/1084/383
f 837/1083/383 1020/1084/383 838/1085/384
f 838/1085/385 1020/1084/383 1019/1086/385
f 838/1085/384 1019/1086/384 839/1087/386
f 839/1087/386 1019/1086/384 1018/1088/386
f 839/1087/387 1018/1088/387 840/1089/388
f 840/1089/388 1018/1088/387 1017/1090/388
f 840/1089/388 1017/1090/388 841/1091/389
f 841/1091/389 1017/1090/388 1016/1092/389
f 841/1091/390 1016/1092/390 842/1093/391
f 842/1093/391 1016/1092/390 1015/1094/391
f 842/1093/391 1015/1094/391 843/1095/392
f 843/1095/392 1015/1094/391 1014/1096/392
f 843/1095/393 1014/1096/393 844/1097/394
f 844/1097/394 1014/1096/393 1013/1098/394
f 844/1097/395 1013/1098/395 845/1099/396
f 845/1099/396 1013/1098/395 1012/1100/396
f 845/1099/397 1012/1100/397 846/1101/398
f 846/1101/398 1012/1100/397 1011/1102/398
f 846/1101/399 1011/1102/399 847/1103/400
f 847/1103/400 1011/1102/399 1010/1104/400
f 847/1103/400 1010/1104/400 848/1105/401
f 848/1105/401 1010/1104/400 1009/1106/401
f 848/1105/402 1009/1106/402 849/1107/403
f 849/1107/403 1009/1106/402 1008/1108/403
f 849/1107/403 1008/1108/403 850/1109/404
f 850/1109/404 1008/1108/403 1007/1110/404
f 850/1109/405 1007/1110/405 851/1111/406
f 851/1111/406 1007/1110/405 1006/1112/406
f 851/1111/406 1006/1112/406 852/1113/407
f 852/1113/407 1006/1112/408 1005/1114/407
f 852/1113/407 1005/1114/407 853/1115/409
f 853/1115/409 1005/1114/407 1004/1116/409
f 853/1115/409 1004/1116/409 854/1117/410
f 854/1117/410 1004/1116/409 1003/1118/410
f 854/1117/410 1003/1118/410 855/1119/411
f 855/1119/411 1003/1118/410 1002/1120/411
f 855/1119/411 1002/1120/411 856/1121/412
f 856/1121/412 1002/1120/411 1001/1122/412
f 856/1121/412 1001/1122/412 857/1123/413
f 857/1123/413 1001/1122/412 1000/1124/413
f 857/1123/414 1000/1124/414 858/1125/415
f 858/1125/415 1000/1124/414 999/1126/415
f 858/1125/415 999/1126/415 859/1127/416
f 859/1127/416 999/1126/415 998/1128/416
f 859/1127/416 998/1128/416 860/1129/417
f 860/1129/417 998/1128/416 997/1130/417
f 860/1129/417 997/1130/417 861/1131/418
f 861/1131/418 997/1130/417 996/1132/418
f 861/1131/419 996/1132/419 862/1133/420
f 862/1133/420 996/1132/419 995/1134/420
f 862/1133/421 995/1134/421 863/1135/422
f 863/1135/422 995/1134/421 994/1136/422
f 863/1135/423 994/1136/423 864/1137/424
f 864/1137/424 994/1136/423 993/1138/424
f 864/1137/425 993/1138/425 865/1139/426
f 865/1139/426 993/1138/425 992/1140/426
f 865/1139/427 992/1140/427 866/1049/362
f 866/1049/362 992/1140/427 991/1050/362
f 948/2171/308 2018/2172/1686 908/1517/120
f 908/1517/120 2018/2172/1687 2021/2173/1688
f 908/1517/120 2021/2173/1689 909/2174/310
f 909/2174/306 2021/2173/1689 2096/2175/1690
f 909/2174/306 2096/2175/1691 910/2176/1692
f 910/2176/311 2096/2175/1690 2094/2177/1693
f 910/2176/311 2094/2177/1694 911/2178/312
f 911/2178/312 2094/2177/1695 2092/2179/1696
f 911/2178/312 2092/2179/1696 912/2180/313
f 912/2180/313 2092/2179/1697 2090/2181/1698
f 912/2180/1699 2090/2181/1698 913/2182/314
f 913/2182/314 2090/2181/1700 2088/2183/1701
f 913/2182/314 2088/2183/1702 914/2184/315
f 914/2184/315 2088/2183/1702 2086/2185/1703
f 914/2184/315 2086/2185/1703 915/2186/316
f 915/2186/316 2086/2185/1704 2084/2187/1705
f 915/2186/316 2084/2187/1706 916/2188/317
f 916/2188/317 2084/2187/1705 2082/2189/1707
f 916/2188/317 2082/2189/1707 917/2190/318
f 917/2190/318 2082/2189/1707 2080/2191/1708
f 917/2190/318 2080/2191/1709 918/2192/319
f 918/2192/319 2080/2191/1708 2078/2193/1710
f 918/2192/319 2078/2193/1711 919/2194/320
f 919/2194/320 2078/2193/1710 2076/2195/1712
f 919/2194/320 2076/2195/1713 920/2196/322
f 920/2196/321 2076/2195/1712 2074/2197/1714
f 920/2196/321 2074/2197/1715 921/2198/324
f 921/2198/324 2074/2197/1714 2072/2199/1716
f 921/2198/323 2072/2199/1716 922/2200/326
f 922/2200/326 2072/2199/1716 2070/2201/1717
f 922/2200/325 2070/2201/1717 923/2202/327
f 923/2202/327 2070/2201/1717 2068/2203/1718
f 923/2202/328 2068/2203/1718 924/2204/330
f 924/2204/330 2068/2203/1718 2066/2205/1719
f 924/2204/329 2066/2205/1720 925/2206/331
f 925/2206/331 2066/2205/1721 2064/2207/1722
f 925/2206/331 2064/2207/1722 926/2208/332
f 926/2208/332 2064/2207/1722 2062/2209/1723
f 926/2208/332 2062/2209/1723 927/2210/334
f 927/2210/334 2062/2209/1723 2060/2211/1724
f 927/2210/333 2060/2211/1724 928/2212/336
f 928/2212/336 2060/2211/1724 2016/2213/1725
f 928/2212/335 2016/2213/1725 929/2214/338
f 929/2215/337 2016/2216/1725 2058/2217/1726
f 929/2215/337 2058/2217/1726 930/2218/340
f 930/2218/339 2058/2217/1726 2056/2219/1727
f 930/2218/339 2056/2219/1727 931/2220/341
f 931/2220/341 2056/2219/1727 2054/2221/1728
f 931/2220/341 2054/2221/1728 932/2222/342
f 932/2222/342 2054/2221/1728 2052/2223/1729
f 932/2222/342 2052/2223/1730 933/2224/344
f 933/2224/343 2052/2223/1731 2050/2225/1732
f 933/2224/343 2050/2225/1732 934/2226/347
f 934/2226/345 2050/2225/1732 2048/2227/1733
f 934/2226/345 2048/2227/1733 935/2228/348
f 935/2228/346 2048/2227/1733 2046/2229/1734
f 935/2228/346 2046/2229/1734 936/2230/350
f 936/2230/349 2046/2229/1735 2044/2231/1736
f 936/2230/349 2044/2231/1737 937/2232/352
f 937/2232/352 2044/2231/1736 2042/2233/1738
f 937/2232/351 2042/2233/1739 938/2234/353
f 938/2234/353 2042/2233/1738 2040/2235/1740
f 938/2234/353 2040/2235/1741 939/2236/354
f 939/2236/354 2040/2235/1740 2038/2237/1742
f 939/2236/354 2038/2237/1743 940/2238/355
f 940/2238/355 2038/2237/1742 2036/2239/1744
f 940/2238/355 2036/2239/1744 941/2240/356
f 941/2240/356 2036/2239/1744 2034/2241/1745
f 941/2240/356 2034/2241/1746 942/2242/357
f 942/2242/357 2034/2241/1745 2032/2243/1747
f 942/2242/357 2032/2243/1748 943/2244/358
f 943/2244/358 2032/2243/1748 2030/2245/1749
f 943/2244/358 2030/2245/1749 944/2246/359
f 944/2246/359 2030/2245/1750 2028/2247/1751
f 944/2246/359 2028/2247/1752 945/2248/1753
f 945/2248/360 2028/2247/1751 2026/2249/1754
f 945/2248/360 2026/2249/1755 946/2250/361
f 946/2250/361 2026/2249/1755 2024/2251/1756
f 946/2250/361 2024/2251/1757 947/2252/309
f 947/2252/309 2024/2251/1758 2022/2253/1759
f 947/2252/1760 2022/2253/1761 948/2171/307
f 948/2171/307 2022/2253/1759 2018/2172/1687
f 907/2254/4 2020/2255/1762 867/2256/4
f 867/2256/4 2020/2255/1762 2019/2257/1763
f 867/2256/4 2019/2257/1763 868/2258/4
f 868/2258/4 2019/2257/1763 2023/2259/1764
f 868/2258/4 2023/2259/1765 869/2260/4
f 869/2260/4 2023/2259/1765 2025/2261/1766
f 869/2260/4 2025/2261/1767 870/2262/4
f 870/2262/4 2025/2261/1766 2027/2263/1768
f 870/2262/4 2027/2263/1768 871/2264/4
f 871/2264/4 2027/2263/1768 2029/2265/1769
f 871/2264/4 2029/2265/1769 872/2266/4
f 872/2266/4 2029/2265/1769 2031/2267/1770
f 872/2266/4 2031/2267/1770 873/2268/4
f 873/2268/4 2031/2267/1770 2033/2269/1771
f 873/2268/4 2033/2269/1771 874/2270/4
f 874/2270/4 2033/2269/1771 2035/2271/1772
f 874/2270/4 2035/2271/1773 875/2272/4
f 875/2272/4 2035/2271/1772 2037/2273/1774
f 875/2272/4 2037/2273/1774 876/2274/4
f 876/2274/4 2037/2273/1774 2039/2275/1775
f 876/2274/4 2039/2275/1776 877/2276/4
f 877/2276/4 2039/2275/1776 2041/2277/1777
f 877/2276/4 2041/2277/1778 878/2278/4
f 878/2278/4 2041/2277/1778 2043/2279/1779
f 878/2278/4 2043/2279/1779 879/2280/4
f 879/2280/4 2043/2279/1780 2045/2281/1781
f 879/2280/4 2045/2281/1781 880/2282/4
f 880/2282/4 2045/2281/1781 2047/2283/1782
f 880/2282/4 2047/2283/1783 881/2284/4
f 881/2284/4 2047/2283/1784 2049/2285/1785
f 881/2284/4 2049/2285/1785 882/2286/4
f 882/2286/4 2049/2285/1786 2051/2287/1787
f 882/2286/4 2051/2287/1787 883/2288/4
f 883/2288/4 2051/2287/1787 2053/2289/1788
f 883/2288/4 2053/2289/1789 884/2290/4
f 884/2290/4 2053/2289/1790 2055/2291/1791
f 884/2290/4 2055/2291/1792 885/2292/4
f 885/2292/4 2055/2291/1792 2057/2293/1793
f 885/2292/4 2057/2293/1794 886/2294/4
f 886/2294/4 2057/2293/1793 2059/2295/1795
f 886/2294/4 2059/2295/1796 887/2296/4
f 887/2296/4 2059/2295/1796 2017/2297/1797
f 887/2296/4 2017/2297/1797 888/2298/4
f 888/2299/4 2017/2300/1797 2061/2301/1798
f 888/2299/4 2061/2301/1798 889/2302/4
f 889/2302/4 2061/2301/1799 2063/2303/1800
f 889/2302/4 2063/2303/1801 890/2304/4
f 890/2304/4 2063/2303/1800 2065/2305/1802
f 890/2304/4 2065/2305/1802 891/2306/4
f 891/2306/4 2065/2305/1803 2067/2307/1804
f 891/2306/4 2067/2307/1805 892/2308/4
f 892/2308/4 2067/2307/1806 2069/2309/1807
f 892/2308/4 2069/2309/1808 893/2310/4
f 893/2310/4 2069/2309/1807 2071/2311/1809
f 893/2310/4 2071/2311/1810 894/2312/4
f 894/2312/4 2071/2311/1810 2073/2313/1811
f 894/2312/4 2073/2313/1812 895/2314/4
f 895/2314/4 2073/2313/1813 2075/2315/1814
f 895/2314/4 2075/2315/1814 896/2316/4
f 896/2316/4 2075/2315/1814 2077/2317/1815
f 896/2316/4 2077/2317/1816 897/2318/4
f 897/2318/4 2077/2317/1816 2079/2319/1817
f 897/2318/4 2079/2319/1817 898/2320/4
f 898/2320/4 2079/2319/1818 2081/2321/1819
f 898/2320/4 2081/2321/1820 899/2322/4
f 899/2322/4 2081/2321/1820 2083/2323/1821
f 899/2322/4 2083/2323/1821 900/2324/4
f 900/2324/4 2083/2323/1821 2085/2325/1822
f 900/2324/4 2085/2325/1823 901/2326/4
f 901/2326/4 2085/2325/1822 2087/2327/1824
f 901/2326/4 2087/2327/1824 902/2328/4
f 902/2328/4 2087/2327/1824 2089/2329/1825
f 902/2328/4 2089/2329/1825 903/2330/4
f 903/2330/4 2089/2329/1825 2091/2331/1826
f 903/2330/4 2091/2331/1826 904/2332/4
f 904/2332/4 2091/2331/1826 2093/2333/1827
f 904/2332/4 2093/2333/1827 905/2334/4
f 905/2334/4 2093/2333/1827 2095/2335/1828
f 905/2334/4 2095/2335/1829 906/2336/4
f 906/2336/4 2095/2335/1828 2097/2337/1830
f 906/2336/4 2097/2337/1830 907/2254/4
f 907/2254/4 2097/2337/1831 2020/2255/1762
f 2016/2216/1725 2017/2297/1797 2058/2217/1726
f 2058/2217/1726 2017/2297/1797 2059/2295/1795
f 2058/2217/1726 2059/2295/1796 2056/2219/1727
f 2056/2219/1727 2059/2295/1796 2057/2293/1794
f 2056/2219/1727 2057/2293/1794 2054/2221/1728
f 2054/2221/1728 2057/2293/1794 2055/2291/1792
f 2054/2221/1728 2055/2291/1791 2052/2223/1730
f 2052/2223/1731 2055/2291/1791 2053/2289/1790
f 2052/2223/1729 2053/2289/1789 2050/2225/1732
f 2050/2225/1732 2053/2289/1789 2051/2287/1832
f 2050/2225/1732 2051/2287/1832 2048/2227/1733
f 2048/2227/1833 2051/2287/1832 2049/2285/1785
f 2048/2227/1733 2049/2285/1785 2046/2229/1734
f 2046/2229/1734 2049/2285/1786 2047/2283/1783
f 2046/2229/1734 2047/2283/1783 2044/2231/1736
f 2044/2231/1736 2047/2283/1783 2045/2281/1781
f 2044/2231/1737 2045/2281/1781 2042/2233/1739
f 2042/2233/1739 2045/2281/1781 2043/2279/1779
f 2042/2233/1739 2043/2279/1779 2040/2235/1741
f 2040/2235/1741 2043/2279/1779 2041/2277/1778
f 2040/2235/1741 2041/2277/1778 2038/2237/1743
f 2038/2237/1743 2041/2277/1777 2039/2275/1776
f 2038/2237/1743 2039/2275/1776 2036/2239/1744
f 2036/2239/1744 2039/2275/1775 2037/2273/1774
f 2036/2239/1744 2037/2273/1774 2034/2241/1834
f 2034/2241/1746 2037/2273/1774 2035/2271/1772
f 2034/2241/1835 2035/2271/1773 2032/2243/1748
f 2032/2243/1747 2035/2271/1836 2033/2269/1771
f 2032/2243/1747 2033/2269/1771 2030/2245/1749
f 2030/2245/1749 2033/2269/1771 2031/2267/1770
f 2030/2245/1750 2031/2267/1770 2028/2247/1752
f 2028/2247/1752 2031/2267/1837 2029/2265/1769
f 2028/2247/1752 2029/2265/1769 2026/2249/1755
f 2026/2249/1754 2029/2265/1769 2027/2263/1768
f 2026/2249/1755 2027/2263/1768 2024/2251/1757
f 2024/2251/1758 2027/2263/1768 2025/2261/1766
f 2024/2251/1758 2025/2261/1767 2022/2253/1838
f 2022/2253/1761 2025/2261/1766 2023/2259/1765
f 2022/2253/1761 2023/2259/1765 2018/2172/1686
f 2018/2172/1686 2023/2259/1764 2019/2257/1763
f 2018/2172/1686 2019/2257/1763 2021/2173/1689
f 2021/2173/1689 2019/2257/1763 2020/2255/1762
f 2021/2173/1689 2020/2255/1762 2096/2175/1839
f 2096/2175/1691 2020/2255/1840 2097/2337/1830
f 2096/2175/1839 2097/2337/1831 2094/2177/1694
f 2094/2177/1694 2097/2337/1830 2095/2335/1828
f 2094/2177/1693 2095/2335/1828 2092/2179/1696
f 2092/2179/1696 2095/2335/1829 2093/2333/1827
f 2092/2179/1697 2093/2333/1827 2090/2181/1698
f 2090/2181/1698 2093/2333/1827 2091/2331/1826
f 2090/2181/1698 2091/2331/1826 2088/2183/1702
f 2088/2183/1702 2091/2331/1826 2089/2329/1825
f 2088/2183/1702 2089/2329/1825 2086/2185/1704
f 2086/2185/1703 2089/2329/1825 2087/2327/1824
f 2086/2185/1704 2087/2327/1824 2084/2187/1706
f 2084/2187/1841 2087/2327/1824 2085/2325/1823
f 2084/2187/1841 2085/2325/1823 2082/2189/1707
f 2082/2189/1707 2085/2325/1823 2083/2323/1821
f 2082/2189/1707 2083/2323/1821 2080/2191/1709
f 2080/2191/1709 2083/2323/1821 2081/2321/1820
f 2080/2191/1709 2081/2321/1820 2078/2193/1711
f 2078/2193/1711 2081/2321/1819 2079/2319/1818
f 2078/2193/1711 2079/2319/1817 2076/2195/1713
f 2076/2195/1713 2079/2319/1817 2077/2317/1816
f 2076/2195/1713 2077/2317/1816 2074/2197/1715
f 2074/2197/1715 2077/2317/1816 2075/2315/1814
f 2074/2197/1714 2075/2315/1814 2072/2199/1716
f 2072/2199/1716 2075/2315/1814 2073/2313/1812
f 2072/2199/1716 2073/2313/1813 2070/2201/1717
f 2070/2201/1717 2073/2313/1812 2071/2311/1809
f 2070/2201/1842 2071/2311/1810 2068/2203/1718
f 2068/2203/1718 2071/2311/1810 2069/2309/1807
f 2068/2203/1718 2069/2309/1807 2066/2205/1720
f 2066/2205/1720 2069/2309/1807 2067/2307/1804
f 2066/2205/1719 2067/2307/1805 2064/2207/1722
f 2064/2207/1722 2067/2307/1805 2065/2305/1802
f 2064/2207/1722 2065/2305/1802 2062/2209/1723
f 2062/2209/1723 2065/2305/1802 2063/2303/1801
f 2062/2209/1723 2063/2303/1801 2060/2211/1724
f 2060/2211/1724 2063/2303/1801 2061/2301/1798
f 2060/2211/1724 2061/2301/1798 2016/2213/1725
f 2016/2213/1725 2061/2301/1798 2017/2300/1797
f 821/2338/1 2100/2339/1843 781/2340/1
f 781/2340/1 2100/2339/1843 2103/2341/1844
f 781/2340/1 2103/2341/1844 782/2342/1
f 782/2342/1 2103/2341/1844 2178/2343/1845
f 782/2342/1 2178/2343/1846 783/2344/1
f 783/2344/1 2178/2343/1845 2176/2345/1847
f 783/2344/1 2176/2345/1848 784/2346/1
f 784/2346/1 2176/2345/1848 2174/2347/1849
f 784/2346/1 2174/2347/1849 785/2348/1
f 785/2348/1 2174/2347/1849 2172/2349/1850
f 785/2348/1 2172/2349/1850 786/2350/1
f 786/2350/1 2172/2349/1850 2170/2351/1851
f 786/2350/1 2170/2351/1852 787/2352/1
f 787/2352/1 2170/2351/1852 2168/2353/1853
f 787/2352/1 2168/2353/1853 788/2354/1
f 788/2354/1 2168/2353/1853 2166/2355/1854
f 788/2354/1 2166/2355/1855 789/2356/1
f 789/2356/1 2166/2355/1854 2164/2357/1856
f 789/2356/1 2164/2357/1856 790/2358/1
f 790/2358/1 2164/2357/1856 2162/2359/1857
f 790/2358/1 2162/2359/1858 791/2360/1
f 791/2360/1 2162/2359/1858 2160/2361/1859
f 791/2360/1 2160/2361/1860 792/2362/1
f 792/2362/1 2160/2361/1860 2158/2363/1861
f 792/2362/1 2158/2363/1861 793/2364/1
f 793/2364/1 2158/2363/1862 2156/2365/1863
f 793/2364/1 2156/2365/1863 794/2366/1
f 794/2366/1 2156/2365/1863 2154/2367/1864
f 794/2366/1 2154/2367/1865 795/2368/1
f 795/2368/1 2154/2367/1866 2152/2369/1867
f 795/2368/1 2152/2369/1867 796/2370/1
f 796/2370/1 2152/2369/1868 2150/2371/1869
f 796/2370/1 2150/2371/1870 797/2372/1
f 797/2372/1 2150/2371/1869 2148/2373/1871
f 797/2372/1 2148/2373/1872 798/2374/1
f 798/2374/1 2148/2373/1872 2146/2375/1873
f 798/2374/1 2146/2375/1874 799/2376/1
f 799/2376/1 2146/2375/1874 2144/2377/1875
f 799/2376/1 2144/2377/1876 800/2378/1
f 800/2378/1 2144/2377/1876 2142/2379/1877
f 800/2378/1 2142/2379/1877 801/2380/1
f 801/2380/1 2142/2379/1877 2098/2381/1878
f 801/2380/1 2098/2381/1878 802/2382/1
f 802/2383/1 2098/2384/1878 2140/2385/1879
f 802/2383/1 2140/2385/1879 803/2386/1
f 803/2386/1 2140/2385/1879 2138/2387/1880
f 803/2386/1 2138/2387/1880 804/2388/1
f 804/2388/1 2138/2387/1881 2136/2389/1882
f 804/2388/1 2136/2389/1882 805/2390/1
f 805/2390/1 2136/2389/1883 2134/2391/1884
f 805/2390/1 2134/2391/1884 806/2392/1
f 806/2392/1 2134/2391/1885 2132/2393/1886
f 806/2392/1 2132/2393/1887 807/2394/1
f 807/2394/1 2132/2393/1886 2130/2395/1888
f 807/2394/1 2130/2395/1889 808/2396/1
f 808/2396/1 2130/2395/1889 2128/2397/1890
f 808/2396/1 2128/2397/1891 809/2398/1
f 809/2398/1 2128/2397/1892 2126/2399/1893
f 809/2398/1 2126/2399/1893 810/2400/1
f 810/2400/1 2126/2399/1893 2124/2401/1894
f 810/2400/1 2124/2401/1895 811/2402/1
f 811/2402/1 2124/2401/1895 2122/2403/1896
f 811/2402/1 2122/2403/1896 812/2404/1
f 812/2404/1 2122/2403/1897 2120/2405/1898
f 812/2404/1 2120/2405/1899 813/2406/1
f 813/2406/1 2120/2405/1899 2118/2407/1900
f 813/2406/1 2118/2407/1900 814/2408/1
f 814/2408/1 2118/2407/1900 2116/2409/1901
f 814/2408/1 2116/2409/1902 815/2410/1
f 815/2410/1 2116/2409/1901 2114/2411/1903
f 815/2410/1 2114/2411/1903 816/2412/1
f 816/2412/1 2114/2411/1903 2112/2413/1904
f 816/2412/1 2112/2413/1904 817/2414/1
f 817/2414/1 2112/2413/1905 2110/2415/1906
f 817/2414/1 2110/2415/1906 818/2416/1
f 818/2416/1 2110/2415/1906 2108/2417/1907
f 818/2416/1 2108/2417/1907 819/2418/1
f 819/2418/1 2108/2417/1907 2106/2419/1908
f 819/2418/1 2106/2419/1908 820/2420/1
f 820/2420/1 2106/2419/1909 2104/2421/1910
f 820/2420/1 2104/2421/1911 821/2338/1
f 821/2338/1 2104/2421/1910 2100/2339/1843
f 989/2422/310 2102/2423/1912 949/1899/120
f 949/1899/120 2102/2423/1913 2101/2424/1914
f 949/1899/120 2101/2424/1915 950/2425/308
f 950/2425/307 2101/2424/1915 2105/2426/1916
f 950/2425/307 2105/2426/1917 951/2427/1760
f 951/2427/309 2105/2426/1916 2107/2428/1918
f 951/2427/309 2107/2428/1919 952/2429/361
f 952/2429/361 2107/2428/1918 2109/2430/1920
f 952/2429/361 2109/2430/1920 953/2431/360
f 953/2431/360 2109/2430/1920 2111/2432/1921
f 953/2431/360 2111/2432/1921 954/2433/1922
f 954/2433/359 2111/2432/1923 2113/2434/1924
f 954/2433/359 2113/2434/1925 955/2435/1926
f 955/2435/358 2113/2434/1925 2115/2436/1927
f 955/2435/358 2115/2436/1928 956/2437/357
f 956/2437/357 2115/2436/1928 2117/2438/1929
f 956/2437/357 2117/2438/1930 957/2439/356
f 957/2439/356 2117/2438/1929 2119/2440/1931
f 957/2439/356 2119/2440/1931 958/2441/355
f 958/2441/355 2119/2440/1932 2121/2442/1933
f 958/2441/355 2121/2442/1933 959/2443/354
f 959/2443/354 2121/2442/1934 2123/2444/1935
f 959/2443/354 2123/2444/1936 960/2445/353
f 960/2445/353 2123/2444/1935 2125/2446/1937
f 960/2445/353 2125/2446/1938 961/2447/351
f 961/2447/352 2125/2446/1937 2127/2448/1939
f 961/2447/352 2127/2448/1940 962/2449/349
f 962/2449/349 2127/2448/1939 2129/2450/1941
f 962/2449/350 2129/2450/1941 963/2451/346
f 963/2451/346 2129/2450/1941 2131/2452/1942
f 963/2451/348 2131/2452/1942 964/2453/345
f 964/2453/345 2131/2452/1943 2133/2454/1944
f 964/2453/347 2133/2454/1945 965/2455/343
f 965/2455/343 2133/2454/1944 2135/2456/1946
f 965/2455/344 2135/2456/1947 966/2457/342
f 966/2457/342 2135/2456/1948 2137/2458/1949
f 966/2457/342 2137/2458/1950 967/2459/341
f 967/2459/341 2137/2458/1950 2139/2460/1951
f 967/2459/1952 2139/2460/1951 968/2461/339
f 968/2461/340 2139/2460/1951 2141/2462/1953
f 968/2461/340 2141/2462/1953 969/2463/337
f 969/2463/337 2141/2462/1953 2099/2464/1954
f 969/2463/338 2099/2464/1954 970/2465/335
f 970/2466/336 2099/2467/1954 2143/2468/1955
f 970/2466/336 2143/2468/1955 971/2469/333
f 971/2469/333 2143/2468/1955 2145/2470/1956
f 971/2469/334 2145/2470/1956 972/2471/1957
f 972/2471/332 2145/2470/1956 2147/2472/1958
f 972/2471/332 2147/2472/1958 973/2473/331
f 973/2473/331 2147/2472/1959 2149/2474/1960
f 973/2473/331 2149/2474/1961 974/2475/329
f 974/2475/330 2149/2474/1962 2151/2476/1963
f 974/2475/330 2151/2476/1964 975/2477/328
f 975/2477/327 2151/2476/1963 2153/2478/1965
f 975/2477/327 2153/2478/1966 976/2479/325
f 976/2479/326 2153/2478/1966 2155/2480/1967
f 976/2479/326 2155/2480/1967 977/2481/323
f 977/2481/324 2155/2480/1968 2157/2482/1969
f 977/2481/324 2157/2482/1970 978/2483/1971
f 978/2483/321 2157/2482/1969 2159/2484/1972
f 978/2483/322 2159/2484/1973 979/2485/320
f 979/2485/320 2159/2484/1972 2161/2486/1974
f 979/2485/320 2161/2486/1975 980/2487/319
f 980/2487/319 2161/2486/1974 2163/2488/1976
f 980/2487/319 2163/2488/1977 981/2489/318
f 981/2489/318 2163/2488/1977 2165/2490/1978
f 981/2489/318 2165/2490/1979 982/2491/317
f 982/2491/317 2165/2490/1979 2167/2492/1980
f 982/2491/317 2167/2492/1981 983/2493/316
f 983/2493/316 2167/2492/1980 2169/2494/1982
f 983/2493/316 2169/2494/1982 984/2495/1983
f 984/2495/315 2169/2494/1984 2171/2496/1985
f 984/2495/1983 2171/2496/1985 985/2497/314
f 985/2497/314 2171/2496/1986 2173/2498/1987
f 985/2497/1988 2173/2498/1989 986/2499/313
f 986/2499/313 2173/2498/1989 2175/2500/1990
f 986/2499/313 2175/2500/1990 987/2501/312
f 987/2501/312 2175/2500/1990 2177/2502/1991
f 987/2501/312 2177/2502/1992 988/2503/311
f 988/2503/311 2177/2502/1991 2179/2504/1993
f 988/2503/1692 2179/2504/1994 989/2422/306
f 989/2422/306 2179/2504/1993 2102/2423/1913
f 2098/2384/1878 2099/2464/1954 2140/2385/1879
f 2140/2385/1879 2099/2464/1954 2141/2462/1953
f 2140/2385/1879 2141/2462/1953 2138/2387/1880
f 2138/2387/1880 2141/2462/1953 2139/2460/1951
f 2138/2387/1880 2139/2460/1951 2136/2389/1882
f 2136/2389/1882 2139/2460/1951 2137/2458/1950
f 2136/2389/1883 2137/2458/1950 2134/2391/1995
f 2134/2391/1996 2137/2458/1950 2135/2456/1947
f 2134/2391/1884 2135/2456/1948 2132/2393/1887
f 2132/2393/1886 2135/2456/1947 2133/2454/1945
f 2132/2393/1886 2133/2454/1945 2130/2395/1889
f 2130/2395/1889 2133/2454/1945 2131/2452/1942
f 2130/2395/1889 2131/2452/1942 2128/2397/1892
f 2128/2397/1891 2131/2452/1942 2129/2450/1941
f 2128/2397/1891 2129/2450/1941 2126/2399/1893
f 2126/2399/1893 2129/2450/1941 2127/2448/1939
f 2126/2399/1893 2127/2448/1940 2124/2401/1895
f 2124/2401/1895 2127/2448/1940 2125/2446/1938
f 2124/2401/1895 2125/2446/1938 2122/2403/1896
f 2122/2403/1896 2125/2446/1938 2123/2444/1936
f 2122/2403/1897 2123/2444/1936 2120/2405/1898
f 2120/2405/1899 2123/2444/1936 2121/2442/1933
f 2120/2405/1899 2121/2442/1933 2118/2407/1900
f 2118/2407/1900 2121/2442/1933 2119/2440/1931
f 2118/2407/1900 2119/2440/1931 2116/2409/1901
f 2116/2409/1902 2119/2440/1931 2117/2438/1929
f 2116/2409/1902 2117/2438/1997 2114/2411/1903
f 2114/2411/1903 2117/2438/1929 2115/2436/1928
f 2114/2411/1903 2115/2436/1928 2112/2413/1905
f 2112/2413/1905 2115/2436/1928 2113/2434/1925
f 2112/2413/1904 2113/2434/1925 2110/2415/1906
f 2110/2415/1906 2113/2434/1925 2111/2432/1921
f 2110/2415/1906 2111/2432/1921 2108/2417/1907
f 2108/2417/1907 2111/2432/1921 2109/2430/1998
f 2108/2417/1907 2109/2430/1920 2106/2419/1909
f 2106/2419/1909 2109/2430/1920 2107/2428/1919
f 2106/2419/1909 2107/2428/1919 2104/2421/1910
f 2104/2421/1911 2107/2428/1919 2105/2426/1999
f 2104/2421/1910 2105/2426/1917 2100/2339/2000
f 2100/2339/1843 2105/2426/1917 2101/2424/1915
f 2100/2339/1843 2101/2424/1915 2103/2341/2001
f 2103/2341/1844 2101/2424/1915 2102/2423/1912
f 2103/2341/2002 2102/2423/1912 2178/2343/1846
f 2178/2343/1846 2102/2423/1912 2179/2504/1994
f 2178/2343/1846 2179/2504/1994 2176/2345/1848
f 2176/2345/1847 2179/2504/1994 2177/2502/1992
f 2176/2345/1848 2177/2502/1992 2174/2347/1849
f 2174/2347/1849 2177/2502/1992 2175/2500/1990
f 2174/2347/1849 2175/2500/2003 2172/2349/1850
f 2172/2349/1850 2175/2500/1990 2173/2498/1989
f 2172/2349/1850 2173/2498/1989 2170/2351/1852
f 2170/2351/1852 2173/2498/1989 2171/2496/1986
f 2170/2351/1852 2171/2496/1985 2168/2353/1853
f 2168/2353/1853 2171/2496/1985 2169/2494/1984
f 2168/2353/1853 2169/2494/1984 2166/2355/2004
f 2166/2355/1855 2169/2494/1982 2167/2492/2005
f 2166/2355/1854 2167/2492/1981 2164/2357/1856
f 2164/2357/1856 2167/2492/2006 2165/2490/1979
f 2164/2357/1856 2165/2490/1979 2162/2359/1857
f 2162/2359/1857 2165/2490/1979 2163/2488/1977
f 2162/2359/1858 2163/2488/1977 2160/2361/1859
f 2160/2361/1860 2163/2488/1977 2161/2486/1975
f 2160/2361/1860 2161/2486/1975 2158/2363/1861
f 2158/2363/1861 2161/2486/1975 2159/2484/1973
f 2158/2363/1861 2159/2484/1973 2156/2365/1863
f 2156/2365/1863 2159/2484/1973 2157/2482/1970
f 2156/2365/1863 2157/2482/1969 2154/2367/1865
f 2154/2367/1865 2157/2482/1969 2155/2480/1967
f 2154/2367/2007 2155/2480/1967 2152/2369/1867
f 2152/2369/1867 2155/2480/1967 2153/2478/1966
f 2152/2369/1867 2153/2478/1966 2150/2371/1869
f 2150/2371/1870 2153/2478/1966 2151/2476/1964
f 2150/2371/1869 2151/2476/1964 2148/2373/2008
f 2148/2373/1872 2151/2476/1964 2149/2474/1961
f 2148/2373/2008 2149/2474/1960 2146/2375/1873
f 2146/2375/1873 2149/2474/1961 2147/2472/1958
f 2146/2375/1874 2147/2472/1958 2144/2377/1876
f 2144/2377/1875 2147/2472/1958 2145/2470/1956
f 2144/2377/1876 2145/2470/1956 2142/2379/1877
f 2142/2379/1877 2145/2470/1956 2143/2468/1955
f 2142/2379/1877 2143/2468/1955 2098/2381/1878
f 2098/2381/1878 2143/2468/1955 2099/2467/1954
f 459/2505/4 2182/2506/2009 460/2507/4
f 460/2507/4 2182/2506/2009 2185/2508/2010
f 460/2507/4 2185/2508/2010 629/2509/4
f 629/2509/4 2185/2508/2010 2282/2510/2011
f 629/2509/4 2282/2510/2012 630/2511/4
f 630/2511/4 2282/2510/2012 2280/2512/2013
f 630/2511/4 2280/2512/2013 631/2513/4
f 631/2513/4 2280/2512/2013 2278/2514/2014
f 631/2513/4 2278/2514/2015 632/2515/4
f 632/2515/4 2278/2514/2016 2276/2516/2017
f 632/2515/4 2276/2516/2018 633/2517/4
f 633/2517/4 2276/2516/2018 2274/2518/2019
f 633/2517/4 2274/2518/2019 634/2519/4
f 634/2519/4 2274/2518/2019 2272/2520/2020
f 634/2519/4 2272/2520/2020 635/2521/4
f 635/2521/4 2272/2520/2021 2270/2522/2022
f 635/2521/4 2270/2522/2023 636/2523/4
f 636/2523/4 2270/2522/2024 2268/2524/2025
f 636/2523/4 2268/2524/2025 637/2525/4
f 637/2525/4 2268/2524/2025 2266/2526/2026
f 637/2525/4 2266/2526/2026 638/2527/4
f 638/2527/4 2266/2526/2027 2264/2528/2028
f 638/2527/4 2264/2528/2028 507/2529/4
f 507/2529/4 2264/2528/2028 2262/2530/2029
f 507/2529/4 2262/2530/2030 508/2531/4
f 508/2531/4 2262/2530/2031 2260/2532/2032
f 508/2531/4 2260/2532/2033 509/2533/4
f 509/2533/4 2260/2532/2032 2258/2534/2034
f 509/2533/4 2258/2534/2034 510/2535/4
f 510/2535/4 2258/2534/2034 2256/2536/2035
f 510/2535/4 2256/2536/2035 511/2537/4
f 511/2537/4 2256/2536/2035 2254/2538/2036
f 511/2537/4 2254/2538/2036 512/2539/4
f 512/2539/4 2254/2538/2036 2252/2540/2037
f 512/2539/4 2252/2540/2037 513/2541/4
f 513/2541/4 2252/2540/2037 2250/2542/2038
f 513/2541/4 2250/2542/2039 514/2543/4
f 514/2543/4 2250/2542/2040 2248/2544/1797
f 514/2543/4 2248/2544/1797 515/2256/4
f 515/2256/4 2248/2544/1797 516/2545/4
f 516/2545/4 2248/2544/1797 2246/2546/2041
f 516/2545/4 2246/2546/2042 517/2547/4
f 517/2547/4 2246/2546/2043 2244/2548/2044
f 517/2547/4 2244/2548/2044 518/2549/4
f 518/2549/4 2244/2548/2044 2242/2550/2045
f 518/2549/4 2242/2550/2045 519/2551/4
f 519/2551/4 2242/2550/2045 2240/2552/2046
f 519/2551/4 2240/2552/2046 520/2553/4
f 520/2553/4 2240/2552/2046 2238/2554/2047
f 520/2553/4 2238/2554/2047 521/2555/4
f 521/2555/4 2238/2554/2047 2236/2556/2048
f 521/2555/4 2236/2556/2049 522/2557/4
f 522/2557/4 2236/2556/2048 2234/2558/2050
f 522/2557/4 2234/2558/2051 165/2559/4
f 165/2559/4 2234/2558/2051 2232/2560/2052
f 165/2559/4 2232/2560/2052 166/2561/4
f 166/2561/4 2232/2560/2052 2230/2562/2053
f 166/2561/4 2230/2562/2054 167/2563/4
f 167/2563/4 2230/2562/2054 2228/2564/2055
f 167/2563/4 2228/2564/2055 168/2565/4
f 168/2565/4 2228/2564/2055 2226/2566/2056
f 168/2565/4 2226/2566/2057 169/2567/4
f 169/2567/4 2226/2566/2058 2224/2568/2059
f 169/2567/4 2224/2568/2060 170/2569/4
f 170/2569/4 2224/2568/2060 2222/2570/2061
f 170/2569/4 2222/2570/2061 171/2571/4
f 171/2571/4 2222/2570/2061 2220/2572/2062
f 171/2571/4 2220/2572/2062 172/2573/4
f 172/2573/4 2220/2572/2063 2218/2574/2064
f 172/2573/4 2218/2574/2065 173/2575/4
f 173/2575/4 2218/2574/2066 2216/2576/2067
f 173/2575/4 2216/2576/2067 174/2577/4
f 174/2577/4 2216/2576/2067 2214/2578/2068
f 174/2577/4 2214/2578/2068 175/2579/4
f 175/2579/4 2214/2578/2069 2212/2580/2070
f 175/2579/4 2212/2580/2070 176/2581/4
f 176/2581/4 2212/2580/2070 2210/2582/2071
f 176/2581/4 2210/2582/2072 445/2583/4
f 445/2583/4 2210/2582/2073 2208/2584/2074
f 445/2583/4 2208/2584/2075 446/2585/4
f 446/2585/4 2208/2584/2074 2206/2586/2076
f 446/2585/4 2206/2586/2076 447/2587/4
f 447/2587/4 2206/2586/2076 2204/2588/2077
f 447/2587/4 2204/2588/2077 448/2589/4
f 448/2589/4 2204/2588/2077 2202/2590/2078
f 448/2589/4 2202/2590/2078 449/2591/4
f 449/2591/4 2202/2590/2078 2200/2592/2079
f 449/2591/4 2200/2592/2079 450/2593/4
f 450/2593/4 2200/2592/2079 2198/2594/2080
f 450/2593/4 2198/2594/2081 451/2595/4
f 451/2595/4 2198/2594/2082 2180/2596/2083
f 451/2595/4 2180/2596/2083 452/2597/4
f 452/2598/4 2180/2599/2083 453/2600/4
f 453/2600/4 2180/2599/2083 2196/2601/2084
f 453/2600/4 2196/2601/2085 454/2602/4
f 454/2602/4 2196/2601/2086 2194/2603/2087
f 454/2602/4 2194/2603/2087 455/2604/4
f 455/2604/4 2194/2603/2087 2192/2605/2088
f 455/2604/4 2192/2605/2088 456/2606/4
f 456/2606/4 2192/2605/2088 2190/2607/2089
f 456/2606/4 2190/2607/2089 457/2608/4
f 457/2608/4 2190/2607/2089 2188/2609/2090
f 457/2608/4 2188/2609/2090 458/2610/4
f 458/2610/4 2188/2609/2090 2186/2611/2091
f 458/2610/4 2186/2611/2092 459/2505/4
f 459/2505/4 2186/2611/2091 2182/2506/2093
f 574/2612/203 2247/2613/2094 523/466/176
f 523/466/176 2247/2613/2094 2249/2614/1725
f 523/466/176 2249/2614/1725 524/2615/202
f 524/2615/202 2249/2614/1725 2251/2616/2095
f 524/2615/202 2251/2616/2095 525/2617/247
f 525/2617/247 2251/2616/2095 2253/2618/2096
f 525/2617/247 2253/2618/2096 526/2619/246
f 526/2619/246 2253/2618/2097 2255/2620/2098
f 526/2619/246 2255/2620/2098 527/2621/194
f 527/2621/194 2255/2620/2098 2257/2622/2099
f 527/2621/194 2257/2622/2099 528/2623/245
f 528/2623/245 2257/2622/2100 2259/2624/2101
f 528/2623/245 2259/2624/2101 529/2625/244
f 529/2625/244 2259/2624/2101 2261/2626/2102
f 529/2625/244 2261/2626/2102 530/2627/243
f 530/2627/243 2261/2626/2102 2263/2628/2103
f 530/2627/243 2263/2628/2103 531/2629/242
f 531/2629/242 2263/2628/2103 2265/2630/2104
f 531/2629/242 2265/2630/2104 532/2631/241
f 532/2631/241 2265/2630/2105 2267/2632/2106
f 532/2631/241 2267/2632/2106 533/2633/240
f 533/2633/240 2267/2632/2107 2269/2634/2108
f 533/2633/240 2269/2634/2108 534/2635/239
f 534/2635/239 2269/2634/2109 2271/2636/2110
f 534/2635/239 2271/2636/2111 535/2637/238
f 535/2637/238 2271/2636/2110 2273/2638/2112
f 535/2637/238 2273/2638/2112 536/2639/93
f 536/2639/93 2273/2638/2112 2275/2640/2113
f 536/2639/93 2275/2640/2113 537/2641/237
f 537/2641/237 2275/2640/2113 2277/2642/2114
f 537/2641/237 2277/2642/2114 538/2643/236
f 538/2643/236 2277/2642/2114 2279/2644/2115
f 538/2643/236 2279/2644/2116 539/2645/235
f 539/2645/235 2279/2644/2117 2281/2646/2118
f 539/2645/235 2281/2646/2118 540/2647/234
f 540/2647/234 2281/2646/2118 2283/2648/2119
f 540/2647/2120 2283/2648/2119 541/2649/233
f 541/2649/233 2283/2648/2119 2184/2650/2121
f 541/2649/233 2184/2650/2121 542/2651/232
f 542/2651/232 2184/2650/2121 2183/2652/2122
f 542/2651/232 2183/2652/2122 543/2653/231
f 543/2653/231 2183/2652/2123 2187/2654/2124
f 543/2653/231 2187/2654/2124 544/2655/230
f 544/2655/230 2187/2654/2124 2189/2656/2125
f 544/2655/230 2189/2656/2125 545/2657/2126
f 545/2657/229 2189/2656/2125 2191/2658/2127
f 545/2657/229 2191/2658/2128 546/2659/228
f 546/2659/228 2191/2658/2128 2193/2660/2129
f 546/2659/228 2193/2660/2129 547/2661/227
f 547/2661/227 2193/2660/2129 2195/2662/2130
f 547/2661/227 2195/2662/2131 548/2663/226
f 548/2663/226 2195/2662/2131 2197/2664/2132
f 548/2663/226 2197/2664/2132 549/2665/120
f 549/2665/120 2197/2664/2132 2181/2666/2133
f 549/2667/120 2181/2668/2133 550/2669/225
f 550/2669/225 2181/2668/2133 2199/2670/2134
f 550/2669/225 2199/2670/2134 551/2671/224
f 551/2671/224 2199/2670/2134 2201/2672/2135
f 551/2671/224 2201/2672/2135 552/2673/223
f 552/2673/223 2201/2672/2136 2203/2674/2137
f 552/2673/223 2203/2674/2137 553/2675/104
f 553/2675/104 2203/2674/2137 2205/2676/2138
f 553/2675/104 2205/2676/2138 554/2677/222
f 554/2677/222 2205/2676/2139 2207/2678/2140
f 554/2677/222 2207/2678/2140 555/2679/221
f 555/2679/221 2207/2678/2140 2209/2680/2141
f 555/2679/221 2209/2680/2141 556/2681/220
f 556/2681/220 2209/2680/2141 2211/2682/2142
f 556/2681/220 2211/2682/2142 557/2683/219
f 557/2683/219 2211/2682/2142 2213/2684/2143
f 557/2683/219 2213/2684/2143 558/2685/218
f 558/2685/218 2213/2684/2144 2215/2686/2145
f 558/2685/218 2215/2686/2145 559/2687/217
f 559/2687/217 2215/2686/2146 2217/2688/2147
f 559/2687/217 2217/2688/2147 560/2689/216
f 560/2689/216 2217/2688/2148 2219/2690/2149
f 560/2689/216 2219/2690/2150 561/2691/215
f 561/2691/215 2219/2690/2149 2221/2692/2151
f 561/2691/215 2221/2692/2151 562/2693/94
f 562/2693/94 2221/2692/2151 2223/2694/2152
f 562/2693/94 2223/2694/2152 563/2695/214
f 563/2695/214 2223/2694/2152 2225/2696/2153
f 563/2695/214 2225/2696/2153 564/2697/213
f 564/2697/213 2225/2696/2153 2227/2698/2154
f 564/2697/213 2227/2698/2155 565/2699/212
f 565/2699/212 2227/2698/2156 2229/2700/2157
f 565/2699/212 2229/2700/2158 566/2701/211
f 566/2701/211 2229/2700/2157 2231/2702/2159
f 566/2701/2160 2231/2702/2159 567/2703/210
f 567/2703/210 2231/2702/2159 2233/2704/2161
f 567/2703/210 2233/2704/2161 568/2705/209
f 568/2705/209 2233/2704/2161 2235/2706/2162
f 568/2705/209 2235/2706/2162 569/2707/208
f 569/2707/208 2235/2706/2163 2237/2708/2164
f 569/2707/208 2237/2708/2164 570/2709/207
f 570/2709/207 2237/2708/2164 2239/2710/2165
f 570/2709/207 2239/2710/2165 571/2711/2166
f 571/2711/206 2239/2710/2165 2241/2712/2167
f 571/2711/206 2241/2712/2168 572/2713/205
f 572/2713/205 2241/2712/2168 2243/2714/2169
f 572/2713/205 2243/2714/2169 573/2715/204
f 573/2715/204 2243/2714/2169 2245/2716/2170
f 573/2715/204 2245/2716/2171 574/2612/203
f 574/2612/203 2245/2716/2171 2247/2613/2094
f 2180/2599/2083 2181/2666/2133 2196/2601/2084
f 2196/2601/2085 2181/2666/2133 2197/2664/2132
f 2196/2601/2085 2197/2664/2132 2194/2603/2087
f 2194/2603/2087 2197/2664/2132 2195/2662/2131
f 2194/2603/2087 2195/2662/2130 2192/2605/2088
f 2192/2605/2088 2195/2662/2130 2193/2660/2129
f 2192/2605/2088 2193/2660/2129 2190/2607/2089
f 2190/2607/2089 2193/2660/2129 2191/2658/2127
f 2190/2607/2089 2191/2658/2127 2188/2609/2090
f 2188/2609/2090 2191/2658/2127 2189/2656/2125
f 2188/2609/2090 2189/2656/2125 2186/2611/2172
f 2186/2611/2091 2189/2656/2125 2187/2654/2124
f 2186/2611/2091 2187/2654/2124 2182/2506/2009
f 2182/2506/2093 2187/2654/2124 2183/2652/2122
f 2182/2506/2009 2183/2652/2122 2185/2508/2010
f 2185/2508/2010 2183/2652/2122 2184/2650/2121
f 2185/2508/2010 2184/2650/2121 2282/2510/2012
f 2282/2510/2011 2184/2650/2121 2283/2648/2173
f 2282/2510/2012 2283/2648/2119 2280/2512/2013
f 2280/2512/2013 2283/2648/2119 2281/2646/2174
f 2280/2512/2013 2281/2646/2174 2278/2514/2016
f 2278/2514/2016 2281/2646/2118 2279/2644/2117
f 2278/2514/2014 2279/2644/2117 2276/2516/2017
f 2276/2516/2017 2279/2644/2116 2277/2642/2114
f 2276/2516/2018 2277/2642/2114 2274/2518/2019
f 2274/2518/2019 2277/2642/2114 2275/2640/2113
f 2274/2518/2019 2275/2640/2113 2272/2520/2020
f 2272/2520/2020 2275/2640/2113 2273/2638/2112
f 2272/2520/2020 2273/2638/2112 2270/2522/2022
f 2270/2522/2022 2273/2638/2112 2271/2636/2110
f 2270/2522/2022 2271/2636/2111 2268/2524/2025
f 2268/2524/2025 2271/2636/2111 2269/2634/2108
f 2268/2524/2025 2269/2634/2108 2266/2526/2027
f 2266/2526/2026 2269/2634/2108 2267/2632/2106
f 2266/2526/2027 2267/2632/2106 2264/2528/2028
f 2264/2528/2028 2267/2632/2106 2265/2630/2104
f 2264/2528/2028 2265/2630/2104 2262/2530/2029
f 2262/2530/2031 2265/2630/2104 2263/2628/2103
f 2262/2530/2031 2263/2628/2103 2260/2532/2033
f 2260/2532/2175 2263/2628/2103 2261/2626/2102
f 2260/2532/2175 2261/2626/2102 2258/2534/2034
f 2258/2534/2034 2261/2626/2102 2259/2624/2101
f 2258/2534/2034 2259/2624/2101 2256/2536/2035
f 2256/2536/2035 2259/2624/2101 2257/2622/2099
f 2256/2536/2176 2257/2622/2099 2254/2538/2036
f 2254/2538/2036 2257/2622/2099 2255/2620/2098
f 2254/2538/2036 2255/2620/2098 2252/2540/2037
f 2252/2540/2037 2255/2620/2177 2253/2618/2096
f 2252/2540/2178 2253/2618/2097 2250/2542/2039
f 2250/2542/2039 2253/2618/2096 2251/2616/2095
f 2250/2542/2040 2251/2616/2095 2248/2544/1797
f 2248/2544/1797 2251/2616/2095 2249/2614/1725
f 2248/2544/1797 2249/2614/1725 2246/2546/2041
f 2246/2546/2042 2249/2614/1725 2247/2613/2094
f 2246/2546/2042 2247/2613/2094 2244/2548/2044
f 2244/2548/2044 2247/2613/2094 2245/2716/2171
f 2244/2548/2044 2245/2716/2170 2242/2550/2045
f 2242/2550/2045 2245/2716/2170 2243/2714/2169
f 2242/2550/2045 2243/2714/2169 2240/2552/2046
f 2240/2552/2046 2243/2714/2169 2241/2712/2167
f 2240/2552/2046 2241/2712/2167 2238/2554/2047
f 2238/2554/2047 2241/2712/2167 2239/2710/2165
f 2238/2554/2047 2239/2710/2165 2236/2556/2179
f 2236/2556/2048 2239/2710/2165 2237/2708/2164
f 2236/2556/2048 2237/2708/2164 2234/2558/2051
f 2234/2558/2050 2237/2708/2164 2235/2706/2162
f 2234/2558/2051 2235/2706/2162 2232/2560/2052
f 2232/2560/2052 2235/2706/2162 2233/2704/2161
f 2232/2560/2052 2233/2704/2161 2230/2562/2054
f 2230/2562/2053 2233/2704/2161 2231/2702/2180
f 2230/2562/2054 2231/2702/2159 2228/2564/2055
f 2228/2564/2055 2231/2702/2159 2229/2700/2158
f 2228/2564/2055 2229/2700/2158 2226/2566/2058
f 2226/2566/2058 2229/2700/2157 2227/2698/2156
f 2226/2566/2056 2227/2698/2156 2224/2568/2059
f 2224/2568/2059 2227/2698/2155 2225/2696/2153
f 2224/2568/2060 2225/2696/2153 2222/2570/2061
f 2222/2570/2061 2225/2696/2153 2223/2694/2152
f 2222/2570/2061 2223/2694/2152 2220/2572/2062
f 2220/2572/2062 2223/2694/2152 2221/2692/2151
f 2220/2572/2062 2221/2692/2151 2218/2574/2064
f 2218/2574/2064 2221/2692/2151 2219/2690/2149
f 2218/2574/2064 2219/2690/2150 2216/2576/2067
f 2216/2576/2067 2219/2690/2150 2217/2688/2147
f 2216/2576/2067 2217/2688/2147 2214/2578/2069
f 2214/2578/2068 2217/2688/2147 2215/2686/2145
f 2214/2578/2069 2215/2686/2145 2212/2580/2070
f 2212/2580/2070 2215/2686/2145 2213/2684/2143
f 2212/2580/2070 2213/2684/2143 2210/2582/2071
f 2210/2582/2073 2213/2684/2143 2211/2682/2142
f 2210/2582/2073 2211/2682/2142 2208/2584/2075
f 2208/2584/2181 2211/2682/2142 2209/2680/2141
f 2208/2584/2181 2209/2680/2141 2206/2586/2076
f 2206/2586/2076 2209/2680/2141 2207/2678/2140
f 2206/2586/2076 2207/2678/2140 2204/2588/2077
f 2204/2588/2077 2207/2678/2140 2205/2676/2138
f 2204/2588/2182 2205/2676/2138 2202/2590/2078
f 2202/2590/2078 2205/2676/2138 2203/2674/2137
f 2202/2590/2078 2203/2674/2137 2200/2592/2079
f 2200/2592/2079 2203/2674/2183 2201/2672/2135
f 2200/2592/2184 2201/2672/2136 2198/2594/2081
f 2198/2594/2081 2201/2672/2135 2199/2670/2134
f 2198/2594/2082 2199/2670/2134 2180/2596/2083
f 2180/2596/2083 2199/2670/2134 2181/2668/2133
f 626/2615/202 2286/2717/2185 575/466/176
f 575/466/176 2286/2717/2185 2289/2718/1954
f 575/466/176 2289/2718/1954 576/2612/203
f 576/2612/203 2289/2718/1954 2386/2719/2186
f 576/2612/203 2386/2719/2186 577/2715/204
f 577/2715/204 2386/2719/2186 2384/2720/2187
f 577/2715/204 2384/2720/2187 578/2713/205
f 578/2713/205 2384/2720/2188 2382/2721/2189
f 578/2713/205 2382/2721/2189 579/2711/206
f 579/2711/206 2382/2721/2189 2380/2722/2190
f 579/2711/2166 2380/2722/2190 580/2709/207
f 580/2709/207 2380/2722/2191 2378/2723/2192
f 580/2709/207 2378/2723/2192 581/2707/208
f 581/2707/208 2378/2723/2192 2376/2724/2193
f 581/2707/208 2376/2724/2193 582/2705/209
f 582/2705/209 2376/2724/2193 2374/2725/2194
f 582/2705/209 2374/2725/2194 583/2703/210
f 583/2703/210 2374/2725/2194 2372/2726/2195
f 583/2703/210 2372/2726/2195 584/2701/2160
f 584/2701/211 2372/2726/2195 2370/2727/2196
f 584/2701/211 2370/2727/2196 585/2699/212
f 585/2699/212 2370/2727/2197 2368/2728/2198
f 585/2699/212 2368/2728/2198 586/2697/213
f 586/2697/213 2368/2728/2199 2366/2729/2200
f 586/2697/213 2366/2729/2201 587/2695/214
f 587/2695/214 2366/2729/2200 2364/2730/2202
f 587/2695/214 2364/2730/2202 588/2693/94
f 588/2693/94 2364/2730/2202 2362/2731/2203
f 588/2693/94 2362/2731/2203 589/2691/215
f 589/2691/215 2362/2731/2203 2360/2732/2204
f 589/2691/215 2360/2732/2204 590/2689/216
f 590/2689/216 2360/2732/2204 2358/2733/2205
f 590/2689/216 2358/2733/2206 591/2687/217
f 591/2687/217 2358/2733/2206 2356/2734/2207
f 591/2687/217 2356/2734/2207 592/2685/218
f 592/2685/218 2356/2734/2207 2354/2735/2208
f 592/2685/218 2354/2735/2208 593/2683/219
f 593/2683/219 2354/2735/2208 2352/2736/2209
f 593/2683/219 2352/2736/2209 594/2681/220
f 594/2681/220 2352/2736/2209 2350/2737/2210
f 594/2681/220 2350/2737/2210 595/2679/221
f 595/2679/221 2350/2737/2211 2348/2738/2212
f 595/2679/221 2348/2738/2212 596/2677/222
f 596/2677/222 2348/2738/2212 2346/2739/2213
f 596/2677/222 2346/2739/2213 597/2675/103
f 597/2675/104 2346/2739/2214 2344/2740/2215
f 597/2675/104 2344/2740/2215 598/2673/223
f 598/2673/223 2344/2740/2215 2342/2741/2216
f 598/2673/223 2342/2741/2216 599/2671/224
f 599/2671/224 2342/2741/2216 2340/2742/2217
f 599/2671/224 2340/2742/2218 600/2669/225
f 600/2669/225 2340/2742/2218 2338/2743/2219
f 600/2669/225 2338/2743/2219 601/2667/120
f 601/2667/120 2338/2743/2219 2284/2744/2220
f 601/2665/120 2284/2745/2220 602/2663/226
f 602/2663/226 2284/2745/2220 2336/2746/2221
f 602/2663/226 2336/2746/2221 603/2661/227
f 603/2661/227 2336/2746/2221 2334/2747/2222
f 603/2661/227 2334/2747/2222 604/2659/228
f 604/2659/228 2334/2747/2223 2332/2748/2224
f 604/2659/228 2332/2748/2224 605/2657/229
f 605/2657/229 2332/2748/2224 2330/2749/2225
f 605/2657/2126 2330/2749/2225 606/2655/230
f 606/2655/230 2330/2749/2226 2328/2750/2227
f 606/2655/230 2328/2750/2227 607/2653/231
f 607/2653/231 2328/2750/2227 2326/2751/2228
f 607/2653/231 2326/2751/2228 608/2651/232
f 608/2651/232 2326/2751/2228 2324/2752/2229
f 608/2651/232 2324/2752/2229 609/2649/233
f 609/2649/233 2324/2752/2229 2322/2753/2230
f 609/2649/233 2322/2753/2230 610/2647/2120
f 610/2647/234 2322/2753/2230 2320/2754/2231
f 610/2647/234 2320/2754/2231 611/2645/235
f 611/2645/235 2320/2754/2232 2318/2755/2233
f 611/2645/235 2318/2755/2233 612/2643/236
f 612/2643/236 2318/2755/2234 2316/2756/2235
f 612/2643/236 2316/2756/2236 613/2641/237
f 613/2641/237 2316/2756/2235 2314/2757/2237
f 613/2641/237 2314/2757/2237 614/2639/93
f 614/2639/93 2314/2757/2237 2312/2758/2238
f 614/2639/93 2312/2758/2238 615/2637/238
f 615/2637/238 2312/2758/2238 2310/2759/2239
f 615/2637/238 2310/2759/2239 616/2635/239
f 616/2635/239 2310/2759/2239 2308/2760/2240
f 616/2635/239 2308/2760/2241 617/2633/240
f 617/2633/240 2308/2760/2241 2306/2761/2242
f 617/2633/240 2306/2761/2243 618/2631/241
f 618/2631/241 2306/2761/2242 2304/2762/2244
f 618/2631/241 2304/2762/2244 619/2629/242
f 619/2629/242 2304/2762/2244 2302/2763/2245
f 619/2629/242 2302/2763/2245 620/2627/243
f 620/2627/243 2302/2763/2245 2300/2764/2246
f 620/2627/243 2300/2764/2246 621/2625/244
f 621/2625/244 2300/2764/2247 2298/2765/2248
f 621/2625/244 2298/2765/2248 622/2623/245
f 622/2623/245 2298/2765/2248 2296/2766/2249
f 622/2623/245 2296/2766/2249 623/2621/1569
f 623/2621/194 2296/2766/2250 2294/2767/2251
f 623/2621/194 2294/2767/2251 624/2619/246
f 624/2619/246 2294/2767/2251 2292/2768/2252
f 624/2619/246 2292/2768/2252 625/2617/247
f 625/2617/247 2292/2768/2252 2290/2769/2253
f 625/2617/247 2290/2769/2254 626/2615/202
f 626/2615/202 2290/2769/2254 2286/2717/2185
f 48/2770/1 2325/2771/2255 49/2772/1
f 49/2772/1 2325/2771/2256 2327/2773/2257
f 49/2772/1 2327/2773/2257 76/2774/1
f 76/2774/1 2327/2773/2258 2329/2775/2259
f 76/2774/1 2329/2775/2259 77/2776/1
f 77/2776/1 2329/2775/2259 2331/2777/2260
f 77/2776/1 2331/2777/2261 78/2778/1
f 78/2778/1 2331/2777/2261 2333/2779/2262
f 78/2778/1 2333/2779/2262 79/2780/1
f 79/2780/1 2333/2779/2262 2335/2781/2263
f 79/2780/1 2335/2781/2263 80/2782/1
f 80/2782/1 2335/2781/2264 2337/2783/2265
f 80/2782/1 2337/2783/2266 81/2784/1
f 81/2784/1 2337/2783/2266 2285/2785/2267
f 81/2784/1 2285/2785/2267 82/2786/1
f 82/2787/1 2285/2788/2267 103/2789/1
f 103/2789/1 2285/2788/2267 2339/2790/2268
f 103/2789/1 2339/2790/2269 104/2791/1
f 104/2791/1 2339/2790/2269 2341/2792/2270
f 104/2791/1 2341/2792/2271 105/2793/1
f 105/2793/1 2341/2792/2271 2343/2794/2272
f 105/2793/1 2343/2794/2272 106/2795/1
f 106/2795/1 2343/2794/2272 2345/2796/2273
f 106/2795/1 2345/2796/2273 107/2797/1
f 107/2797/1 2345/2796/2274 2347/2798/2275
f 107/2797/1 2347/2798/2275 108/2799/1
f 108/2799/1 2347/2798/2275 2349/2800/2276
f 108/2799/1 2349/2800/2277 109/2801/1
f 109/2801/1 2349/2800/2277 2351/2802/2278
f 109/2801/1 2351/2802/2279 130/2803/1
f 130/2803/1 2351/2802/2278 2353/2804/2280
f 130/2803/1 2353/2804/2280 131/2805/1
f 131/2805/1 2353/2804/2280 2355/2806/2281
f 131/2805/1 2355/2806/2281 132/2807/1
f 132/2807/1 2355/2806/2281 2357/2808/2282
f 132/2807/1 2357/2808/2282 133/2809/1
f 133/2809/1 2357/2808/2282 2359/2810/2283
f 133/2809/1 2359/2810/2284 134/2811/1
f 134/2811/1 2359/2810/2284 2361/2812/2285
f 134/2811/1 2361/2812/2285 135/2813/1
f 135/2813/1 2361/2812/2285 2363/2814/2286
f 135/2813/1 2363/2814/2286 136/2815/1
f 136/2815/1 2363/2814/2286 2365/2816/2287
f 136/2815/1 2365/2816/2287 137/2817/1
f 137/2817/1 2365/2816/2287 2367/2818/2288
f 137/2817/1 2367/2818/2288 138/2819/1
f 138/2819/1 2367/2818/2289 2369/2820/2290
f 138/2819/1 2369/2820/2290 139/2821/1
f 139/2821/1 2369/2820/2290 2371/2822/2291
f 139/2821/1 2371/2822/2291 140/2823/1
f 140/2823/1 2371/2822/2291 2373/2824/2292
f 140/2823/1 2373/2824/2292 141/2825/1
f 141/2825/1 2373/2824/2292 2375/2826/2293
f 141/2825/1 2375/2826/2294 142/2827/1
f 142/2827/1 2375/2826/2293 2377/2828/2295
f 142/2827/1 2377/2828/2295 187/2829/1
f 187/2829/1 2377/2828/2296 2379/2830/2297
f 187/2829/1 2379/2830/2297 188/2831/1
f 188/2831/1 2379/2830/2297 2381/2832/2298
f 188/2831/1 2381/2832/2299 189/2833/1
f 189/2833/1 2381/2832/2299 2383/2834/2300
f 189/2833/1 2383/2834/2300 190/2835/1
f 190/2835/1 2383/2834/2300 2385/2836/2301
f 190/2835/1 2385/2836/2301 191/2837/1
f 191/2837/1 2385/2836/2301 2387/2838/2302
f 191/2837/1 2387/2838/2303 192/2839/1
f 192/2839/1 2387/2838/2303 2288/2840/1878
f 192/2839/1 2288/2840/1878 9/2340/1
f 9/2340/1 2288/2840/1878 10/2841/1
f 10/2841/1 2288/2840/1878 2287/2842/2304
f 10/2841/1 2287/2842/2305 11/2843/1
f 11/2843/1 2287/2842/2305 2291/2844/2306
f 11/2843/1 2291/2844/2307 12/2845/1
f 12/2845/1 2291/2844/2307 2293/2846/2308
f 12/2845/1 2293/2846/2308 13/2847/1
f 13/2847/1 2293/2846/2308 2295/2848/2309
f 13/2847/1 2295/2848/2309 14/2849/1
f 14/2849/1 2295/2848/2310 2297/2850/2311
f 14/2849/1 2297/2850/2311 15/2851/1
f 15/2851/1 2297/2850/2311 2299/2852/2312
f 15/2851/1 2299/2852/2313 16/2853/1
f 16/2853/1 2299/2852/2313 2301/2854/2314
f 16/2853/1 2301/2854/2315 37/2855/1
f 37/2855/1 2301/2854/2314 2303/2856/2316
f 37/2855/1 2303/2856/2316 38/2857/1
f 38/2857/1 2303/2856/2316 2305/2858/2317
f 38/2857/1 2305/2858/2317 39/2859/1
f 39/2859/1 2305/2858/2317 2307/2860/2318
f 39/2859/1 2307/2860/2318 40/2861/1
f 40/2861/1 2307/2860/2318 2309/2862/2319
f 40/2861/1 2309/2862/2320 41/2863/1
f 41/2863/1 2309/2862/2320 2311/2864/2321
f 41/2863/1 2311/2864/2321 42/2865/1
f 42/2865/1 2311/2864/2321 2313/2866/2322
f 42/2865/1 2313/2866/2322 43/2867/1
f 43/2867/1 2313/2866/2322 2315/2868/2323
f 43/2867/1 2315/2868/2323 44/2869/1
f 44/2869/1 2315/2868/2323 2317/2870/2324
f 44/2869/1 2317/2870/2324 45/2871/1
f 45/2871/1 2317/2870/2325 2319/2872/2326
f 45/2871/1 2319/2872/2326 46/2873/1
f 46/2873/1 2319/2872/2326 2321/2874/2327
f 46/2873/1 2321/2874/2327 47/2875/1
f 47/2875/1 2321/2874/2327 2323/2876/2328
f 47/2875/1 2323/2876/2328 48/2770/1
f 48/2770/1 2323/2876/2328 2325/2771/2256
f 2284/2745/2220 2285/2785/2267 2336/2746/2221
f 2336/2746/2221 2285/2785/2267 2337/2783/2265
f 2336/2746/2221 2337/2783/2266 2334/2747/2222
f 2334/2747/2222 2337/2783/2266 2335/2781/2264
f 2334/2747/2222 2335/2781/2263 2332/2748/2329
f 2332/2748/2224 2335/2781/2264 2333/2779/2262
f 2332/2748/2224 2333/2779/2262 2330/2749/2226
f 2330/2749/2225 2333/2779/2262 2331/2777/2261
f 2330/2749/2225 2331/2777/2261 2328/2750/2227
f 2328/2750/2227 2331/2777/2261 2329/2775/2259
f 2328/2750/2227 2329/2775/2259 2326/2751/2228
f 2326/2751/2228 2329/2775/2259 2327/2773/2258
f 2326/2751/2228 2327/2773/2258 2324/2752/2229
f 2324/2752/2229 2327/2773/2330 2325/2771/2256
f 2324/2752/2229 2325/2771/2255 2322/2753/2230
f 2322/2753/2230 2325/2771/2331 2323/2876/2328
f 2322/2753/2230 2323/2876/2328 2320/2754/2231
f 2320/2754/2231 2323/2876/2332 2321/2874/2333
f 2320/2754/2231 2321/2874/2327 2318/2755/2233
f 2318/2755/2233 2321/2874/2333 2319/2872/2326
f 2318/2755/2233 2319/2872/2326 2316/2756/2236
f 2316/2756/2236 2319/2872/2326 2317/2870/2324
f 2316/2756/2235 2317/2870/2324 2314/2757/2237
f 2314/2757/2237 2317/2870/2324 2315/2868/2323
f 2314/2757/2237 2315/2868/2323 2312/2758/2238
f 2312/2758/2238 2315/2868/2323 2313/2866/2322
f 2312/2758/2238 2313/2866/2322 2310/2759/2239
f 2310/2759/2239 2313/2866/2322 2311/2864/2321
f 2310/2759/2239 2311/2864/2334 2308/2760/2335
f 2308/2760/2335 2311/2864/2334 2309/2862/2336
f 2308/2760/2241 2309/2862/2320 2306/2761/2242
f 2306/2761/2243 2309/2862/2320 2307/2860/2318
f 2306/2761/2243 2307/2860/2318 2304/2762/2244
f 2304/2762/2244 2307/2860/2318 2305/2858/2317
f 2304/2762/2244 2305/2858/2337 2302/2763/2245
f 2302/2763/2338 2305/2858/2317 2303/2856/2316
f 2302/2763/2245 2303/2856/2316 2300/2764/2246
f 2300/2764/2246 2303/2856/2316 2301/2854/2339
f 2300/2764/2246 2301/2854/2314 2298/2765/2248
f 2298/2765/2248 2301/2854/2339 2299/2852/2313
f 2298/2765/2248 2299/2852/2313 2296/2766/2249
f 2296/2766/2249 2299/2852/2312 2297/2850/2311
f 2296/2766/2249 2297/2850/2311 2294/2767/2251
f 2294/2767/2251 2297/2850/2311 2295/2848/2310
f 2294/2767/2251 2295/2848/2309 2292/2768/2340
f 2292/2768/2340 2295/2848/2309 2293/2846/2308
f 2292/2768/2252 2293/2846/2308 2290/2769/2254
f 2290/2769/2253 2293/2846/2308 2291/2844/2307
f 2290/2769/2254 2291/2844/2307 2286/2717/2185
f 2286/2717/2185 2291/2844/2307 2287/2842/2304
f 2286/2717/2185 2287/2842/2305 2289/2718/1954
f 2289/2718/1954 2287/2842/2305 2288/2840/1878
f 2289/2718/1954 2288/2840/1878 2386/2719/2186
f 2386/2719/2186 2288/2840/1878 2387/2838/2302
f 2386/2719/2186 2387/2838/2303 2384/2720/2187
f 2384/2720/2187 2387/2838/2303 2385/2836/2341
f 2384/2720/2187 2385/2836/2301 2382/2721/2342
f 2382/2721/2189 2385/2836/2341 2383/2834/2300
f 2382/2721/2189 2383/2834/2300 2380/2722/2191
f 2380/2722/2190 2383/2834/2300 2381/2832/2299
f 2380/2722/2190 2381/2832/2299 2378/2723/2192
f 2378/2723/2192 2381/2832/2299 2379/2830/2297
f 2378/2723/2192 2379/2830/2297 2376/2724/2193
f 2376/2724/2193 2379/2830/2297 2377/2828/2296
f 2376/2724/2193 2377/2828/2296 2374/2725/2194
f 2374/2725/2194 2377/2828/2343 2375/2826/2293
f 2374/2725/2194 2375/2826/2294 2372/2726/2195
f 2372/2726/2195 2375/2826/2344 2373/2824/2292
f 2372/2726/2195 2373/2824/2292 2370/2727/2196
f 2370/2727/2196 2373/2824/2345 2371/2822/2346
f 2370/2727/2196 2371/2822/2291 2368/2728/2198
f 2368/2728/2198 2371/2822/2346 2369/2820/2290
f 2368/2728/2198 2369/2820/2290 2366/2729/2201
f 2366/2729/2201 2369/2820/2290 2367/2818/2288
f 2366/2729/2200 2367/2818/2288 2364/2730/2202
f 2364/2730/2202 2367/2818/2288 2365/2816/2287
f 2364/2730/2202 2365/2816/2287 2362/2731/2203
f 2362/2731/2203 2365/2816/2287 2363/2814/2286
f 2362/2731/2203 2363/2814/2286 2360/2732/2204
f 2360/2732/2204 2363/2814/2286 2361/2812/2285
f 2360/2732/2204 2361/2812/2347 2358/2733/2348
f 2358/2733/2348 2361/2812/2347 2359/2810/2349
f 2358/2733/2206 2359/2810/2284 2356/2734/2207
f 2356/2734/2350 2359/2810/2284 2357/2808/2282
f 2356/2734/2350 2357/2808/2282 2354/2735/2208
f 2354/2735/2208 2357/2808/2282 2355/2806/2281
f 2354/2735/2208 2355/2806/2351 2352/2736/2209
f 2352/2736/2352 2355/2806/2281 2353/2804/2280
f 2352/2736/2209 2353/2804/2280 2350/2737/2210
f 2350/2737/2210 2353/2804/2280 2351/2802/2353
f 2350/2737/2210 2351/2802/2278 2348/2738/2212
f 2348/2738/2212 2351/2802/2353 2349/2800/2277
f 2348/2738/2212 2349/2800/2277 2346/2739/2213
f 2346/2739/2213 2349/2800/2276 2347/2798/2275
f 2346/2739/2213 2347/2798/2275 2344/2740/2215
f 2344/2740/2215 2347/2798/2275 2345/2796/2274
f 2344/2740/2215 2345/2796/2273 2342/2741/2354
f 2342/2741/2354 2345/2796/2273 2343/2794/2272
f 2342/2741/2216 2343/2794/2272 2340/2742/2218
f 2340/2742/2217 2343/2794/2272 2341/2792/2271
f 2340/2742/2218 2341/2792/2271 2338/2743/2219
f 2338/2743/2219 2341/2792/2271 2339/2790/2268
f 2338/2743/2219 2339/2790/2269 2284/2744/2220
f 2284/2744/2220 2339/2790/2269 2285/2788/2267
f 161/2877/1 2390/2878/2355 117/2879/1
f 117/2879/1 2390/2878/2355 2393/2880/2356
f 117/2879/1 2393/2880/2356 118/2881/1
f 118/2881/1 2393/2880/2356 2480/2882/2357
f 118/2881/1 2480/2882/2357 119/2883/1
f 119/2883/1 2480/2882/2357 2478/2884/2358
f 119/2883/1 2478/2884/2358 120/2885/1
f 120/2885/1 2478/2884/2358 2476/2886/2359
f 120/2885/1 2476/2886/2359 121/2887/1
f 121/2887/1 2476/2886/2359 2474/2888/2360
f 121/2887/1 2474/2888/2361 122/2889/1
f 122/2889/1 2474/2888/2361 2388/2890/2267
f 122/2889/1 2388/2890/2267 90/2891/1
f 90/2892/1 2388/2893/2267 91/2894/1
f 91/2894/1 2388/2893/2267 2472/2895/2362
f 91/2894/1 2472/2895/2362 92/2896/1
f 92/2896/1 2472/2895/2363 2470/2897/2364
f 92/2896/1 2470/2897/2364 93/2898/1
f 93/2898/1 2470/2897/2364 2468/2899/2365
f 93/2898/1 2468/2899/2365 94/2900/1
f 94/2900/1 2468/2899/2365 2466/2901/2366
f 94/2900/1 2466/2901/2366 95/2902/1
f 95/2902/1 2466/2901/2366 2464/2903/2367
f 95/2902/1 2464/2903/2367 57/2904/1
f 57/2904/1 2464/2903/2367 2462/2905/2368
f 57/2904/1 2462/2905/2368 58/2906/1
f 58/2906/1 2462/2905/2368 2460/2907/2369
f 58/2906/1 2460/2907/2370 59/2908/1
f 59/2908/1 2460/2907/2370 2458/2909/2371
f 59/2908/1 2458/2909/2371 60/2910/1
f 60/2910/1 2458/2909/2371 2456/2911/2372
f 60/2910/1 2456/2911/2372 61/2912/1
f 61/2912/1 2456/2911/2372 2454/2913/2373
f 61/2912/1 2454/2913/2373 62/2914/1
f 62/2914/1 2454/2913/2373 2452/2915/2374
f 62/2914/1 2452/2915/2374 63/2916/1
f 63/2916/1 2452/2915/2374 2450/2917/2375
f 63/2916/1 2450/2917/2375 64/2918/1
f 64/2918/1 2450/2917/2375 2448/2919/2376
f 64/2918/1 2448/2919/2377 65/2920/1
f 65/2920/1 2448/2919/2376 2446/2921/2378
f 65/2920/1 2446/2921/2378 66/2922/1
f 66/2922/1 2446/2921/2379 2444/2923/2380
f 66/2922/1 2444/2923/2381 67/2924/1
f 67/2924/1 2444/2923/2381 2442/2925/2382
f 67/2924/1 2442/2925/2383 68/2926/1
f 68/2926/1 2442/2925/2384 2440/2927/2385
f 68/2926/1 2440/2927/2385 24/2928/1
f 24/2928/1 2440/2927/2385 2438/2929/2386
f 24/2928/1 2438/2929/2386 25/2930/1
f 25/2930/1 2438/2929/2386 2436/2931/2387
f 25/2930/1 2436/2931/2387 26/2932/1
f 26/2932/1 2436/2931/2387 2434/2933/2388
f 26/2932/1 2434/2933/2389 27/2934/1
f 27/2934/1 2434/2933/2389 2432/2935/2390
f 27/2934/1 2432/2935/2390 28/2936/1
f 28/2936/1 2432/2935/2390 2430/2937/2391
f 28/2936/1 2430/2937/2391 29/2938/1
f 29/2938/1 2430/2937/2391 2428/2939/2392
f 29/2938/1 2428/2939/2392 1/2340/1
f 1/2340/1 2428/2939/2392 2426/2940/2393
f 1/2340/1 2426/2940/2393 200/2941/1
f 200/2941/1 2426/2940/2393 2424/2942/2394
f 200/2941/1 2424/2942/2394 201/2943/1
f 201/2943/1 2424/2942/2394 2422/2944/2395
f 201/2943/1 2422/2944/2395 202/2945/1
f 202/2945/1 2422/2944/2395 2420/2946/2396
f 202/2945/1 2420/2946/2396 203/2947/1
f 203/2947/1 2420/2946/2397 2418/2948/2398
f 203/2947/1 2418/2948/2398 204/2949/1
f 204/2949/1 2418/2948/2398 2416/2950/2399
f 204/2949/1 2416/2950/2399 150/2951/1
f 150/2951/1 2416/2950/2399 2414/2952/2400
f 150/2951/1 2414/2952/2400 151/2953/1
f 151/2953/1 2414/2952/2400 2412/2954/2401
f 151/2953/1 2412/2954/2402 152/2955/1
f 152/2955/1 2412/2954/2403 2410/2956/2404
f 152/2955/1 2410/2956/2404 153/2957/1
f 153/2957/1 2410/2956/2405 2408/2958/2406
f 153/2957/1 2408/2958/2407 154/2959/1
f 154/2959/1 2408/2958/2407 2406/2960/2408
f 154/2959/1 2406/2960/2409 155/2961/1
f 155/2961/1 2406/2960/2408 2404/2962/2410
f 155/2961/1 2404/2962/2410 156/2963/1
f 156/2963/1 2404/2962/2410 2402/2964/2411
f 156/2963/1 2402/2964/2411 157/2965/1
f 157/2965/1 2402/2964/2411 2400/2966/2412
f 157/2965/1 2400/2966/2412 158/2967/1
f 158/2967/1 2400/2966/2412 2398/2968/2413
f 158/2967/1 2398/2968/2413 159/2969/1
f 159/2969/1 2398/2968/2413 2396/2970/2414
f 159/2969/1 2396/2970/2414 160/2971/1
f 160/2971/1 2396/2970/2414 2394/2972/2415
f 160/2971/1 2394/2972/2415 161/2877/1
f 161/2877/1 2394/2972/2416 2390/2878/2355
f 687/2973/249 2427/2974/2417 641/1899/176
f 641/1899/176 2427/2974/2417 2429/2975/2418
f 641/1899/176 2429/2975/2418 642/2976/248
f 642/2976/248 2429/2975/2419 2431/2977/2420
f 642/2976/248 2431/2977/2420 643/2978/305
f 643/2978/305 2431/2977/2420 2433/2979/2421
f 643/2978/305 2433/2979/2421 644/2980/304
f 644/2980/303 2433/2979/2421 2435/2981/2422
f 644/2980/303 2435/2981/2423 645/2982/302
f 645/2982/302 2435/2981/2423 2437/2983/2424
f 645/2982/302 2437/2983/2424 646/2984/301
f 646/2984/300 2437/2983/2425 2439/2985/2426
f 646/2984/300 2439/2985/2426 647/2986/299
f 647/2986/299 2439/2985/2426 2441/2987/2427
f 647/2986/299 2441/2987/2427 648/2988/298
f 648/2988/298 2441/2987/2427 2443/2989/2428
f 648/2988/298 2443/2989/2428 649/2990/297
f 649/2990/296 2443/2989/2428 2445/2991/2429
f 649/2990/296 2445/2991/2430 650/2992/295
f 650/2992/295 2445/2991/2430 2447/2993/2431
f 650/2992/295 2447/2993/2431 651/2994/294
f 651/2994/294 2447/2993/2432 2449/2995/2433
f 651/2994/294 2449/2995/2433 652/2996/293
f 652/2996/293 2449/2995/2434 2451/2997/2435
f 652/2996/293 2451/2997/2436 653/2998/292
f 653/2998/292 2451/2997/2436 2453/2999/2437
f 653/2998/292 2453/2999/2437 654/3000/291
f 654/3000/291 2453/2999/2437 2455/3001/2438
f 654/3000/2439 2455/3001/2440 655/3002/290
f 655/3002/290 2455/3001/2440 2457/3003/2441
f 655/3002/290 2457/3003/2442 656/3004/289
f 656/3004/289 2457/3003/2442 2459/3005/2443
f 656/3004/2444 2459/3005/2443 657/3006/288
f 657/3006/288 2459/3005/2445 2461/3007/2446
f 657/3006/288 2461/3007/2446 658/3008/287
f 658/3008/286 2461/3007/2446 2463/3009/2447
f 658/3008/286 2463/3009/2448 659/3010/285
f 659/3010/284 2463/3009/2448 2465/3011/2449
f 659/3010/284 2465/3011/2449 660/3012/283
f 660/3012/2450 2465/3011/2449 2467/3013/2451
f 660/3012/282 2467/3013/2452 661/3014/281
f 661/3014/281 2467/3013/2452 2469/3015/2453
f 661/3014/281 2469/3015/2453 662/3016/280
f 662/3016/280 2469/3015/2453 2471/3017/2454
f 662/3016/280 2471/3017/2454 663/3018/279
f 663/3018/279 2471/3017/2454 2473/3019/2455
f 663/3018/279 2473/3019/2456 664/3020/278
f 664/3020/278 2473/3019/2456 2389/3021/2220
f 664/3020/278 2389/3021/2220 665/3022/277
f 665/3023/277 2389/3024/2220 2475/3025/2457
f 665/3023/277 2475/3025/2457 666/3026/276
f 666/3026/276 2475/3025/2458 2477/3027/2459
f 666/3026/276 2477/3027/2459 667/3028/275
f 667/3028/275 2477/3027/2459 2479/3029/2460
f 667/3028/275 2479/3029/2460 668/3030/274
f 668/3030/274 2479/3029/2460 2481/3031/2461
f 668/3030/274 2481/3031/2461 669/3032/273
f 669/3032/2462 2481/3031/2463 2392/3033/2464
f 669/3032/272 2392/3033/2464 670/3034/271
f 670/3034/271 2392/3033/2464 2391/3035/2465
f 670/3034/270 2391/3035/2465 671/3036/269
f 671/3036/269 2391/3035/2466 2395/3037/2467
f 671/3036/268 2395/3037/2467 672/3038/267
f 672/3038/267 2395/3037/2467 2397/3039/2468
f 672/3038/267 2397/3039/2469 673/3040/2470
f 673/3040/266 2397/3039/2469 2399/3041/2471
f 673/3040/266 2399/3041/2471 674/3042/265
f 674/3042/265 2399/3041/2472 2401/3043/2473
f 674/3042/265 2401/3043/2473 675/3044/2474
f 675/3044/264 2401/3043/2475 2403/3045/2476
f 675/3044/264 2403/3045/2476 676/3046/263
f 676/3046/263 2403/3045/2476 2405/3047/2477
f 676/3046/263 2405/3047/2477 677/3048/262
f 677/3048/262 2405/3047/2478 2407/3049/2479
f 677/3048/262 2407/3049/2480 678/3050/261
f 678/3050/261 2407/3049/2480 2409/3051/2481
f 678/3050/261 2409/3051/2482 679/3052/260
f 679/3052/260 2409/3051/2482 2411/3053/2483
f 679/3052/260 2411/3053/2483 680/3054/259
f 680/3054/259 2411/3053/2484 2413/3055/2485
f 680/3054/258 2413/3055/2485 681/3056/257
f 681/3056/257 2413/3055/2485 2415/3057/2486
f 681/3056/257 2415/3057/2486 682/3058/256
f 682/3058/256 2415/3057/2486 2417/3059/2487
f 682/3058/256 2417/3059/2487 683/3060/255
f 683/3060/255 2417/3059/2487 2419/3061/2488
f 683/3060/254 2419/3061/2489 684/3062/253
f 684/3062/253 2419/3061/2489 2421/3063/2490
f 684/3062/253 2421/3063/2490 685/3064/252
f 685/3064/252 2421/3063/2491 2423/3065/2492
f 685/3064/251 2423/3065/2492 686/3066/250
f 686/3066/250 2423/3065/2492 2425/3067/2493
f 686/3066/250 2425/3067/2493 687/2973/249
f 687/2973/249 2425/3067/2493 2427/2974/2494
f 2388/2893/2267 2389/3021/2220 2472/2895/2362
f 2472/2895/2362 2389/3021/2220 2473/3019/2456
f 2472/2895/2495 2473/3019/2456 2470/2897/2364
f 2470/2897/2364 2473/3019/2456 2471/3017/2496
f 2470/2897/2364 2471/3017/2496 2468/2899/2365
f 2468/2899/2365 2471/3017/2454 2469/3015/2453
f 2468/2899/2365 2469/3015/2453 2466/2901/2366
f 2466/2901/2366 2469/3015/2453 2467/3013/2452
f 2466/2901/2366 2467/3013/2452 2464/2903/2367
f 2464/2903/2367 2467/3013/2452 2465/3011/2449
f 2464/2903/2367 2465/3011/2449 2462/2905/2368
f 2462/2905/2368 2465/3011/2449 2463/3009/2448
f 2462/2905/2368 2463/3009/2447 2460/2907/2370
f 2460/2907/2370 2463/3009/2448 2461/3007/2446
f 2460/2907/2369 2461/3007/2446 2458/2909/2371
f 2458/2909/2371 2461/3007/2446 2459/3005/2443
f 2458/2909/2371 2459/3005/2443 2456/2911/2372
f 2456/2911/2372 2459/3005/2443 2457/3003/2442
f 2456/2911/2372 2457/3003/2497 2454/2913/2373
f 2454/2913/2373 2457/3003/2442 2455/3001/2440
f 2454/2913/2373 2455/3001/2440 2452/2915/2374
f 2452/2915/2374 2455/3001/2440 2453/2999/2437
f 2452/2915/2374 2453/2999/2437 2450/2917/2375
f 2450/2917/2375 2453/2999/2437 2451/2997/2498
f 2450/2917/2375 2451/2997/2436 2448/2919/2376
f 2448/2919/2376 2451/2997/2436 2449/2995/2434
f 2448/2919/2499 2449/2995/2433 2446/2921/2379
f 2446/2921/2379 2449/2995/2434 2447/2993/2431
f 2446/2921/2379 2447/2993/2432 2444/2923/2381
f 2444/2923/2500 2447/2993/2431 2445/2991/2430
f 2444/2923/2500 2445/2991/2501 2442/2925/2384
f 2442/2925/2382 2445/2991/2430 2443/2989/2428
f 2442/2925/2384 2443/2989/2428 2440/2927/2385
f 2440/2927/2385 2443/2989/2502 2441/2987/2503
f 2440/2927/2385 2441/2987/2427 2438/2929/2386
f 2438/2929/2386 2441/2987/2503 2439/2985/2426
f 2438/2929/2386 2439/2985/2426 2436/2931/2387
f 2436/2931/2387 2439/2985/2426 2437/2983/2424
f 2436/2931/2387 2437/2983/2424 2434/2933/2388
f 2434/2933/2389 2437/2983/2424 2435/2981/2422
f 2434/2933/2388 2435/2981/2423 2432/2935/2390
f 2432/2935/2390 2435/2981/2423 2433/2979/2421
f 2432/2935/2390 2433/2979/2421 2430/2937/2391
f 2430/2937/2391 2433/2979/2421 2431/2977/2420
f 2430/2937/2391 2431/2977/2420 2428/2939/2392
f 2428/2939/2392 2431/2977/2420 2429/2975/2418
f 2428/2939/2392 2429/2975/2418 2426/2940/2393
f 2426/2940/2393 2429/2975/2419 2427/2974/2494
f 2426/2940/2393 2427/2974/2417 2424/2942/2394
f 2424/2942/2394 2427/2974/2417 2425/3067/2493
f 2424/2942/2394 2425/3067/2493 2422/2944/2395
f 2422/2944/2395 2425/3067/2493 2423/3065/2492
f 2422/2944/2395 2423/3065/2492 2420/2946/2397
f 2420/2946/2396 2423/3065/2492 2421/3063/2490
f 2420/2946/2397 2421/3063/2491 2418/2948/2398
f 2418/2948/2398 2421/3063/2491 2419/3061/2489
f 2418/2948/2504 2419/3061/2489 2416/2950/2399
f 2416/2950/2399 2419/3061/2489 2417/3059/2487
f 2416/2950/2399 2417/3059/2487 2414/2952/2400
f 2414/2952/2400 2417/3059/2487 2415/3057/2486
f 2414/2952/2400 2415/3057/2486 2412/2954/2401
f 2412/2954/2402 2415/3057/2486 2413/3055/2485
f 2412/2954/2403 2413/3055/2485 2410/2956/2505
f 2410/2956/2405 2413/3055/2485 2411/3053/2483
f 2410/2956/2404 2411/3053/2483 2408/2958/2406
f 2408/2958/2406 2411/3053/2483 2409/3051/2482
f 2408/2958/2406 2409/3051/2482 2406/2960/2408
f 2406/2960/2506 2409/3051/2482 2407/3049/2479
f 2406/2960/2507 2407/3049/2479 2404/2962/2410
f 2404/2962/2410 2407/3049/2479 2405/3047/2477
f 2404/2962/2410 2405/3047/2508 2402/2964/2509
f 2402/2964/2509 2405/3047/2510 2403/3045/2476
f 2402/2964/2411 2403/3045/2476 2400/2966/2412
f 2400/2966/2412 2403/3045/2476 2401/3043/2473
f 2400/2966/2412 2401/3043/2473 2398/2968/2413
f 2398/2968/2413 2401/3043/2473 2399/3041/2511
f 2398/2968/2413 2399/3041/2471 2396/2970/2414
f 2396/2970/2414 2399/3041/2472 2397/3039/2469
f 2396/2970/2414 2397/3039/2468 2394/2972/2415
f 2394/2972/2415 2397/3039/2469 2395/3037/2467
f 2394/2972/2415 2395/3037/2467 2390/2878/2355
f 2390/2878/2355 2395/3037/2467 2391/3035/2466
f 2390/2878/2355 2391/3035/2466 2393/2880/2356
f 2393/2880/2356 2391/3035/2466 2392/3033/2464
f 2393/2880/2356 2392/3033/2464 2480/2882/2357
f 2480/2882/2357 2392/3033/2512 2481/3031/2461
f 2480/2882/2357 2481/3031/2461 2478/2884/2358
f 2478/2884/2358 2481/3031/2461 2479/3029/2460
f 2478/2884/2358 2479/3029/2460 2476/2886/2359
f 2476/2886/2359 2479/3029/2460 2477/3027/2459
f 2476/2886/2359 2477/3027/2459 2474/2888/2361
f 2474/2888/2360 2477/3027/2513 2475/3025/2457
f 2474/2888/2361 2475/3025/2457 2388/2890/2267
f 2388/2890/2267 2475/3025/2457 2389/3024/2220
f 734/3068/248 2484/3069/2418 688/466/176
f 688/466/176 2484/3069/2418 2487/3070/2417
f 688/466/176 2487/3070/2417 689/3071/249
f 689/3071/249 2487/3070/2417 2574/3072/2493
f 689/3071/249 2574/3072/2493 690/3073/250
f 690/3073/250 2574/3072/2493 2572/3074/2492
f 690/3073/250 2572/3074/2492 691/3075/252
f 691/3075/251 2572/3074/2492 2570/3076/2490
f 691/3075/251 2570/3076/2490 692/3077/253
f 692/3077/253 2570/3076/2490 2568/3078/2489
f 692/3077/253 2568/3078/2489 693/3079/255
f 693/3079/255 2568/3078/2489 2566/3080/2487
f 693/3079/254 2566/3080/2487 694/3081/256
f 694/3081/256 2566/3080/2487 2564/3082/2486
f 694/3081/256 2564/3082/2486 695/3083/257
f 695/3083/257 2564/3082/2486 2562/3084/2485
f 695/3083/257 2562/3084/2485 696/3085/258
f 696/3085/259 2562/3084/2485 2560/3086/2483
f 696/3085/258 2560/3086/2514 697/3087/260
f 697/3087/260 2560/3086/2483 2558/3088/2482
f 697/3087/260 2558/3088/2482 698/3089/261
f 698/3089/261 2558/3088/2482 2556/3090/2480
f 698/3089/261 2556/3090/2515 699/3091/262
f 699/3091/262 2556/3090/2479 2554/3092/2477
f 699/3091/262 2554/3092/2478 700/3093/263
f 700/3093/263 2554/3092/2477 2552/3094/2476
f 700/3093/263 2552/3094/2476 701/3095/264
f 701/3095/264 2552/3094/2476 2550/3096/2473
f 701/3095/264 2550/3096/2475 702/3097/265
f 702/3097/265 2550/3096/2473 2548/3098/2471
f 702/3097/265 2548/3098/2511 703/3099/266
f 703/3099/266 2548/3098/2471 2546/3100/2469
f 703/3099/266 2546/3100/2468 704/3101/267
f 704/3101/267 2546/3100/2469 2544/3102/2467
f 704/3101/267 2544/3102/2467 705/3103/269
f 705/3103/269 2544/3102/2467 2542/3104/2466
f 705/3103/268 2542/3104/2466 706/3105/271
f 706/3105/271 2542/3104/2466 2540/3106/2464
f 706/3105/270 2540/3106/2512 707/3107/272
f 707/3107/272 2540/3106/2464 2538/3108/2461
f 707/3107/272 2538/3108/2461 708/3109/274
f 708/3109/274 2538/3108/2461 2536/3110/2460
f 708/3109/274 2536/3110/2460 709/3111/275
f 709/3111/275 2536/3110/2460 2534/3112/2459
f 709/3111/275 2534/3112/2513 710/3113/276
f 710/3113/276 2534/3112/2513 2532/3114/2457
f 710/3113/276 2532/3114/2457 711/3115/277
f 711/3115/277 2532/3114/2457 2482/3116/2220
f 711/3115/277 2482/3116/2220 712/3117/278
f 712/3118/278 2482/3119/2220 2530/3120/2456
f 712/3118/278 2530/3120/2455 713/3121/279
f 713/3121/279 2530/3120/2456 2528/3122/2496
f 713/3121/279 2528/3122/2496 714/3123/280
f 714/3123/280 2528/3122/2454 2526/3124/2453
f 714/3123/280 2526/3124/2453 715/3125/281
f 715/3125/281 2526/3124/2453 2524/3126/2452
f 715/3125/281 2524/3126/2451 716/3127/283
f 716/3127/283 2524/3126/2452 2522/3128/2449
f 716/3127/283 2522/3128/2516 717/3129/285
f 717/3129/284 2522/3128/2449 2520/3130/2447
f 717/3129/284 2520/3130/2447 718/3131/287
f 718/3131/286 2520/3130/2447 2518/3132/2446
f 718/3131/286 2518/3132/2446 719/3133/288
f 719/3133/288 2518/3132/2446 2516/3134/2443
f 719/3133/288 2516/3134/2445 720/3135/289
f 720/3135/289 2516/3134/2443 2514/3136/2442
f 720/3135/289 2514/3136/2497 721/3137/290
f 721/3137/290 2514/3136/2442 2512/3138/2440
f 721/3137/290 2512/3138/2438 722/3139/291
f 722/3139/291 2512/3138/2440 2510/3140/2437
f 722/3139/291 2510/3140/2437 723/3141/292
f 723/3141/292 2510/3140/2437 2508/3142/2436
f 723/3141/292 2508/3142/2435 724/3143/293
f 724/3143/293 2508/3142/2436 2506/3144/2434
f 724/3143/293 2506/3144/2517 725/3145/294
f 725/3145/294 2506/3144/2433 2504/3146/2431
f 725/3145/294 2504/3146/2431 726/3147/295
f 726/3147/295 2504/3146/2431 2502/3148/2430
f 726/3147/295 2502/3148/2429 727/3149/297
f 727/3149/296 2502/3148/2430 2500/3150/2428
f 727/3149/297 2500/3150/2428 728/3151/298
f 728/3151/298 2500/3150/2428 2498/3152/2427
f 728/3151/298 2498/3152/2427 729/3153/299
f 729/3153/299 2498/3152/2427 2496/3154/2426
f 729/3153/299 2496/3154/2426 730/3155/301
f 730/3155/300 2496/3154/2426 2494/3156/2424
f 730/3155/300 2494/3156/2424 731/3157/302
f 731/3157/302 2494/3156/2424 2492/3158/2423
f 731/3157/302 2492/3158/2423 732/3159/304
f 732/3159/304 2492/3158/2423 2490/3160/2421
f 732/3159/303 2490/3160/2421 733/3161/305
f 733/3161/305 2490/3160/2421 2488/3162/2420
f 733/3161/305 2488/3162/2420 734/3068/248
f 734/3068/248 2488/3162/2420 2484/3069/2418
f 780/3163/1 2486/3164/2393 735/2340/1
f 735/2340/1 2486/3164/2393 2485/3165/2392
f 735/2340/1 2485/3165/2392 736/3166/1
f 736/3166/1 2485/3165/2392 2489/3167/2391
f 736/3166/1 2489/3167/2391 737/3168/1
f 737/3168/1 2489/3167/2391 2491/3169/2390
f 737/3168/1 2491/3169/2390 738/3170/1
f 738/3170/1 2491/3169/2390 2493/3171/2388
f 738/3170/1 2493/3171/2388 739/3172/1
f 739/3172/1 2493/3171/2388 2495/3173/2387
f 739/3172/1 2495/3173/2387 740/3174/1
f 740/3174/1 2495/3173/2387 2497/3175/2386
f 740/3174/1 2497/3175/2386 741/3176/1
f 741/3176/1 2497/3175/2386 2499/3177/2385
f 741/3176/1 2499/3177/2385 742/3178/1
f 742/3178/1 2499/3177/2385 2501/3179/2384
f 742/3178/1 2501/3179/2518 743/3180/1
f 743/3180/1 2501/3179/2383 2503/3181/2381
f 743/3180/1 2503/3181/2500 744/3182/1
f 744/3182/1 2503/3181/2500 2505/3183/2379
f 744/3182/1 2505/3183/2379 745/3184/1
f 745/3184/1 2505/3183/2378 2507/3185/2376
f 745/3184/1 2507/3185/2376 746/3186/1
f 746/3186/1 2507/3185/2376 2509/3187/2375
f 746/3186/1 2509/3187/2375 747/3188/1
f 747/3188/1 2509/3187/2375 2511/3189/2519
f 747/3188/1 2511/3189/2519 748/3190/1
f 748/3190/1 2511/3189/2374 2513/3191/2373
f 748/3190/1 2513/3191/2373 749/3192/1
f 749/3192/1 2513/3191/2373 2515/3193/2372
f 749/3192/1 2515/3193/2372 750/3194/1
f 750/3194/1 2515/3193/2372 2517/3195/2371
f 750/3194/1 2517/3195/2371 751/3196/1
f 751/3196/1 2517/3195/2371 2519/3197/2370
f 751/3196/1 2519/3197/2370 752/3198/1
f 752/3198/1 2519/3197/2370 2521/3199/2368
f 752/3198/1 2521/3199/2368 753/3200/1
f 753/3200/1 2521/3199/2368 2523/3201/2367
f 753/3200/1 2523/3201/2367 754/3202/1
f 754/3202/1 2523/3201/2367 2525/3203/2366
f 754/3202/1 2525/3203/2366 755/3204/1
f 755/3204/1 2525/3203/2366 2527/3205/2365
f 755/3204/1 2527/3205/2365 756/3206/1
f 756/3206/1 2527/3205/2365 2529/3207/2364
f 756/3206/1 2529/3207/2520 757/3208/1
f 757/3208/1 2529/3207/2364 2531/3209/2363
f 757/3208/1 2531/3209/2495 758/3210/1
f 758/3210/1 2531/3209/2363 2483/3211/2267
f 758/3212/1 2483/3213/2267 2533/3214/2360
f 2533/3214/2521 2483/3213/2267 2482/3116/2220
f 2533/3214/2522 2482/3116/2220 2532/3114/2457
f 2486/3164/2393 780/3163/1 2575/3215/2394
f 2575/3215/2394 780/3163/1 779/3216/1
f 2575/3215/2394 779/3216/1 2573/3217/2395
f 2573/3217/2395 779/3216/1 778/3218/1
f 2573/3217/2395 778/3218/1 2571/3219/2397
f 2571/3219/2396 778/3218/1 777/3220/1
f 2571/3219/2396 777/3220/1 2569/3221/2398
f 2569/3221/2398 777/3220/1 776/3222/1
f 2569/3221/2398 776/3222/1 2567/3223/2399
f 2567/3223/2399 776/3222/1 775/3224/1
f 2567/3223/2399 775/3224/1 2565/3225/2400
f 2565/3225/2400 775/3224/1 774/3226/1
f 2565/3225/2400 774/3226/1 2563/3227/2401
f 2563/3227/2523 774/3226/1 773/3228/1
f 2563/3227/2523 773/3228/1 2561/3229/2404
f 2561/3229/2505 773/3228/1 772/3230/1
f 2561/3229/2505 772/3230/1 2559/3231/2406
f 2559/3231/2406 772/3230/1 771/3232/1
f 2559/3231/2407 771/3232/1 2557/3233/2408
f 2557/3233/2408 771/3232/1 770/3234/1
f 2557/3233/2408 770/3234/1 2555/3235/2410
f 2555/3235/2410 770/3234/1 769/3236/1
f 2555/3235/2410 769/3236/1 2553/3237/2509
f 2553/3237/2509 769/3236/1 768/3238/1
f 2553/3237/2411 768/3238/1 2551/3239/2412
f 2551/3239/2412 768/3238/1 767/3240/1
f 2551/3239/2412 767/3240/1 2549/3241/2413
f 2549/3241/2413 767/3240/1 766/3242/1
f 2549/3241/2413 766/3242/1 2547/3243/2414
f 2547/3243/2414 766/3242/1 765/3244/1
f 2547/3243/2414 765/3244/1 2545/3245/2415
f 2545/3245/2415 765/3244/1 764/3246/1
f 2545/3245/2415 764/3246/1 2543/3247/2355
f 2543/3247/2355 764/3246/1 763/3248/1
f 2543/3247/2355 763/3248/1 2541/3249/2356
f 2541/3249/2356 763/3248/1 762/3250/1
f 2541/3249/2356 762/3250/1 2539/3251/2357
f 2539/3251/2357 762/3250/1 761/3252/1
f 2539/3251/2357 761/3252/1 2537/3253/2358
f 2537/3253/2358 761/3252/1 760/3254/1
f 2537/3253/2358 760/3254/1 2535/3255/2359
f 2535/3255/2524 760/3254/1 759/3256/1
f 2535/3255/2359 759/3256/1 2533/3214/2360
f 2533/3214/2522 759/3256/1 758/3212/1
f 2482/3119/2220 2483/3211/2267 2530/3120/2456
f 2530/3120/2455 2483/3211/2267 2531/3209/2495
f 2530/3120/2456 2531/3209/2363 2528/3122/2496
f 2528/3122/2454 2531/3209/2495 2529/3207/2364
f 2528/3122/2496 2529/3207/2364 2526/3124/2453
f 2526/3124/2453 2529/3207/2364 2527/3205/2365
f 2526/3124/2453 2527/3205/2365 2524/3126/2452
f 2524/3126/2451 2527/3205/2365 2525/3203/2366
f 2524/3126/2451 2525/3203/2366 2522/3128/2516
f 2522/3128/2449 2525/3203/2366 2523/3201/2367
f 2522/3128/2449 2523/3201/2367 2520/3130/2447
f 2520/3130/2447 2523/3201/2525 2521/3199/2368
f 2520/3130/2447 2521/3199/2368 2518/3132/2446
f 2518/3132/2446 2521/3199/2368 2519/3197/2370
f 2518/3132/2446 2519/3197/2370 2516/3134/2445
f 2516/3134/2443 2519/3197/2369 2517/3195/2371
f 2516/3134/2443 2517/3195/2371 2514/3136/2441
f 2514/3136/2442 2517/3195/2371 2515/3193/2372
f 2514/3136/2442 2515/3193/2372 2512/3138/2438
f 2512/3138/2440 2515/3193/2372 2513/3191/2373
f 2512/3138/2440 2513/3191/2373 2510/3140/2437
f 2510/3140/2437 2513/3191/2373 2511/3189/2519
f 2510/3140/2437 2511/3189/2374 2508/3142/2436
f 2508/3142/2436 2511/3189/2374 2509/3187/2375
f 2508/3142/2436 2509/3187/2375 2506/3144/2517
f 2506/3144/2433 2509/3187/2375 2507/3185/2377
f 2506/3144/2434 2507/3185/2499 2504/3146/2432
f 2504/3146/2431 2507/3185/2376 2505/3183/2379
f 2504/3146/2432 2505/3183/2379 2502/3148/2526
f 2502/3148/2501 2505/3183/2379 2503/3181/2500
f 2502/3148/2526 2503/3181/2381 2500/3150/2428
f 2500/3150/2428 2503/3181/2500 2501/3179/2384
f 2500/3150/2428 2501/3179/2384 2498/3152/2503
f 2498/3152/2427 2501/3179/2384 2499/3177/2385
f 2498/3152/2427 2499/3177/2385 2496/3154/2426
f 2496/3154/2426 2499/3177/2385 2497/3175/2386
f 2496/3154/2426 2497/3175/2386 2494/3156/2424
f 2494/3156/2424 2497/3175/2386 2495/3173/2387
f 2494/3156/2424 2495/3173/2387 2492/3158/2423
f 2492/3158/2423 2495/3173/2387 2493/3171/2388
f 2492/3158/2423 2493/3171/2388 2490/3160/2421
f 2490/3160/2421 2493/3171/2388 2491/3169/2390
f 2490/3160/2421 2491/3169/2390 2488/3162/2420
f 2488/3162/2420 2491/3169/2390 2489/3167/2391
f 2488/3162/2420 2489/3167/2391 2484/3069/2418
f 2484/3069/2418 2489/3167/2391 2485/3165/2392
f 2484/3069/2418 2485/3165/2392 2487/3070/2494
f 2487/3070/2494 2485/3165/2392 2486/3164/2393
f 2487/3070/2417 2486/3164/2393 2574/3072/2493
f 2574/3072/2493 2486/3164/2393 2575/3215/2394
f 2574/3072/2493 2575/3215/2394 2572/3074/2492
f 2572/3074/2492 2575/3215/2394 2573/3217/2395
f 2572/3074/2492 2573/3217/2395 2570/3076/2491
f 2570/3076/2491 2573/3217/2395 2571/3219/2397
f 2570/3076/2490 2571/3219/2396 2568/3078/2489
f 2568/3078/2489 2571/3219/2397 2569/3221/2398
f 2568/3078/2489 2569/3221/2398 2566/3080/2487
f 2566/3080/2487 2569/3221/2398 2567/3223/2399
f 2566/3080/2487 2567/3223/2399 2564/3082/2486
f 2564/3082/2486 2567/3223/2399 2565/3225/2400
f 2564/3082/2486 2565/3225/2527 2562/3084/2485
f 2562/3084/2485 2565/3225/2400 2563/3227/2401
f 2562/3084/2485 2563/3227/2401 2560/3086/2483
f 2560/3086/2483 2563/3227/2403 2561/3229/2505
f 2560/3086/2514 2561/3229/2505 2558/3088/2481
f 2558/3088/2482 2561/3229/2505 2559/3231/2406
f 2558/3088/2482 2559/3231/2406 2556/3090/2480
f 2556/3090/2515 2559/3231/2406 2557/3233/2506
f 2556/3090/2480 2557/3233/2409 2554/3092/2510
f 2554/3092/2477 2557/3233/2408 2555/3235/2410
f 2554/3092/2478 2555/3235/2410 2552/3094/2476
f 2552/3094/2476 2555/3235/2410 2553/3237/2411
f 2552/3094/2476 2553/3237/2411 2550/3096/2475
f 2550/3096/2473 2553/3237/2509 2551/3239/2412
f 2550/3096/2473 2551/3239/2412 2548/3098/2511
f 2548/3098/2471 2551/3239/2412 2549/3241/2413
f 2548/3098/2471 2549/3241/2413 2546/3100/2469
f 2546/3100/2468 2549/3241/2413 2547/3243/2414
f 2546/3100/2469 2547/3243/2414 2544/3102/2467
f 2544/3102/2467 2547/3243/2414 2545/3245/2416
f 2544/3102/2467 2545/3245/2415 2542/3104/2466
f 2542/3104/2465 2545/3245/2415 2543/3247/2355
f 2542/3104/2465 2543/3247/2355 2540/3106/2464
f 2540/3106/2464 2543/3247/2355 2541/3249/2356
f 2540/3106/2464 2541/3249/2356 2538/3108/2461
f 2538/3108/2463 2541/3249/2356 2539/3251/2357
f 2538/3108/2461 2539/3251/2357 2536/3110/2460
f 2536/3110/2460 2539/3251/2357 2537/3253/2358
f 2536/3110/2460 2537/3253/2358 2534/3112/2513
f 2534/3112/2513 2537/3253/2358 2535/3255/2359
f 2534/3112/2513 2535/3255/2359 2532/3114/2458
f 2532/3114/2457 2535/3255/2359 2533/3214/2361
usemtl Opaque(255,255,255)
f 205/205/5 206/206/6 326/207/7
f 326/207/7 206/206/6 325/208/8
f 325/208/8 206/206/9 324/209/10
f 324/209/10 206/206/9 323/210/11
f 323/210/11 206/206/9 207/211/12
f 323/210/11 207/211/12 322/212/13
f 322/212/13 207/211/12 321/213/14
f 321/213/14 207/211/12 320/214/15
f 320/214/16 207/211/12 319/215/17
f 319/215/17 207/211/12 318/216/18
f 318/216/18 207/211/12 208/217/19
f 318/216/18 208/217/19 307/218/19
f 307/218/19 208/217/19 306/219/20
f 306/219/20 208/217/19 209/220/20
f 306/219/20 209/220/20 305/221/21
f 305/221/21 209/220/20 210/222/21
f 305/221/21 210/222/21 304/223/22
f 304/223/22 210/222/21 211/224/22
f 304/223/23 211/224/23 303/225/24
f 303/225/24 211/224/23 212/226/24
f 303/225/24 212/226/24 302/227/25
f 302/227/25 212/226/24 213/228/25
f 302/227/25 213/228/25 301/229/26
f 301/229/26 213/228/25 214/230/26
f 301/229/27 214/230/27 300/231/28
f 300/231/28 214/230/27 215/232/28
f 300/231/28 215/232/28 299/233/29
f 299/233/29 215/232/28 216/234/29
f 299/233/29 216/234/29 298/235/30
f 298/235/30 216/234/29 217/236/30
f 298/235/31 217/236/31 297/237/32
f 297/237/32 217/236/31 218/238/32
f 297/237/32 218/238/32 296/239/33
f 296/239/33 218/238/32 219/240/33
f 296/239/33 219/240/33 295/241/34
f 295/241/34 219/240/33 220/242/34
f 295/241/35 220/242/35 294/243/36
f 294/243/36 220/242/35 221/244/36
f 294/243/36 221/244/36 293/245/37
f 293/245/37 221/244/36 222/246/37
f 293/245/37 222/246/37 292/247/38
f 292/247/38 222/246/37 223/248/38
f 292/247/38 223/248/38 291/249/39
f 291/249/39 223/248/38 224/250/39
f 291/249/39 224/250/39 290/251/40
f 290/251/40 224/250/39 225/252/40
f 290/251/40 225/252/40 289/253/41
f 289/253/41 225/252/40 226/254/41
f 289/253/41 226/254/41 288/255/4
f 288/255/4 226/254/41 227/256/4
f 288/255/4 227/256/4 287/257/42
f 287/257/42 227/256/4 228/258/42
f 287/257/42 228/258/42 286/259/43
f 286/259/43 228/258/42 229/260/43
f 286/259/43 229/260/43 285/261/44
f 285/261/44 229/260/43 230/262/44
f 285/261/44 230/262/44 284/263/45
f 284/263/45 230/262/44 231/264/45
f 284/263/45 231/264/45 283/265/46
f 283/265/46 231/264/45 232/266/46
f 283/265/46 232/266/46 282/267/47
f 282/267/47 232/266/46 233/268/47
f 282/267/47 233/268/47 281/269/48
f 281/269/48 233/268/47 234/270/48
f 281/269/49 234/270/49 280/271/50
f 280/271/50 234/270/49 235/272/50
f 280/271/50 235/272/50 279/273/51
f 279/273/51 235/272/50 236/274/51
f 279/273/51 236/274/51 278/275/52
f 278/275/52 236/274/51 237/276/52
f 278/275/53 237/276/53 277/277/54
f 277/277/54 237/276/53 238/278/54
f 277/277/54 238/278/54 276/279/55
f 276/279/55 238/278/54 239/280/55
f 276/279/55 239/280/55 275/281/56
f 275/281/56 239/280/55 240/282/56
f 275/281/57 240/282/57 274/283/58
f 274/283/58 240/282/57 241/284/58
f 274/283/58 241/284/58 273/285/59
f 273/285/59 241/284/58 242/286/59
f 273/285/59 242/286/59 272/287/60
f 272/287/60 242/286/59 243/288/60
f 272/287/61 243/288/61 271/289/62
f 271/289/62 243/288/61 244/290/62
f 271/289/62 244/290/62 270/291/63
f 270/291/63 244/290/62 245/292/63
f 270/291/63 245/292/63 269/293/64
f 269/293/64 245/292/63 246/294/64
f 269/293/64 246/294/64 257/295/65
f 257/295/65 246/294/64 256/296/66
f 256/296/66 246/294/64 247/297/67
f 256/296/66 247/297/67 255/298/68
f 255/298/68 247/297/67 254/299/69
f 254/299/69 247/297/67 253/300/70
f 253/300/71 247/297/67 252/301/72
f 252/301/73 247/297/67 248/302/74
f 252/301/72 248/302/74 251/303/75
f 251/303/75 248/302/74 250/304/76
f 250/304/76 248/302/74 249/305/77
f 257/295/65 258/306/78 269/293/64
f 269/293/64 258/306/78 268/307/67
f 268/307/67 258/306/79 259/308/80
f 268/307/67 259/308/80 260/309/81
f 260/309/81 261/310/82 268/307/67
f 268/307/67 261/310/82 262/311/83
f 268/307/67 262/311/83 263/312/84
f 268/307/67 263/312/84 267/313/74
f 267/313/74 263/312/84 264/314/75
f 267/313/85 264/314/75 265/315/86
f 265/315/76 266/316/77 267/313/85
f 307/218/19 308/317/12 318/216/18
f 318/216/18 308/317/12 317/318/87
f 317/318/87 308/317/12 316/319/88
f 316/319/88 308/317/12 315/320/89
f 315/320/89 308/317/12 314/321/90
f 314/321/91 308/317/12 309/322/9
f 314/321/90 309/322/9 313/323/92
f 313/323/92 309/322/9 312/324/8
f 312/324/8 309/322/9 311/325/7
f 311/325/7 309/322/9 310/326/5
f 327/327/93 328/328/93 386/329/93
f 386/329/93 328/328/93 329/330/93
f 386/329/93 329/330/93 330/331/93
f 331/332/93 384/333/93 330/331/93
f 330/331/93 384/333/93 385/334/93
f 330/331/93 385/334/93 386/329/93
f 331/332/93 332/335/93 384/333/93
f 384/333/93 332/335/93 383/336/93
f 383/336/93 332/335/93 382/337/93
f 382/337/93 332/335/93 333/338/93
f 382/337/93 333/338/93 334/339/93
f 382/337/93 334/339/93 381/340/93
f 381/340/93 334/339/93 335/341/93
f 381/340/93 335/341/93 380/342/93
f 380/342/93 335/341/93 357/343/93
f 380/342/93 357/343/93 358/344/93
f 357/343/93 335/341/93 356/345/93
f 356/345/93 335/341/93 336/346/93
f 356/345/93 336/346/93 355/347/93
f 355/347/93 336/346/93 354/348/93
f 354/348/93 336/346/93 353/349/93
f 353/349/93 336/346/93 337/350/93
f 353/349/93 337/350/93 352/351/93
f 352/351/93 337/350/93 351/352/93
f 351/352/93 337/350/93 338/353/93
f 351/352/93 338/353/93 350/354/93
f 350/354/93 338/353/93 339/355/93
f 350/354/93 339/355/93 349/356/93
f 349/356/93 339/355/93 340/357/93
f 349/356/93 340/357/93 348/358/93
f 348/358/93 340/357/93 341/359/93
f 348/358/93 341/359/93 347/360/93
f 347/360/93 341/359/93 342/361/93
f 347/360/93 342/361/93 346/362/93
f 346/362/93 342/361/93 343/363/93
f 346/362/93 343/363/93 345/364/93
f 345/364/93 343/363/93 344/365/93
f 358/344/93 359/366/93 380/342/93
f 380/342/93 359/366/93 379/367/93
f 379/367/93 359/366/93 360/368/93
f 379/367/93 360/368/93 361/369/93
f 361/369/93 362/370/93 379/367/93
f 379/367/93 362/370/93 378/371/93
f 378/371/93 362/370/93 363/372/93
f 378/371/93 363/372/93 364/373/93
f 378/371/93 364/373/93 377/374/93
f 377/374/93 364/373/93 365/375/93
f 377/374/93 365/375/93 376/376/93
f 376/376/93 365/375/93 366/377/93
f 376/376/93 366/377/93 375/378/93
f 375/378/93 366/377/93 367/379/93
f 375/378/93 367/379/93 374/380/93
f 374/380/93 367/379/93 368/381/93
f 374/380/93 368/381/93 373/382/93
f 373/382/93 368/381/93 369/383/93
f 373/382/93 369/383/93 372/384/93
f 372/384/93 369/383/93 370/385/93
f 372/384/93 370/385/93 371/386/93
f 388/387/94 429/388/94 387/389/94
f 387/389/94 429/388/94 430/390/94
f 387/389/94 430/390/94 431/391/94
f 389/392/94 426/393/94 388/387/94
f 388/387/94 426/393/94 427/394/94
f 388/387/94 427/394/94 428/395/94
f 390/396/94 402/397/94 389/392/94
f 389/392/94 402/397/94 424/398/94
f 389/392/94 424/398/94 425/399/94
f 391/400/94 400/401/94 390/396/94
f 390/396/94 400/401/94 401/402/94
f 390/396/94 401/402/94 402/397/94
f 400/401/94 391/400/94 399/403/94
f 399/403/94 391/400/94 392/404/94
f 399/403/94 392/404/94 398/405/94
f 398/405/94 392/404/94 393/406/94
f 398/405/94 393/406/94 397/407/94
f 397/407/94 393/406/94 394/408/94
f 397/407/94 394/408/94 396/409/94
f 396/409/94 394/408/94 395/410/94
f 396/409/94 395/410/94 162/411/94
f 162/411/94 179/412/94 396/409/94
f 424/398/94 402/397/94 423/413/94
f 423/413/94 402/397/94 403/414/94
f 423/413/94 403/414/94 422/415/94
f 422/415/94 403/414/94 421/416/94
f 421/416/94 403/414/94 420/417/94
f 420/417/94 403/414/94 404/418/94
f 420/417/94 404/418/94 419/419/94
f 419/419/94 404/418/94 418/420/94
f 418/420/94 404/418/94 405/421/94
f 418/420/94 405/421/94 417/422/94
f 417/422/94 405/421/94 406/423/94
f 417/422/94 406/423/94 416/424/94
f 416/424/94 406/423/94 407/425/94
f 416/424/94 407/425/94 415/426/94
f 415/426/94 407/425/94 408/427/94
f 415/426/94 408/427/94 414/428/94
f 414/428/94 408/427/94 409/429/94
f 414/428/94 409/429/94 413/430/94
f 413/430/94 409/429/94 410/431/94
f 413/430/94 410/431/94 412/432/94
f 412/432/94 410/431/94 411/433/94
f 425/399/94 426/393/94 389/392/94
f 428/395/94 429/388/94 388/387/94
f 387/389/94 431/391/94 444/434/94
f 444/434/94 431/391/94 432/435/94
f 444/434/94 432/435/94 443/436/94
f 443/436/94 432/435/94 433/437/94
f 443/436/94 433/437/94 442/438/94
f 442/438/94 433/437/94 434/439/94
f 442/438/94 434/439/94 441/440/94
f 441/440/94 434/439/94 435/441/94
f 441/440/94 435/441/94 440/442/94
f 440/442/94 435/441/94 436/443/94
f 440/442/94 436/443/94 439/444/94
f 439/444/94 436/443/94 437/445/94
f 439/444/94 437/445/94 438/446/94
f 483/447/95 176/448/95 482/449/96
f 482/449/96 176/448/95 445/450/97
f 482/449/96 445/450/97 481/451/98
f 481/451/98 445/450/97 446/452/99
f 481/451/98 446/452/99 480/453/100
f 480/453/100 446/452/101 447/454/102
f 480/453/100 447/454/102 479/455/103
f 479/455/104 447/454/105 448/456/106
f 479/455/107 448/456/106 478/457/108
f 478/457/109 448/456/106 449/458/110
f 478/457/109 449/458/110 477/459/111
f 477/459/111 449/458/110 450/460/112
f 477/459/111 450/460/113 476/461/114
f 476/461/114 450/460/113 475/462/115
f 475/462/115 450/460/113 451/463/116
f 475/462/115 451/463/116 474/464/117
f 474/464/117 451/463/118 473/465/119
f 473/465/119 451/463/118 452/466/120
f 473/465/119 452/466/120 472/467/121
f 472/467/121 452/466/120 471/468/122
f 471/468/122 452/466/120 453/469/123
f 471/468/122 453/469/124 470/470/125
f 470/470/125 453/469/124 469/471/126
f 469/471/127 453/469/124 454/472/128
f 469/471/127 454/472/129 468/473/130
f 468/473/131 454/472/128 467/474/132
f 467/474/132 454/472/129 455/475/133
f 467/474/132 455/475/133 466/476/134
f 466/476/134 455/475/133 456/477/135
f 466/476/134 456/477/135 465/478/136
f 465/478/136 456/477/135 457/479/137
f 465/478/136 457/479/138 464/480/139
f 464/480/139 457/479/138 458/481/140
f 464/480/141 458/481/140 463/482/142
f 463/482/142 458/481/143 459/483/144
f 463/482/142 459/483/145 462/484/146
f 462/484/147 459/483/145 461/485/148
f 461/485/148 459/483/144 460/486/148
f 165/487/149 484/488/149 522/489/150
f 522/489/151 484/488/149 485/490/152
f 522/489/151 485/490/153 486/491/154
f 522/489/150 486/491/154 521/492/155
f 521/492/156 486/491/154 487/493/157
f 521/492/156 487/493/158 520/494/159
f 520/494/159 487/493/158 488/495/160
f 520/494/161 488/495/160 519/496/162
f 519/496/162 488/495/160 489/497/163
f 519/496/162 489/497/163 518/498/164
f 518/498/164 489/497/163 490/499/165
f 518/498/164 490/499/165 517/500/166
f 517/500/167 490/499/165 491/501/168
f 517/500/166 491/501/169 492/502/170
f 517/500/167 492/502/170 516/503/171
f 516/503/171 492/502/172 493/504/173
f 516/503/171 493/504/173 494/505/174
f 516/503/175 494/505/174 515/506/176
f 515/506/176 494/505/174 495/507/177
f 515/506/176 495/507/177 496/508/178
f 515/506/176 496/508/178 514/509/179
f 514/509/179 496/508/178 497/510/180
f 514/509/181 497/510/180 498/511/182
f 514/509/181 498/511/182 513/512/183
f 513/512/183 498/511/182 499/513/184
f 513/512/183 499/513/184 500/514/185
f 513/512/186 500/514/185 512/515/187
f 512/515/187 500/514/185 501/516/188
f 512/515/187 501/516/188 511/517/189
f 511/517/189 501/516/190 502/518/191
f 511/517/189 502/518/191 510/519/192
f 510/519/193 502/518/194 503/520/195
f 510/519/193 503/520/195 509/521/196
f 509/521/197 503/520/195 504/522/198
f 509/521/197 504/522/198 508/523/199
f 508/523/199 504/522/198 505/524/200
f 508/523/199 505/524/200 507/525/201
f 507/525/201 505/524/200 506/526/201
f 483/1234/95 1257/1235/483 176/1236/95
f 176/1236/95 1257/1235/483 177/1237/483
f 177/1237/483 1257/1235/483 1258/1238/484
f 177/1237/483 1258/1238/484 178/1239/484
f 178/1239/485 1258/1238/485 396/1240/94
f 178/1239/485 396/1240/94 179/1241/94
f 1267/1242/486 404/1243/94 1276/1244/487
f 1276/1244/487 404/1243/94 403/1245/94
f 1276/1244/488 403/1245/94 402/1246/94
f 1276/1244/487 402/1246/94 1275/1247/489
f 1275/1247/489 402/1246/94 401/1248/94
f 1275/1247/489 401/1248/94 1274/1249/490
f 1274/1249/490 401/1248/94 400/1250/94
f 1274/1249/490 400/1250/94 1273/1251/491
f 1273/1251/491 400/1250/94 399/1252/94
f 1273/1251/491 399/1252/94 398/1253/94
f 1273/1251/491 398/1253/94 1272/1254/492
f 1272/1254/492 398/1253/94 397/1255/94
f 1272/1254/492 397/1255/94 1268/1256/493
f 1268/1256/494 397/1255/94 396/1257/94
f 1268/1256/494 396/1257/94 1258/1258/484
f 1257/1259/483 1277/1260/495 1258/1258/484
f 1258/1258/484 1277/1260/496 1288/1261/497
f 1258/1258/485 1288/1261/497 1268/1256/493
f 1268/1256/493 1288/1261/497 1287/1262/498
f 1268/1256/493 1287/1262/499 1272/1254/492
f 1272/1254/492 1287/1262/499 1286/1263/500
f 1272/1254/492 1286/1263/501 1273/1251/491
f 1273/1251/491 1286/1263/501 1285/1264/502
f 1273/1251/491 1285/1264/502 1274/1249/490
f 1274/1249/490 1285/1264/502 1284/1265/503
f 1274/1249/504 1284/1265/503 1275/1247/489
f 1275/1247/489 1284/1265/503 1283/1266/505
f 1275/1247/489 1283/1266/505 1276/1244/487
f 1276/1244/488 1283/1266/505 1267/1242/486
f 483/1267/95 1271/1268/506 1257/1259/507
f 1257/1259/483 1271/1268/508 1299/1269/509
f 1257/1259/483 1299/1269/510 1269/1270/511
f 1269/1270/512 1299/1269/510 1298/1271/513
f 1269/1270/514 1298/1271/515 1305/1272/516
f 1305/1272/516 1298/1271/513 1297/1273/517
f 1305/1272/516 1297/1273/517 1306/1274/518
f 1306/1274/518 1297/1273/517 1296/1275/519
f 1306/1274/518 1296/1275/519 1307/1276/520
f 1307/1276/520 1296/1275/519 1295/1277/521
f 1307/1276/520 1295/1277/521 1308/1278/522
f 1308/1278/522 1295/1277/523 1294/1279/524
f 1308/1278/522 1294/1279/524 1309/1280/525
f 1309/1280/525 1294/1279/524 1265/1281/526
f 1309/1280/525 1265/1281/526 1282/1282/527
f 1282/1282/527 1265/1281/526 1266/1283/528
f 1282/1282/527 1266/1283/528 1283/1266/505
f 1283/1266/505 1266/1283/528 1267/1242/486
f 1271/1268/508 483/1267/95 1304/1284/529
f 1304/1284/529 483/1267/95 1259/1285/530
f 1304/1284/529 1259/1285/530 1303/1286/531
f 1303/1286/531 1259/1285/530 1260/1287/532
f 1303/1286/531 1260/1287/532 1302/1288/533
f 1302/1288/534 1260/1287/532 1261/1289/535
f 1302/1288/536 1261/1289/535 1301/1290/537
f 1301/1290/537 1261/1289/535 1300/1291/538
f 1301/1290/537 1300/1291/538 1291/1292/539
f 1291/1292/539 1300/1291/540 1292/1293/541
f 1291/1292/539 1292/1293/542 1296/1275/519
f 1296/1275/543 1292/1293/542 1295/1277/521
f 1261/1289/535 1262/1294/544 1300/1291/545
f 1300/1291/540 1262/1294/544 1270/1295/546
f 1300/1291/538 1270/1295/546 1292/1293/541
f 1292/1293/542 1270/1295/546 1293/1296/547
f 1292/1293/541 1293/1296/547 1295/1277/521
f 1295/1277/521 1293/1296/547 1294/1279/524
f 1262/1294/548 310/1297/549 1270/1295/546
f 1270/1295/550 310/1297/549 1263/1298/551
f 1270/1295/552 1263/1298/551 1293/1296/547
f 1293/1296/553 1263/1298/551 1264/1299/554
f 1293/1296/547 1264/1299/554 1294/1279/524
f 1294/1279/524 1264/1299/554 1265/1281/526
f 1277/1260/495 1257/1259/483 1269/1270/514
f 1287/1262/499 1288/1261/497 1278/1300/555
f 1278/1300/556 1288/1261/497 1277/1260/496
f 1278/1300/555 1277/1260/495 1305/1272/516
f 1305/1272/516 1277/1260/496 1269/1270/512
f 1286/1263/501 1287/1262/498 1279/1301/557
f 1279/1301/558 1287/1262/498 1278/1300/555
f 1279/1301/557 1278/1300/555 1306/1274/518
f 1306/1274/518 1278/1300/555 1305/1272/516
f 1285/1264/502 1286/1263/559 1280/1302/560
f 1280/1302/560 1286/1263/561 1279/1301/557
f 1280/1302/560 1279/1301/557 1307/1276/520
f 1307/1276/520 1279/1301/557 1306/1274/518
f 1284/1265/503 1285/1264/502 1281/1303/562
f 1281/1303/563 1285/1264/502 1280/1302/560
f 1281/1303/563 1280/1302/560 1308/1278/522
f 1308/1278/522 1280/1302/560 1307/1276/520
f 1283/1266/505 1284/1265/503 1282/1282/527
f 1282/1282/527 1284/1265/503 1281/1303/562
f 1282/1282/527 1281/1303/562 1309/1280/525
f 1309/1280/525 1281/1303/563 1308/1278/564
f 1298/1271/515 1299/1269/510 1289/1304/565
f 1289/1304/565 1299/1269/509 1271/1268/566
f 1289/1304/565 1271/1268/506 1303/1286/531
f 1303/1286/531 1271/1268/508 1304/1284/567
f 1297/1273/568 1298/1271/515 1290/1305/569
f 1290/1305/570 1298/1271/513 1289/1304/565
f 1290/1305/569 1289/1304/565 1302/1288/533
f 1302/1288/533 1289/1304/565 1303/1286/531
f 1296/1275/519 1297/1273/517 1291/1292/539
f 1291/1292/539 1297/1273/517 1290/1305/569
f 1291/1292/539 1290/1305/570 1301/1290/537
f 1301/1290/537 1290/1305/570 1302/1288/571
f 461/1306/148 460/1307/148 1311/1308/572
f 1311/1308/572 460/1307/148 628/1309/572
f 1311/1308/572 628/1309/572 1310/1310/573
f 1310/1310/573 628/1309/572 627/1311/573
f 1310/1310/574 627/1311/574 386/1312/93
f 386/1312/93 627/1311/574 327/1313/93
f 311/1314/7 310/1315/549 1317/1316/575
f 1317/1316/576 310/1315/5 1262/1317/544
f 1317/1316/575 1262/1317/544 1334/1318/577
f 1334/1318/577 1262/1317/544 1316/1319/578
f 1334/1318/579 1316/1319/578 1390/1320/580
f 1390/1320/580 1316/1319/578 1391/1321/581
f 1390/1320/580 1391/1321/581 1354/1322/582
f 1354/1322/582 1391/1321/581 1353/1323/583
f 1354/1322/582 1353/1323/583 1394/1324/584
f 1394/1324/584 1353/1323/583 1393/1325/585
f 1394/1324/584 1393/1325/585 481/1326/586
f 481/1326/586 1393/1325/585 1392/1327/587
f 481/1326/586 1392/1327/587 482/1328/96
f 482/1328/96 1392/1327/587 1259/1329/588
f 482/1328/96 1259/1329/588 483/1330/95
f 1262/1317/544 1261/1331/535 1316/1319/578
f 1316/1319/578 1261/1331/535 1391/1321/581
f 1260/1332/589 1352/1333/590 1261/1331/535
f 1261/1331/535 1352/1333/591 1353/1323/583
f 1261/1331/535 1353/1323/583 1391/1321/581
f 1352/1333/591 1260/1332/589 1392/1327/587
f 1392/1327/587 1260/1332/589 1259/1329/592
f 481/1326/586 480/1334/100 1394/1324/584
f 1394/1324/584 480/1334/100 1395/1335/593
f 1394/1324/584 1395/1335/593 1354/1322/582
f 1354/1322/582 1395/1335/593 1355/1336/594
f 1354/1322/595 1355/1336/594 1390/1320/580
f 1390/1320/580 1355/1336/594 1389/1337/596
f 1390/1320/580 1389/1337/596 1334/1318/577
f 1334/1318/577 1389/1337/596 1335/1338/597
f 1334/1318/579 1335/1338/597 1317/1316/575
f 1317/1316/575 1335/1338/597 1318/1339/598
f 1317/1316/576 1318/1339/599 311/1314/7
f 311/1314/7 1318/1339/598 312/1340/8
f 312/1340/8 1318/1339/600 1319/1341/601
f 312/1340/8 1319/1341/601 313/1342/92
f 313/1342/92 1319/1341/601 1320/1343/602
f 313/1342/92 1320/1343/602 1321/1344/603
f 1321/1344/604 1320/1343/602 1338/1345/605
f 1321/1344/606 1338/1345/605 1339/1346/607
f 1339/1346/607 1338/1345/605 1385/1347/608
f 1339/1346/607 1385/1347/608 1384/1348/609
f 1384/1348/609 1385/1347/608 1360/1349/610
f 1384/1348/609 1360/1349/610 1361/1350/611
f 1361/1350/611 1360/1349/610 1401/1351/612
f 1361/1350/611 1401/1351/612 1402/1352/613
f 1402/1352/613 1401/1351/612 472/1353/121
f 1402/1352/613 472/1353/121 471/1354/614
f 480/1334/100 479/1355/103 1395/1335/593
f 1395/1335/615 479/1355/107 1396/1356/616
f 1395/1335/593 1396/1356/616 1355/1336/594
f 1355/1336/594 1396/1356/616 1356/1357/617
f 1355/1336/594 1356/1357/617 1389/1337/596
f 1389/1337/596 1356/1357/617 1388/1358/618
f 1389/1337/596 1388/1358/619 1335/1338/597
f 1335/1338/597 1388/1358/618 1336/1359/620
f 1335/1338/597 1336/1359/620 1318/1339/598
f 1318/1339/599 1336/1359/621 1319/1341/601
f 479/1355/103 478/1360/109 1396/1356/616
f 1396/1356/616 478/1360/109 1397/1361/622
f 1396/1356/616 1397/1361/623 1356/1357/617
f 1356/1357/617 1397/1361/622 1357/1362/624
f 1356/1357/617 1357/1362/624 1388/1358/618
f 1388/1358/618 1357/1362/624 1387/1363/625
f 1388/1358/619 1387/1363/625 1336/1359/620
f 1336/1359/620 1387/1363/625 1337/1364/626
f 1336/1359/621 1337/1364/627 1319/1341/601
f 1319/1341/601 1337/1364/627 1320/1343/602
f 478/1360/109 477/1365/111 1397/1361/623
f 1397/1361/622 477/1365/111 1398/1366/628
f 1397/1361/622 1398/1366/628 1357/1362/624
f 1357/1362/624 1398/1366/628 1358/1367/629
f 1357/1362/624 1358/1367/630 1387/1363/625
f 1387/1363/625 1358/1367/630 1386/1368/631
f 1387/1363/625 1386/1368/631 1337/1364/627
f 1337/1364/626 1386/1368/631 1338/1345/605
f 1337/1364/626 1338/1345/605 1320/1343/602
f 477/1365/111 476/1369/114 1398/1366/628
f 1398/1366/628 476/1369/114 1399/1370/632
f 1398/1366/628 1399/1370/632 1358/1367/629
f 1358/1367/629 1399/1370/633 1359/1371/634
f 1358/1367/629 1359/1371/635 1386/1368/631
f 1386/1368/636 1359/1371/635 1385/1347/637
f 1386/1368/631 1385/1347/638 1338/1345/605
f 476/1369/114 475/1372/115 1399/1370/632
f 1399/1370/632 475/1372/115 1400/1373/639
f 1399/1370/632 1400/1373/639 1359/1371/635
f 1359/1371/640 1400/1373/639 1360/1349/641
f 1359/1371/634 1360/1349/610 1385/1347/608
f 475/1372/115 474/1374/117 1400/1373/639
f 1400/1373/639 474/1374/117 473/1375/119
f 1400/1373/639 473/1375/119 1401/1351/642
f 1401/1351/612 473/1375/119 472/1353/121
f 1402/1352/613 471/1354/122 1403/1376/643
f 1403/1376/643 471/1354/122 470/1377/644
f 1403/1376/643 470/1377/644 1404/1378/645
f 1404/1378/645 470/1377/644 469/1379/126
f 1404/1378/646 469/1379/126 468/1380/131
f 1404/1378/645 468/1380/131 1405/1381/647
f 1405/1381/647 468/1380/131 467/1382/132
f 1405/1381/647 467/1382/132 1406/1383/648
f 1406/1383/648 467/1382/132 466/1384/134
f 1406/1383/648 466/1384/134 1407/1385/649
f 1407/1385/649 466/1384/134 465/1386/136
f 1407/1385/649 465/1386/136 1408/1387/650
f 1408/1387/651 465/1386/136 464/1388/141
f 1408/1387/650 464/1388/139 1409/1389/652
f 1409/1389/652 464/1388/141 1410/1390/653
f 1409/1389/654 1410/1390/655 1369/1391/656
f 1369/1391/656 1410/1390/655 1370/1392/657
f 1369/1391/656 1370/1392/657 1375/1393/658
f 1375/1393/658 1370/1392/657 1374/1394/659
f 1375/1393/658 1374/1394/659 1349/1395/660
f 1349/1395/660 1374/1394/661 1350/1396/662
f 1349/1395/660 1350/1396/662 1332/1397/663
f 1332/1397/663 1350/1396/662 1333/1398/664
f 1332/1397/663 1333/1398/665 326/1399/7
f 326/1399/7 1333/1398/664 205/1400/549
f 205/1400/549 1333/1398/666 1315/1401/667
f 1315/1401/667 1333/1398/666 1350/1396/662
f 1315/1401/667 1350/1396/662 1351/1402/668
f 1351/1402/668 1350/1396/662 1373/1403/669
f 1351/1402/668 1373/1403/670 1314/1404/671
f 1314/1404/671 1373/1403/669 1372/1405/672
f 1314/1404/671 1372/1405/672 1313/1406/673
f 1313/1406/673 1372/1405/672 1413/1407/674
f 1313/1406/675 1413/1407/674 1312/1408/676
f 1312/1408/677 1413/1407/674 1412/1409/678
f 1312/1408/679 1412/1409/678 462/1410/146
f 462/1410/146 1412/1409/678 463/1411/142
f 463/1411/142 1412/1409/678 1411/1412/680
f 463/1411/142 1411/1412/680 1410/1390/681
f 1410/1390/682 1411/1412/680 1370/1392/657
f 464/1388/139 463/1411/142 1410/1390/682
f 462/1410/146 461/1413/148 1312/1408/677
f 1314/1404/671 1315/1401/667 1351/1402/668
f 326/1399/7 325/1414/8 1332/1397/663
f 1332/1397/663 325/1414/8 1331/1415/683
f 1332/1397/663 1331/1415/683 1349/1395/660
f 1349/1395/684 1331/1415/683 1348/1416/685
f 1349/1395/660 1348/1416/686 1375/1393/658
f 1375/1393/658 1348/1416/686 1376/1417/687
f 1375/1393/658 1376/1417/687 1369/1391/656
f 1369/1391/656 1376/1417/687 1368/1418/688
f 1369/1391/656 1368/1418/688 1409/1389/654
f 1409/1389/652 1368/1418/688 1408/1387/651
f 325/1414/8 324/1419/10 1331/1415/683
f 1331/1415/683 324/1419/10 1330/1420/689
f 1331/1415/683 1330/1420/690 1348/1416/685
f 1348/1416/685 1330/1420/689 1347/1421/691
f 1348/1416/686 1347/1421/691 1376/1417/687
f 1376/1417/687 1347/1421/691 1377/1422/692
f 1376/1417/687 1377/1422/692 1368/1418/688
f 1368/1418/688 1377/1422/692 1367/1423/693
f 1368/1418/688 1367/1423/693 1408/1387/650
f 1408/1387/651 1367/1423/693 1407/1385/649
f 324/1419/10 323/1424/11 1330/1420/690
f 1330/1420/689 323/1424/11 1329/1425/694
f 1330/1420/689 1329/1425/695 1347/1421/691
f 1347/1421/691 1329/1425/695 1346/1426/696
f 1347/1421/691 1346/1426/696 1377/1422/692
f 1377/1422/692 1346/1426/697 1378/1427/698
f 1377/1422/692 1378/1427/698 1367/1423/699
f 1367/1423/693 1378/1427/698 1366/1428/700
f 1367/1423/699 1366/1428/700 1407/1385/649
f 1407/1385/649 1366/1428/700 1406/1383/648
f 323/1424/11 322/1429/701 1329/1425/695
f 1329/1425/695 322/1429/13 1328/1430/702
f 1329/1425/695 1328/1430/702 1346/1426/696
f 1346/1426/696 1328/1430/702 1345/1431/703
f 1346/1426/696 1345/1431/703 1378/1427/698
f 1378/1427/698 1345/1431/703 1379/1432/704
f 1378/1427/698 1379/1432/704 1366/1428/700
f 1366/1428/700 1379/1432/704 1365/1433/705
f 1366/1428/700 1365/1433/705 1406/1383/648
f 1406/1383/648 1365/1433/705 1405/1381/647
f 322/1429/13 321/1434/706 1328/1430/702
f 1328/1430/702 321/1434/14 1327/1435/707
f 1328/1430/702 1327/1435/707 1345/1431/703
f 1345/1431/703 1327/1435/707 1344/1436/708
f 1345/1431/703 1344/1436/708 1379/1432/704
f 1379/1432/704 1344/1436/708 1380/1437/709
f 1379/1432/704 1380/1437/710 1365/1433/711
f 1365/1433/711 1380/1437/710 1364/1438/712
f 1365/1433/705 1364/1438/712 1405/1381/647
f 1405/1381/647 1364/1438/712 1404/1378/645
f 321/1434/706 320/1439/16 1327/1435/707
f 1327/1435/707 320/1439/16 1326/1440/713
f 1327/1435/707 1326/1440/713 1344/1436/708
f 1344/1436/708 1326/1440/713 1343/1441/714
f 1344/1436/708 1343/1441/714 1380/1437/709
f 1380/1437/710 1343/1441/714 1381/1442/715
f 1380/1437/710 1381/1442/715 1364/1438/716
f 1364/1438/712 1381/1442/715 1363/1443/717
f 1364/1438/712 1363/1443/717 1404/1378/645
f 1404/1378/645 1363/1443/717 1403/1376/643
f 320/1439/15 319/1444/17 1326/1440/713
f 1326/1440/713 319/1444/17 318/1445/18
f 1326/1440/713 318/1445/18 1325/1446/718
f 1325/1446/718 318/1445/18 1324/1447/719
f 1325/1446/718 1324/1447/719 1342/1448/720
f 1342/1448/720 1324/1447/719 1341/1449/721
f 1342/1448/720 1341/1449/722 1382/1450/723
f 1382/1450/723 1341/1449/721 1383/1451/724
f 1382/1450/723 1383/1451/724 1362/1452/725
f 1362/1452/725 1383/1451/724 1361/1350/611
f 1362/1452/725 1361/1350/611 1402/1352/613
f 318/1445/18 317/1453/87 1324/1447/719
f 1324/1447/719 317/1453/87 1323/1454/726
f 1324/1447/719 1323/1454/727 1341/1449/721
f 1341/1449/722 1323/1454/727 1340/1455/728
f 1341/1449/721 1340/1455/728 1383/1451/724
f 1383/1451/724 1340/1455/728 1384/1348/609
f 1383/1451/724 1384/1348/609 1361/1350/611
f 317/1453/87 316/1456/88 1323/1454/727
f 1323/1454/727 316/1456/88 1322/1457/729
f 1323/1454/726 1322/1457/729 1340/1455/728
f 1340/1455/728 1322/1457/729 1339/1346/607
f 1340/1455/728 1339/1346/607 1384/1348/609
f 316/1456/88 315/1458/89 1322/1457/729
f 1322/1457/729 315/1458/89 1321/1344/604
f 1322/1457/729 1321/1344/604 1339/1346/607
f 315/1458/89 314/1459/91 1321/1344/606
f 1321/1344/603 314/1459/90 313/1342/92
f 1343/1441/714 1326/1440/713 1325/1446/730
f 1343/1441/714 1325/1446/718 1342/1448/720
f 1381/1442/715 1343/1441/714 1342/1448/720
f 1381/1442/715 1342/1448/731 1382/1450/723
f 1373/1403/669 1350/1396/662 1374/1394/659
f 1393/1325/585 1353/1323/583 1352/1333/591
f 1392/1327/587 1393/1325/585 1352/1333/732
f 1401/1351/612 1360/1349/610 1400/1373/639
f 1381/1442/715 1382/1450/723 1363/1443/733
f 1363/1443/717 1382/1450/723 1362/1452/725
f 1363/1443/717 1362/1452/725 1403/1376/643
f 1403/1376/643 1362/1452/725 1402/1352/613
f 1373/1403/670 1374/1394/659 1371/1460/734
f 1371/1460/734 1374/1394/659 1370/1392/657
f 1371/1460/734 1370/1392/657 1411/1412/680
f 1373/1403/670 1371/1460/734 1372/1405/672
f 1372/1405/672 1371/1460/734 1412/1409/678
f 1372/1405/735 1412/1409/678 1413/1407/674
f 1412/1409/678 1371/1460/734 1411/1412/680
f 404/1461/94 1267/1462/486 405/1463/94
f 405/1463/94 1267/1462/486 1424/1464/736
f 405/1463/94 1424/1464/737 1428/1465/738
f 1428/1465/738 1424/1464/737 1423/1466/739
f 1428/1465/738 1423/1466/740 1427/1467/741
f 1427/1467/742 1423/1466/740 1422/1468/743
f 1427/1467/742 1422/1468/743 1426/1469/744
f 1426/1469/744 1422/1468/743 1421/1470/745
f 1426/1469/744 1421/1470/746 1425/1471/747
f 1425/1471/747 1421/1470/748 309/1472/9
f 1425/1471/747 309/1472/9 308/1473/12
f 1267/1462/486 1266/1474/528 1424/1464/737
f 1424/1464/737 1266/1474/528 1423/1466/739
f 1266/1474/528 1265/1475/526 1423/1466/739
f 1423/1466/740 1265/1475/526 1422/1468/743
f 1265/1475/526 1264/1476/554 1422/1468/743
f 1422/1468/743 1264/1476/554 1421/1470/748
f 1264/1476/554 1263/1477/551 1421/1470/746
f 1421/1470/748 1263/1477/551 309/1472/9
f 1263/1477/551 310/1478/549 309/1472/9
f 1425/1471/747 308/1473/12 1429/1479/749
f 1429/1479/750 308/1473/12 307/1480/19
f 1429/1479/749 307/1480/19 1433/1481/751
f 1433/1481/751 307/1480/19 306/1482/20
f 1433/1481/751 306/1482/20 1437/1483/752
f 1437/1483/752 306/1482/20 305/1484/21
f 1437/1483/752 305/1484/21 1441/1485/753
f 1441/1485/753 305/1484/21 304/1486/22
f 1441/1485/753 304/1486/22 1445/1487/754
f 1445/1487/755 304/1486/22 303/1488/24
f 1445/1487/755 303/1488/24 1449/1489/756
f 1449/1489/756 303/1488/24 302/1490/25
f 1449/1489/756 302/1490/25 1453/1491/757
f 1453/1491/757 302/1490/25 301/1492/26
f 1453/1491/757 301/1492/26 1457/1493/758
f 1457/1493/759 301/1492/26 300/1494/28
f 1457/1493/758 300/1494/28 1461/1495/760
f 1461/1495/760 300/1494/28 299/1496/29
f 1461/1495/760 299/1496/29 1465/1497/761
f 1465/1497/761 299/1496/29 298/1498/30
f 1465/1497/761 298/1498/30 1469/1499/762
f 1469/1499/762 298/1498/30 297/1500/32
f 1469/1499/762 297/1500/32 1473/1501/763
f 1473/1501/763 297/1500/32 296/1502/33
f 1473/1501/763 296/1502/33 1476/1503/764
f 1476/1503/764 296/1502/33 295/1504/34
f 1476/1503/764 295/1504/34 1480/1505/765
f 1480/1505/765 295/1504/34 294/1506/36
f 1480/1505/765 294/1506/36 1484/1507/766
f 1484/1507/766 294/1506/36 293/1508/37
f 1484/1507/767 293/1508/37 1488/1509/768
f 1488/1509/768 293/1508/37 292/1510/38
f 1488/1509/768 292/1510/38 1492/1511/769
f 1492/1511/769 292/1510/38 291/1512/39
f 1492/1511/769 291/1512/39 1496/1513/770
f 1496/1513/770 291/1512/39 290/1514/40
f 1496/1513/770 290/1514/40 1500/1515/771
f 1500/1515/771 290/1514/40 289/1516/41
f 1500/1515/771 289/1516/41 1504/1517/772
f 1504/1517/772 289/1516/41 288/466/4
f 1504/1517/772 288/466/4 1508/1518/773
f 1508/1518/773 288/466/4 287/1519/42
f 1508/1518/773 287/1519/42 1512/1520/774
f 1512/1520/774 287/1519/42 286/1521/43
f 1512/1520/774 286/1521/43 1516/1522/775
f 1516/1522/775 286/1521/43 285/1523/44
f 1516/1522/775 285/1523/44 1520/1524/776
f 1520/1524/776 285/1523/44 284/1525/45
f 1520/1524/776 284/1525/45 1524/1526/777
f 1524/1526/778 284/1525/45 283/1527/46
f 1524/1526/777 283/1527/46 1528/1528/779
f 1528/1528/779 283/1527/46 282/1529/47
f 1528/1528/779 282/1529/47 1532/1530/780
f 1532/1530/780 282/1529/47 281/1531/49
f 1532/1530/780 281/1531/49 1536/1532/781
f 1536/1532/782 281/1531/49 280/1533/50
f 1536/1532/781 280/1533/50 1539/1534/783
f 1539/1534/784 280/1533/50 279/1535/51
f 1539/1534/783 279/1535/51 1543/1536/785
f 1543/1536/785 279/1535/51 278/1537/53
f 1543/1536/785 278/1537/53 1547/1538/786
f 1547/1538/787 278/1537/53 277/1539/54
f 1547/1538/786 277/1539/54 1551/1540/788
f 1551/1540/788 277/1539/54 276/1541/55
f 1551/1540/788 276/1541/55 1555/1542/789
f 1555/1542/789 276/1541/55 275/1543/57
f 1555/1542/789 275/1543/57 1559/1544/790
f 1559/1544/790 275/1543/57 274/1545/58
f 1559/1544/790 274/1545/58 1563/1546/791
f 1563/1546/792 274/1545/58 273/1547/59
f 1563/1546/791 273/1547/59 1567/1548/793
f 1567/1548/793 273/1547/59 272/1549/61
f 1567/1548/793 272/1549/61 1571/1550/794
f 1571/1550/794 272/1549/61 271/1551/62
f 1571/1550/794 271/1551/62 1575/1552/795
f 1575/1552/795 271/1551/62 270/1553/63
f 1575/1552/795 270/1553/63 1579/1554/796
f 1579/1554/796 270/1553/63 269/1555/64
f 1579/1554/796 269/1555/64 1583/1556/797
f 1583/1556/797 269/1555/64 268/1557/67
f 1583/1556/797 268/1557/67 1587/1558/798
f 1587/1558/799 268/1557/67 267/1559/74
f 1587/1558/799 267/1559/74 1414/1560/800
f 1414/1560/800 267/1559/74 266/1561/801
f 1414/1560/800 1415/1562/802 1587/1558/803
f 1587/1558/799 1415/1562/802 1588/1563/804
f 1587/1558/805 1588/1563/804 1583/1556/797
f 1583/1556/797 1588/1563/804 1584/1564/806
f 1583/1556/797 1584/1564/806 1579/1554/807
f 1579/1554/796 1584/1564/806 1580/1565/808
f 1579/1554/796 1580/1565/808 1575/1552/795
f 1575/1552/795 1580/1565/808 1576/1566/809
f 1575/1552/795 1576/1566/809 1571/1550/794
f 1571/1550/794 1576/1566/809 1572/1567/810
f 1571/1550/794 1572/1567/810 1567/1548/793
f 1567/1548/793 1572/1567/810 1568/1568/811
f 1567/1548/793 1568/1568/811 1563/1546/792
f 1563/1546/791 1568/1568/811 1564/1569/812
f 1563/1546/791 1564/1569/812 1559/1544/790
f 1559/1544/790 1564/1569/812 1560/1570/813
f 1559/1544/790 1560/1570/813 1555/1542/789
f 1555/1542/789 1560/1570/813 1556/1571/814
f 1555/1542/789 1556/1571/814 1551/1540/788
f 1551/1540/815 1556/1571/814 1552/1572/816
f 1551/1540/815 1552/1572/816 1547/1538/786
f 1547/1538/786 1552/1572/816 1548/1573/817
f 1547/1538/786 1548/1573/817 1543/1536/785
f 1543/1536/785 1548/1573/817 1544/1574/818
f 1543/1536/785 1544/1574/818 1539/1534/783
f 1539/1534/783 1544/1574/818 1540/1575/819
f 1539/1534/783 1540/1575/819 1536/1532/781
f 1536/1532/781 1540/1575/819 1537/1576/820
f 1536/1532/781 1537/1576/820 1532/1530/780
f 1532/1530/780 1537/1576/820 1533/1577/821
f 1532/1530/780 1533/1577/821 1528/1528/779
f 1528/1528/779 1533/1577/821 1529/1578/822
f 1528/1528/779 1529/1578/822 1524/1526/777
f 1524/1526/777 1529/1578/822 1525/1579/823
f 1524/1526/777 1525/1579/823 1520/1524/776
f 1520/1524/776 1525/1579/823 1521/1580/824
f 1520/1524/776 1521/1580/825 1516/1522/775
f 1516/1522/775 1521/1580/825 1517/1581/826
f 1516/1522/775 1517/1581/827 1512/1520/774
f 1512/1520/774 1517/1581/827 1513/1582/828
f 1512/1520/774 1513/1582/828 1508/1518/773
f 1508/1518/773 1513/1582/828 1509/1583/829
f 1508/1518/773 1509/1583/829 1504/1517/772
f 1504/1517/772 1509/1583/829 1505/1584/830
f 1504/1517/772 1505/1584/830 1500/1515/771
f 1500/1515/771 1505/1584/830 1501/1585/831
f 1500/1515/771 1501/1585/831 1496/1513/770
f 1496/1513/770 1501/1585/831 1497/1586/832
f 1496/1513/770 1497/1586/832 1492/1511/769
f 1492/1511/769 1497/1586/832 1493/1587/833
f 1492/1511/769 1493/1587/833 1488/1509/768
f 1488/1509/768 1493/1587/834 1489/1588/835
f 1488/1509/768 1489/1588/835 1484/1507/767
f 1484/1507/766 1489/1588/835 1485/1589/836
f 1484/1507/766 1485/1589/836 1480/1505/765
f 1480/1505/765 1485/1589/836 1481/1590/837
f 1480/1505/765 1481/1590/837 1476/1503/764
f 1476/1503/764 1481/1590/837 1477/1591/838
f 1476/1503/764 1477/1591/838 1473/1501/763
f 1473/1501/763 1477/1591/838 1474/1592/839
f 1473/1501/763 1474/1592/839 1469/1499/762
f 1469/1499/762 1474/1592/839 1470/1593/840
f 1469/1499/762 1470/1593/840 1465/1497/761
f 1465/1497/761 1470/1593/840 1466/1594/841
f 1465/1497/761 1466/1594/841 1461/1495/760
f 1461/1495/760 1466/1594/841 1462/1595/842
f 1461/1495/760 1462/1595/842 1457/1493/759
f 1457/1493/758 1462/1595/843 1458/1596/844
f 1457/1493/758 1458/1596/844 1453/1491/757
f 1453/1491/757 1458/1596/844 1454/1597/845
f 1453/1491/757 1454/1597/845 1449/1489/756
f 1449/1489/756 1454/1597/845 1450/1598/846
f 1449/1489/756 1450/1598/846 1445/1487/755
f 1445/1487/754 1450/1598/846 1446/1599/847
f 1445/1487/754 1446/1599/847 1441/1485/753
f 1441/1485/753 1446/1599/847 1442/1600/848
f 1441/1485/753 1442/1600/848 1437/1483/752
f 1437/1483/752 1442/1600/848 1438/1601/849
f 1437/1483/752 1438/1601/849 1433/1481/751
f 1433/1481/751 1438/1601/849 1434/1602/850
f 1433/1481/751 1434/1602/850 1429/1479/749
f 1429/1479/749 1434/1602/850 1430/1603/851
f 1429/1479/749 1430/1603/851 1425/1471/747
f 1425/1471/747 1430/1603/851 1426/1469/744
f 1415/1562/802 1416/1604/852 1588/1563/804
f 1588/1563/804 1416/1604/852 1589/1605/853
f 1588/1563/804 1589/1605/853 1584/1564/806
f 1584/1564/806 1589/1605/854 1585/1606/855
f 1584/1564/806 1585/1606/855 1580/1565/808
f 1580/1565/808 1585/1606/855 1581/1607/856
f 1580/1565/808 1581/1607/857 1576/1566/809
f 1576/1566/809 1581/1607/856 1577/1608/858
f 1576/1566/809 1577/1608/859 1572/1567/810
f 1572/1567/810 1577/1608/858 1573/1609/860
f 1572/1567/810 1573/1609/860 1568/1568/811
f 1568/1568/811 1573/1609/860 1569/1610/861
f 1568/1568/811 1569/1610/861 1564/1569/812
f 1564/1569/812 1569/1610/861 1565/1611/862
f 1564/1569/812 1565/1611/862 1560/1570/813
f 1560/1570/813 1565/1611/863 1561/1612/864
f 1560/1570/813 1561/1612/864 1556/1571/814
f 1556/1571/814 1561/1612/865 1557/1613/866
f 1556/1571/814 1557/1613/866 1552/1572/816
f 1552/1572/816 1557/1613/866 1553/1614/867
f 1552/1572/816 1553/1614/867 1548/1573/868
f 1548/1573/817 1553/1614/869 1549/1615/870
f 1548/1573/868 1549/1615/870 1544/1574/818
f 1544/1574/818 1549/1615/870 1545/1616/871
f 1544/1574/818 1545/1616/872 1540/1575/873
f 1540/1575/819 1545/1616/871 1541/1617/874
f 1540/1575/873 1541/1617/874 1537/1576/820
f 1537/1576/820 1541/1617/874 1538/1618/875
f 1537/1576/820 1538/1618/875 1533/1577/821
f 1533/1577/821 1538/1618/875 1534/1619/876
f 1533/1577/821 1534/1619/876 1529/1578/822
f 1529/1578/822 1534/1619/876 1530/1620/877
f 1529/1578/822 1530/1620/877 1525/1579/823
f 1525/1579/823 1530/1620/877 1526/1621/878
f 1525/1579/879 1526/1621/878 1521/1580/824
f 1521/1580/824 1526/1621/878 1522/1622/880
f 1521/1580/825 1522/1622/880 1517/1581/827
f 1517/1581/827 1522/1622/880 1518/1623/881
f 1517/1581/882 1518/1623/881 1513/1582/828
f 1513/1582/828 1518/1623/881 1514/1624/883
f 1513/1582/828 1514/1624/883 1509/1583/829
f 1509/1583/829 1514/1624/883 1510/1625/884
f 1509/1583/829 1510/1625/884 1505/1584/830
f 1505/1584/830 1510/1625/884 1506/1626/885
f 1505/1584/830 1506/1626/885 1501/1585/831
f 1501/1585/831 1506/1626/885 1502/1627/886
f 1501/1585/831 1502/1627/886 1497/1586/832
f 1497/1586/832 1502/1627/886 1498/1628/887
f 1497/1586/832 1498/1628/887 1493/1587/833
f 1493/1587/833 1498/1628/887 1494/1629/888
f 1493/1587/834 1494/1629/888 1489/1588/889
f 1489/1588/835 1494/1629/888 1490/1630/890
f 1489/1588/889 1490/1630/890 1485/1589/836
f 1485/1589/836 1490/1630/890 1486/1631/891
f 1485/1589/892 1486/1631/893 1481/1590/837
f 1481/1590/837 1486/1631/893 1482/1632/894
f 1481/1590/837 1482/1632/895 1477/1591/838
f 1477/1591/838 1482/1632/895 1478/1633/896
f 1477/1591/838 1478/1633/896 1474/1592/839
f 1474/1592/839 1478/1633/896 1475/1634/897
f 1474/1592/839 1475/1634/897 1470/1593/898
f 1470/1593/898 1475/1634/897 1471/1635/899
f 1470/1593/840 1471/1635/899 1466/1594/841
f 1466/1594/841 1471/1635/899 1467/1636/900
f 1466/1594/841 1467/1636/900 1462/1595/843
f 1462/1595/843 1467/1636/900 1463/1637/901
f 1462/1595/843 1463/1637/901 1458/1596/844
f 1458/1596/844 1463/1637/901 1459/1638/902
f 1458/1596/844 1459/1638/903 1454/1597/845
f 1454/1597/845 1459/1638/903 1455/1639/904
f 1454/1597/845 1455/1639/904 1450/1598/846
f 1450/1598/846 1455/1639/904 1451/1640/905
f 1450/1598/846 1451/1640/905 1446/1599/847
f 1446/1599/847 1451/1640/906 1447/1641/907
f 1446/1599/847 1447/1641/907 1442/1600/848
f 1442/1600/848 1447/1641/908 1443/1642/909
f 1442/1600/848 1443/1642/909 1438/1601/849
f 1438/1601/849 1443/1642/909 1439/1643/910
f 1438/1601/849 1439/1643/910 1434/1602/850
f 1434/1602/850 1439/1643/910 1435/1644/911
f 1434/1602/850 1435/1644/911 1430/1603/912
f 1430/1603/912 1435/1644/911 1431/1645/913
f 1430/1603/912 1431/1645/913 1426/1469/744
f 1426/1469/744 1431/1645/913 1427/1467/741
f 1416/1604/852 1417/1646/914 1589/1605/854
f 1589/1605/854 1417/1646/914 1590/1647/915
f 1589/1605/853 1590/1647/915 1585/1606/855
f 1585/1606/855 1590/1647/915 1586/1648/916
f 1585/1606/855 1586/1648/916 1581/1607/856
f 1581/1607/856 1586/1648/916 1582/1649/917
f 1581/1607/856 1582/1649/917 1577/1608/858
f 1577/1608/858 1582/1649/917 1578/1650/918
f 1577/1608/858 1578/1650/918 1573/1609/860
f 1573/1609/860 1578/1650/918 1574/1651/919
f 1573/1609/860 1574/1651/919 1569/1610/861
f 1569/1610/861 1574/1651/919 1570/1652/920
f 1569/1610/861 1570/1652/920 1565/1611/863
f 1565/1611/862 1570/1652/920 1566/1653/921
f 1565/1611/862 1566/1653/921 1561/1612/865
f 1561/1612/865 1566/1653/921 1562/1654/922
f 1561/1612/865 1562/1654/922 1557/1613/866
f 1557/1613/866 1562/1654/922 1558/1655/923
f 1557/1613/866 1558/1655/923 1553/1614/869
f 1553/1614/869 1558/1655/923 1554/1656/924
f 1553/1614/869 1554/1656/924 1549/1615/870
f 1549/1615/870 1554/1656/924 1550/1657/925
f 1549/1615/870 1550/1657/925 1545/1616/871
f 1545/1616/871 1550/1657/925 1546/1658/926
f 1545/1616/871 1546/1658/926 1541/1617/874
f 1541/1617/874 1546/1658/926 1542/1659/927
f 1541/1617/874 1542/1659/927 1538/1618/875
f 1538/1618/875 1542/1659/927 1419/1660/928
f 1538/1618/875 1419/1660/929 1534/1619/876
f 1534/1619/876 1419/1660/929 1535/1661/930
f 1534/1619/876 1535/1661/930 1530/1620/877
f 1530/1620/877 1535/1661/931 1531/1662/932
f 1530/1620/877 1531/1662/932 1526/1621/933
f 1526/1621/934 1531/1662/932 1527/1663/935
f 1526/1621/934 1527/1663/935 1522/1622/880
f 1522/1622/880 1527/1663/935 1523/1664/936
f 1522/1622/880 1523/1664/937 1518/1623/881
f 1518/1623/881 1523/1664/936 1519/1665/938
f 1518/1623/881 1519/1665/938 1514/1624/939
f 1514/1624/939 1519/1665/938 1515/1666/940
f 1514/1624/939 1515/1666/940 1510/1625/884
f 1510/1625/884 1515/1666/940 1511/1667/941
f 1510/1625/884 1511/1667/941 1506/1626/885
f 1506/1626/885 1511/1667/941 1507/1668/942
f 1506/1626/885 1507/1668/942 1502/1627/886
f 1502/1627/886 1507/1668/942 1503/1669/943
f 1502/1627/886 1503/1669/943 1498/1628/944
f 1498/1628/944 1503/1669/943 1499/1670/945
f 1498/1628/944 1499/1670/945 1494/1629/888
f 1494/1629/888 1499/1670/945 1495/1671/946
f 1494/1629/888 1495/1671/946 1490/1630/890
f 1490/1630/890 1495/1671/946 1491/1672/947
f 1490/1630/890 1491/1672/948 1486/1631/949
f 1486/1631/949 1491/1672/948 1487/1673/950
f 1486/1631/949 1487/1673/950 1482/1632/895
f 1482/1632/895 1487/1673/950 1483/1674/951
f 1482/1632/894 1483/1674/951 1478/1633/896
f 1478/1633/896 1483/1674/951 1479/1675/952
f 1478/1633/896 1479/1675/952 1475/1634/897
f 1475/1634/953 1479/1675/952 1420/1676/954
f 1475/1634/897 1420/1676/954 1471/1635/899
f 1471/1635/899 1420/1676/954 1472/1677/955
f 1471/1635/899 1472/1677/955 1467/1636/900
f 1467/1636/900 1472/1677/955 1468/1678/956
f 1467/1636/900 1468/1678/956 1463/1637/957
f 1463/1637/901 1468/1678/956 1464/1679/958
f 1463/1637/901 1464/1679/958 1459/1638/902
f 1459/1638/902 1464/1679/958 1460/1680/959
f 1459/1638/902 1460/1680/959 1455/1639/904
f 1455/1639/904 1460/1680/959 1456/1681/960
f 1455/1639/904 1456/1681/960 1451/1640/905
f 1451/1640/905 1456/1681/960 1452/1682/961
f 1451/1640/905 1452/1682/961 1447/1641/907
f 1447/1641/908 1452/1682/961 1448/1683/962
f 1447/1641/907 1448/1683/962 1443/1642/909
f 1443/1642/909 1448/1683/962 1444/1684/963
f 1443/1642/909 1444/1684/963 1439/1643/910
f 1439/1643/910 1444/1684/963 1440/1685/964
f 1439/1643/910 1440/1685/964 1435/1644/911
f 1435/1644/911 1440/1685/964 1436/1686/965
f 1435/1644/911 1436/1686/965 1431/1645/913
f 1431/1645/913 1436/1686/965 1432/1687/966
f 1431/1645/913 1432/1687/966 1427/1467/741
f 1427/1467/741 1432/1687/966 1428/1465/738
f 1417/1646/914 1418/1688/967 1590/1647/915
f 1590/1647/968 1418/1688/967 444/1689/94
f 1590/1647/915 444/1689/94 1586/1648/916
f 1586/1648/916 444/1689/94 443/1690/94
f 1586/1648/916 443/1690/94 1582/1649/969
f 1582/1649/917 443/1690/94 442/1691/94
f 1582/1649/969 442/1691/94 1578/1650/970
f 1578/1650/918 442/1691/94 441/1692/94
f 1578/1650/918 441/1692/94 1574/1651/919
f 1574/1651/919 441/1692/94 440/1693/94
f 1574/1651/919 440/1693/94 1570/1652/920
f 1570/1652/920 440/1693/94 439/1694/94
f 1570/1652/920 439/1694/94 1566/1653/921
f 1566/1653/921 439/1694/94 438/1695/94
f 1566/1653/971 438/1695/94 1562/1654/972
f 1562/1654/922 438/1695/94 437/1696/94
f 1562/1654/922 437/1696/94 1558/1655/973
f 1558/1655/974 437/1696/94 436/1697/94
f 1558/1655/923 436/1697/94 1554/1656/924
f 1554/1656/975 436/1697/94 435/1698/94
f 1554/1656/924 435/1698/94 1550/1657/976
f 1550/1657/976 435/1698/94 434/1699/94
f 1550/1657/925 434/1699/94 1546/1658/926
f 1546/1658/926 434/1699/94 433/1700/94
f 1546/1658/977 433/1700/94 1542/1659/978
f 1542/1659/927 433/1700/94 432/1701/94
f 1542/1659/927 432/1701/94 1419/1660/929
f 1419/1660/928 432/1701/94 431/1702/94
f 1419/1660/929 431/1702/94 1535/1661/931
f 1535/1661/931 431/1702/94 1531/1662/932
f 1418/1688/967 387/1703/94 444/1689/94
f 431/1702/94 430/1704/94 1531/1662/932
f 1531/1662/932 430/1704/94 1527/1663/979
f 430/1704/94 429/1705/94 1527/1663/979
f 1527/1663/935 429/1705/94 1523/1664/937
f 429/1705/94 428/1706/94 1523/1664/936
f 1523/1664/980 428/1706/94 1519/1665/938
f 428/1706/94 427/1707/94 1519/1665/938
f 1519/1665/938 427/1707/94 1515/1666/940
f 427/1707/94 426/1708/94 1515/1666/940
f 1515/1666/940 426/1708/94 1511/1667/941
f 426/1708/94 425/1709/94 1511/1667/941
f 1511/1667/981 425/1709/94 1507/1668/942
f 425/1709/94 424/1710/94 1507/1668/942
f 1507/1668/942 424/1710/94 1503/1669/982
f 424/1710/94 423/1711/94 1503/1669/943
f 1503/1669/943 423/1711/94 1499/1670/945
f 423/1711/94 422/1712/94 1499/1670/945
f 1499/1670/945 422/1712/94 1495/1671/946
f 422/1712/94 421/1713/94 1495/1671/946
f 1495/1671/946 421/1713/94 1491/1672/983
f 421/1713/94 420/1714/94 1491/1672/947
f 1491/1672/948 420/1714/94 1487/1673/950
f 420/1714/94 419/1715/94 1487/1673/984
f 1487/1673/984 419/1715/94 1483/1674/951
f 419/1715/94 418/1716/94 1483/1674/951
f 1483/1674/951 418/1716/94 1479/1675/985
f 1479/1675/985 418/1716/94 1420/1676/954
f 1420/1676/986 418/1716/94 417/1717/94
f 1420/1676/954 417/1717/94 1472/1677/955
f 1472/1677/955 417/1717/94 416/1718/94
f 1472/1677/987 416/1718/94 1468/1678/988
f 1468/1678/956 416/1718/94 415/1719/94
f 1468/1678/956 415/1719/94 1464/1679/958
f 1464/1679/989 415/1719/94 414/1720/94
f 1464/1679/989 414/1720/94 1460/1680/959
f 1460/1680/990 414/1720/94 413/1721/94
f 1460/1680/959 413/1721/94 1456/1681/960
f 1456/1681/991 413/1721/94 412/1722/94
f 1456/1681/992 412/1722/94 1452/1682/961
f 1452/1682/961 412/1722/94 411/1723/94
f 1452/1682/993 411/1723/94 1448/1683/994
f 1448/1683/962 411/1723/94 410/1724/94
f 1448/1683/962 410/1724/94 1444/1684/963
f 1444/1684/963 410/1724/94 409/1725/94
f 1444/1684/963 409/1725/94 1440/1685/964
f 1440/1685/964 409/1725/94 408/1726/94
f 1440/1685/964 408/1726/94 1436/1686/965
f 1436/1686/965 408/1726/94 407/1727/94
f 1436/1686/995 407/1727/94 1432/1687/966
f 1432/1687/966 407/1727/94 406/1728/94
f 1432/1687/996 406/1728/94 1428/1465/738
f 1428/1465/738 406/1728/94 405/1463/94
f 484/1729/149 165/1730/149 1592/1731/997
f 1592/1731/997 165/1730/149 164/1732/997
f 1592/1731/997 164/1732/997 1591/1733/998
f 1591/1733/998 164/1732/997 163/1734/998
f 1591/1733/999 163/1734/999 395/1240/94
f 395/1240/94 163/1734/999 162/1241/94
f 1312/1735/676 461/1736/148 1598/1737/1000
f 1598/1737/1001 461/1736/148 1311/1738/572
f 1598/1737/1001 1311/1738/1002 1620/1739/1003
f 1620/1739/1004 1311/1738/572 1607/1740/1005
f 1620/1739/1004 1607/1740/1005 1608/1741/1006
f 1608/1741/1006 1607/1740/1005 1641/1742/1007
f 1608/1741/1006 1641/1742/1008 1642/1743/1009
f 1642/1743/1010 1641/1742/1008 1632/1744/1011
f 1642/1743/1009 1632/1744/1012 1631/1745/1013
f 1631/1745/1014 1632/1744/1011 1624/1746/1015
f 1631/1745/1013 1624/1746/1015 1625/1747/1016
f 1625/1747/1016 1624/1746/1015 1637/1748/1017
f 1625/1747/1018 1637/1748/1017 1636/1749/1019
f 1636/1749/1019 1637/1748/1017 382/1750/93
f 1636/1749/1019 382/1750/93 381/1751/93
f 1607/1740/1005 1311/1738/572 1599/1752/1020
f 1599/1752/1020 1311/1738/1002 1310/1753/573
f 1599/1752/1020 1310/1753/574 1634/1754/1021
f 1634/1754/1021 1310/1753/573 1621/1755/1022
f 1634/1754/1021 1621/1755/1023 1622/1756/1024
f 1622/1756/1025 1621/1755/1023 1640/1757/1026
f 1622/1756/1024 1640/1757/1026 1639/1758/1027
f 1639/1758/1028 1640/1757/1026 384/1759/93
f 1639/1758/1028 384/1759/93 1638/1760/1029
f 1638/1760/1030 384/1759/93 383/1761/93
f 1638/1760/1029 383/1761/93 1637/1748/1017
f 1637/1748/1017 383/1761/93 382/1750/93
f 1621/1755/1022 1310/1753/574 1600/1762/1031
f 1600/1762/1031 1310/1753/573 386/1763/93
f 1600/1762/1031 386/1763/93 385/1764/93
f 385/1764/93 384/1759/93 1600/1762/1031
f 1600/1762/1031 384/1759/93 1640/1757/1026
f 1600/1762/1031 1640/1757/1026 1621/1755/1022
f 381/1751/93 380/1765/93 1636/1749/1019
f 1636/1749/1019 380/1765/93 379/1766/93
f 1636/1749/1019 379/1766/93 1635/1767/1032
f 1635/1767/1032 379/1766/93 1593/1768/1033
f 1635/1767/1032 1593/1768/1033 1627/1769/1034
f 1627/1769/1034 1593/1768/1035 1594/1770/1036
f 1627/1769/1034 1594/1770/1036 1628/1771/1037
f 1628/1771/1037 1594/1770/1036 1595/1772/1038
f 1628/1771/1037 1595/1772/1038 1646/1773/1039
f 1646/1773/1040 1595/1772/1038 1613/1774/1041
f 1646/1773/1040 1613/1774/1041 1612/1775/1042
f 1612/1775/1042 1613/1774/1041 1615/1776/1043
f 1612/1775/1042 1615/1776/1043 1616/1777/1044
f 1616/1777/1044 1615/1776/1045 1604/1778/1046
f 1616/1777/1047 1604/1778/1046 1603/1779/1048
f 1603/1779/1048 1604/1778/1049 1313/1780/1050
f 1603/1779/1048 1313/1780/1050 1602/1781/1051
f 1602/1781/1051 1313/1780/1052 1312/1735/676
f 1602/1781/1051 1312/1735/676 1601/1782/1053
f 1601/1782/1053 1312/1735/1054 1598/1737/1000
f 1601/1782/1053 1598/1737/1000 1619/1783/1055
f 1619/1783/1055 1598/1737/1001 1620/1739/1056
f 1619/1783/1057 1620/1739/1004 1608/1741/1006
f 379/1766/93 378/1784/93 1593/1768/1033
f 1595/1772/1038 1596/1785/1058 1613/1774/1041
f 1613/1774/1041 1596/1785/1058 1614/1786/1059
f 1613/1774/1041 1614/1786/1059 1615/1776/1045
f 1615/1776/1043 1614/1786/1060 1605/1787/1061
f 1615/1776/1062 1605/1787/1061 1604/1778/1049
f 1604/1778/1063 1605/1787/1061 1314/1788/1064
f 1604/1778/1065 1314/1788/1066 1313/1780/1052
f 1596/1785/1058 1597/1789/1067 1614/1786/1060
f 1614/1786/1060 1597/1789/1067 1606/1790/1068
f 1614/1786/1059 1606/1790/1068 1605/1787/1061
f 1605/1787/1061 1606/1790/1068 1315/1791/1069
f 1605/1787/1061 1315/1791/1070 1314/1788/1064
f 1597/1789/1067 205/1792/549 1606/1790/1068
f 1606/1790/1068 205/1792/5 1315/1791/1069
f 1602/1781/1051 1601/1782/1053 1618/1793/1071
f 1618/1793/1071 1601/1782/1053 1619/1783/1057
f 1618/1793/1071 1619/1783/1057 1609/1794/1072
f 1609/1794/1072 1619/1783/1055 1608/1741/1006
f 1609/1794/1073 1608/1741/1006 1642/1743/1009
f 1603/1779/1048 1602/1781/1051 1617/1795/1074
f 1617/1795/1075 1602/1781/1051 1618/1793/1071
f 1617/1795/1074 1618/1793/1071 1610/1796/1076
f 1610/1796/1076 1618/1793/1071 1609/1794/1072
f 1610/1796/1076 1609/1794/1072 1643/1797/1077
f 1643/1797/1077 1609/1794/1072 1642/1743/1010
f 1643/1797/1077 1642/1743/1009 1631/1745/1013
f 1610/1796/1076 1611/1798/1078 1617/1795/1074
f 1617/1795/1074 1611/1798/1079 1616/1777/1044
f 1617/1795/1074 1616/1777/1044 1603/1779/1080
f 1616/1777/1044 1611/1798/1079 1612/1775/1042
f 1612/1775/1042 1611/1798/1078 1645/1799/1081
f 1612/1775/1042 1645/1799/1081 1646/1773/1040
f 1646/1773/1040 1645/1799/1081 1628/1771/1037
f 1611/1798/1079 1610/1796/1076 1644/1800/1082
f 1644/1800/1083 1610/1796/1076 1643/1797/1084
f 1644/1800/1085 1643/1797/1077 1630/1801/1086
f 1630/1801/1086 1643/1797/1087 1631/1745/1013
f 1630/1801/1086 1631/1745/1013 1625/1747/1016
f 1622/1756/1025 1623/1802/1088 1633/1803/1089
f 1633/1803/1089 1623/1802/1088 1632/1744/1012
f 1633/1803/1089 1632/1744/1011 1641/1742/1008
f 1632/1744/1011 1623/1802/1088 1624/1746/1015
f 1624/1746/1015 1623/1802/1090 1638/1760/1029
f 1624/1746/1015 1638/1760/1029 1637/1748/1017
f 1638/1760/1029 1623/1802/1090 1639/1758/1028
f 1639/1758/1028 1623/1802/1090 1622/1756/1024
f 1625/1747/1016 1626/1804/1091 1630/1801/1092
f 1630/1801/1092 1626/1804/1093 1629/1805/1094
f 1630/1801/1086 1629/1805/1095 1644/1800/1082
f 1644/1800/1083 1629/1805/1096 1645/1799/1081
f 1644/1800/1083 1645/1799/1081 1611/1798/1079
f 1626/1804/1093 1627/1769/1034 1629/1805/1094
f 1629/1805/1094 1627/1769/1097 1628/1771/1037
f 1629/1805/1094 1628/1771/1037 1645/1799/1081
f 1625/1747/1018 1636/1749/1019 1626/1804/1091
f 1626/1804/1091 1636/1749/1019 1635/1767/1032
f 1626/1804/1091 1635/1767/1032 1627/1769/1034
f 1599/1752/1020 1634/1754/1021 1633/1803/1089
f 1633/1803/1089 1634/1754/1021 1622/1756/1025
f 1599/1752/1020 1633/1803/1089 1641/1742/1007
f 1599/1752/1098 1641/1742/1007 1607/1740/1005
f 1591/1806/998 395/1807/94 1653/1808/1099
f 1653/1808/1099 395/1807/94 394/1809/94
f 1653/1808/1099 394/1809/94 393/1810/94
f 392/1811/94 1657/1812/1100 393/1810/94
f 393/1810/94 1657/1812/1101 1658/1813/1102
f 393/1810/94 1658/1813/1102 1659/1814/1103
f 1659/1814/1103 1658/1813/1104 1665/1815/1105
f 1659/1814/1103 1665/1815/1106 1666/1816/1107
f 1666/1816/1107 1665/1815/1105 1673/1817/1108
f 1666/1816/1109 1673/1817/1108 1591/1806/998
f 1591/1806/999 1673/1817/1108 1652/1818/1110
f 1591/1806/998 1652/1818/1110 1592/1819/997
f 1592/1819/997 1652/1818/1110 1680/1820/1111
f 1592/1819/997 1680/1820/1111 1693/1821/1112
f 1693/1821/1113 1680/1820/1111 1679/1822/1114
f 1693/1821/1115 1679/1822/1114 1692/1823/1116
f 1692/1823/1117 1679/1822/1114 1678/1824/1118
f 1692/1823/1116 1678/1824/1118 1691/1825/1119
f 1691/1825/1119 1678/1824/1118 1677/1826/1120
f 1691/1825/1119 1677/1826/1120 1690/1827/1121
f 1690/1827/1122 1677/1826/1120 1676/1828/1123
f 1690/1827/1121 1676/1828/1124 1689/1829/1125
f 1689/1829/1126 1676/1828/1124 1675/1830/1127
f 1689/1829/1126 1675/1830/1127 1688/1831/1128
f 1688/1831/1128 1675/1830/1127 1674/1832/1129
f 1688/1831/1130 1674/1832/1129 1687/1833/1131
f 1687/1833/1132 1674/1832/1129 1415/1834/802
f 1687/1833/1132 1415/1834/802 1414/1835/800
f 1657/1812/1101 392/1811/94 1656/1836/1133
f 1656/1836/1133 392/1811/94 391/1837/94
f 1656/1836/1133 391/1837/94 1655/1838/1134
f 1655/1838/1134 391/1837/94 390/1839/94
f 1655/1838/1134 390/1839/94 389/1840/94
f 389/1840/94 388/1841/94 1655/1838/1134
f 1655/1838/1134 388/1841/94 1654/1842/1135
f 1655/1838/1134 1654/1842/1135 1661/1843/1136
f 1661/1843/1137 1654/1842/1135 1660/1844/1138
f 1661/1843/1137 1660/1844/1138 1668/1845/1139
f 1668/1845/1139 1660/1844/1140 1667/1846/1141
f 1668/1845/1142 1667/1846/1141 1685/1847/1143
f 1685/1847/1143 1667/1846/1141 1686/1848/1144
f 1685/1847/1143 1686/1848/1145 1675/1830/1127
f 1675/1830/1127 1686/1848/1144 1674/1832/1129
f 387/1849/94 1418/1850/967 388/1841/94
f 388/1841/94 1418/1850/967 1654/1842/1135
f 1654/1842/1135 1418/1850/967 1660/1844/1138
f 1660/1844/1138 1418/1850/1146 1417/1851/914
f 1660/1844/1138 1417/1851/914 1667/1846/1141
f 1667/1846/1141 1417/1851/914 1416/1852/852
f 1667/1846/1141 1416/1852/852 1686/1848/1145
f 1686/1848/1144 1416/1852/852 1674/1832/1129
f 1416/1852/852 1415/1834/802 1674/1832/1129
f 1687/1833/1132 1414/1835/800 1694/1853/1147
f 1694/1853/1147 1414/1835/800 266/1854/801
f 1694/1853/1147 266/1854/1148 1647/1855/1149
f 1694/1853/1147 1647/1855/1149 1695/1856/1150
f 1695/1856/1150 1647/1855/1151 1648/1857/1152
f 1695/1856/1153 1648/1857/1154 1696/1858/1155
f 1696/1858/1155 1648/1857/1152 1649/1859/1156
f 1696/1858/1157 1649/1859/1156 1697/1860/1158
f 1697/1860/1158 1649/1859/1159 1698/1861/1160
f 1697/1860/1158 1698/1861/1160 1690/1827/1122
f 1690/1827/1161 1698/1861/1162 1691/1825/1119
f 1649/1859/1163 1650/1862/1164 1698/1861/1160
f 1698/1861/1160 1650/1862/1165 1699/1863/1166
f 1698/1861/1160 1699/1863/1166 1691/1825/1119
f 1691/1825/1119 1699/1863/1166 1692/1823/1116
f 1699/1863/1166 1650/1862/1164 1651/1864/1167
f 1651/1864/1168 1650/1862/1164 484/1865/149
f 1651/1864/1167 484/1865/149 1592/1819/997
f 1666/1816/1109 1591/1806/999 1653/1808/1099
f 1592/1819/1169 1693/1821/1112 1651/1864/1170
f 1651/1864/1167 1693/1821/1115 1692/1823/1117
f 1651/1864/1168 1692/1823/1116 1699/1863/1166
f 1656/1836/1133 1655/1838/1134 1662/1866/1171
f 1662/1866/1172 1655/1838/1134 1661/1843/1137
f 1662/1866/1171 1661/1843/1136 1669/1867/1173
f 1669/1867/1174 1661/1843/1137 1668/1845/1175
f 1669/1867/1174 1668/1845/1175 1684/1868/1176
f 1684/1868/1177 1668/1845/1175 1685/1847/1143
f 1684/1868/1178 1685/1847/1143 1676/1828/1124
f 1676/1828/1124 1685/1847/1143 1675/1830/1127
f 1657/1812/1101 1656/1836/1133 1663/1869/1179
f 1663/1869/1179 1656/1836/1133 1662/1866/1171
f 1663/1869/1179 1662/1866/1171 1670/1870/1180
f 1670/1870/1180 1662/1866/1171 1669/1867/1173
f 1670/1870/1180 1669/1867/1174 1683/1871/1181
f 1683/1871/1182 1669/1867/1174 1684/1868/1178
f 1683/1871/1182 1684/1868/1178 1677/1826/1120
f 1677/1826/1120 1684/1868/1176 1676/1828/1124
f 1653/1808/1099 393/1810/94 1659/1814/1103
f 1658/1813/1102 1657/1812/1101 1664/1872/1183
f 1664/1872/1183 1657/1812/1101 1663/1869/1179
f 1664/1872/1183 1663/1869/1179 1671/1873/1184
f 1671/1873/1184 1663/1869/1179 1670/1870/1185
f 1671/1873/1186 1670/1870/1185 1682/1874/1187
f 1682/1874/1187 1670/1870/1180 1683/1871/1182
f 1682/1874/1188 1683/1871/1181 1678/1824/1118
f 1678/1824/1118 1683/1871/1189 1677/1826/1120
f 1666/1816/1107 1653/1808/1099 1659/1814/1103
f 1658/1813/1102 1664/1872/1183 1665/1815/1106
f 1665/1815/1105 1664/1872/1183 1672/1875/1190
f 1665/1815/1106 1672/1875/1190 1673/1817/1108
f 1673/1817/1191 1672/1875/1190 1652/1818/1110
f 1672/1875/1190 1664/1872/1192 1671/1873/1186
f 1672/1875/1190 1671/1873/1184 1681/1876/1193
f 1681/1876/1194 1671/1873/1184 1682/1874/1187
f 1681/1876/1193 1682/1874/1187 1679/1822/1114
f 1679/1822/1114 1682/1874/1187 1678/1824/1195
f 1679/1822/1114 1680/1820/1111 1681/1876/1193
f 1681/1876/1193 1680/1820/1111 1652/1818/1196
f 1681/1876/1194 1652/1818/1110 1672/1875/1190
f 1694/1853/1147 1695/1856/1150 1687/1833/1131
f 1687/1833/1132 1695/1856/1150 1688/1831/1128
f 1697/1860/1158 1690/1827/1122 1689/1829/1126
f 1695/1856/1197 1696/1858/1155 1688/1831/1128
f 1688/1831/1128 1696/1858/1198 1689/1829/1126
f 1696/1858/1155 1697/1860/1158 1689/1829/1126
f 205/1478/549 1597/1877/1067 206/1472/9
f 206/1472/9 1597/1877/1067 1710/1878/1199
f 206/1472/9 1710/1878/1199 207/1473/12
f 207/1473/12 1710/1878/1200 1714/1879/1201
f 207/1473/12 1714/1879/1201 208/1480/19
f 208/1480/19 1714/1879/1201 1718/1880/1202
f 208/1480/19 1718/1880/1202 209/1482/20
f 209/1482/20 1718/1880/1202 1722/1881/1203
f 209/1482/20 1722/1881/1203 210/1484/21
f 210/1484/21 1722/1881/1203 1726/1882/1204
f 210/1484/21 1726/1882/1204 211/1486/22
f 211/1486/22 1726/1882/1204 1730/1883/1205
f 211/1486/22 1730/1883/1205 212/1488/24
f 212/1488/24 1730/1883/1205 1734/1884/1206
f 212/1488/24 1734/1884/1207 213/1490/25
f 213/1490/25 1734/1884/1206 1738/1885/1208
f 213/1490/25 1738/1885/1208 214/1492/26
f 214/1492/26 1738/1885/1208 1742/1886/1209
f 214/1492/26 1742/1886/1209 215/1494/28
f 215/1494/28 1742/1886/1209 1746/1887/1210
f 215/1494/28 1746/1887/1210 216/1496/29
f 216/1496/29 1746/1887/1210 1750/1888/1211
f 216/1496/29 1750/1888/1212 217/1498/30
f 217/1498/30 1750/1888/1211 1754/1889/1213
f 217/1498/30 1754/1889/1213 218/1500/32
f 218/1500/32 1754/1889/1213 1758/1890/1214
f 218/1500/32 1758/1890/1215 219/1502/33
f 219/1502/33 1758/1890/1214 1761/1891/1216
f 219/1502/33 1761/1891/1217 220/1504/34
f 220/1504/34 1761/1891/1216 1766/1892/1218
f 220/1504/34 1766/1892/1218 221/1506/36
f 221/1506/36 1766/1892/1218 1765/1893/1219
f 221/1506/36 1765/1893/1219 222/1508/37
f 222/1508/37 1765/1893/1219 1773/1894/1220
f 222/1508/37 1773/1894/1221 223/1510/38
f 223/1510/38 1773/1894/1220 1777/1895/1222
f 223/1510/38 1777/1895/1222 224/1512/39
f 224/1512/39 1777/1895/1222 1781/1896/1223
f 224/1512/39 1781/1896/1223 225/1514/40
f 225/1514/40 1781/1896/1223 1785/1897/1224
f 225/1514/40 1785/1897/1224 226/1516/41
f 226/1516/41 1785/1897/1224 1789/1898/1225
f 226/1516/41 1789/1898/1225 227/466/4
f 227/466/4 1789/1898/1225 1793/1899/1226
f 227/466/4 1793/1899/1226 228/1519/42
f 228/1519/42 1793/1899/1226 1797/1900/1227
f 228/1519/42 1797/1900/1227 229/1521/43
f 229/1521/43 1797/1900/1227 1801/1901/1228
f 229/1521/43 1801/1901/1228 230/1523/44
f 230/1523/44 1801/1901/1228 1805/1902/1229
f 230/1523/44 1805/1902/1229 231/1525/45
f 231/1525/45 1805/1902/1229 1809/1903/1230
f 231/1525/45 1809/1903/1230 232/1527/46
f 232/1527/46 1809/1903/1230 1813/1904/1231
f 232/1527/46 1813/1904/1232 233/1529/47
f 233/1529/47 1813/1904/1232 1817/1905/1233
f 233/1529/47 1817/1905/1233 234/1531/49
f 234/1531/49 1817/1905/1233 1821/1906/1234
f 234/1531/49 1821/1906/1234 235/1533/50
f 235/1533/50 1821/1906/1234 1826/1907/1235
f 235/1533/50 1826/1907/1235 236/1535/51
f 236/1535/51 1826/1907/1235 1825/1908/1236
f 236/1535/51 1825/1908/1236 237/1537/53
f 237/1537/53 1825/1908/1236 1832/1909/1237
f 237/1537/53 1832/1909/1237 238/1539/54
f 238/1539/54 1832/1909/1237 1836/1910/1238
f 238/1539/54 1836/1910/1238 239/1541/55
f 239/1541/55 1836/1910/1238 1840/1911/1239
f 239/1541/55 1840/1911/1240 240/1543/57
f 240/1543/57 1840/1911/1239 1844/1912/1241
f 240/1543/57 1844/1912/1241 241/1545/58
f 241/1545/58 1844/1912/1241 1848/1913/1242
f 241/1545/58 1848/1913/1242 242/1547/59
f 242/1547/59 1848/1913/1242 1852/1914/1243
f 242/1547/59 1852/1914/1243 243/1549/61
f 243/1549/61 1852/1914/1244 1856/1915/1245
f 243/1549/61 1856/1915/1245 244/1551/62
f 244/1551/62 1856/1915/1245 1860/1916/1246
f 244/1551/62 1860/1916/1246 245/1553/63
f 245/1553/63 1860/1916/1246 1864/1917/1247
f 245/1553/63 1864/1917/1247 246/1555/64
f 246/1555/64 1864/1917/1247 1868/1918/1248
f 246/1555/64 1868/1918/1249 247/1557/67
f 247/1557/67 1868/1918/1248 1872/1919/1250
f 247/1557/67 1872/1919/1250 248/1559/74
f 248/1559/74 1872/1919/1250 1876/1920/1251
f 248/1559/74 1876/1920/1251 1704/1921/1252
f 1704/1921/1252 1876/1920/1253 1703/1922/1254
f 1703/1922/1254 1876/1920/1251 1875/1923/1255
f 1703/1922/1254 1875/1923/1255 1702/1924/1256
f 1702/1924/1256 1875/1923/1255 1874/1925/1257
f 1702/1924/1256 1874/1925/1258 1701/1926/1259
f 1701/1926/1259 1874/1925/1258 1873/1927/1260
f 1701/1926/1259 1873/1927/1260 1700/1928/1261
f 1700/1928/1261 1873/1927/1262 338/1929/93
f 1700/1928/1261 338/1929/93 337/1930/93
f 1597/1877/1067 1596/1931/1058 1710/1878/1263
f 1710/1878/1199 1596/1931/1058 1709/1932/1264
f 1710/1878/1265 1709/1932/1264 1714/1879/1201
f 1714/1879/1201 1709/1932/1264 1713/1933/1266
f 1714/1879/1201 1713/1933/1266 1718/1880/1267
f 1718/1880/1202 1713/1933/1266 1717/1934/1268
f 1718/1880/1202 1717/1934/1268 1722/1881/1203
f 1722/1881/1203 1717/1934/1268 1721/1935/1269
f 1722/1881/1203 1721/1935/1269 1726/1882/1204
f 1726/1882/1204 1721/1935/1269 1725/1936/1270
f 1726/1882/1204 1725/1936/1270 1730/1883/1205
f 1730/1883/1205 1725/1936/1270 1729/1937/1271
f 1730/1883/1205 1729/1937/1271 1734/1884/1207
f 1734/1884/1206 1729/1937/1271 1733/1938/1272
f 1734/1884/1206 1733/1938/1272 1738/1885/1208
f 1738/1885/1208 1733/1938/1272 1737/1939/1273
f 1738/1885/1208 1737/1939/1273 1742/1886/1209
f 1742/1886/1209 1737/1939/1273 1741/1940/1274
f 1742/1886/1209 1741/1940/1274 1746/1887/1210
f 1746/1887/1275 1741/1940/1274 1745/1941/1276
f 1746/1887/1275 1745/1941/1276 1750/1888/1211
f 1750/1888/1211 1745/1941/1276 1749/1942/1277
f 1750/1888/1211 1749/1942/1277 1754/1889/1213
f 1754/1889/1213 1749/1942/1277 1753/1943/1278
f 1754/1889/1213 1753/1943/1278 1758/1890/1214
f 1758/1890/1214 1753/1943/1278 1757/1944/1279
f 1758/1890/1214 1757/1944/1279 1761/1891/1216
f 1761/1891/1216 1757/1944/1279 1760/1945/1280
f 1761/1891/1216 1760/1945/1280 1766/1892/1218
f 1766/1892/1218 1760/1945/1280 1767/1946/1281
f 1766/1892/1218 1767/1946/1281 1765/1893/1219
f 1765/1893/1219 1767/1946/1281 1764/1947/1282
f 1765/1893/1219 1764/1947/1282 1773/1894/1220
f 1773/1894/1220 1764/1947/1282 1772/1948/1283
f 1773/1894/1220 1772/1948/1283 1777/1895/1222
f 1777/1895/1222 1772/1948/1283 1776/1949/1284
f 1777/1895/1222 1776/1949/1285 1781/1896/1223
f 1781/1896/1223 1776/1949/1285 1780/1950/1286
f 1781/1896/1223 1780/1950/1287 1785/1897/1224
f 1785/1897/1224 1780/1950/1287 1784/1951/1288
f 1785/1897/1224 1784/1951/1288 1789/1898/1225
f 1789/1898/1225 1784/1951/1288 1788/1952/1289
f 1789/1898/1225 1788/1952/1289 1793/1899/1226
f 1793/1899/1226 1788/1952/1289 1792/1953/1290
f 1793/1899/1226 1792/1953/1290 1797/1900/1227
f 1797/1900/1227 1792/1953/1290 1796/1954/1291
f 1797/1900/1227 1796/1954/1291 1801/1901/1228
f 1801/1901/1228 1796/1954/1291 1800/1955/1292
f 1801/1901/1228 1800/1955/1292 1805/1902/1229
f 1805/1902/1229 1800/1955/1292 1804/1956/1293
f 1805/1902/1229 1804/1956/1293 1809/1903/1230
f 1809/1903/1230 1804/1956/1294 1808/1957/1295
f 1809/1903/1230 1808/1957/1295 1813/1904/1231
f 1813/1904/1232 1808/1957/1295 1812/1958/1296
f 1813/1904/1232 1812/1958/1296 1817/1905/1233
f 1817/1905/1233 1812/1958/1296 1816/1959/1297
f 1817/1905/1233 1816/1959/1297 1821/1906/1234
f 1821/1906/1234 1816/1959/1297 1820/1960/1298
f 1821/1906/1234 1820/1960/1298 1826/1907/1235
f 1826/1907/1235 1820/1960/1298 1827/1961/1299
f 1826/1907/1235 1827/1961/1299 1825/1908/1236
f 1825/1908/1236 1827/1961/1299 1824/1962/1300
f 1825/1908/1236 1824/1962/1300 1832/1909/1237
f 1832/1909/1237 1824/1962/1300 1831/1963/1301
f 1832/1909/1237 1831/1963/1301 1836/1910/1238
f 1836/1910/1238 1831/1963/1301 1835/1964/1302
f 1836/1910/1238 1835/1964/1302 1840/1911/1240
f 1840/1911/1239 1835/1964/1303 1839/1965/1304
f 1840/1911/1239 1839/1965/1304 1844/1912/1241
f 1844/1912/1241 1839/1965/1304 1843/1966/1305
f 1844/1912/1241 1843/1966/1305 1848/1913/1242
f 1848/1913/1242 1843/1966/1305 1847/1967/1306
f 1848/1913/1242 1847/1967/1306 1852/1914/1243
f 1852/1914/1244 1847/1967/1306 1851/1968/1307
f 1852/1914/1244 1851/1968/1307 1856/1915/1245
f 1856/1915/1245 1851/1968/1307 1855/1969/1308
f 1856/1915/1245 1855/1969/1308 1860/1916/1246
f 1860/1916/1246 1855/1969/1308 1859/1970/1309
f 1860/1916/1246 1859/1970/1309 1864/1917/1247
f 1864/1917/1247 1859/1970/1309 1863/1971/1310
f 1864/1917/1247 1863/1971/1310 1868/1918/1248
f 1868/1918/1248 1863/1971/1310 1867/1972/1311
f 1868/1918/1248 1867/1972/1311 1872/1919/1250
f 1872/1919/1250 1867/1972/1311 1871/1973/1312
f 1872/1919/1250 1871/1973/1312 1876/1920/1253
f 1876/1920/1313 1871/1973/1312 1875/1923/1255
f 1596/1931/1058 1595/1974/1038 1709/1932/1264
f 1709/1932/1264 1595/1974/1038 1708/1975/1314
f 1709/1932/1264 1708/1975/1314 1713/1933/1266
f 1713/1933/1266 1708/1975/1315 1712/1976/1316
f 1713/1933/1266 1712/1976/1316 1717/1934/1268
f 1717/1934/1268 1712/1976/1316 1716/1977/1317
f 1717/1934/1268 1716/1977/1318 1721/1935/1269
f 1721/1935/1269 1716/1977/1317 1720/1978/1319
f 1721/1935/1269 1720/1978/1320 1725/1936/1270
f 1725/1936/1270 1720/1978/1319 1724/1979/1321
f 1725/1936/1270 1724/1979/1321 1729/1937/1271
f 1729/1937/1271 1724/1979/1321 1728/1980/1322
f 1729/1937/1271 1728/1980/1322 1733/1938/1272
f 1733/1938/1272 1728/1980/1322 1732/1981/1323
f 1733/1938/1272 1732/1981/1323 1737/1939/1273
f 1737/1939/1273 1732/1981/1324 1736/1982/1325
f 1737/1939/1273 1736/1982/1325 1741/1940/1274
f 1741/1940/1274 1736/1982/1326 1740/1983/1327
f 1741/1940/1274 1740/1983/1327 1745/1941/1276
f 1745/1941/1276 1740/1983/1327 1744/1984/1328
f 1745/1941/1276 1744/1984/1328 1749/1942/1329
f 1749/1942/1277 1744/1984/1330 1748/1985/1331
f 1749/1942/1329 1748/1985/1331 1753/1943/1278
f 1753/1943/1278 1748/1985/1331 1752/1986/1332
f 1753/1943/1278 1752/1986/1333 1757/1944/1334
f 1757/1944/1279 1752/1986/1332 1756/1987/1335
f 1757/1944/1334 1756/1987/1335 1760/1945/1280
f 1760/1945/1280 1756/1987/1335 1759/1988/1336
f 1760/1945/1280 1759/1988/1336 1767/1946/1281
f 1767/1946/1281 1759/1988/1336 1768/1989/1337
f 1767/1946/1281 1768/1989/1337 1764/1947/1282
f 1764/1947/1282 1768/1989/1337 1763/1990/1338
f 1764/1947/1282 1763/1990/1338 1772/1948/1283
f 1772/1948/1283 1763/1990/1338 1771/1991/1339
f 1772/1948/1340 1771/1991/1339 1776/1949/1284
f 1776/1949/1284 1771/1991/1339 1775/1992/1341
f 1776/1949/1285 1775/1992/1341 1780/1950/1287
f 1780/1950/1287 1775/1992/1341 1779/1993/1342
f 1780/1950/1343 1779/1993/1342 1784/1951/1288
f 1784/1951/1288 1779/1993/1342 1783/1994/1344
f 1784/1951/1288 1783/1994/1344 1788/1952/1289
f 1788/1952/1289 1783/1994/1344 1787/1995/1345
f 1788/1952/1289 1787/1995/1345 1792/1953/1290
f 1792/1953/1290 1787/1995/1345 1791/1996/1346
f 1792/1953/1290 1791/1996/1346 1796/1954/1291
f 1796/1954/1291 1791/1996/1346 1795/1997/1347
f 1796/1954/1291 1795/1997/1347 1800/1955/1292
f 1800/1955/1292 1795/1997/1347 1799/1998/1348
f 1800/1955/1292 1799/1998/1348 1804/1956/1293
f 1804/1956/1293 1799/1998/1348 1803/1999/1349
f 1804/1956/1294 1803/1999/1349 1808/1957/1350
f 1808/1957/1295 1803/1999/1349 1807/2000/1351
f 1808/1957/1350 1807/2000/1351 1812/1958/1296
f 1812/1958/1296 1807/2000/1351 1811/2001/1352
f 1812/1958/1353 1811/2001/1354 1816/1959/1297
f 1816/1959/1297 1811/2001/1354 1815/2002/1355
f 1816/1959/1297 1815/2002/1356 1820/1960/1298
f 1820/1960/1298 1815/2002/1356 1819/2003/1357
f 1820/1960/1298 1819/2003/1357 1827/1961/1299
f 1827/1961/1299 1819/2003/1357 1828/2004/1358
f 1827/1961/1299 1828/2004/1358 1824/1962/1359
f 1824/1962/1359 1828/2004/1358 1823/2005/1360
f 1824/1962/1300 1823/2005/1360 1831/1963/1301
f 1831/1963/1301 1823/2005/1360 1830/2006/1361
f 1831/1963/1301 1830/2006/1361 1835/1964/1303
f 1835/1964/1303 1830/2006/1361 1834/2007/1362
f 1835/1964/1303 1834/2007/1362 1839/1965/1304
f 1839/1965/1304 1834/2007/1362 1838/2008/1363
f 1839/1965/1304 1838/2008/1364 1843/1966/1305
f 1843/1966/1305 1838/2008/1364 1842/2009/1365
f 1843/1966/1305 1842/2009/1365 1847/1967/1306
f 1847/1967/1306 1842/2009/1365 1846/2010/1366
f 1847/1967/1306 1846/2010/1366 1851/1968/1307
f 1851/1968/1307 1846/2010/1367 1850/2011/1368
f 1851/1968/1307 1850/2011/1368 1855/1969/1308
f 1855/1969/1308 1850/2011/1369 1854/2012/1370
f 1855/1969/1308 1854/2012/1370 1859/1970/1309
f 1859/1970/1309 1854/2012/1370 1858/2013/1371
f 1859/1970/1309 1858/2013/1371 1863/1971/1310
f 1863/1971/1310 1858/2013/1371 1862/2014/1372
f 1863/1971/1310 1862/2014/1372 1867/1972/1373
f 1867/1972/1373 1862/2014/1372 1866/2015/1374
f 1867/1972/1373 1866/2015/1374 1871/1973/1312
f 1871/1973/1312 1866/2015/1374 1870/2016/1375
f 1871/1973/1312 1870/2016/1376 1875/1923/1255
f 1875/1923/1255 1870/2016/1376 1874/1925/1257
f 1595/1974/1038 1594/2017/1036 1708/1975/1315
f 1708/1975/1315 1594/2017/1036 1707/2018/1377
f 1708/1975/1314 1707/2018/1377 1712/1976/1316
f 1712/1976/1316 1707/2018/1377 1711/2019/1378
f 1712/1976/1316 1711/2019/1378 1716/1977/1317
f 1716/1977/1317 1711/2019/1378 1715/2020/1379
f 1716/1977/1317 1715/2020/1379 1720/1978/1319
f 1720/1978/1319 1715/2020/1379 1719/2021/1380
f 1720/1978/1319 1719/2021/1380 1724/1979/1321
f 1724/1979/1321 1719/2021/1380 1723/2022/1381
f 1724/1979/1321 1723/2022/1381 1728/1980/1322
f 1728/1980/1322 1723/2022/1381 1727/2023/1382
f 1728/1980/1322 1727/2023/1382 1732/1981/1324
f 1732/1981/1323 1727/2023/1382 1731/2024/1383
f 1732/1981/1323 1731/2024/1383 1736/1982/1326
f 1736/1982/1326 1731/2024/1383 1735/2025/1384
f 1736/1982/1326 1735/2025/1384 1740/1983/1327
f 1740/1983/1327 1735/2025/1384 1739/2026/1385
f 1740/1983/1327 1739/2026/1385 1744/1984/1330
f 1744/1984/1330 1739/2026/1385 1743/2027/1386
f 1744/1984/1330 1743/2027/1386 1748/1985/1331
f 1748/1985/1331 1743/2027/1386 1747/2028/1387
f 1748/1985/1331 1747/2028/1387 1752/1986/1332
f 1752/1986/1332 1747/2028/1387 1751/2029/1388
f 1752/1986/1332 1751/2029/1388 1756/1987/1335
f 1756/1987/1335 1751/2029/1388 1755/2030/1389
f 1756/1987/1335 1755/2030/1389 1759/1988/1336
f 1759/1988/1336 1755/2030/1389 1706/2031/1390
f 1759/1988/1336 1706/2031/1391 1768/1989/1337
f 1768/1989/1337 1706/2031/1391 1769/2032/1392
f 1768/1989/1337 1769/2032/1392 1763/1990/1338
f 1763/1990/1338 1769/2032/1393 1762/2033/1394
f 1763/1990/1338 1762/2033/1394 1771/1991/1395
f 1771/1991/1396 1762/2033/1394 1770/2034/1397
f 1771/1991/1396 1770/2034/1397 1775/1992/1341
f 1775/1992/1341 1770/2034/1397 1774/2035/1398
f 1775/1992/1341 1774/2035/1399 1779/1993/1342
f 1779/1993/1342 1774/2035/1398 1778/2036/1400
f 1779/1993/1342 1778/2036/1400 1783/1994/1401
f 1783/1994/1401 1778/2036/1400 1782/2037/1402
f 1783/1994/1401 1782/2037/1402 1787/1995/1345
f 1787/1995/1345 1782/2037/1402 1786/2038/1403
f 1787/1995/1345 1786/2038/1403 1791/1996/1346
f 1791/1996/1346 1786/2038/1403 1790/2039/1404
f 1791/1996/1346 1790/2039/1404 1795/1997/1347
f 1795/1997/1347 1790/2039/1404 1794/2040/1405
f 1795/1997/1347 1794/2040/1405 1799/1998/1406
f 1799/1998/1406 1794/2040/1405 1798/2041/1407
f 1799/1998/1406 1798/2041/1407 1803/1999/1349
f 1803/1999/1349 1798/2041/1407 1802/2042/1408
f 1803/1999/1349 1802/2042/1408 1807/2000/1351
f 1807/2000/1351 1802/2042/1408 1806/2043/1409
f 1807/2000/1351 1806/2043/1410 1811/2001/1411
f 1811/2001/1411 1806/2043/1410 1810/2044/1412
f 1811/2001/1411 1810/2044/1412 1815/2002/1356
f 1815/2002/1356 1810/2044/1412 1814/2045/1413
f 1815/2002/1355 1814/2045/1413 1819/2003/1357
f 1819/2003/1357 1814/2045/1413 1818/2046/1414
f 1819/2003/1357 1818/2046/1414 1828/2004/1358
f 1828/2004/1415 1818/2046/1414 1705/2047/1416
f 1828/2004/1358 1705/2047/1416 1823/2005/1360
f 1823/2005/1360 1705/2047/1416 1822/2048/1417
f 1823/2005/1360 1822/2048/1417 1830/2006/1361
f 1830/2006/1361 1822/2048/1417 1829/2049/1418
f 1830/2006/1361 1829/2049/1418 1834/2007/1419
f 1834/2007/1362 1829/2049/1418 1833/2050/1420
f 1834/2007/1362 1833/2050/1420 1838/2008/1363
f 1838/2008/1363 1833/2050/1420 1837/2051/1421
f 1838/2008/1363 1837/2051/1421 1842/2009/1365
f 1842/2009/1365 1837/2051/1421 1841/2052/1422
f 1842/2009/1365 1841/2052/1422 1846/2010/1366
f 1846/2010/1366 1841/2052/1422 1845/2053/1423
f 1846/2010/1366 1845/2053/1423 1850/2011/1368
f 1850/2011/1369 1845/2053/1423 1849/2054/1424
f 1850/2011/1368 1849/2054/1424 1854/2012/1370
f 1854/2012/1370 1849/2054/1424 1853/2055/1425
f 1854/2012/1370 1853/2055/1425 1858/2013/1371
f 1858/2013/1371 1853/2055/1425 1857/2056/1426
f 1858/2013/1371 1857/2056/1426 1862/2014/1372
f 1862/2014/1372 1857/2056/1426 1861/2057/1427
f 1862/2014/1372 1861/2057/1427 1866/2015/1374
f 1866/2015/1374 1861/2057/1427 1865/2058/1428
f 1866/2015/1374 1865/2058/1428 1870/2016/1375
f 1870/2016/1375 1865/2058/1428 1869/2059/1429
f 1870/2016/1375 1869/2059/1429 1874/1925/1257
f 1874/1925/1258 1869/2059/1429 1873/1927/1260
f 1594/2017/1036 1593/2060/1033 1707/2018/1377
f 1707/2018/1430 1593/2060/1033 377/2061/93
f 1707/2018/1377 377/2061/93 1711/2019/1378
f 1711/2019/1378 377/2061/93 376/2062/93
f 1711/2019/1378 376/2062/93 1715/2020/1431
f 1715/2020/1379 376/2062/93 375/2063/93
f 1715/2020/1431 375/2063/93 1719/2021/1432
f 1719/2021/1380 375/2063/93 374/2064/93
f 1719/2021/1380 374/2064/93 1723/2022/1381
f 1723/2022/1381 374/2064/93 373/2065/93
f 1723/2022/1381 373/2065/93 1727/2023/1382
f 1727/2023/1382 373/2065/93 372/2066/93
f 1727/2023/1382 372/2066/93 1731/2024/1383
f 1731/2024/1383 372/2066/93 371/2067/93
f 1731/2024/1433 371/2067/93 1735/2025/1434
f 1735/2025/1384 371/2067/93 370/2068/93
f 1735/2025/1384 370/2068/93 1739/2026/1435
f 1739/2026/1436 370/2068/93 369/2069/93
f 1739/2026/1385 369/2069/93 1743/2027/1386
f 1743/2027/1437 369/2069/93 368/2070/93
f 1743/2027/1386 368/2070/93 1747/2028/1438
f 1747/2028/1438 368/2070/93 367/2071/93
f 1747/2028/1387 367/2071/93 1751/2029/1388
f 1751/2029/1388 367/2071/93 366/2072/93
f 1751/2029/1439 366/2072/93 1755/2030/1440
f 1755/2030/1389 366/2072/93 365/2073/93
f 1755/2030/1389 365/2073/93 1706/2031/1391
f 1706/2031/1390 365/2073/93 364/2074/93
f 1706/2031/1391 364/2074/93 1769/2032/1393
f 1769/2032/1393 364/2074/93 1762/2033/1394
f 1593/2060/1033 378/2075/93 377/2061/93
f 364/2074/93 363/2076/93 1762/2033/1394
f 1762/2033/1394 363/2076/93 1770/2034/1441
f 363/2076/93 362/2077/93 1770/2034/1441
f 1770/2034/1397 362/2077/93 1774/2035/1399
f 362/2077/93 361/2078/93 1774/2035/1398
f 1774/2035/1442 361/2078/93 1778/2036/1400
f 361/2078/93 360/2079/93 1778/2036/1400
f 1778/2036/1400 360/2079/93 1782/2037/1402
f 360/2079/93 359/2080/93 1782/2037/1402
f 1782/2037/1402 359/2080/93 1786/2038/1403
f 359/2080/93 358/2081/93 1786/2038/1403
f 1786/2038/1443 358/2081/93 1790/2039/1404
f 358/2081/93 357/2082/93 1790/2039/1404
f 1790/2039/1404 357/2082/93 1794/2040/1444
f 357/2082/93 356/2083/93 1794/2040/1405
f 1794/2040/1405 356/2083/93 1798/2041/1407
f 356/2083/93 355/2084/93 1798/2041/1407
f 1798/2041/1407 355/2084/93 1802/2042/1408
f 355/2084/93 354/2085/93 1802/2042/1408
f 1802/2042/1408 354/2085/93 1806/2043/1445
f 354/2085/93 353/2086/93 1806/2043/1409
f 1806/2043/1410 353/2086/93 1810/2044/1412
f 353/2086/93 352/2087/93 1810/2044/1446
f 1810/2044/1446 352/2087/93 1814/2045/1413
f 352/2087/93 351/2088/93 1814/2045/1413
f 1814/2045/1413 351/2088/93 1818/2046/1447
f 1818/2046/1447 351/2088/93 1705/2047/1416
f 1705/2047/1448 351/2088/93 350/2089/93
f 1705/2047/1416 350/2089/93 1822/2048/1417
f 1822/2048/1417 350/2089/93 349/2090/93
f 1822/2048/1449 349/2090/93 1829/2049/1450
f 1829/2049/1418 349/2090/93 348/2091/93
f 1829/2049/1418 348/2091/93 1833/2050/1420
f 1833/2050/1451 348/2091/93 347/2092/93
f 1833/2050/1451 347/2092/93 1837/2051/1421
f 1837/2051/1452 347/2092/93 346/2093/93
f 1837/2051/1421 346/2093/93 1841/2052/1422
f 1841/2052/1453 346/2093/93 345/2094/93
f 1841/2052/1454 345/2094/93 1845/2053/1423
f 1845/2053/1423 345/2094/93 344/2095/93
f 1845/2053/1455 344/2095/93 1849/2054/1456
f 1849/2054/1424 344/2095/93 343/2096/93
f 1849/2054/1424 343/2096/93 1853/2055/1425
f 1853/2055/1425 343/2096/93 342/2097/93
f 1853/2055/1425 342/2097/93 1857/2056/1426
f 1857/2056/1426 342/2097/93 341/2098/93
f 1857/2056/1426 341/2098/93 1861/2057/1427
f 1861/2057/1427 341/2098/93 340/2099/93
f 1861/2057/1457 340/2099/93 1865/2058/1458
f 1865/2058/1428 340/2099/93 339/2100/93
f 1865/2058/1458 339/2100/93 1869/2059/1429
f 1869/2059/1429 339/2100/93 338/1929/93
f 1869/2059/1429 338/1929/93 1873/1927/1260
f 1704/1921/1252 249/1561/801 248/1559/74
f 484/1413/149 1650/2101/1165 485/1410/153
f 485/1410/153 1650/2101/1459 1883/1409/1460
f 485/1410/153 1883/1409/1460 486/1411/154
f 486/1411/154 1883/1409/1460 1884/1412/1461
f 486/1411/154 1884/1412/1461 1885/1390/1462
f 1885/1390/1463 1884/1412/1461 1906/1392/1464
f 1885/1390/1465 1906/1392/1464 1907/1391/1466
f 1907/1391/1467 1906/1392/1464 1927/1393/1468
f 1907/1391/1467 1927/1393/1468 1928/1417/1469
f 1928/1417/1469 1927/1393/1468 1958/1416/1470
f 1928/1417/1469 1958/1416/1470 1957/1421/1471
f 1957/1421/1471 1958/1416/1470 1965/1420/1472
f 1957/1421/1471 1965/1420/1472 1966/1425/1473
f 1966/1425/1474 1965/1420/1475 262/1424/83
f 1966/1425/1473 262/1424/83 261/1429/1476
f 1883/1409/1460 1650/2101/1165 1882/1407/1477
f 1882/1407/1477 1650/2101/1165 1649/2102/1478
f 1882/1407/1477 1649/2102/1478 1904/1405/1479
f 1904/1405/1479 1649/2102/1478 1648/2103/1480
f 1904/1405/1479 1648/2103/1480 1925/1403/1481
f 1925/1403/1481 1648/2103/1480 1961/1402/1482
f 1925/1403/1483 1961/1402/1482 1960/1396/1484
f 1960/1396/1484 1961/1402/1482 1647/1401/1485
f 1960/1396/1484 1647/1401/1485 1962/1398/1486
f 1962/1398/1487 1647/1401/1485 266/1400/801
f 1962/1398/1488 266/1400/801 265/1399/76
f 1648/2103/1480 1647/1401/1485 1961/1402/1482
f 1962/1398/1486 265/1399/76 1963/1397/1489
f 1963/1397/1489 265/1399/76 264/1414/75
f 1963/1397/1489 264/1414/75 1964/1415/1490
f 1964/1415/1490 264/1414/75 263/1419/84
f 1964/1415/1490 263/1419/84 1965/1420/1472
f 1965/1420/1475 263/1419/84 262/1424/83
f 1966/1425/1473 261/1429/82 1967/1430/1491
f 1967/1430/1491 261/1429/82 260/1434/1492
f 1967/1430/1491 260/1434/81 1968/1435/1493
f 1968/1435/1493 260/1434/1492 259/1439/1494
f 1968/1435/1493 259/1439/1494 1969/1440/1495
f 1969/1440/1495 259/1439/80 258/1444/78
f 1969/1440/1495 258/1444/78 257/1445/65
f 256/1453/66 1971/1447/1496 257/1445/65
f 257/1445/65 1971/1447/1496 1970/1446/1497
f 257/1445/65 1970/1446/1497 1969/1440/1495
f 1969/1440/1495 1970/1446/1497 1953/1441/1498
f 1969/1440/1495 1953/1441/1498 1954/1436/1499
f 1954/1436/1499 1953/1441/1498 1932/1437/1500
f 1954/1436/1499 1932/1437/1500 1931/1432/1501
f 1931/1432/1501 1932/1437/1502 1911/1433/1503
f 1931/1432/1501 1911/1433/1504 1910/1428/1505
f 1910/1428/1505 1911/1433/1504 1889/1383/1506
f 1910/1428/1505 1889/1383/1506 1888/1385/1507
f 1888/1385/1507 1889/1383/1506 489/1384/163
f 1888/1385/1507 489/1384/163 488/1386/160
f 1971/1447/1496 256/1453/66 1972/1454/1508
f 1972/1454/1509 256/1453/66 255/1456/68
f 1972/1454/1509 255/1456/68 1973/1457/1510
f 1973/1457/1510 255/1456/68 254/1458/69
f 1973/1457/1510 254/1458/69 1974/1344/1511
f 1974/1344/1512 254/1458/69 253/1459/71
f 1974/1344/1513 253/1459/70 252/1342/72
f 251/1340/75 1976/1341/1514 252/1342/72
f 252/1342/72 1976/1341/1514 1975/1343/1515
f 252/1342/72 1975/1343/1515 1974/1344/1513
f 1974/1344/1511 1975/1343/1515 1948/1345/1516
f 1974/1344/1512 1948/1345/1516 1949/1346/1517
f 1949/1346/1517 1948/1345/1516 1937/1347/1518
f 1949/1346/1517 1937/1347/1518 1936/1348/1519
f 1936/1348/1519 1937/1347/1518 1916/1349/1520
f 1936/1348/1519 1916/1349/1520 1915/1350/1521
f 1915/1350/1521 1916/1349/1520 1894/1351/1522
f 1915/1350/1521 1894/1351/1522 1893/1352/1523
f 1893/1352/1523 1894/1351/1522 495/1353/177
f 1893/1352/1523 495/1353/177 494/1354/1524
f 1976/1341/1514 251/1340/75 1977/1339/1525
f 1977/1339/1526 251/1340/75 250/1314/76
f 1977/1339/1527 250/1314/76 1978/1316/1528
f 1978/1316/1529 250/1314/76 249/1315/77
f 1978/1316/1529 249/1315/1148 1877/2104/1530
f 1878/2105/1531 1881/1319/1532 1877/2104/1530
f 1877/2104/1530 1881/1319/1532 1944/1318/1533
f 1877/2104/1534 1944/1318/1533 1978/1316/1529
f 1978/1316/1529 1944/1318/1535 1945/1338/1536
f 1978/1316/1529 1945/1338/1536 1977/1339/1526
f 1977/1339/1526 1945/1338/1536 1946/1359/1537
f 1977/1339/1527 1946/1359/1538 1976/1341/1514
f 1976/1341/1514 1946/1359/1538 1947/1364/1539
f 1976/1341/1514 1947/1364/1539 1975/1343/1515
f 1975/1343/1540 1947/1364/1541 1948/1345/1516
f 1879/2106/1542 1924/1333/1543 1878/2105/1531
f 1878/2105/1531 1924/1333/1543 1923/1323/1544
f 1878/2105/1531 1923/1323/1544 1943/1321/1545
f 1943/1321/1545 1923/1323/1544 1922/1322/1546
f 1943/1321/1545 1922/1322/1546 1942/1320/1547
f 1942/1320/1547 1922/1322/1548 1921/1336/1549
f 1942/1320/1547 1921/1336/1549 1941/1337/1550
f 1941/1337/1550 1921/1336/1549 1920/1357/1551
f 1941/1337/1550 1920/1357/1551 1940/1358/1552
f 1940/1358/1552 1920/1357/1551 1919/1362/1553
f 1940/1358/1552 1919/1362/1553 1939/1363/1554
f 1939/1363/1554 1919/1362/1553 1918/1367/1555
f 1939/1363/1554 1918/1367/1555 1938/1368/1556
f 1938/1368/1556 1918/1367/1557 1917/1371/1558
f 1938/1368/1559 1917/1371/1558 1937/1347/1560
f 1937/1347/1518 1917/1371/1561 1916/1349/1520
f 1924/1333/1543 1879/2106/1542 1903/1327/1562
f 1903/1327/1562 1879/2106/1542 1880/2107/1563
f 1903/1327/1562 1880/2107/1563 505/1328/200
f 505/1328/200 1880/2107/1563 506/1330/201
f 505/1328/200 504/1326/1564 1903/1327/1562
f 1903/1327/1562 504/1326/1564 1902/1325/1565
f 1903/1327/1562 1902/1325/1565 1924/1333/1566
f 1924/1333/1543 1902/1325/1565 1923/1323/1544
f 1902/1325/1565 504/1326/1564 1901/1324/1567
f 1901/1324/1567 504/1326/1564 503/1334/195
f 1901/1324/1567 503/1334/195 1900/1335/1568
f 1900/1335/1568 503/1334/195 502/1355/1569
f 1900/1335/1570 502/1355/191 1899/1356/1571
f 1899/1356/1571 502/1355/1569 501/1360/188
f 1899/1356/1571 501/1360/188 1898/1361/1572
f 1898/1361/1573 501/1360/188 500/1365/185
f 1898/1361/1572 500/1365/185 1897/1366/1574
f 1897/1366/1574 500/1365/185 499/1369/184
f 1897/1366/1574 499/1369/184 1896/1370/1575
f 1896/1370/1575 499/1369/184 498/1372/182
f 1896/1370/1575 498/1372/182 1895/1373/1576
f 1895/1373/1576 498/1372/182 497/1374/180
f 1895/1373/1576 497/1374/180 496/1375/178
f 1895/1373/1576 496/1375/178 1894/1351/1577
f 1894/1351/1522 496/1375/178 495/1353/177
f 1893/1352/1523 494/1354/174 1892/1376/1578
f 1892/1376/1578 494/1354/174 493/1377/1579
f 1892/1376/1578 493/1377/1579 1891/1378/1580
f 1891/1378/1580 493/1377/1579 492/1379/172
f 1891/1378/1581 492/1379/172 491/1380/168
f 1891/1378/1580 491/1380/168 1890/1381/1582
f 1890/1381/1582 491/1380/168 490/1382/165
f 1890/1381/1582 490/1382/165 1889/1383/1506
f 1889/1383/1506 490/1382/165 489/1384/163
f 1888/1385/1507 488/1386/160 1887/1387/1583
f 1887/1387/1584 488/1386/160 487/1388/157
f 1887/1387/1583 487/1388/158 1886/1389/1585
f 1886/1389/1585 487/1388/157 1885/1390/1586
f 1886/1389/1587 1885/1390/1588 1907/1391/1467
f 487/1388/158 486/1411/154 1885/1390/1463
f 1878/2105/1531 1943/1321/1545 1881/1319/1532
f 1881/1319/1532 1943/1321/1545 1942/1320/1547
f 1881/1319/1532 1942/1320/1547 1944/1318/1535
f 1944/1318/1533 1942/1320/1547 1941/1337/1550
f 1944/1318/1533 1941/1337/1550 1945/1338/1536
f 1945/1338/1536 1941/1337/1550 1940/1358/1589
f 1945/1338/1536 1940/1358/1552 1946/1359/1537
f 1946/1359/1537 1940/1358/1589 1939/1363/1554
f 1946/1359/1537 1939/1363/1554 1947/1364/1541
f 1947/1364/1541 1939/1363/1554 1938/1368/1556
f 1947/1364/1541 1938/1368/1556 1948/1345/1516
f 1948/1345/1516 1938/1368/1556 1937/1347/1590
f 1882/1407/1477 1904/1405/1591 1883/1409/1460
f 1883/1409/1460 1904/1405/1479 1905/1460/1592
f 1883/1409/1460 1905/1460/1592 1884/1412/1461
f 1884/1412/1461 1905/1460/1592 1906/1392/1464
f 1887/1387/1584 1886/1389/1585 1908/1418/1593
f 1908/1418/1593 1886/1389/1587 1907/1391/1467
f 1908/1418/1593 1907/1391/1467 1928/1417/1469
f 1888/1385/1507 1887/1387/1583 1909/1423/1594
f 1909/1423/1594 1887/1387/1583 1908/1418/1593
f 1909/1423/1594 1908/1418/1593 1929/1422/1595
f 1929/1422/1595 1908/1418/1593 1928/1417/1469
f 1929/1422/1595 1928/1417/1469 1957/1421/1471
f 1889/1383/1506 1911/1433/1504 1890/1381/1582
f 1890/1381/1582 1911/1433/1504 1912/1438/1596
f 1890/1381/1582 1912/1438/1596 1891/1378/1580
f 1891/1378/1580 1912/1438/1596 1913/1443/1597
f 1891/1378/1580 1913/1443/1597 1892/1376/1578
f 1892/1376/1578 1913/1443/1597 1914/1452/1598
f 1892/1376/1578 1914/1452/1598 1893/1352/1523
f 1893/1352/1523 1914/1452/1598 1915/1350/1521
f 1894/1351/1522 1916/1349/1520 1895/1373/1576
f 1895/1373/1576 1916/1349/1599 1917/1371/1600
f 1895/1373/1576 1917/1371/1558 1896/1370/1575
f 1896/1370/1601 1917/1371/1561 1918/1367/1557
f 1896/1370/1575 1918/1367/1557 1897/1366/1574
f 1897/1366/1574 1918/1367/1555 1919/1362/1553
f 1897/1366/1574 1919/1362/1553 1898/1361/1572
f 1898/1361/1572 1919/1362/1553 1920/1357/1551
f 1898/1361/1573 1920/1357/1551 1899/1356/1571
f 1899/1356/1571 1920/1357/1551 1921/1336/1549
f 1899/1356/1571 1921/1336/1549 1900/1335/1568
f 1900/1335/1568 1921/1336/1549 1922/1322/1546
f 1900/1335/1568 1922/1322/1546 1901/1324/1567
f 1901/1324/1567 1922/1322/1546 1923/1323/1544
f 1901/1324/1567 1923/1323/1544 1902/1325/1565
f 1904/1405/1479 1925/1403/1481 1905/1460/1592
f 1905/1460/1592 1925/1403/1481 1926/1394/1602
f 1905/1460/1592 1926/1394/1602 1906/1392/1464
f 1906/1392/1464 1926/1394/1602 1927/1393/1468
f 1888/1385/1507 1909/1423/1603 1910/1428/1505
f 1910/1428/1505 1909/1423/1594 1930/1427/1604
f 1910/1428/1505 1930/1427/1604 1931/1432/1501
f 1931/1432/1501 1930/1427/1604 1955/1431/1605
f 1931/1432/1501 1955/1431/1606 1954/1436/1499
f 1954/1436/1499 1955/1431/1605 1968/1435/1493
f 1954/1436/1499 1968/1435/1493 1969/1440/1495
f 1930/1427/1604 1909/1423/1603 1929/1422/1595
f 1911/1433/1503 1932/1437/1502 1912/1438/1596
f 1912/1438/1607 1932/1437/1502 1933/1442/1608
f 1912/1438/1596 1933/1442/1608 1913/1443/1597
f 1913/1443/1609 1933/1442/1608 1934/1450/1610
f 1913/1443/1597 1934/1450/1610 1914/1452/1598
f 1914/1452/1598 1934/1450/1610 1935/1451/1611
f 1914/1452/1598 1935/1451/1611 1915/1350/1521
f 1915/1350/1521 1935/1451/1611 1936/1348/1519
f 1925/1403/1483 1960/1396/1484 1926/1394/1602
f 1926/1394/1612 1960/1396/1484 1959/1395/1613
f 1926/1394/1602 1959/1395/1613 1927/1393/1468
f 1927/1393/1468 1959/1395/1613 1958/1416/1470
f 1930/1427/1604 1929/1422/1595 1956/1426/1614
f 1956/1426/1614 1929/1422/1595 1957/1421/1471
f 1956/1426/1614 1957/1421/1471 1966/1425/1473
f 1932/1437/1502 1953/1441/1498 1933/1442/1608
f 1933/1442/1608 1953/1441/1498 1952/1448/1615
f 1933/1442/1608 1952/1448/1616 1934/1450/1610
f 1934/1450/1610 1952/1448/1615 1951/1449/1617
f 1934/1450/1610 1951/1449/1618 1935/1451/1611
f 1935/1451/1611 1951/1449/1618 1950/1455/1619
f 1935/1451/1611 1950/1455/1619 1936/1348/1519
f 1936/1348/1519 1950/1455/1619 1949/1346/1517
f 1973/1457/1510 1974/1344/1511 1949/1346/1517
f 1972/1454/1508 1973/1457/1510 1950/1455/1619
f 1950/1455/1619 1973/1457/1510 1949/1346/1517
f 1971/1447/1496 1972/1454/1509 1951/1449/1618
f 1951/1449/1617 1972/1454/1509 1950/1455/1619
f 1970/1446/1497 1971/1447/1496 1952/1448/1615
f 1952/1448/1615 1971/1447/1496 1951/1449/1618
f 1952/1448/1615 1953/1441/1498 1970/1446/1497
f 1967/1430/1491 1968/1435/1493 1955/1431/1605
f 1966/1425/1473 1967/1430/1491 1956/1426/1614
f 1956/1426/1614 1967/1430/1491 1955/1431/1605
f 1956/1426/1614 1955/1431/1605 1930/1427/1604
f 1964/1415/1490 1965/1420/1475 1958/1416/1620
f 1963/1397/1489 1964/1415/1490 1959/1395/1613
f 1959/1395/1621 1964/1415/1490 1958/1416/1620
f 1962/1398/1488 1963/1397/1489 1960/1396/1484
f 1960/1396/1484 1963/1397/1489 1959/1395/1613
f 1877/2108/1530 249/2109/77 1983/2110/1622
f 1983/2110/1622 249/2109/801 1704/2111/1252
f 1983/2110/1622 1704/2111/1252 1988/2112/1623
f 1988/2112/1623 1704/2111/1252 1703/2113/1254
f 1988/2112/1624 1703/2113/1625 1993/2114/1626
f 1993/2114/1626 1703/2113/1254 1702/2115/1256
f 1993/2114/1626 1702/2115/1256 2006/2116/1627
f 2006/2116/1627 1702/2115/1256 1998/2117/1628
f 2006/2116/1627 1998/2117/1628 1999/2118/1629
f 1999/2118/1630 1998/2117/1628 2008/2119/1631
f 1999/2118/1630 2008/2119/1632 2009/2120/1633
f 2009/2120/1634 2008/2119/1631 2014/2121/1635
f 2009/2120/1634 2014/2121/1635 2015/2122/1636
f 2015/2122/1636 2014/2121/1635 332/2123/93
f 2015/2122/1637 332/2123/93 331/2124/93
f 1702/2115/1256 1701/2125/1259 1998/2117/1628
f 1998/2117/1628 1701/2125/1259 2007/2126/1638
f 1998/2117/1628 2007/2126/1638 2008/2119/1632
f 2008/2119/1632 2007/2126/1638 2013/2127/1639
f 2008/2119/1632 2013/2127/1639 2014/2121/1640
f 2014/2121/1641 2013/2127/1639 333/2128/93
f 2014/2121/1635 333/2128/93 332/2123/93
f 1701/2125/1259 1700/2129/1261 2007/2126/1638
f 2007/2126/1638 1700/2129/1261 2012/2130/1642
f 2007/2126/1638 2012/2130/1642 2013/2127/1639
f 2013/2127/1639 2012/2130/1643 335/2131/93
f 2013/2127/1639 335/2131/93 334/2132/93
f 1700/2129/1261 337/2133/93 2012/2130/1643
f 2012/2130/1643 337/2133/93 336/2134/93
f 2012/2130/1642 336/2134/93 335/2131/93
f 334/2132/93 333/2128/93 2013/2127/1639
f 2015/2122/1637 331/2124/93 1981/2135/1644
f 1981/2135/1644 331/2124/93 330/2136/93
f 1981/2135/1644 330/2136/93 329/2137/93
f 329/2137/93 1979/2138/1645 1981/2135/1644
f 1981/2135/1644 1979/2138/1646 2011/2139/1647
f 1981/2135/1644 2011/2139/1647 2010/2140/1648
f 2010/2140/1648 2011/2139/1647 2001/2141/1649
f 2010/2140/1648 2001/2141/1649 2000/2142/1650
f 2000/2142/1650 2001/2141/1649 2004/2143/1651
f 2000/2142/1652 2004/2143/1651 2005/2144/1653
f 2005/2144/1654 2004/2143/1651 1994/2145/1655
f 2005/2144/1654 1994/2145/1655 1993/2114/1656
f 1993/2114/1626 1994/2145/1655 1988/2112/1623
f 2011/2139/1647 1979/2138/1646 2002/2146/1657
f 2002/2146/1657 1979/2138/1646 1980/2147/1658
f 2002/2146/1657 1980/2147/1659 1982/2148/1660
f 1982/2148/1661 1980/2147/1658 1997/2149/1662
f 1982/2148/1660 1997/2149/1662 1996/2150/1663
f 1996/2150/1664 1997/2149/1662 1991/2151/1665
f 1996/2150/1664 1991/2151/1665 1990/2152/1666
f 1990/2152/1666 1991/2151/1665 1986/2153/1667
f 1990/2152/1668 1986/2153/1667 1985/2154/1669
f 1985/2154/1669 1986/2153/1670 1878/2155/1531
f 1985/2154/1671 1878/2155/1531 1877/2108/1534
f 506/2156/201 1984/2157/1672 1980/2147/1658
f 1980/2147/1658 1984/2157/1672 1992/2158/1673
f 1980/2147/1658 1992/2158/1673 1997/2149/1662
f 1997/2149/1662 1992/2158/1673 1991/2151/1665
f 506/2156/201 1880/2159/1674 1984/2157/1672
f 1984/2157/1672 1880/2159/1674 1879/2160/1675
f 1984/2157/1672 1879/2160/1542 1987/2161/1676
f 1987/2161/1677 1879/2160/1675 1878/2155/1531
f 1987/2161/1676 1878/2155/1531 1986/2153/1667
f 1985/2154/1678 1877/2108/1534 1983/2110/1622
f 2005/2144/1654 1993/2114/1656 2006/2116/1627
f 1985/2154/1669 1983/2110/1679 1989/2162/1680
f 1989/2162/1681 1983/2110/1622 1988/2112/1623
f 1989/2162/1680 1988/2112/1624 1994/2145/1655
f 1992/2158/1673 1984/2157/1672 1987/2161/1676
f 1992/2158/1673 1987/2161/1676 1991/2151/1665
f 1991/2151/1665 1987/2161/1677 1986/2153/1667
f 1985/2154/1669 1989/2162/1680 1990/2152/1666
f 1990/2152/1668 1989/2162/1680 1995/2163/1682
f 1990/2152/1666 1995/2163/1683 1996/2150/1664
f 1996/2150/1664 1995/2163/1682 2003/2164/1684
f 1996/2150/1664 2003/2164/1684 1982/2148/1661
f 1982/2148/1660 2003/2164/1684 2002/2146/1657
f 1995/2163/1683 1989/2162/1681 1994/2145/1655
f 2003/2164/1684 1995/2163/1683 2004/2143/1651
f 2004/2143/1651 1995/2163/1683 1994/2145/1655
f 2005/2144/1654 2006/2116/1685 1999/2118/1630
f 2005/2144/1654 1999/2118/1630 2000/2142/1650
f 2000/2142/1650 1999/2118/1630 2009/2120/1634
f 2000/2142/1650 2009/2120/1634 2010/2140/1648
f 2010/2140/1648 2009/2120/1634 2015/2122/1637
f 2010/2140/1648 2015/2122/1636 1981/2135/1644
f 2003/2164/1684 2004/2143/1651 2001/2141/1649
f 2011/2139/1647 2002/2146/1657 2001/2141/1649
f 2001/2141/1649 2002/2146/1657 2003/2164/1684
f 328/1313/93 640/2165/1645 329/1312/93
f 329/1312/93 640/2165/1645 1979/2166/1645
f 1979/2166/1646 640/2165/1646 639/2167/1658
f 1979/2166/1646 639/2167/1658 1980/2168/1658
f 1980/2168/1658 639/2167/1658 507/2169/201
f 1980/2168/1658 507/2169/201 506/2170/201
usemtl Opaque(128,128,128)
f 1036/1141/428 1047/1142/428 1035/466/429
f 1038/1143/430 1047/1144/430 1037/1145/431
f 1040/1146/432 1047/1147/432 1039/1148/433
f 1042/1149/434 1047/1150/434 1041/1151/435
f 1044/1152/436 1047/1153/436 1043/1154/437
f 1046/1155/438 1047/1156/438 1045/1157/439
f 1041/1158/435 1047/1159/435 1040/1146/432
f 1037/1145/431 1047/1160/440 1036/1141/428
f 1045/1157/439 1047/1161/439 1044/1152/436
f 1039/1148/433 1047/1162/433 1038/1143/430
f 1035/466/429 1047/1163/429 1046/1155/438
f 1043/1154/437 1047/1164/437 1042/1149/434
f 1046/1165/441 1061/1166/441 1035/1167/120
f 1035/1167/120 1061/1166/441 1062/1168/120
f 1035/1167/120 1062/1168/120 1036/1169/442
f 1036/1169/442 1062/1168/120 1071/1170/442
f 1036/1169/442 1071/1170/442 1037/1171/443
f 1037/1171/443 1071/1170/442 1070/1172/443
f 1037/1171/443 1070/1172/443 1038/1173/94
f 1038/1173/94 1070/1172/443 1069/1174/94
f 1038/1173/94 1069/1174/94 1039/1175/407
f 1039/1175/407 1069/1174/94 1068/1176/407
f 1039/1175/407 1068/1176/407 1040/1177/444
f 1040/1177/444 1068/1176/407 1067/1178/444
f 1040/1177/444 1067/1178/444 1041/1179/176
f 1041/1179/176 1067/1178/444 1060/1180/176
f 1041/1181/176 1060/1182/176 1042/1183/445
f 1042/1183/445 1060/1182/176 1066/1184/445
f 1042/1183/445 1066/1184/445 1043/1185/383
f 1043/1185/383 1066/1184/445 1065/1186/383
f 1043/1185/383 1065/1186/383 1044/1187/93
f 1044/1187/93 1065/1186/383 1064/1188/93
f 1044/1187/93 1064/1188/93 1045/1189/446
f 1045/1189/446 1064/1188/93 1063/1190/446
f 1045/1189/446 1063/1190/446 1046/1165/441
f 1046/1165/441 1063/1190/446 1061/1166/441
f 1049/1191/442 1071/1170/442 1048/1192/120
f 1048/1192/120 1071/1170/442 1062/1168/120
f 1048/1192/120 1062/1168/120 1059/1193/441
f 1059/1193/441 1062/1168/120 1061/1166/441
f 1059/1193/441 1061/1166/441 1058/1194/446
f 1058/1194/446 1061/1166/441 1063/1190/446
f 1058/1194/446 1063/1190/446 1057/1195/93
f 1057/1195/93 1063/1190/446 1064/1188/93
f 1057/1195/93 1064/1188/93 1056/1196/383
f 1056/1196/383 1064/1188/93 1065/1186/383
f 1056/1196/383 1065/1186/383 1055/1197/445
f 1055/1197/445 1065/1186/383 1066/1184/445
f 1055/1197/445 1066/1184/445 1054/1198/176
f 1054/1198/176 1066/1184/445 1060/1182/176
f 1054/1199/176 1060/1180/176 1053/1200/444
f 1053/1200/444 1060/1180/176 1067/1178/444
f 1053/1200/444 1067/1178/444 1052/1201/407
f 1052/1201/407 1067/1178/444 1068/1176/407
f 1052/1201/407 1068/1176/407 1051/1202/94
f 1051/1202/94 1068/1176/407 1069/1174/94
f 1051/1202/94 1069/1174/94 1050/1203/443
f 1050/1203/443 1069/1174/94 1070/1172/443
f 1050/1203/443 1070/1172/443 1049/1191/442
f 1049/1191/442 1070/1172/443 1071/1170/442
f 1059/1204/447 96/1205/448 1048/1206/449
f 1048/1206/449 96/1205/448 90/466/449
f 1048/1206/449 90/466/449 89/1207/450
f 96/1205/448 1059/1204/451 97/1208/452
f 97/1208/452 1059/1204/453 1058/1209/454
f 97/1208/452 1058/1209/454 98/1210/455
f 98/1210/455 1058/1209/456 1057/1211/457
f 98/1210/455 1057/1211/457 99/1212/457
f 99/1212/457 1057/1211/457 100/1213/458
f 100/1213/458 1057/1211/457 1056/1214/459
f 100/1213/458 1056/1214/460 101/1215/461
f 101/1215/461 1056/1214/462 1055/1216/463
f 101/1215/461 1055/1216/463 102/1217/464
f 102/1217/464 1055/1216/465 1054/1218/466
f 102/1217/464 1054/1218/466 82/1219/466
f 82/1220/466 1054/1221/466 83/1222/467
f 83/1222/467 1054/1221/466 1053/1223/468
f 83/1222/467 1053/1223/469 84/1224/470
f 84/1224/470 1053/1223/471 1052/1225/472
f 84/1224/470 1052/1225/472 85/1226/473
f 85/1226/473 1052/1225/474 1051/1227/475
f 85/1226/473 1051/1227/475 86/1228/475
f 86/1228/475 1051/1227/475 87/1229/476
f 87/1229/476 1051/1227/475 1050/1230/477
f 87/1229/476 1050/1230/478 88/1231/479
f 88/1231/479 1050/1230/480 1049/1232/481
f 88/1231/479 1049/1232/481 89/1207/450
f 89/1207/450 1049/1232/482 1048/1206/449
f 1073/1141/428 1084/1142/428 1072/466/429
f 1075/1143/430 1084/1144/430 1074/1145/431
f 1077/1146/432 1084/1147/432 1076/1148/433
f 1079/1149/434 1084/1150/434 1078/1151/435
f 1081/1152/436 1084/1153/436 1080/1154/437
f 1083/1155/438 1084/1156/438 1082/1157/439
f 1078/1158/435 1084/1159/435 1077/1146/432
f 1074/1145/431 1084/1160/431 1073/1141/428
f 1082/1157/439 1084/1161/439 1081/1152/436
f 1076/1148/433 1084/1162/433 1075/1143/430
f 1072/466/429 1084/1163/429 1083/1155/438
f 1080/1154/437 1084/1164/437 1079/1149/434
f 1083/1165/441 1098/1166/441 1072/1167/120
f 1072/1167/120 1098/1166/441 1099/1168/120
f 1072/1167/120 1099/1168/120 1073/1169/442
f 1073/1169/442 1099/1168/120 1108/1170/442
f 1073/1169/442 1108/1170/442 1074/1171/443
f 1074/1171/443 1108/1170/442 1107/1172/443
f 1074/1171/443 1107/1172/443 1075/1173/94
f 1075/1173/94 1107/1172/443 1106/1174/94
f 1075/1173/94 1106/1174/94 1076/1175/407
f 1076/1175/407 1106/1174/94 1105/1176/407
f 1076/1175/407 1105/1176/407 1077/1177/444
f 1077/1177/444 1105/1176/407 1104/1178/444
f 1077/1177/444 1104/1178/444 1078/1179/176
f 1078/1179/176 1104/1178/444 1097/1180/176
f 1078/1181/176 1097/1182/176 1079/1183/445
f 1079/1183/445 1097/1182/176 1103/1184/445
f 1079/1183/445 1103/1184/445 1080/1185/383
f 1080/1185/383 1103/1184/445 1102/1186/383
f 1080/1185/383 1102/1186/383 1081/1187/93
f 1081/1187/93 1102/1186/383 1101/1188/93
f 1081/1187/93 1101/1188/93 1082/1189/446
f 1082/1189/446 1101/1188/93 1100/1190/446
f 1082/1189/446 1100/1190/446 1083/1165/441
f 1083/1165/441 1100/1190/446 1098/1166/441
f 1086/1191/442 1108/1170/442 1085/1192/120
f 1085/1192/120 1108/1170/442 1099/1168/120
f 1085/1192/120 1099/1168/120 1096/1193/441
f 1096/1193/441 1099/1168/120 1098/1166/441
f 1096/1193/441 1098/1166/441 1095/1194/446
f 1095/1194/446 1098/1166/441 1100/1190/446
f 1095/1194/446 1100/1190/446 1094/1195/93
f 1094/1195/93 1100/1190/446 1101/1188/93
f 1094/1195/93 1101/1188/93 1093/1196/383
f 1093/1196/383 1101/1188/93 1102/1186/383
f 1093/1196/383 1102/1186/383 1092/1197/445
f 1092/1197/445 1102/1186/383 1103/1184/445
f 1092/1197/445 1103/1184/445 1091/1198/176
f 1091/1198/176 1103/1184/445 1097/1182/176
f 1091/1199/176 1097/1180/176 1090/1200/444
f 1090/1200/444 1097/1180/176 1104/1178/444
f 1090/1200/444 1104/1178/444 1089/1201/407
f 1089/1201/407 1104/1178/444 1105/1176/407
f 1089/1201/407 1105/1176/407 1088/1202/94
f 1088/1202/94 1105/1176/407 1106/1174/94
f 1088/1202/94 1106/1174/94 1087/1203/443
f 1087/1203/443 1106/1174/94 1107/1172/443
f 1087/1203/443 1107/1172/443 1086/1191/442
f 1086/1191/442 1107/1172/443 1108/1170/442
f 1096/1204/447 56/1205/448 1085/1206/449
f 1085/1206/449 56/1205/448 55/466/449
f 1085/1206/449 55/466/449 54/1207/450
f 56/1205/448 1096/1204/451 57/1208/452
f 57/1208/452 1096/1204/453 1095/1209/456
f 57/1208/452 1095/1209/454 69/1210/455
f 69/1210/455 1095/1209/456 1094/1211/457
f 69/1210/455 1094/1211/457 70/1212/457
f 70/1212/457 1094/1211/457 71/1213/458
f 71/1213/458 1094/1211/457 1093/1214/459
f 71/1213/458 1093/1214/460 72/1215/461
f 72/1215/461 1093/1214/462 1092/1216/463
f 72/1215/461 1092/1216/463 73/1217/464
f 73/1217/464 1092/1216/465 1091/1218/466
f 73/1217/464 1091/1218/466 74/1219/466
f 74/1220/466 1091/1221/466 75/1222/467
f 75/1222/467 1091/1221/466 1090/1223/468
f 75/1222/467 1090/1223/469 49/1224/470
f 49/1224/470 1090/1223/471 1089/1225/474
f 49/1224/470 1089/1225/472 50/1226/473
f 50/1226/473 1089/1225/474 1088/1227/475
f 50/1226/473 1088/1227/475 51/1228/475
f 51/1228/475 1088/1227/475 52/1229/476
f 52/1229/476 1088/1227/475 1087/1230/477
f 52/1229/476 1087/1230/478 53/1233/479
f 53/1233/479 1087/1230/480 1086/1232/481
f 53/1233/479 1086/1232/481 54/1207/450
f 54/1207/450 1086/1232/482 1085/1206/449
f 1110/1141/428 1121/1142/428 1109/466/429
f 1112/1143/430 1121/1144/430 1111/1145/431
f 1114/1146/432 1121/1147/432 1113/1148/433
f 1116/1149/434 1121/1150/434 1115/1151/435
f 1118/1152/436 1121/1153/436 1117/1154/437
f 1120/1155/438 1121/1156/438 1119/1157/439
f 1115/1158/435 1121/1159/435 1114/1146/432
f 1111/1145/431 1121/1160/431 1110/1141/428
f 1119/1157/439 1121/1161/439 1118/1152/436
f 1113/1148/433 1121/1162/433 1112/1143/430
f 1109/466/429 1121/1163/429 1120/1155/438
f 1117/1154/437 1121/1164/437 1116/1149/434
f 1120/1165/441 1135/1166/441 1109/1167/120
f 1109/1167/120 1135/1166/441 1136/1168/120
f 1109/1167/120 1136/1168/120 1110/1169/442
f 1110/1169/442 1136/1168/120 1145/1170/442
f 1110/1169/442 1145/1170/442 1111/1171/443
f 1111/1171/443 1145/1170/442 1144/1172/443
f 1111/1171/443 1144/1172/443 1112/1173/94
f 1112/1173/94 1144/1172/443 1143/1174/94
f 1112/1173/94 1143/1174/94 1113/1175/407
f 1113/1175/407 1143/1174/94 1142/1176/407
f 1113/1175/407 1142/1176/407 1114/1177/444
f 1114/1177/444 1142/1176/407 1141/1178/444
f 1114/1177/444 1141/1178/444 1115/1179/176
f 1115/1179/176 1141/1178/444 1134/1180/176
f 1115/1181/176 1134/1182/176 1116/1183/445
f 1116/1183/445 1134/1182/176 1140/1184/445
f 1116/1183/445 1140/1184/445 1117/1185/383
f 1117/1185/383 1140/1184/445 1139/1186/383
f 1117/1185/383 1139/1186/383 1118/1187/93
f 1118/1187/93 1139/1186/383 1138/1188/93
f 1118/1187/93 1138/1188/93 1119/1189/446
f 1119/1189/446 1138/1188/93 1137/1190/446
f 1119/1189/446 1137/1190/446 1120/1165/441
f 1120/1165/441 1137/1190/446 1135/1166/441
f 1123/1191/442 1145/1170/442 1122/1192/120
f 1122/1192/120 1145/1170/442 1136/1168/120
f 1122/1192/120 1136/1168/120 1133/1193/441
f 1133/1193/441 1136/1168/120 1135/1166/441
f 1133/1193/441 1135/1166/441 1132/1194/446
f 1132/1194/446 1135/1166/441 1137/1190/446
f 1132/1194/446 1137/1190/446 1131/1195/93
f 1131/1195/93 1137/1190/446 1138/1188/93
f 1131/1195/93 1138/1188/93 1130/1196/383
f 1130/1196/383 1138/1188/93 1139/1186/383
f 1130/1196/383 1139/1186/383 1129/1197/445
f 1129/1197/445 1139/1186/383 1140/1184/445
f 1129/1197/445 1140/1184/445 1128/1198/176
f 1128/1198/176 1140/1184/445 1134/1182/176
f 1128/1199/176 1134/1180/176 1127/1200/444
f 1127/1200/444 1134/1180/176 1141/1178/444
f 1127/1200/444 1141/1178/444 1126/1201/407
f 1126/1201/407 1141/1178/444 1142/1176/407
f 1126/1201/407 1142/1176/407 1125/1202/94
f 1125/1202/94 1142/1176/407 1143/1174/94
f 1125/1202/94 1143/1174/94 1124/1203/443
f 1124/1203/443 1143/1174/94 1144/1172/443
f 1124/1203/443 1144/1172/443 1123/1191/442
f 1123/1191/442 1144/1172/443 1145/1170/442
f 1133/1204/447 19/1205/448 1122/1206/449
f 1122/1206/449 19/1205/448 18/466/449
f 1122/1206/449 18/466/449 17/1207/450
f 19/1205/448 1133/1204/451 20/1208/452
f 20/1208/452 1133/1204/453 1132/1209/456
f 20/1208/452 1132/1209/454 21/1210/455
f 21/1210/455 1132/1209/456 1131/1211/457
f 21/1210/455 1131/1211/457 22/1212/457
f 22/1212/457 1131/1211/457 23/1213/458
f 23/1213/458 1131/1211/457 1130/1214/459
f 23/1213/458 1130/1214/460 24/1215/461
f 24/1215/461 1130/1214/462 1129/1216/463
f 24/1215/461 1129/1216/463 30/1217/464
f 30/1217/464 1129/1216/465 1128/1218/466
f 30/1217/464 1128/1218/466 31/1219/466
f 31/1220/466 1128/1221/466 32/1222/467
f 32/1222/467 1128/1221/466 1127/1223/468
f 32/1222/467 1127/1223/469 33/1224/470
f 33/1224/470 1127/1223/471 1126/1225/474
f 33/1224/470 1126/1225/472 34/1226/473
f 34/1226/473 1126/1225/474 1125/1227/475
f 34/1226/473 1125/1227/475 35/1228/475
f 35/1228/475 1125/1227/475 36/1229/476
f 36/1229/476 1125/1227/475 1124/1230/477
f 36/1229/476 1124/1230/478 16/1233/479
f 16/1233/479 1124/1230/480 1123/1232/481
f 16/1233/479 1123/1232/481 17/1207/450
f 17/1207/450 1123/1232/482 1122/1206/449
f 1147/1141/428 1158/1142/428 1146/466/429
f 1149/1143/430 1158/1144/430 1148/1145/431
f 1151/1146/432 1158/1147/432 1150/1148/433
f 1153/1149/434 1158/1150/434 1152/1151/435
f 1155/1152/436 1158/1153/436 1154/1154/437
f 1157/1155/438 1158/1156/438 1156/1157/439
f 1152/1158/435 1158/1159/435 1151/1146/432
f 1148/1145/431 1158/1160/440 1147/1141/428
f 1156/1157/439 1158/1161/439 1155/1152/436
f 1150/1148/433 1158/1162/433 1149/1143/430
f 1146/466/429 1158/1163/429 1157/1155/438
f 1154/1154/437 1158/1164/437 1153/1149/434
f 1157/1165/441 1172/1166/441 1146/1167/120
f 1146/1167/120 1172/1166/441 1173/1168/120
f 1146/1167/120 1173/1168/120 1147/1169/442
f 1147/1169/442 1173/1168/120 1182/1170/442
f 1147/1169/442 1182/1170/442 1148/1171/443
f 1148/1171/443 1182/1170/442 1181/1172/443
f 1148/1171/443 1181/1172/443 1149/1173/94
f 1149/1173/94 1181/1172/443 1180/1174/94
f 1149/1173/94 1180/1174/94 1150/1175/407
f 1150/1175/407 1180/1174/94 1179/1176/407
f 1150/1175/407 1179/1176/407 1151/1177/444
f 1151/1177/444 1179/1176/407 1178/1178/444
f 1151/1177/444 1178/1178/444 1152/1179/176
f 1152/1179/176 1178/1178/444 1171/1180/176
f 1152/1181/176 1171/1182/176 1153/1183/445
f 1153/1183/445 1171/1182/176 1177/1184/445
f 1153/1183/445 1177/1184/445 1154/1185/383
f 1154/1185/383 1177/1184/445 1176/1186/383
f 1154/1185/383 1176/1186/383 1155/1187/93
f 1155/1187/93 1176/1186/383 1175/1188/93
f 1155/1187/93 1175/1188/93 1156/1189/446
f 1156/1189/446 1175/1188/93 1174/1190/446
f 1156/1189/446 1174/1190/446 1157/1165/441
f 1157/1165/441 1174/1190/446 1172/1166/441
f 1160/1191/442 1182/1170/442 1159/1192/120
f 1159/1192/120 1182/1170/442 1173/1168/120
f 1159/1192/120 1173/1168/120 1170/1193/441
f 1170/1193/441 1173/1168/120 1172/1166/441
f 1170/1193/441 1172/1166/441 1169/1194/446
f 1169/1194/446 1172/1166/441 1174/1190/446
f 1169/1194/446 1174/1190/446 1168/1195/93
f 1168/1195/93 1174/1190/446 1175/1188/93
f 1168/1195/93 1175/1188/93 1167/1196/383
f 1167/1196/383 1175/1188/93 1176/1186/383
f 1167/1196/383 1176/1186/383 1166/1197/445
f 1166/1197/445 1176/1186/383 1177/1184/445
f 1166/1197/445 1177/1184/445 1165/1198/176
f 1165/1198/176 1177/1184/445 1171/1182/176
f 1165/1199/176 1171/1180/176 1164/1200/444
f 1164/1200/444 1171/1180/176 1178/1178/444
f 1164/1200/444 1178/1178/444 1163/1201/407
f 1163/1201/407 1178/1178/444 1179/1176/407
f 1163/1201/407 1179/1176/407 1162/1202/94
f 1162/1202/94 1179/1176/407 1180/1174/94
f 1162/1202/94 1180/1174/94 1161/1203/443
f 1161/1203/443 1180/1174/94 1181/1172/443
f 1161/1203/443 1181/1172/443 1160/1191/442
f 1160/1191/442 1181/1172/443 1182/1170/442
f 1170/1204/447 193/1205/448 1159/1206/449
f 1159/1206/449 193/1205/448 9/466/449
f 1159/1206/449 9/466/449 8/1207/450
f 193/1205/448 1170/1204/451 194/1208/452
f 194/1208/452 1170/1204/453 1169/1209/454
f 194/1208/452 1169/1209/454 195/1210/455
f 195/1210/455 1169/1209/456 1168/1211/457
f 195/1210/455 1168/1211/457 196/1212/457
f 196/1212/457 1168/1211/457 197/1213/458
f 197/1213/458 1168/1211/457 1167/1214/459
f 197/1213/458 1167/1214/460 198/1215/461
f 198/1215/461 1167/1214/462 1166/1216/463
f 198/1215/461 1166/1216/463 199/1217/464
f 199/1217/464 1166/1216/465 1165/1218/466
f 199/1217/464 1165/1218/466 1/1219/466
f 1/1220/466 1165/1221/466 2/1222/467
f 2/1222/467 1165/1221/466 1164/1223/468
f 2/1222/467 1164/1223/469 3/1224/470
f 3/1224/470 1164/1223/471 1163/1225/472
f 3/1224/470 1163/1225/472 4/1226/473
f 4/1226/473 1163/1225/474 1162/1227/475
f 4/1226/473 1162/1227/475 5/1228/475
f 5/1228/475 1162/1227/475 6/1229/476
f 6/1229/476 1162/1227/475 1161/1230/477
f 6/1229/476 1161/1230/478 7/1231/479
f 7/1231/479 1161/1230/480 1160/1232/481
f 7/1231/479 1160/1232/481 8/1207/450
f 8/1207/450 1160/1232/482 1159/1206/449
f 1184/1141/428 1195/1142/428 1183/466/429
f 1186/1143/430 1195/1144/430 1185/1145/431
f 1188/1146/432 1195/1147/432 1187/1148/433
f 1190/1149/434 1195/1150/434 1189/1151/435
f 1192/1152/436 1195/1153/436 1191/1154/437
f 1194/1155/438 1195/1156/438 1193/1157/439
f 1189/1158/435 1195/1159/435 1188/1146/432
f 1185/1145/431 1195/1160/431 1184/1141/428
f 1193/1157/439 1195/1161/439 1192/1152/436
f 1187/1148/433 1195/1162/433 1186/1143/430
f 1183/466/429 1195/1163/429 1194/1155/438
f 1191/1154/437 1195/1164/437 1190/1149/434
f 1194/1165/441 1209/1166/441 1183/1167/120
f 1183/1167/120 1209/1166/441 1210/1168/120
f 1183/1167/120 1210/1168/120 1184/1169/442
f 1184/1169/442 1210/1168/120 1219/1170/442
f 1184/1169/442 1219/1170/442 1185/1171/443
f 1185/1171/443 1219/1170/442 1218/1172/443
f 1185/1171/443 1218/1172/443 1186/1173/94
f 1186/1173/94 1218/1172/443 1217/1174/94
f 1186/1173/94 1217/1174/94 1187/1175/407
f 1187/1175/407 1217/1174/94 1216/1176/407
f 1187/1175/407 1216/1176/407 1188/1177/444
f 1188/1177/444 1216/1176/407 1215/1178/444
f 1188/1177/444 1215/1178/444 1189/1179/176
f 1189/1179/176 1215/1178/444 1208/1180/176
f 1189/1181/176 1208/1182/176 1190/1183/445
f 1190/1183/445 1208/1182/176 1214/1184/445
f 1190/1183/445 1214/1184/445 1191/1185/383
f 1191/1185/383 1214/1184/445 1213/1186/383
f 1191/1185/383 1213/1186/383 1192/1187/93
f 1192/1187/93 1213/1186/383 1212/1188/93
f 1192/1187/93 1212/1188/93 1193/1189/446
f 1193/1189/446 1212/1188/93 1211/1190/446
f 1193/1189/446 1211/1190/446 1194/1165/441
f 1194/1165/441 1211/1190/446 1209/1166/441
f 1197/1191/442 1219/1170/442 1196/1192/120
f 1196/1192/120 1219/1170/442 1210/1168/120
f 1196/1192/120 1210/1168/120 1207/1193/441
f 1207/1193/441 1210/1168/120 1209/1166/441
f 1207/1193/441 1209/1166/441 1206/1194/446
f 1206/1194/446 1209/1166/441 1211/1190/446
f 1206/1194/446 1211/1190/446 1205/1195/93
f 1205/1195/93 1211/1190/446 1212/1188/93
f 1205/1195/93 1212/1188/93 1204/1196/383
f 1204/1196/383 1212/1188/93 1213/1186/383
f 1204/1196/383 1213/1186/383 1203/1197/445
f 1203/1197/445 1213/1186/383 1214/1184/445
f 1203/1197/445 1214/1184/445 1202/1198/176
f 1202/1198/176 1214/1184/445 1208/1182/176
f 1202/1199/176 1208/1180/176 1201/1200/444
f 1201/1200/444 1208/1180/176 1215/1178/444
f 1201/1200/444 1215/1178/444 1200/1201/407
f 1200/1201/407 1215/1178/444 1216/1176/407
f 1200/1201/407 1216/1176/407 1199/1202/94
f 1199/1202/94 1216/1176/407 1217/1174/94
f 1199/1202/94 1217/1174/94 1198/1203/443
f 1198/1203/443 1217/1174/94 1218/1172/443
f 1198/1203/443 1218/1172/443 1197/1191/442
f 1197/1191/442 1218/1172/443 1219/1170/442
f 1207/1204/447 186/1205/448 1196/1206/449
f 1196/1206/449 186/1205/448 185/466/449
f 1196/1206/449 185/466/449 184/1207/450
f 186/1205/448 1207/1204/451 142/1208/452
f 142/1208/452 1207/1204/453 1206/1209/456
f 142/1208/452 1206/1209/454 143/1210/455
f 143/1210/455 1206/1209/456 1205/1211/457
f 143/1210/455 1205/1211/457 144/1212/457
f 144/1212/457 1205/1211/457 145/1213/458
f 145/1213/458 1205/1211/457 1204/1214/459
f 145/1213/458 1204/1214/460 146/1215/461
f 146/1215/461 1204/1214/462 1203/1216/463
f 146/1215/461 1203/1216/463 147/1217/464
f 147/1217/464 1203/1216/465 1202/1218/466
f 147/1217/464 1202/1218/466 148/1219/466
f 148/1220/466 1202/1221/466 149/1222/467
f 149/1222/467 1202/1221/466 1201/1223/468
f 149/1222/467 1201/1223/469 150/1224/470
f 150/1224/470 1201/1223/471 1200/1225/474
f 150/1224/470 1200/1225/472 180/1226/473
f 180/1226/473 1200/1225/474 1199/1227/475
f 180/1226/473 1199/1227/475 181/1228/475
f 181/1228/475 1199/1227/475 182/1229/476
f 182/1229/476 1199/1227/475 1198/1230/477
f 182/1229/476 1198/1230/478 183/1233/479
f 183/1233/479 1198/1230/480 1197/1232/481
f 183/1233/479 1197/1232/481 184/1207/450
f 184/1207/450 1197/1232/482 1196/1206/449
f 1221/1141/428 1232/1142/428 1220/466/429
f 1223/1143/430 1232/1144/430 1222/1145/431
f 1225/1146/432 1232/1147/432 1224/1148/433
f 1227/1149/434 1232/1150/434 1226/1151/435
f 1229/1152/436 1232/1153/436 1228/1154/437
f 1231/1155/438 1232/1156/438 1230/1157/439
f 1226/1158/435 1232/1159/435 1225/1146/432
f 1222/1145/431 1232/1160/431 1221/1141/428
f 1230/1157/439 1232/1161/439 1229/1152/436
f 1224/1148/433 1232/1162/433 1223/1143/430
f 1220/466/429 1232/1163/429 1231/1155/438
f 1228/1154/437 1232/1164/437 1227/1149/434
f 1231/1165/441 1246/1166/441 1220/1167/120
f 1220/1167/120 1246/1166/441 1247/1168/120
f 1220/1167/120 1247/1168/120 1221/1169/442
f 1221/1169/442 1247/1168/120 1256/1170/442
f 1221/1169/442 1256/1170/442 1222/1171/443
f 1222/1171/443 1256/1170/442 1255/1172/443
f 1222/1171/443 1255/1172/443 1223/1173/94
f 1223/1173/94 1255/1172/443 1254/1174/94
f 1223/1173/94 1254/1174/94 1224/1175/407
f 1224/1175/407 1254/1174/94 1253/1176/407
f 1224/1175/407 1253/1176/407 1225/1177/444
f 1225/1177/444 1253/1176/407 1252/1178/444
f 1225/1177/444 1252/1178/444 1226/1179/176
f 1226/1179/176 1252/1178/444 1245/1180/176
f 1226/1181/176 1245/1182/176 1227/1183/445
f 1227/1183/445 1245/1182/176 1251/1184/445
f 1227/1183/445 1251/1184/445 1228/1185/383
f 1228/1185/383 1251/1184/445 1250/1186/383
f 1228/1185/383 1250/1186/383 1229/1187/93
f 1229/1187/93 1250/1186/383 1249/1188/93
f 1229/1187/93 1249/1188/93 1230/1189/446
f 1230/1189/446 1249/1188/93 1248/1190/446
f 1230/1189/446 1248/1190/446 1231/1165/441
f 1231/1165/441 1248/1190/446 1246/1166/441
f 1234/1191/442 1256/1170/442 1233/1192/120
f 1233/1192/120 1256/1170/442 1247/1168/120
f 1233/1192/120 1247/1168/120 1244/1193/441
f 1244/1193/441 1247/1168/120 1246/1166/441
f 1244/1193/441 1246/1166/441 1243/1194/446
f 1243/1194/446 1246/1166/441 1248/1190/446
f 1243/1194/446 1248/1190/446 1242/1195/93
f 1242/1195/93 1248/1190/446 1249/1188/93
f 1242/1195/93 1249/1188/93 1241/1196/383
f 1241/1196/383 1249/1188/93 1250/1186/383
f 1241/1196/383 1250/1186/383 1240/1197/445
f 1240/1197/445 1250/1186/383 1251/1184/445
f 1240/1197/445 1251/1184/445 1239/1198/176
f 1239/1198/176 1251/1184/445 1245/1182/176
f 1239/1199/176 1245/1180/176 1238/1200/444
f 1238/1200/444 1245/1180/176 1252/1178/444
f 1238/1200/444 1252/1178/444 1237/1201/407
f 1237/1201/407 1252/1178/444 1253/1176/407
f 1237/1201/407 1253/1176/407 1236/1202/94
f 1236/1202/94 1253/1176/407 1254/1174/94
f 1236/1202/94 1254/1174/94 1235/1203/443
f 1235/1203/443 1254/1174/94 1255/1172/443
f 1235/1203/443 1255/1172/443 1234/1191/442
f 1234/1191/442 1255/1172/443 1256/1170/442
f 1244/1204/447 125/1205/448 1233/1206/449
f 1233/1206/449 125/1205/448 124/466/449
f 1233/1206/449 124/466/449 123/1207/450
f 125/1205/448 1244/1204/451 126/1208/452
f 126/1208/452 1244/1204/453 1243/1209/456
f 126/1208/452 1243/1209/454 127/1210/455
f 127/1210/455 1243/1209/456 1242/1211/457
f 127/1210/455 1242/1211/457 128/1212/457
f 128/1212/457 1242/1211/457 129/1213/458
f 129/1213/458 1242/1211/457 1241/1214/459
f 129/1213/458 1241/1214/460 109/1215/461
f 109/1215/461 1241/1214/462 1240/1216/463
f 109/1215/461 1240/1216/463 110/1217/464
f 110/1217/464 1240/1216/465 1239/1218/466
f 110/1217/464 1239/1218/466 111/1219/466
f 111/1220/466 1239/1221/466 112/1222/467
f 112/1222/467 1239/1221/466 1238/1223/468
f 112/1222/467 1238/1223/469 113/1224/470
f 113/1224/470 1238/1223/471 1237/1225/474
f 113/1224/470 1237/1225/472 114/1226/473
f 114/1226/473 1237/1225/474 1236/1227/475
f 114/1226/473 1236/1227/475 115/1228/475
f 115/1228/475 1236/1227/475 116/1229/476
f 116/1229/476 1236/1227/475 1235/1230/477
f 116/1229/476 1235/1230/478 117/1231/479
f 117/1231/479 1235/1230/480 1234/1232/481
f 117/1231/479 1234/1232/481 123/1207/450
f 123/1207/450 1234/1232/482 1233/1206/449
