# Blender 4.0.2
# www.blender.org
mtllib Axis1.mtl
o Axis1
v 108.282990 6.000354 11.950034
v 108.807014 6.000354 10.211702
v 109.917221 6.000352 8.775095
v 111.467224 6.000352 7.829638
v 113.252647 6.000352 7.500000
v 113.252647 21.557392 7.499998
v 110.913383 21.557392 8.080965
v 109.117737 21.557392 9.688861
v 108.282990 21.557392 11.950030
v 113.462837 6.000350 -7.500000
v 111.659157 6.000350 -7.836660
v 110.098366 6.000350 -8.801303
v 108.990654 6.000350 -10.264028
v 108.485176 6.000350 -12.027857
v 108.485176 21.306904 -12.027861
v 109.298820 21.306904 -9.732153
v 111.100555 21.306904 -8.093233
v 113.462837 21.306904 -7.500002
v 107.992722 0.083944 8.735528
v 108.619308 0.242096 8.089806
v 109.291565 0.241997 7.471211
v 109.987038 0.083658 6.900393
v 111.699493 0.298639 7.212804
v 112.432419 0.469816 7.347882
v 113.116943 0.776791 7.474770
v 113.233665 0.916075 7.496472
v 113.252640 1.000002 7.500000
v 113.252670 1.157574 7.500000
v 113.252693 1.314980 7.500000
v 113.252708 1.472228 7.500000
v 113.252731 1.629325 7.500000
v 113.252739 1.786281 7.500000
v 113.252754 1.943103 7.500000
v 113.252769 2.256377 7.500000
v 113.252777 2.569216 7.500000
v 113.252777 2.881682 7.500000
v 113.252754 3.505765 7.500000
v 113.252724 4.129150 7.500000
v 113.252693 4.752360 7.500000
v 108.282990 5.000354 11.950034
v 108.282990 4.000354 11.950034
v 108.282990 3.000354 11.950034
v 108.282990 2.000354 11.950034
v 108.282990 1.000354 11.950004
v 108.282753 0.963965 11.946804
v 108.279861 0.877012 11.908920
v 108.275757 0.814158 11.856089
v 108.274284 0.796619 11.837570
v 108.224220 0.499365 11.239042
v 108.154663 0.303080 10.451360
v 108.323349 2.962668 11.628808
v 113.103271 1.321558 7.525574
v 113.101532 1.216469 7.525725
v 108.308426 1.442614 11.781500
v 108.301498 1.209456 11.845670
v 113.089783 1.055566 7.524877
v 108.295357 1.068506 11.901768
v 113.039986 0.968519 7.517800
v 108.292580 0.963635 11.915414
v 112.887413 0.837347 7.494596
v 108.274010 0.668862 11.539493
v 110.746414 0.221402 7.135275
v 108.050964 0.121867 8.989627
v 110.108765 0.134781 7.011099
v 110.001328 0.166287 7.087361
v 109.880127 0.193067 7.161494
v 109.663971 0.231149 7.292701
v 109.566948 0.246775 7.360035
v 109.547707 0.249717 7.374290
v 109.529099 0.252495 7.388433
v 109.432869 0.265562 7.464020
v 109.252785 0.283626 7.613048
v 109.062935 0.291819 7.776283
v 109.017311 0.292284 7.817411
v 109.002235 0.292308 7.831186
v 108.700737 0.277064 8.121378
v 108.546555 0.257041 8.283825
v 108.515656 0.251943 8.317815
v 108.431450 0.236084 8.420781
v 108.265930 0.196472 8.667388
v 108.251289 0.192352 8.691519
v 108.236511 0.188016 8.715277
v 108.229057 0.185762 8.726989
v 108.221565 0.183448 8.738575
v 108.206429 0.178636 8.761325
v 108.175476 0.168223 8.804837
v 108.143463 0.156668 8.845116
v 108.110710 0.144109 8.882033
v 108.094360 0.137596 8.899413
v 108.078156 0.130982 8.916123
v 108.062180 0.124309 8.932203
v 108.046524 0.117620 8.947690
v 112.252533 0.562354 7.394980
v 111.959518 0.750658 7.477672
v 111.545105 0.962549 7.549419
v 110.785942 1.288148 7.691373
v 110.506676 1.379805 7.777649
v 110.461639 1.389046 7.795583
v 110.422791 1.393700 7.813025
v 110.232262 1.405493 7.912892
v 109.895729 1.426952 8.118872
v 109.595268 1.438381 8.318518
v 109.538933 1.439725 8.364048
v 109.522041 1.439820 8.378759
v 109.123322 1.417114 8.824100
v 108.902390 1.398397 9.146671
v 108.861954 1.394786 9.215128
v 108.745293 1.332055 9.490109
v 108.529984 1.014941 10.355681
v 108.515427 0.980184 10.443649
v 108.500084 0.944599 10.528956
v 108.492081 0.926538 10.570408
v 108.483826 0.908321 10.610952
v 108.466499 0.871488 10.688989
v 108.428093 0.796703 10.830586
v 108.383751 0.721334 10.948551
v 108.335495 0.647983 11.041121
v 108.311775 0.613476 11.078683
v 108.289062 0.581046 11.110572
v 108.267921 0.551166 11.136896
v 108.248894 0.524309 11.157764
v 108.191505 0.338292 10.428398
v 108.213295 0.358961 10.411724
v 108.236687 0.381224 10.391349
v 108.261208 0.404748 10.367095
v 108.286369 0.429195 10.338785
v 108.336678 0.479518 10.269278
v 108.382614 0.528967 10.180146
v 108.422440 0.575910 10.072290
v 108.440399 0.598351 10.012575
v 108.448952 0.609297 9.981487
v 108.457245 0.620054 9.949661
v 108.473099 0.640984 9.884041
v 108.488106 0.661105 9.816208
v 108.694244 0.845706 9.144853
v 108.802788 0.885441 8.920747
v 108.840111 0.889210 8.861868
v 109.033989 0.904539 8.591501
v 109.371826 0.917713 8.223153
v 109.386627 0.917700 8.210159
v 109.434860 0.917255 8.170560
v 109.682602 0.913095 8.001312
v 109.961304 0.897999 7.821965
v 110.124229 0.886875 7.729980
v 110.157455 0.883242 7.713338
v 110.195198 0.877068 7.696105
v 110.421944 0.821451 7.611441
v 111.024376 0.632259 7.460891
v 111.352310 0.504829 7.379106
v 111.586945 0.381907 7.285355
v 112.627182 0.697962 7.454255
v 112.297966 0.923806 7.526247
v 111.832970 1.187205 7.588854
v 110.984520 1.598189 7.721181
v 110.675812 1.712531 7.806712
v 110.626808 1.723717 7.824873
v 110.584976 1.729033 7.842685
v 110.379982 1.741563 7.946742
v 110.010834 1.768566 8.168590
v 109.677856 1.786390 8.389420
v 109.615669 1.788459 8.439596
v 109.597122 1.788620 8.455730
v 109.157898 1.757864 8.949375
v 108.921394 1.735891 9.300124
v 108.879219 1.732274 9.373527
v 108.757812 1.653752 9.673831
v 108.535400 1.248801 10.635473
v 108.520882 1.204670 10.733387
v 108.505730 1.159847 10.828496
v 108.497879 1.137244 10.874774
v 108.489822 1.114548 10.920082
v 108.473038 1.068991 11.007428
v 108.436295 0.977966 11.166526
v 108.394470 0.888509 11.300047
v 108.349747 0.803885 11.405730
v 108.328232 0.765013 11.448795
v 108.308052 0.729180 11.485411
v 108.289787 0.696943 11.515627
v 108.252769 0.542301 11.212870
v 108.271408 0.569480 11.191601
v 108.292213 0.599822 11.164743
v 108.314636 0.632841 11.132197
v 108.338097 0.668053 11.093862
v 108.385956 0.743118 10.999424
v 108.430008 0.820527 10.879211
v 108.468201 0.897595 10.735056
v 108.485451 0.935634 10.655649
v 108.493683 0.954466 10.614403
v 108.501663 0.973148 10.572237
v 108.516968 1.009990 10.485480
v 108.531502 1.046015 10.396037
v 108.747673 1.374811 9.516245
v 108.864975 1.439611 9.237556
v 108.905655 1.443220 9.168394
v 109.128761 1.462336 8.841836
v 109.532913 1.486055 8.389932
v 109.550011 1.485952 8.375042
v 109.607109 1.484515 8.328919
v 109.912003 1.472289 8.126466
v 110.253105 1.450137 7.918288
v 110.445694 1.438256 7.817824
v 110.484962 1.433512 7.800327
v 110.530548 1.424007 7.782354
v 110.813873 1.329263 7.696109
v 111.585243 0.992015 7.555276
v 112.006508 0.773032 7.484645
v 112.304321 0.579446 7.403251
v 113.018005 0.943692 7.514511
v 112.649483 1.196347 7.572321
v 112.132751 1.502714 7.623391
v 111.194847 1.989548 7.743279
v 110.856247 2.124552 7.827204
v 110.803131 2.137537 7.845537
v 110.758148 2.143472 7.863722
v 110.537857 2.157059 7.972099
v 110.133415 2.191628 8.211282
v 109.763130 2.218250 8.457988
v 109.693413 2.221285 8.514389
v 109.672585 2.221533 8.532507
v 109.184853 2.179887 9.082315
v 108.931519 2.153339 9.462910
v 108.887421 2.149659 9.541547
v 108.760513 2.050507 9.863311
v 108.527725 1.537196 10.894941
v 108.512863 1.482303 10.999708
v 108.497620 1.427145 11.101566
v 108.489815 1.399573 11.151166
v 108.481873 1.372062 11.199753
v 108.465538 1.317394 11.293510
v 108.430649 1.210663 11.464690
v 108.392113 1.109669 11.609023
v 108.352234 1.018627 11.723830
v 108.333740 0.978749 11.770664
v 108.316986 0.943532 11.810438
v 108.302551 0.913649 11.843142
v 108.291039 0.889774 11.868768
v 108.289413 0.845893 11.824667
v 108.301666 0.871529 11.798619
v 108.316757 0.902807 11.765675
v 108.334106 0.939074 11.725830
v 108.353119 0.979675 11.679080
v 108.393822 1.071268 11.564851
v 108.432892 1.171751 11.421542
v 108.468040 1.277078 11.251739
v 108.484428 1.330764 11.158781
v 108.492371 1.357724 11.110616
v 108.500160 1.384709 11.061453
v 108.515350 1.438594 10.960508
v 108.530113 1.492103 10.856695
v 108.760872 1.989739 9.835911
v 108.886879 2.085664 9.517529
v 108.930695 2.089332 9.439645
v 109.181625 2.115152 9.063306
v 109.662064 2.155086 8.521841
v 109.682526 2.154851 8.504043
v 109.751076 2.151967 8.448626
v 110.115852 2.126739 8.205835
v 110.515221 2.093362 7.969133
v 110.733322 2.079943 7.861361
v 110.777863 2.074077 7.843230
v 110.830429 2.061292 7.824923
v 111.165245 1.928550 7.740773
v 112.092232 1.449605 7.619194
v 112.602547 1.147158 7.566505
v 112.965919 0.896021 7.506605
v 112.716965 1.305454 7.579734
v 112.195030 1.614232 7.628825
v 111.247429 2.109815 7.747026
v 110.904480 2.247730 7.830866
v 110.850555 2.260993 7.849275
v 110.804817 2.267025 7.867572
v 110.580399 2.280937 7.977070
v 110.166435 2.317842 8.220889
v 109.785667 2.347196 8.475143
v 109.713638 2.350528 8.533490
v 109.692093 2.350803 8.552245
v 109.190346 2.305804 9.118003
v 108.932518 2.277830 9.506567
v 108.887886 2.274124 9.586626
v 108.759590 2.171473 9.913336
v 108.524124 1.644180 10.956151
v 108.509117 1.588475 11.061571
v 108.493782 1.532729 11.163978
v 108.485962 1.504956 11.213810
v 108.478020 1.477313 11.262600
v 108.461739 1.422598 11.356666
v 108.427223 1.316754 11.528037
v 108.389442 1.218166 11.671914
v 108.350708 1.131273 11.785475
v 108.332916 1.094187 11.831326
v 108.316948 1.062273 11.869848
v 108.303391 1.036234 11.901008
v 108.292824 1.016767 11.924776
v 108.292702 0.982171 11.921302
v 108.303329 1.002420 11.897356
v 108.316948 1.029168 11.865990
v 108.332985 1.061718 11.827239
v 108.350838 1.099373 11.781134
v 108.389694 1.187210 11.666995
v 108.427551 1.286497 11.522450
v 108.462120 1.392818 11.350338
v 108.478409 1.447699 11.255884
v 108.486343 1.475409 11.206897
v 108.494164 1.503237 11.156866
v 108.509491 1.559065 11.054060
v 108.524483 1.614817 10.948242
v 108.759758 2.141458 9.902446
v 108.887840 2.243818 9.575843
v 108.932350 2.247518 9.496126
v 109.189102 2.275143 9.109465
v 109.687454 2.319323 8.547558
v 109.708824 2.319055 8.528959
v 109.780289 2.315796 8.471090
v 110.158531 2.287109 8.218666
v 110.570221 2.250775 7.975952
v 110.793648 2.236943 7.866720
v 110.839211 2.230932 7.848451
v 110.892982 2.217722 7.830066
v 111.235329 2.080365 7.746263
v 112.182442 1.586188 7.627931
v 112.704407 1.277371 7.578579
v 113.077408 1.026058 7.523238
v 113.099159 1.125453 7.525800
v 112.730194 1.372024 7.580403
v 112.212784 1.679324 7.629610
v 111.271225 2.174808 7.748326
v 110.928825 2.312986 7.832412
v 110.874702 2.326288 7.850881
v 110.828651 2.332332 7.869244
v 110.602127 2.346419 7.979304
v 110.183311 2.384563 8.225471
v 109.797119 2.415373 8.483677
v 109.723862 2.418862 8.543070
v 109.701920 2.419151 8.562171
v 109.192856 2.372374 9.136214
v 108.932755 2.343639 9.528831
v 108.887840 2.339919 9.609620
v 108.760925 2.237943 9.919636
v 108.533119 1.714619 10.880916
v 108.518646 1.659339 10.979988
v 108.503777 1.604020 11.076873
v 108.496147 1.576461 11.124298
v 108.488380 1.549031 11.170939
v 108.472359 1.494738 11.261554
v 108.438004 1.389715 11.429905
v 108.399803 1.291897 11.576873
v 108.359947 1.205689 11.700731
v 108.341270 1.168896 11.754762
v 108.324188 1.137236 11.803665
v 108.309258 1.111403 11.847542
v 108.297035 1.092092 11.886494
v 108.298286 1.115815 11.875110
v 108.306915 1.087862 11.868890
v 108.321297 1.113753 11.830113
v 108.337929 1.145486 11.785389
v 108.356239 1.182363 11.734668
v 108.395638 1.268766 11.615040
v 108.433662 1.366802 11.469460
v 108.468079 1.472056 11.300085
v 108.484207 1.526466 11.208191
v 108.492043 1.553957 11.160743
v 108.499741 1.581575 11.112409
v 108.514809 1.637013 11.013425
v 108.529495 1.692411 10.911926
v 108.760376 2.216843 9.919000
v 108.887878 2.319008 9.602373
v 108.932701 2.322723 9.521815
v 109.192085 2.351216 9.130473
v 109.698830 2.397427 8.559053
v 109.720650 2.397143 8.540063
v 109.793510 2.393704 8.481004
v 110.177986 2.363357 8.224050
v 110.595276 2.325608 7.978622
v 110.821136 2.311576 7.868738
v 110.867096 2.305522 7.850396
v 110.921181 2.292193 7.831948
v 111.264030 2.153652 7.747958
v 112.208511 1.656786 7.629496
v 112.727921 1.348611 7.580404
v 113.098450 1.101332 7.525814
v 113.102898 1.294389 7.525617
v 112.743591 1.533734 7.580116
v 112.239021 1.831967 7.629965
v 111.316513 2.313015 7.750198
v 110.976944 2.447419 7.834856
v 110.922554 2.460429 7.853460
v 110.875870 2.466372 7.871966
v 110.645088 2.481671 7.983218
v 110.217552 2.527347 8.234419
v 109.821350 2.566534 8.501402
v 109.745476 2.570822 8.563173
v 109.722649 2.571175 8.583067
v 109.197571 2.516208 9.173794
v 108.932655 2.483889 9.574422
v 108.887146 2.480066 9.656765
v 108.762016 2.380116 9.942216
v 108.545395 1.868565 10.778111
v 108.531685 1.814548 10.867131
v 108.517471 1.760494 10.955183
v 108.510132 1.733566 10.998715
v 108.502617 1.706763 11.041848
v 108.487007 1.653714 11.126708
v 108.452972 1.551099 11.289344
v 108.414330 1.455522 11.439745
v 108.373039 1.371286 11.577820
v 108.353180 1.335333 11.643484
v 108.334564 1.304393 11.707299
v 108.317703 1.279145 11.769562
v 108.303139 1.260266 11.830573
v 108.315437 1.228526 11.790619
v 108.331787 1.254034 11.733327
v 108.350006 1.285296 11.673547
v 108.369553 1.321626 11.611033
v 108.410484 1.406752 11.476817
v 108.449020 1.503353 11.327359
v 108.483154 1.607083 11.163189
v 108.498878 1.660711 11.076777
v 108.506454 1.687808 11.032697
v 108.513870 1.715032 10.988115
v 108.528267 1.769679 10.897679
v 108.542175 1.824292 10.805944
v 108.761818 2.341351 9.936277
v 108.887405 2.442255 9.644286
v 108.932739 2.445998 9.562387
v 109.196259 2.475919 9.163681
v 109.716576 2.525468 8.576951
v 109.739136 2.525151 8.557298
v 109.814301 2.521336 8.496253
v 110.208435 2.487318 8.231936
v 110.634262 2.446375 7.982249
v 110.863930 2.431870 7.871352
v 110.910423 2.425879 7.852888
v 110.964714 2.412730 7.834322
v 111.304955 2.276578 7.749813
v 112.232445 1.788855 7.629967
v 112.740356 1.486447 7.580267
v 113.102097 1.243814 7.525693
v 113.104652 1.475981 7.525284
v 112.753555 1.703714 7.579390
v 112.260971 1.987215 7.629702
v 111.356827 2.444690 7.751212
v 111.019897 2.572918 7.836345
v 110.965195 2.585438 7.855078
v 110.917847 2.591208 7.873729
v 110.683060 2.608142 7.986020
v 110.248528 2.663840 8.241490
v 109.843872 2.714116 8.516942
v 109.765305 2.719444 8.581257
v 109.741508 2.719879 8.602032
v 109.201080 2.648144 9.205931
v 108.932045 2.608414 9.612706
v 108.885925 2.604348 9.696578
v 108.762260 2.508686 9.960993
v 108.555443 2.021816 10.687290
v 108.542374 1.970467 10.767479
v 108.528725 1.919077 10.847776
v 108.521637 1.893472 10.887893
v 108.514351 1.867983 10.927952
v 108.499100 1.817526 11.007778
v 108.465416 1.719882 11.165464
v 108.426514 1.628862 11.319003
v 108.384148 1.548569 11.469717
v 108.363350 1.514278 11.545669
v 108.343468 1.484756 11.622639
v 108.324997 1.460651 11.701094
v 108.306274 1.364651 11.801502
v 108.322037 1.383044 11.728999
v 108.339859 1.407631 11.657139
v 108.359238 1.437752 11.585524
v 108.379662 1.472746 11.513755
v 108.421616 1.554706 11.368162
v 108.460426 1.647651 11.215856
v 108.494263 1.747393 11.056090
v 108.509659 1.798943 10.974176
v 108.517044 1.824986 10.932846
v 108.524231 1.851149 10.891317
v 108.538109 1.903662 10.807819
v 108.551437 1.956135 10.723988
v 108.762253 2.453420 9.952686
v 108.886513 2.550894 9.679678
v 108.932388 2.554950 9.596463
v 109.200012 2.594074 9.192617
v 109.734627 2.664382 8.595118
v 109.758003 2.663959 8.574719
v 109.835365 2.658744 8.511455
v 110.235924 2.609436 8.239128
v 110.667046 2.554505 7.984996
v 110.900070 2.537657 7.873058
v 110.947136 2.531812 7.854468
v 111.001717 2.519085 7.835789
v 111.339813 2.388233 7.750847
v 112.251907 1.920760 7.629862
v 112.749603 1.631011 7.579735
v 113.104111 1.398353 7.525438
v 113.095726 2.231834 7.522999
v 112.770775 2.414083 7.573765
v 112.326935 2.640074 7.624950
v 111.505608 3.005343 7.750111
v 111.183067 3.109128 7.836289
v 111.127632 3.119668 7.855429
v 111.077972 3.124732 7.874591
v 110.827759 3.139981 7.989406
v 110.361649 3.189005 8.254859
v 109.916748 3.233664 8.559139
v 109.826065 3.238737 8.633909
v 109.797997 3.239182 8.658496
v 109.204033 3.175959 9.325750
v 108.924026 3.140334 9.758665
v 108.875763 3.136550 9.848209
v 108.755379 3.057919 10.057253
v 108.574486 2.667630 10.476814
v 108.562866 2.626621 10.531155
v 108.550560 2.585564 10.588489
v 108.544098 2.565100 10.618370
v 108.537399 2.544724 10.649111
v 108.523209 2.504368 10.713319
v 108.491066 2.426170 10.853672
v 108.452759 2.353100 11.011916
v 108.409332 2.288436 11.193039
v 108.386963 2.260738 11.294768
v 108.364639 2.236827 11.405107
v 108.342728 2.217225 11.524930
v 108.321571 2.202456 11.655110
v 113.067551 2.986959 7.519735
v 112.757835 3.127707 7.565247
v 112.359200 3.301548 7.615993
v 111.624649 3.582919 7.742621
v 111.319916 3.663990 7.828671
v 111.264450 3.672597 7.848042
v 111.213158 3.676920 7.867580
v 110.951065 3.689986 7.983928
v 110.459183 3.730422 8.256980
v 109.977737 3.767572 8.589024
v 109.875084 3.772126 8.674309
v 109.842705 3.772554 8.702765
v 109.198288 3.720466 9.428444
v 108.910004 3.690259 9.881451
v 108.859947 3.686851 9.975375
v 108.739296 3.624376 10.170595
v 108.565048 3.322821 10.478664
v 108.553329 3.291179 10.521579
v 108.541092 3.259504 10.568306
v 108.534729 3.243717 10.593249
v 108.528183 3.227998 10.619325
v 108.514450 3.196863 10.675115
v 108.483894 3.136514 10.802927
v 108.448174 3.080073 10.955579
v 108.407860 3.030014 11.138857
v 108.386856 3.008491 11.244556
v 108.365608 2.989830 11.360841
v 108.344360 2.974425 11.488622
v 113.016136 3.992671 7.514935
v 112.714508 4.083025 7.552408
v 112.366531 4.194037 7.601418
v 111.739159 4.373979 7.727783
v 111.458862 4.426798 7.812593
v 111.404015 4.432796 7.832078
v 111.351372 4.435988 7.851940
v 111.078407 4.445419 7.969191
v 110.561157 4.472558 8.249106
v 110.039520 4.497774 8.613294
v 109.922714 4.501236 8.711182
v 109.885162 4.501595 8.744308
v 109.183403 4.466818 9.535139
v 108.887711 4.445480 10.006527
v 108.835831 4.442804 10.104480
v 108.711578 4.401079 10.321636
v 108.527458 4.207796 10.677257
v 108.514183 4.187469 10.719877
v 108.500839 4.167140 10.765377
v 108.494118 4.157016 10.789327
v 108.487343 4.146940 10.814140
v 108.473595 4.126995 10.866548
v 108.444962 4.088383 10.983830
v 108.414192 4.052331 11.120284
v 108.381462 4.020315 11.280000
v 108.364792 4.006462 11.370265
v 108.348076 3.994350 11.468280
v 108.331429 3.984209 11.574655
v 108.314949 3.976268 11.689999
v 112.969109 4.997127 7.510972
v 112.667564 5.041142 7.541668
v 112.354103 5.094953 7.588743
v 111.805771 5.182240 7.713771
v 111.544830 5.208335 7.797076
v 111.490791 5.211516 7.816552
v 111.437531 5.213310 7.836574
v 111.158623 5.218359 7.953954
v 110.626213 5.231503 8.237545
v 110.077644 5.243868 8.624260
v 109.950760 5.245809 8.731229
v 109.909470 5.246027 8.767738
v 109.168144 5.229352 9.602768
v 108.868546 5.218264 10.084182
v 108.815536 5.216686 10.184349
v 108.686844 5.195525 10.439069
v 108.485519 5.101769 10.931339
v 108.470306 5.091834 10.981318
v 108.455505 5.081920 11.032423
v 108.448242 5.076990 11.058440
v 108.441078 5.072088 11.084789
v 108.427002 5.062401 11.138549
v 108.399773 5.043711 11.250785
v 108.373596 5.026349 11.370201
v 108.348511 5.010945 11.498165
v 108.336494 5.004226 11.565897
v 108.324875 4.998285 11.636395
v 108.313690 4.993213 11.709858
v 108.302956 4.989102 11.786486
v 108.303322 0.984417 11.891008
v 108.317039 1.011641 11.859243
v 108.333168 1.044611 11.820148
v 108.351105 1.082633 11.773753
v 108.390083 1.171051 11.659177
v 108.428040 1.270734 11.514356
v 108.462639 1.377286 11.342105
v 108.478928 1.432228 11.247627
v 108.486870 1.459957 11.198638
v 108.494682 1.487796 11.148612
v 108.509995 1.543625 11.045834
v 108.524963 1.599351 10.940067
v 108.759895 2.125003 9.895732
v 108.887802 2.227067 9.569830
v 108.932236 2.230762 9.490303
v 109.188393 2.258195 9.104704
v 109.684860 2.301924 8.544934
v 109.706131 2.301659 8.526422
v 109.777290 2.298440 8.468816
v 110.154121 2.270122 8.217405
v 110.564545 2.234103 7.975309
v 110.787415 2.220315 7.866226
v 110.832886 2.214314 7.847973
v 110.886559 2.201138 7.829598
v 111.228447 2.064116 7.745799
v 112.174728 1.570866 7.627304
v 112.696297 1.262171 7.577732
v 113.068947 1.010258 7.522041
v 112.669449 1.221255 7.574703
v 112.150322 1.528866 7.625105
v 111.208328 2.018625 7.744336
v 110.868233 2.154510 7.828188
v 110.814880 2.167578 7.846535
v 110.769699 2.173542 7.864746
v 110.548386 2.187206 7.973403
v 110.141586 2.222342 8.213738
v 109.768723 2.249625 8.462289
v 109.698448 2.252733 8.519159
v 109.677444 2.252987 8.537430
v 109.186287 2.210527 9.091153
v 108.931839 2.183634 9.473725
v 108.887604 2.179948 9.552712
v 108.760262 2.079431 9.876255
v 108.526482 1.560063 10.913822
v 108.511566 1.504718 11.019095
v 108.496292 1.449175 11.121430
v 108.488480 1.421438 11.171255
v 108.480545 1.393784 11.220058
v 108.464226 1.338896 11.314215
v 108.429459 1.232033 11.486049
v 108.391190 1.131388 11.630800
v 108.351707 1.041258 11.745733
v 108.333466 1.002071 11.792498
v 108.317001 0.967713 11.832105
v 108.302895 0.938868 11.864536
v 108.291740 0.916220 11.889774
v 108.288841 0.834017 11.810985
v 108.301315 0.860020 11.784929
v 108.316605 0.891549 11.752009
v 108.334122 0.927955 11.712217
v 108.353294 0.968593 11.665547
v 108.394241 1.059977 11.551543
v 108.433472 1.159921 11.408530
v 108.468712 1.264436 11.239075
v 108.485107 1.317633 11.146307
v 108.493050 1.344331 11.098241
v 108.500839 1.371044 11.049178
v 108.516022 1.424357 10.948439
v 108.530746 1.477263 10.844839
v 108.760918 1.968652 9.826490
v 108.886635 2.063364 9.509019
v 108.930351 2.067027 9.431402
v 109.180428 2.092595 9.056572
v 109.658318 2.131935 8.518037
v 109.678650 2.131705 8.500349
v 109.746788 2.128874 8.445273
v 110.109634 2.104127 8.203851
v 110.507210 2.071164 7.968029
v 110.724533 2.057803 7.860473
v 110.768913 2.051965 7.842361
v 110.821274 2.039260 7.824062
v 111.154671 1.907416 7.739826
v 112.077469 1.431688 7.617617
v 112.585342 1.130951 7.564335
v 112.946785 0.880691 7.503686
v 108.286758 0.798888 11.766410
v 108.299881 0.825746 11.740559
v 108.315765 0.857807 11.707927
v 108.333809 0.894444 11.668500
v 108.353447 0.935031 11.622262
v 108.395142 1.025544 11.509296
v 108.434875 1.123718 11.367492
v 108.470375 1.225727 11.199371
v 108.486832 1.277448 11.107307
v 108.494781 1.303361 11.059600
v 108.502579 1.329261 11.010901
v 108.517723 1.380877 10.910900
v 108.532387 1.432009 10.808050
v 108.760864 1.905315 9.797717
v 108.885727 1.996555 9.483077
v 108.929146 2.000206 9.406270
v 109.176620 2.025027 9.036044
v 109.646812 2.062595 8.506361
v 109.666779 2.062380 8.488998
v 109.733704 2.059705 8.434934
v 110.090683 2.036394 8.197631
v 110.482796 2.004662 7.964494
v 110.697754 1.991476 7.857599
v 110.741646 1.985726 7.839544
v 110.793388 1.973277 7.821270
v 111.122299 1.844351 7.736770
v 112.031815 1.379209 7.612610
v 112.531960 1.084288 7.557512
v 108.181351 0.314657 10.310936
v 108.203209 0.334163 10.294733
v 108.226608 0.355085 10.275108
v 108.251068 0.377108 10.251877
v 108.276123 0.399918 10.224856
v 108.326187 0.446643 10.158708
v 108.371948 0.492221 10.073981
v 108.411736 0.535154 9.971457
v 108.429718 0.555566 9.914687
v 108.438293 0.565497 9.885129
v 108.446602 0.575241 9.854866
v 108.462517 0.594154 9.792462
v 108.477600 0.612281 9.727940
v 108.682251 0.779044 9.088603
v 108.789429 0.815744 8.873048
v 108.826263 0.819560 8.815807
v 109.016090 0.834669 8.553878
v 109.346046 0.846947 8.196234
v 109.360619 0.846942 8.183411
v 109.407883 0.846590 8.144443
v 109.648178 0.843054 7.978870
v 109.917946 0.828514 7.803341
v 110.076233 0.817408 7.712636
v 110.108505 0.813909 7.696141
v 110.145035 0.808151 7.679057
v 110.363174 0.757463 7.595013
v 110.940086 0.586962 7.444118
v 111.254158 0.471332 7.361504
v 111.479813 0.357953 7.267020
v 110.147339 0.139283 7.018880
v 110.036285 0.172013 7.096350
v 109.908997 0.199677 7.171162
v 109.681396 0.238744 7.303453
v 109.580582 0.254642 7.371466
v 109.560799 0.257598 7.385823
v 109.541763 0.260370 7.400044
v 109.443741 0.273333 7.476009
v 109.261955 0.291081 7.625092
v 109.072098 0.298876 7.787065
v 109.026749 0.299309 7.827837
v 109.011787 0.299329 7.841496
v 108.711662 0.284461 8.131420
v 108.556992 0.264745 8.296331
v 108.525932 0.259700 8.331033
v 108.440918 0.243784 8.437857
v 108.273811 0.203582 8.698556
v 108.259148 0.199412 8.724160
v 108.244308 0.195003 8.749324
v 108.236809 0.192703 8.761710
v 108.229263 0.190337 8.773948
v 108.213989 0.185401 8.797930
v 108.182640 0.174652 8.843563
v 108.150017 0.162630 8.885411
v 108.116508 0.149503 8.923328
v 108.099777 0.142693 8.941027
v 108.083206 0.135784 8.957946
v 108.066902 0.128825 8.974131
v 108.112175 0.193290 9.577949
v 110.692184 0.212970 7.125072
v 110.532478 0.269550 7.215381
v 110.324089 0.319444 7.297296
v 109.944122 0.388891 7.442024
v 109.792435 0.412908 7.518417
v 109.765388 0.416459 7.534082
v 109.740608 0.419307 7.549333
v 109.617493 0.431070 7.630956
v 109.406136 0.445456 7.785353
v 109.206650 0.449039 7.938224
v 109.163048 0.449177 7.975901
v 109.149010 0.449164 7.988505
v 108.853928 0.438123 8.289176
v 108.688950 0.421829 8.491245
v 108.655647 0.417431 8.535647
v 108.560204 0.397327 8.689976
v 108.373123 0.329740 9.115464
v 108.358025 0.322658 9.158078
v 108.342384 0.315057 9.199440
v 108.334335 0.311053 9.219568
v 108.326118 0.306911 9.239282
v 108.309151 0.298197 9.277337
v 108.272766 0.278971 9.347010
v 108.232590 0.257187 9.406311
v 108.189659 0.233467 9.454939
v 108.168152 0.221397 9.475882
v 108.147018 0.209396 9.494763
v 108.126534 0.197621 9.511719
v 108.107002 0.186229 9.526890
v 110.582062 0.281057 7.226420
v 110.366043 0.334204 7.308761
v 109.971779 0.408434 7.454385
v 109.815285 0.433718 7.531478
v 109.787544 0.437370 7.547259
v 109.762215 0.440242 7.562604
v 109.636627 0.451916 7.644823
v 109.421783 0.466105 7.800203
v 109.220421 0.469435 7.953029
v 109.176788 0.469563 7.990588
v 109.162781 0.469549 8.003144
v 108.866791 0.458706 8.306294
v 108.700447 0.442646 8.512289
v 108.666916 0.438301 8.557620
v 108.570534 0.417431 8.716224
v 108.381783 0.345143 9.156090
v 108.366653 0.337545 9.200172
v 108.350952 0.329402 9.242934
v 108.342865 0.325120 9.263730
v 108.334595 0.320694 9.284091
v 108.317490 0.311395 9.323362
v 108.280708 0.290941 9.395116
v 108.239914 0.267859 9.455935
v 108.196220 0.242822 9.505501
v 108.174332 0.230119 9.526730
v 108.152817 0.217518 9.545783
v 108.132004 0.205185 9.562808
v 112.804214 0.785327 7.481784
v 112.457169 1.026443 7.547747
v 111.968102 1.312160 7.605328
v 111.077751 1.761143 7.732182
v 110.755219 1.885680 7.817039
v 110.704361 1.897746 7.835279
v 110.661133 1.903365 7.853255
v 110.449402 1.916325 7.959237
v 110.064766 1.946441 8.188701
v 109.715698 1.967873 8.420500
v 109.650383 1.970342 8.473237
v 109.630905 1.970539 8.490176
v 109.171021 1.935295 9.007938
v 108.927101 1.911452 9.371853
v 108.884094 1.907815 9.447555
v 108.760361 1.820910 9.758030
v 108.533920 1.370624 10.755355
v 108.519325 1.321813 10.856912
v 108.504189 1.272435 10.955628
v 108.496391 1.247616 11.003690
v 108.488411 1.222754 11.050764
v 108.471855 1.173032 11.141580
v 108.435959 1.074523 11.307294
v 108.395546 0.979014 11.446853
v 108.352852 0.890138 11.557806
v 108.332603 0.849927 11.603153
v 108.313850 0.813338 11.641779
v 108.297195 0.780974 11.673710
v 108.283203 0.753440 11.698971
v 113.095795 1.078117 7.525582
v 112.723839 1.326753 7.580233
v 112.202751 1.635318 7.629263
v 111.255981 2.131701 7.747522
v 110.912888 2.269970 7.831423
v 110.858871 2.283269 7.849850
v 110.813019 2.289312 7.868169
v 110.587875 2.303285 7.977862
v 110.172241 2.340612 8.222490
v 109.789612 2.370463 8.478096
v 109.717163 2.373848 8.536798
v 109.695480 2.374128 8.555671
v 109.191238 2.328523 9.124267
v 108.932617 2.300289 9.514227
v 108.887894 2.296578 9.594536
v 108.759827 2.194196 9.917721
v 108.525909 1.668478 10.942249
v 108.511009 1.612942 11.046185
v 108.495766 1.557366 11.147281
v 108.487984 1.529679 11.196532
v 108.480080 1.502119 11.244795
v 108.463852 1.447572 11.337987
v 108.429375 1.342052 11.508437
v 108.391525 1.243765 11.652698
v 108.352577 1.157138 11.768186
v 108.334618 1.120166 11.815649
v 108.318428 1.088350 11.856253
v 108.304596 1.062391 11.889996
v 108.293694 1.042984 11.916873
v 113.099838 1.149570 7.525784
v 112.732414 1.395428 7.580393
v 112.216988 1.701846 7.629711
v 111.278351 2.195935 7.748674
v 110.936401 2.333751 7.832852
v 110.882248 2.347028 7.851341
v 110.836105 2.353061 7.869725
v 110.608917 2.367202 7.979960
v 110.188583 2.405740 8.226856
v 109.800690 2.437014 8.486312
v 109.727036 2.440552 8.546039
v 109.704971 2.440846 8.565251
v 109.193604 2.393503 9.141902
v 108.932785 2.364527 9.535783
v 108.887787 2.360802 9.616801
v 108.761284 2.259027 9.921848
v 108.535759 1.736884 10.858728
v 108.521446 1.681730 10.955893
v 108.506706 1.626538 11.051116
v 108.499138 1.599042 11.097815
v 108.491425 1.571674 11.143808
v 108.475487 1.517507 11.233379
v 108.441177 1.412729 11.400799
v 108.402863 1.315142 11.548658
v 108.362679 1.229139 11.675557
v 108.343742 1.192434 11.732013
v 108.326332 1.160850 11.783996
v 108.310997 1.135080 11.831648
v 108.303986 1.287540 11.822718
v 112.738266 1.460320 7.580323
v 112.228302 1.764257 7.629925
v 111.297768 2.254417 7.749535
v 110.957069 2.391207 7.833955
v 110.902817 2.404403 7.852499
v 110.856430 2.410411 7.870940
v 110.627441 2.424704 7.981646
v 110.202980 2.464332 8.230522
v 109.810410 2.496890 8.493419
v 109.735664 2.500567 8.554078
v 109.713249 2.500873 8.573601
v 109.195518 2.451966 9.157417
v 108.932785 2.422319 9.554738
v 108.887543 2.418581 9.636383
v 108.761696 2.317419 9.932078
v 108.540382 1.798853 10.820862
v 108.526352 1.744080 10.914143
v 108.511864 1.689271 11.005944
v 108.504410 1.661967 11.051130
v 108.496788 1.634790 11.095755
v 108.481003 1.581002 11.183069
v 108.446815 1.476962 11.348171
v 108.408333 1.380069 11.497184
v 108.367615 1.294682 11.629329
v 108.348236 1.258242 11.690126
v 108.330246 1.226885 11.747696
v 108.314178 1.201299 11.802254
v 108.300591 1.182172 11.854019
v 112.745247 1.559145 7.580025
v 112.242470 1.855148 7.629950
v 111.322662 2.332628 7.750385
v 110.983467 2.466100 7.835121
v 110.929024 2.479034 7.853745
v 110.882233 2.484952 7.872274
v 110.650871 2.500667 7.983710
v 110.222397 2.548827 8.235700
v 109.825073 2.590728 8.504098
v 109.748810 2.595264 8.566258
v 109.725845 2.595636 8.586284
v 109.198250 2.536385 9.178698
v 108.932610 2.502166 9.580141
v 108.887001 2.498277 9.662714
v 108.762108 2.398995 9.944813
v 108.547050 1.891299 10.763373
v 108.533447 1.837699 10.851005
v 108.519318 1.784062 10.937840
v 108.512024 1.757341 10.980837
v 108.504547 1.730744 11.023490
v 108.488991 1.678100 11.107567
v 108.455009 1.576261 11.269449
v 108.416313 1.481394 11.420382
v 108.374840 1.397771 11.560500
v 108.354828 1.362076 11.627818
v 108.335999 1.331357 11.693743
v 108.318878 1.306287 11.758601
v 124.500000 0.000000 2.500000
v 123.964104 0.000000 4.500000
v 122.500000 0.000000 5.964102
v 120.500000 0.000000 6.500000
v 108.759422 0.000176 6.500036
v 108.998787 -0.000000 -0.015843
v 108.876678 0.000176 -6.500002
v 120.500000 -0.000000 -6.500000
v 122.500000 -0.000000 -5.964102
v 123.964104 -0.000000 -4.500000
v 124.500000 -0.000000 -2.500000
v 117.500000 -0.000000 -5.500000
v 114.944023 -0.000000 -4.870008
v 112.973587 -0.000000 -3.124356
v 112.040100 -0.000000 -0.662952
v 112.357414 0.000000 1.950327
v 113.852821 0.000000 4.116809
v 116.183762 0.000000 5.340180
v 118.816238 0.000000 5.340180
v 121.147179 0.000000 4.116809
v 122.642586 0.000000 1.950327
v 122.959900 -0.000000 -0.662952
v 122.026413 -0.000000 -3.124356
v 120.055977 -0.000000 -4.870008
v -47.082966 60.612217 -73.500015
v -13.980109 109.924919 -73.500015
v 19.593035 158.919174 -73.500031
v 24.310169 166.562149 -73.500031
v 30.074080 173.450104 -73.500031
v 36.765739 179.440781 -73.500031
v 44.246964 184.410477 -73.500031
v 52.363255 188.256577 -73.500031
v 60.947014 190.899612 -73.500031
v 69.820969 192.285049 -73.500031
v 78.801880 192.384262 -73.500031
v 87.704277 191.195190 -73.500031
v 96.344322 188.742401 -73.500031
v 104.543602 185.076538 -73.500031
v 112.132774 180.273315 -73.500031
v 118.955139 174.431915 -73.500031
v 124.869797 167.672974 -73.500031
v 129.754623 160.136063 -73.500031
v 133.508713 151.976807 -73.500031
v 136.054565 143.363724 -73.500015
v 137.339615 134.474670 -73.500015
v 137.337296 125.493202 -73.500015
v 136.047684 116.604813 -73.500015
v 133.497391 107.993042 -73.500015
v 129.739090 99.835732 -73.500015
v 124.850388 92.301331 -73.500015
v 118.932251 85.545425 -73.500015
v 112.106880 79.707542 -73.500015
v 104.515228 74.908226 -73.500015
v 100.455765 71.631516 -73.500015
v 96.677834 68.057755 -73.500015
v 93.176041 64.192635 -73.500015
v 89.981972 60.081402 -73.500015
v 87.123512 55.780655 -73.500015
v 84.590179 51.296417 -73.500015
v 82.377434 46.631275 -73.500000
v 80.487976 41.783634 -73.500000
v 78.173180 44.072147 -73.500000
v 75.588394 46.034622 -73.500000
v 69.885445 49.121784 -73.500000
v 63.840580 51.317955 -73.500015
v 57.592865 52.941628 -73.500015
v 51.205177 54.668682 -73.500015
v 44.984432 56.924240 -73.500015
v 38.974266 59.692478 -73.500015
v 33.841965 61.784428 -73.500015
v 28.394062 62.863621 -73.500015
v 9.508103 63.999981 -73.500015
v -9.412012 64.002853 -73.500015
v -28.298315 62.872253 -73.500015
v 36.500000 130.000000 -73.500015
v 37.155537 122.925629 -73.500015
v 39.099819 116.092178 -73.500015
v 42.266640 109.732346 -73.500015
v 46.548157 104.062706 -73.500015
v 51.798565 99.276321 -73.500015
v 57.839073 95.536201 -73.500015
v 64.463974 92.969696 -73.500015
v 71.447670 91.664215 -73.500015
v 78.552330 91.664215 -73.500015
v 85.536026 92.969696 -73.500015
v 92.160927 95.536201 -73.500015
v 98.201431 99.276321 -73.500015
v 103.451843 104.062706 -73.500015
v 107.733360 109.732346 -73.500015
v 110.900185 116.092178 -73.500015
v 112.844467 122.925629 -73.500015
v 113.500000 130.000000 -73.500015
v 112.844467 137.074356 -73.500015
v 110.900185 143.907806 -73.500015
v 107.733360 150.267639 -73.500015
v 103.451843 155.937286 -73.500031
v 98.201431 160.723663 -73.500031
v 92.160927 164.463791 -73.500031
v 85.536026 167.030289 -73.500031
v 78.552330 168.335770 -73.500031
v 71.447670 168.335770 -73.500031
v 64.463974 167.030289 -73.500031
v 57.839073 164.463791 -73.500031
v 51.798565 160.723663 -73.500031
v 46.548157 155.937286 -73.500031
v 42.266640 150.267639 -73.500015
v 39.099819 143.907806 -73.500015
v 37.155537 137.074356 -73.500015
v 85.534203 49.987762 67.500000
v 86.739494 52.707500 67.499985
v 88.071320 55.363922 67.499985
v 89.525993 57.949711 67.499985
v 84.728271 57.146656 67.499985
v 79.887932 56.662716 67.499985
v 75.026184 56.500011 67.499985
v 80.685349 53.875984 67.499985
v 83.236732 52.101021 67.499985
v 79.779816 0.000342 -72.795586
v 86.145050 0.000342 -66.085114
v 91.649498 0.000344 -58.698448
v 96.354790 0.000344 -50.704502
v 100.236061 0.000346 -42.267040
v 103.288017 0.000346 -33.561684
v 105.549309 0.000348 -24.692661
v 107.073456 0.000350 -15.671056
v 107.875595 0.000352 -6.500000
v 107.757324 0.000352 6.500000
v 106.949951 0.000354 14.604154
v 105.580360 0.000356 22.628859
v 103.632301 0.000356 30.571814
v 101.080109 0.000358 38.413353
v 97.930794 0.000358 46.027393
v 94.188606 0.000360 53.329819
v 89.820770 0.000362 60.301022
v 84.809509 0.000362 66.868210
v 76.894417 0.000364 75.836990
v 68.036057 0.000364 83.875473
v 58.343075 0.000366 90.885017
v 47.934368 0.000366 96.779625
v 36.937630 0.000368 101.487000
v 25.487759 0.000368 104.949387
v 13.725218 0.000368 107.124313
v 1.794304 0.000368 107.985092
v -10.158621 0.000368 107.521172
v -21.986925 0.000368 105.738235
v -33.545506 0.000368 102.658165
v -44.692570 0.000366 98.318741
v -55.291370 0.000366 92.773186
v -65.211884 0.000364 86.089546
v -74.332413 0.000364 78.349808
v -82.541077 0.000362 69.648911
v -89.737167 0.000362 60.093605
v -95.832405 0.000360 49.801102
v -100.752029 0.000358 38.897663
v -104.435684 0.000356 27.517052
v -106.838173 0.000354 15.798873
v -107.930031 0.000352 3.886884
v -107.697868 0.000350 -8.072788
v -106.144516 0.000348 -19.933428
v -103.289047 0.000348 -31.549534
v -99.166481 0.000346 -42.778606
v -93.827393 0.000344 -53.482895
v -87.337280 0.000342 -63.531086
v -79.775764 0.000342 -72.799911
v -71.235603 0.000340 -81.175667
v -61.821564 0.000338 -88.555603
v -51.649124 0.000338 -94.849182
v -40.843086 0.000336 -99.979210
v -29.536007 0.000336 -103.882744
v -17.866592 0.000336 -106.511902
v -5.978003 0.000336 -107.834427
v 5.983921 0.000336 -107.834099
v 17.872438 0.000336 -106.510918
v 29.541706 0.000336 -103.881119
v 40.848572 0.000336 -99.976967
v 51.654331 0.000338 -94.846352
v 61.826424 0.000338 -88.552208
v 71.240059 0.000340 -81.171753
v 48.500000 0.000352 -0.000000
v 47.838524 0.000350 -7.982838
v 45.872135 0.000350 -15.747924
v 42.654476 0.000348 -23.083448
v 38.273315 0.000348 -29.789316
v 32.848156 0.000346 -35.682610
v 26.526985 0.000346 -40.602573
v 19.482227 0.000346 -44.415005
v 11.906046 0.000344 -47.015911
v 4.005098 0.000344 -48.334347
v -4.005098 0.000344 -48.334347
v -11.906046 0.000344 -47.015911
v -19.482227 0.000346 -44.415005
v -26.526985 0.000346 -40.602573
v -32.848156 0.000346 -35.682610
v -38.273315 0.000348 -29.789316
v -42.654476 0.000348 -23.083448
v -45.872135 0.000350 -15.747924
v -47.838524 0.000350 -7.982838
v -48.500000 0.000352 -0.000000
v -47.838524 0.000354 7.982838
v -45.872135 0.000354 15.747924
v -42.654476 0.000356 23.083448
v -38.273315 0.000356 29.789316
v -32.848156 0.000358 35.682610
v -26.526985 0.000358 40.602573
v -19.482227 0.000358 44.415005
v -11.906046 0.000360 47.015911
v -4.005098 0.000360 48.334347
v 4.005098 0.000360 48.334347
v 11.906046 0.000360 47.015911
v 19.482227 0.000358 44.415005
v 26.526985 0.000358 40.602573
v 32.848156 0.000358 35.682610
v 38.273315 0.000356 29.789316
v 42.654476 0.000356 23.083448
v 45.872135 0.000354 15.747924
v 47.838524 0.000354 7.982838
v -71.299675 49.497780 67.006416
v -77.838165 49.623829 58.641457
v -83.496101 49.724991 49.649448
v -88.186981 49.804100 40.150257
v -91.872726 49.863842 30.205605
v -93.765289 49.893627 23.304300
v -95.158142 49.914913 16.343653
v -96.060509 49.927814 9.315936
v -96.471657 49.932262 2.224031
v -96.378578 49.929871 -4.933379
v -95.770149 49.922779 -12.063264
v -94.664337 49.908707 -19.094929
v -93.072006 49.885380 -26.030518
v -90.991669 49.852341 -32.869732
v -88.429634 49.810722 -39.562443
v -85.423515 49.761696 -46.014763
v -81.982758 49.704498 -52.228569
v -78.110939 49.637703 -58.205814
v -73.809258 49.559353 -63.942272
v -69.119186 49.468445 -69.380775
v -64.067116 49.364864 -74.490959
v -60.008152 49.454815 -77.449188
v -55.422081 49.813923 -79.444618
v -50.594715 50.361950 -80.576920
v -45.641045 51.052837 -80.942818
v -27.431677 53.243660 -80.942818
v -9.123768 54.339642 -80.942818
v 9.216916 54.336849 -80.942818
v 27.524490 53.235291 -80.942818
v 32.342266 50.705261 -88.312180
v 35.142063 49.381046 -91.699463
v 38.233391 48.036850 -94.810974
v 27.360359 48.036850 -98.500374
v 16.142189 48.036850 -100.947227
v 4.720390 48.036850 -102.120667
v -6.760954 48.036850 -102.005898
v -18.157013 48.036850 -100.604355
v -29.324024 48.036850 -97.933723
v -40.121124 48.036850 -94.027695
v -50.412113 48.036850 -88.935547
v -60.067173 48.036850 -82.721504
v -68.964508 48.036858 -75.463966
v -76.991875 48.036858 -67.254471
v -84.048019 48.036858 -58.196598
v -90.043930 48.036858 -48.404583
v -94.903969 48.036858 -38.001968
v -98.566833 48.036858 -27.119968
v -100.986305 48.036865 -15.895862
v -102.131882 48.036865 -4.471235
v -101.989098 48.036865 7.009796
v -100.559753 48.036865 18.402401
v -97.861893 48.036873 29.562864
v -93.929535 48.036873 40.350403
v -88.812286 48.036873 50.628937
v -82.574715 48.036873 60.268806
v -75.295486 48.036873 69.148415
v -67.066429 48.036880 77.155731
v -57.991360 48.036880 84.189758
v -48.184750 48.036880 90.161758
v -37.770306 48.036880 94.996407
v -26.879400 48.036880 98.632706
v -15.649425 48.036880 101.024788
v -4.222036 48.036880 102.142487
v 7.258611 48.036880 101.971687
v 18.647694 48.036880 100.514557
v 29.801542 48.036880 97.789474
v 40.579456 48.036880 93.830811
v 50.845474 48.036880 88.688499
v 60.470097 48.036880 82.427422
v 69.331909 48.036873 75.126556
v 49.656033 51.919353 75.126541
v 29.768913 54.510921 75.126541
v 9.755152 55.800560 75.126541
v -10.300109 55.782776 75.126541
v -30.311550 54.457653 75.126541
v -50.194046 51.830822 75.126541
v -55.937069 50.935200 74.679810
v -61.541519 50.187622 73.282654
v -66.809395 49.662609 70.786606
v -69.194656 49.523796 69.064743
v -43.632656 51.002537 -82.228180
v -24.871195 53.119259 -82.228180
v -6.014838 54.073616 -82.228180
v 12.864468 53.861965 -82.228180
v -43.631802 50.996639 82.250404
v -24.870708 53.113319 82.250404
v -6.014720 54.067657 82.250404
v 12.864216 53.856014 82.250404
v 31.694071 52.479191 82.250404
v 50.403000 49.942451 82.250420
v 80.490677 24.426493 -73.500008
v 80.490685 1.000340 -73.500000
v 71.869690 1.000340 -81.949661
v 62.367233 1.000338 -89.394234
v 52.099850 1.000338 -95.742393
v 41.193474 1.000336 -100.916290
v 29.781868 1.000336 -104.852470
v 18.004993 1.000336 -107.502655
v 6.007289 1.000336 -108.834335
v -6.064093 1.000336 -108.831184
v -18.061098 1.000336 -107.493240
v -29.836590 1.000336 -104.836914
v -41.246140 1.000336 -100.894775
v -52.149815 1.000338 -95.715187
v -62.413879 1.000338 -89.361664
v -71.912453 1.000340 -81.912140
v -80.529030 1.000340 -73.457985
v -88.157936 1.000342 -64.102875
v -94.705605 1.000344 -53.961552
v -100.091721 1.000346 -43.158405
v -104.250229 1.000348 -31.825928
v -107.130135 1.000348 -20.103111
v -108.696098 1.000350 -8.133733
v -108.928932 1.000352 3.935403
v -107.825775 1.000354 15.956273
v -105.400146 1.000356 27.781443
v -101.681808 1.000358 39.265877
v -96.716370 1.000360 50.268723
v -90.564713 1.000362 60.655029
v -83.302299 1.000362 70.297417
v -75.018196 1.000364 79.077621
v -65.814011 1.000366 86.887947
v -55.802631 1.000366 93.632614
v -45.106842 1.000368 99.228889
v -33.857822 1.000368 103.608147
v -22.193546 1.000368 106.716667
v -10.257068 1.000368 108.516327
v 1.805210 1.000368 108.985046
v 13.845348 1.000368 108.117096
v 25.715675 1.000368 105.923103
v 37.270603 1.000368 102.429985
v 48.368416 1.000366 97.680580
v 58.872997 1.000366 91.733147
v 68.655518 1.000364 84.660622
v 77.595985 1.000364 76.549744
v 85.584785 1.000362 67.500031
v 85.584709 31.885141 67.500061
v 85.034904 33.103554 68.191383
v 84.572441 34.393566 68.764145
v 83.635742 36.867119 69.900337
v 83.153099 37.823116 70.473633
v 82.798561 38.437382 70.890045
v 82.715111 38.572815 70.987396
v 74.449287 38.572792 79.613464
v 65.289047 38.572792 87.283104
v 55.344452 38.572792 93.904160
v 44.734970 38.572792 99.397095
v 33.588062 38.572792 103.695915
v 22.037640 38.572792 106.748970
v 10.222466 38.572792 108.519592
v -1.715516 38.572792 108.986496
v -13.632888 38.572792 108.144089
v -25.386480 38.572792 106.002487
v -36.835091 38.572792 102.587410
v -47.841179 38.572792 97.939888
v -58.272522 38.572792 92.115761
v -68.003799 38.572792 85.184990
v -76.918114 38.572792 77.230843
v -84.908363 38.572784 68.348877
v -91.878563 38.572784 58.645794
v -97.744965 38.572784 48.238167
v -102.437103 38.572784 37.251026
v -105.898605 38.572784 25.816366
v -108.087883 38.572777 14.071564
v -108.978638 38.572777 2.157707
v -108.560173 38.572777 -9.782071
v -106.837509 38.572777 -21.604332
v -103.831345 38.572769 -33.167046
v -99.577789 38.572769 -44.331306
v -94.127953 38.572769 -54.962990
v -87.547295 38.572769 -64.934357
v -79.914886 38.572769 -74.125648
v -71.322411 38.572762 -82.426414
v -61.873096 38.572762 -89.736946
v -51.680466 38.572762 -95.969421
v -40.866970 38.572762 -101.048950
v -29.562511 38.572762 -104.914528
v -17.902903 38.572762 -107.519699
v -6.028217 38.572762 -108.833176
v 5.918890 38.572762 -108.839180
v 17.794891 38.572762 -107.537628
v 29.457109 38.572762 -104.944168
v 40.765446 38.572762 -101.089951
v 45.734745 36.826199 -98.941055
v 50.659222 35.339157 -96.512398
v 55.504887 34.101788 -93.809425
v 60.238346 33.101105 -90.842400
v 64.851601 32.317581 -87.608620
v 69.302795 31.736715 -84.131577
v 73.573692 31.338192 -80.423325
v 77.661583 31.100649 -76.483192
v 77.670738 31.086948 -76.473892
v 77.991638 30.585436 -76.146286
v 78.533470 29.608009 -75.587502
v 79.638512 26.790606 -74.422546
v 88.910957 38.839920 -68.015289
v 92.786102 46.677044 -66.907555
v 97.568130 53.948658 -65.778999
v 103.287003 60.608559 -64.686272
v 109.876701 66.429955 -63.719086
v 109.891937 66.434975 -63.478085
v 110.587105 66.809860 -55.919949
v 110.966454 67.000542 -48.350796
v 111.312973 67.094795 -33.197651
v 111.550735 66.991219 -2.875396
v 111.342987 67.077835 27.444910
v 111.028755 67.023140 42.599339
v 110.683098 66.858368 50.171036
v 110.017555 66.502045 57.733692
v 105.201248 62.208302 58.518044
v 100.945343 57.386044 59.356289
v 97.248711 52.083847 60.215260
v 94.165962 46.405106 61.057682
v 91.862114 41.741249 62.390713
v 89.515724 37.388268 64.514534
v 88.592216 34.968178 65.141739
v 88.407280 32.329254 64.672928
v 88.654274 27.064520 63.634537
v 91.114075 30.563093 60.178787
v 93.548523 33.664200 56.387020
v 95.918015 36.367275 52.270428
v 98.182938 38.671757 47.840202
v 100.299652 40.568459 43.125542
v 102.228073 42.034363 38.184410
v 103.939911 43.049164 33.058701
v 105.416878 43.573994 27.788351
v 106.640587 43.552940 22.437933
v 107.530663 43.025311 17.539804
v 108.128357 42.200459 13.278789
v 108.548187 41.237312 9.278519
v 108.827766 40.348709 5.349208
v 108.977570 39.837852 1.381010
v 108.993317 39.988930 -2.610128
v 108.875938 40.725311 -6.535937
v 108.614540 41.769306 -10.622350
v 108.157562 42.837315 -15.067472
v 107.468529 43.627453 -19.887747
v 106.575806 43.935810 -24.671200
v 105.460846 43.775867 -29.477560
v 104.140129 43.187878 -34.197929
v 102.626328 42.215176 -38.783863
v 100.931984 40.891701 -43.209042
v 99.069824 39.235767 -47.459713
v 97.063011 37.259899 -51.507423
v 94.938499 34.977745 -55.320320
v 92.730255 32.399307 -58.874557
v 90.467598 29.527714 -62.161713
v 88.187309 26.375477 -65.165611
v 85.933762 22.964540 -67.871185
v 83.734642 19.296112 -70.288841
v 83.649162 24.527927 -70.879295
v 83.724258 27.126820 -71.307831
v 83.992744 28.420815 -71.286026
v 84.454971 29.628473 -71.002296
v 86.745468 34.105114 -69.215271
v 108.834877 65.446602 56.176800
v 110.008362 65.540085 39.018856
v 111.107285 65.526924 13.190871
v 111.153999 65.457809 -12.495770
v 110.112274 65.339882 -37.782146
v 108.242119 65.060051 -62.566650
v 105.905746 62.957378 -62.721329
v 103.696556 60.727417 -62.876007
v 101.618408 58.376945 -63.030685
v 97.870628 53.341576 -63.340038
v 94.693207 47.905441 -63.649391
v 91.939835 41.652431 -63.983200
v 89.925110 35.063938 -64.317001
v 88.687721 28.208023 -64.650810
v 108.940323 65.178513 -54.363632
v 107.078323 63.195156 -54.585373
v 105.320457 61.110954 -54.807110
v 103.669754 58.931286 -55.028854
v 100.701981 54.306999 -55.472336
v 98.199280 49.365231 -55.915817
v 96.048386 43.726139 -56.394352
v 94.497780 37.821312 -56.872890
v 109.567162 65.270363 -46.101658
v 108.130211 63.385113 -46.354874
v 106.775803 61.423782 -46.608089
v 105.506203 59.390408 -46.861309
v 103.230522 55.123741 -47.367741
v 101.321365 50.617527 -47.874176
v 99.693344 45.523720 -48.420639
v 98.536102 40.229454 -48.967106
v 101.994614 42.281853 -40.646172
v 102.828468 47.045677 -40.099976
v 104.016182 51.667923 -39.553783
v 105.418922 55.800076 -39.047600
v 107.099205 59.762981 -38.541420
v 108.039459 61.673809 -38.288330
v 109.044342 63.533726 -38.035236
v 110.565300 65.391418 -29.406342
v 109.803696 63.647503 -29.631609
v 109.088364 61.868996 -29.856874
v 108.420296 60.057735 -30.082140
v 107.229935 56.344357 -30.532675
v 106.240585 52.522121 -30.983212
v 105.407654 48.292652 -31.469358
v 104.828026 43.972183 -31.955507
v 111.252800 65.504173 4.597075
v 110.958107 63.884071 4.636029
v 110.682320 62.260166 4.674983
v 110.425499 60.632671 4.713938
v 109.968925 57.367737 4.791848
v 109.588783 54.090931 4.869756
v 109.264778 50.543709 4.953823
v 109.030708 46.986702 5.037892
v 108.887077 43.422009 5.121959
v 108.997650 43.215977 -4.436473
v 109.132271 46.805393 -4.361653
v 109.354729 50.388416 -4.286836
v 109.664742 53.963276 -4.212017
v 110.029945 57.267426 -4.142679
v 110.469849 60.561638 -4.073343
v 110.717743 62.204575 -4.038674
v 110.984222 63.844501 -4.004005
v 111.269264 65.481239 -3.969336
v 106.552971 46.225037 23.549780
v 106.997070 50.059093 23.215820
v 107.624191 53.835358 22.881861
v 108.363411 57.273098 22.572367
v 109.249626 60.641651 22.262873
v 109.746338 62.297047 22.108126
v 110.277954 63.931618 21.953375
v 110.843880 65.544189 21.798628
v 110.473846 65.550438 30.410843
v 109.660789 63.923038 30.595837
v 108.895691 62.257645 30.780836
v 108.179665 60.556293 30.965830
v 106.899223 57.053806 31.335819
v 105.828323 53.431778 31.705809
v 104.917992 49.408005 32.105045
v 104.273056 45.284256 32.504280
v 101.362000 43.970966 41.187054
v 102.273666 48.476238 40.773560
v 103.551376 52.830093 40.360065
v 105.047325 56.703026 39.976864
v 106.829231 60.394997 39.593662
v 107.823151 62.165474 39.402061
v 108.883430 63.881523 39.210461
v 109.458412 65.507401 47.611546
v 107.963882 63.798283 47.782692
v 106.553055 62.009472 47.953838
v 105.228294 60.145222 48.124985
v 102.846619 56.207355 48.467278
v 100.837997 52.018612 48.809570
v 99.111107 47.256413 49.178917
v 97.864944 42.284237 49.548267
v 109.155159 65.480888 51.898361
v 107.456383 63.738228 52.048092
v 105.851471 61.904034 52.197826
v 104.343178 59.983166 52.347561
v 101.627502 55.900906 52.647030
v 99.331436 51.530418 52.946495
v 97.349976 46.536018 53.269638
v 95.910538 41.300354 53.592777
v 95.040878 35.872391 53.915916
v 92.812675 34.486385 57.797924
v 93.826279 40.222534 57.538277
v 95.476677 45.740650 57.278633
v 97.732330 50.985241 57.018986
v 100.335640 55.553097 56.778362
v 103.406578 59.794209 56.537739
v 105.109566 61.778427 56.417427
v 106.920044 63.664398 56.297112
v 91.617722 39.050591 61.378567
v 90.443726 32.987518 61.556541
v 93.497017 44.869331 61.200596
v 107.972809 43.128464 14.599461
v 108.154778 46.792789 14.373853
v 108.462395 50.435684 14.148248
v 108.893135 54.051559 13.922645
v 109.400047 57.373569 13.713565
v 110.008530 60.663132 13.504487
v 110.350227 62.294357 13.399948
v 110.716560 63.915806 13.295410
v 108.440758 46.240677 -13.723114
v 108.715736 49.963707 -13.489048
v 109.107101 53.664352 -13.254983
v 109.571999 57.069874 -13.038067
v 110.133621 60.448475 -12.821149
v 110.450211 62.126526 -12.712688
v 110.790405 63.796459 -12.604230
v 110.915947 65.429298 -20.976217
v 106.991402 45.294029 -22.951962
v 107.385078 49.265221 -22.575171
v 107.951653 53.185783 -22.198378
v 108.626495 56.764904 -21.849188
v 109.441109 60.283375 -21.499998
v 109.899529 62.017284 -21.325403
v 110.391312 63.732941 -21.150812
v -51.779808 61.414772 67.499985
v -32.215042 64.029472 67.499985
v -12.525529 65.422203 67.499985
v 7.212487 65.587593 67.499985
v 26.922573 64.525002 67.499985
v 46.528404 62.238525 67.499985
v 38.384037 66.269951 67.499985
v 30.799410 71.275597 67.499985
v 23.890465 77.178947 67.499985
v 17.762823 83.889763 67.499985
v 12.510153 91.305458 67.499985
v 8.212752 99.312668 67.499985
v 4.936314 107.788986 67.499985
v 2.730924 116.604843 67.499985
v 1.630297 125.625465 67.499985
v 1.651256 134.712952 67.499985
v -69.247635 54.052479 -60.728916
v -67.178551 55.549168 -61.880142
v -65.412750 57.710751 -62.082920
v -64.267822 60.130135 -61.278660
v -63.953911 62.300781 -59.550682
v -64.201180 63.227203 -58.226273
v -64.713844 63.836998 -56.798340
v -65.703690 64.044868 -55.044514
v -66.965714 63.674702 -53.503941
v -68.376129 62.797119 -52.341526
v -69.803413 61.521534 -51.673519
v -71.112381 59.980492 -51.563507
v -72.171051 58.316559 -52.022560
v -72.852249 56.685169 -53.009300
v -73.051483 55.251118 -54.423672
v -72.843193 54.425884 -55.655083
v -72.369560 53.832142 -56.945053
v -77.135551 53.514355 -50.297966
v -81.292542 53.257458 -43.292133
v -84.829338 53.055428 -35.921223
v -87.713547 52.902950 -28.211151
v -89.887436 52.793571 -20.329168
v -91.355415 52.719925 -12.299007
v -92.102478 52.682007 -4.117569
v -92.098541 52.683723 4.092923
v -91.363892 52.720329 12.216725
v -89.908798 52.792149 20.255051
v -87.722603 52.904480 28.197872
v -84.835915 53.062057 35.906101
v -81.286964 53.270386 43.300213
v -77.083839 53.537270 50.379589
v -72.287155 53.867481 57.059807
v -66.938965 54.265724 63.311657
v -47.844818 82.169281 61.936699
v -28.437836 109.850014 60.455238
v -8.718483 137.309402 58.976440
v 11.267441 164.580475 57.581699
v 11.616492 165.242493 27.313925
v 11.667977 165.344772 -2.962895
v 11.582412 165.176193 -33.237789
v 11.428185 164.882614 -48.369598
v 10.996528 164.070053 -63.487419
v 10.994711 164.066391 -63.533768
v 10.993870 164.064148 -63.580238
v 10.994007 164.063309 -63.626759
v -7.329968 137.137604 -65.267380
v -25.272266 109.963387 -67.004494
v -42.773975 82.500580 -68.696983
v -59.872192 54.771320 -70.172180
v -64.716354 54.389336 -65.607124
v -1.831580 147.700302 -51.158184
v -1.224855 148.121872 -53.756519
v -0.051011 149.380051 -55.835777
v 1.466058 151.256699 -57.046253
v 3.075513 153.423233 -57.165974
v 4.252179 155.096786 -56.373695
v 5.176280 156.462738 -54.929615
v 5.740632 157.353928 -53.007725
v 5.870114 157.667389 -50.840446
v 5.347095 157.165726 -48.203777
v 4.192707 155.851624 -46.106472
v 2.609816 153.970566 -44.916538
v 0.889262 151.846710 -44.858280
v -0.325479 150.262100 -45.676826
v -1.252749 148.947220 -47.123142
v -1.774389 148.057602 -49.025047
v 0.346445 151.743393 38.880325
v 2.129854 153.867645 38.888744
v 3.771666 155.761230 40.070362
v 4.960613 157.083145 42.195324
v 5.478415 157.578491 44.875259
v 5.329242 157.277390 47.007870
v 4.742452 156.423843 48.908531
v 3.792183 155.114441 50.346611
v 2.587871 153.506241 51.152428
v 0.903158 151.353928 51.073498
v -0.672849 149.475998 49.867397
v -1.868293 148.212173 47.761162
v -2.450529 147.789200 45.123447
v -2.360080 148.123642 43.027645
v -1.815290 148.966187 41.153938
v -0.876117 150.219254 39.716888
v -77.521744 55.128754 47.437405
v -77.232498 56.480995 45.922123
v -76.471199 58.060951 44.856884
v -75.350716 59.704037 44.351288
v -74.006302 61.250980 44.451214
v -72.577164 62.553139 45.145535
v -71.203667 63.471329 46.366592
v -70.019394 63.889992 47.989861
v -69.145874 63.735153 49.836021
v -68.761703 63.219643 51.245113
v -68.617760 62.421165 52.564468
v -68.850845 60.998188 54.000149
v -69.520958 59.338249 54.968319
v -70.558907 57.639366 55.392731
v -71.865440 56.084194 55.254215
v -73.318092 54.826191 54.573887
v -74.767303 53.990150 53.409645
v -76.047318 53.662048 51.860561
v -76.994286 53.880898 50.072933
v -77.388550 54.388481 48.726231
v 0.212228 151.129852 -43.579674
v -81.345871 59.657413 29.392656
v -0.512972 151.129852 33.089226
v -85.164818 59.657406 10.857514
v -1.051433 151.129852 21.223242
v -1.419112 151.129852 4.427186
v -83.944237 59.657406 -18.930393
v -1.314956 151.129852 -11.774250
v -76.739922 59.657398 -41.452961
v -0.761112 151.129852 -27.795547
v -0.156952 151.129852 -38.347111
v -60.751686 59.657398 -65.875343
v 2.110977 151.129852 -64.202164
v -7.657942 136.914948 -64.462173
v -17.426861 122.700027 -64.722191
v -27.195780 108.485115 -64.982201
v -36.783180 94.534340 -65.237389
v -46.370583 80.583557 -65.492569
v -51.164284 73.608170 -65.620163
v -55.957985 66.632782 -65.747749
v -59.488144 66.632782 -61.217484
v -54.447254 73.608170 -61.042236
v -49.406364 80.583557 -60.866997
v -39.324585 94.534340 -60.516499
v -29.242805 108.485115 -60.166004
v -18.970150 122.700027 -59.808872
v -8.697495 136.914948 -59.451748
v 1.575161 151.129852 -59.094616
v -62.754620 66.632782 -56.486622
v -57.485004 73.608170 -56.277569
v -52.215389 80.583557 -56.068523
v -41.676163 94.534340 -55.650417
v -31.136932 108.485115 -55.232311
v -20.398167 122.700027 -54.806286
v -9.659399 136.914948 -54.380272
v -65.750168 66.632782 -51.568577
v -60.270802 73.608170 -51.338566
v -54.791435 80.583557 -51.108562
v -43.832695 94.534340 -50.648540
v -32.873959 108.485130 -50.188515
v -21.707741 122.700043 -49.719784
v -10.541523 136.914948 -49.251060
v -65.939590 66.632782 -51.235180
v -60.506664 73.608170 -50.890213
v -55.064629 80.583557 -50.544548
v -44.153328 94.534355 -49.851158
v -33.205933 108.485130 -49.155159
v -22.014393 122.700043 -48.443455
v -10.785876 136.914948 -47.729359
v -74.137314 59.657398 -46.713657
v -68.467659 66.632797 -46.474667
v -62.798008 73.608185 -46.235680
v -57.128357 80.583572 -45.996696
v -45.789051 94.534355 -45.518723
v -34.449745 108.485130 -45.040745
v -22.895754 122.700043 -44.553719
v -11.341763 136.914948 -44.066700
v -70.899956 66.632797 -41.216118
v -65.059990 73.608185 -40.979275
v -59.220020 80.583572 -40.742439
v -47.540089 94.534355 -40.268753
v -35.860157 108.485130 -39.795067
v -23.959087 122.700043 -39.312412
v -12.058020 136.914948 -38.829765
v -80.999077 59.657398 -30.453007
v -74.880394 66.632797 -30.250359
v -68.761711 73.608185 -30.047709
v -62.643024 80.583572 -29.845060
v -50.405655 94.534355 -29.439762
v -38.168285 108.485130 -29.034462
v -25.699228 122.700043 -28.621490
v -13.230170 136.914948 -28.208517
v -1.178883 151.129852 -17.137785
v -0.481760 151.129852 -33.085449
v -12.688191 136.914948 -33.542820
v -24.894621 122.700043 -34.000183
v -37.101051 108.485130 -34.457554
v -49.080673 94.534355 -34.906425
v -61.060295 80.583572 -35.355297
v -67.050102 73.608185 -35.579727
v -73.039917 66.632797 -35.804161
v -79.029732 59.657398 -36.028599
v -82.640007 59.657406 -24.745272
v -76.413940 66.632797 -24.572451
v -70.187874 73.608185 -24.399628
v -63.961803 80.583572 -24.226803
v -51.509670 94.534355 -23.881159
v -39.057541 108.485130 -23.535511
v -26.369652 122.700043 -23.183323
v -13.681765 136.914948 -22.831131
v -0.993877 151.129852 -22.478941
v -77.632820 66.632797 -18.793697
v -71.321411 73.608185 -18.656998
v -65.009995 80.583572 -18.520298
v -52.387161 94.534355 -18.246902
v -39.764332 108.485130 -17.973503
v -26.902515 122.700043 -17.694933
v -14.040699 136.914948 -17.416355
v -85.509552 59.657406 -7.080036
v -79.095703 66.632797 -7.027456
v -72.681854 73.608185 -6.974876
v -66.268005 80.583572 -6.922294
v -53.440308 94.534355 -6.817132
v -40.612614 108.485130 -6.711970
v -27.542049 122.700043 -6.604816
v -14.471486 136.914948 -6.497663
v -1.400923 151.129852 -6.390512
v -14.304698 136.914948 -11.969952
v -27.294441 122.700043 -12.165653
v -40.284184 108.485130 -12.361354
v -53.032562 94.534355 -12.553417
v -65.780945 80.583572 -12.745482
v -72.155136 73.608185 -12.841516
v -78.529320 66.632797 -12.937548
v -84.903511 59.657406 -13.033582
v -85.754517 59.657406 -1.095096
v -79.324638 66.632797 -1.086991
v -72.894760 73.608185 -1.078888
v -66.464882 80.583572 -1.070783
v -53.605122 94.534355 -1.054574
v -40.745361 108.485130 -1.038366
v -27.642132 122.700043 -1.021851
v -14.538901 136.914948 -1.005336
v -1.435670 151.129852 -0.988820
v -85.637787 59.657406 4.893818
v -79.215546 66.632797 4.858233
v -72.793304 73.608185 4.822649
v -66.371063 80.583572 4.787066
v -53.526585 94.534355 4.715899
v -40.682102 108.485130 4.644731
v -27.594440 122.700043 4.572217
v -14.506776 136.914948 4.499701
v -1.235197 151.129852 15.282976
v -1.352021 151.129852 9.852725
v -14.376611 136.914948 10.008870
v -27.401199 122.700043 10.165015
v -40.425789 108.485130 10.321159
v -53.208370 94.534355 10.474405
v -65.990944 80.583572 10.627649
v -72.382240 73.608185 10.704270
v -78.773529 66.632797 10.780893
v -84.341232 59.657406 16.766792
v -78.003838 66.632797 16.653639
v -71.666443 73.608185 16.540489
v -65.329048 80.583572 16.427340
v -52.654263 94.534355 16.201036
v -39.979473 108.485130 15.974734
v -27.064714 122.700043 15.744148
v -14.149956 136.914948 15.513562
v -83.045753 59.657406 23.138771
v -76.793137 66.632797 22.992695
v -70.540520 73.608185 22.846624
v -64.287903 80.583572 22.700554
v -51.782661 94.534355 22.408409
v -39.277424 108.485130 22.116266
v -26.535427 122.700043 21.818590
v -13.793431 136.914948 21.520918
v -75.204498 66.632797 29.222397
v -69.063118 73.608185 29.052141
v -62.921738 80.583572 28.881884
v -50.638981 94.534355 28.541368
v -38.356220 108.485130 28.200857
v -25.840916 122.700043 27.853893
v -13.325611 136.914948 27.506935
v -0.810305 151.129852 27.159971
v -12.748745 136.914948 33.464905
v -24.984518 122.700043 33.840591
v -37.220291 108.485130 34.216267
v -49.228710 94.534355 34.584965
v -61.237129 80.583572 34.953663
v -67.241341 73.608185 35.138020
v -73.245552 66.632797 35.322369
v -79.249763 59.657413 35.506714
v -76.765617 59.657413 41.459763
v -70.923965 66.632797 41.272709
v -65.082321 73.608185 41.085655
v -59.240673 80.583572 40.898594
v -47.557377 94.534355 40.524487
v -35.874081 108.485130 40.150379
v -23.969585 122.700043 39.769188
v -12.065091 136.914948 39.387989
v -0.160596 151.129852 39.006798
v -68.247475 66.632797 47.054626
v -62.593239 73.608185 46.877411
v -56.939003 80.583572 46.700184
v -45.630535 94.534355 46.345753
v -34.322063 108.485130 45.991322
v -22.799494 122.700043 45.630177
v -11.276923 136.914948 45.269028
v 0.741077 151.129852 51.227276
v -10.293224 136.914948 51.673183
v -21.305634 122.700058 52.115955
v -32.296070 108.485146 52.555523
v -43.060848 94.534370 52.983768
v -53.804310 80.583588 53.408840
v -59.168018 73.608200 53.620178
v -64.526367 66.632812 53.830696
v -67.067696 59.657413 58.153965
v -61.860676 66.632812 58.038593
v -56.653656 73.608200 57.923225
v -51.446636 80.583588 57.807846
v -41.032600 94.534370 57.577106
v -30.618563 108.485146 57.346367
v -20.007357 122.700058 57.111259
v -9.396152 136.914948 56.876141
v 1.215052 151.129852 56.641033
v -10.386518 136.914948 51.100811
v -21.477625 122.700058 51.414040
v -32.568733 108.485146 51.727261
v -43.453754 94.534370 52.034660
v -54.338776 80.583588 52.342064
v -59.781288 73.608200 52.495770
v -65.223801 66.632812 52.649471
v 108.953178 36.282310 2.354083
v 108.995377 36.229893 -2.441537
v 108.942551 35.801277 -4.838655
v 108.854614 34.574585 -6.952417
v 108.755928 32.823467 -8.650146
v 108.663322 30.753122 -9.951918
v 108.530502 26.154739 -11.539021
v 108.485176 5.167017 -12.027857
v 108.485176 4.333683 -12.027857
v 108.485176 3.500350 -12.027857
v 108.485176 2.667017 -12.027857
v 108.485176 1.833683 -12.027857
v 108.485184 1.000350 -12.027840
v 107.357880 1.000348 -20.542912
v 105.602180 1.000348 -28.918610
v 103.193100 1.000346 -37.149414
v 100.082069 1.000346 -45.219501
v 96.260208 1.000344 -52.999432
v 91.713882 1.000342 -60.392464
v 86.467819 1.000342 -67.251945
v 82.696823 20.443617 -71.360825
v 83.309143 19.302080 -70.733208
v 83.419647 19.178703 -70.618507
v 83.533691 19.126575 -70.499611
v 83.592941 19.138998 -70.437637
v 83.646759 19.177019 -70.381218
v 88.612946 27.014357 63.689682
v 88.565323 26.984531 63.753105
v 88.514343 26.981283 63.820873
v 88.464554 27.001564 63.886929
v 88.267204 27.224152 64.147552
v 87.688011 28.250286 64.902245
v 90.236900 1.000362 61.452946
v 94.323006 1.000360 55.097652
v 97.884552 1.000360 48.456718
v 100.948242 1.000358 41.544674
v 103.528824 1.000358 34.369762
v 105.614822 1.000356 26.997646
v 107.197128 1.000354 19.512369
v 108.335777 26.381155 11.463820
v 108.494026 30.953699 9.876755
v 108.608002 33.002399 8.572403
v 108.735046 34.722694 6.869925
v 108.858757 35.905293 4.753500
v 147.500000 130.000000 91.085770
v 146.853119 120.336708 91.085770
v 144.924011 110.845848 91.085770
v 141.747116 101.696793 91.085770
v 137.379120 93.052811 91.085770
v 131.897949 85.068146 91.085770
v 125.401451 77.885300 91.085770
v 118.005531 71.632439 91.085770
v 109.842178 66.421143 91.085770
v 101.057060 62.344421 91.085770
v 91.806961 59.475014 91.085770
v 82.256935 57.864124 91.085770
v 72.577415 57.540501 91.085770
v 62.941120 58.509922 91.085770
v 53.520020 60.755085 91.085770
v 44.482231 64.235924 91.085770
v 35.989029 68.890327 91.085770
v 28.191980 74.635231 91.085770
v 21.230223 81.368126 91.085770
v 15.227987 88.968849 91.085770
v 10.292384 97.301781 91.085770
v 6.511491 106.218216 91.085770
v 3.952776 115.559029 91.085770
v 2.661901 125.157547 91.085770
v 2.661901 134.842468 91.085770
v 3.952776 144.440979 91.085770
v 6.511491 153.781799 91.085754
v 10.292384 162.698227 91.085754
v 15.227987 171.031158 91.085754
v 21.230223 178.631897 91.085754
v 28.191980 185.364777 91.085754
v 35.989029 191.109695 91.085754
v 44.482231 195.764084 91.085754
v 53.520020 199.244934 91.085754
v 62.941120 201.490097 91.085754
v 72.577415 202.459518 91.085754
v 82.256935 202.135895 91.085754
v 91.806961 200.525009 91.085754
v 101.057060 197.655594 91.085754
v 109.842178 193.578873 91.085754
v 118.005531 188.367584 91.085754
v 125.401451 182.114716 91.085754
v 131.897949 174.931870 91.085754
v 137.379120 166.947205 91.085754
v 141.747116 158.303223 91.085754
v 144.924011 149.154160 91.085770
v 146.853119 139.663300 91.085770
v 110.018028 66.517799 -63.500008
v 118.113647 71.712219 -63.500008
v 125.450371 77.932625 -63.500015
v 131.899063 85.069527 -63.500015
v 137.346222 92.997299 -63.500015
v 141.695953 101.576401 -63.500015
v 144.871689 110.655807 -63.500015
v 146.817535 120.075722 -63.500015
v 147.499252 129.670334 -63.500023
v 146.904816 139.270737 -63.500023
v 145.044724 148.707947 -63.500023
v 141.951675 157.815872 -63.500023
v 137.680145 166.434174 -63.500023
v 132.305313 174.411148 -63.500023
v 125.921791 181.606400 -63.500031
v 118.641937 187.893280 -63.500031
v 110.593895 193.161102 -63.500031
v 101.919319 197.317169 -63.500031
v 92.770912 200.288300 -63.500031
v 83.309692 202.022217 -63.500031
v 73.702209 202.488388 -63.500031
v 64.117569 201.678604 -63.500031
v 54.724487 199.607132 -63.500031
v 45.688293 196.310440 -63.500031
v 37.168045 191.846527 -63.500031
v 29.313721 186.293991 -63.500031
v 22.263571 179.750565 -63.500031
v 16.141693 172.331421 -63.500023
v 11.055845 164.167160 -63.500023
v 11.517337 165.017166 -48.381435
v 11.696031 165.339172 -33.247467
v 11.804200 165.532257 -2.966297
v 11.737980 165.414215 27.317194
v 11.341528 164.696533 57.589874
v 11.283647 164.590118 58.117313
v 11.160366 164.362061 58.591953
v 10.818257 163.718750 59.388210
v 10.020190 162.153915 60.634098
v 8.409322 158.669342 62.578487
v 5.654832 151.154144 65.567802
v 4.561984 147.167877 66.739510
v 3.690134 143.082550 67.657379
v 3.050063 138.913834 68.270096
v 2.649199 134.648834 68.499985
v 2.628524 125.684982 68.499985
v 3.714177 116.787086 68.499985
v 5.889561 108.091179 68.499985
v 9.121422 99.730179 68.499985
v 13.360355 91.831909 68.499985
v 18.541559 84.517113 68.499985
v 24.585833 77.897598 68.499985
v 31.400778 72.074562 68.499985
v 38.882214 67.137024 68.499985
v 46.915775 63.160450 68.499985
v 52.820576 60.975933 68.587151
v 58.872849 59.316452 68.687172
v 65.073082 58.182838 68.666252
v 71.362228 57.591331 68.548409
v 75.025826 57.500011 68.499985
v 79.821426 57.660503 68.499985
v 84.595909 58.137859 68.499985
v 89.328362 58.929985 68.499985
v 92.471397 59.636665 68.250298
v 95.483482 60.453785 67.583488
v 101.094635 62.358894 65.353783
v 106.215874 64.564400 62.224838
v 108.515984 65.712158 60.320671
v 109.522400 66.246948 59.184593
v 109.922485 66.465218 58.518234
v 110.152336 66.592102 57.757061
v 110.867668 66.993965 50.196697
v 111.281197 67.231178 42.624901
v 111.730667 67.493134 27.466902
v 112.022751 67.665688 -2.872413
v 111.674454 67.460136 -33.216385
v 111.194756 67.181297 -48.374317
v 110.755379 66.930161 -55.944019
v 135.428925 130.000031 101.499985
v 134.784958 138.798553 101.499985
v 132.866776 147.409546 101.499985
v 129.715271 155.649490 101.499969
v 125.397598 163.342758 101.499969
v 120.005791 170.325394 101.499969
v 113.654755 176.448563 101.499969
v 106.479866 181.581757 101.499969
v 98.634041 185.615570 101.499969
v 90.284492 188.464035 101.499969
v 81.609184 190.066452 101.499969
v 72.793015 190.388641 101.499969
v 64.023880 189.423767 101.499969
v 55.488682 187.192383 101.499969
v 47.369335 183.742020 101.499969
v 39.838886 179.146255 101.499969
v 33.057838 173.503021 101.499969
v 27.170712 166.932602 101.499969
v 22.302984 159.575027 101.499969
v 18.558405 151.587112 101.499969
v 16.016777 143.139099 101.499985
v 14.732275 134.411057 101.499985
v 14.732275 125.588989 101.499985
v 16.016777 116.860939 101.499985
v 18.558405 108.412933 101.499985
v 22.302984 100.425018 101.499985
v 27.170712 93.067444 101.499985
v 33.057838 86.497017 101.499985
v 39.838886 80.853783 101.499985
v 47.369335 76.258018 101.499985
v 55.488682 72.807671 101.499985
v 64.023880 70.576279 101.499985
v 72.793015 69.611397 101.499985
v 81.609184 69.933594 101.499985
v 90.284492 71.536011 101.499985
v 98.634041 74.384476 101.499985
v 106.479866 78.418297 101.499985
v 113.654755 83.551491 101.499985
v 120.005791 89.674652 101.499985
v 125.397598 96.657280 101.499985
v 129.715271 104.350548 101.499985
v 132.866776 112.590492 101.499985
v 134.784958 121.201492 101.499985
v 125.500000 1.000000 2.500000
v 125.500000 1.000000 -2.500000
v 125.500000 12.920338 -2.500002
v 125.500000 12.920338 2.499998
v 120.500000 0.999998 -7.500000
v 113.462830 0.999998 -7.500000
v 113.462852 1.157726 -7.500000
v 113.462875 1.315267 -7.500000
v 113.462898 1.472631 -7.500000
v 113.462914 1.629828 -7.500000
v 113.462929 1.786866 -7.500000
v 113.462936 1.943754 -7.500000
v 113.462952 2.100502 -7.500000
v 113.462952 2.257118 -7.500000
v 113.462959 2.569996 -7.500000
v 113.462959 2.882457 -7.500000
v 113.462944 3.506427 -7.500000
v 113.462914 4.129613 -7.500000
v 113.462875 4.752606 -7.500000
v 120.500000 12.920336 -7.500002
v 120.500000 1.000002 7.500000
v 120.500000 12.920340 7.499998
v 110.120827 33.068375 2.499996
v 124.330223 16.134275 2.499998
v 124.330223 16.134275 -2.500002
v 110.164810 33.015953 -2.500004
v 34.413956 50.792793 -83.500084
v 41.184959 47.674152 -83.500000
v 48.193157 45.133068 -83.500000
v 55.389427 43.187397 -83.500000
v 48.234024 45.120174 -88.065628
v 40.861305 47.807835 -91.815643
v 37.413914 49.326035 -87.844749
v 47.500000 -0.999648 0.000000
v 46.852161 -0.999646 7.818243
v 44.926319 -0.999646 15.423225
v 41.775002 -0.999644 22.607500
v 37.484173 -0.999644 29.175104
v 32.170876 -0.999642 34.946884
v 25.980038 -0.999642 39.765408
v 19.080532 -0.999642 43.499233
v 11.660561 -0.999642 46.046513
v 3.922519 -0.999640 47.337765
v -3.922519 -0.999640 47.337765
v -11.660561 -0.999642 46.046513
v -19.080532 -0.999642 43.499233
v -25.980038 -0.999642 39.765408
v -32.170876 -0.999642 34.946884
v -37.484173 -0.999644 29.175104
v -41.775002 -0.999644 22.607500
v -44.926319 -0.999646 15.423225
v -46.852161 -0.999646 7.818243
v -47.500000 -0.999648 0.000000
v -46.852161 -0.999650 -7.818243
v -44.926319 -0.999650 -15.423225
v -41.775002 -0.999652 -22.607500
v -37.484173 -0.999652 -29.175104
v -32.170876 -0.999654 -34.946884
v -25.980038 -0.999654 -39.765408
v -19.080532 -0.999654 -43.499233
v -11.660561 -0.999654 -46.046513
v -3.922519 -0.999656 -47.337765
v 3.922519 -0.999656 -47.337765
v 11.660561 -0.999654 -46.046513
v 19.080532 -0.999654 -43.499233
v 25.980038 -0.999654 -39.765408
v 32.170876 -0.999654 -34.946884
v 37.484173 -0.999652 -29.175104
v 41.775002 -0.999652 -22.607500
v 44.926319 -0.999650 -15.423225
v 46.852161 -0.999650 -7.818243
v 47.500000 -48.999649 0.000008
v 46.852161 -48.999649 -7.818235
v 44.926319 -48.999649 -15.423218
v 41.775002 -48.999649 -22.607492
v 37.484173 -48.999657 -29.175097
v 32.170876 -48.999657 -34.946877
v 25.980038 -48.999657 -39.765400
v 19.080532 -48.999657 -43.499226
v 11.660561 -48.999657 -46.046505
v 3.922519 -48.999657 -47.337757
v -3.922519 -48.999657 -47.337757
v -11.660561 -48.999657 -46.046505
v -19.080532 -48.999657 -43.499226
v -25.980038 -48.999657 -39.765400
v -32.170876 -48.999657 -34.946877
v -37.484173 -48.999657 -29.175097
v -41.775002 -48.999649 -22.607492
v -44.926319 -48.999649 -15.423218
v -46.852161 -48.999649 -7.818235
v -47.500000 -48.999649 0.000008
v -46.852161 -48.999649 7.818251
v -44.926319 -48.999649 15.423233
v -41.775002 -48.999649 22.607508
v -37.484173 -48.999641 29.175112
v -32.170876 -48.999641 34.946892
v -25.980038 -48.999641 39.765415
v -19.080532 -48.999641 43.499241
v -11.660561 -48.999641 46.046520
v -3.922519 -48.999641 47.337772
v 3.922519 -48.999641 47.337772
v 11.660561 -48.999641 46.046520
v 19.080532 -48.999641 43.499241
v 25.980038 -48.999641 39.765415
v 32.170876 -48.999641 34.946892
v 37.484173 -48.999641 29.175112
v 41.775002 -48.999649 22.607508
v 44.926319 -48.999649 15.423233
v 46.852161 -48.999649 7.818251
v 46.500000 -49.999649 0.000008
v 45.865803 -49.999649 7.653656
v 43.980503 -49.999649 15.098533
v 40.895531 -49.999649 22.131561
v 36.695034 -49.999641 28.560898
v 31.493593 -49.999641 34.211170
v 25.433088 -49.999641 38.928249
v 18.678837 -49.999641 42.583469
v 11.415075 -49.999641 45.077118
v 3.839940 -49.999641 46.341187
v -3.839940 -49.999641 46.341187
v -11.415075 -49.999641 45.077118
v -18.678837 -49.999641 42.583469
v -25.433088 -49.999641 38.928249
v -31.493593 -49.999641 34.211170
v -36.695034 -49.999641 28.560898
v -40.895531 -49.999649 22.131561
v -43.980503 -49.999649 15.098533
v -45.865803 -49.999649 7.653656
v -46.500000 -49.999649 0.000008
v -45.865803 -49.999649 -7.653640
v -43.980503 -49.999649 -15.098517
v -40.895531 -49.999649 -22.131546
v -36.695034 -49.999657 -28.560883
v -31.493593 -49.999657 -34.211155
v -25.433088 -49.999657 -38.928234
v -18.678837 -49.999657 -42.583454
v -11.415075 -49.999657 -45.077103
v -3.839940 -49.999657 -46.341171
v 3.839940 -49.999657 -46.341171
v 11.415075 -49.999657 -45.077103
v 18.678837 -49.999657 -42.583454
v 25.433088 -49.999657 -38.928234
v 31.493593 -49.999657 -34.211155
v 36.695034 -49.999657 -28.560883
v 40.895531 -49.999649 -22.131546
v 43.980503 -49.999649 -15.098517
v 45.865803 -49.999649 -7.653640
v 37.500000 130.000000 -72.500015
v 38.138508 136.890610 -72.500015
v 40.032291 143.546555 -72.500015
v 43.116856 149.741211 -72.500015
v 47.287167 155.263580 -72.500031
v 52.401199 159.925644 -72.500031
v 58.284813 163.568619 -72.500031
v 64.737640 166.068466 -72.500031
v 71.539940 167.340027 -72.500031
v 78.460060 167.340027 -72.500031
v 85.262360 166.068466 -72.500031
v 91.715187 163.568619 -72.500031
v 97.598801 159.925644 -72.500031
v 102.712837 155.263580 -72.500031
v 106.883141 149.741211 -72.500015
v 109.967712 143.546555 -72.500015
v 111.861488 136.890610 -72.500015
v 112.500000 130.000000 -72.500015
v 111.861488 123.109375 -72.500015
v 109.967712 116.453423 -72.500015
v 106.883141 110.258781 -72.500015
v 102.712837 104.736397 -72.500015
v 97.598801 100.074341 -72.500015
v 91.715187 96.431358 -72.500015
v 85.262360 93.931526 -72.500015
v 78.460060 92.659950 -72.500015
v 71.539940 92.659950 -72.500015
v 64.737640 93.931526 -72.500015
v 58.284813 96.431358 -72.500015
v 52.401199 100.074341 -72.500015
v 47.287167 104.736397 -72.500015
v 43.116856 110.258781 -72.500015
v 40.032291 116.453423 -72.500015
v 38.138508 123.109375 -72.500015
v 37.500000 130.000000 -23.500019
v 38.138508 123.109390 -23.500019
v 40.032291 116.453438 -23.500019
v 43.116856 110.258797 -23.500015
v 47.287167 104.736412 -23.500015
v 52.401199 100.074356 -23.500015
v 58.284813 96.431374 -23.500015
v 64.737640 93.931541 -23.500015
v 71.539940 92.659966 -23.500015
v 78.460060 92.659966 -23.500015
v 85.262360 93.931541 -23.500015
v 91.715187 96.431374 -23.500015
v 97.598801 100.074356 -23.500015
v 102.712837 104.736412 -23.500015
v 106.883141 110.258797 -23.500015
v 109.967712 116.453438 -23.500019
v 111.861488 123.109390 -23.500019
v 112.500000 130.000000 -23.500019
v 111.861488 136.890610 -23.500019
v 109.967712 143.546555 -23.500023
v 106.883141 149.741211 -23.500023
v 102.712837 155.263580 -23.500023
v 97.598801 159.925644 -23.500023
v 91.715187 163.568619 -23.500023
v 85.262360 166.068466 -23.500027
v 78.460060 167.340027 -23.500027
v 71.539940 167.340027 -23.500027
v 64.737640 166.068466 -23.500027
v 58.284813 163.568619 -23.500023
v 52.401199 159.925644 -23.500023
v 47.287167 155.263580 -23.500023
v 43.116856 149.741211 -23.500023
v 40.032291 143.546555 -23.500023
v 38.138508 136.890610 -23.500019
v 117.500000 10.000000 -4.500002
v 119.750000 10.000000 -3.897116
v 121.397118 10.000000 -2.250002
v 122.000000 10.000000 -0.000002
v 121.397118 10.000000 2.249998
v 119.750000 10.000000 3.897112
v 117.500000 10.000000 4.499998
v 115.250000 10.000000 3.897112
v 113.602882 10.000000 2.249998
v 113.000000 10.000000 -0.000002
v 113.602882 10.000000 -2.250002
v 115.250000 10.000000 -3.897116
v 117.500000 12.703873 -0.000002
v 117.500000 1.000000 -4.500000
v 119.750000 1.000000 -3.897114
v 121.397118 1.000000 -2.250000
v 122.000000 1.000000 -0.000000
v 121.397118 1.000000 2.250000
v 119.750000 1.000000 3.897114
v 117.500000 1.000000 4.500000
v 115.250000 1.000000 3.897114
v 113.602882 1.000000 2.250000
v 113.000000 1.000000 -0.000000
v 113.602882 1.000000 -2.250000
v 115.250000 1.000000 -3.897114
v -72.343933 53.812614 -57.000099
v -72.317917 53.793610 -57.055145
v -72.291527 53.775120 -57.110184
v -70.971581 53.512669 -59.119888
v -60.910191 52.428318 -71.218460
v -62.345146 50.578934 -72.695793
v -69.557487 50.580139 65.515968
v -68.072090 52.204254 64.257416
v -75.758606 50.285961 58.801327
v -66.787430 52.712872 -64.980385
v -72.637062 52.469707 -58.287094
v -77.823029 52.271038 -51.121670
v -82.310173 52.113571 -43.519642
v -86.080368 51.993275 -35.478767
v -89.086235 51.905983 -27.050367
v -91.267708 51.844883 -18.418104
v -92.622513 51.805614 -9.611699
v -93.121277 51.791615 -0.662504
v -92.750847 51.803497 8.237526
v -91.540527 51.836788 17.029705
v -89.491249 51.894264 25.699858
v -86.607224 51.980316 34.176567
v -82.963669 52.098419 42.259678
v -78.590591 52.253544 49.934963
v -73.499611 52.451664 57.198605
v -67.808975 51.336388 -65.868378
v -73.681862 51.253193 -59.049828
v -78.879333 51.184837 -51.761036
v -83.369957 51.131321 -44.040031
v -87.138580 51.091965 -35.885582
v -90.140198 51.064865 -27.350332
v -92.316925 51.045094 -18.618526
v -93.668243 51.030670 -9.715426
v -94.165688 51.025726 -0.668745
v -93.796341 51.030918 8.325856
v -92.589378 51.041878 17.213415
v -90.545036 51.059994 25.983582
v -87.666206 51.087482 34.566597
v -84.026024 51.126316 42.761749
v -79.651901 51.178520 50.555187
v -74.552124 51.246136 57.942699
v -69.006523 50.245590 -66.918533
v -74.881195 50.284634 -59.931171
v -80.071991 50.315678 -52.486668
v -84.551270 50.341438 -44.622581
v -88.306656 50.363869 -36.336323
v -91.295311 50.382790 -27.680168
v -93.461296 50.394646 -18.837704
v -94.805511 50.399246 -9.828476
v -95.300323 50.401253 -0.675584
v -94.933029 50.401314 8.422120
v -93.732681 50.395164 17.414257
v -91.699020 50.383148 26.295300
v -88.833961 50.365864 34.998280
v -85.208733 50.344177 43.323105
v -80.848495 50.317886 51.258152
v 2.220812 138.912689 67.291321
v 3.012141 143.020050 66.736595
v 5.224607 150.980881 64.852692
v 8.159931 158.440018 62.159538
v 9.844957 161.930786 60.407589
v 10.686982 163.527817 59.279366
v 11.059215 164.207123 58.546688
v 11.199533 164.459229 58.097061
v -65.219139 54.904560 64.529205
v -63.375576 55.686268 65.446571
v -59.549973 57.467197 66.664185
v -55.669487 59.398090 67.302261
v -48.678776 70.122292 67.161911
v -50.694435 71.577766 66.122696
v -18.928436 119.255806 64.188911
v -14.203877 115.793785 67.374954
v -21.934868 105.120110 67.384987
v -47.628685 69.364090 67.417343
v -15.495414 116.740089 66.981735
v -23.173140 106.024849 67.024864
v -16.751652 117.660591 66.307999
v -24.380548 106.907036 66.409431
v -49.710484 70.867256 66.728828
v -17.913923 118.512299 65.365074
v -25.506247 107.729523 65.548119
v -19.754263 119.861107 62.835773
v -27.334713 109.065483 63.223896
v -52.411888 72.818039 64.457344
v -51.602806 72.233734 65.357872
v -26.503244 108.457977 64.470665
v -20.368610 120.311485 61.373627
v -27.978355 109.535759 61.865173
v -53.104111 73.317978 63.450508
v 11.177260 163.953064 -65.558907
v 11.679749 163.650909 -67.417900
v 12.477446 163.171631 -69.119408
v 13.548963 162.528580 -70.617218
v 14.842238 161.753677 -71.838417
v 16.320208 160.869781 -72.749237
v 17.920456 159.914841 -73.309624
v -50.343887 58.950100 -73.336464
v -53.598232 57.376286 -72.811073
v -56.818336 55.937675 -71.824089
v -42.863018 71.239441 -73.216042
v -44.773403 72.511856 -72.347031
v -46.450794 73.629089 -70.944283
v -4.895233 140.045319 -66.689262
v -23.805180 111.123184 -68.245476
v -42.300941 81.916992 -69.725418
v -47.156708 74.099266 -70.085693
v -4.317933 139.649521 -68.290558
v -23.127314 110.663467 -69.522278
v -41.591324 81.442436 -70.668587
v -3.489450 139.081512 -69.790878
v -22.275328 110.085655 -70.686417
v -40.773605 80.895584 -71.508644
v -45.651463 73.096687 -71.704918
v -2.429972 138.355118 -71.108932
v -21.269602 109.403587 -71.689529
v -39.863922 80.287239 -72.220543
v -1.195696 137.508896 -72.164726
v -20.149658 108.644058 -72.487122
v -38.886318 79.633461 -72.783119
v -43.837070 71.888214 -72.853783
v 0.156460 136.581833 -72.921188
v -18.953455 107.832809 -73.058044
v -37.864326 78.950005 -73.185410
v 1.551426 135.625427 -73.361023
v -17.728956 107.002373 -73.392776
v -36.825470 78.255264 -73.422981
v -41.874527 70.581062 -73.430336
v -50.407619 53.121616 72.083282
v -50.771767 55.322433 69.634415
v -51.246529 58.191769 68.048645
v -65.203178 53.299496 65.723267
v -62.228062 54.189533 66.954247
v -59.007191 55.280804 67.727707
v -55.705940 56.499802 68.090500
v -65.978111 51.692257 66.927467
v -62.718021 52.302994 68.393768
v -59.199486 53.088921 69.312828
v -55.601856 53.988251 69.738731
v -66.948296 50.427948 68.374596
v -63.417660 50.833775 70.189095
v -59.602394 51.397526 71.393883
v -55.688183 52.064171 72.046501
v -46.602402 57.426270 -74.033295
v -46.173092 54.580124 -75.576256
v -45.840828 52.377327 -77.964333
v -60.967190 50.265862 -74.485985
v -59.018017 50.409325 -75.595566
v -56.950443 50.618034 -76.485283
v -54.784405 50.883331 -77.171387
v -52.578613 51.192524 -77.656326
v -50.348118 51.538776 -77.955925
v -48.096676 51.918419 -78.081772
v -59.942093 51.606441 -73.027298
v -58.161308 51.865337 -73.928978
v -56.272137 52.195831 -74.633896
v -54.294739 52.589043 -75.156052
v -52.284477 53.029629 -75.499138
v -50.256641 53.510544 -75.677368
v -48.216213 54.028492 -75.701073
v -59.122887 53.308701 -71.841286
v -57.515343 53.721046 -72.598457
v -55.805679 54.215122 -73.191010
v -54.012508 54.781147 -73.630959
v -52.186268 55.399700 -73.921692
v -50.340958 56.063049 -74.075424
v -48.481026 56.768127 -74.101196
v 69.595871 49.177372 72.303200
v 70.039787 51.095440 69.965302
v 70.622200 53.611897 68.331291
v 71.288696 56.491657 67.553795
v 64.890823 57.005798 67.684814
v 58.593285 58.146618 67.707901
v 52.473194 59.893047 67.596603
v 52.705078 52.732567 72.083282
v 53.582222 57.796246 68.048645
v 53.085823 54.930573 69.634415
v 36.211277 60.307343 68.048645
v 35.875805 57.418404 69.634415
v 35.618496 55.202557 72.083282
v 18.727144 61.843708 68.048645
v 18.553650 58.940536 69.634415
v 18.420580 56.713772 72.083282
v 1.184473 62.400539 68.048645
v 1.173500 59.492210 69.634415
v 1.165083 57.261490 72.083282
v -16.361898 61.976101 68.048645
v -16.210318 59.071701 69.634415
v -16.094053 56.843998 72.083282
v -33.857128 60.571712 68.048645
v -33.543468 57.680328 69.634415
v -33.302883 55.462601 72.083282
v 28.104252 59.654694 -74.033295
v 27.845350 56.788021 -75.576256
v 27.644974 54.569336 -77.964333
v -28.009483 59.663239 -74.033295
v -27.751455 56.796486 -75.576256
v -27.551754 54.577740 -77.964333
v -9.315946 60.782307 -74.033295
v -9.230126 57.905247 -75.576256
v -9.163706 55.678520 -77.964333
v 9.411056 60.779457 -74.033295
v 9.324360 57.902420 -75.576256
v 9.257261 55.675716 -77.964333
v 73.584373 47.102642 73.803871
v 77.630890 45.456985 72.547691
v 79.478958 44.257347 71.977432
v 81.086639 42.724937 71.484047
v 82.264580 40.803154 71.124451
v 85.094193 36.287334 68.812447
v 85.542191 40.166904 68.641953
v 85.523453 42.132011 68.423004
v 85.404930 46.044933 67.833702
v 72.116844 48.086479 72.944962
v 83.441978 38.452744 70.224747
v 72.713974 49.825657 70.421379
v 84.001343 36.646152 69.573639
v 74.035667 53.675144 67.958534
v 77.136482 52.602436 67.903671
v 80.060707 51.150799 67.853973
v 82.696724 49.313023 67.810837
v 84.972916 47.054359 67.774788
v 73.111580 50.983700 69.381805
v 75.969627 50.177010 69.151070
v 78.661148 49.033089 68.943489
v 81.084534 47.544418 68.764313
v 83.175102 45.682625 68.615395
v 84.789749 43.485443 68.503822
v 75.456474 49.110378 70.065361
v 78.034050 48.084209 69.744537
v 80.350899 46.739613 69.467194
v 82.346794 45.050625 69.236389
v 83.886665 43.051689 69.063316
v 84.854027 40.809841 68.956764
v 85.160515 38.427937 68.923347
v 84.886665 36.456535 68.953201
v 72.238838 48.441799 72.275436
v 74.820572 47.788593 71.711807
v 77.233223 46.872448 71.199295
v 79.391075 45.686661 70.752831
v 81.242294 44.207897 70.378906
v 82.665916 42.465370 70.097115
v 83.558273 40.515930 69.923050
v 83.840683 38.446991 69.868370
v 84.261002 38.440922 69.531448
v 83.970390 40.609409 69.578682
v 83.052559 42.651073 69.729156
v 81.589653 44.472931 69.973114
v 79.689926 46.014507 70.297508
v 77.479332 47.244846 70.685890
v 75.012756 48.188072 71.133171
v 72.379456 48.851345 71.626938
v 83.066109 38.458172 70.598557
v 82.800583 40.344063 70.668762
v 81.960480 42.126549 70.891846
v 80.616722 43.730583 71.251648
v 78.862785 45.107113 71.726486
v 76.808739 46.230156 72.289505
v 74.499619 47.121460 72.930412
v 72.013641 47.785900 73.628433
v 83.167938 40.427391 70.287109
v 82.301506 42.290344 70.485474
v 80.917633 43.960178 70.806046
v 79.115059 45.383865 71.230354
v 77.009460 46.533867 71.735352
v 74.649384 47.432755 72.312790
v 37.565083 56.942326 -73.989449
v 36.293839 54.461376 -75.409843
v 35.284973 52.492474 -77.622162
v 34.637241 51.228367 -80.409843
v 31.074863 52.265110 -82.176743
v 33.350430 60.175503 -73.642548
v 32.850449 58.536476 -74.094307
v 31.059450 52.665245 -80.483826
v 31.258457 53.317623 -78.848343
v 31.924580 55.501297 -75.960426
v 32.366249 56.949181 -74.872025
v 31.549503 54.271732 -77.311043
v 40.033962 48.054485 -92.838409
v 39.152729 48.131283 -93.842850
v 37.428757 49.253929 -89.502541
v 31.686228 51.915417 -83.308792
v 34.042816 50.685852 -86.863953
v 36.679241 49.409958 -90.240967
v 34.883099 50.480190 -86.151611
v 39.257023 46.597607 -97.349373
v 40.067261 44.390965 -99.358604
v 40.586624 41.627941 -100.646515
v 71.694473 46.597637 76.667580
v 73.174202 44.390995 78.249947
v 74.122704 41.627972 79.264236
v 62.873180 46.597637 84.053421
v 64.170845 44.390995 85.788223
v 65.002647 41.627972 86.900230
v 53.296558 46.597637 90.429482
v 54.396568 44.390995 92.295883
v 55.101673 41.627972 93.492249
v 43.079655 46.597637 95.719162
v 43.968792 44.390995 97.694740
v 44.538731 41.627972 98.961082
v 32.345207 46.597637 99.858910
v 33.012794 44.390995 101.919930
v 33.440720 41.627972 103.241043
v 21.222179 46.597637 102.798996
v 21.660194 44.390995 104.920700
v 21.940966 41.627972 106.280708
v 9.844197 46.597637 104.504097
v 10.047379 44.390995 106.660995
v 10.177620 41.627972 108.043556
v -1.652049 46.597637 104.953728
v -1.686143 44.390995 107.119904
v -1.707995 41.627972 108.508423
v -13.128449 46.597637 104.142494
v -13.399407 44.390995 106.291924
v -13.573090 41.627972 107.669708
v -24.447128 46.597637 102.080132
v -24.951696 44.390995 104.186996
v -25.275124 41.627972 105.537498
v -35.472111 46.597637 98.791420
v -36.204227 44.390995 100.830406
v -36.673512 41.627972 102.137398
v -46.070946 46.597637 94.315865
v -47.021816 44.390995 96.262482
v -47.631321 41.627972 97.510269
v -56.116302 46.597637 88.707245
v -57.274502 44.390995 90.538101
v -58.016907 41.627972 91.711685
v -65.487503 46.597637 82.032928
v -66.839119 44.390995 83.726036
v -67.705505 41.627972 84.811317
v -74.071960 46.597630 74.373108
v -75.600754 44.390995 75.908119
v -76.580711 41.627972 76.892067
v -81.766556 46.597630 65.819794
v -83.454155 44.390987 67.178276
v -84.535912 41.627964 68.049057
v -88.478836 46.597630 56.475746
v -90.304977 44.390987 57.641369
v -91.475533 41.627964 58.388535
v -94.128166 46.597630 46.453228
v -96.070908 44.390987 47.411995
v -97.316200 41.627964 48.026562
v -98.646683 46.597630 35.872639
v -100.682686 44.390987 36.613026
v -101.987755 41.627964 37.087620
v -101.980103 46.597622 24.861090
v -104.084900 44.390987 25.374208
v -105.434074 41.627964 25.703119
v -104.088371 46.597622 13.550871
v -106.236679 44.390980 13.830554
v -107.613747 41.627956 14.009834
v -104.946167 46.597622 2.077857
v -107.112183 44.390980 2.120747
v -108.500595 41.627956 2.148239
v -104.543182 46.597622 -9.420119
v -106.700882 44.390980 -9.614541
v -108.083961 41.627956 -9.739162
v -102.884254 46.597622 -20.804926
v -105.007721 44.390980 -21.234324
v -106.368858 41.627956 -21.509565
v -99.989326 46.597614 -31.939791
v -102.053040 44.390972 -32.599003
v -103.375877 41.627949 -33.021557
v -95.893166 46.597614 -42.690945
v -97.872337 44.390972 -43.572056
v -99.140984 41.627949 -44.136845
v -90.644981 46.597614 -52.929226
v -92.515831 44.390972 -54.021648
v -93.715050 41.627949 -54.721889
v -84.307831 46.597614 -62.531639
v -86.047882 44.390972 -63.822250
v -87.163261 41.627949 -64.649521
v -76.957832 46.597614 -71.382820
v -78.546196 44.390972 -72.856110
v -79.564331 41.627949 -73.800491
v -68.683304 46.597607 -79.376434
v -70.100883 44.390965 -81.014709
v -71.009544 41.627941 -82.064842
v -59.583637 46.597607 -86.416466
v -60.813404 44.390965 -88.200043
v -61.601685 41.627941 -89.343307
v -49.768162 46.597607 -92.418320
v -50.795341 44.390965 -94.325768
v -51.453766 41.627941 -95.548439
v -39.354790 46.597607 -97.309891
v -40.167046 44.390965 -99.318306
v -40.687702 41.627941 -100.605698
v -28.468624 46.597607 -101.032433
v -29.056198 44.390965 -103.117676
v -29.432833 41.627941 -104.454308
v -17.240450 46.597607 -103.541206
v -17.596281 44.390965 -105.678230
v -17.824369 41.627941 -107.048058
v -5.805156 46.597607 -104.806084
v -5.924971 44.390965 -106.969208
v -6.001773 41.627941 -108.355774
v 5.699878 46.597607 -104.811859
v 5.817519 44.390965 -106.975105
v 5.892927 41.627941 -108.361748
v 17.136436 46.597607 -103.558472
v 17.490122 44.390965 -105.695847
v 17.716831 41.627941 -107.065910
v 28.367125 46.597607 -101.060974
v 28.952602 44.390965 -103.146805
v 29.327894 41.627941 -104.483826
v 56.911964 49.927406 -73.989433
v 56.297718 47.208237 -75.409828
v 55.810249 45.050285 -77.622147
v 55.497272 43.664803 -80.409828
v 47.017792 52.826202 -73.989456
v 46.067547 50.205467 -75.409843
v 45.313427 48.125633 -77.622177
v 44.829258 46.790314 -80.409882
v 41.745296 46.759033 -95.088020
v 42.035072 44.679585 -97.948410
v 41.694149 41.831295 -100.036690
v 41.508209 47.019531 -94.740936
v 40.910973 45.894157 -97.410309
v 41.745872 42.728973 -99.590218
v 80.643433 34.249382 -74.199287
v 80.476898 30.476677 -74.466957
v 77.335350 32.822567 -76.603455
v 76.531235 34.350449 -76.867088
v 74.151390 36.722008 -77.632202
v 71.281136 38.445137 -78.553909
v 68.214188 39.749084 -79.537666
v 61.863579 41.662758 -81.545280
v 79.008759 29.565451 -75.242218
v 64.176003 42.375721 -78.051582
v 65.444122 45.857792 -74.662506
v 78.307831 42.354805 -73.570068
v 75.125137 44.790375 -73.583473
v 70.942307 47.063831 -73.601830
v 66.512314 48.790871 -73.622124
v 80.053497 34.899979 -74.345619
v 78.314522 37.579323 -74.475235
v 75.891815 39.832104 -74.659943
v 72.971138 41.660194 -74.891800
v 69.101028 43.314739 -75.215279
v 64.955536 44.516201 -75.581680
v 69.685844 44.505508 -74.459221
v 73.662170 42.664398 -74.279243
v 76.672272 40.647026 -74.149963
v 79.174271 38.174915 -74.046822
v 79.850189 29.413593 -74.719086
v 79.975143 31.845018 -74.717583
v 79.176666 34.569805 -74.817642
v 77.500000 37.015064 -75.018944
v 75.160934 39.068951 -75.305458
v 72.333801 40.734020 -75.664574
v 68.573769 42.241161 -76.164497
v 64.527206 43.340076 -76.729179
v 68.121208 41.319679 -77.270935
v 71.766960 39.910290 -76.574074
v 74.495682 38.374321 -76.070305
v 76.745750 36.492550 -75.666519
v 78.355309 34.260517 -75.381874
v 79.123093 31.778254 -75.240097
v 78.335075 31.716507 -75.839050
v 77.601349 33.976601 -76.026962
v 76.064156 36.020367 -76.402962
v 73.908714 37.761436 -76.933411
v 71.283035 39.207054 -77.590309
v 67.754715 40.573456 -78.489738
v 63.911549 41.649574 -79.484085
v 80.062500 38.790245 -73.740723
v 77.484001 41.494595 -73.785591
v 74.387131 43.717907 -73.841560
v 70.307137 45.770538 -73.918991
v 65.971016 47.304550 -74.005730
v 47.879635 45.080460 -90.142815
v 48.939938 37.550453 -97.237518
v 72.483414 34.952839 -80.529831
v 56.566628 35.568737 -93.004349
v 62.168743 34.465820 -89.352844
v 67.584984 33.672012 -85.324577
v 72.725624 33.159916 -80.981384
v 49.243774 40.782433 -95.716766
v 56.524704 38.893761 -91.569290
v 61.881157 37.858562 -87.996658
v 67.067017 37.130890 -84.057602
v 71.996040 36.683109 -79.811020
v 67.437080 35.431194 -84.826576
v 62.125355 36.190521 -88.811958
v 56.636349 37.258369 -92.425873
v 49.171070 39.192272 -96.619217
v 48.865845 43.466396 -93.187958
v 55.742496 41.642651 -89.144806
v 60.799797 40.648472 -85.660774
v 65.693733 39.955563 -81.818924
v 71.270576 38.243080 -78.843719
v 66.476891 38.669407 -83.038269
v 61.433010 39.373474 -86.929153
v 56.223091 40.382862 -90.458176
v 49.141777 42.233486 -94.555130
v 48.434357 44.424221 -91.689720
v 55.112431 42.613842 -87.702415
v 60.020039 41.622242 -84.264183
v 59.144550 42.268253 -82.820152
v 54.375290 43.269722 -86.212181
v 138.964462 130.000000 100.035522
v 138.313400 120.896919 100.035522
v 136.373459 111.979141 100.035522
v 133.184128 103.428215 100.035522
v 128.810333 95.418213 100.035522
v 123.341118 88.112198 100.035522
v 116.887817 81.658897 100.035522
v 109.581802 76.189682 100.035522
v 101.571800 71.815887 100.035522
v 93.020874 68.626556 100.035522
v 84.103096 66.686615 100.035522
v 75.000000 66.035553 100.035522
v 65.896904 66.686615 100.035522
v 56.979126 68.626556 100.035522
v 48.428200 71.815887 100.035522
v 40.418198 76.189682 100.035522
v 33.112183 81.658897 100.035522
v 26.658882 88.112198 100.035522
v 21.189667 95.418213 100.035522
v 16.815874 103.428215 100.035522
v 13.626544 111.979141 100.035522
v 11.686600 120.896919 100.035522
v 11.035534 130.000000 100.035522
v 11.686600 139.103088 100.035522
v 13.626544 148.020874 100.035522
v 16.815874 156.571793 100.035507
v 21.189667 164.581802 100.035507
v 26.658882 171.887817 100.035507
v 33.112183 178.341125 100.035507
v 40.418198 183.810333 100.035507
v 48.428200 188.184128 100.035507
v 56.979126 191.373459 100.035507
v 65.896904 193.313400 100.035507
v 75.000000 193.964462 100.035507
v 84.103096 193.313400 100.035507
v 93.020874 191.373459 100.035507
v 101.571800 188.184128 100.035507
v 109.581802 183.810333 100.035507
v 116.887817 178.341125 100.035507
v 123.341118 171.887817 100.035507
v 128.810333 164.581802 100.035507
v 133.184128 156.571793 100.035507
v 136.373459 148.020874 100.035522
v 138.313400 139.103088 100.035522
v 147.207108 130.000000 91.792877
v 146.562836 139.624268 91.792877
v 144.641525 149.076782 91.792877
v 141.477463 158.188873 91.792862
v 137.127106 166.797943 91.792862
v 131.668091 174.750351 91.792862
v 125.197830 181.904175 91.792862
v 117.831795 188.131775 91.792862
v 109.701416 193.322021 91.792862
v 100.951797 197.382278 91.792862
v 91.739059 200.240082 91.792862
v 82.227623 201.844467 91.792862
v 72.587204 202.166779 91.792862
v 62.989838 201.201279 91.792862
v 53.606796 198.965195 91.792862
v 44.605518 195.498413 91.792862
v 36.146629 190.862808 91.792862
v 28.381081 185.141113 91.792862
v 21.447447 178.435425 91.792862
v 15.469460 170.865402 91.792862
v 10.553797 162.566132 91.792862
v 6.788178 153.685730 91.792862
v 4.239801 144.382645 91.792877
v 2.954140 134.822906 91.792877
v 2.954140 125.177109 91.792877
v 4.239801 115.617371 91.792877
v 6.788178 106.314293 91.792877
v 10.553797 97.433876 91.792877
v 15.469460 89.134613 91.792877
v 21.447447 81.564590 91.792877
v 28.381081 74.858902 91.792877
v 36.146629 69.137207 91.792877
v 44.605518 64.501602 91.792877
v 53.606796 61.034828 91.792877
v 62.989838 58.798737 91.792877
v 72.587204 57.833233 91.792877
v 82.227623 58.155548 91.792877
v 91.739059 59.759926 91.792877
v 100.951797 62.617744 91.792877
v 109.701416 66.678001 91.792877
v 117.831795 71.868233 91.792877
v 125.197830 78.095840 91.792877
v 131.668091 85.249672 91.792877
v 137.127106 93.202072 91.792877
v 141.477463 101.811134 91.792877
v 144.641525 110.923233 91.792877
v 146.562836 120.375748 91.792877
v 17.932598 159.934906 -73.309624
v 16.343624 160.908447 -72.749237
v 14.875799 161.809021 -71.838409
v 13.591204 162.598160 -70.617195
v 12.526752 163.252716 -69.119377
v 11.734248 163.740433 -67.417862
v 11.235001 164.047852 -65.558884
v 11.052926 164.159988 -63.626759
v 11.052950 164.160995 -63.584423
v 11.053923 164.163376 -63.542156
v 110.001427 66.511383 -63.719086
v 109.874619 66.703018 -65.638969
v 109.544838 67.201927 -67.483223
v 109.028503 67.984665 -69.169083
v 108.340446 69.030708 -70.651382
v 107.515305 70.289688 -71.858604
v 106.577095 71.727119 -72.758682
v 105.567009 73.281715 -73.311882
v 114.503441 182.359802 -73.010597
v 113.397278 76.823677 -73.010582
v 115.029221 74.563606 -71.590187
v 116.324341 72.769997 -69.377869
v 117.155853 71.618431 -66.590187
v 120.136154 82.410095 -73.010582
v 122.054512 80.387451 -71.590187
v 123.576927 78.782272 -69.377869
v 124.554375 77.751686 -66.590187
v 126.071152 88.844086 -73.010582
v 128.241760 87.094902 -71.590187
v 129.964355 85.706734 -69.377869
v 131.070328 84.815483 -66.590187
v 131.096558 96.011078 -73.010582
v 133.480759 94.566498 -71.590187
v 135.372864 93.420074 -69.377869
v 136.587662 92.684021 -66.590187
v 135.122894 103.783409 -73.010582
v 137.678207 102.669167 -71.590187
v 139.706116 101.784897 -69.377869
v 141.008102 101.217163 -66.590187
v 138.078415 112.022667 -73.010582
v 140.759338 111.258606 -71.590187
v 142.886948 110.652245 -69.377869
v 144.252945 110.262932 -66.590187
v 139.910507 120.582108 -73.010582
v 142.669296 120.181831 -71.590187
v 144.858704 119.864166 -69.377869
v 146.264374 119.660217 -66.590187
v 140.586533 129.309280 -73.010582
v 143.374054 129.279938 -71.590187
v 145.586258 129.256638 -69.377869
v 147.006577 129.241684 -66.590187
v 140.094452 138.048752 -73.010582
v 142.861069 138.390839 -71.590187
v 145.056671 138.662323 -69.377869
v 146.466324 138.836624 -66.590187
v 138.443039 146.644882 -73.010582
v 141.139465 147.352310 -71.590187
v 143.279358 147.913727 -69.377869
v 144.653259 148.274185 -66.590187
v 135.661682 154.944550 -73.010597
v 138.239899 156.004730 -71.590202
v 140.285980 156.846100 -69.377884
v 141.599640 157.386292 -66.590202
v 131.799942 162.799957 -73.010597
v 134.214020 164.194016 -71.590202
v 136.129852 165.300339 -69.377884
v 137.359894 166.010635 -66.590202
v 126.926582 170.071198 -73.010597
v 129.133545 171.774277 -71.590202
v 130.884995 173.125854 -69.377884
v 132.009491 173.993622 -66.590202
v 116.176941 184.589279 -71.590202
v 117.503563 186.359726 -69.377884
v 118.353065 187.498123 -66.590202
v 125.591179 181.245041 -66.590202
v 124.606171 180.221512 -69.377884
v 123.063972 178.635223 -71.590202
v 121.116432 176.640594 -73.010597
v 107.188530 187.148651 -73.010597
v 108.559975 189.575653 -71.590202
v 109.649277 191.501221 -69.377884
v 110.350044 192.736725 -66.590202
v 99.301682 190.922073 -73.010597
v 100.348091 193.505936 -71.590202
v 101.182213 195.555038 -69.377884
v 101.723320 196.868423 -66.590202
v 90.959473 193.618912 -73.010597
v 91.637779 196.322815 -71.590202
v 92.176079 198.468643 -69.377884
v 92.521690 199.846344 -66.590202
v 82.346039 195.177490 -73.010597
v 82.658257 197.947647 -71.590202
v 82.906036 200.146042 -69.377884
v 83.065117 201.557495 -66.590202
v 73.601768 195.575272 -73.010597
v 73.542343 198.362320 -71.590202
v 73.495178 200.574127 -69.377884
v 73.464897 201.994202 -66.590202
v 64.882401 194.805130 -73.010597
v 64.452385 197.559448 -71.590202
v 64.111130 199.745285 -69.377884
v 63.892021 201.148682 -66.590202
v 56.343227 192.880798 -73.010597
v 55.550285 195.553329 -71.590202
v 54.921005 197.674271 -69.377884
v 54.516979 199.035980 -66.590202
v 48.136337 189.836563 -73.010597
v 46.994591 192.379700 -71.590202
v 46.088493 194.397964 -69.377884
v 45.506744 195.693756 -66.590202
v 40.407890 185.726624 -73.010597
v 38.937672 188.095093 -71.590202
v 37.770901 189.974716 -69.377884
v 37.021786 191.181503 -66.590202
v 33.295532 180.624176 -73.010597
v 31.523029 182.775787 -71.590202
v 30.116364 184.483307 -69.377884
v 29.213226 185.579605 -66.590202
v 26.925940 174.620117 -73.010597
v 24.882717 176.516541 -71.590202
v 23.261209 178.021545 -69.377884
v 22.220137 178.987823 -66.590202
v 21.412552 167.821365 -73.010597
v 19.135002 169.428833 -71.590202
v 17.327530 170.704529 -69.377884
v 16.167063 171.523575 -66.590202
v 105.543060 73.266373 -73.311874
v 106.530220 71.697014 -72.758667
v 107.447144 70.245781 -71.858620
v 108.253563 68.974533 -70.651443
v 108.925964 67.918137 -69.169189
v 109.430534 67.127533 -67.483337
v 109.752792 66.623550 -65.639046
v 87.433304 39.356342 -70.272789
v 85.431519 40.055939 -72.019180
v 83.056671 40.885914 -73.122673
v 84.574959 48.039650 -73.397667
v 87.162926 46.828739 -72.535797
v 91.134071 44.970730 -68.485603
v 100.537613 69.361748 -73.346329
v 95.901604 64.773849 -73.358139
v 91.707535 59.729553 -73.370735
v 88.037842 54.353466 -73.383560
v 101.740395 68.046585 -72.856743
v 97.174492 63.632774 -72.908600
v 93.020241 58.764942 -72.963402
v 89.362068 53.560356 -73.018631
v 85.883316 47.427464 -73.078873
v 102.901886 66.776573 -72.011208
v 98.407417 62.527519 -72.134834
v 94.295753 57.827656 -72.264679
v 90.652840 52.787285 -72.394768
v 103.944511 65.636528 -70.837097
v 99.526794 61.524052 -71.058800
v 95.467171 56.966862 -71.291573
v 91.851540 52.069351 -71.524590
v 88.365273 46.266167 -71.777039
v 104.825409 64.673332 -69.364441
v 100.489357 60.661163 -69.707848
v 96.492096 56.213715 -70.068535
v 92.917412 51.430977 -70.429878
v 89.451828 45.757790 -70.821655
v 105.480331 63.957233 -67.710594
v 101.233147 59.994396 -68.177292
v 97.313538 55.610096 -68.670486
v 93.800484 50.902084 -69.167587
v 90.382004 45.322586 -69.709839
v 105.898735 63.499744 -65.969429
v 101.743530 59.536861 -66.548004
v 97.913452 55.169262 -67.165382
v 94.480347 50.494896 -67.793617
v 82.588936 37.824799 -73.170525
v 82.115776 34.126785 -73.535301
v 81.908302 32.440445 -73.702942
v 81.605736 30.364784 -73.838234
v 81.121956 28.062916 -73.879379
v 80.583771 26.041790 -73.807869
v 84.513519 36.906898 -72.139503
v 83.470062 33.303719 -72.650696
v 83.059975 31.762934 -72.876785
v 82.612305 29.949720 -73.064934
v 82.135567 27.972218 -73.143524
v 81.731194 26.178068 -73.089691
v 81.417259 24.490242 -72.948456
v 85.368507 36.459713 -71.442139
v 84.075478 32.895149 -72.107399
v 83.580040 31.428099 -72.389687
v 83.074577 29.748007 -72.625641
v 82.606934 27.935358 -72.728912
v 82.265572 26.258421 -72.674576
v 82.033630 24.631689 -72.519485
v 86.127983 36.032909 -70.643097
v 84.623100 32.495281 -71.505714
v 84.056503 31.100010 -71.859253
v 83.505379 29.551971 -72.155167
v 83.050957 27.904451 -72.286438
v 82.768799 26.346174 -72.225952
v 82.612213 24.781925 -72.047035
v 82.446068 21.283787 -71.648125
v 92.799339 46.972332 63.674530
v 90.776138 47.812077 65.733376
v 88.279205 48.848442 67.048134
v 91.336784 43.700470 64.111580
v 85.689262 32.116638 67.490639
v 86.093536 33.710796 67.623657
v 86.603302 35.660309 67.668709
v 87.095215 37.815498 67.579689
v 87.410576 39.427582 67.427116
v 87.672691 40.778915 67.246483
v 88.149666 43.008034 66.897079
v 88.712173 45.314117 66.595451
v 87.646721 45.876957 67.132332
v 87.287727 43.551205 67.401985
v 86.994720 41.250011 67.717026
v 86.822968 39.820953 67.879753
v 86.577354 38.085617 68.015366
v 86.094833 35.746159 68.086678
v 85.517624 33.656620 68.029320
v 90.268692 41.400074 64.761559
v 89.357307 39.381187 65.420166
v 88.893028 38.268707 65.752754
v 88.434425 37.034470 66.038544
v 87.953506 35.444286 66.221024
v 87.631714 33.933403 66.182472
v 87.459030 32.583477 66.007729
v 87.373482 31.340801 65.789070
v 87.310150 28.986883 65.391548
v 90.581718 44.211418 65.065018
v 89.654793 41.921906 65.563889
v 88.862053 39.838120 66.090202
v 88.451118 38.647327 66.357948
v 88.027466 37.287819 66.587318
v 87.535728 35.508869 66.732780
v 87.154556 33.849709 66.696762
v 86.911705 32.416080 66.545288
v 86.094032 30.937971 66.871582
v 86.759796 31.133137 66.356216
v 86.320015 32.259968 67.041199
v 86.640594 33.775307 67.178406
v 87.084702 35.581028 67.216446
v 87.579918 37.548847 67.102455
v 87.955299 39.034977 66.918144
v 88.298103 40.306137 66.701889
v 88.944115 42.461365 66.280708
v 89.699600 44.753967 65.900894
v 109.762131 66.355003 58.463711
v 109.334602 66.111084 59.079838
v 108.296791 65.530502 60.110043
v 105.984581 64.295815 61.821423
v 100.937859 61.887768 64.632629
v 95.476158 59.737980 66.657021
v 92.562080 58.789516 67.268936
v 88.910103 53.716778 67.386162
v 95.561348 50.328857 61.922531
v 106.240662 63.629303 60.022453
v 102.864777 60.270027 60.546021
v 100.214256 57.168552 61.003239
v 97.766777 53.838779 61.465893
v 105.806091 64.080406 61.753551
v 102.344406 60.715851 62.175690
v 99.623695 57.597790 62.541416
v 97.110886 54.240231 62.908848
v 94.847816 50.692303 63.269005
v 101.585899 61.365700 63.706665
v 98.802650 58.194550 63.974346
v 96.236191 54.775612 64.242050
v 93.930038 51.159790 64.503326
v 97.774002 58.942200 65.225479
v 95.166733 55.430195 65.399620
v 92.832489 51.718842 65.569313
v 91.595299 52.349030 66.421188
v 93.944977 56.178001 66.327126
v 96.581894 59.808655 66.230751
v 92.626404 56.985062 66.989861
v 90.269455 53.024368 67.029877
v 91.271439 57.814392 67.376839
v 109.958519 66.486320 -63.719032
v 109.916908 66.459152 -63.719032
v 105.640999 73.139297 -73.279053
v 107.085426 70.883278 -72.293724
v 108.328247 68.954269 -70.592964
v 109.264198 67.508919 -68.312531
v 109.812355 66.665352 -65.637909
v 109.974594 66.492363 -63.492676
v 109.932533 66.464737 -63.485363
v 110.105774 66.564583 57.749241
v 110.060806 66.534538 57.741444
v 110.667831 66.874290 -55.935730
v 111.315323 67.227570 -40.791107
v 111.575134 67.342545 -25.627676
v 111.683411 67.371239 9.769910
v 111.365845 67.250748 35.040634
v 110.985992 67.050316 46.403694
v 89.354836 58.798653 67.999985
v 89.427177 58.439846 67.633957
v 93.560738 59.860439 67.727737
v 109.620102 66.284576 58.778206
v 108.909668 65.891418 59.629436
v 107.232773 64.997612 61.061287
v 104.803963 63.786617 62.698303
v 101.238846 62.183834 64.633926
v 97.497444 60.720001 66.167892
v 93.571831 59.419338 67.205330
v 109.655273 66.312218 58.809315
v 108.947632 65.926758 59.681236
v 107.275085 65.052727 61.147793
v 104.847061 63.873745 62.824173
v 101.271881 62.323318 64.805267
v 97.507393 60.918846 66.372940
v 93.547218 59.682934 67.428902
v 109.692230 66.337486 58.840725
v 108.988731 65.957771 59.733795
v 107.324379 65.097954 61.236832
v 104.904015 63.940884 62.957325
v 101.330170 62.424484 64.996696
v 97.552788 61.056999 66.620247
v 75.025871 57.366039 67.999985
v 75.026009 57.000011 67.633957
v 82.225952 57.726360 67.999985
v 82.262360 57.362152 67.633957
v 71.350456 57.505619 68.142326
v 71.332062 57.262512 67.806252
v 71.310219 56.903919 67.598114
v 73.309860 57.207405 67.787811
v 73.298393 56.848404 67.569260
v 73.320244 57.444824 68.134697
v 46.863876 63.036938 67.999985
v 46.722092 62.699490 67.633957
v 63.402786 57.639755 67.707809
v 55.654156 59.333202 67.675423
v 51.121185 60.790161 67.597725
v 63.470318 58.050014 67.909195
v 55.758560 59.727062 67.879852
v 51.241444 61.151096 67.810768
v 63.517967 58.326847 68.275978
v 55.825249 59.993263 68.243866
v 51.317921 61.392998 68.165497
v 2.515500 134.657410 67.999985
v 2.150227 134.680893 67.633957
v 38.815472 67.020859 67.999985
v 38.633125 66.703484 67.633957
v 31.320210 71.967522 67.999985
v 31.100094 71.675079 67.633957
v 24.492672 77.801315 67.999985
v 24.238150 77.538269 67.633957
v 18.437229 84.433060 67.999985
v 18.152191 84.203438 67.633957
v 13.246449 91.761383 67.999985
v 12.935253 91.568680 67.633957
v 8.999683 99.674240 67.999985
v 8.667086 99.521423 67.633957
v 5.761850 108.050690 67.999985
v 5.412937 107.940079 67.633957
v 3.582446 116.762672 67.999985
v 3.222550 116.695969 67.633957
v 2.494787 125.677010 67.999985
v 2.129410 125.655228 67.633957
v 11.318625 164.656723 57.587143
v 11.293911 164.618011 57.584415
v 2.534899 138.881042 67.405205
v 3.272882 142.999619 66.876289
v 4.572313 148.306107 65.745575
v 6.218268 153.430695 64.218269
v 8.167540 158.310623 62.334099
v 10.345152 162.853394 59.884747
v 10.933350 163.961670 58.917877
v 2.810029 138.870270 67.632706
v 3.491941 143.000259 67.096725
v 4.727787 148.320068 65.942955
v 6.321351 153.454407 64.380684
v 8.228821 158.339645 62.451580
v 10.374619 162.883102 59.942863
v 10.956110 163.990845 58.952446
v 2.989050 138.879715 67.941635
v 3.634899 143.024918 67.371559
v 4.831400 148.355743 66.169495
v 6.392991 153.493759 64.556419
v 8.274554 158.377411 62.573574
v 10.399752 162.915497 60.001579
v 10.976707 164.021393 58.987190
v 11.037322 164.134048 -63.495811
v 11.017540 164.101654 -63.491611
v 11.467764 164.933914 50.021114
v 11.681763 165.325150 27.316017
v 11.741538 165.434555 -2.966491
v 11.576925 165.133636 -40.813797
v 11.404180 164.817200 -52.160244
v 11.034508 164.127029 -63.626743
v 11.014859 164.094788 -63.626743
v 11.207356 163.999710 -65.558235
v 12.154465 163.423523 -68.466919
v 13.821034 162.411026 -70.893906
v 16.045816 161.062302 -72.604645
v 18.616644 159.508148 -73.435066
v 125.366028 0.500000 2.500000
v 125.000000 0.133975 2.500000
v 125.000000 0.133975 -2.500000
v 125.366028 0.500000 -2.500000
v 108.759430 0.016359 6.679164
v 108.759422 0.007552 6.619780
v 108.759422 0.002156 6.560034
v 120.500000 0.133977 7.000000
v 120.500000 0.500002 7.366025
v 120.500000 0.499998 -7.366025
v 120.500000 0.133973 -7.000000
v 108.876678 0.002087 -6.558885
v 108.876678 0.007286 -6.617559
v 108.876686 0.015765 -6.675893
v 110.113625 0.081321 -6.895010
v 111.864090 0.294866 -7.209076
v 112.616707 0.466108 -7.345554
v 112.983246 0.590544 -7.412331
v 113.323563 0.775663 -7.474512
v 113.441940 0.912647 -7.496178
v 107.866982 0.016480 7.508061
v 85.480927 0.500362 67.415375
v 85.197151 0.134337 67.184113
v 107.345078 0.070566 14.426464
v 106.023361 0.070568 22.301418
v 104.147774 0.070568 30.098806
v 101.091507 0.070570 39.435234
v 97.950340 0.070572 46.857189
v 94.256187 0.070572 53.954247
v 89.983887 0.070574 60.711884
v 107.681145 0.293247 14.471088
v 106.355560 0.293249 22.369038
v 104.474350 0.293249 30.189770
v 101.408569 0.293251 39.555229
v 98.257126 0.293253 47.001461
v 94.550217 0.293253 54.123001
v 90.262260 0.293255 60.905369
v 107.901886 0.632259 14.500399
v 106.573769 0.632261 22.413454
v 104.688866 0.632261 30.249517
v 101.616837 0.632263 39.634048
v 98.458633 0.632265 47.096226
v 94.743347 0.632265 54.233849
v 90.445114 0.632267 61.032459
v 108.484863 0.961864 -12.024231
v 108.481377 0.875262 -11.985122
v 108.476509 0.813083 -11.931491
v 108.450684 0.636167 -11.658257
v 108.415207 0.496153 -11.297209
v 108.333138 0.299544 -10.490135
v 108.143623 0.081614 -8.738839
v 107.999565 0.015888 -7.504795
v 80.052299 0.076694 -73.065559
v 80.282555 0.293276 -73.293732
v 80.436569 0.617484 -73.446365
v 85.629189 0.070554 -67.258270
v 108.033722 0.632255 -15.488794
v 106.736671 0.632253 -23.527409
v 104.864525 0.632253 -31.449451
v 102.384491 0.632251 -39.249756
v 99.252983 0.632249 -46.899502
v 95.471077 0.632249 -54.263187
v 91.060509 0.632247 -61.210114
v 86.053879 0.632247 -67.625885
v 107.812775 0.293246 -15.461112
v 106.518250 0.293249 -23.484131
v 104.649872 0.293254 -31.390247
v 102.175125 0.293257 -39.173977
v 99.050652 0.293260 -46.806557
v 95.277763 0.293265 -54.152706
v 90.878426 0.293268 -61.081978
v 85.885544 0.293273 -67.480171
v 107.476387 0.070562 -15.418969
v 106.185692 0.070560 -23.418242
v 104.323051 0.070560 -31.300106
v 101.856331 0.070558 -39.058594
v 98.742569 0.070556 -46.665035
v 94.983414 0.070556 -53.984470
v 90.601151 0.070554 -60.886860
v -107.474792 0.134329 14.880178
v -51.006092 0.134313 -95.763397
v 72.319870 0.134315 -80.883163
v 78.213638 0.500364 75.726074
v 77.950668 0.134339 75.471474
v 70.131371 0.500364 83.267052
v 69.895576 0.134339 82.987091
v 61.326073 0.500366 89.949570
v 61.119884 0.134341 89.647141
v 51.888515 0.500366 95.704720
v 51.714054 0.134341 95.382942
v 41.915997 0.500368 100.473183
v 41.775070 0.134343 100.135376
v 31.511337 0.500368 104.205795
v 31.405392 0.134343 103.855438
v 20.781803 0.500368 106.864067
v 20.711931 0.134343 106.504768
v 9.838013 0.500368 108.420593
v 9.804936 0.134343 108.056068
v -1.207204 0.500368 108.859329
v -1.203145 0.134343 108.493332
v -12.239975 0.500368 108.175758
v -12.198823 0.134343 107.812050
v -23.146557 0.500368 106.376915
v -23.068733 0.134343 106.019257
v -44.133827 0.500368 99.518929
v -43.985439 0.134341 99.184326
v -33.701378 0.134343 103.133247
v -33.815639 0.500368 103.480988
v -53.998142 0.500366 94.530479
v -53.816593 0.134341 94.212654
v -63.305752 0.500366 88.567451
v -63.092907 0.134341 88.269676
v -71.960693 0.500364 81.691315
v -71.718750 0.134339 81.416649
v -79.873734 0.500364 73.972954
v -79.605186 0.134339 73.724243
v -86.963303 0.500362 65.491951
v -86.670914 0.134337 65.271759
v -93.156296 0.500360 56.335743
v -92.843086 0.134335 56.146336
v -98.388870 0.500360 46.598728
v -98.058075 0.134334 46.442055
v -102.607079 0.500358 36.381290
v -102.262100 0.134333 36.258972
v -105.767441 0.500356 25.788771
v -105.411827 0.134331 25.702065
v -107.837357 0.500354 14.930376
v -108.631981 0.500350 -7.134666
v -108.266747 0.134325 -7.110679
v -108.429558 0.134327 3.909036
v -108.795197 0.500352 3.926395
v -107.348503 0.500350 -18.113829
v -106.987579 0.134325 -18.052925
v -104.958282 0.500348 -28.906240
v -104.605392 0.134323 -28.809053
v -101.485970 0.500346 -39.400639
v -101.144753 0.134321 -39.268166
v -96.967354 0.500344 -49.488823
v -96.641335 0.134319 -49.322433
v -91.449036 0.500344 -59.066788
v -91.141571 0.134319 -58.868195
v -84.987900 0.500342 -68.035789
v -84.702156 0.134317 -67.807045
v -77.650551 0.500340 -76.303360
v -77.389481 0.134315 -76.046814
v -69.512650 0.500340 -83.784264
v -69.278938 0.134315 -83.502563
v -60.658092 0.500338 -90.401367
v -60.454151 0.134313 -90.097427
v -51.178162 0.500338 -96.086456
v -30.738573 0.500336 -104.436356
v -30.635225 0.134311 -104.085220
v -41.040428 0.134311 -100.438705
v -41.187160 0.500336 -100.774147
v -19.989641 0.500336 -107.015076
v -19.922434 0.134311 -106.655273
v -9.034622 0.500336 -108.490494
v -9.004247 0.134311 -108.125732
v 2.013542 0.500336 -108.847404
v 2.006772 0.134311 -108.481438
v 13.040947 0.500336 -108.082123
v 12.997101 0.134311 -107.718735
v 23.933903 0.500336 -106.202538
v 23.853434 0.134311 -105.845474
v 34.580105 0.500336 -103.228035
v 34.463840 0.134311 -102.880966
v 44.869797 0.500337 -99.189278
v 44.718937 0.134313 -98.855789
v 54.696892 0.500338 -94.127899
v 54.512993 0.134313 -93.811424
v 63.960075 0.500338 -88.096085
v 63.745029 0.134313 -87.799896
v 72.563843 0.500340 -81.156021
v 0.000000 -0.133615 48.000000
v 0.000000 -0.499640 47.633976
v 3.832942 -0.499656 -47.479511
v -3.862395 -0.133631 -47.844353
v 47.650024 -0.133623 5.785761
v 47.286671 -0.499648 5.741641
v 47.595345 -0.499648 -1.918027
v 47.961071 -0.133623 -1.932765
v 46.104870 -0.133621 13.354438
v 45.753296 -0.499646 13.252604
v 43.365620 -0.133619 20.577244
v 43.034935 -0.499644 20.420330
v 39.503227 -0.133619 27.267109
v 39.201992 -0.499644 27.059181
v 34.617718 -0.133619 33.250771
v 34.353741 -0.499644 32.997215
v 28.835629 -0.133617 38.373253
v 28.615742 -0.499642 38.080635
v 22.306711 -0.133617 42.501888
v 22.136612 -0.499642 42.177792
v 15.200064 -0.133617 45.529751
v 15.084155 -0.499642 45.182560
v 7.699741 -0.133615 47.378414
v 7.641027 -0.499640 47.017128
v -7.699741 -0.133615 47.378414
v -7.641027 -0.499640 47.017128
v -15.200064 -0.133617 45.529751
v -15.084155 -0.499642 45.182560
v -22.306711 -0.133617 42.501888
v -22.136612 -0.499642 42.177792
v -28.835629 -0.133617 38.373253
v -28.615742 -0.499642 38.080635
v -34.617718 -0.133619 33.250771
v -34.353741 -0.499644 32.997215
v -39.503227 -0.133619 27.267109
v -39.201992 -0.499644 27.059181
v -43.365620 -0.133619 20.577244
v -43.034935 -0.499644 20.420330
v -46.104870 -0.133621 13.354438
v -45.753296 -0.499646 13.252604
v -47.650024 -0.133623 5.785761
v -47.286671 -0.499648 5.741641
v -47.961071 -0.133623 -1.932765
v -47.595345 -0.499648 -1.918027
v -47.029949 -0.133625 -9.601233
v -46.671322 -0.499650 -9.528019
v -44.880779 -0.133625 -17.021034
v -44.538540 -0.499650 -16.891239
v -41.569218 -0.133627 -24.000000
v -41.252232 -0.499652 -23.816986
v -37.181038 -0.133627 -30.357378
v -36.897514 -0.499652 -30.125887
v -31.829887 -0.133629 -35.928516
v -31.587168 -0.499654 -35.654541
v -25.654360 -0.133629 -40.569122
v -25.458733 -0.499654 -40.259762
v -18.814398 -0.133629 -44.159012
v -18.670927 -0.499654 -43.822277
v -11.487152 -0.133631 -46.605206
v -11.399556 -0.499655 -46.249817
v -3.832942 -0.499656 -47.479511
v 11.487152 -0.133631 -46.605206
v 11.399556 -0.499655 -46.249817
v 3.862395 -0.133631 -47.844353
v 18.814398 -0.133629 -44.159012
v 18.670927 -0.499654 -43.822277
v 25.654360 -0.133629 -40.569122
v 25.458733 -0.499654 -40.259762
v 31.829887 -0.133629 -35.928516
v 31.587168 -0.499654 -35.654541
v 37.181038 -0.133627 -30.357378
v 36.897514 -0.499652 -30.125887
v 41.569218 -0.133627 -24.000000
v 41.252232 -0.499652 -23.816986
v 44.880779 -0.133625 -17.021034
v 44.538540 -0.499650 -16.891239
v 47.029949 -0.133625 -9.601233
v 46.671322 -0.499650 -9.528019
v 0.000000 -49.499641 47.366032
v 0.000000 -49.865665 47.000008
v 47.204247 -49.499649 3.911463
v 46.839470 -49.865673 3.881237
v 46.839470 -49.865673 -3.881221
v 47.204247 -49.499649 -3.911447
v 45.916637 -49.499649 11.627680
v 45.561813 -49.865673 11.537826
v 43.376541 -49.499649 19.026724
v 43.041348 -49.865673 18.879692
v 39.653248 -49.499641 25.906767
v 39.346825 -49.865665 25.706572
v 34.848316 -49.499641 32.080143
v 34.579025 -49.865665 31.832241
v 29.092815 -49.499641 37.378456
v 28.867996 -49.865665 37.089611
v 22.543736 -49.499641 41.657185
v 22.369528 -49.865665 41.335274
v 15.379723 -49.499641 44.799610
v 15.260875 -49.865665 44.453419
v 7.796192 -49.499641 46.720024
v 7.735946 -49.865665 46.358990
v -7.796192 -49.499641 46.720024
v -7.735946 -49.865665 46.358990
v -15.379723 -49.499641 44.799610
v -15.260875 -49.865665 44.453419
v -22.543736 -49.499641 41.657185
v -22.369528 -49.865665 41.335274
v -29.092815 -49.499641 37.378456
v -28.867996 -49.865665 37.089611
v -34.848316 -49.499641 32.080143
v -34.579025 -49.865665 31.832241
v -39.653248 -49.499641 25.906767
v -39.346825 -49.865665 25.706572
v -43.376541 -49.499649 19.026724
v -43.041348 -49.865673 18.879692
v -45.916637 -49.499649 11.627680
v -45.561813 -49.865673 11.537826
v -47.204247 -49.499649 3.911463
v -46.839470 -49.865673 3.881237
v -47.204247 -49.499649 -3.911447
v -46.839470 -49.865673 -3.881221
v -45.916637 -49.499649 -11.627665
v -45.561813 -49.865673 -11.537810
v -43.376541 -49.499649 -19.026709
v -43.041348 -49.865673 -18.879677
v -39.653248 -49.499657 -25.906752
v -39.346825 -49.865681 -25.706556
v -34.848316 -49.499657 -32.080128
v -34.579025 -49.865681 -31.832226
v -29.092815 -49.499657 -37.378441
v -28.867996 -49.865681 -37.089596
v -22.543736 -49.499657 -41.657169
v -22.369528 -49.865681 -41.335258
v -15.379723 -49.499657 -44.799595
v -15.260875 -49.865681 -44.453403
v -7.796192 -49.499657 -46.720009
v -7.735946 -49.865681 -46.358974
v 0.000000 -49.499657 -47.366016
v 0.000000 -49.865681 -46.999992
v 7.796192 -49.499657 -46.720009
v 7.735946 -49.865681 -46.358974
v 15.379723 -49.499657 -44.799595
v 15.260875 -49.865681 -44.453403
v 22.543736 -49.499657 -41.657169
v 22.369528 -49.865681 -41.335258
v 29.092815 -49.499657 -37.378441
v 28.867996 -49.865681 -37.089596
v 34.848316 -49.499657 -32.080128
v 34.579025 -49.865681 -31.832226
v 39.653248 -49.499657 -25.906752
v 39.346825 -49.865681 -25.706556
v 43.376541 -49.499649 -19.026709
v 43.041348 -49.865673 -18.879677
v 45.916637 -49.499649 -11.627665
v 45.561813 -49.865673 -11.537810
v 117.500000 0.133975 5.000000
v 117.500000 0.500000 4.633975
v 119.669418 0.133975 -4.504844
v 119.510605 0.500000 -4.175067
v 117.500000 0.500000 -4.633975
v 117.500000 0.133975 -5.000000
v 121.409157 0.133975 -3.117449
v 121.122986 0.500000 -2.889236
v 122.374641 0.133975 -1.112605
v 122.017792 0.500000 -1.031156
v 122.374641 0.133975 1.112605
v 122.017792 0.500000 1.031156
v 121.409157 0.133975 3.117449
v 121.122986 0.500000 2.889236
v 119.669418 0.133975 4.504844
v 119.510605 0.500000 4.175067
v 115.330582 0.133975 4.504844
v 115.489395 0.500000 4.175067
v 113.590843 0.133975 3.117449
v 113.877014 0.500000 2.889236
v 112.625359 0.133975 1.112605
v 112.982208 0.500000 1.031156
v 112.625359 0.133975 -1.112605
v 112.982208 0.500000 -1.031156
v 113.590843 0.133975 -3.117449
v 113.877014 0.500000 -2.889236
v 115.330582 0.133975 -4.504844
v 115.489395 0.500000 -4.175067
v 6.943815 105.229591 91.468452
v 54.228596 60.618698 91.468452
v 124.700279 77.320793 91.468452
v 124.700279 182.679214 91.468437
v 54.228596 199.381317 91.468437
v 6.943815 154.770432 91.468437
v 147.423874 130.000000 91.468452
v 146.934174 121.592117 91.468452
v 145.471680 113.297920 91.468452
v 143.056183 105.229591 91.468452
v 139.720337 97.496239 91.468452
v 135.509262 90.202446 91.468452
v 130.479904 83.446846 91.468452
v 118.248543 71.907143 91.468452
v 111.211937 67.279099 91.468452
v 103.685631 63.499241 91.468452
v 95.771400 60.618698 91.468452
v 87.576279 58.676418 91.468452
v 79.211075 57.698666 91.468452
v 70.788925 57.698666 91.468452
v 62.423725 58.676418 91.468452
v 46.314365 63.499241 91.468452
v 38.788059 67.279099 91.468452
v 31.751457 71.907143 91.468452
v 25.299719 77.320793 91.468452
v 19.520090 83.446846 91.468452
v 14.490731 90.202446 91.468452
v 10.279657 97.496239 91.468452
v 4.528316 113.297920 91.468452
v 3.065825 121.592117 91.468452
v 2.576120 130.000000 91.468452
v 3.065825 138.407898 91.468452
v 4.528316 146.702103 91.468452
v 10.279657 162.503784 91.468437
v 14.490731 169.797577 91.468437
v 19.520090 176.553177 91.468437
v 25.299719 182.679214 91.468437
v 31.751457 188.092880 91.468437
v 38.788059 192.720917 91.468437
v 46.314365 196.500778 91.468437
v 62.423725 201.323593 91.468437
v 70.788925 202.301346 91.468437
v 79.211075 202.301346 91.468437
v 87.576279 201.323593 91.468437
v 95.771400 199.381317 91.468437
v 103.685631 196.500778 91.468437
v 111.211937 192.720917 91.468437
v 118.248543 188.092880 91.468437
v 130.479904 176.553177 91.468437
v 135.509262 169.797577 91.468437
v 139.720337 162.503784 91.468437
v 143.056183 154.770432 91.468437
v 145.471680 146.702103 91.468452
v 146.934174 138.407898 91.468452
v 113.000000 130.000000 -73.366043
v 112.633972 130.000000 -73.000015
v 37.647022 136.982483 -73.366043
v 38.006817 136.915222 -73.000015
v 37.366024 130.000000 -73.000015
v 37.000000 130.000000 -73.366043
v 39.566055 143.727188 -73.366043
v 39.907364 143.594955 -73.000015
v 42.691750 150.004425 -73.366043
v 43.002949 149.811737 -73.000015
v 46.917660 155.600433 -73.366058
v 47.188156 155.353851 -73.000031
v 52.099884 160.324661 -73.366058
v 52.320461 160.032562 -73.000031
v 58.061943 164.016205 -73.366058
v 58.225094 163.688553 -73.000031
v 64.600807 166.549377 -73.366058
v 64.700974 166.197327 -73.000031
v 71.493805 167.837906 -73.366058
v 71.527573 167.473434 -73.000031
v 78.506195 167.837906 -73.366058
v 78.472427 167.473434 -73.000031
v 85.399193 166.549377 -73.366058
v 85.299026 166.197327 -73.000031
v 91.938057 164.016205 -73.366058
v 91.774902 163.688553 -73.000031
v 97.900116 160.324661 -73.366058
v 97.679535 160.032562 -73.000031
v 103.082336 155.600433 -73.366058
v 102.811844 155.353851 -73.000031
v 107.308250 150.004425 -73.366043
v 106.997047 149.811737 -73.000015
v 110.433945 143.727188 -73.366043
v 110.092636 143.594955 -73.000015
v 112.352982 136.982483 -73.366043
v 111.993187 136.915222 -73.000015
v 112.352982 123.017502 -73.366043
v 111.993187 123.084763 -73.000015
v 110.433945 116.272804 -73.366043
v 110.092636 116.405022 -73.000015
v 107.308250 109.995560 -73.366043
v 106.997047 110.188248 -73.000015
v 103.082336 104.399551 -73.366043
v 102.811844 104.646141 -73.000015
v 97.900116 99.675331 -73.366043
v 97.679535 99.967422 -73.000015
v 91.938057 95.983780 -73.366043
v 91.774902 96.311432 -73.000015
v 85.399193 93.450607 -73.366043
v 85.299026 93.802666 -73.000015
v 78.506195 92.162086 -73.366043
v 78.472427 92.526550 -73.000015
v 71.493805 92.162086 -73.366043
v 71.527573 92.526550 -73.000015
v 64.600807 93.450607 -73.366043
v 64.700974 93.802666 -73.000015
v 58.061943 95.983780 -73.366043
v 58.225094 96.311432 -73.000015
v 52.099884 99.675331 -73.366043
v 52.320461 99.967422 -73.000015
v 46.917660 104.399551 -73.366043
v 47.188156 104.646141 -73.000015
v 42.691750 109.995560 -73.366043
v 43.002949 110.188248 -73.000015
v 39.566055 116.272804 -73.366043
v 39.907364 116.405022 -73.000015
v 37.647022 123.017502 -73.366043
v 38.006817 123.084763 -73.000015
v 107.975990 0.001997 -6.605274
v 108.207039 0.018358 -6.847677
v 108.277229 0.026868 -6.921354
v 108.762932 0.238689 -8.091622
v 109.426918 0.238590 -7.470159
v 108.776665 0.137951 -7.446656
v 107.856506 0.002037 6.605838
v 108.084854 0.018805 6.849624
v 108.154152 0.027516 6.923640
v 108.644569 0.140401 7.448431
v 110.230469 0.154215 -7.055655
v 108.277176 0.190308 -9.598584
v 112.861130 0.903641 -7.524321
v 108.481659 0.752112 -11.769549
v 113.093895 1.088697 -7.555483
v 108.493050 0.915557 -11.966268
v 113.151443 1.195439 -7.561911
v 113.158051 1.269184 -7.561955
v 108.496796 1.070519 -11.979353
v 113.165634 1.439238 -7.561316
v 108.501999 1.212781 -11.923689
v 108.507866 1.451406 -11.859940
v 108.519409 2.341122 -11.727389
v 108.495377 1.044080 -11.994421
v 108.505882 1.063647 -11.967125
v 108.519241 1.089832 -11.932801
v 108.534874 1.121939 -11.891470
v 108.552208 1.159271 -11.843150
v 108.589676 1.246818 -11.725626
v 108.625793 1.346319 -11.579024
v 108.658325 1.453319 -11.406028
v 108.673515 1.508685 -11.311502
v 108.688133 1.564790 -11.212623
v 108.716072 1.677705 -11.004794
v 108.861809 2.100106 -10.186949
v 109.064087 2.315327 -9.636592
v 109.108246 2.319108 -9.555050
v 109.364845 2.348052 -9.158781
v 109.869858 2.394941 -8.578944
v 109.880646 2.394872 -8.569315
v 109.964813 2.391107 -8.499458
v 110.349976 2.360069 -8.238289
v 110.768127 2.321756 -7.989318
v 110.994804 2.307543 -7.877720
v 111.041084 2.301389 -7.859046
v 111.095695 2.287852 -7.840233
v 112.403755 1.642299 -7.630662
v 113.144333 1.173060 -7.561325
v 112.395386 1.620675 -7.630218
v 111.086899 2.265048 -7.839683
v 111.032387 2.278548 -7.858476
v 110.986229 2.284688 -7.877126
v 110.760307 2.298839 -7.988520
v 110.343887 2.336719 -8.236646
v 109.960648 2.367248 -8.496393
v 109.876984 2.370955 -8.565810
v 109.866264 2.371022 -8.575376
v 109.363838 2.324752 -9.152232
v 109.108032 2.296072 -9.547048
v 109.063972 2.292297 -9.628329
v 108.861206 2.076428 -10.186200
v 108.714546 1.652643 -11.018367
v 108.686455 1.539351 -11.229013
v 108.671776 1.483059 -11.329013
v 108.656548 1.427509 -11.424427
v 108.623985 1.320152 -11.598376
v 108.587929 1.220317 -11.744629
v 108.550636 1.132476 -11.860268
v 108.533447 1.095019 -11.906999
v 108.517998 1.062803 -11.946273
v 108.504868 1.036529 -11.978042
v 108.494637 1.016896 -12.002259
v 108.517181 2.044473 -11.755016
v 108.535683 2.060029 -11.633260
v 108.555321 2.080723 -11.520228
v 108.575699 2.106006 -11.415128
v 108.596428 2.135332 -11.317173
v 108.637344 2.203915 -11.139533
v 108.673866 2.281614 -10.979879
v 108.704758 2.364961 -10.833954
v 108.718483 2.408033 -10.765651
v 108.731285 2.451652 -10.700195
v 108.754738 2.539381 -10.577040
v 108.872345 2.868352 -10.190212
v 109.057571 3.039319 -9.863902
v 109.104797 3.043238 -9.774108
v 109.380470 3.080354 -9.339324
v 109.964195 3.146409 -8.672064
v 109.977753 3.146292 -8.659913
v 110.080437 3.140668 -8.573431
v 110.520035 3.093763 -8.268763
v 110.982872 3.042438 -8.000480
v 111.231834 3.026586 -7.884060
v 111.281509 3.021270 -7.864616
v 111.337448 3.010113 -7.845148
v 112.519379 2.508790 -7.627620
v 113.171715 2.164942 -7.556170
v 113.169861 1.591021 -7.560514
v 112.464081 2.000134 -7.630977
v 111.206009 2.594476 -7.844899
v 111.150696 2.607201 -7.864028
v 111.102890 2.613073 -7.883049
v 110.866364 2.630209 -7.997333
v 110.428917 2.686663 -8.257417
v 110.021217 2.737890 -8.539101
v 109.929680 2.743696 -8.615796
v 109.917801 2.743806 -8.626420
v 109.375992 2.671233 -9.242961
v 109.108971 2.630979 -9.656536
v 109.063416 2.626848 -9.741737
v 108.870430 2.426834 -10.167877
v 108.741051 2.036804 -10.753411
v 108.715820 1.932633 -10.916564
v 108.702240 1.880863 -10.998016
v 108.687828 1.829767 -11.079070
v 108.655922 1.730982 -11.239036
v 108.618973 1.639052 -11.394568
v 108.578728 1.558096 -11.546872
v 108.559067 1.523551 -11.623411
v 108.540375 1.493824 -11.700804
v 108.523140 1.469560 -11.779498
v 108.516464 3.562006 -11.738355
v 108.532982 3.571602 -11.610902
v 108.549850 3.584008 -11.493998
v 108.566895 3.598928 -11.386906
v 108.583961 3.616069 -11.288890
v 108.617432 3.655838 -11.117138
v 108.648376 3.700728 -10.972283
v 108.676399 3.748852 -10.849475
v 108.689598 3.773721 -10.795250
v 108.702393 3.798914 -10.745230
v 108.727234 3.849621 -10.656064
v 108.847519 4.039941 -10.396202
v 109.027664 4.141853 -10.106869
v 109.078247 4.144917 -10.008818
v 109.369064 4.170414 -9.536193
v 110.049660 4.212961 -8.755091
v 110.067451 4.212849 -8.739066
v 110.197502 4.208496 -8.628028
v 110.707298 4.177670 -8.268772
v 111.218979 4.144485 -7.985933
v 111.490196 4.133327 -7.866666
v 111.542862 4.129566 -7.846511
v 111.598572 4.122334 -7.826644
v 112.570030 3.832119 -7.608891
v 113.108192 3.634293 -7.539670
v 113.165527 2.452064 -7.553373
v 112.538322 2.765193 -7.624834
v 111.397163 3.222443 -7.843277
v 111.341103 3.232830 -7.862869
v 111.290657 3.237863 -7.882493
v 111.036293 3.252952 -7.999736
v 110.562088 3.301216 -8.271563
v 110.107285 3.345471 -8.587607
v 109.998985 3.350937 -8.679070
v 109.984573 3.351055 -8.692003
v 109.380386 3.288941 -9.383676
v 109.100990 3.253719 -9.827646
v 109.053001 3.249927 -9.919437
v 108.870216 3.093001 -10.217253
v 108.755241 2.792966 -10.541787
v 108.732079 2.712996 -10.651522
v 108.719475 2.673232 -10.711419
v 108.705971 2.633962 -10.775104
v 108.675629 2.557952 -10.915149
v 108.639793 2.487051 -11.074272
v 108.599487 2.424409 -11.257547
v 108.578880 2.397590 -11.360793
v 108.558434 2.374438 -11.472936
v 108.538490 2.355449 -11.594845
v 108.504494 4.782239 -11.846403
v 108.514977 4.787227 -11.762431
v 108.525948 4.793432 -11.682605
v 108.537354 4.800735 -11.606658
v 108.549149 4.809021 -11.534323
v 108.573730 4.828068 -11.399417
v 108.599136 4.849562 -11.275580
v 108.625275 4.872704 -11.160986
v 108.638710 4.884699 -11.106712
v 108.652443 4.896873 -11.054218
v 108.680923 4.921445 -10.953861
v 108.818275 5.013424 -10.592942
v 109.002228 5.063580 -10.223737
v 109.054436 5.065443 -10.122244
v 109.351295 5.078864 -9.634039
v 110.086662 5.099390 -8.790342
v 110.107018 5.099315 -8.771948
v 110.253387 5.096794 -8.646021
v 110.801025 5.081563 -8.255144
v 111.335205 5.065392 -7.966362
v 111.615623 5.059316 -7.846571
v 111.669289 5.057160 -7.826153
v 111.723999 5.053294 -7.806262
v 112.558517 4.912907 -7.592595
v 113.037018 4.817317 -7.526983
v 113.167877 1.512113 -7.560951
v 112.454453 1.930638 -7.631163
v 111.186699 2.538331 -7.844379
v 111.131516 2.551275 -7.863451
v 111.084007 2.557224 -7.882407
v 110.849335 2.574281 -7.996312
v 110.415489 2.630007 -8.254978
v 110.012115 2.680301 -8.533330
v 109.922066 2.685987 -8.608702
v 109.910408 2.686095 -8.619123
v 109.374687 2.614899 -9.228818
v 109.109108 2.575231 -9.639290
v 109.063805 2.571108 -9.723799
v 108.869423 2.366982 -10.168710
v 108.737648 1.968180 -10.790249
v 108.712036 1.861640 -10.960433
v 108.698296 1.808698 -11.044651
v 108.683762 1.756450 -11.127865
v 108.651726 1.655454 -11.290015
v 108.614830 1.561498 -11.444356
v 108.574921 1.478786 -11.591508
v 108.555565 1.443502 -11.663820
v 108.537285 1.413145 -11.735792
v 108.520599 1.388373 -11.807804
v 108.504158 1.294518 -11.900351
v 108.506012 1.369848 -11.880234
v 113.162735 1.360215 -7.561667
v 112.434402 1.797228 -7.631307
v 111.148697 2.431093 -7.843006
v 111.093803 2.444468 -7.861962
v 111.046875 2.450567 -7.880786
v 110.815613 2.465321 -7.993624
v 110.387161 2.507284 -8.247766
v 109.990341 2.542528 -8.517903
v 109.902954 2.546757 -8.590595
v 109.891716 2.546836 -8.600630
v 109.370476 2.496023 -9.199110
v 109.109016 2.465394 -9.604296
v 109.064255 2.461579 -9.687460
v 108.866913 2.249902 -10.172444
v 108.729950 1.834939 -10.870124
v 108.703484 1.724031 -11.055083
v 108.689415 1.668929 -11.145091
v 108.674622 1.614557 -11.232808
v 108.642349 1.509490 -11.399432
v 108.605659 1.411802 -11.551087
v 108.566544 1.325862 -11.687131
v 108.547890 1.289217 -11.750369
v 108.530556 1.257700 -11.810723
v 108.515083 1.231993 -11.868420
v 108.503418 1.265724 -11.908398
v 108.499382 1.120832 -11.951790
v 108.517029 1.284736 -11.847096
v 108.532936 1.310168 -11.784371
v 108.550613 1.341346 -11.719940
v 108.569519 1.377593 -11.653522
v 108.608932 1.462590 -11.513598
v 108.645706 1.559191 -11.361028
v 108.677895 1.663075 -11.196006
v 108.692596 1.716831 -11.109887
v 108.706551 1.771307 -11.021928
v 108.732719 1.880950 -10.842192
v 108.867844 2.291234 -10.171407
v 109.064148 2.500721 -9.700615
v 109.109093 2.504617 -9.616983
v 109.371994 2.537682 -9.209774
v 109.898193 2.593999 -8.607036
v 109.909561 2.593910 -8.596873
v 109.997841 2.589174 -8.523279
v 110.396828 2.548676 -8.250328
v 110.827072 2.501904 -7.994602
v 111.059486 2.486341 -7.881389
v 111.106613 2.480297 -7.862520
v 111.161613 2.467067 -7.843524
v 112.441376 1.842102 -7.631290
v 113.164665 1.411381 -7.561445
v 108.507858 1.090029 -11.946074
v 108.521683 1.116139 -11.906734
v 108.537689 1.148154 -11.861300
v 108.555321 1.185380 -11.809740
v 108.593170 1.272680 -11.688108
v 108.629433 1.371903 -11.540220
v 108.661919 1.478606 -11.368331
v 108.677025 1.533820 -11.275119
v 108.691528 1.589771 -11.177987
v 108.719147 1.702380 -10.974737
v 108.862984 2.123647 -10.181462
v 109.064171 2.338333 -9.644777
v 109.108429 2.342119 -9.562976
v 109.365814 2.371328 -9.165268
v 109.873405 2.418835 -8.582465
v 109.884254 2.418765 -8.572773
v 109.968933 2.414941 -8.502476
v 110.356018 2.383394 -8.239888
v 110.775879 2.344648 -7.990083
v 111.003296 2.330374 -7.878283
v 111.049683 2.324212 -7.859586
v 111.104362 2.310642 -7.840750
v 112.409920 1.664402 -7.630893
v 113.155075 1.218573 -7.562075
v 113.122536 1.129329 -7.558987
v 112.374229 1.577517 -7.628720
v 111.068596 2.218430 -7.838455
v 111.014359 2.231837 -7.857214
v 110.968475 2.237942 -7.875818
v 110.744110 2.251969 -7.986786
v 110.331268 2.288963 -8.233155
v 109.951996 2.318452 -8.489982
v 109.869370 2.322039 -8.558505
v 109.858795 2.322103 -8.567946
v 109.361671 2.277098 -9.138664
v 109.107529 2.248960 -9.530465
v 109.063660 2.245196 -9.611206
v 108.861366 2.030377 -10.168196
v 108.715195 1.607621 -11.001916
v 108.687180 1.494187 -11.213286
v 108.672516 1.437721 -11.313683
v 108.657280 1.381920 -11.409513
v 108.624641 1.273804 -11.584352
v 108.588425 1.172821 -11.731561
v 108.550880 1.083394 -11.848232
v 108.533546 1.044970 -11.895518
v 108.517952 1.011664 -11.935377
v 108.504662 0.984173 -11.967765
v 108.494263 0.963189 -11.992636
v 108.494453 0.980337 -11.998239
v 108.504753 1.000812 -11.973788
v 108.517960 1.027850 -11.941764
v 108.533478 1.060755 -11.902217
v 108.550735 1.098830 -11.855194
v 108.588158 1.187700 -11.738919
v 108.624298 1.288303 -11.591955
v 108.656898 1.396194 -11.417236
v 108.672134 1.451934 -11.321424
v 108.686798 1.508368 -11.221022
v 108.714851 1.621820 -11.009572
v 108.861267 2.045239 -10.174897
v 109.063774 2.260586 -9.616834
v 109.107704 2.264355 -9.535916
v 109.362396 2.292669 -9.143123
v 109.861252 2.338088 -8.570394
v 109.871880 2.338022 -8.560912
v 109.954842 2.334397 -8.492098
v 110.335411 2.304568 -8.234315
v 110.749435 2.267284 -7.987368
v 110.974312 2.253217 -7.876260
v 111.020287 2.247100 -7.857641
v 111.074615 2.233660 -7.838872
v 112.381546 1.591486 -7.629287
v 113.130455 1.143323 -7.559898
v 112.944221 0.957025 -7.535690
v 112.227501 1.386569 -7.614300
v 110.973122 1.989485 -7.830284
v 110.920860 2.002129 -7.848931
v 110.876587 2.007970 -7.867324
v 110.660248 2.021381 -7.976039
v 110.265945 2.054039 -8.213236
v 109.906822 2.078463 -8.455502
v 109.829208 2.081460 -8.519734
v 109.819298 2.081510 -8.528576
v 109.348755 2.042701 -9.068324
v 109.103249 2.017204 -9.444443
v 109.060394 2.013488 -9.522406
v 108.862488 1.820966 -10.059643
v 108.720947 1.439803 -10.866906
v 108.693336 1.335269 -11.072437
v 108.678650 1.282595 -11.170148
v 108.663216 1.230045 -11.263486
v 108.629593 1.126503 -11.434034
v 108.591499 1.027017 -11.578060
v 108.551155 0.935436 -11.692955
v 108.532082 0.894399 -11.740007
v 108.514511 0.857366 -11.780128
v 108.499031 0.824963 -11.813319
v 108.486221 0.797815 -11.839580
v 108.489815 0.845384 -11.899537
v 108.501755 0.871371 -11.872983
v 108.516434 0.903047 -11.839391
v 108.533287 0.939760 -11.798772
v 108.551727 0.980858 -11.751136
v 108.591049 1.073597 -11.634854
v 108.628441 1.175456 -11.489233
v 108.661674 1.282369 -11.316942
v 108.677025 1.336907 -11.222690
v 108.691681 1.391732 -11.124042
v 108.719406 1.500946 -10.916591
v 108.862503 1.901517 -10.101382
v 109.062035 2.103696 -9.557910
v 109.105286 2.107430 -9.478841
v 109.354256 2.133948 -9.096443
v 109.835236 2.175161 -8.544484
v 109.845398 2.175105 -8.535413
v 109.924957 2.171879 -8.469531
v 110.292038 2.145496 -8.221559
v 110.693748 2.111156 -7.980688
v 110.913292 2.097507 -7.871064
v 110.958229 2.091542 -7.852589
v 111.011345 2.078546 -7.833904
v 112.290085 1.457086 -7.620839
v 113.021942 1.016840 -7.546115
v 112.685646 0.810382 -7.499749
v 112.021179 1.194320 -7.590516
v 110.851738 1.725720 -7.815728
v 110.802315 1.737044 -7.834247
v 110.760162 1.742430 -7.852382
v 110.554001 1.755157 -7.958155
v 110.183090 1.782957 -8.183710
v 109.848511 1.801742 -8.408838
v 109.776527 1.804073 -8.468332
v 109.767342 1.804107 -8.476530
v 109.328362 1.772261 -8.978927
v 109.093849 1.749694 -9.335049
v 109.052238 1.746020 -9.409514
v 108.859512 1.580690 -9.920734
v 108.722107 1.255692 -10.688154
v 108.694557 1.165287 -10.883447
v 108.679657 1.119273 -10.976145
v 108.663818 1.073015 -11.064581
v 108.628807 0.980651 -11.225776
v 108.588409 0.889974 -11.361250
v 108.544769 0.804254 -11.468679
v 108.523674 0.764870 -11.512508
v 108.503822 0.728542 -11.549800
v 108.485794 0.695828 -11.580594
v 108.470161 0.667283 -11.604930
v 108.471878 0.678190 -11.628577
v 108.487259 0.706710 -11.604043
v 108.505058 0.739487 -11.572998
v 108.524712 0.775958 -11.535408
v 108.545631 0.815563 -11.491236
v 108.588974 0.901925 -11.383007
v 108.629158 0.993476 -11.246604
v 108.664040 1.086896 -11.084383
v 108.679832 1.133737 -10.995406
v 108.694710 1.180359 -10.902154
v 108.722252 1.272039 -10.705725
v 108.859978 1.601987 -9.933925
v 109.053185 1.769679 -9.419990
v 109.094910 1.773355 -9.345200
v 109.330437 1.796173 -8.987222
v 109.772240 1.828622 -8.481453
v 109.781494 1.828587 -8.473200
v 109.853966 1.826198 -8.413297
v 110.190773 1.806927 -8.186642
v 110.563843 1.778708 -7.960013
v 110.770950 1.765922 -7.853964
v 110.813293 1.760493 -7.835805
v 110.862984 1.749042 -7.817273
v 112.040321 1.210684 -7.592844
v 112.709610 0.822179 -7.503139
v 112.318718 0.654630 -7.446181
v 111.726334 0.965904 -7.551405
v 110.677010 1.389227 -7.786408
v 110.631615 1.398597 -7.804670
v 110.592506 1.403313 -7.822408
v 110.401115 1.415256 -7.923835
v 110.063438 1.437317 -8.132989
v 109.762131 1.449484 -8.336025
v 109.697083 1.451012 -8.389856
v 109.688744 1.451028 -8.397309
v 109.291100 1.427464 -8.849619
v 109.072212 1.408283 -9.176807
v 109.032333 1.404626 -9.246195
v 108.846657 1.272929 -9.711207
v 108.712852 1.019574 -10.401735
v 108.684853 0.948099 -10.577058
v 108.669479 0.911262 -10.660055
v 108.652985 0.873880 -10.739070
v 108.616043 0.798042 -10.882540
v 108.572845 0.721710 -11.002237
v 108.525375 0.647485 -11.096346
v 108.501930 0.612563 -11.134581
v 108.479401 0.579728 -11.167069
v 108.458359 0.549450 -11.193909
v 108.439346 0.522200 -11.215201
v 108.443970 0.539883 -11.270502
v 108.462585 0.567458 -11.248810
v 108.483284 0.598199 -11.221437
v 108.505501 0.631622 -11.188292
v 108.528687 0.667248 -11.149283
v 108.575722 0.743181 -11.053305
v 108.618591 0.821547 -10.931361
v 108.655296 0.899659 -10.785336
v 108.671700 0.938243 -10.704955
v 108.687004 0.976312 -10.620547
v 108.714912 1.050303 -10.442306
v 108.849068 1.313009 -9.740538
v 109.035683 1.449051 -9.268851
v 109.075806 1.452706 -9.198754
v 109.296822 1.472298 -8.867556
v 109.699890 1.496888 -8.408579
v 109.708336 1.496870 -8.401034
v 109.774261 1.495241 -8.346496
v 110.080032 1.482261 -8.140589
v 110.422264 1.459493 -7.929208
v 110.615715 1.447456 -7.827174
v 110.655235 1.442651 -7.809379
v 110.701187 1.433017 -7.791076
v 111.766792 0.995042 -7.557157
v 112.368835 0.673771 -7.453697
v 111.554489 0.414742 -7.322122
v 111.104866 0.586759 -7.445259
v 110.302872 0.811327 -7.686130
v 110.266151 0.817154 -7.703486
v 110.233772 0.820683 -7.720221
v 110.075256 0.831837 -7.812131
v 109.805626 0.846569 -7.989755
v 109.565910 0.850384 -8.157090
v 109.511581 0.850794 -8.202905
v 109.504410 0.850785 -8.209365
v 109.177086 0.838167 -8.570744
v 108.989388 0.822883 -8.835722
v 108.953087 0.819050 -8.893616
v 108.782166 0.743781 -9.250484
v 108.650314 0.612927 -9.758589
v 108.620651 0.575290 -9.886862
v 108.604362 0.555323 -9.947335
v 108.586929 0.534626 -10.004740
v 108.548065 0.491157 -10.108469
v 108.502953 0.445103 -10.194296
v 108.453247 0.397961 -10.261414
v 108.428276 0.374955 -10.288864
v 108.403839 0.352742 -10.312482
v 108.380424 0.331633 -10.332448
v 108.358490 0.311942 -10.348944
v 108.370293 0.335157 -10.466724
v 108.392166 0.356017 -10.449746
v 108.415581 0.378468 -10.429019
v 108.440063 0.402180 -10.404370
v 108.465118 0.426817 -10.375622
v 108.515030 0.477542 -10.305134
v 108.560257 0.527447 -10.214903
v 108.599098 0.574905 -10.105856
v 108.616470 0.597619 -10.045518
v 108.632675 0.619603 -9.981964
v 108.662132 0.661230 -9.847197
v 108.794098 0.806267 -9.313759
v 108.967194 0.888072 -8.941781
v 109.003983 0.891861 -8.882245
v 109.195656 0.907398 -8.608789
v 109.530884 0.920956 -8.236536
v 109.538162 0.920963 -8.229988
v 109.593620 0.920450 -8.183415
v 109.840805 0.915969 -8.012291
v 110.119354 0.900644 -7.830787
v 110.282501 0.889459 -7.737573
v 110.315842 0.885795 -7.720686
v 110.353767 0.879554 -7.703176
v 111.189713 0.631548 -7.461898
v 111.658562 0.442742 -7.340170
v 108.199722 0.113867 -8.943823
v 108.215172 0.120455 -8.928256
v 108.230927 0.127023 -8.912116
v 108.246887 0.133530 -8.895368
v 108.262978 0.139939 -8.877975
v 108.295189 0.152301 -8.841117
v 108.326653 0.163699 -8.801032
v 108.357063 0.174003 -8.757847
v 108.371933 0.178776 -8.735302
v 108.386612 0.183315 -8.712232
v 108.415504 0.191739 -8.664854
v 108.534149 0.221356 -8.477296
v 108.660759 0.246921 -8.318165
v 108.691231 0.252003 -8.284224
v 108.843361 0.271983 -8.121754
v 109.141396 0.287221 -7.830376
v 109.148842 0.287217 -7.823441
v 109.201424 0.286727 -7.775124
v 109.389000 0.278495 -7.610772
v 109.566643 0.260476 -7.460830
v 109.661438 0.247460 -7.384784
v 109.679756 0.244694 -7.370548
v 109.698700 0.241766 -7.356198
v 110.006271 0.188303 -7.155830
v 110.181137 0.147518 -7.044397
v 108.495377 0.779988 -11.743852
v 108.511681 0.812734 -11.711350
v 108.529991 0.849748 -11.672032
v 108.549728 0.890428 -11.625886
v 108.591148 0.980379 -11.513063
v 108.629982 1.077170 -11.371372
v 108.664040 1.177152 -11.203344
v 108.679596 1.227663 -11.111318
v 108.694336 1.278161 -11.014944
v 108.721893 1.378033 -10.812136
v 108.861992 1.740356 -10.015585
v 109.058243 1.923664 -9.485806
v 109.100693 1.927364 -9.408978
v 109.342628 1.951857 -9.039339
v 109.802666 1.988295 -8.511946
v 109.812325 1.988250 -8.503325
v 109.888031 1.985480 -8.440711
v 110.239059 1.962982 -8.204168
v 110.625755 1.931980 -7.970758
v 110.838791 1.918802 -7.862988
v 110.882378 1.913102 -7.844678
v 110.933731 1.900866 -7.826071
v 112.161118 1.319726 -7.606984
v 108.491966 0.887168 -11.942923
v 108.503181 0.911438 -11.916785
v 108.517212 0.941755 -11.883428
v 108.533485 0.977448 -11.842877
v 108.551407 1.017843 -11.795156
v 108.589905 1.110056 -11.678299
v 108.626755 1.212430 -11.531662
v 108.659714 1.320732 -11.358009
v 108.675011 1.376239 -11.262968
v 108.689667 1.432186 -11.163472
v 108.717522 1.544015 -10.954180
v 108.862053 1.956701 -10.130771
v 109.062874 2.165341 -9.581478
v 109.106400 2.169088 -9.501672
v 109.357658 2.196310 -9.115112
v 109.845711 2.239172 -8.554921
v 109.856049 2.239113 -8.545691
v 109.936935 2.235730 -8.478666
v 110.309380 2.207998 -8.226822
v 110.716011 2.172503 -7.983516
v 110.937683 2.158689 -7.873294
v 110.983047 2.152653 -7.854764
v 111.036705 2.139452 -7.836051
v 112.329857 1.507801 -7.624774
v 113.070702 1.062443 -7.552521
v 108.503868 0.938471 -11.940546
v 108.517548 0.967641 -11.907479
v 108.533493 1.002384 -11.867100
v 108.551140 1.042018 -11.819442
v 108.589188 1.133225 -11.702421
v 108.625740 1.235216 -11.555300
v 108.658546 1.343669 -11.380907
v 108.673813 1.399421 -11.285415
v 108.688477 1.455712 -11.185423
v 108.716408 1.568473 -10.975030
v 108.861725 1.986356 -10.146559
v 109.063240 2.198040 -9.593758
v 109.106903 2.201794 -9.513567
v 109.359352 2.229391 -9.124840
v 109.851128 2.273130 -8.560321
v 109.861565 2.273068 -8.551005
v 109.943169 2.269602 -8.483369
v 110.318420 2.241152 -8.229480
v 110.727615 2.205043 -7.984907
v 110.950401 2.191142 -7.874375
v 110.995987 2.185076 -7.855815
v 111.049896 2.171782 -7.837086
v 112.349236 1.535781 -7.626577
v 112.445076 1.866566 -7.631268
v 111.168602 2.486727 -7.843782
v 111.113548 2.499877 -7.862800
v 111.066315 2.505898 -7.881693
v 110.833267 2.521884 -7.995103
v 110.402039 2.571197 -8.251666
v 110.001854 2.614473 -8.526129
v 109.913086 2.619479 -8.600214
v 109.901634 2.619573 -8.610448
v 109.372780 2.558857 -9.215024
v 109.109116 2.523839 -9.623108
v 109.064072 2.519875 -9.706984
v 108.868317 2.311919 -10.170411
v 108.734146 1.904920 -10.827228
v 108.708138 1.796164 -11.004264
v 108.694252 1.742128 -11.091168
v 108.679596 1.688803 -11.176470
v 108.647446 1.585744 -11.340694
v 108.610634 1.489898 -11.493789
v 108.571075 1.405552 -11.635790
v 108.552032 1.369579 -11.703897
v 108.534187 1.338635 -11.770486
v 108.518051 1.313391 -11.835868
v 113.161423 1.331932 -7.561771
v 112.429962 1.771332 -7.631273
v 111.140541 2.408565 -7.842643
v 111.085693 2.421993 -7.861576
v 111.038872 2.428108 -7.880375
v 110.808327 2.442642 -7.993008
v 110.381317 2.483239 -8.246287
v 109.986153 2.516966 -8.514903
v 109.899284 2.521042 -8.587108
v 109.888130 2.521118 -8.597072
v 109.369614 2.470968 -9.192431
v 109.108948 2.440625 -9.596145
v 109.064285 2.436816 -9.679039
v 108.866379 2.224495 -10.172171
v 108.728371 1.808188 -10.885308
v 108.701729 1.696918 -11.073293
v 108.687599 1.641635 -11.164499
v 108.672752 1.587085 -11.253158
v 108.640442 1.481670 -11.420768
v 108.603798 1.383656 -11.571986
v 108.564857 1.297427 -11.705919
v 108.546349 1.260659 -11.767399
v 108.529205 1.229037 -11.825486
v 108.513977 1.203245 -11.880377
v 108.501205 1.183971 -11.932270
v 112.419060 1.712167 -7.631097
v 111.120697 2.354424 -7.841657
v 111.065941 2.367932 -7.860538
v 111.019356 2.374074 -7.879281
v 110.790527 2.388463 -7.991459
v 110.367439 2.428038 -8.242839
v 109.976723 2.460559 -8.508129
v 109.891068 2.464496 -8.579276
v 109.880074 2.464569 -8.589088
v 109.367584 2.415879 -9.177534
v 109.108719 2.386163 -9.577957
v 109.064278 2.382366 -9.660250
v 108.865067 2.168668 -10.171888
v 108.724709 1.749472 -10.920023
v 108.697678 1.637424 -11.114843
v 108.683395 1.581752 -11.208750
v 108.668442 1.526817 -11.299532
v 108.636040 1.420655 -11.469349
v 108.599525 1.321941 -11.619551
v 108.560989 1.235094 -11.748665
v 108.542824 1.198062 -11.806142
v 108.526131 1.166214 -11.859069
v 108.511467 1.140240 -11.907576
v 113.156593 1.243882 -7.562019
v 112.414528 1.688292 -7.631002
v 111.112564 2.332549 -7.841216
v 111.057846 2.346087 -7.860075
v 111.011360 2.352237 -7.878795
v 110.783234 2.366570 -7.990785
v 110.361755 2.405731 -8.241383
v 109.972847 2.437765 -8.505325
v 109.887680 2.441646 -8.576046
v 109.876762 2.441717 -8.585798
v 109.366714 2.393619 -9.171430
v 109.108582 2.364156 -9.570502
v 109.064232 2.360364 -9.652550
v 108.864189 2.146156 -10.175008
v 108.722359 1.725892 -10.942869
v 108.695084 1.613555 -11.141415
v 108.680710 1.557739 -11.236759
v 108.665688 1.502661 -11.328636
v 108.633247 1.396220 -11.499441
v 108.596832 1.297245 -11.648739
v 108.558578 1.210166 -11.774720
v 108.540642 1.173036 -11.829692
v 108.524239 1.141103 -11.879434
v 108.509926 1.115060 -11.924035
v 108.498276 1.095600 -11.963581
v 110.824936 0.250974 -7.184003
v 110.513969 0.331528 -7.307741
v 109.960457 0.432452 -7.535020
v 109.932716 0.436127 -7.551005
v 109.907425 0.439004 -7.566529
v 109.782280 0.450646 -7.649592
v 109.568733 0.464778 -7.806231
v 109.369102 0.468113 -7.959868
v 109.319008 0.468244 -8.003875
v 109.312119 0.468232 -8.010180
v 109.019791 0.457384 -8.314943
v 108.855583 0.441353 -8.522546
v 108.822525 0.437018 -8.568243
v 108.671143 0.397666 -8.825363
v 108.543556 0.343012 -9.172547
v 108.513603 0.327065 -9.260170
v 108.497643 0.318260 -9.301703
v 108.480904 0.308871 -9.341338
v 108.444748 0.288260 -9.413777
v 108.404404 0.265060 -9.475213
v 108.360992 0.239943 -9.525318
v 108.339195 0.227210 -9.546785
v 108.317757 0.214582 -9.566055
v 108.296974 0.202226 -9.583273
v 108.242043 0.151889 -9.298197
v 110.516754 0.197052 -7.119254
v 110.268745 0.253863 -7.238484
v 109.829002 0.325077 -7.454495
v 109.805359 0.328262 -7.469747
v 109.783310 0.331031 -7.484680
v 109.672615 0.343234 -7.564277
v 109.478104 0.358809 -7.716179
v 109.287331 0.363968 -7.872024
v 109.236847 0.364207 -7.917342
v 109.229797 0.364200 -7.923851
v 108.939445 0.351809 -8.217386
v 108.782150 0.334220 -8.402594
v 108.750366 0.329564 -8.442782
v 108.609985 0.299036 -8.656591
v 108.486343 0.261627 -8.934771
v 108.456863 0.250736 -9.005095
v 108.441467 0.244674 -9.038705
v 108.425537 0.238169 -9.071016
v 108.391876 0.223736 -9.130948
v 108.355400 0.207250 -9.183304
v 108.316856 0.189099 -9.227837
v 108.297554 0.179751 -9.247620
v 108.278503 0.170364 -9.265876
v 108.259926 0.161041 -9.282702
v 110.044518 0.196737 -7.168409
v 109.716904 0.251901 -7.371289
v 109.697250 0.254850 -7.385779
v 109.678368 0.257609 -7.400121
v 109.581230 0.270493 -7.476673
v 109.401375 0.288106 -7.626689
v 109.213768 0.295827 -7.789380
v 109.161613 0.296272 -7.837150
v 109.154236 0.296274 -7.844008
v 108.858002 0.281516 -8.135013
v 108.705269 0.261928 -8.300708
v 108.674606 0.256913 -8.335583
v 108.545853 0.230914 -8.503496
v 108.426445 0.200855 -8.705933
v 108.397476 0.192265 -8.757096
v 108.382683 0.187597 -8.781909
v 108.367653 0.182660 -8.806074
v 108.336746 0.171919 -8.852046
v 108.304512 0.159918 -8.894195
v 108.271332 0.146824 -8.932367
v 108.254745 0.140034 -8.950177
v 108.238312 0.133147 -8.967195
v 108.222137 0.126213 -8.983467
v 108.206322 0.119281 -8.999037
v 109.129990 35.076794 -2.459182
v 109.526932 33.985870 -2.479028
v 110.190636 32.865643 -3.373210
v 110.294098 32.430676 -4.141637
v 110.623917 31.140602 -5.294407
v 111.477234 28.008173 -6.651721
v 112.439659 24.678070 -7.304958
v 111.295425 23.319283 -7.895018
v 110.907021 25.330744 -7.801246
v 110.556366 27.316599 -7.511962
v 110.252594 29.201872 -7.007814
v 109.998444 30.936935 -6.254490
v 109.787689 32.542397 -5.085282
v 109.676399 33.538528 -3.589303
v 109.888336 23.438856 -8.904380
v 109.707802 25.574404 -8.795195
v 109.557411 27.686117 -8.450937
v 109.440216 29.693378 -7.849838
v 109.355469 31.542667 -6.952192
v 109.300217 33.255665 -5.560643
v 109.285683 34.320187 -3.782092
v 108.913490 23.597975 -10.331746
v 108.886696 25.880472 -10.105741
v 108.882156 28.128448 -9.619058
v 108.899193 30.258947 -8.848821
v 108.935219 32.217705 -7.748954
v 108.990265 34.029736 -6.087044
v 109.044670 35.155807 -3.992958
v 122.413414 0.999998 -7.119398
v 124.035538 1.000000 -6.035534
v 125.119400 1.000000 -4.413417
v 124.397118 0.133975 -4.750000
v 124.714104 0.500000 -4.933013
v 122.750000 0.133975 -6.397114
v 122.933014 0.499998 -6.714102
v 109.086922 35.129105 2.398111
v 109.483269 34.038162 2.447639
v 109.300148 34.515591 -0.022945
v 124.038666 15.889629 -4.413419
v 123.208374 15.192935 -6.035536
v 121.965759 14.150257 -7.119400
v 122.413414 12.920336 -7.119400
v 124.035538 12.920338 -6.035536
v 125.119400 12.920338 -4.413419
v 112.245789 24.886724 7.309032
v 111.306030 28.182758 6.664240
v 110.490189 31.284668 5.308940
v 110.193741 32.549206 4.143647
v 110.115990 32.956081 3.367836
v 109.605713 33.567402 3.740948
v 108.709793 25.733318 10.106387
v 108.710609 28.194349 9.607631
v 108.743950 30.545221 8.754975
v 108.807304 32.658291 7.499133
v 108.892334 34.337158 5.804112
v 108.964165 35.174931 4.169307
v 109.559036 25.453131 8.799839
v 109.398514 27.763569 8.452365
v 109.282066 29.977217 7.786004
v 109.213013 31.970585 6.756679
v 109.192802 33.555122 5.333064
v 109.210266 34.344330 3.944001
v 110.783371 25.230577 7.820929
v 110.403404 27.402884 7.528508
v 110.080727 29.480804 6.969423
v 109.828087 31.349073 6.105390
v 109.662132 32.831421 4.909111
v 124.968163 15.164334 -2.500002
v 125.365227 14.073417 -2.500002
v 122.849236 13.775386 -6.830129
v 124.568985 14.401328 -5.000002
v 121.965759 14.150261 7.119396
v 123.208374 15.192935 6.035532
v 124.038666 15.889629 4.413414
v 124.968163 15.164334 2.499998
v 125.365227 14.073417 2.499998
v 122.413414 12.920340 7.119396
v 124.035538 12.920338 6.035532
v 125.119400 12.920338 4.413415
v 124.568985 14.401328 4.999998
v 122.849236 13.775390 6.830125
v 122.413414 1.000002 7.119398
v 124.035538 1.000000 6.035534
v 125.119400 1.000000 4.413417
v 124.714104 0.500000 4.933013
v 124.397118 0.133975 4.750000
v 122.933014 0.500002 6.714102
v 122.750000 0.133975 6.397114
v 12.657651 130.000031 101.119385
v 136.707794 138.872269 101.119385
v 137.342346 130.000031 101.119385
v 134.817047 147.563904 101.119385
v 131.708603 155.897980 101.119370
v 127.445724 163.704849 101.119370
v 122.115204 170.825592 101.119370
v 115.825554 177.115234 101.119370
v 108.704819 182.445755 101.119370
v 100.897949 186.708633 101.119370
v 92.563866 189.817078 101.119370
v 83.872238 191.707825 101.119370
v 75.000000 192.342377 101.119370
v 66.127762 191.707825 101.119370
v 57.436131 189.817078 101.119370
v 49.102051 186.708633 101.119370
v 41.295181 182.445755 101.119370
v 34.174442 177.115234 101.119370
v 27.884796 170.825592 101.119370
v 22.554277 163.704849 101.119370
v 18.291405 155.897980 101.119370
v 15.182954 147.563904 101.119385
v 13.292206 138.872269 101.119385
v 13.292206 121.127777 101.119385
v 15.182954 112.436150 101.119385
v 18.291405 104.102066 101.119385
v 22.554277 96.295197 101.119385
v 27.884796 89.174461 101.119385
v 34.174442 82.884811 101.119385
v 41.295181 77.554291 101.119385
v 49.102051 73.291420 101.119385
v 57.436131 70.182968 101.119385
v 66.127762 68.292221 101.119385
v 75.000000 67.657669 101.119385
v 83.872238 68.292221 101.119385
v 92.563866 70.182968 101.119385
v 100.897949 73.291420 101.119385
v 108.704819 77.554291 101.119385
v 115.825554 82.884811 101.119385
v 122.115204 89.174461 101.119385
v 127.445724 96.295197 101.119385
v 131.708603 104.102066 101.119385
v 134.817047 112.436150 101.119385
v 136.707794 121.127777 101.119385
v -2.196164 148.327164 42.364124
v -1.196975 149.739761 40.133835
v 5.212197 157.022125 47.681183
v 4.176920 155.563614 49.929413
v 14.942786 137.534363 43.974945
v 15.287022 137.824387 45.622780
v 16.096254 138.723251 46.829079
v 17.153646 139.990097 47.270615
v 18.175875 141.285507 46.829079
v 18.889032 142.262344 45.622780
v 19.102028 142.658875 43.974945
v 18.757792 142.368866 42.327110
v 17.948561 141.470001 41.120811
v 16.891167 140.203140 40.679276
v 15.868939 138.907745 41.120811
v 15.155782 137.930893 42.327110
v 18.559946 138.848694 43.873383
v 1.760592 148.233505 44.845692
v 2.104828 148.523514 46.493526
v 2.914059 149.422379 47.699825
v 3.971453 150.689240 48.141361
v 4.993681 151.984634 47.699825
v 5.706838 152.961487 46.493526
v 5.919834 153.358017 44.845692
v 5.575598 153.068008 43.197857
v 4.766366 152.169144 41.991562
v 3.708973 150.902283 41.550026
v 2.686745 149.606873 41.991562
v 1.973588 148.630035 43.197857
v 4.288322 155.068039 -56.371185
v 5.226262 156.424026 -54.925659
v 5.775712 157.326935 -53.004505
v -0.636953 149.752884 -46.095856
v -1.611375 148.267914 -48.352055
v 15.773933 137.845657 -49.763477
v 15.964226 138.257538 -48.116631
v 16.645279 139.257904 -46.911057
v 17.634600 140.578690 -46.469784
v 18.667105 141.866013 -46.911057
v 19.466133 142.774918 -48.116631
v 19.817589 143.061859 -49.763477
v 19.627295 142.649979 -51.410324
v 18.946241 141.649612 -52.615898
v 17.956921 140.328827 -53.057171
v 16.924416 139.041519 -52.615898
v 16.125385 138.132614 -51.410324
v 19.359873 139.241241 -49.640953
v 2.363913 148.241226 -50.813942
v 2.554207 148.653107 -49.167095
v 3.235258 149.653473 -47.961517
v 4.224581 150.974258 -47.520248
v 5.257086 152.261581 -47.961517
v 6.056115 153.170486 -49.167095
v 6.407568 153.457443 -50.813942
v 6.217275 153.045547 -52.460789
v 5.536223 152.045197 -53.666363
v 4.546901 150.724396 -54.107635
v 3.514396 149.437088 -53.666363
v 2.715367 148.528183 -52.460789
v -64.076797 62.942173 -58.675842
v -64.332664 63.459423 -57.749115
v -72.831390 54.416725 -55.646755
v -72.367088 53.830227 -56.943302
v -68.458420 54.596329 -55.481998
v -67.550232 54.451782 -56.921539
v -66.343704 55.044857 -57.975353
v -65.162132 56.216633 -58.361076
v -64.322105 57.653133 -57.975353
v -64.048714 58.969452 -56.921539
v -64.415207 59.812881 -55.481998
v -65.323395 59.957424 -54.042458
v -66.529922 59.364353 -52.988644
v -67.711494 58.192577 -52.602921
v -68.551521 56.756077 -52.988644
v -68.824921 55.439754 -54.042458
v -56.735699 45.510365 -47.173977
v -55.827515 45.365822 -48.613518
v -54.620991 45.958897 -49.667336
v -53.439411 47.130672 -50.053055
v -52.599384 48.567173 -49.667336
v -52.325993 49.883492 -48.613518
v -52.692490 50.726921 -47.173977
v -53.600674 50.871464 -45.734440
v -54.807201 50.278393 -44.680622
v -55.988777 49.106617 -44.294899
v -56.828808 47.670113 -44.680622
v -57.102200 46.353794 -45.734440
v -53.346786 47.058880 -46.204952
v -68.854691 63.417347 50.775867
v -68.677055 62.975380 51.693592
v -77.276741 54.184772 49.167366
v -77.454033 54.604221 48.281475
v -73.025436 54.524078 48.715202
v -73.276581 55.296719 47.212563
v -72.903671 56.549274 46.112556
v -72.006638 57.946117 45.709927
v -70.825829 59.112972 46.112556
v -69.677643 59.737179 47.212563
v -68.869743 59.651478 48.715202
v -68.618607 58.878838 50.217838
v -68.991508 57.626282 51.317844
v -69.888550 56.229439 51.720478
v -71.069351 55.062584 51.317844
v -72.217537 54.438377 50.217838
v -60.998013 44.776012 41.692642
v -61.249153 45.548656 40.190006
v -60.876247 46.801208 39.090000
v -59.979210 48.198055 38.687366
v -58.798405 49.364910 39.090000
v -57.650223 49.989113 40.190006
v -56.842323 49.903416 41.692642
v -56.591179 49.130775 43.195282
v -56.964085 47.878220 44.295288
v -57.861122 46.481373 44.697918
v -59.041931 45.314518 44.295288
v -60.190113 44.690315 43.195282
v -57.517319 46.202724 40.873547
vn 0.9939 -0.0000 0.1100
vn 0.8891 -0.0000 0.4576
vn 0.8892 -0.0000 0.4576
vn 0.8270 -0.0000 0.5622
vn 0.6671 -0.0000 0.7450
vn 0.4678 -0.0000 0.8838
vn 0.4679 -0.0000 0.8838
vn 0.3571 -0.0000 0.9341
vn -0.0000 -0.0000 1.0000
vn -0.0000 -0.0000 -1.0000
vn 0.3607 -0.0000 -0.9327
vn 0.4725 -0.0000 -0.8813
vn 0.6729 -0.0000 -0.7397
vn 0.8328 -0.0000 -0.5536
vn 0.8944 -0.0000 -0.4472
vn 0.9955 -0.0000 -0.0944
vn 0.2737 -0.9480 0.1627
vn 0.4062 -0.8982 0.1678
vn 0.3989 -0.9164 0.0334
vn 0.4120 -0.9059 0.0975
vn 0.4114 -0.9067 0.0926
vn 0.4122 -0.9059 0.0973
vn 0.4266 -0.8993 0.0960
vn 0.4115 -0.9067 0.0926
vn 0.4267 -0.8993 0.0960
vn 0.4254 -0.9004 0.0911
vn 0.6547 -0.7476 0.1120
vn 0.4253 -0.9005 0.0911
vn 0.6473 -0.7543 0.1100
vn 0.6688 -0.7352 0.1102
vn 0.6689 -0.7352 0.1102
vn 0.6608 -0.7427 0.1084
vn 0.8775 -0.4689 0.1007
vn 0.6609 -0.7426 0.1084
vn 0.8607 -0.4987 0.1022
vn 0.8813 -0.4617 0.1007
vn 0.8421 -0.5289 0.1053
vn 0.9415 -0.3172 0.1141
vn 0.9081 -0.3989 0.1271
vn 0.9146 -0.3834 0.1288
vn 0.9146 -0.3833 0.1288
vn 0.8890 -0.4398 0.1276
vn 0.9292 -0.3393 0.1467
vn 0.9292 -0.3392 0.1467
vn 0.9212 -0.3610 0.1450
vn 0.9213 -0.3609 0.1450
vn 0.9402 -0.2970 0.1665
vn 0.9352 -0.3135 0.1647
vn 0.9433 -0.2790 0.1798
vn 0.9433 -0.2791 0.1798
vn 0.9406 -0.2898 0.1766
vn 0.9433 -0.2790 0.1799
vn 0.9457 -0.2633 0.1905
vn 0.9407 -0.2898 0.1766
vn 0.9463 -0.2658 0.1841
vn 0.9458 -0.2633 0.1904
vn 0.9477 -0.2565 0.1897
vn 0.9477 -0.2565 0.1898
vn 0.9766 -0.1862 0.1073
vn 0.9506 -0.2202 0.2188
vn 0.9863 -0.1245 0.1084
vn 0.9503 -0.1947 0.2429
vn 0.9432 -0.1241 0.3082
vn 0.9503 -0.1946 0.2429
vn 0.9499 -0.1965 0.2431
vn 0.9432 -0.1242 0.3082
vn 0.9438 -0.1268 0.3053
vn 0.9522 -0.1923 0.2373
vn 0.9473 -0.1253 0.2947
vn 0.9522 -0.1924 0.2373
vn 0.9559 -0.1842 0.2289
vn 0.9558 -0.1843 0.2289
vn 0.9522 -0.1211 0.2806
vn 0.9603 -0.1730 0.2190
vn 0.9575 -0.1148 0.2645
vn 0.9702 -0.1431 0.1957
vn 0.9575 -0.1147 0.2645
vn 0.9688 -0.0967 0.2281
vn 0.9822 -0.0988 0.1597
vn 0.9817 -0.0687 0.1777
vn 0.9817 -0.0687 0.1778
vn 0.9880 -0.0696 0.1380
vn 0.9877 -0.0511 0.1480
vn 0.9897 -0.0592 0.1304
vn 0.9894 -0.0451 0.1377
vn 0.9897 -0.0592 0.1303
vn 0.9904 -0.0550 0.1271
vn 0.9901 -0.0427 0.1335
vn 0.9909 -0.0513 0.1243
vn 0.9907 -0.0406 0.1297
vn 0.9907 -0.0406 0.1298
vn 0.9918 -0.0455 0.1195
vn 0.9916 -0.0375 0.1236
vn 0.9918 -0.0455 0.1196
vn 0.9924 -0.0416 0.1161
vn 0.9924 -0.0416 0.1160
vn 0.9922 -0.0356 0.1191
vn 0.9923 -0.0356 0.1190
vn 0.9586 -0.1084 0.2634
vn 0.9589 -0.1010 0.2653
vn 0.9588 -0.1010 0.2654
vn 0.8748 -0.1708 0.4534
vn 0.8759 -0.1658 0.4532
vn 0.8758 -0.1658 0.4532
vn 0.8549 -0.1808 0.4862
vn 0.8561 -0.1757 0.4861
vn 0.7933 -0.2011 0.5747
vn 0.7942 -0.1959 0.5752
vn 0.7942 -0.1959 0.5751
vn 0.6448 -0.2114 0.7345
vn 0.6446 -0.2129 0.7343
vn 0.6454 -0.2079 0.7350
vn 0.6313 -0.2125 0.7458
vn 0.6321 -0.2076 0.7466
vn 0.6313 -0.2125 0.7459
vn 0.5903 -0.2103 0.7793
vn 0.5912 -0.2054 0.7799
vn 0.4905 -0.1966 0.8490
vn 0.4912 -0.1914 0.8498
vn 0.4567 -0.1953 0.8679
vn 0.4564 -0.1898 0.8693
vn 0.3834 -0.1765 0.9066
vn 0.4564 -0.1899 0.8693
vn 0.3828 -0.1712 0.9078
vn 0.3167 -0.1533 0.9360
vn 0.3165 -0.1483 0.9369
vn 0.2676 -0.1367 0.9538
vn 0.2677 -0.1315 0.9545
vn 0.2678 -0.1315 0.9545
vn 0.1476 -0.1014 0.9838
vn 0.1475 -0.1014 0.9839
vn 0.1499 -0.0933 0.9843
vn 0.1474 -0.1016 0.9838
vn 0.0220 -0.0744 0.9970
vn 0.0290 -0.0591 0.9978
vn 0.0495 -0.1237 0.9911
vn 0.0645 -0.0967 0.9932
vn 0.0495 -0.1236 0.9911
vn 0.0559 -0.1644 0.9848
vn 0.0789 -0.1274 0.9887
vn -0.0000 -0.0839 0.9965
vn 0.0889 -0.1121 0.9897
vn 0.1111 -0.0790 0.9907
vn 0.1112 -0.0790 0.9907
vn 0.0846 -0.0634 0.9944
vn 0.0987 -0.0412 0.9943
vn 0.0987 -0.0411 0.9943
vn 0.0443 -0.0300 0.9986
vn 0.0527 -0.0154 0.9985
vn 0.0526 -0.0154 0.9985
vn 0.1596 -0.0721 0.9845
vn 0.1596 -0.0722 0.9845
vn 0.1608 -0.0711 0.9844
vn 0.2706 -0.1199 0.9552
vn 0.2714 -0.1184 0.9552
vn 0.3180 -0.1355 0.9384
vn 0.3191 -0.1308 0.9386
vn 0.3805 -0.1515 0.9123
vn 0.3191 -0.1308 0.9387
vn 0.3801 -0.1494 0.9128
vn 0.3804 -0.1514 0.9123
vn 0.4550 -0.1659 0.8749
vn 0.4546 -0.1618 0.8759
vn 0.4953 -0.1637 0.8532
vn 0.4953 -0.1637 0.8531
vn 0.4546 -0.1618 0.8758
vn 0.4957 -0.1618 0.8533
vn 0.5968 -0.1780 0.7824
vn 0.5982 -0.1722 0.7826
vn 0.6375 -0.1747 0.7504
vn 0.6383 -0.1701 0.7507
vn 0.6511 -0.1706 0.7396
vn 0.6565 -0.1337 0.7424
vn 0.8071 -0.1173 0.5786
vn 0.8115 -0.0848 0.5781
vn 0.8116 -0.0848 0.5781
vn 0.8748 -0.0702 0.4793
vn 0.8749 -0.0701 0.4792
vn 0.8775 -0.0384 0.4781
vn 0.8907 -0.0348 0.4532
vn 0.8907 -0.0348 0.4533
vn 0.8898 -0.0137 0.4562
vn 0.8897 -0.0137 0.4563
vn 0.8996 -0.0262 0.4360
vn 0.8891 -0.0000 0.4577
vn 0.9560 -0.0340 0.2913
vn 0.9598 -0.0311 0.2789
vn 0.9633 -0.0280 0.2668
vn 0.9607 -0.0311 0.2759
vn 0.9644 -0.0264 0.2632
vn 0.9661 0.0003 0.2583
vn 0.9679 0.0038 0.2513
vn 0.9720 0.0333 0.2324
vn 0.9679 0.0038 0.2514
vn 0.9710 0.0381 0.2359
vn 0.9786 0.0554 0.1981
vn 0.9739 0.0714 0.2153
vn 0.9786 0.0554 0.1980
vn 0.9793 0.0563 0.1942
vn 0.9742 0.0742 0.2130
vn 0.9801 0.0568 0.1903
vn 0.9742 0.0742 0.2129
vn 0.9746 0.0768 0.2105
vn 0.9746 0.0768 0.2106
vn 0.9801 0.0580 0.1896
vn 0.9744 0.0790 0.2105
vn 0.9801 0.0580 0.1897
vn 0.9835 0.0399 0.1764
vn 0.9788 0.0591 0.1962
vn 0.9839 0.0388 0.1742
vn 0.9839 0.0388 0.1743
vn 0.9792 0.0585 0.1942
vn 0.9792 0.0584 0.1942
vn 0.9850 0.0359 0.1690
vn 0.9792 0.0585 0.1943
vn 0.9803 0.0566 0.1894
vn 0.9461 0.2003 0.2544
vn 0.8681 0.3578 0.3440
vn 0.9083 0.2944 0.2972
vn 0.6904 0.5773 0.4359
vn 0.9797 0.0768 0.1853
vn 0.9666 0.1282 0.2217
vn 0.9667 0.1282 0.2217
vn 0.9900 -0.0055 0.1412
vn 0.9884 -0.0014 0.1518
vn 0.9884 -0.0014 0.1517
vn 0.9914 -0.0305 0.1274
vn 0.9904 -0.0326 0.1342
vn 0.9904 -0.0327 0.1341
vn 0.1392 -0.9480 0.2863
vn 0.2948 -0.9000 0.3211
vn 0.3540 -0.8990 0.2578
vn 0.3816 -0.8980 0.2189
vn 0.3964 -0.8882 0.2324
vn 0.4026 -0.8878 0.2230
vn 0.5958 -0.7184 0.3589
vn 0.5958 -0.7185 0.3589
vn 0.6645 -0.7005 0.2602
vn 0.6849 -0.6788 0.2649
vn 0.7061 -0.6978 0.1205
vn 0.9141 -0.3932 0.0989
vn 0.9040 -0.4159 0.0989
vn 0.9207 -0.3784 0.0960
vn 0.9098 -0.4035 0.0971
vn 0.9740 -0.2053 0.0954
vn 0.9716 -0.2158 0.0971
vn 0.9743 -0.2031 0.0978
vn 0.9717 -0.2142 0.0998
vn 0.9842 -0.1405 0.1080
vn 0.9717 -0.2143 0.0998
vn 0.9805 -0.1604 0.1132
vn 0.9842 -0.1405 0.1081
vn 0.9853 -0.1200 0.1218
vn 0.9768 -0.1641 0.1376
vn 0.9795 -0.1391 0.1457
vn 0.9795 -0.1392 0.1457
vn 0.9649 -0.1992 0.1709
vn 0.9675 -0.1792 0.1786
vn 0.9565 -0.2221 0.1894
vn 0.9574 -0.2157 0.1920
vn 0.9528 -0.2325 0.1953
vn 0.9554 -0.2051 0.2126
vn 0.9519 -0.2152 0.2182
vn -0.0000 -0.9163 0.4004
vn 0.1251 -0.9006 0.4162
vn 0.1250 -0.9006 0.4162
vn 0.1607 -0.8982 0.4092
vn 0.1607 -0.8982 0.4091
vn 0.1684 -0.8985 0.4055
vn 0.1606 -0.8982 0.4091
vn 0.1791 -0.8889 0.4216
vn 0.1871 -0.8897 0.4165
vn 0.1790 -0.8889 0.4216
vn 0.3084 -0.7266 0.6140
vn 0.3479 -0.7297 0.5887
vn 0.3479 -0.7296 0.5887
vn 0.3576 -0.7119 0.6044
vn 0.3938 -0.7046 0.5903
vn 0.4568 -0.4819 0.7478
vn 0.4568 -0.4818 0.7478
vn 0.5415 -0.4791 0.6908
vn 0.5478 -0.4527 0.7035
vn 0.5811 -0.4529 0.6762
vn 0.5811 -0.4528 0.6762
vn 0.5478 -0.4528 0.7035
vn 0.6120 -0.3231 0.7218
vn 0.6242 -0.3233 0.7112
vn 0.6259 -0.3148 0.7135
vn 0.6260 -0.3148 0.7134
vn 0.7668 -0.3082 0.5631
vn 0.7668 -0.3082 0.5630
vn 0.7805 -0.2587 0.5691
vn 0.8406 -0.2389 0.4861
vn 0.8472 -0.2139 0.4863
vn 0.8673 -0.2036 0.4543
vn 0.8673 -0.2035 0.4543
vn 0.8700 -0.1922 0.4540
vn 0.8700 -0.1921 0.4540
vn 0.9571 -0.1235 0.2621
vn 0.9577 -0.1167 0.2632
vn 0.9924 -0.0495 0.1129
vn 0.9924 -0.0491 0.1129
vn 0.9917 -0.0539 0.1164
vn 0.9918 -0.0467 0.1193
vn 0.9909 -0.0533 0.1238
vn 0.9918 -0.0466 0.1193
vn 0.9909 -0.0514 0.1243
vn 0.9904 -0.0550 0.1272
vn -0.0000 -0.7014 0.7128
vn 0.0200 -0.9028 0.4297
vn 0.0194 -0.9064 0.4219
vn 0.0402 -0.9094 0.4139
vn 0.0415 -0.9046 0.4241
vn 0.0415 -0.9047 0.4241
vn 0.0666 -0.9005 0.4296
vn 0.0666 -0.9005 0.4297
vn 0.0415 -0.9046 0.4242
vn 0.0710 -0.7396 0.6693
vn 0.0711 -0.7396 0.6693
vn 0.1870 -0.7120 0.6768
vn 0.1895 -0.6905 0.6981
vn 0.2714 -0.6961 0.6647
vn 0.1894 -0.6905 0.6981
vn 0.3012 -0.4458 0.8429
vn 0.3378 -0.4603 0.8210
vn 0.3391 -0.4294 0.8370
vn 0.3832 -0.4486 0.8074
vn 0.3905 -0.2995 0.8705
vn 0.4561 -0.3185 0.8310
vn 0.4566 -0.3090 0.8343
vn 0.4782 -0.3048 0.8237
vn 0.4782 -0.3047 0.8237
vn 0.4835 -0.2547 0.8375
vn 0.4835 -0.2546 0.8375
vn 0.5810 -0.2657 0.7693
vn 0.5848 -0.2422 0.7742
vn 0.5848 -0.2422 0.7741
vn 0.6262 -0.2442 0.7405
vn 0.6279 -0.2333 0.7425
vn 0.6280 -0.2333 0.7425
vn 0.6412 -0.2336 0.7309
vn 0.6412 -0.2336 0.7310
vn 0.6425 -0.2257 0.7323
vn 0.7906 -0.2145 0.5735
vn 0.7911 -0.2118 0.5738
vn 0.8525 -0.1915 0.4863
vn 0.8542 -0.1841 0.4862
vn 0.8741 -0.1741 0.4535
vn 0.8542 -0.1841 0.4863
vn -0.0000 -0.5302 0.8479
vn -0.0022 -0.4365 0.8997
vn -0.0000 -0.7013 0.7128
vn 0.0093 -0.6221 0.7829
vn 0.0092 -0.6221 0.7829
vn 0.0114 -0.6509 0.7591
vn 0.0114 -0.6509 0.7590
vn 0.0346 -0.5284 0.8483
vn 0.0371 -0.5623 0.8261
vn 0.0372 -0.5623 0.8261
vn 0.0366 -0.3915 0.9194
vn 0.0366 -0.3915 0.9195
vn 0.0407 -0.4277 0.9030
vn 0.0406 -0.4277 0.9030
vn 0.1859 -0.3857 0.9037
vn 0.1886 -0.4190 0.8882
vn 0.3010 -0.4141 0.8590
vn -0.0001 -0.2231 0.9748
vn -0.0037 -0.3355 0.9420
vn -0.0000 -0.5301 0.8479
vn -0.0028 -0.4224 0.9064
vn 0.0186 -0.3275 0.9447
vn 0.0196 -0.3402 0.9402
vn 0.0196 -0.3401 0.9402
vn 0.0152 -0.2106 0.9775
vn 0.0164 -0.2206 0.9752
vn 0.1626 -0.2169 0.9626
vn 0.1643 -0.2266 0.9600
vn 0.1626 -0.2170 0.9625
vn 0.2866 -0.2486 0.9252
vn 0.2880 -0.2584 0.9221
vn 0.3325 -0.2661 0.9048
vn 0.3324 -0.2661 0.9048
vn 0.3334 -0.2759 0.9015
vn 0.3904 -0.2898 0.8738
vn 0.0443 -0.1842 0.9819
vn -0.0000 -0.2231 0.9748
vn -0.0001 -0.2232 0.9748
vn 0.0284 -0.2160 0.9760
vn 0.0259 -0.2233 0.9744
vn 0.0318 -0.1622 0.9862
vn 0.0303 -0.1677 0.9854
vn 0.0140 -0.0972 0.9952
vn 0.0134 -0.1006 0.9948
vn 0.1458 -0.1156 0.9825
vn 0.1460 -0.1182 0.9822
vn 0.1459 -0.1184 0.9822
vn 0.2686 -0.1475 0.9519
vn 0.2689 -0.1501 0.9514
vn 0.3179 -0.1641 0.9338
vn 0.3182 -0.1668 0.9332
vn 0.3183 -0.1668 0.9332
vn 0.3845 -0.1876 0.9039
vn 0.3848 -0.1904 0.9031
vn 0.3848 -0.1904 0.9032
vn 0.3845 -0.1876 0.9038
vn 0.4572 -0.2067 0.8650
vn 0.3849 -0.1900 0.9032
vn 0.4573 -0.2095 0.8643
vn 0.4891 -0.2074 0.8472
vn 0.4887 -0.2101 0.8468
vn 0.4887 -0.2101 0.8467
vn 0.5885 -0.2207 0.7778
vn 0.5880 -0.2233 0.7774
vn 0.6297 -0.2228 0.7442
vn 0.6296 -0.2228 0.7443
vn 0.6292 -0.2254 0.7438
vn 0.6429 -0.2232 0.7327
vn -0.0004 -0.0008 1.0000
vn 0.1336 -0.0464 0.9899
vn 0.1178 -0.0117 0.9930
vn 0.0535 -0.0148 0.9985
vn 0.1607 -0.0711 0.9844
vn 0.1619 -0.0701 0.9843
vn 0.2711 -0.1191 0.9552
vn 0.2735 -0.1144 0.9551
vn 0.2735 -0.1143 0.9551
vn 0.3195 -0.1292 0.9387
vn 0.3795 -0.1460 0.9136
vn 0.3802 -0.1494 0.9128
vn 0.4544 -0.1600 0.8763
vn 0.4967 -0.1563 0.8537
vn 0.5983 -0.1717 0.7827
vn 0.5995 -0.1671 0.7828
vn 0.5995 -0.1672 0.7827
vn 0.6383 -0.1701 0.7508
vn 0.5994 -0.1672 0.7828
vn 0.6448 -0.1333 0.7526
vn 0.6606 -0.1008 0.7439
vn 0.8154 -0.0493 0.5768
vn 0.8783 -0.0155 0.4779
vn 0.1643 -0.0037 0.9864
vn 0.1643 -0.0038 0.9864
vn 0.1635 -0.0041 0.9865
vn 0.1624 -0.0042 0.9867
vn 0.1625 -0.0044 0.9867
vn 0.1634 -0.0041 0.9866
vn 0.1187 -0.0112 0.9929
vn 0.1187 -0.0111 0.9929
vn 0.1188 -0.0112 0.9929
vn 0.1693 -0.0004 0.9856
vn 0.1693 -0.0006 0.9856
vn 0.1689 -0.0009 0.9856
vn 0.1690 -0.0009 0.9856
vn 0.1677 -0.0017 0.9858
vn 0.1677 -0.0018 0.9858
vn 0.1263 -0.0050 0.9920
vn 0.1678 -0.0018 0.9858
vn 0.1244 -0.0066 0.9922
vn 0.1243 -0.0066 0.9922
vn 0.0606 -0.0087 0.9981
vn 0.0587 -0.0102 0.9982
vn 0.1691 -0.0630 0.9836
vn 0.1668 -0.0650 0.9838
vn 0.2755 -0.1107 0.9549
vn 0.2756 -0.1105 0.9549
vn 0.2743 -0.1128 0.9550
vn 0.3201 -0.1265 0.9389
vn 0.1719 0.0012 0.9851
vn 0.1709 0.0003 0.9853
vn 0.1694 -0.0006 0.9855
vn 0.1695 -0.0006 0.9855
vn 0.1708 0.0003 0.9853
vn 0.1292 -0.0031 0.9916
vn 0.1270 -0.0045 0.9919
vn 0.1271 -0.0045 0.9919
vn 0.0636 -0.0070 0.9979
vn 0.0637 -0.0070 0.9979
vn 0.0614 -0.0082 0.9981
vn 0.1731 -0.0600 0.9831
vn 0.0614 -0.0083 0.9981
vn 0.1701 -0.0622 0.9835
vn 0.2783 -0.1059 0.9546
vn 0.1704 -0.0617 0.9834
vn 0.2763 -0.1093 0.9548
vn 0.3214 -0.1210 0.9392
vn 0.3205 -0.1251 0.9390
vn 0.3205 -0.1251 0.9389
vn 0.3214 -0.1211 0.9392
vn 0.3783 -0.1393 0.9151
vn 0.3782 -0.1393 0.9152
vn 0.3792 -0.1442 0.9140
vn 0.4537 -0.1548 0.8776
vn 0.4536 -0.1548 0.8777
vn 0.1685 0.0082 0.9857
vn 0.1456 0.0114 0.9893
vn 0.1456 0.0113 0.9893
vn 0.1050 0.0101 0.9944
vn 0.1426 0.0203 0.9896
vn 0.1425 0.0203 0.9896
vn 0.1291 0.0139 0.9915
vn 0.1290 0.0139 0.9915
vn 0.1704 0.0136 0.9853
vn 0.0734 0.0058 0.9973
vn 0.5193 -0.0190 0.8544
vn 0.5193 -0.0189 0.8544
vn 0.4166 -0.0147 0.9090
vn 0.3577 -0.0119 0.9338
vn 0.3600 -0.0324 0.9324
vn 0.3412 -0.0295 0.9395
vn 0.3354 -0.0568 0.9404
vn 0.3096 -0.0504 0.9495
vn 0.3095 -0.0504 0.9496
vn 0.2964 -0.0739 0.9522
vn 0.2026 -0.0393 0.9785
vn 0.2026 -0.0394 0.9785
vn 0.1761 -0.0579 0.9827
vn 0.2027 -0.0394 0.9784
vn 0.1757 -0.0585 0.9827
vn 0.0659 -0.0058 0.9978
vn 0.0636 -0.0070 0.9980
vn 0.8175 -0.0215 0.5755
vn 0.8175 -0.0214 0.5755
vn 0.6664 -0.0289 0.7450
vn 0.6575 -0.0288 0.7529
vn 0.6548 -0.0620 0.7533
vn 0.6257 -0.0602 0.7777
vn 0.6177 -0.0980 0.7803
vn 0.5095 -0.0792 0.8568
vn 0.5040 -0.1112 0.8565
vn 0.4439 -0.1074 0.8896
vn 0.5039 -0.1112 0.8566
vn 0.4529 -0.1495 0.8789
vn 0.3774 -0.1345 0.9162
vn 0.4529 -0.1495 0.8790
vn 0.3783 -0.1393 0.9152
vn 0.9911 -0.0010 0.1328
vn 0.9895 -0.0022 0.1445
vn 0.9877 -0.0036 0.1563
vn 0.9895 -0.0022 0.1446
vn 0.9869 -0.0030 0.1611
vn 0.9877 -0.0036 0.1564
vn 0.9847 -0.0046 0.1743
vn 0.9869 -0.0030 0.1612
vn 0.9821 0.0051 0.1885
vn 0.9821 0.0051 0.1884
vn 0.9790 0.0065 0.2037
vn 0.9790 0.0066 0.2037
vn 0.9721 0.0344 0.2319
vn 0.9644 0.0482 0.2602
vn 0.9643 0.0482 0.2602
vn 0.9212 0.1665 0.3516
vn 0.9644 0.0481 0.2602
vn 0.9416 0.1429 0.3049
vn 0.9416 0.1428 0.3048
vn 0.9353 0.1606 0.3154
vn 0.9352 0.1606 0.3155
vn 0.9585 0.1168 0.2602
vn 0.9584 0.1168 0.2603
vn 0.9563 0.1267 0.2634
vn 0.9563 0.1266 0.2634
vn 0.9668 0.1004 0.2351
vn 0.9668 0.1004 0.2350
vn 0.9662 0.1039 0.2359
vn 0.9668 0.1003 0.2350
vn 0.9706 0.0910 0.2227
vn 0.9756 0.0704 0.2081
vn 0.9706 0.0910 0.2226
vn 0.9909 -0.0008 0.1349
vn 0.9890 -0.0017 0.1479
vn 0.9877 0.0022 0.1565
vn 0.9850 0.0036 0.1726
vn 0.9811 0.0181 0.1927
vn 0.9811 0.0181 0.1928
vn 0.9767 0.0262 0.2130
vn 0.9767 0.0261 0.2131
vn 0.9501 0.0996 0.2957
vn 0.9767 0.0262 0.2131
vn 0.9376 0.1279 0.3233
vn 0.9501 0.0996 0.2958
vn 0.9263 0.1507 0.3453
vn 0.9081 0.1927 0.3717
vn 0.8903 0.2248 0.3959
vn 0.8904 0.2247 0.3959
vn 0.9272 0.1813 0.3278
vn 0.9272 0.1813 0.3279
vn 0.9231 0.1911 0.3337
vn 0.9550 0.1320 0.2656
vn 0.9231 0.1912 0.3337
vn 0.9613 0.1117 0.2519
vn 0.9550 0.1320 0.2655
vn 0.9717 0.0830 0.2213
vn 0.9720 0.0832 0.2199
vn 0.9760 0.0702 0.2063
vn 0.9769 0.0692 0.2020
vn 0.9770 0.0692 0.2019
vn 0.9901 0.0011 0.1406
vn 0.9901 0.0011 0.1405
vn 0.9851 0.0109 0.1719
vn 0.9851 0.0110 0.1719
vn 0.9622 0.0703 0.2631
vn 0.9623 0.0705 0.2628
vn 0.9412 0.1181 0.3165
vn 0.9500 0.0996 0.2958
vn 0.9412 0.1182 0.3165
vn 0.9411 0.1179 0.3169
vn 0.9102 0.1797 0.3731
vn 0.8818 0.2391 0.4065
vn 0.8818 0.2391 0.4064
vn 0.9277 0.1791 0.3276
vn 0.9277 0.1790 0.3276
vn 0.9612 0.1133 0.2514
vn 0.9728 0.0834 0.2162
vn 0.7882 0.4664 0.4016
vn 0.7881 0.4664 0.4016
vn 0.9885 0.0052 0.1510
vn 0.9729 0.0432 0.2273
vn 0.9622 0.0703 0.2630
vn 0.9559 0.0839 0.2814
vn 0.9284 0.1422 0.3432
vn 0.9101 0.1793 0.3736
vn 0.9026 0.1925 0.3850
vn 0.9026 0.1925 0.3851
vn 0.8766 0.2437 0.4150
vn 0.9253 0.1854 0.3308
vn 0.9612 0.1170 0.2500
vn 0.9728 0.0835 0.2162
vn 0.9611 0.1170 0.2500
vn 0.6674 0.5858 0.4599
vn 0.6674 0.5857 0.4599
vn 0.4522 0.7394 0.4987
vn 0.4522 0.7394 0.4988
vn 0.9816 0.0209 0.1898
vn 0.9793 0.0253 0.2006
vn 0.9760 0.0312 0.2154
vn 0.9629 0.0635 0.2622
vn 0.9601 0.0687 0.2711
vn 0.9424 0.1098 0.3159
vn 0.9330 0.1244 0.3377
vn 0.9106 0.1696 0.3769
vn 0.9019 0.1829 0.3914
vn 0.8803 0.2232 0.4186
vn 0.8480 0.2660 0.4584
vn 0.8429 0.2936 0.4509
vn 0.8480 0.2660 0.4583
vn -0.1612 0.8333 0.5289
vn -0.1117 0.8472 0.5193
vn -0.1117 0.8473 0.5193
vn -0.1612 0.8333 0.5288
vn -0.5016 0.7746 0.3852
vn -0.2780 0.8449 0.4570
vn 0.8861 0.3091 0.3455
vn 0.9398 0.2040 0.2743
vn 0.9397 0.2040 0.2743
vn 0.8861 0.3091 0.3454
vn 0.9862 0.0033 0.1655
vn 0.9874 0.0009 0.1582
vn 0.9898 -0.0342 0.1383
vn 0.9898 -0.0341 0.1383
vn 0.9933 -0.0331 0.1105
vn 0.9362 -0.0888 0.3401
vn 0.9057 0.0280 0.4230
vn 0.8681 0.1784 0.4633
vn 0.9010 0.0398 0.4320
vn 0.7666 0.3205 0.5564
vn 0.7667 0.3205 0.5563
vn 0.9010 0.0398 0.4319
vn 0.9039 0.0476 0.4251
vn 0.6345 0.4629 0.6190
vn 0.9112 0.0513 0.4087
vn 0.4943 0.5801 0.6474
vn 0.4944 0.5801 0.6474
vn 0.9213 0.0514 0.3854
vn 0.3794 0.6596 0.6488
vn 0.3794 0.6597 0.6488
vn 0.9452 0.0422 0.3238
vn 0.3794 0.6597 0.6487
vn 0.3196 0.7176 0.6188
vn 0.9717 0.0228 0.2353
vn 0.6446 0.5667 0.5132
vn 0.9830 0.0088 0.1832
vn 0.6446 0.5667 0.5131
vn 0.9732 -0.2034 0.1071
vn 0.9408 -0.2937 0.1694
vn 0.9318 -0.3254 0.1606
vn 0.9352 -0.3135 0.1646
vn 0.9145 -0.3789 0.1418
vn 0.8779 -0.4624 0.1245
vn 0.8814 -0.4554 0.1255
vn 0.7914 -0.6014 0.1098
vn 0.8194 -0.5635 0.1056
vn 0.8194 -0.5634 0.1056
vn 0.6445 -0.7574 0.1049
vn 0.6398 -0.7609 0.1080
vn 0.6397 -0.7610 0.1080
vn 0.6473 -0.7543 0.1099
vn 0.4248 -0.9009 0.0888
vn 0.4247 -0.9010 0.0888
vn 0.4111 -0.9073 0.0880
vn 0.8608 -0.5010 0.0901
vn 0.9074 -0.3995 0.1303
vn 0.9074 -0.3996 0.1303
vn 0.9312 -0.3306 0.1534
vn 0.7134 -0.6973 0.0700
vn 0.8469 -0.5210 0.1065
vn 0.8560 -0.5054 0.1088
vn 0.8609 -0.4956 0.1150
vn 0.9096 -0.3922 0.1371
vn 0.8684 -0.4811 0.1202
vn 0.5491 -0.8335 0.0610
vn 0.5492 -0.8335 0.0610
vn 0.6941 -0.7155 0.0795
vn 0.7162 -0.6931 0.0819
vn 0.7161 -0.6931 0.0819
vn 0.7000 -0.7090 0.0853
vn 0.7161 -0.6932 0.0819
vn 0.7225 -0.6858 0.0876
vn 0.7086 -0.6997 0.0910
vn 0.7314 -0.6756 0.0932
vn 0.7314 -0.6755 0.0932
vn 0.7195 -0.6877 0.0964
vn 0.7428 -0.6623 0.0985
vn 0.7196 -0.6877 0.0964
vn 0.7330 -0.6726 0.1014
vn 0.7565 -0.6458 0.1033
vn 0.7676 -0.6316 0.1086
vn 0.1678 -0.0017 0.9858
vn 0.1665 -0.0028 0.9860
vn 0.1665 -0.0029 0.9860
vn 0.1222 -0.0091 0.9925
vn 0.0568 -0.0127 0.9983
vn 0.0567 -0.0127 0.9983
vn 0.1650 -0.0674 0.9840
vn 0.9706 0.0398 0.2372
vn 0.9679 0.0439 0.2473
vn 0.9579 0.0576 0.2812
vn 0.9324 0.1106 0.3441
vn 0.8494 0.2912 0.4401
vn 0.6873 0.4851 0.5406
vn 0.6874 0.4851 0.5406
vn 0.4415 0.6517 0.6167
vn 0.4416 0.6517 0.6167
vn 0.0894 0.7919 0.6041
vn 0.0894 0.7918 0.6042
vn 0.1626 -0.0044 0.9867
vn 0.8927 0.2011 0.4033
vn 0.8927 0.2011 0.4032
vn 0.7666 0.3205 0.5563
vn 0.7352 0.4181 0.5335
vn 0.7352 0.4181 0.5336
vn 0.0444 -0.1842 0.9819
vn 0.0187 -0.2456 0.9692
vn 0.0260 -0.1845 0.9825
vn 0.0260 -0.1846 0.9825
vn 0.0118 -0.1111 0.9937
vn 0.1465 -0.1269 0.9810
vn 0.2702 -0.1583 0.9497
vn 0.2690 -0.1501 0.9514
vn 0.3194 -0.1751 0.9313
vn 0.3855 -0.1989 0.9010
vn 0.3856 -0.1989 0.9010
vn 0.4572 -0.2095 0.8643
vn 0.4575 -0.2182 0.8620
vn 0.4887 -0.2102 0.8467
vn 0.4877 -0.2184 0.8452
vn 0.5881 -0.2233 0.7774
vn 0.4877 -0.2184 0.8453
vn 0.5867 -0.2312 0.7761
vn 0.6293 -0.2254 0.7438
vn 0.6280 -0.2333 0.7424
vn 0.8521 -0.5110 0.1127
vn 0.8521 -0.5110 0.1126
vn 0.7314 -0.6755 0.0933
vn 0.8600 -0.4965 0.1179
vn 0.7427 -0.6623 0.0985
vn 0.8699 -0.4779 0.1223
vn 0.0216 -0.8196 0.5725
vn 0.0217 -0.8196 0.5726
vn 0.0490 -0.7863 0.6158
vn 0.0490 -0.7863 0.6159
vn 0.0697 -0.7182 0.6923
vn 0.4399 -0.8969 0.0454
vn 0.4327 -0.9005 0.0443
vn 0.4327 -0.9004 0.0443
vn 0.4287 -0.9022 0.0477
vn 0.4359 -0.8987 0.0490
vn 0.5393 -0.8400 0.0601
vn 0.5385 -0.8401 0.0652
vn 0.5393 -0.8400 0.0602
vn 0.5488 -0.8333 0.0662
vn 0.5489 -0.8333 0.0662
vn 0.0645 -0.9075 0.4151
vn 0.0644 -0.9075 0.4151
vn 0.1317 -0.8914 0.4336
vn 0.0666 -0.9006 0.4296
vn 0.1606 -0.8982 0.4092
vn 0.1705 -0.8887 0.4257
vn 0.1705 -0.8886 0.4257
vn 0.2656 -0.7160 0.6457
vn 0.1756 -0.8991 0.4010
vn 0.1988 -0.9004 0.3869
vn 0.1988 -0.9004 0.3870
vn 0.2375 -0.9018 0.3611
vn 0.2374 -0.9018 0.3611
vn 0.2507 -0.8917 0.3770
vn 0.2959 -0.8894 0.3484
vn 0.2507 -0.8916 0.3770
vn 0.4494 -0.7127 0.5386
vn 0.2960 -0.8894 0.3484
vn 0.4493 -0.7127 0.5386
vn 0.4668 -0.7114 0.5253
vn 0.4783 -0.6930 0.5395
vn 0.4668 -0.7114 0.5254
vn 0.4836 -0.6928 0.5350
vn 0.4835 -0.6928 0.5350
vn 0.5824 -0.4790 0.6568
vn 0.5824 -0.4789 0.6568
vn 0.6979 -0.4817 0.5300
vn 0.6979 -0.4817 0.5301
vn 0.7109 -0.4543 0.5369
vn 0.7642 -0.4440 0.4679
vn 0.8224 -0.2994 0.4838
vn 0.8426 -0.2891 0.4543
vn 0.8426 -0.2891 0.4544
vn 0.8456 -0.2797 0.4546
vn 0.9424 -0.2080 0.2618
vn 0.8457 -0.2797 0.4546
vn 0.9528 -0.1576 0.2595
vn 0.9901 -0.1011 0.0978
vn 0.9918 -0.0737 0.1040
vn 0.9909 -0.0812 0.1070
vn 0.9918 -0.0737 0.1041
vn 0.9915 -0.0653 0.1123
vn 0.9904 -0.0737 0.1166
vn 0.9907 -0.0619 0.1210
vn 0.9907 -0.0618 0.1210
vn 0.9901 -0.0665 0.1237
vn 0.9902 -0.0654 0.1237
vn 0.9902 -0.0655 0.1237
vn 0.9894 -0.0706 0.1267
vn 0.9896 -0.0622 0.1294
vn 0.9894 -0.0706 0.1266
vn 0.9879 -0.0740 0.1364
vn 0.9880 -0.0696 0.1379
vn 0.9879 -0.0739 0.1364
vn 0.1684 -0.8984 0.4055
vn 0.2115 -0.8909 0.4020
vn 0.2115 -0.8909 0.4021
vn 0.2815 -0.9003 0.3321
vn 0.2916 -0.9000 0.3239
vn 0.3095 -0.8890 0.3374
vn 0.3687 -0.8886 0.2728
vn 0.5461 -0.7182 0.4312
vn 0.5834 -0.7203 0.3752
vn 0.5993 -0.7018 0.3852
vn 0.6124 -0.6995 0.3684
vn 0.7688 -0.4654 0.4385
vn 0.7688 -0.4654 0.4386
vn 0.8687 -0.4092 0.2791
vn 0.7688 -0.4655 0.4386
vn 0.8842 -0.3762 0.2769
vn 0.9295 -0.3561 0.0956
vn 0.9810 -0.1715 0.0905
vn 0.9296 -0.3560 0.0956
vn 0.9810 -0.1716 0.0905
vn 0.9780 -0.1868 0.0925
vn 0.9801 -0.1752 0.0931
vn 0.9765 -0.1930 0.0961
vn 0.9868 -0.1243 0.1038
vn 0.9856 -0.1319 0.1058
vn 0.9856 -0.1320 0.1058
vn 0.9888 -0.0971 0.1132
vn 0.9878 -0.1039 0.1158
vn 0.9889 -0.0848 0.1220
vn 0.9868 -0.0990 0.1285
vn 0.9867 -0.0991 0.1285
vn 0.9874 -0.0848 0.1335
vn 0.9809 -0.1222 0.1516
vn 0.9812 -0.1193 0.1520
vn 0.9681 -0.1745 0.1799
vn 0.9697 -0.1570 0.1873
vn 0.9597 -0.1917 0.2055
vn 0.9597 -0.1918 0.2055
vn 0.9602 -0.1731 0.2190
vn 0.9603 -0.1731 0.2190
vn 0.9559 -0.1843 0.2289
vn 0.3063 -0.8891 0.3402
vn 0.3876 -0.8976 0.2101
vn 0.3817 -0.8980 0.2189
vn 0.4241 -0.8882 0.1768
vn 0.6645 -0.7005 0.2603
vn 0.4282 -0.8980 0.1011
vn 0.6828 -0.7206 0.1210
vn 0.4110 -0.9076 0.0858
vn 0.4111 -0.9075 0.0858
vn 0.4111 -0.9077 0.0836
vn 0.4111 -0.9078 0.0836
vn 0.4113 -0.9080 0.0795
vn 0.4236 -0.9021 0.0822
vn 0.4230 -0.9031 0.0741
vn 0.5935 -0.7989 0.0971
vn 0.5633 -0.8213 0.0905
vn 0.5935 -0.7990 0.0971
vn 0.5778 -0.8110 0.0920
vn 0.5599 -0.8245 0.0821
vn 0.7330 -0.6727 0.1014
vn 0.4111 -0.9076 0.0858
vn 0.4243 -0.9014 0.0866
vn 0.4244 -0.9013 0.0866
vn 0.4236 -0.9021 0.0823
vn 0.4125 -0.9081 0.0718
vn 0.4148 -0.9076 0.0647
vn 0.4147 -0.9077 0.0647
vn 0.4191 -0.9061 0.0578
vn 0.4192 -0.9061 0.0578
vn 0.4147 -0.9076 0.0647
vn 0.4271 -0.9022 0.0595
vn 0.4271 -0.9023 0.0595
vn 0.4295 -0.9013 0.0560
vn 0.5426 -0.8366 0.0756
vn 0.5396 -0.8389 0.0704
vn 0.5396 -0.8390 0.0704
vn 0.5506 -0.8317 0.0715
vn 0.5506 -0.8317 0.0714
vn 0.4125 -0.9081 0.0717
vn 0.4236 -0.9034 0.0668
vn 0.4236 -0.9034 0.0667
vn 0.4237 -0.9033 0.0667
vn 0.4219 -0.9050 0.0544
vn 0.4251 -0.9037 0.0511
vn 0.4251 -0.9037 0.0510
vn 0.4219 -0.9050 0.0545
vn 0.4220 -0.9050 0.0544
vn 0.4295 -0.9013 0.0559
vn 0.4324 -0.9001 0.0525
vn 0.4325 -0.9001 0.0525
vn 0.4359 -0.8987 0.0489
vn 0.3988 -0.9164 0.0334
vn 0.4773 -0.3138 0.8208
vn 0.4398 -0.4630 0.7696
vn 0.4397 -0.4630 0.7696
vn 0.4772 -0.3138 0.8209
vn 0.4611 -0.4538 0.7625
vn 0.4342 -0.4915 0.7549
vn 0.4772 -0.3138 0.8208
vn 0.5720 -0.3217 0.7545
vn 0.5721 -0.3217 0.7545
vn 0.4773 -0.3139 0.8208
vn 0.5734 -0.3131 0.7571
vn 0.5735 -0.3131 0.7570
vn 0.5735 -0.3131 0.7571
vn 0.6137 -0.3146 0.7242
vn 0.6260 -0.3148 0.7135
vn 0.7640 -0.3172 0.5618
vn 0.5908 -0.4529 0.6677
vn 0.8254 -0.2900 0.4843
vn 0.8608 -0.2284 0.4547
vn 0.9561 -0.1340 0.2607
vn 0.9923 -0.0593 0.1090
vn 0.9918 -0.0738 0.1040
vn 0.9917 -0.0546 0.1164
vn 0.9907 -0.0619 0.1211
vn 0.9917 -0.0545 0.1164
vn 0.9908 -0.0610 0.1210
vn 0.9903 -0.0574 0.1265
vn 0.9903 -0.0574 0.1264
vn 0.9896 -0.0623 0.1295
vn 0.9896 -0.0623 0.1294
vn 0.6246 -0.3218 0.7115
vn 0.9401 -0.2175 0.2625
vn 0.7834 -0.4358 0.4431
vn 0.7835 -0.4358 0.4430
vn 0.7834 -0.4358 0.4430
vn 0.7687 -0.4655 0.4386
vn 0.9828 -0.1606 0.0911
vn 0.9828 -0.1607 0.0911
vn 0.9828 -0.1607 0.0910
vn 0.9887 -0.1112 0.1003
vn 0.9887 -0.1113 0.1003
vn 0.9887 -0.1112 0.1004
vn 0.9896 -0.0911 0.1109
vn 0.9868 -0.1242 0.1038
vn 0.9897 -0.0789 0.1191
vn 0.9897 -0.0789 0.1192
vn 0.9893 -0.0718 0.1267
vn 0.9875 -0.0832 0.1336
vn 0.9875 -0.0832 0.1335
vn 0.9820 -0.1071 0.1558
vn 0.9206 -0.3784 0.0960
vn 0.9741 -0.2052 0.0954
vn 0.9742 -0.2032 0.0978
vn 0.9688 -0.2273 0.0990
vn 0.9036 -0.4171 0.0979
vn 0.9688 -0.2272 0.0990
vn 0.8968 -0.4313 0.0987
vn 0.8967 -0.4314 0.0987
vn 0.8850 -0.4547 0.1001
vn 0.8775 -0.4688 0.1007
vn 0.9619 -0.2531 0.1034
vn 0.8968 -0.4314 0.0987
vn 0.9653 -0.2393 0.1043
vn 0.9653 -0.2394 0.1042
vn 0.9463 -0.3022 0.1152
vn 0.9462 -0.3023 0.1152
vn 0.8699 -0.4778 0.1223
vn 0.8600 -0.4964 0.1179
vn 0.8522 -0.5110 0.1127
vn 0.8609 -0.4957 0.1150
vn 0.8919 -0.4412 0.0996
vn 0.6918 -0.7127 0.1161
vn 0.7060 -0.6978 0.1205
vn 0.6828 -0.7205 0.1210
vn 0.9296 -0.3561 0.0956
vn 0.7834 -0.4359 0.4430
vn 0.7499 -0.4730 0.4625
vn 0.5607 -0.7001 0.4422
vn 0.5607 -0.7001 0.4423
vn 0.4718 -0.7113 0.5211
vn 0.4717 -0.7113 0.5211
vn 0.7834 -0.4359 0.4431
vn 0.7688 -0.4655 0.4385
vn 0.5812 -0.4528 0.6762
vn 0.5733 -0.4790 0.6648
vn 0.4599 -0.6943 0.5536
vn 0.3850 -0.7229 0.5737
vn 0.5733 -0.4789 0.6648
vn 0.3794 -0.4782 0.7921
vn 0.3377 -0.4603 0.8210
vn 0.2939 -0.7016 0.6492
vn 0.0142 -0.2544 0.9670
vn 0.0143 -0.2544 0.9670
vn 0.0210 -0.2075 0.9780
vn 0.0211 -0.2075 0.9780
vn 0.0098 -0.2757 0.9612
vn 0.0090 -0.1564 0.9877
vn 0.0091 -0.1564 0.9877
vn 0.0142 -0.2543 0.9670
vn 0.0102 -0.1256 0.9920
vn 0.1519 -0.1649 0.9745
vn 0.0091 -0.1564 0.9876
vn 0.1477 -0.1388 0.9792
vn 0.1478 -0.1388 0.9792
vn 0.2771 -0.1954 0.9408
vn 0.2722 -0.1698 0.9471
vn 0.1518 -0.1649 0.9746
vn 0.3252 -0.2125 0.9215
vn 0.3252 -0.2125 0.9214
vn 0.3212 -0.1867 0.9284
vn 0.3212 -0.1868 0.9284
vn 0.3195 -0.1751 0.9313
vn 0.3883 -0.2367 0.8906
vn 0.3884 -0.2367 0.8906
vn 0.3253 -0.2126 0.9214
vn 0.3865 -0.2108 0.8979
vn 0.4566 -0.3089 0.8343
vn 0.4579 -0.2563 0.8512
vn 0.4577 -0.2303 0.8587
vn 0.4578 -0.2303 0.8587
vn 0.3866 -0.2108 0.8978
vn 0.4863 -0.2299 0.8430
vn 0.6222 -0.2676 0.7357
vn 0.6222 -0.2675 0.7357
vn 0.6137 -0.3145 0.7242
vn 0.6352 -0.2679 0.7244
vn 0.6393 -0.2445 0.7290
vn 0.6394 -0.2445 0.7290
vn 0.6261 -0.2442 0.7405
vn 0.7806 -0.2587 0.5691
vn 0.7807 -0.2579 0.5692
vn 0.6352 -0.2678 0.7244
vn 0.7864 -0.2342 0.5716
vn 0.8500 -0.2024 0.4863
vn 0.8719 -0.1840 0.4538
vn 0.9578 -0.1152 0.2633
vn 0.9924 -0.0491 0.1130
vn 0.9924 -0.0422 0.1159
vn 0.8407 -0.2389 0.4861
vn 0.8608 -0.2284 0.4548
vn 0.9924 -0.0496 0.1129
vn 0.9917 -0.0539 0.1165
vn 0.9909 -0.0532 0.1238
vn 0.9897 -0.0593 0.1304
vn 0.9897 -0.0788 0.1192
vn 0.9765 -0.1929 0.0961
vn 0.9795 -0.1391 0.1456
vn 0.9653 -0.2394 0.1043
vn 0.9688 -0.2130 0.1264
vn 0.9689 -0.2129 0.1264
vn 0.9473 -0.2860 0.1444
vn 0.9603 -0.2285 0.1603
vn 0.9473 -0.2860 0.1443
vn 0.9463 -0.2770 0.1665
vn 0.9403 -0.2970 0.1665
vn 0.9476 -0.2636 0.1807
vn 0.9475 -0.2637 0.1807
vn 0.9479 -0.2538 0.1924
vn 0.9471 -0.2547 0.1955
vn 0.0317 -0.1623 0.9862
vn 0.0419 -0.1386 0.9895
vn 0.0318 -0.1623 0.9862
vn 0.0184 -0.0832 0.9964
vn 0.1465 -0.1065 0.9835
vn 0.1462 -0.1071 0.9834
vn 0.2678 -0.1401 0.9532
vn 0.2681 -0.1392 0.9533
vn 0.3170 -0.1567 0.9354
vn 0.3167 -0.1533 0.9361
vn 0.3838 -0.1800 0.9057
vn 0.3837 -0.1800 0.9057
vn 0.4568 -0.1989 0.8670
vn 0.4569 -0.1989 0.8670
vn 0.3846 -0.1876 0.9038
vn 0.4900 -0.2000 0.8485
vn 0.5898 -0.2136 0.7788
vn 0.5897 -0.2136 0.7788
vn 0.4899 -0.2005 0.8484
vn 0.4900 -0.2000 0.8484
vn 0.6308 -0.2158 0.7453
vn 0.6308 -0.2158 0.7454
vn 0.6441 -0.2161 0.7338
vn 0.6307 -0.2158 0.7454
vn 0.6429 -0.2231 0.7327
vn 0.7926 -0.2044 0.5744
vn 0.7912 -0.2118 0.5738
vn 0.8550 -0.1808 0.4862
vn 0.9583 -0.1108 0.2633
vn 0.8725 -0.1814 0.4537
vn 0.9924 -0.0415 0.1160
vn 0.9918 -0.0456 0.1196
vn 0.9924 -0.0421 0.1157
vn 0.9499 -0.2209 0.2212
vn 0.9491 -0.2459 0.1966
vn 0.9471 -0.2546 0.1955
vn 0.9506 -0.2203 0.2188
vn 0.9492 -0.2458 0.1966
vn 0.9517 -0.2397 0.1918
vn 0.9528 -0.2325 0.1952
vn 0.9564 -0.2221 0.1894
vn 0.9528 -0.2448 0.1795
vn 0.8519 -0.1942 0.4863
vn 0.7889 -0.2228 0.5727
vn 0.7888 -0.2228 0.5728
vn 0.0845 -0.0634 0.9944
vn 0.0382 -0.0412 0.9984
vn 0.0708 -0.0859 0.9938
vn 0.0319 -0.0532 0.9981
vn 0.0644 -0.0967 0.9932
vn 0.1531 -0.0851 0.9845
vn 0.1509 -0.0904 0.9844
vn 0.1555 -0.0800 0.9846
vn 0.1530 -0.0851 0.9846
vn 0.2689 -0.1242 0.9551
vn 0.2681 -0.1273 0.9550
vn 0.2683 -0.1267 0.9550
vn 0.3168 -0.1413 0.9379
vn 0.2684 -0.1267 0.9549
vn 0.3167 -0.1413 0.9379
vn 0.3166 -0.1436 0.9376
vn 0.3820 -0.1637 0.9096
vn 0.3822 -0.1661 0.9090
vn 0.3823 -0.1661 0.9090
vn 0.3820 -0.1638 0.9095
vn 0.4560 -0.1821 0.8712
vn 0.3823 -0.1660 0.9090
vn 0.4561 -0.1846 0.8706
vn 0.4559 -0.1821 0.8712
vn 0.4922 -0.1840 0.8508
vn 0.4919 -0.1864 0.8505
vn 0.4918 -0.1864 0.8505
vn 0.5925 -0.1983 0.7807
vn 0.5926 -0.1983 0.7807
vn 0.5921 -0.2006 0.7805
vn 0.6332 -0.2005 0.7476
vn 0.6332 -0.2005 0.7475
vn 0.6328 -0.2028 0.7473
vn 0.6329 -0.2028 0.7472
vn 0.6465 -0.2009 0.7360
vn 0.6461 -0.2031 0.7357
vn 0.7955 -0.1886 0.5758
vn 0.7952 -0.1909 0.5756
vn 0.7956 -0.1886 0.5758
vn 0.8576 -0.1685 0.4860
vn 0.7951 -0.1909 0.5756
vn 0.8576 -0.1684 0.4859
vn 0.8571 -0.1707 0.4860
vn 0.8773 -0.1587 0.4530
vn 0.8769 -0.1609 0.4530
vn 0.9556 -0.0494 0.2905
vn 0.9583 -0.0811 0.2742
vn 0.9860 0.0430 0.1612
vn 0.9583 -0.0810 0.2742
vn 0.9860 0.0430 0.1611
vn 0.9910 -0.0092 0.1334
vn 0.2679 -0.1298 0.9547
vn 0.2676 -0.1320 0.9545
vn 0.3165 -0.1466 0.9372
vn 0.3826 -0.1694 0.9083
vn 0.3826 -0.1694 0.9082
vn 0.4563 -0.1879 0.8698
vn 0.4563 -0.1880 0.8697
vn 0.4914 -0.1896 0.8500
vn 0.5916 -0.2037 0.7801
vn 0.5915 -0.2037 0.7801
vn 0.6324 -0.2059 0.7468
vn 0.5913 -0.2054 0.7799
vn 0.6457 -0.2062 0.7353
vn 0.6456 -0.2062 0.7353
vn 0.6457 -0.2062 0.7352
vn 0.7946 -0.1941 0.5753
vn 0.8564 -0.1739 0.4861
vn 0.8565 -0.1739 0.4861
vn 0.8768 -0.1609 0.4530
vn 0.8762 -0.1640 0.4531
vn 0.8762 -0.1640 0.4532
vn 0.9589 -0.0988 0.2661
vn 0.9920 -0.0294 0.1224
vn 0.9914 -0.0305 0.1275
vn 0.9556 0.1627 0.2457
vn 0.9556 0.1626 0.2457
vn 0.1578 0.8411 0.5173
vn 0.9397 0.2040 0.2744
vn 0.3323 0.7778 0.5334
vn 0.3323 0.7779 0.5334
vn 0.3323 0.7778 0.5335
vn 0.9187 0.2020 0.3393
vn 0.9187 0.2021 0.3393
vn 0.8682 0.2569 0.4246
vn 0.8903 0.2086 0.4048
vn 0.9224 0.1528 0.3548
vn 0.9106 0.1697 0.3769
vn 0.9468 0.1018 0.3054
vn 0.9688 0.0519 0.2422
vn 0.9556 0.1627 0.2458
vn 0.9891 -0.0360 0.1429
vn 0.9872 -0.0406 0.1541
vn 0.9809 -0.0547 0.1867
vn 0.9717 0.0227 0.2353
vn 0.9452 0.0422 0.3237
vn 0.9809 -0.0547 0.1866
vn 0.9672 -0.0774 0.2419
vn 0.9546 -0.0902 0.2838
vn 0.9213 0.0513 0.3854
vn 0.9546 -0.0902 0.2839
vn 0.9112 0.0514 0.4087
vn 0.9484 -0.0938 0.3030
vn 0.9425 -0.0951 0.3204
vn 0.9425 -0.0952 0.3204
vn 0.9473 -0.1254 0.2947
vn 0.9378 -0.0938 0.3343
vn 0.9891 -0.0359 0.1429
vn 0.1634 -0.0041 0.9865
vn 0.1197 -0.0106 0.9928
vn 0.0544 -0.0143 0.9984
vn 0.3175 -0.1372 0.9383
vn 0.2698 -0.1214 0.9552
vn 0.2699 -0.1214 0.9552
vn 0.3171 -0.1390 0.9381
vn 0.3176 -0.1373 0.9382
vn 0.3814 -0.1593 0.9106
vn 0.3815 -0.1593 0.9105
vn 0.3817 -0.1614 0.9101
vn 0.3812 -0.1572 0.9110
vn 0.3812 -0.1571 0.9111
vn 0.4555 -0.1753 0.8728
vn 0.3815 -0.1591 0.9106
vn 0.4557 -0.1775 0.8723
vn 0.4931 -0.1774 0.8517
vn 0.4928 -0.1795 0.8514
vn 0.5937 -0.1920 0.7814
vn 0.5933 -0.1940 0.7812
vn 0.5934 -0.1940 0.7812
vn 0.6342 -0.1943 0.7483
vn 0.6342 -0.1943 0.7484
vn 0.6339 -0.1963 0.7481
vn 0.6474 -0.1946 0.7369
vn 0.6471 -0.1966 0.7366
vn 0.6471 -0.1967 0.7366
vn 0.6474 -0.1946 0.7368
vn 0.7967 -0.1821 0.5763
vn 0.7964 -0.1842 0.5761
vn 0.7964 -0.1841 0.5761
vn 0.8589 -0.1621 0.4858
vn 0.8585 -0.1641 0.4859
vn 0.8785 -0.1524 0.4527
vn 0.8585 -0.1641 0.4858
vn 0.8781 -0.1544 0.4528
vn 0.8785 -0.1523 0.4528
vn 0.9514 -0.0609 0.3017
vn 0.9509 -0.0379 0.3070
vn 0.9510 -0.0379 0.3070
vn 0.9515 -0.0609 0.3017
vn 0.9878 0.0204 0.1541
vn 0.9736 0.1099 0.2000
vn 0.9736 0.1098 0.2000
vn 0.9461 0.2003 0.2545
vn 0.4556 -0.1775 0.8723
vn 0.3817 -0.1615 0.9101
vn 0.4558 -0.1797 0.8718
vn 0.4558 -0.1797 0.8717
vn 0.4925 -0.1817 0.8511
vn 0.5930 -0.1961 0.7810
vn 0.6336 -0.1983 0.7478
vn 0.6332 -0.2006 0.7475
vn 0.6472 -0.1966 0.7366
vn 0.6468 -0.1987 0.7363
vn 0.7960 -0.1863 0.5759
vn 0.8581 -0.1662 0.4859
vn 0.8777 -0.1565 0.4529
vn 0.8781 -0.1542 0.4528
vn 0.9525 -0.0336 0.3028
vn 0.8773 -0.1587 0.4529
vn 0.9654 0.1463 0.2158
vn 0.9654 0.1463 0.2157
vn 0.1578 0.8411 0.5174
vn 0.1761 0.7808 0.5994
vn -0.4583 0.7850 0.4169
vn -0.4582 0.7850 0.4169
vn 0.1760 0.7808 0.5994
vn -0.1857 0.8238 0.5357
vn 0.4412 0.6676 0.5997
vn -0.1857 0.8238 0.5356
vn 0.0894 0.7918 0.6041
vn 0.8725 0.2228 0.4349
vn 0.1761 0.7808 0.5995
vn 0.9027 0.1684 0.3959
vn 0.9027 0.1683 0.3959
vn 0.9324 0.1106 0.3440
vn 0.9330 0.1378 0.3324
vn 0.9744 0.0339 0.2221
vn 0.9536 0.0792 0.2905
vn 0.9939 -0.0001 0.1100
vn 0.9330 0.1377 0.3324
vn -0.5016 0.7746 0.3853
vn 0.3196 0.7175 0.6189
vn 0.4522 0.7395 0.4987
vn 0.2686 -0.1251 0.9551
vn 0.2764 -0.1093 0.9548
vn 0.2757 -0.1105 0.9549
vn 0.3204 -0.1250 0.9390
vn 0.5963 -0.1801 0.7823
vn 0.4945 -0.1680 0.8528
vn 0.5953 -0.1841 0.7821
vn 0.4939 -0.1717 0.8524
vn 0.5948 -0.1865 0.7819
vn 0.5938 -0.1920 0.7814
vn 0.6361 -0.1826 0.7497
vn 0.6354 -0.1866 0.7493
vn 0.6351 -0.1888 0.7490
vn 0.5962 -0.1802 0.7823
vn 0.6365 -0.1805 0.7498
vn 0.6365 -0.1805 0.7499
vn 0.6495 -0.1809 0.7385
vn 0.6492 -0.1830 0.7383
vn 0.7991 -0.1665 0.5777
vn 0.7991 -0.1665 0.5776
vn 0.7989 -0.1682 0.5775
vn 0.7989 -0.1681 0.5775
vn 0.8616 -0.1487 0.4853
vn 0.8616 -0.1488 0.4853
vn 0.8613 -0.1504 0.4854
vn 0.8612 -0.1504 0.4855
vn 0.8809 -0.1399 0.4521
vn 0.8806 -0.1415 0.4522
vn 0.8810 -0.1398 0.4521
vn 0.9415 -0.0511 0.3331
vn 0.9429 -0.0501 0.3292
vn 0.9838 0.0404 0.1744
vn 0.9840 0.0410 0.1734
vn 0.6486 -0.1870 0.7378
vn 0.6482 -0.1892 0.7376
vn 0.6483 -0.1892 0.7375
vn 0.6488 -0.1856 0.7380
vn 0.7981 -0.1741 0.5768
vn 0.7981 -0.1741 0.5769
vn 0.7977 -0.1764 0.5767
vn 0.6475 -0.1946 0.7368
vn 0.8605 -0.1543 0.4856
vn 0.8600 -0.1565 0.4856
vn 0.8600 -0.1565 0.4857
vn 0.8601 -0.1565 0.4856
vn 0.8612 -0.1504 0.4854
vn 0.8800 -0.1449 0.4524
vn 0.8796 -0.1470 0.4525
vn 0.8795 -0.1470 0.4525
vn 0.9467 -0.0598 0.3166
vn 0.9467 -0.0598 0.3165
vn 0.9481 -0.0601 0.3122
vn 0.9514 -0.0609 0.3018
vn 0.9866 0.0250 0.1615
vn 0.9869 0.0237 0.1593
vn 0.9707 0.0910 0.2226
vn 0.9710 0.0882 0.2223
vn 0.9673 0.0946 0.2352
vn 0.9603 0.1076 0.2575
vn 0.9416 0.1428 0.3049
vn 0.9603 0.1077 0.2575
vn 0.9664 0.0494 0.2523
vn 0.9733 0.0089 0.2294
vn 0.9733 0.0090 0.2294
vn 0.9823 -0.0064 0.1873
vn 0.9847 -0.0046 0.1744
vn 0.9823 -0.0064 0.1872
vn 0.9857 -0.0054 0.1682
vn 0.9490 0.0866 0.3032
vn 0.9536 0.0792 0.2904
vn 0.9262 0.1351 0.3519
vn 0.8681 0.2569 0.4246
vn 0.4550 -0.1693 0.8742
vn 0.3812 -0.1571 0.9110
vn 0.1665 -0.0034 0.9860
vn 0.1312 -0.0017 0.9914
vn 0.1455 0.0102 0.9893
vn 0.1685 0.0083 0.9857
vn 0.1498 0.0180 0.9886
vn 0.1498 0.0180 0.9885
vn 0.0660 -0.0058 0.9978
vn 0.0886 0.0045 0.9961
vn 0.0886 0.0046 0.9961
vn 0.2265 -0.0243 0.9737
vn 0.2266 -0.0243 0.9737
vn 0.3232 -0.0263 0.9460
vn 0.3412 -0.0296 0.9395
vn 0.3450 -0.0108 0.9385
vn 0.3449 -0.0109 0.9386
vn 0.2802 -0.1025 0.9545
vn 0.2802 -0.1025 0.9544
vn 0.1760 -0.0579 0.9827
vn 0.3223 -0.1171 0.9394
vn 0.3297 -0.0838 0.9404
vn 0.3773 -0.1345 0.9163
vn 0.3698 -0.0945 0.9243
vn 0.4350 -0.0733 0.8974
vn 0.5154 -0.0450 0.8557
vn 0.6305 -0.0278 0.7757
vn 0.4979 -0.1495 0.8543
vn 0.5995 -0.1672 0.7828
vn 0.6094 -0.1305 0.7820
vn 0.6500 -0.1005 0.7533
vn 0.6607 -0.1008 0.7439
vn 0.6644 -0.0623 0.7448
vn 0.8008 -0.1556 0.5784
vn 0.6504 -0.1751 0.7392
vn 0.6504 -0.1746 0.7392
vn 0.7999 -0.1614 0.5780
vn 0.8636 -0.1394 0.4846
vn 0.8626 -0.1441 0.4850
vn 0.8708 -0.1010 0.4812
vn 0.8882 -0.0937 0.4499
vn 0.8827 -0.1308 0.4514
vn 0.8881 -0.0937 0.4499
vn 0.8730 -0.0736 0.4822
vn 0.9322 -0.0536 0.3580
vn 0.9322 -0.0535 0.3580
vn 0.9728 0.0279 0.2298
vn 0.9821 0.0417 0.1839
vn 0.9820 0.0416 0.1840
vn 0.8818 -0.1353 0.4517
vn 0.9370 -0.0522 0.3453
vn 0.9820 0.0417 0.1840
vn 0.9830 0.0412 0.1792
vn 0.9829 0.0412 0.1792
vn 0.9794 0.0563 0.1942
vn 0.9711 0.0800 0.2250
vn 0.9710 0.0841 0.2237
vn 0.9678 0.0890 0.2353
vn 0.9710 0.0841 0.2236
vn 0.9678 0.0890 0.2354
vn 0.9705 0.0403 0.2378
vn 0.9687 0.0053 0.2483
vn 0.9660 -0.0242 0.2574
vn 0.9660 -0.0242 0.2573
vn 0.9650 -0.0265 0.2609
vn 0.9650 -0.0264 0.2609
vn 0.9687 0.0457 0.2440
vn 0.9723 0.0103 0.2337
vn 0.9774 -0.0103 0.2109
vn 0.9837 -0.0073 0.1799
vn 0.9837 -0.0074 0.1799
vn 0.9699 0.0423 0.2398
vn 0.9694 0.0066 0.2455
vn 0.9675 -0.0222 0.2517
vn 0.9675 -0.0222 0.2518
vn 0.9666 -0.0249 0.2549
vn 0.9666 -0.0249 0.2551
vn 0.9666 -0.0249 0.2550
vn 0.9559 0.0840 0.2813
vn 0.9816 0.0208 0.1897
vn 0.9885 0.0052 0.1509
vn 0.9688 0.0519 0.2423
vn 0.6503 -0.1751 0.7392
vn 0.1122 0.0122 0.9936
vn 0.1122 0.0123 0.9936
vn 0.1121 0.0123 0.9936
vn 0.1438 0.0170 0.9895
vn 0.1438 0.0171 0.9895
vn 0.1425 0.0204 0.9896
vn 0.3645 -0.0632 0.9291
vn 0.3645 -0.0631 0.9291
vn 0.6177 -0.0979 0.7803
vn 0.8707 -0.1010 0.4812
vn 0.8749 -0.0701 0.4793
vn 0.8904 -0.0644 0.4505
vn 0.8303 -0.0844 0.5509
vn 0.8730 -0.0735 0.4822
vn 0.9638 -0.0040 0.2665
vn 0.9728 0.0278 0.2298
vn 0.9706 0.0085 0.2407
vn 0.9706 0.0086 0.2407
vn 0.9745 -0.0131 0.2242
vn 0.9792 -0.0117 0.2026
vn 0.9775 -0.0103 0.2109
vn 0.9792 -0.0117 0.2027
vn 0.1121 0.0122 0.9936
vn 0.2547 -0.0098 0.9670
vn 0.3231 -0.0263 0.9460
vn 0.3322 -0.0095 0.9432
vn 0.3449 -0.0108 0.9386
vn 0.4244 -0.0386 0.9047
vn 0.5154 -0.0450 0.8558
vn 0.4243 -0.0386 0.9047
vn 0.3599 -0.0324 0.9324
vn 0.6548 -0.0621 0.7533
vn 0.8904 -0.0644 0.4506
vn 0.8561 -0.0610 0.5132
vn 0.9564 -0.0362 0.2897
vn 0.9702 -0.0185 0.2415
vn 0.9696 -0.0218 0.2437
vn 0.2762 -0.0015 0.9611
vn 0.2761 -0.0015 0.9611
vn 0.6664 -0.0290 0.7450
vn 0.9565 -0.0362 0.2896
vn 0.9749 -0.0162 0.2222
vn 0.9749 -0.0161 0.2222
vn 0.9890 -0.0018 0.1479
vn 0.9895 -0.0021 0.1445
vn 0.4577 -0.2303 0.8588
vn 0.7086 -0.6998 0.0909
vn 0.7085 -0.6998 0.0909
vn 0.5542 -0.8288 0.0768
vn 0.5542 -0.8288 0.0769
vn 0.6110 -0.7855 0.0983
vn 0.7676 -0.6316 0.1087
vn 0.6767 -0.7277 0.1121
vn 0.6123 -0.6995 0.3684
vn 0.8687 -0.4091 0.2791
vn 0.5992 -0.7018 0.3852
vn 0.3169 -0.7082 0.6309
vn 0.3169 -0.7083 0.6308
vn 0.0219 -0.8293 0.5584
vn 0.0490 -0.7864 0.6158
vn 0.0491 -0.8004 0.5975
vn 0.2869 -0.7207 0.6311
vn 0.2506 -0.8917 0.3770
vn 0.2115 -0.8908 0.4021
vn 0.5959 -0.7184 0.3589
vn 0.4121 -0.9059 0.0975
vn 0.4267 -0.8993 0.0959
vn 0.6691 -0.7340 0.1163
vn 0.4283 -0.8980 0.1011
vn 0.4243 -0.9014 0.0865
vn 0.6244 -0.7741 0.1042
vn 0.5474 -0.8329 0.0808
vn 0.5474 -0.8330 0.0807
vn 0.4270 -0.9023 0.0595
vn 0.2868 -0.7207 0.6311
vn 0.2656 -0.7159 0.6457
vn 0.5606 -0.7001 0.4423
vn 0.5606 -0.7001 0.4422
vn 0.6124 -0.6995 0.3683
vn 0.6245 -0.7741 0.1042
vn 0.5475 -0.8329 0.0808
vn 0.5474 -0.8329 0.0807
vn 0.5543 -0.8288 0.0769
vn -0.0000 -1.0000 -0.0000
vn -0.0000 -1.0000 -0.0001
vn -0.0000 -1.0000 0.0001
vn -0.0002 -1.0000 -0.0000
vn 0.0003 -1.0000 -0.0000
vn -0.2186 0.9511 0.2182
vn -0.2253 0.9510 0.2117
vn -0.2379 0.9464 0.2185
vn -0.2252 0.9510 0.2117
vn -0.2459 0.9514 0.1852
vn -0.2459 0.9514 0.1853
vn -0.2609 0.9464 0.1904
vn -0.2638 0.9517 0.1569
vn -0.2806 0.9464 0.1599
vn -0.2786 0.9520 0.1268
vn -0.2967 0.9464 0.1275
vn -0.2902 0.9522 0.0954
vn -0.3092 0.9464 0.0934
vn -0.2903 0.9522 0.0954
vn -0.2962 0.9523 0.0736
vn -0.3177 0.9464 0.0582
vn -0.3177 0.9464 0.0581
vn -0.3006 0.9523 0.0517
vn -0.3006 0.9524 0.0516
vn -0.3035 0.9524 0.0294
vn -0.3222 0.9464 0.0221
vn -0.3048 0.9524 0.0070
vn -0.3222 0.9464 0.0222
vn -0.3227 0.9464 -0.0141
vn -0.3045 0.9524 -0.0156
vn -0.3026 0.9524 -0.0381
vn -0.3190 0.9464 -0.0502
vn -0.2991 0.9523 -0.0603
vn -0.3114 0.9464 -0.0857
vn -0.2940 0.9523 -0.0823
vn -0.2940 0.9522 -0.0823
vn -0.2875 0.9521 -0.1038
vn -0.2998 0.9464 -0.1201
vn -0.2794 0.9520 -0.1250
vn -0.2845 0.9464 -0.1529
vn -0.2699 0.9519 -0.1454
vn -0.2590 0.9517 -0.1650
vn -0.2655 0.9464 -0.1839
vn -0.2468 0.9515 -0.1839
vn -0.2432 0.9464 -0.2125
vn -0.2332 0.9512 -0.2020
vn -0.2184 0.9509 -0.2192
vn -0.2179 0.9464 -0.2384
vn -0.2024 0.9506 -0.2353
vn -0.1898 0.9464 -0.2613
vn -0.2024 0.9506 -0.2354
vn -0.1896 0.9509 -0.2447
vn -0.1751 0.9520 -0.2510
vn -0.1593 0.9464 -0.2810
vn -0.1598 0.9538 -0.2545
vn -0.1598 0.9538 -0.2546
vn -0.1379 0.9558 -0.2598
vn -0.1442 0.9559 -0.2557
vn -0.1378 0.9558 -0.2598
vn -0.0867 0.9629 -0.2557
vn -0.0786 0.9625 -0.2598
vn -0.0288 0.9663 -0.2557
vn -0.0190 0.9655 -0.2598
vn 0.0291 0.9663 -0.2557
vn 0.0406 0.9648 -0.2598
vn 0.0869 0.9628 -0.2557
vn 0.0870 0.9628 -0.2557
vn 0.1022 0.9548 -0.2790
vn 0.1110 0.9507 -0.2897
vn 0.0864 0.9464 -0.3112
vn 0.0510 0.9464 -0.3189
vn 0.0407 0.9648 -0.2598
vn 0.0149 0.9464 -0.3226
vn -0.0214 0.9464 -0.3222
vn -0.0214 0.9464 -0.3223
vn -0.0574 0.9464 -0.3178
vn 0.1208 0.9464 -0.2995
vn -0.0927 0.9464 -0.3094
vn -0.0926 0.9464 -0.3094
vn -0.1268 0.9464 -0.2971
vn -0.2119 0.9464 0.2437
vn -0.2111 0.9516 0.2236
vn -0.2111 0.9515 0.2236
vn -0.2119 0.9464 0.2438
vn -0.1944 0.9532 0.2315
vn -0.1832 0.9464 0.2660
vn -0.1767 0.9556 0.2359
vn -0.1586 0.9584 0.2373
vn -0.1378 0.9558 0.2599
vn -0.1378 0.9558 0.2598
vn -0.0958 0.9667 0.2373
vn -0.1379 0.9558 0.2598
vn -0.0786 0.9624 0.2599
vn -0.0957 0.9667 0.2373
vn -0.0786 0.9625 0.2598
vn -0.0326 0.9709 0.2373
vn -0.0325 0.9709 0.2373
vn -0.0190 0.9655 0.2599
vn 0.0308 0.9709 0.2373
vn 0.0407 0.9648 0.2598
vn 0.0406 0.9648 0.2598
vn 0.0940 0.9669 0.2373
vn 0.0940 0.9669 0.2374
vn 0.1001 0.9604 0.2599
vn 0.0941 0.9669 0.2373
vn 0.1001 0.9605 0.2598
vn 0.1569 0.9587 0.2373
vn 0.1592 0.9524 0.2598
vn 0.1592 0.9524 0.2599
vn 0.1910 0.9464 0.2604
vn 0.1606 0.9464 0.2802
vn 0.1282 0.9464 0.2964
vn 0.1282 0.9464 0.2965
vn 0.1593 0.9524 0.2598
vn 0.1002 0.9604 0.2599
vn 0.0942 0.9464 0.3089
vn 0.0589 0.9464 0.3176
vn 0.0406 0.9648 0.2599
vn 0.0229 0.9464 0.3222
vn -0.0190 0.9654 0.2599
vn 0.0229 0.9464 0.3221
vn -0.0134 0.9464 0.3227
vn -0.0133 0.9464 0.3227
vn -0.0494 0.9464 0.3192
vn -0.0494 0.9464 0.3191
vn -0.0849 0.9464 0.3116
vn -0.1193 0.9464 0.3001
vn -0.1522 0.9464 0.2848
vn -0.1379 0.9557 0.2599
vn 0.2190 0.9464 0.2373
vn 0.7385 -0.0000 -0.6743
vn 0.7306 -0.0000 -0.6828
vn 0.7384 -0.0000 -0.6743
vn 0.7205 -0.0000 -0.6935
vn 0.7155 -0.0001 -0.6986
vn 0.7155 -0.0000 -0.6986
vn 0.7126 -0.0000 -0.7016
vn 0.7125 -0.0000 -0.7017
vn 0.6594 -0.0000 -0.7518
vn 0.6593 -0.0000 -0.7519
vn 0.6750 -0.0000 -0.7378
vn 0.6358 -0.0000 -0.7718
vn 0.6593 -0.0000 -0.7518
vn 0.5722 -0.0000 -0.8201
vn 0.5950 -0.0000 -0.8037
vn 0.5950 -0.0000 -0.8038
vn 0.5526 -0.0000 -0.8334
vn 0.5527 -0.0000 -0.8334
vn 0.5092 -0.0000 -0.8606
vn 0.4780 -0.0000 -0.8784
vn 0.4648 -0.0000 -0.8854
vn 0.4647 -0.0000 -0.8854
vn 0.4196 -0.0000 -0.9077
vn 0.3779 -0.0000 -0.9258
vn 0.3740 -0.0000 -0.9274
vn 0.2732 -0.0000 -0.9620
vn 0.2702 -0.0000 -0.9628
vn 0.1652 -0.0000 -0.9863
vn 0.2703 -0.0000 -0.9628
vn 0.1632 -0.0000 -0.9866
vn 0.1633 -0.0000 -0.9866
vn 0.0551 -0.0000 -0.9985
vn 0.0543 -0.0000 -0.9985
vn -0.0556 -0.0000 -0.9985
vn -0.0557 -0.0000 -0.9984
vn -0.0553 -0.0000 -0.9985
vn -0.1643 -0.0000 -0.9864
vn -0.1642 -0.0000 -0.9864
vn -0.1657 -0.0000 -0.9862
vn -0.2712 -0.0000 -0.9625
vn -0.2737 -0.0000 -0.9618
vn -0.3749 -0.0000 -0.9271
vn -0.3750 -0.0000 -0.9270
vn -0.3784 -0.0000 -0.9256
vn -0.4741 -0.0000 -0.8805
vn -0.4741 -0.0000 -0.8804
vn -0.4784 -0.0000 -0.8781
vn -0.5676 -0.0000 -0.8233
vn -0.5726 -0.0000 -0.8198
vn -0.6543 -0.0000 -0.7562
vn -0.6598 -0.0000 -0.7515
vn -0.7332 -0.0000 -0.6801
vn -0.7331 -0.0000 -0.6801
vn -0.6597 -0.0000 -0.7515
vn -0.7388 -0.0000 -0.6739
vn -0.7332 -0.0000 -0.6800
vn -0.8032 -0.0000 -0.5957
vn -0.8088 -0.0000 -0.5881
vn -0.8636 -0.0000 -0.5043
vn -0.8636 -0.0000 -0.5042
vn -0.8689 -0.0000 -0.4951
vn -0.9136 -0.0000 -0.4067
vn -0.9182 -0.0000 -0.3960
vn -0.9183 -0.0000 -0.3959
vn -0.9526 -0.0000 -0.3043
vn -0.9564 -0.0000 -0.2920
vn -0.9802 -0.0000 -0.1982
vn -0.9829 -0.0000 -0.1844
vn -0.9828 -0.0000 -0.1844
vn -0.9960 -0.0000 -0.0897
vn -0.9960 -0.0000 -0.0898
vn -0.9972 -0.0000 -0.0746
vn -0.9998 -0.0000 0.0198
vn -0.9993 -0.0000 0.0361
vn -0.9916 -0.0000 0.1291
vn -0.9892 -0.0000 0.1464
vn -0.9715 -0.0000 0.2369
vn -0.9716 -0.0000 0.2368
vn -0.9670 -0.0000 0.2549
vn -0.9398 -0.0000 0.3418
vn -0.9329 -0.0000 0.3602
vn -0.8967 -0.0000 0.4426
vn -0.8967 -0.0000 0.4425
vn -0.8873 -0.0000 0.4612
vn -0.8429 -0.0000 0.5380
vn -0.8309 -0.0000 0.5565
vn -0.7790 -0.0000 0.6270
vn -0.7643 -0.0000 0.6449
vn -0.7642 -0.0000 0.6449
vn -0.7057 -0.0000 0.7085
vn -0.6883 -0.0000 0.7255
vn -0.6882 -0.0000 0.7255
vn -0.6239 -0.0000 0.7815
vn -0.6038 -0.0000 0.7971
vn -0.5346 -0.0000 0.8451
vn -0.5119 -0.0000 0.8590
vn -0.5120 -0.0000 0.8590
vn -0.4389 -0.0000 0.8985
vn -0.4138 -0.0000 0.9104
vn -0.3379 -0.0000 0.9412
vn -0.3106 -0.0000 0.9505
vn -0.2329 -0.0000 0.9725
vn -0.2036 -0.0000 0.9791
vn -0.2036 -0.0000 0.9790
vn -0.1251 -0.0000 0.9921
vn -0.0941 -0.0000 0.9956
vn -0.0157 -0.0000 0.9999
vn 0.0166 -0.0000 0.9999
vn 0.0938 -0.0000 0.9956
vn 0.1270 -0.0000 0.9919
vn 0.2022 -0.0000 0.9793
vn 0.2359 -0.0000 0.9718
vn 0.3082 -0.0000 0.9513
vn 0.3081 -0.0000 0.9513
vn 0.3419 -0.0000 0.9397
vn 0.3420 -0.0000 0.9397
vn 0.4104 -0.0000 0.9119
vn 0.4438 -0.0000 0.8961
vn 0.5078 -0.0000 0.8615
vn 0.5077 -0.0000 0.8615
vn 0.4437 -0.0000 0.8962
vn 0.5401 -0.0000 0.8416
vn 0.5990 -0.0000 0.8008
vn 0.5990 -0.0000 0.8007
vn 0.6299 -0.0000 0.7767
vn 0.6830 -0.0000 0.7304
vn 0.7119 -0.0000 0.7023
vn 0.7589 -0.0000 0.6513
vn 0.7588 -0.0000 0.6513
vn 0.7596 -0.0000 0.6504
vn 0.7629 -0.0000 0.6466
vn 0.7673 -0.0000 0.6413
vn 0.7852 -0.0000 0.6193
vn 0.7759 -0.0000 0.6309
vn 0.7759 -0.0000 0.6308
vn 0.7801 -0.0000 0.6256
vn 0.7802 -0.0000 0.6256
vn 0.8368 -0.4285 -0.3408
vn 0.8599 -0.2980 -0.4145
vn 0.8423 -0.2944 -0.4515
vn 0.8599 -0.2981 -0.4144
vn 0.8494 -0.1813 -0.4957
vn 0.8420 -0.2948 -0.4519
vn 0.8282 -0.2271 -0.5124
vn 0.8494 -0.1813 -0.4956
vn 0.8041 -0.1789 -0.5669
vn 0.8201 -0.0712 -0.5678
vn 0.7902 -0.1453 -0.5954
vn 0.7764 -0.1012 -0.6221
vn 0.7764 -0.1012 -0.6220
vn 0.7774 -0.0358 -0.6280
vn 0.7427 -0.0216 -0.6693
vn 0.7958 -0.5610 -0.2279
vn 0.8158 -0.5251 -0.2423
vn 0.8482 -0.4171 -0.3266
vn 0.8482 -0.4171 -0.3265
vn 0.8599 -0.2981 -0.4145
vn 0.8893 -0.2540 -0.3804
vn 0.8828 -0.1464 -0.4463
vn 0.9133 -0.1155 -0.3907
vn 0.8828 -0.1464 -0.4464
vn 0.9133 -0.1155 -0.3906
vn 0.8998 -0.0840 -0.4282
vn 0.9166 -0.0852 -0.3906
vn 0.9167 -0.0852 -0.3905
vn 0.9317 -0.0829 -0.3536
vn 0.9402 -0.0898 -0.3285
vn 0.9453 -0.0773 -0.3169
vn 0.9453 -0.0772 -0.3169
vn 0.9575 -0.0686 -0.2801
vn 0.9418 -0.1694 -0.2905
vn 0.9418 -0.1694 -0.2904
vn 0.9629 -0.0703 -0.2604
vn 0.9631 -0.1328 -0.2341
vn 0.9631 -0.1328 -0.2342
vn 0.9684 -0.0577 -0.2428
vn 0.9806 -0.0573 -0.1876
vn 0.9778 -0.0454 -0.2048
vn 0.9777 -0.0454 -0.2048
vn 0.9856 -0.0331 -0.1659
vn 0.9926 -0.0505 -0.1108
vn 0.9919 -0.0216 -0.1250
vn 0.9919 -0.0217 -0.1250
vn 0.9992 -0.0246 -0.0305
vn 0.9919 -0.0217 -0.1251
vn 0.9962 -0.0128 -0.0856
vn 0.9988 -0.0067 -0.0487
vn 0.9999 -0.0032 -0.0135
vn 0.9982 -0.0262 0.0542
vn 0.9999 -0.0031 -0.0135
vn 0.9998 -0.0022 0.0210
vn 0.9985 -0.0042 0.0553
vn 0.9959 -0.0085 0.0896
vn 0.9905 -0.0235 0.1358
vn 0.9904 -0.0236 0.1359
vn 0.9921 -0.0150 0.1245
vn 0.9867 -0.0235 0.1610
vn 0.9867 -0.0235 0.1609
vn 0.9897 -0.0583 0.1307
vn 0.9764 -0.0711 0.2038
vn 0.9883 -0.0931 0.1210
vn 0.9750 -0.1211 0.1863
vn 0.9861 -0.1279 0.1065
vn 0.9717 -0.1715 0.1623
vn 0.9831 -0.1603 0.0886
vn 0.9665 -0.2188 0.1339
vn 0.9790 -0.1928 0.0663
vn 0.9587 -0.2665 0.0994
vn 0.9764 -0.2091 0.0533
vn 0.9764 -0.2091 0.0534
vn 0.9535 -0.2906 0.0797
vn 0.9735 -0.2255 0.0392
vn 0.9735 -0.2254 0.0392
vn 0.9474 -0.3147 0.0583
vn 0.9700 -0.2418 0.0239
vn 0.9402 -0.3388 0.0353
vn 0.9402 -0.3389 0.0353
vn 0.8946 -0.4467 0.0133
vn 0.8883 -0.4573 0.0432
vn 0.8170 -0.5747 0.0470
vn 0.8408 -0.5354 0.0795
vn 0.7706 -0.6321 0.0809
vn 0.7707 -0.6321 0.0809
vn 0.8003 -0.5885 0.1147
vn 0.7693 -0.6286 0.1142
vn 0.7990 -0.5826 0.1488
vn 0.7990 -0.5827 0.1488
vn 0.7723 -0.6178 0.1478
vn 0.8256 -0.5197 0.2200
vn 0.7879 -0.5871 0.1856
vn 0.8374 -0.4744 0.2715
vn 0.7628 -0.6268 -0.1593
vn 0.7182 -0.6857 -0.1186
vn 0.7627 -0.6268 -0.1593
vn 0.7181 -0.6857 -0.1186
vn 0.7289 -0.6741 -0.1194
vn 0.6907 -0.7186 -0.0814
vn 0.6906 -0.7186 -0.0814
vn 0.7814 -0.6119 -0.1222
vn 0.7489 -0.6572 -0.0850
vn 0.7489 -0.6572 -0.0849
vn 0.8367 -0.5344 -0.1200
vn 0.8117 -0.5778 -0.0850
vn 0.8117 -0.5778 -0.0849
vn 0.8892 -0.4438 -0.1114
vn 0.8892 -0.4437 -0.1114
vn 0.8724 -0.4822 -0.0801
vn 0.9328 -0.3475 -0.0957
vn 0.9231 -0.3782 -0.0695
vn 0.9634 -0.2580 -0.0731
vn 0.9585 -0.2801 -0.0534
vn 0.9809 -0.1895 -0.0448
vn 0.9783 -0.2045 -0.0328
vn 0.9879 -0.1546 -0.0123
vn 0.9861 -0.1658 -0.0090
vn 0.9879 -0.1545 -0.0123
vn 0.9867 -0.1611 0.0221
vn 0.9848 -0.1728 0.0163
vn 0.6483 -0.7600 -0.0456
vn 0.6074 -0.7941 -0.0219
vn 0.6091 -0.7928 -0.0219
vn 0.6619 -0.7493 -0.0177
vn 0.6483 -0.7600 -0.0455
vn 0.6619 -0.7494 -0.0177
vn 0.7124 -0.7001 -0.0486
vn 0.7490 -0.6571 -0.0850
vn 0.7279 -0.6855 -0.0153
vn 0.7830 -0.6200 -0.0495
vn 0.8527 -0.5202 -0.0474
vn 0.8676 -0.4971 -0.0130
vn 0.9116 -0.4089 -0.0416
vn 0.9527 -0.3022 -0.0322
vn 0.8675 -0.4972 -0.0129
vn 0.9827 -0.1853 -0.0010
vn 0.9827 -0.1853 -0.0011
vn 0.9754 -0.2196 -0.0198
vn 0.9783 -0.2046 -0.0328
vn 0.9700 -0.2418 0.0238
vn 0.9828 -0.1845 0.0100
vn 0.9842 -0.1770 -0.0053
vn 0.9842 -0.1770 -0.0054
vn 0.7533 -0.6575 0.0161
vn 0.7373 -0.6740 0.0470
vn 0.7356 -0.6727 0.0797
vn 0.7357 -0.6727 0.0797
vn 0.7392 -0.6640 0.1122
vn 0.7393 -0.6640 0.1123
vn 0.7393 -0.6640 0.1122
vn 0.6798 -0.7332 0.0186
vn 0.7372 -0.6740 0.0470
vn 0.6981 -0.7145 0.0458
vn 0.6982 -0.7145 0.0458
vn 0.7021 -0.7078 0.0775
vn 0.7151 -0.6916 0.1018
vn 0.6981 -0.7146 0.0459
vn 0.6612 -0.7490 0.0441
vn 0.6612 -0.7489 0.0441
vn 0.6798 -0.7331 0.0186
vn 0.6196 -0.7845 0.0234
vn 0.8613 -0.4163 0.2913
vn 0.8632 -0.3583 0.3558
vn 0.8807 -0.3024 0.3645
vn 0.8632 -0.3582 0.3558
vn 0.8665 -0.3271 0.3772
vn 0.8650 -0.2758 0.4191
vn 0.8530 -0.2157 0.4753
vn 0.8670 -0.2097 0.4521
vn 0.8819 -0.1894 0.4316
vn 0.8819 -0.1893 0.4317
vn 0.8948 -0.2775 0.3497
vn 0.8776 -0.3864 0.2836
vn 0.8776 -0.3865 0.2835
vn 0.8938 -0.3554 0.2735
vn 0.8777 -0.3864 0.2835
vn 0.8670 -0.4505 0.2130
vn 0.8938 -0.3554 0.2736
vn 0.9067 -0.3731 0.1967
vn 0.8793 -0.4549 0.1409
vn 0.9251 -0.3586 0.1247
vn 0.9148 -0.3916 0.0992
vn 0.9148 -0.3915 0.0992
vn 0.8444 -0.1784 0.5051
vn 0.8490 -0.0965 0.5196
vn 0.8819 -0.1894 0.4317
vn 0.8672 -0.0800 0.4916
vn 0.8964 -0.1698 0.4094
vn 0.8845 -0.0653 0.4619
vn 0.8845 -0.0654 0.4619
vn 0.9103 -0.1513 0.3853
vn 0.8913 -0.0589 0.4495
vn 0.9110 -0.0648 0.4074
vn 0.8360 -0.1245 0.5344
vn 0.8360 -0.1246 0.5344
vn 0.8114 -0.0208 0.5842
vn 0.8423 -0.0361 0.5378
vn 0.8687 -0.0491 0.4929
vn 0.8914 -0.0589 0.4495
vn 0.9282 -0.0663 0.3662
vn 0.9360 -0.1180 0.3316
vn 0.9342 -0.2039 0.2927
vn 0.9360 -0.1181 0.3316
vn 0.9567 -0.1590 0.2437
vn 0.9509 -0.2281 0.2092
vn 0.9717 -0.1715 0.1622
vn 0.9434 -0.0633 0.3257
vn 0.9583 -0.0910 0.2710
vn 0.9567 -0.1591 0.2437
vn 0.9568 -0.0564 0.2852
vn 0.9687 -0.0462 0.2439
vn 0.9687 -0.0463 0.2439
vn 0.9764 -0.0710 0.2038
vn 0.9789 -0.0344 0.2013
vn 0.9789 -0.0344 0.2014
vn 0.9575 -0.0686 -0.2802
vn 0.8809 -0.0794 -0.4665
vn 0.8597 -0.0718 -0.5057
vn 0.8356 -0.0616 -0.5458
vn 0.8083 -0.0493 -0.5867
vn 0.8494 -0.1814 -0.4957
vn 0.8494 -0.1814 -0.4956
vn 0.8083 -0.0493 -0.5868
vn 0.7971 -0.1644 -0.5810
vn 0.8097 -0.5647 -0.1598
vn 0.8096 -0.5647 -0.1598
vn 0.8580 -0.4899 -0.1543
vn 0.9033 -0.4051 -0.1413
vn 0.9408 -0.3169 -0.1201
vn 0.9675 -0.2360 -0.0912
vn 0.9831 -0.1745 -0.0558
vn 0.9896 -0.1433 -0.0153
vn 0.9884 -0.1494 0.0273
vn 0.9884 -0.1494 0.0274
vn 0.8530 -0.4661 -0.2349
vn 0.8530 -0.4660 -0.2349
vn 0.8900 -0.3993 -0.2200
vn 0.9242 -0.3276 -0.1965
vn 0.9242 -0.3276 -0.1964
vn 0.9527 -0.2561 -0.1639
vn 0.9526 -0.2561 -0.1639
vn 0.9736 -0.1923 -0.1230
vn 0.9867 -0.1445 -0.0747
vn 0.9867 -0.1446 -0.0747
vn 0.9831 -0.1745 -0.0557
vn 0.9925 -0.1207 -0.0205
vn 0.9914 -0.1259 0.0364
vn 0.8791 -0.3642 -0.3074
vn 0.9091 -0.3080 -0.2805
vn 0.9365 -0.2508 -0.2451
vn 0.9597 -0.1962 -0.2011
vn 0.9597 -0.1963 -0.2011
vn 0.9775 -0.1491 -0.1491
vn 0.9775 -0.1492 -0.1491
vn 0.9893 -0.1147 -0.0899
vn 0.9893 -0.1147 -0.0900
vn 0.9949 -0.0980 -0.0245
vn 0.9949 -0.0980 -0.0246
vn 0.9938 -0.1025 0.0436
vn 0.9938 -0.1025 0.0435
vn 0.9860 -0.1279 0.1065
vn 0.9169 -0.2105 -0.3392
vn 0.9168 -0.2106 -0.3392
vn 0.9798 -0.1031 -0.1713
vn 0.9798 -0.1030 -0.1713
vn 0.9913 -0.0826 -0.1023
vn 0.9913 -0.0826 -0.1024
vn 0.9969 -0.0736 -0.0277
vn 0.9958 -0.0771 0.0492
vn 0.9973 -0.0517 0.0527
vn 0.9984 -0.0491 -0.0297
vn 0.9969 -0.0736 -0.0278
vn 0.9982 -0.0262 0.0543
vn 0.9897 -0.0583 0.1308
vn 0.9904 -0.0235 0.1359
vn 0.9905 -0.0236 0.1358
vn 0.9408 -0.2930 0.1703
vn 0.9026 -0.4245 0.0721
vn 0.8616 -0.4954 0.1108
vn 0.8615 -0.4954 0.1108
vn 0.8262 -0.5435 0.1482
vn 0.8262 -0.5434 0.1486
vn 0.8463 -0.4863 0.2176
vn 0.8462 -0.4863 0.2176
vn 0.8463 -0.4863 0.2175
vn 0.8616 -0.4954 0.1109
vn 0.9408 -0.2930 0.1704
vn 0.9244 -0.2913 0.2463
vn 0.9085 -0.2526 0.3329
vn 0.8255 -0.5197 0.2200
vn -0.6686 0.5015 -0.5490
vn -0.6672 0.4940 -0.5576
vn -0.6477 0.4586 -0.6084
vn -0.6672 0.4939 -0.5576
vn -0.6709 0.4950 -0.5521
vn -0.6597 0.4642 -0.5911
vn -0.6596 0.4642 -0.5911
vn -0.6788 0.5046 -0.5335
vn -0.6788 0.5045 -0.5335
vn -0.6921 0.5129 -0.5078
vn -0.6884 0.5201 -0.5055
vn -0.6884 0.5201 -0.5056
vn -0.6937 0.5304 -0.4874
vn -0.7033 0.5450 -0.4564
vn -0.6937 0.5303 -0.4874
vn -0.6981 0.5404 -0.4697
vn -0.6982 0.5404 -0.4696
vn -0.7023 0.5514 -0.4503
vn -0.7023 0.5514 -0.4502
vn -0.7120 0.5727 -0.4063
vn -0.7048 0.5600 -0.4354
vn -0.7058 0.5658 -0.4263
vn -0.7055 0.5684 -0.4234
vn -0.7054 0.5684 -0.4234
vn -0.7125 0.5744 -0.4030
vn -0.7208 0.5788 -0.3814
vn -0.7213 0.5809 -0.3773
vn -0.7208 0.5788 -0.3813
vn -0.7213 0.5809 -0.3772
vn -0.7292 0.5846 -0.3557
vn -0.7295 0.5871 -0.3509
vn -0.7292 0.5846 -0.3556
vn -0.7296 0.5871 -0.3508
vn -0.7447 0.5950 -0.3024
vn -0.7447 0.5949 -0.3024
vn -0.7296 0.5871 -0.3509
vn -0.7446 0.5981 -0.2965
vn -0.7582 0.6037 -0.2465
vn -0.7573 0.6072 -0.2403
vn -0.7573 0.6073 -0.2404
vn -0.7694 0.6106 -0.1875
vn -0.7573 0.6072 -0.2404
vn -0.7677 0.6145 -0.1817
vn -0.7677 0.6145 -0.1818
vn -0.7780 0.6153 -0.1269
vn -0.7753 0.6196 -0.1225
vn -0.7780 0.6153 -0.1268
vn -0.7830 0.6170 -0.0791
vn -0.7796 0.6221 -0.0721
vn -0.7796 0.6221 -0.0720
vn -0.7692 0.6291 -0.1120
vn -0.7773 0.6258 -0.0645
vn -0.7773 0.6258 -0.0644
vn -0.7737 0.6309 -0.0580
vn -0.7763 0.6278 -0.0570
vn -0.7770 0.6276 -0.0488
vn -0.7738 0.6308 -0.0579
vn -0.7649 0.6421 -0.0506
vn -0.7595 0.6505 -0.0032
vn -0.7573 0.6517 -0.0434
vn -0.7573 0.6517 -0.0433
vn -0.7508 0.6595 -0.0363
vn -0.7508 0.6596 -0.0363
vn -0.7547 0.6508 -0.0833
vn -0.7547 0.6507 -0.0833
vn -0.7489 0.6590 -0.0695
vn -0.7510 0.6488 -0.1223
vn -0.7464 0.6577 -0.1018
vn -0.7463 0.6460 -0.1602
vn -0.7431 0.6557 -0.1332
vn -0.7408 0.6424 -0.1961
vn -0.7394 0.6533 -0.1629
vn -0.7394 0.6533 -0.1630
vn -0.7408 0.6425 -0.1961
vn -0.7345 0.6382 -0.2308
vn -0.7345 0.6381 -0.2308
vn -0.7351 0.6503 -0.1917
vn -0.7311 0.6358 -0.2476
vn -0.7327 0.6487 -0.2057
vn -0.7275 0.6332 -0.2642
vn -0.7275 0.6332 -0.2641
vn -0.7303 0.6470 -0.2194
vn -0.7238 0.6305 -0.2803
vn -0.7277 0.6451 -0.2329
vn -0.7205 0.6289 -0.2924
vn -0.7277 0.6451 -0.2328
vn -0.7270 0.6489 -0.2247
vn -0.7037 0.5678 -0.4270
vn -0.7117 0.5914 -0.3791
vn -0.7117 0.5914 -0.3790
vn -0.7187 0.5964 -0.3575
vn -0.7237 0.6164 -0.3102
vn -0.7287 0.6200 -0.2908
vn -0.7237 0.6165 -0.3102
vn -0.6985 0.5699 -0.4327
vn -0.6985 0.5699 -0.4328
vn -0.7007 0.5640 -0.4369
vn -0.7007 0.5641 -0.4369
vn -0.6963 0.5572 -0.4524
vn -0.6964 0.5571 -0.4524
vn -0.6908 0.5474 -0.4723
vn -0.6862 0.5388 -0.4887
vn -0.6814 0.5295 -0.5053
vn -0.7112 0.6027 -0.3618
vn -0.7117 0.5915 -0.3791
vn -0.7185 0.6127 -0.3290
vn -0.7185 0.6128 -0.3290
vn -0.7269 0.6489 -0.2247
vn -0.7306 0.6567 -0.1868
vn -0.7306 0.6568 -0.1868
vn -0.7312 0.6632 -0.1598
vn -0.7327 0.6657 -0.1417
vn -0.7338 0.6725 -0.0961
vn -0.7341 0.6721 -0.0970
vn -0.7338 0.6725 -0.0960
vn -0.7349 0.6761 -0.0525
vn -0.7341 0.6721 -0.0971
vn -0.7350 0.6762 -0.0494
vn -0.7352 0.6778 -0.0073
vn -0.7353 0.6778 -0.0069
vn -0.7352 0.6771 0.0320
vn -0.7352 0.6771 0.0321
vn -0.7353 0.6771 0.0299
vn -0.7353 0.6745 0.0659
vn -0.7358 0.6748 0.0559
vn -0.7358 0.6748 0.0560
vn -0.7367 0.6707 0.0866
vn -0.7377 0.6714 0.0708
vn -0.7377 0.6714 0.0707
vn -0.7400 0.6654 0.0983
vn -0.7417 0.6665 0.0750
vn -0.7459 0.6591 0.0963
vn -0.7418 0.6665 0.0750
vn -0.7481 0.6603 0.0655
vn -0.7482 0.6603 0.0655
vn -0.7544 0.6515 0.0801
vn -0.7567 0.6524 0.0415
vn -0.7567 0.6524 0.0416
vn -0.7651 0.6420 0.0491
vn -0.7650 0.6423 0.0470
vn -0.7651 0.6421 0.0492
vn -0.7660 0.6407 0.0530
vn -0.7619 0.6406 0.0950
vn -0.7680 0.6377 0.0593
vn -0.7708 0.6337 0.0651
vn -0.7620 0.6406 0.0950
vn -0.7707 0.6275 0.1105
vn -0.7743 0.6289 0.0697
vn -0.7741 0.6292 0.0700
vn -0.7792 0.6225 0.0725
vn -0.7792 0.6225 0.0724
vn -0.7707 0.6276 0.1105
vn -0.7807 0.6119 0.1265
vn -0.7837 0.6171 0.0706
vn -0.7818 0.6102 0.1282
vn -0.7818 0.6103 0.1282
vn -0.7869 0.6135 0.0656
vn -0.7818 0.6103 0.1281
vn -0.7987 0.5973 0.0733
vn -0.7986 0.5974 0.0733
vn -0.7875 0.6138 0.0552
vn -0.8040 0.5946 0.0082
vn -0.7863 0.6160 0.0474
vn -0.7863 0.6161 0.0474
vn -0.7837 0.6198 0.0406
vn -0.7802 0.6245 0.0355
vn -0.7802 0.6246 0.0355
vn -0.7762 0.6296 0.0327
vn -0.7763 0.6296 0.0327
vn -0.7511 0.6602 0.0023
vn -0.7714 0.6355 0.0324
vn -0.7677 0.6399 0.0352
vn -0.7677 0.6399 0.0351
vn -0.7654 0.6423 0.0402
vn -0.7567 0.6525 0.0415
vn -0.7351 0.6772 -0.0318
vn -0.7352 0.6778 -0.0077
vn -0.7352 0.6770 0.0342
vn -0.7351 0.6743 0.0708
vn -0.7351 0.6743 0.0707
vn -0.7355 0.6698 0.1021
vn -0.7367 0.6707 0.0865
vn -0.7355 0.6698 0.1022
vn -0.7379 0.6640 0.1206
vn -0.7430 0.6573 0.1264
vn -0.7511 0.6496 0.1180
vn -0.7351 0.6772 0.0320
vn -0.7352 0.6778 -0.0078
vn -0.7351 0.6770 0.0363
vn -0.7351 0.6770 0.0364
vn -0.7348 0.6741 0.0755
vn -0.7348 0.6694 0.1097
vn -0.7356 0.6623 0.1422
vn -0.7356 0.6623 0.1423
vn -0.7379 0.6640 0.1207
vn -0.7396 0.6549 0.1551
vn -0.7396 0.6549 0.1552
vn -0.7467 0.6468 0.1551
vn -0.7430 0.6572 0.1264
vn -0.7572 0.6379 0.1404
vn -0.7345 0.6739 0.0802
vn -0.7345 0.6739 0.0803
vn -0.7339 0.6726 0.0949
vn -0.7334 0.6683 0.1245
vn -0.7314 0.6632 0.1588
vn -0.7315 0.6594 0.1736
vn -0.7273 0.6485 0.2247
vn -0.7288 0.6471 0.2237
vn -0.7212 0.6280 0.2924
vn -0.7250 0.6313 0.2752
vn -0.7250 0.6314 0.2752
vn -0.7198 0.6116 0.3283
vn -0.7251 0.6155 0.3089
vn -0.7200 0.5928 0.3607
vn -0.7270 0.5979 0.3377
vn -0.7201 0.5929 0.3604
vn -0.7223 0.5722 0.3884
vn -0.7312 0.5785 0.3615
vn -0.7224 0.5722 0.3884
vn -0.7306 0.5733 0.3709
vn -0.7476 0.5858 0.3129
vn -0.7485 0.5645 0.3481
vn -0.7665 0.5768 0.2824
vn -0.7665 0.5769 0.2823
vn -0.7714 0.5636 0.2955
vn -0.7812 0.5867 0.2134
vn -0.7966 0.5862 0.1477
vn -0.7812 0.5867 0.2133
vn -0.7966 0.5862 0.1476
vn -0.7919 0.5935 0.1440
vn -0.7919 0.5935 0.1436
vn -0.7920 0.5935 0.1433
vn -0.7125 0.6011 0.3620
vn -0.7166 0.6002 0.3552
vn -0.7178 0.6007 0.3519
vn -0.7003 0.5669 0.4339
vn -0.7046 0.5764 0.4139
vn -0.7046 0.5764 0.4138
vn -0.7077 0.5834 0.3984
vn -0.7077 0.5835 0.3984
vn -0.7115 0.5915 0.3794
vn -0.6836 0.5249 0.5071
vn -0.6972 0.5586 0.4494
vn -0.7003 0.5669 0.4338
vn -0.6971 0.5586 0.4494
vn -0.7013 0.5689 0.4295
vn -0.7046 0.5765 0.4138
vn -0.6613 0.4742 0.5811
vn -0.6907 0.5238 0.4985
vn -0.6836 0.5249 0.5072
vn -0.6907 0.5239 0.4985
vn -0.6945 0.5405 0.4749
vn -0.6924 0.5398 0.4788
vn -0.6613 0.4742 0.5812
vn -0.7258 0.5257 0.4437
vn -0.7034 0.5329 0.4703
vn -0.6982 0.5450 0.4643
vn -0.7028 0.5526 0.4480
vn -0.7112 0.5589 0.4264
vn -0.7028 0.5526 0.4481
vn -0.7075 0.5623 0.4281
vn -0.7130 0.5655 0.4145
vn -0.7108 0.5702 0.4120
vn -0.7108 0.5701 0.4121
vn -0.7135 0.5778 0.3963
vn -0.7161 0.5868 0.3779
vn -0.7177 0.5938 0.3637
vn -0.7177 0.5939 0.3637
vn -0.7201 0.5928 0.3607
vn -0.7182 0.5986 0.3548
vn -0.7182 0.5985 0.3549
vn -0.7179 0.6007 0.3519
vn -0.7273 0.5497 0.4110
vn -0.7157 0.5415 0.4411
vn -0.7212 0.5663 0.3990
vn -0.8040 0.5946 0.0081
vn -0.7354 0.6776 -0.0002
vn -0.7399 0.6725 0.0193
vn -0.7398 0.6725 0.0193
vn -0.7441 0.6675 0.0266
vn -0.7497 0.6609 0.0341
vn -0.7497 0.6609 0.0340
vn -0.7431 0.6672 0.0511
vn -0.7482 0.6603 0.0654
vn -0.7411 0.6710 -0.0223
vn -0.7380 0.6746 -0.0153
vn -0.7361 0.6769 -0.0082
vn -0.7361 0.6769 -0.0083
vn -0.7380 0.6746 -0.0152
vn -0.7377 0.6745 -0.0291
vn -0.7377 0.6745 -0.0292
vn -0.7360 0.6768 -0.0158
vn -0.7372 0.6743 -0.0426
vn -0.7360 0.6768 -0.0157
vn -0.7358 0.6768 -0.0230
vn -0.7367 0.6740 -0.0556
vn -0.7357 0.6767 -0.0301
vn -0.7357 0.6767 -0.0300
vn -0.7367 0.6740 -0.0555
vn -0.7360 0.6735 -0.0679
vn -0.7355 0.6766 -0.0367
vn -0.7355 0.6765 -0.0367
vn -0.7353 0.6730 -0.0799
vn -0.7353 0.6764 -0.0431
vn -0.7353 0.6764 -0.0432
vn -0.7349 0.6727 -0.0857
vn -0.7352 0.6763 -0.0463
vn -0.7351 0.6763 -0.0463
vn -0.7345 0.6724 -0.0914
vn -0.7340 0.6721 -0.0971
vn -0.7864 0.6177 -0.0059
vn -0.7798 0.6246 -0.0425
vn -0.7844 0.6191 -0.0391
vn -0.7843 0.6191 -0.0390
vn -0.7901 0.6118 -0.0390
vn -0.7901 0.6117 -0.0390
vn -0.7948 0.6054 -0.0423
vn -0.7990 0.5994 -0.0484
vn -0.8227 0.5684 -0.0126
vn -0.8019 0.5947 -0.0568
vn -0.8032 0.5921 -0.0664
vn -0.8032 0.5920 -0.0664
vn -0.8069 0.5851 -0.0813
vn -0.8069 0.5851 -0.0812
vn -0.8019 0.5924 -0.0774
vn -0.7984 0.5809 -0.1585
vn -0.7877 0.5994 -0.1424
vn -0.7877 0.5993 -0.1424
vn -0.7849 0.5732 -0.2352
vn -0.7769 0.5932 -0.2109
vn -0.7850 0.5732 -0.2352
vn -0.7669 0.5620 -0.3100
vn -0.7769 0.5933 -0.2109
vn -0.7625 0.5844 -0.2776
vn -0.7451 0.5480 -0.3803
vn -0.7453 0.5732 -0.3405
vn -0.7199 0.5315 -0.4464
vn -0.7254 0.5600 -0.4003
vn -0.7063 0.5224 -0.4778
vn -0.7146 0.5527 -0.4288
vn -0.7146 0.5527 -0.4289
vn -0.8068 0.5852 -0.0812
vn -0.8201 0.5652 -0.0895
vn -0.8227 0.5683 -0.0126
vn -0.8228 0.5682 -0.0126
vn -0.8229 0.5680 -0.0127
vn -0.8230 0.5679 -0.0127
vn -0.8231 0.5678 -0.0127
vn -0.8120 0.5562 -0.1768
vn -0.8120 0.5563 -0.1767
vn -0.8099 0.5598 -0.1751
vn -0.7934 0.5500 -0.2608
vn -0.8099 0.5598 -0.1753
vn -0.8121 0.5562 -0.1767
vn -0.7753 0.5255 -0.3504
vn -0.7753 0.5254 -0.3505
vn -0.7709 0.5361 -0.3440
vn -0.7709 0.5361 -0.3441
vn -0.7753 0.5254 -0.3504
vn -0.7436 0.5188 -0.4218
vn -0.7436 0.5187 -0.4218
vn -0.7102 0.4750 -0.5197
vn -0.7122 0.4985 -0.4943
vn -0.7122 0.4985 -0.4942
vn -0.6952 0.4875 -0.5282
vn -0.6953 0.4875 -0.5282
vn -0.6777 0.4760 -0.5605
vn -0.6219 0.4100 -0.6672
vn -0.6597 0.4641 -0.5911
vn -0.7930 0.6030 -0.0874
vn -0.7872 0.6109 -0.0846
vn -0.7872 0.6109 -0.0845
vn -0.7780 0.6153 -0.1270
vn -0.7829 0.6170 -0.0792
vn -0.7929 0.6030 -0.0874
vn -0.7982 0.5963 -0.0849
vn -0.7982 0.5964 -0.0849
vn -0.7868 0.6139 0.0645
vn -0.7869 0.6135 0.0655
vn -0.7867 0.6140 0.0644
vn -0.7145 0.5972 0.3645
vn -0.7146 0.5971 0.3645
vn -0.6922 0.5429 0.4755
vn -0.6939 0.5495 0.4654
vn -0.6939 0.5495 0.4653
vn -0.7357 0.6773 0.0057
vn -0.7353 0.6778 -0.0012
vn -0.7353 0.6778 -0.0013
vn -0.7451 0.5480 -0.3802
vn -0.7063 0.5224 -0.4777
vn -0.7033 0.5450 -0.4565
vn -0.7292 0.5845 -0.3558
vn -0.7447 0.5950 -0.3023
vn -0.7453 0.5733 -0.3405
vn -0.7877 0.5993 -0.1425
vn -0.7769 0.5932 -0.2108
vn -0.7625 0.5844 -0.2775
vn -0.7187 0.5964 -0.3576
vn -0.7254 0.6011 -0.3354
vn -0.7318 0.6055 -0.3127
vn -0.7437 0.6135 -0.2656
vn -0.7436 0.6135 -0.2657
vn -0.7539 0.6202 -0.2166
vn -0.7539 0.6202 -0.2167
vn -0.7626 0.6255 -0.1650
vn -0.7335 0.6233 -0.2711
vn -0.7423 0.6293 -0.2303
vn -0.7499 0.6342 -0.1880
vn -0.7499 0.6342 -0.1879
vn -0.7564 0.6382 -0.1433
vn -0.7615 0.6408 -0.0975
vn -0.7287 0.6200 -0.2909
vn -0.7463 0.6460 -0.1601
vn -0.7500 0.6342 -0.1879
vn -0.7499 0.6343 -0.1879
vn -0.7564 0.6382 -0.1434
vn -0.7322 0.6579 -0.1759
vn -0.7336 0.6664 -0.1334
vn -0.7336 0.6664 -0.1335
vn -0.7338 0.6590 -0.1650
vn -0.7338 0.6590 -0.1649
vn -0.7322 0.6579 -0.1760
vn -0.7345 0.6670 -0.1251
vn -0.7353 0.6601 -0.1537
vn -0.7338 0.6591 -0.1649
vn -0.7353 0.6676 -0.1166
vn -0.7353 0.6730 -0.0798
vn -0.7350 0.6504 -0.1917
vn -0.7380 0.6620 -0.1307
vn -0.7369 0.6687 -0.0991
vn -0.7369 0.6687 -0.0992
vn -0.7404 0.6636 -0.1069
vn -0.7383 0.6696 -0.0811
vn -0.7367 0.6739 -0.0556
vn -0.7464 0.6577 -0.1019
vn -0.7425 0.6648 -0.0818
vn -0.7395 0.6703 -0.0621
vn -0.7405 0.6636 -0.1069
vn -0.7442 0.6656 -0.0559
vn -0.7404 0.6708 -0.0425
vn -0.7411 0.6710 -0.0222
vn -0.7453 0.6660 -0.0292
vn -0.7454 0.6660 -0.0292
vn -0.7507 0.6596 -0.0363
vn -0.7442 0.6656 -0.0560
vn -0.7490 0.6590 -0.0695
vn -0.7353 0.6778 -0.0068
vn -0.7353 0.6778 -0.0064
vn -0.7353 0.6778 -0.0054
vn -0.7353 0.6778 -0.0044
vn -0.7353 0.6778 -0.0034
vn -0.7353 0.6778 -0.0023
vn -0.7353 0.6778 -0.0024
vn -0.7353 0.6771 0.0298
vn -0.7354 0.6772 0.0253
vn -0.7354 0.6772 0.0254
vn -0.7355 0.6772 0.0207
vn -0.7355 0.6772 0.0208
vn -0.7353 0.6778 -0.0045
vn -0.7355 0.6773 0.0207
vn -0.7355 0.6773 0.0159
vn -0.7356 0.6773 0.0109
vn -0.7356 0.6773 0.0108
vn -0.7356 0.6773 0.0057
vn -0.7372 0.6756 0.0125
vn -0.7370 0.6755 0.0239
vn -0.7355 0.6773 0.0160
vn -0.7370 0.6755 0.0240
vn -0.7367 0.6754 0.0350
vn -0.7363 0.6751 0.0457
vn -0.7393 0.6723 0.0369
vn -0.7386 0.6719 0.0541
vn -0.7386 0.6719 0.0540
vn -0.7363 0.6751 0.0458
vn -0.7358 0.6748 0.0561
vn -0.7341 0.6689 0.1171
vn -0.7329 0.6604 0.1633
vn -0.7315 0.6593 0.1736
vn -0.7312 0.6489 0.2104
vn -0.7288 0.6471 0.2238
vn -0.7287 0.6341 0.2588
vn -0.7287 0.6341 0.2589
vn -0.7343 0.6614 0.1529
vn -0.7343 0.6614 0.1528
vn -0.7356 0.6521 0.1832
vn -0.7415 0.6433 0.1907
vn -0.7467 0.6468 0.1552
vn -0.7510 0.6339 0.1849
vn -0.7643 0.6237 0.1636
vn -0.7441 0.6676 0.0266
vn -0.7399 0.6725 0.0192
vn -0.7335 0.6506 0.1969
vn -0.7322 0.6366 0.2422
vn -0.7321 0.6366 0.2423
vn -0.7301 0.6192 0.2891
vn -0.7287 0.6340 0.2589
vn -0.7251 0.6155 0.3090
vn -0.7355 0.6390 0.2253
vn -0.7435 0.6288 0.2275
vn -0.7558 0.6182 0.2158
vn -0.7724 0.6068 0.1879
vn -0.7724 0.6068 0.1878
vn -0.7807 0.6119 0.1266
vn -0.7321 0.6366 0.2422
vn -0.7349 0.6226 0.2689
vn -0.7349 0.6226 0.2687
vn -0.7300 0.6191 0.2896
vn -0.7336 0.6026 0.3142
vn -0.7270 0.5979 0.3376
vn -0.7456 0.6111 0.2658
vn -0.7611 0.5993 0.2482
vn -0.7559 0.6181 0.2158
vn -0.7724 0.6068 0.1877
vn -0.7611 0.5993 0.2483
vn -0.7734 0.6044 0.1909
vn -0.7734 0.6045 0.1910
vn -0.7734 0.6045 0.1909
vn -0.7919 0.5935 0.1433
vn -0.7473 0.5898 0.3059
vn -0.7476 0.5859 0.3129
vn -0.7665 0.5769 0.2824
vn -0.7619 0.5962 0.2531
vn -0.7473 0.5899 0.3059
vn -0.7130 0.5655 0.4146
vn -0.7224 0.5722 0.3883
vn -0.7035 0.5329 0.4703
vn -0.7473 0.5898 0.3060
vn 0.9999 -0.0000 -0.0117
vn 0.9998 -0.0000 0.0210
vn 0.9996 -0.0000 0.0292
vn 0.9985 -0.0000 0.0544
vn 0.9988 -0.0000 0.0495
vn 0.9988 -0.0000 0.0494
vn 0.9985 -0.0000 0.0546
vn 0.9977 -0.0000 0.0673
vn 0.9985 -0.0000 0.0545
vn 0.9962 -0.0000 0.0875
vn 0.9967 -0.0000 0.0816
vn 0.9962 -0.0000 0.0873
vn 0.9957 -0.0000 0.0926
vn 0.9957 -0.0000 0.0925
vn 0.9926 -0.0000 0.1212
vn 0.9944 -0.0000 0.1059
vn 0.9939 -0.0000 0.1101
vn 0.9875 -0.0000 0.1574
vn 0.9847 -0.0000 0.1743
vn 0.9799 -0.0000 0.1995
vn 0.9799 -0.0000 0.1996
vn 0.9709 -0.0000 0.2394
vn 0.9692 -0.0000 0.2463
vn 0.9709 -0.0000 0.2393
vn 0.9560 -0.0000 0.2933
vn 0.9998 -0.0000 0.0209
vn 0.9999 -0.0000 -0.0131
vn 0.9995 -0.0000 -0.0324
vn 0.9989 -0.0000 -0.0471
vn 0.9987 -0.0000 -0.0507
vn 0.9979 -0.0000 -0.0653
vn 0.9979 -0.0000 -0.0654
vn 0.9966 -0.0000 -0.0823
vn 0.9971 -0.0000 -0.0766
vn 0.9966 -0.0001 -0.0823
vn 0.9971 -0.0000 -0.0765
vn 0.9959 -0.0000 -0.0902
vn 0.9955 -0.0000 -0.0946
vn 0.9927 -0.0000 -0.1206
vn 0.9858 -0.0000 -0.1680
vn 0.9867 -0.0000 -0.1623
vn 0.9858 -0.0000 -0.1681
vn 0.9789 -0.0000 -0.2044
vn 0.9789 -0.0000 -0.2043
vn 0.9702 -0.0000 -0.2425
vn 0.9689 -0.0000 -0.2476
vn 0.9566 -0.0000 -0.2914
vn 0.9566 -0.0000 -0.2915
vn 0.9475 -0.0000 -0.3197
vn 0.9420 -0.0000 -0.3356
vn 0.9420 -0.0000 -0.3355
vn 0.9252 -0.0000 -0.3794
vn 0.9166 -0.0000 -0.3998
vn 0.9166 -0.0000 -0.3999
vn 0.9062 -0.0000 -0.4229
vn 0.8762 -0.0000 -0.4820
vn 0.9061 -0.0000 -0.4230
vn 0.8849 -0.0000 -0.4658
vn 0.8616 -0.0000 -0.5076
vn 0.8248 -0.0000 -0.5654
vn 0.8616 -0.0000 -0.5075
vn 0.8366 -0.0000 -0.5478
vn 0.8101 -0.0000 -0.5863
vn 0.7823 -0.0000 -0.6229
vn 0.7607 -0.0000 -0.6491
vn 0.7539 -0.0000 -0.6570
vn 0.7251 -0.0000 -0.6886
vn 0.7239 -0.0000 -0.6899
vn 0.7232 -0.0000 -0.6906
vn 0.7224 -0.0000 -0.6914
vn 0.6809 -0.0000 -0.7324
vn 0.7224 -0.0000 -0.6915
vn 0.7209 -0.0000 -0.6930
vn 0.7194 -0.0000 -0.6946
vn 0.7112 -0.0000 -0.7030
vn 0.9560 -0.0000 0.2934
vn 0.9523 -0.0000 0.3052
vn 0.9403 -0.0000 0.3402
vn 0.9284 -0.0000 0.3717
vn 0.9283 -0.0000 0.3717
vn 0.9222 -0.0000 0.3868
vn 0.9016 -0.0000 0.4326
vn 0.8986 -0.0000 0.4387
vn 0.8788 -0.0000 0.4772
vn 0.8623 -0.0000 0.5064
vn 0.8541 -0.0000 0.5200
vn 0.8541 -0.0000 0.5201
vn 0.8279 -0.0000 0.5609
vn 0.8623 -0.0000 0.5065
vn 0.8182 -0.0000 0.5750
vn 0.8004 -0.0000 0.5994
vn 0.8182 -0.0000 0.5749
vn 0.8000 -0.0000 0.6000
vn 0.8000 -0.0001 0.6000
vn 0.7994 -0.0001 0.6008
vn 0.7994 -0.0000 0.6008
vn 0.7988 0.0001 0.6016
vn 0.7989 -0.0000 0.6015
vn 0.7983 0.0001 0.6023
vn 0.7983 -0.0000 0.6023
vn 0.7960 -0.0000 0.6052
vn 0.7960 -0.0000 0.6053
vn 0.7649 -0.0000 0.6441
vn 0.7894 -0.0000 0.6139
vn 0.9911 -0.1333 -0.0000
vn 1.0000 -0.0046 -0.0000
vn 1.0000 -0.0000 -0.0000
vn 0.9918 0.1279 -0.0000
vn 0.9911 0.1333 -0.0000
vn 0.9661 0.2581 -0.0000
vn 0.9661 0.2580 -0.0000
vn 0.9645 0.2642 -0.0000
vn 0.9235 0.3837 -0.0000
vn 0.9207 0.3904 -0.0000
vn 0.8645 0.5025 -0.0000
vn 0.9206 0.3904 -0.0000
vn 0.8646 0.5025 -0.0000
vn 0.8604 0.5096 -0.0000
vn 0.7904 0.6126 -0.0000
vn 0.7848 0.6197 -0.0000
vn 0.7024 0.7118 -0.0000
vn 0.7848 0.6198 -0.0000
vn 0.6952 0.7188 -0.0000
vn 0.6020 0.7985 -0.0000
vn 0.5932 0.8051 -0.0000
vn 0.4909 0.8712 -0.0000
vn 0.4806 0.8769 -0.0000
vn 0.4806 0.8770 -0.0000
vn 0.4910 0.8712 -0.0000
vn 0.3713 0.9285 -0.0000
vn 0.3594 0.9332 -0.0000
vn 0.2451 0.9695 -0.0000
vn 0.2318 0.9728 -0.0000
vn 0.1146 0.9934 -0.0000
vn 0.1001 0.9950 -0.0000
vn -0.0179 0.9998 -0.0000
vn -0.0334 0.9994 -0.0000
vn -0.1501 0.9887 -0.0000
vn -0.1663 0.9861 -0.0000
vn -0.2797 0.9601 -0.0000
vn -0.2796 0.9601 -0.0000
vn -0.2963 0.9551 -0.0000
vn -0.4043 0.9146 -0.0000
vn -0.4209 0.9071 -0.0000
vn -0.5218 0.8531 -0.0000
vn -0.4210 0.9071 -0.0000
vn -0.5381 0.8429 -0.0000
vn -0.6302 0.7765 -0.0000
vn -0.6301 0.7765 -0.0000
vn -0.6456 0.7637 -0.0000
vn -0.7274 0.6862 -0.0000
vn -0.6456 0.7636 -0.0000
vn -0.7416 0.6708 -0.0000
vn -0.8118 0.5839 -0.0000
vn -0.7417 0.6708 -0.0000
vn -0.8244 0.5660 -0.0000
vn -0.8717 0.4901 -0.0000
vn -0.8244 0.5659 -0.0000
vn -0.8726 0.4885 -0.0000
vn 1.0000 -0.0045 -0.0000
vn 0.9906 -0.1369 -0.0000
vn 0.9645 -0.2642 -0.0000
vn 0.9637 -0.2668 -0.0000
vn 0.9638 -0.2668 -0.0000
vn 0.9207 -0.3904 -0.0000
vn 0.9199 -0.3921 -0.0000
vn 0.9200 -0.3920 -0.0000
vn 0.9206 -0.3904 -0.0000
vn 0.8604 -0.5096 -0.0000
vn 0.9199 -0.3920 -0.0000
vn 0.8599 -0.5104 -0.0000
vn 0.8600 -0.5104 -0.0000
vn 0.7848 -0.6197 -0.0000
vn 0.7848 -0.6198 -0.0000
vn 0.6959 -0.7182 -0.0000
vn 0.6952 -0.7188 -0.0000
vn 0.5947 -0.8040 -0.0000
vn 0.5932 -0.8051 -0.0000
vn 0.5107 -0.8598 -0.0000
vn 0.5066 -0.8622 -0.0000
vn 0.5004 -0.8658 -0.0000
vn 0.4947 -0.8691 -0.0000
vn 0.4806 -0.8770 -0.0000
vn 0.4947 -0.8690 -0.0000
vn 0.4806 -0.8769 -0.0000
vn 0.4849 -0.8746 -0.0000
vn 0.4848 -0.8746 -0.0000
vn 0.4805 -0.8770 -0.0000
vn 0.4817 -0.8764 -0.0000
vn 0.4817 -0.8763 -0.0000
vn 0.4761 -0.8794 -0.0000
vn 0.4762 -0.8793 -0.0000
vn 0.4623 -0.8867 -0.0000
vn 0.4306 -0.9026 -0.0000
vn 0.4305 -0.9026 -0.0000
vn 0.3594 -0.9332 -0.0000
vn 0.3599 -0.9330 -0.0000
vn 0.2825 -0.9593 -0.0000
vn 0.2318 -0.9728 -0.0000
vn 0.2410 -0.9705 -0.0000
vn 0.1976 -0.9803 -0.0000
vn 0.1001 -0.9950 -0.0000
vn 0.1323 -0.9912 -0.0000
vn 0.1001 -0.9950 -0.0001
vn 0.0665 -0.9978 -0.0000
vn 0.0004 -1.0000 -0.0000
vn -0.0334 -0.9994 -0.0000
vn -0.0502 -0.9987 -0.0000
vn -0.1369 -0.9906 -0.0000
vn -0.1663 -0.9861 -0.0000
vn -0.2225 -0.9749 -0.0000
vn -0.2963 -0.9551 -0.0000
vn -0.2224 -0.9750 -0.0000
vn -0.3059 -0.9521 -0.0000
vn -0.3874 -0.9219 -0.0000
vn -0.4209 -0.9071 -0.0000
vn -0.4982 -0.8671 -0.0000
vn -0.5381 -0.8429 -0.0000
vn -0.6014 -0.7990 -0.0000
vn -0.6456 -0.7637 -0.0000
vn -0.6456 -0.7636 -0.0000
vn -0.6954 -0.7186 -0.0000
vn -0.6954 -0.7187 -0.0000
vn -0.7416 -0.6708 -0.0000
vn -0.7787 -0.6273 -0.0000
vn -0.7417 -0.6708 -0.0000
vn -0.8244 -0.5659 -0.0000
vn -0.8245 -0.5659 -0.0000
vn -0.8502 -0.5265 -0.0000
vn -0.8925 -0.4510 -0.0000
vn -0.9087 -0.4175 -0.0000
vn -0.9447 -0.3280 -0.0000
vn -0.9532 -0.3022 -0.0000
vn -0.9800 -0.1992 -0.0000
vn -0.9833 -0.1822 -0.0000
vn -0.9832 -0.1823 -0.0000
vn -0.9978 -0.0668 -0.0000
vn -0.9982 -0.0595 -0.0000
vn -0.9978 0.0668 -0.0000
vn -0.9979 0.0641 -0.0000
vn -0.9924 0.1230 -0.0000
vn -0.9800 0.1992 -0.0000
vn -0.9836 0.1805 -0.0000
vn -0.9716 0.2368 -0.0000
vn -0.9447 0.3280 -0.0000
vn -0.9565 0.2918 -0.0000
vn -0.9185 0.3954 -0.0000
vn -0.8925 0.4510 -0.0000
vn -0.8963 0.4435 -0.0000
vn -0.8853 0.4651 -0.0000
vn -0.8806 0.4740 -0.0000
vn -0.8805 0.4740 -0.0000
vn -0.8788 0.4771 -0.0001
vn -0.8789 0.4771 -0.0000
vn -0.8781 0.4786 -0.0000
vn -0.8780 0.4786 -0.0000
vn -0.8781 0.4785 -0.0000
vn -0.8245 0.5659 -0.0000
vn 0.4830 -0.8756 -0.0000
vn 0.4932 -0.8699 -0.0000
vn 0.4993 -0.8665 -0.0000
vn 0.5059 -0.8626 -0.0000
vn 0.5058 -0.8626 -0.0000
vn -0.8820 0.4713 -0.0000
vn -0.8756 0.4830 -0.0000
vn -0.8119 0.5839 -0.0000
vn -0.8731 0.4875 -0.0000
vn 0.7660 0.6428 -0.0000
vn 0.4560 0.8900 -0.0000
vn 0.3799 0.9250 -0.0000
vn 0.4223 0.9064 -0.0000
vn 0.4223 0.9065 -0.0000
vn 0.3836 0.9235 -0.0000
vn 0.3800 0.9250 -0.0000
vn 0.3007 0.9537 -0.0000
vn 0.3800 0.9250 0.0004
vn 0.3012 0.9536 -0.0000
vn 0.3012 0.9536 -0.0004
vn 0.2203 0.9754 -0.0000
vn 0.9864 -0.0000 0.1646
vn 0.9864 -0.0000 -0.1646
vn 0.9458 -0.0000 -0.3247
vn 0.8795 -0.0000 -0.4760
vn 0.8795 -0.0000 -0.4759
vn 0.7891 -0.0000 -0.6142
vn 0.7892 -0.0000 -0.6142
vn 0.6773 -0.0000 -0.7357
vn 0.5469 -0.0000 -0.8372
vn 0.5470 -0.0000 -0.8372
vn 0.4017 -0.0000 -0.9158
vn 0.2455 -0.0000 -0.9694
vn 0.0826 -0.0000 -0.9966
vn -0.0826 -0.0000 -0.9966
vn -0.2455 -0.0000 -0.9694
vn -0.4017 -0.0000 -0.9158
vn -0.5470 -0.0000 -0.8372
vn -0.5469 -0.0000 -0.8372
vn -0.6773 -0.0000 -0.7357
vn -0.7892 -0.0000 -0.6142
vn -0.7891 -0.0000 -0.6142
vn -0.8795 -0.0000 -0.4760
vn -0.8795 -0.0000 -0.4759
vn -0.9458 -0.0000 -0.3247
vn -0.9864 -0.0000 -0.1646
vn -1.0000 -0.0000 -0.0000
vn -0.9864 -0.0000 0.1646
vn -0.9458 -0.0000 0.3247
vn -0.8795 -0.0000 0.4760
vn -0.8795 -0.0000 0.4759
vn -0.7891 -0.0000 0.6142
vn -0.7892 -0.0000 0.6142
vn -0.6773 -0.0000 0.7357
vn -0.5469 -0.0000 0.8372
vn -0.5470 -0.0000 0.8372
vn -0.4017 -0.0000 0.9158
vn -0.2455 -0.0000 0.9694
vn -0.0826 -0.0000 0.9966
vn 0.0826 -0.0000 0.9966
vn 0.2455 -0.0000 0.9694
vn 0.4017 -0.0000 0.9158
vn 0.5470 -0.0000 0.8372
vn 0.5469 -0.0000 0.8372
vn 0.6773 -0.0000 0.7357
vn 0.7892 -0.0000 0.6142
vn 0.7891 -0.0000 0.6142
vn 0.8795 -0.0000 0.4760
vn 0.8795 -0.0000 0.4759
vn 0.9458 -0.0000 0.3247
vn 0.9830 -0.1837 -0.0000
vn 0.9830 -0.1838 -0.0000
vn 0.9830 0.1838 -0.0000
vn 0.9830 0.1837 -0.0000
vn 0.9325 0.3612 -0.0000
vn 0.9325 0.3613 -0.0000
vn 0.8502 0.5264 -0.0000
vn 0.7390 0.6737 -0.0000
vn 0.6026 0.7980 -0.0000
vn 0.4458 0.8952 -0.0000
vn 0.2736 0.9618 -0.0000
vn 0.0923 0.9957 -0.0000
vn -0.0923 0.9957 -0.0000
vn -0.2736 0.9618 -0.0000
vn -0.4458 0.8952 -0.0000
vn -0.6026 0.7980 -0.0000
vn -0.7390 0.6737 -0.0000
vn -0.8502 0.5264 -0.0000
vn -0.9325 0.3612 -0.0000
vn -0.9325 0.3613 -0.0000
vn -0.9830 0.1838 -0.0000
vn -0.9830 0.1837 -0.0000
vn -0.9830 -0.1837 -0.0000
vn -0.9830 -0.1838 -0.0000
vn -0.9325 -0.3612 -0.0000
vn -0.9325 -0.3613 -0.0000
vn -0.8502 -0.5264 -0.0000
vn -0.7390 -0.6737 -0.0000
vn -0.6026 -0.7980 -0.0000
vn -0.4458 -0.8952 -0.0000
vn -0.2736 -0.9618 -0.0000
vn -0.0923 -0.9957 -0.0000
vn 0.0923 -0.9957 -0.0000
vn 0.2736 -0.9618 -0.0000
vn 0.4458 -0.8952 -0.0000
vn 0.6026 -0.7980 -0.0000
vn 0.7390 -0.6737 -0.0000
vn 0.8502 -0.5264 -0.0000
vn 0.9325 -0.3613 -0.0000
vn 0.9325 -0.3612 -0.0000
vn -0.2575 -0.8572 0.4460
vn -0.0000 -0.8572 0.5150
vn -0.5150 -0.8572 -0.0000
vn -0.4460 -0.8572 0.2575
vn -0.2575 -0.8572 -0.4460
vn -0.2575 -0.8572 -0.4461
vn -0.4460 -0.8572 -0.2575
vn 0.2575 -0.8572 -0.4460
vn -0.0000 -0.8572 -0.5150
vn 0.5150 -0.8572 -0.0000
vn 0.4460 -0.8572 -0.2575
vn 0.2575 -0.8572 0.4460
vn 0.4460 -0.8572 0.2575
vn -0.4461 -0.8572 0.2575
vn -0.5000 -0.0000 0.8660
vn 0.5000 -0.0000 0.8660
vn 0.8660 -0.0000 0.5000
vn 0.8660 -0.0000 -0.5000
vn 0.5000 -0.0000 -0.8660
vn -0.5000 -0.0000 -0.8660
vn -0.8660 -0.0000 -0.5000
vn -0.8660 -0.0000 0.5000
vn -0.6801 0.5314 -0.5050
vn -0.6788 0.5333 -0.5048
vn -0.6789 0.5332 -0.5048
vn -0.6777 0.5350 -0.5045
vn -0.6528 0.5584 -0.5118
vn -0.5946 0.6647 -0.4524
vn -0.6776 0.5350 -0.5045
vn -0.6098 0.6939 -0.3829
vn -0.6212 0.7173 -0.3156
vn -0.7112 0.6028 -0.3618
vn -0.6295 0.7356 -0.2501
vn -0.6296 0.7356 -0.2501
vn -0.7205 0.6288 -0.2924
vn -0.7204 0.6289 -0.2924
vn -0.6354 0.7493 -0.1865
vn -0.6392 0.7587 -0.1254
vn -0.6393 0.7587 -0.1254
vn -0.6415 0.7644 -0.0651
vn -0.6423 0.7664 -0.0042
vn -0.6417 0.7649 0.0556
vn -0.6398 0.7598 0.1154
vn -0.6364 0.7509 0.1767
vn -0.6364 0.7508 0.1767
vn -0.6311 0.7376 0.2401
vn -0.7212 0.6280 0.2925
vn -0.6237 0.7196 0.3051
vn -0.7212 0.6279 0.2925
vn -0.6135 0.6964 0.3723
vn -0.5995 0.6671 0.4421
vn -0.5995 0.6672 0.4421
vn -0.5480 0.6804 0.4866
vn -0.4943 0.7877 0.3677
vn -0.3995 0.8428 0.3607
vn -0.3736 0.8837 0.2819
vn -0.3736 0.8837 0.2818
vn -0.3877 0.8900 0.2400
vn -0.3992 0.8951 0.1988
vn -0.3992 0.8950 0.1988
vn -0.2786 0.9520 0.1269
vn -0.4085 0.8990 0.1580
vn -0.4156 0.9020 0.1172
vn -0.4206 0.9040 0.0769
vn -0.3006 0.9523 0.0516
vn -0.4235 0.9051 0.0371
vn -0.4244 0.9055 -0.0029
vn -0.4232 0.9050 -0.0434
vn -0.4199 0.9037 -0.0834
vn -0.2940 0.9523 -0.0822
vn -0.2941 0.9522 -0.0822
vn -0.4145 0.9016 -0.1236
vn -0.2941 0.9522 -0.0823
vn -0.4145 0.9016 -0.1235
vn -0.4069 0.8986 -0.1643
vn -0.3970 0.8946 -0.2053
vn -0.3971 0.8945 -0.2053
vn -0.3849 0.8895 -0.2464
vn -0.2699 0.9518 -0.1454
vn -0.3702 0.8832 -0.2880
vn -0.3701 0.8832 -0.2880
vn -0.3525 0.8756 -0.3301
vn -0.3525 0.8757 -0.3301
vn -0.3746 0.8292 -0.4149
vn -0.5744 0.6289 -0.5240
vn -0.5744 0.6289 -0.5239
vn -0.5181 0.6443 -0.5626
vn -0.5181 0.6442 -0.5626
vn -0.4723 0.7666 -0.4352
vn -0.4722 0.7666 -0.4351
vn -0.3746 0.8292 -0.4148
vn -0.4901 0.7863 -0.3761
vn -0.4723 0.7665 -0.4352
vn -0.5042 0.8025 -0.3190
vn -0.4901 0.7864 -0.3761
vn -0.4901 0.7863 -0.3762
vn -0.3849 0.8894 -0.2464
vn -0.5152 0.8156 -0.2635
vn -0.5042 0.8026 -0.3190
vn -0.5237 0.8257 -0.2094
vn -0.5237 0.8258 -0.2094
vn -0.5152 0.8155 -0.2636
vn -0.3970 0.8945 -0.2053
vn -0.5300 0.8334 -0.1565
vn -0.5343 0.8387 -0.1053
vn -0.5343 0.8387 -0.1054
vn -0.5369 0.8419 -0.0547
vn -0.5379 0.8430 -0.0036
vn -0.6415 0.7644 -0.0650
vn -0.5372 0.8422 0.0467
vn -0.5379 0.8430 -0.0035
vn -0.5349 0.8393 0.0970
vn -0.5310 0.8343 0.1483
vn -0.5310 0.8343 0.1484
vn -0.6312 0.7376 0.2401
vn -0.5253 0.8268 0.2011
vn -0.5252 0.8268 0.2011
vn -0.6312 0.7375 0.2401
vn -0.5175 0.8168 0.2549
vn -0.5074 0.8039 0.3103
vn -0.3737 0.8837 0.2819
vn -0.1606 0.1156 0.9802
vn -0.1040 0.0751 0.9917
vn -0.1221 0.0892 0.9885
vn -0.1272 0.0932 0.9875
vn -0.2459 0.1797 0.9525
vn -0.1271 0.0932 0.9875
vn -0.2563 0.1878 0.9482
vn -0.3667 0.2679 0.8909
vn -0.3667 0.2679 0.8910
vn -0.3819 0.2799 0.8808
vn -0.4792 0.3502 0.8048
vn -0.4981 0.3651 0.7865
vn -0.4793 0.3502 0.8048
vn -0.4982 0.3651 0.7865
vn -0.5789 0.4230 0.6971
vn -0.5790 0.4230 0.6971
vn -0.4981 0.3650 0.7865
vn -0.5996 0.4394 0.6689
vn -0.6621 0.4837 0.5724
vn -0.6822 0.4999 0.5336
vn -0.7264 0.5308 0.4365
vn -0.7265 0.5308 0.4365
vn -0.7436 0.5450 0.3874
vn -0.7912 0.5851 0.1779
vn -0.7996 0.5914 0.1047
vn -0.1636 0.1206 0.9791
vn -0.1636 0.1205 0.9791
vn -0.3084 0.2274 0.9237
vn -0.3085 0.2274 0.9237
vn -0.5453 0.4025 0.7353
vn -0.7116 0.5258 0.4660
vn -0.7116 0.5259 0.4660
vn -0.7694 0.5688 0.2908
vn -0.7693 0.5688 0.2907
vn -0.7436 0.5449 0.3874
vn -0.8026 0.5936 0.0597
vn -0.6516 0.4705 0.5950
vn -0.5824 0.4205 0.6957
vn -0.5014 0.3621 0.7858
vn -0.4792 0.3501 0.8048
vn -0.4106 0.2965 0.8623
vn -0.4792 0.3501 0.8049
vn -0.3122 0.2254 0.9229
vn -0.2090 0.1509 0.9662
vn -0.5779 0.4146 0.7029
vn -0.4932 0.3540 0.7947
vn -0.5823 0.4205 0.6957
vn -0.5015 0.3621 0.7858
vn -0.4931 0.3540 0.7947
vn -0.4932 0.3540 0.7946
vn -0.3250 0.2335 0.9164
vn -0.3250 0.2336 0.9164
vn -0.2090 0.1510 0.9662
vn -0.1607 0.1156 0.9802
vn -0.6263 0.4171 -0.6586
vn -0.5557 0.3701 -0.7444
vn -0.4625 0.3053 -0.8324
vn -0.4758 0.3169 -0.8205
vn -0.3880 0.2584 -0.8847
vn -0.4978 0.3329 -0.8009
vn -0.4068 0.2721 -0.8721
vn -0.4068 0.2721 -0.8720
vn -0.4978 0.3329 -0.8008
vn -0.5755 0.3903 -0.7186
vn -0.5755 0.3903 -0.7187
vn -0.4749 0.3221 -0.8190
vn -0.6411 0.4396 -0.6291
vn -0.4750 0.3221 -0.8189
vn -0.5352 0.3669 -0.7609
vn -0.6809 0.4698 -0.5619
vn -0.6809 0.4697 -0.5619
vn -0.5782 0.3989 -0.7117
vn -0.7101 0.4750 -0.5197
vn -0.6505 0.4350 -0.6226
vn -0.6505 0.4350 -0.6225
vn -0.7285 0.4940 -0.4746
vn -0.7285 0.4940 -0.4745
vn -0.7817 0.5359 -0.3190
vn -0.7817 0.5359 -0.3189
vn -0.8055 0.5557 -0.2059
vn -0.7240 0.4963 -0.4791
vn -0.7573 0.5225 -0.3918
vn -0.6808 0.4697 -0.5620
vn -0.4544 0.3135 -0.8338
vn -0.4117 0.2823 -0.8665
vn -0.3630 0.2461 -0.8987
vn -0.2433 0.1650 -0.9558
vn -0.3629 0.2461 -0.8987
vn -0.2069 0.1384 -0.9685
vn -0.1030 0.0689 -0.9923
vn -0.2069 0.1383 -0.9685
vn -0.0981 0.0653 -0.9930
vn -0.1502 0.0994 -0.9836
vn -0.3129 0.2159 -0.9249
vn -0.4118 0.2823 -0.8665
vn -0.2765 0.1896 -0.9421
vn -0.1209 0.0820 -0.9893
vn -0.1599 0.1103 -0.9810
vn -0.1598 0.1103 -0.9810
vn -0.1370 0.0939 -0.9861
vn -0.1371 0.0940 -0.9861
vn -0.1502 0.0994 -0.9837
vn -0.1970 0.1312 -0.9716
vn -0.1969 0.1312 -0.9716
vn -0.3043 0.2011 -0.9311
vn -0.2944 0.1960 -0.9354
vn -0.2943 0.1960 -0.9354
vn -0.6607 0.4481 -0.6022
vn -0.7240 0.4964 -0.4791
vn -0.7239 0.4964 -0.4791
vn -0.6411 0.4395 -0.6291
vn -0.5796 0.3876 -0.7169
vn -0.5795 0.3876 -0.7169
vn -0.7285 0.4941 -0.4745
vn -0.5796 0.3876 -0.7168
vn -0.3090 0.2067 -0.9283
vn -0.3091 0.2067 -0.9283
vn -0.4068 0.2720 -0.8721
vn -0.2068 0.1383 -0.9686
vn -0.4989 0.5793 0.6446
vn -0.4214 0.7401 0.5242
vn -0.4214 0.7400 0.5242
vn -0.3243 0.8665 0.3795
vn -0.2871 0.8577 0.4265
vn -0.2872 0.8577 0.4265
vn -0.2461 0.8497 0.4663
vn -0.2021 0.8426 0.4992
vn -0.2864 0.6806 0.6744
vn -0.2107 0.6502 0.7300
vn -0.3056 0.4614 0.8329
vn -0.2003 0.3990 0.8948
vn -0.1606 0.1155 0.9802
vn -0.0533 0.3223 0.9451
vn -0.1372 0.8293 0.5416
vn -0.1372 0.8293 0.5417
vn -0.1008 0.6092 0.7866
vn -0.4061 0.5221 0.7500
vn -0.4988 0.5793 0.6446
vn -0.3571 0.7108 0.6060
vn -0.3113 0.8611 -0.4021
vn -0.4138 0.7270 -0.5479
vn -0.4957 0.5568 -0.6665
vn -0.4958 0.5568 -0.6665
vn -0.4626 0.3053 -0.8324
vn -0.3044 0.2011 -0.9311
vn -0.3787 0.4904 -0.7849
vn -0.4626 0.3052 -0.8324
vn -0.4388 0.5243 -0.7298
vn -0.4626 0.3053 -0.8323
vn -0.2512 0.4197 -0.8722
vn -0.3161 0.4553 -0.8323
vn -0.3160 0.4553 -0.8324
vn -0.3321 0.6924 -0.6406
vn -0.3742 0.7099 -0.5967
vn -0.2885 0.8554 -0.4301
vn -0.3742 0.7098 -0.5968
vn -0.1168 0.3471 -0.9305
vn -0.1503 0.0994 -0.9836
vn -0.1850 0.3837 -0.9047
vn -0.2414 0.6567 -0.7144
vn -0.2414 0.6567 -0.7145
vn -0.2878 0.6745 -0.6798
vn -0.2878 0.6745 -0.6799
vn -0.2388 0.8451 -0.4783
vn -0.2643 0.8501 -0.4554
vn -0.0481 0.3186 -0.9467
vn -0.1433 0.6211 -0.7705
vn -0.1934 0.6389 -0.7446
vn -0.1935 0.6389 -0.7445
vn -0.1432 0.6211 -0.7705
vn -0.1843 0.8361 -0.5167
vn -0.2120 0.8404 -0.4987
vn -0.0498 0.3183 -0.9467
vn -0.0910 0.6032 -0.7924
vn -0.1242 0.8235 -0.5536
vn -0.1552 0.8321 -0.5324
vn -0.1552 0.8321 -0.5325
vn -0.1599 0.9537 -0.2546
vn -0.2643 0.8501 -0.4555
vn -0.1743 0.9521 -0.2512
vn -0.2642 0.8501 -0.4555
vn -0.3321 0.6923 -0.6406
vn -0.1601 0.9537 -0.2545
vn -0.1935 0.6389 -0.7446
vn -0.3742 0.7098 -0.5967
vn -0.3756 0.7098 -0.5959
vn 0.1435 0.8283 0.5417
vn 0.1926 0.8324 0.5197
vn 0.1926 0.8323 0.5197
vn 0.1483 0.6405 0.7535
vn 0.1483 0.6406 0.7535
vn 0.1054 0.6085 0.7866
vn 0.0900 0.3889 0.9169
vn 0.1054 0.6085 0.7865
vn 0.0558 0.3219 0.9451
vn 0.0394 0.1873 0.9815
vn 0.0377 0.1993 0.9792
vn 0.0233 0.1009 0.9946
vn 0.0230 0.1368 0.9903
vn 0.0230 0.1367 0.9903
vn 0.0377 0.3245 0.9451
vn 0.0712 0.6134 0.7866
vn 0.0368 0.6164 0.7866
vn 0.0712 0.6134 0.7865
vn 0.0368 0.6164 0.7865
vn 0.0501 0.8391 0.5417
vn 0.0032 0.8406 0.5416
vn 0.0032 0.8406 0.5417
vn 0.0308 0.9709 0.2374
vn -0.0325 0.9709 0.2374
vn -0.0438 0.8395 0.5417
vn -0.0438 0.8394 0.5417
vn -0.0958 0.9667 0.2374
vn -0.0906 0.8357 0.5417
vn -0.0907 0.8357 0.5417
vn -0.0666 0.6139 0.7865
vn -0.0666 0.6139 0.7866
vn -0.0352 0.3248 0.9451
vn -0.0170 0.3262 0.9451
vn -0.0170 0.3263 0.9451
vn 0.0012 0.3267 0.9451
vn 0.0195 0.3261 0.9451
vn 0.0502 0.8391 0.5417
vn 0.0941 0.9668 0.2374
vn 0.0970 0.8350 0.5417
vn 0.1569 0.9587 0.2374
vn 0.1435 0.8282 0.5417
vn 0.0369 0.6164 0.7866
vn 0.0023 0.6175 0.7866
vn -0.0322 0.6167 0.7866
vn -0.0322 0.6167 0.7865
vn -0.0747 0.8295 -0.5536
vn -0.0747 0.8295 -0.5535
vn -0.0248 0.8324 -0.5536
vn 0.0251 0.8324 -0.5536
vn 0.0749 0.8294 -0.5536
vn 0.0184 0.6097 -0.7924
vn 0.0549 0.6075 -0.7924
vn 0.0549 0.6076 -0.7924
vn 0.0097 0.3221 -0.9467
vn 0.0290 0.3209 -0.9467
vn 0.0097 0.3220 -0.9467
vn -0.0547 0.6076 -0.7924
vn -0.0182 0.6098 -0.7924
vn -0.0182 0.6097 -0.7924
vn -0.0289 0.3209 -0.9467
vn -0.0096 0.3221 -0.9467
vn 0.0184 0.6098 -0.7924
vn -0.0096 0.3220 -0.9467
vn 0.1667 0.1828 0.9689
vn 0.1851 0.1412 0.9725
vn 0.2136 0.1415 0.9666
vn 0.3649 0.2784 0.8885
vn 0.3936 0.1891 0.8996
vn 0.4839 0.2325 0.8437
vn 0.3980 0.1327 0.9077
vn 0.3980 0.1326 0.9077
vn 0.5069 0.1150 0.8543
vn 0.3981 0.1326 0.9077
vn 0.4588 0.0698 0.8858
vn 0.5142 -0.0074 0.8577
vn 0.4830 -0.1094 0.8687
vn 0.4830 -0.1094 0.8688
vn 0.5076 -0.1088 0.8547
vn 0.4483 -0.1895 0.8736
vn 0.5962 -0.1278 0.7926
vn 0.5961 -0.1278 0.7926
vn 0.6376 -0.1263 0.7600
vn 0.6041 -0.0087 0.7969
vn 0.6461 -0.0093 0.7632
vn 0.5952 0.1350 0.7921
vn 0.6364 0.1444 0.7577
vn 0.5673 0.2726 0.7771
vn 0.6060 0.2911 0.7403
vn 0.5234 0.3994 0.7527
vn 0.5581 0.4259 0.7121
vn 0.4673 0.5127 0.7202
vn 0.4673 0.5127 0.7203
vn 0.4972 0.5455 0.6747
vn 0.4972 0.5454 0.6747
vn 0.4674 0.5127 0.7202
vn 0.4036 0.6106 0.6814
vn 0.4035 0.6106 0.6814
vn 0.4282 0.6478 0.6301
vn 0.3343 0.6949 0.6367
vn 0.3535 0.7348 0.5788
vn 0.2628 0.7655 0.5873
vn 0.2769 0.8064 0.5225
vn 0.2769 0.8065 0.5225
vn 0.2891 0.8420 0.4555
vn 0.2190 0.9464 0.2374
vn 0.2994 0.8720 0.3872
vn 0.3685 0.8530 0.3696
vn 0.3856 0.8016 0.4570
vn 0.4706 0.7121 0.5210
vn 0.3706 0.7704 0.5187
vn 0.3707 0.7704 0.5187
vn 0.4506 0.6817 0.5765
vn 0.1454 0.2200 0.9646
vn 0.3279 0.3597 0.8736
vn 0.2854 0.4318 0.8556
vn 0.4013 0.4402 0.8033
vn 0.4012 0.4402 0.8033
vn 0.3481 0.5266 0.7755
vn 0.3481 0.5267 0.7755
vn 0.1219 0.2535 0.9596
vn 0.1219 0.2534 0.9597
vn 0.1220 0.2535 0.9596
vn 0.0972 0.2831 0.9542
vn 0.0234 0.1009 0.9946
vn 0.0972 0.2831 0.9541
vn 0.1896 0.5522 0.8118
vn 0.1896 0.5523 0.8118
vn 0.2294 0.6681 0.7079
vn 0.5299 0.6884 0.4952
vn 0.4706 0.7121 0.5211
vn 0.5501 0.6034 0.5774
vn 0.4706 0.7120 0.5211
vn 0.5501 0.6034 0.5773
vn 0.4505 0.6817 0.5765
vn 0.5248 0.5757 0.6270
vn 0.6098 0.5685 0.5523
vn 0.6207 0.4736 0.6248
vn 0.5906 0.4506 0.6694
vn 0.5906 0.4507 0.6694
vn 0.6824 0.4152 0.6016
vn 0.6765 0.3250 0.6608
vn 0.6424 0.3086 0.7014
vn 0.6424 0.3086 0.7015
vn 0.7374 0.2230 0.6375
vn 0.7374 0.2231 0.6375
vn 0.7122 0.1616 0.6831
vn 0.7122 0.1615 0.6831
vn 0.6755 0.1532 0.7213
vn 0.6364 0.1443 0.7577
vn 0.7374 0.2230 0.6376
vn 0.7236 -0.0104 0.6901
vn 0.6860 -0.0099 0.7275
vn 0.7503 -0.0132 0.6610
vn 0.7085 -0.0660 0.7026
vn 0.1219 0.2534 0.9596
vn 0.2386 0.4960 0.8349
vn 0.1896 0.5522 0.8119
vn 0.2899 0.6027 0.7435
vn 0.2294 0.6681 0.7078
vn 0.3481 0.5266 0.7756
vn 0.2899 0.6026 0.7435
vn 0.4477 0.3416 0.8264
vn 0.4013 0.4401 0.8033
vn 0.2900 0.6027 0.7434
vn 0.5673 0.2725 0.7771
vn 0.5069 0.1149 0.8543
vn 0.6041 -0.0087 0.7968
vn 0.5961 -0.1278 0.7927
vn 0.3535 0.7349 0.5788
vn 0.3856 0.8015 0.4570
vn 0.0491 0.1609 -0.9858
vn 0.0491 0.1609 -0.9857
vn 0.1409 0.2750 -0.9511
vn 0.0991 0.3248 -0.9406
vn 0.2680 0.5231 -0.8090
vn 0.1475 0.4836 -0.8628
vn 0.1917 0.6283 -0.7540
vn 0.2292 0.7513 -0.6189
vn 0.2583 0.8467 -0.4652
vn 0.2782 0.9119 -0.3016
vn 0.4337 0.8464 -0.3090
vn 0.3689 0.7200 -0.5878
vn 0.2957 0.9461 -0.1323
vn 0.1475 0.4835 -0.8628
vn 0.2882 0.9477 -0.1374
vn 0.3629 0.9291 -0.0717
vn 0.3435 0.9362 -0.0743
vn 0.3008 0.9482 -0.1023
vn 0.3009 0.9482 -0.1023
vn 0.2686 0.9518 -0.1481
vn 0.2127 0.9559 -0.2027
vn 0.2788 0.9497 -0.1429
vn 0.2789 0.9496 -0.1429
vn 0.6504 0.3055 0.6955
vn 0.6503 0.3055 0.6955
vn 0.5704 0.3055 0.7625
vn 0.5703 0.3055 0.7625
vn 0.4835 0.3055 0.8203
vn 0.3908 0.3055 0.8683
vn 0.3081 -0.0000 0.9514
vn 0.2934 0.3055 0.9059
vn 0.1925 0.3055 0.9325
vn 0.0893 0.3055 0.9480
vn -0.0150 0.3055 0.9521
vn -0.0158 -0.0000 0.9999
vn -0.1191 0.3055 0.9447
vn -0.2218 0.3055 0.9260
vn -0.3218 0.3055 0.8962
vn -0.3380 -0.0000 0.9412
vn -0.4179 0.3055 0.8556
vn -0.5090 0.3055 0.8047
vn -0.5091 0.3055 0.8047
vn -0.5941 0.3055 0.7441
vn -0.5941 0.3055 0.7442
vn -0.6719 0.3055 0.6747
vn -0.7790 -0.0000 0.6271
vn -0.7417 0.3055 0.5971
vn -0.8026 0.3055 0.5123
vn -0.8539 0.3055 0.4214
vn -0.8968 -0.0000 0.4425
vn -0.8949 0.3055 0.3254
vn -0.9398 -0.0000 0.3417
vn -0.9251 0.3055 0.2255
vn -0.9442 0.3055 0.1229
vn -0.9520 0.3055 0.0188
vn -0.9520 0.3055 0.0189
vn -0.9483 0.3055 -0.0854
vn -0.9484 0.3055 -0.0855
vn -0.9333 0.3055 -0.1887
vn -0.9070 0.3055 -0.2897
vn -0.9070 0.3055 -0.2898
vn -0.8699 0.3055 -0.3873
vn -0.8223 0.3055 -0.4801
vn -0.8635 -0.0000 -0.5043
vn -0.7648 0.3055 -0.5672
vn -0.6981 0.3055 -0.6475
vn -0.6231 0.3055 -0.7200
vn -0.6231 0.3055 -0.7201
vn -0.5405 0.3055 -0.7839
vn -0.4515 0.3055 -0.8384
vn -0.3570 0.3055 -0.8827
vn -0.2583 0.3055 -0.9165
vn -0.2582 0.3055 -0.9165
vn -0.1564 0.3055 -0.9393
vn -0.0527 0.3055 -0.9507
vn 0.0517 0.3055 -0.9508
vn 0.1554 0.3055 -0.9394
vn 0.1555 0.3055 -0.9394
vn 0.2573 0.3055 -0.9168
vn 0.3561 0.3055 -0.8831
vn 0.2198 0.5818 -0.7830
vn 0.3042 0.5818 -0.7543
vn 0.2198 0.5818 -0.7831
vn 0.1612 0.8025 -0.5745
vn 0.1613 0.8025 -0.5745
vn 0.2232 0.8025 -0.5534
vn 0.2231 0.8025 -0.5534
vn 0.0974 0.8025 -0.5887
vn 0.0324 0.8025 -0.5958
vn -0.0330 0.8025 -0.5958
vn -0.0330 0.8025 -0.5957
vn -0.0980 0.8025 -0.5886
vn -0.0574 0.9464 -0.3179
vn -0.1618 0.8025 -0.5743
vn -0.2237 0.8025 -0.5532
vn -0.2237 0.8025 -0.5531
vn -0.1267 0.9464 -0.2970
vn -0.2829 0.8025 -0.5253
vn -0.3387 0.8025 -0.4912
vn -0.3904 0.8025 -0.4512
vn -0.1898 0.9464 -0.2614
vn -0.4375 0.8025 -0.4058
vn -0.4793 0.8024 -0.3555
vn -0.4792 0.8025 -0.3555
vn -0.5153 0.8025 -0.3009
vn -0.2844 0.9464 -0.1529
vn -0.5451 0.8025 -0.2427
vn -0.2998 0.9464 -0.1200
vn -0.5684 0.8025 -0.1816
vn -0.5848 0.8025 -0.1183
vn -0.3191 0.9464 -0.0502
vn -0.5943 0.8025 -0.0535
vn -0.5966 0.8025 0.0118
vn -0.5965 0.8025 0.0118
vn -0.5917 0.8025 0.0770
vn -0.5797 0.8025 0.1413
vn -0.5607 0.8025 0.2039
vn -0.2968 0.9464 0.1275
vn -0.5608 0.8025 0.2039
vn -0.5351 0.8025 0.2641
vn -0.5029 0.8025 0.3210
vn -0.5030 0.8025 0.3210
vn -0.4648 0.8025 0.3742
vn -0.2379 0.9464 0.2184
vn -0.4648 0.8025 0.3741
vn -0.4211 0.8025 0.4228
vn -0.4210 0.8025 0.4228
vn -0.3723 0.8025 0.4663
vn -0.3190 0.8025 0.5043
vn -0.3190 0.8025 0.5042
vn -0.2619 0.8025 0.5361
vn -0.2016 0.8025 0.5616
vn -0.1390 0.8025 0.5803
vn -0.0746 0.8025 0.5920
vn -0.0094 0.8025 0.5966
vn 0.0559 0.8025 0.5940
vn 0.0560 0.8025 0.5940
vn 0.0589 0.9464 0.3175
vn 0.1206 0.8025 0.5844
vn 0.0941 0.9464 0.3090
vn 0.0942 0.9464 0.3090
vn 0.1206 0.8025 0.5843
vn 0.1839 0.8025 0.5676
vn 0.1839 0.8025 0.5677
vn 0.2449 0.8025 0.5441
vn 0.3029 0.8025 0.5140
vn 0.3030 0.8025 0.5140
vn 0.3574 0.8025 0.4778
vn 0.4075 0.8025 0.4358
vn 0.5555 0.5818 0.5940
vn 0.5555 0.5818 0.5941
vn 0.6098 0.5685 0.5522
vn 0.4872 0.5818 0.6513
vn 0.4130 0.5818 0.7007
vn 0.3338 0.5818 0.7417
vn 0.2506 0.5818 0.7737
vn 0.1644 0.5818 0.7965
vn 0.0763 0.5818 0.8097
vn -0.0128 0.5818 0.8132
vn -0.1017 0.5818 0.8069
vn -0.1894 0.5818 0.7910
vn -0.2748 0.5818 0.7655
vn -0.2749 0.5818 0.7655
vn -0.3570 0.5818 0.7308
vn -0.4348 0.5818 0.6873
vn -0.5074 0.5818 0.6356
vn -0.5739 0.5818 0.5763
vn -0.6336 0.5818 0.5100
vn -0.6856 0.5818 0.4376
vn -0.7293 0.5818 0.3599
vn -0.5351 0.8025 0.2640
vn -0.7643 0.5818 0.2780
vn -0.7902 0.5818 0.1926
vn -0.8065 0.5818 0.1050
vn -0.8132 0.5818 0.0161
vn -0.8100 0.5818 -0.0730
vn -0.5943 0.8025 -0.0536
vn -0.7972 0.5818 -0.1612
vn -0.7748 0.5818 -0.2475
vn -0.7430 0.5818 -0.3308
vn -0.7024 0.5818 -0.4101
vn -0.7023 0.5818 -0.4101
vn -0.6532 0.5818 -0.4845
vn -0.5963 0.5818 -0.5531
vn -0.4374 0.8025 -0.4058
vn -0.5322 0.5818 -0.6150
vn -0.4617 0.5818 -0.6696
vn -0.3856 0.5818 -0.7161
vn -0.3049 0.5818 -0.7540
vn -0.2206 0.5818 -0.7828
vn -0.1336 0.5818 -0.8023
vn -0.0450 0.5818 -0.8121
vn 0.0442 0.5818 -0.8121
vn 0.1328 0.5818 -0.8024
vn 0.4871 0.5818 0.6513
vn 0.4129 0.5818 0.7007
vn 0.3338 0.5818 0.7416
vn 0.1645 0.5818 0.7965
vn -0.1894 0.5818 0.7909
vn -0.6335 0.5818 0.5100
vn -0.6855 0.5818 0.4376
vn -0.7644 0.5818 0.2779
vn -0.7643 0.5818 0.2779
vn -0.8131 0.5818 0.0161
vn -0.9484 0.3055 -0.0854
vn -0.7747 0.5818 -0.2475
vn -0.8699 0.3055 -0.3872
vn -0.6533 0.5818 -0.4845
vn -0.6230 0.3055 -0.7201
vn -0.1564 0.3055 -0.9392
vn 0.0441 0.5818 -0.8121
vn 0.3242 0.8941 -0.3090
vn 0.2096 0.9277 -0.3090
vn 0.2758 0.7606 -0.5878
vn 0.2004 0.5526 -0.8090
vn 0.2681 0.5231 -0.8090
vn 0.1053 0.2905 -0.9511
vn 0.1054 0.2905 -0.9510
vn 0.1054 0.2905 -0.9511
vn 0.0681 0.3014 -0.9511
vn 0.1295 0.5733 -0.8090
vn 0.1295 0.5734 -0.8090
vn 0.1783 0.7891 -0.5878
vn 0.2095 0.9277 -0.3090
vn 0.4669 0.3259 -0.8221
vn 0.4720 0.4156 -0.7775
vn 0.4669 0.3258 -0.8221
vn 0.4720 0.4156 -0.7774
vn 0.5010 0.6106 -0.6133
vn 0.5010 0.6107 -0.6133
vn 0.5009 0.6107 -0.6133
vn 0.3885 0.7321 -0.5595
vn 0.4483 0.8447 -0.2925
vn 0.4721 0.4156 -0.7775
vn 0.4720 0.8186 -0.3273
vn 0.4720 0.8186 -0.3272
vn 0.3886 0.7321 -0.5595
vn 0.0533 0.1464 -0.9878
vn 0.1075 0.2950 -0.9494
vn 0.1074 0.2950 -0.9494
vn 0.0627 0.1278 -0.9898
vn 0.0628 0.1278 -0.9898
vn 0.1263 0.2571 -0.9581
vn 0.0731 0.1062 -0.9917
vn 0.1469 0.2135 -0.9658
vn 0.0817 0.0853 -0.9930
vn 0.1641 0.1714 -0.9714
vn 0.1793 0.1242 -0.9759
vn 0.2453 0.2561 -0.9350
vn 0.2681 0.1857 -0.9453
vn 0.3234 0.3376 -0.8840
vn 0.3541 0.2453 -0.9025
vn 0.3964 0.4139 -0.8195
vn 0.4355 0.3017 -0.8481
vn 0.4630 0.4834 -0.7430
vn 0.5109 0.3540 -0.7834
vn 0.5109 0.3539 -0.7834
vn 0.5217 0.5446 -0.6567
vn 0.5217 0.5447 -0.6566
vn 0.5110 0.3540 -0.7833
vn 0.5791 0.4012 -0.7097
vn 0.5217 0.5447 -0.6567
vn 0.5953 0.5489 -0.5868
vn 0.6759 0.3212 -0.6633
vn 0.6219 0.2341 -0.7473
vn 0.6218 0.2342 -0.7473
vn 0.7036 0.1711 -0.6897
vn 0.7036 0.1711 -0.6896
vn 0.6408 0.0502 -0.7661
vn 0.6408 0.0503 -0.7661
vn 0.6761 -0.0467 -0.7354
vn 0.6761 -0.0467 -0.7353
vn 0.5550 -0.1001 -0.8258
vn 0.5550 -0.1002 -0.8258
vn 0.6012 -0.1117 -0.7912
vn 0.3819 -0.1736 -0.9077
vn 0.3819 -0.1736 -0.9078
vn 0.4709 -0.0850 -0.8781
vn 0.4282 -0.0269 -0.9033
vn 0.4768 0.0374 -0.8782
vn 0.3766 0.1418 -0.9155
vn 0.3766 0.1418 -0.9154
vn 0.4767 0.0374 -0.8783
vn 0.4643 0.1748 -0.8683
vn 0.4643 0.1748 -0.8682
vn 0.4643 0.1749 -0.8682
vn 0.5110 0.3539 -0.7834
vn 0.0818 0.0854 -0.9930
vn 0.3519 0.1055 -0.9301
vn 0.7116 -0.0014 -0.7026
vn 0.5078 0.7054 -0.4946
vn 0.4573 0.6646 -0.5910
vn 0.4573 0.6645 -0.5910
vn 0.4089 0.5942 -0.6926
vn 0.3965 0.4139 -0.8195
vn 0.3965 0.4139 -0.8194
vn 0.3522 0.5119 -0.7835
vn 0.3522 0.5118 -0.7836
vn 0.2885 0.4192 -0.8608
vn 0.3233 0.3376 -0.8840
vn 0.2194 0.3188 -0.9221
vn 0.1641 0.1713 -0.9715
vn 0.4266 0.8130 -0.3962
vn 0.3815 0.7768 -0.5010
vn 0.4089 0.5943 -0.6926
vn 0.3449 0.7022 -0.6229
vn 0.3448 0.7022 -0.6229
vn 0.2996 0.6100 -0.7336
vn 0.2996 0.6101 -0.7335
vn 0.2996 0.6100 -0.7335
vn 0.2469 0.5027 -0.8285
vn 0.1884 0.3836 -0.9041
vn 0.4266 0.8130 -0.3963
vn 0.2988 0.9341 -0.1955
vn 0.3815 0.7768 -0.5011
vn 0.3134 0.8605 -0.4016
vn 0.2870 0.7879 -0.5448
vn 0.2869 0.7879 -0.5448
vn 0.2518 0.6915 -0.6771
vn 0.2090 0.5739 -0.7918
vn 0.1601 0.4397 -0.8838
vn 0.3767 0.1418 -0.9154
vn 0.5620 0.0441 -0.8260
vn 0.5465 0.2057 -0.8118
vn 0.5465 0.2058 -0.8118
vn 0.6219 0.2342 -0.7473
vn 0.4817 0.1612 -0.8614
vn 0.4818 0.1612 -0.8613
vn 0.5049 0.3254 -0.7995
vn 0.5121 0.4844 -0.7093
vn 0.5353 0.4983 -0.6820
vn 0.5354 0.4983 -0.6820
vn 0.5052 0.6472 -0.5708
vn 0.5052 0.6472 -0.5709
vn 0.5091 0.6599 -0.5526
vn 0.5091 0.6600 -0.5525
vn 0.4458 0.7874 -0.4257
vn 0.5091 0.6599 -0.5525
vn 0.4358 0.8008 -0.4108
vn 0.4359 0.8008 -0.4108
vn 0.5019 0.6295 -0.5931
vn 0.5020 0.6295 -0.5931
vn 0.4571 0.7732 -0.4395
vn 0.3678 0.8848 -0.2860
vn 0.3678 0.8848 -0.2861
vn 0.2802 0.9494 -0.1416
vn 0.2802 0.9494 -0.1417
vn 0.3204 0.9359 -0.1463
vn 0.3008 0.9537 -0.0000
vn 0.3204 0.9359 -0.1462
vn 0.3757 0.9142 -0.1519
vn 0.4312 0.8486 -0.3066
vn 0.4743 0.7528 -0.4564
vn 0.3941 0.8703 -0.2953
vn 0.5954 0.5488 -0.5868
vn 0.5202 0.6839 -0.5114
vn 0.5078 0.7053 -0.4946
vn 0.5141 0.6722 -0.5327
vn 0.5142 0.6722 -0.5327
vn 0.6415 0.3549 -0.6800
vn 0.6415 0.3549 -0.6801
vn 0.5928 0.5280 -0.6082
vn 0.5928 0.5279 -0.6082
vn 0.5203 0.6839 -0.5114
vn 0.5732 0.5184 -0.6347
vn 0.5732 0.5183 -0.6347
vn 0.5539 0.5084 -0.6593
vn 0.5539 0.5085 -0.6593
vn 0.6658 0.1756 -0.7252
vn 0.6759 0.3213 -0.6633
vn 0.6250 0.1724 -0.7614
vn 0.6250 0.1725 -0.7614
vn 0.6102 0.3484 -0.7116
vn 0.6102 0.3483 -0.7116
vn 0.5949 -0.0000 -0.8038
vn 0.5827 0.1692 -0.7949
vn 0.5783 0.3417 -0.7408
vn 0.5395 0.1658 -0.8255
vn 0.5783 0.3416 -0.7408
vn 0.5465 0.3348 -0.7676
vn 0.6999 -0.1006 0.7071
vn 0.7008 -0.0942 0.7071
vn 0.7071 -0.0000 0.7071
vn 0.7008 -0.0943 0.7071
vn 0.7008 0.0943 0.7071
vn 0.6820 -0.1868 0.7071
vn 0.6785 -0.1992 0.7071
vn 0.6510 -0.2760 0.7071
vn 0.6510 -0.2761 0.7071
vn 0.6784 -0.1992 0.7071
vn 0.6432 -0.2937 0.7071
vn 0.6084 -0.3603 0.7071
vn 0.6084 -0.3604 0.7071
vn 0.5949 -0.3823 0.7071
vn 0.5549 -0.4382 0.7071
vn 0.5344 -0.4631 0.7071
vn 0.5344 -0.4630 0.7071
vn 0.4916 -0.5083 0.7071
vn 0.4630 -0.5344 0.7071
vn 0.4631 -0.5344 0.7071
vn 0.4194 -0.5693 0.7071
vn 0.3823 -0.5949 0.7071
vn 0.3398 -0.6201 0.7071
vn 0.2937 -0.6432 0.7071
vn 0.2541 -0.6599 0.7071
vn 0.2938 -0.6432 0.7071
vn 0.1992 -0.6785 0.7071
vn 0.1639 -0.6878 0.7071
vn 0.1006 -0.6999 0.7071
vn 0.0708 -0.7036 0.7071
vn -0.0000 -0.7071 0.7071
vn -0.0237 -0.7067 0.7071
vn -0.0236 -0.7067 0.7071
vn -0.1006 -0.6999 0.7071
vn -0.1176 -0.6973 0.7071
vn -0.1992 -0.6785 0.7071
vn -0.2095 -0.6754 0.7071
vn -0.2937 -0.6432 0.7071
vn -0.2977 -0.6414 0.7071
vn -0.3823 -0.5948 0.7071
vn -0.2976 -0.6414 0.7071
vn -0.3823 -0.5949 0.7071
vn -0.3805 -0.5960 0.7071
vn -0.4565 -0.5400 0.7071
vn -0.4631 -0.5344 0.7071
vn -0.4630 -0.5344 0.7071
vn -0.5244 -0.4743 0.7071
vn -0.5344 -0.4630 0.7071
vn -0.5344 -0.4631 0.7071
vn -0.5830 -0.4002 0.7071
vn -0.5949 -0.3823 0.7071
vn -0.6311 -0.3189 0.7071
vn -0.6432 -0.2937 0.7071
vn -0.6680 -0.2320 0.7071
vn -0.6785 -0.1992 0.7071
vn -0.6929 -0.1408 0.7071
vn -0.6929 -0.1409 0.7071
vn -0.6999 -0.1006 0.7071
vn -0.7055 -0.0472 0.7071
vn -0.7071 -0.0000 0.7071
vn -0.7055 0.0472 0.7071
vn -0.6999 0.1006 0.7071
vn -0.6929 0.1408 0.7071
vn -0.6930 0.1408 0.7071
vn -0.6785 0.1992 0.7071
vn -0.6680 0.2320 0.7071
vn -0.6432 0.2937 0.7071
vn -0.6311 0.3189 0.7071
vn -0.5949 0.3823 0.7071
vn -0.5948 0.3823 0.7071
vn -0.5830 0.4002 0.7071
vn -0.5344 0.4631 0.7071
vn -0.5244 0.4743 0.7071
vn -0.5344 0.4630 0.7071
vn -0.4630 0.5344 0.7071
vn -0.4631 0.5344 0.7071
vn -0.4565 0.5400 0.7071
vn -0.3823 0.5949 0.7071
vn -0.3805 0.5960 0.7071
vn -0.2976 0.6414 0.7071
vn -0.2977 0.6414 0.7071
vn -0.3823 0.5948 0.7071
vn -0.2937 0.6432 0.7071
vn -0.2095 0.6754 0.7071
vn -0.1992 0.6785 0.7071
vn -0.1176 0.6973 0.7071
vn -0.1006 0.6999 0.7071
vn -0.0236 0.7067 0.7071
vn -0.0000 0.7071 0.7071
vn -0.0237 0.7067 0.7071
vn 0.0708 0.7036 0.7071
vn 0.1006 0.6999 0.7071
vn 0.1639 0.6878 0.7071
vn 0.1992 0.6785 0.7071
vn 0.2541 0.6599 0.7071
vn 0.2938 0.6432 0.7071
vn 0.2937 0.6432 0.7071
vn 0.3398 0.6201 0.7071
vn 0.3823 0.5949 0.7071
vn 0.4194 0.5693 0.7071
vn 0.4631 0.5344 0.7071
vn 0.4916 0.5083 0.7071
vn 0.4630 0.5344 0.7071
vn 0.5344 0.4630 0.7071
vn 0.5344 0.4631 0.7071
vn 0.5549 0.4382 0.7071
vn 0.5949 0.3823 0.7071
vn 0.6084 0.3604 0.7071
vn 0.6432 0.2937 0.7071
vn 0.6084 0.3603 0.7071
vn 0.6510 0.2761 0.7071
vn 0.6785 0.1992 0.7071
vn 0.6820 0.1868 0.7071
vn 0.6999 0.1006 0.7071
vn 0.7008 0.0942 0.7071
vn 0.0916 -0.1699 -0.9812
vn 0.1809 -0.2505 -0.9511
vn 0.1800 -0.3322 -0.9259
vn 0.3441 -0.4765 -0.8090
vn 0.2625 -0.4821 -0.8359
vn 0.3354 -0.6133 -0.7151
vn 0.4736 -0.6559 -0.5878
vn 0.3353 -0.6133 -0.7151
vn 0.3963 -0.7222 -0.5669
vn 0.4421 -0.8037 -0.3983
vn 0.5568 -0.7711 -0.3090
vn 0.5567 -0.7711 -0.3090
vn 0.4714 -0.8556 -0.2139
vn 0.4827 -0.8755 -0.0219
vn 0.2126 -0.2242 -0.9511
vn 0.2127 -0.2242 -0.9511
vn 0.2406 -0.1939 -0.9511
vn 0.2643 -0.1601 -0.9511
vn 0.2833 -0.1235 -0.9511
vn 0.2833 -0.1235 -0.9510
vn 0.2972 -0.0847 -0.9511
vn 0.2972 -0.0847 -0.9510
vn 0.3058 -0.0444 -0.9511
vn 0.3090 -0.0032 -0.9511
vn 0.3090 -0.0033 -0.9511
vn 0.3067 0.0379 -0.9511
vn 0.2989 0.0784 -0.9511
vn 0.2858 0.1175 -0.9511
vn 0.2676 0.1545 -0.9511
vn 0.2446 0.1888 -0.9511
vn 0.2447 0.1888 -0.9510
vn 0.2173 0.2197 -0.9511
vn 0.1861 0.2467 -0.9511
vn 0.4132 0.4181 -0.8090
vn 0.3540 0.4692 -0.8090
vn 0.3540 0.4693 -0.8090
vn 0.5685 0.5756 -0.5878
vn 0.4871 0.6459 -0.5878
vn 0.6682 0.6768 -0.3090
vn 0.5726 0.7594 -0.3090
vn 0.6019 0.7985 -0.0000
vn 0.4669 0.8286 -0.3090
vn 0.3529 0.8832 -0.3090
vn 0.2314 0.9225 -0.3090
vn 0.1065 0.9451 -0.3090
vn -0.0203 0.9508 -0.3090
vn -0.1467 0.9397 -0.3090
vn -0.2705 0.9118 -0.3090
vn -0.3895 0.8676 -0.3090
vn -0.5016 0.8080 -0.3090
vn -0.6047 0.7341 -0.3090
vn -0.6047 0.7340 -0.3090
vn -0.6971 0.6470 -0.3090
vn -0.7770 0.5484 -0.3090
vn -0.8632 0.4609 -0.2059
vn -0.8118 0.4330 -0.3918
vn -0.6610 0.4665 -0.5878
vn -0.7302 0.3887 -0.5619
vn -0.6205 0.3294 -0.7117
vn -0.4802 0.3389 -0.8090
vn -0.4879 0.2581 -0.8338
vn -0.3363 0.1772 -0.9249
vn -0.2525 0.1782 -0.9511
vn -0.1720 0.0902 -0.9810
vn 0.1517 0.2693 -0.9510
vn 0.1516 0.2692 -0.9511
vn 0.2885 0.5121 -0.8090
vn 0.3971 0.7049 -0.5878
vn 0.3971 0.7048 -0.5878
vn 0.1516 0.2693 -0.9511
vn 0.1145 0.2870 -0.9511
vn 0.2179 0.5459 -0.8090
vn 0.1430 0.5701 -0.8090
vn 0.1969 0.7847 -0.5878
vn 0.0906 0.8039 -0.5878
vn 0.1968 0.7847 -0.5878
vn 0.0752 0.2997 -0.9511
vn 0.0658 0.5841 -0.8090
vn -0.0172 0.8088 -0.5878
vn 0.0346 0.3071 -0.9511
vn 0.0346 0.3071 -0.9510
vn -0.0125 0.5877 -0.8090
vn -0.0125 0.5876 -0.8090
vn -0.0173 0.8088 -0.5878
vn -0.1248 0.7993 -0.5878
vn -0.0066 0.3089 -0.9511
vn -0.0907 0.5808 -0.8090
vn -0.0907 0.5807 -0.8090
vn -0.2301 0.7756 -0.5878
vn -0.0066 0.3090 -0.9511
vn -0.0477 0.3053 -0.9511
vn -0.1672 0.5635 -0.8090
vn -0.3314 0.7380 -0.5878
vn -0.3313 0.7381 -0.5878
vn -0.0879 0.2963 -0.9510
vn -0.0879 0.2962 -0.9511
vn -0.2408 0.5362 -0.8090
vn -0.2407 0.5362 -0.8090
vn -0.3313 0.7380 -0.5878
vn -0.3314 0.7381 -0.5878
vn -0.4267 0.6874 -0.5878
vn -0.1266 0.2819 -0.9511
vn -0.3100 0.4994 -0.8090
vn -0.4267 0.6873 -0.5878
vn -0.5144 0.6244 -0.5878
vn -0.1630 0.2626 -0.9510
vn -0.1630 0.2625 -0.9511
vn -0.3737 0.4537 -0.8090
vn -0.5930 0.5504 -0.5878
vn -0.1965 0.2385 -0.9511
vn -0.4308 0.3999 -0.8090
vn -0.4308 0.3998 -0.8090
vn -0.5930 0.5503 -0.5878
vn -0.2265 0.2102 -0.9511
vn -0.4802 0.3390 -0.8090
vn -0.2524 0.1782 -0.9511
vn -0.2525 0.1782 -0.9510
vn -0.8633 0.4609 -0.2058
vn -0.8819 0.4712 -0.0126
vn -0.8820 0.4711 -0.0127
vn -0.8820 0.4712 -0.0084
vn -0.8820 0.4712 -0.0042
vn 0.7529 0.5810 -0.3090
vn 0.6405 0.4943 -0.5878
vn 0.4653 0.3591 -0.8090
vn 0.7530 0.5810 -0.3090
vn 0.8236 0.4756 -0.3090
vn 0.7006 0.4046 -0.5878
vn 0.7482 0.3077 -0.5878
vn 0.7006 0.4045 -0.5878
vn 0.5436 0.2235 -0.8090
vn 0.5685 0.1492 -0.8090
vn 0.5436 0.2236 -0.8090
vn 0.5686 0.1492 -0.8090
vn 0.8796 0.3617 -0.3090
vn 0.7825 0.2053 -0.5878
vn 0.5685 0.1491 -0.8090
vn 0.5833 0.0721 -0.8090
vn 0.9199 0.2413 -0.3090
vn 0.9199 0.2414 -0.3090
vn 0.8029 0.0993 -0.5878
vn 0.5877 -0.0062 -0.8090
vn 0.5878 -0.0062 -0.8090
vn 0.9439 0.1167 -0.3090
vn 0.8090 -0.0085 -0.5878
vn 0.5817 -0.0844 -0.8090
vn 0.9510 -0.0100 -0.3090
vn 0.8006 -0.1162 -0.5878
vn 0.8006 -0.1161 -0.5878
vn 0.5653 -0.1611 -0.8090
vn 0.9412 -0.1366 -0.3090
vn 0.7780 -0.2217 -0.5878
vn 0.5388 -0.2349 -0.8090
vn 0.5388 -0.2350 -0.8090
vn 0.2832 -0.1235 -0.9511
vn 0.9146 -0.2607 -0.3090
vn 0.7416 -0.3234 -0.5878
vn 0.5027 -0.3046 -0.8090
vn 0.8718 -0.3801 -0.3090
vn 0.6919 -0.4192 -0.5878
vn 0.4577 -0.3688 -0.8090
vn 0.8718 -0.3802 -0.3090
vn 0.8134 -0.4928 -0.3090
vn 0.6299 -0.5076 -0.5878
vn 0.4045 -0.4265 -0.8090
vn 0.7405 -0.5968 -0.3090
vn 0.5567 -0.5870 -0.5878
vn 0.6545 -0.6901 -0.3090
vn 0.6545 -0.6900 -0.3090
vn 0.5090 0.2940 -0.8090
vn 0.5090 0.2939 -0.8090
vn 0.3001 0.7513 -0.5878
vn 0.3529 0.8831 -0.3090
vn 0.2569 -0.0898 -0.9623
vn 0.1292 -0.0605 -0.9898
vn 0.1293 -0.0605 -0.9898
vn 0.1305 -0.0782 -0.9884
vn 0.2601 -0.1217 -0.9579
vn 0.2630 -0.1575 -0.9519
vn 0.3880 -0.1816 -0.9036
vn 0.3921 -0.2348 -0.8895
vn 0.3920 -0.2348 -0.8895
vn 0.5119 -0.3066 -0.8024
vn 0.5119 -0.3066 -0.8025
vn 0.5051 -0.3712 -0.7791
vn 0.5051 -0.3712 -0.7792
vn 0.6076 -0.4465 -0.6568
vn 0.5838 -0.5233 -0.6208
vn 0.6076 -0.4465 -0.6569
vn 0.6898 -0.5068 -0.5170
vn 0.5837 -0.5233 -0.6208
vn 0.6581 -0.5900 -0.4677
vn 0.7498 -0.5509 -0.3665
vn 0.7092 -0.6357 -0.3048
vn 0.6540 -0.7151 -0.2469
vn 0.5932 -0.7761 -0.2139
vn 0.6540 -0.7151 -0.2470
vn 0.6121 -0.6693 -0.4210
vn 0.5564 -0.7292 -0.3983
vn 0.6121 -0.6693 -0.4211
vn 0.5466 -0.5977 -0.5864
vn 0.5466 -0.5977 -0.5865
vn 0.4988 -0.6556 -0.5669
vn 0.4585 -0.5014 -0.7337
vn 0.4586 -0.5014 -0.7337
vn 0.4222 -0.5571 -0.7151
vn 0.4222 -0.5570 -0.7152
vn 0.3307 -0.4382 -0.8358
vn 0.3543 -0.3874 -0.8511
vn 0.3307 -0.4382 -0.8359
vn 0.2269 -0.3021 -0.9259
vn 0.2381 -0.2604 -0.9357
vn 0.1156 -0.1547 -0.9812
vn 0.1179 -0.1289 -0.9846
vn 0.1156 -0.1546 -0.9812
vn 0.1250 -0.1120 -0.9858
vn 0.1250 -0.1121 -0.9858
vn 0.1291 -0.0949 -0.9871
vn 0.1292 -0.0949 -0.9871
vn 0.1306 -0.0782 -0.9883
vn 0.7748 -0.4640 -0.4294
vn 0.8368 -0.4286 -0.3408
vn 0.8368 -0.4286 -0.3407
vn 0.7851 -0.3675 -0.4985
vn 0.7851 -0.3675 -0.4986
vn 0.6945 -0.2427 -0.6773
vn 0.4943 -0.1728 -0.8519
vn 0.6169 -0.2887 -0.7322
vn 0.7099 -0.3323 -0.6210
vn 0.7068 -0.4233 -0.5668
vn 0.7851 -0.3674 -0.4985
vn 0.6897 -0.5069 -0.5171
vn 0.6897 -0.5068 -0.5171
vn 0.5083 -0.2379 -0.8277
vn 0.4944 -0.1728 -0.8519
vn 0.6185 -0.3704 -0.6930
vn 0.7099 -0.3322 -0.6210
vn 0.2523 -0.2261 -0.9409
vn 0.2523 -0.2262 -0.9408
vn 0.3756 -0.3367 -0.8635
vn 0.2604 -0.1914 -0.9463
vn 0.3880 -0.2851 -0.8765
vn 0.4875 -0.4370 -0.7559
vn 0.7068 -0.4233 -0.5667
vn 0.6898 -0.5068 -0.5171
vn 0.5467 -0.5977 -0.5864
vn 0.3604 0.0135 -0.9327
vn 0.5528 -0.0783 -0.8296
vn 0.5528 -0.0782 -0.8296
vn 0.6383 -0.1230 -0.7599
vn 0.7143 -0.1657 -0.6800
vn 0.7262 -0.1253 -0.6760
vn 0.6714 -0.0853 -0.7361
vn 0.6714 -0.0853 -0.7362
vn 0.6715 -0.0853 -0.7361
vn 0.6109 -0.0445 -0.7905
vn 0.5529 -0.0783 -0.8296
vn 0.4754 0.0377 -0.8790
vn 0.5135 0.0086 -0.8581
vn 0.4281 -0.0270 -0.9033
vn 0.5358 -0.0555 -0.8425
vn 0.5215 -0.1363 -0.8423
vn 0.6229 -0.1454 -0.7687
vn 0.6228 -0.1454 -0.7687
vn 0.5933 -0.1720 -0.7864
vn 0.6467 -0.1639 -0.7449
vn 0.6468 -0.1639 -0.7449
vn 0.6190 -0.1581 -0.7693
vn 0.6191 -0.1581 -0.7693
vn 0.6769 -0.1431 -0.7220
vn 0.6297 -0.0840 -0.7723
vn 0.6298 -0.0841 -0.7722
vn 0.7764 -0.1013 -0.6220
vn 0.6297 -0.0841 -0.7722
vn 0.7258 -0.1368 -0.6742
vn 0.8041 -0.1789 -0.5670
vn 0.7283 -0.1254 -0.6737
vn 0.7262 -0.1253 -0.6759
vn 0.7257 -0.1368 -0.6742
vn 0.7144 -0.1522 -0.6830
vn 0.6970 -0.1551 -0.7000
vn 0.6971 -0.1551 -0.7000
vn 0.7333 -0.0213 -0.6795
vn 0.7278 -0.0215 -0.6855
vn 0.7219 -0.0221 -0.6917
vn 0.7219 -0.0222 -0.6917
vn 0.7108 -0.0246 -0.7030
vn 0.7004 -0.0281 -0.7132
vn 0.6473 -0.0605 -0.7598
vn 0.6297 -0.0841 -0.7723
vn 0.4654 -0.1914 -0.8641
vn 0.4654 -0.1914 -0.8642
vn 0.5574 -0.1722 -0.8122
vn 0.4785 -0.1856 -0.8582
vn 0.4786 -0.1856 -0.8582
vn 0.3819 -0.1734 -0.9078
vn 0.5134 0.0086 -0.8581
vn 0.4754 0.0377 -0.8789
vn 0.6286 -0.0591 -0.7754
vn 0.6287 -0.0591 -0.7754
vn 0.6286 -0.0591 -0.7755
vn 0.6806 -0.0926 -0.7268
vn 0.6806 -0.0926 -0.7267
vn 0.6365 -0.0971 -0.7652
vn 0.6364 -0.0970 -0.7652
vn 0.6827 -0.1172 -0.7213
vn 0.6807 -0.0926 -0.7267
vn 0.6364 -0.0971 -0.7652
vn 0.6700 -0.1491 -0.7272
vn 0.6700 -0.1491 -0.7273
vn 0.6970 -0.1552 -0.7000
vn 0.6971 -0.1552 -0.7000
vn 0.6769 -0.1432 -0.7220
vn 0.6298 -0.0840 -0.7722
vn 0.7144 -0.1521 -0.6830
vn 0.7295 -0.0785 0.6794
vn 0.6012 -0.1976 0.7743
vn 0.5557 -0.2217 0.8013
vn 0.5666 -0.2202 0.7940
vn 0.5557 -0.2218 0.8013
vn 0.5472 -0.2089 0.8105
vn 0.6048 -0.2035 0.7699
vn 0.6379 -0.1530 0.7547
vn 0.6861 -0.1609 0.7095
vn 0.6379 -0.1530 0.7548
vn 0.6962 -0.1053 0.7100
vn 0.7410 -0.1314 0.6585
vn 0.6962 -0.1053 0.7101
vn 0.7386 -0.1085 0.6654
vn 0.7410 -0.1314 0.6586
vn 0.7827 -0.1464 0.6049
vn 0.7385 -0.1085 0.6654
vn 0.7804 -0.1448 0.6082
vn 0.7805 -0.1448 0.6082
vn 0.8529 -0.2157 0.4754
vn 0.7720 -0.1611 0.6149
vn 0.7720 -0.1612 0.6149
vn 0.7583 -0.2047 0.6190
vn 0.7583 -0.2048 0.6189
vn 0.7265 -0.3015 0.6175
vn 0.7010 -0.1100 0.7046
vn 0.7296 -0.0785 0.6794
vn 0.7752 -0.0364 0.6306
vn 0.7923 -0.0259 0.6096
vn 0.7970 -0.0239 0.6036
vn 0.8020 -0.0224 0.5970
vn 0.8069 -0.0214 0.5903
vn 0.7291 -0.1573 0.6660
vn 0.6678 -0.1781 0.7228
vn 0.6678 -0.1781 0.7227
vn 0.7292 -0.1573 0.6660
vn 0.7436 -0.1737 0.6457
vn 0.6889 -0.1904 0.6994
vn 0.7586 -0.1813 0.6258
vn 0.6889 -0.1904 0.6995
vn 0.7109 -0.1896 0.6772
vn 0.7729 -0.1746 0.6100
vn 0.7312 -0.1681 0.6611
vn 0.7312 -0.1681 0.6612
vn 0.7730 -0.1746 0.6100
vn 0.7817 -0.1567 0.6037
vn 0.7582 -0.2048 0.6190
vn 0.7265 -0.3016 0.6174
vn 0.6828 -0.1536 0.7143
vn 0.6828 -0.1537 0.7143
vn 0.5242 -0.2176 0.8233
vn 0.5945 -0.0994 0.7979
vn 0.4958 -0.0434 0.8674
vn 0.5601 -0.0003 0.8284
vn 0.5601 -0.0004 0.8284
vn 0.4739 0.0540 0.8789
vn 0.5601 -0.0003 0.8285
vn 0.5441 0.0419 0.8380
vn 0.3980 0.1323 0.9078
vn 0.4588 0.0699 0.8858
vn 0.2745 -0.1139 0.9548
vn 0.4958 -0.0434 0.8673
vn 0.3893 0.0129 0.9210
vn 0.4739 0.0539 0.8789
vn 0.3892 0.0129 0.9211
vn 0.4830 -0.1095 0.8687
vn 0.5960 -0.0516 0.8013
vn 0.4589 0.0699 0.8857
vn 0.5757 0.0088 0.8176
vn 0.5757 0.0089 0.8176
vn 0.6119 -0.0052 0.7909
vn 0.6395 -0.0550 0.7668
vn 0.5946 -0.0994 0.7979
vn 0.4830 -0.1095 0.8688
vn 0.5871 -0.1444 0.7965
vn 0.5871 -0.1444 0.7966
vn 0.5008 -0.2234 0.8363
vn 0.6595 -0.1971 0.7254
vn 0.6297 -0.2059 0.7491
vn 0.6297 -0.2059 0.7490
vn 0.7109 -0.1897 0.6773
vn 0.7109 -0.1896 0.6773
vn 0.6478 -0.0786 0.7578
vn 0.6345 -0.0305 0.7723
vn 0.6890 -0.0698 0.7214
vn 0.6890 -0.0697 0.7214
vn 0.6745 -0.0524 0.7364
vn 0.7106 -0.1090 0.6951
vn 0.6827 -0.1537 0.7143
vn 0.7583 -0.2048 0.6190
vn 0.7309 -0.0992 0.6752
vn 0.6860 -0.1609 0.7095
vn 0.7992 -0.4071 0.4423
vn 0.7830 -0.4792 0.3966
vn 0.8374 -0.4744 0.2716
vn 0.7576 -0.5507 0.3503
vn 0.7233 -0.6197 0.3046
vn 0.6986 -0.5078 0.5041
vn 0.6713 -0.5751 0.4676
vn 0.6165 -0.4481 0.6474
vn 0.5954 -0.5101 0.6207
vn 0.5325 -0.4558 0.7133
vn 0.5954 -0.5102 0.6207
vn 0.6220 -0.6529 0.4321
vn 0.6221 -0.6529 0.4321
vn 0.6279 -0.6517 0.4253
vn 0.6279 -0.6517 0.4254
vn 0.6286 -0.7326 0.2610
vn 0.6279 -0.6518 0.4253
vn 0.6714 -0.6969 0.2523
vn 0.6286 -0.7327 0.2610
vn 0.6245 -0.7648 0.1580
vn 0.6714 -0.6968 0.2523
vn 0.6217 -0.7773 0.0964
vn 0.6196 -0.7846 0.0234
vn 0.6714 -0.6969 0.2522
vn 0.3280 -0.2322 0.9157
vn 0.3944 -0.2867 0.8731
vn 0.5325 -0.4558 0.7132
vn 0.5136 -0.3733 0.7725
vn 0.6165 -0.4481 0.6475
vn 0.5230 -0.3201 0.7900
vn 0.6299 -0.3855 0.6742
vn 0.6299 -0.3856 0.6742
vn 0.5263 -0.2681 0.8069
vn 0.6361 -0.3240 0.7003
vn 0.6360 -0.3240 0.7003
vn 0.5242 -0.2176 0.8234
vn 0.1794 -0.1162 0.9769
vn 0.2690 -0.1646 0.9490
vn 0.2689 -0.1646 0.9490
vn 0.4008 -0.2453 0.8827
vn 0.5136 -0.3733 0.7726
vn 0.1334 -0.0817 0.9877
vn 0.1340 -0.0683 0.9886
vn 0.1341 -0.0683 0.9886
vn 0.2700 -0.1375 0.9530
vn 0.4026 -0.2050 0.8921
vn 0.4026 -0.2051 0.8921
vn 0.7174 -0.4391 0.5409
vn 0.7992 -0.4071 0.4422
vn 0.7278 -0.3707 0.5769
vn 0.6280 -0.6518 0.4253
vn 0.6714 -0.6968 0.2522
vn 0.7265 -0.3015 0.6174
vn 0.5932 -0.7761 -0.2138
vn 0.5672 -0.8233 -0.0220
vn 0.5672 -0.8233 -0.0219
vn 0.5337 -0.8180 -0.2143
vn 0.5337 -0.8181 -0.2143
vn 0.5256 -0.8505 -0.0219
vn 0.5256 -0.8505 -0.0220
vn 0.4714 -0.8556 -0.2138
vn 0.5564 -0.7293 -0.3981
vn 0.4777 -0.7342 -0.4824
vn 0.4776 -0.7342 -0.4825
vn 0.4422 -0.8038 -0.3981
vn 0.4422 -0.8038 -0.3980
vn 0.4777 -0.7342 -0.4825
vn 0.3825 -0.5908 -0.7103
vn 0.2624 -0.4819 -0.8360
vn 0.3825 -0.5908 -0.7104
vn 0.2572 -0.3997 -0.8798
vn 0.2571 -0.3997 -0.8798
vn 0.1800 -0.3321 -0.9259
vn 0.2571 -0.3996 -0.8799
vn 0.1123 -0.1758 -0.9780
vn 0.1122 -0.1758 -0.9780
vn 0.0008 -0.0012 -1.0000
vn 0.4988 -0.6557 -0.5668
vn 0.3825 -0.5909 -0.7103
vn 0.3306 -0.4380 -0.8360
vn 0.3826 -0.5908 -0.7103
vn 0.2571 -0.3997 -0.8799
vn 0.3306 -0.4381 -0.8359
vn 0.2268 -0.3020 -0.9259
vn 0.1122 -0.1757 -0.9780
vn 0.1155 -0.1547 -0.9812
vn 0.0008 -0.0011 -1.0000
vn 0.5685 -0.8226 -0.0146
vn 0.5256 -0.8504 -0.0220
vn 0.5264 -0.8502 -0.0073
vn 0.5685 -0.8226 -0.0147
vn 0.6619 -0.7494 -0.0178
vn 0.5807 -0.8141 -0.0089
vn 0.6647 -0.7471 -0.0072
vn 0.6647 -0.7471 -0.0071
vn 0.8676 -0.4971 -0.0129
vn 0.7528 -0.6582 -0.0061
vn 0.8065 -0.5912 0.0036
vn 0.6837 -0.7297 0.0075
vn 0.7533 -0.6575 0.0160
vn 0.6125 -0.7904 0.0087
vn 0.6125 -0.7904 0.0086
vn 0.5764 -0.8170 0.0157
vn 0.5764 -0.8170 0.0156
vn 0.6197 -0.7845 0.0234
vn 0.4992 -0.8665 -0.0000
vn 0.5060 -0.8626 -0.0000
vn 0.5067 -0.8621 -0.0000
vn 0.5005 -0.8658 -0.0000
vn 0.5314 -0.8471 0.0078
vn 0.6217 -0.7773 0.0965
vn 0.6196 -0.7846 0.0233
vn 0.5896 -0.8022 0.0939
vn 0.5897 -0.8022 0.0939
vn 0.5545 -0.8298 0.0628
vn 0.5175 -0.8551 0.0314
vn 0.4762 -0.8794 -0.0000
vn 0.5132 -0.8567 0.0527
vn 0.5131 -0.8567 0.0527
vn 0.5542 -0.8257 0.1053
vn 0.5922 -0.7903 0.1571
vn 0.6246 -0.7648 0.1580
vn 0.6288 -0.7325 0.2609
vn 0.5933 -0.7600 0.2652
vn 0.5933 -0.7601 0.2652
vn 0.6220 -0.6530 0.4321
vn 0.5817 -0.7116 0.3939
vn 0.5817 -0.7117 0.3939
vn 0.5324 -0.4558 0.7133
vn 0.5325 -0.4557 0.7133
vn 0.5818 -0.7116 0.3939
vn 0.5339 -0.6343 0.5591
vn 0.5322 -0.4554 0.7137
vn 0.4410 -0.5489 0.7101
vn 0.4310 -0.7478 0.5050
vn 0.4311 -0.7478 0.5050
vn 0.3166 -0.7210 0.6164
vn 0.3031 -0.8985 0.3175
vn 0.1712 -0.8489 0.5000
vn 0.1711 -0.8490 0.5000
vn 0.5017 -0.8604 0.0896
vn 0.5543 -0.8257 0.1053
vn 0.5018 -0.8604 0.0896
vn 0.5510 -0.8151 0.1787
vn 0.5510 -0.8152 0.1787
vn 0.4306 -0.9025 -0.0000
vn 0.4817 -0.8659 0.1349
vn 0.5386 -0.7988 0.2680
vn 0.5387 -0.7987 0.2680
vn 0.4426 -0.8750 0.1963
vn 0.5009 -0.7738 0.3878
vn 0.5387 -0.7988 0.2680
vn 0.5009 -0.7738 0.3877
vn 0.3856 -0.8859 0.2577
vn 0.3857 -0.8859 0.2577
vn 0.0988 -0.4901 0.8660
vn 0.2920 -0.4574 0.8400
vn 0.3279 -0.2322 0.9157
vn 0.1793 -0.1162 0.9769
vn 0.0988 -0.4902 0.8660
vn 0.6246 -0.7648 0.1579
vn 0.6216 -0.7773 0.0965
vn 0.4311 -0.7477 0.5050
vn 0.0497 -0.4975 0.8660
vn 0.0498 -0.4975 0.8660
vn 0.0002 -0.5000 0.8660
vn 0.0861 -0.8617 0.5000
vn 0.0862 -0.8617 0.5000
vn 0.0003 -0.8660 0.5000
vn 0.1324 -0.9912 -0.0000
vn 0.0059 -0.3288 0.9444
vn -0.0055 -0.6879 0.7258
vn -0.0159 -0.9253 0.3790
vn -0.0160 -0.9253 0.3789
vn -0.0384 -0.9130 0.4061
vn -0.0159 -0.9253 0.3789
vn -0.0200 -0.6699 0.7422
vn 0.0018 -0.3113 0.9503
vn 0.0037 -0.3287 0.9444
vn 0.0059 -0.3289 0.9443
vn 0.0004 -0.3112 0.9503
vn -0.0256 -0.2149 0.9763
vn -0.0931 -0.6252 0.7749
vn -0.1370 -0.9906 -0.0000
vn -0.1407 -0.9020 0.4081
vn -0.1408 -0.9020 0.4081
vn -0.1408 -0.9020 0.4082
vn -0.2482 -0.8805 0.4039
vn -0.1815 -0.6143 0.7679
vn -0.3076 -0.8679 0.3901
vn -0.2313 -0.6260 0.7448
vn -0.3355 -0.7984 0.5000
vn -0.1937 -0.4609 0.8660
vn -0.2224 -0.9749 0.0001
vn -0.2225 -0.9749 0.0001
vn -0.3059 -0.9521 0.0002
vn -0.3076 -0.8678 0.3902
vn -0.1937 -0.4610 0.8660
vn -0.1110 -0.2649 0.9579
vn 0.0229 0.1368 0.9903
vn -0.0771 -0.2205 0.9723
vn -0.0770 -0.2204 0.9724
vn -0.0771 -0.2204 0.9724
vn -0.0770 -0.2205 0.9723
vn -0.2491 -0.4335 0.8660
vn -0.2491 -0.4336 0.8660
vn -0.4314 -0.7509 0.5000
vn -0.4315 -0.7509 0.5000
vn -0.5208 -0.6919 0.5000
vn -0.3007 -0.3995 0.8660
vn -0.3477 -0.3593 0.8660
vn -0.3894 -0.3137 0.8660
vn -0.4251 -0.2632 0.8660
vn -0.4543 -0.2087 0.8660
vn -0.4543 -0.2087 0.8661
vn -0.4543 -0.2088 0.8660
vn -0.4766 -0.1511 0.8660
vn -0.4916 -0.0911 0.8660
vn -0.4991 -0.0297 0.8660
vn -0.4991 -0.0298 0.8660
vn -0.4990 0.0321 0.8660
vn -0.6022 -0.6224 0.5000
vn -0.7788 -0.6273 -0.0000
vn -0.6744 -0.5433 0.5000
vn -0.7363 -0.4559 0.5000
vn -0.7869 -0.3616 0.5000
vn -0.9533 -0.3022 -0.0000
vn -0.8255 -0.2617 0.5000
vn -0.4544 -0.2088 0.8660
vn -0.8515 -0.1578 0.5000
vn -0.8515 -0.1579 0.5000
vn -0.8645 -0.0515 0.5000
vn -0.8645 -0.0516 0.5000
vn -0.8642 0.0555 0.5000
vn -0.4990 0.0320 0.8660
vn -0.4782 0.1478 0.8657
vn -0.7534 0.1586 0.6382
vn -0.7533 0.1586 0.6382
vn -0.8642 0.0556 0.5000
vn -0.9324 0.1491 0.3293
vn -0.9310 0.2239 0.2884
vn -0.9836 0.1804 -0.0000
vn -0.9309 0.2240 0.2884
vn -0.9225 0.3070 0.2338
vn -0.9715 0.2368 -0.0000
vn -0.9225 0.3071 0.2339
vn -0.9087 0.3772 0.1791
vn -0.9087 0.3772 0.1790
vn -0.9565 0.2917 -0.0000
vn -0.9185 0.3955 -0.0000
vn -0.8908 0.4374 0.1231
vn -0.8701 0.4893 0.0589
vn -0.8702 0.4893 0.0589
vn -0.8645 0.5015 0.0348
vn -0.8805 0.4740 -0.0001
vn -0.8788 0.4771 -0.0000
vn -0.8551 0.5184 0.0027
vn -0.8439 0.5320 0.0695
vn -0.8439 0.5320 0.0696
vn -0.8304 0.5571 0.0055
vn -0.8211 0.5612 0.1042
vn -0.8025 0.5936 0.0596
vn -0.8211 0.5612 0.1041
vn -0.8026 0.5935 0.0595
vn -0.7995 0.5914 0.1047
vn -0.7996 0.5914 0.1046
vn -0.7911 0.5852 0.1778
vn -0.8156 0.5513 0.1758
vn -0.8450 0.5216 0.1176
vn -0.7912 0.5852 0.1778
vn -0.7693 0.5689 0.2907
vn -0.7838 0.5042 0.3626
vn -0.8451 0.4752 0.2451
vn -0.7693 0.5688 0.2908
vn -0.7340 0.4402 0.5172
vn -0.7339 0.4403 0.5172
vn -0.7339 0.4402 0.5172
vn -0.8370 0.4165 0.3548
vn -0.5453 0.4026 0.7352
vn -0.6634 0.3567 0.6578
vn -0.6635 0.3567 0.6577
vn -0.8189 0.3427 0.4604
vn -0.6634 0.3567 0.6577
vn -0.3085 0.2274 0.9236
vn -0.5689 0.2493 0.7837
vn -0.5689 0.2492 0.7837
vn -0.7880 0.2486 0.5633
vn -0.9225 0.3071 0.2338
vn -0.9309 0.2239 0.2884
vn -0.8342 0.5514 0.0029
vn -0.8552 0.5184 0.0027
vn -0.8343 0.5513 0.0029
vn -0.8717 0.4901 0.0002
vn -0.8090 0.5878 -0.0001
vn -0.8164 0.5775 0.0008
vn -0.8726 0.4885 0.0006
vn -0.8164 0.5775 0.0012
vn -0.8732 0.4874 -0.0000
vn -0.8090 0.5878 -0.0003
vn -0.8264 0.5631 -0.0022
vn -0.8264 0.5631 -0.0021
vn -0.8263 0.5632 -0.0022
vn -0.8380 0.5457 -0.0035
vn -0.8437 0.5368 -0.0084
vn -0.8380 0.5456 -0.0035
vn -0.8635 0.5044 -0.0042
vn -0.8756 0.4831 -0.0000
vn -0.8163 0.5776 0.0012
vn -0.7511 0.6602 0.0018
vn -0.8439 0.5363 -0.0127
vn -0.8439 0.5364 -0.0125
vn -0.8230 0.5678 -0.0127
vn -0.8439 0.5364 -0.0127
vn -0.8636 0.5041 -0.0127
vn -0.8635 0.5041 -0.0127
vn -0.8820 0.4712 -0.0000
vn -0.8819 0.4712 -0.0127
vn -0.8055 0.5557 -0.2058
vn -0.8357 0.5091 -0.2061
vn -0.7574 0.5225 -0.3915
vn -0.7411 0.4510 -0.4974
vn -0.7574 0.5226 -0.3915
vn -0.7411 0.4510 -0.4973
vn -0.5748 0.3492 -0.7401
vn -0.5749 0.3492 -0.7400
vn -0.5782 0.3989 -0.7118
vn -0.4542 0.3134 -0.8340
vn -0.3532 0.2139 -0.9108
vn -0.3531 0.2139 -0.9108
vn -0.3130 0.2159 -0.9249
vn -0.3128 0.2158 -0.9250
vn -0.3530 0.2139 -0.9109
vn -0.1599 0.1103 -0.9809
vn -0.0973 0.0587 -0.9935
vn -0.0972 0.0587 -0.9935
vn -0.0001 -0.0000 -1.0000
vn -0.8632 0.4609 -0.2058
vn -0.8119 0.4330 -0.3916
vn -0.8119 0.4330 -0.3915
vn -0.7410 0.4510 -0.4974
vn -0.5748 0.3491 -0.7401
vn -0.5749 0.3491 -0.7400
vn -0.6205 0.3294 -0.7116
vn -0.4878 0.2580 -0.8339
vn -0.4877 0.2581 -0.8340
vn -0.4877 0.2580 -0.8340
vn -0.3362 0.1772 -0.9250
vn -0.3363 0.1772 -0.9250
vn -0.1721 0.0903 -0.9809
vn -0.1720 0.0902 -0.9809
vn -0.1720 0.0903 -0.9810
vn 0.8660 -0.5000 -0.0000
vn 0.5000 -0.8660 -0.0000
vn -0.0000 -0.2232 0.9748
vn -0.0000 -0.5000 0.8660
vn -0.0000 -0.8660 0.5000
vn -0.0000 -0.9838 0.1792
vn -0.0000 -0.9928 0.1198
vn -0.0000 -0.9982 0.0600
vn -0.0000 -0.0873 -0.9962
vn -0.0000 -0.0874 -0.9962
vn -0.0000 -0.2243 -0.9745
vn -0.0000 -0.5000 -0.8660
vn -0.0000 -0.4094 -0.9123
vn -0.0000 -0.4095 -0.9123
vn -0.0000 -0.5339 -0.8456
vn -0.0000 -0.7051 -0.7091
vn -0.0000 -0.8660 -0.5000
vn -0.0000 -0.9187 -0.3950
vn -0.0000 -0.9844 -0.1759
vn -0.0000 -0.9931 -0.1176
vn -0.0000 -0.9983 -0.0589
vn -0.0000 -0.9838 0.1791
vn 0.3827 -0.8660 0.3219
vn 0.3023 -0.9298 0.2101
vn 0.3193 -0.9298 0.1832
vn 0.3331 -0.9298 0.1567
vn 0.3331 -0.9298 0.1566
vn 0.3443 -0.9298 0.1303
vn 0.3546 -0.9298 0.0988
vn 0.3607 -0.9298 0.0734
vn 0.3649 -0.9298 0.0485
vn 0.1784 -0.9839 0.0131
vn 0.7134 -0.6973 0.0699
vn 0.7133 -0.6973 0.0700
vn 0.7010 -0.7071 0.0931
vn 0.7009 -0.7071 0.0931
vn 0.6929 -0.7071 0.1411
vn 0.9111 -0.3681 0.1854
vn 0.6929 -0.7071 0.1410
vn 0.9111 -0.3681 0.1855
vn 0.8957 -0.3681 0.2495
vn 0.8607 -0.5010 0.0901
vn 0.9217 -0.3681 0.1224
vn 0.9732 -0.2037 0.1068
vn 0.9864 -0.1233 0.1088
vn 0.9864 -0.1234 0.1088
vn 0.9933 -0.0364 0.1099
vn 0.8696 -0.3681 0.3291
vn 0.8414 -0.3681 0.3957
vn 0.8064 -0.3681 0.4628
vn 0.7635 -0.3681 0.5307
vn 0.7653 -0.0000 0.6437
vn 0.6628 -0.5000 0.5574
vn 0.5806 -0.7071 0.4036
vn 0.7635 -0.3681 0.5306
vn 0.6133 -0.7071 0.3520
vn 0.3192 -0.9298 0.1832
vn 0.3826 -0.8661 0.3218
vn 0.3826 -0.8660 0.3218
vn 0.6812 -0.7071 0.1897
vn 0.6613 -0.7071 0.2503
vn 0.6399 -0.7071 0.3009
vn 0.9948 -0.0385 -0.0944
vn 0.9948 -0.0385 -0.0943
vn 0.9877 -0.1251 -0.0934
vn 0.9877 -0.1251 -0.0933
vn 0.9226 -0.3681 -0.1156
vn 0.9780 -0.1873 -0.0920
vn 0.9274 -0.3642 -0.0851
vn 0.8602 -0.5043 -0.0762
vn 0.8602 -0.5042 -0.0762
vn 0.7016 -0.7071 -0.0879
vn 0.6936 -0.7071 -0.1375
vn 0.6936 -0.7071 -0.1374
vn 0.3611 -0.9298 -0.0716
vn 0.3548 -0.9298 -0.0978
vn 0.3548 -0.9298 -0.0979
vn 0.7109 -0.7009 -0.0581
vn 0.7109 -0.7008 -0.0581
vn 0.3652 -0.9298 -0.0458
vn 0.3611 -0.9298 -0.0715
vn 0.3940 -0.9188 -0.0262
vn 0.3653 -0.9298 -0.0458
vn 0.3939 -0.9188 -0.0262
vn 0.1753 -0.9845 -0.0098
vn 0.3461 -0.9298 -0.1253
vn 0.3345 -0.9298 -0.1537
vn 0.3345 -0.9298 -0.1536
vn 0.3196 -0.9298 -0.1827
vn 0.3196 -0.9298 -0.1826
vn 0.3010 -0.9298 -0.2118
vn 0.2783 -0.9298 -0.2409
vn 0.2611 -0.9237 -0.2805
vn 0.2611 -0.9236 -0.2805
vn 0.5347 -0.7071 -0.4628
vn 0.4819 -0.7071 -0.5176
vn 0.5346 -0.7071 -0.4628
vn 0.4818 -0.7071 -0.5176
vn 0.6295 -0.3829 -0.6761
vn 0.7030 -0.3681 -0.6085
vn 0.6296 -0.3829 -0.6761
vn 0.6815 -0.0000 -0.7318
vn 0.7604 -0.3681 -0.5351
vn 0.8072 -0.3681 -0.4614
vn 0.8073 -0.3681 -0.4614
vn 0.8449 -0.3681 -0.3881
vn 0.8743 -0.3681 -0.3164
vn 0.8963 -0.3681 -0.2472
vn 0.9120 -0.3681 -0.1807
vn 0.9121 -0.3681 -0.1807
vn 0.9120 -0.3681 -0.1808
vn 0.6817 -0.7071 -0.1880
vn 0.6649 -0.7071 -0.2406
vn 0.6649 -0.7071 -0.2407
vn 0.6426 -0.7071 -0.2952
vn 0.6139 -0.7071 -0.3509
vn 0.5783 -0.7071 -0.4070
vn 0.5783 -0.7071 -0.4069
vn 0.3549 -0.9298 -0.0979
vn 0.0001 -1.0000 -0.0000
vn 0.3592 -0.8660 0.3478
vn 0.3926 -0.8660 0.3096
vn 0.6800 -0.5000 0.5363
vn 0.6222 -0.5000 0.6024
vn 0.5579 -0.5000 0.6624
vn 0.4878 -0.5000 0.7155
vn 0.4879 -0.5000 0.7155
vn 0.4128 -0.5000 0.7613
vn 0.3334 -0.5000 0.7993
vn 0.2507 -0.5000 0.8290
vn 0.2507 -0.5000 0.8289
vn 0.1653 -0.5000 0.8501
vn 0.0783 -0.5000 0.8625
vn 0.0165 -0.0000 0.9999
vn -0.0096 -0.5000 0.8660
vn -0.0974 -0.5000 0.8605
vn -0.1841 -0.5000 0.8462
vn -0.2690 -0.5000 0.8232
vn -0.3511 -0.5000 0.7917
vn -0.2027 -0.8660 0.4571
vn -0.2480 -0.8660 0.4342
vn -0.2907 -0.8660 0.4068
vn -0.2908 -0.8660 0.4068
vn -0.3305 -0.8660 0.3752
vn -0.3668 -0.8660 0.3397
vn -0.3668 -0.8660 0.3398
vn -0.3668 -0.8661 0.3397
vn -0.3994 -0.8660 0.3008
vn -0.4279 -0.8660 0.2587
vn -0.4278 -0.8661 0.2587
vn -0.4519 -0.8660 0.2140
vn -0.4712 -0.8661 0.1671
vn -0.4713 -0.8660 0.1671
vn -0.4712 -0.8660 0.1671
vn -0.4858 -0.8660 0.1184
vn -0.4953 -0.8660 0.0686
vn -0.4997 -0.8660 0.0180
vn -0.4989 -0.8660 -0.0327
vn -0.4989 -0.8660 -0.0328
vn -0.8642 -0.5000 -0.0567
vn -0.8642 -0.5000 -0.0568
vn -0.4930 -0.8660 -0.0832
vn -0.8540 -0.5000 -0.1441
vn -0.4820 -0.8660 -0.1328
vn -0.4821 -0.8660 -0.1327
vn -0.8539 -0.5000 -0.1441
vn -0.8349 -0.5000 -0.2299
vn -0.4661 -0.8660 -0.1810
vn -0.8349 -0.5000 -0.2300
vn -0.8073 -0.5000 -0.3134
vn -0.4454 -0.8660 -0.2273
vn -0.7714 -0.5000 -0.3937
vn -0.4453 -0.8660 -0.2273
vn -0.4200 -0.8660 -0.2713
vn -0.7275 -0.5000 -0.4699
vn -0.3903 -0.8660 -0.3125
vn -0.6761 -0.5000 -0.5412
vn -0.3566 -0.8660 -0.3505
vn -0.6177 -0.5000 -0.6070
vn -0.3566 -0.8660 -0.3504
vn -0.3192 -0.8660 -0.3848
vn -0.3193 -0.8660 -0.3848
vn -0.5530 -0.5000 -0.6665
vn -0.2786 -0.8660 -0.4152
vn -0.4825 -0.5000 -0.7191
vn -0.2351 -0.8660 -0.4413
vn -0.2350 -0.8660 -0.4413
vn -0.4071 -0.5000 -0.7644
vn -0.3276 -0.5000 -0.8017
vn -0.2445 -0.5000 -0.8308
vn -0.1590 -0.5000 -0.8513
vn -0.0719 -0.5000 -0.8630
vn 0.0160 -0.5000 -0.8659
vn 0.1037 -0.5000 -0.8598
vn 0.1038 -0.5000 -0.8598
vn 0.1904 -0.5000 -0.8448
vn 0.2732 -0.0000 -0.9619
vn 0.2751 -0.5000 -0.8212
vn 0.3569 -0.5000 -0.7890
vn 0.3569 -0.5000 -0.7891
vn 0.4351 -0.5000 -0.7488
vn 0.5088 -0.5000 -0.7008
vn 0.5772 -0.5000 -0.6456
vn 0.6822 -0.3828 -0.6229
vn -0.4295 -0.5000 0.7520
vn -0.4296 -0.5000 0.7520
vn -0.5036 -0.5000 0.7046
vn -0.5036 -0.5000 0.7045
vn -0.5724 -0.5000 0.6499
vn -0.5724 -0.5000 0.6498
vn -0.3669 -0.8660 0.3397
vn -0.5725 -0.5000 0.6498
vn -0.6354 -0.5000 0.5885
vn -0.6354 -0.5000 0.5884
vn -0.6918 -0.5000 0.5210
vn -0.7411 -0.5000 0.4481
vn -0.7410 -0.5000 0.4482
vn -0.4278 -0.8660 0.2588
vn -0.7411 -0.5000 0.4482
vn -0.7827 -0.5000 0.3707
vn -0.8162 -0.5000 0.2894
vn -0.8414 -0.5000 0.2051
vn -0.8414 -0.5000 0.2052
vn -0.8578 -0.5000 0.1188
vn -0.8655 -0.5000 0.0312
vn -0.9183 -0.0000 -0.3960
vn -0.8689 -0.0000 -0.4950
vn -0.8688 -0.0000 -0.4951
vn 0.5223 -0.7070 -0.4768
vn 0.5773 -0.5000 -0.6456
vn 0.3332 -0.8661 -0.3727
vn 0.3333 -0.8660 -0.3727
vn 0.2938 -0.8660 -0.4046
vn 0.2937 -0.8660 -0.4046
vn 0.2512 -0.8660 -0.4323
vn 0.2061 -0.8660 -0.4556
vn 0.1588 -0.8660 -0.4741
vn 0.1099 -0.8660 -0.4878
vn 0.0599 -0.8660 -0.4964
vn 0.0093 -0.8660 -0.4999
vn -0.0415 -0.8660 -0.4983
vn -0.0918 -0.8660 -0.4915
vn -0.1412 -0.8660 -0.4797
vn -0.1891 -0.8660 -0.4629
vn -0.1891 -0.8661 -0.4628
vn -0.1412 -0.8660 -0.4796
vn -0.4821 -0.8660 -0.1328
vn 0.2831 -0.9236 -0.2584
vn 0.2061 -0.8660 -0.4555
vn 0.0001 -1.0000 -0.0001
vn -0.1553 -0.8660 0.4753
vn -0.1063 -0.8660 0.4886
vn -0.0562 -0.8660 0.4968
vn -0.0056 -0.8660 0.5000
vn -0.0055 -0.8660 0.5000
vn 0.0452 -0.8660 0.4980
vn 0.0452 -0.8660 0.4979
vn 0.0954 -0.8660 0.4908
vn 0.0955 -0.8660 0.4908
vn 0.1447 -0.8660 0.4786
vn 0.1925 -0.8660 0.4615
vn 0.1925 -0.8660 0.4614
vn 0.2383 -0.8660 0.4395
vn 0.2383 -0.8660 0.4396
vn 0.2817 -0.8660 0.4131
vn 0.3221 -0.8660 0.3824
vn 0.2816 -0.8661 0.4131
vn -0.3277 -0.5000 -0.8016
vn -0.3276 -0.5000 -0.8016
vn 0.4963 -0.8660 0.0603
vn 0.4964 -0.8660 0.0603
vn 0.4996 -0.8660 -0.0201
vn 0.4899 -0.8660 -0.1000
vn 0.4675 -0.8660 -0.1773
vn 0.4330 -0.8660 -0.2500
vn 0.3873 -0.8660 -0.3162
vn 0.3316 -0.8660 -0.3743
vn 0.3315 -0.8660 -0.3743
vn 0.2673 -0.8660 -0.4226
vn 0.2672 -0.8660 -0.4226
vn 0.1960 -0.8660 -0.4600
vn 0.1197 -0.8660 -0.4855
vn 0.1196 -0.8660 -0.4855
vn 0.0402 -0.8660 -0.4984
vn -0.0402 -0.8660 -0.4984
vn 0.0697 -0.5000 -0.8632
vn -0.0697 -0.5000 -0.8632
vn -0.2073 -0.5000 -0.8409
vn -0.2072 -0.5000 -0.8409
vn -0.3395 -0.5000 -0.7967
vn -0.3394 -0.5000 -0.7967
vn -0.4629 -0.5000 -0.7320
vn -0.4629 -0.5000 -0.7319
vn -0.5743 -0.5000 -0.6482
vn -0.6708 -0.5000 -0.5477
vn -0.7500 -0.5000 -0.4330
vn -0.8098 -0.5000 -0.3071
vn -0.8097 -0.5000 -0.3071
vn -0.8485 -0.5000 -0.1733
vn -0.8485 -0.5000 -0.1732
vn -0.8653 -0.5000 -0.0348
vn -0.8653 -0.5000 -0.0349
vn -0.8597 -0.5000 0.1044
vn -0.8319 -0.5000 0.2409
vn -0.8318 -0.5000 0.2409
vn -0.7824 -0.5000 0.3712
vn -0.7824 -0.5000 0.3713
vn -0.7127 -0.5000 0.4920
vn -0.7127 -0.5000 0.4919
vn -0.6246 -0.5000 0.5999
vn -0.5202 -0.5000 0.6924
vn -0.5203 -0.5000 0.6923
vn -0.5203 -0.5000 0.6924
vn -0.4024 -0.5000 0.7668
vn -0.4025 -0.5000 0.7668
vn -0.2742 -0.5000 0.8215
vn -0.2743 -0.5000 0.8214
vn -0.1390 -0.5000 0.8548
vn -0.1389 -0.5000 0.8548
vn 0.1390 -0.5000 0.8548
vn 0.1389 -0.5000 0.8548
vn 0.2743 -0.5000 0.8214
vn 0.2742 -0.5000 0.8215
vn 0.4025 -0.5000 0.7668
vn 0.4024 -0.5000 0.7668
vn 0.5203 -0.5000 0.6924
vn 0.5203 -0.5000 0.6923
vn 0.5202 -0.5000 0.6924
vn 0.6246 -0.5000 0.5999
vn 0.7127 -0.5000 0.4919
vn 0.7127 -0.5000 0.4920
vn 0.7824 -0.5000 0.3713
vn 0.7824 -0.5000 0.3712
vn 0.9458 -0.0002 0.3247
vn 0.8318 -0.5000 0.2409
vn 0.8319 -0.5000 0.2409
vn 0.8597 -0.5000 0.1044
vn 0.8653 -0.5000 -0.0348
vn 0.8653 -0.5000 -0.0349
vn 0.8485 -0.5000 -0.1733
vn 0.8485 -0.5000 -0.1732
vn 0.8097 -0.5000 -0.3071
vn 0.8098 -0.5000 -0.3071
vn 0.7500 -0.5000 -0.4330
vn 0.6708 -0.5000 -0.5477
vn 0.5743 -0.5000 -0.6482
vn 0.4629 -0.5000 -0.7319
vn 0.4629 -0.5000 -0.7320
vn 0.3394 -0.5000 -0.7967
vn 0.3395 -0.5000 -0.7967
vn 0.2072 -0.5000 -0.8409
vn 0.2073 -0.5000 -0.8409
vn 0.4803 -0.8660 0.1391
vn 0.4517 -0.8660 0.2143
vn 0.4115 -0.8660 0.2840
vn 0.4115 -0.8660 0.2841
vn 0.3606 -0.8660 0.3464
vn 0.3004 -0.8660 0.3997
vn 0.2324 -0.8660 0.4427
vn 0.1583 -0.8660 0.4743
vn 0.0802 -0.8660 0.4935
vn -0.0802 -0.8660 0.4935
vn -0.1583 -0.8660 0.4743
vn -0.2324 -0.8660 0.4427
vn -0.3004 -0.8660 0.3997
vn -0.3606 -0.8660 0.3464
vn -0.4115 -0.8660 0.2841
vn -0.4115 -0.8660 0.2840
vn -0.4517 -0.8660 0.2143
vn -0.4803 -0.8660 0.1391
vn -0.4964 -0.8660 0.0603
vn -0.4963 -0.8660 0.0603
vn -0.4996 -0.8660 -0.0201
vn -0.4899 -0.8660 -0.1000
vn -0.4675 -0.8660 -0.1773
vn -0.4330 -0.8660 -0.2500
vn -0.3873 -0.8660 -0.3162
vn -0.3316 -0.8660 -0.3743
vn -0.3315 -0.8660 -0.3743
vn -0.2673 -0.8660 -0.4226
vn -0.2672 -0.8660 -0.4226
vn -0.1960 -0.8660 -0.4600
vn -0.1197 -0.8660 -0.4855
vn -0.1196 -0.8660 -0.4855
vn 0.2742 -0.5000 0.8214
vn 0.5202 -0.5000 0.6923
vn 0.4517 -0.8660 0.2144
vn 0.4628 -0.5000 -0.7320
vn -0.1584 -0.8660 0.4743
vn -0.5202 -0.5000 0.6923
vn -0.4517 -0.8660 0.2144
vn -0.8318 -0.5000 0.2410
vn 0.8631 -0.5000 0.0715
vn 0.8631 -0.5000 -0.0715
vn 0.8395 -0.5000 -0.2126
vn 0.7931 -0.5000 -0.3479
vn 0.7250 -0.5000 -0.4737
vn 0.6372 -0.5000 -0.5865
vn 0.5319 -0.5000 -0.6834
vn 0.4122 -0.5000 -0.7616
vn 0.4122 -0.5000 -0.7617
vn 0.2812 -0.5000 -0.8191
vn 0.1425 -0.5000 -0.8542
vn -0.1425 -0.5000 -0.8542
vn -0.2812 -0.5000 -0.8191
vn -0.4122 -0.5000 -0.7616
vn -0.4122 -0.5000 -0.7617
vn -0.5319 -0.5000 -0.6834
vn -0.6372 -0.5000 -0.5865
vn -0.7250 -0.5000 -0.4737
vn -0.7931 -0.5000 -0.3479
vn -0.8395 -0.5000 -0.2126
vn -0.8631 -0.5000 -0.0715
vn -0.8631 -0.5000 0.0715
vn -0.8395 -0.5000 0.2126
vn -0.7931 -0.5000 0.3479
vn -0.7250 -0.5000 0.4737
vn -0.6372 -0.5000 0.5865
vn -0.5319 -0.5000 0.6834
vn -0.4122 -0.5000 0.7616
vn -0.4122 -0.5000 0.7617
vn -0.2812 -0.5000 0.8191
vn -0.1425 -0.5000 0.8542
vn 0.1425 -0.5000 0.8542
vn 0.2812 -0.5000 0.8191
vn 0.4122 -0.5000 0.7616
vn 0.4122 -0.5000 0.7617
vn 0.5319 -0.5000 0.6834
vn 0.6372 -0.5000 0.5865
vn 0.7250 -0.5000 0.4737
vn 0.7931 -0.5000 0.3479
vn 0.8395 -0.5000 0.2126
vn 0.4983 -0.8660 -0.0413
vn 0.4983 -0.8660 0.0413
vn 0.4847 -0.8660 0.1228
vn 0.4847 -0.8660 0.1227
vn 0.4579 -0.8660 0.2009
vn 0.4579 -0.8660 0.2008
vn 0.4186 -0.8660 0.2735
vn 0.3679 -0.8660 0.3386
vn 0.3678 -0.8661 0.3386
vn 0.3071 -0.8660 0.3946
vn 0.2380 -0.8660 0.4398
vn 0.2380 -0.8660 0.4397
vn 0.1623 -0.8660 0.4729
vn 0.1624 -0.8660 0.4729
vn 0.0823 -0.8660 0.4932
vn -0.0823 -0.8660 0.4932
vn -0.1624 -0.8660 0.4729
vn -0.1623 -0.8660 0.4729
vn -0.2380 -0.8660 0.4397
vn -0.2380 -0.8660 0.4398
vn -0.3071 -0.8660 0.3946
vn -0.3679 -0.8660 0.3386
vn -0.3678 -0.8661 0.3386
vn -0.4186 -0.8660 0.2735
vn -0.4579 -0.8660 0.2008
vn -0.4579 -0.8660 0.2009
vn -0.4847 -0.8660 0.1227
vn -0.4847 -0.8660 0.1228
vn -0.4983 -0.8660 0.0413
vn -0.4983 -0.8660 -0.0413
vn -0.4847 -0.8660 -0.1228
vn -0.4847 -0.8660 -0.1227
vn -0.4579 -0.8660 -0.2009
vn -0.4579 -0.8660 -0.2008
vn -0.4186 -0.8660 -0.2735
vn -0.3679 -0.8660 -0.3386
vn -0.3678 -0.8661 -0.3386
vn -0.3071 -0.8660 -0.3946
vn -0.2380 -0.8660 -0.4398
vn -0.2380 -0.8660 -0.4397
vn -0.1623 -0.8660 -0.4729
vn -0.1624 -0.8660 -0.4729
vn -0.0823 -0.8660 -0.4932
vn 0.0823 -0.8660 -0.4932
vn 0.1624 -0.8660 -0.4729
vn 0.1623 -0.8660 -0.4729
vn 0.2380 -0.8660 -0.4397
vn 0.2380 -0.8660 -0.4398
vn 0.3071 -0.8660 -0.3946
vn 0.3679 -0.8660 -0.3386
vn 0.3678 -0.8661 -0.3386
vn 0.4186 -0.8660 -0.2735
vn 0.4579 -0.8660 -0.2008
vn 0.4579 -0.8660 -0.2009
vn 0.4847 -0.8660 -0.1227
vn 0.4847 -0.8660 -0.1228
vn 0.1426 -0.5000 0.8542
vn 0.6372 -0.5000 0.5866
vn 0.6371 -0.5000 -0.5866
vn 0.3678 -0.8660 -0.3387
vn 0.3071 -0.8660 -0.3945
vn -0.1426 -0.5000 -0.8542
vn -0.6372 -0.5000 -0.5866
vn -0.6371 -0.5000 0.5866
vn -0.3678 -0.8660 0.3387
vn -0.3071 -0.8660 0.3945
vn -0.2169 -0.8660 0.4505
vn -0.2170 -0.8660 0.4505
vn 0.2170 -0.8660 0.4505
vn 0.2169 -0.8660 0.4505
vn 0.3757 -0.5000 0.7803
vn 0.3758 -0.5000 0.7803
vn -0.3909 -0.8660 0.3118
vn -0.3909 -0.8660 0.3117
vn -0.4875 -0.8660 0.1112
vn -0.4874 -0.8660 0.1113
vn -0.4875 -0.8660 -0.1112
vn -0.4874 -0.8660 -0.1113
vn -0.4875 -0.8660 -0.1113
vn -0.3909 -0.8660 -0.3118
vn -0.3909 -0.8660 -0.3117
vn -0.2170 -0.8660 -0.4505
vn -0.2169 -0.8660 -0.4505
vn 0.2169 -0.8660 -0.4505
vn 0.2170 -0.8660 -0.4505
vn 0.3909 -0.8660 -0.3117
vn 0.3909 -0.8660 -0.3118
vn 0.4875 -0.8660 -0.1113
vn 0.4875 -0.8660 -0.1112
vn 0.4874 -0.8660 0.1113
vn 0.4875 -0.8660 0.1112
vn 0.3909 -0.8660 0.3118
vn 0.3909 -0.8660 0.3117
vn 0.6771 -0.5000 0.5400
vn 0.8443 -0.5000 0.1927
vn 0.8660 -0.0000 0.5001
vn 0.8443 -0.5000 -0.1927
vn 0.8660 -0.0000 -0.5001
vn 0.6771 -0.5000 -0.5400
vn 0.3758 -0.5000 -0.7803
vn 0.3757 -0.5000 -0.7803
vn -0.3758 -0.5000 -0.7803
vn -0.3757 -0.5000 -0.7803
vn -0.6771 -0.5000 -0.5399
vn -0.3758 -0.5000 -0.7802
vn -0.6771 -0.5000 -0.5400
vn -0.8443 -0.5000 -0.1927
vn -0.8443 -0.5000 0.1927
vn -0.4875 -0.8660 0.1113
vn -0.6771 -0.5000 0.5400
vn -0.6771 -0.5000 0.5399
vn -0.3757 -0.5000 0.7803
vn -0.3758 -0.5000 0.7802
vn -0.3758 -0.5000 0.7803
vn 0.3758 -0.5000 -0.7802
vn 0.6771 -0.5000 0.5399
vn 0.4875 -0.8660 0.1113
vn 0.3758 -0.4999 0.7803
vn 0.9176 -0.1073 0.3827
vn 0.9239 -0.0000 0.3827
vn 0.9176 0.1073 0.3827
vn 0.8990 -0.2130 0.3827
vn 0.8990 -0.2131 0.3827
vn 0.8682 -0.3160 0.3827
vn 0.8256 -0.4146 0.3827
vn 0.7719 -0.5077 0.3827
vn 0.7077 -0.5939 0.3827
vn 0.5550 -0.4382 0.7071
vn 0.6340 -0.6720 0.3827
vn 0.4195 -0.5693 0.7071
vn 0.5517 -0.7411 0.3827
vn 0.4619 -0.8001 0.3827
vn 0.3659 -0.8483 0.3827
vn 0.2650 -0.8851 0.3827
vn 0.1604 -0.9098 0.3827
vn 0.0537 -0.9223 0.3827
vn -0.0537 -0.9223 0.3827
vn -0.1604 -0.9098 0.3827
vn -0.2650 -0.8851 0.3827
vn -0.2095 -0.6753 0.7071
vn 0.4620 -0.8001 0.3827
vn 0.2542 -0.6599 0.7071
vn 0.0708 -0.7035 0.7071
vn 0.1604 -0.9099 0.3827
vn -0.1176 -0.6972 0.7071
vn -0.3659 -0.8483 0.3827
vn -0.4619 -0.8001 0.3827
vn -0.5517 -0.7411 0.3827
vn -0.6340 -0.6720 0.3827
vn -0.7077 -0.5938 0.3827
vn -0.7077 -0.5939 0.3827
vn -0.7719 -0.5077 0.3827
vn -0.8256 -0.4146 0.3827
vn -0.8256 -0.4147 0.3827
vn -0.8682 -0.3160 0.3827
vn -0.8990 -0.2131 0.3827
vn -0.9176 -0.1072 0.3827
vn -0.9176 -0.1073 0.3827
vn -0.9239 -0.0000 0.3827
vn -0.9176 0.1073 0.3827
vn -0.8990 0.2131 0.3827
vn -0.8682 0.3160 0.3827
vn -0.8256 0.4146 0.3827
vn -0.7719 0.5077 0.3827
vn -0.6680 -0.2319 0.7071
vn -0.6929 0.1409 0.7071
vn -0.6680 0.2319 0.7071
vn -0.5829 0.4002 0.7071
vn -0.7077 0.5939 0.3827
vn -0.6340 0.6720 0.3827
vn -0.5517 0.7411 0.3827
vn -0.4619 0.8001 0.3827
vn -0.3659 0.8483 0.3827
vn -0.2650 0.8851 0.3827
vn -0.2095 0.6753 0.7071
vn -0.1176 0.6972 0.7071
vn -0.1604 0.9098 0.3827
vn -0.0537 0.9223 0.3827
vn -0.1604 0.9099 0.3827
vn 0.0537 0.9223 0.3827
vn 0.1604 0.9098 0.3827
vn 0.2650 0.8851 0.3827
vn 0.2649 0.8851 0.3827
vn 0.3659 0.8483 0.3827
vn 0.4619 0.8001 0.3827
vn 0.5517 0.7411 0.3827
vn 0.6340 0.6720 0.3827
vn 0.0708 0.7035 0.7071
vn 0.1604 0.9099 0.3827
vn 0.2541 0.6598 0.7071
vn 0.4195 0.5693 0.7071
vn 0.4620 0.8001 0.3827
vn 0.7077 0.5939 0.3827
vn 0.7719 0.5077 0.3827
vn 0.8256 0.4146 0.3827
vn 0.6510 0.2760 0.7071
vn 0.8682 0.3160 0.3827
vn 0.8990 0.2131 0.3827
vn 0.8990 0.2130 0.3827
vn -0.4620 0.8001 0.3827
vn -0.7077 0.5938 0.3827
vn -0.8244 -0.5660 -0.0000
vn 0.8681 -0.3160 0.3827
vn 0.4915 -0.0919 -0.8660
vn 0.4915 0.0919 -0.8660
vn 0.4662 0.1806 -0.8660
vn 0.4251 0.2632 -0.8660
vn 0.3695 0.3369 -0.8660
vn 0.3695 0.3368 -0.8660
vn 0.3013 0.3990 -0.8660
vn 0.2229 0.4476 -0.8660
vn 0.1368 0.4809 -0.8660
vn 0.0461 0.4979 -0.8660
vn -0.0461 0.4979 -0.8660
vn -0.0461 0.4978 -0.8660
vn -0.1368 0.4809 -0.8660
vn -0.2229 0.4476 -0.8660
vn -0.3013 0.3990 -0.8660
vn -0.3695 0.3368 -0.8660
vn -0.3695 0.3369 -0.8660
vn -0.4251 0.2632 -0.8660
vn -0.4663 0.1806 -0.8660
vn -0.4662 0.1806 -0.8660
vn -0.4915 0.0919 -0.8660
vn -0.4915 -0.0919 -0.8660
vn -0.4663 -0.1806 -0.8660
vn -0.4662 -0.1806 -0.8660
vn -0.4251 -0.2632 -0.8660
vn -0.3695 -0.3369 -0.8660
vn -0.3695 -0.3368 -0.8660
vn -0.3013 -0.3990 -0.8660
vn -0.2229 -0.4476 -0.8660
vn -0.1368 -0.4809 -0.8660
vn -0.0461 -0.4979 -0.8660
vn -0.0461 -0.4978 -0.8661
vn 0.0461 -0.4979 -0.8660
vn 0.1368 -0.4809 -0.8660
vn 0.2229 -0.4476 -0.8660
vn 0.3013 -0.3990 -0.8660
vn 0.3695 -0.3368 -0.8660
vn 0.3695 -0.3369 -0.8660
vn 0.4251 -0.2632 -0.8660
vn 0.4663 -0.1806 -0.8660
vn 0.4662 -0.1806 -0.8660
vn 0.8513 0.1591 -0.5000
vn 0.8513 -0.1591 -0.5000
vn 0.8075 -0.3129 -0.5000
vn 0.8076 -0.3128 -0.5000
vn 0.8075 -0.3128 -0.5000
vn 0.7363 -0.4559 -0.5000
vn 0.6400 -0.5834 -0.5000
vn 0.5219 -0.6911 -0.5000
vn 0.4457 -0.8952 -0.0000
vn 0.3860 -0.7752 -0.5000
vn 0.4458 -0.8951 -0.0000
vn 0.2737 -0.9618 -0.0000
vn 0.2370 -0.8330 -0.5000
vn 0.0799 -0.8623 -0.5000
vn -0.0922 -0.9957 -0.0000
vn -0.0799 -0.8623 -0.5000
vn -0.2737 -0.9618 -0.0000
vn -0.2370 -0.8330 -0.5000
vn -0.4457 -0.8952 -0.0000
vn -0.3860 -0.7752 -0.5000
vn -0.4458 -0.8951 -0.0000
vn -0.3860 -0.7753 -0.5000
vn -0.5219 -0.6911 -0.5000
vn -0.6400 -0.5834 -0.5000
vn -0.7363 -0.4559 -0.5000
vn -0.8076 -0.3128 -0.5000
vn -0.8075 -0.3129 -0.5000
vn -0.8075 -0.3128 -0.5000
vn -0.8513 -0.1591 -0.5000
vn -0.8513 -0.1592 -0.5000
vn -0.8513 0.1591 -0.5000
vn -0.8075 0.3128 -0.5000
vn -0.8076 0.3128 -0.5000
vn -0.7363 0.4559 -0.5000
vn -0.6400 0.5834 -0.5000
vn -0.5219 0.6911 -0.5000
vn -0.4457 0.8952 -0.0000
vn -0.3860 0.7752 -0.5000
vn -0.4458 0.8951 -0.0000
vn -0.2737 0.9618 -0.0000
vn -0.2370 0.8330 -0.5000
vn -0.0799 0.8623 -0.5000
vn 0.0799 0.8623 -0.5000
vn 0.2737 0.9618 -0.0000
vn 0.2370 0.8330 -0.5000
vn 0.4457 0.8952 -0.0000
vn 0.3860 0.7752 -0.5000
vn 0.5219 0.6911 -0.5000
vn 0.6400 0.5834 -0.5000
vn 0.7363 0.4559 -0.5000
vn 0.8075 0.3128 -0.5000
vn 0.8075 0.3129 -0.5000
vn -0.6400 -0.5835 -0.5000
vn 0.6400 -0.5835 -0.5000
vn 0.4915 -0.0918 -0.8660
vn 0.8076 0.3128 -0.5000
vn 0.4663 0.1806 -0.8660
vn 0.6400 0.5835 -0.5000
vn 0.1369 0.4809 -0.8660
vn 0.0462 0.4979 -0.8660
vn -0.6400 0.5835 -0.5000
vn 0.0155 -0.9997 -0.0163
vn -0.0000 -0.9844 -0.1757
vn 0.0518 -0.9972 -0.0546
vn 0.0629 -0.9958 -0.0664
vn 0.1754 -0.9845 -0.0098
vn 0.1754 -0.9844 -0.0098
vn 0.0518 -0.9972 -0.0545
vn 0.0156 -0.9997 -0.0163
vn -0.0000 -0.9844 -0.1760
vn 0.1750 -0.9845 -0.0098
vn 0.1462 -0.9769 -0.1556
vn 0.1462 -0.9770 -0.1555
vn 0.1750 -0.9845 -0.0099
vn 0.3940 -0.9187 -0.0262
vn 0.3940 -0.9187 -0.0263
vn 0.2701 -0.9502 -0.1557
vn 0.1373 -0.9501 -0.2800
vn 0.1459 -0.9770 -0.1556
vn 0.0158 -0.9997 0.0169
vn 0.0527 -0.9970 0.0565
vn 0.0640 -0.9956 0.0687
vn -0.0000 -0.9838 0.1790
vn -0.0000 -0.9839 0.1789
vn -0.0000 -0.9839 0.1790
vn 0.1781 -0.9839 0.0131
vn -0.0000 -0.9838 0.1793
vn 0.1483 -0.9758 0.1606
vn 0.1483 -0.9758 0.1605
vn 0.1391 -0.9480 0.2862
vn 0.2735 -0.9480 0.1625
vn 0.1479 -0.9759 0.1605
vn 0.2736 -0.9480 0.1625
vn 0.9844 0.0203 -0.1745
vn 0.9823 0.0246 -0.1856
vn 0.9794 0.0302 -0.1997
vn 0.9726 0.0504 -0.2271
vn 0.9673 0.0611 -0.2460
vn 0.9673 0.0612 -0.2461
vn 0.9606 0.0813 -0.2659
vn 0.9525 0.0977 -0.2885
vn 0.9469 0.1141 -0.3005
vn 0.9470 0.1140 -0.3004
vn 0.9357 0.1360 -0.3255
vn 0.9333 0.1450 -0.3285
vn 0.9193 0.1713 -0.3544
vn 0.9170 0.1844 -0.3536
vn 0.9170 0.1845 -0.3537
vn 0.9017 0.2133 -0.3761
vn 0.9417 0.1546 -0.2989
vn 0.9347 0.1734 -0.3103
vn 0.9625 0.1141 -0.2461
vn 0.9606 0.1233 -0.2490
vn 0.9705 0.0936 -0.2223
vn 0.9606 0.1234 -0.2490
vn 0.9700 0.0991 -0.2222
vn 0.9767 0.0745 -0.2013
vn 0.9767 0.0746 -0.2013
vn 0.9769 0.0773 -0.1990
vn 0.9847 0.0431 -0.1691
vn 0.9847 0.0432 -0.1691
vn 0.9854 0.0427 -0.1646
vn 0.9846 0.0432 -0.1691
vn 0.9480 -0.0104 -0.3180
vn 0.9520 -0.0087 -0.3060
vn 0.8948 -0.1331 -0.4262
vn 0.8941 -0.1375 -0.4262
vn 0.8941 -0.1374 -0.4262
vn 0.8679 -0.1470 -0.4745
vn 0.8669 -0.1516 -0.4748
vn 0.8056 -0.1650 -0.5690
vn 0.8048 -0.1700 -0.5686
vn 0.6555 -0.1792 -0.7336
vn 0.6546 -0.1849 -0.7330
vn 0.6507 -0.1791 -0.7379
vn 0.6507 -0.1790 -0.7380
vn 0.6498 -0.1848 -0.7373
vn 0.6033 -0.1762 -0.7778
vn 0.6034 -0.1762 -0.7777
vn 0.6019 -0.1819 -0.7776
vn 0.5013 -0.1598 -0.8504
vn 0.5012 -0.1598 -0.8504
vn 0.5001 -0.1658 -0.8500
vn 0.5002 -0.1651 -0.8500
vn 0.4568 -0.1578 -0.8754
vn 0.4575 -0.1629 -0.8742
vn 0.4568 -0.1579 -0.8754
vn 0.3817 -0.1420 -0.9133
vn 0.3826 -0.1468 -0.9122
vn 0.3825 -0.1468 -0.9122
vn 0.3238 -0.1230 -0.9381
vn 0.3239 -0.1230 -0.9381
vn 0.3229 -0.1269 -0.9379
vn 0.2805 -0.1074 -0.9538
vn 0.2786 -0.1110 -0.9540
vn 0.2786 -0.1108 -0.9540
vn 0.2806 -0.1074 -0.9538
vn 0.0679 -0.0075 -0.9977
vn 0.0657 -0.0087 -0.9978
vn 0.1661 0.0005 -0.9861
vn 0.0656 -0.0087 -0.9978
vn 0.1643 -0.0009 -0.9864
vn 0.1642 -0.0008 -0.9864
vn 0.1635 -0.0014 -0.9865
vn 0.1617 -0.0029 -0.9868
vn 0.0629 -0.0107 -0.9980
vn 0.0609 -0.0133 -0.9981
vn 0.2756 -0.1161 -0.9542
vn 0.2736 -0.1200 -0.9543
vn 0.2736 -0.1202 -0.9543
vn 0.3203 -0.1375 -0.9373
vn 0.3199 -0.1393 -0.9371
vn 0.3204 -0.1375 -0.9373
vn 0.3848 -0.1622 -0.9086
vn 0.3850 -0.1645 -0.9081
vn 0.3847 -0.1622 -0.9087
vn 0.4589 -0.1831 -0.8694
vn 0.3850 -0.1644 -0.9081
vn 0.4590 -0.1856 -0.8688
vn 0.4965 -0.1879 -0.8475
vn 0.4965 -0.1879 -0.8474
vn 0.4961 -0.1904 -0.8471
vn 0.4962 -0.1904 -0.8471
vn 0.5970 -0.2052 -0.7755
vn 0.5970 -0.2051 -0.7756
vn 0.5964 -0.2084 -0.7752
vn 0.5970 -0.2051 -0.7755
vn 0.6458 -0.2110 -0.7338
vn 0.6457 -0.2110 -0.7338
vn 0.6455 -0.2126 -0.7336
vn 0.6500 -0.2128 -0.7295
vn 0.6502 -0.2128 -0.7294
vn 0.6494 -0.2175 -0.7286
vn 0.6502 -0.2127 -0.7294
vn 0.6494 -0.2177 -0.7286
vn 0.7987 -0.2053 -0.5656
vn 0.7987 -0.2054 -0.5656
vn 0.7980 -0.2091 -0.5652
vn 0.7980 -0.2091 -0.5653
vn 0.8593 -0.1880 -0.4757
vn 0.8593 -0.1880 -0.4756
vn 0.8577 -0.1952 -0.4757
vn 0.8868 -0.1785 -0.4262
vn 0.8868 -0.1786 -0.4262
vn 0.8846 -0.1893 -0.4263
vn 0.8846 -0.1893 -0.4262
vn 0.9706 -0.1153 -0.2112
vn 0.9706 -0.1154 -0.2112
vn 0.8846 -0.1892 -0.4263
vn 0.9697 -0.1264 -0.2092
vn 0.9931 -0.0734 -0.0918
vn 0.9931 -0.0734 -0.0919
vn 0.9915 -0.0982 -0.0856
vn 0.9885 -0.1205 -0.0914
vn 0.9880 -0.1255 -0.0905
vn 0.9854 -0.1416 -0.0946
vn 0.9725 -0.2162 -0.0861
vn 0.9662 -0.2413 -0.0905
vn 0.9628 -0.2548 -0.0896
vn 0.9425 -0.3189 -0.1001
vn 0.8412 -0.5329 -0.0920
vn 0.8412 -0.5328 -0.0920
vn 0.7903 -0.6049 -0.0969
vn 0.7903 -0.6050 -0.0969
vn 0.7667 -0.6347 -0.0960
vn 0.7319 -0.6756 -0.0892
vn 0.5565 -0.8277 -0.0723
vn 0.5508 -0.8319 -0.0671
vn 0.4844 -0.8729 -0.0587
vn 0.4846 -0.8731 -0.0542
vn 0.4843 -0.8729 -0.0586
vn 0.4281 -0.9026 -0.0446
vn 0.4315 -0.9012 -0.0411
vn 0.4281 -0.9026 -0.0447
vn 0.4223 -0.9056 -0.0397
vn 0.4222 -0.9056 -0.0397
vn 0.4262 -0.9039 -0.0363
vn 0.4355 -0.8994 -0.0376
vn 0.4889 -0.8711 -0.0453
vn 0.4889 -0.8712 -0.0453
vn 0.4860 -0.8725 -0.0497
vn 0.4861 -0.8725 -0.0498
vn 0.5453 -0.8363 -0.0566
vn 0.5471 -0.8348 -0.0619
vn 0.7072 -0.7026 -0.0791
vn 0.5471 -0.8348 -0.0618
vn 0.7183 -0.6906 -0.0843
vn 0.7183 -0.6906 -0.0844
vn 0.7072 -0.7026 -0.0790
vn 0.7414 -0.6655 -0.0861
vn 0.7553 -0.6491 -0.0908
vn 0.7553 -0.6491 -0.0907
vn 0.8825 -0.4569 -0.1113
vn 0.8825 -0.4569 -0.1114
vn 0.9093 -0.4004 -0.1130
vn 0.9093 -0.4005 -0.1130
vn 0.9158 -0.3851 -0.1145
vn 0.9094 -0.4004 -0.1129
vn 0.9472 -0.3041 -0.1012
vn 0.9704 -0.2138 -0.1124
vn 0.9818 -0.1614 -0.0996
vn 0.9827 -0.1556 -0.1007
vn 0.9819 -0.1614 -0.0996
vn 0.9861 -0.1362 -0.0956
vn 0.9860 -0.1363 -0.0956
vn 0.9893 -0.1037 -0.1031
vn 0.9910 -0.0908 -0.0984
vn 0.9918 -0.0766 -0.1024
vn 0.9935 -0.0622 -0.0953
vn 0.9937 -0.0467 -0.1019
vn 0.9937 -0.0467 -0.1018
vn 0.9712 -0.1057 -0.2134
vn 0.9716 -0.1036 -0.2127
vn 0.8882 -0.1717 -0.4262
vn 0.8882 -0.1710 -0.4265
vn 0.8889 -0.1681 -0.4262
vn 0.8601 -0.1844 -0.4756
vn 0.8612 -0.1792 -0.4755
vn 0.8613 -0.1792 -0.4755
vn 0.7997 -0.2001 -0.5660
vn 0.8612 -0.1792 -0.4756
vn 0.8000 -0.1985 -0.5662
vn 0.6505 -0.2111 -0.7296
vn 0.8000 -0.1985 -0.5661
vn 0.6510 -0.2078 -0.7301
vn 0.6505 -0.2110 -0.7296
vn 0.6462 -0.2077 -0.7343
vn 0.6463 -0.2077 -0.7343
vn 0.6466 -0.2054 -0.7347
vn 0.5975 -0.2028 -0.7758
vn 0.6466 -0.2054 -0.7346
vn 0.5979 -0.2005 -0.7761
vn 0.5978 -0.2010 -0.7760
vn 0.4968 -0.1855 -0.8478
vn 0.4969 -0.1855 -0.8478
vn 0.5980 -0.2005 -0.7761
vn 0.4972 -0.1832 -0.8481
vn 0.4587 -0.1807 -0.8700
vn 0.4586 -0.1784 -0.8706
vn 0.3845 -0.1599 -0.9092
vn 0.3838 -0.1545 -0.9104
vn 0.3214 -0.1330 -0.9376
vn 0.3839 -0.1545 -0.9104
vn 0.3218 -0.1313 -0.9377
vn 0.2765 -0.1145 -0.9542
vn 0.2764 -0.1145 -0.9542
vn 0.3219 -0.1313 -0.9376
vn 0.2778 -0.1120 -0.9541
vn 0.2779 -0.1121 -0.9540
vn 0.0648 -0.0092 -0.9979
vn 0.2779 -0.1120 -0.9541
vn 0.1642 -0.0009 -0.9864
vn 0.9911 0.0041 -0.1334
vn 0.9901 0.0067 -0.1401
vn 0.9845 0.0203 -0.1744
vn 0.9865 0.0142 -0.1632
vn 0.9764 0.0418 -0.2119
vn 0.9823 0.0234 -0.1860
vn 0.9764 0.0418 -0.2118
vn 0.9666 0.0678 -0.2473
vn 0.9776 0.0337 -0.2079
vn 0.9554 0.0958 -0.2795
vn 0.9727 0.0442 -0.2280
vn 0.9440 0.1227 -0.3064
vn 0.9645 0.0612 -0.2568
vn 0.9292 0.1590 -0.3337
vn 0.9676 0.0612 -0.2449
vn 0.9476 0.1373 -0.2885
vn 0.9711 0.0554 -0.2321
vn 0.9642 0.1050 -0.2435
vn 0.9729 0.0508 -0.2256
vn 0.9642 0.1050 -0.2434
vn 0.9729 0.0508 -0.2257
vn 0.9709 0.0879 -0.2226
vn 0.9709 0.0878 -0.2226
vn 0.9746 0.0454 -0.2194
vn 0.9710 0.0878 -0.2226
vn 0.9764 0.0714 -0.2037
vn 0.9774 0.0331 -0.2089
vn 0.9838 0.0433 -0.1740
vn 0.8999 -0.0386 -0.4344
vn 0.9434 -0.0126 -0.3314
vn 0.8987 -0.0997 -0.4272
vn 0.8955 -0.1286 -0.4261
vn 0.8955 -0.1286 -0.4262
vn 0.8986 -0.0997 -0.4272
vn 0.8748 -0.1110 -0.4715
vn 0.8748 -0.1110 -0.4716
vn 0.8689 -0.1421 -0.4742
vn 0.8689 -0.1421 -0.4741
vn 0.8118 -0.1279 -0.5697
vn 0.8065 -0.1589 -0.5694
vn 0.6608 -0.1447 -0.7365
vn 0.6562 -0.1744 -0.7341
vn 0.6560 -0.1446 -0.7408
vn 0.6562 -0.1743 -0.7341
vn 0.6560 -0.1445 -0.7408
vn 0.6514 -0.1742 -0.7384
vn 0.6128 -0.1413 -0.7775
vn 0.6047 -0.1709 -0.7779
vn 0.5074 -0.1217 -0.8531
vn 0.5024 -0.1527 -0.8510
vn 0.4493 -0.1181 -0.8856
vn 0.4493 -0.1181 -0.8855
vn 0.4561 -0.1523 -0.8768
vn 0.4560 -0.1523 -0.8768
vn 0.3749 -0.1044 -0.9212
vn 0.3808 -0.1369 -0.9145
vn 0.3310 -0.0919 -0.9391
vn 0.3248 -0.1188 -0.9383
vn 0.2957 -0.0808 -0.9519
vn 0.3249 -0.1188 -0.9383
vn 0.2826 -0.1039 -0.9536
vn 0.2825 -0.1039 -0.9536
vn 0.0879 0.0021 -0.9961
vn 0.0703 -0.0063 -0.9975
vn 0.1748 0.0114 -0.9845
vn 0.1679 0.0020 -0.9858
vn 0.9926 -0.0003 -0.1215
vn 0.9930 -0.0010 -0.1178
vn 0.9915 -0.0022 -0.1299
vn 0.9898 -0.0037 -0.1421
vn 0.9907 -0.0008 -0.1357
vn 0.9907 -0.0006 -0.1357
vn 0.9899 -0.0038 -0.1420
vn 0.9887 -0.0012 -0.1500
vn 0.9881 0.0086 -0.1533
vn 0.9848 0.0143 -0.1732
vn 0.8945 -0.0000 -0.4472
vn 0.9670 -0.0294 -0.2530
vn 0.9702 -0.0259 -0.2410
vn 0.9716 -0.0128 -0.2361
vn 0.9738 -0.0098 -0.2273
vn 0.9726 0.0374 -0.2296
vn 0.9715 0.0398 -0.2338
vn 0.8231 -0.0275 -0.5673
vn 0.8836 -0.0202 -0.4678
vn 0.8961 -0.0178 -0.4434
vn 0.8990 -0.0460 -0.4355
vn 0.8990 -0.0459 -0.4355
vn 0.8498 -0.0864 -0.5199
vn 0.8751 -0.0553 -0.4807
vn 0.8751 -0.0554 -0.4808
vn 0.9741 0.0226 -0.2251
vn 0.9774 0.0331 -0.2090
vn 0.3608 -0.0000 -0.9327
vn 0.5237 -0.0246 -0.8515
vn 0.6729 -0.0000 -0.7398
vn 0.5237 -0.0246 -0.8516
vn 0.6354 -0.0351 -0.7714
vn 0.6675 -0.0365 -0.7437
vn 0.6642 -0.0795 -0.7433
vn 0.6642 -0.0795 -0.7434
vn 0.6687 -0.0796 -0.7392
vn 0.6628 -0.1308 -0.7373
vn 0.8139 -0.1139 -0.5697
vn 0.8118 -0.1279 -0.5698
vn 0.8748 -0.1109 -0.4716
vn 0.1684 0.0152 -0.9856
vn 0.3340 -0.0127 -0.9425
vn 0.3478 -0.0145 -0.9375
vn 0.3423 -0.0406 -0.9387
vn 0.3652 -0.0447 -0.9298
vn 0.3652 -0.0448 -0.9298
vn 0.3724 -0.0902 -0.9237
vn 0.4458 -0.1030 -0.8892
vn 0.4458 -0.1032 -0.8892
vn 0.1107 0.0143 -0.9938
vn 0.1484 0.0210 -0.9887
vn 0.1483 0.0210 -0.9887
vn 0.1741 0.0151 -0.9846
vn 0.1740 0.0151 -0.9846
vn 0.1748 0.0115 -0.9845
vn 0.1597 -0.0049 -0.9872
vn 0.0609 -0.0132 -0.9981
vn 0.1597 -0.0049 -0.9871
vn 0.0587 -0.0147 -0.9982
vn 0.0586 -0.0147 -0.9982
vn 0.2728 -0.1215 -0.9544
vn 0.2728 -0.1216 -0.9544
vn 0.3199 -0.1393 -0.9372
vn 0.3194 -0.1413 -0.9370
vn 0.3853 -0.1669 -0.9076
vn 0.4591 -0.1856 -0.8688
vn 0.4592 -0.1882 -0.8682
vn 0.4957 -0.1938 -0.8466
vn 0.5964 -0.2085 -0.7751
vn 0.4956 -0.1938 -0.8466
vn 0.5961 -0.2100 -0.7749
vn 0.5961 -0.2099 -0.7750
vn 0.5961 -0.2100 -0.7750
vn 0.6447 -0.2176 -0.7328
vn 0.6488 -0.2213 -0.7281
vn 0.6488 -0.2212 -0.7281
vn 0.7966 -0.2163 -0.5646
vn 0.7966 -0.2163 -0.5645
vn 0.7965 -0.2163 -0.5646
vn 0.8551 -0.2063 -0.4757
vn 0.8550 -0.2063 -0.4757
vn 0.8821 -0.2006 -0.4263
vn 0.8846 -0.1892 -0.4262
vn 0.9672 -0.1477 -0.2069
vn 0.9671 -0.1477 -0.2069
vn 0.9911 -0.1024 -0.0847
vn 0.9773 -0.1950 -0.0825
vn 0.9773 -0.1949 -0.0825
vn 0.9697 -0.2290 -0.0854
vn 0.8805 -0.4660 -0.0872
vn 0.8412 -0.5328 -0.0921
vn 0.8412 -0.5329 -0.0921
vn 0.8186 -0.5669 -0.0925
vn 0.7668 -0.6347 -0.0960
vn 0.5745 -0.8144 -0.0819
vn 0.4854 -0.8720 -0.0631
vn 0.4844 -0.8729 -0.0586
vn 0.4252 -0.9038 -0.0482
vn 0.4186 -0.9072 -0.0430
vn 0.4186 -0.9071 -0.0430
vn 0.1277 -0.0474 -0.9907
vn 0.1277 -0.0475 -0.9907
vn 0.1546 -0.0083 -0.9879
vn 0.1562 -0.0069 -0.9877
vn 0.0559 -0.0175 -0.9983
vn 0.0577 -0.0153 -0.9982
vn 0.2718 -0.1235 -0.9544
vn 0.0808 -0.1182 -0.9897
vn 0.0884 -0.1062 -0.9904
vn 0.1074 -0.0773 -0.9912
vn 0.0350 -0.0555 -0.9978
vn 0.1074 -0.0772 -0.9912
vn 0.0413 -0.0434 -0.9982
vn 0.0414 -0.0434 -0.9982
vn 0.2700 -0.1319 -0.9538
vn 0.2704 -0.1287 -0.9541
vn 0.3188 -0.1492 -0.9360
vn 0.3189 -0.1459 -0.9365
vn 0.3859 -0.1728 -0.9062
vn 0.3189 -0.1460 -0.9365
vn 0.3856 -0.1693 -0.9070
vn 0.4594 -0.1917 -0.8673
vn 0.3855 -0.1693 -0.9070
vn -0.0001 -0.4093 -0.9124
vn 0.0186 -0.2558 -0.9666
vn 0.0267 -0.2271 -0.9735
vn 0.0376 -0.1966 -0.9798
vn 0.0145 -0.1143 -0.9933
vn 0.0175 -0.0985 -0.9950
vn 0.0176 -0.0985 -0.9950
vn 0.2723 -0.1607 -0.9487
vn 0.2706 -0.1496 -0.9510
vn 0.2722 -0.1607 -0.9487
vn 0.3217 -0.1779 -0.9300
vn 0.3201 -0.1667 -0.9326
vn 0.3202 -0.1667 -0.9326
vn 0.3887 -0.2026 -0.8988
vn 0.3877 -0.1911 -0.9017
vn 0.3877 -0.1911 -0.9018
vn 0.3888 -0.2026 -0.8988
vn 0.4605 -0.2223 -0.8594
vn 0.4601 -0.2105 -0.8625
vn 0.4602 -0.2105 -0.8625
vn 0.4917 -0.2229 -0.8417
vn 0.4917 -0.2228 -0.8418
vn 0.4932 -0.2117 -0.8438
vn 0.4916 -0.2233 -0.8417
vn 0.5913 -0.2362 -0.7711
vn 0.5913 -0.2363 -0.7711
vn 0.5932 -0.2256 -0.7728
vn 0.6413 -0.2387 -0.7292
vn 0.6430 -0.2280 -0.7311
vn 0.6413 -0.2386 -0.7292
vn 0.6458 -0.2388 -0.7252
vn 0.6458 -0.2387 -0.7252
vn 0.6476 -0.2281 -0.7270
vn 0.6459 -0.2382 -0.7253
vn 0.7942 -0.2273 -0.5635
vn 0.6477 -0.2281 -0.7270
vn 0.7942 -0.2274 -0.5635
vn 0.0131 -0.3041 -0.9525
vn 0.0134 -0.2978 -0.9545
vn 0.0134 -0.2979 -0.9545
vn 0.0186 -0.2558 -0.9665
vn 0.0130 -0.1540 -0.9880
vn 0.0127 -0.1297 -0.9915
vn 0.2786 -0.1949 -0.9404
vn 0.0126 -0.1297 -0.9915
vn 0.2787 -0.1949 -0.9404
vn 0.2744 -0.1725 -0.9460
vn 0.3270 -0.2125 -0.9208
vn 0.3270 -0.2126 -0.9208
vn 0.3235 -0.1899 -0.9270
vn 0.3912 -0.2376 -0.8891
vn 0.3897 -0.2147 -0.8956
vn 0.4607 -0.2576 -0.8493
vn 0.4607 -0.2346 -0.8560
vn 0.4876 -0.2564 -0.8346
vn 0.4902 -0.2346 -0.8394
vn 0.5857 -0.2683 -0.7648
vn 0.4903 -0.2346 -0.8394
vn 0.5857 -0.2683 -0.7649
vn 0.5893 -0.2474 -0.7691
vn 0.6358 -0.2705 -0.7229
vn 0.6394 -0.2498 -0.7272
vn 0.6400 -0.2706 -0.7191
vn 0.6438 -0.2499 -0.7232
vn 0.6439 -0.2499 -0.7232
vn 0.6400 -0.2706 -0.7192
vn 0.7864 -0.2607 -0.5600
vn 0.7916 -0.2390 -0.5623
vn 0.8464 -0.2400 -0.4754
vn 0.8522 -0.2180 -0.4757
vn 0.8464 -0.2401 -0.4754
vn 0.8769 -0.2221 -0.4263
vn 0.0134 -0.4018 -0.9156
vn -0.0000 -0.5338 -0.8456
vn 0.0135 -0.4018 -0.9156
vn 0.0128 -0.3884 -0.9214
vn 0.0182 -0.2137 -0.9767
vn 0.0133 -0.1578 -0.9874
vn 0.2884 -0.2530 -0.9235
vn 0.2794 -0.1986 -0.9394
vn 0.2793 -0.1986 -0.9394
vn 0.2883 -0.2530 -0.9235
vn 0.3343 -0.2710 -0.9027
vn 0.3275 -0.2163 -0.9198
vn 0.3276 -0.2163 -0.9197
vn 0.3931 -0.2957 -0.8706
vn 0.3932 -0.2957 -0.8706
vn 0.3914 -0.2414 -0.8880
vn 0.4591 -0.3153 -0.8306
vn 0.4590 -0.3152 -0.8306
vn 0.4607 -0.2614 -0.8482
vn 0.4591 -0.3152 -0.8306
vn 0.4813 -0.3113 -0.8194
vn 0.4871 -0.2600 -0.8337
vn 0.4813 -0.3112 -0.8194
vn 0.5769 -0.3202 -0.7514
vn 0.5851 -0.2717 -0.7641
vn 0.6258 -0.3220 -0.7104
vn 0.6352 -0.2739 -0.7222
vn 0.6296 -0.3220 -0.7070
vn 0.6394 -0.2740 -0.7184
vn 0.6296 -0.3221 -0.7070
vn 0.7711 -0.3149 -0.5533
vn 0.7855 -0.2642 -0.5596
vn 0.8296 -0.2960 -0.4734
vn 0.8454 -0.2437 -0.4753
vn 0.8614 -0.2773 -0.4257
vn 0.8614 -0.2773 -0.4256
vn 0.8760 -0.2256 -0.4263
vn 0.9567 -0.2044 -0.2071
vn 0.9666 -0.1513 -0.2067
vn 0.9567 -0.2043 -0.2071
vn 0.9836 -0.1627 -0.0776
vn 0.0352 -0.8134 -0.5807
vn 0.0267 -0.6228 -0.7819
vn 0.0248 -0.5922 -0.8054
vn 0.0248 -0.5921 -0.8055
vn 0.0426 -0.4328 -0.9005
vn 0.0425 -0.4328 -0.9005
vn 0.0388 -0.3971 -0.9170
vn 0.3018 -0.4528 -0.8390
vn 0.3018 -0.4214 -0.8552
vn 0.3384 -0.4677 -0.8165
vn 0.3400 -0.4372 -0.8326
vn 0.3807 -0.4864 -0.7864
vn 0.3847 -0.4571 -0.8019
vn 0.4352 -0.5001 -0.7487
vn 0.4409 -0.4719 -0.7635
vn 0.4579 -0.4906 -0.7414
vn 0.4625 -0.4628 -0.7563
vn 0.5428 -0.4883 -0.6833
vn 0.5493 -0.4623 -0.6962
vn 0.5492 -0.4623 -0.6962
vn 0.5812 -0.4883 -0.6510
vn 0.5896 -0.4625 -0.6621
vn 0.5896 -0.4626 -0.6621
vn 0.5838 -0.4883 -0.6487
vn 0.5924 -0.4625 -0.6597
vn 0.5837 -0.4883 -0.6487
vn 0.6997 -0.4905 -0.5194
vn 0.7129 -0.4635 -0.5262
vn 0.7517 -0.4811 -0.4510
vn 0.7517 -0.4812 -0.4511
vn 0.7661 -0.4525 -0.4564
vn 0.7517 -0.4812 -0.4510
vn 0.7838 -0.4652 -0.4114
vn 0.7986 -0.4357 -0.4153
vn 0.8828 -0.4126 -0.2244
vn 0.8982 -0.3797 -0.2215
vn 0.9137 -0.3974 -0.0852
vn 0.9291 -0.3607 -0.0819
vn 0.9291 -0.3608 -0.0819
vn 0.8913 -0.4452 -0.0860
vn 0.9091 -0.4080 -0.0835
vn 0.9091 -0.4081 -0.0835
vn 0.8769 -0.4727 -0.0872
vn 0.8960 -0.4358 -0.0851
vn 0.8600 -0.5024 -0.0888
vn 0.8960 -0.4357 -0.0851
vn 0.8601 -0.5024 -0.0888
vn 0.1374 -0.9501 -0.2800
vn 0.0622 -0.9126 -0.4042
vn 0.0284 -0.9127 -0.4077
vn 0.0285 -0.9127 -0.4077
vn 0.0298 -0.9075 -0.4189
vn 0.0298 -0.9076 -0.4189
vn 0.0621 -0.9126 -0.4042
vn 0.0655 -0.9035 -0.4235
vn 0.1559 -0.9045 -0.3970
vn 0.1686 -0.8926 -0.4182
vn 0.1634 -0.9047 -0.3934
vn 0.1686 -0.8926 -0.4181
vn 0.1635 -0.9047 -0.3934
vn 0.1772 -0.8929 -0.4138
vn 0.1772 -0.8930 -0.4138
vn 0.1705 -0.9053 -0.3889
vn 0.1705 -0.9053 -0.3890
vn 0.1854 -0.8937 -0.4085
vn 0.1853 -0.8937 -0.4085
vn 0.1931 -0.9068 -0.3747
vn 0.2094 -0.8950 -0.3938
vn 0.2311 -0.9084 -0.3483
vn 0.2482 -0.8959 -0.3684
vn 0.2312 -0.9084 -0.3483
vn 0.2743 -0.9073 -0.3187
vn 0.2929 -0.8939 -0.3394
vn 0.2742 -0.9073 -0.3187
vn 0.2858 -0.9071 -0.3091
vn 0.3048 -0.8935 -0.3297
vn 0.2873 -0.9071 -0.3077
vn 0.3063 -0.8935 -0.3284
vn 0.3460 -0.9058 -0.2447
vn 0.3648 -0.8930 -0.2637
vn 0.3649 -0.8929 -0.2637
vn 0.3734 -0.9045 -0.2063
vn 0.3649 -0.8930 -0.2636
vn 0.3734 -0.9044 -0.2063
vn 0.3923 -0.8923 -0.2233
vn 0.3803 -0.9037 -0.1966
vn 0.3804 -0.9037 -0.1966
vn 0.4001 -0.8915 -0.2125
vn 0.4001 -0.9059 -0.1387
vn 0.4002 -0.9059 -0.1386
vn 0.4238 -0.8935 -0.1488
vn 0.4239 -0.8934 -0.1488
vn 0.4030 -0.9109 -0.0882
vn 0.4242 -0.9008 -0.0928
vn 0.4031 -0.9109 -0.0882
vn 0.4027 -0.9119 -0.0790
vn 0.4242 -0.9008 -0.0929
vn 0.4213 -0.9031 -0.0830
vn 0.4029 -0.9122 -0.0748
vn 0.4202 -0.9040 -0.0785
vn 0.4203 -0.9040 -0.0785
vn 0.4034 -0.9123 -0.0707
vn 0.4195 -0.9047 -0.0742
vn 0.4051 -0.9121 -0.0632
vn 0.4188 -0.9056 -0.0662
vn 0.4189 -0.9056 -0.0662
vn 0.4078 -0.9113 -0.0563
vn 0.4188 -0.9057 -0.0662
vn 0.4194 -0.9059 -0.0589
vn 0.4125 -0.9096 -0.0496
vn 0.4228 -0.9048 -0.0517
vn 0.4228 -0.9047 -0.0517
vn 0.4154 -0.9085 -0.0463
vn 0.2703 -0.9501 -0.1558
vn 0.2873 -0.9070 -0.3078
vn 0.2743 -0.9073 -0.3188
vn 0.4001 -0.9059 -0.1386
vn 0.2702 -0.9501 -0.1558
vn 0.5456 -0.8365 -0.0514
vn 0.7110 -0.7008 -0.0581
vn 0.6924 -0.7183 -0.0678
vn 0.7110 -0.7008 -0.0580
vn 0.7143 -0.6963 -0.0699
vn 0.7143 -0.6963 -0.0698
vn 0.7208 -0.6890 -0.0755
vn 0.8529 -0.5127 -0.0986
vn 0.8609 -0.4981 -0.1038
vn 0.8693 -0.4829 -0.1059
vn 0.8789 -0.4641 -0.1102
vn 0.9233 -0.3614 -0.1301
vn 0.8789 -0.4641 -0.1101
vn 0.9312 -0.3397 -0.1319
vn 0.9338 -0.3317 -0.1339
vn 0.9339 -0.3316 -0.1339
vn 0.9513 -0.2789 -0.1316
vn 0.9513 -0.2789 -0.1315
vn 0.9624 -0.2299 -0.1445
vn 0.9786 -0.1647 -0.1234
vn 0.9814 -0.1413 -0.1303
vn 0.9813 -0.1414 -0.1303
vn 0.9883 -0.1017 -0.1137
vn 0.9893 -0.0803 -0.1220
vn 0.9893 -0.0803 -0.1221
vn 0.9910 -0.0677 -0.1154
vn 0.9912 -0.0634 -0.1159
vn 0.9912 -0.0634 -0.1160
vn 0.9924 -0.0544 -0.1106
vn 0.9924 -0.0522 -0.1112
vn 0.9937 -0.0425 -0.1033
vn 0.9937 -0.0364 -0.1064
vn 0.9719 -0.0919 -0.2165
vn 0.9720 -0.0919 -0.2165
vn 0.9719 -0.0891 -0.2177
vn 0.9720 -0.0919 -0.2164
vn 0.8901 -0.1616 -0.4262
vn 0.8901 -0.1627 -0.4258
vn 0.8906 -0.1584 -0.4262
vn 0.8623 -0.1742 -0.4754
vn 0.8623 -0.1742 -0.4755
vn 0.8628 -0.1718 -0.4754
vn 0.8011 -0.1926 -0.5667
vn 0.8011 -0.1926 -0.5666
vn 0.8016 -0.1902 -0.5669
vn 0.8012 -0.1926 -0.5666
vn 0.8016 -0.1902 -0.5668
vn 0.6518 -0.2032 -0.7307
vn 0.8015 -0.1902 -0.5669
vn 0.6521 -0.2010 -0.7310
vn 0.6473 -0.2009 -0.7353
vn 0.6520 -0.2008 -0.7311
vn 0.6476 -0.1988 -0.7356
vn 0.6476 -0.1987 -0.7356
vn 0.5988 -0.1961 -0.7765
vn 0.5998 -0.1909 -0.7770
vn 0.4983 -0.1755 -0.8491
vn 0.4989 -0.1717 -0.8495
vn 0.4983 -0.1755 -0.8490
vn 0.4990 -0.1717 -0.8494
vn 0.4582 -0.1691 -0.8726
vn 0.4578 -0.1649 -0.8737
vn 0.4578 -0.1649 -0.8736
vn 0.3829 -0.1487 -0.9118
vn 0.3829 -0.1487 -0.9117
vn 0.4577 -0.1649 -0.8737
vn 0.8474 -0.5228 -0.0925
vn 0.8474 -0.5229 -0.0925
vn 0.8565 -0.5075 -0.0945
vn 0.9091 -0.4003 -0.1152
vn 0.9115 -0.3928 -0.1220
vn 0.9148 -0.3843 -0.1243
vn 0.9196 -0.3710 -0.1291
vn 0.9375 -0.3153 -0.1473
vn 0.9426 -0.2988 -0.1494
vn 0.9503 -0.2646 -0.1639
vn 0.9425 -0.2988 -0.1494
vn 0.9555 -0.2458 -0.1630
vn 0.9555 -0.2458 -0.1629
vn 0.9605 -0.2151 -0.1764
vn 0.9555 -0.2459 -0.1630
vn 0.9709 -0.1730 -0.1657
vn 0.9724 -0.1589 -0.1707
vn 0.9841 -0.1086 -0.1409
vn 0.9844 -0.0997 -0.1450
vn 0.9898 -0.0704 -0.1242
vn 0.9896 -0.0517 -0.1344
vn 0.9912 -0.0457 -0.1245
vn 0.9909 -0.0374 -0.1292
vn 0.9909 -0.0374 -0.1293
vn 0.9921 -0.0341 -0.1208
vn 0.9921 -0.0340 -0.1208
vn 0.9902 -0.0012 -0.1394
vn 0.9926 -0.0099 -0.1210
vn 0.9926 -0.0099 -0.1209
vn 0.9874 0.0464 -0.1510
vn 0.9648 -0.0038 -0.2628
vn 0.9578 0.0315 -0.2856
vn 0.8914 -0.1539 -0.4262
vn 0.8918 -0.1518 -0.4262
vn 0.8638 -0.1673 -0.4753
vn 0.8642 -0.1651 -0.4753
vn 0.8024 -0.1857 -0.5672
vn 0.8023 -0.1857 -0.5672
vn 0.8033 -0.1803 -0.5676
vn 0.6533 -0.1937 -0.7319
vn 0.6536 -0.1913 -0.7322
vn 0.6537 -0.1913 -0.7322
vn 0.6488 -0.1912 -0.7366
vn 0.6494 -0.1870 -0.7371
vn 0.6014 -0.1841 -0.7774
vn 0.6495 -0.1870 -0.7370
vn 0.9274 -0.3642 -0.0850
vn 0.9127 -0.3915 -0.1174
vn 0.9341 -0.3271 -0.1432
vn 0.9148 -0.3842 -0.1243
vn 0.9461 -0.2800 -0.1629
vn 0.9560 -0.2323 -0.1791
vn 0.9560 -0.2322 -0.1791
vn 0.9629 -0.1939 -0.1876
vn 0.9732 -0.1440 -0.1795
vn 0.9731 -0.1441 -0.1795
vn 0.9841 -0.0692 -0.1633
vn 0.9892 -0.0421 -0.1401
vn 0.9893 -0.0421 -0.1400
vn 0.9882 0.0040 -0.1531
vn 0.9703 0.1241 -0.2076
vn 0.9674 0.1481 -0.2053
vn 0.9578 0.0314 -0.2856
vn 0.9674 0.1480 -0.2053
vn 0.9571 0.0236 -0.2887
vn 0.9572 0.0236 -0.2886
vn 0.8918 -0.1519 -0.4262
vn 0.8922 -0.1497 -0.4262
vn 0.8921 -0.1498 -0.4262
vn 0.8653 -0.1598 -0.4751
vn 0.8033 -0.1803 -0.5677
vn 0.8653 -0.1598 -0.4752
vn 0.8037 -0.1779 -0.5678
vn 0.8037 -0.1776 -0.5679
vn 0.6543 -0.1871 -0.7327
vn 0.6536 -0.1912 -0.7323
vn 0.6543 -0.1872 -0.7327
vn 0.6020 -0.1819 -0.7775
vn 0.9333 -0.3323 -0.1360
vn 0.9780 -0.1873 -0.0919
vn 0.9433 -0.2949 -0.1523
vn 0.9510 -0.2567 -0.1726
vn 0.9504 -0.2548 -0.1785
vn 0.9536 -0.2236 -0.2017
vn 0.9555 -0.2176 -0.1992
vn 0.9555 -0.2177 -0.1991
vn 0.9563 -0.1934 -0.2194
vn 0.9563 -0.1933 -0.2194
vn 0.9597 -0.1852 -0.2113
vn 0.9570 -0.1215 -0.2634
vn 0.9620 -0.1151 -0.2477
vn 0.9597 -0.0926 -0.2655
vn 0.9711 -0.0794 -0.2250
vn 0.9495 0.0452 -0.3105
vn 0.9495 0.0452 -0.3104
vn 0.9746 0.0249 -0.2228
vn 0.9745 0.0250 -0.2228
vn 0.7174 0.5059 -0.4789
vn 0.9745 0.0249 -0.2228
vn 0.9055 0.2797 -0.3192
vn -0.0482 0.8596 -0.5086
vn -0.0483 0.8596 -0.5086
vn 0.3919 0.7667 -0.5085
vn 0.7269 0.5349 -0.4307
vn 0.8833 0.3385 -0.3244
vn 0.9822 0.0586 -0.1786
vn 0.9893 0.0235 -0.1442
vn 0.9885 0.0264 -0.1491
vn 0.9598 -0.0236 -0.2797
vn 0.9885 0.0264 -0.1492
vn 0.9584 -0.0233 -0.2845
vn 0.9584 -0.0233 -0.2844
vn 0.8933 -0.1426 -0.4262
vn 0.8933 -0.1426 -0.4263
vn 0.8939 -0.1391 -0.4262
vn 0.8665 -0.1534 -0.4750
vn 0.8665 -0.1533 -0.4750
vn 0.8666 -0.1533 -0.4749
vn 0.9543 -0.2230 -0.1991
vn 0.9876 -0.1264 -0.0928
vn 0.9546 -0.1957 -0.2247
vn 0.9949 -0.0349 -0.0950
vn 0.9487 -0.1245 -0.2906
vn 0.9487 -0.1245 -0.2905
vn 0.9430 -0.0921 -0.3198
vn 0.9444 -0.0969 -0.3142
vn 0.9090 0.0397 -0.4149
vn 0.9113 0.0483 -0.4088
vn 0.9113 0.0483 -0.4089
vn 0.6808 0.4286 -0.5940
vn 0.5634 0.5384 -0.6267
vn 0.5633 0.5384 -0.6267
vn 0.1804 0.7688 -0.6136
vn 0.1804 0.7687 -0.6136
vn -0.0917 0.8206 -0.5641
vn 0.2568 0.7567 -0.6013
vn -0.0673 0.8305 -0.5529
vn 0.8599 0.2772 -0.4287
vn 0.8599 0.2772 -0.4286
vn 0.9270 0.1933 -0.3215
vn 0.9326 0.1785 -0.3138
vn 0.9325 0.1786 -0.3139
vn 0.9649 0.1116 -0.2378
vn 0.9650 0.1099 -0.2383
vn 0.9744 0.0831 -0.2091
vn 0.9694 0.1028 -0.2231
vn 0.9768 0.0796 -0.1990
vn 0.9768 0.0797 -0.1990
vn 0.9136 0.0274 -0.4058
vn 0.9136 0.0274 -0.4057
vn 0.8810 0.1673 -0.4425
vn 0.9032 0.1909 -0.3845
vn 0.9032 0.1909 -0.3844
vn 0.7637 0.3931 -0.5120
vn 0.8649 0.2762 -0.4190
vn 0.7210 0.4587 -0.5193
vn 0.9130 0.1598 -0.3755
vn 0.7211 0.4587 -0.5193
vn 0.9130 0.1597 -0.3755
vn 0.8858 0.2109 -0.4133
vn 0.9106 0.1759 -0.3740
vn 0.8912 0.2139 -0.4001
vn 0.9006 0.1996 -0.3862
vn 0.8911 0.2139 -0.4001
vn 0.9006 0.1995 -0.3862
vn 0.8887 0.2323 -0.3953
vn 0.8938 0.2272 -0.3865
vn 0.9309 0.1829 -0.3160
vn 0.9309 0.1829 -0.3161
vn 0.8938 0.2272 -0.3866
vn 0.0193 -0.2237 -0.9745
vn 0.0193 -0.2236 -0.9745
vn 0.3018 -0.4219 -0.8549
vn 0.2897 -0.2628 -0.9203
vn 0.2896 -0.2628 -0.9204
vn 0.3352 -0.2808 -0.8993
vn 0.3932 -0.3054 -0.8673
vn 0.4409 -0.4720 -0.7634
vn 0.4585 -0.3248 -0.8272
vn 0.4803 -0.3204 -0.8165
vn 0.4803 -0.3203 -0.8165
vn 0.4625 -0.4628 -0.7562
vn 0.5754 -0.3288 -0.7488
vn 0.5754 -0.3288 -0.7489
vn 0.6240 -0.3305 -0.7081
vn 0.6277 -0.3305 -0.7048
vn 0.6277 -0.3306 -0.7048
vn 0.7129 -0.4634 -0.5262
vn 0.7683 -0.3239 -0.5521
vn 0.7661 -0.4524 -0.4564
vn 0.8266 -0.3053 -0.4729
vn 0.8584 -0.2865 -0.4254
vn 0.7985 -0.4357 -0.4153
vn 0.9545 -0.2140 -0.2076
vn 0.8982 -0.3798 -0.2215
vn 0.9290 -0.3608 -0.0819
vn 0.9545 -0.2139 -0.2076
vn 0.9818 -0.1735 -0.0770
vn 0.9818 -0.1734 -0.0770
vn 0.9749 -0.2071 -0.0818
vn 0.9091 -0.4081 -0.0834
vn 0.0504 -0.1697 -0.9842
vn 0.0217 -0.0852 -0.9961
vn 0.0218 -0.0852 -0.9961
vn 0.2699 -0.1425 -0.9523
vn 0.2706 -0.1499 -0.9510
vn 0.3193 -0.1595 -0.9341
vn 0.3878 -0.1911 -0.9017
vn 0.3870 -0.1837 -0.9036
vn 0.3870 -0.1836 -0.9036
vn 0.4599 -0.2029 -0.8645
vn 0.4942 -0.2045 -0.8450
vn 0.4942 -0.2044 -0.8450
vn 0.5945 -0.2186 -0.7738
vn 0.6441 -0.2211 -0.7323
vn 0.6442 -0.2211 -0.7322
vn 0.6442 -0.2212 -0.7322
vn 0.6474 -0.2300 -0.7266
vn 0.0612 -0.1506 -0.9867
vn 0.0256 -0.0758 -0.9968
vn 0.0255 -0.0758 -0.9968
vn 0.2697 -0.1387 -0.9529
vn 0.3190 -0.1558 -0.9349
vn 0.3867 -0.1798 -0.9045
vn 0.4597 -0.1990 -0.8655
vn 0.4947 -0.2007 -0.8456
vn 0.5952 -0.2151 -0.7743
vn 0.5951 -0.2151 -0.7743
vn 0.1572 -0.0063 -0.9875
vn 0.1573 -0.0063 -0.9875
vn 0.9955 -0.0001 -0.0945
vn 0.9403 0.1316 -0.3140
vn 0.9403 0.1316 -0.3139
vn 0.9631 0.0550 -0.2634
vn 0.9399 0.1053 -0.3249
vn 0.9540 0.0840 -0.2877
vn 0.9540 0.0841 -0.2877
vn 0.9329 0.1305 -0.3356
vn 0.9330 0.1305 -0.3355
vn 0.9395 0.1199 -0.3210
vn 0.9329 0.1305 -0.3355
vn 0.9394 0.1199 -0.3211
vn 0.9189 0.1628 -0.3592
vn 0.9300 0.1464 -0.3372
vn 0.9189 0.1629 -0.3592
vn 0.9121 0.1838 -0.3664
vn 0.9743 0.0387 -0.2219
vn 0.9779 0.0329 -0.2065
vn 0.7928 0.2978 -0.5318
vn 0.6808 0.4285 -0.5941
vn 0.5051 0.6169 -0.6036
vn 0.5013 0.6362 -0.5865
vn 0.2568 0.7566 -0.6013
vn 0.8641 0.2513 -0.4361
vn 0.8808 0.2452 -0.4050
vn 0.9325 0.1786 -0.3138
vn 0.9348 0.1723 -0.3106
vn 0.9593 0.1287 -0.2512
vn 0.9649 0.1100 -0.2383
vn 0.9693 0.1028 -0.2232
vn 0.9699 0.0991 -0.2222
vn 0.4681 0.6154 -0.6342
vn 0.9179 0.0530 -0.3933
vn 0.9179 0.0529 -0.3933
vn 0.9272 0.0537 -0.3708
vn 0.9271 0.0537 -0.3708
vn 0.9540 -0.0964 -0.2840
vn 0.9271 0.0537 -0.3709
vn 0.4307 0.6680 -0.6069
vn -0.3731 0.8054 -0.4606
vn 0.4307 0.6680 -0.6068
vn -0.3732 0.8054 -0.4606
vn -0.3801 0.8125 -0.4419
vn -0.3801 0.8126 -0.4419
vn -0.0483 0.8597 -0.5086
vn 0.9480 0.1902 -0.2553
vn 0.9852 0.0100 -0.1709
vn 0.7714 0.4992 -0.3948
vn 0.7714 0.4991 -0.3948
vn 0.9743 0.1170 -0.1924
vn 0.9571 0.0236 -0.2886
vn 0.9627 -0.0244 -0.2696
vn 0.8930 -0.1448 -0.4262
vn 0.8657 -0.1575 -0.4751
vn 0.8046 -0.1718 -0.5685
vn 0.8045 -0.1718 -0.5685
vn 0.6547 -0.1848 -0.7330
vn 0.3919 0.7667 -0.5086
vn 0.9480 0.1901 -0.2553
vn 0.8910 -0.1562 -0.4262
vn 0.9709 -0.0631 -0.2311
vn 0.8911 -0.1562 -0.4262
vn 0.8633 -0.1695 -0.4754
vn 0.8020 -0.1880 -0.5670
vn 0.8019 -0.1880 -0.5671
vn 0.6525 -0.1989 -0.7312
vn 0.6525 -0.1988 -0.7313
vn 0.6524 -0.1988 -0.7313
vn 0.6484 -0.1935 -0.7363
vn 0.5999 -0.1909 -0.7770
vn 0.6004 -0.1883 -0.7772
vn 0.4998 -0.1672 -0.8498
vn 0.4998 -0.1672 -0.8499
vn 0.4575 -0.1629 -0.8741
vn 0.6514 -0.2055 -0.7304
vn 0.8006 -0.1951 -0.5665
vn 0.8007 -0.1951 -0.5664
vn 0.8007 -0.1951 -0.5665
vn 0.6514 -0.2054 -0.7304
vn 0.6470 -0.2031 -0.7350
vn 0.5980 -0.2001 -0.7761
vn 0.5984 -0.1983 -0.7763
vn 0.5982 -0.1991 -0.7762
vn 0.4975 -0.1810 -0.8484
vn 0.4582 -0.1727 -0.8719
vn 0.3835 -0.1522 -0.9109
vn 0.3225 -0.1284 -0.9378
vn 0.3226 -0.1285 -0.9378
vn 0.2779 -0.1121 -0.9541
vn 0.6514 -0.2056 -0.7304
vn 0.6518 -0.2031 -0.7307
vn 0.5970 -0.2052 -0.7756
vn 0.5973 -0.2036 -0.7757
vn 0.3191 -0.1436 -0.9368
vn 0.3190 -0.1436 -0.9368
vn 0.2709 -0.1262 -0.9543
vn 0.2710 -0.1262 -0.9543
vn 0.3188 -0.1459 -0.9365
vn 0.0478 -0.0317 -0.9984
vn 0.6505 -0.2109 -0.7296
vn 0.8616 -0.1776 -0.4755
vn 0.8898 -0.1632 -0.4262
vn 0.9718 -0.1013 -0.2128
vn 0.9937 -0.0432 -0.1031
vn 0.9924 -0.0543 -0.1106
vn 0.9937 -0.0433 -0.1031
vn 0.9922 -0.0582 -0.1099
vn 0.9903 -0.0876 -0.1075
vn 0.9883 -0.1018 -0.1137
vn 0.9868 -0.1200 -0.1087
vn 0.9717 -0.2070 -0.1137
vn 0.9492 -0.2865 -0.1299
vn 0.8901 -0.4415 -0.1132
vn 0.8901 -0.4416 -0.1132
vn 0.8709 -0.4794 -0.1081
vn 0.7299 -0.6788 -0.0810
vn 0.7299 -0.6787 -0.0810
vn 0.7208 -0.6890 -0.0754
vn 0.6985 -0.7118 -0.0735
vn 0.5455 -0.8365 -0.0514
vn 0.8615 -0.1783 -0.4754
vn 0.9935 -0.0308 -0.1094
vn 0.9935 -0.0308 -0.1095
vn 0.9923 -0.0413 -0.1167
vn 0.9923 -0.0413 -0.1168
vn 0.9913 -0.0601 -0.1170
vn 0.9913 -0.0601 -0.1169
vn 0.9896 -0.0752 -0.1225
vn 0.9840 -0.1086 -0.1409
vn 0.9833 -0.1169 -0.1395
vn 0.9674 -0.2006 -0.1548
vn 0.9486 -0.2787 -0.1497
vn 0.9262 -0.3532 -0.1323
vn 0.9262 -0.3532 -0.1322
vn 0.9261 -0.3532 -0.1322
vn 0.9165 -0.3793 -0.1268
vn 0.9165 -0.3793 -0.1269
vn 0.8616 -0.4975 -0.1007
vn 0.9935 -0.0306 -0.1096
vn 0.9836 -0.0564 -0.1715
vn 0.9724 -0.0971 -0.2123
vn 0.9638 -0.1740 -0.2018
vn 0.9597 -0.1853 -0.2113
vn 0.9638 -0.1740 -0.2019
vn 0.9588 -0.2075 -0.1941
vn 0.9588 -0.2075 -0.1942
vn 0.9555 -0.2177 -0.1992
vn 0.9524 -0.2459 -0.1800
vn 0.9434 -0.2909 -0.1596
vn 0.9433 -0.2950 -0.1523
vn 0.9852 0.0099 -0.1709
vn 0.9486 -0.0980 -0.3008
vn 0.9492 -0.1272 -0.2877
vn 0.9493 -0.1271 -0.2877
vn 0.9487 -0.1246 -0.2905
vn 0.9811 0.0205 -0.1926
vn 0.9811 0.0205 -0.1925
vn 0.9864 -0.0019 -0.1642
vn 0.9887 -0.0012 -0.1499
vn 0.9880 -0.0056 -0.1542
vn 0.9772 0.0270 -0.2106
vn 0.9811 0.0206 -0.1926
vn 0.9840 -0.0028 -0.1780
vn 0.9860 -0.0076 -0.1663
vn 0.9704 0.0378 -0.2384
vn 0.9793 -0.0048 -0.2026
vn 0.9818 -0.0121 -0.1895
vn 0.9726 0.0375 -0.2296
vn 0.9731 0.0349 -0.2277
vn 0.9735 0.0315 -0.2263
vn 0.9736 0.0315 -0.2262
vn 0.8751 -0.0554 -0.4807
vn 0.8994 -0.0871 -0.4283
vn 0.8770 -0.0972 -0.4706
vn 0.8749 -0.1109 -0.4715
vn 0.6607 -0.1462 -0.7363
vn 0.6580 -0.1307 -0.7416
vn 0.6164 -0.1276 -0.7770
vn 0.6165 -0.1276 -0.7770
vn 0.5098 -0.1077 -0.8535
vn 0.3749 -0.1043 -0.9212
vn 0.3337 -0.0800 -0.9393
vn 0.3336 -0.0800 -0.9393
vn 0.3310 -0.0919 -0.9392
vn 0.3015 -0.0705 -0.9509
vn 0.0969 0.0058 -0.9953
vn 0.1680 0.0020 -0.9858
vn 0.2805 -0.1075 -0.9538
vn 0.3249 -0.1185 -0.9383
vn 0.4569 -0.1579 -0.8754
vn 0.3807 -0.1369 -0.9145
vn 0.4568 -0.1578 -0.8755
vn 0.5025 -0.1527 -0.8510
vn 0.5014 -0.1591 -0.8505
vn 0.6034 -0.1762 -0.7778
vn 0.6514 -0.1742 -0.7385
vn 0.6515 -0.1742 -0.7384
vn 0.6563 -0.1744 -0.7341
vn 0.8066 -0.1589 -0.5694
vn 0.8948 -0.1331 -0.4261
vn 0.8954 -0.1286 -0.4262
vn 0.9705 0.0936 -0.2224
vn 0.9710 0.0878 -0.2225
vn 0.9170 0.1845 -0.3536
vn 0.9440 0.1226 -0.3064
vn 0.9908 -0.0006 -0.1356
vn 0.9908 -0.0006 -0.1357
vn 0.9901 0.0067 -0.1402
vn 0.9770 -0.0059 -0.2130
vn 0.9770 -0.0059 -0.2131
vn 0.9730 -0.0226 -0.2296
vn 0.9730 -0.0225 -0.2295
vn 0.9779 -0.0166 -0.2083
vn 0.9792 -0.0048 -0.2026
vn 0.9691 -0.0165 -0.2461
vn 0.9717 -0.0128 -0.2361
vn 0.9626 -0.0258 -0.2698
vn 0.9626 -0.0257 -0.2697
vn 0.9625 -0.0257 -0.2699
vn 0.9598 -0.0363 -0.2783
vn 0.9598 -0.0363 -0.2784
vn 0.9092 -0.0460 -0.4138
vn 0.9625 -0.0258 -0.2699
vn 0.8821 -0.0517 -0.4683
vn 0.8199 -0.0647 -0.5688
vn 0.8200 -0.0647 -0.5688
vn 0.8821 -0.0516 -0.4683
vn 0.6719 -0.0365 -0.7398
vn 0.6719 -0.0365 -0.7397
vn 0.8230 -0.0275 -0.5673
vn 0.6164 -0.1275 -0.7770
vn 0.6284 -0.0771 -0.7741
vn 0.6641 -0.0795 -0.7434
vn 0.5182 -0.0598 -0.8532
vn 0.4459 -0.1030 -0.8892
vn 0.4323 -0.0528 -0.9002
vn 0.4323 -0.0527 -0.9002
vn 0.5181 -0.0598 -0.8532
vn 0.4219 -0.0194 -0.9064
vn 0.4220 -0.0194 -0.9064
vn 0.3617 -0.0158 -0.9321
vn 0.3653 -0.0448 -0.9298
vn 0.3617 -0.0158 -0.9322
vn 0.3478 -0.0144 -0.9375
vn 0.3210 -0.0360 -0.9464
vn 0.3422 -0.0406 -0.9387
vn 0.1344 0.0159 -0.9908
vn 0.1345 0.0159 -0.9908
vn 0.1106 0.0143 -0.9938
vn 0.1683 0.0152 -0.9856
vn 0.9730 -0.0226 -0.2295
vn 0.3215 -0.1330 -0.9375
vn 0.3214 -0.1330 -0.9375
vn 0.4588 -0.1807 -0.8700
vn 0.3848 -0.1622 -0.9087
vn 0.3225 -0.1285 -0.9378
vn 0.4581 -0.1691 -0.8726
vn 0.9881 0.0276 -0.1514
vn 0.9532 -0.0069 -0.3022
vn 0.9856 0.0435 -0.1635
vn 0.9809 0.0605 -0.1850
vn 0.9856 0.0434 -0.1635
vn 0.9881 0.0276 -0.1515
vn 0.9813 0.0600 -0.1830
vn 0.9746 0.0835 -0.2076
vn 0.9310 0.1829 -0.3160
vn 0.9190 0.1628 -0.3592
vn 0.9585 0.0767 -0.2746
vn 0.9483 0.1056 -0.2992
vn 0.9646 0.0663 -0.2551
vn 0.9717 0.0428 -0.2323
vn 0.9955 -0.0000 -0.0945
vn 0.9631 0.0550 -0.2633
vn 0.9300 0.1465 -0.3372
vn 0.9309 0.1830 -0.3161
vn 0.6014 -0.1841 -0.7775
vn -0.0917 0.8206 -0.5642
vn 0.0181 0.8398 -0.5426
vn 0.0181 0.8398 -0.5425
vn 0.4584 0.7228 -0.5171
vn 0.7269 0.5350 -0.4306
vn 0.9743 0.1169 -0.1924
vn 0.0351 -0.0555 -0.9978
vn 0.0324 -0.0608 -0.9976
vn 0.0807 -0.1182 -0.9897
vn 0.2699 -0.1336 -0.9536
vn 0.2698 -0.1336 -0.9536
vn 0.0329 -0.0598 -0.9977
vn 0.0261 -0.0747 -0.9969
vn 0.3188 -0.1508 -0.9358
vn 0.3188 -0.1508 -0.9357
vn 0.3861 -0.1745 -0.9058
vn 0.3860 -0.1728 -0.9062
vn 0.4595 -0.1935 -0.8668
vn 0.4595 -0.1935 -0.8669
vn 0.4954 -0.1954 -0.8464
vn 0.4954 -0.1955 -0.8464
vn 0.4594 -0.1918 -0.8673
vn 0.4594 -0.1935 -0.8669
vn 0.6499 -0.2114 -0.7300
vn 0.9712 -0.1057 -0.2135
vn 0.9860 -0.1363 -0.0957
vn 0.9473 -0.3041 -0.1012
vn 0.9472 -0.3042 -0.1012
vn 0.7552 -0.6491 -0.0908
vn 0.4355 -0.8994 -0.0375
vn 0.8898 -0.1634 -0.4261
vn 0.8889 -0.1679 -0.4263
vn 0.9718 -0.1014 -0.2128
vn 0.9937 -0.0434 -0.1030
vn 0.9922 -0.0581 -0.1099
vn 0.9157 -0.3851 -0.1145
vn 0.8901 -0.4415 -0.1133
vn 0.7414 -0.6656 -0.0861
vn 0.9936 -0.0364 -0.1065
vn 0.9673 -0.2007 -0.1548
vn 0.9339 -0.3317 -0.1339
vn 0.9261 -0.3532 -0.1323
vn 0.9233 -0.3614 -0.1302
vn 0.8529 -0.5127 -0.0985
vn 0.9525 -0.2458 -0.1800
vn 0.9461 -0.2800 -0.1630
vn 0.9525 -0.1257 -0.2772
vn 0.9526 -0.1257 -0.2772
vn 0.9542 -0.1975 -0.2249
vn 0.0266 -0.2271 -0.9735
vn 0.3235 -0.1898 -0.9270
vn 0.4902 -0.2351 -0.8393
vn 0.5893 -0.2475 -0.7691
vn 0.6394 -0.2498 -0.7271
vn 0.6440 -0.2487 -0.7234
vn 0.7916 -0.2390 -0.5624
vn 0.0131 -0.3041 -0.9526
vn 0.2787 -0.1948 -0.9404
vn 0.3275 -0.2163 -0.9197
vn 0.4607 -0.2577 -0.8493
vn 0.5858 -0.2677 -0.7650
vn 0.6400 -0.2705 -0.7192
vn 0.7855 -0.2638 -0.5597
vn 0.6391 -0.2757 -0.7181
vn 0.8769 -0.2221 -0.4262
vn 0.8760 -0.2256 -0.4262
vn 0.3932 -0.3053 -0.8673
vn 0.4590 -0.3153 -0.8306
vn 0.5768 -0.3208 -0.7513
vn 0.5755 -0.3288 -0.7488
vn 0.6296 -0.3220 -0.7071
vn 0.8265 -0.3053 -0.4729
vn 0.8613 -0.2773 -0.4257
vn 0.8585 -0.2865 -0.4254
vn 0.8614 -0.2772 -0.4257
vn 0.9836 -0.1626 -0.0776
vn 0.0699 -0.7236 -0.6866
vn 0.0733 -0.8333 -0.5480
vn 0.0342 -0.8701 -0.4916
vn 0.0342 -0.8701 -0.4917
vn 0.2700 -0.7039 -0.6570
vn 0.0700 -0.7236 -0.6866
vn 0.2280 -0.8108 -0.5391
vn 0.0700 -0.7236 -0.6867
vn 0.2926 -0.7096 -0.6410
vn 0.2925 -0.7096 -0.6410
vn 0.2433 -0.8128 -0.5293
vn 0.3158 -0.7165 -0.6220
vn 0.2926 -0.7095 -0.6411
vn 0.2584 -0.8156 -0.5178
vn 0.2584 -0.8156 -0.5177
vn 0.2434 -0.8128 -0.5293
vn 0.3562 -0.7205 -0.5950
vn 0.2909 -0.8169 -0.4980
vn 0.3922 -0.7135 -0.5806
vn 0.3307 -0.8138 -0.4779
vn 0.2909 -0.8170 -0.4979
vn 0.4580 -0.7036 -0.5433
vn 0.3922 -0.7134 -0.5807
vn 0.3857 -0.8065 -0.4481
vn 0.5812 -0.4884 -0.6510
vn 0.4798 -0.7022 -0.5260
vn 0.5428 -0.4884 -0.6833
vn 0.4013 -0.8055 -0.4362
vn 0.4013 -0.8055 -0.4361
vn 0.4816 -0.7021 -0.5244
vn 0.4816 -0.7022 -0.5244
vn 0.4029 -0.8054 -0.4348
vn 0.4029 -0.8054 -0.4347
vn 0.3064 -0.8935 -0.3284
vn 0.5584 -0.7089 -0.4308
vn 0.4662 -0.8093 -0.3574
vn 0.4816 -0.7021 -0.5245
vn 0.5968 -0.7101 -0.3735
vn 0.4975 -0.8112 -0.3073
vn 0.6195 -0.7037 -0.3479
vn 0.5969 -0.7101 -0.3735
vn 0.5121 -0.8087 -0.2892
vn 0.5121 -0.8088 -0.2892
vn 0.6926 -0.6869 -0.2201
vn 0.6926 -0.6870 -0.2201
vn 0.6195 -0.7037 -0.3478
vn 0.5605 -0.8055 -0.1925
vn 0.5606 -0.8054 -0.1925
vn 0.5605 -0.8054 -0.1925
vn 0.5122 -0.8087 -0.2893
vn 0.4238 -0.8934 -0.1488
vn 0.5121 -0.8087 -0.2893
vn 0.7028 -0.7030 -0.1087
vn 0.5590 -0.8222 -0.1075
vn 0.6735 -0.7323 -0.1007
vn 0.5409 -0.8355 -0.0969
vn 0.6576 -0.7471 -0.0972
vn 0.6576 -0.7470 -0.0972
vn 0.5320 -0.8417 -0.0922
vn 0.5319 -0.8418 -0.0922
vn 0.6734 -0.7324 -0.1007
vn 0.8600 -0.5025 -0.0888
vn 0.6412 -0.7616 -0.0939
vn 0.8769 -0.4727 -0.0873
vn 0.5232 -0.8477 -0.0877
vn 0.5319 -0.8418 -0.0921
vn 0.6077 -0.7893 -0.0877
vn 0.6413 -0.7616 -0.0939
vn 0.5065 -0.8586 -0.0793
vn 0.3459 -0.9058 -0.2447
vn 0.1374 -0.9501 -0.2801
vn 0.1705 -0.9054 -0.3889
vn 0.0611 -0.1506 -0.9867
vn 0.6533 -0.1936 -0.7320
vn 0.6525 -0.1989 -0.7313
vn 0.6485 -0.1935 -0.7362
vn 0.9753 0.0839 -0.2043
vn 0.9648 0.1152 -0.2366
vn 0.5987 -0.1969 -0.7764
vn 0.6524 -0.1989 -0.7313
vn 0.9753 0.0840 -0.2043
vn -0.0672 0.8305 -0.5529
vn 0.8858 0.2109 -0.4134
vn 0.8649 0.2763 -0.4190
vn 0.9129 0.1598 -0.3755
vn 0.9403 0.1317 -0.3139
vn 0.4915 -0.8679 -0.0718
vn 0.4227 -0.9048 -0.0517
vn 0.2119 0.1779 -0.9610
vn 0.4359 0.0894 -0.8955
vn 0.4359 0.0895 -0.8956
vn 0.4724 -0.0000 -0.8814
vn 0.4725 -0.0000 -0.8814
vn 0.7173 0.0655 -0.6937
vn 0.7173 0.0656 -0.6937
vn 0.9123 0.0338 -0.4082
vn 0.9378 0.0921 -0.3347
vn 0.9249 0.0644 -0.3748
vn 0.9379 0.0921 -0.3346
vn 0.9506 0.1168 -0.2875
vn 0.9506 0.1173 -0.2873
vn 0.9629 0.1384 -0.2315
vn 0.9629 0.1385 -0.2316
vn 0.9629 0.1385 -0.2315
vn 0.9749 0.1579 -0.1572
vn 0.9749 0.1578 -0.1572
vn 0.9829 0.1698 -0.0707
vn 0.9730 0.2306 -0.0082
vn 0.9347 0.3369 -0.1129
vn 0.9347 0.3370 -0.1129
vn 0.8936 0.4488 -0.0042
vn 0.8566 0.4933 -0.1514
vn 0.7543 0.6329 -0.1747
vn 0.7543 0.6329 -0.1746
vn 0.7236 0.6071 -0.3283
vn 0.7236 0.6072 -0.3283
vn 0.8154 0.4553 -0.3575
vn 0.9129 0.3127 -0.2625
vn 0.9129 0.3127 -0.2624
vn 0.6353 0.5330 -0.5589
vn 0.6352 0.5330 -0.5589
vn 0.7503 0.3946 -0.5305
vn 0.7503 0.3946 -0.5304
vn 0.8789 0.2735 -0.3909
vn 0.4269 0.3583 -0.8303
vn 0.4269 0.3582 -0.8303
vn 0.6799 0.3283 -0.6557
vn 0.8789 0.2734 -0.3909
vn 0.8424 0.2300 -0.4873
vn 0.6800 0.3283 -0.6557
vn 0.6030 0.2544 -0.7561
vn 0.2119 0.1780 -0.9609
vn 0.5208 0.1744 -0.8357
vn 0.4359 0.0895 -0.8955
vn 0.7607 0.1256 -0.6369
vn 0.7606 0.1256 -0.6369
vn 0.9249 0.0665 -0.3743
vn 0.8424 0.2300 -0.4872
vn 0.8028 0.1805 -0.5683
vn 0.9378 0.0914 -0.3349
vn 0.9378 0.0921 -0.3346
vn 0.9506 0.1169 -0.2875
vn 0.2500 -0.8660 -0.4330
vn 0.4330 -0.5000 -0.7500
vn 0.9239 -0.0000 -0.3827
vn 0.3827 -0.0000 -0.9239
vn 0.7071 -0.0000 -0.7071
vn 0.9397 0.3420 0.0047
vn 0.8936 0.4488 0.0105
vn 0.9728 0.2306 0.0204
vn 0.2932 0.2460 -0.9239
vn 0.2931 0.2460 -0.9239
vn 0.2119 0.1778 -0.9610
vn 0.5417 0.4545 -0.7071
vn 0.7077 0.5939 -0.3827
vn 0.9239 0.0001 -0.3827
vn 1.0000 0.0001 -0.0000
vn 0.3827 0.0001 -0.9239
vn 0.9812 0.1688 0.0938
vn 0.9740 0.1593 0.1608
vn 0.9741 0.1593 0.1607
vn 0.9617 0.1408 0.2350
vn 0.9475 0.1172 0.2975
vn 0.9327 0.0897 0.3494
vn 0.9180 0.0590 0.3922
vn 0.7481 0.1150 0.6535
vn 0.8270 -0.0000 0.5623
vn 0.5033 0.1595 0.8493
vn 0.2097 0.1760 0.9618
vn 0.5941 0.2480 0.7652
vn 0.4240 0.3557 0.8329
vn 0.6802 0.3300 0.6546
vn 0.6337 0.5318 0.5618
vn 0.7576 0.4027 0.5137
vn 0.8201 0.4604 0.3397
vn 0.8201 0.4604 0.3398
vn 0.8806 0.2784 0.3835
vn 0.8201 0.4605 0.3398
vn 0.9140 0.3157 0.2550
vn 0.9618 0.1408 0.2350
vn 0.7235 0.6070 0.3288
vn 0.8529 0.4903 0.1795
vn 0.9320 0.3349 0.1389
vn 0.9319 0.3350 0.1389
vn 0.7235 0.6070 0.3289
vn 0.7544 0.6330 0.1736
vn 0.7544 0.6330 0.1737
vn 0.7951 0.1758 0.5804
vn 0.7482 0.1150 0.6535
vn 0.9475 0.1171 0.2974
vn 0.8399 0.2307 0.4912
vn 0.8399 0.2307 0.4913
vn 0.8806 0.2783 0.3835
vn 0.9730 0.2306 -0.0000
vn 0.8138 0.2962 -0.5000
vn 0.8936 0.4488 -0.0000
vn 0.4699 0.1710 -0.8660
vn 0.4698 0.1710 -0.8660
vn 0.7661 0.6428 -0.0000
vn 0.7234 0.6071 0.3288
vn 0.7235 0.6071 0.3287
vn 0.5417 0.4545 0.7071
vn 0.4240 0.3558 0.8328
vn 0.2931 0.2460 0.9239
vn 0.4240 0.3558 0.8329
vn 0.8138 0.2962 0.5000
vn 0.4699 0.1710 0.8660
vn 0.3827 -0.0000 0.9239
vn 0.4698 0.1710 0.8660
vn 0.2932 0.2460 0.9239
vn 0.9239 -0.0001 0.3827
vn 1.0000 -0.0001 -0.0000
vn 0.3827 -0.0001 0.9239
vn 0.4330 -0.8660 0.2500
vn 0.2500 -0.8660 0.4330
vn 0.4330 -0.5000 0.7500
vn 0.7500 -0.5000 0.4330
vn 0.3788 0.0545 0.9239
vn 0.3788 -0.0545 0.9239
vn 0.3672 -0.1078 0.9239
vn 0.6432 -0.2938 0.7071
vn 0.3481 -0.1590 0.9239
vn 0.3219 -0.2069 0.9239
vn 0.2892 -0.2506 0.9239
vn 0.2506 -0.2892 0.9239
vn 0.2069 -0.3219 0.9239
vn 0.1590 -0.3481 0.9239
vn 0.1078 -0.3672 0.9239
vn 0.0545 -0.3788 0.9239
vn -0.0000 -0.3827 0.9239
vn -0.0545 -0.3788 0.9239
vn -0.1078 -0.3672 0.9239
vn -0.2938 -0.6432 0.7071
vn -0.1590 -0.3481 0.9239
vn -0.2069 -0.3219 0.9239
vn -0.2506 -0.2892 0.9239
vn -0.2892 -0.2506 0.9239
vn -0.3219 -0.2069 0.9239
vn -0.3481 -0.1590 0.9239
vn -0.3672 -0.1078 0.9239
vn -0.3788 -0.0545 0.9239
vn -0.3827 -0.0000 0.9239
vn -0.3788 0.0545 0.9239
vn -0.3672 0.1078 0.9239
vn -0.6432 0.2938 0.7071
vn -0.3481 0.1590 0.9239
vn -0.3219 0.2069 0.9239
vn -0.2892 0.2506 0.9239
vn -0.2506 0.2892 0.9239
vn -0.2069 0.3219 0.9239
vn -0.1590 0.3481 0.9239
vn -0.2938 0.6432 0.7071
vn -0.1078 0.3672 0.9239
vn -0.0545 0.3788 0.9239
vn -0.0000 0.3827 0.9239
vn 0.0545 0.3788 0.9239
vn 0.1078 0.3672 0.9239
vn 0.1590 0.3481 0.9239
vn 0.2069 0.3219 0.9239
vn 0.2506 0.2892 0.9239
vn 0.2892 0.2506 0.9239
vn 0.3219 0.2069 0.9239
vn 0.6432 0.2938 0.7071
vn 0.3481 0.1590 0.9239
vn 0.3672 0.1078 0.9239
vn -0.0544 -0.3788 0.9239
vn -0.3788 -0.0544 0.9239
vn -0.3788 0.0544 0.9239
vn -0.0544 0.3788 0.9239
vn 0.1853 0.1493 0.9713
vn 0.3755 0.3944 0.8387
vn 0.4303 0.4673 0.7723
vn 0.3754 0.3943 0.8388
vn 0.5229 0.5946 0.6108
vn 0.5229 0.5946 0.6107
vn 0.5889 0.6916 0.4182
vn 0.5889 0.6915 0.4183
vn 0.5229 0.5945 0.6108
vn 0.6108 0.7271 0.3133
vn 0.6109 0.7271 0.3132
vn 0.6293 0.7769 -0.0197
vn -0.1705 -0.1306 -0.9767
vn -0.3662 -0.3821 -0.8485
vn -0.4227 -0.4571 -0.7826
vn -0.4227 -0.4571 -0.7825
vn -0.3662 -0.3822 -0.8484
vn -0.5187 -0.5886 -0.6202
vn -0.5187 -0.5886 -0.6201
vn -0.5870 -0.6886 -0.4256
vn -0.5870 -0.6886 -0.4257
vn -0.5186 -0.5886 -0.6201
vn -0.6099 -0.7256 -0.3186
vn -0.6100 -0.7256 -0.3185
vn -0.6293 -0.7769 0.0196
vn -0.3938 0.8941 -0.2133
vn -0.3401 0.9394 0.0439
vn -0.6851 0.5561 -0.4705
vn -0.6852 0.5561 -0.4705
vn -0.5201 0.7538 -0.4015
vn -0.9560 0.2015 -0.2133
vn -0.9560 0.2014 -0.2133
vn -0.8447 0.3539 -0.4016
vn -0.9355 0.1848 0.3011
vn -0.9892 0.1396 0.0439
vn -0.6442 0.5229 0.5583
vn -0.8092 0.3251 0.4894
vn -0.3733 0.8775 0.3011
vn -0.4847 0.7250 0.4894
vn -0.5201 0.7538 -0.4016
vn -0.4846 0.7250 0.4893
vn -0.4846 0.7250 0.4894
vn -0.6442 0.5228 0.5583
vn -0.8447 0.3539 -0.4015
vn 0.5656 0.6563 0.4993
vn 0.6302 0.7764 -0.0000
vn 0.6302 0.7765 -0.0000
vn 0.5259 0.6886 -0.4993
vn 0.2807 0.4162 -0.8649
vn 0.5259 0.6886 -0.4994
vn 0.2806 0.4162 -0.8649
vn -0.0398 0.0323 -0.9987
vn -0.3495 -0.3603 -0.8649
vn -0.3496 -0.3603 -0.8649
vn -0.5656 -0.6563 -0.4994
vn -0.5656 -0.6563 -0.4993
vn -0.5657 -0.6563 -0.4993
vn -0.6302 -0.7764 -0.0000
vn -0.6302 -0.7765 -0.0000
vn -0.5259 -0.6886 0.4993
vn -0.5259 -0.6886 0.4994
vn -0.5259 -0.6885 0.4994
vn -0.2807 -0.4162 0.8649
vn -0.2806 -0.4162 0.8649
vn 0.0398 -0.0323 0.9987
vn 0.3495 0.3603 0.8649
vn 0.5657 0.6563 0.4993
vn -0.9634 -0.0419 -0.2648
vn -0.9933 -0.1044 0.0502
vn -0.9939 -0.1040 0.0362
vn -0.9339 -0.0559 0.3531
vn -0.9202 -0.0419 0.3893
vn -0.7986 0.0912 0.5950
vn -0.7986 0.0912 0.5949
vn -0.7468 0.1507 0.6478
vn -0.7467 0.1508 0.6478
vn -0.6140 0.3079 0.7268
vn -0.7468 0.1508 0.6478
vn -0.6139 0.3080 0.7268
vn -0.5202 0.4222 0.7424
vn -0.4173 0.5506 0.7230
vn -0.3016 0.7000 0.6473
vn -0.3011 0.6998 0.6478
vn -0.2440 0.7755 0.5823
vn -0.3012 0.6998 0.6478
vn -0.1483 0.9091 0.3893
vn -0.1319 0.9340 0.3320
vn -0.1027 0.9941 0.0362
vn -0.1033 0.9944 0.0223
vn -0.1612 0.9474 -0.2765
vn -0.1765 0.9319 -0.3169
vn -0.2935 0.8040 -0.5171
vn -0.3499 0.7393 -0.5754
vn -0.3499 0.7393 -0.5753
vn -0.2935 0.8041 -0.5171
vn -0.4746 0.5918 -0.6515
vn -0.5769 0.4681 -0.6694
vn -0.5764 0.4678 -0.6700
vn -0.4746 0.5918 -0.6516
vn -0.6688 0.3527 -0.6544
vn -0.7954 0.1901 -0.5755
vn -0.7955 0.1903 -0.5754
vn -0.8472 0.1218 -0.5171
vn -0.7955 0.1903 -0.5753
vn -0.9483 -0.0190 -0.3169
vn -0.6125 -0.7900 -0.0253
vn -0.5962 -0.7370 0.3183
vn -0.5948 -0.7382 0.3184
vn -0.5963 -0.7370 0.3183
vn -0.5950 -0.7379 0.3185
vn -0.5106 -0.5925 0.6231
vn -0.5090 -0.5937 0.6232
vn -0.5974 -0.7361 0.3183
vn -0.5090 -0.5937 0.6233
vn -0.5082 -0.5944 0.6233
vn -0.3602 -0.3785 0.8526
vn -0.1657 -0.1189 0.9790
vn -0.3602 -0.3784 0.8527
vn -0.3621 -0.3769 0.8525
vn -0.5091 -0.5937 0.6232
vn 0.6112 0.7910 0.0252
vn 0.5970 0.7384 -0.3138
vn 0.5763 0.7009 -0.4202
vn 0.5763 0.7010 -0.4202
vn 0.5970 0.7384 -0.3137
vn 0.5123 0.5986 -0.6158
vn 0.4216 0.4652 -0.7783
vn 0.4216 0.4652 -0.7784
vn 0.5123 0.5986 -0.6159
vn 0.3672 0.3882 -0.8453
vn 0.3672 0.3883 -0.8452
vn 0.1794 0.1329 -0.9748
vn -0.3903 0.8669 -0.3100
vn -0.3606 0.9312 -0.0530
vn -0.6510 0.5047 -0.5670
vn -0.4966 0.7108 -0.4981
vn -0.9369 0.1619 -0.3100
vn -0.8121 0.3038 -0.4982
vn -0.9620 0.1814 0.2041
vn -0.9917 0.1171 -0.0530
vn -0.7013 0.5437 0.4611
vn -0.8557 0.3375 0.3922
vn -0.4155 0.8864 0.2041
vn -0.5402 0.7446 0.3922
vn -0.9368 0.1619 -0.3100
vn -0.4966 0.7108 -0.4982
vn -0.5401 0.7446 0.3922
vn -0.8122 0.3037 -0.4981
vn -0.9620 0.1814 0.2040
vn 0.5062 0.7034 0.4990
vn 0.6127 0.7903 -0.0000
vn 0.5550 0.6655 -0.4990
vn 0.5550 0.6655 -0.4991
vn 0.3486 0.3624 -0.8644
vn 0.0488 -0.0379 -0.9981
vn 0.0489 -0.0379 -0.9981
vn -0.2640 -0.4279 -0.8644
vn -0.2640 -0.4280 -0.8644
vn -0.2641 -0.4280 -0.8643
vn -0.5062 -0.7034 -0.4990
vn -0.5062 -0.7034 -0.4991
vn -0.6127 -0.7903 -0.0000
vn -0.5550 -0.6655 0.4990
vn -0.5550 -0.6656 0.4990
vn -0.5550 -0.6655 0.4991
vn -0.3486 -0.3624 0.8644
vn -0.0488 0.0379 0.9981
vn -0.0488 0.0378 0.9981
vn 0.2640 0.4279 0.8644
vn 0.2641 0.4279 0.8644
vn 0.2640 0.4280 0.8644
vn 0.5062 0.7034 0.4991
vn -0.4895 0.5899 0.6423
vn -0.5923 0.4592 0.6621
vn -0.6763 0.3494 0.6484
vn -0.5919 0.4586 0.6628
vn -0.8043 0.1762 0.5675
vn -0.6763 0.3494 0.6485
vn -0.8125 0.1648 0.5592
vn -0.8043 0.1761 0.5675
vn -0.9177 0.0126 0.3970
vn -0.9502 -0.0382 0.3092
vn -0.9794 -0.0887 0.1814
vn -0.9501 -0.0391 0.3094
vn -0.9910 -0.1264 -0.0437
vn -0.9910 -0.1265 -0.0437
vn -0.9900 -0.1269 -0.0615
vn -0.9296 -0.0792 -0.3599
vn -0.9157 -0.0650 -0.3966
vn -0.7977 0.0667 -0.5993
vn -0.7977 0.0668 -0.5993
vn -0.7445 0.1298 -0.6549
vn -0.6198 0.2829 -0.7320
vn -0.7448 0.1302 -0.6545
vn -0.5233 0.4056 -0.7494
vn -0.6197 0.2829 -0.7320
vn -0.4310 0.5264 -0.7329
vn -0.4309 0.5264 -0.7329
vn -0.3113 0.6886 -0.6549
vn -0.4310 0.5264 -0.7330
vn -0.2597 0.7614 -0.5940
vn -0.1653 0.9030 -0.3966
vn -0.2596 0.7614 -0.5941
vn -0.1503 0.9280 -0.3408
vn -0.1246 0.9912 -0.0437
vn -0.1256 0.9917 -0.0259
vn -0.1256 0.9917 -0.0258
vn -0.1848 0.9452 0.2692
vn -0.1999 0.9298 0.3092
vn -0.3142 0.8023 0.5075
vn -0.3711 0.7350 0.5675
vn -0.4895 0.5898 0.6423
vn -0.3718 0.7353 0.5667
vn -0.6019 -0.7982 -0.0237
vn -0.6852 -0.6999 0.2014
vn -0.6624 -0.7383 0.1272
vn -0.6624 -0.7383 0.1271
vn -0.7030 -0.6563 0.2742
vn -0.7030 -0.6562 0.2742
vn -0.6852 -0.6999 0.2015
vn -0.7225 -0.5544 0.4132
vn 0.6866 0.6970 -0.2066
vn 0.6867 0.6970 -0.2065
vn 0.6125 0.7905 -0.0011
vn 0.6131 0.7900 -0.0007
vn 0.6866 0.6971 -0.2067
vn 0.6130 0.7901 -0.0008
vn 0.6090 0.7931 0.0081
vn 0.6129 0.7901 -0.0008
vn 0.6050 0.7960 0.0169
vn 0.6129 0.7901 -0.0007
vn 0.6009 0.7989 0.0257
vn 0.6876 0.6963 -0.2059
vn 0.7216 0.5646 -0.4007
vn -0.2490 0.9678 -0.0371
vn -0.2024 0.9747 -0.0953
vn -0.0544 0.9368 -0.3456
vn -0.0627 0.9428 -0.3274
vn -0.0544 0.9368 -0.3455
vn -0.0625 0.9428 -0.3274
vn -0.0542 0.9366 -0.3461
vn -0.3873 0.9163 0.1017
vn -0.2501 0.9675 -0.0386
vn -0.5075 0.8407 0.1887
vn -0.6227 0.7432 0.2446
vn -0.6228 0.7432 0.2446
vn -0.5082 0.8408 0.1868
vn -0.7607 0.5896 0.2714
vn -0.7607 0.5896 0.2713
vn -0.8299 0.4923 0.2625
vn -0.7605 0.5890 0.2733
vn -0.9407 0.2818 0.1887
vn -0.9630 0.2211 0.1538
vn -0.9993 -0.0003 -0.0371
vn -0.9993 -0.0002 -0.0371
vn -0.9985 -0.0141 -0.0535
vn -0.9985 -0.0141 -0.0534
vn -0.9847 -0.0861 -0.1516
vn -0.9847 -0.0861 -0.1517
vn -0.9993 -0.0008 -0.0368
vn -0.9208 -0.1809 -0.3456
vn -0.9208 -0.1810 -0.3456
vn -0.9560 -0.1441 -0.2557
vn -0.9132 -0.1865 -0.3624
vn -0.8003 -0.2197 -0.5579
vn -0.9204 -0.1835 -0.3451
vn -0.7262 -0.2119 -0.6540
vn -0.6531 -0.1899 -0.7331
vn -0.4677 -0.0849 -0.8798
vn -0.4676 -0.0848 -0.8799
vn -0.4860 -0.0981 -0.8684
vn -0.4859 -0.0981 -0.8685
vn -0.3177 0.0472 -0.9470
vn -0.4688 -0.0835 -0.8794
vn -0.2145 0.1662 -0.9625
vn -0.1685 0.2290 -0.9587
vn -0.0345 0.4740 -0.8798
vn -0.0554 0.4256 -0.9032
vn 0.0100 0.6148 -0.7886
vn -0.0358 0.4742 -0.8797
vn 0.0241 0.7561 -0.6540
vn 0.0226 0.7772 -0.6289
vn 0.0226 0.7771 -0.6289
vn -0.0021 0.8708 -0.4916
vn 0.0233 0.7560 -0.6542
vn 0.3374 0.8342 0.4362
vn 0.6126 0.7904 -0.0000
vn 0.7237 0.5348 -0.4362
vn 0.6408 0.1359 -0.7556
vn 0.3863 -0.2994 -0.8724
vn 0.3863 -0.2994 -0.8725
vn 0.0282 -0.6545 -0.7556
vn 0.0282 -0.6544 -0.7556
vn -0.3374 -0.8342 -0.4362
vn -0.6126 -0.7904 -0.0000
vn -0.7237 -0.5348 0.4362
vn -0.6408 -0.1359 0.7556
vn -0.3863 0.2994 0.8724
vn -0.3863 0.2994 0.8725
vn -0.0282 0.6545 0.7556
vn -0.2184 0.7336 -0.6436
vn -0.2756 0.8652 -0.4189
vn -0.3921 0.3039 -0.8683
vn -0.2610 0.5281 -0.8080
vn -0.7649 0.0285 -0.6436
vn -0.5765 0.1211 -0.8081
vn -0.9638 0.1827 -0.1942
vn -0.9066 0.0510 -0.4189
vn -0.7900 0.6123 0.0304
vn -0.9211 0.3881 -0.0298
vn -0.4173 0.8878 -0.1942
vn -0.6056 0.7952 -0.0298
vn -0.9066 0.0511 -0.4189
vn -0.7648 0.0285 -0.6436
vn -0.2610 0.5281 -0.8081
vn -0.5766 0.1210 -0.8080
vn -0.2755 0.8652 -0.4189
vn -0.9211 0.3881 -0.0297
vn -0.6229 -0.7821 0.0188
vn -0.6691 -0.7316 -0.1304
vn -0.6855 -0.6989 -0.2039
vn -0.6973 -0.6615 -0.2760
vn -0.7067 -0.5735 -0.4143
vn 0.6229 0.7821 -0.0187
vn 0.6677 0.7338 0.1249
vn 0.6840 0.7027 0.1959
vn 0.6677 0.7339 0.1249
vn 0.6959 0.6672 0.2656
vn 0.6839 0.7027 0.1959
vn 0.6959 0.6673 0.2656
vn 0.7066 0.5840 0.3996
vn -0.9734 -0.1119 0.1999
vn -0.9407 -0.1475 0.3054
vn -0.9455 -0.1439 0.2921
vn -0.8413 -0.1737 0.5120
vn -0.7721 -0.1646 0.6138
vn -0.7724 -0.1622 0.6141
vn -0.7037 -0.1373 0.6971
vn -0.5264 -0.0285 0.8498
vn -0.5419 -0.0402 0.8395
vn -0.5419 -0.0403 0.8395
vn -0.3743 0.1078 0.9210
vn -0.2741 0.2225 0.9356
vn -0.2734 0.2215 0.9361
vn -0.2211 0.2894 0.9313
vn -0.0811 0.5209 0.8498
vn -0.0812 0.5208 0.8498
vn -0.2199 0.2887 0.9318
vn -0.1003 0.4827 0.8700
vn -0.0811 0.5208 0.8498
vn -0.0245 0.6654 0.7461
vn -0.0026 0.7894 0.6138
vn -0.0012 0.7892 0.6141
vn -0.0006 0.8184 0.5746
vn -0.0082 0.8773 0.4799
vn -0.0012 0.7893 0.6141
vn -0.0555 0.9548 0.2922
vn -0.0551 0.9548 0.2921
vn -0.0281 0.9244 0.3805
vn -0.0550 0.9548 0.2921
vn -0.0598 0.9585 0.2788
vn -0.1585 0.9846 0.0736
vn -0.1585 0.9846 0.0735
vn -0.2263 0.9736 -0.0309
vn -0.2282 0.9732 -0.0299
vn -0.2947 0.9492 -0.1105
vn -0.4742 0.8394 -0.2656
vn -0.4552 0.8537 -0.2529
vn -0.6220 0.7075 -0.3356
vn -0.7279 0.5895 -0.3502
vn -0.7272 0.5894 -0.3518
vn -0.7749 0.5276 -0.3479
vn -0.7272 0.5894 -0.3519
vn -0.7750 0.5276 -0.3479
vn -0.9194 0.2901 -0.2656
vn -0.7751 0.5279 -0.3472
vn -0.8964 0.3357 -0.2895
vn -0.9736 0.1536 -0.1689
vn -0.9993 0.0226 -0.0289
vn -0.9993 0.0217 -0.0299
vn -1.0000 -0.0001 -0.0008
vn -1.0000 -0.0004 -0.0010
vn -0.9933 -0.0623 0.0969
vn 0.7058 0.5427 0.4553
vn 0.7057 0.5428 0.4553
vn 0.6297 0.7769 -0.0000
vn 0.7058 0.5428 0.4553
vn 0.6296 0.7769 -0.0000
vn 0.3848 0.8028 -0.4553
vn 0.3848 0.8029 -0.4553
vn 0.3848 0.8028 -0.4554
vn 0.0369 0.6137 -0.7887
vn -0.3209 0.2601 -0.9107
vn -0.5927 -0.1632 -0.7887
vn -0.5928 -0.1632 -0.7887
vn -0.7058 -0.5427 -0.4554
vn -0.7057 -0.5427 -0.4554
vn -0.7058 -0.5428 -0.4553
vn -0.7058 -0.5427 -0.4553
vn -0.6297 -0.7769 -0.0000
vn -0.6296 -0.7769 -0.0000
vn -0.3848 -0.8028 0.4553
vn -0.3848 -0.8029 0.4553
vn -0.3848 -0.8028 0.4554
vn -0.0369 -0.6137 0.7887
vn 0.3209 -0.2601 0.9107
vn 0.5927 0.1632 0.7887
vn 0.5928 0.1632 0.7887
vn 0.7058 0.5427 0.4554
vn -0.4082 0.9050 0.1196
vn -0.4083 0.9050 0.1196
vn -0.2821 0.8916 0.3541
vn -0.7717 0.6255 -0.1150
vn -0.5874 0.8076 -0.0521
vn -0.9699 0.2120 0.1196
vn -0.9117 0.4075 -0.0521
vn -0.8046 0.0780 0.5886
vn -0.9307 0.0914 0.3541
vn -0.4411 0.3576 0.8231
vn -0.6255 0.1754 0.7603
vn -0.2430 0.7710 0.5886
vn -0.2429 0.7711 0.5886
vn -0.3012 0.5755 0.7603
vn -0.3011 0.5756 0.7603
vn -0.4412 0.3575 0.8231
vn -0.2822 0.8916 0.3541
vn -0.6254 0.1754 0.7603
vn -0.6254 0.1755 0.7603
vn -0.8047 0.0780 0.5886
vt -1.188608 -0.055108
vt -1.188608 -0.237681
vt 0.367096 -0.055108
vt 0.367096 -0.298538
vt -1.188608 -0.420253
vt 0.367096 -0.541968
vt -1.188608 -0.602826
vt 0.367096 -0.785398
vt -1.188608 -0.785398
vt -1.180586 0.785398
vt -1.180586 0.600870
vt 0.350070 0.785398
vt 0.350070 0.539360
vt -1.180586 0.416341
vt 0.350070 0.293323
vt -1.180586 0.231813
vt 0.350070 0.047285
vt -1.180586 0.047285
vt -0.132299 0.583089
vt -0.082687 0.568313
vt -0.000000 0.583089
vt -0.049612 0.568313
vt -0.046512 0.568313
vt -0.046512 0.565588
vt -0.043411 0.565588
vt -0.043411 0.527085
vt -0.041860 0.527085
vt -0.041860 0.523247
vt -0.040310 0.523247
vt -0.040310 0.471080
vt -0.037209 0.471080
vt -0.037209 0.463404
vt -0.031008 0.463404
vt -0.031008 0.415076
vt -0.024806 0.415076
vt -0.024806 0.411238
vt -0.018605 0.411238
vt -0.018605 0.387074
vt -0.015504 0.387074
vt -0.015504 0.373073
vt -0.012403 0.373073
vt -0.012403 0.366072
vt -0.009302 0.366072
vt -0.009302 0.360822
vt -0.006202 0.360822
vt -0.006202 0.359071
vt -0.000000 0.359071
vt -0.006202 0.354052
vt -0.000000 0.352868
vt -0.006202 0.351677
vt -0.006202 0.347979
vt -0.009302 0.351677
vt -0.009302 0.347979
vt -0.012403 0.351677
vt -0.012403 0.347979
vt -0.015504 0.351677
vt -0.015504 0.347979
vt -0.018605 0.351677
vt -0.018605 0.347979
vt -0.024806 0.351677
vt -0.024806 0.347979
vt -0.031008 0.351677
vt -0.031008 0.347979
vt -0.037209 0.351677
vt -0.037209 0.347979
vt -0.040310 0.351677
vt -0.040310 0.347979
vt -0.041860 0.351677
vt -0.041860 0.347979
vt -0.043411 0.351677
vt -0.043411 0.347979
vt -0.046512 0.351677
vt -0.046512 0.347979
vt -0.049612 0.351677
vt -0.049612 0.347979
vt -0.082687 0.351677
vt -0.082687 0.347979
vt -0.099225 0.351677
vt -0.099225 0.347979
vt -0.105426 0.351677
vt -0.105426 0.347979
vt -0.136434 0.351677
vt -0.136434 0.347979
vt -0.198449 0.351677
vt -0.198449 0.347979
vt -0.201550 0.351677
vt -0.201550 0.347979
vt -0.210852 0.351677
vt -0.210852 0.347979
vt -0.248062 0.351677
vt -0.248062 0.347979
vt -0.281136 0.351677
vt -0.281136 0.347979
vt -0.297674 0.351677
vt -0.297674 0.347979
vt -0.300775 0.351677
vt -0.300775 0.347979
vt -0.303875 0.351677
vt -0.303875 0.347979
vt -0.318346 0.351677
vt -0.318346 0.347979
vt -0.347286 0.351677
vt -0.347286 0.347979
vt -0.363824 0.351677
vt -0.363824 0.347979
vt -0.380361 0.351677
vt -0.380361 0.347979
vt -0.396898 0.346664
vt -0.380361 0.346664
vt -0.380361 0.344282
vt -0.363824 0.344282
vt -0.363824 0.342515
vt -0.347286 0.342515
vt -0.347286 0.340749
vt -0.318346 0.340749
vt -0.318346 0.339099
vt -0.303875 0.339099
vt -0.303875 0.337450
vt -0.300775 0.337450
vt -0.300775 0.332874
vt -0.297674 0.332874
vt -0.297674 0.330992
vt -0.281136 0.330992
vt -0.281136 0.327483
vt -0.248062 0.327483
vt -0.248062 0.325598
vt -0.210852 0.325598
vt -0.210852 0.320269
vt -0.201550 0.320269
vt -0.201550 0.314882
vt -0.198449 0.314882
vt -0.198449 0.262401
vt -0.136434 0.262401
vt -0.136434 0.209921
vt -0.105426 0.209921
vt -0.105426 0.139947
vt -0.099225 0.139947
vt -0.099225 0.069974
vt -0.082687 0.069974
vt -0.099225 0.000000
vt -0.049612 0.069974
vt -0.000000 0.000000
vt -0.046512 0.069974
vt -0.043411 0.069974
vt -0.046512 0.139947
vt -0.043411 0.139947
vt -0.046512 0.209921
vt -0.043411 0.209921
vt -0.046512 0.262401
vt -0.043411 0.262401
vt -0.046512 0.314882
vt -0.043411 0.314882
vt -0.046512 0.320269
vt -0.043411 0.320269
vt -0.046512 0.325598
vt -0.043411 0.325598
vt -0.046512 0.327483
vt -0.043411 0.327483
vt -0.046512 0.330992
vt -0.043411 0.330992
vt -0.046512 0.332874
vt -0.043411 0.332874
vt -0.046512 0.337450
vt -0.043411 0.337450
vt -0.046512 0.339099
vt -0.043411 0.339099
vt -0.046512 0.340749
vt -0.043411 0.340749
vt -0.046512 0.342515
vt -0.043411 0.342515
vt -0.046512 0.344282
vt -0.043411 0.344282
vt -0.046512 0.346664
vt -0.043411 0.346664
vt -0.264599 0.583089
vt -0.198449 0.568313
vt -0.136434 0.568313
vt -0.105426 0.568313
vt -0.105426 0.565588
vt -0.099225 0.565588
vt -0.099225 0.527085
vt -0.082687 0.527085
vt -0.082687 0.523247
vt -0.049612 0.523247
vt -0.049612 0.471080
vt -0.046512 0.471080
vt -0.046512 0.463404
vt -0.043411 0.463404
vt -0.043411 0.415076
vt -0.041860 0.415076
vt -0.041860 0.411238
vt -0.040310 0.411238
vt -0.040310 0.387074
vt -0.037209 0.387074
vt -0.037209 0.373073
vt -0.031008 0.373073
vt -0.031008 0.366072
vt -0.024806 0.366072
vt -0.024806 0.360822
vt -0.018605 0.360822
vt -0.018605 0.359071
vt -0.015504 0.359071
vt -0.015504 0.354052
vt -0.012403 0.354052
vt -0.396898 0.583089
vt -0.318346 0.568313
vt -0.303875 0.568313
vt -0.300775 0.568313
vt -0.300775 0.565588
vt -0.297674 0.565588
vt -0.297674 0.527085
vt -0.281136 0.527085
vt -0.281136 0.523247
vt -0.248062 0.523247
vt -0.248062 0.471080
vt -0.210852 0.471080
vt -0.210852 0.463404
vt -0.201550 0.463404
vt -0.201550 0.415076
vt -0.198449 0.415076
vt -0.198449 0.411238
vt -0.136434 0.411238
vt -0.136434 0.387074
vt -0.105426 0.387074
vt -0.105426 0.373073
vt -0.099225 0.373073
vt -0.099225 0.366072
vt -0.082687 0.366072
vt -0.082687 0.360822
vt -0.049612 0.360822
vt -0.049612 0.359071
vt -0.046512 0.359071
vt -0.046512 0.354052
vt -0.043411 0.354052
vt -0.396898 0.463404
vt -0.380361 0.565588
vt -0.380361 0.568313
vt -0.363824 0.568313
vt -0.363824 0.565588
vt -0.347286 0.565588
vt -0.347286 0.527085
vt -0.318346 0.527085
vt -0.318346 0.523247
vt -0.303875 0.523247
vt -0.303875 0.471080
vt -0.300775 0.471080
vt -0.300775 0.463404
vt -0.297674 0.463404
vt -0.297674 0.415076
vt -0.281136 0.415076
vt -0.281136 0.411238
vt -0.248062 0.411238
vt -0.248062 0.387074
vt -0.210852 0.387074
vt -0.210852 0.373073
vt -0.201550 0.373073
vt -0.201550 0.366072
vt -0.198449 0.366072
vt -0.198449 0.360822
vt -0.136434 0.360822
vt -0.136434 0.359071
vt -0.105426 0.359071
vt -0.105426 0.354052
vt -0.099225 0.354052
vt -0.396898 0.411238
vt -0.380361 0.415076
vt -0.380361 0.463404
vt -0.380361 0.471080
vt -0.363824 0.463404
vt -0.363824 0.471080
vt -0.347286 0.463404
vt -0.347286 0.471080
vt -0.318346 0.463404
vt -0.318346 0.471080
vt -0.303875 0.463404
vt -0.396898 0.359071
vt -0.380361 0.387074
vt -0.380361 0.411238
vt -0.363824 0.411238
vt -0.363824 0.415076
vt -0.347286 0.411238
vt -0.347286 0.415076
vt -0.318346 0.411238
vt -0.318346 0.415076
vt -0.303875 0.411238
vt -0.303875 0.415076
vt -0.300775 0.411238
vt -0.300775 0.415076
vt -0.297674 0.411238
vt -0.380361 0.354052
vt -0.380361 0.359071
vt -0.380361 0.360822
vt -0.363824 0.359071
vt -0.363824 0.360822
vt -0.347286 0.359071
vt -0.347286 0.360822
vt -0.318346 0.359071
vt -0.318346 0.360822
vt -0.303875 0.359071
vt -0.303875 0.360822
vt -0.300775 0.359071
vt -0.300775 0.360822
vt -0.297674 0.359071
vt -0.297674 0.360822
vt -0.281136 0.359071
vt -0.281136 0.360822
vt -0.248062 0.359071
vt -0.248062 0.360822
vt -0.210852 0.359071
vt -0.210852 0.360822
vt -0.201550 0.359071
vt -0.201550 0.360822
vt -0.198449 0.359071
vt -0.396898 0.340749
vt -0.380361 0.342515
vt -0.363824 0.340749
vt -0.347286 0.339099
vt -0.318346 0.337450
vt -0.303875 0.332874
vt -0.300775 0.330992
vt -0.297674 0.327483
vt -0.281136 0.325598
vt -0.248062 0.320269
vt -0.210852 0.314882
vt -0.201550 0.262401
vt -0.198449 0.209921
vt -0.136434 0.139947
vt -0.105426 0.069974
vt -0.396898 0.330100
vt -0.380361 0.337450
vt -0.380361 0.339099
vt -0.380361 0.340749
vt -0.363824 0.339099
vt -0.396898 0.319452
vt -0.380361 0.325598
vt -0.380361 0.327483
vt -0.380361 0.330992
vt -0.363824 0.327483
vt -0.363824 0.330992
vt -0.347286 0.327483
vt -0.347286 0.330992
vt -0.318346 0.327483
vt -0.318346 0.330992
vt -0.303875 0.327483
vt -0.303875 0.330992
vt -0.300775 0.327483
vt -0.396898 0.308803
vt -0.380361 0.314882
vt -0.380361 0.320269
vt -0.363824 0.320269
vt -0.363824 0.325598
vt -0.347286 0.320269
vt -0.347286 0.325598
vt -0.318346 0.320269
vt -0.318346 0.325598
vt -0.303875 0.320269
vt -0.303875 0.325598
vt -0.300775 0.320269
vt -0.300775 0.325598
vt -0.297674 0.320269
vt -0.297674 0.325598
vt -0.281136 0.320269
vt -0.380361 0.262401
vt -0.396898 0.298155
vt -0.396898 0.287507
vt -0.396898 0.276858
vt -0.396898 0.255562
vt -0.380361 0.209921
vt -0.396898 0.234265
vt -0.396898 0.212968
vt -0.396898 0.170374
vt -0.380361 0.139947
vt -0.363824 0.139947
vt -0.363824 0.069974
vt -0.347286 0.069974
vt -0.396898 0.000000
vt -0.297674 0.000000
vt -0.396898 0.127781
vt -0.380361 0.069974
vt -0.396898 0.085187
vt -0.198449 0.000000
vt -0.248062 0.069974
vt -0.281136 0.069974
vt -0.297674 0.069974
vt -0.297674 0.139947
vt -0.300775 0.139947
vt -0.300775 0.209921
vt -0.303875 0.209921
vt -0.303875 0.262401
vt -0.318346 0.262401
vt -0.318346 0.314882
vt -0.347286 0.314882
vt -0.136434 0.069974
vt -0.198449 0.069974
vt -0.201550 0.069974
vt -0.201550 0.139947
vt -0.210852 0.139947
vt -0.210852 0.209921
vt -0.248062 0.209921
vt -0.248062 0.262401
vt -0.281136 0.262401
vt -0.281136 0.314882
vt -0.297674 0.314882
vt -0.000000 0.068856
vt -0.006202 0.069974
vt -0.009302 0.069974
vt -0.012403 0.069974
vt -0.012403 0.139947
vt -0.015504 0.139947
vt -0.015504 0.209921
vt -0.018605 0.209921
vt -0.018605 0.262401
vt -0.024806 0.262401
vt -0.024806 0.314882
vt -0.031008 0.314882
vt -0.031008 0.320269
vt -0.037209 0.320269
vt -0.037209 0.325598
vt -0.040310 0.325598
vt -0.040310 0.327483
vt -0.041860 0.327483
vt -0.041860 0.330992
vt -0.000000 0.137713
vt -0.006202 0.139947
vt -0.009302 0.139947
vt -0.009302 0.209921
vt -0.012403 0.209921
vt -0.012403 0.262401
vt -0.015504 0.262401
vt -0.015504 0.314882
vt -0.018605 0.314882
vt -0.018605 0.320269
vt -0.024806 0.320269
vt -0.024806 0.325598
vt -0.031008 0.325598
vt -0.031008 0.327483
vt -0.037209 0.327483
vt -0.037209 0.330992
vt -0.040310 0.330992
vt -0.040310 0.332874
vt -0.041860 0.332874
vt -0.041860 0.337450
vt -0.000000 0.206569
vt -0.006202 0.209921
vt -0.009302 0.262401
vt -0.012403 0.314882
vt -0.015504 0.320269
vt -0.018605 0.325598
vt -0.024806 0.327483
vt -0.031008 0.330992
vt -0.037209 0.332874
vt -0.040310 0.337450
vt -0.041860 0.339099
vt -0.000000 0.275426
vt -0.006202 0.262401
vt -0.009302 0.314882
vt -0.012403 0.320269
vt -0.015504 0.325598
vt -0.018605 0.327483
vt -0.024806 0.330992
vt -0.031008 0.332874
vt -0.037209 0.337450
vt -0.040310 0.339099
vt -0.041860 0.340749
vt -0.006202 0.314882
vt -0.000000 0.344282
vt -0.006202 0.320269
vt -0.006202 0.325598
vt -0.009302 0.325598
vt -0.009302 0.327483
vt -0.012403 0.327483
vt -0.012403 0.330992
vt -0.015504 0.330992
vt -0.015504 0.332874
vt -0.018605 0.332874
vt -0.018605 0.337450
vt -0.024806 0.337450
vt -0.024806 0.339099
vt -0.031008 0.339099
vt -0.031008 0.340749
vt -0.037209 0.340749
vt -0.037209 0.342515
vt -0.040310 0.342515
vt -0.040310 0.344282
vt -0.041860 0.344282
vt -0.041860 0.346664
vt -0.000000 0.346664
vt -0.006202 0.346664
vt -0.006202 0.344282
vt -0.006202 0.342515
vt -0.009302 0.344282
vt -0.009302 0.342515
vt -0.012403 0.344282
vt -0.012403 0.342515
vt -0.015504 0.344282
vt -0.015504 0.342515
vt -0.018605 0.344282
vt -0.018605 0.342515
vt -0.024806 0.344282
vt -0.024806 0.342515
vt -0.031008 0.344282
vt -0.031008 0.342515
vt -0.037209 0.344282
vt -0.000000 0.361441
vt -0.006202 0.366072
vt -0.009302 0.373073
vt -0.012403 0.387074
vt -0.015504 0.411238
vt -0.018605 0.415076
vt -0.024806 0.463404
vt -0.031008 0.471080
vt -0.037209 0.523247
vt -0.040310 0.527085
vt -0.041860 0.565588
vt -0.043411 0.568313
vt -0.000000 0.411238
vt -0.006202 0.387074
vt -0.006202 0.373073
vt -0.000000 0.463404
vt -0.006202 0.415076
vt -0.006202 0.411238
vt -0.009302 0.411238
vt -0.009302 0.387074
vt -0.012403 0.411238
vt -0.006202 0.523247
vt -0.006202 0.471080
vt -0.006202 0.463404
vt -0.009302 0.471080
vt -0.009302 0.463404
vt -0.012403 0.471080
vt -0.012403 0.463404
vt -0.015504 0.471080
vt -0.015504 0.463404
vt -0.018605 0.471080
vt -0.018605 0.463404
vt -0.024806 0.471080
vt -0.380361 0.332874
vt -0.363824 0.332874
vt -0.347286 0.332874
vt -0.318346 0.332874
vt -0.006202 0.330992
vt -0.006202 0.332874
vt -0.006202 0.337450
vt -0.009302 0.337450
vt -0.009302 0.339099
vt -0.012403 0.339099
vt -0.012403 0.340749
vt -0.015504 0.340749
vt -0.006202 0.340749
vt -0.009302 0.340749
vt -0.380361 0.366072
vt -0.363824 0.366072
vt -0.347286 0.366072
vt -0.318346 0.366072
vt -0.303875 0.366072
vt -0.300775 0.366072
vt -0.297674 0.366072
vt -0.281136 0.366072
vt -0.248062 0.366072
vt -0.210852 0.366072
vt -0.009302 0.415076
vt -0.012403 0.415076
vt -0.015504 0.415076
vt -0.380361 0.523247
vt -0.363824 0.523247
vt -0.347286 0.523247
vt -0.006202 0.565588
vt -0.006202 0.568313
vt -0.009302 0.568313
vt -0.009302 0.565588
vt -0.006202 0.527085
vt -0.009302 0.527085
vt -0.009302 0.523247
vt -0.347286 0.568313
vt -0.318346 0.565588
vt -0.303875 0.565588
vt -0.303875 0.527085
vt -0.297674 0.568313
vt -0.281136 0.568313
vt -0.248062 0.568313
vt -0.248062 0.565588
vt -0.210852 0.565588
vt -0.210852 0.527085
vt -0.201550 0.527085
vt -0.201550 0.523247
vt -0.198449 0.523247
vt -0.198449 0.471080
vt -0.136434 0.471080
vt -0.136434 0.463404
vt -0.105426 0.463404
vt -0.105426 0.415076
vt -0.099225 0.415076
vt -0.099225 0.411238
vt -0.082687 0.411238
vt -0.082687 0.387074
vt -0.049612 0.387074
vt -0.049612 0.373073
vt -0.046512 0.373073
vt -0.046512 0.366072
vt -0.043411 0.366072
vt -0.043411 0.360822
vt -0.041860 0.360822
vt -0.041860 0.359071
vt -0.040310 0.359071
vt -0.040310 0.354052
vt -0.037209 0.354052
vt -0.281136 0.565588
vt -0.210852 0.568313
vt -0.201550 0.568313
vt -0.198449 0.565588
vt -0.136434 0.565588
vt -0.136434 0.527085
vt -0.105426 0.527085
vt -0.105426 0.523247
vt -0.099225 0.523247
vt -0.099225 0.471080
vt -0.082687 0.471080
vt -0.082687 0.463404
vt -0.049612 0.463404
vt -0.049612 0.415076
vt -0.046512 0.415076
vt -0.046512 0.411238
vt -0.043411 0.411238
vt -0.043411 0.387074
vt -0.041860 0.387074
vt -0.041860 0.373073
vt -0.040310 0.373073
vt -0.040310 0.366072
vt -0.037209 0.366072
vt -0.037209 0.360822
vt -0.031008 0.360822
vt -0.031008 0.359071
vt -0.024806 0.359071
vt -0.024806 0.354052
vt -0.018605 0.354052
vt -0.201550 0.565588
vt -0.099225 0.568313
vt -0.082687 0.565588
vt -0.049612 0.565588
vt -0.049612 0.527085
vt -0.041860 0.568313
vt -0.040310 0.568313
vt -0.037209 0.568313
vt -0.037209 0.565588
vt -0.031008 0.565588
vt -0.031008 0.527085
vt -0.024806 0.527085
vt -0.024806 0.523247
vt -0.018605 0.523247
vt -0.040310 0.565588
vt -0.031008 0.568313
vt -0.024806 0.568313
vt -0.018605 0.568313
vt -0.018605 0.565588
vt -0.015504 0.565588
vt -0.015504 0.527085
vt -0.012403 0.527085
vt -0.012403 0.523247
vt -0.024806 0.565588
vt -0.015504 0.568313
vt -0.012403 0.568313
vt -0.012403 0.565588
vt -0.248062 0.415076
vt -0.281136 0.463404
vt -0.248062 0.463404
vt -0.281136 0.471080
vt -0.210852 0.415076
vt -0.210852 0.411238
vt -0.201550 0.411238
vt -0.136434 0.415076
vt -0.198449 0.463404
vt -0.105426 0.411238
vt -0.099225 0.387074
vt -0.082687 0.373073
vt -0.049612 0.366072
vt -0.046512 0.360822
vt -0.043411 0.359071
vt -0.041860 0.354052
vt -0.082687 0.415076
vt -0.099225 0.463404
vt -0.049612 0.411238
vt -0.046512 0.387074
vt -0.043411 0.373073
vt -0.041860 0.366072
vt -0.040310 0.360822
vt -0.037209 0.359071
vt -0.031008 0.354052
vt -0.040310 0.415076
vt -0.041860 0.463404
vt -0.040310 0.463404
vt -0.041860 0.471080
vt -0.037209 0.415076
vt -0.037209 0.411238
vt -0.031008 0.411238
vt -0.043411 0.471080
vt -0.046512 0.523247
vt -0.105426 0.471080
vt -0.136434 0.523247
vt -0.198449 0.527085
vt -0.201550 0.471080
vt -0.210852 0.523247
vt -0.248062 0.527085
vt -0.297674 0.471080
vt -0.300775 0.523247
vt -0.363824 0.387074
vt -0.363824 0.373073
vt -0.380361 0.373073
vt -0.347286 0.387074
vt -0.347286 0.373073
vt -0.318346 0.387074
vt -0.318346 0.373073
vt -0.303875 0.387074
vt -0.303875 0.373073
vt -0.300775 0.387074
vt -0.300775 0.373073
vt -0.297674 0.387074
vt -0.297674 0.373073
vt -0.281136 0.387074
vt -0.281136 0.373073
vt -0.248062 0.373073
vt -0.201550 0.387074
vt -0.198449 0.387074
vt -0.198449 0.373073
vt -0.136434 0.373073
vt -0.105426 0.366072
vt -0.099225 0.360822
vt -0.082687 0.359071
vt -0.049612 0.354052
vt -0.031008 0.387074
vt -0.024806 0.387074
vt -0.024806 0.373073
vt -0.018605 0.373073
vt -0.015504 0.366072
vt -0.012403 0.360822
vt -0.009302 0.359071
vt -0.363824 0.354052
vt -0.347286 0.354052
vt -0.318346 0.354052
vt -0.303875 0.354052
vt -0.300775 0.354052
vt -0.297674 0.354052
vt -0.281136 0.354052
vt -0.248062 0.354052
vt -0.210852 0.354052
vt -0.201550 0.354052
vt -0.198449 0.354052
vt -0.136434 0.354052
vt -0.082687 0.354052
vt -0.099225 0.359071
vt -0.009302 0.354052
vt -0.012403 0.359071
vt -0.015504 0.360822
vt -0.018605 0.366072
vt -0.105426 0.360822
vt -0.136434 0.366072
vt -0.347286 0.344282
vt -0.363824 0.346664
vt -0.347286 0.346664
vt -0.318346 0.344282
vt -0.318346 0.346664
vt -0.318346 0.342515
vt -0.303875 0.342515
vt -0.303875 0.344282
vt -0.300775 0.342515
vt -0.300775 0.344282
vt -0.297674 0.342515
vt -0.297674 0.344282
vt -0.281136 0.342515
vt -0.281136 0.344282
vt -0.248062 0.342515
vt -0.248062 0.344282
vt -0.210852 0.342515
vt -0.210852 0.344282
vt -0.201550 0.342515
vt -0.201550 0.344282
vt -0.198449 0.342515
vt -0.198449 0.344282
vt -0.136434 0.342515
vt -0.136434 0.344282
vt -0.105426 0.342515
vt -0.105426 0.344282
vt -0.099225 0.342515
vt -0.099225 0.344282
vt -0.082687 0.342515
vt -0.082687 0.344282
vt -0.049612 0.342515
vt -0.049612 0.344282
vt -0.303875 0.346664
vt -0.300775 0.346664
vt -0.297674 0.346664
vt -0.281136 0.346664
vt -0.248062 0.346664
vt -0.210852 0.346664
vt -0.201550 0.346664
vt -0.198449 0.346664
vt -0.136434 0.346664
vt -0.105426 0.346664
vt -0.099225 0.346664
vt -0.082687 0.346664
vt -0.049612 0.346664
vt -0.041860 0.342515
vt -0.040310 0.340749
vt -0.037209 0.339099
vt -0.031008 0.337450
vt -0.024806 0.332874
vt -0.018605 0.330992
vt -0.015504 0.327483
vt -0.012403 0.325598
vt -0.009302 0.320269
vt -0.040310 0.346664
vt -0.037209 0.346664
vt -0.031008 0.346664
vt -0.024806 0.346664
vt -0.018605 0.346664
vt -0.015504 0.346664
vt -0.012403 0.346664
vt -0.009302 0.346664
vt -0.363824 0.337450
vt -0.347286 0.337450
vt -0.300775 0.339099
vt -0.303875 0.340749
vt -0.300775 0.340749
vt -0.297674 0.339099
vt -0.297674 0.340749
vt -0.297674 0.337450
vt -0.281136 0.337450
vt -0.281136 0.339099
vt -0.248062 0.337450
vt -0.248062 0.339099
vt -0.210852 0.337450
vt -0.210852 0.339099
vt -0.201550 0.337450
vt -0.201550 0.339099
vt -0.198449 0.337450
vt -0.198449 0.339099
vt -0.136434 0.337450
vt -0.136434 0.339099
vt -0.105426 0.337450
vt -0.105426 0.339099
vt -0.099225 0.337450
vt -0.099225 0.339099
vt -0.082687 0.337450
vt -0.082687 0.339099
vt -0.049612 0.337450
vt -0.049612 0.339099
vt -0.281136 0.340749
vt -0.248062 0.340749
vt -0.210852 0.340749
vt -0.201550 0.340749
vt -0.198449 0.340749
vt -0.136434 0.340749
vt -0.105426 0.340749
vt -0.099225 0.340749
vt -0.082687 0.340749
vt -0.049612 0.340749
vt -0.018605 0.339099
vt -0.024806 0.340749
vt -0.018605 0.340749
vt -0.015504 0.339099
vt -0.015504 0.337450
vt -0.012403 0.337450
vt -0.006202 0.339099
vt -0.006202 0.327483
vt -0.009302 0.330992
vt -0.210852 0.327483
vt -0.248062 0.330992
vt -0.210852 0.330992
vt -0.248062 0.332874
vt -0.210852 0.332874
vt -0.201550 0.327483
vt -0.201550 0.330992
vt -0.201550 0.332874
vt -0.201550 0.325598
vt -0.198449 0.325598
vt -0.198449 0.327483
vt -0.136434 0.325598
vt -0.136434 0.327483
vt -0.105426 0.325598
vt -0.105426 0.327483
vt -0.099225 0.325598
vt -0.099225 0.327483
vt -0.082687 0.325598
vt -0.082687 0.327483
vt -0.049612 0.325598
vt -0.049612 0.327483
vt -0.198449 0.330992
vt -0.198449 0.332874
vt -0.136434 0.330992
vt -0.136434 0.332874
vt -0.105426 0.330992
vt -0.105426 0.332874
vt -0.099225 0.330992
vt -0.099225 0.332874
vt -0.082687 0.330992
vt -0.082687 0.332874
vt -0.049612 0.330992
vt -0.049612 0.332874
vt -0.041860 0.325598
vt -0.040310 0.320269
vt -0.037209 0.314882
vt -0.031008 0.262401
vt -0.024806 0.209921
vt -0.018605 0.139947
vt -0.015504 0.069974
vt -0.009302 0.332874
vt -0.012403 0.332874
vt -0.281136 0.332874
vt -0.363824 0.314882
vt -0.363824 0.262401
vt -0.363824 0.209921
vt -0.347286 0.262401
vt -0.318346 0.209921
vt -0.303875 0.139947
vt -0.300775 0.069974
vt -0.303875 0.314882
vt -0.300775 0.314882
vt -0.300775 0.262401
vt -0.297674 0.262401
vt -0.281136 0.209921
vt -0.248062 0.139947
vt -0.210852 0.069974
vt -0.248062 0.314882
vt -0.210852 0.262401
vt -0.201550 0.209921
vt -0.198449 0.139947
vt -0.136434 0.314882
vt -0.198449 0.320269
vt -0.136434 0.320269
vt -0.105426 0.314882
vt -0.105426 0.320269
vt -0.105426 0.262401
vt -0.099225 0.262401
vt -0.099225 0.314882
vt -0.082687 0.262401
vt -0.082687 0.314882
vt -0.049612 0.262401
vt -0.049612 0.314882
vt -0.099225 0.320269
vt -0.082687 0.320269
vt -0.049612 0.320269
vt -0.041860 0.314882
vt -0.041860 0.320269
vt -0.040310 0.314882
vt -0.041860 0.262401
vt -0.041860 0.209921
vt -0.041860 0.139947
vt -0.041860 0.069974
vt -0.037209 0.262401
vt -0.031008 0.209921
vt -0.024806 0.139947
vt -0.018605 0.069974
vt -0.040310 0.262401
vt -0.040310 0.209921
vt -0.040310 0.139947
vt -0.040310 0.069974
vt -0.347286 0.209921
vt -0.347286 0.139947
vt -0.297674 0.209921
vt -0.099225 0.209921
vt -0.082687 0.209921
vt -0.049612 0.209921
vt -0.037209 0.209921
vt -0.031008 0.139947
vt -0.024806 0.069974
vt -0.318346 0.139947
vt -0.303875 0.069974
vt -0.281136 0.139947
vt -0.082687 0.139947
vt -0.049612 0.139947
vt -0.037209 0.139947
vt -0.037209 0.069974
vt -0.318346 0.069974
vt -0.031008 0.069974
vt -0.015504 0.523247
vt -0.031008 0.523247
vt -0.043411 0.523247
vt -0.297674 0.523247
vt -0.380361 0.527085
vt -0.363824 0.527085
vt -0.300775 0.527085
vt -0.046512 0.527085
vt -0.037209 0.527085
vt -0.018605 0.527085
vt 0.300000 23.296513
vt 0.554967 23.164360
vt 0.500000 23.350101
vt 0.816295 23.196093
vt 1.000000 23.350101
vt 1.062436 23.102743
vt 1.200000 23.296513
vt 1.346410 23.150103
vt 1.237001 22.905701
vt 1.400000 22.950102
vt 1.300000 22.650103
vt 1.400000 21.787769
vt 1.237001 22.394505
vt 1.062436 22.197460
vt 0.338319 23.014820
vt 0.153590 23.150103
vt 0.100000 22.950102
vt 0.099996 21.776045
vt 0.215982 22.518478
vt 0.215982 22.781727
vt 0.751584 21.799980
vt 0.554967 22.135843
vt 0.338319 22.285385
vt 0.816295 22.104113
vt 19.107365 4.752394
vt 15.797079 9.683665
vt 17.228901 4.978397
vt 15.340269 5.091458
vt 13.448258 5.091170
vt 10.172404 9.664407
vt 9.744253 9.097443
vt 12.439765 14.583088
vt 10.749068 11.691171
vt 10.683515 10.983735
vt 10.489086 10.300391
vt 11.968051 15.347386
vt 10.172404 13.717935
vt 10.489086 13.081952
vt 10.683515 12.398607
vt 9.744253 14.284899
vt 11.391660 16.036182
vt 9.219212 14.763537
vt 10.722494 16.635250
vt 8.615161 15.137550
vt 9.974372 17.132219
vt 7.952671 15.394200
vt 9.162743 17.516829
vt 8.304367 17.781134
vt 7.254301 15.524748
vt 7.416971 17.919676
vt 6.518880 17.929598
vt 6.543835 15.524748
vt 5.628640 17.810690
vt 5.845466 15.394200
vt 4.764636 17.565411
vt 3.944708 17.198826
vt 5.182976 15.137550
vt 3.185791 16.718504
vt 4.578925 14.763537
vt 2.503554 16.134363
vt 4.053884 14.284899
vt 1.912088 15.458469
vt 1.423607 14.704777
vt 3.625732 13.717935
vt 1.048197 13.888852
vt 3.309050 13.081952
vt 0.793611 13.027544
vt 3.114622 12.398607
vt 0.665107 12.138638
vt 3.049068 11.691171
vt 0.665338 11.240493
vt 3.114622 10.983735
vt 0.794300 10.351654
vt 3.309050 10.300391
vt 1.049329 9.490477
vt 3.625732 9.664407
vt 1.425160 8.674746
vt 4.053884 9.097443
vt 1.914029 7.921305
vt 2.505844 7.245715
vt 4.578925 8.618805
vt 3.188381 6.661927
vt 5.182976 8.244792
vt 3.947546 6.181996
vt 5.845466 7.988142
vt 4.353492 5.854324
vt 6.543835 7.857595
vt 4.731285 5.496948
vt 5.081464 5.110436
vt 7.254301 7.857595
vt 5.400871 4.699312
vt 8.015010 3.822967
vt 5.686717 4.269237
vt 7.410524 3.603350
vt 5.940050 3.820814
vt 6.840229 3.294634
vt 6.161325 3.354300
vt 6.581750 3.098387
vt 6.350271 2.869535
vt 8.639782 3.985335
vt 7.952671 7.988142
vt 9.278550 4.158040
vt 9.900625 4.383596
vt 10.501642 4.660420
vt 8.615161 8.244792
vt 11.014872 4.869615
vt 9.219212 8.618805
vt 11.559662 4.977534
vt -5.305055 2.789763
vt -5.184526 3.061737
vt -5.534802 3.001089
vt -5.789940 3.178585
vt -5.051344 3.327379
vt -5.385648 3.505653
vt -4.905876 3.585958
vt -5.869682 3.457259
vt -6.355857 3.440988
vt 6.148436 -2.280496
vt 2.518856 -7.067670
vt 6.819483 -2.917020
vt 3.108185 -7.610186
vt 7.657100 -3.770996
vt 3.600182 -8.242303
vt 8.395145 -4.712359
vt 9.024559 -5.729568
vt 3.981425 -8.946779
vt 9.537621 -6.810144
vt 4.241515 -9.704397
vt 9.928036 -7.940831
vt 10.191016 -9.107758
vt 4.373359 -10.494492
vt 10.323334 -10.296609
vt 10.323367 -11.492802
vt 4.373359 -11.295511
vt 10.191114 -12.681661
vt 4.241515 -12.085606
vt 9.928199 -13.848602
vt 9.537845 -14.979310
vt 3.981425 -12.843224
vt 9.024843 -16.059914
vt 3.600182 -13.547700
vt 8.395484 -17.077158
vt 7.657491 -18.018562
vt 3.108185 -14.179817
vt 6.819915 -18.872578
vt 2.518856 -14.722333
vt 5.893033 -19.628731
vt 1.848269 -15.160449
vt 4.888214 -20.277740
vt 3.817785 -20.811649
vt 1.114717 -15.482215
vt 2.694877 -21.223906
vt 0.338208 -15.678854
vt 1.533267 -21.509453
vt 0.347203 -21.664787
vt -0.460076 -15.745001
vt -0.848764 -21.688005
vt -1.258360 -15.678854
vt -2.039963 -21.578819
vt -3.211781 -21.338570
vt -2.034868 -15.482215
vt -4.349842 -20.970205
vt -2.768421 -15.160449
vt -5.440186 -20.478243
vt -6.469436 -19.868717
vt -3.439007 -14.722333
vt -7.424967 -19.149109
vt -4.028337 -14.179817
vt -8.295057 -18.328243
vt -9.069031 -17.416189
vt -4.520333 -13.547700
vt -9.737395 -16.424137
vt -4.901576 -12.843224
vt -10.291950 -15.364258
vt -10.725892 -14.249552
vt -5.161667 -12.085606
vt -11.033900 -13.093694
vt -5.293511 -11.295511
vt -11.212193 -11.910864
vt -11.258585 -10.715571
vt -5.293511 -10.494492
vt -11.172507 -9.522480
vt -5.161667 -9.704397
vt -10.955015 -8.346226
vt -10.608776 -7.201239
vt -4.901576 -8.946779
vt -10.138039 -6.101565
vt -4.520333 -8.242303
vt -9.548577 -5.060694
vt -8.847623 -4.091396
vt -4.028337 -7.610186
vt -8.043775 -3.205560
vt -3.439007 -7.067670
vt -7.146897 -2.414050
vt -6.490178 -1.912924
vt -2.768421 -6.629554
vt -5.793058 -1.476141
vt -5.062815 -1.101922
vt -2.034868 -6.307788
vt -4.301411 -0.786990
vt -3.517257 -0.531771
vt -2.722962 -0.336966
vt -1.258360 -6.111149
vt -1.920491 -0.200006
vt -1.110076 -0.119269
vt -0.460076 -6.045001
vt 0.189924 -0.107442
vt 0.338208 -6.111149
vt 1.107030 -0.187656
vt 2.009190 -0.340071
vt 1.114717 -6.307788
vt 2.896093 -0.566199
vt 3.766628 -0.871395
vt 1.848269 -6.629554
vt 4.610374 -1.259523
vt 5.409769 -1.730051
vt 0.189924 -0.007334
vt -0.458492 0.004877
vt -1.110079 -0.019059
vt -6.962484 56.871304
vt -6.751725 57.081810
vt -6.971058 57.514774
vt -5.898221 57.726353
vt -6.063905 58.233955
vt -4.985533 58.278473
vt -5.084735 58.843166
vt -4.025872 58.732086
vt -4.046050 59.337841
vt -3.025165 59.085770
vt -2.960602 59.714722
vt -2.332541 59.266422
vt -1.841279 59.971607
vt -1.635093 59.398968
vt -0.931729 59.484665
vt -0.701038 60.107143
vt -0.222406 59.523708
vt 0.447138 60.120663
vt 0.493357 59.514912
vt 1.206618 59.457134
vt 1.590254 60.012096
vt 1.910652 59.351978
vt 2.715325 59.781979
vt 2.605994 59.200245
vt 3.292909 59.001369
vt 3.809385 59.431499
vt 3.966617 58.755371
vt 4.859525 58.962658
vt 4.617839 58.465218
vt 5.246851 58.131165
vt 5.852956 58.378452
vt 5.853893 57.752865
vt 6.777108 57.683140
vt 6.438534 57.329704
vt 6.994871 56.865032
vt 7.619778 56.882504
vt 7.519628 56.360779
vt 8.369330 55.984112
vt 7.824359 55.949390
vt 8.030328 55.477489
vt 9.014935 54.997551
vt 8.147359 54.976273
vt 8.318231 54.254204
vt 8.185200 54.459080
vt 8.185200 52.561649
vt 8.318231 52.298717
vt 8.185200 50.664219
vt 8.318231 50.343231
vt 8.185200 48.766788
vt 8.318231 48.387745
vt 8.185200 46.869358
vt 8.949999 46.345970
vt 9.303316 46.040379
vt 10.016370 46.837357
vt 10.274186 48.016346
vt 10.398077 49.221596
vt 10.385952 50.434582
vt 10.238016 51.636497
vt 9.628921 45.702209
vt 9.956763 52.808933
vt 9.546857 53.934547
vt -7.794097 56.691776
vt -7.139033 56.629604
vt -7.395364 56.089241
vt -8.521541 55.772972
vt -7.539061 55.508739
vt -7.585040 54.910603
vt -8.320536 54.254204
vt -7.585040 52.845715
vt -8.320536 52.298717
vt -7.585040 50.780830
vt -8.320536 50.343231
vt -7.585040 48.715946
vt -8.320536 48.387745
vt -7.585040 46.651058
vt -8.320536 46.432259
vt -7.585040 44.586174
vt -8.320536 44.476776
vt -8.338867 43.415619
vt -8.989196 44.398579
vt -9.526240 45.458534
vt -9.941594 46.581741
vt -10.228546 47.752499
vt -10.382339 48.953510
vt -10.400382 50.166405
vt -10.282370 51.372379
vt -10.030295 52.552883
vt -9.648358 53.690281
vt -9.142779 54.768410
vt -7.585040 42.521290
vt -2.442615 -26.177004
vt -0.100000 -26.177006
vt -2.679027 -26.051414
vt -2.960767 -25.890844
vt -3.058509 -25.813009
vt -3.108661 -25.767151
vt -3.110031 -25.765844
vt -0.100000 -24.969250
vt -3.133785 -25.198017
vt -3.173638 -24.632343
vt -0.100000 -23.761494
vt -3.231725 -24.067453
vt -3.310077 -23.504011
vt -3.410145 -22.945301
vt -0.100000 -22.553738
vt -3.533882 -22.390387
vt -3.682586 -21.841248
vt -0.100000 -21.345982
vt -3.857243 -21.299789
vt -0.100000 -20.138226
vt -3.857243 -20.104481
vt -0.100000 -18.930470
vt -3.857243 -18.909170
vt -0.100000 -17.722713
vt -3.857243 -17.713860
vt -0.100000 -16.514957
vt -3.857243 -16.518551
vt -3.857243 -15.323241
vt -0.100000 -15.307201
vt -3.857243 -14.127931
vt -0.100000 -14.099446
vt -3.857243 -12.932621
vt -0.100000 -12.891690
vt -3.857243 -11.737312
vt -0.100000 -11.683934
vt -3.857243 -10.542002
vt -0.100000 -10.476178
vt -3.857243 -9.346692
vt -0.100000 -9.268422
vt -3.857243 -8.151383
vt -0.100000 -8.060666
vt -3.857243 -6.956073
vt -0.100000 -6.852910
vt -3.857243 -5.760763
vt -0.100000 -5.645154
vt -3.857243 -4.565453
vt -0.100000 -4.437398
vt -3.857243 -3.370144
vt -0.100000 -3.229642
vt -3.857243 -2.174834
vt -0.100000 -2.021886
vt -3.857243 -0.979524
vt -0.100000 -0.814130
vt -3.857243 0.215785
vt -0.100000 0.393626
vt -3.857243 1.411095
vt -0.100000 1.601382
vt -3.857243 2.606405
vt -0.100000 2.809138
vt -3.857243 3.801714
vt -0.100000 4.016894
vt -3.857243 4.997024
vt -0.100000 5.224650
vt -3.857243 6.192334
vt -0.100000 6.432406
vt -3.857243 7.387644
vt -0.100000 7.640162
vt -3.857243 8.582953
vt -0.100000 8.847918
vt -3.857243 9.778263
vt -0.100000 10.055674
vt -3.857243 10.973573
vt -0.100000 11.263429
vt -3.857243 12.168882
vt -0.100000 12.471185
vt -3.857243 13.364192
vt -0.100000 13.678941
vt -3.857243 14.559502
vt -0.100000 14.886697
vt -3.857243 15.754812
vt -0.100000 16.094454
vt -3.857243 16.950121
vt -0.100000 17.302210
vt -3.857243 18.145432
vt -0.100000 18.509966
vt -3.857243 19.340740
vt -0.100000 19.717722
vt -3.857243 20.536051
vt -0.100000 20.925476
vt -3.857243 21.731359
vt -0.100000 22.133232
vt -3.857243 22.926670
vt -0.100000 23.340988
vt -3.857243 24.121981
vt -0.100000 24.548744
vt -3.857243 25.317289
vt -0.100000 25.756500
vt -3.857246 26.512596
vt -3.843702 26.525419
vt -3.782276 26.580109
vt -3.686676 26.655050
vt -0.100000 26.964256
vt -3.439321 26.802303
vt -3.310319 26.875919
vt -3.188478 26.964249
vt 1.426656 14.347593
vt 1.755434 13.954241
vt 1.836954 14.453526
vt 2.114298 13.954241
vt 2.055656 14.594322
vt 2.232128 14.826534
vt 2.473161 13.954241
vt 2.342412 14.864534
vt 2.476558 14.798045
vt 2.644595 14.365751
vt 2.740186 14.699049
vt 1.005012 14.247886
vt 1.063995 13.954241
vt 1.396570 13.954241
vt 1.755434 13.043947
vt 2.114298 13.043947
vt 2.114298 12.133653
vt 2.262739 12.395582
vt 2.212115 11.948830
vt 2.173839 11.489318
vt 2.114298 11.223359
vt 2.150589 11.019403
vt 2.146196 10.539872
vt 1.755434 11.223359
vt 2.114298 10.313065
vt 1.755434 10.313065
vt 2.165976 10.052979
vt 2.114298 9.402771
vt 2.216236 9.563210
vt 2.302549 9.081408
vt 2.114298 8.492477
vt 2.429616 8.602308
vt 2.473161 7.582183
vt 2.575036 8.167659
vt 2.709493 7.775370
vt 2.804812 7.404509
vt 2.473161 6.671890
vt 2.832025 7.030592
vt 2.781955 6.657305
vt 2.684467 6.282640
vt 2.473161 5.761596
vt 2.571607 5.894820
vt 2.464406 5.475149
vt 2.114298 5.761596
vt 2.114298 4.851302
vt 1.755434 5.761596
vt 1.755434 4.851302
vt 1.396570 5.761596
vt 1.396570 4.851302
vt 1.063995 5.761596
vt 1.063995 4.851302
vt 0.731420 5.761596
vt 0.731420 4.851302
vt 0.565133 5.761596
vt 0.565133 4.851302
vt 0.398846 5.761596
vt 0.398846 4.851302
vt 0.232558 5.761596
vt 0.232558 4.851302
vt 0.072517 4.236437
vt 0.232558 3.941008
vt 0.232558 3.030714
vt 0.398846 3.030714
vt 0.398846 2.120420
vt 0.565133 2.120420
vt 0.565133 1.665273
vt 0.731420 1.665273
vt 0.731420 1.210126
vt 1.063995 1.210126
vt 0.908407 0.913095
vt 1.287972 0.840684
vt 0.731420 13.954241
vt 0.566656 14.160505
vt 0.565133 13.954241
vt 0.398846 13.954241
vt 0.565133 13.043947
vt 0.398846 13.043947
vt 0.565133 12.133653
vt 0.398846 12.133653
vt 0.565133 11.223359
vt 0.398846 11.223359
vt 0.565133 10.313065
vt 0.398846 10.313065
vt 0.565133 9.402771
vt 0.398846 9.402771
vt 0.565133 8.492477
vt 0.398846 8.492477
vt 0.565133 7.582183
vt 0.398846 7.582183
vt 0.565133 6.671890
vt 0.398846 6.671890
vt 0.232558 13.954241
vt 0.117302 14.093567
vt 0.117028 14.066930
vt 0.087975 13.236426
vt 0.232558 13.043947
vt 0.072773 12.406966
vt 0.232558 12.133653
vt 0.232558 11.223359
vt 0.066271 10.750639
vt 0.232558 10.313065
vt 0.232558 9.402771
vt 0.078923 7.468209
vt 0.232558 8.492477
vt 0.232558 6.671890
vt 0.232558 7.582183
vt 0.078250 2.633375
vt 0.232558 2.120420
vt 0.398846 1.665273
vt 0.565133 1.210126
vt 0.094465 1.834779
vt 0.232558 1.665273
vt 0.398846 1.210126
vt 0.522452 0.979629
vt 0.232558 1.210126
vt 0.128229 1.037097
vt 1.396570 1.210126
vt 1.658898 0.766064
vt 1.755434 1.210126
vt 1.755434 0.754979
vt 1.931413 0.623483
vt 2.149355 0.374300
vt 2.114298 0.754979
vt 2.114298 1.210126
vt 1.755434 1.665273
vt 1.396570 1.665273
vt 1.396570 2.120420
vt 1.063995 2.120420
vt 1.063995 3.030714
vt 0.731420 3.030714
vt 0.731420 3.941008
vt 0.565133 3.941008
vt 2.273659 0.299832
vt 2.473161 0.754979
vt 2.473161 1.210126
vt 2.114298 1.665273
vt 2.473161 1.665273
vt 2.114298 2.120420
vt 2.476347 1.854409
vt 2.406218 2.344101
vt 2.433170 0.363759
vt 2.756148 0.508841
vt 2.652664 0.936443
vt 2.559019 1.385070
vt 2.351018 2.851995
vt 2.114298 3.030714
vt 1.755434 3.030714
vt 1.755434 3.941008
vt 1.396570 3.941008
vt 2.314519 3.373431
vt 2.114298 3.941008
vt 2.301423 3.905360
vt 2.318562 4.444851
vt 2.374312 4.985903
vt 2.323576 12.826913
vt 2.393146 13.240613
vt 2.470471 13.636083
vt 2.554602 14.011774
vt 2.282077 14.863886
vt 0.731420 13.043947
vt 0.731420 12.133653
vt 0.731420 11.223359
vt 0.731420 10.313065
vt 0.731420 9.402771
vt 0.731420 8.492477
vt 0.731420 7.582183
vt 0.731420 6.671890
vt 1.063995 13.043947
vt 1.063995 12.133653
vt 1.063995 11.223359
vt 1.063995 10.313065
vt 1.063995 9.402771
vt 1.063995 8.492477
vt 1.063995 7.582183
vt 1.063995 6.671890
vt 1.396570 13.043947
vt 1.396570 12.133653
vt 1.396570 11.223359
vt 1.396570 10.313065
vt 1.396570 9.402771
vt 1.396570 8.492477
vt 1.396570 7.582183
vt 1.396570 6.671890
vt 1.755434 12.133653
vt 1.755434 9.402771
vt 1.755434 8.492477
vt 1.755434 7.582183
vt 1.755434 6.671890
vt 2.114298 6.671890
vt 2.114298 7.582183
vt 1.063995 3.941008
vt 0.398846 3.941008
vt 0.565133 3.030714
vt 0.731420 2.120420
vt 1.063995 1.665273
vt 1.396570 3.030714
vt 1.755434 2.120420
vt -17.079981 4.193933
vt -13.364844 8.569885
vt -19.036455 3.932464
vt -13.585383 9.451470
vt -13.695446 10.353533
vt -13.037200 7.722253
vt -15.111028 4.333207
vt -12.607460 6.921532
vt -12.082193 6.179962
vt -13.137227 4.349746
vt -11.469429 5.508881
vt -11.166218 4.243486
vt -10.778534 4.918546
vt -10.020072 4.417981
vt -9.205635 4.014840
vt -13.693350 11.262283
vt 0.452965 13.341257
vt 0.656416 13.488671
vt 0.498755 13.960301
vt 0.950251 13.520531
vt 1.214867 14.007954
vt 1.279129 13.428283
vt 2.163065 13.440887
vt 1.574195 13.224232
vt 1.700128 13.068104
vt 2.163065 12.873820
vt 1.783020 12.900686
vt 1.811278 12.695998
vt 2.163065 12.306753
vt 1.760959 12.516537
vt 1.641664 12.380250
vt 1.468268 12.299537
vt 2.163065 12.269045
vt 3.111263 12.306753
vt 3.111263 12.256207
vt 4.059460 12.306753
vt 4.059460 12.243369
vt 5.955856 12.306753
vt 5.955856 12.217694
vt 7.852251 12.306753
vt 7.852251 12.192018
vt 9.784551 12.306753
vt 9.784551 12.165857
vt 11.716851 12.306753
vt 11.716851 12.139695
vt 13.231523 12.322233
vt 13.352454 12.117551
vt 11.716851 11.739686
vt 13.531191 11.964661
vt 13.649150 11.739686
vt 13.746596 11.881404
vt 14.035300 11.895619
vt 13.649150 11.172619
vt 15.558535 10.670939
vt 13.649150 10.605552
vt 13.649150 10.038485
vt 11.716851 10.605552
vt 11.716851 10.038485
vt 9.784551 10.605552
vt 9.784551 10.038485
vt 7.852251 10.605552
vt 7.852251 10.038485
vt 5.955856 10.605552
vt 5.955856 10.038485
vt 4.059460 10.605552
vt 4.059460 10.038485
vt 3.111263 10.605552
vt 3.111263 10.038485
vt 2.163065 10.605552
vt 2.163065 10.038485
vt 1.214867 10.605552
vt 1.214867 10.038485
vt 0.317430 10.572719
vt 0.296703 9.795939
vt 1.258784 12.281288
vt 1.214867 11.739686
vt 2.163065 11.739686
vt 2.163065 11.172619
vt 3.111263 11.172619
vt 0.379814 12.114106
vt 1.032598 12.327193
vt 0.810838 12.433839
vt 0.615901 12.591755
vt 0.503723 12.732501
vt 0.423013 12.882703
vt 0.344893 11.345341
vt 1.214867 11.172619
vt 1.214867 9.471419
vt 0.281827 9.026097
vt 1.214867 8.904352
vt 0.271824 8.258512
vt 1.214867 8.337285
vt 1.214867 7.770218
vt 2.163065 7.770218
vt 2.163065 7.203151
vt 3.111263 7.203151
vt 3.111263 6.636084
vt 4.059460 6.636084
vt 4.059460 6.069017
vt 5.955856 6.069017
vt 5.955856 5.501950
vt 7.852251 5.501950
vt 7.852251 4.881667
vt 9.784551 4.881667
vt 9.784551 4.261385
vt 11.716851 4.261385
vt 11.716851 3.641102
vt 13.649150 3.641102
vt 13.649150 3.020820
vt 13.732550 3.032366
vt 13.525368 2.948838
vt 11.716851 3.020820
vt 13.355032 2.801385
vt 13.240502 2.606641
vt 11.716851 2.400537
vt 13.195039 2.386757
vt 13.252536 2.107249
vt 11.716851 1.780254
vt 13.424333 1.881471
vt 11.716851 1.719063
vt 13.649150 1.733764
vt 13.649150 1.159972
vt 13.972184 1.736222
vt 15.477556 1.038257
vt 14.190795 1.817477
vt 14.368787 1.965764
vt 14.484813 2.163495
vt 14.525743 2.386757
vt 15.567549 4.208940
vt 14.458409 2.669483
vt 14.278715 2.896191
vt 14.021310 3.025503
vt 0.266670 7.486434
vt 1.214867 7.203151
vt 2.163065 6.636084
vt 3.111263 6.069017
vt 4.059460 5.501950
vt 5.955856 4.881667
vt 7.852251 4.261385
vt 9.784551 3.641102
vt 0.266902 6.714803
vt 1.214867 6.636084
vt 2.163065 6.069017
vt 3.111263 5.501950
vt 4.059460 4.881667
vt 5.955856 4.261385
vt 7.852251 3.641102
vt 9.784551 3.020820
vt 1.214867 6.069017
vt 0.271877 5.947223
vt 1.214867 5.501950
vt 0.281640 5.176281
vt 1.214867 4.881667
vt 0.296910 4.396916
vt 1.214867 4.261385
vt 0.318329 3.617995
vt 1.214867 3.641102
vt 1.214867 3.020820
vt 2.163065 3.020820
vt 2.163065 2.400537
vt 3.111263 2.400537
vt 3.111263 1.780254
vt 4.059460 1.780254
vt 4.059460 1.660803
vt 5.955856 1.675231
vt 5.955856 1.159972
vt 7.852251 1.159972
vt 8.037784 0.808702
vt 9.784551 1.159972
vt 11.770472 0.932128
vt 11.716851 1.159972
vt 0.346645 2.843381
vt 1.221203 2.712521
vt 1.431489 2.697405
vt 0.382928 2.069261
vt 0.498637 2.250824
vt 0.599265 2.390623
vt 0.783082 2.552042
vt 0.427815 1.301249
vt 0.399889 1.902330
vt 0.429638 2.102612
vt 0.481949 0.539689
vt 1.214867 1.159972
vt 0.940542 1.488004
vt 0.729143 1.507645
vt 4.275011 0.674343
vt 2.163065 1.159972
vt 1.171480 1.533200
vt 1.397126 1.640547
vt 2.163065 1.646374
vt 1.590557 1.800380
vt 2.163065 1.780254
vt 1.699098 1.946863
vt 1.769174 2.102612
vt 1.790222 2.305852
vt 1.733311 2.484194
vt 1.608497 2.618961
vt 4.059460 1.159972
vt 3.111263 1.159972
vt 3.111263 1.653588
vt 15.581450 7.415484
vt 13.649150 5.501950
vt 13.649150 4.881667
vt 13.649150 4.261385
vt 11.716851 4.881667
vt 13.649150 8.904352
vt 13.649150 8.337285
vt 13.649150 7.770218
vt 11.716851 8.337285
vt 11.716851 7.770218
vt 9.784551 8.337285
vt 9.784551 7.770218
vt 7.852251 8.337285
vt 7.852251 7.770218
vt 5.955856 8.337285
vt 5.955856 7.770218
vt 4.059460 8.337285
vt 4.059460 7.770218
vt 3.111263 8.337285
vt 3.111263 7.770218
vt 2.163065 8.337285
vt 15.518628 12.311185
vt 14.291002 12.032082
vt 14.469635 12.265374
vt 14.537828 12.554843
vt 14.495218 12.790655
vt 14.374074 12.998219
vt 15.408173 13.955750
vt 14.188394 13.152461
vt 13.960901 13.234575
vt 13.649150 13.440887
vt 13.666392 13.214877
vt 11.716851 13.440887
vt 11.716851 12.873820
vt 9.784551 13.440887
vt 9.784551 12.873820
vt 7.852251 13.440887
vt 7.852251 12.873820
vt 5.955856 13.440887
vt 5.955856 12.873820
vt 4.059460 13.440887
vt 4.059460 12.873820
vt 3.111263 13.440887
vt 3.111263 12.873820
vt 13.649150 14.007954
vt 15.407675 13.960804
vt 15.407369 13.965873
vt 15.407255 13.970952
vt 11.747117 14.100197
vt 11.716851 14.007954
vt 9.784551 14.007954
vt 8.053199 14.253159
vt 7.852251 14.007954
vt 5.955856 14.007954
vt 4.320051 14.417738
vt 4.059460 14.007954
vt 3.111263 14.007954
vt 2.163065 14.007954
vt 0.550680 14.575021
vt 13.240260 12.842094
vt 13.182954 12.554843
vt 13.411291 13.075485
vt 13.679609 1.749509
vt 0.997851 2.662767
vt 0.558137 1.589341
vt 0.444489 1.725231
vt 13.649150 6.636084
vt 13.649150 7.203151
vt 3.111263 11.739686
vt 4.059460 11.739686
vt 5.955856 11.739686
vt 7.852251 11.739686
vt 9.784551 11.739686
vt 4.059460 11.172619
vt 5.955856 11.172619
vt 7.852251 11.172619
vt 9.784551 11.172619
vt 11.716851 11.172619
vt 2.163065 9.471419
vt 2.163065 8.904352
vt 3.111263 9.471419
vt 3.111263 8.904352
vt 4.059460 9.471419
vt 4.059460 8.904352
vt 5.955856 9.471419
vt 5.955856 8.904352
vt 7.852251 9.471419
vt 7.852251 8.904352
vt 9.784551 9.471419
vt 9.784551 8.904352
vt 11.716851 9.471419
vt 11.716851 8.904352
vt 13.649150 9.471419
vt 4.059460 7.203151
vt 5.955856 7.203151
vt 7.852251 7.203151
vt 9.784551 7.203151
vt 11.716851 7.203151
vt 5.955856 6.636084
vt 7.852251 6.636084
vt 9.784551 6.636084
vt 11.716851 6.636084
vt 13.649150 6.069017
vt 11.716851 6.069017
vt 9.784551 6.069017
vt 7.852251 6.069017
vt 11.716851 5.501950
vt 9.784551 5.501950
vt 2.163065 5.501950
vt 2.163065 4.881667
vt 2.163065 4.261385
vt 2.163065 3.641102
vt 3.111263 4.881667
vt 4.059460 4.261385
vt 5.955856 3.641102
vt 7.852251 3.020820
vt 9.784551 2.400537
vt 3.111263 4.261385
vt 3.111263 3.641102
vt 3.111263 3.020820
vt 4.059460 3.641102
vt 5.955856 3.020820
vt 7.852251 2.400537
vt 9.784551 1.780254
vt 4.059460 3.020820
vt 4.059460 2.400537
vt 5.955856 2.400537
vt 7.852251 1.780254
vt 9.784551 1.704361
vt 5.955856 1.780254
vt 7.852251 1.689659
vt -8.348989 3.522954
vt -8.731278 3.883750
vt -8.828674 3.528196
vt -9.128896 3.934836
vt -9.069119 3.490494
vt -9.281679 3.372234
vt -9.524322 4.023696
vt -9.453094 3.200205
vt -9.584736 2.995335
vt -9.929651 4.120011
vt -9.745335 2.538080
vt -9.794639 2.055704
vt -10.365663 4.202496
vt -10.569371 0.000000
vt -10.873831 4.255259
vt -11.354686 0.000000
vt -11.438933 4.257363
vt -12.007809 4.204880
vt -8.332132 3.898858
vt -8.109239 3.480093
vt -7.939341 3.972496
vt -7.897618 3.357423
vt -7.727412 3.182311
vt -7.529359 4.076895
vt -7.596710 2.975277
vt -7.437086 2.515439
vt -7.387851 2.030655
vt -7.080849 4.183696
vt -6.522897 0.000000
vt -6.590072 4.262710
vt -6.096662 4.293546
vt -5.651565 0.000000
vt -5.592411 4.277552
vt -5.086549 4.218753
vt -4.763717 0.000000
vt -4.582509 4.121483
vt -4.082247 3.989136
vt -3.849896 0.000000
vt -3.586747 3.823542
vt -2.914784 0.000000
vt -3.099029 3.625955
vt -2.622839 3.397740
vt -1.959124 0.000000
vt -2.161774 3.139896
vt -1.717977 2.852737
vt -1.294905 2.537514
vt -0.989432 0.000000
vt -0.896685 2.196420
vt -0.524333 1.829577
vt -0.509756 1.817668
vt -0.500839 1.813866
vt -0.491031 1.812623
vt -0.472183 1.817836
vt -0.453955 1.830174
vt -0.353497 1.944328
vt -0.000000 2.342615
vt -7.387851 0.500000
vt -7.387851 0.416667
vt -7.387851 0.333333
vt -7.387851 0.250000
vt -7.387851 0.166667
vt -7.387851 0.083333
vt -7.387852 0.000000
vt -12.151473 0.000000
vt -12.574994 4.103400
vt -12.955529 0.000000
vt -13.137266 3.956810
vt -13.690587 3.767140
vt -13.764324 0.000000
vt -14.228530 3.536692
vt -14.582254 0.000000
vt -14.746894 3.266384
vt -15.242991 2.956273
vt -15.414244 0.000000
vt -15.713781 2.606416
vt -15.721458 2.601399
vt -15.730296 2.598417
vt -15.739746 2.598092
vt -15.748965 2.600120
vt -15.785414 2.622379
vt -16.266081 0.000000
vt -15.891601 2.724992
vt -16.266081 3.088478
vt -9.794636 0.000000
vt -9.794639 0.100000
vt -9.794639 0.200000
vt -9.794639 0.300000
vt -9.794639 0.400000
vt -9.794639 0.500000
vt 16.458578 -21.807331
vt 1.000000 -22.743580
vt 16.458578 -22.776546
vt 16.458578 22.776546
vt 1.000000 22.809513
vt 1.000000 21.846928
vt 16.458578 21.807331
vt 1.000000 20.884342
vt 16.458578 20.838118
vt 1.000000 19.921757
vt 16.458578 19.868902
vt 1.000000 18.959171
vt 16.458578 18.899689
vt 1.000000 17.996586
vt 16.458578 17.930473
vt 1.000000 17.034000
vt 16.458578 16.961258
vt 1.000000 16.071415
vt 16.458578 15.992043
vt 1.000000 15.108829
vt 16.458578 15.022829
vt 1.000000 14.146244
vt 16.458578 14.053614
vt 1.000000 13.183659
vt 16.458578 13.084399
vt 1.000000 12.221073
vt 16.458578 12.115184
vt 1.000000 11.258488
vt 16.458578 11.145970
vt 1.000000 10.295902
vt 16.458578 10.176755
vt 1.000000 9.333317
vt 16.458578 9.207540
vt 1.000000 8.370731
vt 16.458578 8.238325
vt 1.000000 7.408146
vt 16.458578 7.269111
vt 1.000000 6.445560
vt 16.458578 6.299896
vt 1.000000 5.482975
vt 16.458578 5.330681
vt 1.000000 4.520389
vt 16.458578 4.361466
vt 7.053373 3.713483
vt 10.081722 3.699948
vt 1.000000 -21.780994
vt 16.458578 -20.838118
vt 1.000000 -20.818409
vt 16.458578 -19.868902
vt 1.000000 -19.855824
vt 16.458578 -18.899689
vt 1.000000 -18.893238
vt 16.458578 -17.930473
vt 1.000000 -17.930653
vt 1.000000 -16.968067
vt 16.458578 -16.961258
vt 1.000000 -16.005482
vt 16.458578 -15.992043
vt 7.062760 -15.273915
vt 10.096691 -15.239991
vt 11.612491 -15.187967
vt 12.369671 -15.140294
vt 16.458578 -15.022829
vt 13.125707 -15.058244
vt 13.201824 -15.031990
vt 13.268460 -14.986414
vt 13.382068 -14.872445
vt 13.572485 -14.615374
vt 16.458578 -14.053614
vt 13.885380 -14.057640
vt 14.108351 -13.464901
vt 16.458578 -13.084399
vt 14.175031 -13.152782
vt 14.200000 -12.830605
vt 16.458578 -12.115184
vt 14.200000 -12.350689
vt 14.200000 -11.870772
vt 14.200000 -11.390856
vt 16.458578 -11.145970
vt 14.204843 -11.024343
vt 14.216626 -10.392453
vt 16.458578 -10.176755
vt 14.218719 -9.761953
vt 16.458578 -9.207540
vt 14.208717 -9.134191
vt 14.200000 -8.504400
vt 16.458578 -8.238325
vt 14.200000 -7.607440
vt 16.458578 -7.269111
vt 14.200000 -6.710480
vt 16.458578 -6.299896
vt 14.200000 -5.813519
vt 16.458578 -5.330681
vt 14.200000 -4.916559
vt 16.458578 -4.361466
vt 14.200000 -4.019599
vt 16.458578 -3.392252
vt 14.200000 -3.122639
vt 16.458578 -2.423037
vt 14.200000 -2.225679
vt 16.458578 -1.453822
vt 14.200000 -1.328719
vt 16.458578 -0.484607
vt 14.200000 -0.431758
vt 16.458578 0.484607
vt 14.200000 0.465202
vt 14.177011 0.893645
vt 16.458578 1.453822
vt 14.115740 1.315460
vt 14.023953 1.733251
vt 16.458578 2.423037
vt 13.906782 2.146642
vt 13.607851 2.947459
vt 16.458578 3.392252
vt 13.413412 3.331393
vt 13.288823 3.507057
vt 13.209198 3.579919
vt 13.161734 3.605844
vt 13.108990 3.617957
vt 1.000000 -15.042896
vt 1.755599 -15.127379
vt 2.512569 -15.177987
vt 4.028362 -15.233473
vt 1.000000 3.557804
vt 2.511859 3.654524
vt 4.025256 3.691352
vt 13.292893 0.000000
vt 13.228496 0.879852
vt 13.228496 -0.879852
vt 13.036678 1.740952
vt 13.036678 -1.740952
vt 12.721527 2.564947
vt 12.289760 3.334274
vt 11.750579 4.032536
vt 12.721527 -2.564947
vt 11.115476 4.644853
vt 10.397987 5.158172
vt 9.613404 5.561554
vt 8.778449 5.846401
vt 7.910919 6.006642
vt 7.029301 6.038862
vt 6.152388 5.942374
vt 5.298868 5.719234
vt 4.486933 5.374200
vt 3.733889 4.914623
vt 3.055784 4.350300
vt 2.467071 3.693257
vt 1.980299 2.957500
vt 1.605840 2.158708
vt 1.351678 1.313907
vt 1.223228 0.441103
vt 1.223228 -0.441103
vt 1.351678 -1.313907
vt 1.605840 -2.158708
vt 1.980299 -2.957500
vt 12.289760 -3.334274
vt 2.467071 -3.693257
vt 11.750579 -4.032536
vt 3.055784 -4.350300
vt 11.115476 -4.644853
vt 3.733889 -4.914623
vt 10.397987 -5.158172
vt 4.486933 -5.374200
vt 9.613404 -5.561554
vt 5.298868 -5.719234
vt 8.778449 -5.846401
vt 6.152388 -5.942374
vt 7.910919 -6.006642
vt 7.029301 -6.038862
vt 0.500000 0.100000
vt 1.000000 0.100000
vt 0.500000 1.292034
vt 1.000000 1.292034
vt -22.246386 -3.400000
vt -22.246387 -3.384227
vt -22.950102 -3.400000
vt -22.246389 -3.368473
vt -22.246391 -3.352737
vt -22.246393 -3.337017
vt -22.246395 -3.321313
vt -22.246395 -3.305624
vt -22.246397 -3.289950
vt -22.246399 -3.274288
vt -22.246399 -3.243000
vt -22.246399 -3.211754
vt -22.246397 -3.149357
vt -22.246393 -3.087038
vt -22.246389 -3.024739
vt -22.246386 -2.899965
vt -22.950102 -2.207966
vt -22.246386 -1.369310
vt 22.225368 -1.344261
vt 22.225368 -2.899965
vt 22.950102 -2.207966
vt 22.950102 -3.400000
vt 22.225372 -3.024764
vt 22.225374 -3.087085
vt 22.225378 -3.149423
vt 22.225380 -3.211832
vt 22.225380 -3.243079
vt 22.225380 -3.274362
vt 22.225378 -3.305690
vt 22.225376 -3.321372
vt 22.225374 -3.337068
vt 22.225374 -3.352777
vt 22.225372 -3.368502
vt 22.225368 -3.384243
vt 22.225367 -3.400000
vt 0.500000 2.392575
vt 0.500000 0.181985
vt 1.000000 2.385732
vt 1.000000 0.181985
vt 2.550096 -18.194426
vt 2.550103 -17.448738
vt 2.115628 -17.860474
vt 1.718538 -17.483755
vt 2.093540 -16.698769
vt 2.550103 -16.703054
vt 2.550103 -15.957370
vt -4.900000 14.137167
vt -0.100000 14.137167
vt -4.900000 14.922565
vt -0.100000 14.922565
vt -4.900000 -14.922565
vt -0.100000 -14.922565
vt -4.900000 -14.137167
vt -0.100000 -14.137167
vt -4.900000 -13.351769
vt -0.100000 -13.351769
vt -4.900000 -12.566371
vt -0.100000 -12.566371
vt -4.900000 -11.780972
vt -0.100000 -11.780972
vt -4.900000 -10.995574
vt -0.100000 -10.995574
vt -4.900000 -10.210176
vt -0.100000 -10.210176
vt -4.900000 -9.424778
vt -0.100000 -9.424778
vt -4.900000 -8.639380
vt -0.100000 -8.639380
vt -4.900000 -7.853982
vt -0.100000 -7.853982
vt -4.900000 -7.068583
vt -0.100000 -7.068583
vt -4.900000 -6.283185
vt -0.100000 -6.283185
vt -4.900000 -5.497787
vt -0.100000 -5.497787
vt -4.900000 -4.712389
vt -0.100000 -4.712389
vt -4.900000 -3.926991
vt -0.100000 -3.926991
vt -4.900000 -3.141593
vt -0.100000 -3.141593
vt -4.900000 -2.356194
vt -0.100000 -2.356194
vt -4.900000 -1.570796
vt -0.100000 -1.570796
vt -4.900000 -0.785398
vt -0.100000 -0.785398
vt -4.900000 0.000000
vt -0.100000 0.000000
vt -4.900000 0.785398
vt -0.100000 0.785398
vt -4.900000 1.570796
vt -0.100000 1.570796
vt -4.900000 2.356194
vt -0.100000 2.356194
vt -4.900000 3.141593
vt -0.100000 3.141593
vt -4.900000 3.926991
vt -0.100000 3.926991
vt -4.900000 4.712389
vt -0.100000 4.712389
vt -4.900000 5.497787
vt -0.100000 5.497787
vt -4.900000 6.283185
vt -0.100000 6.283185
vt -4.900000 7.068583
vt -0.100000 7.068583
vt -4.900000 7.853982
vt -0.100000 7.853982
vt -4.900000 8.639380
vt -0.100000 8.639380
vt -4.900000 9.424778
vt -0.100000 9.424778
vt -4.900000 10.210176
vt -0.100000 10.210176
vt -4.900000 10.995574
vt -0.100000 10.995574
vt -4.900000 11.780972
vt -0.100000 11.780972
vt -4.900000 12.566371
vt -0.100000 12.566371
vt -4.900000 13.351769
vt -0.100000 13.351769
vt 0.765365 4.586580
vt -0.000000 4.650000
vt 3.892824 -2.543309
vt -0.765365 4.586580
vt -1.509853 4.398050
vt -2.213155 4.089553
vt -2.856089 3.669503
vt -3.421116 3.149359
vt -3.892824 2.543309
vt -4.258346 1.867884
vt -4.507711 1.141508
vt -4.634118 0.383994
vt -4.634118 -0.383994
vt 3.421116 -3.149359
vt -4.507711 -1.141508
vt -4.258346 -1.867884
vt -3.892824 -2.543309
vt -3.421116 -3.149359
vt 2.856089 -3.669503
vt -2.856089 -3.669503
vt 2.213155 -4.089553
vt -2.213155 -4.089553
vt 1.509853 -4.398050
vt -1.509853 -4.398050
vt 0.765365 -4.586580
vt -0.765365 -4.586580
vt -0.000000 -4.650000
vt 4.258346 -1.867884
vt 3.892824 2.543309
vt 3.421116 3.149359
vt 2.856089 3.669503
vt 4.258346 1.867884
vt 4.507711 -1.141508
vt 4.507711 1.141508
vt 4.634118 -0.383994
vt 4.634118 0.383994
vt 2.213155 4.089553
vt 1.509853 4.398050
vt 4.900000 0.692998
vt 0.000000 0.692998
vt 4.900000 0.000000
vt 4.900000 -0.692998
vt 0.000000 -0.692998
vt 4.900000 -1.385997
vt 0.000000 -1.385997
vt 4.900000 -2.078995
vt 0.000000 -2.078995
vt 4.900000 -2.771994
vt 0.000000 -2.771994
vt 4.900000 -3.464992
vt 0.000000 -3.464992
vt 4.900000 -4.157990
vt 0.000000 -4.157990
vt 4.900000 -4.850989
vt 0.000000 -4.850989
vt 4.900000 -5.543987
vt 0.000000 -5.543987
vt 4.900000 -6.236985
vt 0.000000 -6.236985
vt 4.900000 -6.929984
vt 0.000000 -6.929984
vt 4.900000 -7.622982
vt 0.000000 -7.622982
vt 4.900000 -8.315981
vt 0.000000 -8.315981
vt 4.900000 -9.008979
vt 0.000000 -9.008979
vt 4.900000 -9.701977
vt 0.000000 -9.701977
vt 4.900000 -10.394976
vt 0.000000 -10.394976
vt 4.900000 -11.087974
vt 0.000000 -11.087974
vt 4.900000 -11.780972
vt 0.000000 -11.780972
vt 4.900000 11.780972
vt 0.000000 11.780972
vt 4.900000 11.087974
vt 0.000000 11.087974
vt 4.900000 10.394976
vt 0.000000 10.394976
vt 4.900000 9.701977
vt -0.000000 9.701977
vt 4.900000 9.008979
vt -0.000000 9.008979
vt 4.900000 8.315981
vt -0.000000 8.315981
vt 4.900000 7.622982
vt -0.000000 7.622982
vt 4.900000 6.929984
vt 0.000000 6.929984
vt 4.900000 6.236985
vt -0.000000 6.236985
vt 4.900000 5.543987
vt 0.000000 5.543987
vt 4.900000 4.850989
vt 0.000000 4.850989
vt 4.900000 4.157990
vt 0.000000 4.157990
vt 4.900000 3.464992
vt 0.000000 3.464992
vt 4.900000 2.771994
vt 0.000000 2.771994
vt 4.900000 2.078995
vt 0.000000 2.078995
vt 4.900000 1.385997
vt 0.000000 1.385997
vt 3.686149 0.689061
vt -3.686149 0.689061
vt 3.750000 0.000000
vt -3.750000 0.000000
vt 3.686149 -0.689061
vt -3.686149 -0.689061
vt 3.496771 -1.354656
vt -3.496771 -1.354656
vt 3.188314 -1.974121
vt -3.188314 -1.974121
vt 2.771283 -2.526359
vt -2.771283 -2.526359
vt 2.259880 -2.992565
vt -2.259880 -2.992565
vt 1.671519 -3.356862
vt -1.671519 -3.356862
vt 1.026236 -3.606846
vt -1.026236 -3.606846
vt 0.346006 -3.734003
vt -0.346006 -3.734003
vt -3.496771 1.354656
vt 3.496771 1.354656
vt -3.188314 1.974121
vt 3.188314 1.974121
vt -2.771283 2.526359
vt 2.771283 2.526359
vt -2.259880 2.992565
vt 2.259880 2.992565
vt -1.671519 3.356862
vt 1.671519 3.356862
vt -1.026236 3.606846
vt 1.026236 3.606846
vt -0.346006 3.734003
vt 0.346006 3.734003
vt -0.000000 0.117810
vt -0.524985 0.117810
vt 0.000000 0.353429
vt -0.524985 0.353429
vt -0.000000 0.235619
vt -0.000000 0.589049
vt -0.524985 0.589049
vt -0.000000 0.471239
vt -0.000000 -0.589049
vt -0.524985 -0.589049
vt -0.000000 -0.706858
vt 0.000000 -0.353429
vt -0.524985 -0.353429
vt -0.000000 -0.471239
vt -0.000000 -0.117810
vt -0.524985 -0.117810
vt 0.000000 -0.235619
vt -0.000000 0.706858
vt -0.524985 0.706858
vt -0.524985 0.235619
vt -0.524985 -0.235619
vt -0.524985 0.471239
vt -0.524985 0.000000
vt -0.524985 -0.471239
vt -0.100000 0.235619
vt -1.000000 0.235619
vt -1.000000 0.000000
vt -0.100000 -0.235619
vt -1.000000 -0.235619
vt -0.100000 -0.471239
vt -1.000000 -0.471239
vt -0.100000 -0.706858
vt -1.000000 -0.706858
vt -0.100000 -0.942478
vt -1.000000 -0.942478
vt -0.100000 -1.178097
vt -1.000000 -1.178097
vt -0.100000 -1.413717
vt -1.000000 -1.413717
vt -0.100000 1.413717
vt -1.000000 1.413717
vt -0.100000 1.178097
vt -1.000000 1.178097
vt -0.100000 0.942478
vt -1.000000 0.942478
vt -0.100000 0.706858
vt -1.000000 0.706858
vt -0.100000 0.471239
vt -1.000000 0.471239
vt 2.903676 0.000000
vt 2.909861 0.001975
vt 2.055129 0.000000
vt 2.916067 0.003903
vt 2.922293 0.005786
vt 3.170153 0.037888
vt 2.999937 0.130069
vt 2.091713 0.130069
vt 1.183489 0.130069
vt 1.208615 0.000000
vt 0.275265 0.130069
vt 0.363679 0.000000
vt -0.479772 0.000000
vt -0.632959 0.130069
vt -1.321114 0.000000
vt -1.541183 0.130069
vt -2.161858 0.000001
vt -2.449407 0.130069
vt -3.003732 0.000002
vt -3.357631 0.130069
vt -3.845711 0.000000
vt -4.265855 0.130069
vt -4.687481 0.000000
vt -5.174080 0.130069
vt -5.530841 0.000000
vt -6.082304 0.130069
vt -6.375932 0.000002
vt -6.990528 0.130069
vt -7.220942 0.000000
vt -7.898752 0.130069
vt -8.070649 0.000000
vt -8.806976 0.130069
vt -8.925404 0.000002
vt -9.715200 0.130069
vt -9.775110 0.000001
vt -10.623424 0.000000
vt -10.623424 0.174363
vt -9.715200 0.260138
vt -10.623424 0.345913
vt -9.715200 0.390207
vt -10.623424 0.520277
vt -9.584105 0.520276
vt -8.806976 0.390207
vt -8.537126 0.520273
vt -7.898752 0.390207
vt -7.488932 0.520276
vt -6.990528 0.390207
vt -6.446675 0.520277
vt -6.082304 0.390207
vt -5.745842 0.520276
vt -5.174080 0.390207
vt -5.045436 0.520273
vt -4.265855 0.390207
vt -4.344484 0.520276
vt -3.643288 0.520276
vt -3.357631 0.390207
vt -2.941815 0.520276
vt -2.449407 0.390207
vt -2.240222 0.520276
vt -1.541183 0.390207
vt -1.538636 0.520258
vt -0.837057 0.520277
vt -0.632959 0.390207
vt -0.135498 0.520275
vt 0.275265 0.390207
vt 0.566305 0.520276
vt 1.183489 0.390207
vt 1.268587 0.520276
vt 2.091713 0.390207
vt 1.971412 0.520276
vt 2.674756 0.520276
vt 2.999937 0.390207
vt 3.378234 0.520275
vt 3.908161 0.390207
vt 4.082358 0.520275
vt 4.791296 0.345731
vt 4.791296 0.520277
vt 3.908161 0.130069
vt 3.409466 0.000000
vt 4.097780 0.000001
vt 4.791296 0.000000
vt 4.791296 0.174545
vt 3.908161 0.260138
vt 2.999937 0.260138
vt 2.091713 0.260138
vt 1.183489 0.260138
vt 0.275265 0.260138
vt -0.632959 0.260138
vt -1.541183 0.260138
vt -2.449407 0.260138
vt -3.357631 0.260138
vt -4.265855 0.260138
vt -5.174080 0.260138
vt -6.082304 0.260138
vt -6.990528 0.260138
vt -7.898752 0.260138
vt -8.806976 0.260138
vt 19.220745 0.267050
vt 19.611956 0.000007
vt 20.500294 0.164429
vt 28.691170 0.000000
vt 24.906662 0.164429
vt 26.225634 0.164429
vt 24.906662 0.328858
vt 26.225634 0.328858
vt 24.906662 0.493288
vt 26.225634 0.493288
vt 24.906662 0.657717
vt 26.225634 0.657717
vt 24.906662 0.822146
vt 26.225634 0.822146
vt 24.906662 0.986575
vt 26.225634 0.986575
vt 24.906662 1.151005
vt 26.225634 1.151005
vt 24.904930 1.315434
vt 28.285332 1.315434
vt 31.547934 1.164804
vt 31.624712 1.228255
vt 29.063417 0.195357
vt 29.441280 0.362515
vt 30.213692 0.651648
vt 30.988394 0.919068
vt 31.369398 1.069275
vt 31.653334 1.268248
vt 31.667126 1.315434
vt 21.525499 1.315434
vt 20.500294 1.151005
vt 20.500294 0.986575
vt 20.500294 0.822146
vt 20.500294 0.657717
vt 20.500294 0.493288
vt 20.500294 0.328858
vt 18.146200 1.315434
vt 18.298328 1.082045
vt 18.469330 0.884588
vt 18.837240 0.553067
vt 32.437653 1.253499
vt 33.379524 1.096812
vt 35.692753 1.253498
vt 33.379524 0.940125
vt 35.427216 0.858198
vt 33.379524 0.783437
vt 33.379524 0.626677
vt 32.459862 0.783437
vt 32.459862 0.626640
vt 29.004753 0.783437
vt 29.004753 0.626502
vt 25.549648 0.783437
vt 25.549648 0.626364
vt 22.658257 0.775834
vt 22.650330 0.626249
vt 32.459862 1.096812
vt 29.183052 1.253498
vt 29.004753 1.096812
vt 25.927208 1.253499
vt 25.549648 1.096812
vt 22.669111 1.253499
vt 22.667776 1.085941
vt 25.549648 0.940125
vt 22.664110 0.927491
vt 22.640659 0.477582
vt 25.549648 0.470063
vt 29.004753 0.470063
vt 29.004753 0.313375
vt 32.459862 0.313375
vt 32.459862 0.156688
vt 33.379524 0.156688
vt 34.499516 0.000012
vt 34.818523 0.259506
vt 22.629469 0.325572
vt 25.549648 0.313375
vt 29.004753 0.156688
vt 28.551825 0.000002
vt 22.617176 0.167919
vt 25.549648 0.156688
vt 22.604122 0.000000
vt 33.379524 0.313375
vt 35.129570 0.538578
vt 33.379524 0.470063
vt 29.004753 0.940125
vt 32.459862 0.940125
vt 32.459862 0.470063
vt -2.837966 1.054814
vt -3.129471 1.054832
vt -2.755069 0.791124
vt -3.129471 0.701320
vt -2.755069 0.527416
vt -3.129471 0.353512
vt -2.755069 0.263708
vt -3.129471 0.000000
vt -2.878523 0.000008
vt -2.629002 0.000000
vt -2.130221 0.000000
vt -2.380667 0.263708
vt -1.631441 0.000000
vt -2.006265 0.263708
vt -1.631863 0.263708
vt -2.006265 0.527416
vt -1.631863 0.527416
vt -2.006265 0.791124
vt -1.631863 0.791124
vt -2.070336 1.054830
vt -1.594973 1.054831
vt -1.132661 0.783686
vt -1.132661 1.054832
vt -1.132661 0.000000
vt -1.132661 0.271146
vt -1.132661 0.527416
vt -2.380667 0.791124
vt -2.569783 1.054832
vt -2.380667 0.527416
vt -2.901623 1.083931
vt -3.319432 1.083931
vt -3.110496 0.812940
vt -3.319432 0.720288
vt -3.110496 0.541952
vt -3.319432 0.363643
vt -3.110496 0.270973
vt -3.319432 0.000000
vt -2.859006 -0.000002
vt -2.438628 -0.000003
vt -2.692624 0.270973
vt -2.901560 0.270973
vt -2.037286 -0.000001
vt -2.274752 0.270973
vt -2.483688 0.270973
vt -2.692624 0.541956
vt -2.901560 0.541954
vt -2.901560 0.812940
vt -1.647945 0.000000
vt -1.856881 0.270973
vt -2.065817 0.270973
vt -2.274752 0.541960
vt -2.483688 0.541958
vt -2.483688 0.812940
vt -2.692624 0.812940
vt -2.483815 1.083931
vt -1.647945 0.278406
vt -1.856881 0.541964
vt -2.065817 0.541962
vt -2.065817 0.812940
vt -2.274752 0.812940
vt -2.066006 1.083930
vt -1.647945 0.541965
vt -1.647945 0.805525
vt -1.856881 0.812940
vt -1.647945 1.083931
vt 2.901961 53.900356
vt 2.901961 55.929325
vt 2.569170 54.190208
vt 2.595116 55.929325
vt 2.288271 55.929325
vt 2.236379 54.190208
vt 1.981426 55.929325
vt 1.903588 54.190208
vt 1.763359 55.302963
vt 1.775069 54.671585
vt 1.674581 55.929325
vt 1.709919 54.047344
vt 1.903588 52.451092
vt 2.236379 52.451092
vt 2.236379 50.711975
vt 2.569170 50.711975
vt 2.569170 48.972858
vt 2.901961 49.842419
vt 2.901961 47.813450
vt 2.569170 47.233742
vt 2.901961 45.784477
vt 2.569170 45.494625
vt 2.901961 43.755508
vt 2.569170 43.755508
vt 2.236379 45.494625
vt 2.236379 43.755508
vt 1.903588 45.494625
vt 1.903588 43.755508
vt 1.570796 43.755508
vt 1.570796 45.691265
vt 1.903588 47.233742
vt 1.570796 47.627022
vt 1.903588 48.972858
vt 1.570796 49.562778
vt 1.903588 50.711975
vt 1.570796 51.498531
vt 1.570796 53.434292
vt 2.901961 51.871387
vt 2.569170 52.451092
vt 2.236379 48.972858
vt 2.236379 47.233742
vt -2.883001 43.992901
vt -2.554950 43.992901
vt -2.883001 45.848625
vt -2.554950 45.848625
vt -2.883001 47.704353
vt -2.554950 47.704353
vt -2.883001 49.560081
vt -2.554950 49.560081
vt -2.883001 51.415806
vt -2.554950 51.415806
vt -2.226898 49.560081
vt -2.226898 51.415806
vt -1.898847 49.560081
vt -1.898847 51.415806
vt -1.570796 49.560081
vt -1.570796 51.415806
vt -2.226898 43.992901
vt -2.226898 45.848625
vt -2.226898 47.704353
vt -1.898847 43.992901
vt -1.898847 45.848625
vt -1.898847 47.704353
vt -1.570796 43.992901
vt -1.570796 45.848625
vt -1.570796 47.704353
vt -6.453461 0.982473
vt -6.339517 0.736858
vt -6.213947 0.982478
vt -6.061512 0.736858
vt -5.966673 0.707030
vt -6.061512 0.491239
vt -5.783507 0.491239
vt -5.783507 0.368429
vt -5.625006 0.500641
vt -5.505502 0.368429
vt -5.420500 0.436033
vt -5.227496 0.368429
vt -4.982646 0.399999
vt -4.996262 0.368429
vt -4.765028 0.425659
vt -4.996262 0.245619
vt -5.014564 0.185932
vt -5.227496 0.245619
vt -5.227496 0.184215
vt -5.505502 0.245619
vt -5.505502 0.184215
vt -5.783507 0.245619
vt -5.783507 0.184215
vt -6.061512 0.245619
vt -6.061512 0.184215
vt -6.339517 0.245619
vt -6.339517 0.184215
vt -6.617522 0.245619
vt -6.617522 0.184215
vt -6.895528 0.245619
vt -6.895528 0.184215
vt -7.173533 0.245619
vt -7.173533 0.184215
vt -7.451538 0.233547
vt -7.173533 0.122810
vt -7.451538 0.000000
vt -7.173533 0.061405
vt -6.987095 0.000000
vt -6.895528 0.061405
vt -6.617522 0.061405
vt -6.895528 0.122810
vt -6.617522 0.122810
vt -6.692983 0.982461
vt -6.617522 0.736858
vt -6.339517 0.491239
vt -6.617522 0.491239
vt -6.339517 0.368429
vt -6.617522 0.368429
vt -6.895528 0.736858
vt -7.172033 0.982477
vt -7.173533 0.736858
vt -7.451538 0.901299
vt -7.451538 0.673398
vt -7.173533 0.491239
vt -7.451538 0.454355
vt -7.173533 0.368429
vt -6.483488 0.000001
vt -6.339517 0.061405
vt -6.339517 0.122810
vt -6.209170 0.000002
vt -6.061512 0.061405
vt -6.061512 0.122810
vt -5.913760 0.000001
vt -5.783507 0.061405
vt -5.783507 0.122810
vt -5.590758 0.000000
vt -5.505502 0.061405
vt -5.505502 0.122810
vt -5.244399 0.000000
vt -5.227496 0.061405
vt -5.227496 0.122810
vt -5.223735 0.015229
vt -5.135507 0.083465
vt -6.895528 0.491239
vt -6.895528 0.368429
vt -6.061512 0.368429
vt -1.463741 0.000005
vt -1.031544 0.000000
vt -1.463796 0.187272
vt -1.031544 0.314902
vt -1.463796 0.374543
vt -1.031544 0.606733
vt -1.463796 0.561815
vt -1.463796 0.749071
vt -1.896049 0.749056
vt -1.463796 0.936345
vt -1.896049 1.113324
vt -1.463796 1.123604
vt -1.463796 1.310863
vt -1.031544 1.183210
vt -1.031553 1.498122
vt -1.031544 0.891379
vt -1.448201 1.498112
vt -1.896049 1.498112
vt -1.896049 0.384788
vt -1.896049 0.000000
vt 25.017616 0.000001
vt 25.910887 0.000000
vt 25.475267 0.224341
vt 25.609598 0.229991
vt 25.277954 0.448682
vt 25.029001 0.336511
vt 24.708784 0.448675
vt 24.582735 0.336511
vt 24.136469 0.448682
vt 24.136469 0.298897
vt 24.582735 0.224341
vt 24.136469 0.149785
vt 24.576799 0.000006
vt 24.136469 0.000000
vt 25.029001 0.224341
vt 0.000003 24.426800
vt 0.224929 24.465952
vt -0.000000 25.601635
vt 0.310482 25.601637
vt -0.000000 26.776472
vt 0.310482 26.776472
vt 0.000000 27.951311
vt 0.310482 27.951311
vt 0.000000 29.126148
vt 0.310482 29.126148
vt -0.000000 30.300985
vt 0.310482 30.300987
vt 0.000000 31.475824
vt 0.310482 31.475824
vt -0.000000 32.650661
vt 0.310482 32.650661
vt -0.000000 33.825500
vt 0.310482 33.825500
vt 0.000000 35.000340
vt 0.310482 35.000340
vt -0.000000 36.175175
vt 0.310482 36.175175
vt -0.000000 37.350014
vt 0.310482 37.350014
vt -0.000000 38.524853
vt 0.310482 38.524853
vt 0.000000 39.699688
vt 0.310482 39.699688
vt 0.000000 40.874527
vt 0.310482 40.874527
vt -0.000000 42.049366
vt 0.310482 42.049366
vt 0.000000 43.224201
vt 0.310482 43.224201
vt 0.000000 44.399040
vt 0.310482 44.399040
vt -0.000000 45.573879
vt 0.310482 45.573879
vt -0.000000 46.748714
vt 0.310482 46.748714
vt 0.000000 47.923553
vt 0.310482 47.923553
vt -0.000000 49.098392
vt 0.310482 49.098392
vt -0.000000 50.273232
vt 0.310482 50.273232
vt 0.000000 51.448067
vt 0.310482 51.448067
vt -0.000000 52.622906
vt 0.310482 52.622906
vt 0.000000 53.797745
vt 0.310482 53.797745
vt -0.000000 54.972580
vt 0.310482 54.972580
vt -0.000000 56.147419
vt 0.310482 56.147419
vt -0.000000 57.322258
vt 0.310482 57.322258
vt 0.000000 58.497093
vt 0.310482 58.497093
vt 0.000000 59.671932
vt 0.310482 59.671932
vt -0.000000 60.846771
vt 0.310482 60.846771
vt -0.000000 62.021606
vt 0.310482 62.021606
vt 0.000000 63.196445
vt 0.310482 63.196445
vt -0.000000 64.371284
vt 0.310482 64.371284
vt -0.000000 65.546120
vt 0.310482 65.546120
vt 0.000000 66.720963
vt 0.310482 66.720963
vt 0.000000 67.895798
vt 0.310482 67.895798
vt -0.000000 69.070633
vt 0.310482 69.070633
vt -0.000000 70.245476
vt 0.310482 70.245476
vt 0.000000 71.420311
vt 0.310482 71.420311
vt 0.620965 70.245476
vt 0.620965 71.420311
vt 0.931447 70.245476
vt 0.931447 71.420311
vt 1.241930 71.420311
vt 1.241930 70.216415
vt 0.931447 69.070633
vt 1.241930 69.012512
vt 0.931447 67.895798
vt 1.241930 67.808617
vt 0.931447 66.720963
vt 1.241930 66.604713
vt 0.931447 65.546120
vt 1.241930 65.400818
vt 0.931447 64.371284
vt 1.241930 64.196922
vt 0.931447 63.196445
vt 1.241930 62.993023
vt 0.931447 62.021606
vt 1.241930 61.789124
vt 0.931447 60.846771
vt 1.241930 60.585224
vt 0.931447 59.671932
vt 1.241930 59.381329
vt 0.931447 58.497093
vt 1.241930 58.177429
vt 0.931447 57.322258
vt 1.241930 56.973530
vt 0.931447 56.147419
vt 1.241930 55.769630
vt 0.931447 54.972580
vt 1.241930 54.565735
vt 0.931447 53.797745
vt 1.241930 53.361835
vt 0.931447 52.622906
vt 1.241930 52.157936
vt 0.931447 51.448067
vt 1.241930 50.954037
vt 0.931447 50.273232
vt 1.241930 49.750137
vt 0.931447 49.098392
vt 1.241930 48.546242
vt 0.931447 47.923553
vt 1.241930 47.342342
vt 0.931447 46.748718
vt 1.241930 46.138443
vt 0.931447 45.573879
vt 1.241930 44.934547
vt 0.931447 44.399040
vt 1.241930 43.730648
vt 0.931447 43.224201
vt 1.241930 42.526749
vt 0.931447 42.049366
vt 1.241930 41.322849
vt 0.931447 40.874527
vt 1.241930 40.118954
vt 0.931447 39.699692
vt 1.241930 38.915054
vt 0.931447 38.524853
vt 1.241930 37.711155
vt 0.931447 37.350014
vt 1.241930 36.507256
vt 0.931447 36.175179
vt 1.241930 35.303356
vt 0.931447 35.000340
vt 1.241930 34.099461
vt 0.931447 33.825500
vt 1.241930 32.895561
vt 0.931447 32.650661
vt 1.241930 31.691664
vt 0.931447 31.475826
vt 1.241930 30.487764
vt 0.931447 30.300987
vt 1.241930 29.283867
vt 0.931447 29.126150
vt 1.241930 28.079967
vt 0.931447 27.951311
vt 1.241930 26.876070
vt 0.931447 26.776474
vt 1.241930 25.672171
vt 0.931447 25.601637
vt 1.021679 25.258615
vt 0.759309 24.880177
vt 0.620965 25.601637
vt 0.604629 24.712469
vt 0.428179 24.569265
vt 0.620965 26.776474
vt 0.620965 27.951311
vt 0.620965 29.126148
vt 0.620965 30.300987
vt 0.620965 31.475824
vt 0.620965 32.650661
vt 0.620965 33.825500
vt 0.620965 35.000340
vt 0.620965 36.175175
vt 0.620965 37.350014
vt 0.620965 38.524853
vt 0.620965 39.699692
vt 0.620965 40.874527
vt 0.620965 42.049366
vt 0.620965 43.224201
vt 0.620965 44.399040
vt 0.620965 45.573879
vt 0.620965 46.748718
vt 0.620965 47.923553
vt 0.620965 49.098392
vt 0.620965 50.273232
vt 0.620965 51.448067
vt 0.620965 52.622906
vt 0.620965 53.797745
vt 0.620965 54.972580
vt 0.620965 56.147419
vt 0.620965 57.322258
vt 0.620965 58.497093
vt 0.620965 59.671932
vt 0.620965 60.846771
vt 0.620965 62.021606
vt 0.620965 63.196445
vt 0.620965 64.371284
vt 0.620965 65.546120
vt 0.620965 66.720963
vt 0.620965 67.895798
vt 0.620965 69.070633
vt 0.000007 -9.444368
vt -0.314159 -9.444376
vt 0.000000 -10.165515
vt -0.314154 -10.526085
vt 0.000000 -10.886659
vt -0.314159 -11.607803
vt 0.000000 -11.607803
vt -0.628315 -10.526085
vt -0.628319 -9.444376
vt -0.942475 -10.526085
vt -0.942478 -9.444376
vt -1.256636 -10.526085
vt -1.256637 -9.444376
vt -1.570796 -10.165518
vt -1.570796 -9.444376
vt -1.570796 -10.886661
vt -1.256637 -11.607803
vt -0.942478 -11.607803
vt -1.570796 -11.607803
vt -0.628319 -11.607803
vt 1.187484 0.000000
vt 1.082401 0.587721
vt 0.965098 0.505066
vt 0.890613 0.598371
vt 0.660202 0.732528
vt 0.854581 0.902682
vt 0.593742 0.897557
vt 0.586408 1.077154
vt 0.296871 0.897557
vt 0.304203 1.196742
vt 0.204135 1.120457
vt 0.102455 1.047299
vt -0.000000 0.975664
vt 0.333379 0.868470
vt -6.887355 1.040231
vt -7.420564 1.040230
vt -6.887355 0.821575
vt -7.700460 0.910202
vt -7.700460 0.780173
vt -8.107012 0.910202
vt -8.107012 0.780173
vt -8.513564 0.910202
vt -8.513564 0.780173
vt -8.858661 0.910202
vt -8.858661 0.780173
vt -9.203758 0.780173
vt -8.858661 0.650144
vt -9.203758 0.650144
vt -8.858661 0.520115
vt -9.203758 0.520115
vt -8.858661 0.390087
vt -9.203758 0.390087
vt -8.858661 0.260058
vt -9.203758 0.260058
vt -8.858661 0.130029
vt -9.203758 0.130029
vt -8.973061 0.000001
vt -9.438529 0.000008
vt -9.548855 0.130029
vt -9.702382 0.000008
vt -9.893952 0.130029
vt -10.066350 0.064536
vt -10.195129 0.260058
vt -10.201180 0.183625
vt -10.496307 0.493262
vt -10.195129 0.390087
vt -10.058944 0.459177
vt -9.893952 0.390087
vt -9.548855 0.520115
vt -9.548855 0.390087
vt -7.953773 1.040227
vt -8.486984 1.040230
vt -8.753592 1.040228
vt -9.020164 1.040212
vt -9.636712 0.560670
vt -9.987727 0.001711
vt -9.985481 0.000000
vt -8.564069 0.000001
vt -8.513564 0.130029
vt -8.513564 0.260058
vt -8.513564 0.390087
vt -8.513564 0.520115
vt -8.513564 0.650144
vt -8.190957 0.000002
vt -8.107012 0.130029
vt -8.107012 0.260058
vt -8.107012 0.390087
vt -8.107012 0.520115
vt -8.107012 0.650144
vt -7.508270 0.000000
vt -7.700460 0.130029
vt -7.700460 0.260058
vt -7.700460 0.390087
vt -7.700460 0.520115
vt -7.700460 0.650144
vt -6.887355 0.000000
vt -6.887355 0.218656
vt -6.887355 0.421292
vt -6.887355 0.618939
vt -9.893952 0.260058
vt -9.548855 0.260058
vt 9.003821 1.525289
vt 8.466245 1.525289
vt 9.310893 1.334628
vt 8.466245 1.131575
vt 9.310893 1.143967
vt 9.310893 0.953306
vt 10.155540 0.953306
vt 10.155540 0.762645
vt 10.793776 0.762645
vt 10.793776 0.571983
vt 11.432012 0.571983
vt 11.779962 0.562995
vt 12.089037 0.734356
vt 8.466245 0.762645
vt 9.310893 0.762645
vt 10.155540 0.571983
vt 10.793776 0.381322
vt 11.113722 0.266167
vt 10.793776 0.190661
vt 10.402066 0.000001
vt 10.155540 0.190661
vt 9.442034 0.000001
vt 9.310893 0.190661
vt 8.466245 0.000000
vt 8.466245 0.393714
vt 9.310893 0.381322
vt 9.310893 0.571983
vt 10.155540 0.381322
vt 12.369648 0.934504
vt 12.070248 0.762645
vt 11.432012 0.762645
vt 12.596556 1.184974
vt 12.070248 1.143967
vt 12.070248 0.953306
vt 11.432012 0.953306
vt 10.793776 0.953306
vt 12.070248 1.334628
vt 12.673552 1.342443
vt 12.175586 1.525289
vt 12.708484 1.525289
vt 11.645099 1.525289
vt 11.432012 1.334628
vt 11.432012 1.143967
vt 11.117075 1.525289
vt 10.793776 1.334628
vt 10.793776 1.143967
vt 10.590565 1.525289
vt 10.155540 1.334628
vt 10.155540 1.143967
vt 10.063373 1.525289
vt 9.535343 1.525289
vt 1.207107 -20.417519
vt 0.041421 -20.479576
vt 1.207107 -21.389782
vt 0.041421 -21.389782
vt 1.207107 21.389782
vt 0.041421 21.389782
vt 0.041421 20.479576
vt 0.041421 -19.569374
vt 1.207107 -19.445255
vt 0.041421 -18.659170
vt 1.207107 -18.472992
vt 0.041421 -17.748966
vt 1.207107 -17.500731
vt 0.041421 -16.838762
vt 1.207107 -16.528467
vt 0.041421 -15.928560
vt 1.207107 -15.556204
vt 0.041421 -15.018357
vt 1.207107 -14.583941
vt 0.041421 -14.108153
vt 1.207107 -13.611679
vt 0.041421 -13.197950
vt 1.207107 -12.639416
vt 0.041421 -12.287746
vt 1.207107 -11.667153
vt 0.041421 -11.377543
vt 1.207107 -10.694890
vt 0.041421 -10.467339
vt 1.207107 -9.722628
vt 0.041421 -9.557136
vt 1.207107 -8.750365
vt 0.041421 -8.646933
vt 1.207107 -7.778102
vt 0.041421 -7.736729
vt 1.207107 -6.805839
vt 0.041421 -6.826526
vt 0.041421 -5.916322
vt 1.207107 -5.833577
vt 0.041421 -5.006119
vt 1.207107 -4.861314
vt 0.041421 -4.095915
vt 1.207107 -3.889051
vt 0.041421 -3.185712
vt 1.207107 -2.916788
vt 0.041421 -2.275509
vt 1.207107 -1.944526
vt 0.041421 -1.365305
vt 1.207107 -0.972263
vt 0.041421 -0.455102
vt 1.207107 0.000000
vt 0.041421 0.455102
vt 1.207107 0.972263
vt 0.041421 1.365305
vt 1.207107 1.944526
vt 0.041421 2.275509
vt 1.207107 2.916788
vt 0.041421 3.185712
vt 1.207107 3.889051
vt 0.041421 4.095915
vt 1.207107 4.861314
vt 0.041421 5.006119
vt 1.207107 5.833577
vt 0.041421 5.916322
vt 1.207107 6.805839
vt 0.041421 6.826526
vt 0.041421 7.736729
vt 1.207107 7.778102
vt 0.041421 8.646933
vt 1.207107 8.750365
vt 0.041421 9.557136
vt 1.207107 9.722628
vt 0.041421 10.467339
vt 1.207107 10.694890
vt 0.041421 11.377543
vt 1.207107 11.667153
vt 0.041421 12.287746
vt 1.207107 12.639416
vt 0.041421 13.197950
vt 1.207107 13.611679
vt 0.041421 14.108153
vt 1.207107 14.583941
vt 0.041421 15.018357
vt 1.207107 15.556204
vt 0.041421 15.928560
vt 1.207107 16.528467
vt 0.041421 16.838762
vt 1.207107 17.500731
vt 0.041421 17.748966
vt 1.207107 18.472992
vt 0.041421 18.659170
vt 1.207107 19.445255
vt 0.041421 19.569374
vt 1.207107 20.417519
vt -1.570796 -14.349942
vt -1.570796 -15.350564
vt -1.376515 -14.367111
vt -1.256637 -15.279091
vt -1.183323 -14.383029
vt -0.942478 -15.279091
vt -0.989696 -14.397360
vt -0.796820 -14.409631
vt -0.628319 -15.279091
vt -0.602746 -14.419644
vt -0.409685 -14.427034
vt -0.314159 -15.279091
vt -0.215561 -14.431701
vt -0.000000 -15.358875
vt -0.021910 -14.433485
vt -0.000000 -14.435177
vt -1.256637 -16.208239
vt -1.570796 -16.351185
vt -1.256637 -17.137388
vt -1.570796 -17.351807
vt -1.256637 -18.066536
vt -1.570796 -18.352428
vt -1.256637 -18.995686
vt -1.570796 -19.353050
vt -1.256637 -19.924833
vt -1.570796 -20.353670
vt -1.256637 -20.853983
vt -1.570796 -21.354294
vt -1.256637 -21.783131
vt -1.570796 -22.354916
vt -1.256637 -22.712278
vt -1.570796 -23.355536
vt -1.256637 -23.641428
vt -1.570796 -24.356157
vt -1.256637 -24.570578
vt -1.570796 -25.356779
vt -1.256637 -25.499725
vt -1.570796 -26.357401
vt -1.256637 -26.428873
vt -1.570796 -27.358023
vt -1.256637 -27.359808
vt -1.256637 -28.287867
vt -0.942478 -27.361593
vt -0.942478 -28.288561
vt -0.628319 -27.363379
vt -0.628319 -28.289255
vt -0.314159 -27.365164
vt -0.314159 -28.289951
vt 0.000000 -27.366947
vt 0.000000 -28.290646
vt -0.314159 -29.214739
vt 0.000000 -29.214344
vt 0.000000 -30.138042
vt -0.314159 -30.139526
vt 0.000000 -31.061741
vt -0.314159 -31.074617
vt 0.000000 -31.985437
vt -0.314159 -32.003765
vt -0.000000 -32.909138
vt -0.314159 -32.932915
vt -0.000000 -33.832832
vt -0.314159 -33.862064
vt -0.000000 -34.756531
vt -0.314159 -34.791210
vt -0.000000 -35.680229
vt -0.314159 -35.720360
vt -0.000000 -36.603928
vt -0.314159 -36.649509
vt -0.000000 -37.527626
vt -0.314159 -37.578655
vt -0.000000 -38.451324
vt -0.314159 -38.507805
vt -0.000000 -39.375023
vt -0.314159 -39.436954
vt -0.207368 -40.300720
vt -0.402569 -40.304218
vt -0.628319 -39.436954
vt -0.596723 -40.309860
vt -0.791938 -40.317635
vt -0.942478 -39.436954
vt -0.986024 -40.327320
vt -1.180827 -40.338821
vt -1.256637 -39.436954
vt -1.375342 -40.351833
vt -1.570796 -39.365482
vt -1.570796 -40.366104
vt -1.570796 -28.358644
vt -1.256637 -29.215925
vt -0.942478 -29.215528
vt -0.628319 -29.215134
vt -1.570796 -29.359266
vt -1.256637 -30.143984
vt -0.942478 -30.142498
vt -0.942478 -31.074617
vt -0.628319 -31.074617
vt -0.628319 -32.003765
vt -1.570796 -30.359886
vt -1.256637 -31.074617
vt -0.942478 -32.003765
vt -0.628319 -32.932915
vt -1.570796 -31.360510
vt -1.256637 -32.003765
vt -0.942478 -32.932915
vt -0.628319 -33.862064
vt -1.570796 -32.361130
vt -1.256637 -32.932915
vt -0.942478 -33.862064
vt -0.628319 -34.791210
vt -1.570796 -33.361752
vt -1.256637 -33.862064
vt -0.942478 -34.791210
vt -0.628319 -35.720360
vt -1.570796 -34.362373
vt -1.256637 -34.791210
vt -0.942478 -35.720360
vt -0.628319 -36.649509
vt -1.570796 -35.362995
vt -1.256637 -35.720360
vt -0.942478 -36.649509
vt -0.628319 -37.578655
vt -1.570796 -36.363617
vt -1.256637 -36.649509
vt -0.942478 -37.578655
vt -0.628319 -38.507805
vt -1.570796 -37.364239
vt -1.256637 -37.578655
vt -0.942478 -38.507805
vt -1.570796 -38.364861
vt -1.256637 -38.507805
vt -0.000000 -40.298717
vt -0.012674 -40.299458
vt -0.008440 -40.299374
vt -0.004213 -40.299126
vt 0.000000 -26.443251
vt -0.314159 -26.428873
vt -0.628319 -26.428873
vt -0.942478 -26.428873
vt 0.000000 -25.519552
vt -0.314159 -25.499725
vt -0.628319 -25.499725
vt -0.628319 -24.570578
vt -0.942478 -24.570578
vt -0.942478 -23.641428
vt 0.000000 -24.595854
vt -0.314159 -24.570578
vt -0.628319 -23.641428
vt -0.942478 -22.712278
vt 0.000000 -23.672157
vt -0.314159 -23.641428
vt -0.628319 -22.712278
vt -0.942478 -21.783131
vt 0.000000 -22.748459
vt -0.314159 -22.712278
vt -0.628319 -21.783131
vt -0.942478 -20.853983
vt -0.000000 -21.824760
vt -0.314159 -21.783131
vt -0.628319 -20.853983
vt -0.942478 -19.924833
vt -0.000000 -20.901064
vt -0.314159 -20.853983
vt -0.628319 -19.924833
vt -0.942478 -18.995686
vt -0.000000 -19.977365
vt -0.314159 -19.924833
vt -0.628319 -18.995686
vt -0.942478 -18.066536
vt -0.000000 -19.053667
vt -0.314159 -18.995686
vt -0.628319 -18.066536
vt -0.942478 -17.137388
vt -0.000000 -18.129969
vt -0.314159 -18.066536
vt -0.628319 -17.137388
vt -0.942478 -16.208239
vt -0.000000 -17.206270
vt -0.314159 -17.137388
vt -0.628319 -16.208239
vt -0.000000 -16.282574
vt -0.314159 -16.208239
vt -0.942478 -25.499725
vt -0.628319 -30.141012
vt 4.543790 0.357222
vt 4.543790 0.000000
vt 5.218534 0.175241
vt 5.016707 0.000001
vt 5.489619 0.000001
vt 5.962534 0.000001
vt 5.893278 0.175241
vt 5.218534 0.350482
vt 5.893278 0.350482
vt 5.218534 0.525724
vt 5.893278 0.525724
vt 5.893278 0.700443
vt 6.502805 0.700207
vt 6.502805 0.876206
vt 7.112332 0.876206
vt 6.502805 1.051447
vt 7.112332 1.051447
vt 6.502805 1.226689
vt 7.112332 1.226689
vt 6.376883 1.401930
vt 7.306803 1.401930
vt 7.721858 1.226689
vt 8.250267 1.401930
vt 8.252320 1.214466
vt 7.721858 1.051447
vt 8.257612 1.037002
vt 7.721858 0.876206
vt 8.265770 0.867074
vt 7.721858 0.699736
vt 8.276407 0.699522
vt 8.288835 0.533164
vt 7.721858 0.525724
vt 8.302562 0.363198
vt 7.721858 0.350482
vt 8.316899 0.187275
vt 7.721858 0.175241
vt 8.331385 0.000000
vt 7.856109 0.000001
vt 7.112332 0.175241
vt 7.381772 0.000000
vt 6.908346 0.000001
vt 6.502805 0.175241
vt 6.435447 0.000000
vt 5.893278 1.226689
vt 5.455094 1.401930
vt 5.218534 1.226689
vt 4.543790 1.401930
vt 4.543790 1.044708
vt 4.543790 0.700965
vt 5.218534 0.876206
vt 5.218534 1.051447
vt 5.893278 1.051447
vt 5.218534 0.700704
vt 5.893278 0.876206
vt 7.112332 0.350482
vt 7.112332 0.525724
vt 6.502805 0.350482
vt 6.502805 0.525724
vt 7.112332 0.699972
vt 3.283062 0.000001
vt 4.490162 0.000000
vt 3.926675 0.133232
vt 4.490162 0.135794
vt 3.926675 0.266465
vt 4.490162 0.266465
vt 3.926675 0.333081
vt 4.490162 0.397135
vt 3.926675 0.399697
vt 4.490162 0.532929
vt 3.741164 0.532929
vt 3.029443 0.532919
vt 3.363187 0.399697
vt 3.363187 0.333081
vt 3.363187 0.266465
vt 3.363187 0.133232
vt 3.161942 0.133232
vt 2.936701 0.000011
vt 2.960696 0.133232
vt 2.759451 0.133232
vt 2.759451 0.266465
vt 2.558205 0.266465
vt 2.558205 0.333081
vt 2.332811 0.333081
vt 2.332811 0.399697
vt 1.785423 0.399697
vt 2.242354 0.532929
vt 1.439581 0.532929
vt 2.844363 0.532929
vt 2.960696 0.399697
vt 3.161942 0.399697
vt 2.759451 0.399697
vt 2.648467 0.532927
vt 2.558205 0.399697
vt 1.423499 0.524102
vt 1.418806 0.518701
vt 1.418029 0.512731
vt 1.428029 0.501138
vt 1.448964 0.489798
vt 1.642543 0.426875
vt 2.349979 0.169261
vt 2.332811 0.266465
vt 2.558205 0.133232
vt 2.641512 0.000000
vt 3.161942 0.266465
vt 3.161942 0.333081
vt 2.960696 0.266465
vt 2.960696 0.333081
vt 2.759451 0.333081
vt 10.706102 0.504632
vt 10.195739 0.308107
vt 10.037746 0.225006
vt 10.009161 0.231080
vt 9.822584 0.154054
vt 9.822584 0.231080
vt 9.636006 0.231080
vt 9.636006 0.308107
vt 9.449428 0.308107
vt 9.449428 0.385134
vt 9.290955 0.385134
vt 9.290955 0.462161
vt 9.132482 0.462161
vt 9.317667 0.616206
vt 8.815536 0.462161
vt 8.602194 0.616213
vt 8.425449 0.462161
vt 7.840319 0.616214
vt 7.840319 0.458600
vt 10.568895 0.462161
vt 10.893131 0.569302
vt 10.933753 0.616214
vt 10.935335 0.592288
vt 10.940446 0.598318
vt 10.942050 0.604647
vt 10.939538 0.610743
vt 10.107998 0.616213
vt 10.195739 0.462161
vt 10.195739 0.385134
vt 10.009161 0.462161
vt 10.009161 0.385134
vt 9.822584 0.462161
vt 9.822584 0.385134
vt 9.636006 0.462161
vt 9.636006 0.385134
vt 9.449428 0.462161
vt 9.692847 0.616204
vt 8.425449 0.385134
vt 7.840319 0.308107
vt 8.425449 0.308107
vt 8.425449 0.231080
vt 8.815536 0.231080
vt 8.815536 0.154054
vt 9.132482 0.154054
vt 9.135885 0.000000
vt 9.328560 0.000012
vt 7.840319 0.157615
vt 8.425449 0.154054
vt 7.840321 0.000000
vt 8.583584 0.000001
vt 9.611143 0.000013
vt 9.449428 0.154054
vt 9.290955 0.154054
vt 9.132482 0.231080
vt 8.815536 0.308107
vt 9.636006 0.154054
vt 9.752787 0.000000
vt 9.875771 0.113028
vt 9.822584 0.308107
vt 10.009161 0.308107
vt 9.449428 0.231080
vt 9.290955 0.231080
vt 9.290955 0.308107
vt 9.132482 0.308107
vt 8.815536 0.385134
vt 9.132482 0.385134
vt 11.190793 1.074717
vt 11.190793 1.444083
vt 10.756298 1.263573
vt 10.509257 1.444083
vt 10.321803 1.263573
vt 9.822594 1.444082
vt 9.887308 1.263573
vt 9.452812 1.263573
vt 9.887308 1.083063
vt 9.452812 1.083063
vt 9.887308 0.902552
vt 9.452812 0.902552
vt 9.455383 0.781837
vt 8.910054 1.073365
vt 8.939711 1.083063
vt 8.637106 1.224895
vt 8.939711 1.263573
vt 8.510806 1.316088
vt 8.458192 1.372824
vt 8.426609 1.444083
vt 9.128240 1.444083
vt 9.955026 0.446288
vt 9.887308 0.541531
vt 9.887308 0.722042
vt 10.321803 0.722042
vt 10.321803 0.902552
vt 10.756298 0.722042
vt 10.756298 0.902552
vt 11.190793 0.722042
vt 10.182352 0.242592
vt 10.321803 0.361021
vt 10.321803 0.541531
vt 10.321803 0.180510
vt 10.393049 0.000003
vt 10.658904 0.000001
vt 10.756298 0.180510
vt 10.925049 0.000000
vt 11.190793 0.000001
vt 11.190793 0.369366
vt 10.756298 0.361021
vt 10.756298 0.541531
vt 10.321803 1.083063
vt 10.756298 1.083063
vt 0.000000 0.010355
vt -0.193381 0.010355
vt 0.000000 0.006903
vt -0.193323 0.005178
vt 0.000000 0.003452
vt -0.193374 0.000000
vt -0.386752 0.010355
vt -0.479279 0.005178
vt -0.386740 0.000000
vt -0.580093 0.000000
vt -0.765235 0.005178
vt -0.773428 0.000000
vt -0.966743 0.000000
vt -1.051191 0.005178
vt -1.160040 0.000000
vt -1.337147 0.005178
vt -1.546580 0.005178
vt -0.580105 0.010355
vt -0.773436 0.010355
vt -0.966745 0.010355
vt -1.160036 0.010355
vt -1.353315 0.010355
vt -1.546580 0.010355
vt -1.353320 0.000000
vt -0.000000 0.015068
vt -0.023077 0.015068
vt -0.000000 0.010044
vt -0.023077 0.010044
vt -0.023077 0.005024
vt -0.023077 0.000000
vt -0.000000 0.005024
vt 0.000000 0.028720
vt -0.760013 0.000001
vt -0.759314 0.043071
vt -1.519537 0.000001
vt -2.277941 0.043071
vt -3.037919 0.000000
vt -3.796569 0.043071
vt -6.074109 0.000000
vt -7.340033 0.043071
vt -9.110826 0.000000
vt -9.871079 0.043071
vt -10.629372 0.000001
vt -11.010050 0.043071
vt -11.388950 0.000001
vt -12.149020 0.028721
vt -12.149020 0.000000
vt 0.000000 0.057422
vt -0.759377 0.086142
vt -1.518715 0.086140
vt 0.000000 0.086142
vt -3.037340 0.086122
vt -6.074513 0.086141
vt -9.111698 0.086127
vt -10.630323 0.086141
vt -11.389656 0.086142
vt -12.149020 0.057421
vt -12.149020 0.086142
vt -0.082828 0.000013
vt -0.118401 0.023060
vt 0.000000 0.030819
vt -0.118401 0.046128
vt 0.000000 0.061615
vt -0.118401 0.069281
vt 0.000000 0.092434
vt -0.078222 0.092431
vt -0.156665 0.092434
vt -0.236803 0.069281
vt -0.236803 0.046128
vt -0.236803 0.023060
vt -0.163434 -0.000004
vt -0.321516 -0.000008
vt -0.473606 0.023060
vt -0.634270 -0.000000
vt -0.789343 0.023060
vt -1.258611 0.000000
vt -1.223481 0.023060
vt -1.657620 0.023060
vt -1.657620 0.046128
vt -2.091758 0.046128
vt -2.091758 0.069281
vt -2.525897 0.060906
vt -2.209151 0.092433
vt -2.525897 0.092434
vt -0.313953 0.092434
vt -0.473606 0.069281
vt -0.473606 0.046128
vt -0.629120 0.092434
vt -0.789343 0.069281
vt -0.789343 0.046128
vt -1.260440 0.092434
vt -1.223481 0.069281
vt -1.223481 0.046128
vt -1.657620 0.069281
vt -1.892651 0.092433
vt -2.525897 0.031527
vt -2.091758 0.023060
vt -1.888597 -0.000000
vt -2.525897 -0.000000
vt -2.206212 0.000000
vt 0.157080 -12.882439
vt 0.209440 -12.882439
vt 0.157080 -12.400584
vt 0.209440 -12.159657
vt 0.157080 -11.918729
vt 0.209440 -11.436874
vt 0.157080 -11.436874
vt 0.261799 -12.882439
vt 0.261799 -12.159657
vt 0.261799 -11.436874
vt 0.314159 -11.918729
vt 0.314159 -11.436874
vt 0.314159 -12.882439
vt 0.314159 -12.400584
vt -0.000000 0.172480
vt -0.369415 0.172480
vt -0.198209 0.129360
vt -0.369415 0.113650
vt -0.198209 0.086240
vt -0.369415 0.058830
vt -0.198209 0.043120
vt -0.369415 0.000000
vt -0.000000 0.045062
vt -0.000000 0.086240
vt -0.000000 0.127418
vt -11.018807 0.190159
vt -11.652852 0.190159
vt -10.864363 0.142619
vt -11.652852 0.140478
vt -10.864363 0.095079
vt -11.652852 0.095079
vt -11.652852 0.049681
vt -11.652852 0.000000
vt -11.019398 0.000000
vt -10.864363 0.047540
vt -10.075875 0.047540
vt -10.075875 0.095079
vt -9.602782 0.047540
vt -9.602782 0.095079
vt -9.129689 0.064860
vt -9.129689 0.125299
vt -10.389454 0.000011
vt -9.759572 0.000023
vt -9.129689 0.000000
vt -9.602782 0.142619
vt -9.129689 0.190159
vt -9.757658 0.190159
vt -10.075875 0.142619
vt -10.387485 0.190159
vt 0.157080 -7.638173
vt 0.157080 -8.538757
vt 0.209439 -7.638173
vt 0.209440 -8.538757
vt 0.261799 -7.638173
vt 0.261799 -8.538757
vt 0.314159 -7.638173
vt 0.314159 -8.538757
vt 0.314159 -6.737589
vt 0.261799 -6.737589
vt 0.209439 -6.737589
vt 0.157080 -6.737589
vt 0.209439 -5.837005
vt 0.157080 -5.837005
vt 0.209439 -4.936422
vt 0.157080 -4.936422
vt 0.209439 -4.035838
vt 0.157080 -4.035838
vt 0.209439 -3.135254
vt 0.157080 -3.135254
vt 0.209439 -2.234670
vt 0.157080 -2.234670
vt 0.209439 -1.334086
vt 0.157080 -1.334086
vt 0.209439 -0.433503
vt 0.157080 -0.433502
vt 0.209439 0.467081
vt 0.157080 0.467081
vt 0.314159 -5.837005
vt 0.261799 -5.837005
vt 0.314159 -4.936422
vt 0.261799 -4.936422
vt 0.314159 -4.035838
vt 0.261799 -4.035838
vt 0.314159 -3.135254
vt 0.261799 -3.135254
vt 0.314159 -2.234670
vt 0.261799 -2.234670
vt 0.314159 -1.334086
vt 0.261799 -1.334086
vt 0.314159 -0.433503
vt 0.261799 -0.433503
vt 0.314159 0.467081
vt 0.261799 0.467081
vt -0.426897 0.000000
vt -0.426456 0.022259
vt -0.000000 0.030369
vt -0.426456 0.044518
vt -0.000000 0.058668
vt -0.426456 0.066777
vt -0.000000 0.089036
vt -0.427252 0.089036
vt -0.852911 0.066777
vt -0.854351 0.089036
vt -1.281327 0.089036
vt -1.412634 0.066777
vt -1.708171 0.089036
vt -1.972357 0.066777
vt -2.561252 0.089036
vt -2.532080 0.066777
vt -2.987349 0.089036
vt -3.091802 0.066777
vt -3.200024 0.089036
vt -3.251723 0.066777
vt -3.306062 0.089036
vt -3.358917 0.089036
vt -3.411644 0.089036
vt -3.411644 0.059352
vt -3.251723 0.044518
vt -3.411644 0.029684
vt -3.251723 0.022259
vt -3.354761 0.000005
vt -3.298951 0.000000
vt -3.411644 0.000000
vt -3.189691 0.000000
vt -3.091802 0.022259
vt -3.091802 0.044518
vt -2.974998 0.000001
vt -2.532080 0.022259
vt -2.532080 0.044518
vt -2.549696 0.000002
vt -1.972357 0.022259
vt -1.972357 0.044518
vt -1.701443 0.000000
vt -1.412634 0.022259
vt -1.412634 0.044518
vt -0.852764 0.000000
vt -0.852911 0.022259
vt -0.852911 0.044518
vt -3.028533 0.000000
vt -0.757110 0.011627
vt 0.000000 0.007753
vt 0.000000 0.015501
vt 0.000000 0.023253
vt -3.028439 0.023253
vt -6.056849 0.023253
vt -6.056880 0.011627
vt -3.028440 0.011627
vt -9.085264 0.023253
vt -9.842429 0.011627
vt -9.084613 0.000000
vt -10.598898 0.000000
vt -10.978094 0.011627
vt -12.113759 0.007752
vt -12.113759 0.015501
vt -12.113759 0.023253
vt -10.599490 0.023253
vt -12.113759 0.000000
vt -6.056532 0.000000
vt -0.013335 0.011381
vt -0.013335 0.007587
vt -0.008889 0.011381
vt -0.004442 0.011380
vt -0.000000 0.007587
vt -0.000000 0.011381
vt -0.013335 0.003794
vt -0.000000 0.003794
vt -0.013335 0.000000
vt -0.008893 0.000000
vt -0.004445 0.000000
vt 0.000000 0.002715
vt -0.194324 0.000000
vt -0.194288 0.004071
vt -0.388644 0.000000
vt -0.505959 0.004071
vt -0.582954 0.000000
vt -0.817630 0.004071
vt -0.777252 0.000000
vt -0.971536 0.000000
vt -1.129301 0.004071
vt -1.165806 0.000000
vt -1.360065 0.000000
vt -1.440972 0.004071
vt -1.554306 0.004071
vt 0.000000 0.005428
vt -0.194322 0.008143
vt -0.388640 0.008143
vt 0.000000 0.008143
vt -0.582950 0.008143
vt -0.777249 0.008143
vt -0.971534 0.008143
vt -1.165807 0.008143
vt -1.360066 0.008143
vt -1.554306 0.008143
vt -1.000000 0.157080
vt -0.500000 0.157080
vt -1.000000 0.209440
vt -0.500000 0.209440
vt -1.000000 0.261799
vt -0.500000 0.261799
vt -1.000000 0.314159
vt -0.500000 0.314159
vt -22.225367 -0.314159
vt -22.223469 -0.305757
vt -22.950104 -0.314159
vt -22.211798 -0.291649
vt -22.950104 -0.261799
vt -22.143345 -0.258277
vt -22.070051 -0.236429
vt -22.950104 -0.209440
vt -21.898808 -0.198274
vt -21.776045 -0.175096
vt -22.950104 -0.157080
vt -21.776045 -0.169091
vt -21.776045 -0.163089
vt -21.776045 -0.157083
vt -22.246386 0.000000
vt -22.950102 -0.000000
vt -22.244297 -0.008746
vt -22.232458 -0.022626
vt -22.950102 -0.052360
vt -22.198427 -0.042186
vt -22.161774 -0.056319
vt -22.086512 -0.078261
vt -22.950102 -0.104720
vt -21.911465 -0.116472
vt -22.950102 -0.157080
vt -21.787771 -0.139395
vt -21.787769 -0.145292
vt -21.787769 -0.151186
vt -21.787769 -0.157079
vt -21.776045 0.314156
vt -21.776045 0.308152
vt -21.675835 0.314159
vt -21.776045 0.302152
vt -21.776045 0.296149
vt 0.007334 -0.314159
vt 0.107442 -0.314159
vt 0.007334 -0.308267
vt 0.007334 -0.302376
vt 0.007333 -0.296481
vt 14.069925 0.056512
vt 14.069145 0.000000
vt 14.883309 0.041421
vt 14.908231 0.000000
vt 15.697474 0.041421
vt 15.749423 0.000001
vt 16.511639 0.041421
vt 16.587234 0.000001
vt 17.325802 0.041421
vt 17.421648 0.000000
vt 18.307762 0.041421
vt 18.248085 0.000004
vt 19.072968 0.000005
vt 19.114370 0.041421
vt 19.897854 0.000002
vt 19.920980 0.041421
vt 20.621897 0.020363
vt 20.499384 0.045036
vt 20.722738 0.000000
vt 20.328671 0.084218
vt 19.920980 0.082843
vt 19.114370 0.082843
vt 19.114370 0.124264
vt 18.307762 0.124264
vt 18.645205 0.165685
vt 17.882580 0.165685
vt 20.250528 0.109053
vt 19.920980 0.124264
vt 19.412241 0.165685
vt 20.191240 0.142548
vt 20.189407 0.144501
vt 20.184175 0.151541
vt 20.180424 0.161453
vt 20.180107 0.165685
vt 17.325802 0.124264
vt 17.123446 0.165685
vt 16.511639 0.124264
vt 16.362764 0.165685
vt 15.697474 0.124264
vt 15.600464 0.165685
vt 14.883309 0.124264
vt 14.836500 0.165685
vt 14.070700 0.165685
vt 14.070493 0.109173
vt 14.883309 0.082843
vt 15.697474 0.082843
vt 18.307762 0.082843
vt 17.325802 0.082843
vt 16.511639 0.082843
vt 12.774560 0.000000
vt 12.774919 0.004475
vt 11.905432 0.000000
vt 12.778813 0.014340
vt 12.421994 0.041421
vt 12.784152 0.021304
vt 12.811353 0.040986
vt 12.847309 0.057011
vt 12.421994 0.082842
vt 11.596257 0.082842
vt 11.596257 0.124264
vt 10.770520 0.124264
vt 11.455663 0.165685
vt 10.519961 0.165685
vt 12.927763 0.081962
vt 12.421994 0.124264
vt 12.391364 0.165684
vt 13.102722 0.121258
vt 13.226290 0.145688
vt 13.327065 0.165685
vt 9.944784 0.124264
vt 9.584264 0.165685
vt 9.119047 0.124264
vt 8.648559 0.165685
vt 8.293310 0.124264
vt 7.711575 0.165685
vt 7.467573 0.124264
vt 6.767823 0.165680
vt 6.641836 0.124264
vt 5.816099 0.165685
vt 5.817691 0.122562
vt 6.641836 0.082837
vt 5.819029 0.082837
vt 5.819921 0.043080
vt 6.641836 0.041421
vt 5.820233 0.000000
vt 6.698070 0.000000
vt 7.467573 0.041421
vt 7.572944 0.000000
vt 8.293310 0.041421
vt 8.441456 0.000000
vt 9.119047 0.041421
vt 9.305724 0.000000
vt 9.944784 0.041421
vt 10.170828 0.000000
vt 10.770520 0.041421
vt 11.037439 0.000000
vt 11.596257 0.041421
vt 10.770520 0.082841
vt 9.944784 0.082840
vt 9.119047 0.082839
vt 8.293310 0.082839
vt 7.467573 0.082838
vt -0.157080 25.538246
vt -0.157074 24.333607
vt -0.104720 25.437860
vt -0.104716 24.334414
vt -0.052358 24.335001
vt -0.052360 25.437860
vt -0.000000 24.335217
vt -0.000000 25.539726
vt -0.052360 26.542114
vt 0.000000 26.744238
vt -0.052360 27.646368
vt -0.000000 27.948748
vt -0.052360 28.750622
vt -0.000000 29.153257
vt -0.052360 29.854876
vt -0.000000 30.357769
vt -0.052360 30.959129
vt 0.000000 31.562279
vt -0.052360 32.063385
vt -0.000000 32.766788
vt -0.052360 33.167637
vt -0.000000 33.971302
vt -0.052360 34.271893
vt -0.000000 35.175812
vt -0.052360 35.376144
vt -0.000000 36.380322
vt -0.052360 36.480400
vt 0.000000 37.584831
vt -0.052360 37.584774
vt -0.052360 38.688908
vt -0.104720 38.688908
vt -0.104720 39.793159
vt -0.157080 38.789295
vt -0.157080 39.993935
vt -0.104720 40.897415
vt -0.157080 41.198574
vt -0.104720 42.001671
vt -0.157080 42.403214
vt -0.104720 43.105923
vt -0.157080 43.607857
vt -0.104720 44.210175
vt -0.157080 44.812496
vt -0.104720 45.314430
vt -0.157080 46.017136
vt -0.104720 46.418682
vt -0.157080 47.221779
vt -0.104720 47.522938
vt -0.157080 48.426418
vt -0.104720 48.627193
vt -0.157080 49.631058
vt -0.104720 49.731445
vt -0.157080 50.835697
vt -0.104720 50.835281
vt -0.104720 51.939953
vt -0.052360 51.939953
vt -0.104720 53.044209
vt -0.052360 53.044209
vt -0.104720 54.148460
vt -0.052360 54.148460
vt -0.104720 55.252716
vt -0.052360 55.252716
vt -0.104720 56.356968
vt -0.052360 56.356968
vt -0.104720 57.461224
vt -0.052360 57.461224
vt -0.104720 58.565475
vt -0.052360 58.565475
vt -0.104720 59.669731
vt -0.052360 59.669731
vt -0.104720 60.773983
vt -0.052360 60.773983
vt -0.104720 61.878239
vt -0.052360 61.878239
vt -0.104720 62.982491
vt -0.052360 62.982491
vt -0.052360 64.084961
vt 0.000000 64.084068
vt -0.052360 65.191002
vt 0.000000 65.288574
vt -0.052360 66.295258
vt -0.000000 66.493088
vt -0.052360 67.399506
vt 0.000000 67.697594
vt -0.052360 68.503761
vt -0.000000 68.902107
vt -0.052360 69.608017
vt -0.000000 70.106621
vt -0.052360 70.712273
vt -0.000000 71.311127
vt -0.052360 71.816521
vt 0.000000 72.515640
vt -0.052360 72.920776
vt 0.000000 73.720154
vt -0.052360 74.025032
vt 0.000000 74.924660
vt -0.052360 75.129288
vt -0.000000 76.129173
vt -0.052360 76.233536
vt 0.000000 77.333679
vt -0.039286 77.333992
vt -0.000000 38.789345
vt -0.052360 39.793159
vt 0.000000 39.993855
vt -0.052360 40.897415
vt 0.000000 41.198364
vt -0.052360 42.001671
vt -0.000000 42.402874
vt -0.052360 43.105923
vt -0.000000 43.607384
vt -0.052360 44.210175
vt 0.000000 44.811897
vt -0.052360 45.314430
vt -0.000000 46.016407
vt -0.052360 46.418682
vt 0.000000 47.220917
vt -0.052360 47.522938
vt -0.000000 48.425426
vt -0.052360 48.627193
vt -0.000000 49.629936
vt -0.052360 49.731445
vt -0.052360 50.834866
vt -0.000000 50.834450
vt -0.000000 52.038960
vt -0.000000 53.243469
vt 0.000000 54.447983
vt 0.000000 55.652493
vt 0.000000 56.857002
vt 0.000000 58.061512
vt 0.000000 59.266022
vt -0.000000 60.470535
vt 0.000000 61.675045
vt -0.000000 62.879555
vt -0.078529 77.334877
vt -0.104720 76.233536
vt -0.104720 75.129288
vt -0.104720 74.025032
vt -0.104720 72.920776
vt -0.104720 71.816521
vt -0.104720 70.712273
vt -0.104720 69.608017
vt -0.104720 68.503761
vt -0.104720 67.399506
vt -0.104720 66.295258
vt -0.104720 65.191002
vt -0.104720 64.085854
vt -0.157080 64.086746
vt -0.157080 62.882107
vt -0.157080 61.677464
vt -0.157080 60.472824
vt -0.157080 59.268185
vt -0.157080 58.063541
vt -0.157080 56.858902
vt -0.157080 55.654263
vt -0.157080 54.449619
vt -0.157080 53.244980
vt -0.157080 52.040340
vt -0.117741 77.336212
vt -0.157080 76.133148
vt -0.157080 74.928513
vt -0.157080 73.723869
vt -0.157080 72.519234
vt -0.157080 71.314590
vt -0.157080 70.109947
vt -0.157080 68.905312
vt -0.157080 67.700668
vt -0.157080 66.496025
vt -0.157080 65.291389
vt -0.157072 77.337791
vt -0.157080 37.584652
vt -0.104720 37.584713
vt -0.104720 36.480400
vt -0.157080 36.380013
vt -0.104720 35.376144
vt -0.157080 35.175373
vt -0.104720 34.271893
vt -0.157080 33.970730
vt -0.104720 33.167637
vt -0.157080 32.766090
vt -0.104720 32.063385
vt -0.157080 31.561449
vt -0.104720 30.959129
vt -0.157080 30.356810
vt -0.104720 29.854876
vt -0.157080 29.152168
vt -0.104720 28.750622
vt -0.157080 27.947529
vt -0.104720 27.646368
vt -0.157080 26.742887
vt -0.104720 26.542114
vt -0.157080 8.297531
vt -0.209440 8.084774
vt -0.157080 7.507290
vt -0.209440 7.314795
vt -0.157080 6.717049
vt -0.209440 6.544817
vt -0.157080 5.926808
vt -0.209440 5.774839
vt -0.157080 5.136567
vt -0.209440 5.004860
vt -0.157080 4.346326
vt -0.209440 4.234882
vt -0.157080 3.556085
vt -0.209440 3.464903
vt -0.157080 2.765844
vt -0.209440 2.694925
vt -0.157080 1.975603
vt -0.209440 1.924946
vt -0.157080 1.185362
vt -0.209440 1.154968
vt -0.157080 0.395121
vt -0.209440 0.384989
vt -0.209440 -0.384989
vt -0.261799 0.384989
vt -0.261799 -0.384989
vt -0.314159 -0.395121
vt -0.261799 -1.154968
vt -0.314159 -1.185362
vt -0.261799 -1.924946
vt -0.314159 -1.975603
vt -0.261799 -2.694925
vt -0.314159 -2.765844
vt -0.261799 -3.464903
vt -0.314159 -3.556085
vt -0.261799 -4.234882
vt -0.314159 -4.346326
vt -0.261799 -5.004860
vt -0.314159 -5.136567
vt -0.261799 -5.774839
vt -0.314159 -5.926808
vt -0.261799 -6.544817
vt -0.314159 -6.717049
vt -0.261799 -7.314795
vt -0.314159 -7.507290
vt -0.261799 -8.084774
vt -0.314159 -8.297531
vt -0.261799 -8.854752
vt -0.314159 -9.087772
vt -0.261799 -9.624731
vt -0.314159 -9.878013
vt -0.261799 -10.394709
vt -0.314159 -10.668254
vt -0.261799 -11.164688
vt -0.314159 -11.458495
vt -0.261799 -11.934666
vt -0.314159 -12.248736
vt -0.261799 -12.704645
vt -0.314159 -13.038978
vt -0.261799 -13.474623
vt -0.314159 -13.829219
vt -0.261799 -14.244602
vt -0.314159 -14.619460
vt -0.261799 -15.014580
vt -0.261799 15.014580
vt -0.314159 15.409701
vt -0.314159 14.619460
vt -0.261799 14.244602
vt -0.314159 13.829219
vt -0.261799 13.474623
vt -0.314159 13.038978
vt -0.261799 12.704645
vt -0.314159 12.248736
vt -0.261799 11.934666
vt -0.314159 11.458495
vt -0.261799 11.164688
vt -0.314159 10.668254
vt -0.261799 10.394709
vt -0.314159 9.878013
vt -0.261799 9.624731
vt -0.314159 9.087772
vt -0.261799 8.854752
vt -0.314159 8.297531
vt -0.261799 8.084774
vt -0.314159 7.507290
vt -0.261799 7.314795
vt -0.314159 6.717049
vt -0.261799 6.544817
vt -0.314159 5.926808
vt -0.261799 5.774839
vt -0.314159 5.136567
vt -0.261799 5.004860
vt -0.314159 4.346326
vt -0.261799 4.234882
vt -0.314159 3.556085
vt -0.261799 3.464903
vt -0.314159 2.765844
vt -0.261799 2.694925
vt -0.314159 1.975603
vt -0.261799 1.924946
vt -0.314159 1.185362
vt -0.261799 1.154968
vt -0.314159 0.395121
vt -0.209440 8.854752
vt -0.157080 9.087772
vt -0.209440 9.624731
vt -0.157080 9.878013
vt -0.209440 10.394709
vt -0.157080 10.668254
vt -0.209440 11.164688
vt -0.157080 11.458495
vt -0.209440 11.934666
vt -0.157080 12.248736
vt -0.209440 12.704645
vt -0.157080 13.038978
vt -0.209440 13.474623
vt -0.157080 13.829219
vt -0.209440 14.244602
vt -0.157080 14.619460
vt -0.209440 15.014580
vt -0.209440 -15.014580
vt -0.157080 -15.409701
vt -0.157080 -14.619460
vt -0.209440 -14.244602
vt -0.157080 -13.829219
vt -0.209440 -13.474623
vt -0.157080 -13.038978
vt -0.209440 -12.704645
vt -0.157080 -12.248736
vt -0.209440 -11.934666
vt -0.157080 -11.458495
vt -0.209440 -11.164688
vt -0.157080 -10.668254
vt -0.209440 -10.394709
vt -0.157080 -9.878013
vt -0.209440 -9.624731
vt -0.157080 -9.087772
vt -0.209440 -8.854752
vt -0.157080 -8.297531
vt -0.209440 -8.084774
vt -0.157080 -7.507290
vt -0.209440 -7.314795
vt -0.157080 -6.717049
vt -0.209440 -6.544817
vt -0.157080 -5.926808
vt -0.209440 -5.774839
vt -0.157080 -5.136567
vt -0.209440 -5.004860
vt -0.157080 -4.346326
vt -0.209440 -4.234882
vt -0.157080 -3.556085
vt -0.209440 -3.464903
vt -0.157080 -2.765844
vt -0.209440 -2.694925
vt -0.157080 -1.975603
vt -0.209440 -1.924946
vt -0.157080 -1.185362
vt -0.209440 -1.154968
vt -0.157080 -0.395121
vt -0.000000 8.195830
vt -0.052360 7.805553
vt 0.000000 7.415275
vt -0.052360 7.024997
vt -0.000000 6.634720
vt -0.052360 6.244442
vt 0.000000 5.854164
vt -0.052360 5.463887
vt 0.000000 5.073609
vt -0.052360 4.683332
vt 0.000000 4.293054
vt -0.052360 3.902776
vt -0.000000 3.512499
vt -0.052360 3.122221
vt -0.000000 2.731943
vt -0.052360 2.341666
vt -0.000000 1.951388
vt -0.052360 1.561111
vt -0.000000 1.170833
vt -0.052360 0.780555
vt 0.000000 0.390278
vt -0.052360 0.000000
vt -0.000000 -0.390278
vt -0.052360 -0.780555
vt 0.000000 -1.170833
vt -0.052360 -1.561111
vt -0.000000 -1.951388
vt -0.052360 -2.341666
vt -0.000000 -2.731943
vt -0.052360 -3.122221
vt -0.000000 -3.512499
vt -0.052360 -3.902776
vt 0.000000 -4.293054
vt -0.052360 -4.683332
vt -0.000000 -5.073609
vt -0.052360 -5.463887
vt -0.000000 -5.854164
vt -0.052360 -6.244442
vt 0.000000 -6.634720
vt -0.052360 -7.024997
vt -0.000000 -7.415275
vt -0.052360 -7.805553
vt 0.000000 -8.195830
vt -0.052360 -8.586108
vt -0.000000 -8.976386
vt -0.052360 -9.366663
vt -0.000000 -9.756941
vt -0.052360 -10.147218
vt -0.000000 -10.537496
vt -0.052360 -10.927774
vt 0.000000 -11.318051
vt -0.052360 -11.708329
vt 0.000000 -12.098607
vt -0.052360 -12.488884
vt 0.000000 -12.879162
vt -0.052360 -13.269439
vt 0.000000 -13.659717
vt -0.052360 -14.049995
vt -0.000000 -14.440272
vt -0.052360 -14.830550
vt 0.000000 -15.220828
vt 0.000000 14.440272
vt -0.052360 14.830550
vt -0.052360 14.049995
vt -0.000000 13.659717
vt -0.052360 13.269439
vt 0.000000 12.879162
vt -0.052360 12.488884
vt 0.000000 12.098607
vt -0.052360 11.708329
vt 0.000000 11.318051
vt -0.052360 10.927774
vt -0.000000 10.537496
vt -0.052360 10.147218
vt 0.000000 9.756941
vt -0.052360 9.366663
vt 0.000000 8.976386
vt -0.052360 8.586108
vt -0.157080 6.634720
vt -0.104720 7.024997
vt -0.157080 7.415275
vt -0.104720 7.805553
vt -0.157080 8.195830
vt -0.104720 8.586108
vt -0.157080 8.976386
vt -0.104720 9.366663
vt -0.157080 9.756941
vt -0.104720 10.147218
vt -0.157080 10.537496
vt -0.104720 10.927774
vt -0.157080 11.318051
vt -0.104720 11.708329
vt -0.157080 12.098607
vt -0.104720 12.488884
vt -0.157080 12.879162
vt -0.104720 13.269439
vt -0.157080 13.659717
vt -0.104720 14.049995
vt -0.157080 14.440272
vt -0.104720 14.830550
vt -0.157080 15.220828
vt -0.157080 -14.440272
vt -0.104720 -14.830550
vt -0.104720 -14.049995
vt -0.157080 -13.659717
vt -0.104720 -13.269439
vt -0.157080 -12.879162
vt -0.104720 -12.488884
vt -0.157080 -12.098607
vt -0.104720 -11.708329
vt -0.157080 -11.318051
vt -0.104720 -10.927774
vt -0.157080 -10.537496
vt -0.104720 -10.147218
vt -0.157080 -9.756941
vt -0.104720 -9.366663
vt -0.157080 -8.976386
vt -0.104720 -8.586108
vt -0.157080 -8.195830
vt -0.104720 -7.805553
vt -0.157080 -7.415275
vt -0.104720 -7.024997
vt -0.157080 -6.634720
vt -0.104720 -6.244442
vt -0.157080 -5.854164
vt -0.104720 -5.463887
vt -0.157080 -5.073609
vt -0.104720 -4.683332
vt -0.157080 -4.293054
vt -0.104720 -3.902776
vt -0.157080 -3.512499
vt -0.104720 -3.122221
vt -0.157080 -2.731943
vt -0.104720 -2.341666
vt -0.157080 -1.951388
vt -0.104720 -1.561111
vt -0.157080 -1.170833
vt -0.104720 -0.780555
vt -0.157080 -0.390278
vt -0.104720 0.000000
vt -0.157080 0.390278
vt -0.104720 0.780555
vt -0.157080 1.170833
vt -0.104720 1.561111
vt -0.157080 1.951388
vt -0.104720 2.341666
vt -0.157080 2.731943
vt -0.104720 3.122221
vt -0.157080 3.512499
vt -0.104720 3.902776
vt -0.157080 4.293054
vt -0.104720 4.683332
vt -0.157080 5.073609
vt -0.104720 5.463887
vt -0.157080 5.854164
vt -0.104720 6.244442
vt -0.157080 0.231651
vt -0.209440 0.215105
vt -0.157080 0.000000
vt -0.209440 0.000000
vt -0.209440 -0.215105
vt -0.261799 0.000000
vt -0.261799 -0.215105
vt -0.314159 0.000000
vt -0.314159 -0.250955
vt -0.209440 0.430209
vt -0.157080 0.463302
vt -0.209440 0.645314
vt -0.157080 0.694953
vt -0.209440 0.860418
vt -0.157080 0.926604
vt -0.209440 1.075523
vt -0.157080 1.158255
vt -0.209440 1.290627
vt -0.157080 1.389906
vt -0.209440 1.505732
vt -0.209440 -1.505732
vt -0.157080 -1.621557
vt -0.157080 -1.389906
vt -0.209440 -1.290627
vt -0.157080 -1.158255
vt -0.209440 -1.075523
vt -0.157080 -0.926604
vt -0.209440 -0.860418
vt -0.157080 -0.694953
vt -0.209440 -0.645314
vt -0.157080 -0.463302
vt -0.209440 -0.430209
vt -0.157080 -0.231651
vt -0.261799 -0.430209
vt -0.314159 -0.501911
vt -0.261799 -0.645314
vt -0.314159 -0.752866
vt -0.261799 -0.860418
vt -0.314159 -1.003821
vt -0.261799 -1.075523
vt -0.314159 -1.254777
vt -0.261799 -1.290627
vt -0.314159 -1.505732
vt -0.261799 -1.505732
vt -0.261799 1.505732
vt -0.314159 1.505732
vt -0.261799 1.290627
vt -0.314159 1.254777
vt -0.261799 1.075523
vt -0.314159 1.003821
vt -0.261799 0.860418
vt -0.314159 0.752866
vt -0.261799 0.645314
vt -0.314159 0.501911
vt -0.261799 0.430209
vt -0.314159 0.250955
vt -0.261799 0.215105
vt -0.078540 -0.968197
vt -0.039270 -0.842690
vt -0.078540 0.000000
vt -0.039270 0.000000
vt -0.039270 0.842690
vt -0.000000 0.968197
vt -0.039270 -1.685380
vt -0.078540 -1.936394
vt -0.039270 -2.528070
vt -0.078540 -2.904591
vt -0.039270 -3.370760
vt -0.078540 -3.872789
vt -0.039270 -4.213451
vt -0.078540 -4.840986
vt -0.039270 -5.056141
vt -0.078540 -5.809183
vt -0.039270 -5.898831
vt -0.078540 -6.777380
vt -0.039270 -6.741521
vt -0.039270 -7.584211
vt -0.000000 -6.777380
vt -0.000000 -7.745577
vt -0.039270 -8.426901
vt -0.000000 -8.713774
vt -0.039270 -9.269591
vt -0.000000 -9.681971
vt -0.039270 -10.112281
vt -0.000000 -10.650169
vt -0.039270 -10.954971
vt 0.000000 -11.618366
vt -0.039270 -11.797661
vt 0.000000 -12.586563
vt -0.039270 -12.640352
vt -0.039270 -13.483042
vt -0.078540 -12.586563
vt -0.078540 -13.554760
vt -0.078540 -7.745577
vt -0.078540 -8.713774
vt -0.078540 -9.681971
vt -0.078540 -10.650169
vt -0.078540 -11.618366
vt -0.039270 -14.325732
vt -0.078540 -14.522957
vt -0.039270 -15.168422
vt -0.078540 -15.491154
vt -0.039270 -16.011112
vt -0.078540 -16.459351
vt -0.039270 -16.853802
vt -0.078540 -17.427549
vt -0.039270 -17.696491
vt -0.078540 -18.395746
vt -0.039270 -18.539183
vt -0.078540 -19.363943
vt -0.039270 -19.381872
vt -0.039270 -20.224562
vt 0.000000 -19.363943
vt 0.000000 -20.332140
vt -0.039270 -21.067253
vt 0.000000 -21.300337
vt -0.039270 -21.909943
vt 0.000000 -22.268534
vt -0.039270 -22.752632
vt 0.000000 -23.236731
vt 0.000000 22.268534
vt -0.039270 22.752632
vt -0.039270 21.909943
vt 0.000000 21.300337
vt -0.039270 21.067253
vt 0.000000 20.332140
vt -0.039270 20.224562
vt 0.000000 19.363943
vt -0.039270 19.381872
vt -0.039270 18.539183
vt -0.078540 19.363943
vt -0.078540 18.395746
vt -0.078540 -20.332140
vt -0.078540 -21.300337
vt -0.078540 -22.268534
vt -0.078540 23.236731
vt -0.078540 22.268534
vt -0.078540 21.300337
vt -0.078540 20.332140
vt -0.039270 17.696491
vt -0.078540 17.427549
vt -0.039270 16.853802
vt -0.078540 16.459351
vt -0.039270 16.011112
vt -0.078540 15.491154
vt -0.039270 15.168422
vt -0.078540 14.522957
vt -0.039270 14.325732
vt -0.078540 13.554760
vt -0.039270 13.483042
vt -0.078540 12.586563
vt -0.039270 12.640352
vt -0.039270 11.797661
vt 0.000000 12.586563
vt 0.000000 11.618366
vt -0.039270 10.954971
vt -0.000000 10.650169
vt -0.039270 10.112281
vt -0.000000 9.681971
vt -0.039270 9.269591
vt -0.000000 8.713774
vt -0.039270 8.426901
vt -0.000000 7.745577
vt -0.039270 7.584211
vt -0.000000 6.777380
vt -0.039270 6.741521
vt -0.039270 5.898831
vt -0.078540 6.777380
vt -0.078540 5.809183
vt -0.078540 11.618366
vt -0.078540 10.650169
vt -0.078540 9.681971
vt -0.078540 8.713774
vt -0.078540 7.745577
vt -0.039270 5.056141
vt -0.078540 4.840986
vt -0.039270 4.213451
vt -0.078540 3.872789
vt -0.039270 3.370760
vt -0.078540 2.904591
vt -0.039270 2.528070
vt -0.078540 1.936394
vt -0.039270 1.685380
vt -0.078540 0.968197
vt -0.000000 1.936394
vt -0.000000 2.904591
vt -0.000000 3.872789
vt -0.000000 4.840986
vt -0.000000 5.809183
vt 0.000000 13.554760
vt 0.000000 14.522957
vt 0.000000 15.491154
vt 0.000000 16.459351
vt 0.000000 17.427549
vt 0.000000 18.395746
vt 0.000000 -18.395746
vt 0.000000 -17.427549
vt 0.000000 -16.459351
vt 0.000000 -15.491154
vt 0.000000 -14.522957
vt 0.000000 -13.554760
vt -0.000000 -5.809183
vt -0.000000 -4.840986
vt -0.000000 -3.872789
vt -0.000000 -2.904591
vt -0.000000 -1.936394
vt -0.000000 -0.968197
vt -0.157080 0.698411
vt -0.209440 0.698411
vt -0.157080 -0.698411
vt -0.209440 -0.698411
vt -0.157080 -1.396822
vt -0.209440 -1.396822
vt -0.157080 -2.095233
vt -0.209440 -2.095233
vt -0.157080 -2.793644
vt -0.209440 -2.793644
vt -0.157080 -3.492055
vt -0.209440 -3.492055
vt -0.157080 -4.190466
vt -0.209440 -4.190466
vt -0.157080 -4.888877
vt -0.209440 -4.888877
vt -0.157080 -5.587288
vt -0.209440 -5.587288
vt -0.157080 -6.285699
vt -0.209440 -6.285699
vt -0.157080 -6.984110
vt -0.209440 -6.984110
vt -0.157080 -7.682521
vt -0.209440 -7.682521
vt -0.157080 -8.380932
vt -0.209440 -8.380932
vt -0.157080 -9.079343
vt -0.209440 -9.079343
vt -0.157080 -9.777754
vt -0.209440 -9.777754
vt -0.157080 -10.476165
vt -0.209440 -10.476165
vt -0.157080 -11.174577
vt -0.209440 -11.174577
vt -0.157080 -11.872988
vt -0.209440 -11.872988
vt -0.157080 11.872988
vt -0.209440 11.872988
vt -0.157080 11.174577
vt -0.209440 11.174577
vt -0.157080 10.476165
vt -0.209440 10.476165
vt -0.157080 9.777754
vt -0.209440 9.777754
vt -0.157080 9.079343
vt -0.209440 9.079343
vt -0.157080 8.380932
vt -0.209440 8.380932
vt -0.157080 7.682521
vt -0.209440 7.682521
vt -0.157080 6.984110
vt -0.209440 6.984110
vt -0.157080 6.285699
vt -0.209440 6.285699
vt -0.157080 5.587288
vt -0.209440 5.587288
vt -0.157080 4.888877
vt -0.209440 4.888877
vt -0.157080 4.190466
vt -0.209440 4.190466
vt -0.157080 3.492055
vt -0.209440 3.492055
vt -0.157080 2.793644
vt -0.209440 2.793644
vt -0.157080 2.095233
vt -0.209440 2.095233
vt -0.157080 1.396822
vt -0.209440 1.396822
vt -0.314159 -0.698411
vt -0.261799 -0.698411
vt -0.314159 0.698411
vt -0.261799 0.698411
vt -0.314159 1.396822
vt -0.261799 1.396822
vt -0.314159 2.095233
vt -0.261799 2.095233
vt -0.314159 2.793644
vt -0.261799 2.793644
vt -0.314159 3.492055
vt -0.261799 3.492055
vt -0.314159 4.190466
vt -0.261799 4.190466
vt -0.314159 4.888877
vt -0.261799 4.888877
vt -0.314159 5.587288
vt -0.261799 5.587288
vt -0.314159 6.285699
vt -0.261799 6.285699
vt -0.314159 6.984110
vt -0.261799 6.984110
vt -0.314159 7.682521
vt -0.261799 7.682521
vt -0.314159 8.380932
vt -0.261799 8.380932
vt -0.314159 9.079343
vt -0.261799 9.079343
vt -0.314159 9.777754
vt -0.261799 9.777754
vt -0.314159 10.476165
vt -0.261799 10.476165
vt -0.314159 11.174577
vt -0.261799 11.174577
vt -0.314159 11.872988
vt -0.261799 11.872988
vt -0.314159 -11.872988
vt -0.261799 -11.872988
vt -0.314159 -11.174577
vt -0.261799 -11.174577
vt -0.314159 -10.476165
vt -0.261799 -10.476165
vt -0.314159 -9.777754
vt -0.261799 -9.777754
vt -0.314159 -9.079343
vt -0.261799 -9.079343
vt -0.314159 -8.380932
vt -0.261799 -8.380932
vt -0.314159 -7.682521
vt -0.261799 -7.682521
vt -0.314159 -6.984110
vt -0.261799 -6.984110
vt -0.314159 -6.285699
vt -0.261799 -6.285699
vt -0.314159 -5.587288
vt -0.261799 -5.587288
vt -0.314159 -4.888877
vt -0.261799 -4.888877
vt -0.314159 -4.190466
vt -0.261799 -4.190466
vt -0.314159 -3.492055
vt -0.261799 -3.492055
vt -0.314159 -2.793644
vt -0.261799 -2.793644
vt -0.314159 -2.095233
vt -0.261799 -2.095233
vt -0.314159 -1.396822
vt -0.261799 -1.396822
vt 0.000866 0.000011
vt -0.013486 0.030378
vt -0.080363 0.000011
vt -0.046806 0.030378
vt -0.057058 0.030378
vt -0.080331 0.060757
vt 0.000866 0.030378
vt -2.454894 0.000000
vt -2.454740 0.198094
vt -2.503856 0.099078
vt -2.552188 0.198156
vt -2.552188 0.131921
vt -2.552188 0.066235
vt -2.552188 0.000000
vt 0.000855 0.000000
vt -0.013450 0.030667
vt -0.080111 0.000000
vt -0.046682 0.030667
vt -0.056900 0.030667
vt -0.080144 0.061323
vt 0.000855 0.030667
vt -1.904213 0.000062
vt -1.904367 0.199254
vt -1.952846 0.099627
vt -2.000499 0.199254
vt -2.000499 0.132651
vt -2.000499 0.066604
vt -2.000499 0.000000
vt -0.000000 0.300126
vt -0.006259 0.272868
vt -0.000000 0.243006
vt -0.006259 0.267258
vt -0.006259 0.262076
vt -0.009389 0.267258
vt -0.009389 0.262076
vt -0.012519 0.267258
vt -0.012519 0.262076
vt -0.015648 0.267258
vt -0.015648 0.262076
vt -0.018778 0.267258
vt -0.018778 0.262076
vt -0.025038 0.267258
vt -0.025038 0.262076
vt -0.031297 0.267258
vt -0.031297 0.262076
vt -0.037556 0.267258
vt -0.037556 0.262076
vt -0.040686 0.267258
vt -0.040686 0.262076
vt -0.043816 0.267258
vt -0.043816 0.262076
vt -0.050075 0.267258
vt -0.050075 0.262076
vt -0.075113 0.267258
vt -0.075113 0.262076
vt -0.100150 0.267258
vt -0.100150 0.262076
vt -0.106409 0.267258
vt -0.106409 0.262076
vt -0.137706 0.267258
vt -0.137706 0.262076
vt -0.200300 0.267258
vt -0.200300 0.262076
vt -0.201865 0.267258
vt -0.201865 0.262076
vt -0.212819 0.267258
vt -0.212819 0.262076
vt -0.250375 0.267258
vt -0.250375 0.262076
vt -0.283759 0.267258
vt -0.283759 0.262076
vt -0.300450 0.267258
vt -0.300450 0.262076
vt -0.303580 0.267258
vt -0.303580 0.262076
vt -0.306710 0.267258
vt -0.306710 0.262076
vt -0.350525 0.267258
vt -0.350525 0.262076
vt -0.375563 0.267258
vt -0.375563 0.262076
vt -0.400600 0.257246
vt -0.375563 0.260095
vt -0.375563 0.256456
vt -0.350525 0.256456
vt -0.350525 0.254478
vt -0.306710 0.254478
vt -0.306710 0.250143
vt -0.303580 0.250143
vt -0.303580 0.248396
vt -0.300450 0.248396
vt -0.300450 0.246650
vt -0.283759 0.246650
vt -0.283759 0.244828
vt -0.250375 0.244828
vt -0.250375 0.243006
vt -0.212819 0.243006
vt -0.212819 0.240500
vt -0.201865 0.240500
vt -0.201865 0.239285
vt -0.200300 0.239285
vt -0.200300 0.235564
vt -0.137706 0.235564
vt -0.137706 0.232984
vt -0.106409 0.232984
vt -0.106409 0.228121
vt -0.100150 0.228121
vt -0.100150 0.220993
vt -0.075113 0.220993
vt -0.075113 0.213864
vt -0.050075 0.213864
vt -0.050075 0.201521
vt -0.043816 0.201521
vt -0.043816 0.199606
vt -0.040686 0.199606
vt -0.040686 0.174921
vt -0.037556 0.174921
vt -0.037556 0.171091
vt -0.031297 0.171091
vt -0.031297 0.121720
vt -0.025038 0.121720
vt -0.025038 0.114061
vt -0.018778 0.114061
vt -0.018778 0.060860
vt -0.015648 0.060860
vt -0.015648 0.038536
vt -0.012519 0.038536
vt -0.012519 0.017822
vt -0.009389 0.017822
vt -0.009389 0.014258
vt -0.006259 0.014258
vt -0.006259 0.017822
vt -0.006259 0.038536
vt -0.009389 0.038536
vt -0.009389 0.060860
vt -0.012519 0.060860
vt -0.012519 0.114061
vt -0.015648 0.114061
vt -0.015648 0.121720
vt -0.018778 0.121720
vt -0.018778 0.171091
vt -0.025038 0.171091
vt -0.025038 0.174921
vt -0.031297 0.174921
vt -0.031297 0.199606
vt -0.037556 0.199606
vt -0.037556 0.201521
vt -0.040686 0.201521
vt -0.040686 0.213864
vt -0.043816 0.213864
vt -0.043816 0.220993
vt -0.050075 0.220993
vt -0.050075 0.228121
vt -0.075113 0.228121
vt -0.075113 0.232984
vt -0.100150 0.232984
vt -0.100150 0.235564
vt -0.106409 0.235564
vt -0.106409 0.239285
vt -0.137706 0.239285
vt -0.137706 0.240500
vt -0.200300 0.240500
vt -0.200300 0.243006
vt -0.201865 0.243006
vt -0.201865 0.244828
vt -0.212819 0.244828
vt -0.212819 0.246650
vt -0.250375 0.246650
vt -0.250375 0.248396
vt -0.283759 0.248396
vt -0.283759 0.250143
vt -0.300450 0.250143
vt -0.300450 0.254478
vt -0.303580 0.254478
vt -0.303580 0.256456
vt -0.306710 0.256456
vt -0.306710 0.260095
vt -0.350525 0.260095
vt -0.000000 0.357246
vt -0.006259 0.334039
vt -0.006259 0.313649
vt -0.009389 0.313649
vt -0.009389 0.272868
vt -0.012519 0.313649
vt -0.012519 0.272868
vt -0.015648 0.313649
vt -0.015648 0.272868
vt -0.018778 0.313649
vt -0.018778 0.272868
vt -0.025038 0.313649
vt -0.025038 0.272868
vt -0.031297 0.313649
vt -0.031297 0.272868
vt -0.037556 0.313649
vt -0.037556 0.272868
vt -0.040686 0.313649
vt -0.040686 0.272868
vt -0.043816 0.313649
vt -0.043816 0.272868
vt -0.050075 0.313649
vt -0.050075 0.272868
vt -0.075113 0.313649
vt -0.075113 0.272868
vt -0.100150 0.313649
vt -0.100150 0.272868
vt -0.106409 0.313649
vt -0.106409 0.272868
vt -0.137706 0.313649
vt -0.137706 0.272868
vt -0.200300 0.313649
vt -0.200300 0.272868
vt -0.201865 0.313649
vt -0.201865 0.272868
vt -0.212819 0.313649
vt -0.212819 0.272868
vt -0.250375 0.313649
vt -0.250375 0.272868
vt -0.283759 0.313649
vt -0.283759 0.272868
vt -0.300450 0.313649
vt -0.300450 0.272868
vt -0.303580 0.313649
vt -0.303580 0.272868
vt -0.306710 0.313649
vt -0.306710 0.272868
vt -0.350525 0.313649
vt -0.350525 0.272868
vt -0.375563 0.313649
vt -0.375563 0.272868
vt -0.400600 0.289034
vt -0.400600 0.278438
vt -0.006259 0.417935
vt -0.000000 0.414366
vt -0.000000 0.471486
vt -0.006259 0.501831
vt -0.000000 0.528607
vt -0.009389 0.501831
vt -0.012519 0.501831
vt -0.009389 0.417935
vt -0.012519 0.417935
vt -0.009389 0.334039
vt -0.012519 0.334039
vt -0.000000 0.585727
vt -0.100150 0.585727
vt -0.043816 0.501831
vt -0.040686 0.501831
vt -0.040686 0.417935
vt -0.037556 0.417935
vt -0.037556 0.334039
vt -0.031297 0.334039
vt -0.200300 0.585727
vt -0.137706 0.501831
vt -0.106409 0.501831
vt -0.100150 0.501831
vt -0.100150 0.417935
vt -0.075113 0.417935
vt -0.075113 0.334039
vt -0.050075 0.334039
vt -0.300450 0.585727
vt -0.250375 0.501831
vt -0.212819 0.501831
vt -0.201865 0.501831
vt -0.201865 0.417935
vt -0.200300 0.417935
vt -0.200300 0.334039
vt -0.137706 0.334039
vt -0.400600 0.585727
vt -0.350525 0.501831
vt -0.306710 0.501831
vt -0.303580 0.501831
vt -0.303580 0.417935
vt -0.300450 0.417935
vt -0.300450 0.334039
vt -0.283759 0.334039
vt -0.375563 0.501831
vt -0.400600 0.500957
vt -0.400600 0.458573
vt -0.375563 0.417935
vt -0.400600 0.416188
vt -0.400600 0.373804
vt -0.375563 0.334039
vt -0.400600 0.352611
vt -0.400600 0.331419
vt -0.400600 0.320823
vt -0.400600 0.310227
vt -0.400600 0.299630
vt -0.400600 0.267842
vt -0.400600 0.246650
vt -0.375563 0.254478
vt -0.350525 0.250143
vt -0.306710 0.248396
vt -0.303580 0.246650
vt -0.300450 0.244828
vt -0.283759 0.243006
vt -0.250375 0.240500
vt -0.212819 0.239285
vt -0.201865 0.235564
vt -0.200300 0.232984
vt -0.137706 0.228121
vt -0.106409 0.220993
vt -0.100150 0.213864
vt -0.075113 0.201521
vt -0.050075 0.199606
vt -0.043816 0.174921
vt -0.040686 0.171091
vt -0.037556 0.121720
vt -0.031297 0.114061
vt -0.025038 0.060860
vt -0.018778 0.038536
vt -0.015648 0.017822
vt -0.012519 0.014258
vt -0.400600 0.240500
vt -0.375563 0.244828
vt -0.375563 0.246650
vt -0.375563 0.248396
vt -0.350525 0.246650
vt -0.350525 0.248396
vt -0.306710 0.246650
vt -0.400600 0.228121
vt -0.375563 0.239285
vt -0.375563 0.240500
vt -0.375563 0.243006
vt -0.350525 0.240500
vt -0.350525 0.243006
vt -0.306710 0.240500
vt -0.306710 0.243006
vt -0.303580 0.240500
vt -0.303580 0.243006
vt -0.300450 0.240500
vt -0.300450 0.243006
vt -0.283759 0.240500
vt -0.400600 0.201521
vt -0.375563 0.213864
vt -0.375563 0.220993
vt -0.375563 0.228121
vt -0.350525 0.220993
vt -0.350525 0.228121
vt -0.306710 0.220993
vt -0.306710 0.228121
vt -0.303580 0.220993
vt -0.303580 0.228121
vt -0.300450 0.220993
vt -0.300450 0.228121
vt -0.283759 0.220993
vt -0.283759 0.228121
vt -0.250375 0.220993
vt -0.250375 0.228121
vt -0.212819 0.220993
vt -0.212819 0.228121
vt -0.201865 0.220993
vt -0.201865 0.228121
vt -0.200300 0.220993
vt -0.200300 0.228121
vt -0.137706 0.220993
vt -0.400600 0.174921
vt -0.375563 0.199606
vt -0.375563 0.201521
vt -0.350525 0.201521
vt -0.350525 0.213864
vt -0.306710 0.201521
vt -0.306710 0.213864
vt -0.303580 0.201521
vt -0.303580 0.213864
vt -0.300450 0.201521
vt -0.300450 0.213864
vt -0.283759 0.201521
vt -0.283759 0.213864
vt -0.250375 0.201521
vt -0.250375 0.213864
vt -0.212819 0.201521
vt -0.212819 0.213864
vt -0.201865 0.201521
vt -0.201865 0.213864
vt -0.200300 0.201521
vt -0.200300 0.213864
vt -0.137706 0.201521
vt -0.137706 0.213864
vt -0.106409 0.201521
vt -0.106409 0.213864
vt -0.100150 0.201521
vt -0.400600 0.121720
vt -0.375563 0.171091
vt -0.375563 0.174921
vt -0.350525 0.174921
vt -0.350525 0.199606
vt -0.306710 0.174921
vt -0.306710 0.199606
vt -0.303580 0.174921
vt -0.303580 0.199606
vt -0.300450 0.174921
vt -0.300450 0.199606
vt -0.283759 0.174921
vt -0.283759 0.199606
vt -0.250375 0.174921
vt -0.250375 0.199606
vt -0.212819 0.174921
vt -0.212819 0.199606
vt -0.201865 0.174921
vt -0.201865 0.199606
vt -0.200300 0.174921
vt -0.200300 0.199606
vt -0.137706 0.174921
vt -0.137706 0.199606
vt -0.106409 0.174921
vt -0.106409 0.199606
vt -0.100150 0.174921
vt -0.100150 0.199606
vt -0.075113 0.174921
vt -0.075113 0.199606
vt -0.050075 0.174921
vt -0.400600 0.000000
vt -0.375563 0.060860
vt -0.375563 0.114061
vt -0.375563 0.121720
vt -0.350525 0.114061
vt -0.350525 0.121720
vt -0.306710 0.114061
vt -0.306710 0.121720
vt -0.303580 0.114061
vt -0.303580 0.121720
vt -0.300450 0.114061
vt -0.300450 0.121720
vt -0.283759 0.114061
vt -0.283759 0.121720
vt -0.250375 0.114061
vt -0.250375 0.121720
vt -0.212819 0.114061
vt -0.212819 0.121720
vt -0.201865 0.114061
vt -0.201865 0.121720
vt -0.200300 0.114061
vt -0.200300 0.121720
vt -0.137706 0.114061
vt -0.137706 0.121720
vt -0.106409 0.114061
vt -0.106409 0.121720
vt -0.100150 0.114061
vt -0.100150 0.121720
vt -0.075113 0.114061
vt -0.075113 0.121720
vt -0.050075 0.114061
vt -0.050075 0.121720
vt -0.043816 0.114061
vt -0.043816 0.121720
vt -0.040686 0.114061
vt -0.040686 0.121720
vt -0.037556 0.114061
vt -0.267067 0.000000
vt -0.350525 0.014258
vt -0.375563 0.014258
vt -0.375563 0.017822
vt -0.350525 0.017822
vt -0.306710 0.014258
vt -0.306710 0.017822
vt -0.303580 0.014258
vt -0.303580 0.017822
vt -0.300450 0.014258
vt -0.300450 0.017822
vt -0.283759 0.014258
vt -0.283759 0.017822
vt -0.250375 0.014258
vt -0.250375 0.017822
vt -0.212819 0.014258
vt -0.212819 0.017822
vt -0.201865 0.014258
vt -0.201865 0.017822
vt -0.200300 0.014258
vt -0.200300 0.017822
vt -0.137706 0.014258
vt -0.137706 0.017822
vt -0.106409 0.014258
vt -0.106409 0.017822
vt -0.100150 0.014258
vt -0.100150 0.017822
vt -0.075113 0.014258
vt -0.075113 0.017822
vt -0.050075 0.014258
vt -0.050075 0.017822
vt -0.043816 0.014258
vt -0.043816 0.017822
vt -0.040686 0.014258
vt -0.040686 0.017822
vt -0.037556 0.014258
vt -0.037556 0.017822
vt -0.031297 0.014258
vt -0.031297 0.017822
vt -0.025038 0.014258
vt -0.025038 0.017822
vt -0.018778 0.014258
vt -0.018778 0.017822
vt -0.015648 0.014258
vt -0.133533 0.000000
vt -0.006259 0.060860
vt -0.000000 0.121720
vt -0.006259 0.114061
vt -0.006259 0.121720
vt -0.009389 0.121720
vt -0.009389 0.171091
vt -0.012519 0.171091
vt -0.012519 0.174921
vt -0.015648 0.174921
vt -0.015648 0.199606
vt -0.018778 0.199606
vt -0.018778 0.201521
vt -0.025038 0.201521
vt -0.025038 0.213864
vt -0.031297 0.213864
vt -0.031297 0.220993
vt -0.037556 0.220993
vt -0.037556 0.228121
vt -0.040686 0.228121
vt -0.040686 0.232984
vt -0.043816 0.232984
vt -0.043816 0.235564
vt -0.050075 0.235564
vt -0.050075 0.239285
vt -0.075113 0.239285
vt -0.075113 0.240500
vt -0.100150 0.240500
vt -0.100150 0.243006
vt -0.106409 0.243006
vt -0.106409 0.244828
vt -0.137706 0.244828
vt -0.137706 0.246650
vt -0.200300 0.246650
vt -0.200300 0.248396
vt -0.201865 0.248396
vt -0.201865 0.250143
vt -0.212819 0.250143
vt -0.212819 0.254478
vt -0.250375 0.254478
vt -0.250375 0.256456
vt -0.283759 0.256456
vt -0.283759 0.260095
vt -0.300450 0.260095
vt -0.006259 0.171091
vt -0.000000 0.174921
vt -0.006259 0.174921
vt -0.006259 0.199606
vt -0.009389 0.199606
vt -0.009389 0.201521
vt -0.012519 0.201521
vt -0.012519 0.213864
vt -0.015648 0.213864
vt -0.015648 0.220993
vt -0.018778 0.220993
vt -0.018778 0.228121
vt -0.025038 0.228121
vt -0.025038 0.232984
vt -0.031297 0.232984
vt -0.031297 0.235564
vt -0.037556 0.235564
vt -0.037556 0.239285
vt -0.040686 0.239285
vt -0.040686 0.240500
vt -0.043816 0.240500
vt -0.043816 0.243006
vt -0.050075 0.243006
vt -0.050075 0.244828
vt -0.075113 0.244828
vt -0.075113 0.246650
vt -0.100150 0.246650
vt -0.100150 0.248396
vt -0.106409 0.248396
vt -0.106409 0.250143
vt -0.137706 0.250143
vt -0.137706 0.254478
vt -0.200300 0.254478
vt -0.200300 0.256456
vt -0.201865 0.256456
vt -0.201865 0.260095
vt -0.212819 0.260095
vt -0.000000 0.201521
vt -0.006259 0.201521
vt -0.009389 0.213864
vt -0.012519 0.220993
vt -0.015648 0.228121
vt -0.018778 0.232984
vt -0.025038 0.235564
vt -0.031297 0.239285
vt -0.037556 0.240500
vt -0.040686 0.243006
vt -0.043816 0.244828
vt -0.050075 0.246650
vt -0.075113 0.248396
vt -0.100150 0.250143
vt -0.106409 0.254478
vt -0.137706 0.256456
vt -0.200300 0.260095
vt -0.006259 0.213864
vt -0.000000 0.228121
vt -0.006259 0.220993
vt -0.006259 0.228121
vt -0.009389 0.228121
vt -0.009389 0.232984
vt -0.012519 0.232984
vt -0.012519 0.235564
vt -0.015648 0.235564
vt -0.015648 0.239285
vt -0.018778 0.239285
vt -0.018778 0.240500
vt -0.025038 0.240500
vt -0.025038 0.243006
vt -0.031297 0.243006
vt -0.031297 0.244828
vt -0.037556 0.244828
vt -0.037556 0.246650
vt -0.040686 0.246650
vt -0.040686 0.248396
vt -0.043816 0.248396
vt -0.043816 0.250143
vt -0.050075 0.250143
vt -0.050075 0.254478
vt -0.075113 0.254478
vt -0.075113 0.256456
vt -0.100150 0.256456
vt -0.100150 0.260095
vt -0.106409 0.260095
vt -0.006259 0.232984
vt -0.000000 0.234311
vt -0.006259 0.235564
vt -0.000000 0.240500
vt -0.006259 0.239285
vt -0.006259 0.240500
vt -0.009389 0.240500
vt -0.009389 0.243006
vt -0.012519 0.243006
vt -0.012519 0.244828
vt -0.015648 0.244828
vt -0.015648 0.246650
vt -0.018778 0.246650
vt -0.018778 0.248396
vt -0.025038 0.248396
vt -0.025038 0.250143
vt -0.031297 0.250143
vt -0.031297 0.254478
vt -0.037556 0.254478
vt -0.037556 0.256456
vt -0.040686 0.256456
vt -0.040686 0.260095
vt -0.043816 0.260095
vt -0.006259 0.243006
vt -0.006259 0.244828
vt -0.006259 0.246650
vt -0.009389 0.246650
vt -0.009389 0.248396
vt -0.012519 0.248396
vt -0.012519 0.250143
vt -0.015648 0.250143
vt -0.015648 0.254478
vt -0.018778 0.254478
vt -0.018778 0.256456
vt -0.025038 0.256456
vt -0.025038 0.260095
vt -0.031297 0.260095
vt -0.350525 0.171091
vt -0.306710 0.171091
vt -0.303580 0.171091
vt -0.300450 0.171091
vt -0.283759 0.171091
vt -0.250375 0.171091
vt -0.212819 0.171091
vt -0.201865 0.171091
vt -0.200300 0.171091
vt -0.137706 0.171091
vt -0.106409 0.171091
vt -0.100150 0.171091
vt -0.075113 0.171091
vt -0.050075 0.171091
vt -0.043816 0.171091
vt -0.375563 0.232984
vt -0.350525 0.232984
vt -0.306710 0.232984
vt -0.303580 0.232984
vt -0.300450 0.232984
vt -0.283759 0.232984
vt -0.250375 0.232984
vt -0.212819 0.232984
vt -0.201865 0.232984
vt -0.375563 0.235564
vt -0.350525 0.235564
vt -0.306710 0.235564
vt -0.303580 0.235564
vt -0.300450 0.235564
vt -0.283759 0.235564
vt -0.250375 0.235564
vt -0.212819 0.235564
vt -0.375563 0.250143
vt -0.006259 0.248396
vt -0.006259 0.250143
vt -0.009389 0.250143
vt -0.009389 0.254478
vt -0.012519 0.254478
vt -0.012519 0.256456
vt -0.015648 0.256456
vt -0.015648 0.260095
vt -0.018778 0.260095
vt -0.006259 0.256456
vt -0.006259 0.260095
vt -0.009389 0.244828
vt -0.012519 0.246650
vt -0.015648 0.248396
vt -0.018778 0.250143
vt -0.025038 0.254478
vt -0.031297 0.256456
vt -0.037556 0.260095
vt -0.018778 0.244828
vt -0.015648 0.243006
vt -0.018778 0.243006
vt -0.015648 0.240500
vt -0.025038 0.244828
vt -0.025038 0.246650
vt -0.031297 0.246650
vt -0.040686 0.244828
vt -0.037556 0.243006
vt -0.043816 0.246650
vt -0.050075 0.248396
vt -0.075113 0.250143
vt -0.100150 0.254478
vt -0.106409 0.256456
vt -0.137706 0.260095
vt -0.100150 0.244828
vt -0.075113 0.243006
vt -0.106409 0.246650
vt -0.137706 0.248396
vt -0.200300 0.250143
vt -0.201865 0.254478
vt -0.212819 0.256456
vt -0.250375 0.260095
vt -0.200300 0.244828
vt -0.137706 0.243006
vt -0.201865 0.246650
vt -0.212819 0.248396
vt -0.250375 0.250143
vt -0.283759 0.254478
vt -0.300450 0.256456
vt -0.303580 0.260095
vt -0.303580 0.244828
vt -0.306710 0.244828
vt -0.350525 0.244828
vt -0.106409 0.240500
vt -0.100150 0.239285
vt -0.075113 0.235564
vt -0.050075 0.232984
vt -0.043816 0.228121
vt -0.040686 0.220993
vt -0.037556 0.213864
vt -0.031297 0.201521
vt -0.025038 0.199606
vt -0.018778 0.174921
vt -0.015648 0.171091
vt -0.012519 0.121720
vt -0.009389 0.114061
vt -0.050075 0.240500
vt -0.043816 0.239285
vt -0.040686 0.235564
vt -0.037556 0.232984
vt -0.031297 0.228121
vt -0.025038 0.220993
vt -0.018778 0.213864
vt -0.015648 0.201521
vt -0.012519 0.199606
vt -0.009389 0.174921
vt -0.031297 0.240500
vt -0.025038 0.239285
vt -0.018778 0.235564
vt -0.015648 0.232984
vt -0.012519 0.228121
vt -0.009389 0.220993
vt -0.012519 0.240500
vt -0.009389 0.239285
vt -0.015648 0.334039
vt -0.015648 0.417935
vt -0.015648 0.501831
vt -0.018778 0.334039
vt -0.018778 0.417935
vt -0.018778 0.501831
vt -0.025038 0.334039
vt -0.025038 0.417935
vt -0.025038 0.501831
vt -0.040686 0.334039
vt -0.043816 0.334039
vt -0.100150 0.334039
vt -0.106409 0.334039
vt -0.201865 0.334039
vt -0.212819 0.334039
vt -0.250375 0.334039
vt -0.303580 0.334039
vt -0.306710 0.334039
vt -0.350525 0.334039
vt -0.031297 0.417935
vt -0.037556 0.501831
vt -0.031297 0.501831
vt -0.043816 0.417935
vt -0.050075 0.417935
vt -0.050075 0.501831
vt -0.075113 0.501831
vt -0.106409 0.417935
vt -0.137706 0.417935
vt -0.200300 0.501831
vt -0.212819 0.417935
vt -0.250375 0.417935
vt -0.283759 0.417935
vt -0.283759 0.501831
vt -0.300450 0.501831
vt -0.306710 0.417935
vt -0.350525 0.417935
vt -0.050075 0.256456
vt -0.075113 0.260095
vt -0.050075 0.260095
vt -0.043816 0.256456
vt -0.043816 0.254478
vt -0.040686 0.254478
vt -0.009389 0.256456
vt -0.012519 0.260095
vt -0.009389 0.260095
vt -0.006259 0.254478
vt -0.031297 0.248396
vt -0.037556 0.248396
vt -0.350525 0.239285
vt -0.306710 0.239285
vt -0.303580 0.239285
vt -0.300450 0.239285
vt -0.283759 0.239285
vt -0.250375 0.239285
vt -0.012519 0.239285
vt -0.009389 0.235564
vt -0.350525 0.060860
vt -0.350525 0.038536
vt -0.375563 0.038536
vt -0.306710 0.060860
vt -0.306710 0.038536
vt -0.303580 0.060860
vt -0.303580 0.038536
vt -0.300450 0.060860
vt -0.300450 0.038536
vt -0.283759 0.060860
vt -0.283759 0.038536
vt -0.250375 0.060860
vt -0.250375 0.038536
vt -0.212819 0.060860
vt -0.212819 0.038536
vt -0.201865 0.060860
vt -0.201865 0.038536
vt -0.200300 0.060860
vt -0.200300 0.038536
vt -0.137706 0.060860
vt -0.137706 0.038536
vt -0.106409 0.060860
vt -0.106409 0.038536
vt -0.100150 0.060860
vt -0.100150 0.038536
vt -0.075113 0.060860
vt -0.075113 0.038536
vt -0.050075 0.060860
vt -0.050075 0.038536
vt -0.043816 0.060860
vt -0.043816 0.038536
vt -0.040686 0.060860
vt -0.040686 0.038536
vt -0.037556 0.060860
vt -0.037556 0.038536
vt -0.031297 0.060860
vt -0.031297 0.038536
vt -0.040686 0.250143
vt -0.037556 0.250143
vt -0.025038 0.038536
vt -2.062023 0.511767
vt -2.423990 0.511767
vt -2.215772 0.383825
vt -2.423990 0.337683
vt -2.215772 0.255883
vt -2.423990 0.174084
vt -2.215772 0.127942
vt -2.423990 0.000000
vt -2.011624 0.000002
vt -1.599712 0.000002
vt -1.799338 0.127942
vt -2.007555 0.127942
vt -1.591120 0.127942
vt -1.392265 0.000000
vt -1.382903 0.127942
vt -1.183056 0.000000
vt -1.148658 0.127942
vt -0.971561 0.000001
vt -0.914414 0.127942
vt -0.758251 0.000000
vt -0.758251 0.171361
vt -0.914414 0.255883
vt -0.758251 0.340405
vt -0.914414 0.383825
vt -0.758251 0.511767
vt -0.905770 0.511763
vt -1.042440 0.511766
vt -1.148658 0.383825
vt -1.148658 0.255883
vt -1.280857 0.511766
vt -1.382903 0.383825
vt -1.382903 0.255883
vt -1.689299 0.511767
vt -1.591120 0.383825
vt -1.591120 0.255883
vt -1.799338 0.383825
vt -2.007555 0.383825
vt -2.007555 0.255883
vt -1.799338 0.255883
vt -0.104720 0.739391
vt -0.157080 0.739391
vt -0.104720 0.492927
vt -0.157080 0.492927
vt -0.104720 0.246464
vt -0.157080 0.246464
vt -0.052360 0.246464
vt -0.052360 0.492927
vt -0.052360 0.739391
vt 0.000000 0.554543
vt 0.000000 0.739391
vt -0.000000 0.184848
vt -0.000000 0.369695
vt -11.691123 0.234586
vt -11.446080 0.176339
vt -11.691123 0.352678
vt -11.201541 0.234585
vt -11.201541 0.352678
vt -11.691123 0.118092
vt -11.201541 0.000000
vt -11.201541 0.118092
vt -11.691123 0.000000
vt 16.443441 -0.785398
vt 15.348653 -0.785398
vt 16.443441 -0.981748
vt 15.024638 -0.925538
vt 14.707674 -1.080949
vt 16.443441 -1.178097
vt 14.412866 -1.274279
vt 16.443441 -1.374447
vt 14.292841 -1.403531
vt 14.252870 -1.483026
vt 14.239695 -1.570796
vt 16.443441 -1.570796
vt -1.292034 0.785398
vt -1.292034 0.981748
vt -0.100000 0.981748
vt -1.292034 1.178097
vt -0.100000 1.374447
vt -1.292034 1.374447
vt -1.292034 1.570796
vt -2.340583 0.168956
vt -2.340583 0.000000
vt -2.159951 0.126145
vt -2.128508 0.000003
vt -1.919106 0.000003
vt -1.979318 0.126145
vt -1.711923 0.000000
vt -1.751378 0.126145
vt -1.506466 0.000001
vt -1.523437 0.126145
vt -1.098036 0.000001
vt -1.295496 0.126145
vt -0.689088 0.000000
vt -1.067556 0.126145
vt -0.689088 0.171565
vt -1.067556 0.252290
vt -0.689088 0.333014
vt -1.067556 0.378434
vt -1.045062 0.504578
vt -1.295496 0.378434
vt -1.413831 0.504573
vt -1.523437 0.378434
vt -1.818772 0.504575
vt -1.751378 0.378434
vt -1.979318 0.378434
vt -1.751378 0.252290
vt -1.979318 0.252290
vt -0.689088 0.504579
vt -2.057553 0.504563
vt -2.159951 0.378434
vt -2.159951 0.252290
vt -2.194374 0.504567
vt -2.340583 0.504579
vt -2.340583 0.335623
vt -1.295496 0.252290
vt -1.523437 0.252290
vt 0.196350 -0.000000
vt -0.000000 0.082276
vt 0.261799 0.123413
vt -0.000000 0.164551
vt 0.196350 0.246827
vt -0.000000 0.246827
vt 0.392699 -0.000000
vt 0.523599 0.123413
vt 0.392699 0.246827
vt 0.589049 0.246827
vt 0.785398 0.123413
vt 0.589049 -0.000000
vt 0.785398 -0.000000
vt -14.232852 0.000000
vt -14.241144 0.087226
vt -16.443441 -0.000000
vt -16.443441 0.196350
vt -14.277310 0.167479
vt -14.393234 0.298273
vt -16.443441 0.392699
vt -14.683295 0.492117
vt -16.443441 0.589049
vt -14.996193 0.646754
vt -16.443441 0.785398
vt -15.315954 0.785398
vt -0.500000 -1.570796
vt -1.000000 -1.570796
vt -0.500000 -1.687152
vt -1.000000 -1.687152
vt -1.000000 -1.803507
vt -1.000000 -1.919862
vt -0.500000 -1.919862
vt -0.500000 -1.803507
vt -0.196350 -0.000000
vt -0.261799 0.123413
vt -0.392699 -0.000000
vt -0.523599 0.123413
vt -0.589049 -0.000000
vt -0.785398 0.123413
vt -0.196350 0.246827
vt -0.392699 0.246827
vt -0.589049 0.246827
vt -0.785398 0.246827
vt 0.100000 0.785398
vt 1.292034 0.785398
vt 0.100000 0.981748
vt 1.292034 0.981748
vt 1.292034 1.178097
vt 0.100000 1.178097
vt 1.292034 1.374447
vt 0.100000 1.374447
vt 0.100000 1.570796
vt 1.292034 1.570796
vt -0.157080 0.985854
vt -0.104720 0.985854
vt -0.157080 1.232318
vt -0.104720 1.232318
vt -0.157080 1.478781
vt -0.104720 1.478781
vt -0.052360 1.232318
vt -0.052360 1.478781
vt 0.000000 1.293934
vt 0.000000 1.478781
vt -0.052360 0.985854
vt -0.000000 0.924238
vt 0.000000 1.109086
vt -0.392699 0.890247
vt -0.589049 0.890247
vt -0.392699 -0.890247
vt -0.589049 -0.890247
vt -0.392699 -1.780493
vt -0.589049 -1.780493
vt -0.392699 -2.670740
vt -0.589049 -2.670740
vt -0.392699 -3.560987
vt -0.589049 -3.560987
vt -0.392699 -4.451233
vt -0.589049 -4.451233
vt -0.392699 -5.341480
vt -0.589049 -5.341480
vt -0.392699 -6.231727
vt -0.589049 -6.231727
vt -0.392699 -7.121973
vt -0.589049 -7.121973
vt -0.392699 -8.012220
vt -0.589049 -8.012220
vt -0.392699 -8.902467
vt -0.589049 -8.902467
vt -0.392699 -9.792713
vt -0.589049 -9.792713
vt -0.392699 -10.682960
vt -0.589049 -10.682960
vt -0.392699 -11.573207
vt -0.589049 -11.573207
vt -0.392699 -12.463453
vt -0.589049 -12.463453
vt -0.392699 -13.353700
vt -0.589049 -13.353700
vt -0.392699 -14.243947
vt -0.589049 -14.243947
vt -0.392699 -15.134193
vt -0.589049 -15.134193
vt -0.392699 -16.024441
vt -0.589049 -16.024441
vt -0.392699 -16.914686
vt -0.589049 -16.914686
vt -0.392699 -17.804934
vt -0.589049 -17.804934
vt -0.392699 -18.695181
vt -0.589049 -18.695181
vt -0.392699 -19.585426
vt -0.589049 -19.585426
vt -0.392699 19.585426
vt -0.589049 19.585426
vt -0.392699 18.695181
vt -0.589049 18.695181
vt -0.392699 17.804934
vt -0.589049 17.804934
vt -0.392699 16.914686
vt -0.589049 16.914686
vt -0.392699 16.024441
vt -0.589049 16.024441
vt -0.392699 15.134193
vt -0.589049 15.134193
vt -0.392699 14.243947
vt -0.589049 14.243947
vt -0.392699 13.353700
vt -0.589049 13.353700
vt -0.392699 12.463453
vt -0.589049 12.463453
vt -0.392699 11.573207
vt -0.589049 11.573207
vt -0.392699 10.682960
vt -0.589049 10.682960
vt -0.392699 9.792713
vt -0.589049 9.792713
vt -0.392699 8.902467
vt -0.589049 8.902467
vt -0.392699 8.012220
vt -0.589049 8.012220
vt -0.392699 7.121973
vt -0.589049 7.121973
vt -0.392699 6.231727
vt -0.589049 6.231727
vt -0.392699 5.341480
vt -0.589049 5.341480
vt -0.392699 4.451233
vt -0.589049 4.451233
vt -0.392699 3.560987
vt -0.589049 3.560987
vt -0.392699 2.670740
vt -0.589049 2.670740
vt -0.392699 1.780493
vt -0.589049 1.780493
vt -0.785398 -0.910950
vt -0.785398 0.000000
vt -0.785398 -1.821900
vt -0.785398 -2.732850
vt -0.785398 -3.643800
vt -0.785398 -4.554750
vt -0.785398 -5.465700
vt -0.785398 -6.376651
vt -0.785398 -7.287601
vt -0.785398 -8.198551
vt -0.785398 -9.109501
vt -0.785398 -10.020451
vt -0.785398 -10.931401
vt -0.785398 -11.842351
vt -0.785398 -12.753301
vt -0.785398 -13.664251
vt -0.785398 -14.575201
vt -0.785398 -15.486151
vt -0.785398 -16.397100
vt -0.785398 -17.308050
vt -0.785398 -18.219002
vt -0.785398 -19.129951
vt -0.785398 20.040901
vt -0.785398 19.129951
vt -0.785398 18.219002
vt -0.785398 17.308050
vt -0.785398 16.397100
vt -0.785398 15.486151
vt -0.785398 14.575201
vt -0.785398 13.664251
vt -0.785398 12.753301
vt -0.785398 11.842351
vt -0.785398 10.931401
vt -0.785398 10.020451
vt -0.785398 9.109501
vt -0.785398 8.198551
vt -0.785398 7.287601
vt -0.785398 6.376651
vt -0.785398 5.465700
vt -0.785398 4.554750
vt -0.785398 3.643800
vt -0.785398 2.732850
vt -0.785398 1.821900
vt -0.785398 0.910950
vt -0.000000 -0.841650
vt 0.003162 -0.628109
vt 0.000000 -0.556958
vt 0.004485 -0.414552
vt -0.000000 -0.272266
vt 0.003301 -0.200992
vt 0.000000 0.012426
vt -0.000000 1.122109
vt 0.003702 1.339628
vt 0.000000 1.411949
vt 0.005058 1.557166
vt 0.000000 1.701789
vt 0.003540 1.774697
vt 0.000000 1.991630
vt 0.000000 0.086394
vt -0.384989 0.086394
vt 0.000000 0.259181
vt -0.384989 0.259181
vt 0.000000 0.172788
vt 0.000000 0.431969
vt -0.384989 0.431969
vt 0.000000 0.345575
vt 0.000000 -0.431969
vt -0.384989 -0.431969
vt 0.000000 -0.518363
vt 0.000000 -0.259181
vt -0.384989 -0.259181
vt 0.000000 -0.345575
vt 0.000000 -0.086394
vt -0.384989 -0.086394
vt 0.000000 -0.172788
vt 0.000000 0.518363
vt -0.384989 0.518363
vt -0.384989 0.172788
vt -0.384989 -0.172788
vt -0.384989 0.345575
vt -0.384989 0.000000
vt -0.384989 -0.345575
vt -2.000000 -0.172788
vt -0.300000 -0.172788
vt -2.000000 0.000000
vt -0.300000 0.000000
vt -2.000000 0.172788
vt -0.300000 0.172788
vt -2.000000 0.345575
vt -0.300000 0.345575
vt -2.000000 0.518363
vt -0.300000 0.518363
vt -2.000000 0.691150
vt -0.300000 0.691150
vt -2.000000 0.863938
vt -0.300000 0.863938
vt -2.000000 1.036726
vt -0.300000 1.036726
vt -2.000000 -1.036726
vt -0.300000 -1.036726
vt -2.000000 -0.863938
vt -0.300000 -0.863938
vt -2.000000 -0.691150
vt -0.300000 -0.691150
vt -2.000000 -0.518363
vt -0.300000 -0.518363
vt -2.000000 -0.345575
vt -0.300000 -0.345575
vt 0.000000 -1.719327
vt 0.000000 -1.498497
vt -0.424264 -1.507964
vt -0.006718 -1.284634
vt -0.424264 -1.256637
vt -0.009386 -1.069833
vt -0.424264 -1.005310
vt -0.006441 -0.855056
vt -0.424264 -0.753982
vt -0.000000 -0.641257
vt -0.424264 -0.502655
vt -0.000000 -0.424349
vt -0.424264 -0.251327
vt 0.000000 -0.207441
vt -0.424264 0.000000
vt 0.000000 0.009468
vt -0.007095 0.220235
vt -0.424264 0.251327
vt -0.010446 0.432140
vt -0.424264 0.502655
vt -0.007391 0.644121
vt -0.424264 0.753982
vt -0.000000 0.854940
vt -0.424264 1.005310
vt 0.000000 1.075771
vt -0.424264 1.256637
vt 0.000000 1.296601
vt -0.424264 1.507964
vt -0.000000 1.963284
vt 0.004438 2.183728
vt 0.000000 2.183677
vt 0.000000 2.404070
vt 0.006334 2.404076
vt 0.004624 2.624396
vt -0.000000 2.844856
vt -0.000000 2.624463
vt -0.000000 -0.015919
vt 0.004157 0.201479
vt 0.000000 0.273768
vt 0.005657 0.418902
vt -0.000000 0.563456
vt 0.003980 0.636319
vt -0.000000 0.853143
vt -0.008863 -0.640031
vt -0.000000 -0.848419
vt -0.000000 -1.016338
vt 0.000000 -1.184256
vt 0.000000 -1.352175
vt -0.000000 -1.520093
vt -0.000000 1.495836
vt -0.008078 1.284945
vt -0.011270 1.072880
vt -0.007760 0.860833
vt 0.000000 0.650014
vt 0.000000 0.429300
vt -0.000000 0.208585
vt 0.000000 -0.012129
vt -0.008521 -0.220464
vt -0.012494 -0.430194
vt 0.000000 1.962034
vt 0.001841 2.125999
vt 0.000000 2.071342
vt 0.000000 2.180650
vt 0.000000 2.289958
vt 0.001710 0.150596
vt 0.000000 0.150593
vt 0.000359 0.000552
vt -0.000000 0.000552
vt 0.000238 -0.005825
vt 0.000118 -0.012202
vt 0.000000 -0.018579
vt 0.000000 0.300633
vt -0.009661 -0.200463
vt 0.000000 -0.014155
vt -0.000000 0.000421
vt -0.025773 -0.389326
vt -0.034858 -0.612147
vt -0.029660 -0.835345
vt -0.014029 -1.055221
vt 0.000000 -1.271199
vt -0.000000 -1.354481
vt -0.000000 -1.437764
vt 0.000000 -1.521046
vt 0.000000 1.494883
vt -0.008971 1.339319
vt -0.020353 1.181945
vt -0.029479 1.022453
vt -0.032874 0.861652
vt -0.029309 0.701070
vt -0.020109 0.541824
vt -0.008788 0.384563
vt -0.000000 0.229054
vt -0.000000 0.114737
vt 0.000000 1.992212
vt 0.000000 1.888698
vt 0.001469 1.836943
vt -0.000000 1.785184
vt 0.000000 1.681670
vt 0.000000 0.013008
vt -0.000000 -0.086704
vt 0.001369 -0.136558
vt 0.000000 -0.186416
vt 0.000000 -0.286128
vt -0.000000 -1.576921
vt -0.000000 -1.498054
vt -0.007896 -1.340713
vt -0.018186 -1.181477
vt -0.026553 -1.020295
vt -0.029719 -0.857919
vt -0.026490 -0.695738
vt -0.018086 -0.534760
vt -0.007805 -0.375582
vt 0.000000 -0.218002
vt -0.000000 -0.142031
vt -0.000000 -0.066060
vt 0.000000 0.009911
vt -0.008062 0.166214
vt -0.019031 0.324228
vt -0.028219 0.484338
vt -0.031803 0.645805
vt -0.028325 0.807070
vt -0.019202 0.966995
vt -0.008200 1.124959
vt 0.000000 1.281273
vt -0.000000 1.360140
vt -0.000000 1.439008
s 0
usemtl Steel_-_Satin
f 1/1/1 2/2/2 9/3/1
f 9/3/1 2/2/3 8/4/4
f 8/4/4 2/2/3 3/5/5
f 8/4/4 3/5/5 7/6/6
f 7/6/7 3/5/5 4/7/8
f 7/6/6 4/7/8 6/8/9
f 6/8/9 4/7/8 5/9/9
f 10/10/10 11/11/11 18/12/10
f 18/12/10 11/11/11 17/13/12
f 17/13/12 11/11/11 12/14/13
f 17/13/12 12/14/13 16/15/14
f 16/15/14 12/14/13 13/16/15
f 16/15/14 13/16/15 15/17/16
f 15/17/16 13/16/15 14/18/16
f 20/19/17 79/20/18 19/21/19
f 19/21/19 79/20/18 80/22/20
f 19/21/19 80/22/20 81/23/21
f 81/23/21 80/22/22 769/24/23
f 81/23/24 769/24/25 770/25/26
f 770/25/26 769/24/25 799/26/27
f 770/25/28 799/26/27 800/27/29
f 800/27/29 799/26/27 828/28/30
f 800/27/29 828/28/31 829/29/32
f 829/29/32 828/28/30 731/30/33
f 829/29/34 731/30/33 730/31/35
f 730/31/35 731/30/33 129/32/36
f 730/31/35 129/32/36 128/33/37
f 128/33/37 129/32/36 115/34/38
f 128/33/37 115/34/38 116/35/39
f 116/35/39 115/34/38 184/36/40
f 116/35/39 184/36/41 183/37/42
f 183/37/42 184/36/40 175/38/43
f 183/37/42 175/38/44 176/39/45
f 176/39/46 175/38/43 862/40/47
f 176/39/45 862/40/47 863/41/48
f 863/41/48 862/40/47 697/42/49
f 863/41/48 697/42/50 696/43/51
f 696/43/51 697/42/52 667/44/53
f 696/43/54 667/44/53 666/45/55
f 666/45/55 667/44/56 237/46/57
f 666/45/55 237/46/58 47/47/59
f 47/47/59 237/46/58 236/48/60
f 47/47/59 236/48/60 46/49/61
f 46/49/61 236/48/60 665/50/62
f 46/49/61 665/50/62 59/51/63
f 59/51/63 665/50/64 664/52/65
f 59/51/66 664/52/65 610/53/67
f 610/53/67 664/52/65 663/54/68
f 610/53/67 663/54/68 611/55/69
f 611/55/69 663/54/70 662/56/71
f 611/55/69 662/56/72 612/57/73
f 612/57/73 662/56/72 661/58/74
f 612/57/73 661/58/74 613/59/75
f 613/59/75 661/58/74 660/60/76
f 613/59/77 660/60/76 614/61/78
f 614/61/78 660/60/76 659/62/79
f 614/61/78 659/62/79 615/63/80
f 615/63/81 659/62/79 658/64/82
f 615/63/80 658/64/82 616/65/83
f 616/65/83 658/64/82 657/66/84
f 616/65/83 657/66/84 617/67/85
f 617/67/85 657/66/86 656/68/87
f 617/67/85 656/68/87 618/69/88
f 618/69/88 656/68/87 655/70/89
f 618/69/88 655/70/89 619/71/90
f 619/71/91 655/70/89 654/72/92
f 619/71/90 654/72/92 620/73/93
f 620/73/93 654/72/94 653/74/95
f 620/73/93 653/74/96 621/75/97
f 621/75/98 653/74/96 652/76/99
f 621/75/97 652/76/99 622/77/100
f 622/77/101 652/76/99 651/78/102
f 622/77/101 651/78/102 623/79/103
f 623/79/104 651/78/102 650/80/105
f 623/79/103 650/80/105 624/81/106
f 624/81/106 650/80/105 649/82/107
f 624/81/106 649/82/107 625/83/108
f 625/83/109 649/82/107 648/84/110
f 625/83/109 648/84/111 626/85/112
f 626/85/112 648/84/111 647/86/113
f 626/85/112 647/86/113 627/87/114
f 627/87/114 647/86/115 646/88/116
f 627/87/114 646/88/116 628/89/117
f 628/89/117 646/88/116 645/90/118
f 628/89/117 645/90/118 629/91/119
f 629/91/119 645/90/118 644/92/120
f 629/91/119 644/92/120 630/93/121
f 630/93/121 644/92/120 643/94/122
f 630/93/123 643/94/122 631/95/124
f 631/95/124 643/94/122 642/96/125
f 631/95/124 642/96/125 632/97/126
f 632/97/126 642/96/125 641/98/127
f 632/97/126 641/98/127 633/99/128
f 633/99/129 641/98/127 640/100/130
f 633/99/129 640/100/131 634/101/132
f 634/101/132 640/100/133 639/102/134
f 634/101/132 639/102/134 635/103/135
f 635/103/135 639/102/134 638/104/136
f 635/103/135 638/104/136 636/105/137
f 636/105/137 638/104/138 58/106/139
f 636/105/137 58/106/139 637/107/140
f 637/107/140 58/106/139 26/108/141
f 637/107/140 26/108/141 322/109/142
f 322/109/142 26/108/141 56/110/143
f 322/109/142 56/110/144 266/111/145
f 266/111/145 56/110/143 867/112/146
f 266/111/145 867/112/147 868/113/148
f 868/113/148 867/112/147 378/114/149
f 868/113/148 378/114/150 377/115/151
f 377/115/152 378/114/149 326/116/153
f 377/115/151 326/116/153 327/117/154
f 327/117/154 326/116/153 899/118/155
f 327/117/154 899/118/155 900/119/156
f 900/119/156 899/118/155 928/120/157
f 900/119/156 928/120/157 929/121/158
f 929/121/158 928/120/159 431/122/160
f 929/121/161 431/122/160 430/123/162
f 430/123/162 431/122/160 388/124/163
f 430/123/162 388/124/163 389/125/164
f 389/125/165 388/124/166 959/126/167
f 389/125/164 959/126/167 960/127/168
f 960/127/168 959/126/167 485/128/169
f 960/127/168 485/128/169 484/129/170
f 484/129/170 485/128/169 448/130/171
f 484/129/170 448/130/171 449/131/172
f 449/131/172 448/130/171 506/132/173
f 449/131/172 506/132/173 507/133/174
f 507/133/174 506/132/173 536/134/175
f 507/133/174 536/134/176 537/135/177
f 537/135/178 536/134/176 565/136/179
f 537/135/178 565/136/179 566/137/180
f 566/137/181 565/136/179 595/138/182
f 566/137/181 595/138/183 596/139/184
f 596/139/184 595/138/182 2/140/2
f 596/139/184 2/140/185 597/141/186
f 597/141/186 2/140/185 1/142/1
f 597/141/186 1/142/1 598/143/187
f 598/143/187 1/142/1 599/144/188
f 598/143/187 599/144/188 569/145/189
f 569/145/189 599/144/188 570/146/190
f 569/145/189 570/146/190 541/147/191
f 541/147/191 570/146/190 542/148/192
f 541/147/191 542/148/192 512/149/193
f 512/149/193 542/148/194 513/150/195
f 512/149/193 513/150/195 455/151/196
f 455/151/196 513/150/195 456/152/197
f 455/151/198 456/152/197 477/153/199
f 477/153/199 456/152/197 476/154/200
f 477/153/199 476/154/200 968/155/201
f 968/155/201 476/154/202 969/156/203
f 968/155/201 969/156/204 398/157/205
f 398/157/205 969/156/203 399/158/206
f 398/157/207 399/158/206 420/159/208
f 420/159/208 399/158/206 419/160/209
f 420/159/208 419/160/209 940/161/210
f 940/161/211 419/160/209 941/162/212
f 940/161/210 941/162/213 912/163/214
f 912/163/214 941/162/215 913/164/216
f 912/163/214 913/164/216 340/165/217
f 340/165/217 913/164/216 341/166/218
f 340/165/217 341/166/218 363/167/219
f 363/167/219 341/166/218 362/168/220
f 363/167/219 362/168/220 883/169/221
f 883/169/221 362/168/220 884/170/222
f 883/169/221 884/170/223 282/171/224
f 282/171/224 884/170/222 283/172/225
f 282/171/224 283/172/226 305/173/227
f 305/173/227 283/172/225 304/174/228
f 305/173/227 304/174/229 620/73/93
f 620/73/93 304/174/229 619/71/90
f 21/175/230 75/176/231 20/19/17
f 20/19/17 75/176/231 76/177/232
f 20/19/17 76/177/232 77/178/233
f 77/178/233 76/177/232 765/179/234
f 77/178/233 765/179/234 766/180/235
f 766/180/235 765/179/234 795/181/236
f 766/180/235 795/181/237 796/182/238
f 796/182/238 795/181/236 824/183/239
f 796/182/238 824/183/239 825/184/240
f 825/184/240 824/183/239 735/185/241
f 825/184/240 735/185/241 734/186/242
f 734/186/242 735/185/241 133/187/243
f 734/186/242 133/187/243 132/188/244
f 132/188/244 133/187/243 111/189/245
f 132/188/244 111/189/245 112/190/246
f 112/190/246 111/189/245 188/191/247
f 112/190/246 188/191/247 187/192/248
f 187/192/248 188/191/247 171/193/249
f 187/192/250 171/193/249 172/194/251
f 172/194/251 171/193/252 858/195/253
f 172/194/251 858/195/253 859/196/254
f 859/196/254 858/195/253 701/197/255
f 859/196/254 701/197/256 700/198/257
f 700/198/257 701/197/256 671/199/258
f 700/198/257 671/199/258 670/200/259
f 670/200/259 671/199/258 241/201/260
f 670/200/259 241/201/260 240/202/261
f 240/202/261 241/201/260 233/203/262
f 240/202/261 233/203/262 234/204/263
f 234/204/263 233/203/262 663/54/68
f 234/204/263 663/54/68 664/52/65
f 22/205/264 67/206/265 21/175/230
f 21/175/230 67/206/266 68/207/267
f 21/175/230 68/207/268 69/208/269
f 69/208/269 68/207/270 757/209/271
f 69/208/269 757/209/271 758/210/272
f 758/210/272 757/209/273 787/211/274
f 758/210/272 787/211/274 788/212/275
f 788/212/276 787/211/274 816/213/277
f 788/212/275 816/213/277 817/214/278
f 817/214/278 816/213/277 743/215/279
f 817/214/278 743/215/280 742/216/281
f 742/216/281 743/215/279 141/217/282
f 742/216/281 141/217/282 140/218/283
f 140/218/284 141/217/285 103/219/286
f 140/218/283 103/219/286 104/220/287
f 104/220/287 103/219/286 196/221/288
f 104/220/287 196/221/289 195/222/290
f 195/222/291 196/221/289 163/223/292
f 195/222/290 163/223/292 164/224/293
f 164/224/293 163/223/292 850/225/294
f 164/224/293 850/225/294 851/226/295
f 851/226/296 850/225/294 709/227/297
f 851/226/296 709/227/298 708/228/299
f 708/228/299 709/227/298 679/229/300
f 708/228/299 679/229/300 678/230/301
f 678/230/301 679/229/300 249/231/302
f 678/230/301 249/231/302 248/232/303
f 248/232/303 249/231/302 225/233/304
f 248/232/303 225/233/304 226/234/305
f 226/234/305 225/233/306 655/70/89
f 226/234/305 655/70/307 656/68/308
f 23/235/309 752/236/310 22/205/264
f 22/205/264 752/236/310 64/237/311
f 22/205/264 64/237/311 65/238/312
f 65/238/312 64/237/311 753/239/313
f 65/238/312 753/239/314 754/240/315
f 754/240/316 753/239/317 783/241/318
f 754/240/316 783/241/319 784/242/320
f 784/242/320 783/241/319 812/243/321
f 784/242/320 812/243/321 813/244/322
f 813/244/322 812/243/323 747/245/324
f 813/244/322 747/245/324 746/246/325
f 746/246/325 747/245/324 145/247/326
f 746/246/325 145/247/326 144/248/327
f 144/248/327 145/247/326 99/249/328
f 144/248/327 99/249/328 100/250/329
f 100/250/329 99/249/328 200/251/330
f 100/250/329 200/251/330 199/252/331
f 199/252/332 200/251/330 159/253/333
f 199/252/332 159/253/334 160/254/335
f 160/254/335 159/253/334 846/255/336
f 160/254/335 846/255/337 847/256/338
f 847/256/338 846/255/336 713/257/339
f 847/256/338 713/257/340 712/258/341
f 712/258/342 713/257/340 683/259/343
f 712/258/342 683/259/343 682/260/344
f 682/260/344 683/259/343 253/261/345
f 682/260/344 253/261/345 252/262/346
f 252/262/346 253/261/345 221/263/347
f 252/262/346 221/263/347 222/264/348
f 222/264/348 221/263/349 651/78/102
f 222/264/348 651/78/102 652/76/99
f 24/265/350 93/266/351 23/235/352
f 23/235/309 93/266/351 150/267/353
f 23/235/309 150/267/354 751/268/355
f 751/268/356 150/267/354 149/269/357
f 751/268/356 149/269/357 750/270/358
f 750/270/359 149/269/357 148/271/360
f 750/270/358 148/271/361 749/272/362
f 749/272/363 148/271/361 147/273/364
f 749/272/363 147/273/364 748/274/365
f 748/274/365 147/273/364 146/275/366
f 748/274/365 146/275/366 747/245/324
f 747/245/324 146/275/366 145/247/326
f 25/276/367 151/277/368 24/265/369
f 24/265/350 151/277/368 207/278/370
f 24/265/369 207/278/370 93/266/351
f 93/266/351 207/278/370 206/279/371
f 93/266/351 206/279/371 94/280/372
f 94/280/373 206/279/371 205/281/374
f 94/280/373 205/281/374 95/282/375
f 95/282/375 205/281/374 204/283/376
f 95/282/375 204/283/376 96/284/377
f 96/284/377 204/283/378 203/285/379
f 96/284/377 203/285/379 97/286/380
f 97/286/380 203/285/379 202/287/381
f 97/286/380 202/287/382 98/288/383
f 98/288/383 202/287/382 201/289/384
f 98/288/383 201/289/384 99/249/328
f 99/249/328 201/289/384 200/251/330
f 26/108/141 208/290/385 25/276/386
f 25/276/387 208/290/385 265/291/388
f 25/276/387 265/291/388 694/292/389
f 694/292/389 265/291/388 264/293/390
f 694/292/389 264/293/390 693/294/391
f 693/294/391 264/293/390 263/295/392
f 693/294/391 263/295/392 692/296/393
f 692/296/393 263/295/392 262/297/394
f 692/296/393 262/297/394 691/298/395
f 691/298/396 262/297/394 261/299/397
f 691/298/396 261/299/397 690/300/398
f 690/300/398 261/299/397 260/301/399
f 690/300/398 260/301/399 689/302/400
f 689/302/401 260/301/399 259/303/402
f 689/302/401 259/303/402 688/304/403
f 688/304/404 259/303/405 258/305/406
f 688/304/407 258/305/406 687/306/408
f 687/306/408 258/305/406 257/307/409
f 687/306/408 257/307/409 686/308/410
f 686/308/411 257/307/409 256/309/412
f 686/308/411 256/309/412 685/310/413
f 685/310/413 256/309/412 255/311/414
f 685/310/413 255/311/415 684/312/416
f 684/312/416 255/311/414 254/313/417
f 684/312/416 254/313/417 683/259/343
f 683/259/343 254/313/417 253/261/345
f 26/108/141 27/314/9 56/110/143
f 56/110/143 27/314/418 866/315/419
f 56/110/143 866/315/419 867/112/147
f 867/112/146 866/315/419 379/316/420
f 867/112/146 379/316/420 378/114/150
f 378/114/149 379/316/420 325/317/421
f 378/114/150 325/317/421 326/116/422
f 326/116/153 325/317/421 898/318/423
f 326/116/422 898/318/423 899/118/155
f 899/118/424 898/318/423 927/319/425
f 899/118/155 927/319/425 928/120/157
f 928/120/159 927/319/426 432/320/427
f 928/120/159 432/320/427 431/122/160
f 431/122/160 432/320/427 387/321/428
f 431/122/429 387/321/428 388/124/163
f 388/124/163 387/321/428 958/322/430
f 388/124/163 958/322/430 959/126/167
f 959/126/167 958/322/430 486/323/431
f 959/126/167 486/323/431 485/128/169
f 485/128/432 486/323/431 447/324/433
f 485/128/169 447/324/434 448/130/435
f 448/130/171 447/324/436 505/325/437
f 448/130/171 505/325/437 506/132/173
f 506/132/173 505/325/437 535/326/438
f 506/132/173 535/326/438 536/134/175
f 536/134/176 535/326/438 564/327/439
f 536/134/176 564/327/439 565/136/179
f 565/136/179 564/327/439 594/328/440
f 565/136/179 594/328/440 595/138/182
f 595/138/182 594/328/440 2/140/185
f 28/329/9 895/330/441 27/314/9
f 27/314/9 895/330/442 323/331/443
f 27/314/9 323/331/443 380/332/444
f 380/332/445 323/331/446 324/333/447
f 380/332/445 324/333/448 379/316/420
f 379/316/420 324/333/449 325/317/421
f 29/334/9 52/335/450 28/329/9
f 28/329/9 52/335/451 381/336/452
f 28/329/9 381/336/453 437/337/454
f 437/337/455 381/336/453 382/338/456
f 437/337/457 382/338/456 436/339/458
f 436/339/459 382/338/456 383/340/460
f 436/339/458 383/340/460 435/341/461
f 435/341/461 383/340/460 384/342/462
f 435/341/461 384/342/462 434/343/463
f 434/343/463 384/342/462 385/344/464
f 434/343/463 385/344/465 433/345/466
f 433/345/466 385/344/465 386/346/467
f 433/345/466 386/346/467 432/320/427
f 432/320/427 386/346/467 387/321/428
f 30/347/9 438/348/468 29/334/9
f 29/334/9 438/348/468 494/349/469
f 29/334/9 494/349/469 52/335/470
f 52/335/471 494/349/472 493/350/473
f 52/335/471 493/350/473 952/351/474
f 952/351/475 493/350/473 492/352/476
f 952/351/474 492/352/477 953/353/478
f 953/353/478 492/352/477 491/354/479
f 953/353/480 491/354/479 954/355/481
f 954/355/481 491/354/479 490/356/482
f 954/355/483 490/356/482 955/357/484
f 955/357/484 490/356/482 489/358/485
f 955/357/484 489/358/485 956/359/486
f 956/359/487 489/358/488 488/360/489
f 956/359/486 488/360/490 957/361/491
f 957/361/491 488/360/490 487/362/492
f 957/361/491 487/362/493 958/322/430
f 958/322/430 487/362/492 486/323/431
f 438/348/468 30/347/9 495/363/494
f 495/363/494 30/347/9 31/364/9
f 495/363/494 31/364/9 32/365/9
f 32/365/9 33/366/9 495/363/494
f 495/363/494 33/366/9 34/367/9
f 495/363/494 34/367/9 524/368/495
f 524/368/496 34/367/9 35/369/9
f 524/368/496 35/369/9 36/370/9
f 36/370/9 37/371/9 524/368/496
f 524/368/496 37/371/9 552/372/497
f 524/368/496 552/372/497 553/373/498
f 553/373/499 552/372/497 582/374/500
f 553/373/498 582/374/501 583/375/502
f 583/375/502 582/374/500 5/376/9
f 583/375/502 5/376/9 4/377/8
f 37/371/9 38/378/9 552/372/497
f 552/372/497 38/378/9 581/379/503
f 552/372/497 581/379/503 582/374/501
f 582/374/501 581/379/503 5/376/9
f 38/378/9 39/380/9 581/379/503
f 581/379/503 39/380/9 5/376/9
f 3/381/5 589/382/504 4/377/8
f 4/377/8 589/382/505 588/383/506
f 4/377/8 588/383/506 587/384/507
f 587/384/507 588/383/506 558/385/508
f 587/384/507 558/385/508 557/386/509
f 557/386/509 558/385/508 529/387/510
f 557/386/509 529/387/510 528/388/511
f 528/388/512 529/387/510 499/389/513
f 528/388/511 499/389/513 498/390/514
f 498/390/515 499/389/513 441/391/516
f 498/390/517 441/391/518 440/392/519
f 440/392/519 441/391/516 492/352/477
f 440/392/519 492/352/520 493/350/473
f 2/140/185 593/393/521 3/381/5
f 3/381/5 593/393/522 592/394/523
f 3/381/5 592/394/523 591/395/524
f 591/395/524 592/394/523 562/396/525
f 591/395/524 562/396/525 561/397/526
f 561/397/526 562/396/525 533/398/527
f 561/397/526 533/398/527 532/399/528
f 532/399/528 533/398/527 503/400/529
f 532/399/528 503/400/529 502/401/530
f 502/401/530 503/400/531 445/402/532
f 502/401/530 445/402/532 444/403/533
f 444/403/533 445/402/534 488/360/490
f 444/403/533 488/360/535 489/358/485
f 40/404/1 609/405/536 1/142/1
f 1/142/1 609/405/536 608/406/537
f 1/142/1 608/406/537 607/407/538
f 607/407/538 608/406/539 578/408/540
f 607/407/541 578/408/540 577/409/542
f 577/409/542 578/408/543 549/410/544
f 577/409/542 549/410/545 548/411/546
f 548/411/547 549/410/544 519/412/548
f 548/411/546 519/412/548 518/413/549
f 518/413/550 519/412/548 461/414/551
f 518/413/552 461/414/551 460/415/553
f 460/415/554 461/414/551 472/416/555
f 460/415/554 472/416/556 473/417/557
f 473/417/558 472/416/556 972/418/559
f 473/417/557 972/418/560 971/419/561
f 971/419/562 972/418/560 401/420/563
f 971/419/564 401/420/563 400/421/565
f 400/421/565 401/420/563 418/422/566
f 400/421/567 418/422/566 419/160/209
f 419/160/209 418/422/566 941/162/215
f 40/404/1 41/423/1 609/405/536
f 609/405/536 41/423/1 580/424/568
f 609/405/536 580/424/568 579/425/569
f 579/425/569 580/424/568 551/426/570
f 579/425/569 551/426/570 550/427/571
f 550/427/571 551/426/570 521/428/572
f 550/427/571 521/428/573 520/429/574
f 520/429/575 521/428/573 463/430/576
f 520/429/577 463/430/576 462/431/578
f 462/431/578 463/430/579 470/432/580
f 462/431/578 470/432/580 471/433/581
f 471/433/581 470/432/580 974/434/582
f 471/433/581 974/434/583 973/435/584
f 973/435/585 974/434/583 403/436/586
f 973/435/584 403/436/586 402/437/587
f 402/437/587 403/436/588 416/438/589
f 402/437/590 416/438/589 417/439/591
f 417/439/591 416/438/589 943/440/592
f 417/439/591 943/440/592 942/441/593
f 942/441/593 943/440/592 914/442/594
f 942/441/593 914/442/594 913/164/216
f 913/164/216 914/442/595 341/166/218
f 41/423/1 42/443/1 580/424/568
f 580/424/568 42/443/1 51/444/596
f 580/424/568 51/444/597 551/426/570
f 551/426/570 51/444/596 522/445/598
f 551/426/570 522/445/598 521/428/573
f 521/428/573 522/445/599 464/446/600
f 521/428/573 464/446/600 463/430/576
f 463/430/579 464/446/601 469/447/602
f 463/430/603 469/447/604 470/432/580
f 470/432/580 469/447/605 975/448/606
f 470/432/580 975/448/606 974/434/582
f 974/434/582 975/448/606 404/449/607
f 974/434/583 404/449/608 403/436/586
f 403/436/588 404/449/608 415/450/609
f 403/436/586 415/450/610 416/438/589
f 416/438/589 415/450/609 944/451/611
f 416/438/589 944/451/611 943/440/592
f 943/440/592 944/451/611 915/452/612
f 943/440/592 915/452/612 914/442/594
f 914/442/595 915/452/612 342/453/613
f 914/442/595 342/453/614 341/166/218
f 341/166/218 342/453/614 362/168/220
f 42/443/1 43/454/1 51/444/596
f 51/444/596 43/454/1 523/455/615
f 51/444/596 523/455/615 522/445/598
f 522/445/599 523/455/615 465/456/616
f 522/445/599 465/456/616 464/446/600
f 464/446/617 465/456/616 468/457/618
f 464/446/600 468/457/618 469/447/602
f 469/447/604 468/457/618 976/458/619
f 469/447/604 976/458/619 975/448/620
f 975/448/606 976/458/619 405/459/621
f 975/448/606 405/459/622 404/449/607
f 404/449/608 405/459/621 414/460/623
f 404/449/608 414/460/623 415/450/610
f 415/450/609 414/460/623 945/461/624
f 415/450/609 945/461/624 944/451/611
f 944/451/611 945/461/624 916/462/625
f 944/451/611 916/462/625 915/452/612
f 915/452/626 916/462/627 343/463/628
f 915/452/612 343/463/629 342/453/614
f 342/453/614 343/463/628 361/464/630
f 342/453/613 361/464/631 362/168/220
f 362/168/220 361/464/631 884/170/222
f 523/455/615 43/454/1 54/465/632
f 54/465/632 43/454/1 44/466/1
f 54/465/632 44/466/1 466/467/633
f 466/467/633 44/466/1 923/468/634
f 466/467/633 923/468/634 978/469/635
f 978/469/635 923/468/634 408/470/636
f 978/469/635 408/470/636 407/471/637
f 407/471/637 408/470/636 411/472/638
f 407/471/637 411/472/638 412/473/639
f 412/473/639 411/472/638 948/474/640
f 412/473/639 948/474/640 947/475/641
f 947/475/641 948/474/640 919/476/642
f 947/475/641 919/476/642 918/477/643
f 918/477/643 919/476/644 346/478/645
f 918/477/643 346/478/645 345/479/646
f 345/479/647 346/478/648 358/480/649
f 345/479/647 358/480/649 359/481/650
f 359/481/650 358/480/649 887/482/651
f 359/481/650 887/482/651 886/483/652
f 886/483/653 887/482/654 285/484/655
f 886/483/652 285/484/655 284/485/656
f 284/485/656 285/484/655 303/486/657
f 284/485/656 303/486/658 304/174/228
f 304/174/228 303/486/657 619/71/90
f 45/487/659 294/488/660 44/466/1
f 44/466/1 294/488/660 293/489/661
f 44/466/1 293/489/661 894/490/662
f 894/490/662 293/489/661 292/491/663
f 894/490/662 292/491/663 893/492/664
f 893/492/665 292/491/666 291/493/667
f 893/492/665 291/493/667 892/494/668
f 892/494/668 291/493/667 290/495/669
f 892/494/668 290/495/669 891/496/670
f 891/496/671 290/495/669 289/497/672
f 891/496/671 289/497/672 890/498/673
f 890/498/674 289/497/672 288/499/675
f 890/498/676 288/499/675 889/500/677
f 889/500/677 288/499/675 287/501/678
f 889/500/677 287/501/678 888/502/679
f 888/502/679 287/501/678 286/503/680
f 888/502/681 286/503/680 887/482/651
f 887/482/654 286/503/680 285/484/655
f 294/488/660 45/487/659 59/51/63
f 59/51/63 45/487/659 46/49/61
f 47/47/59 48/504/682 666/45/55
f 666/45/55 48/504/682 695/505/683
f 666/45/55 695/505/683 696/43/51
f 696/43/51 695/505/683 864/506/684
f 696/43/54 864/506/684 863/41/685
f 863/41/48 864/506/684 177/507/686
f 863/41/48 177/507/686 176/39/45
f 176/39/46 177/507/686 182/508/687
f 176/39/45 182/508/687 183/37/42
f 183/37/42 182/508/687 117/509/688
f 183/37/42 117/509/688 116/35/39
f 116/35/39 117/509/688 127/510/689
f 116/35/39 127/510/689 128/33/37
f 128/33/37 127/510/689 729/511/690
f 128/33/37 729/511/691 730/31/35
f 730/31/35 729/511/691 830/512/692
f 730/31/35 830/512/692 829/29/34
f 829/29/34 830/512/692 801/513/693
f 829/29/32 801/513/694 800/27/695
f 800/27/695 801/513/694 771/514/696
f 800/27/29 771/514/696 770/25/26
f 770/25/26 771/514/697 82/515/698
f 770/25/26 82/515/698 81/23/21
f 81/23/24 82/515/698 19/21/19
f 49/516/699 61/517/700 48/504/682
f 48/504/682 61/517/701 865/518/702
f 48/504/682 865/518/702 695/505/683
f 695/505/683 865/518/702 864/506/684
f 50/519/703 121/520/704 49/516/699
f 49/516/699 121/520/704 179/521/705
f 49/516/699 179/521/705 61/517/700
f 61/517/700 179/521/705 180/522/706
f 61/517/701 180/522/706 178/523/707
f 178/523/707 180/522/706 181/524/708
f 178/523/707 181/524/708 177/507/686
f 177/507/686 181/524/708 182/508/687
f 19/21/19 780/525/709 50/519/703
f 50/519/703 780/525/710 723/526/711
f 50/519/703 723/526/711 122/527/712
f 122/527/713 723/526/711 724/528/714
f 122/527/715 724/528/714 123/529/716
f 123/529/716 724/528/714 725/530/717
f 123/529/716 725/530/717 124/531/718
f 124/531/719 725/530/717 726/532/720
f 124/531/719 726/532/720 125/533/721
f 125/533/721 726/532/722 727/534/723
f 125/533/721 727/534/723 126/535/724
f 126/535/724 727/534/723 728/536/725
f 126/535/724 728/536/725 127/510/689
f 127/510/689 728/536/725 729/511/691
f 28/329/9 437/337/726 53/537/727
f 53/537/728 437/337/455 436/339/458
f 53/537/728 436/339/458 924/538/729
f 924/538/729 436/339/459 435/341/461
f 924/538/729 435/341/461 925/539/730
f 925/539/731 435/341/461 434/343/463
f 925/539/731 434/343/463 926/540/732
f 926/540/732 434/343/463 433/345/466
f 926/540/732 433/345/466 927/319/426
f 927/319/426 433/345/466 432/320/427
f 55/541/733 44/466/1 951/542/734
f 951/542/734 44/466/1 352/543/735
f 951/542/734 352/543/735 922/544/736
f 922/544/736 352/543/735 350/545/737
f 922/544/736 350/545/737 349/546/738
f 349/546/739 350/545/737 354/547/740
f 349/546/739 354/547/741 355/548/742
f 355/548/742 354/547/740 891/496/670
f 355/548/743 891/496/670 890/498/674
f 379/316/420 866/315/419 380/332/744
f 380/332/445 866/315/419 27/314/9
f 44/466/1 894/490/662 57/549/745
f 57/549/745 894/490/662 893/492/664
f 57/549/746 893/492/747 353/550/748
f 353/550/748 893/492/747 892/494/668
f 353/550/749 892/494/668 354/547/740
f 354/547/740 892/494/668 891/496/670
f 208/290/750 26/108/141 58/106/139
f 25/276/367 694/292/389 60/551/751
f 60/551/751 694/292/389 693/294/391
f 60/551/751 693/294/391 722/552/752
f 722/552/753 693/294/391 692/296/393
f 722/552/752 692/296/393 721/553/754
f 721/553/754 692/296/393 691/298/396
f 721/553/754 691/298/396 720/554/755
f 720/554/755 691/298/396 690/300/398
f 720/554/755 690/300/398 719/555/756
f 719/555/756 690/300/757 689/302/401
f 719/555/756 689/302/400 718/556/758
f 718/556/758 689/302/401 688/304/404
f 718/556/758 688/304/404 717/557/759
f 717/557/759 688/304/404 687/306/408
f 717/557/760 687/306/761 716/558/762
f 716/558/762 687/306/408 686/308/763
f 716/558/762 686/308/410 715/559/764
f 715/559/764 686/308/410 685/310/765
f 715/559/766 685/310/765 714/560/767
f 714/560/767 685/310/413 684/312/416
f 714/560/767 684/312/768 713/257/339
f 713/257/769 684/312/768 683/259/343
f 50/519/703 122/527/713 121/520/704
f 121/520/704 122/527/713 123/529/716
f 121/520/704 123/529/716 120/561/770
f 120/561/770 123/529/716 124/531/719
f 120/561/771 124/531/772 119/562/773
f 119/562/773 124/531/718 125/533/721
f 119/562/773 125/533/774 118/563/775
f 118/563/775 125/533/721 126/535/724
f 118/563/775 126/535/724 117/509/688
f 117/509/688 126/535/724 127/510/689
f 23/235/309 751/268/356 62/564/776
f 62/564/776 751/268/356 750/270/358
f 62/564/777 750/270/359 810/565/778
f 810/565/779 750/270/358 749/272/363
f 810/565/779 749/272/363 811/566/780
f 811/566/780 749/272/363 748/274/365
f 811/566/780 748/274/365 812/243/321
f 812/243/321 748/274/365 747/245/324
f 63/567/781 19/21/19 92/568/782
f 92/568/783 19/21/19 91/569/784
f 92/568/782 91/569/784 63/567/781
f 63/567/781 91/569/784 779/570/785
f 63/567/781 779/570/785 809/571/786
f 809/571/786 779/570/785 808/572/787
f 809/571/788 808/572/787 780/525/710
f 780/525/709 808/572/787 836/573/789
f 780/525/709 836/573/789 723/526/711
f 723/526/711 836/573/790 724/528/714
f 67/206/265 22/205/264 66/574/791
f 66/574/792 22/205/264 65/238/312
f 66/574/791 65/238/312 754/240/316
f 67/206/265 66/574/792 755/575/793
f 755/575/793 66/574/791 754/240/316
f 755/575/793 754/240/794 784/242/320
f 68/207/795 67/206/266 756/576/796
f 756/576/797 67/206/265 755/575/793
f 756/576/797 755/575/793 785/577/798
f 785/577/798 755/575/793 784/242/320
f 785/577/798 784/242/320 813/244/322
f 69/208/269 70/578/799 21/175/230
f 21/175/230 70/578/799 71/579/800
f 21/175/230 71/579/801 72/580/802
f 72/580/803 71/579/800 760/581/804
f 72/580/803 760/581/804 761/582/805
f 761/582/805 760/581/806 790/583/807
f 761/582/808 790/583/809 791/584/810
f 791/584/810 790/583/807 819/585/811
f 791/584/812 819/585/811 820/586/813
f 820/586/814 819/585/811 740/587/815
f 820/586/814 740/587/816 739/588/817
f 739/588/818 740/587/815 138/589/819
f 739/588/817 138/589/819 137/590/820
f 137/590/820 138/589/819 106/591/821
f 137/590/820 106/591/821 107/592/822
f 107/592/823 106/591/821 193/593/824
f 107/592/822 193/593/824 192/594/825
f 192/594/825 193/593/826 166/595/827
f 192/594/825 166/595/827 167/596/828
f 167/596/828 166/595/827 853/597/829
f 167/596/828 853/597/829 854/598/830
f 854/598/830 853/597/831 706/599/832
f 854/598/830 706/599/832 705/600/833
f 705/600/833 706/599/832 676/601/834
f 705/600/833 676/601/835 675/602/836
f 675/602/836 676/601/835 246/603/837
f 675/602/836 246/603/838 245/604/839
f 245/604/839 246/603/838 228/605/840
f 245/604/841 228/605/840 229/606/842
f 229/606/842 228/605/840 658/64/843
f 229/606/844 658/64/82 659/62/79
f 69/208/845 758/210/272 70/578/799
f 70/578/799 758/210/272 759/607/846
f 70/578/799 759/607/847 71/579/801
f 71/579/800 759/607/847 760/581/804
f 72/580/803 73/608/848 21/175/230
f 21/175/230 73/608/848 74/609/849
f 21/175/230 74/609/849 75/176/231
f 75/176/231 74/609/849 763/610/850
f 75/176/231 763/610/850 764/611/851
f 764/611/851 763/610/850 793/612/852
f 764/611/851 793/612/852 794/613/853
f 794/613/853 793/612/852 822/614/854
f 794/613/853 822/614/854 823/615/855
f 823/615/855 822/614/854 737/616/856
f 823/615/855 737/616/857 736/617/858
f 736/617/858 737/616/859 135/618/860
f 736/617/858 135/618/860 134/619/861
f 134/619/861 135/618/860 109/620/862
f 134/619/863 109/620/864 110/621/865
f 110/621/865 109/620/862 190/622/866
f 110/621/865 190/622/866 189/623/867
f 189/623/867 190/622/866 169/624/868
f 189/623/867 169/624/868 170/625/869
f 170/625/870 169/624/868 856/626/871
f 170/625/870 856/626/871 857/627/872
f 857/627/872 856/626/871 703/628/873
f 857/627/872 703/628/873 702/629/874
f 702/629/875 703/628/873 673/630/876
f 702/629/874 673/630/876 672/631/877
f 672/631/877 673/630/876 243/632/878
f 672/631/877 243/632/878 242/633/879
f 242/633/879 243/632/878 231/634/880
f 242/633/879 231/634/880 232/635/881
f 232/635/882 231/634/880 661/58/883
f 232/635/881 661/58/884 662/56/885
f 72/580/802 761/582/805 73/608/848
f 73/608/848 761/582/805 762/636/886
f 73/608/848 762/636/886 74/609/849
f 74/609/849 762/636/886 763/610/850
f 765/179/234 76/177/232 764/611/851
f 764/611/851 76/177/232 75/176/231
f 79/20/18 20/19/17 78/637/887
f 78/637/887 20/19/17 77/178/233
f 78/637/887 77/178/888 766/180/235
f 79/20/18 78/637/887 767/638/889
f 767/638/889 78/637/887 766/180/235
f 767/638/889 766/180/235 796/182/890
f 80/22/20 79/20/18 768/639/891
f 768/639/891 79/20/18 767/638/889
f 768/639/891 767/638/889 797/640/892
f 797/640/892 767/638/889 796/182/238
f 797/640/892 796/182/238 825/184/240
f 82/515/698 83/641/893 19/21/19
f 19/21/19 83/641/894 84/642/895
f 19/21/19 84/642/896 85/643/897
f 85/643/897 84/642/895 773/644/898
f 85/643/897 773/644/898 774/645/899
f 774/645/899 773/644/898 803/646/900
f 774/645/899 803/646/900 804/647/901
f 804/647/901 803/646/902 832/648/903
f 804/647/901 832/648/903 833/649/904
f 833/649/904 832/648/903 727/534/905
f 833/649/904 727/534/723 726/532/720
f 82/515/698 771/514/696 83/641/893
f 83/641/906 771/514/696 772/650/907
f 83/641/894 772/650/908 84/642/895
f 84/642/895 772/650/907 773/644/909
f 85/643/897 86/651/910 19/21/19
f 19/21/19 86/651/910 87/652/911
f 19/21/19 87/652/912 88/653/913
f 88/653/914 87/652/915 776/654/916
f 88/653/914 776/654/917 777/655/918
f 777/655/918 776/654/917 806/656/919
f 777/655/918 806/656/919 807/657/920
f 807/657/921 806/656/919 835/658/922
f 807/657/921 835/658/923 836/573/789
f 836/573/789 835/658/922 724/528/714
f 85/643/897 774/645/899 86/651/924
f 86/651/910 774/645/899 775/659/925
f 86/651/910 775/659/926 87/652/911
f 87/652/911 775/659/927 776/654/917
f 88/653/914 89/660/928 19/21/19
f 19/21/19 89/660/928 90/661/929
f 19/21/19 90/661/929 91/569/784
f 91/569/784 90/661/930 779/570/785
f 88/653/913 777/655/918 89/660/931
f 89/660/932 777/655/933 778/662/934
f 89/660/932 778/662/935 90/661/929
f 90/661/929 778/662/934 779/570/936
f 780/525/710 19/21/937 809/571/786
f 809/571/786 19/21/19 63/567/781
f 149/269/357 150/267/353 94/280/373
f 94/280/372 150/267/354 93/266/351
f 148/271/361 149/269/357 95/282/375
f 95/282/375 149/269/357 94/280/372
f 147/273/364 148/271/361 96/284/377
f 96/284/377 148/271/361 95/282/375
f 146/275/366 147/273/364 97/286/380
f 97/286/380 147/273/364 96/284/377
f 145/247/326 146/275/366 98/288/383
f 98/288/383 146/275/366 97/286/380
f 98/288/383 99/249/328 145/247/326
f 100/250/329 101/663/938 143/664/939
f 143/664/940 101/663/941 142/665/942
f 143/664/939 142/665/942 744/666/943
f 744/666/943 142/665/942 743/215/279
f 744/666/943 743/215/280 816/213/277
f 101/663/944 102/667/945 142/665/942
f 142/665/942 102/667/946 141/217/282
f 142/665/942 141/217/282 743/215/279
f 100/250/329 199/252/331 101/663/938
f 101/663/947 199/252/332 198/668/948
f 101/663/938 198/668/949 102/667/946
f 102/667/946 198/668/950 197/669/951
f 102/667/946 197/669/951 103/219/286
f 103/219/286 197/669/951 196/221/952
f 102/667/945 103/219/286 141/217/282
f 104/220/287 105/670/953 139/671/954
f 139/671/954 105/670/953 138/589/819
f 139/671/954 138/589/819 740/587/815
f 138/589/819 105/670/953 106/591/821
f 106/591/821 105/670/953 194/672/955
f 106/591/821 194/672/955 193/593/826
f 193/593/826 194/672/955 165/673/956
f 193/593/826 165/673/956 166/595/827
f 166/595/827 165/673/956 852/674/957
f 166/595/827 852/674/957 853/597/829
f 853/597/829 852/674/957 707/675/958
f 853/597/959 707/675/958 706/599/832
f 706/599/832 707/675/958 677/676/960
f 706/599/832 677/676/960 676/601/961
f 676/601/834 677/676/962 247/677/963
f 676/601/834 247/677/963 246/603/837
f 246/603/838 247/677/963 227/678/964
f 246/603/837 227/678/965 228/605/966
f 228/605/967 227/678/965 657/66/84
f 228/605/840 657/66/86 658/64/82
f 194/672/955 105/670/953 195/222/290
f 195/222/290 105/670/953 104/220/968
f 107/592/822 108/679/969 136/680/970
f 136/680/971 108/679/969 135/618/860
f 136/680/972 135/618/860 737/616/973
f 135/618/860 108/679/969 109/620/864
f 109/620/864 108/679/969 191/681/974
f 109/620/864 191/681/975 190/622/866
f 190/622/866 191/681/976 168/682/977
f 190/622/866 168/682/978 169/624/868
f 169/624/868 168/682/979 855/683/980
f 169/624/981 855/683/980 856/626/871
f 856/626/871 855/683/980 704/684/982
f 856/626/871 704/684/982 703/628/873
f 703/628/873 704/684/983 674/685/984
f 703/628/873 674/685/984 673/630/876
f 673/630/876 674/685/984 244/686/985
f 673/630/876 244/686/986 243/632/878
f 243/632/878 244/686/985 230/687/987
f 243/632/878 230/687/987 231/634/880
f 231/634/880 230/687/987 660/60/76
f 231/634/880 660/60/76 661/58/883
f 191/681/974 108/679/969 192/594/825
f 192/594/825 108/679/969 107/592/822
f 134/619/861 110/621/865 133/187/243
f 133/187/988 110/621/865 111/189/989
f 188/191/990 111/189/989 189/623/867
f 189/623/867 111/189/245 110/621/865
f 112/190/246 113/688/991 131/689/992
f 131/689/992 113/688/993 130/690/994
f 131/689/992 130/690/995 732/691/996
f 732/691/996 130/690/995 731/30/997
f 732/691/996 731/30/33 828/28/31
f 113/688/991 114/692/998 130/690/994
f 130/690/999 114/692/998 129/32/36
f 130/690/994 129/32/36 731/30/997
f 112/190/246 187/192/248 113/688/991
f 113/688/991 187/192/248 186/693/1000
f 113/688/991 186/693/1001 114/692/998
f 114/692/998 186/693/1000 185/694/1002
f 114/692/998 185/694/1003 115/34/38
f 115/34/38 185/694/1003 184/36/40
f 114/692/998 115/34/38 129/32/36
f 117/509/688 182/508/687 118/563/1004
f 118/563/1004 182/508/687 181/524/708
f 118/563/775 181/524/708 119/562/773
f 119/562/1005 181/524/708 180/522/706
f 119/562/773 180/522/706 120/561/1006
f 120/561/1006 180/522/1007 179/521/705
f 120/561/1006 179/521/705 121/520/704
f 112/190/246 131/689/992 132/188/244
f 132/188/244 131/689/992 733/695/1008
f 132/188/244 733/695/1008 734/186/242
f 734/186/242 733/695/1008 826/696/1009
f 734/186/242 826/696/1009 825/184/1010
f 825/184/240 826/696/1009 797/640/1011
f 733/695/1008 131/689/992 732/691/996
f 736/617/858 134/619/1012 735/185/241
f 735/185/241 134/619/1012 133/187/243
f 107/592/823 136/680/970 137/590/820
f 137/590/820 136/680/1013 738/697/1014
f 137/590/820 738/697/1014 739/588/817
f 739/588/817 738/697/1014 821/698/1015
f 739/588/817 821/698/1016 820/586/814
f 820/586/814 821/698/1015 792/699/1017
f 820/586/813 792/699/1018 791/584/812
f 791/584/810 792/699/1018 762/636/886
f 791/584/810 762/636/886 761/582/808
f 738/697/1014 136/680/1019 737/616/1020
f 104/220/287 139/671/954 140/218/1021
f 140/218/284 139/671/954 741/700/1022
f 140/218/1021 741/700/1022 742/216/281
f 742/216/281 741/700/1022 818/701/1023
f 742/216/281 818/701/1023 817/214/278
f 817/214/278 818/701/1023 789/702/1024
f 817/214/278 789/702/1024 788/212/276
f 788/212/275 789/702/1024 759/607/846
f 788/212/275 759/607/847 758/210/272
f 741/700/1025 139/671/954 740/587/816
f 100/250/329 143/664/939 144/248/327
f 144/248/327 143/664/939 745/703/1026
f 144/248/327 745/703/1026 746/246/325
f 746/246/1027 745/703/1026 814/704/1028
f 746/246/325 814/704/1028 813/244/322
f 813/244/322 814/704/1028 785/577/798
f 745/703/1026 143/664/940 744/666/943
f 206/279/371 207/278/370 152/705/1029
f 152/705/1030 207/278/370 151/277/368
f 152/705/1030 151/277/368 838/706/1031
f 838/706/1032 151/277/368 837/707/1033
f 838/706/1032 837/707/1033 722/552/752
f 722/552/752 837/707/1033 60/551/751
f 205/281/374 206/279/371 153/708/1034
f 153/708/1035 206/279/371 152/705/1030
f 153/708/1035 152/705/1036 839/709/1037
f 839/709/1037 152/705/1029 838/706/1032
f 839/709/1037 838/706/1031 721/553/754
f 721/553/754 838/706/1031 722/552/752
f 204/283/376 205/281/374 154/710/1038
f 154/710/1038 205/281/374 153/708/1039
f 154/710/1038 153/708/1034 840/711/1040
f 840/711/1040 153/708/1034 839/709/1037
f 840/711/1041 839/709/1037 720/554/755
f 720/554/755 839/709/1037 721/553/754
f 203/285/379 204/283/376 155/712/1042
f 155/712/1042 204/283/376 154/710/1038
f 155/712/1042 154/710/1038 841/713/1043
f 841/713/1043 154/710/1044 840/711/1041
f 841/713/1043 840/711/1041 719/555/756
f 719/555/756 840/711/1041 720/554/755
f 202/287/382 203/285/379 156/714/1045
f 156/714/1046 203/285/379 155/712/1042
f 156/714/1045 155/712/1042 842/715/1047
f 842/715/1047 155/712/1042 841/713/1043
f 842/715/1048 841/713/1043 718/556/758
f 718/556/1049 841/713/1043 719/555/756
f 201/289/384 202/287/381 157/716/1050
f 157/716/1051 202/287/382 156/714/1052
f 157/716/1051 156/714/1045 843/717/1053
f 843/717/1053 156/714/1045 842/715/1047
f 843/717/1053 842/715/1047 717/557/760
f 717/557/760 842/715/1048 718/556/758
f 200/251/1054 201/289/384 158/718/1055
f 158/718/1055 201/289/384 157/716/1051
f 158/718/1055 157/716/1050 844/719/1056
f 844/719/1057 157/716/1051 843/717/1053
f 844/719/1057 843/717/1058 716/558/762
f 716/558/762 843/717/1053 717/557/759
f 200/251/330 158/718/1055 159/253/334
f 159/253/334 158/718/1055 845/720/1059
f 159/253/334 845/720/1059 846/255/336
f 846/255/336 845/720/1059 714/560/767
f 846/255/336 714/560/767 713/257/340
f 845/720/1059 158/718/1055 844/719/1057
f 198/668/948 199/252/331 160/254/335
f 197/669/951 198/668/948 161/721/1060
f 161/721/1061 198/668/948 160/254/335
f 161/721/1060 160/254/335 847/256/338
f 196/221/289 197/669/1062 162/722/1063
f 162/722/1063 197/669/951 161/721/1061
f 162/722/1063 161/721/1060 848/723/1064
f 848/723/1065 161/721/1060 847/256/338
f 848/723/1064 847/256/1066 712/258/341
f 196/221/289 162/722/1063 163/223/1067
f 163/223/1068 162/722/1069 849/724/1070
f 163/223/292 849/724/1070 850/225/294
f 850/225/294 849/724/1070 710/725/1071
f 850/225/294 710/725/1071 709/227/297
f 709/227/297 710/725/1071 680/726/1072
f 709/227/298 680/726/1072 679/229/300
f 679/229/300 680/726/1072 250/727/1073
f 679/229/300 250/727/1073 249/231/302
f 249/231/1074 250/727/1073 224/728/1075
f 249/231/302 224/728/1075 225/233/304
f 225/233/304 224/728/1075 654/72/92
f 225/233/306 654/72/92 655/70/89
f 849/724/1070 162/722/1063 848/723/1064
f 194/672/955 195/222/290 164/224/1076
f 194/672/955 164/224/293 165/673/956
f 165/673/1077 164/224/293 851/226/295
f 165/673/956 851/226/296 852/674/957
f 852/674/957 851/226/295 708/228/299
f 852/674/957 708/228/299 707/675/958
f 707/675/958 708/228/299 678/230/1078
f 707/675/958 678/230/301 677/676/960
f 677/676/960 678/230/301 248/232/303
f 677/676/960 248/232/1079 247/677/963
f 247/677/963 248/232/303 226/234/1080
f 247/677/963 226/234/305 227/678/964
f 227/678/964 226/234/305 656/68/308
f 227/678/965 656/68/87 657/66/1081
f 191/681/974 192/594/825 167/596/828
f 191/681/974 167/596/828 168/682/978
f 168/682/978 167/596/828 854/598/830
f 168/682/978 854/598/830 855/683/980
f 855/683/980 854/598/830 705/600/833
f 855/683/980 705/600/833 704/684/982
f 704/684/982 705/600/833 675/602/836
f 704/684/1082 675/602/836 674/685/984
f 674/685/984 675/602/836 245/604/839
f 674/685/984 245/604/841 244/686/985
f 244/686/985 245/604/841 229/606/842
f 244/686/985 229/606/842 230/687/987
f 230/687/987 229/606/844 659/62/79
f 230/687/987 659/62/79 660/60/76
f 188/191/247 189/623/1083 170/625/869
f 188/191/990 170/625/870 171/193/249
f 171/193/249 170/625/869 857/627/872
f 171/193/252 857/627/872 858/195/253
f 858/195/253 857/627/872 702/629/874
f 858/195/253 702/629/874 701/197/256
f 701/197/1084 702/629/874 672/631/877
f 701/197/1084 672/631/877 671/199/258
f 671/199/258 672/631/877 242/633/879
f 671/199/258 242/633/879 241/201/260
f 241/201/260 242/633/879 232/635/881
f 241/201/260 232/635/881 233/203/262
f 233/203/262 232/635/881 662/56/71
f 233/203/262 662/56/71 663/54/68
f 186/693/1085 187/192/248 172/194/251
f 185/694/1003 186/693/1085 173/729/1086
f 173/729/1087 186/693/1085 172/194/251
f 173/729/1086 172/194/251 859/196/254
f 184/36/40 185/694/1003 174/730/1088
f 174/730/1088 185/694/1003 173/729/1086
f 174/730/1088 173/729/1086 860/731/1089
f 860/731/1089 173/729/1087 859/196/254
f 860/731/1089 859/196/254 700/198/257
f 184/36/40 174/730/1088 175/38/43
f 175/38/43 174/730/1090 861/732/1091
f 175/38/44 861/732/1091 862/40/47
f 862/40/1092 861/732/1091 698/733/1093
f 862/40/47 698/733/1093 697/42/52
f 697/42/52 698/733/1094 668/734/1095
f 697/42/52 668/734/1095 667/44/53
f 667/44/53 668/734/1095 238/735/1096
f 667/44/53 238/735/1096 237/46/58
f 237/46/57 238/735/1096 236/48/60
f 861/732/1091 174/730/1088 860/731/1089
f 865/518/702 61/517/700 178/523/707
f 865/518/702 178/523/707 864/506/684
f 864/506/684 178/523/707 177/507/686
f 264/293/1097 265/291/388 209/736/1098
f 209/736/1098 265/291/388 208/290/750
f 209/736/1098 208/290/385 638/104/138
f 638/104/136 208/290/750 58/106/139
f 263/295/392 264/293/1099 210/737/1100
f 210/737/1100 264/293/1099 209/736/1098
f 210/737/1100 209/736/1098 639/102/134
f 639/102/134 209/736/1098 638/104/136
f 262/297/394 263/295/392 211/738/1101
f 211/738/1101 263/295/392 210/737/1100
f 211/738/1102 210/737/1100 640/100/131
f 640/100/131 210/737/1100 639/102/134
f 261/299/397 262/297/394 212/739/1103
f 212/739/1103 262/297/394 211/738/1101
f 212/739/1104 211/738/1101 641/98/127
f 641/98/127 211/738/1101 640/100/131
f 260/301/399 261/299/397 213/740/1105
f 213/740/1105 261/299/397 212/739/1103
f 213/740/1105 212/739/1103 642/96/125
f 642/96/1106 212/739/1103 641/98/127
f 259/303/402 260/301/399 214/741/1107
f 214/741/1108 260/301/399 213/740/1105
f 214/741/1107 213/740/1105 643/94/122
f 643/94/122 213/740/1105 642/96/1106
f 258/305/406 259/303/405 215/742/1109
f 215/742/1110 259/303/1111 214/741/1107
f 215/742/1109 214/741/1107 644/92/120
f 644/92/120 214/741/1107 643/94/122
f 257/307/409 258/305/406 216/743/1112
f 216/743/1112 258/305/406 215/742/1109
f 216/743/1112 215/742/1109 645/90/118
f 645/90/118 215/742/1110 644/92/120
f 256/309/412 257/307/409 217/744/1113
f 217/744/1114 257/307/409 216/743/1112
f 217/744/1114 216/743/1115 646/88/116
f 646/88/116 216/743/1116 645/90/118
f 255/311/414 256/309/412 218/745/1117
f 218/745/1118 256/309/412 217/744/1114
f 218/745/1118 217/744/1114 647/86/113
f 647/86/115 217/744/1114 646/88/116
f 254/313/417 255/311/414 219/746/1119
f 219/746/1119 255/311/414 218/745/1118
f 219/746/1119 218/745/1120 648/84/111
f 648/84/111 218/745/1120 647/86/113
f 253/261/345 254/313/1121 220/747/1122
f 220/747/1122 254/313/1121 219/746/1119
f 220/747/1122 219/746/1119 649/82/107
f 649/82/107 219/746/1119 648/84/111
f 253/261/1123 220/747/1122 221/263/347
f 221/263/347 220/747/1122 650/80/105
f 221/263/347 650/80/105 651/78/102
f 650/80/1124 220/747/1122 649/82/107
f 222/264/348 223/748/1125 251/749/1126
f 251/749/1126 223/748/1125 250/727/1073
f 251/749/1126 250/727/1073 680/726/1072
f 250/727/1073 223/748/1125 224/728/1075
f 224/728/1075 223/748/1125 653/74/96
f 224/728/1075 653/74/1127 654/72/1128
f 653/74/1129 223/748/1125 652/76/99
f 652/76/99 223/748/1125 222/264/348
f 234/204/263 235/750/1130 239/751/1131
f 239/751/1131 235/750/1130 238/735/1096
f 239/751/1131 238/735/1132 668/734/1095
f 665/50/62 236/48/1133 235/750/1130
f 235/750/1130 236/48/1133 238/735/1096
f 665/50/62 235/750/1130 664/52/65
f 664/52/65 235/750/1130 234/204/263
f 234/204/263 239/751/1131 240/202/261
f 240/202/261 239/751/1134 669/752/1135
f 240/202/1136 669/752/1135 670/200/1137
f 670/200/259 669/752/1135 699/753/1138
f 670/200/259 699/753/1138 700/198/257
f 700/198/257 699/753/1138 860/731/1089
f 669/752/1135 239/751/1131 668/734/1095
f 222/264/348 251/749/1126 252/262/346
f 252/262/346 251/749/1126 681/754/1139
f 252/262/346 681/754/1139 682/260/344
f 682/260/344 681/754/1139 711/755/1140
f 682/260/344 711/755/1140 712/258/342
f 712/258/342 711/755/1141 848/723/1065
f 681/754/1139 251/749/1126 680/726/1072
f 266/111/1142 267/756/1143 321/757/1144
f 321/757/1144 267/756/1143 320/758/1145
f 321/757/1144 320/758/1145 636/105/1146
f 636/105/1146 320/758/1145 635/103/135
f 267/756/1143 268/759/1147 320/758/1145
f 320/758/1145 268/759/1147 319/760/1148
f 320/758/1145 319/760/1148 635/103/135
f 635/103/135 319/760/1148 634/101/132
f 266/111/1142 868/113/148 267/756/1143
f 267/756/1143 868/113/148 869/761/1149
f 267/756/1143 869/761/1149 268/759/1147
f 268/759/1150 869/761/1149 870/762/1151
f 268/759/1150 870/762/1151 269/763/1152
f 269/763/1153 870/762/1151 871/764/1154
f 269/763/1155 871/764/1156 270/765/1157
f 270/765/1157 871/764/1154 872/766/1158
f 270/765/1157 872/766/1158 271/767/1159
f 271/767/1160 872/766/1161 873/768/1162
f 271/767/1163 873/768/1162 272/769/1164
f 272/769/1164 873/768/1165 874/770/1166
f 272/769/1164 874/770/1166 273/771/1167
f 273/771/1168 874/770/1166 875/772/1169
f 273/771/1167 875/772/1170 274/773/1171
f 274/773/1171 875/772/1170 876/774/1172
f 274/773/1171 876/774/1173 275/775/1174
f 275/775/1175 876/774/1172 877/776/1176
f 275/775/1174 877/776/1176 276/777/1177
f 276/777/1177 877/776/1176 878/778/1178
f 276/777/1177 878/778/1178 277/779/1179
f 277/779/1179 878/778/1180 879/780/1181
f 277/779/1182 879/780/1183 278/781/1184
f 278/781/1184 879/780/1181 880/782/1185
f 278/781/1184 880/782/1185 279/783/1186
f 279/783/1186 880/782/1185 881/784/1187
f 279/783/1186 881/784/1187 280/785/1188
f 280/785/1188 881/784/1187 882/786/1189
f 280/785/1190 882/786/1191 281/787/1192
f 281/787/1192 882/786/1189 883/169/221
f 281/787/1192 883/169/221 282/171/224
f 268/759/1147 269/763/1153 319/760/1148
f 319/760/1148 269/763/1153 318/788/1193
f 319/760/1148 318/788/1193 634/101/132
f 634/101/132 318/788/1193 633/99/1194
f 269/763/1153 270/765/1157 318/788/1193
f 318/788/1193 270/765/1157 317/789/1195
f 318/788/1193 317/789/1195 633/99/128
f 633/99/129 317/789/1195 632/97/126
f 270/765/1157 271/767/1159 317/789/1195
f 317/789/1195 271/767/1159 316/790/1196
f 317/789/1195 316/790/1196 632/97/126
f 632/97/126 316/790/1197 631/95/124
f 271/767/1159 272/769/1164 316/790/1197
f 316/790/1197 272/769/1164 315/791/1198
f 316/790/1196 315/791/1199 631/95/124
f 631/95/124 315/791/1199 630/93/121
f 272/769/1164 273/771/1167 315/791/1198
f 315/791/1198 273/771/1167 314/792/1200
f 315/791/1199 314/792/1200 630/93/121
f 630/93/123 314/792/1200 629/91/119
f 273/771/1168 274/773/1171 314/792/1200
f 314/792/1200 274/773/1171 313/793/1201
f 314/792/1200 313/793/1202 629/91/119
f 629/91/119 313/793/1202 628/89/117
f 274/773/1171 275/775/1174 313/793/1201
f 313/793/1202 275/775/1175 312/794/1203
f 313/793/1202 312/794/1203 628/89/117
f 628/89/1204 312/794/1203 627/87/114
f 275/775/1175 276/777/1177 312/794/1203
f 312/794/1203 276/777/1177 311/795/1205
f 312/794/1203 311/795/1206 627/87/114
f 627/87/114 311/795/1207 626/85/112
f 276/777/1177 277/779/1182 311/795/1206
f 311/795/1206 277/779/1179 310/796/1208
f 311/795/1206 310/796/1208 626/85/112
f 626/85/112 310/796/1208 625/83/108
f 277/779/1182 278/781/1184 310/796/1208
f 310/796/1208 278/781/1184 309/797/1209
f 310/796/1208 309/797/1209 625/83/108
f 625/83/108 309/797/1210 624/81/106
f 278/781/1184 279/783/1186 309/797/1209
f 309/797/1209 279/783/1211 308/798/1212
f 309/797/1209 308/798/1213 624/81/106
f 624/81/106 308/798/1213 623/79/103
f 279/783/1186 280/785/1188 308/798/1213
f 308/798/1213 280/785/1190 307/799/1214
f 308/798/1212 307/799/1214 623/79/103
f 623/79/103 307/799/1214 622/77/101
f 280/785/1190 281/787/1192 307/799/1214
f 307/799/1214 281/787/1192 306/800/1215
f 307/799/1214 306/800/1215 622/77/101
f 622/77/101 306/800/1215 621/75/97
f 281/787/1192 282/171/224 306/800/1215
f 306/800/1215 282/171/224 305/173/227
f 306/800/1215 305/173/1216 621/75/97
f 621/75/98 305/173/227 620/73/93
f 304/174/228 283/172/225 284/485/656
f 284/485/656 283/172/225 885/801/1217
f 284/485/656 885/801/1218 886/483/653
f 886/483/652 885/801/1218 360/802/1219
f 886/483/1220 360/802/1219 359/481/650
f 359/481/650 360/802/1219 344/803/1221
f 359/481/650 344/803/1222 345/479/647
f 345/479/647 344/803/1223 917/804/1224
f 345/479/647 917/804/1225 918/477/643
f 918/477/643 917/804/1224 946/805/1226
f 918/477/643 946/805/1226 947/475/641
f 947/475/641 946/805/1226 413/806/1227
f 947/475/641 413/806/1227 412/473/639
f 412/473/639 413/806/1227 406/807/1228
f 412/473/1229 406/807/1228 407/471/637
f 407/471/637 406/807/1228 977/808/1230
f 407/471/637 977/808/1230 978/469/635
f 978/469/635 977/808/1230 467/809/1231
f 978/469/635 467/809/1231 466/467/633
f 466/467/633 467/809/1231 54/465/632
f 885/801/1232 283/172/226 884/170/222
f 285/484/655 286/503/680 302/810/1233
f 302/810/1233 286/503/680 301/811/1234
f 302/810/1233 301/811/1234 617/67/85
f 617/67/85 301/811/1234 616/65/83
f 286/503/680 287/501/678 301/811/1234
f 301/811/1234 287/501/678 300/812/1235
f 301/811/1234 300/812/1235 616/65/83
f 616/65/83 300/812/1235 615/63/80
f 287/501/1236 288/499/1237 300/812/1238
f 300/812/1238 288/499/675 299/813/1239
f 300/812/1235 299/813/1239 615/63/81
f 615/63/80 299/813/1239 614/61/78
f 288/499/675 289/497/672 299/813/1239
f 299/813/1239 289/497/672 298/814/1240
f 299/813/1239 298/814/1240 614/61/78
f 614/61/78 298/814/1240 613/59/77
f 289/497/1241 290/495/669 298/814/1242
f 298/814/1240 290/495/1243 297/815/1244
f 298/814/1240 297/815/1244 613/59/77
f 613/59/77 297/815/1244 612/57/73
f 290/495/669 291/493/667 297/815/1244
f 297/815/1244 291/493/667 296/816/1245
f 297/815/1244 296/816/1245 612/57/73
f 612/57/73 296/816/1246 611/55/1247
f 291/493/667 292/491/666 296/816/1245
f 296/816/1245 292/491/666 295/817/1248
f 296/816/1245 295/817/1248 611/55/69
f 611/55/69 295/817/1248 610/53/67
f 292/491/663 293/489/661 295/817/1248
f 295/817/1248 293/489/661 294/488/660
f 295/817/1248 294/488/660 610/53/67
f 610/53/67 294/488/660 59/51/66
f 285/484/655 302/810/1233 303/486/657
f 303/486/658 302/810/1249 618/69/88
f 303/486/658 618/69/88 619/71/90
f 618/69/88 302/810/1233 617/67/85
f 637/107/140 322/109/142 321/757/1144
f 321/757/1144 322/109/142 266/111/1142
f 637/107/140 321/757/1144 636/105/137
f 324/333/449 323/331/1250 896/818/1251
f 896/818/1251 323/331/1250 895/330/442
f 896/818/1251 895/330/442 924/538/729
f 924/538/729 895/330/442 53/537/728
f 325/317/421 324/333/447 897/819/1252
f 897/819/1252 324/333/448 896/818/1251
f 897/819/1252 896/818/1251 925/539/730
f 925/539/731 896/818/1251 924/538/729
f 327/117/154 328/820/1253 376/821/1254
f 376/821/1255 328/820/1253 375/822/1256
f 376/821/1255 375/822/1256 870/762/1151
f 870/762/1151 375/822/1256 871/764/1154
f 328/820/1257 329/823/1258 375/822/1256
f 375/822/1256 329/823/1259 374/824/1260
f 375/822/1256 374/824/1260 871/764/1154
f 871/764/1156 374/824/1260 872/766/1158
f 327/117/154 900/119/156 328/820/1253
f 328/820/1253 900/119/156 901/825/1261
f 328/820/1253 901/825/1261 329/823/1258
f 329/823/1258 901/825/1262 902/826/1263
f 329/823/1264 902/826/1263 330/827/1265
f 330/827/1265 902/826/1263 903/828/1266
f 330/827/1265 903/828/1266 331/829/1267
f 331/829/1267 903/828/1266 904/830/1268
f 331/829/1267 904/830/1268 332/831/1269
f 332/831/1270 904/830/1268 905/832/1271
f 332/831/1269 905/832/1272 333/833/1273
f 333/833/1273 905/832/1271 906/834/1274
f 333/833/1273 906/834/1274 334/835/1275
f 334/835/1276 906/834/1277 907/836/1278
f 334/835/1276 907/836/1278 335/837/1279
f 335/837/1280 907/836/1278 908/838/1281
f 335/837/1280 908/838/1281 336/839/1282
f 336/839/1282 908/838/1281 909/840/1283
f 336/839/1284 909/840/1283 337/841/1285
f 337/841/1285 909/840/1286 910/842/1287
f 337/841/1285 910/842/1287 338/843/1288
f 338/843/1289 910/842/1290 911/844/1291
f 338/843/1289 911/844/1291 339/845/1292
f 339/845/1292 911/844/1291 912/163/214
f 339/845/1293 912/163/214 340/165/1294
f 329/823/1258 330/827/1295 374/824/1260
f 374/824/1296 330/827/1295 373/846/1297
f 374/824/1260 373/846/1298 872/766/1158
f 872/766/1158 373/846/1297 873/768/1165
f 330/827/1265 331/829/1267 373/846/1297
f 373/846/1297 331/829/1267 372/847/1299
f 373/846/1297 372/847/1299 873/768/1165
f 873/768/1162 372/847/1299 874/770/1166
f 331/829/1267 332/831/1270 372/847/1299
f 372/847/1299 332/831/1270 371/848/1300
f 372/847/1299 371/848/1300 874/770/1166
f 874/770/1166 371/848/1300 875/772/1170
f 332/831/1269 333/833/1273 371/848/1300
f 371/848/1300 333/833/1273 370/849/1301
f 371/848/1300 370/849/1301 875/772/1170
f 875/772/1169 370/849/1301 876/774/1302
f 333/833/1273 334/835/1303 370/849/1301
f 370/849/1301 334/835/1276 369/850/1304
f 370/849/1301 369/850/1304 876/774/1173
f 876/774/1173 369/850/1304 877/776/1176
f 334/835/1275 335/837/1279 369/850/1304
f 369/850/1304 335/837/1279 368/851/1305
f 369/850/1304 368/851/1305 877/776/1176
f 877/776/1176 368/851/1305 878/778/1180
f 335/837/1280 336/839/1284 368/851/1305
f 368/851/1305 336/839/1284 367/852/1306
f 368/851/1305 367/852/1306 878/778/1180
f 878/778/1180 367/852/1306 879/780/1181
f 336/839/1284 337/841/1285 367/852/1306
f 367/852/1306 337/841/1285 366/853/1307
f 367/852/1306 366/853/1307 879/780/1181
f 879/780/1181 366/853/1307 880/782/1185
f 337/841/1308 338/843/1289 366/853/1307
f 366/853/1307 338/843/1288 365/854/1309
f 366/853/1307 365/854/1309 880/782/1185
f 880/782/1310 365/854/1309 881/784/1187
f 338/843/1288 339/845/1292 365/854/1309
f 365/854/1309 339/845/1292 364/855/1311
f 365/854/1309 364/855/1312 881/784/1187
f 881/784/1187 364/855/1312 882/786/1189
f 339/845/1292 340/165/1294 364/855/1312
f 364/855/1312 340/165/217 363/167/219
f 364/855/1312 363/167/219 882/786/1189
f 882/786/1189 363/167/219 883/169/221
f 361/464/631 343/463/628 360/802/1313
f 360/802/1219 343/463/628 344/803/1221
f 917/804/1225 344/803/1221 916/462/625
f 916/462/627 344/803/1223 343/463/628
f 346/478/648 347/856/1314 357/857/1315
f 357/857/1316 347/856/1317 356/858/1318
f 357/857/1316 356/858/1318 889/500/677
f 889/500/677 356/858/1318 890/498/674
f 347/856/1314 348/859/1319 356/858/1318
f 356/858/1318 348/859/1319 355/548/742
f 356/858/1320 355/548/1321 890/498/674
f 346/478/648 919/476/642 347/856/1314
f 347/856/1317 919/476/644 920/860/1322
f 347/856/1323 920/860/1322 348/859/1319
f 348/859/1319 920/860/1322 921/861/1324
f 348/859/1319 921/861/1324 349/546/739
f 349/546/739 921/861/1325 922/544/1326
f 348/859/1319 349/546/738 355/548/743
f 353/550/748 354/547/740 350/545/737
f 57/549/745 353/550/748 351/862/1327
f 351/862/1327 353/550/748 350/545/737
f 351/862/1327 350/545/737 352/543/735
f 44/466/1 55/541/733 409/863/1328
f 409/863/1328 55/541/733 410/864/1329
f 409/863/1328 410/864/1329 408/470/636
f 408/470/636 410/864/1329 411/472/638
f 44/466/1330 57/549/745 351/862/1331
f 352/543/735 44/466/1 351/862/1327
f 346/478/648 357/857/1315 358/480/649
f 358/480/649 357/857/1316 888/502/679
f 358/480/1332 888/502/681 887/482/651
f 888/502/679 357/857/1315 889/500/1333
f 884/170/223 361/464/631 885/801/1217
f 885/801/1217 361/464/1334 360/802/1219
f 327/117/154 376/821/1254 377/115/152
f 377/115/152 376/821/1254 869/761/1149
f 377/115/151 869/761/1149 868/113/148
f 869/761/1149 376/821/1254 870/762/1335
f 52/335/471 952/351/475 381/336/453
f 381/336/453 952/351/474 382/338/456
f 952/351/475 953/353/478 382/338/456
f 382/338/456 953/353/478 383/340/460
f 953/353/478 954/355/481 383/340/460
f 383/340/460 954/355/481 384/342/462
f 954/355/481 955/357/1336 384/342/462
f 384/342/462 955/357/484 385/344/1337
f 955/357/484 956/359/1338 385/344/465
f 385/344/465 956/359/1338 386/346/467
f 956/359/486 957/361/491 386/346/467
f 386/346/467 957/361/491 387/321/428
f 957/361/491 958/322/430 387/321/428
f 389/125/164 390/865/1339 429/866/1340
f 429/866/1340 390/865/1339 428/867/1341
f 429/866/1340 428/867/1341 931/868/1342
f 931/868/1342 428/867/1341 932/869/1343
f 931/868/1342 932/869/1343 903/828/1266
f 903/828/1266 932/869/1343 904/830/1344
f 390/865/1339 391/870/1345 428/867/1341
f 428/867/1341 391/870/1345 427/871/1346
f 428/867/1341 427/871/1346 932/869/1343
f 932/869/1343 427/871/1346 933/872/1347
f 932/869/1343 933/872/1347 904/830/1268
f 904/830/1268 933/872/1347 905/832/1271
f 389/125/164 960/127/168 390/865/1348
f 390/865/1339 960/127/168 961/873/1349
f 390/865/1339 961/873/1350 391/870/1345
f 391/870/1345 961/873/1350 962/874/1351
f 391/870/1345 962/874/1351 392/875/1352
f 392/875/1352 962/874/1351 963/876/1353
f 392/875/1352 963/876/1354 393/877/1355
f 393/877/1356 963/876/1354 964/878/1357
f 393/877/1356 964/878/1358 394/879/1359
f 394/879/1360 964/878/1358 965/880/1361
f 394/879/1360 965/880/1361 395/881/1362
f 395/881/1362 965/880/1363 966/882/1364
f 395/881/1362 966/882/1364 396/883/1365
f 396/883/1365 966/882/1364 967/884/1366
f 396/883/1365 967/884/1366 397/885/1367
f 397/885/1367 967/884/1366 968/155/201
f 397/885/1367 968/155/201 398/157/205
f 391/870/1345 392/875/1352 427/871/1346
f 427/871/1346 392/875/1352 426/886/1368
f 427/871/1346 426/886/1368 933/872/1347
f 933/872/1347 426/886/1368 934/887/1369
f 933/872/1347 934/887/1370 905/832/1272
f 905/832/1272 934/887/1370 906/834/1274
f 392/875/1352 393/877/1356 426/886/1368
f 426/886/1371 393/877/1355 425/888/1372
f 426/886/1368 425/888/1373 934/887/1370
f 934/887/1370 425/888/1373 935/889/1374
f 934/887/1370 935/889/1374 906/834/1375
f 906/834/1375 935/889/1374 907/836/1278
f 393/877/1355 394/879/1360 425/888/1373
f 425/888/1373 394/879/1359 424/890/1376
f 425/888/1373 424/890/1376 935/889/1374
f 935/889/1374 424/890/1376 936/891/1377
f 935/889/1374 936/891/1378 907/836/1278
f 907/836/1278 936/891/1379 908/838/1281
f 394/879/1380 395/881/1362 424/890/1376
f 424/890/1376 395/881/1362 423/892/1381
f 424/890/1376 423/892/1381 936/891/1379
f 936/891/1378 423/892/1381 937/893/1382
f 936/891/1377 937/893/1383 908/838/1281
f 908/838/1281 937/893/1382 909/840/1283
f 395/881/1362 396/883/1365 423/892/1381
f 423/892/1381 396/883/1365 422/894/1384
f 423/892/1381 422/894/1384 937/893/1383
f 937/893/1382 422/894/1385 938/895/1386
f 937/893/1382 938/895/1386 909/840/1283
f 909/840/1283 938/895/1386 910/842/1387
f 396/883/1365 397/885/1367 422/894/1385
f 422/894/1384 397/885/1367 421/896/1388
f 422/894/1384 421/896/1388 938/895/1386
f 938/895/1386 421/896/1388 939/897/1389
f 938/895/1386 939/897/1389 910/842/1387
f 910/842/1290 939/897/1389 911/844/1291
f 397/885/1367 398/157/205 421/896/1388
f 421/896/1388 398/157/205 420/159/208
f 421/896/1388 420/159/208 939/897/1389
f 939/897/1389 420/159/208 940/161/211
f 939/897/1389 940/161/210 911/844/1291
f 911/844/1291 940/161/210 912/163/214
f 419/160/209 399/158/206 400/421/1390
f 400/421/567 399/158/206 970/898/1391
f 400/421/567 970/898/1391 971/419/561
f 971/419/564 970/898/1391 474/899/1392
f 971/419/561 474/899/1392 473/417/557
f 473/417/557 474/899/1392 459/900/1393
f 473/417/558 459/900/1393 460/415/1394
f 460/415/1394 459/900/1395 517/901/1396
f 460/415/1394 517/901/1396 518/413/550
f 518/413/552 517/901/1396 547/902/1397
f 518/413/552 547/902/1397 548/411/547
f 548/411/546 547/902/1398 576/903/1399
f 548/411/546 576/903/1399 577/409/542
f 577/409/1400 576/903/1401 606/904/1402
f 577/409/542 606/904/1402 607/407/541
f 607/407/541 606/904/1402 1/142/1
f 970/898/1391 399/158/206 969/156/203
f 418/422/566 401/420/563 417/439/591
f 417/439/591 401/420/563 402/437/590
f 973/435/585 402/437/590 972/418/560
f 972/418/560 402/437/590 401/420/563
f 414/460/623 405/459/621 413/806/1227
f 413/806/1227 405/459/621 406/807/1228
f 977/808/1230 406/807/1228 976/458/619
f 976/458/619 406/807/1228 405/459/621
f 44/466/1 409/863/1328 923/468/634
f 923/468/634 409/863/1328 408/470/636
f 410/864/1329 55/541/733 950/905/1403
f 950/905/1403 55/541/733 951/542/734
f 950/905/1403 951/542/734 922/544/736
f 411/472/638 410/864/1404 949/906/1405
f 949/906/1405 410/864/1329 950/905/1403
f 949/906/1405 950/905/1403 921/861/1324
f 921/861/1324 950/905/1403 922/544/1326
f 945/461/624 414/460/623 946/805/1226
f 946/805/1406 414/460/623 413/806/1227
f 941/162/212 418/422/566 942/441/593
f 942/441/593 418/422/566 417/439/591
f 389/125/164 429/866/1340 430/123/162
f 430/123/162 429/866/1340 930/907/1407
f 430/123/162 930/907/1407 929/121/161
f 929/121/158 930/907/1407 901/825/1262
f 929/121/158 901/825/1408 900/119/156
f 930/907/1407 429/866/1340 931/868/1342
f 28/329/9 53/537/1409 895/330/442
f 493/350/473 494/349/472 439/908/1410
f 439/908/1410 494/349/472 438/348/468
f 439/908/1410 438/348/468 496/909/1411
f 496/909/1411 438/348/468 495/363/494
f 496/909/1411 495/363/1412 525/910/1413
f 525/910/1413 495/363/494 524/368/496
f 525/910/1414 524/368/495 553/373/498
f 493/350/473 439/908/1410 440/392/519
f 440/392/1415 439/908/1410 497/911/1416
f 440/392/519 497/911/1416 498/390/517
f 498/390/514 497/911/1417 527/912/1418
f 498/390/515 527/912/1418 528/388/512
f 528/388/511 527/912/1419 556/913/1420
f 528/388/512 556/913/1420 557/386/1421
f 557/386/1421 556/913/1420 586/914/1422
f 557/386/509 586/914/1423 587/384/507
f 587/384/507 586/914/1423 4/377/8
f 497/911/1416 439/908/1410 496/909/1411
f 491/354/479 492/352/477 441/391/516
f 490/356/482 491/354/479 442/915/1424
f 442/915/1425 491/354/479 441/391/1426
f 442/915/1424 441/391/516 499/389/513
f 489/358/485 490/356/482 443/916/1427
f 443/916/1427 490/356/482 442/915/1424
f 443/916/1427 442/915/1425 500/917/1428
f 500/917/1428 442/915/1424 499/389/513
f 500/917/1428 499/389/513 529/387/510
f 489/358/485 443/916/1427 444/403/533
f 444/403/1429 443/916/1427 501/918/1430
f 444/403/533 501/918/1430 502/401/530
f 502/401/530 501/918/1430 531/919/1431
f 502/401/530 531/919/1431 532/399/528
f 532/399/528 531/919/1431 560/920/1432
f 532/399/528 560/920/1432 561/397/526
f 561/397/526 560/920/1432 590/921/1433
f 561/397/526 590/921/1433 591/395/524
f 591/395/524 590/921/1433 3/381/5
f 501/918/1430 443/916/1427 500/917/1428
f 487/362/492 488/360/490 445/402/534
f 486/323/431 487/362/492 446/922/1434
f 446/922/1434 487/362/492 445/402/534
f 446/922/1434 445/402/532 503/400/529
f 486/323/431 446/922/1434 447/324/436
f 447/324/1435 446/922/1434 504/923/1436
f 447/324/436 504/923/1436 505/325/437
f 505/325/437 504/923/1436 534/924/1437
f 505/325/437 534/924/1437 535/326/1438
f 535/326/1438 534/924/1437 563/925/1439
f 535/326/438 563/925/1439 564/327/439
f 564/327/439 563/925/1439 593/393/522
f 564/327/439 593/393/522 594/328/440
f 594/328/440 593/393/522 2/140/3
f 504/923/1436 446/922/1434 503/400/529
f 449/131/172 450/926/1440 483/927/1441
f 483/927/1442 450/926/1440 482/928/1443
f 483/927/1441 482/928/1443 962/874/1351
f 962/874/1351 482/928/1443 963/876/1353
f 450/926/1440 451/929/1444 482/928/1443
f 482/928/1443 451/929/1444 481/930/1445
f 482/928/1443 481/930/1445 963/876/1354
f 963/876/1354 481/930/1445 964/878/1358
f 449/131/172 507/133/174 450/926/1440
f 450/926/1440 507/133/174 508/931/1446
f 450/926/1440 508/931/1446 451/929/1444
f 451/929/1444 508/931/1446 509/932/1447
f 451/929/1444 509/932/1447 452/933/1448
f 452/933/1448 509/932/1449 510/934/1450
f 452/933/1448 510/934/1450 453/935/1451
f 453/935/1452 510/934/1450 511/936/1453
f 453/935/1451 511/936/1453 454/937/1454
f 454/937/1454 511/936/1453 512/149/193
f 454/937/1455 512/149/193 455/151/196
f 451/929/1444 452/933/1448 481/930/1445
f 481/930/1445 452/933/1448 480/938/1456
f 481/930/1445 480/938/1456 964/878/1358
f 964/878/1358 480/938/1456 965/880/1361
f 452/933/1448 453/935/1452 480/938/1456
f 480/938/1456 453/935/1452 479/939/1457
f 480/938/1456 479/939/1457 965/880/1361
f 965/880/1361 479/939/1457 966/882/1364
f 453/935/1452 454/937/1458 479/939/1457
f 479/939/1457 454/937/1458 478/940/1459
f 479/939/1457 478/940/1459 966/882/1364
f 966/882/1364 478/940/1459 967/884/1366
f 454/937/1458 455/151/196 478/940/1460
f 478/940/1460 455/151/196 477/153/1461
f 478/940/1460 477/153/199 967/884/1366
f 967/884/1366 477/153/199 968/155/201
f 456/152/197 457/941/1462 476/154/200
f 476/154/200 457/941/1462 475/942/1463
f 476/154/202 475/942/1463 969/156/204
f 969/156/203 475/942/1463 970/898/1391
f 457/941/1462 458/943/1464 475/942/1463
f 475/942/1465 458/943/1466 474/899/1392
f 475/942/1463 474/899/1392 970/898/1391
f 457/941/1462 456/152/197 514/944/1467
f 514/944/1467 456/152/197 513/150/195
f 514/944/1467 513/150/195 543/945/1468
f 543/945/1468 513/150/195 542/148/192
f 543/945/1468 542/148/192 571/946/1469
f 571/946/1469 542/148/192 570/146/190
f 571/946/1470 570/146/190 600/947/1471
f 600/947/1471 570/146/190 599/144/188
f 600/947/1472 599/144/188 1/142/1
f 474/899/1392 458/943/1464 459/900/1393
f 459/900/1393 458/943/1466 516/948/1473
f 459/900/1393 516/948/1473 517/901/1396
f 517/901/1396 516/948/1473 546/949/1474
f 517/901/1396 546/949/1474 547/902/1397
f 547/902/1398 546/949/1474 575/950/1475
f 547/902/1397 575/950/1475 576/903/1399
f 576/903/1399 575/950/1475 605/951/1476
f 576/903/1399 605/951/1476 606/904/1402
f 606/904/1402 605/951/1477 1/142/1
f 458/943/1466 457/941/1462 515/952/1478
f 515/952/1478 457/941/1462 514/944/1467
f 515/952/1478 514/944/1467 544/953/1479
f 544/953/1479 514/944/1467 543/945/1468
f 544/953/1479 543/945/1468 572/954/1480
f 572/954/1481 543/945/1468 571/946/1470
f 572/954/1481 571/946/1470 601/955/1482
f 601/955/1483 571/946/1470 600/947/1472
f 601/955/1484 600/947/1471 1/142/1
f 472/416/555 461/414/551 471/433/581
f 471/433/581 461/414/551 462/431/578
f 520/429/574 462/431/578 519/412/548
f 519/412/548 462/431/578 461/414/551
f 468/457/1485 465/456/616 467/809/1231
f 467/809/1231 465/456/616 54/465/632
f 54/465/1486 465/456/616 523/455/1487
f 976/458/619 468/457/618 977/808/1230
f 977/808/1230 468/457/618 467/809/1488
f 972/418/560 472/416/556 973/435/585
f 973/435/585 472/416/555 471/433/581
f 449/131/172 483/927/1489 484/129/170
f 484/129/170 483/927/1489 961/873/1350
f 484/129/170 961/873/1349 960/127/168
f 961/873/1349 483/927/1489 962/874/1351
f 497/911/1417 496/909/1411 526/956/1490
f 526/956/1491 496/909/1411 525/910/1413
f 526/956/1492 525/910/1413 554/957/1493
f 554/957/1493 525/910/1413 553/373/498
f 554/957/1494 553/373/1495 583/375/502
f 501/918/1430 500/917/1428 530/958/1496
f 530/958/1497 500/917/1428 529/387/510
f 530/958/1496 529/387/510 558/385/508
f 534/924/1437 504/923/1436 533/398/527
f 533/398/1498 504/923/1436 503/400/529
f 507/133/174 537/135/178 508/931/1499
f 508/931/1446 537/135/1500 538/959/1501
f 508/931/1499 538/959/1501 509/932/1447
f 509/932/1447 538/959/1501 539/960/1502
f 509/932/1447 539/960/1502 510/934/1503
f 510/934/1503 539/960/1502 540/961/1504
f 510/934/1450 540/961/1504 511/936/1453
f 511/936/1453 540/961/1504 541/147/191
f 511/936/1505 541/147/191 512/149/193
f 458/943/1466 515/952/1478 516/948/1473
f 516/948/1473 515/952/1478 545/962/1506
f 516/948/1473 545/962/1507 546/949/1474
f 546/949/1474 545/962/1507 574/963/1508
f 546/949/1474 574/963/1508 575/950/1475
f 575/950/1475 574/963/1508 604/964/1509
f 575/950/1510 604/964/1511 605/951/1476
f 605/951/1477 604/964/1511 1/142/1
f 545/962/1507 515/952/1478 544/953/1479
f 550/427/571 520/429/574 549/410/544
f 549/410/545 520/429/574 519/412/548
f 497/911/1417 526/956/1492 527/912/1418
f 527/912/1418 526/956/1512 555/965/1513
f 527/912/1419 555/965/1513 556/913/1420
f 556/913/1514 555/965/1513 585/966/1515
f 556/913/1514 585/966/1515 586/914/1422
f 586/914/1516 585/966/1515 4/377/8
f 555/965/1513 526/956/1491 554/957/1493
f 501/918/1430 530/958/1496 531/919/1431
f 531/919/1431 530/958/1496 559/967/1517
f 531/919/1431 559/967/1517 560/920/1518
f 560/920/1518 559/967/1519 589/382/505
f 560/920/1518 589/382/505 590/921/1433
f 590/921/1433 589/382/505 3/381/5
f 559/967/1519 530/958/1496 558/385/1520
f 563/925/1439 534/924/1437 562/396/1521
f 562/396/1521 534/924/1437 533/398/527
f 537/135/178 566/137/180 538/959/1501
f 538/959/1522 566/137/181 567/968/1523
f 538/959/1501 567/968/1523 539/960/1502
f 539/960/1502 567/968/1523 568/969/1524
f 539/960/1502 568/969/1524 540/961/1504
f 540/961/1504 568/969/1524 569/145/189
f 540/961/1504 569/145/189 541/147/191
f 545/962/1506 544/953/1479 573/970/1525
f 573/970/1525 544/953/1479 572/954/1481
f 573/970/1525 572/954/1481 602/971/1526
f 602/971/1526 572/954/1481 601/955/1483
f 602/971/1526 601/955/1483 1/142/1
f 579/425/569 550/427/571 578/408/540
f 578/408/540 550/427/571 549/410/544
f 555/965/1513 554/957/1493 584/972/1527
f 584/972/1528 554/957/1493 583/375/502
f 584/972/1527 583/375/502 4/377/8
f 589/382/505 559/967/1519 588/383/506
f 588/383/506 559/967/1519 558/385/1520
f 593/393/522 563/925/1439 592/394/523
f 592/394/1529 563/925/1439 562/396/1521
f 566/137/181 596/139/184 567/968/1523
f 567/968/1523 596/139/184 597/141/186
f 567/968/1523 597/141/186 568/969/1524
f 568/969/1530 597/141/186 598/143/187
f 568/969/1524 598/143/187 569/145/189
f 545/962/1506 573/970/1525 574/963/1508
f 574/963/1508 573/970/1525 603/973/1531
f 574/963/1508 603/973/1531 604/964/1511
f 604/964/1511 603/973/1532 1/142/1
f 603/973/1531 573/970/1525 602/971/1526
f 609/405/536 579/425/1533 608/406/539
f 608/406/1534 579/425/569 578/408/540
f 4/377/8 585/966/1515 584/972/1528
f 584/972/1527 585/966/1515 555/965/1513
f 1/142/1 603/973/1532 602/971/1526
f 699/753/1138 669/752/1135 698/733/1093
f 698/733/1093 669/752/1135 668/734/1095
f 711/755/1140 681/754/1139 710/725/1071
f 710/725/1071 681/754/1139 680/726/1072
f 151/277/368 25/276/386 837/707/1033
f 837/707/1033 25/276/367 60/551/751
f 860/731/1089 699/753/1138 861/732/1091
f 861/732/1091 699/753/1138 698/733/1094
f 848/723/1064 711/755/1140 849/724/1070
f 849/724/1070 711/755/1140 710/725/1071
f 844/719/1535 716/558/762 715/559/764
f 844/719/1056 715/559/764 845/720/1059
f 845/720/1059 715/559/764 714/560/767
f 724/528/714 835/658/922 725/530/1536
f 725/530/1537 835/658/922 834/974/1538
f 725/530/1536 834/974/1538 726/532/720
f 726/532/722 834/974/1539 833/649/904
f 727/534/723 832/648/903 728/536/725
f 728/536/725 832/648/903 831/975/1540
f 728/536/1541 831/975/1540 729/511/690
f 729/511/691 831/975/1540 830/512/692
f 733/695/1008 732/691/996 827/976/1542
f 827/976/1542 732/691/996 828/28/30
f 827/976/1542 828/28/30 799/26/27
f 823/615/1543 736/617/858 824/183/239
f 824/183/239 736/617/1544 735/185/241
f 821/698/1016 738/697/1014 822/614/1545
f 822/614/854 738/697/1014 737/616/1020
f 818/701/1023 741/700/1025 819/585/811
f 819/585/811 741/700/1025 740/587/815
f 745/703/1026 744/666/943 815/977/1546
f 815/977/1547 744/666/943 816/213/277
f 815/977/1547 816/213/277 787/211/274
f 23/235/309 62/564/776 781/978/1548
f 781/978/1548 62/564/776 810/565/1549
f 781/978/1548 810/565/778 782/979/1550
f 782/979/1550 810/565/779 811/566/780
f 782/979/1550 811/566/780 783/241/319
f 783/241/319 811/566/780 812/243/323
f 64/237/311 752/236/310 753/239/317
f 753/239/313 752/236/310 782/979/1550
f 753/239/313 782/979/1550 783/241/319
f 781/978/1548 782/979/1550 752/236/310
f 68/207/270 756/576/797 757/209/271
f 757/209/271 756/576/796 786/980/1551
f 757/209/273 786/980/1551 787/211/274
f 787/211/274 786/980/1551 815/977/1546
f 786/980/1551 756/576/796 785/577/798
f 790/583/807 760/581/804 789/702/1024
f 789/702/1024 760/581/1552 759/607/1553
f 793/612/852 763/610/850 792/699/1017
f 792/699/1017 763/610/850 762/636/886
f 795/181/1554 765/179/234 794/613/853
f 794/613/853 765/179/234 764/611/851
f 80/22/1555 768/639/891 769/24/1556
f 769/24/25 768/639/891 798/981/1557
f 769/24/25 798/981/1557 799/26/27
f 799/26/27 798/981/1557 827/976/1542
f 798/981/1557 768/639/1558 797/640/1011
f 771/514/696 801/513/694 772/650/1559
f 772/650/907 801/513/694 802/982/1560
f 772/650/907 802/982/1560 773/644/898
f 773/644/898 802/982/1560 803/646/902
f 774/645/899 804/647/901 775/659/926
f 775/659/925 804/647/901 805/983/1561
f 775/659/926 805/983/1562 776/654/1563
f 776/654/917 805/983/1561 806/656/919
f 808/572/787 779/570/936 778/662/934
f 808/572/787 778/662/934 807/657/921
f 807/657/921 778/662/935 777/655/918
f 23/235/309 781/978/1548 752/236/310
f 815/977/1546 786/980/1564 814/704/1028
f 814/704/1028 786/980/1551 785/577/1565
f 819/585/811 790/583/807 818/701/1023
f 818/701/1023 790/583/809 789/702/1024
f 822/614/1545 793/612/852 821/698/1566
f 821/698/1567 793/612/852 792/699/1017
f 824/183/239 795/181/236 823/615/1568
f 823/615/1543 795/181/236 794/613/853
f 827/976/1542 798/981/1557 826/696/1009
f 826/696/1009 798/981/1557 797/640/1011
f 801/513/693 830/512/692 802/982/1560
f 802/982/1569 830/512/692 831/975/1540
f 802/982/1569 831/975/1540 803/646/902
f 803/646/902 831/975/1540 832/648/903
f 804/647/901 833/649/904 805/983/1570
f 805/983/1571 833/649/904 834/974/1572
f 805/983/1561 834/974/1539 806/656/919
f 806/656/919 834/974/1572 835/658/922
f 836/573/789 808/572/787 807/657/920
f 745/703/1026 815/977/1547 814/704/1028
f 733/695/1008 827/976/1542 826/696/1009
f 325/317/421 897/819/1252 898/318/423
f 898/318/423 897/819/1252 926/540/732
f 898/318/423 926/540/732 927/319/425
f 926/540/732 897/819/1252 925/539/730
f 931/868/1342 903/828/1266 902/826/1263
f 931/868/1342 902/826/1263 930/907/1407
f 930/907/1407 902/826/1263 901/825/1261
f 942/441/593 913/164/216 941/162/212
f 946/805/1226 917/804/1224 945/461/624
f 945/461/624 917/804/1224 916/462/627
f 949/906/1405 921/861/1324 920/860/1322
f 949/906/1405 920/860/1322 948/474/640
f 948/474/640 920/860/1322 919/476/642
f 411/472/638 949/906/1405 948/474/640
f 980/984/1573 999/985/1573 979/986/1573
f 979/986/1573 999/985/1573 1000/987/1573
f 979/986/1573 1000/987/1573 989/988/1573
f 989/988/1573 1000/987/1573 1001/989/1573
f 989/988/1573 1001/989/1573 988/990/1573
f 988/990/1573 1001/989/1573 987/991/1573
f 987/991/1573 1001/989/1573 1002/992/1573
f 987/991/1573 1002/992/1573 986/993/1573
f 986/993/1573 1002/992/1573 990/994/1573
f 986/993/1573 990/994/1573 985/995/1573
f 985/995/1574 990/994/1574 991/996/1574
f 985/995/1573 991/996/1573 992/997/1573
f 999/985/1573 980/984/1573 998/998/1573
f 998/998/1573 980/984/1573 981/999/1573
f 998/998/1573 981/999/1573 982/1000/1573
f 983/1001/1575 996/1002/1575 982/1000/1575
f 982/1000/1573 996/1002/1573 997/1003/1573
f 982/1000/1573 997/1003/1573 998/998/1573
f 984/1004/1573 994/1005/1573 983/1001/1573
f 983/1001/1573 994/1005/1573 995/1006/1573
f 983/1001/1573 995/1006/1573 996/1002/1573
f 985/995/1573 992/997/1573 984/1004/1573
f 984/1004/1573 992/997/1573 993/1007/1573
f 984/1004/1573 993/1007/1573 994/1005/1573
f 1003/1008/10 1004/1009/10 1052/1010/10
f 1052/1010/10 1004/1009/10 1051/1011/10
f 1051/1011/10 1004/1009/10 1050/1012/10
f 1050/1012/10 1004/1009/10 1056/1013/10
f 1050/1012/10 1056/1013/10 1057/1014/10
f 1005/1015/10 1053/1016/10 1004/1009/10
f 1004/1009/10 1053/1016/10 1054/1017/10
f 1004/1009/10 1054/1017/10 1055/1018/10
f 1006/1019/10 1084/1020/10 1005/1015/10
f 1005/1015/10 1084/1020/10 1085/1021/10
f 1005/1015/10 1085/1021/10 1086/1022/10
f 1084/1020/10 1006/1019/10 1083/1023/10
f 1083/1023/10 1006/1019/10 1007/1024/10
f 1083/1023/10 1007/1024/10 1082/1025/10
f 1082/1025/10 1007/1024/10 1008/1026/10
f 1082/1025/10 1008/1026/10 1081/1027/10
f 1081/1027/10 1008/1026/10 1009/1028/10
f 1081/1027/10 1009/1028/10 1080/1029/10
f 1080/1029/10 1009/1028/10 1010/1030/10
f 1080/1029/10 1010/1030/10 1011/1031/10
f 1080/1029/10 1011/1031/10 1079/1032/10
f 1079/1032/10 1011/1031/10 1012/1033/10
f 1079/1032/10 1012/1033/10 1013/1034/10
f 1079/1032/10 1013/1034/10 1078/1035/10
f 1078/1035/10 1013/1034/10 1014/1036/10
f 1078/1035/10 1014/1036/10 1077/1037/10
f 1077/1037/10 1014/1036/10 1015/1038/10
f 1077/1037/10 1015/1038/10 1016/1039/10
f 1077/1037/10 1016/1039/10 1076/1040/10
f 1076/1040/10 1016/1039/10 1017/1041/10
f 1076/1040/10 1017/1041/10 1075/1042/10
f 1075/1042/10 1017/1041/10 1018/1043/10
f 1075/1042/10 1018/1043/10 1074/1044/10
f 1074/1044/10 1018/1043/10 1019/1045/10
f 1074/1044/10 1019/1045/10 1020/1046/10
f 1074/1044/10 1020/1046/10 1073/1047/10
f 1073/1047/10 1020/1046/10 1021/1048/10
f 1073/1047/10 1021/1048/10 1072/1049/10
f 1072/1049/10 1021/1048/10 1022/1050/10
f 1072/1049/10 1022/1050/10 1071/1051/10
f 1071/1051/10 1022/1050/10 1023/1052/10
f 1071/1051/10 1023/1052/10 1070/1053/10
f 1070/1053/10 1023/1052/10 1024/1054/10
f 1070/1053/10 1024/1054/10 1069/1055/10
f 1069/1055/10 1024/1054/10 1025/1056/10
f 1069/1055/10 1025/1056/10 1068/1057/10
f 1068/1057/10 1025/1056/10 1026/1058/10
f 1068/1057/10 1026/1058/10 1067/1059/10
f 1067/1059/10 1026/1058/10 1027/1060/10
f 1067/1059/10 1027/1060/10 1066/1061/10
f 1066/1061/10 1027/1060/10 1028/1062/10
f 1066/1061/10 1028/1062/10 1029/1063/10
f 1066/1061/10 1029/1063/10 1065/1064/10
f 1065/1064/10 1029/1063/10 1030/1065/10
f 1065/1064/10 1030/1065/10 1064/1066/10
f 1064/1066/10 1030/1065/10 1031/1067/10
f 1064/1066/10 1031/1067/10 1063/1068/10
f 1063/1068/10 1031/1067/10 1032/1069/10
f 1063/1068/10 1032/1069/10 1062/1070/10
f 1062/1070/10 1032/1069/10 1033/1071/10
f 1062/1070/10 1033/1071/10 1034/1072/10
f 1062/1070/10 1034/1072/10 1061/1073/10
f 1061/1073/10 1034/1072/10 1035/1074/10
f 1061/1073/10 1035/1074/10 1043/1075/10
f 1043/1075/10 1035/1074/10 1036/1076/10
f 1043/1075/10 1036/1076/10 1042/1077/10
f 1042/1077/10 1036/1076/10 1037/1078/10
f 1042/1077/10 1037/1078/10 1041/1079/10
f 1041/1079/10 1037/1078/10 1038/1080/10
f 1041/1079/10 1038/1080/10 1040/1081/10
f 1040/1081/10 1038/1080/10 1039/1082/10
f 1043/1075/10 1044/1083/10 1061/1073/10
f 1061/1073/10 1044/1083/10 1060/1084/10
f 1060/1084/10 1044/1083/10 1045/1085/10
f 1060/1084/10 1045/1085/10 1046/1086/10
f 1046/1086/10 1047/1087/10 1060/1084/10
f 1060/1084/10 1047/1087/10 1059/1088/10
f 1059/1088/10 1047/1087/10 1048/1089/10
f 1059/1088/10 1048/1089/10 1058/1090/10
f 1058/1090/10 1048/1089/10 1049/1091/10
f 1058/1090/10 1049/1091/10 1057/1014/10
f 1057/1014/10 1049/1091/10 1050/1012/10
f 1055/1018/10 1056/1013/10 1004/1009/10
f 1086/1022/10 1053/1016/10 1005/1015/10
f 1087/1092/9 1088/1093/9 1095/1094/9
f 1095/1094/9 1088/1093/9 1094/1095/9
f 1094/1095/9 1088/1093/9 1089/1096/9
f 1094/1095/9 1089/1096/9 1091/1097/9
f 1091/1097/9 1089/1096/9 1090/1098/9
f 1091/1097/9 1092/1099/9 1094/1095/9
f 1094/1095/9 1092/1099/9 1093/1100/9
f 1097/1101/1573 1161/1102/1573 1096/1103/1573
f 1096/1103/1573 1161/1102/1573 1162/1104/1573
f 1096/1103/1573 1162/1104/1573 1156/1105/1573
f 1156/1105/1573 1162/1104/1573 1163/1106/1573
f 1156/1105/1573 1163/1106/1573 1155/1107/1573
f 1155/1107/1573 1163/1106/1573 1154/1108/1573
f 1154/1108/1573 1163/1106/1573 1164/1109/1573
f 1154/1108/1573 1164/1109/1573 1153/1110/1573
f 1153/1110/1573 1164/1109/1573 1165/1111/1573
f 1153/1110/1573 1165/1111/1573 1152/1112/1573
f 1152/1112/1573 1165/1111/1573 1151/1113/1573
f 1151/1113/1573 1165/1111/1573 1166/1114/1573
f 1151/1113/1573 1166/1114/1573 1150/1115/1573
f 1150/1115/1573 1166/1114/1573 1149/1116/1573
f 1149/1116/1573 1166/1114/1573 1167/1117/1573
f 1149/1116/1573 1167/1117/1573 1148/1118/1573
f 1148/1118/1573 1167/1117/1573 1168/1119/1573
f 1148/1118/1573 1168/1119/1573 1147/1120/1573
f 1147/1120/1573 1168/1119/1573 1146/1121/1573
f 1146/1121/1573 1168/1119/1573 1169/1122/1573
f 1146/1121/1573 1169/1122/1573 1145/1123/1573
f 1145/1123/1573 1169/1122/1573 1170/1124/1573
f 1145/1123/1573 1170/1124/1573 1144/1125/1573
f 1144/1125/1573 1170/1124/1573 1143/1126/1573
f 1143/1126/1573 1170/1124/1573 1171/1127/1573
f 1143/1126/1573 1171/1127/1573 1142/1128/1573
f 1142/1128/1573 1171/1127/1573 1172/1129/1573
f 1142/1128/1573 1172/1129/1573 1141/1130/1573
f 1141/1130/1573 1172/1129/1573 1173/1131/1573
f 1141/1130/1573 1173/1131/1573 1140/1132/1573
f 1140/1132/1573 1173/1131/1573 1139/1133/1573
f 1139/1133/1573 1173/1131/1573 1174/1134/1573
f 1139/1133/1573 1174/1134/1573 1138/1135/1573
f 1138/1135/1573 1174/1134/1573 1175/1136/1573
f 1138/1135/1573 1175/1136/1573 1137/1137/1573
f 1137/1137/1573 1175/1136/1573 1136/1138/1573
f 1136/1138/1573 1175/1136/1573 1176/1139/1573
f 1136/1138/1573 1176/1139/1573 1135/1140/1573
f 1135/1140/1573 1176/1139/1573 1177/1141/1573
f 1135/1140/1573 1177/1141/1573 1134/1142/1573
f 1134/1142/1573 1177/1141/1573 1133/1143/1573
f 1133/1143/1573 1177/1141/1573 1178/1144/1573
f 1133/1143/1573 1178/1144/1573 1132/1145/1573
f 1132/1145/1573 1178/1144/1573 1179/1146/1573
f 1132/1145/1573 1179/1146/1573 1131/1147/1573
f 1131/1147/1573 1179/1146/1573 1130/1148/1573
f 1130/1148/1573 1179/1146/1573 1180/1149/1573
f 1130/1148/1573 1180/1149/1573 1129/1150/1573
f 1129/1150/1573 1180/1149/1573 1181/1151/1573
f 1129/1150/1573 1181/1151/1573 1128/1152/1573
f 1128/1152/1573 1181/1151/1573 1127/1153/1573
f 1127/1153/1573 1181/1151/1573 1182/1154/1573
f 1127/1153/1573 1182/1154/1573 1126/1155/1573
f 1126/1155/1573 1182/1154/1573 1183/1156/1573
f 1126/1155/1573 1183/1156/1573 1125/1157/1573
f 1125/1157/1573 1183/1156/1573 1124/1158/1573
f 1124/1158/1573 1183/1156/1573 1184/1159/1573
f 1124/1158/1573 1184/1159/1573 1123/1160/1573
f 1123/1160/1573 1184/1159/1573 1185/1161/1573
f 1123/1160/1573 1185/1161/1573 1122/1162/1573
f 1122/1162/1573 1185/1161/1573 1121/1163/1573
f 1121/1163/1573 1185/1161/1573 1186/1164/1573
f 1121/1163/1573 1186/1164/1573 1120/1165/1573
f 1120/1165/1573 1186/1164/1573 1187/1166/1573
f 1120/1165/1573 1187/1166/1573 1119/1167/1573
f 1119/1167/1573 1187/1166/1573 1118/1168/1573
f 1118/1168/1573 1187/1166/1573 1188/1169/1573
f 1118/1168/1573 1188/1169/1573 1117/1170/1573
f 1117/1170/1573 1188/1169/1573 1189/1171/1573
f 1117/1170/1573 1189/1171/1573 1116/1172/1573
f 1116/1172/1573 1189/1171/1573 1115/1173/1573
f 1115/1173/1573 1189/1171/1573 1190/1174/1573
f 1115/1173/1573 1190/1174/1573 1114/1175/1573
f 1114/1175/1573 1190/1174/1573 1191/1176/1573
f 1114/1175/1573 1191/1176/1573 1113/1177/1573
f 1113/1177/1573 1191/1176/1573 1112/1178/1573
f 1112/1178/1573 1191/1176/1573 1192/1179/1573
f 1112/1178/1573 1192/1179/1573 1111/1180/1573
f 1111/1180/1573 1192/1179/1573 1110/1181/1573
f 1110/1181/1573 1192/1179/1573 1193/1182/1573
f 1110/1181/1573 1193/1182/1573 1109/1183/1573
f 1109/1183/1573 1193/1182/1573 1108/1184/1573
f 1108/1184/1573 1193/1182/1573 1107/1185/1573
f 1107/1185/1573 1193/1182/1573 1194/1186/1573
f 1107/1185/1573 1194/1186/1573 1106/1187/1573
f 1106/1187/1573 1194/1186/1573 1105/1188/1573
f 1105/1188/1573 1194/1186/1573 1157/1189/1573
f 1105/1188/1573 1157/1189/1573 1104/1190/1573
f 1104/1190/1573 1157/1189/1573 1158/1191/1573
f 1104/1190/1573 1158/1191/1573 1103/1192/1573
f 1103/1192/1573 1158/1191/1573 1102/1193/1573
f 1102/1193/1573 1158/1191/1573 1159/1194/1573
f 1102/1193/1573 1159/1194/1573 1101/1195/1573
f 1101/1195/1573 1159/1194/1573 1100/1196/1573
f 1100/1196/1573 1159/1194/1573 1160/1197/1573
f 1100/1196/1573 1160/1197/1573 1099/1198/1573
f 1099/1198/1573 1160/1197/1573 1098/1199/1573
f 1098/1199/1573 1160/1197/1573 1161/1102/1573
f 1098/1199/1573 1161/1102/1573 1097/1101/1573
f 985/1200/1576 984/1201/1576 1104/1190/1576
f 1104/1190/1577 984/1201/1577 1105/1188/1577
f 984/1201/1576 983/1202/1576 1105/1188/1576
f 1274/1203/1578 1195/1204/1579 1250/1205/1580
f 1250/1205/1580 1195/1204/1581 1196/1206/1582
f 1250/1205/1580 1196/1206/1583 1249/1207/1584
f 1249/1207/1584 1196/1206/1583 1197/1208/1585
f 1249/1207/1584 1197/1208/1585 1248/1209/1586
f 1248/1209/1586 1197/1208/1585 1198/1210/1587
f 1248/1209/1586 1198/1210/1587 1247/1211/1588
f 1247/1211/1588 1198/1210/1587 1199/1212/1589
f 1247/1211/1588 1199/1212/1589 1246/1213/1590
f 1246/1213/1590 1199/1212/1591 1200/1214/1592
f 1246/1213/1590 1200/1214/1592 1245/1215/1593
f 1245/1215/1594 1200/1214/1592 1201/1216/1595
f 1245/1215/1593 1201/1216/1596 1202/1217/1597
f 1245/1215/1594 1202/1217/1597 1244/1218/1598
f 1244/1218/1598 1202/1217/1597 1203/1219/1599
f 1244/1218/1600 1203/1219/1599 1243/1220/1601
f 1243/1220/1601 1203/1219/1599 1204/1221/1602
f 1243/1220/1601 1204/1221/1602 1205/1222/1603
f 1243/1220/1601 1205/1222/1603 1242/1223/1604
f 1242/1223/1604 1205/1222/1603 1206/1224/1605
f 1242/1223/1604 1206/1224/1605 1241/1225/1606
f 1241/1225/1606 1206/1224/1605 1207/1226/1607
f 1241/1225/1606 1207/1226/1608 1208/1227/1609
f 1241/1225/1606 1208/1227/1609 1240/1228/1610
f 1240/1228/1610 1208/1227/1609 1209/1229/1611
f 1240/1228/1610 1209/1229/1611 1239/1230/1612
f 1239/1230/1612 1209/1229/1611 1210/1231/1613
f 1239/1230/1612 1210/1231/1613 1211/1232/1614
f 1239/1230/1612 1211/1232/1614 1238/1233/1615
f 1238/1233/1615 1211/1232/1614 1212/1234/1616
f 1238/1233/1615 1212/1234/1616 1237/1235/1617
f 1237/1235/1617 1212/1234/1616 1213/1236/1618
f 1237/1235/1617 1213/1236/1618 1214/1237/1619
f 1237/1235/1617 1214/1237/1619 1236/1238/1620
f 1236/1238/1620 1214/1237/1619 1215/1239/1621
f 1236/1238/1620 1215/1239/1621 1235/1240/1622
f 1235/1240/1622 1215/1239/1623 1216/1241/1624
f 1235/1240/1622 1216/1241/1624 1217/1242/1625
f 1235/1240/1622 1217/1242/1625 1234/1243/1626
f 1234/1243/1626 1217/1242/1625 1218/1244/1627
f 1234/1243/1626 1218/1244/1628 1275/1245/1629
f 1275/1245/1629 1218/1244/1628 1219/1246/1630
f 1275/1245/1631 1219/1246/1630 1220/1247/1632
f 1275/1245/1629 1220/1247/1632 1276/1248/1633
f 1276/1248/1633 1220/1247/1632 1221/1249/1634
f 1276/1248/1633 1221/1249/1634 1277/1250/1635
f 1277/1250/1635 1221/1249/1634 1222/1251/1636
f 1277/1250/1635 1222/1251/1636 1278/1252/1637
f 1278/1252/1637 1222/1251/1636 1223/1253/1638
f 1278/1252/1637 1223/1253/1639 1224/1254/1640
f 1225/1255/1641 1227/1256/1642 1224/1254/1640
f 1224/1254/1640 1227/1256/1642 1228/1257/1643
f 1224/1254/1640 1228/1257/1643 1278/1252/1644
f 1278/1252/1637 1228/1257/1643 1229/1258/1645
f 1278/1252/1637 1229/1258/1645 1277/1250/1635
f 1277/1250/1635 1229/1258/1645 1230/1259/1646
f 1277/1250/1635 1230/1259/1647 1231/1260/1648
f 1225/1255/1641 1226/1261/1649 1227/1256/1642
f 1277/1250/1635 1231/1260/1648 1276/1248/1633
f 1276/1248/1633 1231/1260/1648 1232/1262/1650
f 1276/1248/1633 1232/1262/1651 1233/1263/1652
f 1276/1248/1633 1233/1263/1652 1275/1245/1629
f 1275/1245/1631 1233/1263/1652 1234/1243/1626
f 1250/1205/1580 1251/1264/1653 1274/1203/1578
f 1274/1203/1578 1251/1264/1653 1273/1265/1654
f 1273/1265/1655 1251/1264/1656 1272/1266/1657
f 1272/1266/1657 1251/1264/1656 1252/1267/1658
f 1272/1266/1657 1252/1267/1658 1271/1268/1659
f 1271/1268/1659 1252/1267/1658 1270/1269/1660
f 1270/1269/1660 1252/1267/1658 1279/1270/1661
f 1270/1269/1660 1279/1270/1662 1269/1271/1663
f 1269/1271/1663 1279/1270/1664 1280/1272/1665
f 1269/1271/1666 1280/1272/1667 1268/1273/1668
f 1268/1273/1669 1280/1272/1667 1281/1274/1670
f 1268/1273/1669 1281/1274/1670 1267/1275/1671
f 1267/1275/1671 1281/1274/1670 1282/1276/1672
f 1267/1275/1671 1282/1276/1673 1266/1277/1674
f 1266/1277/1675 1282/1276/1672 1283/1278/1676
f 1266/1277/1677 1283/1278/1678 1265/1279/1679
f 1265/1279/1679 1283/1278/1676 1284/1280/1680
f 1265/1279/1679 1284/1280/1681 1263/1281/1682
f 1263/1281/1682 1284/1280/1680 1262/1282/1683
f 1262/1282/1683 1284/1280/1680 1261/1283/1684
f 1261/1283/1685 1284/1280/1686 1283/1278/1687
f 1261/1283/1684 1283/1278/1676 1260/1284/1688
f 1260/1284/1688 1283/1278/1678 1259/1285/1689
f 1259/1285/1689 1283/1278/1676 1282/1276/1690
f 1259/1285/1689 1282/1276/1673 1258/1286/1691
f 1258/1286/1691 1282/1276/1690 1281/1274/1692
f 1258/1286/1693 1281/1274/1670 1257/1287/1694
f 1257/1287/1695 1281/1274/1692 1256/1288/1696
f 1256/1288/1697 1281/1274/1670 1280/1272/1665
f 1256/1288/1696 1280/1272/1667 1255/1289/1698
f 1255/1289/1698 1280/1272/1665 1254/1290/1699
f 1254/1290/1699 1280/1272/1667 1279/1270/1662
f 1254/1290/1699 1279/1270/1661 1253/1291/1700
f 1253/1291/1700 1279/1270/1701 1252/1267/1658
f 1263/1281/1682 1264/1292/1702 1265/1279/1679
f 1285/1293/1703 1286/1294/1703 1389/1295/1704
f 1389/1295/1704 1286/1294/1705 1388/1296/1706
f 1388/1296/1706 1286/1294/1703 1387/1297/1707
f 1387/1297/1708 1286/1294/1703 1386/1298/1709
f 1386/1298/1709 1286/1294/1703 1385/1299/1710
f 1385/1299/1710 1286/1294/1705 1287/1300/1711
f 1385/1299/1710 1287/1300/1712 1384/1301/1713
f 1384/1301/1713 1287/1300/1711 1383/1302/1714
f 1383/1302/1714 1287/1300/1715 1288/1303/1716
f 1383/1302/1714 1288/1303/1716 1382/1304/1717
f 1382/1304/1718 1288/1303/1716 1381/1305/1719
f 1381/1305/1720 1288/1303/1716 1380/1306/1721
f 1380/1306/1721 1288/1303/1716 1289/1307/1722
f 1380/1306/1721 1289/1307/1722 1379/1308/1723
f 1379/1308/1724 1289/1307/1722 1378/1309/1725
f 1378/1309/1725 1289/1307/1722 1290/1310/1726
f 1378/1309/1725 1290/1310/1726 1377/1311/1727
f 1377/1311/1727 1290/1310/1726 1291/1312/1728
f 1377/1311/1727 1291/1312/1728 1376/1313/1729
f 1376/1313/1729 1291/1312/1728 1292/1314/1730
f 1376/1313/1731 1292/1314/1730 1375/1315/1732
f 1375/1315/1733 1292/1314/1730 1293/1316/1734
f 1375/1315/1733 1293/1316/1734 1374/1317/1735
f 1374/1317/1735 1293/1316/1734 1294/1318/1736
f 1374/1317/1735 1294/1318/1737 1373/1319/1738
f 1373/1319/1738 1294/1318/1736 1372/1320/1739
f 1372/1320/1740 1294/1318/1736 1295/1321/1741
f 1372/1320/1740 1295/1321/1741 1371/1322/1742
f 1371/1322/1742 1295/1321/1741 1296/1323/1743
f 1371/1322/1742 1296/1323/1743 1370/1324/1744
f 1370/1324/1745 1296/1323/1743 1297/1325/1746
f 1370/1324/1744 1297/1325/1746 1369/1326/1747
f 1369/1326/1748 1297/1325/1746 1298/1327/1749
f 1369/1326/1747 1298/1327/1749 1368/1328/1750
f 1368/1328/1750 1298/1327/1749 1299/1329/1751
f 1368/1328/1750 1299/1329/1751 1367/1330/1752
f 1367/1330/1752 1299/1329/1751 1300/1331/1753
f 1367/1330/1752 1300/1331/1753 1366/1332/1754
f 1366/1332/1755 1300/1331/1756 1301/1333/1757
f 1366/1332/1758 1301/1333/1757 1365/1334/1759
f 1365/1334/1759 1301/1333/1757 1302/1335/1760
f 1365/1334/1759 1302/1335/1760 1364/1336/1761
f 1364/1336/1762 1302/1335/1760 1303/1337/1763
f 1364/1336/1762 1303/1337/1763 1363/1338/1764
f 1363/1338/1764 1303/1337/1763 1304/1339/1765
f 1363/1338/1764 1304/1339/1766 1362/1340/1767
f 1362/1340/1767 1304/1339/1766 1305/1341/1768
f 1362/1340/1767 1305/1341/1768 1361/1342/1769
f 1361/1342/1769 1305/1341/1768 1306/1343/1770
f 1361/1342/1769 1306/1343/1771 1360/1344/1772
f 1360/1344/1773 1306/1343/1771 1307/1345/1774
f 1360/1344/1772 1307/1345/1774 1359/1346/1775
f 1359/1346/1775 1307/1345/1774 1308/1347/1776
f 1359/1346/1775 1308/1347/1776 1358/1348/1777
f 1358/1348/1777 1308/1347/1776 1309/1349/1778
f 1358/1348/1777 1309/1349/1778 1357/1350/1779
f 1357/1350/1780 1309/1349/1778 1310/1351/1781
f 1357/1350/1780 1310/1351/1781 1356/1352/1782
f 1356/1352/1782 1310/1351/1781 1311/1353/1783
f 1356/1352/1782 1311/1353/1783 1355/1354/1784
f 1355/1354/1785 1311/1353/1783 1312/1355/1786
f 1355/1354/1784 1312/1355/1786 1354/1356/1787
f 1354/1356/1787 1312/1355/1786 1313/1357/1788
f 1354/1356/1787 1313/1357/1788 1353/1358/1789
f 1353/1358/1789 1313/1357/1788 1314/1359/1790
f 1353/1358/1789 1314/1359/1791 1352/1360/1792
f 1352/1360/1792 1314/1359/1791 1315/1361/1793
f 1352/1360/1792 1315/1361/1794 1351/1362/1795
f 1351/1362/1795 1315/1361/1793 1316/1363/1796
f 1351/1362/1795 1316/1363/1796 1350/1364/1797
f 1350/1364/1797 1316/1363/1796 1317/1365/1798
f 1350/1364/1797 1317/1365/1799 1349/1366/1800
f 1349/1366/1800 1317/1365/1799 1318/1367/1801
f 1349/1366/1800 1318/1367/1801 1348/1368/1802
f 1348/1368/1802 1318/1367/1801 1319/1369/1803
f 1348/1368/1802 1319/1369/1803 1347/1370/1804
f 1347/1370/1804 1319/1369/1803 1320/1371/1805
f 1347/1370/1804 1320/1371/1806 1346/1372/1807
f 1346/1372/1807 1320/1371/1805 1321/1373/1808
f 1346/1372/1807 1321/1373/1808 1345/1374/1809
f 1345/1374/1809 1321/1373/1808 1322/1375/1810
f 1345/1374/1809 1322/1375/1810 1344/1376/1811
f 1344/1376/1811 1322/1375/1810 1323/1377/1812
f 1344/1376/1811 1323/1377/1812 1343/1378/1813
f 1343/1378/1813 1323/1377/1812 1324/1379/1814
f 1343/1378/1813 1324/1379/1814 1342/1380/1815
f 1342/1380/1816 1324/1379/1814 1325/1381/1817
f 1342/1380/1816 1325/1381/1818 1341/1382/1819
f 1341/1382/1819 1325/1381/1817 1326/1383/1820
f 1341/1382/1819 1326/1383/1820 1340/1384/1821
f 1340/1384/1822 1326/1383/1823 1327/1385/1824
f 1340/1384/1822 1327/1385/1824 1339/1386/1825
f 1339/1386/1826 1327/1385/1824 1328/1387/1827
f 1339/1386/1825 1328/1387/1827 1338/1388/1828
f 1338/1388/1828 1328/1387/1827 1329/1389/1829
f 1338/1388/1828 1329/1389/1829 1337/1390/1830
f 1337/1390/1831 1329/1389/1829 1336/1391/1832
f 1336/1391/1832 1329/1389/1829 1335/1392/1833
f 1335/1392/1833 1329/1389/1829 1334/1393/1834
f 1334/1393/1834 1329/1389/1829 1330/1394/1835
f 1334/1393/1834 1330/1394/1835 1333/1395/1836
f 1333/1395/1837 1330/1394/1835 1332/1396/1838
f 1332/1396/1839 1330/1394/1835 1331/1397/1835
f 1391/1398/1840 1461/1399/1841 1390/1400/1842
f 1390/1400/1842 1461/1399/1843 1462/1401/1844
f 1390/1400/1845 1462/1401/1844 1449/1402/1846
f 1449/1402/1846 1462/1401/1847 1448/1403/1848
f 1448/1403/1848 1462/1401/1844 1463/1404/1849
f 1448/1403/1848 1463/1404/1849 1446/1405/1850
f 1446/1405/1850 1463/1404/1849 1445/1406/1851
f 1445/1406/1852 1463/1404/1849 1443/1407/1853
f 1445/1406/1852 1443/1407/1853 1444/1408/1854
f 1392/1409/1855 1459/1410/1856 1391/1398/1840
f 1391/1398/1840 1459/1410/1856 1460/1411/1857
f 1391/1398/1840 1460/1411/1858 1461/1399/1859
f 1461/1399/1841 1460/1411/1857 1470/1412/1860
f 1461/1399/1841 1470/1412/1860 1471/1413/1861
f 1471/1413/1861 1470/1412/1860 1479/1414/1862
f 1471/1413/1863 1479/1414/1864 1438/1415/1865
f 1438/1415/1865 1479/1414/1864 1437/1416/1866
f 1437/1416/1867 1479/1414/1862 1436/1417/1868
f 1436/1417/1868 1479/1414/1862 1480/1418/1869
f 1436/1417/1868 1480/1418/1869 1435/1419/1870
f 1435/1419/1871 1480/1418/1869 1434/1420/1872
f 1434/1420/1872 1480/1418/1869 1481/1421/1873
f 1434/1420/1872 1481/1421/1874 1494/1422/1875
f 1494/1422/1875 1481/1421/1873 1493/1423/1876
f 1494/1422/1875 1493/1423/1877 1433/1424/1878
f 1433/1424/1878 1493/1423/1877 1580/1425/1879
f 1433/1424/1878 1580/1425/1879 1432/1426/1880
f 1432/1426/1881 1580/1425/1879 1431/1427/1882
f 1431/1427/1882 1580/1425/1879 1572/1428/1883
f 1431/1427/1882 1572/1428/1883 1430/1429/1884
f 1430/1429/1885 1572/1428/1883 1504/1430/1886
f 1430/1429/1887 1504/1430/1886 1429/1431/1888
f 1429/1431/1888 1504/1430/1886 1428/1432/1889
f 1428/1432/1889 1504/1430/1886 1427/1433/1890
f 1427/1433/1890 1504/1430/1886 1503/1434/1891
f 1427/1433/1892 1503/1434/1891 1426/1435/1893
f 1426/1435/1893 1503/1434/1891 1425/1436/1894
f 1425/1436/1894 1503/1434/1891 1424/1437/1895
f 1424/1437/1895 1503/1434/1891 1564/1438/1896
f 1424/1437/1895 1564/1438/1897 1423/1439/1898
f 1423/1439/1898 1564/1438/1896 1422/1440/1899
f 1422/1440/1900 1564/1438/1896 1565/1441/1901
f 1422/1440/1899 1565/1441/1901 1513/1442/1902
f 1513/1442/1902 1565/1441/1901 1566/1443/1903
f 1513/1442/1902 1566/1443/1903 1514/1444/1904
f 1514/1444/1904 1566/1443/1903 1567/1445/1905
f 1514/1444/1904 1567/1445/1905 1515/1446/1906
f 1515/1446/1906 1567/1445/1905 1568/1447/1907
f 1515/1446/1906 1568/1447/1907 1516/1448/1908
f 1516/1448/1908 1568/1447/1907 1569/1449/1909
f 1516/1448/1908 1569/1449/1909 1517/1450/1910
f 1517/1450/1910 1569/1449/1909 1570/1451/1911
f 1517/1450/1910 1570/1451/1912 1518/1452/1913
f 1518/1452/1913 1570/1451/1912 1571/1453/1914
f 1518/1452/1913 1571/1453/1915 1519/1454/1916
f 1519/1454/1916 1571/1453/1914 1452/1455/1917
f 1519/1454/1916 1452/1455/1917 1520/1456/1918
f 1520/1456/1919 1452/1455/1917 1400/1457/1920
f 1520/1456/1918 1400/1457/1920 1521/1458/1921
f 1521/1458/1921 1400/1457/1920 1451/1459/1922
f 1521/1458/1921 1451/1459/1922 1535/1460/1923
f 1535/1460/1923 1451/1459/1922 1537/1461/1924
f 1535/1460/1923 1537/1461/1925 1538/1462/1926
f 1538/1462/1926 1537/1461/1925 1546/1463/1927
f 1538/1462/1926 1546/1463/1927 1547/1464/1928
f 1547/1464/1929 1546/1463/1927 1558/1465/1930
f 1547/1464/1928 1558/1465/1930 1557/1466/1931
f 1557/1466/1931 1558/1465/1930 1405/1467/1932
f 1557/1466/1931 1405/1467/1932 1406/1468/1933
f 1459/1410/1856 1392/1409/1855 1458/1469/1934
f 1458/1469/1934 1392/1409/1855 1393/1470/1935
f 1458/1469/1936 1393/1470/1937 1457/1471/1938
f 1457/1471/1938 1393/1470/1937 1456/1472/1939
f 1457/1471/1938 1456/1472/1940 1466/1473/1941
f 1466/1473/1941 1456/1472/1940 1465/1474/1942
f 1466/1473/1941 1465/1474/1943 1474/1475/1944
f 1474/1475/1944 1465/1474/1942 1473/1476/1945
f 1474/1475/1944 1473/1476/1946 1485/1477/1947
f 1485/1477/1948 1473/1476/1945 1486/1478/1949
f 1485/1477/1947 1486/1478/1949 1489/1479/1950
f 1489/1479/1950 1486/1478/1949 1488/1480/1951
f 1489/1479/1950 1488/1480/1951 1585/1481/1952
f 1585/1481/1952 1488/1480/1951 1586/1482/1953
f 1585/1481/1952 1586/1482/1953 1577/1483/1954
f 1577/1483/1954 1586/1482/1953 1578/1484/1955
f 1577/1483/1954 1578/1484/1955 1510/1485/1956
f 1510/1485/1956 1578/1484/1955 1511/1486/1957
f 1510/1485/1958 1511/1486/1957 1497/1487/1959
f 1497/1487/1959 1511/1486/1957 1496/1488/1960
f 1497/1487/1959 1496/1488/1960 1570/1451/1912
f 1570/1451/1912 1496/1488/1960 1571/1453/1914
f 1456/1472/1940 1393/1470/1935 1455/1489/1961
f 1455/1489/1961 1393/1470/1935 1394/1490/1962
f 1455/1489/1961 1394/1490/1962 1395/1491/1963
f 1395/1491/1963 1396/1492/1964 1455/1489/1965
f 1455/1489/1965 1396/1492/1966 1464/1493/1967
f 1455/1489/1961 1464/1493/1967 1465/1474/1968
f 1465/1474/1968 1464/1493/1967 1473/1476/1946
f 1396/1492/1964 1397/1494/1969 1464/1493/1967
f 1464/1493/1967 1397/1494/1969 1472/1495/1970
f 1464/1493/1967 1472/1495/1970 1473/1476/1946
f 1473/1476/1945 1472/1495/1970 1486/1478/1949
f 1472/1495/1970 1397/1494/1969 1454/1496/1971
f 1454/1496/1971 1397/1494/1969 1398/1497/1972
f 1454/1496/1971 1398/1497/1972 1487/1498/1973
f 1487/1498/1973 1398/1497/1972 1579/1499/1974
f 1487/1498/1973 1579/1499/1974 1586/1482/1953
f 1586/1482/1953 1579/1499/1974 1578/1484/1955
f 1398/1497/1975 1399/1500/1976 1579/1499/1974
f 1579/1499/1974 1399/1500/1977 1453/1501/1978
f 1579/1499/1974 1453/1501/1978 1578/1484/1979
f 1578/1484/1979 1453/1501/1978 1511/1486/1957
f 1400/1457/1920 1452/1455/1917 1399/1500/1977
f 1399/1500/1976 1452/1455/1980 1495/1502/1981
f 1399/1500/1977 1495/1502/1981 1512/1503/1982
f 1512/1503/1983 1495/1502/1981 1496/1488/1960
f 1512/1503/1983 1496/1488/1960 1511/1486/1957
f 1400/1457/1920 1401/1504/1984 1451/1459/1922
f 1451/1459/1922 1401/1504/1984 1536/1505/1985
f 1451/1459/1922 1536/1505/1985 1537/1461/1924
f 1537/1461/1925 1536/1505/1985 1545/1506/1986
f 1537/1461/1925 1545/1506/1987 1546/1463/1927
f 1546/1463/1927 1545/1506/1986 1559/1507/1988
f 1546/1463/1927 1559/1507/1989 1558/1465/1930
f 1558/1465/1930 1559/1507/1990 1405/1467/1932
f 1401/1504/1984 1402/1508/1991 1536/1505/1985
f 1536/1505/1992 1402/1508/1991 1544/1509/1993
f 1536/1505/1985 1544/1509/1993 1545/1506/1986
f 1545/1506/1986 1544/1509/1994 1560/1510/1995
f 1545/1506/1986 1560/1510/1995 1559/1507/1988
f 1559/1507/1989 1560/1510/1995 1404/1511/1996
f 1559/1507/1990 1404/1511/1996 1405/1467/1932
f 1544/1509/1997 1402/1508/1991 1450/1512/1998
f 1450/1512/1999 1402/1508/2000 1403/1513/2001
f 1450/1512/1999 1403/1513/2001 1404/1511/1996
f 1557/1466/1931 1406/1468/1933 1556/1514/2002
f 1556/1514/2002 1406/1468/1933 1407/1515/2003
f 1556/1514/2002 1407/1515/2003 1555/1516/2004
f 1555/1516/2004 1407/1515/2005 1563/1517/2006
f 1555/1516/2004 1563/1517/2006 1408/1518/2007
f 1408/1518/2007 1563/1517/2006 1407/1515/2003
f 1409/1519/2008 1561/1520/2009 1408/1518/2007
f 1408/1518/2007 1561/1520/2009 1554/1521/2010
f 1408/1518/2007 1554/1521/2011 1555/1516/2004
f 1555/1516/2004 1554/1521/2011 1550/1522/2012
f 1555/1516/2004 1550/1522/2012 1549/1523/2013
f 1549/1523/2014 1550/1522/2012 1541/1524/2015
f 1549/1523/2016 1541/1524/2015 1540/1525/2017
f 1540/1525/2017 1541/1524/2018 1532/1526/2019
f 1540/1525/2017 1532/1526/2019 1533/1527/2020
f 1533/1527/2020 1532/1526/2019 1524/1528/2021
f 1533/1527/2020 1524/1528/2021 1523/1529/2022
f 1523/1529/2023 1524/1528/2021 1518/1452/1913
f 1523/1529/2022 1518/1452/1913 1519/1454/1916
f 1409/1519/2008 1410/1530/2024 1561/1520/2009
f 1561/1520/2009 1410/1530/2024 1562/1531/2025
f 1561/1520/2009 1562/1531/2025 1554/1521/2026
f 1554/1521/2010 1562/1531/2025 1553/1532/2027
f 1554/1521/2011 1553/1532/2027 1551/1533/2028
f 1551/1533/2028 1553/1532/2027 1552/1534/2029
f 1551/1533/2028 1552/1534/2030 1543/1535/2031
f 1543/1535/2031 1552/1534/2029 1415/1536/2032
f 1543/1535/2031 1415/1536/2032 1416/1537/2033
f 1410/1530/2024 1411/1538/2034 1562/1531/2025
f 1562/1531/2025 1411/1538/2035 1412/1539/2036
f 1562/1531/2025 1412/1539/2036 1413/1540/2037
f 1562/1531/2025 1413/1540/2037 1553/1532/2027
f 1553/1532/2027 1413/1540/2037 1414/1541/2038
f 1553/1532/2027 1414/1541/2038 1552/1534/2029
f 1552/1534/2029 1414/1541/2038 1415/1536/2039
f 1416/1537/2033 1417/1542/2040 1543/1535/2031
f 1543/1535/2031 1417/1542/2040 1529/1543/2041
f 1543/1535/2031 1529/1543/2041 1530/1544/2042
f 1530/1544/2042 1529/1543/2043 1527/1545/2044
f 1530/1544/2042 1527/1545/2044 1526/1546/2045
f 1526/1546/2045 1527/1545/2044 1515/1446/1906
f 1526/1546/2045 1515/1446/2046 1516/1448/1908
f 1417/1542/2040 1418/1547/2047 1529/1543/2043
f 1529/1543/2041 1418/1547/2047 1528/1548/2048
f 1529/1543/2041 1528/1548/2048 1527/1545/2049
f 1527/1545/2044 1528/1548/2048 1514/1444/1904
f 1527/1545/2044 1514/1444/1904 1515/1446/1906
f 1418/1547/2047 1419/1549/2050 1528/1548/2048
f 1528/1548/2048 1419/1549/2050 1420/1550/2051
f 1528/1548/2048 1420/1550/2052 1513/1442/2053
f 1513/1442/1902 1420/1550/2052 1421/1551/2054
f 1513/1442/1902 1421/1551/2055 1422/1440/1900
f 1433/1424/1878 1434/1420/2056 1494/1422/1875
f 1438/1415/1865 1439/1552/2057 1471/1413/1861
f 1471/1413/1861 1439/1552/2057 1440/1553/2058
f 1471/1413/1861 1440/1553/2058 1441/1554/2059
f 1442/1555/2060 1463/1404/1849 1441/1554/2059
f 1441/1554/2059 1463/1404/1849 1462/1401/2061
f 1441/1554/2059 1462/1401/2062 1471/1413/1863
f 1471/1413/1863 1462/1401/1844 1461/1399/1859
f 1442/1555/2063 1443/1407/1853 1463/1404/1849
f 1446/1405/1850 1447/1556/2064 1448/1403/1848
f 1511/1486/1957 1453/1501/1978 1512/1503/1983
f 1512/1503/1982 1453/1501/1978 1399/1500/1976
f 1465/1474/1968 1456/1472/1940 1455/1489/1961
f 1458/1469/1934 1457/1471/1938 1467/1557/2065
f 1467/1557/2065 1457/1471/1938 1466/1473/1941
f 1467/1557/2066 1466/1473/1941 1475/1558/2067
f 1475/1558/2067 1466/1473/1941 1474/1475/1944
f 1475/1558/2067 1474/1475/1944 1484/1559/2068
f 1484/1559/2068 1474/1475/1944 1485/1477/1947
f 1484/1559/2068 1485/1477/1948 1490/1560/2069
f 1490/1560/2069 1485/1477/1948 1489/1479/1950
f 1490/1560/2069 1489/1479/1950 1584/1561/2070
f 1584/1561/2070 1489/1479/1950 1585/1481/1952
f 1584/1561/2070 1585/1481/1952 1576/1562/2071
f 1576/1562/2071 1585/1481/1952 1577/1483/1954
f 1576/1562/2071 1577/1483/1954 1509/1563/2072
f 1509/1563/2072 1577/1483/1954 1510/1485/1958
f 1509/1563/2072 1510/1485/1958 1498/1564/2073
f 1498/1564/2074 1510/1485/1958 1497/1487/1959
f 1498/1564/2074 1497/1487/1959 1569/1449/1909
f 1569/1449/1909 1497/1487/1959 1570/1451/1912
f 1459/1410/1856 1458/1469/1936 1468/1565/2075
f 1468/1565/2076 1458/1469/1934 1467/1557/2065
f 1468/1565/2076 1467/1557/2065 1476/1566/2077
f 1476/1566/2077 1467/1557/2066 1475/1558/2067
f 1476/1566/2077 1475/1558/2067 1483/1567/2078
f 1483/1567/2078 1475/1558/2067 1484/1559/2068
f 1483/1567/2079 1484/1559/2068 1491/1568/2080
f 1491/1568/2081 1484/1559/2068 1490/1560/2069
f 1491/1568/2081 1490/1560/2069 1583/1569/2082
f 1583/1569/2082 1490/1560/2069 1584/1561/2070
f 1583/1569/2082 1584/1561/2070 1575/1570/2083
f 1575/1570/2084 1584/1561/2070 1576/1562/2085
f 1575/1570/2084 1576/1562/2071 1508/1571/2086
f 1508/1571/2086 1576/1562/2071 1509/1563/2072
f 1508/1571/2086 1509/1563/2072 1499/1572/2087
f 1499/1572/2087 1509/1563/2072 1498/1564/2074
f 1499/1572/2087 1498/1564/2074 1568/1447/1907
f 1568/1447/1907 1498/1564/2074 1569/1449/1909
f 1460/1411/1857 1459/1410/1856 1469/1573/2088
f 1469/1573/2088 1459/1410/1856 1468/1565/2076
f 1469/1573/2088 1468/1565/2076 1477/1574/2089
f 1477/1574/2089 1468/1565/2076 1476/1566/2077
f 1477/1574/2089 1476/1566/2077 1482/1575/2090
f 1482/1575/2090 1476/1566/2077 1483/1567/2078
f 1482/1575/2090 1483/1567/2078 1492/1576/2091
f 1492/1576/2092 1483/1567/2078 1491/1568/2081
f 1492/1576/2092 1491/1568/2081 1582/1577/2093
f 1582/1577/2094 1491/1568/2080 1583/1569/2082
f 1582/1577/2093 1583/1569/2082 1574/1578/2095
f 1574/1578/2096 1583/1569/2082 1575/1570/2084
f 1574/1578/2095 1575/1570/2084 1507/1579/2097
f 1507/1579/2098 1575/1570/2084 1508/1571/2086
f 1507/1579/2098 1508/1571/2086 1500/1580/2099
f 1500/1580/2100 1508/1571/2086 1499/1572/2087
f 1500/1580/2099 1499/1572/2087 1567/1445/2101
f 1567/1445/1905 1499/1572/2087 1568/1447/1907
f 1460/1411/1857 1469/1573/2088 1470/1412/1860
f 1470/1412/1860 1469/1573/2088 1478/1581/2102
f 1470/1412/1860 1478/1581/2102 1479/1414/1862
f 1479/1414/1862 1478/1581/2103 1480/1418/1869
f 1478/1581/2102 1469/1573/2088 1477/1574/2089
f 1478/1581/2102 1477/1574/2089 1481/1421/1874
f 1481/1421/1874 1477/1574/2089 1482/1575/2090
f 1481/1421/1873 1482/1575/2090 1493/1423/1877
f 1493/1423/1877 1482/1575/2090 1492/1576/2092
f 1493/1423/1877 1492/1576/2092 1581/1582/2104
f 1581/1582/2105 1492/1576/2092 1582/1577/2094
f 1581/1582/2105 1582/1577/2094 1573/1583/2106
f 1573/1583/2107 1582/1577/2093 1574/1578/2096
f 1573/1583/2106 1574/1578/2095 1506/1584/2108
f 1506/1584/2108 1574/1578/2095 1507/1579/2097
f 1506/1584/2108 1507/1579/2098 1501/1585/2109
f 1501/1585/2109 1507/1579/2098 1500/1580/2099
f 1501/1585/2109 1500/1580/2099 1566/1443/1903
f 1566/1443/1903 1500/1580/2099 1567/1445/1905
f 1481/1421/1874 1480/1418/1869 1478/1581/2102
f 1486/1478/1949 1454/1496/1971 1488/1480/1951
f 1488/1480/1951 1454/1496/1971 1487/1498/1973
f 1488/1480/1951 1487/1498/1973 1586/1482/1953
f 1486/1478/1949 1472/1495/1970 1454/1496/1971
f 1580/1425/1879 1493/1423/1876 1581/1582/2105
f 1571/1453/1914 1496/1488/1960 1495/1502/1981
f 1452/1455/1917 1571/1453/1914 1495/1502/1981
f 1501/1585/2109 1502/1586/2110 1506/1584/2108
f 1506/1584/2108 1502/1586/2110 1505/1587/2111
f 1506/1584/2112 1505/1587/2111 1573/1583/2107
f 1573/1583/2107 1505/1587/2111 1572/1428/1883
f 1573/1583/2107 1572/1428/1883 1581/1582/2104
f 1581/1582/2105 1572/1428/1883 1580/1425/1879
f 1502/1586/2110 1503/1434/2113 1505/1587/2111
f 1505/1587/2111 1503/1434/1891 1504/1430/1886
f 1505/1587/2111 1504/1430/1886 1572/1428/1883
f 1566/1443/1903 1565/1441/2114 1501/1585/2109
f 1501/1585/2109 1565/1441/1901 1502/1586/2110
f 1565/1441/1901 1564/1438/2115 1502/1586/2110
f 1502/1586/2110 1564/1438/2116 1503/1434/1891
f 1513/1442/1902 1514/1444/1904 1528/1548/2048
f 1516/1448/1908 1517/1450/1910 1525/1588/2117
f 1525/1588/2117 1517/1450/1910 1524/1528/2021
f 1525/1588/2117 1524/1528/2021 1532/1526/2019
f 1517/1450/1910 1518/1452/1913 1524/1528/2021
f 1519/1454/1916 1520/1456/1918 1522/1589/2118
f 1522/1589/2118 1520/1456/1918 1521/1458/1921
f 1522/1589/2118 1521/1458/1921 1535/1460/1923
f 1519/1454/1916 1522/1589/2118 1523/1529/2022
f 1523/1529/2022 1522/1589/2118 1534/1590/2119
f 1523/1529/2022 1534/1590/2120 1533/1527/2020
f 1533/1527/2020 1534/1590/2119 1539/1591/2121
f 1533/1527/2020 1539/1591/2122 1540/1525/2017
f 1540/1525/2017 1539/1591/2121 1548/1592/2123
f 1540/1525/2017 1548/1592/2124 1549/1523/2014
f 1549/1523/2016 1548/1592/2125 1556/1514/2002
f 1549/1523/2016 1556/1514/2002 1555/1516/2004
f 1534/1590/2126 1522/1589/2118 1535/1460/1923
f 1516/1448/1908 1525/1588/2127 1526/1546/2045
f 1526/1546/2045 1525/1588/2127 1531/1593/2128
f 1526/1546/2045 1531/1593/2128 1530/1544/2042
f 1530/1544/2042 1531/1593/2128 1542/1594/2129
f 1530/1544/2042 1542/1594/2129 1543/1535/2031
f 1543/1535/2031 1542/1594/2129 1551/1533/2028
f 1531/1593/2128 1525/1588/2127 1532/1526/2019
f 1542/1594/2129 1531/1593/2128 1541/1524/2015
f 1541/1524/2015 1531/1593/2128 1532/1526/2019
f 1539/1591/2121 1534/1590/2120 1538/1462/1926
f 1538/1462/1926 1534/1590/2119 1535/1460/1923
f 1548/1592/2123 1539/1591/2121 1547/1464/1928
f 1547/1464/1928 1539/1591/2121 1538/1462/1926
f 1551/1533/2028 1542/1594/2129 1550/1522/2012
f 1550/1522/2012 1542/1594/2129 1541/1524/2015
f 1556/1514/2002 1548/1592/2123 1557/1466/2130
f 1557/1466/1931 1548/1592/2124 1547/1464/1928
f 1554/1521/2011 1551/1533/2028 1550/1522/2012
f 1450/1512/1998 1404/1511/1996 1560/1510/1995
f 1544/1509/1993 1450/1512/1999 1560/1510/1995
f 1588/1595/9 1599/1596/9 1587/1597/9
f 1587/1597/9 1599/1596/9 1600/1598/9
f 1587/1597/9 1600/1598/9 1601/1599/9
f 1599/1596/9 1588/1595/9 1598/1600/9
f 1598/1600/9 1588/1595/9 1589/1601/9
f 1598/1600/9 1589/1601/9 1597/1602/9
f 1597/1602/9 1589/1601/9 1596/1603/9
f 1596/1603/9 1589/1601/9 1590/1604/9
f 1596/1603/9 1590/1604/9 1595/1605/9
f 1595/1605/9 1590/1604/9 1591/1606/9
f 1595/1605/9 1591/1606/9 1594/1607/9
f 1594/1607/9 1591/1606/9 1593/1608/9
f 1593/1608/9 1591/1606/9 1592/1609/9
f 1601/1599/9 1602/1610/9 1587/1597/9
f 1603/1611/2131 1604/1612/2132 1652/1613/2133
f 1652/1613/2133 1604/1612/2134 1605/1614/2135
f 1652/1613/2133 1605/1614/2135 1716/1615/2136
f 1716/1615/2137 1605/1614/2135 1606/1616/2138
f 1716/1615/2136 1606/1616/2139 1725/1617/2140
f 1725/1617/2140 1606/1616/2138 1607/1618/2141
f 1725/1617/2140 1607/1618/2142 1608/1619/2143
f 1725/1617/2140 1608/1619/2143 1733/1620/2144
f 1733/1620/2144 1608/1619/2145 1609/1621/2146
f 1733/1620/2144 1609/1621/2147 1610/1622/2148
f 1733/1620/2144 1610/1622/2149 1740/1623/2150
f 1740/1623/2150 1610/1622/2148 1611/1624/2151
f 1740/1623/2150 1611/1624/2151 1612/1625/2152
f 1612/1625/2152 1613/1626/2153 1740/1623/2150
f 1740/1623/2150 1613/1626/2154 1747/1627/2155
f 1740/1623/2150 1747/1627/2155 1741/1628/2156
f 1741/1628/2156 1747/1627/2155 1748/1629/2157
f 1741/1628/2158 1748/1629/2159 1742/1630/2160
f 1742/1630/2160 1748/1629/2159 1749/1631/2161
f 1742/1630/2162 1749/1631/2163 1743/1632/2164
f 1743/1632/2165 1749/1631/2166 1750/1633/2167
f 1743/1632/2164 1750/1633/2167 1744/1634/2168
f 1744/1634/2168 1750/1633/2167 1751/1635/2169
f 1744/1634/2168 1751/1635/2170 1745/1636/2171
f 1745/1636/2171 1751/1635/2172 1752/1637/2173
f 1745/1636/2171 1752/1637/2174 1746/1638/2175
f 1746/1638/2175 1752/1637/2174 1753/1639/2176
f 1746/1638/2177 1753/1639/2176 1668/1640/2178
f 1668/1640/2178 1753/1639/2176 1667/1641/2179
f 1667/1641/2180 1753/1639/2176 1761/1642/2181
f 1667/1641/2179 1761/1642/2181 1666/1643/2182
f 1666/1643/2183 1761/1642/2181 1705/1644/2184
f 1666/1643/2183 1705/1644/2184 1665/1645/2185
f 1665/1645/2185 1705/1644/2184 1664/1646/2186
f 1664/1646/2186 1705/1644/2187 1715/1647/2188
f 1664/1646/2186 1715/1647/2188 1642/1648/2189
f 1642/1648/2189 1715/1647/2188 1778/1649/2190
f 1642/1648/2189 1778/1649/2191 1714/1650/2192
f 1714/1650/2193 1778/1649/2190 1779/1651/2194
f 1714/1650/2193 1779/1651/2195 1776/1652/2196
f 1776/1652/2196 1779/1651/2194 1780/1653/2197
f 1776/1652/2196 1780/1653/2197 1775/1654/2198
f 1775/1654/2198 1780/1653/2197 1781/1655/2199
f 1775/1654/2198 1781/1655/2199 1774/1656/2200
f 1774/1656/2200 1781/1655/2199 1782/1657/2201
f 1774/1656/2200 1782/1657/2201 1773/1658/2202
f 1773/1658/2203 1782/1657/2204 1783/1659/2205
f 1773/1658/2202 1783/1659/2206 1772/1660/2207
f 1772/1660/2207 1783/1659/2206 1784/1661/2208
f 1772/1660/2207 1784/1661/2208 1771/1662/2209
f 1771/1662/2209 1784/1661/2208 1785/1663/2210
f 1771/1662/2209 1785/1663/2211 1770/1664/2212
f 1770/1664/2212 1785/1663/2211 1786/1665/2213
f 1770/1664/2212 1786/1665/2213 1769/1666/2214
f 1769/1666/2214 1786/1665/2213 1622/1667/2215
f 1769/1666/2216 1622/1667/2215 1623/1668/2217
f 1613/1626/2154 1614/1669/2218 1747/1627/2155
f 1747/1627/2155 1614/1669/2218 1754/1670/2219
f 1747/1627/2155 1754/1670/2220 1755/1671/2221
f 1755/1671/2221 1754/1670/2219 1762/1672/2222
f 1755/1671/2221 1762/1672/2222 1763/1673/2223
f 1763/1673/2223 1762/1672/2224 1784/1661/2208
f 1763/1673/2223 1784/1661/2208 1783/1659/2206
f 1754/1670/2219 1614/1669/2218 1620/1674/2225
f 1620/1674/2226 1614/1669/2218 1615/1675/2227
f 1620/1674/2225 1615/1675/2228 1616/1676/2229
f 1616/1676/2230 1617/1677/2231 1620/1674/2226
f 1620/1674/2226 1617/1677/2231 1618/1678/2232
f 1620/1674/2226 1618/1678/2232 1619/1679/2233
f 1620/1674/2225 1621/1680/2234 1754/1670/2235
f 1754/1670/2219 1621/1680/2234 1713/1681/2236
f 1754/1670/2235 1713/1681/2236 1762/1672/2224
f 1762/1672/2224 1713/1681/2236 1785/1663/2210
f 1762/1672/2224 1785/1663/2210 1784/1661/2208
f 1621/1680/2234 1622/1667/2215 1713/1681/2237
f 1713/1681/2236 1622/1667/2215 1786/1665/2213
f 1713/1681/2236 1786/1665/2213 1785/1663/2211
f 1769/1666/2216 1623/1668/2238 1787/1682/2239
f 1787/1682/2240 1623/1668/2238 1624/1683/2241
f 1787/1682/2240 1624/1683/2241 1711/1684/2242
f 1711/1684/2242 1624/1683/2241 1625/1685/2243
f 1711/1684/2242 1625/1685/2243 1819/1686/2244
f 1819/1686/2244 1625/1685/2245 1803/1687/2246
f 1819/1686/2247 1803/1687/2246 1804/1688/2248
f 1804/1688/2248 1803/1687/2246 1821/1689/2249
f 1804/1688/2248 1821/1689/2249 1822/1690/2250
f 1822/1690/2250 1821/1689/2249 1831/1691/2251
f 1822/1690/2250 1831/1691/2252 1832/1692/2253
f 1832/1692/2253 1831/1691/2252 1843/1693/2254
f 1832/1692/2253 1843/1693/2254 1842/1694/2255
f 1842/1694/2256 1843/1693/2254 1850/1695/2257
f 1842/1694/2256 1850/1695/2257 1851/1696/2258
f 1851/1696/2259 1850/1695/2257 1859/1697/2260
f 1851/1696/2259 1859/1697/2260 1860/1698/2261
f 1860/1698/2261 1859/1697/2260 1867/1699/2262
f 1860/1698/2263 1867/1699/2262 1868/1700/2264
f 1868/1700/2265 1867/1699/2262 1870/1701/2266
f 1868/1700/2265 1870/1701/2266 1707/1702/2267
f 1707/1702/2268 1870/1701/2266 1886/1703/2269
f 1707/1702/2267 1886/1703/2269 1669/1704/2270
f 1669/1704/2270 1886/1703/2271 1684/1705/2272
f 1684/1705/2272 1886/1703/2269 1885/1706/2273
f 1684/1705/2272 1885/1706/2273 1683/1707/2274
f 1683/1707/2274 1885/1706/2273 1682/1708/2275
f 1682/1708/2275 1885/1706/2276 1893/1709/2277
f 1682/1708/2275 1893/1709/2277 1681/1710/2278
f 1681/1710/2279 1893/1709/2277 1680/1711/2280
f 1680/1711/2281 1893/1709/2282 1911/1712/2283
f 1680/1711/2281 1911/1712/2283 1679/1713/2284
f 1679/1713/2284 1911/1712/2283 1895/1714/2285
f 1679/1713/2284 1895/1714/2286 1894/1715/2287
f 1894/1715/2287 1895/1714/2288 1910/1716/2289
f 1894/1715/2287 1910/1716/2290 1677/1717/2291
f 1677/1717/2291 1910/1716/2290 1639/1718/2292
f 1677/1717/2291 1639/1718/2292 1676/1719/2293
f 1676/1719/2294 1639/1718/2292 1675/1720/2295
f 1675/1720/2295 1639/1718/2292 1674/1721/2296
f 1674/1721/2297 1639/1718/2292 1673/1722/2298
f 1673/1722/2299 1639/1718/2292 1640/1723/2300
f 1673/1722/2298 1640/1723/2300 1672/1724/2301
f 1672/1724/2301 1640/1723/2300 1671/1725/2302
f 1671/1725/2303 1640/1723/2300 1670/1726/2304
f 1670/1726/2304 1640/1723/2300 1707/1702/2305
f 1670/1726/2304 1707/1702/2267 1669/1704/2270
f 1625/1685/2245 1626/1727/2306 1803/1687/2246
f 1803/1687/2246 1626/1727/2306 1820/1728/2307
f 1803/1687/2246 1820/1728/2307 1821/1689/2249
f 1821/1689/2249 1820/1728/2307 1830/1729/2308
f 1821/1689/2249 1830/1729/2308 1831/1691/2251
f 1831/1691/2251 1830/1729/2308 1844/1730/2309
f 1831/1691/2252 1844/1730/2310 1843/1693/2254
f 1843/1693/2254 1844/1730/2309 1849/1731/2311
f 1843/1693/2254 1849/1731/2311 1850/1695/2312
f 1850/1695/2257 1849/1731/2313 1858/1732/2314
f 1850/1695/2257 1858/1732/2314 1859/1697/2260
f 1859/1697/2260 1858/1732/2314 1866/1733/2315
f 1859/1697/2260 1866/1733/2315 1867/1699/2262
f 1867/1699/2262 1866/1733/2315 1871/1734/2316
f 1867/1699/2262 1871/1734/2316 1870/1701/2266
f 1870/1701/2266 1871/1734/2316 1885/1706/2276
f 1870/1701/2266 1885/1706/2273 1886/1703/2269
f 1626/1727/2306 1627/1735/2317 1820/1728/2318
f 1820/1728/2307 1627/1735/2317 1829/1736/2319
f 1820/1728/2318 1829/1736/2319 1830/1729/2308
f 1830/1729/2308 1829/1736/2320 1845/1737/2321
f 1830/1729/2308 1845/1737/2321 1844/1730/2309
f 1844/1730/2310 1845/1737/2321 1848/1738/2322
f 1844/1730/2310 1848/1738/2322 1849/1731/2311
f 1849/1731/2311 1848/1738/2322 1857/1739/2323
f 1849/1731/2311 1857/1739/2324 1858/1732/2325
f 1858/1732/2314 1857/1739/2323 1865/1740/2326
f 1858/1732/2314 1865/1740/2327 1866/1733/2315
f 1866/1733/2315 1865/1740/2327 1872/1741/2328
f 1866/1733/2329 1872/1741/2328 1871/1734/2316
f 1871/1734/2316 1872/1741/2328 1884/1742/2330
f 1871/1734/2316 1884/1742/2330 1885/1706/2273
f 1885/1706/2273 1884/1742/2330 1893/1709/2277
f 1829/1736/2320 1627/1735/2317 1708/1743/2331
f 1708/1743/2332 1627/1735/2317 1628/1744/2333
f 1708/1743/2332 1628/1744/2333 1846/1745/2334
f 1846/1745/2334 1628/1744/2333 1629/1746/2335
f 1846/1745/2334 1629/1746/2335 1854/1747/2336
f 1854/1747/2336 1629/1746/2335 1630/1748/2337
f 1854/1747/2336 1630/1748/2337 1706/1749/2338
f 1706/1749/2338 1630/1748/2337 1631/1750/2339
f 1706/1749/2338 1631/1750/2339 1877/1751/2340
f 1877/1751/2341 1631/1750/2339 1878/1752/2342
f 1877/1751/2341 1878/1752/2342 1879/1753/2343
f 1879/1753/2343 1878/1752/2342 1887/1754/2344
f 1879/1753/2343 1887/1754/2344 1888/1755/2345
f 1888/1755/2345 1887/1754/2346 1916/1756/2347
f 1888/1755/2345 1916/1756/2347 1915/1757/2348
f 1915/1757/2348 1916/1756/2349 1899/1758/2350
f 1915/1757/2348 1899/1758/2350 1898/1759/2351
f 1898/1759/2351 1899/1758/2350 1906/1760/2352
f 1898/1759/2351 1906/1760/2352 1907/1761/2353
f 1907/1761/2354 1906/1760/2352 1637/1762/2355
f 1907/1761/2354 1637/1762/2355 1908/1763/2356
f 1908/1763/2356 1637/1762/2355 1638/1764/2357
f 1908/1763/2358 1638/1764/2359 1909/1765/2360
f 1909/1765/2361 1638/1764/2359 1910/1716/2290
f 1909/1765/2362 1910/1716/2290 1895/1714/2288
f 1631/1750/2339 1632/1766/2363 1878/1752/2342
f 1878/1752/2342 1632/1766/2363 1688/1767/2364
f 1878/1752/2342 1688/1767/2364 1689/1768/2365
f 1633/1769/2366 1704/1770/2367 1632/1766/2363
f 1632/1766/2363 1704/1770/2368 1685/1771/2369
f 1632/1766/2363 1685/1771/2370 1686/1772/2371
f 1634/1773/2372 1702/1774/2373 1633/1769/2374
f 1633/1769/2366 1702/1774/2375 1703/1775/2376
f 1633/1769/2366 1703/1775/2376 1704/1770/2377
f 1635/1776/2378 1902/1777/2379 1634/1773/2380
f 1634/1773/2380 1902/1777/2381 1698/1778/2382
f 1634/1773/2372 1698/1778/2382 1699/1779/2383
f 1635/1776/2384 1636/1780/2385 1902/1777/2381
f 1902/1777/2381 1636/1780/2385 1903/1781/2386
f 1902/1777/2379 1903/1781/2386 1697/1782/2387
f 1697/1782/2387 1903/1781/2386 1696/1783/2388
f 1696/1783/2388 1903/1781/2386 1901/1784/2389
f 1696/1783/2390 1901/1784/2389 1695/1785/2391
f 1695/1785/2391 1901/1784/2389 1917/1786/2392
f 1695/1785/2391 1917/1786/2392 1694/1787/2393
f 1694/1787/2394 1917/1786/2392 1693/1788/2395
f 1693/1788/2395 1917/1786/2392 1692/1789/2396
f 1692/1789/2396 1917/1786/2392 1887/1754/2344
f 1692/1789/2396 1887/1754/2344 1691/1790/2397
f 1691/1790/2398 1887/1754/2399 1690/1791/2400
f 1690/1791/2401 1887/1754/2344 1689/1768/2365
f 1689/1768/2402 1887/1754/2344 1878/1752/2342
f 1637/1762/2355 1906/1760/2352 1636/1780/2385
f 1636/1780/2385 1906/1760/2352 1905/1792/2403
f 1636/1780/2385 1905/1792/2403 1904/1793/2404
f 1904/1793/2404 1905/1792/2403 1900/1794/2405
f 1904/1793/2404 1900/1794/2405 1901/1784/2389
f 1901/1784/2389 1900/1794/2405 1917/1786/2392
f 1638/1764/2359 1639/1718/2406 1910/1716/2290
f 1641/1795/2407 1837/1796/2408 1640/1723/2300
f 1640/1723/2300 1837/1796/2409 1709/1797/2410
f 1640/1723/2300 1709/1797/2410 1869/1798/2411
f 1869/1798/2412 1709/1797/2410 1861/1799/2413
f 1869/1798/2412 1861/1799/2413 1868/1700/2414
f 1868/1700/2264 1861/1799/2413 1860/1698/2261
f 1642/1648/2189 1777/1800/2415 1641/1795/2407
f 1641/1795/2407 1777/1800/2415 1712/1801/2416
f 1641/1795/2407 1712/1801/2416 1811/1802/2417
f 1811/1802/2418 1712/1801/2419 1812/1803/2420
f 1811/1802/2417 1812/1803/2421 1810/1804/2422
f 1810/1804/2422 1812/1803/2420 1813/1805/2423
f 1810/1804/2424 1813/1805/2423 1809/1806/2425
f 1809/1806/2425 1813/1805/2423 1814/1807/2426
f 1809/1806/2425 1814/1807/2426 1808/1808/2427
f 1808/1808/2428 1814/1807/2429 1815/1809/2430
f 1808/1808/2428 1815/1809/2430 1807/1810/2431
f 1807/1810/2432 1815/1809/2430 1816/1811/2433
f 1807/1810/2432 1816/1811/2433 1806/1812/2434
f 1806/1812/2435 1816/1811/2433 1817/1813/2436
f 1806/1812/2435 1817/1813/2436 1805/1814/2437
f 1805/1814/2438 1817/1813/2436 1818/1815/2439
f 1805/1814/2437 1818/1815/2439 1804/1688/2248
f 1804/1688/2248 1818/1815/2439 1819/1686/2440
f 1642/1648/2189 1643/1816/2441 1664/1646/2186
f 1664/1646/2186 1643/1816/2441 1663/1817/2442
f 1663/1817/2442 1643/1816/2441 1662/1818/2443
f 1662/1818/2444 1643/1816/2441 1661/1819/2445
f 1661/1819/2446 1643/1816/2441 1660/1820/2447
f 1660/1820/2447 1643/1816/2441 1659/1821/2448
f 1659/1821/2448 1643/1816/2441 1644/1822/2449
f 1659/1821/2448 1644/1822/2449 1658/1823/2450
f 1658/1823/2450 1644/1822/2449 1657/1824/2451
f 1657/1824/2452 1644/1822/2449 1732/1825/2453
f 1657/1824/2451 1732/1825/2454 1656/1826/2455
f 1656/1826/2455 1732/1825/2453 1731/1827/2456
f 1656/1826/2455 1731/1827/2456 1739/1828/2457
f 1739/1828/2458 1731/1827/2456 1730/1829/2459
f 1739/1828/2458 1730/1829/2459 1738/1830/2460
f 1738/1830/2460 1730/1829/2461 1729/1831/2462
f 1738/1830/2463 1729/1831/2462 1737/1832/2464
f 1737/1832/2464 1729/1831/2462 1728/1833/2465
f 1737/1832/2464 1728/1833/2465 1736/1834/2466
f 1736/1834/2466 1728/1833/2465 1727/1835/2467
f 1736/1834/2466 1727/1835/2467 1735/1836/2468
f 1735/1836/2468 1727/1835/2467 1726/1837/2469
f 1735/1836/2468 1726/1837/2469 1734/1838/2470
f 1734/1838/2471 1726/1837/2469 1725/1617/2140
f 1734/1838/2471 1725/1617/2140 1733/1620/2144
f 1732/1825/2472 1644/1822/2449 1717/1839/2473
f 1717/1839/2473 1644/1822/2474 1645/1840/2475
f 1717/1839/2473 1645/1840/2475 1646/1841/2476
f 1646/1841/2476 1647/1842/2477 1717/1839/2473
f 1717/1839/2473 1647/1842/2478 1648/1843/2479
f 1717/1839/2473 1648/1843/2480 1718/1844/2481
f 1718/1844/2481 1648/1843/2480 1719/1845/2482
f 1718/1844/2483 1719/1845/2482 1731/1827/2456
f 1731/1827/2456 1719/1845/2482 1730/1829/2459
f 1648/1843/2484 1649/1846/2485 1719/1845/2482
f 1719/1845/2482 1649/1846/2486 1720/1847/2487
f 1719/1845/2482 1720/1847/2488 1730/1829/2459
f 1730/1829/2459 1720/1847/2488 1729/1831/2462
f 1720/1847/2487 1649/1846/2489 1721/1848/2490
f 1721/1848/2491 1649/1846/2485 1650/1849/2492
f 1721/1848/2490 1650/1849/2492 1722/1850/2493
f 1722/1850/2494 1650/1849/2492 1723/1851/2495
f 1722/1850/2494 1723/1851/2496 1727/1835/2467
f 1727/1835/2467 1723/1851/2496 1726/1837/2469
f 1723/1851/2496 1650/1849/2492 1724/1852/2497
f 1724/1852/2497 1650/1849/2492 1651/1853/2498
f 1724/1852/2497 1651/1853/2498 1716/1615/2136
f 1716/1615/2499 1651/1853/2498 1652/1613/2133
f 1654/1854/2500 1739/1828/2458 1653/1855/2501
f 1653/1855/2502 1739/1828/2458 1746/1638/2503
f 1653/1855/2502 1746/1638/2503 1668/1640/2504
f 1654/1854/2505 1655/1856/2506 1739/1828/2457
f 1739/1828/2458 1655/1856/2507 1656/1826/2455
f 1677/1717/2291 1678/1857/2508 1894/1715/2509
f 1894/1715/2287 1678/1857/2510 1679/1713/2284
f 1686/1772/2371 1687/1858/2511 1632/1766/2363
f 1632/1766/2363 1687/1858/2512 1688/1767/2364
f 1697/1782/2387 1698/1778/2382 1902/1777/2379
f 1699/1779/2383 1700/1859/2513 1634/1773/2380
f 1634/1773/2380 1700/1859/2513 1701/1860/2514
f 1634/1773/2380 1701/1860/2515 1702/1774/2375
f 1710/1861/2516 1641/1795/2407 1828/1862/2517
f 1828/1862/2518 1641/1795/2407 1811/1802/2418
f 1828/1862/2517 1811/1802/2418 1810/1804/2422
f 1731/1827/2456 1732/1825/2454 1718/1844/2483
f 1718/1844/2483 1732/1825/2454 1717/1839/2473
f 1728/1833/2465 1729/1831/2462 1721/1848/2490
f 1721/1848/2490 1729/1831/2462 1720/1847/2488
f 1727/1835/2467 1728/1833/2519 1722/1850/2493
f 1722/1850/2493 1728/1833/2465 1721/1848/2490
f 1725/1617/2140 1726/1837/2469 1724/1852/2497
f 1724/1852/2497 1726/1837/2520 1723/1851/2496
f 1724/1852/2497 1716/1615/2137 1725/1617/2140
f 1740/1623/2150 1741/1628/2156 1733/1620/2144
f 1733/1620/2521 1741/1628/2156 1734/1838/2471
f 1741/1628/2156 1742/1630/2522 1734/1838/2471
f 1734/1838/2470 1742/1630/2522 1735/1836/2468
f 1742/1630/2160 1743/1632/2164 1735/1836/2468
f 1735/1836/2468 1743/1632/2523 1736/1834/2466
f 1743/1632/2523 1744/1634/2168 1736/1834/2524
f 1736/1834/2466 1744/1634/2168 1737/1832/2464
f 1746/1638/2175 1739/1828/2525 1738/1830/2526
f 1744/1634/2168 1745/1636/2171 1737/1832/2464
f 1737/1832/2527 1745/1636/2171 1738/1830/2460
f 1745/1636/2171 1746/1638/2175 1738/1830/2463
f 1747/1627/2155 1755/1671/2528 1748/1629/2159
f 1748/1629/2159 1755/1671/2528 1756/1863/2529
f 1748/1629/2159 1756/1863/2529 1749/1631/2163
f 1749/1631/2163 1756/1863/2529 1757/1864/2530
f 1749/1631/2163 1757/1864/2530 1750/1633/2167
f 1750/1633/2167 1757/1864/2530 1758/1865/2531
f 1750/1633/2167 1758/1865/2532 1751/1635/2172
f 1751/1635/2172 1758/1865/2532 1759/1866/2533
f 1751/1635/2172 1759/1866/2533 1752/1637/2174
f 1752/1637/2174 1759/1866/2534 1760/1867/2535
f 1752/1637/2174 1760/1867/2535 1753/1639/2176
f 1753/1639/2176 1760/1867/2535 1761/1642/2181
f 1755/1671/2528 1763/1673/2223 1756/1863/2529
f 1756/1863/2529 1763/1673/2223 1764/1868/2536
f 1756/1863/2529 1764/1868/2536 1757/1864/2530
f 1757/1864/2530 1764/1868/2536 1765/1869/2537
f 1757/1864/2530 1765/1869/2537 1758/1865/2531
f 1758/1865/2532 1765/1869/2537 1766/1870/2538
f 1758/1865/2532 1766/1870/2538 1759/1866/2534
f 1759/1866/2534 1766/1870/2539 1767/1871/2540
f 1759/1866/2534 1767/1871/2540 1760/1867/2535
f 1760/1867/2535 1767/1871/2540 1768/1872/2541
f 1760/1867/2535 1768/1872/2541 1761/1642/2181
f 1761/1642/2181 1768/1872/2541 1715/1647/2188
f 1761/1642/2181 1715/1647/2188 1705/1644/2184
f 1763/1673/2542 1783/1659/2205 1764/1868/2536
f 1764/1868/2536 1783/1659/2205 1782/1657/2201
f 1764/1868/2536 1782/1657/2201 1765/1869/2537
f 1765/1869/2537 1782/1657/2204 1781/1655/2199
f 1765/1869/2537 1781/1655/2543 1766/1870/2544
f 1766/1870/2545 1781/1655/2543 1780/1653/2197
f 1766/1870/2538 1780/1653/2197 1767/1871/2546
f 1767/1871/2540 1780/1653/2197 1779/1651/2194
f 1767/1871/2540 1779/1651/2194 1768/1872/2541
f 1768/1872/2541 1779/1651/2194 1778/1649/2190
f 1768/1872/2541 1778/1649/2190 1715/1647/2188
f 1770/1664/2212 1769/1666/2214 1788/1873/2547
f 1788/1873/2547 1769/1666/2214 1787/1682/2240
f 1788/1873/2547 1787/1682/2239 1796/1874/2548
f 1796/1874/2548 1787/1682/2240 1711/1684/2242
f 1796/1874/2549 1711/1684/2242 1818/1815/2439
f 1818/1815/2439 1711/1684/2242 1819/1686/2244
f 1771/1662/2209 1770/1664/2212 1789/1875/2550
f 1789/1875/2551 1770/1664/2212 1788/1873/2547
f 1789/1875/2551 1788/1873/2552 1797/1876/2553
f 1797/1876/2553 1788/1873/2552 1796/1874/2548
f 1797/1876/2553 1796/1874/2549 1817/1813/2436
f 1817/1813/2436 1796/1874/2548 1818/1815/2439
f 1772/1660/2207 1771/1662/2209 1790/1877/2554
f 1790/1877/2554 1771/1662/2209 1789/1875/2555
f 1790/1877/2554 1789/1875/2555 1798/1878/2556
f 1798/1878/2556 1789/1875/2550 1797/1876/2553
f 1798/1878/2556 1797/1876/2553 1816/1811/2433
f 1816/1811/2557 1797/1876/2553 1817/1813/2436
f 1773/1658/2202 1772/1660/2558 1791/1879/2559
f 1791/1879/2559 1772/1660/2207 1790/1877/2554
f 1791/1879/2559 1790/1877/2554 1799/1880/2560
f 1799/1880/2561 1790/1877/2554 1798/1878/2556
f 1799/1880/2560 1798/1878/2556 1815/1809/2430
f 1815/1809/2430 1798/1878/2556 1816/1811/2557
f 1774/1656/2200 1773/1658/2203 1792/1881/2562
f 1792/1881/2562 1773/1658/2202 1791/1879/2559
f 1792/1881/2562 1791/1879/2559 1800/1882/2563
f 1800/1882/2563 1791/1879/2559 1799/1880/2561
f 1800/1882/2563 1799/1880/2560 1814/1807/2564
f 1814/1807/2426 1799/1880/2560 1815/1809/2430
f 1775/1654/2565 1774/1656/2200 1793/1883/2566
f 1793/1883/2566 1774/1656/2200 1792/1881/2562
f 1793/1883/2566 1792/1881/2562 1801/1884/2567
f 1801/1884/2567 1792/1881/2568 1800/1882/2563
f 1801/1884/2567 1800/1882/2563 1813/1805/2423
f 1813/1805/2423 1800/1882/2563 1814/1807/2429
f 1776/1652/2196 1775/1654/2198 1794/1885/2569
f 1794/1885/2569 1775/1654/2198 1793/1883/2566
f 1794/1885/2569 1793/1883/2566 1802/1886/2570
f 1802/1886/2570 1793/1883/2566 1801/1884/2567
f 1802/1886/2570 1801/1884/2567 1812/1803/2420
f 1812/1803/2420 1801/1884/2567 1813/1805/2423
f 1777/1800/2571 1642/1648/2189 1795/1887/2572
f 1795/1887/2573 1642/1648/2189 1714/1650/2193
f 1795/1887/2573 1714/1650/2574 1776/1652/2196
f 1777/1800/2571 1795/1887/2573 1794/1885/2569
f 1794/1885/2575 1795/1887/2573 1776/1652/2576
f 1777/1800/2571 1794/1885/2569 1802/1886/2570
f 1712/1801/2416 1777/1800/2415 1802/1886/2570
f 1712/1801/2416 1802/1886/2570 1812/1803/2420
f 1804/1688/2248 1822/1690/2250 1805/1814/2438
f 1805/1814/2438 1822/1690/2577 1823/1888/2578
f 1805/1814/2437 1823/1888/2578 1806/1812/2435
f 1806/1812/2434 1823/1888/2578 1824/1889/2579
f 1806/1812/2435 1824/1889/2579 1807/1810/2431
f 1807/1810/2431 1824/1889/2579 1825/1890/2580
f 1807/1810/2431 1825/1890/2580 1808/1808/2428
f 1808/1808/2428 1825/1890/2580 1826/1891/2581
f 1808/1808/2428 1826/1891/2581 1809/1806/2425
f 1809/1806/2425 1826/1891/2581 1827/1892/2582
f 1809/1806/2425 1827/1892/2582 1810/1804/2424
f 1810/1804/2424 1827/1892/2583 1828/1862/2518
f 1822/1690/2577 1832/1692/2584 1823/1888/2578
f 1823/1888/2578 1832/1692/2584 1833/1893/2585
f 1823/1888/2578 1833/1893/2586 1824/1889/2579
f 1824/1889/2579 1833/1893/2585 1834/1894/2587
f 1824/1889/2579 1834/1894/2588 1825/1890/2580
f 1825/1890/2589 1834/1894/2590 1835/1895/2591
f 1825/1890/2580 1835/1895/2591 1826/1891/2581
f 1826/1891/2581 1835/1895/2591 1836/1896/2592
f 1826/1891/2581 1836/1896/2593 1827/1892/2582
f 1827/1892/2582 1836/1896/2592 1710/1861/2594
f 1827/1892/2583 1710/1861/2594 1828/1862/2517
f 1641/1795/2407 1710/1861/2594 1838/1897/2595
f 1838/1897/2595 1710/1861/2594 1836/1896/2593
f 1838/1897/2595 1836/1896/2592 1839/1898/2596
f 1839/1898/2596 1836/1896/2592 1835/1895/2597
f 1839/1898/2598 1835/1895/2591 1840/1899/2599
f 1840/1899/2599 1835/1895/2591 1834/1894/2588
f 1840/1899/2599 1834/1894/2588 1841/1900/2600
f 1841/1900/2600 1834/1894/2590 1833/1893/2585
f 1841/1900/2600 1833/1893/2586 1842/1694/2255
f 1842/1694/2255 1833/1893/2586 1832/1692/2584
f 1641/1795/2407 1838/1897/2595 1837/1796/2408
f 1837/1796/2408 1838/1897/2595 1839/1898/2596
f 1837/1796/2408 1839/1898/2596 1853/1901/2601
f 1853/1901/2601 1839/1898/2596 1840/1899/2599
f 1853/1901/2601 1840/1899/2599 1852/1902/2602
f 1852/1902/2603 1840/1899/2599 1841/1900/2604
f 1852/1902/2603 1841/1900/2600 1851/1696/2259
f 1851/1696/2259 1841/1900/2600 1842/1694/2605
f 1707/1702/2267 1640/1723/2300 1869/1798/2412
f 1845/1737/2321 1708/1743/2332 1847/1903/2606
f 1847/1903/2606 1708/1743/2332 1846/1745/2334
f 1847/1903/2606 1846/1745/2334 1855/1904/2607
f 1855/1904/2607 1846/1745/2334 1854/1747/2608
f 1855/1904/2607 1854/1747/2336 1862/1905/2609
f 1862/1905/2609 1854/1747/2336 1706/1749/2338
f 1862/1905/2609 1706/1749/2610 1876/1906/2611
f 1876/1906/2612 1706/1749/2338 1877/1751/2340
f 1876/1906/2611 1877/1751/2341 1879/1753/2343
f 1845/1737/2321 1829/1736/2320 1708/1743/2332
f 1845/1737/2321 1847/1903/2606 1848/1738/2322
f 1848/1738/2322 1847/1903/2606 1856/1907/2613
f 1848/1738/2322 1856/1907/2613 1857/1739/2323
f 1857/1739/2323 1856/1907/2614 1864/1908/2615
f 1857/1739/2324 1864/1908/2615 1865/1740/2327
f 1865/1740/2327 1864/1908/2615 1873/1909/2616
f 1865/1740/2327 1873/1909/2616 1872/1741/2617
f 1872/1741/2617 1873/1909/2616 1883/1910/2618
f 1872/1741/2328 1883/1910/2618 1884/1742/2330
f 1884/1742/2330 1883/1910/2618 1892/1911/2619
f 1884/1742/2330 1892/1911/2619 1893/1709/2277
f 1893/1709/2277 1892/1911/2619 1911/1712/2283
f 1856/1907/2613 1847/1903/2606 1855/1904/2607
f 1851/1696/2259 1860/1698/2261 1852/1902/2603
f 1852/1902/2603 1860/1698/2261 1861/1799/2413
f 1852/1902/2603 1861/1799/2413 1853/1901/2601
f 1853/1901/2601 1861/1799/2413 1709/1797/2410
f 1853/1901/2601 1709/1797/2620 1837/1796/2621
f 1856/1907/2613 1855/1904/2607 1863/1912/2622
f 1863/1912/2622 1855/1904/2607 1862/1905/2609
f 1863/1912/2622 1862/1905/2609 1875/1913/2623
f 1875/1913/2624 1862/1905/2609 1876/1906/2612
f 1875/1913/2623 1876/1906/2612 1880/1914/2625
f 1880/1914/2625 1876/1906/2626 1879/1753/2343
f 1880/1914/2625 1879/1753/2627 1888/1755/2345
f 1856/1907/2613 1863/1912/2622 1864/1908/2615
f 1864/1908/2615 1863/1912/2622 1874/1915/2628
f 1864/1908/2615 1874/1915/2628 1873/1909/2616
f 1873/1909/2616 1874/1915/2628 1882/1916/2629
f 1873/1909/2616 1882/1916/2629 1883/1910/2618
f 1883/1910/2618 1882/1916/2629 1891/1917/2630
f 1883/1910/2618 1891/1917/2630 1892/1911/2619
f 1892/1911/2619 1891/1917/2630 1912/1918/2631
f 1892/1911/2619 1912/1918/2632 1911/1712/2283
f 1911/1712/2633 1912/1918/2631 1895/1714/2285
f 1874/1915/2628 1863/1912/2622 1875/1913/2623
f 1707/1702/2305 1869/1798/2412 1868/1700/2414
f 1874/1915/2628 1875/1913/2634 1881/1919/2635
f 1881/1919/2636 1875/1913/2623 1880/1914/2625
f 1881/1919/2635 1880/1914/2637 1889/1920/2638
f 1889/1920/2638 1880/1914/2625 1888/1755/2345
f 1889/1920/2638 1888/1755/2639 1915/1757/2348
f 1874/1915/2628 1881/1919/2635 1882/1916/2629
f 1882/1916/2629 1881/1919/2635 1890/1921/2640
f 1882/1916/2629 1890/1921/2640 1891/1917/2630
f 1891/1917/2630 1890/1921/2640 1913/1922/2641
f 1891/1917/2642 1913/1922/2641 1912/1918/2632
f 1912/1918/2643 1913/1922/2644 1896/1923/2645
f 1912/1918/2631 1896/1923/2646 1895/1714/2286
f 1895/1714/2286 1896/1923/2647 1909/1765/2648
f 1890/1921/2640 1881/1919/2635 1889/1920/2638
f 1890/1921/2640 1889/1920/2638 1914/1924/2649
f 1914/1924/2649 1889/1920/2638 1915/1757/2348
f 1914/1924/2649 1915/1757/2348 1898/1759/2650
f 1908/1763/2358 1909/1765/2648 1896/1923/2647
f 1907/1761/2651 1908/1763/2356 1897/1925/2652
f 1897/1925/2652 1908/1763/2356 1896/1923/2647
f 1897/1925/2652 1896/1923/2647 1913/1922/2644
f 1914/1924/2653 1898/1759/2351 1897/1925/2652
f 1897/1925/2652 1898/1759/2351 1907/1761/2651
f 1914/1924/2649 1897/1925/2652 1913/1922/2644
f 1905/1792/2403 1906/1760/2352 1899/1758/2350
f 1905/1792/2403 1899/1758/2350 1900/1794/2405
f 1900/1794/2405 1899/1758/2350 1916/1756/2347
f 1900/1794/2405 1916/1756/2349 1917/1786/2392
f 1917/1786/2654 1916/1756/2655 1887/1754/2344
f 1904/1793/2404 1901/1784/2389 1903/1781/2386
f 1636/1780/2385 1904/1793/2404 1903/1781/2656
f 1890/1921/2640 1914/1924/2657 1913/1922/2644
f 1919/1926/2658 1426/1927/2659 1918/1928/2660
f 1918/1928/2660 1426/1927/2659 1425/1929/2661
f 1918/1928/2660 1425/1929/2661 1961/1930/2662
f 1961/1930/2663 1425/1929/2664 1960/1931/2665
f 1960/1931/2665 1425/1929/2666 1424/1932/2667
f 1960/1931/2665 1424/1932/2667 1959/1933/2668
f 1959/1933/2668 1424/1932/2669 1958/1934/2670
f 1958/1934/2671 1424/1932/2667 1423/1935/2672
f 1958/1934/2670 1423/1935/2672 1957/1936/2673
f 1957/1936/2673 1423/1935/2672 9/1937/2674
f 9/1937/1 1423/1935/2672 1422/1938/2675
f 9/1937/1 1422/1938/2675 1956/1939/2676
f 1956/1939/2676 1422/1938/2675 1421/1940/2677
f 1956/1939/2676 1421/1940/2678 1955/1941/2679
f 1955/1941/2679 1421/1940/2677 1420/1942/2680
f 1955/1941/2681 1420/1942/2680 1419/1943/2682
f 1426/1927/2683 1919/1926/2658 1427/1944/2684
f 1427/1944/2684 1919/1926/2658 1920/1945/2685
f 1427/1944/2684 1920/1945/2685 1428/1946/2686
f 1428/1946/2686 1920/1945/2685 1921/1947/2687
f 1428/1946/2686 1921/1947/2687 1922/1948/2688
f 1428/1946/2686 1922/1948/2689 1429/1949/2690
f 1429/1949/2690 1922/1948/2689 1923/1950/2691
f 1429/1949/2692 1923/1950/2693 1924/1951/2694
f 1924/1951/2694 15/1952/2695 1429/1949/2690
f 1429/1949/2690 15/1952/16 1430/1953/2696
f 1430/1953/2696 15/1952/16 1931/1954/2697
f 1430/1953/2696 1931/1954/2697 1431/1955/2698
f 1431/1955/2698 1931/1954/2699 1432/1956/2700
f 1432/1956/2701 1931/1954/2697 1932/1957/2702
f 1432/1956/2700 1932/1957/2702 1433/1958/2703
f 1433/1958/2703 1932/1957/2702 1434/1959/2704
f 1434/1959/2705 1932/1957/2702 1933/1960/2706
f 1434/1959/2704 1933/1960/2706 1435/1961/2707
f 1435/1961/2708 1933/1960/2706 1436/1962/2709
f 1436/1962/2709 1933/1960/2706 1934/1963/2710
f 1436/1962/2709 1934/1963/2711 1437/1964/2712
f 1437/1964/2712 1934/1963/2710 1935/1965/2713
f 1437/1964/2714 1935/1965/2713 1438/1966/2715
f 1438/1966/2715 1935/1965/2713 1439/1967/2716
f 1439/1967/2716 1935/1965/2713 1936/1968/2717
f 1439/1967/2718 1936/1968/2717 1440/1969/2719
f 1440/1969/2719 1936/1968/2717 1441/1970/2720
f 1441/1970/2720 1936/1968/2717 1442/1971/2721
f 1442/1971/2721 1936/1968/2717 1937/1972/2722
f 1442/1971/2721 1937/1972/2722 1443/1973/2723
f 1443/1973/2723 1937/1972/2722 1444/1974/2724
f 1444/1974/2724 1937/1972/2722 1943/1975/2725
f 1943/1975/2725 1937/1972/2722 1942/1976/2726
f 1942/1976/2726 1937/1972/2722 1941/1977/2727
f 1941/1977/2727 1937/1972/2722 1286/142/2728
f 1941/1977/2729 1286/142/2728 1940/1978/2730
f 1940/1978/2730 1286/142/2728 1939/1979/2731
f 1939/1979/2731 1286/142/2728 1938/1980/2732
f 1938/1980/2732 1286/142/2728 1285/1981/2728
f 15/1952/16 14/1982/16 1931/1954/2699
f 1931/1954/2699 14/1982/16 1925/1983/16
f 1931/1954/2699 1925/1983/16 1926/1984/16
f 1926/1984/16 1927/1985/16 1931/1954/2699
f 1931/1954/2699 1927/1985/16 1928/1986/16
f 1931/1954/2699 1928/1986/16 1929/1987/16
f 1929/1987/16 1930/1988/16 1931/1954/2699
f 1955/1941/2681 1419/1943/2733 1954/1989/2734
f 1954/1989/2734 1419/1943/2682 1418/1990/2735
f 1954/1989/2734 1418/1990/2735 1953/1991/2736
f 1953/1991/2737 1418/1990/2735 1417/1992/2738
f 1953/1991/2737 1417/1992/2738 1416/1993/2739
f 1953/1991/2736 1416/1993/2739 1952/1994/2740
f 1952/1994/2740 1416/1993/2739 1415/1995/2741
f 1952/1994/2740 1415/1995/2741 1951/1996/2742
f 1951/1996/2742 1415/1995/2741 1414/1997/2743
f 1951/1996/2742 1414/1997/2744 1413/1998/2745
f 1951/1996/2746 1413/1998/2745 1950/1999/2747
f 1950/1999/2747 1413/1998/2745 1412/2000/2748
f 1950/1999/2749 1412/2000/2748 1944/2001/2750
f 1944/2001/2751 1945/2002/2752 1950/1999/2747
f 1950/1999/2747 1945/2002/2753 1946/2003/2754
f 1950/1999/2749 1946/2003/2755 1947/2004/2756
f 1947/2004/2757 1948/2005/2758 1950/1999/2747
f 1950/1999/2749 1948/2005/2759 1330/2006/2760
f 1330/2006/2760 1948/2005/2758 1949/2007/2761
f 1330/2006/2760 1949/2007/2761 1331/2008/2760
f 44/2009/1 43/2010/1 1956/1939/2676
f 1956/1939/2676 43/2010/1 42/2011/1
f 1956/1939/2676 42/2011/1 41/2012/1
f 41/2012/1 40/2013/1 1956/1939/2676
f 1956/1939/2676 40/2013/1 1/2014/1
f 1956/1939/2676 1/2014/1 9/1937/1
f 1963/2015/2762 2017/2016/2763 1962/2017/2764
f 1962/2018/2764 2017/2019/2763 2018/2020/2765
f 1962/2018/2764 2018/2020/2765 2008/2021/2766
f 2008/2021/2766 2018/2020/2765 2019/2022/2767
f 2008/2021/2766 2019/2022/2768 2007/2023/2769
f 2007/2023/2769 2019/2022/2768 2020/2024/2770
f 2007/2023/2769 2020/2024/2770 2006/2025/2771
f 2006/2025/2771 2020/2024/2770 2021/2026/2772
f 2006/2025/2773 2021/2026/2774 2005/2027/2775
f 2005/2027/2775 2021/2026/2774 2022/2028/2776
f 2005/2027/2775 2022/2028/2776 2004/2029/2777
f 2004/2029/2777 2022/2028/2776 2023/2030/2778
f 2004/2029/2779 2023/2030/2778 2003/2031/2780
f 2003/2031/2780 2023/2030/2778 2024/2032/2781
f 2003/2031/2780 2024/2032/2781 2002/2033/2782
f 2002/2033/2782 2024/2032/2781 2025/2034/2783
f 2002/2033/2782 2025/2034/2783 2001/2035/2784
f 2001/2035/2785 2025/2034/2786 2026/2036/2787
f 2001/2035/2785 2026/2036/2787 2000/2037/2788
f 2000/2037/2788 2026/2036/2787 2027/2038/2789
f 2000/2037/2788 2027/2038/2789 1999/2039/2790
f 1999/2039/2790 2027/2038/2789 2028/2040/2791
f 1999/2039/2790 2028/2040/2791 1998/2041/2792
f 1998/2041/2792 2028/2040/2791 2029/2042/2793
f 1998/2041/2792 2029/2042/2793 1997/2043/2794
f 1997/2043/2794 2029/2042/2793 2030/2044/2795
f 1997/2043/2794 2030/2044/2795 1996/2045/2796
f 1996/2045/2796 2030/2044/2795 2031/2046/2797
f 1996/2045/2796 2031/2046/2798 1995/2047/2799
f 1995/2047/2799 2031/2046/2797 2032/2048/2800
f 1995/2047/2799 2032/2048/2800 1994/2049/2801
f 1994/2049/2801 2032/2048/2800 2033/2050/2802
f 1994/2049/2803 2033/2050/2802 1993/2051/2804
f 1993/2051/2804 2033/2050/2802 2034/2052/2805
f 1993/2051/2804 2034/2052/2806 1992/2053/2807
f 1992/2053/2807 2034/2052/2805 2035/2054/2808
f 1992/2053/2809 2035/2054/2808 1991/2055/2810
f 1991/2055/2810 2035/2054/2808 2036/2056/2811
f 1991/2055/2812 2036/2056/2811 1990/2057/2813
f 1990/2057/2813 2036/2056/2811 2040/2058/2814
f 1990/2057/2815 2040/2058/2814 2041/2059/2816
f 2017/2016/2817 1963/2015/2762 2016/2060/2818
f 2016/2060/2818 1963/2015/2762 1964/2061/2819
f 2016/2060/2818 1964/2061/2819 2015/2062/2820
f 2015/2062/2821 1964/2061/2819 1965/2063/2822
f 2015/2062/2820 1965/2063/2822 2014/2064/2823
f 2014/2064/2824 1965/2063/2825 1966/2065/2826
f 2014/2064/2827 1966/2065/2826 2013/2066/2828
f 2013/2066/2829 1966/2065/2826 1967/2067/2830
f 2013/2066/2829 1967/2067/2830 2012/2068/2830
f 2012/2068/2830 1967/2067/2831 2011/2069/2832
f 2011/2069/2832 1967/2067/2831 1968/2070/2833
f 2011/2069/2832 1968/2070/2833 2010/2071/2834
f 2010/2071/2834 1968/2070/2833 1969/2072/2835
f 2010/2071/2834 1969/2072/2835 2082/2073/2836
f 2082/2073/2836 1969/2072/2835 2081/2074/2837
f 2081/2074/2837 1969/2072/2835 2080/2075/2838
f 2080/2075/2838 1969/2072/2835 2079/2076/2839
f 2079/2076/2839 1969/2072/2835 1970/2077/2840
f 2079/2076/2841 1970/2077/2842 2078/2078/2843
f 2078/2078/2844 1970/2077/2845 2077/2079/2846
f 2077/2079/2847 1970/2077/2842 2076/2080/2848
f 2076/2080/2849 1970/2077/2840 2075/2081/2850
f 2075/2081/2850 1970/2077/2840 2074/2082/2851
f 2074/2082/2852 1970/2077/2842 1971/2083/2853
f 2074/2082/2851 1971/2083/2853 2073/2084/2854
f 2073/2084/2854 1971/2083/2853 2072/2085/2855
f 2072/2085/2855 1971/2083/2853 1972/2086/2856
f 2072/2085/2855 1972/2086/2856 2071/2087/2857
f 2071/2087/2857 1972/2086/2856 2070/2088/2858
f 2070/2088/2858 1972/2086/2856 1973/2089/2859
f 2070/2088/2858 1973/2089/2859 2069/2090/2860
f 2069/2090/2860 1973/2089/2861 2068/2091/2862
f 2068/2091/2862 1973/2089/2859 2067/2092/2863
f 2067/2092/2863 1973/2089/2859 1974/2093/2864
f 2067/2092/2863 1974/2093/2864 2066/2094/2865
f 2066/2094/2865 1974/2093/2864 2065/2095/2866
f 2065/2095/2866 1974/2093/2864 1975/2096/2867
f 2065/2095/2866 1975/2096/2867 2064/2097/2868
f 2064/2097/2868 1975/2096/2867 1976/2098/2869
f 2064/2097/2870 1976/2098/2869 2063/2099/2871
f 2063/2099/2871 1976/2098/2869 2062/2100/2872
f 2062/2100/2872 1976/2098/2869 1977/2101/2873
f 2062/2100/2872 1977/2101/2873 2061/2102/2874
f 2061/2102/2874 1977/2101/2873 1978/2103/2875
f 2061/2102/2874 1978/2103/2875 2060/2104/2876
f 2060/2104/2876 1978/2103/2875 1979/2105/2877
f 2060/2104/2876 1979/2105/2878 2059/2106/2879
f 2059/2106/2880 1979/2105/2878 1980/2107/2881
f 2059/2106/2880 1980/2107/2881 2058/2108/2882
f 2058/2108/2882 1980/2107/2883 1981/2109/2884
f 2058/2108/2882 1981/2109/2885 2057/2110/2886
f 2057/2110/2886 1981/2109/2884 1982/2111/2887
f 2057/2110/2886 1982/2111/2887 2056/2112/2888
f 2056/2112/2888 1982/2111/2887 1983/2113/2889
f 2056/2112/2888 1983/2113/2889 2055/2114/2890
f 2055/2114/2890 1983/2113/2889 1984/2115/2891
f 2055/2114/2890 1984/2115/2891 2054/2116/2892
f 2054/2116/2893 1984/2115/2891 1985/2117/2894
f 2054/2116/2893 1985/2117/2894 2053/2118/2895
f 2053/2118/2895 1985/2117/2894 1986/2119/2896
f 2053/2118/2895 1986/2119/2896 2052/2120/2897
f 2052/2120/2897 1986/2119/2896 2051/2121/2898
f 2051/2121/2898 1986/2119/2896 1987/2122/2899
f 2051/2121/2898 1987/2122/2899 2050/2123/2900
f 2050/2123/2900 1987/2122/2899 2049/2124/2901
f 2049/2124/2901 1987/2122/2899 1988/2125/2902
f 2049/2124/2901 1988/2125/2902 2048/2126/2903
f 2048/2126/2903 1988/2125/2902 2047/2127/2904
f 2047/2127/2904 1988/2125/2902 1989/2128/2905
f 2047/2127/2904 1989/2128/2905 2046/2129/2906
f 2046/2129/2906 1989/2128/2905 2045/2130/2907
f 2045/2130/2907 1989/2128/2905 2044/2131/2908
f 2044/2131/2909 1989/2128/2905 2043/2132/2910
f 2043/2132/2911 1989/2128/2905 2042/2133/2912
f 2042/2133/2913 1989/2128/2905 1990/2057/2815
f 2042/2133/2914 1990/2057/2915 2041/2059/2816
f 2009/2134/2916 2010/2071/2834 2085/2135/2917
f 2085/2135/2917 2010/2071/2834 2084/2136/2918
f 2084/2136/2918 2010/2071/2834 2083/2137/2919
f 2083/2137/2920 2010/2071/2834 2082/2073/2836
f 2037/2138/2921 2038/2139/2922 2036/2056/2811
f 2036/2056/2923 2038/2139/2922 2039/2140/2924
f 2036/2056/2811 2039/2140/2924 2040/2058/2814
f 2086/2141/9 2087/2142/9 2128/2143/9
f 2128/2143/9 2087/2142/9 2088/2144/9
f 2128/2143/9 2088/2144/9 2127/2145/9
f 2127/2145/9 2088/2144/9 2089/2146/9
f 2127/2145/9 2089/2146/9 2090/2147/9
f 2090/2147/9 2091/2148/9 2127/2145/9
f 2127/2145/9 2091/2148/9 2126/2149/9
f 2126/2149/9 2091/2148/9 2092/2150/9
f 2126/2149/9 2092/2150/9 2093/2151/9
f 2093/2151/9 2094/2152/9 2126/2149/9
f 2126/2149/9 2094/2152/9 2095/2153/9
f 2126/2149/9 2095/2153/9 2096/2154/9
f 2096/2154/9 2097/2155/9 2126/2149/9
f 2126/2149/9 2097/2155/9 2098/2156/9
f 2126/2149/9 2098/2156/9 2099/2157/9
f 2099/2157/9 2100/2158/9 2126/2149/9
f 2126/2149/9 2100/2158/9 2101/2159/9
f 2126/2149/9 2101/2159/9 2102/2160/9
f 2102/2160/9 2103/2161/9 2126/2149/9
f 2126/2149/9 2103/2161/9 2104/2162/9
f 2126/2149/9 2104/2162/9 2105/2163/9
f 2105/2163/9 2106/2164/9 2126/2149/9
f 2126/2149/9 2106/2164/9 2107/2165/9
f 2126/2149/9 2107/2165/9 2108/2166/9
f 2108/2166/9 2109/2167/9 2126/2149/9
f 2126/2149/9 2109/2167/9 2110/2168/9
f 2126/2149/9 2110/2168/9 2111/2169/9
f 2126/2149/9 2111/2169/9 2125/2170/9
f 2125/2170/9 2111/2169/9 2112/2171/9
f 2125/2170/9 2112/2171/9 2124/2172/9
f 2124/2172/9 2112/2171/9 2113/2173/9
f 2124/2172/9 2113/2173/9 2123/2174/9
f 2123/2174/9 2113/2173/9 2114/2175/9
f 2123/2174/9 2114/2175/9 2122/2176/9
f 2122/2176/9 2114/2175/9 2115/2177/9
f 2122/2176/9 2115/2177/9 2121/2178/9
f 2121/2178/9 2115/2177/9 2116/2179/9
f 2121/2178/9 2116/2179/9 2120/2180/9
f 2120/2180/9 2116/2179/9 2117/2181/9
f 2120/2180/9 2117/2181/9 2119/2182/9
f 2119/2182/9 2117/2181/9 2118/2183/9
f 2129/2184/2764 2130/2185/2764 2132/2186/2764
f 2132/2186/2764 2130/2185/2764 2131/2187/2764
f 2134/2188/10 2135/2189/10 2133/2190/10
f 2133/2190/10 2135/2189/10 2136/2191/10
f 2133/2190/10 2136/2191/10 2137/2192/10
f 2137/2192/10 2138/2193/10 2133/2190/10
f 2133/2190/10 2138/2193/10 2139/2194/10
f 2133/2190/10 2139/2194/10 2140/2195/10
f 2140/2195/10 2141/2196/10 2133/2190/10
f 2133/2190/10 2141/2196/10 2142/2197/10
f 2133/2190/10 2142/2197/10 2143/2198/10
f 2143/2198/10 2144/2199/10 2133/2190/10
f 2133/2190/10 2144/2199/10 2145/2200/10
f 2133/2190/10 2145/2200/10 2146/2201/10
f 2146/2201/10 2147/2202/10 2133/2190/10
f 2133/2190/10 2147/2202/10 10/2203/10
f 2133/2190/10 10/2203/10 2148/2204/10
f 2148/2204/10 10/2203/10 18/2205/10
f 6/2206/9 5/2207/9 2150/2208/9
f 2150/2208/9 5/2207/9 2149/2209/9
f 2149/2209/9 5/2207/9 39/2210/9
f 2149/2209/9 39/2210/9 38/2211/9
f 38/2211/9 37/2212/9 2149/2209/9
f 2149/2209/9 37/2212/9 36/2213/9
f 2149/2209/9 36/2213/9 35/2214/9
f 35/2214/9 34/2215/9 2149/2209/9
f 2149/2209/9 34/2215/9 33/2216/9
f 2149/2209/9 33/2216/9 32/2217/9
f 32/2217/9 31/2218/9 2149/2209/9
f 2149/2209/9 31/2218/9 30/2219/9
f 2149/2209/9 30/2219/9 29/2220/9
f 29/2220/9 28/2221/9 2149/2209/9
f 2149/2209/9 28/2221/9 27/2222/9
f 2151/2223/2925 2152/2224/2925 2154/2225/2925
f 2154/2225/2925 2152/2224/2925 2153/2226/2925
f 2155/2227/2926 2156/2228/2927 2161/2229/2928
f 2161/2229/2929 2156/2228/2927 2160/2230/2930
f 2160/2230/2930 2156/2228/2931 2159/2231/2932
f 2159/2231/2932 2156/2228/2933 2157/2232/2934
f 2159/2231/2932 2157/2232/2935 2158/2233/2936
f 2163/2234/2937 2237/2235/2937 2162/2236/2764
f 2162/2236/2764 2237/2235/2937 2200/2237/2764
f 2162/2238/2764 2200/2239/2764 2199/2240/2938
f 2199/2240/2938 2200/2239/2764 2201/2241/2938
f 2199/2240/2938 2201/2241/2938 2198/2242/2939
f 2198/2242/2939 2201/2241/2938 2202/2243/2939
f 2198/2242/2939 2202/2243/2939 2197/2244/2940
f 2197/2244/2940 2202/2243/2939 2203/2245/2940
f 2197/2244/2941 2203/2245/2941 2196/2246/2942
f 2196/2246/2942 2203/2245/2940 2204/2247/2942
f 2196/2246/2943 2204/2247/2943 2195/2248/2944
f 2195/2248/2944 2204/2247/2943 2205/2249/2944
f 2195/2248/2944 2205/2249/2944 2194/2250/2945
f 2194/2250/2945 2205/2249/2944 2206/2251/2945
f 2194/2250/2946 2206/2251/2946 2193/2252/2947
f 2193/2252/2947 2206/2251/2946 2207/2253/2947
f 2193/2252/2947 2207/2253/2947 2192/2254/2948
f 2192/2254/2948 2207/2253/2947 2208/2255/2948
f 2192/2254/2948 2208/2255/2948 2191/2256/2949
f 2191/2256/2949 2208/2255/2948 2209/2257/2949
f 2191/2256/2949 2209/2257/2949 2190/2258/2950
f 2190/2258/2950 2209/2257/2949 2210/2259/2950
f 2190/2258/2950 2210/2259/2950 2189/2260/2951
f 2189/2260/2951 2210/2259/2950 2211/2261/2951
f 2189/2260/2951 2211/2261/2951 2188/2262/2952
f 2188/2262/2952 2211/2261/2951 2212/2263/2952
f 2188/2262/2952 2212/2263/2952 2187/2264/2953
f 2187/2264/2953 2212/2263/2952 2213/2265/2953
f 2187/2264/2954 2213/2265/2954 2186/2266/2955
f 2186/2266/2955 2213/2265/2954 2214/2267/2955
f 2186/2266/2955 2214/2267/2955 2185/2268/2956
f 2185/2268/2956 2214/2267/2955 2215/2269/2956
f 2185/2268/2957 2215/2269/2957 2184/2270/2958
f 2184/2270/2959 2215/2269/2957 2216/2271/2959
f 2184/2270/2958 2216/2271/2958 2183/2272/2960
f 2183/2272/2960 2216/2271/2958 2217/2273/2960
f 2183/2272/2960 2217/2273/2960 2182/2274/2961
f 2182/2274/2961 2217/2273/2960 2218/2275/2961
f 2182/2274/2961 2218/2275/2961 2181/2276/2962
f 2181/2276/2962 2218/2275/2961 2219/2277/2962
f 2181/2276/2962 2219/2277/2962 2180/2278/2963
f 2180/2278/2963 2219/2277/2962 2220/2279/2963
f 2180/2278/2963 2220/2279/2963 2179/2280/2964
f 2179/2280/2964 2220/2279/2963 2221/2281/2964
f 2179/2280/2964 2221/2281/2964 2178/2282/2965
f 2178/2282/2965 2221/2281/2964 2222/2283/2965
f 2178/2282/2966 2222/2283/2966 2177/2284/2967
f 2177/2284/2967 2222/2283/2965 2223/2285/2967
f 2177/2284/2968 2223/2285/2968 2176/2286/2969
f 2176/2286/2969 2223/2285/2968 2224/2287/2969
f 2176/2286/2969 2224/2287/2969 2175/2288/2970
f 2175/2288/2970 2224/2287/2969 2225/2289/2970
f 2175/2288/2971 2225/2289/2971 2174/2290/2972
f 2174/2290/2972 2225/2289/2971 2226/2291/2972
f 2174/2290/2972 2226/2291/2972 2173/2292/2973
f 2173/2292/2973 2226/2291/2972 2227/2293/2973
f 2173/2292/2973 2227/2293/2973 2172/2294/2974
f 2172/2294/2974 2227/2293/2973 2228/2295/2974
f 2172/2294/2974 2228/2295/2974 2171/2296/2975
f 2171/2296/2975 2228/2295/2974 2229/2297/2975
f 2171/2296/2975 2229/2297/2975 2170/2298/2976
f 2170/2298/2976 2229/2297/2975 2230/2299/2976
f 2170/2298/2976 2230/2299/2976 2169/2300/2977
f 2169/2300/2977 2230/2299/2976 2231/2301/2977
f 2169/2300/2977 2231/2301/2977 2168/2302/2978
f 2168/2302/2978 2231/2301/2977 2232/2303/2978
f 2168/2302/2979 2232/2303/2979 2167/2304/2980
f 2167/2304/2980 2232/2303/2979 2233/2305/2980
f 2167/2304/2980 2233/2305/2980 2166/2306/2981
f 2166/2306/2981 2233/2305/2980 2234/2307/2981
f 2166/2306/2982 2234/2307/2982 2165/2308/2983
f 2165/2308/2984 2234/2307/2982 2235/2309/2984
f 2165/2308/2983 2235/2309/2983 2164/2310/2985
f 2164/2310/2985 2235/2309/2983 2236/2311/2985
f 2164/2310/2985 2236/2311/2985 2163/2234/2937
f 2163/2234/2937 2236/2311/2985 2237/2235/2937
f 2275/2312/1573 2238/2313/1573 2263/2314/1573
f 2263/2314/1573 2238/2313/1573 2239/2315/1573
f 2263/2314/1573 2239/2315/1573 2240/2316/1573
f 2240/2316/1573 2241/2317/1573 2263/2314/1573
f 2263/2314/1573 2241/2317/1573 2242/2318/1573
f 2263/2314/1573 2242/2318/1573 2243/2319/1573
f 2243/2319/1573 2244/2320/1573 2263/2314/1573
f 2263/2314/1573 2244/2320/1573 2245/2321/1573
f 2263/2314/1573 2245/2321/1573 2246/2322/1573
f 2246/2322/1573 2247/2323/1573 2263/2314/1573
f 2263/2314/1573 2247/2323/1573 2248/2324/1573
f 2263/2314/1573 2248/2324/1573 2262/2325/1573
f 2262/2325/1573 2248/2324/1573 2249/2326/1573
f 2262/2325/1573 2249/2326/1573 2250/2327/1573
f 2250/2327/1573 2251/2328/1573 2262/2325/1573
f 2262/2325/1573 2251/2328/1573 2252/2329/1573
f 2262/2325/1573 2252/2329/1573 2261/2330/1573
f 2261/2330/1573 2252/2329/1573 2253/2331/1573
f 2261/2330/1573 2253/2331/1573 2260/2332/1573
f 2260/2332/1573 2253/2331/1573 2254/2333/1573
f 2260/2332/1573 2254/2333/1573 2259/2334/1573
f 2259/2334/1573 2254/2333/1573 2255/2335/1573
f 2259/2334/1573 2255/2335/1573 2258/2336/1573
f 2258/2336/1573 2255/2335/1573 2256/2337/1573
f 2258/2336/1573 2256/2337/1573 2257/2338/1573
f 2264/2339/1573 2270/2340/1573 2263/2314/1573
f 2263/2314/1573 2270/2340/1573 2271/2341/1573
f 2263/2314/1573 2271/2341/1573 2272/2342/1573
f 2270/2340/1573 2264/2339/1573 2269/2343/1573
f 2269/2343/1573 2264/2339/1573 2265/2344/1573
f 2269/2343/1573 2265/2344/1573 2268/2345/1573
f 2268/2345/1573 2265/2344/1573 2266/2346/1573
f 2268/2345/1573 2266/2346/1573 2267/2347/1573
f 2272/2342/1573 2273/2348/1573 2263/2314/1573
f 2263/2314/1573 2273/2348/1573 2274/2349/1573
f 2263/2314/1573 2274/2349/1573 2275/2312/1573
f 2277/2350/2986 2343/2351/2986 2276/2352/2764
f 2276/2352/2764 2343/2351/2987 2310/142/2764
f 2276/2352/2764 2310/142/2764 2309/2353/2988
f 2309/2353/2989 2310/142/2764 2311/2354/2989
f 2309/2353/2988 2311/2354/2988 2308/2355/2990
f 2308/2355/2990 2311/2354/2988 2312/2356/2990
f 2308/2355/2991 2312/2356/2991 2307/2357/2992
f 2307/2357/2992 2312/2356/2991 2313/2358/2992
f 2307/2357/2992 2313/2358/2992 2306/2359/2993
f 2306/2359/2993 2313/2358/2992 2314/2360/2993
f 2306/2359/2993 2314/2360/2993 2305/2361/2994
f 2305/2361/2994 2314/2360/2993 2315/2362/2994
f 2305/2361/2994 2315/2362/2994 2304/2363/2995
f 2304/2363/2995 2315/2362/2994 2316/2364/2995
f 2304/2363/2995 2316/2364/2995 2303/2365/2996
f 2303/2365/2996 2316/2364/2995 2317/2366/2996
f 2303/2365/2996 2317/2366/2996 2302/2367/2997
f 2302/2367/2997 2317/2366/2996 2318/2368/2997
f 2302/2367/2997 2318/2368/2997 2301/2369/2998
f 2301/2369/2998 2318/2368/2997 2319/2370/2998
f 2301/2369/2998 2319/2370/2998 2300/2371/2999
f 2300/2371/2999 2319/2370/2998 2320/2372/2999
f 2300/2371/2999 2320/2372/2999 2299/2373/3000
f 2299/2373/3000 2320/2372/2999 2321/2374/3000
f 2299/2373/3000 2321/2374/3000 2298/2375/3001
f 2298/2375/3001 2321/2374/3000 2322/2376/3001
f 2298/2375/3001 2322/2376/3001 2297/2377/3002
f 2297/2377/3002 2322/2376/3001 2323/2378/3002
f 2297/2377/3002 2323/2378/3002 2296/2379/3003
f 2296/2379/3003 2323/2378/3002 2324/2380/3003
f 2296/2379/3003 2324/2380/3003 2295/2381/3004
f 2295/2381/3005 2324/2380/3003 2325/2382/3005
f 2295/2381/3004 2325/2382/3004 2294/2383/3006
f 2294/2383/3006 2325/2382/3004 2326/2384/3006
f 2294/2383/3007 2326/2384/3007 2293/2385/2962
f 2293/2385/2962 2326/2384/3007 2327/2386/2962
f 2293/2387/2962 2327/2388/2962 2292/2389/3008
f 2292/2389/3008 2327/2388/2962 2328/2390/3008
f 2292/2389/3009 2328/2390/3009 2291/2391/3010
f 2291/2391/3010 2328/2390/3009 2329/2392/3010
f 2291/2391/3011 2329/2392/3011 2290/2393/3012
f 2290/2393/3012 2329/2392/3010 2330/2394/3012
f 2290/2393/3012 2330/2394/3012 2289/2395/3013
f 2289/2395/3013 2330/2394/3012 2331/2396/3013
f 2289/2395/3013 2331/2396/3013 2288/2397/3014
f 2288/2397/3014 2331/2396/3013 2332/2398/3014
f 2288/2397/3014 2332/2398/3014 2287/2399/3015
f 2287/2399/3015 2332/2398/3014 2333/2400/3015
f 2287/2399/3015 2333/2400/3015 2286/2401/3016
f 2286/2401/3016 2333/2400/3015 2334/2402/3016
f 2286/2401/3016 2334/2402/3016 2285/2403/3017
f 2285/2403/3017 2334/2402/3016 2335/2404/3017
f 2285/2403/3017 2335/2404/3017 2284/2405/3018
f 2284/2405/3018 2335/2404/3017 2336/2406/3018
f 2284/2405/3018 2336/2406/3018 2283/2407/3019
f 2283/2407/3019 2336/2406/3018 2337/2408/3019
f 2283/2407/3019 2337/2408/3019 2282/2409/3020
f 2282/2409/3020 2337/2408/3019 2338/2410/3020
f 2282/2409/3020 2338/2410/3020 2281/2411/3021
f 2281/2411/3021 2338/2410/3020 2339/2412/3021
f 2281/2411/3021 2339/2412/3021 2280/2413/3022
f 2280/2413/3022 2339/2412/3021 2340/2414/3022
f 2280/2413/3022 2340/2414/3022 2279/2415/3023
f 2279/2415/3023 2340/2414/3022 2341/2416/3023
f 2279/2415/3023 2341/2416/3023 2278/2417/3024
f 2278/2417/3024 2341/2416/3023 2342/2418/3024
f 2278/2417/3025 2342/2418/3025 2277/2350/2987
f 2277/2350/2987 2342/2418/3025 2343/2351/2987
f 2343/2419/10 2328/2420/10 2310/2421/10
f 2310/2421/10 2328/2420/10 2327/2422/10
f 2310/2421/10 2327/2422/10 2311/2423/10
f 2311/2423/10 2327/2422/10 2326/2424/10
f 2311/2423/10 2326/2424/10 2312/2425/10
f 2312/2425/10 2326/2424/10 2325/2426/10
f 2312/2425/10 2325/2426/10 2313/2427/10
f 2313/2427/10 2325/2426/10 2324/2428/10
f 2313/2427/10 2324/2428/10 2314/2429/10
f 2314/2429/10 2324/2428/10 2323/2430/10
f 2314/2429/10 2323/2430/10 2315/2431/10
f 2315/2431/10 2323/2430/10 2322/2432/10
f 2315/2431/10 2322/2432/10 2316/2433/10
f 2316/2433/10 2322/2432/10 2321/2434/10
f 2316/2433/10 2321/2434/10 2317/2435/10
f 2317/2435/10 2321/2434/10 2320/2436/10
f 2317/2435/10 2320/2436/10 2318/2437/10
f 2318/2437/10 2320/2436/10 2319/2438/10
f 2328/2420/10 2343/2419/10 2329/2439/10
f 2329/2439/10 2343/2419/10 2342/2440/10
f 2329/2439/10 2342/2440/10 2330/2441/10
f 2330/2441/10 2342/2440/10 2341/2442/10
f 2330/2441/10 2341/2442/10 2331/2443/10
f 2331/2443/10 2341/2442/10 2340/2444/10
f 2331/2443/10 2340/2444/10 2332/2445/10
f 2332/2445/10 2340/2444/10 2339/2446/10
f 2332/2445/10 2339/2446/10 2333/2447/10
f 2333/2447/10 2339/2446/10 2338/2448/10
f 2333/2447/10 2338/2448/10 2334/2449/10
f 2334/2449/10 2338/2448/10 2337/2450/10
f 2334/2449/10 2337/2450/10 2335/2451/10
f 2335/2451/10 2337/2450/10 2336/2452/10
f 2345/2453/3026 2356/2454/3026 2344/142/3027
f 2347/2455/3028 2356/2456/3028 2346/2457/3029
f 2349/2458/3030 2356/2459/3031 2348/2460/3032
f 2351/2461/3033 2356/2462/3033 2350/2463/3034
f 2353/2464/3035 2356/2465/3035 2352/2466/3036
f 2355/2467/3037 2356/2468/3037 2354/2469/3038
f 2350/2470/3034 2356/2471/3034 2349/2458/3030
f 2346/2457/3029 2356/2472/3039 2345/2453/3026
f 2354/2469/3038 2356/2473/3038 2353/2464/3035
f 2348/2460/3032 2356/2474/3032 2347/2455/3028
f 2344/142/3027 2356/2475/3027 2355/2467/3037
f 2352/2466/3036 2356/2476/3036 2351/2461/3033
f 2358/2477/3040 2345/2478/3040 2357/2277/9
f 2357/2277/9 2345/2478/3040 2344/2479/9
f 2357/2277/9 2344/2479/9 2368/2480/3041
f 2368/2480/3041 2344/2479/9 2355/2481/3041
f 2368/2480/3041 2355/2481/3041 2367/2482/3042
f 2367/2482/3042 2355/2481/3041 2354/2483/3042
f 2367/2482/3042 2354/2483/3042 2366/2484/2764
f 2366/2484/2764 2354/2483/3042 2353/2485/2764
f 2366/2484/2764 2353/2485/2764 2365/2486/3043
f 2365/2486/3043 2353/2485/2764 2352/2487/3043
f 2365/2486/3043 2352/2487/3043 2364/2488/3044
f 2364/2488/3044 2352/2487/3043 2351/2489/3044
f 2364/2488/3044 2351/2489/3044 2363/2490/10
f 2363/2490/10 2351/2489/3044 2350/2491/10
f 2363/2492/10 2350/2493/10 2362/2494/3045
f 2362/2494/3045 2350/2493/10 2349/2495/3045
f 2362/2494/3045 2349/2495/3045 2361/2496/3046
f 2361/2496/3046 2349/2495/3045 2348/2497/3046
f 2361/2496/3046 2348/2497/3046 2360/2498/2962
f 2360/2498/2962 2348/2497/3046 2347/2499/2962
f 2360/2498/2962 2347/2499/2962 2359/2500/3047
f 2359/2500/3047 2347/2499/2962 2346/2501/3047
f 2359/2500/3047 2346/2501/3047 2358/2477/3040
f 2358/2477/3040 2346/2501/3047 2345/2478/3040
f 1619/2502/2233 2369/2503/3048 1620/2504/2226
f 1620/2504/2226 2369/2503/3048 2370/2505/3049
f 1620/2504/2225 2370/2505/3050 2371/2506/3051
f 2372/2507/3052 2379/2508/3053 2371/2506/3054
f 2371/2506/3054 2379/2508/3053 2380/2509/3055
f 2371/2506/3054 2380/2509/3055 1620/2504/2226
f 1620/2504/2226 2380/2509/3055 2381/2510/3056
f 1620/2504/2226 2381/2510/3056 1621/2511/3057
f 1621/2511/2234 2381/2510/3056 2382/2512/3058
f 1621/2511/3057 2382/2512/3059 1622/2513/3060
f 1622/2513/3061 2382/2512/3059 1623/2514/2217
f 1623/2514/2238 2382/2512/3058 2383/2515/3062
f 1623/2514/2217 2383/2515/3062 1624/2516/2241
f 1624/2516/2241 2383/2515/3062 2384/2517/3063
f 1624/2516/2241 2384/2517/3064 1625/2518/2243
f 1625/2518/2243 2384/2517/3063 2385/2519/3065
f 1625/2518/2243 2385/2519/3065 1626/2520/2306
f 1626/2520/2306 2385/2519/3065 2386/2521/3066
f 1626/2520/2306 2386/2521/3066 1627/2522/2317
f 1627/2522/2317 2386/2521/3066 2387/2523/3067
f 1627/2522/2317 2387/2523/3067 1628/2524/2333
f 1628/2524/2333 2387/2523/3067 2388/2525/3068
f 1628/2524/2333 2388/2525/3068 1629/2526/2335
f 1629/2526/2335 2388/2525/3068 2389/2527/3069
f 1629/2526/2335 2389/2527/3070 1630/2528/2337
f 1630/2528/2337 2389/2527/3070 2390/2529/3071
f 1630/2528/2337 2390/2529/3071 1631/2530/3072
f 1631/2530/2339 2390/2529/3071 2391/2531/3073
f 1631/2530/3074 2391/2531/3073 1632/2532/2363
f 1632/2532/2363 2391/2531/3073 2392/2533/3075
f 1632/2532/2363 2392/2533/3075 1633/2534/2366
f 1633/2534/2366 2392/2533/3075 2393/2535/3076
f 1633/2534/2374 2393/2535/3076 1634/2536/2380
f 1634/2536/2380 2393/2535/3077 1635/2537/2384
f 1635/2537/2384 2393/2535/3077 2376/2538/3078
f 2376/2538/3078 2393/2535/3076 2409/2539/3079
f 2376/2538/3078 2409/2539/3079 2375/2540/3080
f 2375/2540/3080 2409/2539/3079 2377/2541/3081
f 2375/2540/3080 2377/2541/3081 1195/2542/1579
f 1195/2542/1579 2377/2541/3081 1196/2543/1583
f 1196/2543/1583 2377/2541/3082 2424/2544/3083
f 1196/2543/1583 2424/2544/3083 1197/2545/1585
f 1197/2545/1585 2424/2544/3083 2423/2546/3084
f 1197/2545/1585 2423/2546/3085 1198/2547/1587
f 1198/2547/3086 2423/2546/3085 2422/2548/3087
f 1198/2547/1587 2422/2548/3087 1199/2549/1589
f 1199/2549/1591 2422/2548/3087 2421/2550/3088
f 1199/2549/1591 2421/2550/3088 1200/2551/1592
f 1200/2551/1592 2421/2550/3088 2420/2552/3089
f 1200/2551/1592 2420/2552/3089 1201/2553/3090
f 1201/2553/3090 2420/2552/3089 2419/2554/3091
f 1201/2553/3090 2419/2554/3091 1202/2555/1597
f 1202/2555/1597 2419/2554/3091 1203/2556/1599
f 1203/2556/1599 2419/2554/3091 2418/2557/3092
f 1203/2556/1599 2418/2557/3092 1204/2558/1602
f 1204/2558/1602 2418/2557/3092 2417/2559/3093
f 1204/2558/1602 2417/2559/3093 1205/2560/1603
f 1205/2560/1603 2417/2559/3093 2416/2561/3094
f 1205/2560/1603 2416/2561/3094 1206/2562/1605
f 1206/2562/1605 2416/2561/3094 1207/2563/3095
f 1207/2563/3096 2416/2561/3094 2415/2564/3097
f 1207/2563/3098 2415/2564/3099 1208/2565/1609
f 1208/2565/1609 2415/2564/3097 2414/2566/3100
f 1208/2565/1609 2414/2566/3100 1209/2567/1611
f 1209/2567/1611 2414/2566/3100 2413/2568/3101
f 1209/2567/1611 2413/2568/3101 1210/2569/1613
f 1210/2569/1613 2413/2568/3102 2412/2570/3103
f 1210/2569/3104 2412/2570/3103 1211/2571/1614
f 1211/2571/1614 2412/2570/3103 1212/2572/1616
f 1212/2572/1616 2412/2570/3103 2411/2573/3105
f 1212/2572/1616 2411/2573/3106 1213/2574/1618
f 1213/2574/1618 2411/2573/3105 2410/2575/3107
f 1213/2574/1618 2410/2575/3108 1214/2576/1619
f 1214/2576/1619 2410/2575/3108 2374/2577/3109
f 1214/2576/1619 2374/2577/3109 1215/2578/1621
f 2379/2508/3053 2372/2507/3052 2378/2579/3110
f 2378/2579/3111 2372/2507/3052 1603/2580/2131
f 2378/2579/3111 1603/2580/2131 1652/2581/2133
f 1652/2581/2133 1651/2582/2498 2378/2579/3111
f 2378/2579/3110 1651/2582/2498 2373/2583/3112
f 2378/2579/3111 2373/2583/3113 2394/2584/3114
f 2394/2584/3115 2373/2583/3112 2374/2577/3116
f 2394/2584/3115 2374/2577/3116 2410/2575/3107
f 2379/2508/3053 2378/2579/3111 2395/2585/3117
f 2395/2585/3117 2378/2579/3110 2394/2584/3115
f 2395/2585/3117 2394/2584/3115 2411/2573/3106
f 2411/2573/3105 2394/2584/3118 2410/2575/3107
f 2380/2509/3055 2379/2508/3053 2396/2586/3119
f 2396/2586/3119 2379/2508/3053 2395/2585/3120
f 2396/2586/3119 2395/2585/3121 2412/2570/3103
f 2412/2570/3122 2395/2585/3121 2411/2573/3106
f 2381/2510/3056 2380/2509/3055 2397/2587/3123
f 2397/2587/3123 2380/2509/3055 2396/2586/3119
f 2397/2587/3123 2396/2586/3119 2413/2568/3102
f 2413/2568/3101 2396/2586/3124 2412/2570/3103
f 2382/2512/3058 2381/2510/3056 2398/2588/3125
f 2398/2588/3126 2381/2510/3056 2397/2587/3123
f 2398/2588/3126 2397/2587/3123 2414/2566/3100
f 2414/2566/3100 2397/2587/3127 2413/2568/3128
f 2383/2515/3062 2382/2512/3058 2399/2589/3129
f 2399/2589/3129 2382/2512/3058 2398/2588/3126
f 2399/2589/3129 2398/2588/3126 2415/2564/3097
f 2415/2564/3097 2398/2588/3126 2414/2566/3100
f 2384/2517/3064 2383/2515/3062 2400/2590/3130
f 2400/2590/3130 2383/2515/3062 2399/2589/3129
f 2400/2590/3131 2399/2589/3129 2416/2561/3094
f 2416/2561/3094 2399/2589/3129 2415/2564/3099
f 2385/2519/3065 2384/2517/3063 2401/2591/3132
f 2401/2591/3132 2384/2517/3063 2400/2590/3130
f 2401/2591/3132 2400/2590/3131 2417/2559/3093
f 2417/2559/3093 2400/2590/3130 2416/2561/3094
f 2386/2521/3066 2385/2519/3065 2402/2592/3133
f 2402/2592/3133 2385/2519/3134 2401/2591/3132
f 2402/2592/3133 2401/2591/3132 2418/2557/3092
f 2418/2557/3092 2401/2591/3132 2417/2559/3093
f 2387/2523/3067 2386/2521/3066 2403/2593/3135
f 2403/2593/3135 2386/2521/3066 2402/2592/3133
f 2403/2593/3135 2402/2592/3136 2419/2554/3091
f 2419/2554/3091 2402/2592/3133 2418/2557/3092
f 2388/2525/3068 2387/2523/3067 2404/2594/3137
f 2404/2594/3137 2387/2523/3067 2403/2593/3135
f 2404/2594/3137 2403/2593/3135 2420/2552/3089
f 2420/2552/3089 2403/2593/3135 2419/2554/3091
f 2389/2527/3069 2388/2525/3068 2405/2595/3138
f 2405/2595/3139 2388/2525/3068 2404/2594/3137
f 2405/2595/3138 2404/2594/3137 2421/2550/3088
f 2421/2550/3088 2404/2594/3137 2420/2552/3089
f 2390/2529/3140 2389/2527/3069 2406/2596/3141
f 2406/2596/3142 2389/2527/3070 2405/2595/3138
f 2406/2596/3142 2405/2595/3139 2422/2548/3087
f 2422/2548/3087 2405/2595/3139 2421/2550/3088
f 2391/2531/3073 2390/2529/3143 2407/2597/3144
f 2407/2597/3144 2390/2529/3143 2406/2596/3142
f 2407/2597/3144 2406/2596/3142 2423/2546/3085
f 2423/2546/3085 2406/2596/3141 2422/2548/3087
f 2409/2539/3079 2393/2535/3076 2392/2533/3075
f 2392/2533/3075 2391/2531/3073 2408/2598/3145
f 2408/2598/3145 2391/2531/3073 2407/2597/3144
f 2408/2598/3145 2407/2597/3144 2424/2544/3083
f 2424/2544/3083 2407/2597/3144 2423/2546/3085
f 2377/2541/3081 2409/2539/3079 2408/2598/3145
f 2408/2598/3145 2409/2539/3079 2392/2533/3075
f 2377/2541/3146 2408/2598/3145 2424/2544/3083
f 2436/2599/3147 1587/2600/9 2442/2601/3148
f 2442/2601/3148 1587/2600/9 1602/2602/9
f 2442/2601/3148 1602/2602/9 2441/2603/3149
f 2441/2603/3149 1602/2602/9 2440/2604/3150
f 2441/2603/3149 2440/2604/3150 2444/2605/3151
f 2444/2605/3151 2440/2604/3152 2443/2606/3153
f 2444/2605/3151 2443/2606/3153 2446/2607/3154
f 2446/2607/3155 2443/2606/3153 2445/2608/3156
f 2446/2607/3154 2445/2608/3156 2449/2609/3157
f 2449/2609/3157 2445/2608/3156 2448/2610/3158
f 2449/2609/3159 2448/2610/3160 2454/2611/3161
f 2454/2611/3162 2448/2610/3163 2439/2612/3164
f 2454/2611/3161 2439/2612/3164 2451/2613/3165
f 2451/2613/3165 2439/2612/3164 2450/2614/3166
f 2451/2613/3165 2450/2614/3166 2456/2615/3167
f 2456/2615/3168 2450/2614/3166 2455/2616/3169
f 2456/2615/3167 2455/2616/3169 1637/2617/2355
f 1637/2617/2355 2455/2616/3169 1638/2618/2359
f 1638/2618/2357 2455/2616/3169 2430/2619/3170
f 1638/2618/2359 2430/2619/3170 2431/2620/3171
f 1602/2602/9 2425/2621/3172 2440/2604/3152
f 2440/2604/3150 2425/2621/3173 2443/2606/3153
f 2425/2621/3173 2426/2622/3174 2443/2606/3153
f 2443/2606/3153 2426/2622/3175 2445/2608/3156
f 2426/2622/3175 2427/2623/3176 2445/2608/3156
f 2445/2608/3156 2427/2623/3176 2448/2610/3158
f 2448/2610/3160 2427/2623/3176 2439/2612/3164
f 2439/2612/3164 2427/2623/3176 2428/2624/3177
f 2439/2612/3164 2428/2624/3178 2450/2614/3166
f 2450/2614/3166 2428/2624/3178 2429/2625/3179
f 2450/2614/3166 2429/2625/3180 2455/2616/3169
f 2455/2616/3181 2429/2625/3179 2430/2619/3170
f 2431/2620/3171 2432/2626/3182 1638/2618/2359
f 1638/2618/2359 2432/2626/3182 1639/2627/2292
f 1637/2617/2355 1636/2628/2385 2456/2615/3167
f 2456/2615/3168 1636/2628/2385 2457/2629/3183
f 2456/2615/3168 2457/2629/3183 2451/2613/3165
f 2451/2613/3165 2457/2629/3183 2452/2630/3184
f 2451/2613/3165 2452/2630/3184 2454/2611/3161
f 2454/2611/3162 2452/2630/3184 2453/2631/3185
f 2454/2611/3161 2453/2631/3185 2449/2609/3157
f 2449/2609/3186 2453/2631/3185 2438/2632/3187
f 2449/2609/3188 2438/2632/3187 2446/2607/3154
f 2446/2607/3154 2438/2632/3187 2447/2633/3189
f 2446/2607/3155 2447/2633/3189 2444/2605/3151
f 2444/2605/3151 2447/2633/3189 2437/2634/3190
f 2444/2605/3151 2437/2634/3190 2441/2603/3149
f 2441/2603/3149 2437/2634/3190 2442/2601/3148
f 1636/2628/2385 1635/2635/2384 2457/2629/3183
f 2457/2629/3183 1635/2635/2384 2433/2636/3191
f 2457/2629/3183 2433/2636/3191 2452/2630/3184
f 2452/2630/3184 2433/2636/3191 2434/2637/3192
f 2452/2630/3193 2434/2637/3192 2453/2631/3194
f 2453/2631/3185 2434/2637/3195 2438/2632/3187
f 2434/2637/3196 2435/2638/3197 2438/2632/3187
f 2438/2632/3187 2435/2638/3197 2447/2633/3189
f 2447/2633/3189 2435/2638/3198 2437/2634/3199
f 2437/2634/3190 2435/2638/3198 2436/2599/3147
f 2437/2634/3190 2436/2599/3200 2442/2601/3148
f 1650/2639/2492 2474/2640/3201 1651/2641/2498
f 1651/2641/2498 2474/2640/3201 2470/2642/3202
f 1651/2641/2498 2470/2642/3202 2467/2643/3203
f 2467/2643/3203 2470/2642/3202 2481/2644/3204
f 2467/2643/3203 2481/2644/3204 2469/2645/3205
f 2469/2645/3205 2481/2644/3204 2480/2646/3206
f 2469/2645/3205 2480/2646/3206 2484/2647/3207
f 2484/2647/3208 2480/2646/3209 2479/2648/3210
f 2484/2647/3207 2479/2648/3211 2483/2649/3212
f 2483/2649/3212 2479/2648/3210 2478/2650/3213
f 2483/2649/3214 2478/2650/3213 2482/2651/3215
f 2482/2651/3215 2478/2650/3213 2460/2652/3216
f 2482/2651/3215 2460/2652/3217 2461/2653/3218
f 2474/2640/3201 1650/2639/3219 2473/2654/3220
f 2473/2654/3221 1650/2639/2492 1649/2655/2486
f 2473/2654/3221 1649/2655/2489 2472/2656/3222
f 2472/2656/3222 1649/2655/2486 1648/2657/2484
f 2472/2656/3223 1648/2657/2484 2471/2658/3224
f 2471/2658/3225 1648/2657/2484 1647/2659/2478
f 2471/2658/3225 1647/2659/2478 2458/2660/3226
f 2471/2658/3224 2458/2660/3226 2475/2661/3227
f 2475/2661/3227 2458/2660/3226 2459/2662/3228
f 2475/2661/3227 2459/2662/3228 2478/2650/3213
f 2478/2650/3213 2459/2662/3228 2460/2652/3229
f 2461/2653/3218 2462/2663/3230 2482/2651/3215
f 2482/2651/3215 2462/2663/3230 2485/2664/3231
f 2482/2651/3215 2485/2664/3231 2486/2665/3232
f 2486/2665/3232 2485/2664/3231 2490/2666/3233
f 2486/2665/3234 2490/2666/3233 2491/2667/3235
f 2491/2667/3235 2490/2666/3233 2494/2668/3236
f 2491/2667/3237 2494/2668/3236 2495/2669/3238
f 2495/2669/3238 2494/2668/3236 1003/2670/10
f 2495/2669/3238 1003/2670/10 2465/2671/3239
f 2462/2663/3230 2463/2672/3240 2485/2664/3241
f 2485/2664/3241 2463/2672/3240 2489/2673/3242
f 2485/2664/3241 2489/2673/3242 2490/2666/3233
f 2490/2666/3233 2489/2673/3242 2493/2674/3243
f 2490/2666/3233 2493/2674/3243 2494/2668/3236
f 2494/2668/3236 2493/2674/3243 1004/2675/10
f 2494/2668/3236 1004/2675/10 1003/2670/10
f 2463/2672/3240 2464/2676/3244 2489/2673/3242
f 2489/2673/3242 2464/2676/3245 2492/2677/3246
f 2489/2673/3242 2492/2677/3247 2493/2674/3243
f 2493/2674/3243 2492/2677/3246 1004/2675/10
f 2464/2676/3244 1005/2678/10 2492/2677/3247
f 2492/2677/3247 1005/2678/10 1004/2675/10
f 2495/2669/3238 2465/2671/3248 2468/2679/3249
f 2468/2679/3250 2465/2671/3239 2466/2680/3251
f 2468/2679/3250 2466/2680/3251 2488/2681/3252
f 2488/2681/3253 2466/2680/3251 2469/2645/3205
f 2488/2681/3252 2469/2645/3205 2484/2647/3207
f 2466/2680/3251 2467/2643/3203 2469/2645/3205
f 2472/2656/3222 2471/2658/3225 2476/2682/3254
f 2476/2682/3254 2471/2658/3225 2475/2661/3255
f 2476/2682/3254 2475/2661/3227 2479/2648/3210
f 2479/2648/3210 2475/2661/3256 2478/2650/3257
f 2470/2642/3202 2474/2640/3201 2473/2654/3220
f 2473/2654/3221 2472/2656/3223 2477/2683/3258
f 2477/2683/3259 2472/2656/3260 2476/2682/3254
f 2477/2683/3259 2476/2682/3254 2480/2646/3206
f 2480/2646/3206 2476/2682/3254 2479/2648/3210
f 2481/2644/3204 2470/2642/3202 2477/2683/3261
f 2477/2683/3258 2470/2642/3202 2473/2654/3221
f 2481/2644/3204 2477/2683/3258 2480/2646/3206
f 2482/2651/3215 2486/2665/3232 2483/2649/3212
f 2483/2649/3212 2486/2665/3232 2487/2684/3262
f 2483/2649/3212 2487/2684/3263 2484/2647/3207
f 2484/2647/3264 2487/2684/3263 2488/2681/3252
f 2468/2679/3250 2488/2681/3253 2487/2684/3263
f 2468/2679/3249 2487/2684/3262 2491/2667/3265
f 2491/2667/3237 2487/2684/3263 2486/2665/3234
f 2495/2669/3238 2468/2679/3249 2491/2667/3235
f 2433/2685/3191 1635/2686/2378 2499/2687/3266
f 2499/2687/3266 1635/2686/2384 2376/2688/3078
f 2499/2687/3266 2376/2688/3078 2503/2689/3267
f 2503/2689/3268 2376/2688/3078 2375/2690/3080
f 2503/2689/3267 2375/2690/3080 2507/2691/3269
f 2507/2691/3269 2375/2690/3080 1195/2692/1579
f 2507/2691/3269 1195/2692/1581 1274/2693/1578
f 1274/2693/1578 1273/2694/1655 2507/2691/3269
f 2507/2691/3269 1273/2694/1655 1272/2695/1657
f 2507/2691/3269 1272/2695/1657 2508/2696/3270
f 2508/2696/3271 1272/2695/1657 1271/2697/1659
f 2508/2696/3270 1271/2697/1659 2509/2698/3272
f 2509/2698/3272 1271/2697/1659 2510/2699/3273
f 2509/2698/3272 2510/2699/3273 2505/2700/3274
f 2505/2700/3274 2510/2699/3273 2506/2701/3275
f 2505/2700/3274 2506/2701/3275 2501/2702/3276
f 2501/2702/3276 2506/2701/3275 2502/2703/3277
f 2501/2702/3276 2502/2703/3277 2435/2704/3198
f 2435/2704/3197 2502/2703/3277 2436/2705/3278
f 2436/2705/3278 2502/2703/3277 2498/2706/3279
f 2436/2705/3147 2498/2706/3279 1587/2707/9
f 1271/2697/1659 1270/2708/1660 2510/2699/3273
f 2510/2699/3273 1270/2708/1660 2496/2709/3280
f 2510/2699/3273 2496/2709/3281 2506/2701/3275
f 2506/2701/3275 2496/2709/3281 2497/2710/3282
f 2506/2701/3275 2497/2710/3282 2498/2706/3279
f 2501/2702/3276 2435/2704/3197 2500/2711/3283
f 2500/2711/3283 2435/2704/3198 2434/2712/3196
f 2500/2711/3283 2434/2712/3196 2499/2687/3266
f 2499/2687/3266 2434/2712/3196 2433/2685/3191
f 2506/2701/3275 2498/2706/3279 2502/2703/3277
f 2505/2700/3274 2501/2702/3276 2500/2711/3283
f 2500/2711/3283 2499/2687/3284 2504/2713/3285
f 2504/2713/3285 2499/2687/3284 2503/2689/3267
f 2504/2713/3285 2503/2689/3267 2508/2696/3270
f 2508/2696/3271 2503/2689/3267 2507/2691/3269
f 2509/2698/3272 2505/2700/3274 2504/2713/3285
f 2504/2713/3285 2505/2700/3274 2500/2711/3283
f 2509/2698/3272 2504/2713/3285 2508/2696/3270
f 1216/2714/1624 1215/2715/1623 2514/2716/3286
f 2514/2716/3286 1215/2715/1621 2374/2717/3109
f 2514/2716/3286 2374/2717/3116 2521/2718/3287
f 2521/2718/3287 2374/2717/3109 2373/2719/3112
f 2521/2718/3287 2373/2719/3112 2528/2720/3288
f 2528/2720/3289 2373/2719/3112 1651/2721/2498
f 2528/2720/3288 1651/2721/2498 2467/2722/3290
f 2466/2723/3291 2530/2724/3292 2467/2722/3290
f 2467/2722/3293 2530/2724/3292 2529/2725/3294
f 2467/2722/3295 2529/2725/3294 2528/2720/3289
f 2528/2720/3289 2529/2725/3294 2521/2718/3287
f 2465/2726/3239 2532/2727/3296 2466/2723/3291
f 2466/2723/3291 2532/2727/3296 2531/2728/3297
f 2466/2723/3291 2531/2728/3297 2530/2724/3292
f 2530/2724/3292 2531/2728/3298 2523/2729/3299
f 2530/2724/3292 2523/2729/3299 2522/2730/3300
f 2522/2730/3300 2523/2729/3299 2515/2731/3301
f 2522/2730/3302 2515/2731/3301 2514/2716/3286
f 2514/2716/3286 2515/2731/3301 1216/2714/1624
f 1003/2732/10 2534/2733/3303 2465/2726/3304
f 2465/2726/3304 2534/2733/3303 2533/2734/3305
f 2465/2726/3239 2533/2734/3305 2532/2727/3296
f 2532/2727/3296 2533/2734/3305 2525/2735/3306
f 2532/2727/3296 2525/2735/3307 2524/2736/3308
f 2524/2736/3309 2525/2735/3307 2517/2737/3310
f 2524/2736/3308 2517/2737/3310 2516/2738/3311
f 2516/2738/3311 2517/2737/3310 1217/2739/1625
f 2516/2738/3311 1217/2739/1625 1216/2714/1624
f 1003/2732/10 2511/2740/3312 2534/2733/3303
f 2534/2733/3303 2511/2740/3312 2527/2741/3313
f 2534/2733/3303 2527/2741/3313 2526/2742/3314
f 2526/2742/3315 2527/2741/3316 2519/2743/3317
f 2526/2742/3315 2519/2743/3317 2518/2744/3318
f 2518/2744/3318 2519/2743/3317 1218/2745/1628
f 2518/2744/3318 1218/2745/1627 1217/2739/1625
f 2511/2740/3319 2512/2746/3320 2527/2741/3316
f 2527/2741/3313 2512/2746/3320 2513/2747/3321
f 2527/2741/3313 2513/2747/3321 2520/2748/3322
f 2520/2748/3323 2513/2747/3321 1219/2749/1630
f 2520/2748/3322 1219/2749/1630 1218/2745/3324
f 2516/2738/3325 1216/2714/1624 2515/2731/3301
f 2518/2744/3318 1217/2739/3326 2517/2737/3310
f 2524/2736/3309 2516/2738/3327 2523/2729/3299
f 2523/2729/3328 2516/2738/3325 2515/2731/3301
f 2520/2748/3323 1218/2745/3329 2519/2743/3317
f 2526/2742/3330 2518/2744/3318 2525/2735/3307
f 2525/2735/3307 2518/2744/3318 2517/2737/3310
f 2527/2741/3313 2520/2748/3323 2519/2743/3317
f 2514/2716/3286 2521/2718/3287 2522/2730/3331
f 2522/2730/3302 2521/2718/3287 2529/2725/3294
f 2522/2730/3332 2529/2725/3294 2530/2724/3292
f 2532/2727/3296 2524/2736/3309 2531/2728/3298
f 2531/2728/3298 2524/2736/3309 2523/2729/3328
f 2534/2733/3303 2526/2742/3330 2533/2734/3305
f 2533/2734/3305 2526/2742/3315 2525/2735/3307
f 1265/2750/1679 1264/2751/1702 2542/2752/3333
f 2542/2752/3333 1264/2751/1702 2535/2753/3334
f 2542/2752/3333 2535/2753/3335 2536/2754/3336
f 2542/2752/3333 2536/2754/3337 2544/2755/3338
f 2544/2755/3338 2536/2754/3336 2537/2756/3339
f 2544/2755/3340 2537/2756/3339 2543/2757/3341
f 2543/2757/3341 2537/2756/3339 2539/2758/3342
f 2543/2757/3341 2539/2758/3342 2540/2759/3343
f 2537/2756/3339 2538/2760/3344 2539/2758/3342
f 2540/2759/3343 2541/2761/3345 2543/2757/3341
f 2543/2757/3341 2541/2761/3346 2545/2762/3347
f 2543/2757/3341 2545/2762/3347 2546/2763/3348
f 2546/2763/3348 2545/2762/3347 2549/2764/3349
f 2546/2763/3350 2549/2764/3351 2550/2765/3352
f 2550/2765/3352 2549/2764/3351 2553/2766/3353
f 2550/2765/3352 2553/2766/3354 1267/2767/1671
f 1267/2767/3355 2553/2766/3353 1268/2768/3356
f 1268/2768/3356 2553/2766/3354 2556/2769/3357
f 1268/2768/3356 2556/2769/3358 1269/2770/3359
f 1269/2770/1663 2556/2769/3358 2559/2771/3360
f 1269/2770/1663 2559/2771/3361 1270/2772/1660
f 1270/2772/1660 2559/2771/3361 2496/2773/3281
f 2496/2773/3281 2559/2771/3361 2558/2774/3362
f 2496/2773/3280 2558/2774/3362 2497/2775/3282
f 2497/2775/3282 2558/2774/3363 2557/2776/3364
f 2497/2775/3282 2557/2776/3364 2498/2777/3279
f 2498/2777/3279 2557/2776/3364 1587/2778/9
f 1587/2778/9 2557/2776/3364 1588/2779/9
f 1588/2779/9 2557/2776/3364 2554/2780/3365
f 1588/2779/9 2554/2780/3365 1589/2781/9
f 1589/2781/9 2554/2780/3366 2551/2782/3367
f 1589/2781/9 2551/2782/3367 1590/2783/9
f 1590/2783/9 2551/2782/3367 2548/2784/3368
f 1590/2783/9 2548/2784/3368 1591/2785/9
f 1591/2785/9 2548/2784/3368 2545/2762/3347
f 1591/2785/9 2545/2762/3347 1592/2786/9
f 1592/2786/9 2545/2762/3347 2541/2761/3346
f 1267/2767/3355 1266/2787/1675 2550/2765/3352
f 2550/2765/3369 1266/2787/3370 2547/2788/3371
f 2550/2765/3352 2547/2788/3371 2546/2763/3350
f 2546/2763/3350 2547/2788/3371 2544/2755/3340
f 2546/2763/3348 2544/2755/3338 2543/2757/3341
f 1266/2787/1675 1265/2750/3372 2547/2788/3371
f 2547/2788/3371 1265/2750/1679 2542/2752/3373
f 2547/2788/3371 2542/2752/3333 2544/2755/3340
f 2545/2762/3347 2548/2784/3368 2549/2764/3374
f 2549/2764/3349 2548/2784/3368 2552/2789/3375
f 2549/2764/3351 2552/2789/3375 2553/2766/3353
f 2553/2766/3354 2552/2789/3375 2556/2769/3358
f 2548/2784/3368 2551/2782/3367 2552/2789/3375
f 2552/2789/3375 2551/2782/3367 2555/2790/3376
f 2552/2789/3375 2555/2790/3377 2556/2769/3358
f 2556/2769/3358 2555/2790/3377 2559/2771/3361
f 2551/2782/3367 2554/2780/3365 2555/2790/3376
f 2555/2790/3376 2554/2780/3365 2558/2774/3363
f 2555/2790/3377 2558/2774/3362 2559/2771/3361
f 2557/2776/3364 2558/2774/3363 2554/2780/3365
f 1219/2791/1630 2513/2792/3321 1220/2793/1632
f 1220/2793/1632 2513/2792/3321 2565/2794/3378
f 1220/2793/1632 2565/2794/3378 1221/2795/1634
f 1221/2795/1634 2565/2794/3379 2568/2796/3380
f 1221/2795/1634 2568/2796/3380 1222/2797/1636
f 1222/2797/1636 2568/2796/3380 2571/2798/3381
f 1222/2797/1636 2571/2798/3381 1223/2799/1638
f 1223/2799/1639 2571/2798/3381 2562/2800/3382
f 2562/2800/3382 2571/2798/3381 2570/2801/3383
f 2562/2800/3382 2570/2801/3383 2561/2802/3384
f 2561/2802/3385 2570/2801/3383 2569/2803/3386
f 2561/2802/3385 2569/2803/3386 2560/2804/3387
f 2560/2804/3387 2569/2803/3388 1050/2805/10
f 2560/2804/3387 1050/2805/10 1049/2806/10
f 2513/2792/3321 2512/2807/3320 2565/2794/3378
f 2565/2794/3378 2512/2807/3320 2564/2808/3389
f 2565/2794/3378 2564/2808/3389 2568/2796/3380
f 2568/2796/3380 2564/2808/3389 2567/2809/3390
f 2568/2796/3380 2567/2809/3391 2571/2798/3381
f 2571/2798/3381 2567/2809/3390 2570/2801/3383
f 2512/2807/3320 2511/2810/3312 2564/2808/3389
f 2564/2808/3389 2511/2810/3312 2563/2811/3392
f 2564/2808/3389 2563/2811/3392 2567/2809/3390
f 2567/2809/3390 2563/2811/3392 2566/2812/3393
f 2567/2809/3390 2566/2812/3393 2570/2801/3394
f 2570/2801/3383 2566/2812/3393 2569/2803/3386
f 2511/2810/3312 1003/2813/10 2563/2811/3392
f 2563/2811/3392 1003/2813/10 1052/2814/10
f 2563/2811/3392 1052/2814/10 2566/2812/3393
f 2566/2812/3395 1052/2814/10 1051/2815/10
f 2566/2812/3393 1051/2815/10 2569/2803/3388
f 2569/2803/3388 1051/2815/10 1050/2805/10
f 1095/2816/9 2588/2817/3396 1087/2818/9
f 1087/2818/9 2588/2817/3396 2589/2819/3397
f 1087/2818/9 2589/2819/3397 2580/2820/3398
f 2580/2820/3398 2589/2819/3397 2594/2821/3399
f 2580/2820/3398 2594/2821/3399 2595/2822/3400
f 2595/2822/3400 2594/2821/3399 2600/2823/3401
f 2595/2822/3400 2600/2823/3401 2579/2824/3402
f 2579/2824/3403 2600/2823/3401 2601/2825/3404
f 2579/2824/3405 2601/2825/3404 2578/2826/3406
f 2578/2826/3406 2601/2825/3404 2602/2827/3407
f 2578/2826/3406 2602/2827/3407 2577/2828/3408
f 2577/2828/3409 2602/2827/3407 2603/2829/3410
f 2577/2828/3409 2603/2829/3410 1333/2830/3411
f 1333/2830/3411 2603/2829/3410 2584/2831/3412
f 1333/2830/3411 2584/2831/3413 1334/2832/3414
f 1334/2832/3414 2584/2831/3412 2612/2833/3415
f 1334/2832/3414 2612/2833/3415 2611/2834/3416
f 2611/2834/3416 2612/2833/3415 2613/2835/3417
f 2611/2834/3416 2613/2835/3417 2610/2836/3418
f 2610/2836/3418 2613/2835/3417 2614/2837/3419
f 2610/2836/3418 2614/2837/3419 2609/2838/3420
f 2609/2838/3420 2614/2837/3419 2615/2839/3421
f 2609/2838/3420 2615/2839/3421 2608/2840/3422
f 2608/2840/3422 2615/2839/3421 2616/2841/3423
f 2608/2840/3422 2616/2841/3424 2607/2842/3425
f 2607/2842/3426 2616/2841/3427 2617/2843/3428
f 2607/2842/3426 2617/2843/3429 2606/2844/3430
f 2606/2844/3430 2617/2843/3428 2618/2845/3431
f 2606/2844/3430 2618/2845/3431 2605/2846/3432
f 2605/2846/3432 2618/2845/3431 2619/2847/3433
f 2605/2846/3432 2619/2847/3433 2604/2848/3434
f 2604/2848/3435 2619/2847/3433 2535/2849/3334
f 2604/2848/3435 2535/2849/3334 2581/2850/3436
f 2581/2850/3436 2535/2849/3334 1264/2851/3437
f 2581/2850/3436 1264/2851/1702 2627/2852/3438
f 2627/2852/3438 1264/2851/3437 2572/2853/3439
f 2627/2852/3438 2572/2853/3439 2626/2854/3440
f 2626/2854/3440 2572/2853/3439 2625/2855/3441
f 2626/2854/3440 2625/2855/3441 2633/2856/3442
f 2633/2856/3443 2625/2855/3441 2632/2857/3444
f 2633/2856/3443 2632/2857/3444 2605/2846/3432
f 2605/2846/3432 2632/2857/3444 2606/2844/3430
f 1095/2816/9 1094/2858/9 2588/2817/3396
f 2588/2817/3396 1094/2858/9 2587/2859/3445
f 2588/2817/3396 2587/2859/3445 2593/2860/3446
f 2593/2860/3446 2587/2859/3445 2592/2861/3447
f 2593/2860/3446 2592/2861/3447 2598/2862/3448
f 2598/2862/3449 2592/2861/3447 2597/2863/3450
f 2598/2862/3449 2597/2863/3451 2616/2841/3424
f 2616/2841/3424 2597/2863/3451 2617/2843/3428
f 2587/2859/3445 1094/2858/9 2586/2864/3452
f 2586/2864/3453 1094/2858/9 1093/2865/9
f 2586/2864/3454 1093/2865/9 2585/2866/3455
f 2585/2866/3455 1093/2865/9 2538/2867/3456
f 2585/2866/3455 2538/2867/3456 2537/2868/3339
f 2585/2866/3457 2537/2868/3339 2590/2869/3458
f 2590/2869/3459 2537/2868/3339 2536/2870/3337
f 2590/2869/3459 2536/2870/3336 2583/2871/3460
f 2583/2871/3460 2536/2870/3337 2535/2849/3334
f 2583/2871/3460 2535/2849/3334 2619/2847/3433
f 2572/2853/3439 2573/2872/3461 2625/2855/3441
f 2625/2855/3462 2573/2872/3461 2624/2873/3463
f 2625/2855/3464 2624/2873/3465 2632/2857/3466
f 2632/2857/3444 2624/2873/3463 2631/2874/3467
f 2632/2857/3466 2631/2874/3467 2606/2844/3430
f 2606/2844/3430 2631/2874/3467 2607/2842/3425
f 2573/2872/3461 2574/2875/3468 2624/2873/3465
f 2624/2873/3465 2574/2875/3468 2623/2876/3469
f 2624/2873/3465 2623/2876/3469 2631/2874/3467
f 2631/2874/3467 2623/2876/3469 2630/2877/3470
f 2631/2874/3467 2630/2877/3471 2607/2842/3426
f 2607/2842/3426 2630/2877/3471 2608/2840/3422
f 2574/2875/3468 2575/2878/3472 2623/2876/3469
f 2623/2876/3469 2575/2878/3472 2622/2879/3473
f 2623/2876/3469 2622/2879/3473 2630/2877/3471
f 2630/2877/3471 2622/2879/3473 2629/2880/3474
f 2630/2877/3471 2629/2880/3475 2608/2840/3422
f 2608/2840/3422 2629/2880/3475 2609/2838/3420
f 2575/2878/3472 2576/2881/3476 2622/2879/3473
f 2622/2879/3473 2576/2881/3477 2621/2882/3478
f 2622/2879/3473 2621/2882/3479 2629/2880/3474
f 2629/2880/3475 2621/2882/3479 2628/2883/3480
f 2629/2880/3474 2628/2883/3480 2609/2838/3420
f 2609/2838/3420 2628/2883/3480 2610/2836/3481
f 2576/2881/3482 1337/2884/1830 2621/2882/3479
f 2621/2882/3479 1337/2884/1830 2620/2885/3483
f 2621/2882/3479 2620/2885/3483 2628/2883/3480
f 2628/2883/3480 2620/2885/3483 2582/2886/3484
f 2628/2883/3480 2582/2886/3484 2610/2836/3481
f 2610/2836/3481 2582/2886/3484 2611/2834/3416
f 1337/2884/1831 1336/2887/3485 2620/2885/3483
f 2620/2885/3483 1336/2887/3485 1335/2888/3486
f 2620/2885/3483 1335/2888/3486 2582/2886/3484
f 2582/2886/3484 1335/2888/3486 1334/2832/3414
f 2582/2886/3484 1334/2832/3414 2611/2834/3416
f 2579/2824/3405 2580/2820/3398 2595/2822/3400
f 2592/2861/3447 2587/2859/3445 2586/2864/3487
f 2586/2864/3452 2585/2866/3457 2591/2889/3488
f 2591/2889/3488 2585/2866/3455 2590/2869/3489
f 2591/2889/3488 2590/2869/3459 2596/2890/3490
f 2596/2890/3490 2590/2869/3459 2583/2871/3460
f 2596/2890/3490 2583/2871/3460 2618/2845/3431
f 2618/2845/3431 2583/2871/3491 2619/2847/3433
f 2594/2821/3399 2589/2819/3397 2588/2817/3396
f 2594/2821/3399 2588/2817/3396 2593/2860/3446
f 2597/2863/3492 2592/2861/3447 2591/2889/3488
f 2591/2889/3488 2592/2861/3447 2586/2864/3487
f 2597/2863/3492 2591/2889/3488 2596/2890/3493
f 2594/2821/3399 2593/2860/3446 2599/2891/3494
f 2599/2891/3494 2593/2860/3446 2598/2862/3448
f 2599/2891/3494 2598/2862/3495 2615/2839/3421
f 2615/2839/3421 2598/2862/3449 2616/2841/3427
f 2617/2843/3429 2597/2863/3451 2596/2890/3496
f 2617/2843/3428 2596/2890/3490 2618/2845/3431
f 2594/2821/3399 2599/2891/3494 2600/2823/3401
f 2600/2823/3401 2599/2891/3494 2614/2837/3497
f 2600/2823/3401 2614/2837/3419 2613/2835/3417
f 2614/2837/3419 2599/2891/3494 2615/2839/3421
f 2600/2823/3401 2613/2835/3417 2601/2825/3498
f 2601/2825/3498 2613/2835/3417 2612/2833/3415
f 2601/2825/3498 2612/2833/3499 2602/2827/3407
f 2602/2827/3407 2612/2833/3499 2584/2831/3500
f 2602/2827/3407 2584/2831/3412 2603/2829/3410
f 2633/2856/3442 2605/2846/3501 2604/2848/3434
f 2581/2850/3436 2627/2852/3438 2626/2854/3440
f 2581/2850/3436 2626/2854/3502 2633/2856/3442
f 2604/2848/3434 2581/2850/3436 2633/2856/3442
f 1048/2892/10 1047/2893/10 2639/2894/3503
f 2639/2894/3504 1047/2893/10 2634/2895/3505
f 2639/2894/3503 2634/2895/3505 2640/2896/3506
f 2640/2896/3506 2634/2895/3505 2635/2897/3507
f 2640/2896/3506 2635/2897/3507 2644/2898/3508
f 2644/2898/3508 2635/2897/3507 2643/2899/3509
f 2644/2898/3508 2643/2899/3509 2561/2900/3385
f 2561/2900/3385 2643/2899/3509 2645/2901/3510
f 2561/2900/3385 2645/2901/3510 2562/2902/3382
f 2562/2902/3382 2645/2901/3510 2642/2903/3511
f 2562/2902/3382 2642/2903/3511 2641/2904/3512
f 2641/2904/3512 2642/2903/3511 2637/2905/3513
f 2641/2904/3512 2637/2905/3513 2155/2906/2926
f 2635/2897/3507 2636/2907/3514 2643/2899/3509
f 2643/2899/3509 2636/2907/3514 2645/2901/3510
f 2645/2901/3510 2636/2907/3514 2642/2903/3511
f 2642/2903/3511 2636/2907/3514 2637/2905/3513
f 2155/2906/2926 2638/2908/3515 2641/2904/3512
f 2641/2904/3512 2638/2908/3515 1223/2909/1639
f 2641/2904/3512 1223/2909/1638 2562/2902/3382
f 2561/2900/3384 2560/2910/3387 2644/2898/3508
f 2644/2898/3516 2560/2910/3387 2640/2896/3506
f 2640/2896/3506 2560/2910/3387 2639/2894/3504
f 2639/2894/3504 2560/2910/3387 1049/2911/10
f 2639/2894/3504 1049/2911/10 1048/2892/10
f 1224/2912/1640 1223/2913/1639 2649/2914/3517
f 2649/2914/3517 1223/2913/1639 2638/2915/3515
f 2649/2914/3517 2638/2915/3515 2155/2916/2926
f 2649/2914/3517 2155/2916/2926 2652/2917/3518
f 2652/2917/3518 2155/2916/2926 2161/2918/2929
f 2652/2917/3518 2161/2918/2929 2648/2919/3519
f 2648/2919/3519 2161/2918/2929 2160/2920/2930
f 2648/2919/3519 2160/2920/2930 2646/2921/3520
f 2648/2919/3519 2646/2921/3521 2651/2922/3522
f 2651/2922/3522 2646/2921/3520 2647/2923/3523
f 2651/2922/3522 2647/2923/3523 1224/2912/1640
f 1224/2912/1640 2647/2923/3523 1225/2924/1641
f 1225/2924/1641 2647/2923/3523 1226/2925/1649
f 2651/2922/3522 1224/2912/1640 2650/2926/3524
f 2650/2926/3524 1224/2912/1640 2649/2914/3517
f 2650/2926/3525 2649/2914/3517 2652/2917/3518
f 2648/2919/3519 2651/2922/3522 2650/2926/3525
f 2648/2919/3519 2650/2926/3525 2652/2917/3518
f 1337/2927/1831 2576/2928/3482 1338/2929/1828
f 1338/2929/1828 2576/2928/3482 2658/2930/3526
f 1338/2929/1828 2658/2930/3526 1339/2931/1825
f 1339/2931/1825 2658/2930/3527 2661/2932/3528
f 1339/2931/1825 2661/2932/3529 1340/2933/1822
f 1340/2933/1821 2661/2932/3529 2664/2934/3530
f 1340/2933/1822 2664/2934/3530 1341/2935/1819
f 1341/2935/1819 2664/2934/3530 2667/2936/3531
f 1341/2935/1819 2667/2936/3531 1342/2937/3532
f 1342/2937/1815 2667/2936/3531 2670/2938/3533
f 1342/2937/3532 2670/2938/3533 1343/2939/1813
f 1343/2939/1813 2670/2938/3533 2673/2940/3534
f 1343/2939/1813 2673/2940/3534 1344/2941/1811
f 1344/2941/1811 2673/2940/3534 2676/2942/3535
f 1344/2941/1811 2676/2942/3535 1345/2943/1809
f 1345/2943/1809 2676/2942/3535 2679/2944/3536
f 1345/2943/3537 2679/2944/3536 1346/2945/1807
f 1346/2945/1807 2679/2944/3536 2682/2946/3538
f 1346/2945/1807 2682/2946/3538 1347/2947/1804
f 1347/2947/1804 2682/2946/3538 2685/2948/3539
f 1347/2947/1804 2685/2948/3539 1348/2949/1802
f 1348/2949/1802 2685/2948/3539 2688/2950/3540
f 1348/2949/3541 2688/2950/3540 1349/2951/1800
f 1349/2951/1800 2688/2950/3540 2691/2952/3542
f 1349/2951/1800 2691/2952/3542 1350/2953/1797
f 1350/2953/1797 2691/2952/3542 2694/2954/3543
f 1350/2953/1797 2694/2954/3544 1351/2955/1795
f 1351/2955/1795 2694/2954/3543 2697/2956/3545
f 1351/2955/1795 2697/2956/3546 1352/2957/1792
f 1352/2957/1792 2697/2956/3546 2700/2958/3547
f 1352/2957/1792 2700/2958/3547 1353/2959/3548
f 1353/2959/3548 2700/2958/3547 2703/2960/3549
f 1353/2959/1789 2703/2960/3549 1354/2961/1787
f 1354/2961/1787 2703/2960/3549 2706/2962/3550
f 1354/2961/1787 2706/2962/3550 1355/2963/1784
f 1355/2963/1784 2706/2962/3550 2709/2964/3551
f 1355/2963/3552 2709/2964/3551 1356/2965/1782
f 1356/2965/1782 2709/2964/3551 2712/2966/3553
f 1356/2965/3554 2712/2966/3553 1357/2967/1780
f 1357/2967/1779 2712/2966/3553 2715/2968/3555
f 1357/2967/1779 2715/2968/3555 1358/2969/1777
f 1358/2969/1777 2715/2968/3555 2718/2970/3556
f 1358/2969/1777 2718/2970/3556 1359/2971/1775
f 1359/2971/1775 2718/2970/3556 2721/2972/3557
f 1359/2971/1775 2721/2972/3557 1360/2973/1772
f 1360/2973/1772 2721/2972/3558 2724/2974/3559
f 1360/2973/1772 2724/2974/3559 1361/2975/1769
f 1361/2975/1769 2724/2974/3560 2727/2976/3561
f 1361/2975/1769 2727/2976/3561 1362/2977/1767
f 1362/2977/1767 2727/2976/3561 2730/2978/3562
f 1362/2977/1767 2730/2978/3563 1363/2979/1764
f 1363/2979/1764 2730/2978/3562 2733/2980/3564
f 1363/2979/1764 2733/2980/3564 1364/2981/1762
f 1364/2981/1762 2733/2980/3564 2736/2982/3565
f 1364/2981/3566 2736/2982/3565 1365/2983/1759
f 1365/2983/1759 2736/2982/3565 2739/2984/3567
f 1365/2983/1759 2739/2984/3567 1366/2985/1754
f 1366/2985/1758 2739/2984/3567 2742/2986/3568
f 1366/2985/1754 2742/2986/3568 1367/2987/1752
f 1367/2987/1752 2742/2986/3568 2745/2988/3569
f 1367/2987/1752 2745/2988/3569 1368/2989/1750
f 1368/2989/1750 2745/2988/3570 2748/2990/3571
f 1368/2989/1750 2748/2990/3571 1369/2991/1747
f 1369/2991/1747 2748/2990/3571 2751/2992/3572
f 1369/2991/1747 2751/2992/3572 1370/2993/1744
f 1370/2993/1744 2751/2992/3572 2754/2994/3573
f 1370/2993/1744 2754/2994/3573 1371/2995/1742
f 1371/2995/1742 2754/2994/3573 2757/2996/3574
f 1371/2995/1742 2757/2996/3575 1372/2997/1740
f 1372/2997/1739 2757/2996/3574 2760/2998/3576
f 1372/2997/1739 2760/2998/3576 1373/2999/1738
f 1373/2999/1738 2760/2998/3576 2763/3000/3577
f 1373/2999/1738 2763/3000/3577 1374/3001/1735
f 1374/3001/1735 2763/3000/3577 2766/3002/3578
f 1374/3001/1735 2766/3002/3578 1375/3003/1733
f 1375/3003/1732 2766/3002/3578 2769/3004/3579
f 1375/3003/1733 2769/3004/3580 1376/3005/1731
f 1376/3005/1729 2769/3004/3579 2772/3006/3581
f 1376/3005/1731 2772/3006/3581 1377/3007/1727
f 1377/3007/1727 2772/3006/3581 2655/3008/3582
f 2655/3008/3582 2772/3006/3581 2771/3009/3583
f 2655/3008/3582 2771/3009/3583 2654/3010/3584
f 2654/3010/3584 2771/3009/3585 2770/3011/3586
f 2654/3010/3584 2770/3011/3587 2653/3012/3588
f 2653/3012/3589 2770/3011/3587 1226/3013/1649
f 1226/3013/1649 2770/3011/3587 1227/3014/1642
f 1227/3014/1642 2770/3011/3586 2767/3015/3590
f 1227/3014/1642 2767/3015/3590 1228/3016/1643
f 1228/3016/1643 2767/3015/3590 2764/3017/3591
f 1228/3016/1643 2764/3017/3591 1229/3018/1645
f 1229/3018/1645 2764/3017/3591 2761/3019/3592
f 1229/3018/1645 2761/3019/3592 1230/3020/1647
f 1230/3020/1647 2761/3019/3593 2758/3021/3594
f 1230/3020/1647 2758/3021/3594 1231/3022/3595
f 1231/3022/3595 2758/3021/3594 2755/3023/3596
f 1231/3022/1648 2755/3023/3596 1232/3024/1651
f 1232/3024/1651 2755/3023/3596 2752/3025/3597
f 1232/3024/1651 2752/3025/3598 1233/3026/3599
f 1233/3026/3599 2752/3025/3598 2749/3027/3600
f 1233/3026/1652 2749/3027/3600 1234/3028/1626
f 1234/3028/1626 2749/3027/3600 2746/3029/3601
f 1234/3028/1626 2746/3029/3601 1235/3030/1622
f 1235/3030/1622 2746/3029/3601 2743/3031/3602
f 1235/3030/3603 2743/3031/3602 1236/3032/1620
f 1236/3032/1620 2743/3031/3602 2740/3033/3604
f 1236/3032/1620 2740/3033/3604 1237/3034/1617
f 1237/3034/1617 2740/3033/3604 2737/3035/3605
f 1237/3034/1617 2737/3035/3606 1238/3036/1615
f 1238/3036/1615 2737/3035/3606 2734/3037/3607
f 1238/3036/1615 2734/3037/3607 1239/3038/1612
f 1239/3038/3608 2734/3037/3607 2731/3039/3609
f 1239/3038/1612 2731/3039/3609 1240/3040/1610
f 1240/3040/3610 2731/3039/3609 2728/3041/3611
f 1240/3040/3610 2728/3041/3611 1241/3042/1606
f 1241/3042/1606 2728/3041/3611 2725/3043/3612
f 1241/3042/1606 2725/3043/3612 1242/3044/3613
f 1242/3044/1604 2725/3043/3612 2722/3045/3614
f 1242/3044/1604 2722/3045/3614 1243/3046/1601
f 1243/3046/1601 2722/3045/3614 2719/3047/3615
f 1243/3046/1601 2719/3047/3615 1244/3048/1598
f 1244/3048/1598 2719/3047/3616 2716/3049/3617
f 1244/3048/1600 2716/3049/3617 1245/3050/1594
f 1245/3050/1594 2716/3049/3617 2713/3051/3618
f 1245/3050/1594 2713/3051/3618 1246/3052/1590
f 1246/3052/1590 2713/3051/3618 2710/3053/3619
f 1246/3052/1590 2710/3053/3619 1247/3054/3620
f 1247/3054/3620 2710/3053/3621 2707/3055/3622
f 1247/3054/1588 2707/3055/3622 1248/3056/1586
f 1248/3056/1586 2707/3055/3622 2704/3057/3623
f 1248/3056/1586 2704/3057/3623 1249/3058/1584
f 1249/3058/1584 2704/3057/3624 2701/3059/3625
f 1249/3058/1584 2701/3059/3625 1250/3060/3626
f 1250/3060/1580 2701/3059/3627 2698/3061/3628
f 1250/3060/1580 2698/3061/3629 1251/3062/1656
f 1251/3062/1653 2698/3061/3628 2695/3063/3630
f 1251/3062/1656 2695/3063/3630 1252/3064/1658
f 1252/3064/1658 2695/3063/3630 2692/3065/3631
f 1252/3064/1658 2692/3065/3632 1253/3066/1700
f 1253/3066/1700 2692/3065/3631 2689/3067/3633
f 1253/3066/1700 2689/3067/3633 1254/3068/1699
f 1254/3068/1699 2689/3067/3633 2686/3069/3634
f 1254/3068/1699 2686/3069/3634 1255/3070/1698
f 1255/3070/1698 2686/3069/3634 2683/3071/3635
f 1255/3070/1698 2683/3071/3635 1256/3072/1697
f 1256/3072/1696 2683/3071/3635 2680/3073/3636
f 1256/3072/1696 2680/3073/3636 1257/3074/1695
f 1257/3074/1694 2680/3073/3636 2677/3075/3637
f 1257/3074/1695 2677/3075/3637 1258/3076/1693
f 1258/3076/1691 2677/3075/3637 2674/3077/3638
f 1258/3076/1691 2674/3077/3639 1259/3078/1689
f 1259/3078/3640 2674/3077/3639 2671/3079/3641
f 1259/3078/1689 2671/3079/3641 1260/3080/3642
f 1260/3080/3643 2671/3079/3644 2668/3081/3645
f 1260/3080/1688 2668/3081/3645 1261/3082/1684
f 1261/3082/1684 2668/3081/3646 2665/3083/3647
f 1261/3082/1684 2665/3083/3647 1262/3084/1683
f 1262/3084/1683 2665/3083/3647 2662/3085/3648
f 1262/3084/1683 2662/3085/3649 1263/3086/1682
f 1263/3086/1682 2662/3085/3649 2659/3087/3650
f 1263/3086/1682 2659/3087/3650 1264/3088/1702
f 1264/3088/3437 2659/3087/3650 2656/3089/3651
f 1264/3088/1702 2656/3089/3651 2572/3090/3439
f 2572/3090/3439 2656/3089/3651 2573/3091/3461
f 2573/3091/3461 2656/3089/3651 2657/3092/3652
f 2573/3091/3461 2657/3092/3653 2574/3093/3468
f 2574/3093/3654 2657/3092/3652 2575/3094/3472
f 2575/3094/3472 2657/3092/3652 2658/2930/3526
f 2575/3094/3472 2658/2930/3526 2576/2928/3476
f 2661/2932/3529 2658/2930/3526 2657/3092/3652
f 2657/3092/3652 2656/3089/3651 2660/3095/3655
f 2660/3095/3655 2656/3089/3651 2659/3087/3650
f 2660/3095/3655 2659/3087/3650 2663/3096/3656
f 2663/3096/3656 2659/3087/3650 2662/3085/3649
f 2663/3096/3656 2662/3085/3649 2666/3097/3657
f 2666/3097/3657 2662/3085/3649 2665/3083/3647
f 2666/3097/3657 2665/3083/3647 2669/3098/3658
f 2669/3098/3658 2665/3083/3647 2668/3081/3645
f 2669/3098/3658 2668/3081/3645 2672/3099/3659
f 2672/3099/3659 2668/3081/3645 2671/3079/3641
f 2672/3099/3659 2671/3079/3644 2675/3100/3660
f 2675/3100/3660 2671/3079/3644 2674/3077/3639
f 2675/3100/3660 2674/3077/3639 2678/3101/3661
f 2678/3101/3661 2674/3077/3639 2677/3075/3637
f 2678/3101/3661 2677/3075/3637 2681/3102/3662
f 2681/3102/3662 2677/3075/3637 2680/3073/3636
f 2681/3102/3662 2680/3073/3636 2684/3103/3663
f 2684/3103/3663 2680/3073/3636 2683/3071/3635
f 2684/3103/3663 2683/3071/3635 2687/3104/3664
f 2687/3104/3665 2683/3071/3635 2686/3069/3634
f 2687/3104/3664 2686/3069/3634 2690/3105/3666
f 2690/3105/3666 2686/3069/3634 2689/3067/3633
f 2690/3105/3666 2689/3067/3633 2693/3106/3667
f 2693/3106/3667 2689/3067/3633 2692/3065/3632
f 2693/3106/3667 2692/3065/3632 2696/3107/3668
f 2696/3107/3668 2692/3065/3632 2695/3063/3630
f 2696/3107/3668 2695/3063/3630 2699/3108/3669
f 2699/3108/3669 2695/3063/3630 2698/3061/3629
f 2699/3108/3669 2698/3061/3628 2702/3109/3670
f 2702/3109/3670 2698/3061/3628 2701/3059/3625
f 2702/3109/3670 2701/3059/3627 2705/3110/3671
f 2705/3110/3671 2701/3059/3627 2704/3057/3624
f 2705/3110/3671 2704/3057/3623 2708/3111/3672
f 2708/3111/3672 2704/3057/3623 2707/3055/3673
f 2708/3111/3672 2707/3055/3622 2711/3112/3674
f 2711/3112/3674 2707/3055/3622 2710/3053/3619
f 2711/3112/3674 2710/3053/3619 2714/3113/3675
f 2714/3113/3675 2710/3053/3619 2713/3051/3618
f 2714/3113/3675 2713/3051/3618 2717/3114/3676
f 2717/3114/3676 2713/3051/3618 2716/3049/3617
f 2717/3114/3676 2716/3049/3617 2720/3115/3677
f 2720/3115/3677 2716/3049/3617 2719/3047/3615
f 2720/3115/3677 2719/3047/3615 2723/3116/3678
f 2723/3116/3678 2719/3047/3616 2722/3045/3679
f 2723/3116/3678 2722/3045/3614 2726/3117/3680
f 2726/3117/3680 2722/3045/3679 2725/3043/3612
f 2726/3117/3680 2725/3043/3612 2729/3118/3681
f 2729/3118/3681 2725/3043/3612 2728/3041/3611
f 2729/3118/3681 2728/3041/3611 2732/3119/3682
f 2732/3119/3682 2728/3041/3611 2731/3039/3609
f 2732/3119/3682 2731/3039/3609 2735/3120/3683
f 2735/3120/3684 2731/3039/3609 2734/3037/3607
f 2735/3120/3683 2734/3037/3607 2738/3121/3685
f 2738/3121/3685 2734/3037/3607 2737/3035/3606
f 2738/3121/3685 2737/3035/3606 2741/3122/3686
f 2741/3122/3686 2737/3035/3606 2740/3033/3687
f 2741/3122/3686 2740/3033/3604 2744/3123/3688
f 2744/3123/3688 2740/3033/3604 2743/3031/3602
f 2744/3123/3688 2743/3031/3602 2747/3124/3689
f 2747/3124/3689 2743/3031/3602 2746/3029/3601
f 2747/3124/3689 2746/3029/3601 2750/3125/3690
f 2750/3125/3690 2746/3029/3601 2749/3027/3600
f 2750/3125/3690 2749/3027/3600 2753/3126/3691
f 2753/3126/3691 2749/3027/3600 2752/3025/3598
f 2753/3126/3691 2752/3025/3598 2756/3127/3692
f 2756/3127/3692 2752/3025/3598 2755/3023/3596
f 2756/3127/3692 2755/3023/3596 2759/3128/3693
f 2759/3128/3693 2755/3023/3596 2758/3021/3594
f 2759/3128/3693 2758/3021/3594 2762/3129/3694
f 2762/3129/3694 2758/3021/3594 2761/3019/3592
f 2762/3129/3694 2761/3019/3592 2765/3130/3695
f 2765/3130/3695 2761/3019/3592 2764/3017/3591
f 2765/3130/3695 2764/3017/3591 2768/3131/3696
f 2768/3131/3696 2764/3017/3591 2767/3015/3590
f 2768/3131/3696 2767/3015/3590 2771/3009/3585
f 2771/3009/3585 2767/3015/3590 2770/3011/3587
f 2664/2934/3530 2661/2932/3528 2660/3095/3655
f 2660/3095/3697 2661/2932/3529 2657/3092/3652
f 2664/2934/3530 2660/3095/3655 2663/3096/3698
f 2667/2936/3531 2664/2934/3530 2663/3096/3656
f 2667/2936/3531 2663/3096/3656 2666/3097/3657
f 2670/2938/3533 2667/2936/3531 2666/3097/3699
f 2670/2938/3533 2666/3097/3699 2669/3098/3658
f 2673/2940/3534 2670/2938/3533 2669/3098/3658
f 2673/2940/3534 2669/3098/3658 2672/3099/3659
f 2676/2942/3535 2673/2940/3534 2672/3099/3700
f 2676/2942/3535 2672/3099/3700 2675/3100/3660
f 2679/2944/3536 2676/2942/3535 2675/3100/3660
f 2679/2944/3536 2675/3100/3660 2678/3101/3661
f 2682/2946/3538 2679/2944/3536 2678/3101/3661
f 2682/2946/3538 2678/3101/3661 2681/3102/3662
f 2685/2948/3539 2682/2946/3538 2681/3102/3662
f 2685/2948/3539 2681/3102/3662 2684/3103/3701
f 2688/2950/3540 2685/2948/3539 2684/3103/3701
f 2688/2950/3540 2684/3103/3701 2687/3104/3665
f 2691/2952/3542 2688/2950/3540 2687/3104/3664
f 2691/2952/3542 2687/3104/3664 2690/3105/3666
f 2694/2954/3544 2691/2952/3542 2690/3105/3666
f 2694/2954/3544 2690/3105/3666 2693/3106/3667
f 2697/2956/3546 2694/2954/3543 2693/3106/3667
f 2697/2956/3545 2693/3106/3667 2696/3107/3668
f 2700/2958/3547 2697/2956/3545 2696/3107/3668
f 2700/2958/3547 2696/3107/3668 2699/3108/3669
f 2703/2960/3549 2700/2958/3547 2699/3108/3669
f 2703/2960/3549 2699/3108/3669 2702/3109/3670
f 2706/2962/3550 2703/2960/3549 2702/3109/3702
f 2706/2962/3550 2702/3109/3702 2705/3110/3671
f 2709/2964/3551 2706/2962/3550 2705/3110/3671
f 2709/2964/3551 2705/3110/3703 2708/3111/3672
f 2712/2966/3553 2709/2964/3551 2708/3111/3672
f 2712/2966/3553 2708/3111/3672 2711/3112/3704
f 2715/2968/3555 2712/2966/3553 2711/3112/3705
f 2715/2968/3555 2711/3112/3674 2714/3113/3675
f 2718/2970/3556 2715/2968/3555 2714/3113/3675
f 2718/2970/3556 2714/3113/3675 2717/3114/3676
f 2721/2972/3558 2718/2970/3556 2717/3114/3676
f 2721/2972/3557 2717/3114/3676 2720/3115/3677
f 2724/2974/3560 2721/2972/3558 2720/3115/3706
f 2724/2974/3559 2720/3115/3677 2723/3116/3678
f 2727/2976/3561 2724/2974/3707 2723/3116/3678
f 2727/2976/3561 2723/3116/3678 2726/3117/3680
f 2730/2978/3562 2727/2976/3561 2726/3117/3680
f 2730/2978/3562 2726/3117/3680 2729/3118/3708
f 2733/2980/3709 2730/2978/3562 2729/3118/3708
f 2733/2980/3564 2729/3118/3708 2732/3119/3682
f 2736/2982/3565 2733/2980/3564 2732/3119/3682
f 2736/2982/3565 2732/3119/3682 2735/3120/3684
f 2739/2984/3567 2736/2982/3565 2735/3120/3684
f 2739/2984/3567 2735/3120/3684 2738/3121/3685
f 2742/2986/3568 2739/2984/3567 2738/3121/3710
f 2742/2986/3568 2738/3121/3685 2741/3122/3686
f 2745/2988/3570 2742/2986/3568 2741/3122/3686
f 2745/2988/3711 2741/3122/3686 2744/3123/3688
f 2748/2990/3571 2745/2988/3569 2744/3123/3688
f 2748/2990/3571 2744/3123/3688 2747/3124/3689
f 2751/2992/3572 2748/2990/3571 2747/3124/3689
f 2751/2992/3572 2747/3124/3689 2750/3125/3690
f 2754/2994/3573 2751/2992/3572 2750/3125/3690
f 2754/2994/3573 2750/3125/3690 2753/3126/3691
f 2757/2996/3575 2754/2994/3573 2753/3126/3691
f 2757/2996/3575 2753/3126/3691 2756/3127/3692
f 2760/2998/3712 2757/2996/3574 2756/3127/3692
f 2760/2998/3576 2756/3127/3692 2759/3128/3693
f 2763/3000/3577 2760/2998/3576 2759/3128/3693
f 2763/3000/3577 2759/3128/3693 2762/3129/3694
f 2766/3002/3578 2763/3000/3577 2762/3129/3694
f 2766/3002/3578 2762/3129/3694 2765/3130/3695
f 2769/3004/3580 2766/3002/3578 2765/3130/3713
f 2769/3004/3580 2765/3130/3713 2768/3131/3696
f 2772/3006/3581 2769/3004/3579 2768/3131/3696
f 2772/3006/3581 2768/3131/3696 2771/3009/3583
f 2155/3132/2926 2637/3133/3513 2156/3134/2927
f 2156/3134/2927 2637/3133/3513 2780/3135/3714
f 2156/3134/2927 2780/3135/3714 2157/3136/2934
f 2157/3136/2934 2780/3135/3714 2776/3137/3715
f 2157/3136/2934 2776/3137/3715 2158/3138/2936
f 2780/3135/3714 2637/3133/3513 2779/3139/3716
f 2779/3139/3716 2637/3133/3513 2636/3140/3514
f 2779/3139/3716 2636/3140/3514 2778/3141/3717
f 2778/3141/3717 2636/3140/3514 2635/3142/3507
f 2778/3141/3717 2635/3142/3718 2777/3143/3719
f 2777/3143/3719 2635/3142/3507 2634/3144/3505
f 2777/3143/3720 2634/3144/3505 1046/3145/10
f 1046/3145/10 2634/3144/3505 1047/3146/10
f 1046/3145/10 1045/3147/10 2777/3143/3719
f 2777/3143/3721 1045/3147/10 2773/3148/3722
f 2777/3143/3719 2773/3148/3722 2774/3149/3723
f 1045/3147/10 1044/3150/10 2773/3148/3722
f 2777/3143/3719 2774/3149/3723 2778/3141/3717
f 2778/3141/3717 2774/3149/3724 2775/3151/3725
f 2778/3141/3717 2775/3151/3725 2779/3139/3716
f 2779/3139/3716 2775/3151/3725 2776/3137/3715
f 2779/3139/3716 2776/3137/3726 2780/3135/3714
f 1377/3152/1727 2655/3153/3582 2783/3154/3727
f 2783/3154/3727 2655/3153/3582 2786/3155/3728
f 2783/3154/3729 2786/3155/3730 2782/3156/3731
f 2782/3156/3732 2786/3155/3728 2654/3157/3584
f 2782/3156/3733 2654/3157/3584 2785/3158/3734
f 2785/3158/3734 2654/3157/3584 2653/3159/3588
f 2785/3158/3734 2653/3159/3588 2784/3160/3735
f 2784/3160/3735 2653/3159/3588 1226/3161/1649
f 2784/3160/3735 1226/3161/1649 2647/3162/3523
f 2655/3153/3582 2654/3157/3584 2786/3155/3736
f 2647/3162/3523 2646/3163/3520 2784/3160/3735
f 2784/3160/3735 2646/3163/3520 2160/3164/2930
f 2784/3160/3735 2160/3164/2930 2781/3165/3737
f 2784/3160/3735 2781/3165/3738 2785/3158/3739
f 2785/3158/3739 2781/3165/3737 2782/3156/3733
f 1044/3166/10 1043/3167/10 2773/3168/3722
f 2773/3168/3722 1043/3167/10 2801/3169/3740
f 2773/3168/3722 2801/3169/3740 2837/3170/3741
f 2837/3170/3742 2801/3169/3740 2800/3171/3743
f 2837/3170/3741 2800/3171/3744 2836/3172/3745
f 2836/3172/3745 2800/3171/3743 2799/3173/3746
f 2836/3172/3745 2799/3173/3746 2835/3174/3747
f 2835/3174/3747 2799/3173/3746 2798/3175/3748
f 2835/3174/3747 2798/3175/3748 2834/3176/3749
f 2834/3176/3749 2798/3175/3748 2833/3177/3750
f 2834/3176/3749 2833/3177/3750 2810/3178/3751
f 2810/3178/3751 2833/3177/3750 2811/3179/3752
f 2810/3178/3751 2811/3179/3752 2804/3180/3753
f 2804/3180/3753 2811/3179/3752 2803/3181/3754
f 2804/3180/3753 2803/3181/3754 2816/3182/3755
f 2816/3182/3755 2803/3181/3754 2815/3183/3756
f 2816/3182/3755 2815/3183/3756 2822/3184/3757
f 2822/3184/3757 2815/3183/3756 2823/3185/3758
f 2822/3184/3757 2823/3185/3759 2829/3186/3760
f 2829/3186/3761 2823/3185/3762 2828/3187/3763
f 2829/3186/3764 2828/3187/3763 2791/3188/3765
f 2791/3188/3765 2828/3187/3763 2790/3189/3766
f 2790/3189/3766 2828/3187/3763 2827/3190/3767
f 2790/3189/3766 2827/3190/3768 2789/3191/3769
f 2789/3191/3770 2827/3190/3768 2826/3192/3771
f 2789/3191/3769 2826/3192/3772 1387/3193/3773
f 1387/3193/3774 2826/3192/3771 2795/3194/3775
f 1387/3193/3773 2795/3194/3776 1388/3195/3777
f 1388/3195/3777 2795/3194/3776 1389/3196/3778
f 1389/3196/3779 2795/3194/3775 2812/3197/3780
f 1389/3196/3779 2812/3197/3780 2788/3198/3781
f 2788/3198/3781 2812/3197/3780 2813/3199/3782
f 2788/3198/3781 2813/3199/3782 2802/3200/3783
f 2802/3200/3784 2813/3199/3785 2814/3201/3786
f 2802/3200/3783 2814/3201/3787 2815/3183/3756
f 2815/3183/3756 2814/3201/3788 2823/3185/3789
f 1043/3167/10 1042/3202/10 2801/3169/3740
f 2801/3169/3740 1042/3202/10 2800/3171/3744
f 1042/3202/10 1041/3203/10 2800/3171/3744
f 2800/3171/3744 1041/3203/10 2799/3173/3746
f 1041/3203/10 1040/3204/10 2799/3173/3746
f 2799/3173/3746 1040/3204/10 2798/3175/3790
f 1040/3204/10 1039/3205/10 2798/3175/3748
f 2798/3175/3748 1039/3205/10 2833/3177/3750
f 1039/3205/10 2787/3206/3791 2833/3177/3750
f 2833/3177/3750 2787/3206/3791 2811/3179/3752
f 2811/3179/3752 2787/3206/3791 2802/3200/3784
f 2802/3200/3784 2787/3206/3791 2788/3198/3781
f 1387/3193/3773 1386/3207/3792 2789/3191/3769
f 2789/3191/3770 1386/3207/3792 1385/3208/1710
f 2791/3188/3765 2792/3209/3793 2829/3186/3764
f 2829/3186/3761 2792/3209/3793 2830/3210/3794
f 2829/3186/3764 2830/3210/3794 2822/3184/3757
f 2822/3184/3757 2830/3210/3795 2821/3211/3796
f 2822/3184/3757 2821/3211/3796 2816/3182/3797
f 2816/3182/3798 2821/3211/3796 2817/3212/3799
f 2816/3182/3755 2817/3212/3800 2804/3180/3753
f 2804/3180/3753 2817/3212/3799 2805/3213/3801
f 2804/3180/3802 2805/3213/3801 2810/3178/3751
f 2810/3178/3751 2805/3213/3801 2809/3214/3803
f 2810/3178/3751 2809/3214/3803 2834/3176/3749
f 2834/3176/3804 2809/3214/3803 2835/3174/3747
f 2792/3209/3793 2793/3215/3805 2830/3210/3794
f 2830/3210/3794 2793/3215/3805 2831/3216/3806
f 2830/3210/3794 2831/3216/3806 2821/3211/3796
f 2821/3211/3807 2831/3216/3806 2820/3217/3808
f 2821/3211/3796 2820/3217/3809 2817/3212/3799
f 2817/3212/3800 2820/3217/3809 2818/3218/3810
f 2817/3212/3799 2818/3218/3811 2805/3213/3801
f 2805/3213/3801 2818/3218/3812 2806/3219/3813
f 2805/3213/3801 2806/3219/3813 2809/3214/3803
f 2809/3214/3803 2806/3219/3813 2808/3220/3814
f 2809/3214/3803 2808/3220/3814 2835/3174/3747
f 2835/3174/3747 2808/3220/3814 2836/3172/3745
f 2793/3215/3815 2794/3221/3816 2831/3216/3806
f 2831/3216/3817 2794/3221/3816 2832/3222/3818
f 2831/3216/3806 2832/3222/3818 2820/3217/3809
f 2820/3217/3809 2832/3222/3818 2796/3223/3819
f 2820/3217/3809 2796/3223/3819 2818/3218/3811
f 2818/3218/3811 2796/3223/3820 2819/3224/3821
f 2818/3218/3810 2819/3224/3821 2806/3219/3813
f 2806/3219/3813 2819/3224/3821 2807/3225/3822
f 2806/3219/3813 2807/3225/3822 2808/3220/3814
f 2808/3220/3814 2807/3225/3822 2797/3226/3823
f 2808/3220/3814 2797/3226/3823 2836/3172/3745
f 2836/3172/3745 2797/3226/3823 2837/3170/3741
f 2158/3227/2936 2776/3228/3715 2794/3221/3816
f 2794/3221/3816 2776/3228/3715 2832/3222/3818
f 2832/3222/3818 2776/3228/3715 2796/3223/3819
f 2796/3223/3820 2776/3228/3715 2775/3229/3725
f 2796/3223/3820 2775/3229/3725 2819/3224/3821
f 2819/3224/3821 2775/3229/3725 2807/3225/3822
f 2775/3229/3725 2774/3230/3723 2807/3225/3822
f 2807/3225/3822 2774/3230/3723 2797/3226/3823
f 2774/3230/3724 2773/3168/3722 2797/3226/3823
f 2797/3226/3823 2773/3168/3722 2837/3170/3741
f 2815/3183/3756 2803/3181/3754 2802/3200/3784
f 2802/3200/3824 2803/3181/3754 2811/3179/3752
f 2813/3199/3785 2812/3197/3780 2825/3231/3825
f 2825/3231/3825 2812/3197/3780 2795/3194/3775
f 2825/3231/3825 2795/3194/3776 2826/3192/3772
f 2814/3201/3786 2813/3199/3785 2824/3232/3826
f 2824/3232/3826 2813/3199/3782 2825/3231/3825
f 2824/3232/3827 2825/3231/3825 2827/3190/3828
f 2827/3190/3828 2825/3231/3825 2826/3192/3772
f 2827/3190/3767 2828/3187/3763 2824/3232/3827
f 2824/3232/3827 2828/3187/3763 2823/3185/3762
f 2824/3232/3827 2823/3185/3762 2814/3201/3787
f 1378/3233/1725 1377/3234/1727 2839/3235/3829
f 2839/3235/3830 1377/3234/1727 2783/3236/3729
f 2839/3235/3830 2783/3236/3729 2853/3237/3831
f 2853/3237/3831 2783/3236/3727 2845/3238/3832
f 2853/3237/3831 2845/3238/3832 2846/3239/3833
f 2846/3239/3834 2845/3238/3832 2861/3240/3835
f 2846/3239/3833 2861/3240/3836 2860/3241/3837
f 2860/3241/3838 2861/3240/3835 2856/3242/3839
f 2860/3241/3840 2856/3242/3839 2857/3243/3841
f 2857/3243/3841 2856/3242/3839 2793/3244/3805
f 2857/3243/3842 2793/3244/3805 2792/3245/3793
f 2783/3236/3729 2782/3246/3732 2845/3238/3832
f 2845/3238/3832 2782/3246/3732 2862/3247/3843
f 2845/3238/3832 2862/3247/3843 2861/3240/3835
f 2861/3240/3836 2862/3247/3844 2855/3248/3845
f 2861/3240/3835 2855/3248/3845 2856/3242/3839
f 2856/3242/3839 2855/3248/3845 2865/3249/3846
f 2856/3242/3839 2865/3249/3846 2793/3244/3805
f 2793/3244/3805 2865/3249/3846 2794/3250/3816
f 2794/3250/3816 2865/3249/3847 2866/3251/3848
f 2794/3250/3816 2866/3251/3849 2158/3252/2936
f 2158/3252/2936 2866/3251/3848 2867/3253/3850
f 2158/3252/2936 2867/3253/3850 2159/3254/3851
f 2159/3254/2932 2867/3253/3852 2838/3255/3853
f 2159/3254/2932 2838/3255/3853 2160/3256/2930
f 2160/3256/2930 2838/3255/3853 2781/3257/3737
f 2781/3257/3738 2838/3255/3853 2863/3258/3854
f 2781/3257/3738 2863/3258/3854 2854/3259/3855
f 2854/3259/3855 2863/3258/3854 2864/3260/3856
f 2854/3259/3855 2864/3260/3856 2855/3248/3845
f 2855/3248/3845 2864/3260/3856 2865/3249/3846
f 2862/3247/3843 2782/3246/3732 2854/3259/3855
f 2854/3259/3855 2782/3246/3732 2781/3257/3738
f 2791/3261/3857 2858/3262/3858 2792/3245/3859
f 2792/3245/3793 2858/3262/3858 2859/3263/3860
f 2792/3245/3859 2859/3263/3861 2857/3243/3841
f 2857/3243/3841 2859/3263/3861 2860/3241/3837
f 2790/3264/3766 2840/3265/3862 2791/3261/3857
f 2791/3261/3857 2840/3265/3863 2849/3266/3864
f 2791/3261/3857 2849/3266/3865 2858/3262/3866
f 2858/3262/3866 2849/3266/3865 2848/3267/3867
f 2858/3262/3866 2848/3267/3867 2859/3263/3860
f 2859/3263/3861 2848/3267/3868 2847/3268/3869
f 2859/3263/3861 2847/3268/3869 2860/3241/3837
f 2860/3241/3837 2847/3268/3870 2846/3239/3833
f 2840/3265/3863 2790/3264/3766 2844/3269/3871
f 2844/3269/3871 2790/3264/3872 2789/3270/3770
f 2844/3269/3871 2789/3270/3770 1384/3271/1713
f 1384/3271/1713 2789/3270/3769 1385/3272/1710
f 1384/3271/1713 1383/3273/1714 2844/3269/3871
f 2844/3269/3871 1383/3273/1714 2843/3274/3873
f 2844/3269/3871 2843/3274/3874 2840/3265/3863
f 2840/3265/3862 2843/3274/3874 2850/3275/3875
f 2840/3265/3862 2850/3275/3876 2849/3266/3865
f 2849/3266/3865 2850/3275/3875 2848/3267/3868
f 1383/3273/1714 1382/3276/1717 2843/3274/3874
f 2843/3274/3873 1382/3276/3877 2842/3277/3878
f 2843/3274/3874 2842/3277/3878 2850/3275/3875
f 2850/3275/3875 2842/3277/3878 2851/3278/3879
f 2850/3275/3875 2851/3278/3879 2848/3267/3867
f 2848/3267/3868 2851/3278/3879 2847/3268/3869
f 1382/3276/3877 1381/3279/1719 2842/3277/3878
f 2842/3277/3878 1381/3279/1719 2841/3280/3880
f 2842/3277/3878 2841/3280/3880 2851/3278/3881
f 2851/3278/3879 2841/3280/3880 2852/3281/3882
f 2851/3278/3879 2852/3281/3882 2847/3268/3869
f 2847/3268/3870 2852/3281/3882 2846/3239/3834
f 1381/3279/1719 1380/3282/1721 2841/3280/3880
f 2841/3280/3880 1380/3282/1721 1379/3283/1723
f 2841/3280/3880 1379/3283/1723 2839/3235/3830
f 2839/3235/3830 1379/3283/1723 1378/3233/1725
f 2852/3281/3882 2841/3280/3880 2839/3235/3830
f 2853/3237/3831 2846/3239/3833 2852/3281/3882
f 2839/3235/3830 2853/3237/3831 2852/3281/3882
f 2854/3259/3855 2855/3248/3845 2862/3247/3843
f 2866/3251/3848 2865/3249/3847 2864/3260/3856
f 2838/3255/3853 2867/3253/3850 2863/3258/3854
f 2863/3258/3854 2867/3253/3850 2864/3260/3856
f 2867/3253/3850 2866/3251/3848 2864/3260/3856
f 2869/3284/3883 2958/3285/3884 2868/3286/3885
f 2868/3286/3885 2958/3285/3886 2912/3287/3885
f 2868/3288/3885 2912/3289/3885 2913/3290/3887
f 2958/3285/3884 2869/3284/3883 2957/3291/3888
f 2957/3291/3888 2869/3284/3883 2870/3292/3889
f 2957/3291/3888 2870/3292/3889 2956/3293/3890
f 2956/3293/3891 2870/3292/3892 2871/3294/3893
f 2956/3293/3891 2871/3294/3893 2955/3295/3894
f 2955/3295/3895 2871/3294/3893 2872/3296/3896
f 2955/3295/3895 2872/3296/3896 2954/3297/3897
f 2954/3297/3897 2872/3296/3896 2873/3298/3898
f 2954/3297/3897 2873/3298/3899 2953/3299/3900
f 2953/3299/3900 2873/3298/3899 2874/3300/3901
f 2953/3299/3900 2874/3300/3902 2952/3301/3903
f 2952/3301/3903 2874/3300/3902 2875/3302/3904
f 2952/3301/3903 2875/3302/3904 2951/3303/3905
f 2951/3303/3905 2875/3302/3904 2876/3304/3906
f 2951/3303/3905 2876/3304/3906 2950/3305/3907
f 2950/3305/3907 2876/3304/3908 2877/3306/3909
f 2950/3305/3907 2877/3306/3909 2949/3307/3910
f 2949/3307/3910 2877/3306/3909 2878/3308/3911
f 2949/3307/3910 2878/3308/3911 2948/3309/3912
f 2948/3309/3912 2878/3308/3911 2879/3310/3913
f 2948/3309/3912 2879/3310/3913 2947/3311/3914
f 2947/3311/3915 2879/3310/3913 2880/3312/3916
f 2947/3311/3915 2880/3312/3916 2946/3313/3917
f 2946/3313/3917 2880/3312/3916 2881/3314/3918
f 2946/3313/3917 2881/3314/3918 2945/3315/3919
f 2945/3315/3919 2881/3314/3918 2882/3316/3920
f 2945/3315/3919 2882/3316/3920 2944/3317/3921
f 2944/3317/3921 2882/3316/3920 2883/3318/3922
f 2944/3317/3923 2883/3318/3924 2943/3319/3925
f 2943/3319/3925 2883/3318/3924 2942/3320/3926
f 2942/3320/3926 2883/3318/3924 2884/3321/3927
f 2942/3320/3926 2884/3321/3928 2941/3322/3929
f 2941/3322/3929 2884/3321/3928 2885/3323/3930
f 2941/3322/3929 2885/3323/3931 2940/3324/3932
f 2940/3324/3932 2885/3323/3931 2886/3325/3933
f 2940/3324/3932 2886/3325/3933 2939/3326/3934
f 2939/3326/3934 2886/3325/3933 2887/3327/3935
f 2939/3326/3934 2887/3327/3935 2938/3328/3936
f 2938/3328/3936 2887/3327/3935 2888/3329/3937
f 2938/3328/3936 2888/3329/3937 2937/3330/3938
f 2937/3330/3939 2888/3329/3937 2889/3331/3940
f 2937/3330/3938 2889/3331/3940 2936/3332/3941
f 2936/3332/3941 2889/3331/3940 2890/3333/3942
f 2936/3332/3941 2890/3333/3942 2935/3334/3943
f 2935/3334/3943 2890/3333/3942 2891/3335/3944
f 2935/3334/3943 2891/3335/3944 2934/3336/3945
f 2934/3336/3946 2891/3335/3944 2892/3337/3947
f 2934/3336/3945 2892/3337/3947 2933/3338/3948
f 2933/3338/3948 2892/3337/3947 2893/3339/3949
f 2933/3338/3948 2893/3339/3949 2932/3340/3950
f 2932/3340/3950 2893/3339/3949 2894/3341/3951
f 2932/3340/3950 2894/3341/3952 2931/3342/3953
f 2931/3342/3953 2894/3341/3951 2895/3343/3954
f 2931/3342/3953 2895/3343/3954 2930/3344/3955
f 2930/3344/3955 2895/3343/3956 2896/3345/3957
f 2930/3344/3955 2896/3345/3958 2929/3346/3959
f 2929/3346/3959 2896/3345/3958 2897/3347/3960
f 2929/3346/3959 2897/3347/3960 2928/3348/3961
f 2928/3348/3961 2897/3347/3960 2927/3349/3962
f 2927/3349/3963 2897/3347/3964 2898/3350/3965
f 2927/3349/3963 2898/3350/3965 2926/3351/3966
f 2926/3351/3966 2898/3350/3965 2899/3352/3967
f 2926/3351/3966 2899/3352/3967 2925/3353/3968
f 2925/3353/3968 2899/3352/3967 2900/3354/3969
f 2925/3353/3968 2900/3354/3969 2924/3355/3970
f 2924/3355/3970 2900/3354/3969 2901/3356/3971
f 2924/3355/3972 2901/3356/3971 2923/3357/3973
f 2923/3357/3973 2901/3356/3971 2902/3358/3974
f 2923/3357/3973 2902/3358/3974 2922/3359/3975
f 2922/3359/3975 2902/3358/3974 2903/3360/3976
f 2922/3359/3975 2903/3360/3976 2921/3361/3977
f 2921/3361/3977 2903/3360/3976 2904/3362/3978
f 2921/3361/3977 2904/3362/3979 2920/3363/3980
f 2920/3363/3980 2904/3362/3979 2905/3364/3981
f 2920/3363/3980 2905/3364/3981 2919/3365/3982
f 2919/3365/3982 2905/3364/3981 2906/3366/3983
f 2919/3365/3982 2906/3366/3983 2918/3367/3984
f 2918/3367/3984 2906/3366/3985 2907/3368/3986
f 2918/3367/3984 2907/3368/3987 2917/3369/3988
f 2917/3369/3988 2907/3368/3987 2908/3370/3989
f 2917/3369/3988 2908/3370/3989 2916/3371/3990
f 2916/3371/3990 2908/3370/3989 2909/3372/3991
f 2916/3371/3992 2909/3372/3991 2915/3373/3993
f 2915/3373/3993 2909/3372/3991 2910/3374/3994
f 2915/3373/3993 2910/3374/3994 2914/3375/3995
f 2914/3375/3995 2910/3374/3994 2911/3376/3996
f 2914/3375/3995 2911/3376/3996 2913/3290/3997
f 2913/3290/3997 2911/3376/3996 2868/3288/3885
f 1031/3377/10 1030/3378/10 2976/3379/3998
f 2976/3379/3998 1030/3378/10 2978/3380/3999
f 2976/3379/3998 2978/3380/3999 2975/3381/4000
f 2975/3381/4000 2978/3380/3999 2979/3382/4001
f 2975/3381/4000 2979/3382/4001 2974/3383/4002
f 2974/3383/4002 2979/3382/4001 2973/3384/4003
f 2973/3384/4003 2979/3382/4001 2980/3385/4004
f 2973/3384/4005 2980/3385/4004 2972/3386/4006
f 2972/3386/4006 2980/3385/4004 2971/3387/4007
f 2971/3387/4007 2980/3385/4004 2981/3388/4008
f 2971/3387/4007 2981/3388/4009 2970/3389/4010
f 2970/3389/4010 2981/3388/4008 2010/3390/2834
f 2970/3389/4010 2010/3390/2834 2969/3391/4011
f 2969/3391/4011 2010/3390/2834 2009/3392/2916
f 2978/3380/3999 1030/3378/10 2982/3393/4012
f 2982/3393/4012 1030/3378/10 1029/3394/10
f 2982/3393/4013 1029/3394/10 2986/3395/4014
f 2986/3395/4014 1029/3394/10 1028/3396/10
f 2986/3395/4014 1028/3396/10 2990/3397/4015
f 2990/3397/4015 1028/3396/10 1027/3398/10
f 2990/3397/4015 1027/3398/10 2994/3399/4016
f 2994/3399/4017 1027/3398/10 1026/3400/10
f 2994/3399/4016 1026/3400/10 2998/3401/4018
f 2998/3401/4018 1026/3400/10 1025/3402/10
f 2998/3401/4019 1025/3402/10 3002/3403/4020
f 3002/3403/4020 1025/3402/10 1024/3404/10
f 3002/3403/4020 1024/3404/10 3006/3405/4021
f 3006/3405/4022 1024/3404/10 1023/3406/10
f 3006/3405/4021 1023/3406/10 3010/3407/4023
f 3010/3407/4023 1023/3406/10 1022/3408/10
f 3010/3407/4023 1022/3408/10 3014/3409/4024
f 3014/3409/4024 1022/3408/10 1021/3410/10
f 3014/3409/4024 1021/3410/10 3018/3411/4025
f 3018/3411/4025 1021/3410/10 1020/3412/10
f 3018/3411/4025 1020/3412/10 3022/3413/4026
f 3022/3413/4026 1020/3412/10 1019/3414/10
f 3022/3413/4026 1019/3414/10 3026/3415/4027
f 3026/3415/4028 1019/3414/10 1018/3416/10
f 3026/3415/4027 1018/3416/10 3036/3417/4029
f 3036/3417/4029 1018/3416/10 2977/3418/4030
f 3036/3417/4029 2977/3418/4030 3035/3419/4031
f 3035/3419/4031 2977/3418/4030 3030/3420/4032
f 3035/3419/4031 3030/3420/4033 3034/3421/4034
f 3034/3421/4034 3030/3420/4033 3031/3422/4035
f 3034/3421/4034 3031/3422/4035 3033/3423/4036
f 3033/3423/4036 3031/3422/4035 3032/3424/4037
f 3033/3423/4036 3032/3424/4037 2023/3425/2778
f 2023/3425/2778 3032/3424/4037 2024/3426/4038
f 2024/3426/2781 3032/3424/4037 3040/3427/4039
f 2024/3426/2781 3040/3427/4039 2025/3428/2786
f 2025/3428/2783 3040/3427/4039 2026/3429/2787
f 2026/3429/2787 3040/3427/4039 3044/3430/4040
f 2026/3429/2787 3044/3430/4040 2027/3431/2789
f 2027/3431/2789 3044/3430/4040 3048/3432/4041
f 2027/3431/2789 3048/3432/4041 2028/3433/2791
f 2028/3433/2791 3048/3432/4041 3052/3434/4042
f 2028/3433/2791 3052/3434/4042 2029/3435/2793
f 2029/3435/2793 3052/3434/4042 3056/3436/4043
f 2029/3435/2793 3056/3436/4043 2030/3437/2795
f 2030/3437/2795 3056/3436/4043 3060/3438/4044
f 2030/3437/2795 3060/3438/4044 2031/3439/2797
f 2031/3439/2797 3060/3438/4044 3064/3440/4045
f 2031/3439/2797 3064/3440/4045 2032/3441/2800
f 2032/3441/2800 3064/3440/4045 3068/3442/4046
f 2032/3441/2800 3068/3442/4046 2033/3443/2802
f 2033/3443/2802 3068/3442/4046 3072/3444/4047
f 2033/3443/2802 3072/3444/4047 2034/3445/2805
f 2034/3445/2805 3072/3444/4047 3076/3446/4048
f 2034/3445/2805 3076/3446/4049 2035/3447/2808
f 2035/3447/2808 3076/3446/4048 3080/3448/4050
f 2035/3447/2808 3080/3448/4050 2036/3449/2811
f 2036/3449/2811 3080/3448/4050 3084/3450/4051
f 2036/3449/2811 3084/3450/4051 2965/3451/4052
f 2965/3451/4052 3084/3450/4051 2964/3452/4053
f 2964/3452/4053 3084/3450/4051 3083/3453/4054
f 2964/3452/4053 3083/3453/4054 2963/3454/4055
f 2963/3454/4055 3083/3453/4054 2962/3455/4056
f 2962/3455/4056 3083/3453/4054 3082/3456/4057
f 2962/3455/4056 3082/3456/4057 2961/3457/4058
f 2961/3457/4058 3082/3456/4057 2960/3458/4059
f 2960/3458/4059 3082/3456/4057 3081/3459/4060
f 2960/3458/4059 3081/3459/4060 2959/3460/4061
f 2959/3460/4061 3081/3459/4060 1006/3461/10
f 2959/3460/4061 1006/3461/10 1005/3462/10
f 1018/3416/10 1017/3463/10 2977/3418/4030
f 2977/3418/4030 1017/3463/10 3037/3464/4062
f 2977/3418/4030 3037/3464/4062 3030/3420/4033
f 3030/3420/4033 3037/3464/4063 3038/3465/4064
f 3030/3420/4032 3038/3465/4064 3031/3422/4035
f 3031/3422/4035 3038/3465/4064 3039/3466/4065
f 3031/3422/4035 3039/3466/4066 3032/3424/4037
f 3032/3424/4037 3039/3466/4066 3040/3427/4039
f 1017/3463/10 1016/3467/10 3037/3464/4063
f 3037/3464/4067 1016/3467/10 3041/3468/4068
f 3037/3464/4063 3041/3468/4068 3042/3469/4069
f 3042/3469/4069 3041/3468/4068 3046/3470/4070
f 3042/3469/4069 3046/3470/4070 3047/3471/4071
f 3047/3471/4071 3046/3470/4070 3051/3472/4072
f 3047/3471/4073 3051/3472/4072 3052/3434/4042
f 3052/3434/4042 3051/3472/4072 3056/3436/4043
f 1016/3467/10 1015/3473/10 3041/3468/4068
f 3041/3468/4068 1015/3473/10 3045/3474/4074
f 3041/3468/4068 3045/3474/4074 3046/3470/4070
f 3046/3470/4070 3045/3474/4074 3050/3475/4075
f 3046/3470/4070 3050/3475/4075 3051/3472/4072
f 3051/3472/4072 3050/3475/4075 3055/3476/4076
f 3051/3472/4072 3055/3476/4076 3056/3436/4043
f 3056/3436/4043 3055/3476/4076 3060/3438/4044
f 1015/3473/10 1014/3477/10 3045/3474/4074
f 3045/3474/4074 1014/3477/10 3049/3478/4077
f 3045/3474/4074 3049/3478/4077 3050/3475/4075
f 3050/3475/4075 3049/3478/4078 3054/3479/4079
f 3050/3475/4075 3054/3479/4080 3055/3476/4081
f 3055/3476/4081 3054/3479/4080 3059/3480/4082
f 3055/3476/4081 3059/3480/4082 3060/3438/4044
f 3060/3438/4044 3059/3480/4082 3064/3440/4045
f 1014/3477/10 1013/3481/10 3049/3478/4077
f 3049/3478/4077 1013/3481/10 3053/3482/4083
f 3049/3478/4077 3053/3482/4083 3054/3479/4079
f 3054/3479/4079 3053/3482/4083 3058/3483/4084
f 3054/3479/4080 3058/3483/4085 3059/3480/4082
f 3059/3480/4082 3058/3483/4085 3063/3484/4086
f 3059/3480/4082 3063/3484/4086 3064/3440/4045
f 3064/3440/4045 3063/3484/4086 3068/3442/4046
f 1013/3481/10 1012/3485/10 3053/3482/4083
f 3053/3482/4087 1012/3485/10 3057/3486/4088
f 3053/3482/4083 3057/3486/4088 3058/3483/4084
f 3058/3483/4084 3057/3486/4088 3062/3487/4089
f 3058/3483/4085 3062/3487/4089 3063/3484/4086
f 3063/3484/4086 3062/3487/4089 3067/3488/4090
f 3063/3484/4086 3067/3488/4091 3068/3442/4046
f 3068/3442/4046 3067/3488/4090 3072/3444/4047
f 1012/3485/10 1011/3489/10 3057/3486/4088
f 3057/3486/4088 1011/3489/10 3061/3490/4092
f 3057/3486/4088 3061/3490/4093 3062/3487/4089
f 3062/3487/4089 3061/3490/4093 3066/3491/4094
f 3062/3487/4089 3066/3491/4095 3067/3488/4096
f 3067/3488/4097 3066/3491/4095 3071/3492/4098
f 3067/3488/4090 3071/3492/4098 3072/3444/4047
f 3072/3444/4047 3071/3492/4098 3076/3446/4048
f 1011/3489/10 1010/3493/10 3061/3490/4092
f 3061/3490/4092 1010/3493/10 3065/3494/4099
f 3061/3490/4093 3065/3494/4099 3066/3491/4094
f 3066/3491/4094 3065/3494/4099 3070/3495/4100
f 3066/3491/4095 3070/3495/4100 3071/3492/4098
f 3071/3492/4101 3070/3495/4100 3075/3496/4102
f 3071/3492/4098 3075/3496/4102 3076/3446/4048
f 3076/3446/4049 3075/3496/4102 3080/3448/4050
f 1010/3493/10 1009/3497/10 3065/3494/4099
f 3065/3494/4099 1009/3497/10 3069/3498/4103
f 3065/3494/4099 3069/3498/4104 3070/3495/4100
f 3070/3495/4100 3069/3498/4104 3074/3499/4105
f 3070/3495/4100 3074/3499/4105 3075/3496/4102
f 3075/3496/4102 3074/3499/4105 3079/3500/4106
f 3075/3496/4102 3079/3500/4106 3080/3448/4050
f 3080/3448/4050 3079/3500/4106 3084/3450/4051
f 1009/3497/10 1008/3501/10 3069/3498/4104
f 3069/3498/4103 1008/3501/10 3073/3502/4107
f 3069/3498/4104 3073/3502/4107 3074/3499/4105
f 3074/3499/4105 3073/3502/4107 3078/3503/4108
f 3074/3499/4105 3078/3503/4109 3079/3500/4110
f 3079/3500/4106 3078/3503/4108 3083/3453/4054
f 3079/3500/4110 3083/3453/4054 3084/3450/4051
f 1008/3501/10 1007/3504/10 3073/3502/4107
f 3073/3502/4107 1007/3504/10 3077/3505/4111
f 3073/3502/4107 3077/3505/4111 3078/3503/4108
f 3078/3503/4108 3077/3505/4111 3082/3456/4112
f 3078/3503/4108 3082/3456/4057 3083/3453/4054
f 1007/3504/10 1006/3461/10 3077/3505/4111
f 3077/3505/4111 1006/3461/10 3081/3459/4113
f 3077/3505/4111 3081/3459/4114 3082/3456/4057
f 2036/3449/2811 2965/3451/4052 2037/3506/2921
f 2037/3506/2921 2965/3451/4115 2966/3507/4116
f 2037/3506/2921 2966/3507/4117 2967/3508/4118
f 2967/3508/4118 2968/3509/4119 2037/3506/2921
f 2023/3425/2778 2022/3510/2776 3033/3423/4036
f 3033/3423/4036 2022/3510/2776 3029/3511/4120
f 3033/3423/4036 3029/3511/4120 3034/3421/4034
f 3034/3421/4034 3029/3511/4120 3028/3512/4121
f 3034/3421/4034 3028/3512/4121 3035/3419/4031
f 3035/3419/4031 3028/3512/4121 3027/3513/4122
f 3035/3419/4031 3027/3513/4122 3036/3417/4029
f 3036/3417/4029 3027/3513/4122 3026/3415/4027
f 2022/3510/2776 2021/3514/2774 3029/3511/4120
f 3029/3511/4123 2021/3514/2774 3025/3515/4124
f 3029/3511/4120 3025/3515/4124 3024/3516/4125
f 3024/3516/4125 3025/3515/4124 3020/3517/4126
f 3024/3516/4127 3020/3517/4126 3019/3518/4128
f 3019/3518/4128 3020/3517/4126 3015/3519/4129
f 3019/3518/4130 3015/3519/4131 3014/3409/4024
f 3014/3409/4024 3015/3519/4129 3010/3407/4023
f 2021/3514/2774 2020/3520/2770 3025/3515/4124
f 3025/3515/4124 2020/3520/2770 3021/3521/4132
f 3025/3515/4124 3021/3521/4132 3020/3517/4126
f 3020/3517/4126 3021/3521/4132 3016/3522/4133
f 3020/3517/4126 3016/3522/4133 3015/3519/4134
f 3015/3519/4129 3016/3522/4133 3011/3523/4135
f 3015/3519/4129 3011/3523/4135 3010/3407/4023
f 3010/3407/4023 3011/3523/4135 3006/3405/4022
f 2020/3520/2770 2019/3524/2768 3021/3521/4132
f 3021/3521/4132 2019/3524/2767 3017/3525/4136
f 3021/3521/4132 3017/3525/4137 3016/3522/4133
f 3016/3522/4133 3017/3525/4136 3012/3526/4138
f 3016/3522/4133 3012/3526/4138 3011/3523/4135
f 3011/3523/4135 3012/3526/4138 3007/3527/4139
f 3011/3523/4135 3007/3527/4140 3006/3405/4022
f 3006/3405/4022 3007/3527/4140 3002/3403/4020
f 2019/3524/2768 2018/3528/2765 3017/3525/4137
f 3017/3525/4137 2018/3528/2765 3013/3529/4141
f 3017/3525/4136 3013/3529/4141 3012/3526/4138
f 3012/3526/4138 3013/3529/4141 3008/3530/4142
f 3012/3526/4138 3008/3530/4142 3007/3527/4139
f 3007/3527/4139 3008/3530/4142 3003/3531/4143
f 3007/3527/4140 3003/3531/4143 3002/3403/4020
f 3002/3403/4020 3003/3531/4143 2998/3401/4018
f 2018/3528/2765 2017/3532/2817 3013/3529/4141
f 3013/3529/4141 2017/3532/2763 3009/3533/4144
f 3013/3529/4141 3009/3533/4144 3008/3530/4142
f 3008/3530/4142 3009/3533/4144 3004/3534/4145
f 3008/3530/4142 3004/3534/4145 3003/3531/4143
f 3003/3531/4143 3004/3534/4146 2999/3535/4147
f 3003/3531/4143 2999/3535/4147 2998/3401/4018
f 2998/3401/4018 2999/3535/4147 2994/3399/4017
f 2017/3532/2817 2016/3536/2818 3009/3533/4144
f 3009/3533/4144 2016/3536/2818 3005/3537/4148
f 3009/3533/4144 3005/3537/4148 3004/3534/4145
f 3004/3534/4145 3005/3537/4148 3000/3538/4149
f 3004/3534/4145 3000/3538/4149 2999/3535/4147
f 2999/3535/4147 3000/3538/4149 2995/3539/4150
f 2999/3535/4147 2995/3539/4151 2994/3399/4152
f 2994/3399/4152 2995/3539/4150 2990/3397/4015
f 2016/3536/2818 2015/3540/2820 3005/3537/4148
f 3005/3537/4148 2015/3540/2820 3001/3541/4153
f 3005/3537/4148 3001/3541/4153 3000/3538/4149
f 3000/3538/4149 3001/3541/4153 2996/3542/4154
f 3000/3538/4149 2996/3542/4154 2995/3539/4150
f 2995/3539/4150 2996/3542/4154 2991/3543/4155
f 2995/3539/4150 2991/3543/4155 2990/3397/4015
f 2990/3397/4015 2991/3543/4155 2986/3395/4014
f 2015/3540/2820 2014/3544/2824 3001/3541/4153
f 3001/3541/4153 2014/3544/2824 2997/3545/4156
f 3001/3541/4153 2997/3545/4156 2996/3542/4154
f 2996/3542/4154 2997/3545/4156 2992/3546/4157
f 2996/3542/4154 2992/3546/4157 2991/3543/4155
f 2991/3543/4155 2992/3546/4157 2987/3547/4158
f 2991/3543/4155 2987/3547/4158 2986/3395/4014
f 2986/3395/4014 2987/3547/4158 2982/3393/4012
f 2014/3544/2823 2013/3548/2829 2997/3545/4159
f 2997/3545/4156 2013/3548/2828 2993/3549/4160
f 2997/3545/4156 2993/3549/4160 2992/3546/4157
f 2992/3546/4157 2993/3549/4160 2988/3550/4161
f 2992/3546/4157 2988/3550/4161 2987/3547/4158
f 2987/3547/4158 2988/3550/4161 2983/3551/4162
f 2987/3547/4158 2983/3551/4162 2982/3393/4012
f 2982/3393/4012 2983/3551/4162 2978/3380/3999
f 2013/3548/2829 2012/3552/2830 2993/3549/4160
f 2993/3549/4160 2012/3552/2830 2989/3553/4163
f 2993/3549/4160 2989/3553/4163 2988/3550/4161
f 2988/3550/4161 2989/3553/4163 2984/3554/4164
f 2988/3550/4161 2984/3554/4164 2983/3551/4162
f 2983/3551/4162 2984/3554/4164 2979/3382/4001
f 2983/3551/4162 2979/3382/4001 2978/3380/3999
f 2012/3552/2830 2011/3555/2832 2989/3553/4163
f 2989/3553/4163 2011/3555/2832 2985/3556/4165
f 2989/3553/4163 2985/3556/4166 2984/3554/4164
f 2984/3554/4164 2985/3556/4165 2980/3385/4004
f 2984/3554/4164 2980/3385/4004 2979/3382/4001
f 2011/3555/2832 2010/3390/2834 2985/3556/4165
f 2985/3556/4165 2010/3390/2834 2981/3388/4008
f 2985/3556/4165 2981/3388/4008 2980/3385/4004
f 3014/3409/4024 3018/3411/4025 3019/3518/4130
f 3019/3518/4128 3018/3411/4025 3023/3557/4167
f 3019/3518/4128 3023/3557/4168 3024/3516/4125
f 3024/3516/4125 3023/3557/4168 3028/3512/4121
f 3024/3516/4125 3028/3512/4121 3029/3511/4120
f 3018/3411/4025 3022/3413/4026 3023/3557/4168
f 3023/3557/4168 3022/3413/4026 3027/3513/4122
f 3023/3557/4168 3027/3513/4122 3028/3512/4121
f 3026/3415/4027 3027/3513/4122 3022/3413/4026
f 3037/3464/4067 3042/3469/4069 3038/3465/4064
f 3038/3465/4064 3042/3469/4069 3043/3558/4169
f 3038/3465/4064 3043/3558/4169 3039/3466/4066
f 3039/3466/4066 3043/3558/4169 3044/3430/4040
f 3039/3466/4065 3044/3430/4170 3040/3427/4039
f 3048/3432/4041 3044/3430/4040 3043/3558/4169
f 3048/3432/4041 3043/3558/4169 3047/3471/4073
f 3047/3471/4071 3043/3558/4169 3042/3469/4069
f 3052/3434/4042 3048/3432/4041 3047/3471/4071
f 3094/3559/4171 1039/3560/10 3095/3561/4172
f 3095/3561/4172 1039/3560/10 1038/3562/10
f 3095/3561/4172 1038/3562/10 1037/3563/10
f 1037/3563/10 1036/3564/10 3095/3561/4172
f 3095/3561/4173 1036/3564/10 3101/3565/4174
f 3095/3561/4173 3101/3565/4174 3106/3566/4175
f 3106/3566/4175 3101/3565/4174 3105/3567/4176
f 3106/3566/4175 3105/3567/4176 3096/3568/4177
f 3096/3568/4177 3105/3567/4176 3110/3569/4178
f 3096/3568/4177 3110/3569/4179 3114/3570/4180
f 3114/3570/4181 3110/3569/4178 3113/3571/4182
f 3114/3570/4180 3113/3571/4183 3118/3572/4184
f 3118/3572/4184 3113/3571/4183 3117/3573/4185
f 3118/3572/4186 3117/3573/4185 3123/3574/4187
f 3123/3574/4187 3117/3573/4188 3122/3575/4189
f 3123/3574/4187 3122/3575/4189 3128/3576/4190
f 3128/3576/4190 3122/3575/4189 3127/3577/4191
f 3128/3576/4190 3127/3577/4191 1392/3578/1855
f 1392/3578/1855 3127/3577/4191 1393/3579/1935
f 1393/3579/1937 3127/3577/4191 3126/3580/4192
f 1393/3579/1937 3126/3580/4192 1394/3581/1962
f 1394/3581/1962 3126/3580/4192 3091/3582/4193
f 3091/3582/4193 3126/3580/4194 3121/3583/4195
f 3091/3582/4193 3121/3583/4195 3090/3584/4196
f 3090/3584/4196 3121/3583/4197 3116/3585/4198
f 3090/3584/4196 3116/3585/4199 3089/3586/4200
f 3089/3586/4200 3116/3585/4198 3111/3587/4201
f 3089/3586/4200 3111/3587/4202 3088/3588/4203
f 3088/3588/4204 3111/3587/4201 3087/3589/4205
f 3087/3589/4205 3111/3587/4201 3107/3590/4206
f 3087/3589/4207 3107/3590/4206 3086/3591/4208
f 3086/3591/4208 3107/3590/4206 3102/3592/4209
f 3086/3591/4208 3102/3592/4209 3085/3593/4210
f 3085/3593/4210 3102/3592/4209 3098/3594/4211
f 3085/3593/4212 3098/3594/4211 1031/3595/10
f 1031/3595/10 3098/3594/4211 1032/3596/10
f 1032/3596/10 3098/3594/4211 3099/3597/4213
f 1032/3596/10 3099/3597/4213 1033/3598/10
f 1033/3598/10 3099/3597/4214 1034/3599/10
f 1034/3599/10 3099/3597/4213 3100/3600/4215
f 1034/3599/10 3100/3600/4216 3101/3565/4217
f 3101/3565/4174 3100/3600/4216 3105/3567/4176
f 1036/3564/10 1035/3601/10 3101/3565/4174
f 3101/3565/4174 1035/3601/10 1034/3599/10
f 3128/3576/4190 1392/3578/1855 3129/3602/4218
f 3129/3602/4218 1392/3578/1855 1391/3603/4219
f 3129/3602/4218 1391/3603/4220 3097/3604/4221
f 3097/3604/4222 1391/3603/4219 1390/3605/1842
f 3097/3604/4221 1390/3605/1842 3092/3606/4223
f 3093/3607/4224 3120/3608/4225 3092/3606/4223
f 3092/3606/4223 3120/3608/4225 3125/3609/4226
f 3092/3606/4223 3125/3609/4226 3097/3604/4222
f 3097/3604/4221 3125/3609/4226 3124/3610/4227
f 3097/3604/4228 3124/3610/4227 3129/3602/4218
f 3129/3602/4218 3124/3610/4227 3123/3574/4229
f 3129/3602/4218 3123/3574/4230 3128/3576/4190
f 3094/3559/4171 3096/3568/4177 3093/3607/4224
f 3093/3607/4224 3096/3568/4177 3115/3611/4231
f 3093/3607/4232 3115/3611/4231 3120/3608/4225
f 3120/3608/4225 3115/3611/4231 3119/3612/4233
f 3120/3608/4225 3119/3612/4233 3125/3609/4234
f 3125/3609/4226 3119/3612/4233 3124/3610/4227
f 3099/3597/4214 3098/3594/4211 3103/3613/4235
f 3103/3613/4236 3098/3594/4211 3102/3592/4209
f 3103/3613/4235 3102/3592/4209 3108/3614/4237
f 3108/3614/4237 3102/3592/4209 3107/3590/4206
f 3108/3614/4237 3107/3590/4206 3111/3587/4202
f 3100/3600/4216 3099/3597/4213 3104/3615/4238
f 3104/3615/4238 3099/3597/4214 3103/3613/4236
f 3104/3615/4238 3103/3613/4235 3109/3616/4239
f 3109/3616/4239 3103/3613/4236 3108/3614/4237
f 3109/3616/4239 3108/3614/4237 3112/3617/4240
f 3112/3617/4240 3108/3614/4237 3111/3587/4202
f 3112/3617/4240 3111/3587/4201 3116/3585/4198
f 3096/3568/4177 3094/3559/4171 3106/3566/4175
f 3106/3566/4175 3094/3559/4171 3095/3561/4172
f 3110/3569/4178 3105/3567/4176 3104/3615/4238
f 3104/3615/4238 3105/3567/4176 3100/3600/4216
f 3110/3569/4178 3104/3615/4238 3109/3616/4239
f 3113/3571/4183 3110/3569/4178 3109/3616/4239
f 3113/3571/4182 3109/3616/4239 3112/3617/4240
f 3115/3611/4231 3096/3568/4177 3114/3570/4181
f 3117/3573/4185 3113/3571/4183 3112/3617/4240
f 3117/3573/4185 3112/3617/4240 3116/3585/4199
f 3119/3612/4233 3115/3611/4231 3114/3570/4181
f 3119/3612/4233 3114/3570/4181 3118/3572/4184
f 3122/3575/4189 3117/3573/4185 3116/3585/4198
f 3124/3610/4227 3119/3612/4233 3118/3572/4186
f 3124/3610/4241 3118/3572/4184 3123/3574/4242
f 3127/3577/4191 3122/3575/4189 3121/3583/4197
f 3121/3583/4197 3122/3575/4189 3116/3585/4243
f 3126/3580/4192 3127/3577/4191 3121/3583/4197
f 2787/3618/3791 1039/3619/10 3130/3620/4244
f 3130/3620/4244 1039/3619/10 3094/3621/4171
f 3130/3620/4244 3094/3621/4171 3136/3622/4245
f 3136/3622/4245 3094/3621/4171 3093/3623/4224
f 3136/3622/4246 3093/3623/4224 3143/3624/4247
f 3143/3624/4247 3093/3623/4224 3092/3625/4223
f 3143/3624/4247 3092/3625/4223 3150/3626/4248
f 3150/3626/4248 3092/3625/4223 1390/3627/1842
f 3150/3626/4248 1390/3627/1842 1449/3628/1846
f 1449/3628/1846 1448/3629/1848 3150/3626/4248
f 3150/3626/4248 1448/3629/1848 3151/3630/4249
f 3150/3626/4248 3151/3630/4249 3143/3624/4247
f 3143/3624/4247 3151/3630/4249 3144/3631/4250
f 3143/3624/4247 3144/3631/4251 3136/3622/4245
f 3136/3622/4245 3144/3631/4252 3137/3632/4253
f 3136/3622/4254 3137/3632/4253 3130/3620/4244
f 3130/3620/4244 3137/3632/4253 3131/3633/4255
f 3130/3620/4244 3131/3633/4255 2787/3618/3791
f 2787/3618/3791 3131/3633/4255 3132/3634/4256
f 2787/3618/3791 3132/3634/4256 2788/3635/4257
f 2788/3635/4257 3132/3634/4256 3133/3636/4258
f 2788/3635/4257 3133/3636/4258 3134/3637/4259
f 3134/3637/4259 3133/3636/4258 3140/3638/4260
f 3134/3637/4259 3140/3638/4261 3141/3639/4262
f 3141/3639/4262 3140/3638/4260 3148/3640/4263
f 3141/3639/4262 3148/3640/4264 3149/3641/4265
f 3149/3641/4266 3148/3640/4264 3156/3642/4267
f 3149/3641/4265 3156/3642/4267 3157/3643/4268
f 3157/3643/4269 3156/3642/4267 1445/3644/4270
f 3157/3643/4271 1445/3644/4270 1444/3645/1854
f 1447/3646/2064 3153/3647/4272 1448/3629/1848
f 1448/3629/4273 3153/3647/4272 3152/3648/4274
f 1448/3629/1848 3152/3648/4274 3151/3630/4275
f 3151/3630/4275 3152/3648/4274 3144/3631/4250
f 3153/3647/4276 1447/3646/2064 3154/3649/4277
f 3154/3649/4277 1447/3646/2064 1446/3650/1850
f 3154/3649/4277 1446/3650/1850 3155/3651/4278
f 3155/3651/4279 1446/3650/1850 1445/3644/4270
f 3155/3651/4279 1445/3644/1852 3156/3642/4267
f 1943/3652/4280 1942/3653/4281 1444/3645/1854
f 1444/3645/1854 1942/3653/4281 1941/3654/4282
f 1444/3645/1854 1941/3654/4283 1940/3655/4284
f 1940/3655/4284 1939/3656/4285 1444/3645/1854
f 1444/3645/1854 1939/3656/4285 3157/3643/4269
f 1939/3656/4285 1938/3657/4286 3157/3643/4287
f 3157/3643/4271 1938/3657/4286 1285/3658/4288
f 3157/3643/4287 1285/3658/4289 3142/3659/4290
f 3142/3659/4290 1285/3658/4288 3135/3660/4291
f 3142/3659/4290 3135/3660/4292 3141/3639/4262
f 3141/3639/4262 3135/3660/4292 3134/3637/4259
f 1285/3658/4288 1389/3661/4293 3135/3660/4291
f 3135/3660/4292 1389/3661/4293 3134/3637/4259
f 1389/3661/4293 2788/3635/4257 3134/3637/4259
f 3132/3634/4294 3131/3633/4295 3138/3662/4296
f 3138/3662/4297 3131/3633/4255 3137/3632/4253
f 3138/3662/4298 3137/3632/4253 3145/3663/4299
f 3145/3663/4300 3137/3632/4253 3144/3631/4250
f 3145/3663/4300 3144/3631/4250 3152/3648/4274
f 3133/3636/4258 3132/3634/4256 3139/3664/4301
f 3139/3664/4302 3132/3634/4256 3138/3662/4298
f 3139/3664/4302 3138/3662/4296 3146/3665/4303
f 3146/3665/4303 3138/3662/4298 3145/3663/4299
f 3146/3665/4303 3145/3663/4304 3153/3647/4276
f 3153/3647/4276 3145/3663/4304 3152/3648/4274
f 3133/3636/4258 3139/3664/4302 3140/3638/4260
f 3140/3638/4261 3139/3664/4305 3147/3666/4306
f 3140/3638/4260 3147/3666/4307 3148/3640/4263
f 3148/3640/4263 3147/3666/4306 3155/3651/4308
f 3148/3640/4263 3155/3651/4309 3156/3642/4310
f 3147/3666/4306 3139/3664/4302 3146/3665/4303
f 3157/3643/4311 3142/3659/4290 3149/3641/4265
f 3149/3641/4266 3142/3659/4290 3141/3639/4262
f 3153/3647/4276 3154/3649/4312 3146/3665/4303
f 3146/3665/4303 3154/3649/4277 3147/3666/4307
f 3154/3649/4277 3155/3651/4309 3147/3666/4307
f 1949/3667/4313 3194/3668/4314 1331/3669/4315
f 1331/3669/4315 3194/3668/4314 3162/3670/4316
f 1331/3669/4317 3162/3670/4316 3176/3671/4318
f 3176/3671/4318 3162/3670/4316 3163/3672/4319
f 3176/3671/4318 3163/3672/4319 3164/3673/4320
f 3164/3673/4320 3163/3672/4319 3198/3674/4321
f 3164/3673/4322 3198/3674/4321 3199/3675/4323
f 3199/3675/4323 3198/3674/4321 3190/3676/4324
f 3199/3675/4325 3190/3676/4324 3189/3677/4326
f 3189/3677/4326 3190/3676/4327 3179/3678/4328
f 3189/3677/4329 3179/3678/4328 3178/3679/4330
f 3178/3679/4331 3179/3678/4328 1409/3680/4332
f 3178/3679/4330 1409/3680/2008 3177/3681/4333
f 3177/3681/4334 1409/3680/2008 1408/3682/2007
f 3177/3681/4334 1408/3682/2007 3161/3683/4335
f 3161/3683/4335 1408/3682/2007 1407/3684/2003
f 3161/3683/4336 1407/3684/2003 3158/3685/4337
f 3194/3668/4314 1949/3667/4313 3185/3686/4338
f 3185/3686/4338 1949/3667/4339 1948/3687/4340
f 3185/3686/4338 1948/3687/4340 1412/3688/2036
f 1412/3688/2036 1948/3687/4340 1947/3689/4341
f 1412/3688/2036 1947/3689/4341 1946/3690/4342
f 1946/3690/4342 1945/3691/4343 1412/3688/2036
f 1412/3688/2036 1945/3691/4343 1944/3692/4344
f 1412/3688/2036 1411/3693/2035 3185/3686/4338
f 3185/3686/4338 1411/3693/2035 3184/3694/4345
f 3185/3686/4338 3184/3694/4345 3195/3695/4346
f 3195/3695/4347 3184/3694/4348 3183/3696/4349
f 3195/3695/4347 3183/3696/4349 3193/3697/4350
f 3193/3697/4350 3183/3696/4349 3182/3698/4351
f 3193/3697/4352 3182/3698/4351 3192/3699/4353
f 3192/3699/4353 3182/3698/4351 3181/3700/4354
f 3192/3699/4353 3181/3700/4354 3191/3701/4355
f 3191/3701/4356 3181/3700/4357 3180/3702/4358
f 3191/3701/4355 3180/3702/4358 3190/3676/4324
f 3190/3676/4324 3180/3702/4358 3179/3678/4328
f 1410/3703/2024 3182/3698/4351 1411/3693/2035
f 1411/3693/2035 3182/3698/4351 3183/3696/4349
f 1411/3693/2035 3183/3696/4349 3184/3694/4348
f 1409/3680/2008 3180/3702/4358 1410/3703/2024
f 1410/3703/2024 3180/3702/4358 3181/3700/4354
f 1410/3703/2024 3181/3700/4354 3182/3698/4351
f 3161/3683/4359 3158/3685/4360 3186/3704/4361
f 3186/3704/4362 3158/3685/4337 3159/3705/4363
f 3186/3704/4361 3159/3705/4363 3203/3706/4364
f 3203/3706/4364 3159/3705/4363 3169/3707/4365
f 3203/3706/4364 3169/3707/4365 3168/3708/4366
f 3168/3708/4367 3169/3707/4365 3171/3709/4368
f 3168/3708/4369 3171/3709/4368 3172/3710/4370
f 3172/3710/4370 3171/3709/4368 2579/3711/4371
f 3172/3710/4370 2579/3711/4371 2578/3712/4372
f 3159/3705/4363 3160/3713/4373 3169/3707/4365
f 3169/3707/4374 3160/3713/4373 3170/3714/4375
f 3169/3707/4365 3170/3714/4375 3171/3709/4376
f 3171/3709/4376 3170/3714/4375 2579/3711/4371
f 3160/3713/4373 1087/3715/9 3170/3714/4377
f 3170/3714/4375 1087/3715/9 2580/3716/3398
f 3170/3714/4375 2580/3716/3398 2579/3711/4371
f 2577/3717/4378 3174/3718/4379 2578/3712/4380
f 2578/3712/4372 3174/3718/4379 3173/3719/4381
f 2578/3712/4372 3173/3719/4382 3172/3710/4370
f 3172/3710/4370 3173/3719/4382 3167/3720/4383
f 3172/3710/4370 3167/3720/4383 3168/3708/4367
f 3168/3708/4366 3167/3720/4383 3202/3721/4384
f 3168/3708/4367 3202/3721/4384 3203/3706/4364
f 3203/3706/4385 3202/3721/4384 3186/3704/4362
f 3174/3718/4379 2577/3717/4386 3175/3722/4387
f 3175/3722/4388 2577/3717/4386 1333/3723/3411
f 3175/3722/4387 1333/3723/3411 1332/3724/4389
f 3175/3722/4388 1332/3724/4389 3176/3671/4318
f 3176/3671/4318 1332/3724/4389 1331/3669/4315
f 3175/3722/4387 3176/3671/4318 3164/3673/4322
f 3163/3672/4319 3162/3670/4316 3197/3725/4390
f 3197/3725/4390 3162/3670/4316 3196/3726/4391
f 3197/3725/4390 3196/3726/4392 3192/3699/4393
f 3192/3699/4394 3196/3726/4392 3193/3697/4352
f 3174/3718/4379 3175/3722/4387 3165/3727/4395
f 3165/3727/4395 3175/3722/4387 3164/3673/4322
f 3165/3727/4395 3164/3673/4322 3199/3675/4323
f 3173/3719/4382 3174/3718/4379 3166/3728/4396
f 3166/3728/4396 3174/3718/4379 3165/3727/4395
f 3166/3728/4396 3165/3727/4395 3200/3729/4397
f 3200/3729/4398 3165/3727/4395 3199/3675/4323
f 3200/3729/4398 3199/3675/4325 3189/3677/4329
f 3173/3719/4382 3166/3728/4396 3167/3720/4383
f 3167/3720/4383 3166/3728/4396 3201/3730/4399
f 3167/3720/4383 3201/3730/4399 3202/3721/4384
f 3202/3721/4384 3201/3730/4399 3187/3731/4400
f 3202/3721/4384 3187/3731/4400 3186/3704/4361
f 3186/3704/4401 3187/3731/4400 3161/3683/4402
f 3201/3730/4399 3166/3728/4396 3200/3729/4398
f 3161/3683/4359 3187/3731/4400 3177/3681/4333
f 3177/3681/4334 3187/3731/4400 3188/3732/4403
f 3177/3681/4333 3188/3732/4403 3178/3679/4330
f 3178/3679/4330 3188/3732/4403 3189/3677/4329
f 3180/3702/4358 1409/3680/2008 3179/3678/4328
f 3194/3668/4314 3185/3686/4338 3195/3695/4347
f 3200/3729/4397 3189/3677/4329 3188/3732/4403
f 3200/3729/4397 3188/3732/4403 3201/3730/4399
f 3201/3730/4399 3188/3732/4403 3187/3731/4400
f 3197/3725/4390 3192/3699/4353 3191/3701/4356
f 3197/3725/4390 3191/3701/4356 3198/3674/4321
f 3198/3674/4321 3191/3701/4356 3190/3676/4324
f 3194/3668/4314 3195/3695/4347 3193/3697/4350
f 3194/3668/4314 3193/3697/4352 3196/3726/4391
f 3194/3668/4314 3196/3726/4392 3162/3670/4316
f 3197/3725/4390 3198/3674/4404 3163/3672/4319
f 3158/3733/4337 1407/3734/2003 3212/3735/4405
f 3212/3735/4405 1407/3734/2003 1406/3736/1933
f 3212/3735/4405 1406/3736/1933 3216/3737/4406
f 3216/3737/4406 1406/3736/4407 1405/3738/1932
f 3216/3737/4406 1405/3738/1932 3215/3739/4408
f 3215/3739/4408 1405/3738/1932 3214/3740/4409
f 3215/3739/4408 3214/3740/4409 3219/3741/4410
f 3219/3741/4410 3214/3740/4409 3218/3742/4411
f 3219/3741/4410 3218/3742/4411 3223/3743/4412
f 3223/3743/4412 3218/3742/4411 3222/3744/4413
f 3223/3743/4412 3222/3744/4413 3208/3745/4414
f 3208/3745/4414 3222/3744/4415 3207/3746/4416
f 3207/3746/4417 3222/3744/4413 3217/3747/4418
f 3207/3746/4416 3217/3747/4419 3206/3748/4420
f 3206/3748/4420 3217/3747/4421 3213/3749/4422
f 3206/3748/4423 3213/3749/4422 3205/3750/4424
f 3205/3750/4424 3213/3749/4425 3204/3751/4426
f 3204/3751/4426 3213/3749/4425 1403/3752/4427
f 1403/3752/4427 3213/3749/4422 1404/3753/1996
f 1404/3753/1996 3213/3749/4428 3214/3740/4409
f 1404/3753/1996 3214/3740/4409 1405/3738/1932
f 3209/3754/4429 3231/3755/4430 3208/3745/4431
f 3208/3745/4414 3231/3755/4430 3226/3756/4432
f 3208/3745/4414 3226/3756/4432 3223/3743/4433
f 3223/3743/4412 3226/3756/4432 3227/3757/4434
f 3223/3743/4433 3227/3757/4434 3224/3758/4435
f 3224/3758/4436 3227/3757/4434 3228/3759/4437
f 3224/3758/4435 3228/3759/4437 3225/3760/4438
f 3225/3760/4439 3228/3759/4437 3159/3761/4363
f 3225/3760/4438 3159/3761/4440 3158/3733/4337
f 3210/3762/4441 3232/3763/4442 3209/3754/4429
f 3209/3754/4429 3232/3763/4443 3230/3764/4444
f 3209/3754/4429 3230/3764/4444 3231/3755/4430
f 3231/3755/4430 3230/3764/4444 3226/3756/4445
f 3232/3763/4443 3210/3762/4441 3234/3765/4446
f 3234/3765/4446 3210/3762/4441 1090/3766/9
f 3234/3765/4446 1090/3766/9 1089/3767/9
f 3234/3765/4446 1089/3767/9 3211/3768/4447
f 3211/3768/4448 1089/3767/9 1088/3769/9
f 3211/3768/4448 1088/3769/9 1087/3770/9
f 1087/3770/9 3160/3771/4373 3211/3768/4448
f 3211/3768/4448 3160/3771/4373 3233/3772/4449
f 3211/3768/4448 3233/3772/4449 3232/3763/4443
f 3232/3763/4443 3233/3772/4449 3230/3764/4444
f 3233/3772/4449 3160/3771/4373 3229/3773/4450
f 3229/3773/4451 3160/3771/4373 3159/3761/4363
f 3229/3773/4451 3159/3761/4363 3228/3759/4437
f 3218/3742/4411 3214/3740/4409 3213/3749/4428
f 3216/3737/4406 3215/3739/4408 3220/3774/4452
f 3220/3774/4452 3215/3739/4408 3219/3741/4410
f 3220/3774/4452 3219/3741/4410 3224/3758/4436
f 3224/3758/4436 3219/3741/4410 3223/3743/4412
f 3158/3733/4337 3212/3735/4453 3221/3775/4454
f 3221/3775/4454 3212/3735/4453 3216/3737/4406
f 3221/3775/4454 3216/3737/4406 3220/3774/4452
f 3222/3744/4413 3218/3742/4411 3217/3747/4419
f 3217/3747/4455 3218/3742/4411 3213/3749/4456
f 3224/3758/4435 3225/3760/4439 3220/3774/4452
f 3220/3774/4452 3225/3760/4438 3221/3775/4454
f 3225/3760/4438 3158/3733/4457 3221/3775/4454
f 3229/3773/4450 3228/3759/4437 3227/3757/4434
f 3229/3773/4451 3227/3757/4434 3230/3764/4444
f 3230/3764/4444 3227/3757/4434 3226/3756/4445
f 3229/3773/4451 3230/3764/4444 3233/3772/4449
f 3234/3765/4446 3211/3768/4447 3232/3763/4443
f 1394/3776/1962 3091/3777/4458 3236/3778/4459
f 3236/3778/4460 3091/3777/4458 3241/3779/4461
f 3236/3778/4459 3241/3779/4462 3235/3780/4463
f 3235/3780/4464 3241/3779/4461 2970/3781/4465
f 3235/3780/4464 2970/3781/4465 2969/142/4011
f 3091/3777/4458 3090/3782/4466 3241/3779/4461
f 3241/3779/4462 3090/3782/4466 3240/3783/4467
f 3241/3779/4461 3240/3783/4468 2971/3784/4469
f 2971/3784/4470 3240/3783/4471 2972/3785/4006
f 2972/3785/4006 3240/3783/4471 3239/3786/4472
f 2972/3785/4006 3239/3786/4472 2973/3787/4003
f 2973/3787/4003 3239/3786/4472 2974/3788/4473
f 2974/3788/4473 3239/3786/4474 3238/3789/4475
f 2974/3788/4473 3238/3789/4476 2975/3790/4477
f 2975/3790/4000 3238/3789/4478 3237/3791/4479
f 2975/3790/4000 3237/3791/4480 1031/3792/4481
f 3090/3782/4466 3089/3793/4482 3240/3783/4471
f 3240/3783/4471 3089/3793/4200 3239/3786/4483
f 3089/3793/4200 3088/3794/4203 3239/3786/4472
f 3239/3786/4472 3088/3794/4203 3087/3795/4484
f 3239/3786/4485 3087/3795/4484 3238/3789/4486
f 3238/3789/4476 3087/3795/4487 3086/3796/4488
f 3238/3789/4476 3086/3796/4208 3237/3791/4480
f 3237/3791/4489 3086/3796/4208 3085/3797/4212
f 3237/3791/4480 3085/3797/4490 1031/3798/4491
f 2976/3799/3998 2975/3790/4000 1031/3792/4491
f 2971/3784/4469 2970/3781/4465 3241/3779/4462
f 1395/3800/1963 1394/3801/1962 3243/3802/4492
f 3243/3802/4492 1394/3801/1962 3236/3803/4459
f 3243/3802/4492 3236/3803/4459 3235/3804/4464
f 2969/3805/4011 2009/142/2916 3235/3804/4464
f 3235/3804/4493 2009/142/2916 3242/3806/4494
f 3235/3804/4493 3242/3806/4494 3243/3802/4495
f 1395/142/1963 3243/3807/4492 1396/3808/4496
f 1396/3808/1966 3243/3807/4495 3246/3809/4497
f 1396/3808/4496 3246/3809/4497 1397/3810/1969
f 1397/3810/1969 3246/3809/4497 3247/3811/4498
f 1397/3810/1969 3247/3811/4499 1398/3812/4500
f 1398/3812/1972 3247/3811/4499 3248/3813/4501
f 1398/3812/1972 3248/3813/4501 1399/3814/1976
f 1399/3814/1976 3248/3813/4501 3249/3815/4502
f 1399/3814/1976 3249/3815/4502 1400/3816/1920
f 1400/3816/1920 3249/3815/4502 3250/3817/4503
f 1400/3816/1920 3250/3817/4503 1401/3818/4504
f 1401/3818/4504 3250/3817/4503 3251/3819/4505
f 1401/3818/4504 3251/3819/4505 1402/3820/1991
f 1402/3820/1991 3251/3819/4506 3245/3821/4507
f 1402/3820/1991 3245/3821/4508 1403/3822/4509
f 3243/3807/4492 3242/3823/4494 3246/3809/4497
f 3246/3809/4497 3242/3823/4494 2085/3824/2917
f 3246/3809/4497 2085/3824/2917 2084/3825/2918
f 3242/3823/4494 2009/3826/2916 2085/3824/2917
f 3246/3809/4497 2084/3825/4510 3247/3811/4499
f 3247/3811/4499 2084/3825/4510 2083/3827/4511
f 3247/3811/4499 2083/3827/2919 3248/3813/4501
f 3248/3813/4501 2083/3827/4511 2082/3828/2836
f 3248/3813/4501 2082/3828/2836 3249/3815/4502
f 3249/3815/4502 2082/3828/2836 2081/3829/4512
f 3249/3815/4502 2081/3829/4512 3250/3817/4503
f 3250/3817/4503 2081/3829/4512 2080/3830/2838
f 3250/3817/4503 2080/3830/2838 3251/3819/4505
f 3251/3819/4505 2080/3830/4513 2079/3831/2839
f 3251/3819/4506 2079/3831/2841 3244/3832/4514
f 3244/3832/4514 2079/3831/2839 2078/3833/2843
f 3244/3832/4514 3245/3821/4508 3251/3819/4505
f 3204/3834/4515 1403/142/4516 3255/3835/4517
f 3255/3835/4518 1403/142/2001 3245/3836/4508
f 3255/3835/4517 3245/3836/4508 3262/3837/4519
f 3262/3837/4519 3245/3836/4508 3244/3838/4514
f 3262/3837/4519 3244/3838/4514 3269/3839/4520
f 3269/3839/4520 3244/3838/4514 2078/3840/2843
f 3269/3839/4520 2078/3840/2843 2077/3841/2847
f 2077/3841/2847 2076/3842/4521 3269/3839/4520
f 3269/3839/4520 2076/3842/4521 3270/3843/4522
f 3269/3839/4520 3270/3843/4522 3262/3837/4519
f 3262/3837/4519 3270/3843/4523 3263/3844/4524
f 3262/3837/4519 3263/3844/4524 3255/3835/4517
f 3255/3835/4517 3263/3844/4524 3256/3845/4525
f 3255/3835/4517 3256/3845/4525 3205/3846/4526
f 3205/3846/4526 3256/3845/4525 3206/3847/4527
f 3206/3847/4527 3256/3845/4525 3257/3848/4528
f 3206/3847/4527 3257/3848/4529 3207/3849/4530
f 3207/3849/4416 3257/3848/4529 3258/3850/4531
f 3207/3849/4530 3258/3850/4532 3208/3851/4533
f 3208/3851/4534 3258/3850/4535 3259/3852/4536
f 3208/3851/4537 3259/3852/4536 3260/3853/4538
f 3260/3853/4538 3259/3852/4536 3267/3854/4539
f 3260/3853/4538 3267/3854/4540 3268/3855/4541
f 3268/3855/4541 3267/3854/4540 3254/3856/4542
f 3268/3855/4541 3254/3856/4542 3252/3857/4543
f 3252/3857/4544 3254/3856/4542 2071/3858/2857
f 3252/3857/4543 2071/3858/2857 2070/3859/2858
f 2076/3842/4521 2075/3860/2850 3270/3843/4523
f 3270/3843/4522 2075/3860/2850 3271/3861/4545
f 3270/3843/4523 3271/3861/4545 3263/3844/4524
f 3263/3844/4546 3271/3861/4547 3264/3862/4548
f 3263/3844/4524 3264/3862/4549 3256/3845/4525
f 3256/3845/4525 3264/3862/4548 3257/3848/4528
f 2075/3860/2850 2074/3863/4550 3271/3861/4545
f 3271/3861/4545 2074/3863/4550 3272/3864/4551
f 3271/3861/4545 3272/3864/4551 3264/3862/4548
f 3264/3862/4549 3272/3864/4551 3265/3865/4552
f 3264/3862/4548 3265/3865/4552 3257/3848/4528
f 3257/3848/4529 3265/3865/4553 3258/3850/4531
f 2074/3863/4550 2073/3866/2854 3272/3864/4551
f 3272/3864/4551 2073/3866/2854 3273/3867/4554
f 3272/3864/4551 3273/3867/4554 3265/3865/4552
f 3265/3865/4552 3273/3867/4554 3266/3868/4555
f 3265/3865/4556 3266/3868/4555 3258/3850/4535
f 3258/3850/4531 3266/3868/4557 3259/3852/4536
f 3273/3867/4554 2073/3866/2854 3274/3869/4558
f 3274/3869/4558 2073/3866/2854 2072/3870/2855
f 3274/3869/4559 2072/3870/2855 3254/3856/4542
f 3254/3856/4542 2072/3870/2855 2071/3858/2857
f 3252/3857/4543 3253/3871/4560 3268/3855/4541
f 3268/3855/4541 3253/3871/4560 3261/3872/4561
f 3268/3855/4541 3261/3872/4561 3260/3853/4538
f 3260/3853/4538 3261/3872/4561 3209/3873/4562
f 3260/3853/4538 3209/3873/4429 3208/3851/4414
f 1090/3874/9 3210/3875/4563 3253/3871/4560
f 3253/3871/4564 3210/3875/4563 3261/3872/4561
f 3210/3875/4563 3209/3873/4562 3261/3872/4561
f 3205/3846/4565 3204/3834/4566 3255/3835/4518
f 3267/3854/4540 3259/3852/4536 3266/3868/4555
f 3273/3867/4554 3274/3869/4559 3266/3868/4555
f 3266/3868/4555 3274/3869/4558 3267/3854/4567
f 3274/3869/4558 3254/3856/4542 3267/3854/4540
f 1090/3876/9 3253/3877/4560 1091/3878/9
f 1091/3878/9 3253/3877/4560 3278/3879/4568
f 1091/3878/9 3278/3879/4568 1092/3880/9
f 1092/3880/9 3278/3879/4569 3276/3881/4570
f 1092/3880/9 3276/3881/4570 1093/3882/9
f 3253/3877/4560 3252/3883/4543 3278/3879/4569
f 3278/3879/4568 3252/3883/4544 3277/3884/4571
f 3278/3879/4568 3277/3884/4572 3276/3881/4570
f 3276/3881/4570 3277/3884/4572 3275/3885/4573
f 3275/3885/4573 3277/3884/4571 2068/3886/2862
f 3275/3885/4573 2068/3886/2862 2067/3887/2863
f 2070/3888/2858 2069/3889/4574 3252/3883/4543
f 3252/3883/4543 2069/3889/4574 3277/3884/4572
f 2069/3889/2860 2068/3886/2862 3277/3884/4572
f 2538/3890/3456 1093/3891/9 3283/3892/4575
f 3283/3892/4575 1093/3891/9 3276/3893/4570
f 3283/3892/4575 3276/3893/4570 3282/3894/4576
f 3282/3894/4576 3276/3893/4570 3275/3895/4573
f 3282/3894/4576 3275/3895/4573 3284/3896/4577
f 3284/3896/4578 3275/3895/4573 2067/3897/2863
f 3284/3896/4578 2067/3897/1577 2066/142/2865
f 2066/142/2865 3279/3898/4579 3284/3896/4580
f 3284/3896/4577 3279/3898/4579 3282/3894/4576
f 3279/3898/4579 3280/3899/4581 3282/3894/4576
f 3282/3894/4576 3280/3899/4581 3281/3900/4582
f 3282/3894/4576 3281/3900/4582 3283/3892/4583
f 3283/3892/4584 3281/3900/4585 2538/3890/3456
f 2539/3901/3342 2538/3902/3456 3287/3903/4586
f 3287/3903/4586 2538/3902/3456 3281/3904/4582
f 3287/3903/4586 3281/3904/4582 3290/3905/4587
f 3290/3905/4587 3281/3904/4582 3280/3906/4581
f 3290/3905/4587 3280/3906/4581 3279/3907/4579
f 2066/3908/2865 2065/3909/2866 3279/3907/4579
f 3279/3907/4579 2065/3909/4588 3293/3910/4589
f 3279/3907/4579 3293/3910/4590 3290/3905/4587
f 3290/3905/4587 3293/3910/4591 3294/3911/4592
f 3290/3905/4587 3294/3911/4592 3291/3912/4593
f 3291/3912/4593 3294/3911/4592 3295/3913/4594
f 3291/3912/4593 3295/3913/4594 3292/3914/4595
f 3292/3914/4595 3295/3913/4594 3285/3915/4596
f 3292/3914/4595 3285/3915/4596 3286/3916/4597
f 2065/3909/4588 2064/3917/4598 3293/3910/4591
f 3293/3910/4590 2064/3917/4599 3294/3911/4592
f 2064/3917/4599 2063/3918/4600 3294/3911/4592
f 3294/3911/4592 2063/3918/4600 3295/3913/4601
f 2063/3918/4600 2062/3919/2872 3295/3913/4594
f 3295/3913/4601 2062/3919/2872 3285/3915/4596
f 3292/3914/4595 3286/3916/4602 3289/3920/4603
f 3289/3920/4603 3286/3916/4602 1592/3921/9
f 3289/3920/4603 1592/3921/9 2541/3922/4604
f 3289/3920/4603 2541/3922/4604 3288/3923/4605
f 3288/3923/4606 2541/3922/4604 2540/3924/3343
f 3288/3923/4605 2540/3924/3343 3287/3903/4586
f 3287/3903/4586 2540/3924/3343 2539/3901/3342
f 3292/3914/4595 3289/3920/4603 3288/3923/4607
f 3290/3905/4587 3291/3912/4593 3287/3903/4586
f 3287/3903/4586 3291/3912/4593 3288/3923/4606
f 3291/3912/4593 3292/3914/4595 3288/3923/4608
f 1593/3925/9 1592/3926/9 3299/3927/4609
f 3299/3927/4609 1592/3926/9 3286/3928/4602
f 3299/3927/4610 3286/3928/4602 3298/3929/4611
f 3298/3929/4611 3286/3928/4597 3285/3930/4596
f 3298/3929/4611 3285/3930/4596 2061/3931/2874
f 2061/3931/2874 3285/3930/4596 2062/3932/2872
f 2061/3931/2874 2060/3933/2876 3298/3929/4611
f 3298/3929/4612 2060/3933/2876 3300/3934/4613
f 3298/3929/4611 3300/3934/4613 3299/3927/4609
f 3299/3927/4609 3300/3934/4613 3301/3935/4614
f 3299/3927/4609 3301/3935/4614 1593/3925/9
f 1593/3925/9 3301/3935/4614 1594/3936/9
f 1594/3936/9 3301/3935/4614 3303/3937/4615
f 1594/3936/9 3303/3937/4615 1595/3938/9
f 1595/3938/9 3303/3937/4615 3305/3939/4616
f 1595/3938/9 3305/3939/4616 1596/3940/9
f 1596/3940/9 3305/3939/4616 3307/3941/4617
f 1596/3940/9 3307/3941/4617 1597/3942/9
f 1597/3942/9 3307/3941/4617 3309/3943/4618
f 1597/3942/9 3309/3943/4619 1598/3944/9
f 1598/3944/9 3309/3943/4620 3311/3945/4621
f 1598/3944/9 3311/3945/4621 1599/3946/9
f 1599/3946/9 3311/3945/4621 3313/3947/4622
f 1599/3946/9 3313/3947/4622 1600/3948/9
f 1600/3948/9 3313/3947/4622 3315/3949/4623
f 1600/3948/9 3315/3949/4623 1601/3950/9
f 1601/3950/9 3315/3949/4624 3297/3951/4625
f 1601/3950/9 3297/3951/4625 1602/3952/9
f 2060/3933/2876 2059/3953/2879 3300/3934/4613
f 3300/3934/4613 2059/3953/2879 3302/3954/4626
f 3300/3934/4613 3302/3954/4626 3301/3935/4614
f 3301/3935/4614 3302/3954/4626 3303/3937/4615
f 2059/3953/2880 2058/3955/2882 3302/3954/4626
f 3302/3954/4626 2058/3955/4627 3304/3956/4628
f 3302/3954/4626 3304/3956/4628 3303/3937/4615
f 3303/3937/4615 3304/3956/4628 3305/3939/4616
f 2058/3955/2882 2057/3957/2886 3304/3956/4628
f 3304/3956/4628 2057/3957/2886 3306/3958/4629
f 3304/3956/4628 3306/3958/4629 3305/3939/4616
f 3305/3939/4616 3306/3958/4629 3307/3941/4617
f 2057/3957/2886 2056/3959/2888 3306/3958/4629
f 3306/3958/4629 2056/3959/2888 3308/3960/4630
f 3306/3958/4629 3308/3960/4630 3307/3941/4617
f 3307/3941/4617 3308/3960/4630 3309/3943/4620
f 2056/3959/2888 2055/3961/4631 3308/3960/4630
f 3308/3960/4630 2055/3961/4631 3310/3962/4632
f 3308/3960/4630 3310/3962/4632 3309/3943/4620
f 3309/3943/4633 3310/3962/4632 3311/3945/4621
f 2055/3961/2890 2054/3963/2892 3310/3962/4632
f 3310/3962/4632 2054/3963/2893 3312/3964/4634
f 3310/3962/4632 3312/3964/4635 3311/3945/4621
f 3311/3945/4621 3312/3964/4634 3313/3947/4622
f 2054/3963/2892 2053/3965/2895 3312/3964/4634
f 3312/3964/4634 2053/3965/2895 3314/3966/4636
f 3312/3964/4634 3314/3966/4637 3313/3947/4622
f 3313/3947/4622 3314/3966/4637 3315/3949/4624
f 2053/3965/2895 2052/3967/2897 3314/3966/4636
f 3314/3966/4636 2052/3967/2897 3296/3968/4638
f 3314/3966/4636 3296/3968/4638 3315/3949/4624
f 3315/3949/4624 3296/3968/4638 3297/3951/4639
f 2425/3969/3172 1602/142/9 3318/3970/4640
f 3318/3970/4640 1602/142/9 3297/3971/4625
f 3318/3970/4640 3297/3971/4625 3325/3972/4641
f 3325/3972/4641 3297/3971/4625 3296/3973/4638
f 3325/3972/4642 3296/3973/4643 3332/3974/4644
f 3332/3974/4644 3296/3973/4638 2052/3975/2897
f 3332/3974/4644 2052/3975/2897 2051/3976/2898
f 3332/3974/4644 2051/3976/2898 3333/3977/4645
f 3333/3977/4645 2051/3976/2898 2050/3978/4646
f 3333/3977/4647 2050/3978/4646 2049/3979/2901
f 3333/3977/4647 2049/3979/2901 3334/3980/4648
f 3334/3980/4648 2049/3979/4649 2048/3981/2903
f 3334/3980/4650 2048/3981/2903 3335/3982/4651
f 3335/3982/4652 2048/3981/4653 2047/3983/4654
f 3335/3982/4651 2047/3983/2904 3336/3984/4655
f 3336/3984/4655 2047/3983/2904 2046/3985/2906
f 3336/3984/4655 2046/3985/2906 3337/3986/4656
f 3337/3986/4656 2046/3985/2906 2045/3987/2907
f 3337/3986/4657 2045/3987/2907 3338/3988/4658
f 3338/3988/4658 2045/3987/2907 2044/3989/2909
f 3338/3988/4658 2044/3989/4659 2043/3990/2911
f 2043/3990/4660 2042/3991/2914 3338/3988/4658
f 3338/3988/4658 2042/3991/2912 3316/3992/4661
f 3338/3988/4658 3316/3992/4661 3331/3993/4662
f 3331/3993/4663 3316/3992/4661 3317/3994/4664
f 3331/3993/4663 3317/3994/4664 3324/3995/4665
f 3324/3995/4665 3317/3994/4664 2432/3996/4666
f 3324/3995/4667 2432/3996/4668 2431/3997/4669
f 3317/3994/4664 1639/3998/2292 2432/3996/4666
f 2431/3997/4670 2430/3999/4671 3324/3995/4667
f 3324/3995/4667 2430/3999/4671 3323/4000/4672
f 3324/3995/4667 3323/4000/4672 3331/3993/4663
f 3331/3993/4663 3323/4000/4672 3330/4001/4673
f 3331/3993/4663 3330/4001/4673 3338/3988/4658
f 3338/3988/4658 3330/4001/4673 3337/3986/4656
f 2430/3999/4674 2429/4002/4675 3323/4000/4672
f 3323/4000/4672 2429/4002/4675 3322/4003/4676
f 3323/4000/4672 3322/4003/4676 3330/4001/4673
f 3330/4001/4673 3322/4003/4676 3329/4004/4677
f 3330/4001/4673 3329/4004/4677 3337/3986/4656
f 3337/3986/4656 3329/4004/4677 3336/3984/4655
f 2429/4002/4678 2428/4005/3177 3322/4003/4676
f 3322/4003/4676 2428/4005/3177 3321/4006/4679
f 3322/4003/4676 3321/4006/4680 3329/4004/4677
f 3329/4004/4677 3321/4006/4681 3328/4007/4682
f 3329/4004/4677 3328/4007/4682 3336/3984/4655
f 3336/3984/4655 3328/4007/4682 3335/3982/4651
f 2428/4005/3177 2427/4008/4683 3321/4006/4681
f 3321/4006/4680 2427/4008/3176 3320/4009/4684
f 3321/4006/4679 3320/4009/4685 3328/4007/4682
f 3328/4007/4682 3320/4009/4684 3327/4010/4686
f 3328/4007/4682 3327/4010/4686 3335/3982/4651
f 3335/3982/4651 3327/4010/4686 3334/3980/4648
f 2427/4008/3176 2426/4011/3174 3320/4009/4684
f 3320/4009/4687 2426/4011/4688 3319/4012/4689
f 3320/4009/4687 3319/4012/4690 3327/4010/4686
f 3327/4010/4686 3319/4012/4690 3326/4013/4691
f 3327/4010/4686 3326/4013/4691 3334/3980/4692
f 3334/3980/4692 3326/4013/4691 3333/3977/4693
f 2426/4011/3174 2425/3969/3172 3319/4012/4690
f 3319/4012/4690 2425/3969/3172 3318/3970/4640
f 3319/4012/4690 3318/3970/4640 3326/4013/4691
f 3326/4013/4691 3318/3970/4640 3325/3972/4641
f 3326/4013/4691 3325/3972/4641 3333/3977/4645
f 3333/3977/4645 3325/3972/4641 3332/3974/4644
f 1640/4014/2300 1639/142/2292 3341/4015/4694
f 3341/4015/4694 1639/142/2292 3317/4016/4664
f 3341/4015/4694 3317/4016/4664 3316/4017/4695
f 2042/4018/2912 2041/4019/2816 3316/4017/4661
f 3316/4017/4661 2041/4019/2816 3341/4015/4696
f 2040/4020/4697 3343/4021/4698 2041/4019/2816
f 2041/4019/2816 3343/4021/4698 3342/4022/4699
f 2041/4019/4700 3342/4022/4701 3341/4015/4694
f 3341/4015/4694 3342/4022/4701 1640/4014/2300
f 2040/4020/2814 2039/4023/4702 3343/4021/4703
f 3343/4021/4698 2039/4023/2924 3344/4024/4704
f 3343/4021/4698 3344/4024/4705 1642/4025/2189
f 1642/4025/2189 3344/4024/4706 1643/4026/2441
f 1643/4026/2441 3344/4024/4704 3345/4027/4707
f 1643/4026/2441 3345/4027/4707 3340/4028/4708
f 3340/4028/4708 3345/4027/4709 3339/4029/4710
f 3339/4029/4710 3345/4027/4707 2037/4030/2921
f 2037/4030/2921 3345/4027/4709 2038/4031/4711
f 2038/4031/2922 3345/4027/4709 3344/4024/4704
f 2038/4031/2922 3344/4024/4704 2039/4023/4702
f 3340/4028/4708 1644/4032/2449 1643/4026/2441
f 1642/4025/2189 1641/4033/2407 3343/4021/4698
f 3343/4021/4698 1641/4033/2407 3342/4022/4712
f 1641/4033/2407 1640/4014/4713 3342/4022/4701
f 1644/4034/2449 3340/4035/4708 1645/4036/2475
f 1645/4036/2475 3340/4035/4708 1646/4037/2476
f 1646/4037/2476 3340/4035/4708 3347/4038/4714
f 1646/4037/2476 3347/4038/4715 1647/4039/4716
f 3340/4035/4708 3339/4040/4710 3347/4038/4717
f 3347/4038/4717 3339/4040/4710 3346/4041/4718
f 3346/4041/4719 3339/4040/4710 2037/4042/2921
f 3346/4041/4719 2037/4042/4720 2968/4043/4119
f 2968/4043/4119 2967/4044/4118 3346/4041/4718
f 3346/4041/4718 2967/4044/4118 2966/142/4721
f 1647/142/2478 3347/4045/4714 2458/4046/4722
f 2458/4046/4722 3347/4045/4717 3348/4047/4723
f 2458/4046/4722 3348/4047/4723 2459/4048/4724
f 2459/4048/4724 3348/4047/4723 3349/4049/4725
f 2459/4048/4726 3349/4049/4725 2460/4050/3217
f 2460/4050/3217 3349/4049/4727 3350/4051/4728
f 2460/4050/3216 3350/4051/4729 2461/4052/3218
f 2461/4052/4730 3350/4051/4729 2462/4053/4731
f 2462/4053/4731 3350/4051/4729 3351/4054/4732
f 2462/4053/4731 3351/4054/4733 2463/4055/4734
f 2463/4055/4735 3351/4054/4736 2464/4056/3245
f 2464/4056/4737 3351/4054/4733 3352/4057/4738
f 2464/4056/4737 3352/4057/4739 1005/4058/4740
f 3347/4045/4714 3346/4059/4718 3348/4047/4723
f 3348/4047/4723 3346/4059/4718 2965/4060/4741
f 3348/4047/4723 2965/4060/4741 2964/4061/4742
f 3346/4059/4718 2966/4062/4117 2965/4060/4741
f 3348/4047/4723 2964/4061/4742 3349/4049/4725
f 3349/4049/4725 2964/4061/4743 2963/4063/4055
f 3349/4049/4744 2963/4063/4055 3350/4051/4745
f 3350/4051/4729 2963/4063/4055 2962/4064/4056
f 3350/4051/4746 2962/4064/4747 2961/4065/4748
f 3350/4051/4729 2961/4065/4749 3351/4054/4733
f 3351/4054/4733 2961/4065/4750 2960/4066/4751
f 3351/4054/4733 2960/4066/4752 2959/4067/4753
f 3351/4054/4733 2959/4067/4754 3352/4057/4739
f 3352/4057/4738 2959/4067/4755 1005/4068/10
f 2130/4069/2764 2129/4070/2764 3356/4071/4756
f 3356/4071/4756 2129/4070/2764 3353/4072/4756
f 3356/4071/4756 3353/4072/4756 3355/4073/4757
f 3355/4073/4757 3353/4072/4756 3354/4074/4757
f 3355/4073/4757 3354/4074/4757 989/4075/1573
f 989/4075/1573 3354/4074/4757 979/4076/1573
f 27/4077/9 26/4078/141 2149/4079/9
f 2149/4079/9 26/4078/141 25/4080/4758
f 2149/4079/9 25/4080/4758 3361/4081/4759
f 3361/4081/4759 25/4080/4758 24/4082/350
f 3361/4081/4759 24/4082/350 23/4083/352
f 3361/4081/4759 23/4083/309 3360/4084/4760
f 3360/4084/4760 23/4083/309 22/4085/264
f 3360/4084/4760 22/4085/264 3357/4086/4761
f 3360/4084/4760 3357/4086/4761 982/4087/1573
f 982/4087/1573 3357/4086/4761 3358/4088/4762
f 982/4087/1573 3358/4088/4762 3359/4089/4763
f 3359/4089/4763 983/4090/1575 982/4087/1573
f 2134/4091/10 2133/4092/10 3372/4093/4764
f 3372/4093/4765 2133/4092/10 3371/4094/4766
f 3371/4094/4766 2133/4092/10 3362/4095/4767
f 3371/4094/4766 3362/4095/4767 3370/4096/4768
f 3370/4096/4769 3362/4095/4767 3369/4097/4770
f 3369/4097/4770 3362/4095/4767 3368/4098/4771
f 3368/4098/4771 3362/4095/4767 3363/4099/4772
f 3368/4098/4771 3363/4099/4772 3367/4100/4773
f 3367/4100/4773 3363/4099/4772 986/4101/1573
f 3367/4100/4773 986/4101/1573 3366/4102/4774
f 3366/4102/4774 986/4101/1573 3365/4103/4775
f 3365/4103/4775 986/4101/1573 3364/4104/4776
f 3364/4104/4776 986/4101/1573 985/4105/1573
f 983/4106/1575 3359/4107/4763 1105/4108/1573
f 1105/4108/1573 3359/4107/4763 3358/4109/4762
f 1105/4108/1573 3358/4109/4762 3357/4110/4777
f 985/4111/1573 1104/4112/1573 3364/4113/4776
f 3364/4113/4776 1104/4112/1573 3365/4114/4775
f 3365/4114/4775 1104/4112/1573 3366/4115/4774
f 3375/4116/4778 1113/4117/1573 3382/4118/4779
f 3382/4118/4779 1113/4117/1573 1112/4119/1573
f 3382/4118/4779 1112/4119/1573 3381/4120/4780
f 3381/4120/4780 1112/4119/1573 1111/4121/1573
f 3381/4120/4780 1111/4121/1573 3380/4122/4781
f 3380/4122/4781 1111/4121/1573 1110/4123/1573
f 3380/4122/4782 1110/4123/1573 3379/4124/4783
f 3379/4124/4783 1110/4123/1573 1109/4125/1573
f 3379/4124/4783 1109/4125/1573 3378/4126/4784
f 3378/4126/4784 1109/4125/1573 1108/4127/1573
f 3378/4126/4784 1108/4127/1573 1107/4128/1573
f 3378/4126/4784 1107/4128/1573 3377/4129/4785
f 3377/4129/4785 1107/4128/1573 1106/4130/1573
f 3377/4129/4785 1106/4130/1573 3376/4131/4786
f 3376/4131/4786 1106/4130/1573 3373/4132/4787
f 3376/4131/4786 3373/4132/4787 19/4133/937
f 1106/4130/1573 1105/4134/1573 3373/4132/4787
f 19/4133/937 50/4135/4788 3376/4131/4786
f 3376/4131/4786 50/4135/4789 3383/4136/4790
f 3376/4131/4786 3383/4136/4791 3384/4137/4792
f 3384/4137/4792 3383/4136/4791 3391/4138/4793
f 3384/4137/4794 3391/4138/4795 3392/4139/4796
f 3392/4139/4796 3391/4138/4795 1955/4140/2679
f 3392/4139/4796 1955/4140/2679 1954/4141/2734
f 50/4135/703 49/4142/4797 3383/4136/4791
f 3383/4136/4791 49/4142/4797 3390/4143/4798
f 3383/4136/4790 3390/4143/4798 3391/4138/4795
f 3391/4138/4795 3390/4143/4798 1956/4144/2676
f 3391/4138/4795 1956/4144/2676 1955/4140/2681
f 49/4142/4797 48/4145/4799 3390/4143/4798
f 3390/4143/4798 48/4145/4799 47/4146/59
f 3390/4143/4798 47/4146/59 46/4147/4800
f 46/4147/4801 45/4148/4802 3390/4143/4798
f 3390/4143/4798 45/4148/4802 1956/4144/2676
f 45/4148/4802 44/4149/1 1956/4144/2676
f 3392/4139/4796 1954/4141/2734 3393/4150/4803
f 3393/4150/4803 1954/4141/2734 1953/4151/2737
f 3393/4150/4803 1953/4151/2737 3394/4152/4804
f 3394/4152/4804 1953/4151/2737 1952/4153/2740
f 3394/4152/4804 1952/4153/2740 3395/4154/4805
f 3395/4154/4805 1952/4153/2740 1951/4155/2742
f 3395/4154/4805 1951/4155/2742 3396/4156/4806
f 3396/4156/4806 1951/4155/2742 1950/4157/2749
f 3396/4156/4806 1950/4157/2749 1330/4158/4807
f 1330/4158/4807 3374/4159/4808 3396/4156/4806
f 3396/4156/4806 3374/4159/4808 3389/4160/4809
f 3396/4156/4810 3389/4160/4809 3388/4161/4811
f 3388/4161/4811 3389/4160/4809 3381/4120/4780
f 3388/4161/4811 3381/4120/4812 3380/4122/4781
f 3374/4159/4808 3375/4116/4813 3389/4160/4809
f 3389/4160/4809 3375/4116/4814 3382/4118/4779
f 3389/4160/4809 3382/4118/4779 3381/4120/4780
f 3376/4131/4786 3384/4137/4794 3377/4129/4785
f 3377/4129/4785 3384/4137/4794 3385/4162/4815
f 3377/4129/4785 3385/4162/4815 3378/4126/4784
f 3378/4126/4784 3385/4162/4815 3386/4163/4816
f 3378/4126/4784 3386/4163/4816 3379/4124/4783
f 3379/4124/4783 3386/4163/4816 3387/4164/4817
f 3379/4124/4783 3387/4164/4817 3380/4122/4782
f 3380/4122/4781 3387/4164/4817 3388/4161/4811
f 3384/4137/4794 3392/4139/4796 3385/4162/4815
f 3385/4162/4815 3392/4139/4796 3393/4150/4803
f 3385/4162/4815 3393/4150/4803 3386/4163/4816
f 3386/4163/4816 3393/4150/4803 3394/4152/4804
f 3386/4163/4816 3394/4152/4804 3387/4164/4817
f 3387/4164/4817 3394/4152/4804 3395/4154/4805
f 3387/4164/4817 3395/4154/4805 3388/4161/4811
f 3388/4161/4811 3395/4154/4805 3396/4156/4806
f 1930/4165/16 3397/4166/4818 1931/4167/2697
f 1931/4167/2697 3397/4166/4819 3398/4168/4820
f 1931/4167/2697 3398/4168/4821 3409/4169/4822
f 3409/4169/4822 3398/4168/4820 3399/4170/4823
f 3409/4169/4822 3399/4170/4823 3400/4171/4824
f 3400/4171/4824 3401/4172/4825 3409/4169/4822
f 3409/4169/4822 3401/4172/4826 3417/4173/4827
f 3409/4169/4822 3417/4173/4827 3418/4174/4828
f 3418/4174/4829 3417/4173/4827 3426/4175/4830
f 3418/4174/4828 3426/4175/4830 3427/4176/4831
f 3427/4176/4832 3426/4175/4830 1102/4177/1573
f 3427/4176/4832 1102/4177/1573 1101/4178/1573
f 3401/4172/4826 3402/4179/4833 3417/4173/4827
f 3417/4173/4827 3402/4179/4834 3425/4180/4835
f 3417/4173/4827 3425/4180/4835 3426/4175/4836
f 3426/4175/4830 3425/4180/4835 1103/4181/1573
f 3426/4175/4830 1103/4181/1573 1102/4177/1573
f 3402/4179/4833 3403/4182/4837 3425/4180/4838
f 3425/4180/4835 3403/4182/4839 3404/4183/4840
f 3425/4180/4838 3404/4183/4840 1103/4181/1573
f 1103/4181/1573 3404/4183/4840 1104/4184/1573
f 3427/4176/4832 1101/4178/1573 3428/4185/4841
f 3428/4185/4841 1101/4178/1573 1100/4186/1573
f 3428/4185/4841 1100/4186/1573 3429/4187/4842
f 3429/4187/4842 1100/4186/1573 1099/4188/1573
f 3429/4187/4843 1099/4188/1573 3430/4189/4844
f 3430/4189/4845 1099/4188/1573 1098/4190/1573
f 3430/4189/4844 1098/4190/1573 3431/4191/4846
f 3431/4191/4846 1098/4190/1573 1097/4192/1573
f 3431/4191/4846 1097/4192/1573 3408/4193/4847
f 3408/4193/4847 1097/4192/1573 1096/4194/1573
f 3408/4193/4847 1096/4194/1573 3405/4195/4848
f 3408/4193/4847 3405/4195/4849 3424/4196/4850
f 3424/4196/4850 3405/4195/4848 3406/4197/4851
f 3424/4196/4852 3406/4197/4853 3407/4198/4854
f 3424/4196/4850 3407/4198/4854 3416/4199/4855
f 3416/4199/4855 3407/4198/4856 1286/4200/4857
f 3416/4199/4855 1286/4200/4857 1937/4201/2722
f 3416/4199/4855 1937/4201/2722 3415/4202/4858
f 3415/4202/4858 1937/4201/2722 1936/4203/2717
f 3415/4202/4858 1936/4203/2717 3414/4204/4859
f 3414/4204/4859 1936/4203/2717 1935/4205/2713
f 3414/4204/4860 1935/4205/2713 3413/4206/4861
f 3413/4206/4861 1935/4205/2713 1934/4207/2710
f 3413/4206/4861 1934/4207/2710 3412/4208/4862
f 3412/4208/4862 1934/4207/2710 1933/4209/2706
f 3412/4208/4862 1933/4209/2706 3411/4210/4863
f 3411/4210/4863 1933/4209/2706 1932/4211/2702
f 3411/4210/4863 1932/4211/2702 3410/4212/4864
f 3410/4212/4865 1932/4211/2702 1931/4167/2699
f 3410/4212/4864 1931/4167/2699 3409/4169/4822
f 3409/4169/4822 3418/4174/4828 3410/4212/4866
f 3410/4212/4866 3418/4174/4828 3419/4213/4867
f 3410/4212/4865 3419/4213/4867 3411/4210/4863
f 3411/4210/4863 3419/4213/4867 3420/4214/4868
f 3411/4210/4863 3420/4214/4869 3412/4208/4862
f 3412/4208/4862 3420/4214/4868 3421/4215/4870
f 3412/4208/4862 3421/4215/4870 3413/4206/4861
f 3413/4206/4861 3421/4215/4870 3422/4216/4871
f 3413/4206/4861 3422/4216/4871 3414/4204/4859
f 3414/4204/4860 3422/4216/4871 3423/4217/4872
f 3414/4204/4860 3423/4217/4873 3415/4202/4858
f 3415/4202/4858 3423/4217/4872 3424/4196/4850
f 3415/4202/4858 3424/4196/4850 3416/4199/4855
f 3418/4174/4829 3427/4176/4874 3419/4213/4867
f 3419/4213/4867 3427/4176/4832 3428/4185/4841
f 3419/4213/4867 3428/4185/4841 3420/4214/4868
f 3420/4214/4868 3428/4185/4841 3429/4187/4842
f 3420/4214/4869 3429/4187/4843 3421/4215/4870
f 3421/4215/4870 3429/4187/4843 3430/4189/4844
f 3421/4215/4870 3430/4189/4845 3422/4216/4871
f 3422/4216/4871 3430/4189/4844 3431/4191/4846
f 3422/4216/4871 3431/4191/4846 3423/4217/4872
f 3423/4217/4872 3431/4191/4846 3408/4193/4847
f 3423/4217/4872 3408/4193/4847 3424/4196/4850
f 1114/4218/1573 1113/4219/4875 3436/4220/4876
f 3436/4220/4876 1113/4219/1573 3375/4221/4877
f 3436/4220/4876 3375/4221/4877 3374/4222/4878
f 3436/4220/4876 3374/4222/4878 3435/4223/4879
f 3435/4223/4879 3374/4222/4878 1330/4224/1835
f 3435/4223/4879 1330/4224/1835 1329/4225/1829
f 3435/4223/4879 1329/4225/1829 3437/4226/4880
f 3437/4226/4880 1329/4225/1829 1328/4227/1827
f 3437/4226/4880 1328/4227/1827 3439/4228/4881
f 3439/4228/4882 1328/4227/1827 1327/4229/1824
f 3439/4228/4882 1327/4229/1824 3441/4230/4883
f 3441/4230/4883 1327/4229/1824 1326/4231/1820
f 3441/4230/4883 1326/4231/1823 3443/4232/4884
f 3443/4232/4884 1326/4231/1823 1325/4233/1817
f 3443/4232/4884 1325/4233/1817 3445/4234/4885
f 3445/4234/4886 1325/4233/1817 1324/4235/1814
f 3445/4234/4886 1324/4235/1814 3447/4236/4887
f 3447/4236/4887 1324/4235/1814 1323/4237/1812
f 3447/4236/4887 1323/4237/1812 3449/4238/4888
f 3449/4238/4888 1323/4237/1812 1322/4239/4889
f 3449/4238/4888 1322/4239/1810 3451/4240/4890
f 3451/4240/4890 1322/4239/1810 1321/4241/1808
f 3451/4240/4890 1321/4241/1808 3453/4242/4891
f 3453/4242/4891 1321/4241/1808 1320/4243/1805
f 3453/4242/4891 1320/4243/1805 3455/4244/4892
f 3455/4244/4892 1320/4243/1805 1319/4245/1803
f 3455/4244/4892 1319/4245/1803 3460/4246/4893
f 3460/4246/4893 1319/4245/1803 3457/4247/4894
f 3460/4246/4893 3457/4247/4894 3458/4248/4895
f 3458/4248/4895 3457/4247/4894 3462/4249/4896
f 3458/4248/4895 3462/4249/4896 1125/4250/1573
f 1125/4250/1573 3462/4249/4896 1126/4251/1573
f 1126/4251/1573 3462/4249/4896 3464/4252/4897
f 1126/4251/1573 3464/4252/4897 1127/4253/1573
f 1127/4253/1573 3464/4252/4898 3466/4254/4899
f 1127/4253/1573 3466/4254/4899 1128/4255/1573
f 1128/4255/1573 3466/4254/4899 3468/4256/4900
f 1128/4255/1573 3468/4256/4901 1129/4257/1573
f 1129/4257/1573 3468/4256/4902 3470/4258/4903
f 1129/4257/1573 3470/4258/4903 1130/4259/1573
f 1130/4259/1573 3470/4258/4903 3472/4260/4904
f 1130/4259/1573 3472/4260/4904 1131/4261/1573
f 1131/4261/1573 3472/4260/4905 3474/4262/4906
f 1131/4261/1573 3474/4262/4906 1132/4263/1573
f 1132/4263/1573 3474/4262/4906 3476/4264/4907
f 1132/4263/1573 3476/4264/4908 1133/4265/1573
f 1133/4265/1573 3476/4264/4909 3478/4266/4910
f 1133/4265/1573 3478/4266/4910 1134/4267/1573
f 1134/4267/1573 3478/4266/4910 3432/4268/4911
f 1134/4267/1573 3432/4268/4911 1135/4269/1573
f 1135/4269/1573 3432/4268/4911 3482/4270/4912
f 1135/4269/1573 3482/4270/4912 3481/4271/4913
f 3481/4271/4914 3482/4270/4912 3480/4272/4915
f 3481/4271/4914 3480/4272/4916 3485/4273/4917
f 3485/4273/4917 3480/4272/4916 3484/4274/4918
f 3485/4273/4917 3484/4274/4918 3487/4275/4919
f 3487/4275/4920 3484/4274/4921 3486/4276/4922
f 3487/4275/4919 3486/4276/4922 3489/4277/4923
f 3489/4277/4923 3486/4276/4924 3488/4278/4925
f 3489/4277/4923 3488/4278/4925 3491/4279/4926
f 3491/4279/4926 3488/4278/4925 3490/4280/4927
f 3491/4279/4928 3490/4280/4927 3493/4281/4929
f 3493/4281/4929 3490/4280/4927 3492/4282/4930
f 3493/4281/4929 3492/4282/4930 3495/4283/4931
f 3495/4283/4931 3492/4282/4930 3494/4284/4932
f 3495/4283/4931 3494/4284/4932 3497/4285/4933
f 3497/4285/4933 3494/4284/4932 3496/4286/4934
f 3497/4285/4935 3496/4286/4934 3499/4287/4936
f 3499/4287/4937 3496/4286/4934 3498/4288/4938
f 3499/4287/4937 3498/4288/4938 3501/4289/4939
f 3501/4289/4939 3498/4288/4938 3500/4290/4940
f 3501/4289/4939 3500/4290/4940 3433/4291/4941
f 3433/4291/4942 3500/4290/4940 3502/4292/4943
f 3433/4291/4942 3502/4292/4943 3506/4293/4944
f 3506/4293/4944 3502/4292/4943 1297/4294/1746
f 3506/4293/4944 1297/4294/1746 3503/4295/4945
f 3503/4295/4945 1297/4294/1746 1296/4296/1743
f 3503/4295/4945 1296/4296/1743 3507/4297/4946
f 3507/4297/4946 1296/4296/1743 1295/4298/1741
f 3507/4297/4946 1295/4298/1741 3509/4299/4947
f 3509/4299/4947 1295/4298/1741 1294/4300/1736
f 3509/4299/4947 1294/4300/1736 3511/4301/4948
f 3511/4301/4948 1294/4300/1736 1293/4302/1734
f 3511/4301/4948 1293/4302/1734 3513/4303/4949
f 3513/4303/4949 1293/4302/1734 1292/4304/1730
f 3513/4303/4950 1292/4304/1730 3515/4305/4951
f 3515/4305/4951 1292/4304/1730 1291/4306/1728
f 3515/4305/4951 1291/4306/4952 3517/4307/4953
f 3517/4307/4953 1291/4306/1728 1290/4308/1726
f 3517/4307/4953 1290/4308/1726 3519/4309/4954
f 3519/4309/4954 1290/4308/1726 1289/4310/1722
f 3519/4309/4955 1289/4310/1722 3521/4311/4956
f 3521/4311/4956 1289/4310/1722 1288/4312/1716
f 3521/4311/4956 1288/4312/1716 3523/4313/4957
f 3523/4313/4957 1288/4312/1716 1287/4314/1715
f 3523/4313/4957 1287/4314/1715 3525/4315/4958
f 3525/4315/4958 1287/4314/1711 1286/4316/1703
f 3525/4315/4958 1286/4316/1703 3407/4317/4959
f 1319/4245/1803 1318/4318/1801 3457/4247/4894
f 3457/4247/4894 1318/4318/1801 3461/4319/4960
f 3457/4247/4894 3461/4319/4960 3462/4249/4896
f 3462/4249/4896 3461/4319/4961 3464/4252/4898
f 1318/4318/1801 1317/4320/1799 3461/4319/4961
f 3461/4319/4960 1317/4320/1799 3463/4321/4962
f 3461/4319/4961 3463/4321/4962 3464/4252/4897
f 3464/4252/4898 3463/4321/4963 3466/4254/4899
f 1317/4320/1799 1316/4322/1796 3463/4321/4962
f 3463/4321/4963 1316/4322/1796 3465/4323/4964
f 3463/4321/4963 3465/4323/4964 3466/4254/4899
f 3466/4254/4899 3465/4323/4965 3468/4256/4966
f 1316/4322/1796 1315/4324/1794 3465/4323/4964
f 3465/4323/4967 1315/4324/1794 3467/4325/4968
f 3465/4323/4965 3467/4325/4968 3468/4256/4901
f 3468/4256/4902 3467/4325/4968 3470/4258/4903
f 1315/4324/1794 1314/4326/1791 3467/4325/4968
f 3467/4325/4969 1314/4326/1791 3469/4327/4970
f 3467/4325/4969 3469/4327/4970 3470/4258/4903
f 3470/4258/4903 3469/4327/4970 3472/4260/4904
f 1314/4326/1791 1313/4328/1788 3469/4327/4970
f 3469/4327/4970 1313/4328/1788 3471/4329/4971
f 3469/4327/4970 3471/4329/4972 3472/4260/4973
f 3472/4260/4905 3471/4329/4974 3474/4262/4906
f 1313/4328/1788 1312/4330/1786 3471/4329/4974
f 3471/4329/4971 1312/4330/1786 3473/4331/4975
f 3471/4329/4971 3473/4331/4975 3474/4262/4906
f 3474/4262/4906 3473/4331/4975 3476/4264/4908
f 1312/4330/1786 1311/4332/1783 3473/4331/4975
f 3473/4331/4975 1311/4332/1783 3475/4333/4976
f 3473/4331/4975 3475/4333/4976 3476/4264/4909
f 3476/4264/4909 3475/4333/4976 3478/4266/4910
f 1311/4332/1783 1310/4334/1781 3475/4333/4976
f 3475/4333/4976 1310/4334/1781 3477/4335/4977
f 3475/4333/4976 3477/4335/4978 3478/4266/4910
f 3478/4266/4910 3477/4335/4978 3432/4268/4911
f 1310/4334/1781 1309/4336/1778 3477/4335/4978
f 3477/4335/4977 1309/4336/1778 3479/4337/4979
f 3477/4335/4977 3479/4337/4979 3432/4268/4911
f 3432/4268/4911 3479/4337/4979 3483/4338/4980
f 3432/4268/4911 3483/4338/4980 3482/4270/4912
f 3482/4270/4912 3483/4338/4980 3480/4272/4916
f 1309/4336/1778 1308/4339/1776 3479/4337/4979
f 3479/4337/4979 1308/4339/1776 3483/4338/4980
f 3483/4338/4980 1308/4339/1776 3480/4272/4916
f 3480/4272/4915 1308/4339/1776 1307/4340/1774
f 3480/4272/4916 1307/4340/1774 3484/4274/4921
f 3484/4274/4918 1307/4340/1774 1306/4341/1771
f 3484/4274/4921 1306/4341/1770 3486/4276/4924
f 3486/4276/4922 1306/4341/1771 1305/4342/1768
f 3486/4276/4922 1305/4342/1768 3488/4278/4925
f 3488/4278/4925 1305/4342/1768 1304/4343/1766
f 3488/4278/4925 1304/4343/1766 3490/4280/4927
f 3490/4280/4927 1304/4343/4981 1303/4344/4982
f 3490/4280/4927 1303/4344/1763 3492/4282/4930
f 3492/4282/4930 1303/4344/4983 1302/4345/1760
f 3492/4282/4930 1302/4345/1760 3494/4284/4932
f 3494/4284/4932 1302/4345/1760 1301/4346/1757
f 3494/4284/4932 1301/4346/1757 3496/4286/4934
f 3496/4286/4934 1301/4346/1757 1300/4347/1756
f 3496/4286/4934 1300/4347/1756 3498/4288/4938
f 3498/4288/4938 1300/4347/1756 1299/4348/1751
f 3498/4288/4938 1299/4348/1751 3500/4290/4940
f 3500/4290/4940 1299/4348/1751 1298/4349/1749
f 3500/4290/4940 1298/4349/1749 3502/4292/4943
f 3502/4292/4943 1298/4349/1749 1297/4294/1746
f 3407/4317/4959 3406/4350/4984 3525/4315/4958
f 3525/4315/4985 3406/4350/4984 3434/4351/4986
f 3525/4315/4958 3434/4351/4987 3523/4313/4957
f 3523/4313/4957 3434/4351/4987 3524/4352/4988
f 3523/4313/4957 3524/4352/4989 3521/4311/4956
f 3521/4311/4956 3524/4352/4988 3522/4353/4990
f 3521/4311/4956 3522/4353/4990 3519/4309/4954
f 3519/4309/4954 3522/4353/4990 3520/4354/4991
f 3519/4309/4954 3520/4354/4991 3517/4307/4953
f 3517/4307/4953 3520/4354/4991 3518/4355/4992
f 3517/4307/4953 3518/4355/4992 3515/4305/4951
f 3515/4305/4951 3518/4355/4992 3516/4356/4993
f 3515/4305/4951 3516/4356/4993 3513/4303/4950
f 3513/4303/4949 3516/4356/4993 3514/4357/4994
f 3513/4303/4949 3514/4357/4994 3511/4301/4948
f 3511/4301/4948 3514/4357/4994 3512/4358/4995
f 3511/4301/4948 3512/4358/4995 3509/4299/4947
f 3509/4299/4947 3512/4358/4995 3510/4359/4996
f 3509/4299/4947 3510/4359/4996 3507/4297/4946
f 3507/4297/4946 3510/4359/4996 3508/4360/4997
f 3507/4297/4946 3508/4360/4997 3503/4295/4945
f 3503/4295/4945 3508/4360/4997 3504/4361/4998
f 3503/4295/4945 3504/4361/4998 3505/4362/4999
f 3505/4362/5000 3504/4361/5001 1146/4363/1573
f 3505/4362/4999 1146/4363/1573 3433/4291/4942
f 3433/4291/4941 1146/4363/1573 1145/4364/1573
f 3433/4291/4941 1145/4364/1573 3501/4289/4939
f 3501/4289/4939 1145/4364/1573 1144/4365/1573
f 3501/4289/4939 1144/4365/1573 3499/4287/4937
f 3499/4287/4937 1144/4365/1573 1143/4366/1573
f 3499/4287/4937 1143/4366/1573 3497/4285/4933
f 3497/4285/4933 1143/4366/1573 1142/4367/1573
f 3497/4285/4935 1142/4367/1573 3495/4283/4931
f 3495/4283/4931 1142/4367/1573 1141/4368/1573
f 3495/4283/4931 1141/4368/1573 3493/4281/4929
f 3493/4281/4929 1141/4368/1573 1140/4369/1573
f 3493/4281/4929 1140/4369/1573 3491/4279/4928
f 3491/4279/4926 1140/4369/1573 1139/4370/1573
f 3491/4279/4928 1139/4370/1573 3489/4277/4923
f 3489/4277/4923 1139/4370/1573 1138/4371/1573
f 3489/4277/4923 1138/4371/1573 3487/4275/5002
f 3487/4275/5002 1138/4371/1573 1137/4372/1573
f 3487/4275/5002 1137/4372/1573 3485/4273/4917
f 3485/4273/4917 1137/4372/1573 1136/4373/1573
f 3485/4273/4917 1136/4373/1573 3481/4271/4914
f 3481/4271/4914 1136/4373/1573 1135/4269/1573
f 3406/4350/4984 3405/4374/5003 3434/4351/4987
f 3434/4351/4987 3405/4374/5003 1156/4375/1573
f 3434/4351/4987 1156/4375/1573 3524/4352/4988
f 3524/4352/4988 1156/4375/1573 1155/4376/1573
f 3524/4352/4988 1155/4376/1573 3522/4353/4990
f 3522/4353/4990 1155/4376/1573 1154/4377/1573
f 3522/4353/4990 1154/4377/1573 3520/4354/4991
f 3520/4354/4991 1154/4377/1573 1153/4378/1573
f 3520/4354/5004 1153/4378/1573 3518/4355/4992
f 3518/4355/4992 1153/4378/1573 1152/4379/1573
f 3518/4355/4992 1152/4379/1573 3516/4356/4993
f 3516/4356/4993 1152/4379/1573 1151/4380/1573
f 3516/4356/4993 1151/4380/1573 3514/4357/4994
f 3514/4357/4994 1151/4380/1573 1150/4381/1573
f 3514/4357/4994 1150/4381/1573 3512/4358/4995
f 3512/4358/4995 1150/4381/1573 1149/4382/1573
f 3512/4358/4995 1149/4382/1573 3510/4359/4996
f 3510/4359/4996 1149/4382/1573 1148/4383/1573
f 3510/4359/4996 1148/4383/1573 3508/4360/4997
f 3508/4360/4997 1148/4383/1573 1147/4384/1573
f 3508/4360/4997 1147/4384/1573 3504/4361/4998
f 3504/4361/5001 1147/4384/1573 1146/4363/1573
f 3405/4374/5003 1096/4385/5005 1156/4375/1573
f 1125/4250/1573 1124/4386/1573 3458/4248/4895
f 3458/4248/4895 1124/4386/1573 3459/4387/5006
f 3458/4248/4895 3459/4387/5006 3460/4246/4893
f 3460/4246/4893 3459/4387/5006 3455/4244/4892
f 3459/4387/5006 1124/4386/1573 3456/4388/5007
f 3456/4388/5007 1124/4386/1573 1123/4389/1573
f 3456/4388/5007 1123/4389/1573 3454/4390/5008
f 3454/4390/5008 1123/4389/1573 1122/4391/1573
f 3454/4390/5008 1122/4391/1573 3452/4392/5009
f 3452/4392/5009 1122/4391/1573 1121/4393/1573
f 3452/4392/5010 1121/4393/1573 3450/4394/5011
f 3450/4394/5011 1121/4393/1573 1120/4395/1573
f 3450/4394/5012 1120/4395/1573 3448/4396/5013
f 3448/4396/5013 1120/4395/1573 1119/4397/1573
f 3448/4396/5014 1119/4397/1573 3446/4398/5015
f 3446/4398/5015 1119/4397/1573 1118/4399/1573
f 3446/4398/5015 1118/4399/1573 3444/4400/5016
f 3444/4400/5016 1118/4399/1573 1117/4401/1573
f 3444/4400/5017 1117/4401/1573 3442/4402/5018
f 3442/4402/5019 1117/4401/1573 1116/4403/1573
f 3442/4402/5019 1116/4403/1573 3440/4404/5020
f 3440/4404/5020 1116/4403/1573 1115/4405/1573
f 3440/4404/5020 1115/4405/1573 3438/4406/5021
f 3438/4406/5021 1115/4405/1573 1114/4218/1573
f 3438/4406/5021 1114/4218/1573 3436/4220/4876
f 3438/4406/5021 3436/4220/4876 3435/4223/4879
f 3440/4404/5020 3438/4406/5021 3437/4226/4880
f 3437/4226/4880 3438/4406/5021 3435/4223/4879
f 3442/4402/5019 3440/4404/5022 3439/4228/4881
f 3439/4228/4882 3440/4404/5020 3437/4226/4880
f 3444/4400/5016 3442/4402/5019 3441/4230/4883
f 3441/4230/4883 3442/4402/5019 3439/4228/4881
f 3446/4398/5015 3444/4400/5016 3443/4232/4884
f 3443/4232/4884 3444/4400/5016 3441/4230/4883
f 3448/4396/5013 3446/4398/5015 3445/4234/4886
f 3445/4234/4886 3446/4398/5015 3443/4232/4884
f 3450/4394/5011 3448/4396/5013 3447/4236/4887
f 3447/4236/4887 3448/4396/5014 3445/4234/4886
f 3452/4392/5009 3450/4394/5011 3449/4238/4888
f 3449/4238/4888 3450/4394/5011 3447/4236/4887
f 3454/4390/5008 3452/4392/5009 3451/4240/4890
f 3451/4240/4890 3452/4392/5010 3449/4238/4888
f 3456/4388/5007 3454/4390/5008 3453/4242/4891
f 3453/4242/4891 3454/4390/5008 3451/4240/4890
f 3459/4387/5006 3456/4388/5007 3455/4244/4892
f 3455/4244/4892 3456/4388/5007 3453/4242/4891
f 3505/4362/4999 3433/4291/4941 3506/4293/5023
f 3506/4293/5024 3503/4295/4945 3505/4362/4999
f 1194/4407/1573 3530/4408/5025 1157/4409/1573
f 1157/4409/1573 3530/4408/5026 3533/4410/5027
f 1157/4409/1573 3533/4410/5027 1158/4411/1573
f 1158/4411/1573 3533/4410/5027 3602/4412/5028
f 1158/4411/1573 3602/4412/5028 1159/4413/1573
f 1159/4413/1573 3602/4412/5028 3600/4414/5029
f 1159/4413/1573 3600/4414/5029 1160/4415/1573
f 1160/4415/1573 3600/4414/5029 3598/4416/5030
f 1160/4415/1573 3598/4416/5030 1161/4417/1573
f 1161/4417/1573 3598/4416/5030 3596/4418/5031
f 1161/4417/1573 3596/4418/5031 1162/4419/1573
f 1162/4419/1573 3596/4418/5031 3594/4420/5032
f 1162/4419/1573 3594/4420/5032 1163/4421/1573
f 1163/4421/1573 3594/4420/5033 3592/4422/5034
f 1163/4421/1573 3592/4422/5035 1164/4423/1573
f 1164/4423/1573 3592/4422/5035 3590/4424/5036
f 1164/4423/1573 3590/4424/5036 1165/4425/1573
f 1165/4425/1573 3590/4424/5036 3587/4426/5037
f 1165/4425/1573 3587/4426/5037 1166/4427/1573
f 1166/4427/1573 3587/4426/5038 3589/4428/5039
f 1166/4427/1573 3589/4428/5039 3529/4429/5040
f 3529/4429/5040 3589/4428/5039 3528/4430/5041
f 3529/4429/5040 3528/4430/5041 3586/4431/5042
f 3586/4431/5042 3528/4430/5041 2190/4432/2950
f 3586/4431/5042 2190/4432/2950 3585/4433/5043
f 3585/4433/5043 2190/4432/2950 2189/4434/2951
f 3585/4433/5044 2189/4434/2951 3583/4435/5045
f 3583/4435/5045 2189/4434/2951 2188/4436/2952
f 3583/4435/5046 2188/4436/2952 3581/4437/5047
f 3581/4437/5047 2188/4436/2952 2187/4438/2953
f 3581/4437/5048 2187/4438/2954 3579/4439/5049
f 3579/4439/5049 2187/4438/2954 2186/4440/2955
f 3579/4439/5049 2186/4440/2955 3577/4441/5050
f 3577/4441/5050 2186/4440/2955 2185/4442/2956
f 3577/4441/5050 2185/4442/2957 3575/4443/5051
f 3575/4443/5051 2185/4442/2957 2184/4444/2958
f 3575/4443/5051 2184/4444/2958 3573/4445/5052
f 3573/4445/5053 2184/4444/2959 2183/4446/2960
f 3573/4445/5052 2183/4446/2960 3571/4447/5054
f 3571/4447/5055 2183/4446/2960 2182/4448/2961
f 3571/4447/5054 2182/4448/2961 3569/4449/5056
f 3569/4449/5057 2182/4448/2961 2181/4450/2962
f 3569/4449/5056 2181/4450/2962 3567/4451/5058
f 3567/4451/5058 2181/4450/2962 2180/4452/2963
f 3567/4451/5058 2180/4452/2963 3565/4453/5059
f 3565/4453/5060 2180/4452/2963 2179/4454/2964
f 3565/4453/5060 2179/4454/2964 3563/4455/5061
f 3563/4455/5062 2179/4454/2964 2178/4456/2965
f 3563/4455/5062 2178/4456/2966 3561/4457/5063
f 3561/4457/5063 2178/4456/2966 2177/4458/2967
f 3561/4457/5064 2177/4458/2967 3559/4459/5065
f 3559/4459/5065 2177/4458/2967 2176/4460/2969
f 3559/4459/5065 2176/4460/2969 3557/4461/5066
f 3557/4461/5067 2176/4460/2969 2175/4462/2970
f 3557/4461/5068 2175/4462/2971 3555/4463/5069
f 3555/4463/5069 2175/4462/2971 2174/4464/2972
f 3555/4463/5070 2174/4464/2972 3553/4465/5071
f 3553/4465/5071 2174/4464/2972 2173/4466/2973
f 3553/4465/5072 2173/4466/2973 3551/4467/5073
f 3551/4467/5074 2173/4466/2973 2172/4468/2974
f 3551/4467/5073 2172/4468/2974 3527/4469/4759
f 3527/4470/4759 2172/4471/2974 2171/4472/2975
f 3527/4470/4759 2171/4472/2975 3549/4473/5075
f 3549/4473/5076 2171/4472/2975 2170/4474/2976
f 3549/4473/5075 2170/4474/2976 3547/4475/5077
f 3547/4475/5078 2170/4474/2976 2169/4476/2977
f 3547/4475/5078 2169/4476/2977 3545/4477/5079
f 3545/4477/5080 2169/4476/2977 2168/4478/2978
f 3545/4477/5080 2168/4478/2978 3543/4479/5081
f 3543/4479/5082 2168/4478/2979 2167/4480/2980
f 3543/4479/5083 2167/4480/2980 3541/4481/5084
f 3541/4481/5084 2167/4480/2980 2166/4482/2982
f 3541/4481/5084 2166/4482/2982 3539/4483/5085
f 3539/4483/5086 2166/4482/2982 2165/4484/2984
f 3539/4483/5086 2165/4484/2984 3537/4485/5087
f 3537/4485/5087 2165/4484/2983 2164/4486/2985
f 3537/4485/5088 2164/4486/5089 3535/4487/5090
f 3535/4487/5090 2164/4486/2985 2163/4488/2937
f 3535/4487/5091 2163/4488/2937 3531/4489/5092
f 3531/4489/5092 2163/4488/2937 2162/4490/2764
f 3531/4489/5092 2162/4490/2764 3532/4491/5093
f 3532/4491/5094 2162/4490/2764 2199/4492/2938
f 3532/4491/5093 2199/4492/2938 3603/4493/5095
f 3603/4493/5096 2199/4492/2938 2198/4494/2939
f 3603/4493/5096 2198/4494/2939 3601/4495/5097
f 3601/4495/5097 2198/4494/2939 2197/4496/2941
f 3601/4495/5098 2197/4496/2940 3599/4497/5099
f 3599/4497/5099 2197/4496/2940 2196/4498/2942
f 3599/4497/5099 2196/4498/2942 3597/4499/5100
f 3597/4499/5100 2196/4498/2943 2195/4500/2944
f 3597/4499/5100 2195/4500/2944 3595/4501/5101
f 3595/4501/5101 2195/4500/2944 2194/4502/2945
f 3595/4501/5101 2194/4502/2945 3593/4503/5102
f 3593/4503/5103 2194/4502/2946 2193/4504/2947
f 3593/4503/5103 2193/4504/2947 3591/4505/5104
f 3591/4505/5105 2193/4504/2947 2192/4506/2948
f 3591/4505/5105 2192/4506/2948 3588/4507/5106
f 3588/4507/5107 2192/4506/2948 2191/4508/2949
f 3588/4507/5107 2191/4508/2949 3528/4430/5041
f 3528/4430/5041 2191/4508/2949 2190/4432/2950
f 3530/4408/5026 1194/4407/1573 3534/4509/5108
f 3534/4509/5108 1194/4407/1573 1193/4510/1573
f 3534/4509/5108 1193/4510/1573 3536/4511/5109
f 3536/4511/5109 1193/4510/1573 1192/4512/1573
f 3536/4511/5109 1192/4512/1573 3538/4513/5110
f 3538/4513/5110 1192/4512/1573 1191/4514/1573
f 3538/4513/5111 1191/4514/1573 3540/4515/5112
f 3540/4515/5112 1191/4514/1573 1190/4516/1573
f 3540/4515/5112 1190/4516/1573 3542/4517/5113
f 3542/4517/5113 1190/4516/1573 1189/4518/1573
f 3542/4517/5113 1189/4518/1573 3544/4519/5114
f 3544/4519/5114 1189/4518/1573 1188/4520/1573
f 3544/4519/5114 1188/4520/1573 3546/4521/5115
f 3546/4521/5115 1188/4520/1573 1187/4522/1573
f 3546/4521/5115 1187/4522/1573 3548/4523/5116
f 3548/4523/5116 1187/4522/1573 1186/4524/1573
f 3548/4523/5116 1186/4524/1573 3526/4525/4760
f 3526/4526/4760 1186/4527/1573 1185/4528/1573
f 3526/4526/4760 1185/4528/1573 3550/4529/5117
f 3550/4529/5117 1185/4528/1573 1184/4530/1573
f 3550/4529/5117 1184/4530/1573 3552/4531/5118
f 3552/4531/5118 1184/4530/1573 1183/4532/1573
f 3552/4531/5118 1183/4532/1573 3554/4533/5119
f 3554/4533/5119 1183/4532/1573 1182/4534/1573
f 3554/4533/5119 1182/4534/1573 3556/4535/5120
f 3556/4535/5120 1182/4534/1573 1181/4536/1573
f 3556/4535/5120 1181/4536/1573 3558/4537/5121
f 3558/4537/5121 1181/4536/1573 1180/4538/1573
f 3558/4537/5121 1180/4538/1573 3560/4539/5122
f 3560/4539/5123 1180/4538/1573 1179/4540/1573
f 3560/4539/5123 1179/4540/1573 3562/4541/5124
f 3562/4541/5124 1179/4540/1573 1178/4542/1573
f 3562/4541/5124 1178/4542/1573 3564/4543/5125
f 3564/4543/5125 1178/4542/1573 1177/4544/1573
f 3564/4543/5125 1177/4544/1573 3566/4545/5126
f 3566/4545/5127 1177/4544/1573 1176/4546/1573
f 3566/4545/5126 1176/4546/1573 3568/4547/5128
f 3568/4547/5128 1176/4546/1573 1175/4548/1573
f 3568/4547/5128 1175/4548/1573 3570/4549/5129
f 3570/4549/5129 1175/4548/1573 1174/4550/1573
f 3570/4549/5129 1174/4550/1573 3572/4551/5130
f 3572/4551/5130 1174/4550/1573 1173/4552/1573
f 3572/4551/5130 1173/4552/1573 3574/4553/5131
f 3574/4553/5131 1173/4552/1573 1172/4554/1573
f 3574/4553/5131 1172/4554/1573 3576/4555/5132
f 3576/4555/5132 1172/4554/1573 1171/4556/1573
f 3576/4555/5132 1171/4556/1573 3578/4557/5133
f 3578/4557/5133 1171/4556/1573 1170/4558/1573
f 3578/4557/5134 1170/4558/1573 3580/4559/5135
f 3580/4559/5136 1170/4558/1573 1169/4560/1573
f 3580/4559/5136 1169/4560/1573 3582/4561/5137
f 3582/4561/5137 1169/4560/1573 1168/4562/1573
f 3582/4561/5137 1168/4562/1573 3584/4563/5138
f 3584/4563/5138 1168/4562/1573 1167/4564/1573
f 3584/4563/5139 1167/4564/1573 3529/4429/5040
f 3529/4429/5040 1167/4564/1573 1166/4427/1573
f 3526/4525/4760 3527/4470/4759 3548/4523/5116
f 3548/4523/5116 3527/4470/4759 3549/4473/5076
f 3548/4523/5116 3549/4473/5076 3546/4521/5115
f 3546/4521/5115 3549/4473/5076 3547/4475/5140
f 3546/4521/5115 3547/4475/5078 3544/4519/5114
f 3544/4519/5114 3547/4475/5078 3545/4477/5079
f 3544/4519/5114 3545/4477/5079 3542/4517/5113
f 3542/4517/5113 3545/4477/5079 3543/4479/5141
f 3542/4517/5113 3543/4479/5082 3540/4515/5112
f 3540/4515/5112 3543/4479/5082 3541/4481/5084
f 3540/4515/5112 3541/4481/5084 3538/4513/5110
f 3538/4513/5110 3541/4481/5084 3539/4483/5086
f 3538/4513/5110 3539/4483/5085 3536/4511/5142
f 3536/4511/5109 3539/4483/5086 3537/4485/5087
f 3536/4511/5142 3537/4485/5087 3534/4509/5108
f 3534/4509/5108 3537/4485/5088 3535/4487/5090
f 3534/4509/5108 3535/4487/5090 3530/4408/5026
f 3530/4408/5026 3535/4487/5090 3531/4489/5092
f 3530/4408/5026 3531/4489/5092 3533/4410/5027
f 3533/4410/5027 3531/4489/5092 3532/4491/5094
f 3533/4410/5027 3532/4491/5094 3602/4412/5028
f 3602/4412/5028 3532/4491/5094 3603/4493/5096
f 3602/4412/5028 3603/4493/5096 3600/4414/5029
f 3600/4414/5029 3603/4493/5095 3601/4495/5097
f 3600/4414/5029 3601/4495/5097 3598/4416/5030
f 3598/4416/5030 3601/4495/5097 3599/4497/5099
f 3598/4416/5030 3599/4497/5099 3596/4418/5031
f 3596/4418/5031 3599/4497/5099 3597/4499/5100
f 3596/4418/5031 3597/4499/5100 3594/4420/5032
f 3594/4420/5032 3597/4499/5100 3595/4501/5101
f 3594/4420/5032 3595/4501/5101 3592/4422/5034
f 3592/4422/5035 3595/4501/5101 3593/4503/5102
f 3592/4422/5035 3593/4503/5103 3590/4424/5036
f 3590/4424/5036 3593/4503/5143 3591/4505/5105
f 3590/4424/5036 3591/4505/5104 3587/4426/5037
f 3587/4426/5037 3591/4505/5104 3588/4507/5107
f 3587/4426/5037 3588/4507/5106 3589/4428/5039
f 3589/4428/5039 3588/4507/5106 3528/4430/5041
f 3527/4469/4759 3526/4526/4760 3551/4467/5074
f 3551/4467/5074 3526/4526/4760 3550/4529/5117
f 3551/4467/5074 3550/4529/5117 3553/4465/5071
f 3553/4465/5071 3550/4529/5117 3552/4531/5118
f 3553/4465/5071 3552/4531/5118 3555/4463/5069
f 3555/4463/5070 3552/4531/5144 3554/4533/5119
f 3555/4463/5070 3554/4533/5119 3557/4461/5145
f 3557/4461/5145 3554/4533/5119 3556/4535/5120
f 3557/4461/5067 3556/4535/5120 3559/4459/5065
f 3559/4459/5065 3556/4535/5120 3558/4537/5121
f 3559/4459/5065 3558/4537/5121 3561/4457/5063
f 3561/4457/5063 3558/4537/5121 3560/4539/5123
f 3561/4457/5063 3560/4539/5123 3563/4455/5062
f 3563/4455/5062 3560/4539/5123 3562/4541/5124
f 3563/4455/5062 3562/4541/5146 3565/4453/5147
f 3565/4453/5060 3562/4541/5124 3564/4543/5125
f 3565/4453/5060 3564/4543/5125 3567/4451/5058
f 3567/4451/5058 3564/4543/5125 3566/4545/5126
f 3567/4451/5058 3566/4545/5127 3569/4449/5056
f 3569/4449/5057 3566/4545/5126 3568/4547/5128
f 3569/4449/5057 3568/4547/5128 3571/4447/5055
f 3571/4447/5055 3568/4547/5128 3570/4549/5129
f 3571/4447/5055 3570/4549/5129 3573/4445/5052
f 3573/4445/5053 3570/4549/5129 3572/4551/5130
f 3573/4445/5053 3572/4551/5130 3575/4443/5051
f 3575/4443/5051 3572/4551/5130 3574/4553/5131
f 3575/4443/5051 3574/4553/5131 3577/4441/5050
f 3577/4441/5050 3574/4553/5131 3576/4555/5132
f 3577/4441/5050 3576/4555/5132 3579/4439/5049
f 3579/4439/5049 3576/4555/5132 3578/4557/5133
f 3579/4439/5049 3578/4557/5133 3581/4437/5048
f 3581/4437/5048 3578/4557/5133 3580/4559/5136
f 3581/4437/5047 3580/4559/5136 3583/4435/5046
f 3583/4435/5045 3580/4559/5136 3582/4561/5137
f 3583/4435/5046 3582/4561/5137 3585/4433/5044
f 3585/4433/5043 3582/4561/5137 3584/4563/5138
f 3585/4433/5044 3584/4563/5138 3586/4431/5042
f 3586/4431/5042 3584/4563/5139 3529/4429/5040
f 2237/4565/2937 3606/4566/5148 2200/4567/2764
f 2200/4567/2764 3606/4566/5148 3609/4568/5149
f 2200/4567/2764 3609/4568/5149 2201/4569/2938
f 2201/4569/2938 3609/4568/5149 3678/4570/5150
f 2201/4569/2938 3678/4570/5150 2202/4571/2939
f 2202/4571/2939 3678/4570/5150 3676/4572/5151
f 2202/4571/2939 3676/4572/5151 2203/4573/2940
f 2203/4573/2940 3676/4572/5151 3674/4574/5152
f 2203/4573/2941 3674/4574/5152 2204/4575/2942
f 2204/4575/2942 3674/4574/5152 3672/4576/5153
f 2204/4575/2942 3672/4576/5153 2205/4577/2944
f 2205/4577/2944 3672/4576/5153 3670/4578/5154
f 2205/4577/2944 3670/4578/5154 2206/4579/2945
f 2206/4579/2945 3670/4578/5154 3668/4580/5155
f 2206/4579/2946 3668/4580/5156 2207/4581/2947
f 2207/4581/2947 3668/4580/5155 3666/4582/5157
f 2207/4581/2947 3666/4582/5157 2208/4583/2948
f 2208/4583/2948 3666/4582/5157 3664/4584/5158
f 2208/4583/2948 3664/4584/5158 2209/4585/2949
f 2209/4585/2949 3664/4584/5158 3662/4586/4767
f 2209/4585/2949 3662/4586/4767 2210/4587/2950
f 2210/4587/2950 3662/4586/4767 3660/4588/5159
f 2210/4587/2950 3660/4588/5159 2211/4589/2951
f 2211/4589/2951 3660/4588/5159 3658/4590/5160
f 2211/4589/2951 3658/4590/5160 2212/4591/2952
f 2212/4591/2952 3658/4590/5160 3656/4592/5161
f 2212/4591/2952 3656/4592/5162 2213/4593/2953
f 2213/4593/2954 3656/4592/5161 3654/4594/5163
f 2213/4593/2954 3654/4594/5163 2214/4595/2955
f 2214/4595/2955 3654/4594/5163 3652/4596/5164
f 2214/4595/2955 3652/4596/5164 2215/4597/2957
f 2215/4597/2957 3652/4596/5164 3650/4598/5165
f 2215/4597/2957 3650/4598/5165 2216/4599/2959
f 2216/4599/2958 3650/4598/5165 3648/4600/5166
f 2216/4599/2958 3648/4600/5166 2217/4601/2960
f 2217/4601/2960 3648/4600/5166 3646/4602/5167
f 2217/4601/2960 3646/4602/5167 2218/4603/2961
f 2218/4603/2961 3646/4602/5167 3644/4604/5168
f 2218/4603/2961 3644/4604/5168 2219/4605/2962
f 2219/4605/2962 3644/4604/5168 3642/4606/5169
f 2219/4605/2962 3642/4606/5169 2220/4607/2963
f 2220/4607/2963 3642/4606/5169 3640/4608/5170
f 2220/4607/2963 3640/4608/5170 2221/4609/2964
f 2221/4609/2964 3640/4608/5170 3638/4610/5171
f 2221/4609/2964 3638/4610/5171 2222/4611/2965
f 2222/4611/2965 3638/4610/5171 3636/4612/5172
f 2222/4611/2966 3636/4612/5172 2223/4613/2967
f 2223/4613/2967 3636/4612/5172 3634/4614/5173
f 2223/4613/2967 3634/4614/5173 2224/4615/2969
f 2224/4615/2969 3634/4614/5173 3632/4616/5174
f 2224/4615/2969 3632/4616/5174 2225/4617/2970
f 2225/4617/2970 3632/4616/5174 3630/4618/5175
f 2225/4617/2971 3630/4618/5176 2226/4619/2972
f 2226/4619/2972 3630/4618/5175 3628/4620/5177
f 2226/4619/2972 3628/4620/5177 2227/4621/2973
f 2227/4621/2973 3628/4620/5177 3626/4622/5178
f 2227/4621/2973 3626/4622/5178 2228/4623/2974
f 2228/4623/2974 3626/4622/5178 3604/4624/4759
f 2228/4623/2974 3604/4624/4759 2229/4625/2975
f 2229/4626/2975 3604/4627/4759 3624/4628/5179
f 2229/4626/2975 3624/4628/5179 2230/4629/2976
f 2230/4629/2976 3624/4628/5179 3622/4630/5180
f 2230/4629/2976 3622/4630/5180 2231/4631/2977
f 2231/4631/2977 3622/4630/5180 3620/4632/5181
f 2231/4631/2977 3620/4632/5182 2232/4633/2978
f 2232/4633/2979 3620/4632/5181 3618/4634/5183
f 2232/4633/2979 3618/4634/5183 2233/4635/2980
f 2233/4635/2980 3618/4634/5183 3616/4636/5184
f 2233/4635/2980 3616/4636/5184 2234/4637/2982
f 2234/4637/2982 3616/4636/5184 3614/4638/5185
f 2234/4637/2982 3614/4638/5185 2235/4639/2984
f 2235/4639/2983 3614/4638/5185 3612/4640/5186
f 2235/4639/2983 3612/4640/5186 2236/4641/2985
f 2236/4641/2985 3612/4640/5186 3610/4642/5187
f 2236/4641/2985 3610/4642/5187 2237/4565/2937
f 2237/4565/2937 3610/4642/5187 3606/4566/5148
f 2275/4643/1573 3608/4644/5188 2238/4645/1573
f 2238/4645/1573 3608/4644/5188 3607/4646/5189
f 2238/4645/1573 3607/4646/5189 2239/4647/1573
f 2239/4647/1573 3607/4646/5189 3611/4648/5190
f 2239/4647/1573 3611/4648/5191 2240/4649/1573
f 2240/4649/1573 3611/4648/5191 3613/4650/5192
f 2240/4649/1573 3613/4650/5192 2241/4651/1573
f 2241/4651/1573 3613/4650/5193 3615/4652/5194
f 2241/4651/1573 3615/4652/5194 2242/4653/1573
f 2242/4653/1573 3615/4652/5194 3617/4654/5195
f 2242/4653/1573 3617/4654/5196 2243/4655/1573
f 2243/4655/1573 3617/4654/5195 3619/4656/5197
f 2243/4655/1573 3619/4656/5197 2244/4657/1573
f 2244/4657/1573 3619/4656/5197 3621/4658/5198
f 2244/4657/1573 3621/4658/5199 2245/4659/1573
f 2245/4659/1573 3621/4658/5199 3623/4660/5200
f 2245/4659/1573 3623/4660/5200 2246/4661/1573
f 2246/4661/1573 3623/4660/5201 3625/4662/5202
f 2246/4661/1573 3625/4662/5202 2247/4663/1573
f 2247/4663/1573 3625/4662/5202 3605/4664/4760
f 2247/4663/1573 3605/4664/4760 2248/4665/1573
f 2248/4666/1573 3605/4667/4760 3627/4668/5203
f 2248/4666/1573 3627/4668/5203 2249/4669/1573
f 2249/4669/1573 3627/4668/5203 3629/4670/5204
f 2249/4669/1573 3629/4670/5205 2250/4671/1573
f 2250/4671/1573 3629/4670/5205 3631/4672/5206
f 2250/4671/1573 3631/4672/5206 2251/4673/1573
f 2251/4673/1573 3631/4672/5207 3633/4674/5208
f 2251/4673/1573 3633/4674/5208 2252/4675/1573
f 2252/4675/1573 3633/4674/5208 3635/4676/5209
f 2252/4675/1573 3635/4676/5210 2253/4677/1573
f 2253/4677/1573 3635/4676/5209 3637/4678/5211
f 2253/4677/1573 3637/4678/5211 2254/4679/1573
f 2254/4679/1573 3637/4678/5211 3639/4680/5212
f 2254/4679/1573 3639/4680/5213 2255/4681/1573
f 2255/4681/1573 3639/4680/5213 3641/4682/5214
f 2255/4681/1573 3641/4682/5214 2256/4683/1573
f 2256/4683/1573 3641/4682/5215 3643/4684/5216
f 2256/4683/1573 3643/4684/5216 2257/4685/1573
f 2257/4685/1573 3643/4684/5216 3645/4686/5217
f 2257/4685/1573 3645/4686/5217 2258/4687/1573
f 2258/4687/1573 3645/4686/5217 3647/4688/5218
f 2258/4687/1573 3647/4688/5219 2259/4689/1573
f 2259/4689/1573 3647/4688/5219 3649/4690/5220
f 2259/4689/1573 3649/4690/5220 2260/4691/1573
f 2260/4691/1573 3649/4690/5221 3651/4692/5222
f 2260/4691/1573 3651/4692/5222 2261/4693/1573
f 2261/4693/1573 3651/4692/5222 3653/4694/5223
f 2261/4693/1573 3653/4694/5224 2262/4695/1573
f 2262/4695/1573 3653/4694/5223 3655/4696/5225
f 2262/4695/1573 3655/4696/5225 2263/4697/1573
f 2263/4697/1573 3655/4696/5225 3657/4698/5226
f 2263/4697/1573 3657/4698/5227 2264/4699/1573
f 2264/4699/1573 3657/4698/5227 3659/4700/5228
f 2264/4699/1573 3659/4700/5228 2265/4701/1573
f 2265/4701/1573 3659/4700/5229 3661/4702/5230
f 2265/4701/1573 3661/4702/5230 2266/4703/1573
f 2266/4703/1573 3661/4702/5230 3663/4704/4772
f 2266/4703/1573 3663/4704/4772 2267/4705/1573
f 2267/4705/1573 3663/4704/4772 3665/4706/5231
f 2267/4705/1573 3665/4706/5231 2268/4707/1573
f 2268/4707/1573 3665/4706/5231 3667/4708/5232
f 2268/4707/1573 3667/4708/5233 2269/4709/1573
f 2269/4709/1573 3667/4708/5233 3669/4710/5234
f 2269/4709/1573 3669/4710/5234 2270/4711/1573
f 2270/4711/1573 3669/4710/5235 3671/4712/5236
f 2270/4711/1573 3671/4712/5236 2271/4713/1573
f 2271/4713/1573 3671/4712/5236 3673/4714/5237
f 2271/4713/1573 3673/4714/5238 2272/4715/1573
f 2272/4715/1573 3673/4714/5237 3675/4716/5239
f 2272/4715/1573 3675/4716/5239 2273/4717/1573
f 2273/4717/1573 3675/4716/5239 3677/4718/5240
f 2273/4717/1573 3677/4718/5241 2274/4719/1573
f 2274/4719/1573 3677/4718/5241 3679/4720/5242
f 2274/4719/1573 3679/4720/5242 2275/4643/1573
f 2275/4643/1573 3679/4720/5243 3608/4644/5188
f 3604/4627/4759 3605/4664/4760 3624/4628/5244
f 3624/4628/5179 3605/4664/4760 3625/4662/5202
f 3624/4628/5179 3625/4662/5202 3622/4630/5180
f 3622/4630/5180 3625/4662/5202 3623/4660/5200
f 3622/4630/5180 3623/4660/5201 3620/4632/5181
f 3620/4632/5181 3623/4660/5200 3621/4658/5199
f 3620/4632/5182 3621/4658/5199 3618/4634/5183
f 3618/4634/5183 3621/4658/5199 3619/4656/5197
f 3618/4634/5183 3619/4656/5197 3616/4636/5184
f 3616/4636/5184 3619/4656/5197 3617/4654/5196
f 3616/4636/5245 3617/4654/5195 3614/4638/5185
f 3614/4638/5185 3617/4654/5195 3615/4652/5194
f 3614/4638/5185 3615/4652/5194 3612/4640/5186
f 3612/4640/5186 3615/4652/5194 3613/4650/5193
f 3612/4640/5186 3613/4650/5193 3610/4642/5187
f 3610/4642/5187 3613/4650/5192 3611/4648/5191
f 3610/4642/5187 3611/4648/5191 3606/4566/5148
f 3606/4566/5148 3611/4648/5191 3607/4646/5189
f 3606/4566/5148 3607/4646/5189 3609/4568/5149
f 3609/4568/5149 3607/4646/5189 3608/4644/5188
f 3609/4568/5149 3608/4644/5188 3678/4570/5150
f 3678/4570/5150 3608/4644/5188 3679/4720/5242
f 3678/4570/5150 3679/4720/5242 3676/4572/5151
f 3676/4572/5151 3679/4720/5242 3677/4718/5240
f 3676/4572/5151 3677/4718/5241 3674/4574/5152
f 3674/4574/5152 3677/4718/5240 3675/4716/5239
f 3674/4574/5152 3675/4716/5239 3672/4576/5246
f 3672/4576/5153 3675/4716/5239 3673/4714/5237
f 3672/4576/5153 3673/4714/5247 3670/4578/5154
f 3670/4578/5154 3673/4714/5237 3671/4712/5248
f 3670/4578/5154 3671/4712/5236 3668/4580/5156
f 3668/4580/5155 3671/4712/5236 3669/4710/5234
f 3668/4580/5155 3669/4710/5234 3666/4582/5157
f 3666/4582/5157 3669/4710/5234 3667/4708/5232
f 3666/4582/5157 3667/4708/5233 3664/4584/5158
f 3664/4584/5158 3667/4708/5232 3665/4706/5231
f 3664/4584/5158 3665/4706/5231 3662/4586/4767
f 3662/4586/4767 3665/4706/5231 3663/4704/4772
f 3662/4586/4767 3663/4704/4772 3660/4588/5249
f 3660/4588/5159 3663/4704/4772 3661/4702/5230
f 3660/4588/5159 3661/4702/5230 3658/4590/5160
f 3658/4590/5160 3661/4702/5230 3659/4700/5228
f 3658/4590/5160 3659/4700/5229 3656/4592/5161
f 3656/4592/5161 3659/4700/5228 3657/4698/5227
f 3656/4592/5162 3657/4698/5227 3654/4594/5163
f 3654/4594/5163 3657/4698/5227 3655/4696/5225
f 3654/4594/5163 3655/4696/5225 3652/4596/5164
f 3652/4596/5164 3655/4696/5225 3653/4694/5224
f 3652/4596/5250 3653/4694/5223 3650/4598/5165
f 3650/4598/5165 3653/4694/5223 3651/4692/5222
f 3650/4598/5165 3651/4692/5222 3648/4600/5166
f 3648/4600/5166 3651/4692/5222 3649/4690/5221
f 3648/4600/5166 3649/4690/5221 3646/4602/5167
f 3646/4602/5167 3649/4690/5220 3647/4688/5219
f 3646/4602/5167 3647/4688/5219 3644/4604/5168
f 3644/4604/5168 3647/4688/5219 3645/4686/5217
f 3644/4604/5168 3645/4686/5217 3642/4606/5169
f 3642/4606/5169 3645/4686/5217 3643/4684/5216
f 3642/4606/5169 3643/4684/5216 3640/4608/5170
f 3640/4608/5170 3643/4684/5216 3641/4682/5214
f 3640/4608/5170 3641/4682/5214 3638/4610/5171
f 3638/4610/5171 3641/4682/5214 3639/4680/5212
f 3638/4610/5171 3639/4680/5213 3636/4612/5172
f 3636/4612/5172 3639/4680/5212 3637/4678/5211
f 3636/4612/5172 3637/4678/5211 3634/4614/5251
f 3634/4614/5173 3637/4678/5211 3635/4676/5209
f 3634/4614/5173 3635/4676/5252 3632/4616/5174
f 3632/4616/5174 3635/4676/5209 3633/4674/5253
f 3632/4616/5174 3633/4674/5208 3630/4618/5176
f 3630/4618/5175 3633/4674/5208 3631/4672/5206
f 3630/4618/5175 3631/4672/5206 3628/4620/5177
f 3628/4620/5177 3631/4672/5206 3629/4670/5204
f 3628/4620/5177 3629/4670/5205 3626/4622/5178
f 3626/4622/5178 3629/4670/5204 3627/4668/5203
f 3626/4622/5178 3627/4668/5203 3604/4624/4759
f 3604/4624/4759 3627/4668/5203 3605/4667/4760
f 1002/4721/1573 3682/4722/5254 990/4723/1573
f 990/4723/1573 3682/4722/5255 3685/4724/4760
f 990/4723/1573 3685/4724/4760 3706/4725/5256
f 3706/4725/5257 3685/4724/4760 3684/4726/4759
f 3706/4725/5257 3684/4726/4759 3707/4727/5258
f 3707/4727/5259 3684/4726/4759 2357/4728/9
f 3707/4727/5258 2357/4728/9 2368/4729/3041
f 3682/4722/5255 1002/4721/1573 3686/4730/5260
f 3686/4730/5261 1002/4721/1573 1001/4731/1573
f 3686/4730/5261 1001/4731/1573 3688/4732/5262
f 3688/4732/5263 1001/4731/1573 1000/4733/1573
f 3688/4732/5263 1000/4733/1573 3690/4734/5264
f 3690/4734/5265 1000/4733/1573 999/4735/1573
f 3690/4734/5266 999/4735/1573 3692/4736/5267
f 3692/4736/5267 999/4735/1573 998/4737/1573
f 3692/4736/5268 998/4737/1573 3694/4738/5269
f 3694/4738/5270 998/4737/1573 997/4739/1573
f 3694/4738/5270 997/4739/1573 3680/4740/4772
f 3680/4741/4772 997/4742/1573 996/4743/1573
f 3680/4741/4772 996/4743/1573 3696/4744/5271
f 3696/4744/5271 996/4743/1573 995/4745/1573
f 3696/4744/5272 995/4745/1573 3698/4746/5273
f 3698/4746/5274 995/4745/1573 994/4747/1573
f 3698/4746/5274 994/4747/1573 3700/4748/5275
f 3700/4748/5275 994/4747/1573 993/4749/1573
f 3700/4748/5276 993/4749/1573 3702/4750/5277
f 3702/4750/5277 993/4749/1573 992/4751/1573
f 3702/4750/5278 992/4751/1573 3704/4752/5279
f 3704/4752/5280 992/4751/1573 991/4753/1573
f 3704/4752/5279 991/4753/1573 3706/4725/5256
f 3706/4725/5257 991/4753/1573 990/4723/1573
f 3707/4727/5259 2368/4729/3041 3705/4754/5281
f 3705/4754/5281 2368/4729/3041 2367/4755/3042
f 3705/4754/5281 2367/4755/3042 3703/4756/5282
f 3703/4756/5282 2367/4755/5283 2366/4757/2764
f 3703/4756/5282 2366/4757/2764 3701/4758/5284
f 3701/4758/5284 2366/4757/2764 2365/4759/5285
f 3701/4758/5284 2365/4759/3043 3699/4760/5286
f 3699/4760/5286 2365/4759/3043 2364/4761/3044
f 3699/4760/5286 2364/4761/3044 3697/4762/5287
f 3697/4762/5288 2364/4761/3044 2363/4763/10
f 3697/4762/5287 2363/4763/10 3681/4764/4767
f 3681/4765/4767 2363/4766/10 3695/4767/5289
f 3681/4765/4767 3695/4767/5290 3694/4738/5270
f 3694/4738/5269 3695/4767/5290 3692/4736/5267
f 2363/4766/10 2362/4768/3045 3695/4767/5290
f 3695/4767/5290 2362/4768/3045 3693/4769/5291
f 3695/4767/5292 3693/4769/5293 3692/4736/5267
f 3692/4736/5268 3693/4769/5293 3690/4734/5264
f 2362/4768/3045 2361/4770/3046 3693/4769/5293
f 3693/4769/5293 2361/4770/3046 3691/4771/5294
f 3693/4769/5291 3691/4771/5294 3690/4734/5265
f 3690/4734/5264 3691/4771/5294 3688/4732/5262
f 2361/4770/3046 2360/4772/2962 3691/4771/5294
f 3691/4771/5294 2360/4772/2962 3689/4773/5295
f 3691/4771/5294 3689/4773/5295 3688/4732/5263
f 3688/4732/5296 3689/4773/5295 3686/4730/5261
f 2360/4772/2962 2359/4774/3047 3689/4773/5295
f 3689/4773/5295 2359/4774/3047 3687/4775/5297
f 3689/4773/5295 3687/4775/5297 3686/4730/5261
f 3686/4730/5260 3687/4775/5297 3682/4722/5255
f 2359/4774/3047 2358/4776/3040 3687/4775/5297
f 3687/4775/5298 2358/4776/3040 3683/4777/5299
f 3687/4775/5297 3683/4777/5300 3682/4722/5254
f 3682/4722/5254 3683/4777/5299 3685/4724/4760
f 2358/4776/3040 2357/4728/9 3683/4777/5299
f 3683/4777/5301 2357/4728/9 3684/4726/4759
f 3683/4777/5299 3684/4726/4759 3685/4724/4760
f 3697/4762/5288 3681/4764/4767 3680/4741/4772
f 3680/4740/4772 3681/4765/4767 3694/4738/5270
f 3699/4760/5286 3697/4762/5302 3696/4744/5272
f 3696/4744/5271 3697/4762/5288 3680/4741/4772
f 3701/4758/5284 3699/4760/5286 3698/4746/5273
f 3698/4746/5274 3699/4760/5286 3696/4744/5272
f 3703/4756/5282 3701/4758/5284 3700/4748/5275
f 3700/4748/5275 3701/4758/5284 3698/4746/5273
f 3705/4754/5303 3703/4756/5282 3702/4750/5304
f 3702/4750/5278 3703/4756/5282 3700/4748/5276
f 3707/4727/5305 3705/4754/5281 3704/4752/5280
f 3704/4752/5280 3705/4754/5303 3702/4750/5304
f 3706/4725/5256 3707/4727/5258 3704/4752/5279
f 2958/4778/3886 3715/4779/5306 2912/4780/3885
f 2912/4780/3885 3715/4779/5306 3714/4781/5307
f 2912/4780/3885 3714/4781/5307 3761/4782/5308
f 3761/4782/5308 3714/4781/5307 1962/142/2764
f 3761/4782/5308 1962/142/2764 2008/4783/2766
f 3715/4779/5306 2958/4778/3886 3716/4784/5309
f 3716/4784/5309 2958/4778/3884 2957/4785/3888
f 3716/4784/5310 2957/4785/3888 3717/4786/5311
f 3717/4786/5311 2957/4785/3888 2956/4787/3891
f 3717/4786/5311 2956/4787/3891 3718/4788/5312
f 3718/4788/5312 2956/4787/3890 2955/4789/3895
f 3718/4788/5312 2955/4789/3894 3719/4790/5313
f 3719/4790/5313 2955/4789/3894 2954/4791/3897
f 3719/4790/5313 2954/4791/3897 3720/4792/5314
f 3720/4792/5314 2954/4791/5315 2953/4793/3900
f 3720/4792/5314 2953/4793/3900 3710/4794/5316
f 3710/4794/5316 2953/4793/3900 2952/4795/5317
f 3710/4794/5316 2952/4795/3903 3721/4796/5318
f 3721/4796/5318 2952/4795/3903 3722/4797/5319
f 3721/4796/5318 3722/4797/5319 1969/4798/2835
f 1969/4798/2835 3722/4797/5319 1970/4799/2840
f 1970/4799/2840 3722/4797/5319 3723/4800/5320
f 1970/4799/2840 3723/4800/5320 1971/4801/2853
f 1971/4801/2853 3723/4800/5320 3724/4802/5321
f 1971/4801/2853 3724/4802/5321 1972/4803/2856
f 1972/4803/2856 3724/4802/5321 3725/4804/5322
f 1972/4803/2856 3725/4804/5322 1973/4805/2859
f 1973/4805/2859 3725/4804/5322 3726/4806/5323
f 1973/4805/2859 3726/4806/5323 1974/4807/2864
f 1974/4807/2864 3726/4806/5323 3727/4808/5324
f 1974/4807/2864 3727/4808/5324 1975/4809/2867
f 1975/4809/2867 3727/4808/5324 3728/4810/5325
f 1975/4809/2867 3728/4810/5325 3709/4811/5326
f 3709/4811/5326 3728/4810/5325 2946/4812/3917
f 3709/4811/5326 2946/4812/3917 2945/4813/5327
f 2952/4795/3903 2951/4814/3905 3722/4797/5328
f 3722/4797/5328 2951/4814/3905 3723/4800/5320
f 2951/4814/3905 2950/4815/3907 3723/4800/5320
f 3723/4800/5320 2950/4815/3907 3724/4802/5321
f 2950/4815/5329 2949/4816/3910 3724/4802/5321
f 3724/4802/5321 2949/4816/3910 3725/4804/5322
f 2949/4816/3910 2948/4817/5330 3725/4804/5331
f 3725/4804/5322 2948/4817/3912 3726/4806/5323
f 2948/4817/3912 2947/4818/3915 3726/4806/5323
f 3726/4806/5323 2947/4818/3915 3727/4808/5324
f 2947/4818/3915 2946/4812/3917 3727/4808/5324
f 3727/4808/5324 2946/4812/5332 3728/4810/5325
f 3709/4811/5326 2945/4813/3919 3729/4819/5333
f 3729/4819/5333 2945/4813/3919 2944/4820/3921
f 3729/4819/5333 2944/4820/3923 3730/4821/5334
f 3730/4821/5334 2944/4820/3923 2943/4822/3925
f 3730/4821/5334 2943/4822/3925 3731/4823/5335
f 3731/4823/5335 2943/4822/3925 2942/4824/3926
f 3731/4823/5335 2942/4824/3926 3732/4825/5336
f 3732/4825/5336 2942/4824/3926 2941/4826/3929
f 3732/4825/5336 2941/4826/3929 3733/4827/5337
f 3733/4827/5338 2941/4826/3929 2940/4828/3932
f 3733/4827/5338 2940/4828/3932 3734/4829/5339
f 3734/4829/5339 2940/4828/3932 2939/4830/3934
f 3734/4829/5339 2939/4830/3934 3735/4831/5340
f 3735/4831/5341 2939/4830/3934 3708/4832/5342
f 3735/4831/5341 3708/4832/5342 1982/4833/2887
f 1982/4833/2887 3708/4832/5342 1983/4834/2889
f 1983/4834/2889 3708/4832/5342 3736/4835/5343
f 1983/4834/2889 3736/4835/5343 1984/4836/2891
f 1984/4836/2891 3736/4835/5343 3737/4837/5344
f 1984/4836/2891 3737/4837/5345 1985/4838/2894
f 1985/4838/2894 3737/4837/5345 3738/4839/5346
f 1985/4838/2894 3738/4839/5346 1986/4840/2896
f 1986/4841/2896 3738/4842/5346 3739/4843/5347
f 1986/4841/2896 3739/4843/5347 1987/4844/2899
f 1987/4844/2899 3739/4843/5347 3740/4845/5348
f 1987/4844/2899 3740/4845/5348 1988/4846/2902
f 1988/4846/2902 3740/4845/5348 3713/4847/5349
f 1988/4846/2902 3713/4847/5349 1989/4848/2905
f 1989/4848/2905 3713/4847/5349 3741/4849/5350
f 1989/4848/2905 3741/4849/5350 3742/4850/5351
f 3742/4850/5351 3741/4849/5350 2932/4851/3950
f 3742/4850/5351 2932/4851/3950 2931/4852/3953
f 2939/4830/3934 2938/4853/5352 3708/4832/5342
f 3708/4832/5342 2938/4853/5352 3736/4835/5343
f 2938/4853/5352 2937/4854/3938 3736/4835/5343
f 3736/4835/5343 2937/4854/3939 3737/4837/5345
f 2937/4854/3938 2936/4855/3941 3737/4837/5345
f 3737/4837/5344 2936/4855/3941 3738/4839/5346
f 2936/4856/3941 2935/4857/3943 3738/4842/5346
f 3738/4842/5346 2935/4857/3943 3739/4843/5347
f 2935/4857/3943 2934/4858/3945 3739/4843/5347
f 3739/4843/5347 2934/4858/5353 3740/4845/5348
f 2934/4858/5353 2933/4859/5354 3740/4845/5348
f 3740/4845/5348 2933/4859/5354 3713/4847/5349
f 2933/4859/3948 2932/4851/3950 3713/4847/5349
f 3713/4847/5349 2932/4851/3950 3741/4849/5350
f 3742/4850/5351 2931/4852/5355 3743/4860/5356
f 3743/4860/5356 2931/4852/3953 2930/4861/3955
f 3743/4860/5356 2930/4861/3955 3744/4862/5357
f 3744/4862/5357 2930/4861/3955 2929/4863/3959
f 3744/4862/5357 2929/4863/3959 3745/4864/5358
f 3745/4864/5358 2929/4863/3959 2928/4865/3961
f 3745/4864/5358 2928/4865/3961 3746/4866/5359
f 3746/4866/5359 2928/4865/3961 2927/4867/3963
f 3746/4866/5359 2927/4867/3962 3747/4868/5360
f 3747/4868/5360 2927/4867/3963 2926/4869/3966
f 3747/4868/5360 2926/4869/3966 3712/4870/5361
f 3712/4870/5361 2926/4869/5362 2925/4871/5363
f 3712/4870/5361 2925/4871/3968 3748/4872/5364
f 3748/4872/5364 2925/4871/3968 3749/4873/5365
f 3748/4872/5366 3749/4873/5365 1996/4874/2796
f 1996/4874/2796 3749/4873/5365 1997/4875/2794
f 1997/4875/2794 3749/4873/5365 3750/4876/5367
f 1997/4875/2794 3750/4876/5367 1998/4877/2792
f 1998/4877/2792 3750/4876/5367 3751/4878/5368
f 1998/4877/2792 3751/4878/5368 1999/4879/2790
f 1999/4879/2790 3751/4878/5368 3752/4880/5369
f 1999/4879/2790 3752/4880/5370 2000/4881/2788
f 2000/4881/2788 3752/4880/5369 3753/4882/5371
f 2000/4881/2788 3753/4882/5371 2001/4883/2784
f 2001/4883/2784 3753/4882/5371 3754/4884/5372
f 2001/4883/2785 3754/4884/5372 2002/4885/2782
f 2002/4885/2782 3754/4884/5372 3755/4886/5373
f 2002/4885/2782 3755/4886/5373 3711/4887/5374
f 3711/4887/5374 3755/4886/5373 2919/4888/3982
f 3711/4887/5374 2919/4888/3982 2918/4889/3984
f 2925/4871/3968 2924/4890/3970 3749/4873/5365
f 3749/4873/5365 2924/4890/3970 3750/4876/5367
f 2924/4890/3970 2923/4891/3973 3750/4876/5367
f 3750/4876/5367 2923/4891/3973 3751/4878/5368
f 2923/4891/5375 2922/4892/3975 3751/4878/5376
f 3751/4878/5368 2922/4892/3975 3752/4880/5369
f 2922/4892/3975 2921/4893/3977 3752/4880/5370
f 3752/4880/5369 2921/4893/3977 3753/4882/5371
f 2921/4893/5377 2920/4894/3980 3753/4882/5371
f 3753/4882/5371 2920/4894/3980 3754/4884/5372
f 2920/4894/3980 2919/4888/5378 3754/4884/5379
f 3754/4884/5372 2919/4888/3982 3755/4886/5373
f 3711/4887/5374 2918/4889/3984 3756/4895/5380
f 3756/4895/5380 2918/4889/3984 2917/4896/3988
f 3756/4895/5380 2917/4896/3988 3757/4897/5381
f 3757/4897/5381 2917/4896/3988 2916/4898/3992
f 3757/4897/5381 2916/4898/3992 3758/4899/5382
f 3758/4899/5382 2916/4898/3990 2915/4900/5383
f 3758/4899/5382 2915/4900/3993 3759/4901/5384
f 3759/4901/5384 2915/4900/3993 2914/4902/3995
f 3759/4901/5384 2914/4902/3995 3760/4903/5385
f 3760/4903/5386 2914/4902/3995 2913/4904/3997
f 3760/4903/5385 2913/4904/3997 3761/4782/5308
f 3761/4782/5308 2913/4904/3887 2912/4780/3885
f 3761/4782/5308 2008/4783/2766 3760/4903/5385
f 3760/4903/5385 2008/4783/2766 2007/4905/2769
f 3760/4903/5385 2007/4905/2769 3759/4901/5384
f 3759/4901/5384 2007/4905/2769 2006/4906/2773
f 3759/4901/5384 2006/4906/2773 3758/4899/5382
f 3758/4899/5382 2006/4906/2771 2005/4907/2775
f 3758/4899/5382 2005/4907/2775 3757/4897/5381
f 3757/4897/5381 2005/4907/2775 2004/4908/2779
f 3757/4897/5381 2004/4908/2777 3756/4895/5380
f 3756/4895/5380 2004/4908/2777 2003/4909/2780
f 3756/4895/5380 2003/4909/2780 3711/4887/5374
f 3711/4887/5374 2003/4909/2780 2002/4885/2782
f 3748/4872/5364 1996/4874/2796 3712/4870/5361
f 3712/4870/5361 1996/4874/2796 1995/4910/2799
f 3712/4870/5361 1995/4910/2799 3747/4868/5360
f 3747/4868/5360 1995/4910/2799 1994/4911/2801
f 3747/4868/5360 1994/4911/2801 3746/4866/5387
f 3746/4866/5359 1994/4911/2801 1993/4912/2804
f 3746/4866/5359 1993/4912/2804 3745/4864/5358
f 3745/4864/5358 1993/4912/2804 1992/4913/2807
f 3745/4864/5358 1992/4913/2807 3744/4862/5357
f 3744/4862/5357 1992/4913/2809 1991/4914/2812
f 3744/4862/5357 1991/4914/2812 3743/4860/5388
f 3743/4860/5356 1991/4914/2812 1990/4915/2915
f 3743/4860/5356 1990/4915/2815 3742/4850/5351
f 3742/4850/5351 1990/4915/2813 1989/4848/2905
f 3735/4831/5340 1982/4833/2887 3734/4829/5339
f 3734/4829/5339 1982/4833/2887 1981/4916/2885
f 3734/4829/5339 1981/4916/2885 3733/4827/5338
f 3733/4827/5338 1981/4916/5389 1980/4917/2883
f 3733/4827/5338 1980/4917/2883 3732/4825/5336
f 3732/4825/5336 1980/4917/2883 1979/4918/2877
f 3732/4825/5336 1979/4918/2877 3731/4823/5335
f 3731/4823/5335 1979/4918/2877 1978/4919/2875
f 3731/4823/5335 1978/4919/2875 3730/4821/5334
f 3730/4821/5334 1978/4919/2875 1977/4920/2873
f 3730/4821/5334 1977/4920/2873 3729/4819/5333
f 3729/4819/5333 1977/4920/2873 1976/4921/2869
f 3729/4819/5333 1976/4921/2869 3709/4811/5326
f 3709/4811/5326 1976/4921/2869 1975/4809/2867
f 3721/4796/5318 1969/4798/2835 3710/4794/5316
f 3710/4794/5316 1969/4798/2835 1968/4922/2833
f 3710/4794/5316 1968/4922/2833 3720/4792/5314
f 3720/4792/5314 1968/4922/2833 1967/4923/2830
f 3720/4792/5314 1967/4923/2831 3719/4790/5313
f 3719/4790/5313 1967/4923/2830 1966/4924/2826
f 3719/4790/5313 1966/4924/2826 3718/4788/5312
f 3718/4788/5312 1966/4924/2826 1965/4925/2825
f 3718/4788/5312 1965/4925/2825 3717/4786/5311
f 3717/4786/5390 1965/4925/2822 1964/4926/2819
f 3717/4786/5311 1964/4926/2819 3716/4784/5309
f 3716/4784/5310 1964/4926/2819 1963/4927/2762
f 3716/4784/5310 1963/4927/2762 3715/4779/5306
f 3715/4779/5306 1963/4927/2762 1962/142/2764
f 3715/4779/5306 1962/142/2764 3714/4781/5307
f 1086/4928/10 3764/4929/5391 1053/4723/10
f 1053/4723/10 3764/4929/5391 3767/4724/3044
f 1053/4723/10 3767/4724/3044 1054/4930/10
f 1054/4930/10 3767/4724/3044 3828/4931/5392
f 1054/4930/10 3828/4931/5392 1055/4932/10
f 1055/4932/10 3828/4931/5392 3826/4933/5393
f 1055/4932/10 3826/4933/5393 1056/4934/10
f 1056/4934/10 3826/4933/5393 3824/4935/5394
f 1056/4934/10 3824/4935/5394 1057/4936/10
f 1057/4936/10 3824/4935/5394 3822/4937/5395
f 1057/4936/10 3822/4937/5395 1058/4938/10
f 1058/4938/10 3822/4937/5396 3820/4939/5397
f 1058/4938/10 3820/4939/5397 1059/4940/10
f 1059/4940/10 3820/4939/5397 3818/4941/5398
f 1059/4940/10 3818/4941/5398 1060/4942/10
f 1060/4942/10 3818/4941/5398 3816/4943/5399
f 1060/4942/10 3816/4943/5399 1061/4944/10
f 1061/4944/10 3816/4943/5399 3814/4945/5400
f 1061/4944/10 3814/4945/5400 1062/4946/10
f 1062/4946/10 3814/4945/5400 3812/4947/5401
f 1062/4946/10 3812/4947/5402 1063/4948/10
f 1063/4948/10 3812/4947/5401 3810/4949/5403
f 1063/4948/10 3810/4949/5403 1064/4950/10
f 1064/4950/10 3810/4949/5403 3808/4951/5404
f 1064/4950/10 3808/4951/5404 1065/4952/10
f 1065/4952/10 3808/4951/5404 3806/4953/5405
f 1065/4952/10 3806/4953/5405 1066/4954/10
f 1066/4954/10 3806/4953/5405 3804/4955/5406
f 1066/4954/10 3804/4955/5406 1067/4956/10
f 1067/4956/10 3804/4955/5407 3802/4957/5408
f 1067/4956/10 3802/4957/5408 1068/4958/10
f 1068/4958/10 3802/4957/5408 3800/4959/5409
f 1068/4958/10 3800/4959/5410 1069/4960/10
f 1069/4960/10 3800/4959/5410 3798/4961/5411
f 1069/4960/10 3798/4961/5411 1070/4962/10
f 1070/4962/10 3798/4961/5411 3762/4963/3045
f 1070/4964/10 3762/4965/3045 1071/4966/10
f 1071/4966/10 3762/4965/3045 3796/4967/5412
f 1071/4966/10 3796/4967/5412 1072/4968/10
f 1072/4968/10 3796/4967/5412 3794/4969/5413
f 1072/4968/10 3794/4969/5414 1073/4970/10
f 1073/4970/10 3794/4969/5413 3792/4971/5415
f 1073/4970/10 3792/4971/5415 1074/4972/10
f 1074/4972/10 3792/4971/5415 3790/4973/5416
f 1074/4972/10 3790/4973/5416 1075/4974/10
f 1075/4974/10 3790/4973/5417 3788/4975/5418
f 1075/4974/10 3788/4975/5418 1076/4976/10
f 1076/4976/10 3788/4975/5418 3786/4977/5419
f 1076/4976/10 3786/4977/5419 1077/4978/10
f 1077/4978/10 3786/4977/5419 3784/4979/5420
f 1077/4978/10 3784/4979/5420 1078/4980/10
f 1078/4980/10 3784/4979/5420 3782/4981/5421
f 1078/4980/10 3782/4981/5422 1079/4982/10
f 1079/4982/10 3782/4981/5421 3780/4983/5423
f 1079/4982/10 3780/4983/5423 1080/4984/10
f 1080/4984/10 3780/4983/5423 3778/4985/5424
f 1080/4984/10 3778/4985/5424 1081/4986/10
f 1081/4986/10 3778/4985/5424 3776/4987/5425
f 1081/4986/10 3776/4987/5425 1082/4988/10
f 1082/4988/10 3776/4987/5425 3774/4989/5426
f 1082/4988/10 3774/4989/5426 1083/4990/10
f 1083/4990/10 3774/4989/5426 3772/4991/5427
f 1083/4990/10 3772/4991/5428 1084/4992/10
f 1084/4992/10 3772/4991/5428 3770/4993/5429
f 1084/4992/10 3770/4993/5429 1085/4994/10
f 1085/4994/10 3770/4993/5429 3768/4995/5430
f 1085/4994/10 3768/4995/5431 1086/4928/10
f 1086/4928/10 3768/4995/5430 3764/4929/5391
f 2309/4996/2988 3829/4997/5432 2276/4728/2764
f 2276/4728/2764 3829/4997/5432 3766/4726/3043
f 2276/4728/2764 3766/4726/3043 2277/4998/2986
f 2277/4998/2986 3766/4726/3043 3765/4999/5433
f 2277/4998/2987 3765/4999/5433 2278/5000/3025
f 2278/5000/3025 3765/4999/5433 3769/5001/5434
f 2278/5000/3025 3769/5001/5435 2279/5002/3023
f 2279/5002/3023 3769/5001/5436 3771/5003/5437
f 2279/5002/3023 3771/5003/5437 2280/5004/3022
f 2280/5004/3022 3771/5003/5437 3773/5005/5438
f 2280/5004/3022 3773/5005/5438 2281/5006/3021
f 2281/5006/3021 3773/5005/5438 3775/5007/5439
f 2281/5006/3021 3775/5007/5439 2282/5008/5440
f 2282/5008/5440 3775/5007/5439 3777/5009/5441
f 2282/5008/5442 3777/5009/5441 2283/5010/5443
f 2283/5010/5443 3777/5009/5441 3779/5011/5444
f 2283/5010/5443 3779/5011/5444 2284/5012/3018
f 2284/5012/3018 3779/5011/5444 3781/5013/5445
f 2284/5012/3018 3781/5013/5445 2285/5014/5446
f 2285/5014/3017 3781/5013/5445 3783/5015/5447
f 2285/5014/3017 3783/5015/5447 2286/5016/5448
f 2286/5016/5448 3783/5015/5447 3785/5017/5449
f 2286/5016/5448 3785/5017/5449 2287/5018/5450
f 2287/5018/5450 3785/5017/5449 3787/5019/5451
f 2287/5018/5452 3787/5019/5451 2288/5020/3014
f 2288/5020/3014 3787/5019/5453 3789/5021/5454
f 2288/5020/3014 3789/5021/5454 2289/5022/3013
f 2289/5022/3013 3789/5021/5454 3791/5023/5455
f 2289/5022/3013 3791/5023/5455 2290/5024/3012
f 2290/5024/3012 3791/5023/5455 3793/5025/5456
f 2290/5024/3012 3793/5025/5456 2291/5026/3010
f 2291/5026/3010 3793/5025/5456 3795/5027/5457
f 2291/5026/3011 3795/5027/5458 2292/5028/3009
f 2292/5028/3008 3795/5027/5459 3797/5029/5460
f 2292/5028/3009 3797/5029/5461 2293/5030/2962
f 2293/5030/2962 3797/5029/5460 3763/5031/3046
f 2293/5032/2962 3763/5033/3046 2294/5034/3007
f 2294/5034/3007 3763/5033/3046 3799/5035/5462
f 2294/5034/3006 3799/5035/5462 2295/5036/3004
f 2295/5036/3004 3799/5035/5462 3801/5037/5463
f 2295/5036/3004 3801/5037/5464 2296/5038/3003
f 2296/5038/3003 3801/5037/5463 3803/5039/5465
f 2296/5038/3003 3803/5039/5465 2297/5040/3002
f 2297/5040/3002 3803/5039/5465 3805/5041/5466
f 2297/5040/3002 3805/5041/5466 2298/5042/3001
f 2298/5042/3001 3805/5041/5466 3807/5043/5467
f 2298/5042/3001 3807/5043/5467 2299/5044/5468
f 2299/5044/5468 3807/5043/5467 3809/5045/5469
f 2299/5044/5470 3809/5045/5469 2300/5046/5471
f 2300/5046/5471 3809/5045/5469 3811/5047/5472
f 2300/5046/2999 3811/5047/5472 2301/5048/2998
f 2301/5048/2998 3811/5047/5472 3813/5049/5473
f 2301/5048/2998 3813/5049/5473 2302/5050/2997
f 2302/5050/2997 3813/5049/5473 3815/5051/5474
f 2302/5050/2997 3815/5051/5474 2303/5052/5475
f 2303/5052/5475 3815/5051/5474 3817/5053/5476
f 2303/5052/5475 3817/5053/5476 2304/5054/5477
f 2304/5054/5477 3817/5053/5476 3819/5055/5478
f 2304/5054/2995 3819/5055/5478 2305/5056/2994
f 2305/5056/2994 3819/5055/5478 3821/5057/5479
f 2305/5056/2994 3821/5057/5479 2306/5058/2993
f 2306/5058/2993 3821/5057/5479 3823/5059/5480
f 2306/5058/2993 3823/5059/5480 2307/5060/2992
f 2307/5060/2992 3823/5059/5480 3825/5061/5481
f 2307/5060/2992 3825/5061/5481 2308/5062/2990
f 2308/5062/2991 3825/5061/5481 3827/5063/5482
f 2308/5062/2991 3827/5063/5483 2309/4996/2988
f 2309/4996/2989 3827/5063/5482 3829/4997/5432
f 3762/4965/3045 3763/5031/3046 3796/4967/5412
f 3796/4967/5412 3763/5031/3046 3797/5029/5460
f 3796/4967/5412 3797/5029/5460 3794/4969/5414
f 3794/4969/5414 3797/5029/5461 3795/5027/5459
f 3794/4969/5414 3795/5027/5457 3792/4971/5415
f 3792/4971/5415 3795/5027/5458 3793/5025/5456
f 3792/4971/5415 3793/5025/5456 3790/4973/5417
f 3790/4973/5416 3793/5025/5456 3791/5023/5455
f 3790/4973/5416 3791/5023/5455 3788/4975/5418
f 3788/4975/5418 3791/5023/5484 3789/5021/5454
f 3788/4975/5418 3789/5021/5454 3786/4977/5419
f 3786/4977/5419 3789/5021/5454 3787/5019/5451
f 3786/4977/5419 3787/5019/5451 3784/4979/5420
f 3784/4979/5420 3787/5019/5451 3785/5017/5449
f 3784/4979/5420 3785/5017/5449 3782/4981/5421
f 3782/4981/5421 3785/5017/5449 3783/5015/5447
f 3782/4981/5421 3783/5015/5447 3780/4983/5423
f 3780/4983/5423 3783/5015/5447 3781/5013/5445
f 3780/4983/5423 3781/5013/5445 3778/4985/5424
f 3778/4985/5424 3781/5013/5445 3779/5011/5444
f 3778/4985/5424 3779/5011/5444 3776/4987/5425
f 3776/4987/5425 3779/5011/5444 3777/5009/5441
f 3776/4987/5425 3777/5009/5441 3774/4989/5426
f 3774/4989/5426 3777/5009/5441 3775/5007/5439
f 3774/4989/5426 3775/5007/5439 3772/4991/5427
f 3772/4991/5428 3775/5007/5439 3773/5005/5485
f 3772/4991/5428 3773/5005/5438 3770/4993/5429
f 3770/4993/5429 3773/5005/5438 3771/5003/5437
f 3770/4993/5429 3771/5003/5437 3768/4995/5431
f 3768/4995/5431 3771/5003/5437 3769/5001/5435
f 3768/4995/5431 3769/5001/5435 3764/4929/5391
f 3764/4929/5391 3769/5001/5435 3765/4999/5433
f 3764/4929/5486 3765/4999/5433 3767/4724/3044
f 3767/4724/3044 3765/4999/5433 3766/4726/3043
f 3767/4724/3044 3766/4726/3043 3828/4931/5392
f 3828/4931/5392 3766/4726/3043 3829/4997/5432
f 3828/4931/5392 3829/4997/5432 3826/4933/5393
f 3826/4933/5393 3829/4997/5432 3827/5063/5487
f 3826/4933/5488 3827/5063/5483 3824/4935/5394
f 3824/4935/5394 3827/5063/5483 3825/5061/5481
f 3824/4935/5394 3825/5061/5481 3822/4937/5396
f 3822/4937/5395 3825/5061/5481 3823/5059/5480
f 3822/4937/5396 3823/5059/5480 3820/4939/5397
f 3820/4939/5397 3823/5059/5489 3821/5057/5479
f 3820/4939/5397 3821/5057/5479 3818/4941/5398
f 3818/4941/5398 3821/5057/5479 3819/5055/5478
f 3818/4941/5398 3819/5055/5478 3816/4943/5490
f 3816/4943/5399 3819/5055/5478 3817/5053/5476
f 3816/4943/5399 3817/5053/5476 3814/4945/5491
f 3814/4945/5400 3817/5053/5476 3815/5051/5474
f 3814/4945/5400 3815/5051/5474 3812/4947/5401
f 3812/4947/5401 3815/5051/5474 3813/5049/5473
f 3812/4947/5401 3813/5049/5473 3810/4949/5403
f 3810/4949/5403 3813/5049/5473 3811/5047/5472
f 3810/4949/5403 3811/5047/5472 3808/4951/5404
f 3808/4951/5404 3811/5047/5472 3809/5045/5469
f 3808/4951/5404 3809/5045/5469 3806/4953/5405
f 3806/4953/5405 3809/5045/5469 3807/5043/5467
f 3806/4953/5405 3807/5043/5467 3804/4955/5406
f 3804/4955/5407 3807/5043/5467 3805/5041/5492
f 3804/4955/5407 3805/5041/5466 3802/4957/5408
f 3802/4957/5408 3805/5041/5466 3803/5039/5465
f 3802/4957/5408 3803/5039/5465 3800/4959/5410
f 3800/4959/5410 3803/5039/5465 3801/5037/5463
f 3800/4959/5410 3801/5037/5463 3798/4961/5411
f 3798/4961/5411 3801/5037/5463 3799/5035/5462
f 3798/4961/5411 3799/5035/5462 3762/4963/3045
f 3762/4963/3045 3799/5035/5462 3763/5033/3046
f 1104/5064/1573 3830/5065/5493 3366/5066/5494
f 3366/5066/5494 3830/5065/5493 3831/5067/5495
f 3366/5066/5494 3831/5067/5495 3832/5068/5496
f 3832/5068/5496 3831/5067/5495 3404/5069/5497
f 3832/5068/5496 3404/5069/5498 3366/5066/5494
f 3404/5069/5498 3831/5067/5499 3830/5065/5500
f 3830/5065/5500 1104/5070/1573 3404/5069/5497
f 3366/5071/5501 3404/5072/5502 3835/5073/5503
f 3835/5073/5504 3404/5072/5505 3403/5074/5506
f 3835/5073/5504 3403/5074/5507 3833/5075/5508
f 3833/5075/5508 3834/5076/5509 3835/5073/5510
f 3835/5073/5503 3834/5076/5509 3366/5071/5501
f 3834/5076/5509 3367/5077/4773 3366/5071/5501
f 1105/5078/1573 3836/5079/5511 3373/5080/4787
f 3373/5080/4787 3836/5079/5511 3837/5081/5512
f 3373/5080/4787 3837/5081/5512 3838/5082/5513
f 3838/5082/5513 3837/5081/5512 3357/5083/5514
f 3838/5082/5513 3357/5083/5515 3373/5080/4787
f 3357/5083/5516 3837/5081/5512 3836/5079/5511
f 3836/5079/5511 1105/5084/1573 3357/5083/5515
f 3373/5085/5517 3357/5086/5518 3839/5087/5519
f 3839/5087/5520 3357/5086/5518 22/5088/264
f 3839/5087/5520 22/5088/264 21/5089/5521
f 21/5089/5521 20/5090/5522 3839/5087/5523
f 3839/5087/5520 20/5090/5524 3373/5085/5517
f 20/5090/5522 19/5091/19 3373/5085/5517
f 1929/5092/16 3851/5093/5525 1930/5094/16
f 1930/5094/16 3851/5093/5525 4050/5095/5526
f 1930/5094/16 4050/5095/5526 4049/5096/5527
f 4049/5096/5527 4050/5095/5526 4048/5097/5528
f 4049/5096/5527 4048/5097/5528 4493/5098/5529
f 4493/5098/5530 4048/5097/5528 4047/5099/5531
f 4493/5098/5530 4047/5099/5531 4492/5100/5532
f 4492/5100/5532 4047/5099/5531 4046/5101/5533
f 4492/5100/5532 4046/5101/5534 4491/5102/5535
f 4491/5102/5535 4046/5101/5533 4045/5103/5536
f 4491/5102/5535 4045/5103/5536 4490/5104/5537
f 4490/5104/5537 4045/5103/5536 4044/5105/5538
f 4490/5104/5537 4044/5105/5539 4489/5106/5540
f 4489/5106/5540 4044/5105/5539 4043/5107/5541
f 4489/5106/5540 4043/5107/5541 4488/5108/5542
f 4488/5108/5542 4043/5107/5541 4042/5109/5543
f 4488/5108/5542 4042/5109/5543 4487/5110/5544
f 4487/5110/5544 4042/5109/5543 4041/5111/5545
f 4487/5110/5546 4041/5111/5545 4486/5112/5547
f 4486/5112/5547 4041/5111/5545 4040/5113/5548
f 4486/5112/5547 4040/5113/5549 4485/5114/5550
f 4485/5114/5550 4040/5113/5548 4039/5115/5551
f 4485/5114/5550 4039/5115/5552 4484/5116/5553
f 4484/5116/5553 4039/5115/5554 4038/5117/5555
f 4484/5116/5553 4038/5117/5555 4483/5118/5556
f 4483/5118/5556 4038/5117/5555 4037/5119/5557
f 4483/5118/5556 4037/5119/5557 4482/5120/5558
f 4482/5120/5559 4037/5119/5557 4036/5121/5560
f 4482/5120/5558 4036/5121/5560 4481/5122/5561
f 4481/5122/5561 4036/5121/5560 4035/5123/5562
f 4481/5122/5561 4035/5123/5562 4480/5124/5563
f 4480/5124/5563 4035/5123/5562 4034/5125/5564
f 4480/5124/5563 4034/5125/5564 4479/5126/5565
f 4479/5126/5565 4034/5125/5564 4033/5127/5566
f 4479/5126/5565 4033/5127/5567 4478/5128/5568
f 4478/5128/5568 4033/5127/5566 4032/5129/5569
f 4478/5128/5568 4032/5129/5570 4477/5130/5571
f 4477/5130/5571 4032/5129/5569 4031/5131/5572
f 4477/5130/5571 4031/5131/5573 4476/5132/5574
f 4476/5132/5575 4031/5131/5573 4030/5133/5576
f 4476/5132/5575 4030/5133/5576 4475/5134/5577
f 4475/5134/5577 4030/5133/5578 4029/5135/5579
f 4475/5134/5577 4029/5135/5579 4474/5136/5580
f 4474/5136/5581 4029/5135/5579 4028/5137/5582
f 4474/5136/5580 4028/5137/5583 4473/5138/5584
f 4473/5138/5584 4028/5137/5583 4027/5139/5585
f 4473/5138/5584 4027/5139/5585 4472/5140/5586
f 4472/5140/5587 4027/5139/5588 4026/5141/5589
f 4472/5140/5587 4026/5141/5589 4471/5142/5590
f 4471/5142/5590 4026/5141/5589 4025/5143/5591
f 4471/5142/5592 4025/5143/5591 3849/5144/5593
f 3849/5144/5593 4025/5143/5591 2135/5145/10
f 3849/5144/5594 2135/5145/10 4100/5146/5595
f 4100/5146/5595 2135/5145/10 4051/5147/5596
f 4100/5146/5595 4051/5147/5596 4052/5148/5597
f 4052/5148/5597 4051/5147/5596 4495/5149/5598
f 4052/5148/5597 4495/5149/5598 4496/5150/5599
f 4496/5150/5599 4495/5149/5598 4520/5151/5600
f 4496/5150/5599 4520/5151/5601 4521/5152/5602
f 4521/5152/5602 4520/5151/5600 4545/5153/5603
f 4521/5152/5604 4545/5153/5603 4546/5154/5605
f 4546/5154/5605 4545/5153/5603 4120/5155/5606
f 4546/5154/5607 4120/5155/5606 4119/5156/5608
f 4119/5156/5608 4120/5155/5609 3872/5157/5610
f 4119/5156/5608 3872/5157/5610 3871/5158/5611
f 3871/5158/5612 3872/5157/5610 3883/5159/5613
f 3871/5158/5612 3883/5159/5614 3884/5160/5615
f 3884/5160/5616 3883/5159/5613 4167/5161/5617
f 3884/5160/5618 4167/5161/5617 4166/5162/5619
f 4166/5162/5620 4167/5161/5617 4133/5163/5621
f 4166/5162/5619 4133/5163/5621 4134/5164/5622
f 4134/5164/5623 4133/5163/5621 4462/5165/5624
f 4134/5164/5625 4462/5165/5626 4461/5166/5627
f 4461/5166/5628 4462/5165/5626 4437/5167/5629
f 4461/5166/5627 4437/5167/5630 4436/5168/5631
f 4436/5168/5632 4437/5167/5629 4213/5169/5633
f 4436/5168/5632 4213/5169/5633 4212/5170/5634
f 4212/5170/5635 4213/5169/5633 4187/5171/5636
f 4212/5170/5635 4187/5171/5637 4188/5172/5638
f 4188/5172/5639 4187/5171/5640 4410/5173/5641
f 4188/5172/5638 4410/5173/5641 4409/5174/5642
f 4409/5174/5643 4410/5173/5641 4260/5175/5644
f 4409/5174/5643 4260/5175/5644 4259/5176/5645
f 4259/5176/5645 4260/5175/5644 4240/5177/5646
f 4259/5176/5645 4240/5177/5646 4241/5178/5647
f 4241/5178/5647 4240/5177/5646 4308/5179/5648
f 4241/5178/5647 4308/5179/5648 4307/5180/5649
f 4307/5180/5649 4308/5179/5648 4292/5181/5650
f 4307/5180/5649 4292/5181/5650 4293/5182/5651
f 4293/5182/5651 4292/5181/5650 4356/5183/5652
f 4293/5182/5651 4356/5183/5653 4355/5184/5654
f 4355/5184/5655 4356/5183/5653 4344/5185/5656
f 4355/5184/5655 4344/5185/5656 4345/5186/5657
f 4345/5186/5657 4344/5185/5656 4587/5187/5658
f 4345/5186/5657 4587/5187/5658 4588/5188/5659
f 4588/5188/5659 4587/5187/5658 4613/5189/5660
f 4588/5188/5659 4613/5189/5660 4614/5190/5661
f 4614/5190/5661 4613/5189/5662 4637/5191/5663
f 4614/5190/5661 4637/5191/5663 4638/5192/5664
f 4638/5192/5664 4637/5191/5665 4376/5193/5666
f 4638/5192/5664 4376/5193/5667 4375/5194/5668
f 4375/5194/5668 4376/5193/5667 3403/142/5506
f 4375/5194/5668 3403/142/5506 4639/5195/5669
f 4639/5195/5669 3403/142/5506 4591/5196/5670
f 4639/5195/5669 4591/5196/5671 4615/5197/5672
f 4615/5197/5673 4591/5196/5671 4590/5198/5674
f 4615/5197/5673 4590/5198/5674 4589/5199/5675
f 4589/5199/5675 4590/5198/5674 4347/5200/5676
f 4589/5199/5677 4347/5200/5676 4346/5201/5678
f 4346/5201/5679 4347/5200/5680 4353/5202/5681
f 4346/5201/5679 4353/5202/5681 4354/5203/5682
f 4354/5203/5683 4353/5202/5681 4295/5204/5684
f 4354/5203/5683 4295/5204/5685 4294/5205/5686
f 4294/5205/5687 4295/5204/5684 4305/5206/5688
f 4294/5205/5689 4305/5206/5688 4306/5207/5690
f 4306/5207/5690 4305/5206/5688 4243/5208/5691
f 4306/5207/5690 4243/5208/5691 4242/5209/5692
f 4242/5209/5692 4243/5208/5691 4257/5210/5693
f 4242/5209/5694 4257/5210/5693 4258/5211/5695
f 4258/5211/5696 4257/5210/5693 4407/5212/5697
f 4258/5211/5696 4407/5212/5697 4408/5213/5698
f 4408/5213/5698 4407/5212/5697 4190/5214/5699
f 4408/5213/5698 4190/5214/5699 4189/5215/5700
f 4189/5215/5700 4190/5214/5699 4210/5216/5701
f 4189/5215/5700 4210/5216/5702 4211/5217/5703
f 4211/5217/5703 4210/5216/5701 4434/5218/5704
f 4211/5217/5703 4434/5218/5704 4435/5219/5705
f 4435/5219/5706 4434/5218/5704 4459/5220/5707
f 4435/5219/5705 4459/5220/5707 4460/5221/5708
f 4460/5221/5708 4459/5220/5707 4136/5222/5709
f 4460/5221/5708 4136/5222/5710 4135/5223/5711
f 4135/5223/5711 4136/5222/5712 4164/5224/5713
f 4135/5223/5711 4164/5224/5713 4165/5225/5714
f 4165/5225/5714 4164/5224/5715 3886/5226/5716
f 4165/5225/5717 3886/5226/5716 3885/5227/5718
f 3885/5227/5719 3886/5226/5716 3869/5228/5720
f 3885/5227/5719 3869/5228/5720 3870/5229/5721
f 3870/5229/5721 3869/5228/5722 4117/5230/5723
f 3870/5229/5721 4117/5230/5724 4118/5231/5725
f 4118/5231/5726 4117/5230/5727 4548/5232/5728
f 4118/5231/5725 4548/5232/5728 4547/5233/5729
f 4547/5233/5729 4548/5232/5728 4523/5234/5730
f 4547/5233/5729 4523/5234/5730 4522/5235/5731
f 4522/5235/5731 4523/5234/5730 4498/5236/5732
f 4522/5235/5731 4498/5236/5732 4497/5237/5733
f 4497/5237/5733 4498/5236/5734 4054/5238/5735
f 4497/5237/5733 4054/5238/5735 4053/5239/5736
f 4053/5239/5737 4054/5238/5738 4098/5240/5739
f 4053/5239/5736 4098/5240/5740 4099/5241/5741
f 4099/5241/5741 4098/5240/5742 4471/5142/5590
f 4099/5241/5741 4471/5142/5590 3849/5144/5743
f 1928/5242/16 3852/5243/5744 1929/5092/16
f 1929/5092/16 3852/5243/5744 3902/5244/5745
f 1929/5092/16 3902/5244/5745 3851/5093/5746
f 3851/5093/5525 3902/5244/5745 3903/5245/5747
f 3851/5093/5746 3903/5245/5747 3950/5246/5748
f 3950/5246/5748 3903/5245/5747 3904/5247/5749
f 3950/5246/5750 3904/5247/5749 3949/5248/5751
f 3949/5248/5751 3904/5247/5749 3905/5249/5752
f 3949/5248/5751 3905/5249/5752 3948/5250/5753
f 3948/5250/5753 3905/5249/5752 3906/5251/5754
f 3948/5250/5753 3906/5251/5754 3947/5252/5755
f 3947/5252/5755 3906/5251/5754 3907/5253/5756
f 3947/5252/5755 3907/5253/5756 3946/5254/5757
f 3946/5254/5757 3907/5253/5756 3908/5255/5758
f 3946/5254/5757 3908/5255/5758 3945/5256/5759
f 3945/5256/5759 3908/5255/5758 3909/5257/5760
f 3945/5256/5759 3909/5257/5760 3944/5258/5761
f 3944/5258/5761 3909/5257/5760 3910/5259/5762
f 3944/5258/5763 3910/5259/5764 3943/5260/5765
f 3943/5260/5766 3910/5259/5762 3911/5261/5767
f 3943/5260/5768 3911/5261/5767 3942/5262/5769
f 3942/5262/5769 3911/5261/5767 3912/5263/5770
f 3942/5262/5769 3912/5263/5770 3941/5264/5771
f 3941/5264/5771 3912/5263/5770 3913/5265/5772
f 3941/5264/5771 3913/5265/5772 3940/5266/5773
f 3940/5266/5773 3913/5265/5772 3914/5267/5774
f 3940/5266/5773 3914/5267/5774 3939/5268/5775
f 3939/5268/5776 3914/5267/5777 3915/5269/5778
f 3939/5268/5776 3915/5269/5779 3938/5270/5780
f 3938/5270/5781 3915/5269/5779 3916/5271/5782
f 3938/5270/5781 3916/5271/5782 3937/5272/5783
f 3937/5272/5783 3916/5271/5782 3917/5273/5784
f 3937/5272/5783 3917/5273/5784 3936/5274/5785
f 3936/5274/5785 3917/5273/5784 3918/5275/5786
f 3936/5274/5787 3918/5275/5788 3935/5276/5789
f 3935/5276/5789 3918/5275/5786 3919/5277/5790
f 3935/5276/5789 3919/5277/5790 3934/5278/5791
f 3934/5278/5791 3919/5277/5790 3920/5279/5792
f 3934/5278/5791 3920/5279/5792 3933/5280/5793
f 3933/5280/5793 3920/5279/5792 3921/5281/5794
f 3933/5280/5793 3921/5281/5795 3932/5282/5796
f 3932/5282/5797 3921/5281/5795 3922/5283/5798
f 3932/5282/5797 3922/5283/5798 3931/5284/5799
f 3931/5284/5799 3922/5283/5798 3923/5285/5800
f 3931/5284/5799 3923/5285/5800 3930/5286/5801
f 3930/5286/5801 3923/5285/5800 3924/5287/5802
f 3930/5286/5803 3924/5287/5802 3929/5288/5804
f 3929/5288/5805 3924/5287/5802 3925/5289/5806
f 3929/5288/5804 3925/5289/5806 3928/5290/5807
f 3928/5290/5807 3925/5289/5806 3926/5291/5808
f 3928/5290/5807 3926/5291/5808 3927/5292/5809
f 3927/5292/5809 3926/5291/5808 2138/5293/10
f 3927/5292/5809 2138/5293/10 2137/5294/10
f 3852/5243/5744 1928/5242/16 3951/5295/5810
f 3951/5295/5810 1928/5242/16 1927/5296/16
f 3951/5295/5810 1927/5296/16 1926/5297/16
f 3951/5295/5810 1926/5297/16 4000/5298/5811
f 4000/5298/5811 1926/5297/16 1925/5299/16
f 4000/5298/5811 1925/5299/16 4001/5300/5812
f 4001/5300/5812 1925/5299/16 4002/5301/5813
f 4001/5300/5812 4002/5301/5813 3952/5302/5814
f 3952/5302/5815 4002/5301/5816 3953/5303/5817
f 3952/5302/5815 3953/5303/5817 3999/5304/5818
f 3999/5304/5818 3953/5303/5817 3998/5305/5819
f 3999/5304/5818 3998/5305/5819 3903/5245/5747
f 3903/5245/5747 3998/5305/5819 3904/5247/5749
f 14/5306/16 13/5307/15 1925/5299/16
f 1925/5299/16 13/5307/5820 4009/5308/5821
f 1925/5299/16 4009/5308/5821 4008/5309/5822
f 4008/5309/5822 4009/5308/5821 3959/5310/5823
f 4008/5309/5822 3959/5310/5823 3958/5311/5824
f 3958/5311/5824 3959/5310/5823 3993/5312/5825
f 3958/5311/5824 3993/5312/5825 3994/5313/5826
f 3994/5313/5826 3993/5312/5825 3908/5255/5758
f 3994/5313/5826 3908/5255/5758 3907/5253/5756
f 12/5314/13 4014/5315/5827 13/5307/15
f 13/5307/15 4014/5315/5827 4013/5316/5828
f 13/5307/15 4013/5316/5828 4012/5317/5829
f 4012/5317/5829 4013/5316/5828 3963/5318/5830
f 4012/5317/5829 3963/5318/5831 3962/5319/5832
f 3962/5319/5832 3963/5318/5830 3989/5320/5833
f 3962/5319/5832 3989/5320/5834 3990/5321/5835
f 3990/5321/5835 3989/5320/5833 3912/5263/5770
f 3990/5321/5835 3912/5263/5836 3911/5261/5767
f 11/5322/5837 4018/5323/5838 12/5314/13
f 12/5314/5839 4018/5323/5840 4017/5324/5841
f 12/5314/13 4017/5324/5841 4016/5325/5842
f 4016/5325/5842 4017/5324/5841 3967/5326/5843
f 4016/5325/5842 3967/5326/5844 3966/5327/5845
f 3966/5327/5845 3967/5326/5844 3985/5328/5846
f 3966/5327/5845 3985/5328/5846 3986/5329/5847
f 3986/5329/5847 3985/5328/5846 3916/5271/5782
f 3986/5329/5847 3916/5271/5848 3915/5269/5849
f 10/5330/10 4023/5331/5850 11/5322/11
f 11/5322/11 4023/5331/5850 4022/5332/5851
f 11/5322/11 4022/5332/5851 4021/5333/5852
f 4021/5333/5852 4022/5332/5851 3972/5334/5853
f 4021/5333/5852 3972/5334/5853 3971/5335/5854
f 3971/5335/5855 3972/5334/5853 3980/5336/5856
f 3971/5335/5855 3980/5336/5856 3981/5337/5857
f 3981/5337/5858 3980/5336/5856 3921/5281/5794
f 3981/5337/5857 3921/5281/5795 3920/5279/5792
f 4023/5331/5850 10/5330/10 4024/5338/5859
f 4024/5338/5859 10/5330/10 2147/5339/10
f 4024/5338/5859 2147/5339/10 2146/5340/10
f 4024/5338/5859 2146/5340/10 3975/5341/5860
f 3975/5341/5860 2146/5340/10 2145/5342/10
f 3975/5341/5860 2145/5342/10 2144/5343/10
f 3975/5341/5861 2144/5343/10 3976/5344/5862
f 3976/5344/5862 2144/5343/10 2143/5345/10
f 3976/5344/5862 2143/5345/10 2142/5346/10
f 2142/5346/10 2141/5347/10 3976/5344/5862
f 3976/5344/5863 2141/5347/10 3926/5291/5808
f 3976/5344/5863 3926/5291/5808 3925/5289/5806
f 2141/5347/10 2140/5348/10 3926/5291/5808
f 3926/5291/5864 2140/5348/10 2139/5349/10
f 3926/5291/5808 2139/5349/10 2138/5293/10
f 2137/5294/10 2136/5350/10 3927/5292/5809
f 3927/5292/5809 2136/5350/10 4025/5143/5591
f 3927/5292/5809 4025/5143/5591 4026/5141/5589
f 2136/5350/10 2135/5145/10 4025/5143/5591
f 2135/5145/10 2134/5351/10 4051/5147/5596
f 4051/5147/5596 2134/5351/10 4494/5352/5865
f 4051/5147/5596 4494/5352/5865 4495/5149/5598
f 4495/5149/5866 4494/5352/5867 4519/5353/5868
f 4495/5149/5598 4519/5353/5869 4520/5151/5600
f 4520/5151/5600 4519/5353/5869 4544/5354/5870
f 4520/5151/5600 4544/5354/5871 4545/5153/5872
f 4545/5153/5872 4544/5354/5870 4121/5355/5873
f 4545/5153/5872 4121/5355/5873 4120/5155/5609
f 4120/5155/5606 4121/5355/5873 3873/5356/5874
f 4120/5155/5609 3873/5356/5874 3872/5157/5875
f 3872/5157/5875 3873/5356/5874 3882/5357/5876
f 3872/5157/5610 3882/5357/5876 3883/5159/5613
f 3883/5159/5613 3882/5357/5876 4168/5358/5877
f 3883/5159/5613 4168/5358/5877 4167/5161/5617
f 4167/5161/5878 4168/5358/5879 4132/5359/5880
f 4167/5161/5617 4132/5359/5881 4133/5163/5621
f 4133/5163/5621 4132/5359/5882 4463/5360/5883
f 4133/5163/5621 4463/5360/5883 4462/5165/5626
f 4462/5165/5626 4463/5360/5883 4438/5361/5884
f 4462/5165/5626 4438/5361/5884 4437/5167/5629
f 4437/5167/5630 4438/5361/5885 4214/5362/5886
f 4437/5167/5629 4214/5362/5887 4213/5169/5633
f 4213/5169/5633 4214/5362/5888 4186/5363/5889
f 4213/5169/5633 4186/5363/5889 4187/5171/5636
f 4187/5171/5636 4186/5363/5890 4411/5364/5891
f 4187/5171/5892 4411/5364/5891 4410/5173/5641
f 4410/5173/5641 4411/5364/5891 4261/5365/5893
f 4410/5173/5641 4261/5365/5893 4260/5175/5644
f 4260/5175/5644 4261/5365/5894 4239/5366/5895
f 4260/5175/5644 4239/5366/5895 4240/5177/5646
f 4240/5177/5646 4239/5366/5895 4309/5367/5896
f 4240/5177/5646 4309/5367/5897 4308/5179/5648
f 4308/5179/5648 4309/5367/5897 4291/5368/5898
f 4308/5179/5648 4291/5368/5898 4292/5181/5650
f 4292/5181/5650 4291/5368/5898 4357/5369/5899
f 4292/5181/5650 4357/5369/5899 4356/5183/5900
f 4356/5183/5901 4357/5369/5899 4343/5370/5902
f 4356/5183/5653 4343/5370/5902 4344/5185/5903
f 4344/5185/5656 4343/5370/5902 4586/5371/5904
f 4344/5185/5656 4586/5371/5904 4587/5187/5658
f 4587/5187/5658 4586/5371/5904 4612/5372/5905
f 4587/5187/5658 4612/5372/5905 4613/5189/5906
f 4613/5189/5662 4612/5372/5905 4636/5373/5907
f 4613/5189/5660 4636/5373/5907 4637/5191/5663
f 4637/5191/5663 4636/5373/5907 4377/5374/5908
f 4637/5191/5663 4377/5374/5909 4376/5193/5667
f 4376/5193/5667 4377/5374/5908 3403/142/5506
f 3372/5375/4765 3846/5376/5910 2134/5351/10
f 2134/5351/10 3846/5376/5911 4124/5377/5912
f 2134/5351/10 4124/5377/5912 4542/5378/5913
f 4542/5378/5913 4124/5377/5912 4123/5379/5914
f 4542/5378/5913 4123/5379/5914 4543/5380/5915
f 4543/5380/5915 4123/5379/5914 4122/5381/5916
f 4543/5380/5915 4122/5381/5916 4544/5354/5870
f 4544/5354/5871 4122/5381/5916 4121/5355/5873
f 3371/5382/4766 4125/5383/5917 3372/5375/4765
f 3372/5375/4765 4125/5383/5917 4174/5384/5918
f 3372/5375/4764 4174/5384/5918 3877/5385/5919
f 3877/5385/5919 4174/5384/5918 4173/5386/5920
f 3877/5385/5921 4173/5386/5920 3878/5387/5922
f 3878/5387/5923 4173/5386/5920 4172/5388/5924
f 3878/5387/5923 4172/5388/5924 3879/5389/5925
f 3879/5389/5925 4172/5388/5924 4171/5390/5926
f 3879/5389/5925 4171/5390/5926 3880/5391/5927
f 3880/5391/5927 4171/5390/5926 4170/5392/5928
f 3880/5391/5929 4170/5392/5928 3881/5393/5930
f 3881/5393/5930 4170/5392/5928 4169/5394/5931
f 3881/5393/5932 4169/5394/5931 3882/5357/5876
f 3882/5357/5876 4169/5394/5931 4168/5358/5877
f 3370/5395/5933 3842/5396/5934 3371/5382/4766
f 3371/5382/4766 3842/5396/5934 4175/5397/5935
f 3371/5382/4766 4175/5397/5935 4224/5398/5936
f 4224/5398/5936 4175/5397/5935 4176/5399/5937
f 4224/5398/5936 4176/5399/5937 4223/5400/5938
f 4223/5400/5939 4176/5399/5937 4177/5401/5940
f 4223/5400/5938 4177/5401/5940 4222/5402/5941
f 4222/5402/5941 4177/5401/5942 4178/5403/5943
f 4222/5402/5941 4178/5403/5943 4221/5404/5944
f 4221/5404/5945 4178/5403/5943 4179/5405/5946
f 4221/5404/5945 4179/5405/5946 4220/5406/5947
f 4220/5406/5948 4179/5405/5949 4180/5407/5950
f 4220/5406/5948 4180/5407/5950 4219/5408/5951
f 4219/5408/5952 4180/5407/5950 4181/5409/5953
f 4219/5408/5952 4181/5409/5954 4218/5410/5955
f 4218/5410/5955 4181/5409/5956 4182/5411/5957
f 4218/5410/5955 4182/5411/5958 4217/5412/5959
f 4217/5412/5959 4182/5411/5957 4183/5413/5960
f 4217/5412/5959 4183/5413/5960 4216/5414/5961
f 4216/5414/5961 4183/5413/5962 4184/5415/5963
f 4216/5414/5961 4184/5415/5964 4215/5416/5965
f 4215/5416/5965 4184/5415/5966 4185/5417/5967
f 4215/5416/5968 4185/5417/5967 4214/5362/5886
f 4214/5362/5888 4185/5417/5969 4186/5363/5889
f 3369/5418/4770 4225/5419/5970 3370/5395/5933
f 3370/5395/5933 4225/5419/5970 4274/5420/5971
f 3370/5395/5933 4274/5420/5972 3842/5396/5973
f 3842/5396/5934 4274/5420/5972 4273/5421/5974
f 3842/5396/5934 4273/5421/5974 4422/5422/5975
f 4422/5422/5975 4273/5421/5974 4272/5423/5976
f 4422/5422/5977 4272/5423/5978 4421/5424/5979
f 4421/5424/5979 4272/5423/5976 4271/5425/5980
f 4421/5424/5979 4271/5425/5981 4420/5426/5982
f 4420/5426/5982 4271/5425/5980 4270/5427/5983
f 4420/5426/5982 4270/5427/5983 4419/5428/5984
f 4419/5428/5984 4270/5427/5983 4269/5429/5985
f 4419/5428/5984 4269/5429/5985 4418/5430/5986
f 4418/5430/5986 4269/5429/5985 4268/5431/5987
f 4418/5430/5986 4268/5431/5987 4417/5432/5988
f 4417/5432/5988 4268/5431/5987 4267/5433/5989
f 4417/5432/5990 4267/5433/5991 4416/5434/5992
f 4416/5434/5992 4267/5433/5989 4266/5435/5993
f 4416/5434/5992 4266/5435/5993 4415/5436/5994
f 4415/5436/5994 4266/5435/5993 4265/5437/5995
f 4415/5436/5994 4265/5437/5995 4414/5438/5996
f 4414/5438/5997 4265/5437/5998 4264/5439/5999
f 4414/5438/5996 4264/5439/5999 4413/5440/6000
f 4413/5440/6000 4264/5439/5999 4263/5441/6001
f 4413/5440/6000 4263/5441/6001 4412/5442/6002
f 4412/5442/6002 4263/5441/6003 4262/5443/6004
f 4412/5442/6002 4262/5443/6004 4411/5364/5891
f 4411/5364/5891 4262/5443/6004 4261/5365/5894
f 3368/5444/4771 4275/5445/6005 3369/5418/6006
f 3369/5418/6006 4275/5445/6007 4324/5446/6008
f 3369/5418/4770 4324/5446/6008 4225/5419/5970
f 4225/5419/5970 4324/5446/6008 4323/5447/6009
f 4225/5419/5970 4323/5447/6009 4226/5448/6010
f 4226/5448/6010 4323/5447/6009 4322/5449/6011
f 4226/5448/6010 4322/5449/6011 4227/5450/6012
f 4227/5450/6013 4322/5449/6014 4321/5451/6015
f 4227/5450/6013 4321/5451/6015 4228/5452/6016
f 4228/5452/6017 4321/5451/6015 4320/5453/6018
f 4228/5452/6016 4320/5453/6019 4229/5454/6020
f 4229/5454/6020 4320/5453/6018 4319/5455/6021
f 4229/5454/6020 4319/5455/6022 4230/5456/6023
f 4230/5456/6023 4319/5455/6024 4318/5457/6025
f 4230/5456/6023 4318/5457/6025 4231/5458/6026
f 4231/5458/6026 4318/5457/6027 4317/5459/6028
f 4231/5458/6026 4317/5459/6028 4232/5460/6029
f 4232/5460/6029 4317/5459/6028 4316/5461/6030
f 4232/5460/6029 4316/5461/6030 4233/5462/6031
f 4233/5462/6031 4316/5461/6030 4315/5463/6032
f 4233/5462/6031 4315/5463/6032 4234/5464/6033
f 4234/5464/6033 4315/5463/6034 4314/5465/6035
f 4234/5464/6033 4314/5465/6035 4235/5466/6036
f 4235/5466/6036 4314/5465/6035 4313/5467/6037
f 4235/5466/6036 4313/5467/6037 4236/5468/6038
f 4236/5468/6038 4313/5467/6037 4312/5469/6039
f 4236/5468/6038 4312/5469/6040 4237/5470/6041
f 4237/5470/6041 4312/5469/6039 4311/5471/6042
f 4237/5470/6041 4311/5471/6042 4238/5472/6043
f 4238/5472/6043 4311/5471/6044 4310/5473/6045
f 4238/5472/6043 4310/5473/6045 4239/5366/5895
f 4239/5366/5895 4310/5473/6045 4309/5367/5897
f 3367/5474/4773 4567/5475/6046 3368/5444/4771
f 3368/5444/4771 4567/5475/6046 4325/5476/6047
f 3368/5444/4771 4325/5476/6047 4374/5477/6048
f 4374/5477/6049 4325/5476/6047 4326/5478/6050
f 4374/5477/6048 4326/5478/6051 4373/5479/6052
f 4373/5479/6052 4326/5478/6050 4327/5480/6053
f 4373/5479/6052 4327/5480/6053 4372/5481/6054
f 4372/5481/6054 4327/5480/6053 4328/5482/6055
f 4372/5481/6054 4328/5482/6055 4371/5483/6056
f 4371/5483/6056 4328/5482/6055 4329/5484/6057
f 4371/5483/6056 4329/5484/6057 4370/5485/6058
f 4370/5485/6058 4329/5484/6057 4330/5486/6059
f 4370/5485/6058 4330/5486/6059 4369/5487/6060
f 4369/5487/6060 4330/5486/6059 4331/5488/6061
f 4369/5487/6060 4331/5488/6061 4368/5489/6062
f 4368/5489/6062 4331/5488/6061 4332/5490/6063
f 4368/5489/6062 4332/5490/6063 4367/5491/6064
f 4367/5491/6065 4332/5490/6063 4333/5492/6066
f 4367/5491/6065 4333/5492/6066 4366/5493/6067
f 4366/5493/6068 4333/5492/6066 4334/5494/6069
f 4366/5493/6068 4334/5494/6069 4365/5495/6070
f 4365/5495/6070 4334/5494/6071 4335/5496/6072
f 4365/5495/6070 4335/5496/6072 4364/5497/6073
f 4364/5497/6073 4335/5496/6072 4336/5498/6074
f 4364/5497/6073 4336/5498/6075 4363/5499/6076
f 4363/5499/6076 4336/5498/6077 4337/5500/6078
f 4363/5499/6076 4337/5500/6078 4362/5501/6079
f 4362/5501/6079 4337/5500/6078 4338/5502/6080
f 4362/5501/6079 4338/5502/6080 4361/5503/6081
f 4361/5503/6081 4338/5502/6080 4339/5504/6082
f 4361/5503/6081 4339/5504/6082 4360/5505/6083
f 4360/5505/6084 4339/5504/6082 4340/5506/6085
f 4360/5505/6084 4340/5506/6085 4359/5507/6086
f 4359/5507/6087 4340/5506/6085 4341/5508/6088
f 4359/5507/6087 4341/5508/6088 4358/5509/6089
f 4358/5509/6089 4341/5508/6088 4342/5510/6090
f 4358/5509/6091 4342/5510/6090 4357/5369/5899
f 4357/5369/5899 4342/5510/6092 4343/5370/5902
f 3834/5511/6093 4398/5512/6094 3367/5474/4773
f 3367/5474/4773 4398/5512/6094 4399/5513/6095
f 3367/5474/4773 4399/5513/6096 3840/5514/6097
f 3840/5514/6098 4399/5513/6095 4398/5512/6099
f 3840/5514/6098 4398/5512/6094 4616/5515/6100
f 4616/5515/6100 4398/5512/6094 4397/5516/6101
f 4616/5515/6100 4397/5516/6101 4617/5517/6102
f 4617/5517/6102 4397/5516/6101 4396/5518/6103
f 4617/5517/6104 4396/5518/6105 4618/5519/6106
f 4618/5519/6107 4396/5518/6103 4395/5520/6108
f 4618/5519/6107 4395/5520/6109 4619/5521/6110
f 4619/5521/6111 4395/5520/6109 4394/5522/6112
f 4619/5521/6111 4394/5522/6112 4620/5523/6113
f 4620/5523/6113 4394/5522/6112 4393/5524/6114
f 4620/5523/6113 4393/5524/6114 4621/5525/6115
f 4621/5525/6115 4393/5524/6116 4392/5526/6117
f 4621/5525/6115 4392/5526/6117 4622/5527/6118
f 4622/5527/6118 4392/5526/6119 4391/5528/6120
f 4622/5527/6118 4391/5528/6120 4623/5529/6121
f 4623/5529/6121 4391/5528/6120 4390/5530/6122
f 4623/5529/6121 4390/5530/6122 4624/5531/6123
f 4624/5531/6123 4390/5530/6122 4389/5532/6124
f 4624/5531/6123 4389/5532/6124 4625/5533/6125
f 4625/5533/6126 4389/5532/6124 4388/5534/6127
f 4625/5533/6128 4388/5534/6129 4626/5535/6130
f 4626/5535/6130 4388/5534/6127 4387/5536/6131
f 4626/5535/6130 4387/5536/6132 4627/5537/6133
f 4627/5537/6133 4387/5536/6132 4386/5538/6134
f 4627/5537/6133 4386/5538/6135 4628/5539/6136
f 4628/5539/6137 4386/5538/6135 4385/5540/6138
f 4628/5539/6137 4385/5540/6138 4629/5541/6139
f 4629/5541/6139 4385/5540/6140 4384/5542/6141
f 4629/5541/6142 4384/5542/6141 4630/5543/6143
f 4630/5543/6143 4384/5542/6141 4383/5544/6144
f 4630/5543/6143 4383/5544/6144 4631/5545/6145
f 4631/5545/6146 4383/5544/6144 4382/5546/6147
f 4631/5545/6145 4382/5546/6147 4632/5547/6148
f 4632/5547/6148 4382/5546/6147 4381/5548/6149
f 4632/5547/6148 4381/5548/6149 4633/5549/6150
f 4633/5549/6151 4381/5548/6149 4380/5550/6152
f 4633/5549/6153 4380/5550/6152 4634/5551/6154
f 4634/5551/6154 4380/5550/6152 4379/5552/6155
f 4634/5551/6154 4379/5552/6155 4635/5553/6156
f 4635/5553/6157 4379/5552/6155 4378/5554/6158
f 4635/5553/6157 4378/5554/6158 4636/5373/5907
f 4636/5373/5907 4378/5554/6158 4377/5374/5908
f 3833/5555/6159 4390/5530/6122 3834/5511/6093
f 3834/5511/6093 4390/5530/6160 4391/5528/6120
f 3834/5511/6093 4391/5528/6120 4392/5526/6161
f 3403/142/5506 4386/5538/6162 3833/5555/6163
f 3833/5555/6159 4386/5538/6134 4387/5536/6131
f 3833/5555/6163 4387/5536/6131 4388/5534/6127
f 4591/5196/5670 3403/142/5506 3841/5556/6164
f 3841/5556/6164 3403/142/5506 3402/5557/6165
f 3841/5556/6164 3402/5557/6165 4349/5558/6166
f 4349/5558/6166 3402/5557/6167 4350/5559/6168
f 4349/5558/6166 4350/5559/6169 4351/5560/6170
f 4351/5560/6170 4350/5559/6169 4298/5561/6171
f 4351/5560/6170 4298/5561/6171 4297/5562/6172
f 4297/5562/6172 4298/5561/6171 4302/5563/6173
f 4297/5562/6172 4302/5563/6173 4303/5564/6174
f 4303/5564/6174 4302/5563/6173 4246/5565/6175
f 4303/5564/6176 4246/5565/6175 4245/5566/6177
f 4245/5566/6177 4246/5565/6175 4254/5567/6178
f 4245/5566/6177 4254/5567/6179 4255/5568/6180
f 4255/5568/6181 4254/5567/6179 4404/5569/6182
f 4255/5568/6180 4404/5569/6182 4405/5570/6183
f 4405/5570/6183 4404/5569/6182 4193/5571/6184
f 4405/5570/6183 4193/5571/6185 4192/5572/6186
f 4192/5572/6186 4193/5571/6185 4207/5573/6187
f 4192/5572/6186 4207/5573/6188 4208/5574/6189
f 4208/5574/6189 4207/5573/6187 4431/5575/6190
f 4208/5574/6189 4431/5575/6191 4432/5576/6192
f 4432/5576/6192 4431/5575/6190 4456/5577/6193
f 4432/5576/6192 4456/5577/6193 4457/5578/6194
f 4457/5578/6194 4456/5577/6193 4139/5579/6195
f 4457/5578/6194 4139/5579/6195 4138/5580/6196
f 4138/5580/6197 4139/5579/6195 4161/5581/6198
f 4138/5580/6199 4161/5581/6198 4162/5582/6200
f 4162/5582/6201 4161/5581/6198 3889/5583/6202
f 4162/5582/6200 3889/5583/6202 3888/5584/6203
f 3888/5584/6204 3889/5583/6202 3866/5585/6205
f 3888/5584/6204 3866/5585/6205 3867/5586/6206
f 3867/5586/6207 3866/5585/6205 4114/5587/6208
f 3867/5586/6209 4114/5587/6210 4115/5588/6211
f 4115/5588/6211 4114/5587/6212 4551/5589/6213
f 4115/5588/6211 4551/5589/6213 4550/5590/6214
f 4550/5590/6214 4551/5589/6215 4526/5591/6216
f 4550/5590/6214 4526/5591/6217 4525/5592/6218
f 4525/5592/6218 4526/5591/6216 4501/5593/6219
f 4525/5592/6218 4501/5593/6219 4500/5594/6220
f 4500/5594/6220 4501/5593/6219 4057/5595/6221
f 4500/5594/6222 4057/5595/6223 4056/5596/6224
f 4056/5596/6224 4057/5595/6223 4095/5597/6225
f 4056/5596/6224 4095/5597/6226 4096/5598/6227
f 4096/5598/6228 4095/5597/6229 4474/5136/5581
f 4096/5598/6228 4474/5136/5580 4473/5138/5584
f 4350/5559/6168 3402/5557/6165 4299/5599/6230
f 4299/5599/6231 3402/5557/6165 3401/5600/4826
f 4299/5599/6230 3401/5600/4826 4300/5601/6232
f 4300/5601/6232 3401/5600/4826 4249/5602/6233
f 4300/5601/6232 4249/5602/6233 4248/5603/6234
f 4248/5603/6234 4249/5602/6233 4251/5604/6235
f 4248/5603/6234 4251/5604/6235 4252/5605/6236
f 4252/5605/6236 4251/5604/6235 4401/5606/6237
f 4252/5605/6236 4401/5606/6237 4402/5607/6238
f 4402/5607/6238 4401/5606/6237 4196/5608/6239
f 4402/5607/6240 4196/5608/6239 4195/5609/6241
f 4195/5609/6242 4196/5608/6239 4204/5610/6243
f 4195/5609/6244 4204/5610/6243 4205/5611/6245
f 4205/5611/6245 4204/5610/6243 4428/5612/6246
f 4205/5611/6245 4428/5612/6246 4429/5613/6247
f 4429/5613/6247 4428/5612/6246 4453/5614/6248
f 4429/5613/6247 4453/5614/6248 4454/5615/6249
f 4454/5615/6249 4453/5614/6248 4142/5616/6250
f 4454/5615/6249 4142/5616/6250 4141/5617/6251
f 4141/5617/6251 4142/5616/6250 4158/5618/6252
f 4141/5617/6251 4158/5618/6253 4159/5619/6254
f 4159/5619/6255 4158/5618/6252 3892/5620/6256
f 4159/5619/6255 3892/5620/6256 3891/5621/6257
f 3891/5621/6258 3892/5620/6256 3863/5622/6259
f 3891/5621/6257 3863/5622/6259 3864/5623/6260
f 3864/5623/6260 3863/5622/6259 4111/5624/6261
f 3864/5623/6260 4111/5624/6261 4112/5625/6262
f 4112/5625/6262 4111/5624/6261 4554/5626/6263
f 4112/5625/6262 4554/5626/6263 4553/5627/6264
f 4553/5627/6264 4554/5626/6263 4529/5628/6265
f 4553/5627/6264 4529/5628/6265 4528/5629/6266
f 4528/5629/6267 4529/5628/6265 4504/5630/6268
f 4528/5629/6266 4504/5630/6268 4503/5631/6269
f 4503/5631/6269 4504/5630/6268 4060/5632/6270
f 4503/5631/6269 4060/5632/6271 4059/5633/6272
f 4059/5633/6272 4060/5632/6270 4092/5634/6273
f 4059/5633/6272 4092/5634/6273 4093/5635/6274
f 4093/5635/6274 4092/5634/6275 4477/5130/5571
f 4093/5635/6274 4477/5130/5571 4476/5132/5575
f 3401/5600/4826 3400/5636/6276 4249/5602/6233
f 4249/5602/6233 3400/5636/6276 4250/5637/6277
f 4249/5602/6233 4250/5637/6277 4251/5604/6235
f 4251/5604/6235 4250/5637/6277 4400/5638/6278
f 4251/5604/6279 4400/5638/6278 4401/5606/6237
f 4401/5606/6237 4400/5638/6278 4197/5639/6280
f 4401/5606/6237 4197/5639/6280 4196/5608/6239
f 4196/5608/6239 4197/5639/6280 4203/5640/6281
f 4196/5608/6239 4203/5640/6282 4204/5610/6243
f 4204/5610/6243 4203/5640/6282 4427/5641/6283
f 4204/5610/6243 4427/5641/6283 4428/5612/6246
f 4428/5612/6246 4427/5641/6283 4452/5642/6284
f 4428/5612/6246 4452/5642/6285 4453/5614/6248
f 4453/5614/6248 4452/5642/6285 4143/5643/6286
f 4453/5614/6248 4143/5643/6286 4142/5616/6250
f 4142/5616/6250 4143/5643/6286 4157/5644/6287
f 4142/5616/6250 4157/5644/6287 4158/5618/6253
f 4158/5618/6252 4157/5644/6288 3893/5645/6289
f 4158/5618/6253 3893/5645/6289 3892/5620/6256
f 3892/5620/6256 3893/5645/6289 3862/5646/6290
f 3892/5620/6256 3862/5646/6290 3863/5622/6259
f 3863/5622/6259 3862/5646/6290 4110/5647/6291
f 3863/5622/6259 4110/5647/6291 4111/5624/6292
f 4111/5624/6261 4110/5647/6293 4555/5648/6294
f 4111/5624/6261 4555/5648/6295 4554/5626/6296
f 4554/5626/6263 4555/5648/6295 4530/5649/6297
f 4554/5626/6263 4530/5649/6298 4529/5628/6265
f 4529/5628/6265 4530/5649/6298 4505/5650/6299
f 4529/5628/6265 4505/5650/6299 4504/5630/6300
f 4504/5630/6268 4505/5650/6301 4061/5651/6302
f 4504/5630/6300 4061/5651/6302 4060/5632/6270
f 4060/5632/6270 4061/5651/6303 4091/5652/6304
f 4060/5632/6305 4091/5652/6306 4092/5634/6273
f 4092/5634/6273 4091/5652/6304 4478/5128/5568
f 4092/5634/6273 4478/5128/5568 4477/5130/6307
f 4250/5637/6277 3400/5636/6276 3843/5653/6308
f 3843/5653/6308 3400/5636/6276 3399/5654/6309
f 3843/5653/6308 3399/5654/4823 4199/5655/6310
f 4199/5655/6310 3399/5654/4823 4200/5656/6311
f 4199/5655/6310 4200/5656/6311 4201/5657/6312
f 4201/5657/6312 4200/5656/6311 4424/5658/6313
f 4201/5657/6312 4424/5658/6313 4425/5659/6314
f 4425/5659/6315 4424/5658/6313 4449/5660/6316
f 4425/5659/6315 4449/5660/6317 4450/5661/6318
f 4450/5661/6318 4449/5660/6316 4146/5662/6319
f 4450/5661/6318 4146/5662/6319 4145/5663/6320
f 4145/5663/6320 4146/5662/6319 4154/5664/6321
f 4145/5663/6320 4154/5664/6321 4155/5665/6322
f 4155/5665/6322 4154/5664/6321 3896/5666/6323
f 4155/5665/6322 3896/5666/6324 3895/5667/6325
f 3895/5667/6326 3896/5666/6323 3859/5668/6327
f 3895/5667/6328 3859/5668/6327 3860/5669/6329
f 3860/5669/6329 3859/5668/6327 4107/5670/6330
f 3860/5669/6329 4107/5670/6331 4108/5671/6332
f 4108/5671/6332 4107/5670/6331 4558/5672/6333
f 4108/5671/6332 4558/5672/6333 4557/5673/6334
f 4557/5673/6334 4558/5672/6333 4533/5674/6335
f 4557/5673/6334 4533/5674/6335 4532/5675/6336
f 4532/5675/6336 4533/5674/6335 4508/5676/6337
f 4532/5675/6336 4508/5676/6337 4507/5677/6338
f 4507/5677/6338 4508/5676/6339 4064/5678/6340
f 4507/5677/6338 4064/5678/6341 4063/5679/6342
f 4063/5679/6343 4064/5678/6341 4088/5680/6344
f 4063/5679/6342 4088/5680/6344 4089/5681/6345
f 4089/5681/6346 4088/5680/6344 4481/5122/5561
f 4089/5681/6347 4481/5122/5561 4480/5124/5563
f 4200/5656/6311 3399/5654/4823 4423/5682/6348
f 4423/5682/6348 3399/5654/4823 3398/5683/6349
f 4423/5682/6348 3398/5683/6349 3845/5684/6350
f 3845/5684/6350 3398/5683/6349 3397/5685/6351
f 3845/5684/6350 3397/5685/6351 4149/5686/6352
f 4149/5686/6353 3397/5685/6351 4150/5687/6354
f 4149/5686/6352 4150/5687/6354 4151/5688/6355
f 4151/5688/6355 4150/5687/6354 3900/5689/6356
f 4151/5688/6355 3900/5689/6356 3899/5690/6357
f 3899/5690/6358 3900/5689/6356 3855/5691/6359
f 3899/5690/6357 3855/5691/6359 3856/5692/6360
f 3856/5692/6361 3855/5691/6359 4103/5693/6362
f 3856/5692/6361 4103/5693/6363 4104/5694/6364
f 4104/5694/6364 4103/5693/6362 4562/5695/6365
f 4104/5694/6364 4562/5695/6365 4561/5696/6366
f 4561/5696/6366 4562/5695/6365 4537/5697/6367
f 4561/5696/6366 4537/5697/6368 4536/5698/6369
f 4536/5698/6369 4537/5697/6368 4512/5699/6370
f 4536/5698/6369 4512/5699/6371 4511/5700/6372
f 4511/5700/6372 4512/5699/6370 4068/5701/6373
f 4511/5700/6372 4068/5701/6373 4067/5702/6374
f 4067/5702/6374 4068/5701/6373 4084/5703/6375
f 4067/5702/6374 4084/5703/6375 4085/5704/6376
f 4085/5704/6376 4084/5703/6375 4485/5114/5550
f 4085/5704/6377 4485/5114/5550 4484/5116/5553
f 4150/5687/6354 3397/5685/6351 3901/5705/6378
f 3901/5705/6379 3397/5685/6351 1930/5094/16
f 3901/5705/6378 1930/5094/16 3853/5706/6380
f 3853/5706/6380 1930/5094/16 3848/5707/6381
f 3853/5706/6380 3848/5707/6382 4101/5708/6383
f 4101/5708/6383 3848/5707/6381 4565/5709/6384
f 4101/5708/6383 4565/5709/6384 4564/5710/6385
f 4564/5710/6385 4565/5709/6384 4540/5711/6386
f 4564/5710/6387 4540/5711/6388 4539/5712/6389
f 4539/5712/6389 4540/5711/6386 4515/5713/6390
f 4539/5712/6389 4515/5713/6390 4514/5714/6391
f 4514/5714/6391 4515/5713/6390 4071/5715/6392
f 4514/5714/6393 4071/5715/6394 4070/5716/6395
f 4070/5716/6395 4071/5715/6392 4081/5717/6396
f 4070/5716/6395 4081/5717/6396 4082/5718/6397
f 4082/5718/6398 4081/5717/6399 4488/5108/5542
f 4082/5718/6398 4488/5108/5542 4487/5110/5544
f 3368/5444/4771 4374/5477/6048 4275/5445/6007
f 4275/5445/6005 4374/5477/6048 4373/5479/6052
f 4275/5445/6005 4373/5479/6052 4276/5719/6400
f 4276/5719/6401 4373/5479/6052 4372/5481/6402
f 4276/5719/6400 4372/5481/6054 4277/5720/6403
f 4277/5720/6404 4372/5481/6054 4371/5483/6056
f 4277/5720/6403 4371/5483/6056 4278/5721/6405
f 4278/5721/6405 4371/5483/6056 4370/5485/6058
f 4278/5721/6405 4370/5485/6058 4279/5722/6406
f 4279/5722/6406 4370/5485/6058 4369/5487/6407
f 4279/5722/6406 4369/5487/6060 4280/5723/6408
f 4280/5723/6408 4369/5487/6060 4368/5489/6062
f 4280/5723/6408 4368/5489/6062 4281/5724/6409
f 4281/5724/6410 4368/5489/6411 4367/5491/6065
f 4281/5724/6410 4367/5491/6065 4282/5725/6412
f 4282/5725/6412 4367/5491/6065 4366/5493/6068
f 4282/5725/6413 4366/5493/6067 4283/5726/6414
f 4283/5726/6414 4366/5493/6067 4365/5495/6070
f 4283/5726/6414 4365/5495/6070 4284/5727/6415
f 4284/5727/6415 4365/5495/6070 4364/5497/6073
f 4284/5727/6416 4364/5497/6417 4285/5728/6418
f 4285/5728/6418 4364/5497/6073 4363/5499/6419
f 4285/5728/6418 4363/5499/6076 4286/5729/6420
f 4286/5729/6420 4363/5499/6076 4362/5501/6079
f 4286/5729/6420 4362/5501/6079 4287/5730/6421
f 4287/5730/6421 4362/5501/6422 4361/5503/6081
f 4287/5730/6421 4361/5503/6081 4288/5731/6423
f 4288/5731/6423 4361/5503/6424 4360/5505/6425
f 4288/5731/6426 4360/5505/6084 4289/5732/6427
f 4289/5732/6427 4360/5505/6083 4359/5507/6087
f 4289/5732/6428 4359/5507/6087 4290/5733/6429
f 4290/5733/6429 4359/5507/6430 4358/5509/6091
f 4290/5733/6429 4358/5509/6089 4291/5368/5898
f 4291/5368/5898 4358/5509/6091 4357/5369/5899
f 3371/5382/4766 4224/5398/5936 4447/5734/6431
f 4447/5734/6431 4224/5398/5936 4223/5400/5939
f 4447/5734/6431 4223/5400/5939 4446/5735/6432
f 4446/5735/6433 4223/5400/5939 4222/5402/5941
f 4446/5735/6433 4222/5402/5941 4445/5736/6434
f 4445/5736/6434 4222/5402/6435 4221/5404/5944
f 4445/5736/6434 4221/5404/5944 4444/5737/6436
f 4444/5737/6436 4221/5404/5945 4220/5406/6437
f 4444/5737/6436 4220/5406/5947 4443/5738/6438
f 4443/5738/6439 4220/5406/6437 4219/5408/5952
f 4443/5738/6439 4219/5408/5951 4442/5739/6440
f 4442/5739/6440 4219/5408/5952 4218/5410/5955
f 4442/5739/6440 4218/5410/5955 4441/5740/6441
f 4441/5740/6442 4218/5410/5955 4217/5412/5959
f 4441/5740/6442 4217/5412/5959 4440/5741/6443
f 4440/5741/6443 4217/5412/5959 4216/5414/5961
f 4440/5741/6443 4216/5414/5961 4439/5742/6444
f 4439/5742/6445 4216/5414/5961 4215/5416/5965
f 4439/5742/6446 4215/5416/5965 4438/5361/5884
f 4438/5361/5884 4215/5416/6447 4214/5362/5886
f 3371/5382/4766 4447/5734/6431 3844/5743/6448
f 3844/5743/6448 4447/5734/6431 4446/5735/6433
f 3844/5743/6448 4446/5735/6433 4470/5744/6449
f 4470/5744/6449 4446/5735/6433 4445/5736/6434
f 4470/5744/6450 4445/5736/6434 4469/5745/6451
f 4469/5745/6451 4445/5736/6434 4444/5737/6436
f 4469/5745/6451 4444/5737/6436 4468/5746/6452
f 4468/5746/6452 4444/5737/6436 4443/5738/6439
f 4468/5746/6452 4443/5738/6438 4467/5747/6453
f 4467/5747/6453 4443/5738/6438 4442/5739/6440
f 4467/5747/6453 4442/5739/6440 4466/5748/6454
f 4466/5748/6454 4442/5739/6440 4441/5740/6442
f 4466/5748/6454 4441/5740/6442 4465/5749/6455
f 4465/5749/6455 4441/5740/6442 4440/5741/6443
f 4465/5749/6455 4440/5741/6443 4464/5750/6456
f 4464/5750/6456 4440/5741/6443 4439/5742/6444
f 4464/5750/6457 4439/5742/6444 4463/5360/5883
f 4463/5360/5883 4439/5742/6444 4438/5361/5884
f 3846/5376/5911 3372/5375/4764 3877/5385/5919
f 2134/5351/10 4542/5378/5913 3847/5751/6458
f 3847/5751/6458 4542/5378/5913 4543/5380/5915
f 3847/5751/6459 4543/5380/5915 4519/5353/5869
f 4519/5353/5868 4543/5380/5915 4544/5354/5871
f 3848/5707/6382 1930/5094/6460 4566/5752/6461
f 4566/5752/6462 1930/5094/16 4076/5753/6463
f 4566/5752/6462 4076/5753/6463 4541/5754/6464
f 4541/5754/6464 4076/5753/6463 4517/5755/6465
f 4541/5754/6464 4517/5755/6466 4516/5756/6467
f 4516/5756/6468 4517/5755/6466 4073/5757/6469
f 4516/5756/6470 4073/5757/6471 4072/5758/6472
f 4072/5758/6472 4073/5757/6471 4079/5759/6473
f 4072/5758/6474 4079/5759/6473 4080/5760/6475
f 4080/5760/6475 4079/5759/6473 4490/5104/5537
f 4080/5760/6475 4490/5104/5537 4489/5106/5540
f 4099/5241/5741 3849/5144/5593 4100/5146/5595
f 3850/5761/6476 1930/5094/16 4075/5762/6477
f 4075/5762/6477 1930/5094/16 4049/5096/5527
f 4075/5762/6477 4049/5096/5527 4493/5098/5529
f 3853/5706/6380 3854/5763/6478 3901/5705/6378
f 3901/5705/6378 3854/5763/6478 3900/5689/6356
f 3901/5705/6379 3900/5689/6356 4150/5687/6354
f 3900/5689/6356 3854/5763/6478 3855/5691/6359
f 3855/5691/6479 3854/5763/6478 4102/5764/6480
f 3855/5691/6479 4102/5764/6480 4103/5693/6363
f 4103/5693/6363 4102/5764/6480 4563/5765/6481
f 4103/5693/6362 4563/5765/6481 4562/5695/6482
f 4562/5695/6365 4563/5765/6481 4538/5766/6483
f 4562/5695/6482 4538/5766/6483 4537/5697/6368
f 4537/5697/6368 4538/5766/6483 4513/5767/6484
f 4537/5697/6368 4513/5767/6484 4512/5699/6370
f 4512/5699/6485 4513/5767/6484 4069/5768/6486
f 4512/5699/6370 4069/5768/6486 4068/5701/6373
f 4068/5701/6373 4069/5768/6486 4083/5769/6487
f 4068/5701/6488 4083/5769/6487 4084/5703/6489
f 4084/5703/6375 4083/5769/6487 4486/5112/6490
f 4084/5703/6375 4486/5112/5547 4485/5114/5550
f 4102/5764/6480 3854/5763/6478 4101/5708/6383
f 4101/5708/6383 3854/5763/6478 3853/5706/6380
f 3856/5692/6360 3857/5770/6491 3898/5771/6492
f 3898/5771/6493 3857/5770/6491 3897/5772/6494
f 3898/5771/6492 3897/5772/6495 4153/5773/6496
f 4153/5773/6496 3897/5772/6497 4154/5664/6321
f 4153/5773/6496 4154/5664/6321 4146/5662/6319
f 3857/5770/6491 3858/5774/6498 3897/5772/6497
f 3897/5772/6497 3858/5774/6498 3896/5666/6323
f 3897/5772/6494 3896/5666/6323 4154/5664/6321
f 3856/5692/6360 4104/5694/6364 3857/5770/6491
f 3857/5770/6491 4104/5694/6364 4105/5775/6499
f 3857/5770/6491 4105/5775/6499 3858/5774/6500
f 3858/5774/6500 4105/5775/6501 4106/5776/6502
f 3858/5774/6498 4106/5776/6503 3859/5668/6327
f 3859/5668/6327 4106/5776/6503 4107/5670/6504
f 3858/5774/6500 3859/5668/6327 3896/5666/6324
f 3860/5669/6329 3861/5777/6505 3894/5778/6506
f 3894/5778/6506 3861/5777/6505 3893/5645/6289
f 3894/5778/6506 3893/5645/6289 4157/5644/6288
f 3893/5645/6289 3861/5777/6505 3862/5646/6290
f 3862/5646/6290 3861/5777/6505 4109/5779/6507
f 3862/5646/6290 4109/5779/6508 4110/5647/6293
f 4110/5647/6291 4109/5779/6507 4556/5780/6509
f 4110/5647/6293 4556/5780/6509 4555/5648/6295
f 4555/5648/6510 4556/5780/6509 4531/5781/6511
f 4555/5648/6295 4531/5781/6511 4530/5649/6298
f 4530/5649/6298 4531/5781/6511 4506/5782/6512
f 4530/5649/6298 4506/5782/6512 4505/5650/6299
f 4505/5650/6299 4506/5782/6512 4062/5783/6513
f 4505/5650/6299 4062/5783/6513 4061/5651/6302
f 4061/5651/6302 4062/5783/6513 4090/5784/6514
f 4061/5651/6302 4090/5784/6514 4091/5652/6304
f 4091/5652/6304 4090/5784/6515 4479/5126/5565
f 4091/5652/6304 4479/5126/6516 4478/5128/5568
f 4109/5779/6507 3861/5777/6505 4108/5671/6332
f 4108/5671/6517 3861/5777/6518 3860/5669/6329
f 3864/5623/6260 3865/5785/6519 3890/5786/6520
f 3890/5786/6520 3865/5785/6519 3889/5583/6202
f 3890/5786/6520 3889/5583/6202 4161/5581/6198
f 3889/5583/6202 3865/5785/6521 3866/5585/6205
f 3866/5585/6205 3865/5785/6519 4113/5787/6522
f 3866/5585/6205 4113/5787/6522 4114/5587/6212
f 4114/5587/6208 4113/5787/6522 4552/5788/6523
f 4114/5587/6208 4552/5788/6524 4551/5589/6213
f 4551/5589/6213 4552/5788/6523 4527/5789/6525
f 4551/5589/6213 4527/5789/6526 4526/5591/6217
f 4526/5591/6216 4527/5789/6527 4502/5790/6528
f 4526/5591/6216 4502/5790/6528 4501/5593/6529
f 4501/5593/6219 4502/5790/6528 4058/5791/6530
f 4501/5593/6529 4058/5791/6530 4057/5595/6221
f 4057/5595/6221 4058/5791/6530 4094/5792/6531
f 4057/5595/6221 4094/5792/6531 4095/5597/6226
f 4095/5597/6226 4094/5792/6532 4475/5134/6533
f 4095/5597/6226 4475/5134/6533 4474/5136/5581
f 4113/5787/6522 3865/5785/6521 4112/5625/6262
f 4112/5625/6262 3865/5785/6521 3864/5623/6260
f 3867/5586/6206 3868/5793/6534 3887/5794/6535
f 3887/5794/6536 3868/5793/6534 3886/5226/5716
f 3887/5794/6537 3886/5226/5716 4164/5224/5713
f 3886/5226/5716 3868/5793/6538 3869/5228/5720
f 3869/5228/5722 3868/5793/6534 4116/5795/6539
f 3869/5228/5722 4116/5795/6539 4117/5230/5723
f 4117/5230/6540 4116/5795/6539 4549/5796/6541
f 4117/5230/5723 4549/5796/6542 4548/5232/5728
f 4548/5232/5728 4549/5796/6541 4524/5797/6543
f 4548/5232/5728 4524/5797/6543 4523/5234/5730
f 4523/5234/5730 4524/5797/6543 4499/5798/6544
f 4523/5234/5730 4499/5798/6544 4498/5236/5732
f 4498/5236/5732 4499/5798/6544 4055/5799/6545
f 4498/5236/5732 4055/5799/6545 4054/5238/5738
f 4054/5238/5738 4055/5799/6545 4097/5800/6546
f 4054/5238/5738 4097/5800/6547 4098/5240/5739
f 4098/5240/5740 4097/5800/6547 4472/5140/5587
f 4098/5240/6548 4472/5140/5587 4471/5142/5590
f 4116/5795/6539 3868/5793/6549 4115/5588/6550
f 4115/5588/6211 3868/5793/6534 3867/5586/6209
f 3885/5227/5718 3870/5229/5721 3884/5160/6551
f 3884/5160/5618 3870/5229/6552 3871/5158/5612
f 4119/5156/5608 3871/5158/5612 4118/5231/5725
f 4118/5231/5726 3871/5158/5611 3870/5229/5721
f 3881/5393/5930 3882/5357/5876 3873/5356/5874
f 3880/5391/5929 3881/5393/5930 3874/5801/6553
f 3874/5801/6554 3881/5393/5930 3873/5356/5874
f 3874/5801/6554 3873/5356/5874 4121/5355/5873
f 3879/5389/5925 3880/5391/5929 3875/5802/6555
f 3875/5802/6556 3880/5391/6557 3874/5801/6554
f 3875/5802/6555 3874/5801/6553 4122/5381/5916
f 4122/5381/5916 3874/5801/6554 4121/5355/5873
f 3878/5387/5922 3879/5389/5925 3876/5803/6558
f 3876/5803/6558 3879/5389/5925 3875/5802/6555
f 3876/5803/6558 3875/5802/6555 4123/5379/5914
f 4123/5379/5914 3875/5802/6555 4122/5381/5916
f 3877/5385/5919 3878/5387/5922 3846/5376/5911
f 3846/5376/5910 3878/5387/5922 3876/5803/6558
f 3846/5376/5911 3876/5803/6558 4124/5377/5912
f 4124/5377/5912 3876/5803/6558 4123/5379/5914
f 4165/5225/6559 3885/5227/5718 4166/5162/5619
f 4166/5162/5620 3885/5227/5718 3884/5160/5615
f 3867/5586/6207 3887/5794/6535 3888/5584/6204
f 3888/5584/6204 3887/5794/6537 4163/5804/6560
f 3888/5584/6204 4163/5804/6560 4162/5582/6200
f 4162/5582/6200 4163/5804/6560 4137/5805/6561
f 4162/5582/6200 4137/5805/6561 4138/5580/6199
f 4138/5580/6196 4137/5805/6561 4458/5806/6562
f 4138/5580/6199 4458/5806/6562 4457/5578/6194
f 4457/5578/6194 4458/5806/6562 4433/5807/6563
f 4457/5578/6194 4433/5807/6563 4432/5576/6192
f 4432/5576/6564 4433/5807/6565 4209/5808/6566
f 4432/5576/6192 4209/5808/6566 4208/5574/6189
f 4208/5574/6189 4209/5808/6566 4191/5809/6567
f 4208/5574/6189 4191/5809/6567 4192/5572/6568
f 4192/5572/6186 4191/5809/6567 4406/5810/6569
f 4192/5572/6186 4406/5810/6569 4405/5570/6183
f 4405/5570/6183 4406/5810/6569 4256/5811/6570
f 4405/5570/6183 4256/5811/6570 4255/5568/6181
f 4255/5568/6180 4256/5811/6570 4244/5812/6571
f 4255/5568/6180 4244/5812/6571 4245/5566/6177
f 4245/5566/6177 4244/5812/6571 4304/5813/6572
f 4245/5566/6177 4304/5813/6572 4303/5564/6176
f 4303/5564/6174 4304/5813/6573 4296/5814/6574
f 4303/5564/6176 4296/5814/6574 4297/5562/6172
f 4297/5562/6172 4296/5814/6574 4352/5815/6575
f 4297/5562/6172 4352/5815/6576 4351/5560/6170
f 4351/5560/6577 4352/5815/6576 4348/5816/6578
f 4351/5560/6170 4348/5816/6578 4349/5558/6166
f 4349/5558/6166 4348/5816/6578 3841/5556/6579
f 4163/5804/6580 3887/5794/6537 4164/5224/5713
f 3864/5623/6260 3890/5786/6520 3891/5621/6257
f 3891/5621/6257 3890/5786/6520 4160/5817/6581
f 3891/5621/6257 4160/5817/6582 4159/5619/6255
f 4159/5619/6255 4160/5817/6582 4140/5818/6583
f 4159/5619/6254 4140/5818/6583 4141/5617/6251
f 4141/5617/6251 4140/5818/6584 4455/5819/6585
f 4141/5617/6251 4455/5819/6586 4454/5615/6249
f 4454/5615/6249 4455/5819/6585 4430/5820/6587
f 4454/5615/6249 4430/5820/6587 4429/5613/6588
f 4429/5613/6588 4430/5820/6587 4206/5821/6589
f 4429/5613/6247 4206/5821/6589 4205/5611/6245
f 4205/5611/6245 4206/5821/6589 4194/5822/6590
f 4205/5611/6245 4194/5822/6590 4195/5609/6241
f 4195/5609/6242 4194/5822/6590 4403/5823/6591
f 4195/5609/6242 4403/5823/6591 4402/5607/6238
f 4402/5607/6238 4403/5823/6591 4253/5824/6592
f 4402/5607/6240 4253/5824/6593 4252/5605/6236
f 4252/5605/6236 4253/5824/6594 4247/5825/6595
f 4252/5605/6236 4247/5825/6595 4248/5603/6234
f 4248/5603/6234 4247/5825/6596 4301/5826/6597
f 4248/5603/6234 4301/5826/6597 4300/5601/6232
f 4300/5601/6232 4301/5826/6597 4299/5599/6231
f 4160/5817/6598 3890/5786/6520 4161/5581/6198
f 3860/5669/6329 3894/5778/6506 3895/5667/6326
f 3895/5667/6328 3894/5778/6506 4156/5827/6599
f 3895/5667/6326 4156/5827/6599 4155/5665/6322
f 4155/5665/6322 4156/5827/6599 4144/5828/6600
f 4155/5665/6322 4144/5828/6600 4145/5663/6320
f 4145/5663/6320 4144/5828/6600 4451/5829/6601
f 4145/5663/6320 4451/5829/6601 4450/5661/6602
f 4450/5661/6318 4451/5829/6603 4426/5830/6604
f 4450/5661/6318 4426/5830/6605 4425/5659/6606
f 4425/5659/6315 4426/5830/6604 4202/5831/6607
f 4425/5659/6606 4202/5831/6607 4201/5657/6312
f 4201/5657/6312 4202/5831/6607 4198/5832/6608
f 4201/5657/6312 4198/5832/6608 4199/5655/6609
f 4199/5655/6609 4198/5832/6608 3843/5653/6308
f 4156/5827/6599 3894/5778/6610 4157/5644/6288
f 3856/5692/6361 3898/5771/6492 3899/5690/6357
f 3899/5690/6357 3898/5771/6492 4152/5833/6611
f 3899/5690/6357 4152/5833/6611 4151/5688/6355
f 4151/5688/6355 4152/5833/6611 4148/5834/6612
f 4151/5688/6355 4148/5834/6613 4149/5686/6614
f 4149/5686/6352 4148/5834/6612 3845/5684/6350
f 4152/5833/6611 3898/5771/6492 4153/5773/6496
f 3999/5304/5818 3903/5245/5747 3902/5244/5745
f 3905/5249/5752 3904/5247/5749 3997/5835/6615
f 3997/5835/6616 3904/5247/5749 3998/5305/5819
f 3997/5835/6615 3998/5305/5819 3954/5836/6617
f 3954/5836/6617 3998/5305/5819 3953/5303/5817
f 3954/5836/6617 3953/5303/6618 4003/5837/6619
f 4003/5837/6619 3953/5303/5817 4002/5301/5813
f 4003/5837/6619 4002/5301/5813 1925/5299/16
f 3906/5251/5754 3905/5249/5752 3996/5838/6620
f 3996/5838/6620 3905/5249/5752 3997/5835/6615
f 3996/5838/6620 3997/5835/6621 3955/5839/6622
f 3955/5839/6622 3997/5835/6615 3954/5836/6617
f 3955/5839/6622 3954/5836/6617 4004/5840/6623
f 4004/5840/6623 3954/5836/6617 4003/5837/6619
f 4004/5840/6623 4003/5837/6619 1925/5299/16
f 3907/5253/5756 3906/5251/5754 3995/5841/6624
f 3995/5841/6624 3906/5251/5754 3996/5838/6620
f 3995/5841/6624 3996/5838/6620 3956/5842/6625
f 3956/5842/6625 3996/5838/6620 3955/5839/6622
f 3956/5842/6625 3955/5839/6622 4005/5843/6626
f 4005/5843/6626 3955/5839/6622 4004/5840/6623
f 4005/5843/6626 4004/5840/6623 1925/5299/16
f 3908/5255/5758 3993/5312/6627 3909/5257/5760
f 3909/5257/5760 3993/5312/5825 3992/5844/6628
f 3909/5257/5760 3992/5844/6628 3910/5259/5764
f 3910/5259/5762 3992/5844/6628 3991/5845/6629
f 3910/5259/5764 3991/5845/6629 3911/5261/5767
f 3911/5261/5767 3991/5845/6630 3990/5321/5835
f 3912/5263/5770 3989/5320/5833 3913/5265/5772
f 3913/5265/5772 3989/5320/6631 3988/5846/6632
f 3913/5265/5772 3988/5846/6632 3914/5267/5774
f 3914/5267/5774 3988/5846/6632 3987/5847/6633
f 3914/5267/5774 3987/5847/6633 3915/5269/6634
f 3915/5269/5849 3987/5847/6633 3986/5329/5847
f 3916/5271/5782 3985/5328/5846 3917/5273/6635
f 3917/5273/5784 3985/5328/5846 3984/5848/6636
f 3917/5273/5784 3984/5848/6636 3918/5275/5786
f 3918/5275/5786 3984/5848/6636 3983/5849/6637
f 3918/5275/5786 3983/5849/6638 3919/5277/5790
f 3919/5277/5790 3983/5849/6637 3982/5850/6639
f 3919/5277/5790 3982/5850/6639 3920/5279/5792
f 3920/5279/5792 3982/5850/6639 3981/5337/5857
f 3921/5281/5794 3980/5336/5856 3922/5283/5798
f 3922/5283/6640 3980/5336/5856 3979/5851/6641
f 3922/5283/6640 3979/5851/6642 3923/5285/5800
f 3923/5285/6643 3979/5851/6641 3978/5852/6644
f 3923/5285/5800 3978/5852/6644 3924/5287/5802
f 3924/5287/5802 3978/5852/6644 3977/5853/6645
f 3924/5287/5802 3977/5853/6645 3925/5289/5806
f 3925/5289/5806 3977/5853/6645 3976/5344/5862
f 3927/5292/6646 4026/5141/5589 3928/5290/5807
f 3928/5290/5807 4026/5141/5589 4027/5139/5585
f 3928/5290/5807 4027/5139/5585 3929/5288/5805
f 3929/5288/5804 4027/5139/6647 4028/5137/5582
f 3929/5288/5804 4028/5137/5583 3930/5286/6648
f 3930/5286/5801 4028/5137/5582 4029/5135/5579
f 3930/5286/5803 4029/5135/5579 3931/5284/5799
f 3931/5284/5799 4029/5135/5579 4030/5133/6649
f 3931/5284/6650 4030/5133/5578 3932/5282/5797
f 3932/5282/5797 4030/5133/6651 4031/5131/5573
f 3932/5282/5797 4031/5131/5572 3933/5280/5793
f 3933/5280/6652 4031/5131/6653 4032/5129/6654
f 3933/5280/5793 4032/5129/6654 3934/5278/5791
f 3934/5278/5791 4032/5129/6654 4033/5127/5566
f 3934/5278/5791 4033/5127/5566 3935/5276/5789
f 3935/5276/6655 4033/5127/5566 4034/5125/5564
f 3935/5276/6656 4034/5125/5564 3936/5274/5785
f 3936/5274/5785 4034/5125/5564 4035/5123/5562
f 3936/5274/6657 4035/5123/5562 3937/5272/6658
f 3937/5272/6658 4035/5123/5562 4036/5121/5560
f 3937/5272/5783 4036/5121/5560 3938/5270/5781
f 3938/5270/5780 4036/5121/5560 4037/5119/6659
f 3938/5270/5781 4037/5119/5557 3939/5268/6660
f 3939/5268/5775 4037/5119/5557 4038/5117/5555
f 3939/5268/6660 4038/5117/5555 3940/5266/5773
f 3940/5266/5773 4038/5117/5555 4039/5115/5552
f 3940/5266/5773 4039/5115/5552 3941/5264/5771
f 3941/5264/5771 4039/5115/5552 4040/5113/5548
f 3941/5264/5771 4040/5113/5548 3942/5262/5769
f 3942/5262/5769 4040/5113/5548 4041/5111/6661
f 3942/5262/5769 4041/5111/6661 3943/5260/6662
f 3943/5260/5765 4041/5111/6661 4042/5109/5543
f 3943/5260/5768 4042/5109/5543 3944/5258/5761
f 3944/5258/5763 4042/5109/5543 4043/5107/5541
f 3944/5258/5761 4043/5107/5541 3945/5256/5759
f 3945/5256/5759 4043/5107/5541 4044/5105/5539
f 3945/5256/5759 4044/5105/6663 3946/5254/5757
f 3946/5254/5757 4044/5105/5539 4045/5103/5536
f 3946/5254/5757 4045/5103/5536 3947/5252/5755
f 3947/5252/6664 4045/5103/5536 4046/5101/5533
f 3947/5252/5755 4046/5101/5534 3948/5250/5753
f 3948/5250/5753 4046/5101/5534 4047/5099/5531
f 3948/5250/5753 4047/5099/5531 3949/5248/5751
f 3949/5248/5751 4047/5099/5531 4048/5097/5528
f 3949/5248/5751 4048/5097/5528 3950/5246/5748
f 3950/5246/5748 4048/5097/5528 4050/5095/5526
f 3950/5246/5748 4050/5095/5526 3851/5093/5525
f 3951/5295/5810 3952/5302/6665 3852/5243/5744
f 3852/5243/5744 3952/5302/6666 3999/5304/5818
f 3852/5243/5744 3999/5304/5818 3902/5244/6667
f 4000/5298/5811 4001/5300/5812 3951/5295/5810
f 3951/5295/5810 4001/5300/5812 3952/5302/5815
f 3956/5842/6625 3957/5854/6668 3995/5841/6624
f 3995/5841/6624 3957/5854/6668 3994/5313/5826
f 3995/5841/6624 3994/5313/5826 3907/5253/5756
f 3994/5313/5826 3957/5854/6669 3958/5311/5824
f 3958/5311/5824 3957/5854/6668 4007/5855/6670
f 3958/5311/5824 4007/5855/6671 4008/5309/5822
f 4008/5309/5822 4007/5855/6671 1925/5299/16
f 3957/5854/6668 3956/5842/6625 4006/5856/6672
f 4006/5856/6672 3956/5842/6673 4005/5843/6626
f 4006/5856/6672 4005/5843/6626 1925/5299/16
f 3992/5844/6628 3993/5312/5825 3959/5310/5823
f 3991/5845/6629 3992/5844/6628 3960/5857/6674
f 3960/5857/6674 3992/5844/6628 3959/5310/6675
f 3960/5857/6674 3959/5310/5823 4009/5308/5821
f 3990/5321/5835 3991/5845/6630 3961/5858/6676
f 3961/5858/6677 3991/5845/6629 3960/5857/6674
f 3961/5858/6678 3960/5857/6674 4010/5859/6679
f 4010/5859/6679 3960/5857/6674 4009/5308/5821
f 4010/5859/6680 4009/5308/5821 13/5307/15
f 3990/5321/5835 3961/5858/6676 3962/5319/5832
f 3962/5319/5832 3961/5858/6676 4011/5860/6681
f 3962/5319/5832 4011/5860/6681 4012/5317/5829
f 4012/5317/5829 4011/5860/6681 13/5307/15
f 4011/5860/6681 3961/5858/6682 4010/5859/6679
f 3988/5846/6632 3989/5320/5833 3963/5318/5830
f 3987/5847/6633 3988/5846/6632 3964/5861/6683
f 3964/5861/6683 3988/5846/6632 3963/5318/5831
f 3964/5861/6683 3963/5318/5831 4013/5316/5828
f 3986/5329/5847 3987/5847/6633 3965/5862/6684
f 3965/5862/6685 3987/5847/6633 3964/5861/6683
f 3965/5862/6684 3964/5861/6683 4014/5315/5827
f 4014/5315/5827 3964/5861/6686 4013/5316/5828
f 3986/5329/5847 3965/5862/6684 3966/5327/5845
f 3966/5327/5845 3965/5862/6684 4015/5863/6687
f 3966/5327/5845 4015/5863/6688 4016/5325/5842
f 4016/5325/5842 4015/5863/6688 12/5314/13
f 4015/5863/6688 3965/5862/6685 4014/5315/6689
f 3984/5848/6636 3985/5328/5846 3967/5326/5844
f 3983/5849/6690 3984/5848/6636 3968/5864/6691
f 3968/5864/6691 3984/5848/6636 3967/5326/5844
f 3968/5864/6691 3967/5326/6692 4017/5324/5841
f 3982/5850/6639 3983/5849/6637 3969/5865/6693
f 3969/5865/6693 3983/5849/6637 3968/5864/6691
f 3969/5865/6693 3968/5864/6691 4018/5323/5838
f 4018/5323/5840 3968/5864/6691 4017/5324/5841
f 3981/5337/6694 3982/5850/6639 3970/5866/6695
f 3970/5866/6696 3982/5850/6639 3969/5865/6697
f 3970/5866/6696 3969/5865/6697 4019/5867/6698
f 4019/5867/6699 3969/5865/6697 4018/5323/5840
f 4019/5867/6698 4018/5323/5838 11/5322/11
f 3981/5337/5857 3970/5866/6696 3971/5335/5855
f 3971/5335/5855 3970/5866/6696 4020/5868/6700
f 3971/5335/6701 4020/5868/6702 4021/5333/6703
f 4021/5333/5852 4020/5868/6702 11/5322/11
f 4020/5868/6702 3970/5866/6696 4019/5867/6698
f 3979/5851/6642 3980/5336/5856 3972/5334/5853
f 3978/5852/6644 3979/5851/6642 3973/5869/6704
f 3973/5869/6704 3979/5851/6642 3972/5334/6705
f 3973/5869/6704 3972/5334/5853 4022/5332/5851
f 3977/5853/6645 3978/5852/6644 3974/5870/6706
f 3974/5870/6707 3978/5852/6644 3973/5869/6704
f 3974/5870/6707 3973/5869/6704 4023/5331/5850
f 4023/5331/5850 3973/5869/6704 4022/5332/5851
f 3976/5344/5862 3977/5853/6645 3975/5341/5860
f 3975/5341/5860 3977/5853/6645 3974/5870/6707
f 3975/5341/5860 3974/5870/6707 4024/5338/6708
f 4024/5338/6708 3974/5870/6707 4023/5331/6709
f 1925/5299/16 4007/5855/6710 4006/5856/6672
f 4006/5856/6672 4007/5855/6671 3957/5854/6668
f 13/5307/15 4011/5860/6681 4010/5859/6680
f 12/5314/13 4015/5863/6687 4014/5315/6689
f 11/5322/11 4020/5868/6702 4019/5867/6698
f 4099/5241/5741 4100/5146/5595 4052/5148/5597
f 4099/5241/5741 4052/5148/5597 4053/5239/5736
f 4053/5239/5737 4052/5148/5597 4496/5150/5599
f 4053/5239/5736 4496/5150/5599 4497/5237/6711
f 4497/5237/6712 4496/5150/5599 4521/5152/5602
f 4497/5237/5733 4521/5152/5604 4522/5235/5731
f 4522/5235/5731 4521/5152/5602 4546/5154/5607
f 4522/5235/5731 4546/5154/5607 4547/5233/6713
f 4547/5233/5729 4546/5154/6714 4119/5156/5608
f 4547/5233/5729 4119/5156/5608 4118/5231/5726
f 4097/5800/6715 4055/5799/6545 4096/5598/6228
f 4096/5598/6227 4055/5799/6545 4056/5596/6224
f 4500/5594/6222 4056/5596/6716 4499/5798/6544
f 4499/5798/6544 4056/5596/6716 4055/5799/6545
f 4094/5792/6532 4058/5791/6530 4093/5635/6274
f 4093/5635/6274 4058/5791/6530 4059/5633/6272
f 4503/5631/6269 4059/5633/6272 4502/5790/6528
f 4502/5790/6528 4059/5633/6272 4058/5791/6530
f 4090/5784/6514 4062/5783/6513 4089/5681/6345
f 4089/5681/6345 4062/5783/6513 4063/5679/6342
f 4507/5677/6338 4063/5679/6343 4506/5782/6512
f 4506/5782/6512 4063/5679/6343 4062/5783/6513
f 4064/5678/6341 4065/5871/6717 4087/5872/6718
f 4087/5872/6718 4065/5871/6717 4086/5873/6719
f 4087/5872/6718 4086/5873/6719 4483/5118/5556
f 4483/5118/5556 4086/5873/6719 4484/5116/5553
f 4065/5871/6717 4066/5874/6720 4086/5873/6721
f 4086/5873/6719 4066/5874/6720 4085/5704/6376
f 4086/5873/6719 4085/5704/6377 4484/5116/5553
f 4064/5678/6341 4508/5676/6339 4065/5871/6717
f 4065/5871/6722 4508/5676/6337 4509/5875/6723
f 4065/5871/6717 4509/5875/6723 4066/5874/6720
f 4066/5874/6720 4509/5875/6723 4510/5876/6724
f 4066/5874/6720 4510/5876/6724 4067/5702/6374
f 4067/5702/6374 4510/5876/6724 4511/5700/6372
f 4066/5874/6720 4067/5702/6374 4085/5704/6377
f 4083/5769/6487 4069/5768/6486 4082/5718/6725
f 4082/5718/6398 4069/5768/6486 4070/5716/6395
f 4514/5714/6393 4070/5716/6395 4513/5767/6484
f 4513/5767/6484 4070/5716/6395 4069/5768/6486
f 4081/5717/6399 4071/5715/6394 4080/5760/6475
f 4080/5760/6475 4071/5715/6392 4072/5758/6726
f 4516/5756/6467 4072/5758/6474 4515/5713/6390
f 4515/5713/6390 4072/5758/6474 4071/5715/6392
f 4073/5757/6471 4074/5877/6727 4078/5878/6728
f 4078/5878/6728 4074/5877/6727 4077/5879/6729
f 4078/5878/6728 4077/5879/6729 4492/5100/5532
f 4492/5100/5532 4077/5879/6729 4493/5098/5529
f 4074/5877/6727 3850/5761/6476 4077/5879/6729
f 4077/5879/6729 3850/5761/6476 4075/5762/6477
f 4077/5879/6729 4075/5762/6477 4493/5098/5529
f 4073/5757/6471 4517/5755/6466 4074/5877/6727
f 4074/5877/6727 4517/5755/6466 4518/5880/6730
f 4074/5877/6727 4518/5880/6730 3850/5761/6476
f 3850/5761/6476 4518/5880/6730 1930/5094/6731
f 4517/5755/6466 4076/5753/6732 4518/5880/6730
f 4518/5880/6730 4076/5753/6463 1930/5094/6731
f 4073/5757/6471 4078/5878/6728 4079/5759/6473
f 4079/5759/6473 4078/5878/6728 4491/5102/5535
f 4079/5759/6733 4491/5102/5535 4490/5104/5537
f 4491/5102/5535 4078/5878/6728 4492/5100/5532
f 4488/5108/5542 4081/5717/6399 4489/5106/5540
f 4489/5106/5540 4081/5717/6399 4080/5760/6475
f 4486/5112/5547 4083/5769/6487 4487/5110/5544
f 4487/5110/5544 4083/5769/6487 4082/5718/6734
f 4064/5678/6340 4087/5872/6718 4088/5680/6344
f 4088/5680/6344 4087/5872/6718 4482/5120/5558
f 4088/5680/6344 4482/5120/5559 4481/5122/5561
f 4482/5120/5559 4087/5872/6718 4483/5118/5556
f 4479/5126/5565 4090/5784/6515 4480/5124/5563
f 4480/5124/5563 4090/5784/6515 4089/5681/6346
f 4475/5134/5577 4094/5792/6531 4476/5132/5575
f 4476/5132/5575 4094/5792/6532 4093/5635/6735
f 4472/5140/5587 4097/5800/6547 4473/5138/5584
f 4473/5138/5584 4097/5800/6546 4096/5598/6228
f 4563/5765/6481 4102/5764/6480 4564/5710/6385
f 4564/5710/6385 4102/5764/6480 4101/5708/6383
f 4104/5694/6736 4561/5696/6366 4105/5775/6499
f 4105/5775/6499 4561/5696/6366 4560/5881/6737
f 4105/5775/6501 4560/5881/6738 4106/5776/6503
f 4106/5776/6502 4560/5881/6737 4559/5882/6739
f 4106/5776/6503 4559/5882/6739 4107/5670/6331
f 4107/5670/6331 4559/5882/6739 4558/5672/6740
f 4556/5780/6741 4109/5779/6507 4557/5673/6334
f 4557/5673/6334 4109/5779/6507 4108/5671/6517
f 4552/5788/6523 4113/5787/6522 4553/5627/6264
f 4553/5627/6264 4113/5787/6522 4112/5625/6262
f 4549/5796/6541 4116/5795/6539 4550/5590/6214
f 4550/5590/6214 4116/5795/6539 4115/5588/6550
f 4173/5386/6742 4174/5384/5918 4126/5883/6743
f 4126/5883/6743 4174/5384/5918 4125/5383/6744
f 4126/5883/6743 4125/5383/6744 4470/5744/6449
f 4470/5744/6449 4125/5383/6744 3844/5743/6448
f 4172/5388/5924 4173/5386/6742 4127/5884/6745
f 4127/5884/6746 4173/5386/5920 4126/5883/6747
f 4127/5884/6745 4126/5883/6743 4469/5745/6451
f 4469/5745/6451 4126/5883/6743 4470/5744/6748
f 4171/5390/5926 4172/5388/5924 4128/5885/6749
f 4128/5885/6750 4172/5388/5924 4127/5884/6745
f 4128/5885/6749 4127/5884/6745 4468/5746/6452
f 4468/5746/6452 4127/5884/6746 4469/5745/6451
f 4170/5392/5928 4171/5390/5926 4129/5886/6751
f 4129/5886/6751 4171/5390/5926 4128/5885/6749
f 4129/5886/6751 4128/5885/6749 4467/5747/6453
f 4467/5747/6453 4128/5885/6750 4468/5746/6452
f 4169/5394/5931 4170/5392/6752 4130/5887/6753
f 4130/5887/6754 4170/5392/5928 4129/5886/6751
f 4130/5887/6754 4129/5886/6751 4466/5748/6454
f 4466/5748/6454 4129/5886/6751 4467/5747/6453
f 4168/5358/5877 4169/5394/5931 4131/5888/6755
f 4131/5888/6756 4169/5394/6757 4130/5887/6754
f 4131/5888/6756 4130/5887/6754 4465/5749/6455
f 4465/5749/6455 4130/5887/6758 4466/5748/6454
f 4168/5358/5877 4131/5888/6756 4132/5359/5882
f 4132/5359/5880 4131/5888/6756 4464/5750/6456
f 4132/5359/5882 4464/5750/6456 4463/5360/5883
f 4464/5750/6456 4131/5888/6756 4465/5749/6455
f 4165/5225/6759 4166/5162/5619 4134/5164/5625
f 4165/5225/5714 4134/5164/5625 4135/5223/5711
f 4135/5223/5711 4134/5164/5625 4461/5166/5627
f 4135/5223/5711 4461/5166/5627 4460/5221/5708
f 4460/5221/5708 4461/5166/5627 4436/5168/5632
f 4460/5221/5708 4436/5168/5631 4435/5219/5705
f 4435/5219/5705 4436/5168/5631 4212/5170/5635
f 4435/5219/5705 4212/5170/5635 4211/5217/6760
f 4211/5217/5703 4212/5170/5635 4188/5172/5639
f 4211/5217/5703 4188/5172/5638 4189/5215/5700
f 4189/5215/5700 4188/5172/5639 4409/5174/5642
f 4189/5215/5700 4409/5174/5643 4408/5213/5698
f 4408/5213/5698 4409/5174/5643 4259/5176/5645
f 4408/5213/5698 4259/5176/5645 4258/5211/5696
f 4258/5211/6761 4259/5176/5645 4241/5178/5647
f 4258/5211/5696 4241/5178/5647 4242/5209/5694
f 4242/5209/5692 4241/5178/5647 4307/5180/5649
f 4242/5209/5692 4307/5180/5649 4306/5207/5690
f 4306/5207/6762 4307/5180/5649 4293/5182/5651
f 4306/5207/6763 4293/5182/5651 4294/5205/5686
f 4294/5205/5686 4293/5182/5651 4355/5184/5655
f 4294/5205/5686 4355/5184/5655 4354/5203/5683
f 4354/5203/5682 4355/5184/5655 4345/5186/5657
f 4354/5203/6764 4345/5186/5657 4346/5201/5679
f 4346/5201/5679 4345/5186/5657 4588/5188/5659
f 4346/5201/5679 4588/5188/5659 4589/5199/5675
f 4589/5199/5675 4588/5188/5659 4614/5190/5661
f 4589/5199/5675 4614/5190/5661 4615/5197/5673
f 4615/5197/5673 4614/5190/5661 4638/5192/5664
f 4615/5197/5673 4638/5192/5664 4639/5195/6765
f 4639/5195/5669 4638/5192/5664 4375/5194/5668
f 4163/5804/6560 4164/5224/5713 4136/5222/5710
f 4163/5804/6560 4136/5222/5712 4137/5805/6766
f 4137/5805/6561 4136/5222/5712 4459/5220/5707
f 4137/5805/6561 4459/5220/6767 4458/5806/6768
f 4458/5806/6768 4459/5220/5707 4434/5218/5704
f 4458/5806/6768 4434/5218/5704 4433/5807/6769
f 4433/5807/6563 4434/5218/5704 4210/5216/5701
f 4433/5807/6565 4210/5216/5701 4209/5808/6770
f 4209/5808/6566 4210/5216/5701 4190/5214/5699
f 4209/5808/6770 4190/5214/5699 4191/5809/6567
f 4191/5809/6567 4190/5214/5699 4407/5212/5697
f 4191/5809/6567 4407/5212/5697 4406/5810/6569
f 4406/5810/6569 4407/5212/5697 4257/5210/5693
f 4406/5810/6569 4257/5210/5693 4256/5811/6570
f 4256/5811/6570 4257/5210/5693 4243/5208/5691
f 4256/5811/6570 4243/5208/5691 4244/5812/6571
f 4244/5812/6571 4243/5208/5691 4305/5206/6771
f 4244/5812/6571 4305/5206/6771 4304/5813/6572
f 4304/5813/6772 4305/5206/5688 4295/5204/5684
f 4304/5813/6572 4295/5204/5684 4296/5814/6574
f 4296/5814/6574 4295/5204/5685 4353/5202/6773
f 4296/5814/6574 4353/5202/5681 4352/5815/6576
f 4352/5815/6576 4353/5202/5681 4347/5200/5676
f 4352/5815/6576 4347/5200/5680 4348/5816/6578
f 4348/5816/6578 4347/5200/5676 4590/5198/5674
f 4348/5816/6578 4590/5198/5674 3841/5556/6164
f 3841/5556/6164 4590/5198/5674 4591/5196/5671
f 4160/5817/6581 4161/5581/6198 4139/5579/6195
f 4160/5817/6582 4139/5579/6774 4140/5818/6584
f 4140/5818/6583 4139/5579/6195 4456/5577/6193
f 4140/5818/6583 4456/5577/6193 4455/5819/6586
f 4455/5819/6586 4456/5577/6193 4431/5575/6190
f 4455/5819/6586 4431/5575/6190 4430/5820/6587
f 4430/5820/6587 4431/5575/6190 4207/5573/6187
f 4430/5820/6587 4207/5573/6187 4206/5821/6589
f 4206/5821/6589 4207/5573/6188 4193/5571/6185
f 4206/5821/6589 4193/5571/6184 4194/5822/6775
f 4194/5822/6590 4193/5571/6185 4404/5569/6182
f 4194/5822/6590 4404/5569/6182 4403/5823/6591
f 4403/5823/6591 4404/5569/6182 4254/5567/6776
f 4403/5823/6591 4254/5567/6179 4253/5824/6593
f 4253/5824/6777 4254/5567/6179 4246/5565/6175
f 4253/5824/6777 4246/5565/6778 4247/5825/6595
f 4247/5825/6596 4246/5565/6175 4302/5563/6173
f 4247/5825/6595 4302/5563/6173 4301/5826/6597
f 4301/5826/6597 4302/5563/6173 4298/5561/6171
f 4301/5826/6597 4298/5561/6779 4299/5599/6230
f 4299/5599/6230 4298/5561/6171 4350/5559/6168
f 4156/5827/6599 4157/5644/6288 4143/5643/6286
f 4156/5827/6599 4143/5643/6286 4144/5828/6600
f 4144/5828/6600 4143/5643/6286 4452/5642/6284
f 4144/5828/6600 4452/5642/6284 4451/5829/6601
f 4451/5829/6601 4452/5642/6285 4427/5641/6283
f 4451/5829/6603 4427/5641/6283 4426/5830/6604
f 4426/5830/6604 4427/5641/6283 4203/5640/6282
f 4426/5830/6604 4203/5640/6282 4202/5831/6780
f 4202/5831/6607 4203/5640/6282 4197/5639/6280
f 4202/5831/6607 4197/5639/6280 4198/5832/6608
f 4198/5832/6608 4197/5639/6781 4400/5638/6278
f 4198/5832/6608 4400/5638/6278 3843/5653/6308
f 3843/5653/6308 4400/5638/6278 4250/5637/6277
f 4152/5833/6611 4153/5773/6496 4147/5889/6782
f 4147/5889/6782 4153/5773/6496 4146/5662/6319
f 4147/5889/6783 4146/5662/6319 4449/5660/6316
f 4152/5833/6611 4147/5889/6782 4148/5834/6613
f 4148/5834/6612 4147/5889/6782 4448/5890/6784
f 4148/5834/6612 4448/5890/6784 3845/5684/6350
f 3845/5684/6350 4448/5890/6784 4423/5682/6348
f 4448/5890/6784 4147/5889/6782 4449/5660/6316
f 3842/5396/5973 4422/5422/5975 4175/5397/6785
f 4175/5397/5935 4422/5422/5975 4176/5399/5937
f 4422/5422/5975 4421/5424/5979 4176/5399/5937
f 4176/5399/5937 4421/5424/5979 4177/5401/5940
f 4421/5424/5979 4420/5426/6786 4177/5401/5940
f 4177/5401/5940 4420/5426/6786 4178/5403/5943
f 4420/5426/5982 4419/5428/5984 4178/5403/5943
f 4178/5403/5943 4419/5428/5984 4179/5405/5946
f 4419/5428/5984 4418/5430/5986 4179/5405/5946
f 4179/5405/5946 4418/5430/5986 4180/5407/5950
f 4418/5430/5986 4417/5432/5988 4180/5407/5950
f 4180/5407/5950 4417/5432/5988 4181/5409/5953
f 4417/5432/6787 4416/5434/5992 4181/5409/5953
f 4181/5409/5953 4416/5434/5992 4182/5411/5957
f 4416/5434/6788 4415/5436/6789 4182/5411/5957
f 4182/5411/5958 4415/5436/5994 4183/5413/5960
f 4415/5436/5994 4414/5438/5996 4183/5413/5960
f 4183/5413/5960 4414/5438/5996 4184/5415/5963
f 4414/5438/6790 4413/5440/6000 4184/5415/5964
f 4184/5415/5964 4413/5440/6000 4185/5417/5969
f 4413/5440/6791 4412/5442/6002 4185/5417/5969
f 4185/5417/5967 4412/5442/6002 4186/5363/5889
f 4412/5442/6002 4411/5364/5891 4186/5363/5889
f 4424/5658/6313 4200/5656/6311 4423/5682/6348
f 4273/5421/5974 4274/5420/5972 4226/5448/6010
f 4226/5448/6010 4274/5420/5972 4225/5419/6792
f 4272/5423/6793 4273/5421/5974 4227/5450/6012
f 4227/5450/6012 4273/5421/5974 4226/5448/6010
f 4271/5425/5980 4272/5423/5978 4228/5452/6794
f 4228/5452/6016 4272/5423/5978 4227/5450/6013
f 4270/5427/5983 4271/5425/5980 4229/5454/6020
f 4229/5454/6020 4271/5425/5980 4228/5452/6017
f 4269/5429/5985 4270/5427/5983 4230/5456/6023
f 4230/5456/6023 4270/5427/5983 4229/5454/6020
f 4268/5431/5987 4269/5429/6795 4231/5458/6026
f 4231/5458/6026 4269/5429/5985 4230/5456/6023
f 4267/5433/6796 4268/5431/5987 4232/5460/6029
f 4232/5460/6029 4268/5431/5987 4231/5458/6026
f 4266/5435/5993 4267/5433/5989 4233/5462/6031
f 4233/5462/6031 4267/5433/5989 4232/5460/6029
f 4265/5437/6797 4266/5435/5993 4234/5464/6033
f 4234/5464/6033 4266/5435/5993 4233/5462/6031
f 4264/5439/5999 4265/5437/5995 4235/5466/6036
f 4235/5466/6798 4265/5437/5995 4234/5464/6799
f 4263/5441/6001 4264/5439/5999 4236/5468/6038
f 4236/5468/6038 4264/5439/5999 4235/5466/6036
f 4262/5443/6800 4263/5441/6001 4237/5470/6041
f 4237/5470/6801 4263/5441/6001 4236/5468/6038
f 4261/5365/5894 4262/5443/6004 4238/5472/6043
f 4238/5472/6043 4262/5443/6800 4237/5470/6801
f 4238/5472/6043 4239/5366/5895 4261/5365/5894
f 4323/5447/6009 4324/5446/6008 4276/5719/6400
f 4276/5719/6400 4324/5446/6008 4275/5445/6007
f 4322/5449/6014 4323/5447/6009 4277/5720/6403
f 4277/5720/6403 4323/5447/6009 4276/5719/6401
f 4321/5451/6015 4322/5449/6011 4278/5721/6405
f 4278/5721/6405 4322/5449/6011 4277/5720/6403
f 4320/5453/6018 4321/5451/6015 4279/5722/6406
f 4279/5722/6406 4321/5451/6015 4278/5721/6405
f 4319/5455/6022 4320/5453/6018 4280/5723/6408
f 4280/5723/6408 4320/5453/6018 4279/5722/6802
f 4318/5457/6027 4319/5455/6803 4281/5724/6410
f 4281/5724/6410 4319/5455/6022 4280/5723/6408
f 4317/5459/6804 4318/5457/6025 4282/5725/6805
f 4282/5725/6412 4318/5457/6027 4281/5724/6410
f 4316/5461/6030 4317/5459/6028 4283/5726/6414
f 4283/5726/6414 4317/5459/6028 4282/5725/6413
f 4315/5463/6806 4316/5461/6030 4284/5727/6416
f 4284/5727/6416 4316/5461/6030 4283/5726/6414
f 4314/5465/6035 4315/5463/6034 4285/5728/6418
f 4285/5728/6418 4315/5463/6034 4284/5727/6415
f 4313/5467/6037 4314/5465/6035 4286/5729/6807
f 4286/5729/6420 4314/5465/6035 4285/5728/6418
f 4312/5469/6808 4313/5467/6037 4287/5730/6809
f 4287/5730/6421 4313/5467/6037 4286/5729/6420
f 4311/5471/6042 4312/5469/6810 4288/5731/6423
f 4288/5731/6423 4312/5469/6808 4287/5730/6421
f 4310/5473/6045 4311/5471/6042 4289/5732/6427
f 4289/5732/6427 4311/5471/6042 4288/5731/6423
f 4309/5367/5897 4310/5473/6811 4290/5733/6429
f 4290/5733/6429 4310/5473/6045 4289/5732/6427
f 4290/5733/6429 4291/5368/5898 4309/5367/5897
f 4326/5478/6050 4325/5476/6047 4568/5891/6812
f 4568/5891/6812 4325/5476/6047 4567/5475/6046
f 4568/5891/6812 4567/5475/6046 4593/5892/6813
f 4593/5892/6813 4567/5475/6046 4592/5893/6814
f 4593/5892/6813 4592/5893/6815 4616/5515/6100
f 4616/5515/6100 4592/5893/6814 3840/5514/6098
f 4327/5480/6053 4326/5478/6050 4569/5894/6816
f 4569/5894/6816 4326/5478/6050 4568/5891/6817
f 4569/5894/6816 4568/5891/6817 4594/5895/6818
f 4594/5895/6818 4568/5891/6819 4593/5892/6813
f 4594/5895/6818 4593/5892/6813 4617/5517/6102
f 4617/5517/6102 4593/5892/6813 4616/5515/6100
f 4328/5482/6055 4327/5480/6053 4570/5896/6820
f 4570/5896/6821 4327/5480/6053 4569/5894/6816
f 4570/5896/6821 4569/5894/6816 4595/5897/6822
f 4595/5897/6822 4569/5894/6816 4594/5895/6818
f 4595/5897/6822 4594/5895/6818 4618/5519/6107
f 4618/5519/6107 4594/5895/6818 4617/5517/6102
f 4329/5484/6057 4328/5482/6055 4571/5898/6823
f 4571/5898/6823 4328/5482/6055 4570/5896/6824
f 4571/5898/6823 4570/5896/6821 4596/5899/6825
f 4596/5899/6826 4570/5896/6820 4595/5897/6822
f 4596/5899/6825 4595/5897/6827 4619/5521/6111
f 4619/5521/6111 4595/5897/6822 4618/5519/6106
f 4330/5486/6059 4329/5484/6057 4572/5900/6828
f 4572/5900/6828 4329/5484/6057 4571/5898/6823
f 4572/5900/6828 4571/5898/6823 4597/5901/6829
f 4597/5901/6829 4571/5898/6823 4596/5899/6825
f 4597/5901/6829 4596/5899/6825 4620/5523/6113
f 4620/5523/6113 4596/5899/6826 4619/5521/6110
f 4331/5488/6061 4330/5486/6059 4573/5902/6830
f 4573/5902/6830 4330/5486/6059 4572/5900/6828
f 4573/5902/6830 4572/5900/6828 4598/5903/6831
f 4598/5903/6831 4572/5900/6828 4597/5901/6832
f 4598/5903/6831 4597/5901/6832 4621/5525/6115
f 4621/5525/6115 4597/5901/6832 4620/5523/6113
f 4332/5490/6063 4331/5488/6061 4574/5904/6833
f 4574/5904/6833 4331/5488/6061 4573/5902/6830
f 4574/5904/6833 4573/5902/6834 4599/5905/6835
f 4599/5905/6835 4573/5902/6830 4598/5903/6831
f 4599/5905/6835 4598/5903/6831 4622/5527/6118
f 4622/5527/6118 4598/5903/6831 4621/5525/6115
f 4333/5492/6836 4332/5490/6063 4575/5906/6837
f 4575/5906/6837 4332/5490/6838 4574/5904/6833
f 4575/5906/6837 4574/5904/6833 4600/5907/6839
f 4600/5907/6840 4574/5904/6833 4599/5905/6835
f 4600/5907/6840 4599/5905/6835 4623/5529/6121
f 4623/5529/6121 4599/5905/6835 4622/5527/6118
f 4334/5494/6069 4333/5492/6066 4576/5908/6841
f 4576/5908/6842 4333/5492/6066 4575/5906/6837
f 4576/5908/6841 4575/5906/6837 4601/5909/6843
f 4601/5909/6844 4575/5906/6837 4600/5907/6839
f 4601/5909/6844 4600/5907/6839 4624/5531/6845
f 4624/5531/6123 4600/5907/6840 4623/5529/6121
f 4335/5496/6072 4334/5494/6071 4577/5910/6846
f 4577/5910/6846 4334/5494/6069 4576/5908/6842
f 4577/5910/6846 4576/5908/6842 4602/5911/6847
f 4602/5911/6847 4576/5908/6848 4601/5909/6844
f 4602/5911/6847 4601/5909/6843 4625/5533/6128
f 4625/5533/6128 4601/5909/6843 4624/5531/6845
f 4336/5498/6077 4335/5496/6072 4578/5912/6849
f 4578/5912/6849 4335/5496/6072 4577/5910/6846
f 4578/5912/6849 4577/5910/6846 4603/5913/6850
f 4603/5913/6850 4577/5910/6846 4602/5911/6847
f 4603/5913/6850 4602/5911/6847 4626/5535/6130
f 4626/5535/6130 4602/5911/6847 4625/5533/6126
f 4337/5500/6078 4336/5498/6077 4579/5914/6851
f 4579/5914/6851 4336/5498/6077 4578/5912/6852
f 4579/5914/6851 4578/5912/6852 4604/5915/6853
f 4604/5915/6853 4578/5912/6849 4603/5913/6850
f 4604/5915/6854 4603/5913/6850 4627/5537/6133
f 4627/5537/6133 4603/5913/6850 4626/5535/6130
f 4338/5502/6080 4337/5500/6078 4580/5916/6855
f 4580/5916/6856 4337/5500/6078 4579/5914/6851
f 4580/5916/6856 4579/5914/6857 4605/5917/6858
f 4605/5917/6859 4579/5914/6851 4604/5915/6853
f 4605/5917/6860 4604/5915/6861 4628/5539/6862
f 4628/5539/6862 4604/5915/6863 4627/5537/6133
f 4339/5504/6082 4338/5502/6080 4581/5918/6864
f 4581/5918/6864 4338/5502/6080 4580/5916/6856
f 4581/5918/6864 4580/5916/6856 4606/5919/6865
f 4606/5919/6865 4580/5916/6856 4605/5917/6860
f 4606/5919/6865 4605/5917/6859 4629/5541/6139
f 4629/5541/6139 4605/5917/6860 4628/5539/6137
f 4340/5506/6085 4339/5504/6082 4582/5920/6866
f 4582/5920/6866 4339/5504/6082 4581/5918/6864
f 4582/5920/6866 4581/5918/6864 4607/5921/6867
f 4607/5921/6867 4581/5918/6864 4606/5919/6865
f 4607/5921/6867 4606/5919/6865 4630/5543/6143
f 4630/5543/6143 4606/5919/6865 4629/5541/6139
f 4341/5508/6088 4340/5506/6085 4583/5922/6868
f 4583/5922/6869 4340/5506/6085 4582/5920/6866
f 4583/5922/6868 4582/5920/6866 4608/5923/6870
f 4608/5923/6871 4582/5920/6872 4607/5921/6867
f 4608/5923/6871 4607/5921/6867 4631/5545/6146
f 4631/5545/6145 4607/5921/6867 4630/5543/6143
f 4342/5510/6873 4341/5508/6088 4584/5924/6874
f 4584/5924/6874 4341/5508/6875 4583/5922/6868
f 4584/5924/6874 4583/5922/6868 4609/5925/6876
f 4609/5925/6876 4583/5922/6868 4608/5923/6877
f 4609/5925/6876 4608/5923/6871 4632/5547/6148
f 4632/5547/6148 4608/5923/6871 4631/5545/6146
f 4343/5370/5902 4342/5510/6092 4585/5926/6878
f 4585/5926/6878 4342/5510/6090 4584/5924/6874
f 4585/5926/6878 4584/5924/6879 4610/5927/6880
f 4610/5927/6880 4584/5924/6879 4609/5925/6876
f 4610/5927/6880 4609/5925/6876 4633/5549/6150
f 4633/5549/6153 4609/5925/6876 4632/5547/6148
f 4377/5374/5908 4378/5554/6158 3403/142/5506
f 3403/142/5506 4378/5554/6158 4379/5552/6155
f 3403/142/5506 4379/5552/6155 4380/5550/6152
f 4380/5550/6152 4381/5548/6149 3403/142/5506
f 3403/142/5506 4381/5548/6149 4382/5546/6147
f 3403/142/5506 4382/5546/6147 4383/5544/6144
f 4383/5544/6144 4384/5542/6141 3403/142/5506
f 3403/142/5506 4384/5542/6141 4385/5540/6138
f 3403/142/5506 4385/5540/6138 4386/5538/6162
f 4390/5530/6122 3833/5555/6159 4389/5532/6881
f 4389/5532/6124 3833/5555/6163 4388/5534/6127
f 4392/5526/6117 4393/5524/6116 3834/5511/6093
f 3834/5511/6882 4393/5524/6114 4394/5522/6112
f 3834/5511/6093 4394/5522/6112 4395/5520/6109
f 4395/5520/6883 4396/5518/6105 3834/5511/6093
f 3834/5511/6093 4396/5518/6103 4397/5516/6101
f 3834/5511/6093 4397/5516/6101 4398/5512/6099
f 4567/5475/6046 3367/5474/4773 4592/5893/6814
f 4592/5893/6814 3367/5474/4773 3840/5514/6097
f 4449/5660/6316 4424/5658/6313 4448/5890/6784
f 4448/5890/6784 4424/5658/6313 4423/5682/6348
f 3371/5382/4766 3844/5743/6884 4125/5383/6744
f 3847/5751/6459 4519/5353/5869 4494/5352/5865
f 4525/5592/6218 4500/5594/6220 4524/5797/6543
f 4524/5797/6543 4500/5594/6220 4499/5798/6544
f 4528/5629/6266 4503/5631/6885 4527/5789/6886
f 4527/5789/6527 4503/5631/6269 4502/5790/6887
f 4532/5675/6336 4507/5677/6338 4531/5781/6511
f 4531/5781/6511 4507/5677/6338 4506/5782/6512
f 4508/5676/6337 4533/5674/6335 4509/5875/6723
f 4509/5875/6723 4533/5674/6335 4534/5928/6888
f 4509/5875/6723 4534/5928/6888 4510/5876/6724
f 4510/5876/6724 4534/5928/6888 4535/5929/6889
f 4510/5876/6724 4535/5929/6889 4511/5700/6372
f 4511/5700/6372 4535/5929/6889 4536/5698/6369
f 4539/5712/6389 4514/5714/6391 4538/5766/6483
f 4538/5766/6483 4514/5714/6393 4513/5767/6484
f 4541/5754/6464 4516/5756/6468 4540/5711/6386
f 4540/5711/6386 4516/5756/6470 4515/5713/6390
f 3847/5751/6459 4494/5352/5865 2134/5351/10
f 4550/5590/6214 4525/5592/6218 4549/5796/6541
f 4549/5796/6541 4525/5592/6890 4524/5797/6543
f 4553/5627/6264 4528/5629/6266 4552/5788/6523
f 4552/5788/6523 4528/5629/6267 4527/5789/6891
f 4557/5673/6334 4532/5675/6336 4556/5780/6509
f 4556/5780/6741 4532/5675/6336 4531/5781/6511
f 4533/5674/6335 4558/5672/6333 4534/5928/6892
f 4534/5928/6888 4558/5672/6333 4559/5882/6739
f 4534/5928/6888 4559/5882/6739 4535/5929/6889
f 4535/5929/6889 4559/5882/6739 4560/5881/6738
f 4535/5929/6889 4560/5881/6738 4536/5698/6369
f 4536/5698/6369 4560/5881/6738 4561/5696/6893
f 4564/5710/6387 4539/5712/6894 4563/5765/6481
f 4563/5765/6481 4539/5712/6389 4538/5766/6483
f 4566/5752/6462 4541/5754/6464 4565/5709/6384
f 4565/5709/6895 4541/5754/6464 4540/5711/6896
f 3848/5707/6382 4566/5752/6897 4565/5709/6384
f 4343/5370/5902 4585/5926/6878 4586/5371/5904
f 4586/5371/5904 4585/5926/6878 4611/5930/6898
f 4586/5371/5904 4611/5930/6898 4612/5372/5905
f 4612/5372/5905 4611/5930/6898 4635/5553/6157
f 4612/5372/5905 4635/5553/6899 4636/5373/5907
f 4611/5930/6898 4585/5926/6878 4610/5927/6880
f 4633/5549/6151 4634/5551/6154 4610/5927/6880
f 4610/5927/6880 4634/5551/6154 4611/5930/6898
f 4634/5551/6154 4635/5553/6156 4611/5930/6898
f 4646/5931/6900 18/5932/10 4647/5933/6901
f 4647/5933/6902 18/5932/10 17/5934/6903
f 4647/5933/6902 17/5934/6904 4654/5935/6905
f 4654/5935/6906 17/5934/12 16/5936/14
f 4654/5935/6906 16/5936/14 4661/5937/6907
f 4661/5937/6907 16/5936/14 15/5938/16
f 4661/5937/6907 15/5938/16 1924/5939/2694
f 1923/5940/2691 4663/5941/6908 1924/5939/2694
f 1924/5939/2694 4663/5941/6908 4662/5942/6909
f 1924/5939/2694 4662/5942/6909 4661/5937/6907
f 4661/5937/6907 4662/5942/6909 4654/5935/6906
f 4663/5941/6910 1923/5940/2693 4664/5943/6911
f 4664/5943/6912 1923/5940/2691 1922/5944/2688
f 4664/5943/6911 1922/5944/2688 4665/5945/6913
f 4665/5945/6914 1922/5944/2689 1921/5946/2687
f 4665/5945/6915 1921/5946/2687 4666/5947/6916
f 4666/5947/6917 1921/5946/2687 1920/5948/2685
f 4666/5947/6916 1920/5948/2685 4667/5949/6918
f 4667/5949/6918 1920/5948/2685 1919/5950/2658
f 4667/5949/6918 1919/5950/2658 4640/5951/6919
f 4667/5949/6918 4640/5951/6919 4660/5952/6920
f 4660/5952/6921 4640/5951/6919 4641/5953/6922
f 4660/5952/6921 4641/5953/6922 4653/5954/6923
f 4653/5954/6923 4641/5953/6922 2154/5955/2925
f 4653/5954/6923 2154/5955/2925 4642/5956/6924
f 4642/5956/6925 4643/5957/6926 4653/5954/6923
f 4653/5954/6923 4643/5957/6927 4652/5958/6928
f 4653/5954/6923 4652/5958/6928 4660/5952/6920
f 4660/5952/6921 4652/5958/6928 4659/5959/6929
f 4660/5952/6921 4659/5959/6930 4667/5949/6918
f 4667/5949/6918 4659/5959/6929 4666/5947/6917
f 4643/5957/6926 4644/5960/6931 4652/5958/6928
f 4652/5958/6928 4644/5960/6932 4651/5961/6933
f 4652/5958/6928 4651/5961/6934 4659/5959/6930
f 4659/5959/6929 4651/5961/6934 4658/5962/6935
f 4659/5959/6929 4658/5962/6935 4666/5947/6916
f 4666/5947/6916 4658/5962/6935 4665/5945/6914
f 4644/5960/6932 4645/5963/6936 4651/5961/6933
f 4651/5961/6933 4645/5963/6937 4650/5964/6938
f 4651/5961/6933 4650/5964/6938 4658/5962/6939
f 4658/5962/6935 4650/5964/6938 4657/5965/6940
f 4658/5962/6935 4657/5965/6940 4665/5945/6914
f 4665/5945/6914 4657/5965/6940 4664/5943/6911
f 4650/5964/6941 4645/5963/6937 4649/5966/6942
f 4649/5966/6942 4645/5963/6937 4646/5931/6943
f 4649/5966/6942 4646/5931/6900 4648/5967/6944
f 4648/5967/6944 4646/5931/6900 4647/5933/6945
f 4648/5967/6944 4647/5933/6902 4655/5968/6946
f 4655/5968/6946 4647/5933/6901 4654/5935/6905
f 4655/5968/6947 4654/5935/6906 4662/5942/6948
f 4657/5965/6949 4650/5964/6938 4649/5966/6942
f 4649/5966/6942 4648/5967/6944 4656/5969/6950
f 4656/5969/6950 4648/5967/6944 4655/5968/6947
f 4656/5969/6950 4655/5968/6946 4663/5941/6951
f 4663/5941/6952 4655/5968/6946 4662/5942/6909
f 4664/5943/6911 4657/5965/6940 4656/5969/6950
f 4656/5969/6950 4657/5965/6940 4649/5966/6942
f 4664/5943/6953 4656/5969/6950 4663/5941/6908
f 3355/5970/4757 989/5971/1573 4671/5972/5030
f 4671/5972/5030 989/5971/1573 988/5973/1573
f 4671/5972/5030 988/5973/1573 4673/5974/6954
f 4673/5974/6954 988/5973/1573 987/5975/1573
f 4673/5974/6954 987/5975/1573 3363/4704/4772
f 3363/4704/4772 987/5975/1573 986/4723/1573
f 3363/4704/4772 3362/4586/4767 4673/5974/6954
f 4673/5974/6954 3362/4586/4767 4674/5976/6955
f 4673/5974/6954 4674/5976/6955 4671/5972/5030
f 4671/5972/5030 4674/5976/6955 4672/5977/5099
f 4671/5972/5030 4672/5977/5099 3355/5970/4757
f 3355/5970/4757 4672/5977/5099 3356/5978/4756
f 3356/5978/4756 4672/5977/5099 4670/5979/6956
f 3356/5978/4756 4670/5979/6956 2130/5980/2764
f 2133/142/10 4668/5981/6957 3362/4586/4767
f 3362/4586/4767 4668/5981/6957 4674/5976/6955
f 4668/5981/6957 4669/5982/6958 4674/5976/6955
f 4674/5976/6955 4669/5982/6958 4672/5977/5099
f 4669/5982/6958 4670/5979/6956 4672/5977/5099
f 4641/5983/6922 4677/5984/6959 2154/5985/2925
f 2154/5985/2925 4677/5984/6959 4676/5986/6960
f 2154/5985/2925 4676/5986/6960 2151/5987/2925
f 4641/5983/6922 4640/5988/6919 4677/5984/6959
f 4677/5984/6959 4640/5988/6919 1918/5989/2660
f 4677/5984/6959 1918/5989/2660 4675/5990/6961
f 4640/5988/6919 1919/5991/2658 1918/5989/2660
f 4675/5990/6961 4676/5986/6960 4677/5984/6959
f 2148/5992/10 18/5993/10 4680/5994/6962
f 4680/5994/6963 18/5993/10 4646/5995/6964
f 4680/5994/6963 4646/5995/6964 4645/5996/6937
f 4680/5994/6963 4645/5996/6937 4679/5997/6965
f 4679/5997/6965 4645/5996/6937 4644/5998/6932
f 4679/5997/6965 4644/5998/6932 4678/5999/6966
f 4678/5999/6966 4644/5998/6932 4643/6000/6927
f 4678/5999/6966 4643/6000/6927 4642/6001/6925
f 2154/6002/2925 2153/6003/2925 4642/6001/6925
f 4642/6001/6924 2153/6003/2925 4678/5999/6966
f 2131/6004/2764 2130/2279/2764 4683/6005/6967
f 4683/6005/6956 2130/2279/6968 4670/6006/6956
f 4683/6005/6956 4670/6006/6967 4669/2494/6958
f 4683/6005/6956 4669/2494/6958 4682/6007/6958
f 4682/6007/6958 4669/2494/6958 4668/6008/6957
f 4682/6007/6958 4668/6008/6957 4681/6009/6957
f 4681/6009/6957 4668/6008/6957 2148/6010/10
f 2148/6010/10 4668/6008/6969 2133/2281/10
f 4675/6011/6961 1918/6012/2660 4695/6013/6970
f 4695/6013/6970 1918/6012/2660 1961/6014/2663
f 4695/6013/6970 1961/6014/2663 1960/6015/2665
f 4695/6013/6970 1960/6015/2665 4694/6016/6971
f 4694/6016/6972 1960/6015/2665 1959/6017/2668
f 4694/6016/6972 1959/6017/2668 4693/6018/6973
f 4693/6018/6973 1959/6017/2668 1958/6019/2671
f 4693/6018/6973 1958/6019/2671 4692/6020/6974
f 4692/6020/6974 1958/6019/2670 1957/6021/2673
f 4692/6020/6974 1957/6021/2673 4691/6022/6975
f 4691/6022/6975 1957/6021/2673 9/6023/1
f 4691/6022/6975 9/6023/1 4690/6024/6976
f 4690/6024/6976 9/6023/1 8/6025/4
f 4690/6024/6976 8/6025/4 4696/6026/6977
f 4696/6026/6977 8/6025/6978 7/6027/6
f 4696/6026/6977 7/6027/7 4702/6028/6979
f 4702/6028/6979 7/6027/7 4684/6029/6980
f 4702/6028/6979 4684/6029/6980 4703/6030/6981
f 4703/6030/6981 4684/6029/6980 4685/6031/6982
f 4703/6030/6981 4685/6031/6982 4704/6032/6983
f 4704/6032/6983 4685/6031/6982 4686/6033/6984
f 4704/6032/6983 4686/6033/6984 4705/6034/6985
f 4705/6034/6985 4686/6033/6984 4706/6035/6986
f 4705/6034/6985 4706/6035/6987 4699/6036/6988
f 4699/6036/6988 4706/6035/6989 4700/6037/6990
f 4699/6036/6988 4700/6037/6990 4693/6018/6991
f 4693/6018/6973 4700/6037/6990 4694/6016/6972
f 7/6027/6 6/6038/9 4684/6029/6980
f 4686/6033/6984 4687/6039/6992 4706/6035/6987
f 4706/6035/6989 4687/6039/6992 4689/6040/6993
f 4706/6035/6987 4689/6040/6993 4700/6037/6990
f 4700/6037/6990 4689/6040/6993 4701/6041/6994
f 4700/6037/6990 4701/6041/6994 4694/6016/6972
f 4694/6016/6972 4701/6041/6995 4695/6013/6970
f 4687/6039/6996 4688/6042/6997 4689/6040/6993
f 4689/6040/6993 4688/6042/6998 2151/6043/2925
f 4689/6040/6993 2151/6043/2925 4676/6044/6960
f 4689/6040/6993 4676/6044/6960 4701/6041/6994
f 4701/6041/6994 4676/6044/6960 4675/6011/6961
f 4701/6041/6994 4675/6011/6961 4695/6013/6970
f 4691/6022/6975 4690/6024/6976 4697/6045/6999
f 4697/6045/6999 4690/6024/6976 4696/6026/6977
f 4697/6045/6999 4696/6026/7000 4703/6030/6981
f 4703/6030/6981 4696/6026/7000 4702/6028/6979
f 4699/6036/6988 4693/6018/6973 4692/6020/7001
f 4692/6020/6974 4691/6022/6975 4698/6046/7002
f 4698/6046/7003 4691/6022/6975 4697/6045/6999
f 4698/6046/7002 4697/6045/6999 4704/6032/6983
f 4704/6032/6983 4697/6045/6999 4703/6030/6981
f 4705/6034/6985 4699/6036/6988 4698/6046/7002
f 4698/6046/7002 4699/6036/7004 4692/6020/6974
f 4705/6034/6985 4698/6046/7002 4704/6032/6983
f 2131/142/2764 4683/6047/6956 4708/6048/7005
f 4708/6048/7005 4683/6047/6956 4710/6049/7006
f 4708/6048/7005 4710/6049/7006 4707/6050/7007
f 4707/6050/7007 4710/6049/7006 4678/6051/6966
f 4707/6050/7007 4678/6051/6966 2153/6052/2925
f 4683/6047/6956 4682/6053/6958 4710/6049/7006
f 4710/6049/7006 4682/6053/6958 4709/6054/7008
f 4710/6049/7006 4709/6054/7008 4679/6055/6965
f 4679/6055/6965 4709/6054/7008 4680/6056/6962
f 4680/6056/6963 4709/6054/7009 2148/6057/10
f 4682/6053/6958 4681/6058/6957 4709/6054/7008
f 4709/6054/7009 4681/6058/6957 2148/6059/10
f 4679/6055/6965 4678/6051/6966 4710/6049/7006
f 2151/6060/2925 4688/6061/6997 2152/6062/2925
f 2152/6062/7010 4688/6061/6997 4713/6063/5380
f 4713/6063/5380 4688/6061/6997 4687/6064/7011
f 4713/6063/5380 4687/6064/7012 4686/6065/6984
f 4713/6063/5380 4686/6065/6984 4712/6066/7013
f 4712/6066/7013 4686/6065/6984 4685/6067/7014
f 4712/6066/7013 4685/6067/7014 4711/6068/7015
f 4711/6068/7015 4685/6067/7016 4684/6069/6980
f 4711/6068/7015 4684/6069/6980 2150/6070/9
f 2150/6070/9 4684/6069/6980 6/6071/9
f 2132/6072/2764 2131/6073/2764 4715/6074/7005
f 4715/6074/7005 2131/6073/2764 4708/6075/7005
f 4715/6074/7005 4708/6075/7005 4707/6076/7007
f 2153/6077/7010 2152/6078/7010 4707/6076/7007
f 4707/6076/7007 2152/6078/7010 4714/6079/7007
f 4707/6076/7007 4714/6079/7007 4715/6074/7005
f 2132/142/2764 4715/6048/7005 4718/6080/5307
f 4718/6080/5307 4715/6048/7005 4719/6081/7017
f 4718/6080/5307 4719/6081/7017 4717/6082/3885
f 4717/6082/3885 4719/6081/7017 4720/6083/7018
f 4717/6082/3885 4720/6083/7018 4716/6084/7019
f 4716/6084/7019 4720/6083/7020 2150/6085/9
f 4715/6048/7005 4714/6050/7007 4719/6081/7017
f 4719/6081/7017 4714/6050/7007 4713/6086/5380
f 4719/6081/7017 4713/6086/5380 4712/6087/7013
f 4714/6050/7007 2152/6052/2925 4713/6086/5380
f 4719/6081/7017 4712/6087/7013 4720/6083/7018
f 4720/6083/7018 4712/6087/7013 4711/6088/7021
f 4720/6083/7020 4711/6088/7015 2150/6089/9
f 2129/6090/2764 2132/6091/2764 4723/6092/7022
f 4723/6092/5307 2132/6091/7023 4718/6093/5307
f 4723/6092/5307 4718/6093/7022 4717/6094/3885
f 4723/6092/5307 4717/6094/3885 4722/6095/3885
f 4722/6095/3885 4717/6094/3885 4716/6096/7019
f 4722/6095/3885 4716/6096/7019 4721/6097/7019
f 4721/6097/7019 4716/6096/7019 2149/6098/9
f 2149/6098/9 4716/6096/7024 2150/6099/9
f 979/5971/1573 3354/5970/4757 980/6100/1573
f 980/6100/1573 3354/5970/4757 4725/6101/7025
f 980/6100/1573 4725/6101/7025 981/6102/1573
f 981/6102/1573 4725/6101/7025 4727/6103/7026
f 981/6102/1573 4727/6103/7026 982/6104/1573
f 982/6104/1573 4727/6103/7026 3360/6105/4760
f 3360/6105/4760 4727/6103/7026 4726/6106/7027
f 3360/6105/4760 4726/6106/7027 3361/6107/4759
f 3361/6107/4759 4726/6106/7027 4721/6108/7019
f 3361/6107/4759 4721/6108/7019 2149/6109/9
f 3354/5970/4757 3353/5978/4756 4725/6101/7025
f 4725/6101/7025 3353/5978/4756 4724/6110/7028
f 4725/6101/7025 4724/6110/7028 4727/6103/7026
f 4727/6103/7026 4724/6110/7028 4726/6106/7027
f 2129/5980/2764 4723/6111/5307 3353/5978/4756
f 3353/5978/4756 4723/6111/5307 4724/6110/7028
f 4723/6111/5307 4722/6112/3885 4724/6110/7028
f 4724/6110/7028 4722/6112/3885 4726/6106/7027
f 4722/6112/3885 4721/6108/7019 4726/6106/7027
f 2911/6113/3996 4729/6114/7029 2868/6082/3885
f 2868/6082/3885 4729/6114/7029 4730/6084/7019
f 2868/6082/3885 4730/6084/7019 2869/6115/3883
f 2869/6115/3883 4730/6084/7019 4771/6116/7030
f 2869/6115/3883 4771/6116/7030 2870/6117/3889
f 2870/6117/3889 4771/6116/7030 4770/6118/7031
f 2870/6117/3889 4770/6118/7031 2871/6119/7032
f 2871/6119/3893 4770/6118/7031 4769/6120/7033
f 2871/6119/3893 4769/6120/7033 2872/6121/3896
f 2872/6121/3896 4769/6120/7033 4768/6122/7034
f 2872/6121/3896 4768/6122/7034 2873/6123/3898
f 2873/6123/3898 4768/6122/7034 4767/6124/7035
f 2873/6123/3898 4767/6124/7035 2874/6125/3902
f 2874/6125/3902 4767/6124/7035 4766/6126/7036
f 2874/6125/3902 4766/6126/7036 2875/6127/3904
f 2875/6127/3904 4766/6126/7036 4765/6128/7037
f 2875/6127/3904 4765/6128/7037 2876/6129/3906
f 2876/6129/3906 4765/6128/7037 4764/6130/7038
f 2876/6129/3906 4764/6130/7038 2877/6131/3909
f 2877/6131/3909 4764/6130/7038 4763/6132/7039
f 2877/6131/3909 4763/6132/7039 2878/6133/3911
f 2878/6133/3911 4763/6132/7039 4762/6134/7040
f 2878/6133/3911 4762/6134/7040 2879/6135/3913
f 2879/6135/3913 4762/6134/7040 4761/6136/7041
f 2879/6135/3913 4761/6136/7041 2880/6137/3916
f 2880/6137/3916 4761/6136/7041 4760/6138/7042
f 2880/6137/3916 4760/6138/7042 2881/6139/3918
f 2881/6139/3918 4760/6138/7042 4759/6140/7043
f 2881/6139/3918 4759/6140/7043 2882/6141/7044
f 2882/6141/3920 4759/6140/7043 4758/6142/7045
f 2882/6141/3920 4758/6142/7045 2883/6143/3924
f 2883/6143/3924 4758/6142/7045 4757/6144/7046
f 2883/6143/3924 4757/6144/7046 2884/6145/3927
f 2884/6145/3927 4757/6144/7046 4756/6146/7047
f 2884/6145/3927 4756/6146/7047 2885/6147/3931
f 2885/6147/3931 4756/6146/7047 4755/6148/7048
f 2885/6147/3931 4755/6148/7048 2886/6149/3933
f 2886/6149/3933 4755/6148/7048 4754/6150/7049
f 2886/6149/3933 4754/6150/7049 2887/6151/3935
f 2887/6151/3935 4754/6150/7049 4753/6152/7050
f 2887/6151/3935 4753/6152/7050 2888/6153/3937
f 2888/6153/3937 4753/6152/7050 4752/6154/7051
f 2888/6153/3937 4752/6154/7051 2889/6155/3940
f 2889/6155/3940 4752/6154/7051 4751/6156/7052
f 2889/6155/3940 4751/6156/7052 2890/6157/3942
f 2890/6157/3942 4751/6156/7052 4728/6158/7053
f 2890/6159/3942 4728/6160/7053 2891/6161/3944
f 2891/6161/3944 4728/6160/7053 4750/6162/7054
f 2891/6161/3944 4750/6162/7054 2892/6163/3947
f 2892/6163/3947 4750/6162/7054 4749/6164/7055
f 2892/6163/3947 4749/6164/7055 2893/6165/7056
f 2893/6165/3949 4749/6164/7055 4748/6166/7057
f 2893/6165/3949 4748/6166/7057 2894/6167/3951
f 2894/6167/3951 4748/6166/7057 4747/6168/7058
f 2894/6167/3951 4747/6168/7058 2895/6169/3954
f 2895/6169/3954 4747/6168/7058 4746/6170/7059
f 2895/6169/3954 4746/6170/7059 2896/6171/3958
f 2896/6171/3958 4746/6170/7059 4745/6172/7060
f 2896/6171/3958 4745/6172/7060 2897/6173/3960
f 2897/6173/3960 4745/6172/7060 4744/6174/7061
f 2897/6173/3960 4744/6174/7061 2898/6175/3965
f 2898/6175/3965 4744/6174/7061 4743/6176/7062
f 2898/6175/7063 4743/6176/7062 2899/6177/3967
f 2899/6177/3967 4743/6176/7062 4742/6178/7064
f 2899/6177/3967 4742/6178/7064 2900/6179/3969
f 2900/6179/3969 4742/6178/7064 4741/6180/7065
f 2900/6179/3969 4741/6180/7065 2901/6181/3971
f 2901/6181/3971 4741/6180/7065 4740/6182/7066
f 2901/6181/3971 4740/6182/7066 2902/6183/3974
f 2902/6183/3974 4740/6182/7066 4739/6184/7067
f 2902/6183/3974 4739/6184/7067 2903/6185/3976
f 2903/6185/3976 4739/6184/7067 4738/6186/7068
f 2903/6185/3976 4738/6186/7068 2904/6187/3978
f 2904/6187/3979 4738/6186/7068 4737/6188/7069
f 2904/6187/3979 4737/6188/7069 2905/6189/3981
f 2905/6189/3981 4737/6188/7069 4736/6190/7070
f 2905/6189/3981 4736/6190/7070 2906/6191/3983
f 2906/6191/3983 4736/6190/7070 4735/6192/7071
f 2906/6191/3983 4735/6192/7071 2907/6193/3987
f 2907/6193/3987 4735/6192/7071 4734/6194/7072
f 2907/6193/3987 4734/6194/7072 2908/6195/3989
f 2908/6195/3989 4734/6194/7072 4733/6196/7073
f 2908/6195/3989 4733/6196/7073 2909/6197/3991
f 2909/6197/7074 4733/6196/7073 4732/6198/7075
f 2909/6197/7074 4732/6198/7075 2910/6199/3994
f 2910/6199/3994 4732/6198/7075 4731/6200/7076
f 2910/6199/3994 4731/6200/7076 2911/6113/3996
f 2911/6113/3996 4731/6200/7076 4729/6114/7029
f 2128/6201/9 4771/6116/7030 2086/6202/9
f 2086/6202/9 4771/6116/7030 4730/6084/7019
f 2086/6202/9 4730/6084/7019 4729/6114/7029
f 4771/6116/7030 2128/6201/9 4770/6118/7031
f 4770/6118/7031 2128/6201/9 2127/6203/9
f 4770/6118/7031 2127/6203/9 4769/6120/7033
f 4769/6120/7033 2127/6203/9 2126/6204/9
f 4769/6120/7033 2126/6204/9 4768/6122/7034
f 4768/6122/7034 2126/6204/9 2125/6205/9
f 4768/6122/7034 2125/6205/9 4767/6124/7035
f 4767/6124/7035 2125/6205/9 2124/6206/9
f 4767/6124/7035 2124/6206/9 4766/6126/7036
f 4766/6126/7036 2124/6206/9 2123/6207/9
f 4766/6126/7036 2123/6207/9 4765/6128/7037
f 4765/6128/7037 2123/6207/9 2122/6208/9
f 4765/6128/7037 2122/6208/9 4764/6130/7038
f 4764/6130/7038 2122/6208/9 2121/6209/9
f 4764/6130/7038 2121/6209/9 4763/6132/7039
f 4763/6132/7039 2121/6209/9 2120/6210/9
f 4763/6132/7039 2120/6210/9 4762/6134/7040
f 4762/6134/7040 2120/6210/9 2119/6211/9
f 4762/6134/7040 2119/6211/9 4761/6136/7041
f 4761/6136/7041 2119/6211/9 2118/6212/9
f 4761/6136/7041 2118/6212/9 4760/6138/7077
f 4760/6138/7042 2118/6212/9 2117/6213/9
f 4760/6138/7042 2117/6213/9 4759/6140/7043
f 4759/6140/7043 2117/6213/9 2116/6214/9
f 4759/6140/7043 2116/6214/9 4758/6142/7045
f 4758/6142/7045 2116/6214/9 2115/6215/9
f 4758/6142/7045 2115/6215/9 4757/6144/7046
f 4757/6144/7046 2115/6215/9 2114/6216/9
f 4757/6144/7046 2114/6216/9 4756/6146/7047
f 4756/6146/7047 2114/6216/9 2113/6217/9
f 4756/6146/7047 2113/6217/9 4755/6148/7048
f 4755/6148/7048 2113/6217/9 2112/6218/9
f 4755/6148/7048 2112/6218/9 4754/6150/7049
f 4754/6150/7049 2112/6218/9 2111/6219/9
f 4754/6150/7049 2111/6219/9 4753/6152/7050
f 4753/6152/7050 2111/6219/9 2110/6220/9
f 4753/6152/7050 2110/6220/9 4752/6154/7051
f 4752/6154/7051 2110/6220/9 2109/6221/9
f 4752/6154/7051 2109/6221/9 4751/6156/7078
f 4751/6156/7052 2109/6221/9 2108/6222/9
f 4751/6156/7052 2108/6222/9 4728/6158/7053
f 4728/6160/7053 2108/6223/9 2107/6224/9
f 4728/6160/7053 2107/6224/9 4750/6162/7054
f 4750/6162/7054 2107/6224/9 2106/6225/9
f 4750/6162/7079 2106/6225/9 4749/6164/7055
f 4749/6164/7055 2106/6225/9 2105/6226/9
f 4749/6164/7055 2105/6226/9 4748/6166/7057
f 4748/6166/7057 2105/6226/9 2104/6227/9
f 4748/6166/7057 2104/6227/9 4747/6168/7058
f 4747/6168/7058 2104/6227/9 2103/6228/9
f 4747/6168/7058 2103/6228/9 4746/6170/7059
f 4746/6170/7059 2103/6228/9 2102/6229/9
f 4746/6170/7059 2102/6229/9 4745/6172/7060
f 4745/6172/7060 2102/6229/9 2101/6230/9
f 4745/6172/7060 2101/6230/9 4744/6174/7061
f 4744/6174/7061 2101/6230/9 2100/6231/9
f 4744/6174/7061 2100/6231/9 4743/6176/7062
f 4743/6176/7062 2100/6231/9 2099/6232/9
f 4743/6176/7062 2099/6232/9 4742/6178/7064
f 4742/6178/7064 2099/6232/9 2098/6233/9
f 4742/6178/7064 2098/6233/9 4741/6180/7065
f 4741/6180/7065 2098/6233/9 2097/6234/9
f 4741/6180/7080 2097/6234/9 4740/6182/7066
f 4740/6182/7066 2097/6234/9 2096/6235/9
f 4740/6182/7066 2096/6235/9 4739/6184/7067
f 4739/6184/7067 2096/6235/9 2095/6236/9
f 4739/6184/7067 2095/6236/9 4738/6186/7068
f 4738/6186/7068 2095/6236/9 2094/6237/9
f 4738/6186/7068 2094/6237/9 4737/6188/7069
f 4737/6188/7069 2094/6237/9 2093/6238/9
f 4737/6188/7069 2093/6238/9 4736/6190/7070
f 4736/6190/7070 2093/6238/9 2092/6239/9
f 4736/6190/7070 2092/6239/9 4735/6192/7071
f 4735/6192/7071 2092/6239/9 2091/6240/9
f 4735/6192/7071 2091/6240/9 4734/6194/7072
f 4734/6194/7072 2091/6240/9 2090/6241/9
f 4734/6194/7072 2090/6241/9 4733/6196/7073
f 4733/6196/7073 2090/6241/9 2089/6242/9
f 4733/6196/7073 2089/6242/9 4732/6198/7075
f 4732/6198/7075 2089/6242/9 2088/6243/9
f 4732/6198/7075 2088/6243/9 4731/6200/7076
f 4731/6200/7076 2088/6243/9 2087/6244/9
f 4731/6200/7076 2087/6244/9 4729/6114/7029
f 4729/6114/7029 2087/6244/9 2086/6202/9
f 1669/6245/7081 1684/6246/7082 4773/6247/7083
f 4773/6247/7083 1684/6246/7084 1683/6248/7085
f 4773/6247/7083 1683/6248/7086 4772/6249/7087
f 4772/6249/7088 1683/6248/7089 1682/6250/7090
f 4772/6249/7087 1682/6250/7091 1681/6251/7092
f 1677/6252/7093 1676/6253/7094 4775/6254/7095
f 4775/6254/7096 1676/6253/7097 1675/6255/7098
f 4775/6254/7096 1675/6255/7099 4774/6256/7100
f 4774/6256/7101 1675/6255/7102 1674/6257/7103
f 4774/6256/7101 1674/6257/7104 1673/6258/7105
f 4777/6259/7106 4788/6260/7106 4776/142/7107
f 4779/6261/7108 4788/6262/7109 4778/6263/7110
f 4781/6264/7111 4788/6265/7112 4780/6266/7113
f 4783/6267/7114 4788/6268/7114 4782/6269/7115
f 4785/6270/7116 4788/6271/7116 4784/6272/7117
f 4787/6273/7118 4788/6274/7118 4786/6275/7119
f 4782/6276/7115 4788/6277/7115 4781/6264/7111
f 4778/6263/7120 4788/6278/7120 4777/6259/7106
f 4786/6275/7121 4788/6279/7122 4785/6270/7123
f 4780/6266/7124 4788/6280/7124 4779/6261/7108
f 4776/142/7107 4788/6281/7107 4787/6273/7118
f 4784/6272/7117 4788/6282/7117 4783/6267/7114
f 4787/6283/7125 4800/6284/7125 4776/6285/7126
f 4776/6285/7126 4800/6284/7125 4789/6286/7126
f 4776/6285/7126 4789/6286/7127 4777/6287/7128
f 4777/6287/7128 4789/6286/7126 4790/6288/7128
f 4777/6287/7128 4790/6288/7128 4778/6289/7129
f 4778/6289/7129 4790/6288/7130 4791/6290/7129
f 4778/6289/7131 4791/6290/7131 4779/6291/7132
f 4779/6291/7132 4791/6290/7129 4792/6292/7132
f 4779/6291/7132 4792/6292/7132 4780/6293/7133
f 4780/6293/7133 4792/6292/7132 4793/6294/7133
f 4780/6293/7133 4793/6294/7134 4781/6295/7135
f 4781/6295/7136 4793/6294/7133 4794/6296/7136
f 4781/6295/7136 4794/6296/7137 4782/6297/7138
f 4782/6297/7139 4794/6296/7137 4795/6298/7138
f 4782/6299/7138 4795/6300/7138 4783/6301/7140
f 4783/6301/7141 4795/6300/7138 4796/6302/7141
f 4783/6301/7141 4796/6302/7142 4784/6303/7143
f 4784/6303/7144 4796/6302/7141 4797/6304/7143
f 4784/6303/7144 4797/6304/7143 4785/6305/7145
f 4785/6305/7145 4797/6304/7144 4798/6306/7145
f 4785/6305/7145 4798/6306/7145 4786/6307/7146
f 4786/6307/7146 4798/6306/7145 4799/6308/7146
f 4786/6307/7146 4799/6308/7146 4787/6283/7147
f 4787/6283/7147 4799/6308/7146 4800/6284/7125
f 4774/6309/7148 1673/6310/7149 4795/6311/7150
f 4795/6311/7150 1673/6310/7149 1672/6312/7151
f 4795/6311/7150 1672/6312/7151 4796/6313/7152
f 4796/6313/7152 1672/6312/7151 1671/6314/7153
f 4796/6313/7152 1671/6314/7154 4797/6315/7155
f 4797/6315/7156 1671/6314/7153 1670/6316/7157
f 4797/6315/7158 1670/6316/7159 4798/6317/7160
f 4798/6317/7160 1670/6316/7159 1669/6318/7161
f 4798/6317/7160 1669/6318/7161 4799/6319/7162
f 4799/6319/7163 1669/6318/7161 4773/6320/7164
f 4799/6319/7165 4773/6320/7164 4800/6321/7166
f 4800/6321/7166 4773/6320/7164 4772/6322/7167
f 4800/6321/7166 4772/6322/7167 4789/6323/7168
f 4789/6323/7168 4772/6322/7167 1681/6324/7169
f 4789/6323/7168 1681/6324/7169 1680/6325/7170
f 4789/6323/7168 1680/6325/7170 4790/6326/7171
f 4790/6326/7171 1680/6325/7170 1679/6327/7172
f 4790/6326/7171 1679/6327/7172 4791/6328/7173
f 4791/6328/7174 1679/6327/7175 1678/6329/7176
f 4791/6328/7174 1678/6329/7176 4792/6330/7177
f 4792/6330/7178 1678/6329/7179 1677/6331/7180
f 4792/6330/7178 1677/6331/7180 4793/6332/7181
f 4793/6332/7182 1677/6331/7180 4775/6333/7183
f 4793/6332/7184 4775/6333/7183 4794/6334/7185
f 4794/6334/7185 4775/6333/7183 4774/6335/7148
f 4794/6334/7185 4774/6335/7148 4795/6336/7150
f 1661/6337/7186 1660/6338/7187 4803/6339/7188
f 4803/6339/7189 1660/6338/7190 4802/6340/7191
f 4802/6340/7192 1660/6338/7193 1659/6341/7194
f 4802/6340/7192 1659/6341/7195 1658/6342/7196
f 1657/6343/7197 4801/6344/7198 1658/6342/7196
f 1658/6342/7196 4801/6344/7199 4802/6340/7200
f 1653/6345/7201 1668/6346/7202 4805/6347/7203
f 4805/6347/7204 1668/6346/7205 1667/6348/7206
f 4805/6347/7203 1667/6348/7206 4804/6349/7207
f 4804/6349/7208 1667/6348/7209 1666/6350/7210
f 4804/6349/7208 1666/6350/7211 1665/6351/7212
f 4807/6259/7213 4818/6260/7213 4806/142/7214
f 4809/6261/7215 4818/6262/7215 4808/6263/7216
f 4811/6264/7217 4818/6265/7217 4810/6266/7218
f 4813/6267/7219 4818/6268/7219 4812/6269/7220
f 4815/6270/7221 4818/6271/7221 4814/6272/7222
f 4817/6273/7223 4818/6274/7223 4816/6275/7224
f 4812/6276/7220 4818/6277/7220 4811/6264/7225
f 4808/6263/7226 4818/6278/7216 4807/6259/7213
f 4816/6275/7227 4818/6279/7227 4815/6270/7221
f 4810/6266/7228 4818/6280/7228 4809/6261/7215
f 4806/142/7214 4818/6281/7214 4817/6273/7223
f 4814/6272/7222 4818/6282/7222 4813/6267/7229
f 4817/6283/7230 4830/6284/7230 4806/6285/7231
f 4806/6285/7231 4830/6284/7230 4819/6286/7231
f 4806/6285/7231 4819/6286/7231 4807/6287/7232
f 4807/6287/7232 4819/6286/7231 4820/6288/7232
f 4807/6287/7233 4820/6288/7233 4808/6289/7234
f 4808/6289/7234 4820/6288/7232 4821/6290/7234
f 4808/6289/7234 4821/6290/7234 4809/6291/7235
f 4809/6291/7236 4821/6290/7234 4822/6292/7235
f 4809/6291/7235 4822/6292/7235 4810/6293/7237
f 4810/6293/7238 4822/6292/7235 4823/6294/7237
f 4810/6293/7238 4823/6294/7239 4811/6295/7240
f 4811/6295/7241 4823/6294/7238 4824/6296/7241
f 4811/6295/7240 4824/6296/7240 4812/6297/7242
f 4812/6297/7242 4824/6296/7240 4825/6298/7242
f 4812/6299/7242 4825/6300/7242 4813/6301/7243
f 4813/6301/7244 4825/6300/7242 4826/6302/7243
f 4813/6301/7245 4826/6302/7245 4814/6303/7246
f 4814/6303/7246 4826/6302/7243 4827/6304/7246
f 4814/6303/7246 4827/6304/7246 4815/6305/7247
f 4815/6305/7248 4827/6304/7246 4828/6306/7247
f 4815/6305/7247 4828/6306/7247 4816/6307/7249
f 4816/6307/7250 4828/6306/7247 4829/6308/7249
f 4816/6307/7251 4829/6308/7251 4817/6283/7252
f 4817/6283/7252 4829/6308/7251 4830/6284/7252
f 1656/6352/7253 4828/6317/7254 1657/6353/7255
f 1657/6353/7255 4828/6317/7256 4827/6315/7257
f 1657/6353/7258 4827/6315/7257 4801/6354/7259
f 4801/6354/7259 4827/6315/7260 4802/6355/7261
f 4802/6355/7261 4827/6315/7257 4826/6313/7262
f 4802/6355/7261 4826/6313/7262 4803/6356/7263
f 4803/6356/7263 4826/6313/7264 4825/6311/7265
f 4803/6356/7263 4825/6311/7266 1661/6357/7267
f 1661/6358/7267 4825/6336/7266 1662/6359/7268
f 1662/6359/7268 4825/6336/7266 4824/6334/7269
f 1662/6359/7268 4824/6334/7269 1663/6360/7270
f 1663/6360/7271 4824/6334/7269 4823/6332/7272
f 1663/6360/7271 4823/6332/7272 1664/6361/7273
f 1664/6361/7273 4823/6332/7274 4822/6330/7275
f 1664/6361/7276 4822/6330/7275 1665/6362/7277
f 1665/6362/7278 4822/6330/7275 4821/6328/7279
f 1665/6362/7280 4821/6328/7279 4804/6363/7281
f 4804/6363/7281 4821/6328/7279 4820/6326/7282
f 4804/6363/7283 4820/6326/7282 4805/6364/7284
f 4805/6364/7284 4820/6326/7282 4819/6323/7285
f 4805/6364/7284 4819/6323/7285 1653/6365/7286
f 1653/6365/7287 4819/6323/7285 1654/6366/7288
f 1654/6366/7288 4819/6323/7285 4830/6321/7289
f 1654/6366/7288 4830/6321/7289 1655/6367/7290
f 1655/6367/7290 4830/6321/7289 4829/6319/7291
f 1655/6367/7290 4829/6319/7291 1656/6352/7292
f 1656/6352/7253 4829/6319/7293 4828/6317/7254
f 1609/6368/7294 1608/6369/7295 4832/6370/7296
f 4832/6370/7297 1608/6369/7295 4831/6371/7298
f 4831/6371/7299 1608/6369/7300 1607/6372/7301
f 1618/6373/7302 4833/6374/7303 1619/6375/7304
f 1619/6375/7305 4833/6374/7306 4834/6376/7307
f 1619/6375/7307 4834/6376/7307 2369/6377/7308
f 2369/6377/7308 4834/6376/7309 2370/6378/7310
f 2370/6378/7310 4834/6376/7311 2371/6379/7312
f 1618/6373/7313 1617/6380/7314 4833/6374/7302
f 4836/6321/7315 2372/6381/7316 4835/6323/7317
f 4835/6323/7317 2372/6381/7316 2371/6382/7318
f 4835/6323/7319 2371/6382/7320 4834/6383/7321
f 2372/6381/7316 4836/6321/7315 1603/6384/7322
f 1603/6384/7322 4836/6321/7323 4837/6319/7324
f 1603/6384/7322 4837/6319/7324 1604/6385/7325
f 1604/6385/7326 4837/6319/7327 4838/6317/7328
f 1604/6385/7326 4838/6317/7329 1605/6386/7330
f 1605/6386/7330 4838/6317/7331 4839/6315/7332
f 1605/6386/7330 4839/6315/7332 1606/6387/7333
f 1606/6387/7333 4839/6315/7332 4840/6313/7334
f 1606/6387/7333 4840/6313/7335 1607/6388/7336
f 1607/6388/7337 4840/6313/7335 4831/6389/7338
f 4831/6389/7339 4840/6313/7340 4841/6311/7341
f 4831/6389/7339 4841/6311/7342 4832/6390/7343
f 4832/6390/7343 4841/6311/7342 1609/6391/7344
f 1609/6392/7344 4841/6336/7342 1610/6393/7345
f 1610/6393/7345 4841/6336/7346 4842/6334/7347
f 1610/6393/7345 4842/6334/7347 1611/6394/7348
f 1611/6394/7348 4842/6334/7347 4843/6332/7349
f 1611/6394/7348 4843/6332/7350 1612/6395/7351
f 1612/6395/7352 4843/6332/7349 1613/6396/7353
f 1613/6396/7353 4843/6332/7354 4844/6330/7355
f 1613/6396/7353 4844/6330/7355 1614/6397/7356
f 1614/6397/7356 4844/6330/7355 4845/6328/7357
f 1614/6397/7356 4845/6328/7357 1615/6398/7358
f 1615/6398/7358 4845/6328/7357 1616/6399/7359
f 1616/6399/7359 4845/6328/7360 4846/6326/7361
f 1616/6399/7359 4846/6326/7361 1617/6400/7362
f 1617/6400/7363 4846/6326/7361 4833/6401/7364
f 4833/6401/7364 4846/6326/7365 4835/6323/7317
f 4833/6401/7364 4835/6323/7317 4834/6383/7321
f 4848/6283/7366 4836/6284/7366 4847/6285/7367
f 4847/6285/7367 4836/6284/7366 4835/6286/7367
f 4847/6285/7367 4835/6286/7367 4858/6287/7368
f 4858/6287/7368 4835/6286/7367 4846/6288/7368
f 4858/6287/7368 4846/6288/7368 4857/6289/7369
f 4857/6289/7369 4846/6288/7368 4845/6290/7369
f 4857/6289/7369 4845/6290/7369 4856/6291/7370
f 4856/6291/7370 4845/6290/7369 4844/6292/7370
f 4856/6291/7370 4844/6292/7371 4855/6293/7372
f 4855/6293/7373 4844/6292/7370 4843/6294/7372
f 4855/6293/7372 4843/6294/7372 4854/6295/7374
f 4854/6295/7374 4843/6294/7372 4842/6296/7374
f 4854/6295/7374 4842/6296/7374 4853/6297/7375
f 4853/6297/7375 4842/6296/7374 4841/6298/7375
f 4853/6299/7375 4841/6300/7375 4852/6301/7376
f 4852/6301/7376 4841/6300/7375 4840/6302/7376
f 4852/6301/7376 4840/6302/7376 4851/6303/7377
f 4851/6303/7377 4840/6302/7376 4839/6304/7377
f 4851/6303/7377 4839/6304/7377 4850/6305/7378
f 4850/6305/7379 4839/6304/7377 4838/6306/7378
f 4850/6305/7378 4838/6306/7378 4849/6307/7380
f 4849/6307/7380 4838/6306/7378 4837/6308/7380
f 4849/6307/7380 4837/6308/7380 4848/6283/7366
f 4848/6283/7366 4837/6308/7380 4836/6284/7366
f 4858/6259/7381 4859/6260/7381 4847/142/7382
f 4856/6261/7383 4859/6262/7383 4857/6263/7384
f 4854/6264/7385 4859/6265/7385 4855/6266/7386
f 4852/6267/7387 4859/6268/7387 4853/6269/7388
f 4850/6270/7389 4859/6271/7389 4851/6272/7390
f 4848/6273/7391 4859/6274/7391 4849/6275/7392
f 4853/6276/7393 4859/6277/7388 4854/6264/7394
f 4857/6263/7395 4859/6278/7395 4858/6259/7381
f 4849/6275/7392 4859/6279/7392 4850/6270/7389
f 4855/6266/7396 4859/6280/7396 4856/6261/7383
f 4847/142/7382 4859/6281/7397 4848/6273/7391
f 4851/6272/7390 4859/6282/7398 4852/6267/7387
f 1693/6402/7399 4860/6403/7400 1694/6404/7401
f 1694/6404/7401 4860/6403/7400 4861/6405/7402
f 1694/6404/7401 4861/6405/7402 1695/6406/7403
f 1703/6407/7404 4862/6408/7405 1704/6409/7406
f 1704/6409/7406 4862/6408/7407 4863/6410/7408
f 1704/6409/7409 4863/6410/7410 1685/6411/7411
f 4860/6412/7412 1693/6413/7413 4870/6311/7414
f 4870/6311/7414 1693/6413/7413 1692/6414/7415
f 4870/6311/7414 1692/6414/7415 4869/6313/7416
f 4869/6313/7417 1692/6414/7415 1691/6415/7418
f 4869/6313/7417 1691/6415/7418 4868/6315/7419
f 4868/6315/7419 1691/6415/7418 1690/6416/7420
f 4868/6315/7419 1690/6416/7421 1689/6417/7422
f 4868/6315/7419 1689/6417/7422 4867/6317/7423
f 4867/6317/7424 1689/6417/7422 1688/6418/7425
f 4867/6317/7424 1688/6418/7425 4866/6319/7426
f 4866/6319/7427 1688/6418/7428 1687/6419/7429
f 4866/6319/7430 1687/6419/7429 1686/6420/7431
f 4866/6319/7426 1686/6420/7431 4865/6321/7432
f 4865/6321/7433 1686/6420/7431 1685/6421/7434
f 4865/6321/7433 1685/6421/7434 4863/6422/7435
f 4865/6321/7436 4863/6422/7435 4864/6323/7437
f 4864/6323/7438 4863/6422/7435 4862/6423/7439
f 4864/6323/7440 4862/6423/7439 1703/6424/7441
f 1703/6424/7441 1702/6425/7442 4864/6323/7440
f 4864/6323/7440 1702/6425/7443 4875/6326/7444
f 4875/6326/7445 1702/6425/7442 1701/6426/7446
f 4875/6326/7445 1701/6426/7446 4874/6328/7447
f 4874/6328/7447 1701/6426/7446 1700/6427/7448
f 4874/6328/7447 1700/6427/7448 1699/6428/7449
f 4874/6328/7447 1699/6428/7449 4873/6330/7450
f 4873/6330/7451 1699/6428/7449 1698/6429/7452
f 4873/6330/7453 1698/6429/7454 4872/6332/7455
f 4872/6332/7455 1698/6429/7456 1697/6430/7457
f 4872/6332/7455 1697/6430/7457 1696/6431/7458
f 4872/6332/7455 1696/6431/7458 4871/6334/7459
f 4871/6334/7460 1696/6431/7458 1695/6432/7461
f 4871/6334/7460 1695/6432/7462 4861/6433/7463
f 4871/6334/7460 4861/6433/7463 4870/6336/7414
f 4870/6336/7414 4861/6433/7463 4860/6434/7412
f 4877/6283/7464 4865/6284/7465 4876/6285/7466
f 4876/6285/7466 4865/6284/7467 4864/6286/7466
f 4876/6285/7468 4864/6286/7468 4887/6287/7469
f 4887/6287/7470 4864/6286/7468 4875/6288/7470
f 4887/6287/7471 4875/6288/7470 4886/6289/7472
f 4886/6289/7472 4875/6288/7471 4874/6290/7472
f 4886/6289/7472 4874/6290/7472 4885/6291/7473
f 4885/6291/7473 4874/6290/7472 4873/6292/7473
f 4885/6291/7473 4873/6292/7473 4884/6293/7474
f 4884/6293/7474 4873/6292/7473 4872/6294/7475
f 4884/6293/7475 4872/6294/7475 4883/6295/7476
f 4883/6295/7477 4872/6294/7475 4871/6296/7476
f 4883/6295/7478 4871/6296/7479 4882/6297/7480
f 4882/6297/7481 4871/6296/7478 4870/6298/7480
f 4882/6299/7481 4870/6300/7480 4881/6301/7482
f 4881/6301/7483 4870/6300/7481 4869/6302/7483
f 4881/6301/7484 4869/6302/7484 4880/6303/7485
f 4880/6303/7485 4869/6302/7484 4868/6304/7485
f 4880/6303/7485 4868/6304/7485 4879/6305/7486
f 4879/6305/7486 4868/6304/7485 4867/6306/7486
f 4879/6305/7486 4867/6306/7486 4878/6307/7487
f 4878/6307/7488 4867/6306/7486 4866/6308/7487
f 4878/6307/7488 4866/6308/7487 4877/6283/7489
f 4877/6283/7464 4866/6308/7488 4865/6284/7489
f 4887/6259/7490 4888/6260/7491 4876/142/7492
f 4885/6261/7493 4888/6262/7493 4886/6263/7494
f 4883/6264/7495 4888/6265/7495 4884/6266/7496
f 4881/6267/7497 4888/6268/7497 4882/6269/7498
f 4879/6270/7499 4888/6271/7499 4880/6272/7500
f 4877/6273/7501 4888/6274/7502 4878/6275/7503
f 4882/6276/7498 4888/6277/7498 4883/6264/7495
f 4886/6263/7494 4888/6278/7494 4887/6259/7490
f 4878/6275/7504 4888/6279/7504 4879/6270/7505
f 4884/6266/7496 4888/6280/7496 4885/6261/7493
f 4876/142/7506 4888/6281/7492 4877/6273/7501
f 4880/6272/7507 4888/6282/7508 4881/6267/7509
