# Blender 4.0.2
# www.blender.org
mtllib link5.mtl
o Link_5_Link_5.001
v -0.125679 0.052233 -0.003501
v -0.124739 0.056282 -0.000000
v -0.124600 0.058471 -0.004373
v -0.125659 0.054012 -0.006945
v -0.125647 0.055361 -0.008725
v -0.124921 0.060688 -0.008715
v -0.125659 0.056995 -0.010242
v -0.124739 0.073718 -0.000000
v -0.125659 0.077999 -0.000000
v -0.125659 0.077807 -0.002223
v -0.125659 0.052001 -0.000000
v -0.125638 0.077241 -0.004384
v -0.125659 0.076309 -0.006409
v -0.125659 0.075046 -0.008249
v -0.124600 0.071529 -0.004373
v -0.124185 0.069375 -0.000000
v -0.125642 0.073495 -0.009844
v -0.124231 0.067181 -0.004373
v -0.124000 0.065000 -0.000000
v -0.124921 0.069312 -0.008715
v -0.125659 0.071679 -0.011152
v -0.125659 0.069673 -0.012130
v -0.125659 0.067530 -0.012750
v -0.124231 0.062819 -0.004373
v -0.124185 0.060625 -0.000000
v -0.124739 0.065000 -0.008715
v -0.125659 0.065313 -0.012995
v -0.125659 0.063085 -0.012857
v -0.125659 0.060915 -0.012340
v -0.125659 0.058865 -0.011460
v -0.106000 0.042276 0.034345
v -0.109000 0.042246 0.035199
v -0.109000 0.042411 0.033995
v -0.106000 0.043335 0.032749
v -0.109000 0.043450 0.032668
v -0.106000 0.044937 0.032226
v -0.109000 0.045059 0.032226
v -0.106000 0.046125 0.032483
v -0.109000 0.046661 0.032749
v -0.106000 0.047085 0.033171
v -0.109000 0.047517 0.033875
v -0.106000 0.047652 0.034246
v -0.109000 0.047769 0.035002
v -0.106000 0.047739 0.035485
v -0.106000 0.119742 0.034086
v -0.101760 0.122477 0.030800
v -0.102288 0.122769 0.030369
v -0.106000 0.114086 -0.039742
v -0.101349 0.111040 -0.042317
v -0.102643 0.110038 -0.043051
v -0.091000 0.122411 0.031367
v -0.096721 0.122942 0.030377
v -0.097159 0.122664 0.030749
v -0.096607 0.123030 0.030256
v -0.096387 0.123260 0.030018
v -0.095754 0.123979 0.028934
v -0.095513 0.124663 0.027926
v -0.102288 0.110369 0.042769
v -0.102132 0.110505 0.042677
v -0.106000 0.114107 0.039745
v -0.101189 0.111126 0.042257
v -0.102691 0.109932 0.043064
v -0.091000 0.109539 -0.043704
v -0.095500 0.105158 -0.046304
v -0.095520 0.107999 -0.044607
v -0.095819 0.109065 -0.043869
v -0.096226 0.109846 -0.043333
v -0.095791 0.108989 -0.043921
v -0.091000 0.113139 -0.041041
v -0.096721 0.110377 -0.042942
v -0.097051 0.110662 -0.042728
v -0.102288 0.122769 -0.030369
v -0.101955 0.122573 -0.030658
v -0.106000 0.119745 -0.034107
v -0.101586 0.122400 -0.030913
v -0.102579 0.122982 -0.030053
v -0.091000 0.113139 0.041041
v -0.096676 0.110333 0.042974
v -0.096619 0.110269 0.043022
v -0.097413 0.110953 0.042508
v -0.091000 0.109539 0.043704
v -0.095549 0.108125 0.044486
v -0.095538 0.108006 0.044564
v -0.095743 0.108933 0.043961
v -0.091000 0.105726 0.046051
v -0.095500 0.102552 0.047612
v -0.091000 0.088915 0.051991
v -0.095499 0.091291 0.051436
v -0.095499 0.087008 0.052193
v -0.095499 0.094303 0.050705
v -0.095499 0.083979 0.052535
v -0.091000 0.122411 -0.031367
v -0.096148 0.123474 -0.029729
v -0.095694 0.124093 -0.028729
v -0.096997 0.122741 -0.030648
v -0.091000 0.080000 0.052750
v -0.095498 0.077922 0.052626
v -0.107072 0.086308 -0.051948
v -0.103501 0.084238 -0.052281
v -0.103500 0.080000 -0.052448
v -0.103501 0.088290 -0.051788
v -0.113387 0.080000 -0.052134
v -0.113565 0.084201 -0.051931
v -0.113560 0.088507 -0.051410
v -0.103501 0.092526 -0.050920
v -0.113505 0.092111 -0.050684
v -0.095550 0.124524 -0.028146
v -0.113581 0.095577 -0.049727
v -0.107072 0.098556 -0.048929
v -0.103501 0.096434 -0.049806
v -0.103501 0.100183 -0.048409
v -0.113565 0.099702 -0.048241
v -0.103501 0.104288 -0.046474
v -0.113513 0.103553 -0.046478
v -0.113426 0.107260 -0.044424
v -0.107072 0.109726 -0.043066
v -0.113603 0.110786 -0.042029
v -0.113938 0.113689 -0.039640
v -0.103243 0.108979 -0.043752
v -0.103485 0.107933 -0.044397
v -0.095500 0.126994 -0.023796
v -0.095543 0.124524 -0.028066
v -0.098599 0.114522 -0.039634
v -0.106000 0.116067 -0.037954
v -0.101213 0.111115 -0.042265
v -0.100656 0.111329 -0.042124
v -0.099496 0.111521 -0.042042
v -0.091000 0.116500 -0.038083
v -0.098490 0.111364 -0.042169
v -0.098249 0.111299 -0.042225
v -0.097606 0.111045 -0.042433
v -0.098291 0.119672 -0.034487
v -0.100751 0.122143 -0.031301
v -0.099506 0.122042 -0.031520
v -0.101181 0.122255 -0.031130
v -0.107072 0.123066 -0.029726
v -0.113806 0.119656 -0.033710
v -0.113620 0.122112 -0.030673
v -0.113564 0.124553 -0.027019
v -0.102793 0.123170 -0.029776
v -0.103104 0.123527 -0.029235
v -0.103328 0.123900 -0.028660
v -0.103485 0.124346 -0.027961
v -0.091000 0.119598 -0.034851
v -0.097709 0.122406 -0.031077
v -0.098259 0.122223 -0.031303
v -0.103501 0.126569 -0.024112
v -0.113447 0.126816 -0.022904
v -0.103501 0.128887 -0.018976
v -0.113506 0.128534 -0.018958
v -0.113549 0.129950 -0.014836
v -0.107072 0.130809 -0.012523
v -0.113561 0.131059 -0.010405
v -0.103501 0.131230 -0.011235
v -0.103501 0.130114 -0.015467
v -0.103501 0.132037 -0.006479
v -0.113607 0.131736 -0.006157
v -0.113553 0.132081 -0.001882
v -0.107072 0.132329 -0.000000
v -0.113443 0.132077 0.002216
v -0.103501 0.132397 0.002296
v -0.103501 0.132406 -0.002181
v -0.103501 0.132037 0.006479
v -0.113633 0.131748 0.006041
v -0.113573 0.131080 0.010299
v -0.107072 0.130809 0.012523
v -0.113560 0.129980 0.014733
v -0.103501 0.130114 0.015467
v -0.103501 0.131230 0.011235
v -0.103501 0.128887 0.018976
v -0.113516 0.128519 0.018995
v -0.113418 0.126793 0.022958
v -0.103501 0.126569 0.024112
v -0.113554 0.124614 0.026922
v -0.107072 0.123066 0.029726
v -0.103303 0.123848 0.028741
v -0.103485 0.124338 0.027979
v -0.103060 0.123468 0.029324
v -0.102721 0.123104 0.029872
v -0.113601 0.122157 0.030614
v -0.113938 0.119641 0.033689
v -0.098685 0.119620 0.034534
v -0.101213 0.122265 0.031115
v -0.100696 0.122132 0.031320
v -0.099495 0.122042 0.031521
v -0.106000 0.117264 0.036703
v -0.097885 0.122340 0.031159
v -0.097415 0.122535 0.030914
v -0.091000 0.119598 0.034851
v -0.091000 0.116500 0.038083
v -0.099010 0.114501 0.039634
v -0.100735 0.111305 0.042140
v -0.099097 0.111548 0.042072
v -0.107072 0.109726 0.043066
v -0.103277 0.108796 0.043813
v -0.103328 0.108660 0.043900
v -0.103479 0.107988 0.044328
v -0.113806 0.113710 0.039656
v -0.113618 0.110860 0.041971
v -0.113438 0.107204 0.044456
v -0.098235 0.111295 0.042228
v -0.098409 0.111341 0.042190
v -0.103501 0.104219 0.046509
v -0.113497 0.103401 0.046557
v -0.113544 0.099831 0.048190
v -0.107072 0.098556 0.048929
v -0.103502 0.098641 0.049062
v -0.113558 0.095714 0.049686
v -0.103502 0.092521 0.050911
v -0.113504 0.092185 0.050666
v -0.113574 0.088630 0.051389
v -0.107072 0.086308 0.051948
v -0.113590 0.084262 0.051924
v -0.113387 0.080000 0.052134
v -0.103500 0.080000 0.052423
v -0.103500 0.084131 0.052260
v -0.103500 0.088237 0.051772
v -0.118651 0.122262 0.025708
v -0.117660 0.120597 0.029783
v -0.117660 0.123015 0.026165
v -0.116477 0.088610 -0.050387
v -0.116483 0.093934 -0.049200
v -0.115182 0.094083 -0.049758
v -0.118654 0.119884 0.029260
v -0.115853 0.126043 0.022947
v -0.115177 0.124164 0.026858
v -0.119486 0.120345 0.026951
v -0.117660 0.088485 -0.049632
v -0.117665 0.093733 -0.048459
v -0.116478 0.123670 0.026561
v -0.120584 0.120552 0.022727
v -0.121112 0.117749 0.023373
v -0.120613 0.115939 0.029331
v -0.120043 0.119523 0.026616
v -0.118167 0.124706 0.022292
v -0.118597 0.086280 -0.049170
v -0.118655 0.093500 -0.047609
v -0.121112 0.119745 0.019790
v -0.115853 0.127892 0.018786
v -0.115163 0.084365 -0.051510
v -0.119782 0.123001 0.021475
v -0.115176 0.088703 -0.050956
v -0.120595 0.094821 -0.044080
v -0.121112 0.088158 -0.043643
v -0.121112 0.092150 -0.042704
v -0.119419 0.086161 -0.048218
v -0.119462 0.093246 -0.046686
v -0.115971 0.080000 -0.051388
v -0.118167 0.126502 0.018252
v -0.116465 0.084317 -0.050937
v -0.120018 0.086058 -0.047305
v -0.120040 0.093015 -0.045815
v -0.115179 0.129609 0.014515
v -0.120578 0.085904 -0.046136
v -0.117650 0.084252 -0.050175
v -0.119782 0.124731 0.017588
v -0.118292 0.080000 -0.049843
v -0.116479 0.129055 0.014354
v -0.117662 0.128319 0.014142
v -0.121112 0.084097 -0.044210
v -0.120588 0.123915 0.015245
v -0.121112 0.121401 0.016039
v -0.119565 0.077730 -0.048348
v -0.118652 0.127474 0.013896
v -0.120174 0.077796 -0.047349
v -0.115180 0.130690 0.010128
v -0.120652 0.078386 -0.046294
v -0.121112 0.080000 -0.044399
v -0.119782 0.126121 0.013555
v -0.116480 0.130124 0.010016
v -0.121112 0.109912 0.032811
v -0.120705 0.111198 0.033962
v -0.120782 0.111404 0.033449
v -0.120587 0.111052 0.034529
v -0.120833 0.111682 0.032955
v -0.120858 0.112036 0.032484
v -0.117662 0.129372 0.009869
v -0.120859 0.112464 0.032053
v -0.121112 0.122704 0.012150
v -0.118653 0.128508 0.009699
v -0.115180 0.131381 0.005670
v -0.119464 0.127977 0.007457
v -0.116481 0.130807 0.005612
v -0.121112 0.112811 0.029912
v -0.120709 0.113940 0.031205
v -0.120593 0.114506 0.031056
v -0.120784 0.113430 0.031413
v -0.120834 0.112936 0.031694
v -0.120041 0.127085 0.007334
v -0.117663 0.130045 0.005533
v -0.120589 0.125903 0.007342
v -0.121112 0.123643 0.008158
v -0.118653 0.129169 0.005438
v -0.115181 0.131715 0.000016
v -0.116482 0.131137 0.000025
v -0.117665 0.130370 0.000033
v -0.121112 0.124210 0.004097
v -0.118655 0.129488 0.000041
v -0.119461 0.128531 0.000047
v -0.120040 0.127630 0.000062
v -0.115177 0.131385 -0.005654
v -0.120591 0.126458 0.000194
v -0.121112 0.124399 -0.000000
v -0.116478 0.130812 -0.005587
v -0.117660 0.130051 -0.005500
v -0.118651 0.129176 -0.005397
v -0.121112 0.112811 -0.029912
v -0.120705 0.113962 -0.031198
v -0.120782 0.113449 -0.031404
v -0.120587 0.114529 -0.031052
v -0.120833 0.112955 -0.031682
v -0.115177 0.130693 -0.010117
v -0.121112 0.124210 -0.004097
v -0.120858 0.112484 -0.032036
v -0.119782 0.127796 -0.005187
v -0.120859 0.112053 -0.032464
v -0.116478 0.130129 -0.009999
v -0.120590 0.125965 -0.006934
v -0.117660 0.129378 -0.009847
v -0.121112 0.109912 -0.032811
v -0.120709 0.111205 -0.033940
v -0.120593 0.111056 -0.034506
v -0.120784 0.111413 -0.033430
v -0.120834 0.111694 -0.032935
v -0.118651 0.128515 -0.009671
v -0.121112 0.123643 -0.008158
v -0.115177 0.129614 -0.014499
v -0.119463 0.127165 -0.011520
v -0.116478 0.129062 -0.014334
v -0.120041 0.126294 -0.011292
v -0.117660 0.128327 -0.014119
v -0.121112 0.122704 -0.012150
v -0.118651 0.127482 -0.013871
v -0.115853 0.127977 -0.018566
v -0.115179 0.084360 0.051504
v -0.115971 0.080000 0.051388
v -0.116480 0.084310 0.050930
v -0.117662 0.084243 0.050167
v -0.118292 0.080000 0.049843
v -0.120584 0.124124 -0.014629
v -0.118167 0.126592 -0.018020
v -0.118657 0.086233 0.049114
v -0.121112 0.121401 -0.016039
v -0.115181 0.088689 0.050956
v -0.115853 0.126185 -0.022659
v -0.119782 0.124840 -0.017310
v -0.119565 0.082271 0.048348
v -0.116481 0.088588 0.050388
v -0.118167 0.124853 -0.021995
v -0.117663 0.088456 0.049634
v -0.120652 0.081615 0.046294
v -0.121112 0.084097 0.044210
v -0.121112 0.080000 0.044399
v -0.115179 0.124176 -0.026837
v -0.115179 0.094052 0.049767
v -0.119782 0.123168 -0.021136
v -0.116480 0.123684 -0.026537
v -0.119782 0.088013 0.047402
v -0.116480 0.093888 0.049214
v -0.120174 0.082204 0.047349
v -0.117662 0.123031 -0.026137
v -0.120589 0.120869 -0.022151
v -0.121112 0.119745 -0.019790
v -0.117663 0.093671 0.048478
v -0.120595 0.090524 0.045297
v -0.121112 0.088158 0.043643
v -0.118652 0.122280 -0.025677
v -0.115181 0.121684 -0.030568
v -0.118654 0.093424 0.047632
v -0.119782 0.121115 -0.024909
v -0.119461 0.093157 0.046712
v -0.116481 0.121220 -0.030225
v -0.120039 0.092898 0.045849
v -0.115176 0.099271 0.047966
v -0.117656 0.120604 -0.029779
v -0.121112 0.092150 0.042704
v -0.121112 0.117749 -0.023373
v -0.115173 0.119423 -0.033426
v -0.116477 0.099054 0.047432
v -0.117853 0.118406 -0.032310
v -0.118554 0.117948 -0.031883
v -0.119054 0.119551 -0.029024
v -0.119113 0.117430 -0.031539
v -0.117660 0.098766 0.046722
v -0.116543 0.119012 -0.032965
v -0.120042 0.117855 -0.028859
v -0.118651 0.098435 0.045906
v -0.120603 0.116755 -0.028350
v -0.121112 0.115431 -0.026756
v -0.121112 0.096039 0.041401
v -0.115853 0.102913 0.046060
v -0.119460 0.117024 -0.031336
v -0.119781 0.097861 0.044634
v -0.120026 0.116107 -0.031053
v -0.120250 0.115605 -0.030989
v -0.119762 0.116581 -0.031171
v -0.120436 0.115080 -0.030986
v -0.120584 0.098752 0.042534
v -0.115174 0.110685 -0.041599
v -0.116099 0.113156 -0.039187
v -0.118167 0.102241 0.044732
v -0.116477 0.110327 -0.041146
v -0.121112 0.099790 0.039744
v -0.115853 0.106815 0.043903
v -0.117659 0.109870 -0.040532
v -0.117858 0.112307 -0.038403
v -0.119782 0.101370 0.043053
v -0.118653 0.109345 -0.039821
v -0.118651 0.111824 -0.037863
v -0.119088 0.111555 -0.037457
v -0.120613 0.109390 -0.035894
v -0.118167 0.106030 0.042637
v -0.120259 0.110988 -0.035584
v -0.120037 0.111049 -0.036085
v -0.120443 0.110987 -0.035058
v -0.121112 0.106757 -0.035431
v -0.115853 0.107099 -0.043728
v -0.119792 0.108442 -0.038733
v -0.119474 0.111326 -0.037002
v -0.119776 0.111164 -0.036560
v -0.115181 0.110642 0.041628
v -0.118167 0.106323 -0.042458
v -0.119782 0.105019 0.041039
v -0.116481 0.110297 0.041166
v -0.121112 0.103373 -0.037749
v -0.115853 0.103329 -0.045851
v -0.119782 0.105354 -0.040834
v -0.117657 0.109849 0.040550
v -0.120615 0.106780 0.037949
v -0.121112 0.103373 0.037749
v -0.115173 0.113426 0.039423
v -0.118167 0.102663 -0.044519
v -0.117853 0.112310 0.038406
v -0.118554 0.111883 0.037947
v -0.119054 0.109095 0.039497
v -0.120582 0.102986 -0.040402
v -0.119113 0.111539 0.037430
v -0.116543 0.112965 0.039012
v -0.115181 0.099316 -0.047946
v -0.119782 0.101832 -0.042820
v -0.120043 0.108899 0.037823
v -0.116481 0.099103 -0.047410
v -0.121112 0.106757 0.035431
v -0.117663 0.098819 -0.046698
v -0.119460 0.111336 0.037024
v -0.119762 0.111171 0.036581
v -0.120026 0.111053 0.036107
v -0.120250 0.110989 0.035605
v -0.121112 0.099790 -0.039744
v -0.120436 0.110986 0.035080
v -0.118654 0.098492 -0.045880
v -0.115174 0.121665 0.030598
v -0.116099 0.119187 0.033156
v -0.119782 0.098022 -0.044568
v -0.116478 0.121211 0.030240
v -0.117858 0.118403 0.032307
v -0.118651 0.117863 0.031824
v -0.119088 0.117457 0.031555
v -0.121112 0.115431 0.026756
v -0.120443 0.115058 0.030987
v -0.121112 0.096039 -0.041401
v -0.120259 0.115584 0.030988
v -0.120037 0.116085 0.031049
v -0.119474 0.117002 0.031326
v -0.119776 0.116560 0.031164
v -0.126775 0.092165 -0.008374
v -0.125721 0.087094 -0.010961
v -0.126722 0.089205 -0.006806
v -0.125706 0.089052 -0.012131
v -0.127093 0.100837 -0.003415
v -0.127388 0.095000 -0.003410
v -0.127389 0.098904 -0.000000
v -0.126582 0.085294 -0.000000
v -0.125665 0.081742 -0.003302
v -0.125706 0.081489 -0.000000
v -0.126772 0.097962 -0.008358
v -0.126491 0.095000 -0.010172
v -0.125706 0.097945 -0.013186
v -0.125706 0.095686 -0.013494
v -0.125706 0.093408 -0.013417
v -0.126582 0.104706 -0.000000
v -0.126722 0.100795 -0.006806
v -0.125706 0.102148 -0.011465
v -0.125706 0.100119 -0.012504
v -0.125724 0.107753 -0.004477
v -0.125706 0.108319 -0.002271
v -0.125742 0.105556 -0.008448
v -0.125706 0.106814 -0.006556
v -0.125724 0.103971 -0.010109
v -0.125706 0.108511 -0.000000
v -0.125692 0.082056 -0.004500
v -0.127093 0.089163 -0.003415
v -0.127389 0.091096 -0.000000
v -0.125742 0.083906 -0.007727
v -0.125706 0.085368 -0.009475
v -0.125706 0.091176 -0.012959
v -0.125726 0.083907 -0.007725
v -0.125511 0.082166 -0.005413
v -0.125535 0.108589 -0.002855
v -0.125706 0.108319 -0.002271
v -0.125542 0.107919 -0.005062
v -0.125511 0.084427 -0.009103
v -0.125542 0.108864 -0.000561
v -0.125706 0.108511 -0.000000
v -0.125531 0.086726 -0.011146
v -0.125706 0.087098 -0.010959
v -0.125531 0.088674 -0.012357
v -0.125706 0.089052 -0.012131
v -0.125525 0.108816 0.001452
v -0.125662 0.108253 0.003359
v -0.125522 0.090789 -0.013243
v -0.125706 0.091176 -0.012959
v -0.125530 0.093032 -0.013743
v -0.125706 0.093408 -0.013417
v -0.125715 0.107317 0.005599
v -0.125500 0.108082 0.004875
v -0.125521 0.095320 -0.013893
v -0.125706 0.095686 -0.013494
v -0.125516 0.097605 -0.013658
v -0.125521 0.099818 -0.013035
v -0.125706 0.100119 -0.012504
v -0.125521 0.101900 -0.012063
v -0.125706 0.102148 -0.011465
v -0.125516 0.103796 -0.010768
v -0.125706 0.103973 -0.010101
v -0.125539 0.105568 -0.008995
v -0.125706 0.105544 -0.008449
v -0.125541 0.106901 -0.007133
v -0.125706 0.106814 -0.006556
v -0.125696 0.063340 -0.013264
v -0.125659 0.063085 -0.012857
v -0.125659 0.065313 -0.012995
v -0.125697 0.059835 -0.012388
v -0.125505 0.061489 -0.013440
v -0.125659 0.060915 -0.012340
v -0.125506 0.057272 -0.011543
v -0.125659 0.058865 -0.011460
v -0.125697 0.057074 -0.010760
v -0.125659 0.056995 -0.010242
v -0.125520 0.054674 -0.009208
v -0.125697 0.054488 -0.008207
v -0.125525 0.053278 -0.007329
v -0.125519 0.051862 -0.004432
v -0.125691 0.051784 -0.002712
v -0.125659 0.054012 -0.006945
v -0.125696 0.078167 0.002730
v -0.125528 0.077773 0.005278
v -0.125503 0.078709 0.002273
v -0.125622 0.078627 0.000934
v -0.125544 0.078688 -0.001759
v -0.125659 0.077999 -0.000000
v -0.125690 0.077764 0.003501
v -0.125696 0.078057 -0.002810
v -0.125659 0.077807 -0.002223
v -0.125544 0.078205 -0.004011
v -0.125688 0.076437 -0.006998
v -0.125544 0.077353 -0.006154
v -0.125636 0.075523 -0.008653
v -0.125500 0.075768 -0.008766
v -0.125666 0.076308 -0.006409
v -0.125691 0.073540 -0.010414
v -0.125501 0.072326 -0.011794
v -0.125659 0.075046 -0.008249
v -0.125659 0.073488 -0.009845
v -0.125637 0.071671 -0.011860
v -0.125659 0.071679 -0.011152
v -0.125543 0.069403 -0.013080
v -0.125694 0.068893 -0.012751
v -0.125659 0.069673 -0.012130
v -0.125661 0.066228 -0.013507
v -0.125516 0.067113 -0.013667
v -0.125511 0.064811 -0.013835
v -0.106000 0.042246 -0.035199
v -0.109000 0.042257 -0.034518
v -0.109000 0.042490 -0.036248
v -0.106000 0.042564 -0.036337
v -0.106000 0.043752 -0.037510
v -0.109000 0.043878 -0.037569
v -0.106000 0.045420 -0.037746
v -0.109000 0.045541 -0.037725
v -0.106000 0.046928 -0.037031
v -0.109000 0.046830 -0.037089
v -0.109000 0.047517 -0.036129
v -0.106000 0.047739 -0.035485
v -0.109000 0.047769 -0.035002
v -0.106000 0.112258 -0.035424
v -0.109000 0.112261 -0.034518
v -0.109000 0.112494 -0.036248
v -0.106000 0.112717 -0.036549
v -0.106000 0.113561 -0.037375
v -0.109000 0.113667 -0.037436
v -0.106000 0.114719 -0.037747
v -0.109000 0.114804 -0.037754
v -0.106000 0.115894 -0.037631
v -0.109000 0.116009 -0.037589
v -0.106000 0.117255 -0.036665
v -0.109000 0.117335 -0.036550
v -0.106000 0.117755 -0.035243
v -0.109000 0.117783 -0.034759
v -0.106000 0.112249 0.034804
v -0.109000 0.112261 0.035485
v -0.109000 0.112348 0.034246
v -0.106000 0.112567 0.033667
v -0.109000 0.112915 0.033171
v -0.106000 0.113561 0.032628
v -0.109000 0.114110 0.032372
v -0.106000 0.114719 0.032257
v -0.109000 0.115794 0.032316
v -0.106000 0.115894 0.032372
v -0.106000 0.116923 0.033021
v -0.109000 0.117168 0.033265
v -0.106000 0.117589 0.033995
v -0.109000 0.117783 0.034759
v -0.106000 0.117755 0.035243
v -0.095500 0.062754 -0.049796
v -0.103501 0.063566 -0.049806
v -0.103501 0.067474 -0.050920
v -0.095500 0.058757 -0.048232
v -0.095500 0.067249 -0.051115
v -0.103501 0.071710 -0.051788
v -0.095500 0.071507 -0.051990
v -0.103501 0.075763 -0.052281
v -0.095500 0.075816 -0.052510
v -0.095500 0.080000 -0.052668
v -0.098267 0.048665 -0.042260
v -0.100677 0.048647 -0.042168
v -0.101234 0.048865 -0.042311
v -0.099097 0.048453 -0.042072
v -0.097416 0.048996 -0.042535
v -0.101750 0.049162 -0.042510
v -0.102302 0.049616 -0.042819
v -0.096728 0.049588 -0.042978
v -0.102375 0.049698 -0.042873
v -0.096400 0.049945 -0.043236
v -0.103157 0.050875 -0.043657
v -0.096106 0.050357 -0.043532
v -0.103308 0.051243 -0.043897
v -0.095730 0.051083 -0.044031
v -0.103477 0.051952 -0.044350
v -0.095539 0.051991 -0.044562
v -0.103501 0.055712 -0.046474
v -0.095500 0.054977 -0.046377
v -0.103501 0.059818 -0.048409
v -0.103501 0.027691 0.004135
v -0.103500 0.027577 -0.000000
v -0.103501 0.027527 -0.000000
v -0.103500 0.027740 0.004131
v -0.103501 0.028212 0.008290
v -0.103436 0.035768 0.028231
v -0.103485 0.035655 0.027962
v -0.103501 0.033485 0.024218
v -0.095501 0.027480 -0.004133
v -0.095500 0.027813 -0.007207
v -0.095500 0.027530 -0.004129
v -0.095500 0.027368 -0.000000
v -0.095501 0.027318 -0.000000
v -0.000848 0.004631 0.093456
v -0.000091 0.004138 0.092400
v 0.000000 0.004709 0.093456
v -0.001796 0.003701 0.092400
v -0.002646 0.003915 0.093455
v -0.003229 0.002590 0.092399
v -0.003608 0.003027 0.093456
v -0.004092 0.002328 0.093456
v -0.003990 0.001003 0.092400
v -0.004701 0.000485 0.093455
v -0.004092 -0.000422 0.092400
v -0.004553 -0.001335 0.093456
v -0.003701 -0.001796 0.092400
v -0.004063 -0.002380 0.093455
v -0.002863 -0.002954 0.092400
v -0.002772 -0.003830 0.093459
v -0.001413 -0.003881 0.092400
v -0.000874 -0.004625 0.093456
v 0.000000 -0.004100 0.092400
v 0.000000 -0.004709 0.093456
v -0.032435 0.033882 0.079000
v -0.032261 0.035485 0.082000
v -0.032414 0.033995 0.082000
v -0.032273 0.035483 0.079000
v -0.033453 0.032668 0.082000
v -0.033384 0.032766 0.079000
v -0.034460 0.032279 0.079000
v -0.035315 0.032219 0.082000
v -0.035894 0.032373 0.079000
v -0.037031 0.033072 0.082000
v -0.037255 0.033339 0.079000
v -0.037730 0.034521 0.082000
v -0.037785 0.035002 0.079000
v -0.033453 -0.032668 0.079000
v -0.035315 -0.032219 0.079000
v -0.034460 -0.032279 0.082000
v -0.033384 -0.032766 0.082000
v -0.032435 -0.033882 0.082000
v -0.032414 -0.033995 0.079000
v -0.032279 -0.035659 0.079000
v -0.032316 -0.035794 0.082000
v -0.033170 -0.037089 0.079000
v -0.033264 -0.037167 0.082000
v -0.034459 -0.037725 0.079000
v -0.034329 -0.037678 0.082000
v -0.035544 -0.037725 0.082000
v 0.032414 -0.033995 0.079000
v 0.032249 -0.035243 0.079000
v 0.032273 -0.034521 0.082000
v 0.032717 -0.033455 0.082000
v 0.033453 -0.032668 0.079000
v 0.033755 -0.032494 0.082000
v 0.034805 -0.032249 0.079000
v 0.035199 -0.032249 0.082000
v 0.036249 -0.032494 0.079000
v 0.036550 -0.032668 0.082000
v 0.037532 -0.033822 0.079000
v 0.037484 -0.033796 0.082000
v 0.037785 -0.035002 0.082000
v 0.037754 -0.035200 0.079000
v 0.037569 0.033882 0.079000
v 0.037730 0.035483 0.079000
v 0.037688 0.034210 0.082000
v 0.036550 0.032668 0.082000
v 0.036249 0.032494 0.079000
v 0.035199 0.032249 0.082000
v 0.034805 0.032249 0.079000
v 0.033755 0.032494 0.082000
v 0.033453 0.032668 0.079000
v 0.032717 0.033455 0.082000
v 0.032414 0.033995 0.079000
v 0.032273 0.034521 0.082000
v 0.032249 0.035243 0.079000
v -0.036260 0.028472 0.089370
v -0.038035 0.023550 0.089698
v -0.034522 0.028670 0.089676
v -0.046359 0.023084 0.083740
v -0.044632 0.026987 0.082366
v -0.046767 0.023123 0.082249
v -0.044229 0.026953 0.083739
v -0.040814 0.027278 0.087730
v -0.040439 0.029709 0.086601
v -0.042849 0.026119 0.086596
v -0.008476 -0.049465 0.086595
v -0.013951 -0.049145 0.085342
v -0.008618 -0.050336 0.085337
v -0.013721 -0.048292 0.086599
v -0.045705 0.022759 0.085338
v -0.043604 0.026576 0.085338
v -0.044916 0.022365 0.086596
v -0.040278 0.022594 0.089348
v -0.039134 0.026319 0.088960
v -0.004384 -0.051614 0.083725
v -0.008738 -0.051056 0.083738
v -0.008337 -0.051492 0.082361
v -0.040076 0.019888 0.089705
v -0.004176 -0.051993 0.082341
v -0.006271 -0.048765 0.087667
v -0.013427 -0.047228 0.087704
v -0.048196 0.018951 0.083740
v -0.048570 0.019044 0.082257
v -0.044858 0.019977 0.087711
v 0.000000 -0.052138 0.082459
v 0.000000 -0.051265 0.085032
v -0.014746 -0.043776 0.089361
v -0.008220 -0.043974 0.089698
v -0.012242 -0.043028 0.089698
v -0.042621 0.021286 0.088708
v -0.039920 0.026884 0.088432
v -0.047517 0.018684 0.085338
v -0.006116 -0.047782 0.088402
v -0.013162 -0.046274 0.088428
v -0.004335 -0.050884 0.085330
v -0.046696 0.018361 0.086596
v -0.006003 -0.046781 0.088958
v -0.012909 -0.045337 0.088960
v -0.049702 0.014573 0.083741
v -0.050034 0.014723 0.082379
v -0.004254 -0.050008 0.086587
v -0.005980 -0.045780 0.089357
v -0.044316 0.017484 0.088708
v 0.002241 -0.050057 0.086733
v -0.049000 0.014370 0.085339
v -0.004128 -0.044545 0.089698
v 0.002284 -0.048939 0.087808
v -0.048153 0.014125 0.086597
v 0.002340 -0.047819 0.088583
v -0.043617 0.015165 0.089354
v -0.043283 0.011472 0.089713
v -0.050790 0.010164 0.083742
v -0.051104 0.010434 0.082389
v 0.001934 -0.046182 0.089336
v 0.000000 -0.044736 0.089698
v -0.047094 0.013816 0.087702
v -0.045706 0.013463 0.088708
v -0.050073 0.010025 0.085340
v -0.030138 0.033060 0.089698
v -0.031258 0.034156 0.089297
v -0.031487 0.033542 0.089394
v -0.031799 0.032986 0.089451
v -0.049206 0.009857 0.086597
v -0.032207 0.032464 0.089477
v -0.051485 0.005692 0.083743
v -0.051806 0.006059 0.082397
v -0.048540 0.007558 0.087707
v -0.047559 0.007412 0.088430
v -0.050758 0.005618 0.085341
v -0.033255 0.031634 0.089427
v -0.033825 0.031368 0.089353
v -0.032707 0.032000 0.089469
v -0.046599 0.007276 0.088961
v -0.049880 0.005527 0.086598
v -0.045597 0.007303 0.089355
v -0.051820 0.000018 0.083743
v -0.052134 0.002104 0.082253
v -0.051089 0.000030 0.085341
v -0.052133 -0.001788 0.082372
v -0.050205 0.000041 0.086599
v -0.044813 -0.000232 0.089708
v -0.049101 0.000050 0.087704
v -0.048111 0.000055 0.088428
v -0.051488 -0.005674 0.083739
v -0.051794 -0.006183 0.082370
v -0.047141 0.000066 0.088960
v -0.046148 0.000183 0.089357
v -0.050763 -0.005587 0.085338
v -0.049886 -0.005485 0.086596
v -0.050793 -0.010152 0.083739
v -0.051084 -0.010537 0.082370
v -0.048556 -0.007455 0.087706
v -0.034524 -0.028672 0.089687
v -0.034156 -0.031258 0.089297
v -0.033542 -0.031487 0.089394
v -0.032986 -0.031799 0.089451
v -0.047374 -0.005146 0.088707
v -0.032464 -0.032207 0.089477
v -0.050078 -0.010004 0.085338
v -0.049214 -0.009828 0.086596
v -0.045656 -0.006914 0.089356
v -0.030138 -0.033060 0.089698
v -0.031634 -0.033255 0.089427
v -0.031368 -0.033825 0.089353
v -0.032000 -0.032707 0.089469
v -0.049709 -0.014552 0.083739
v -0.050006 -0.014824 0.082368
v -0.043150 -0.010771 0.089769
v -0.046755 -0.011432 0.088429
v -0.049009 -0.014343 0.085338
v -0.045815 -0.011189 0.088960
v -0.048163 -0.014093 0.086596
v -0.048291 -0.018708 0.083740
v -0.048594 -0.018989 0.082248
v -0.046543 -0.015685 0.087707
v -0.004380 0.051608 0.083741
v 0.000000 0.052138 0.082459
v -0.004235 0.051985 0.082368
v 0.000000 0.051265 0.085032
v -0.047610 -0.018444 0.085338
v -0.004328 0.050878 0.085342
v -0.046788 -0.018126 0.086596
v -0.002241 0.050057 0.086733
v -0.043827 -0.014560 0.089348
v -0.008724 0.051057 0.083743
v -0.008443 0.051472 0.082387
v -0.040896 -0.018409 0.089688
v -0.046453 -0.022893 0.083740
v -0.046781 -0.023093 0.082257
v -0.044444 -0.017157 0.088708
v -0.008593 0.050338 0.085341
v -0.045799 -0.022570 0.085338
v -0.044609 -0.021939 0.087151
v -0.005931 0.046737 0.088983
v -0.001934 0.046182 0.089336
v -0.002339 0.047819 0.088583
v -0.008441 0.049469 0.086598
v -0.044238 -0.026937 0.083741
v -0.044579 -0.027072 0.082377
v -0.014106 0.049862 0.083742
v -0.012151 0.050740 0.082256
v -0.004128 0.044545 0.089698
v 0.000000 0.044736 0.089698
v -0.008155 0.047991 0.088051
v -0.002284 0.048939 0.087808
v -0.042757 -0.021010 0.088708
v -0.013895 0.049162 0.085341
v -0.043615 -0.026555 0.085339
v -0.015753 0.049725 0.082378
v -0.042863 -0.026095 0.086597
v -0.040582 -0.022034 0.089354
v -0.013644 0.048314 0.086598
v -0.041733 -0.030678 0.083743
v -0.042110 -0.030787 0.082356
v -0.010480 0.044986 0.089362
v -0.008220 0.043974 0.089698
v -0.040830 -0.027308 0.087710
v -0.013335 0.047255 0.087704
v -0.040035 -0.026717 0.088429
v -0.041147 -0.030242 0.085340
v -0.013059 0.046304 0.088427
v -0.019342 0.048051 0.083738
v -0.019700 0.048295 0.082375
v -0.039235 -0.026168 0.088960
v -0.012785 0.045374 0.088959
v -0.040452 -0.029708 0.086590
v -0.038035 -0.023550 0.089698
v -0.012242 0.043028 0.089698
v -0.039397 -0.033560 0.083853
v -0.039616 -0.033825 0.082629
v -0.019064 0.047376 0.085337
v -0.038140 -0.032203 0.086892
v -0.037845 -0.031952 0.087290
v -0.038928 -0.033037 0.085340
v -0.020488 0.045850 0.086600
v -0.036443 -0.028295 0.089361
v -0.023084 0.046359 0.083740
v -0.023459 0.046602 0.082238
v -0.020028 0.044846 0.087705
v -0.037468 -0.031693 0.087702
v -0.016160 0.041715 0.089698
v -0.036742 -0.031019 0.088425
v -0.037029 -0.031462 0.088081
v -0.036526 -0.031273 0.088425
v -0.035982 -0.031147 0.088716
v -0.019617 0.043944 0.088429
v -0.035400 -0.031096 0.088962
v -0.022758 0.045705 0.085338
v -0.019208 0.043064 0.088960
v -0.034773 -0.031129 0.089153
v -0.018661 0.042241 0.089349
v -0.030936 -0.041999 0.082359
v -0.033506 -0.039350 0.084063
v -0.033796 -0.039593 0.082797
v -0.030761 -0.041668 0.083745
v -0.027086 0.044140 0.083740
v -0.027289 0.044465 0.082253
v -0.019940 0.040046 0.089698
v -0.030332 -0.041075 0.085346
v -0.032885 -0.038789 0.085688
v -0.026704 0.043518 0.085338
v -0.028205 -0.041517 0.086632
v -0.032011 -0.037920 0.087196
v -0.032386 -0.038324 0.086596
v -0.026243 0.042766 0.086596
v -0.028529 -0.036214 0.089369
v -0.031101 -0.035083 0.089063
v -0.031112 -0.035677 0.088859
v -0.031183 -0.034456 0.089231
v -0.030760 0.041671 0.083743
v -0.030960 0.041982 0.082346
v -0.027263 -0.044031 0.083740
v -0.027313 -0.044451 0.082245
v -0.027528 -0.040631 0.087734
v -0.031675 -0.037438 0.087729
v -0.025429 0.041498 0.088050
v -0.026959 -0.035700 0.089698
v -0.030323 0.041086 0.085340
v -0.028375 -0.038292 0.088702
v -0.031385 -0.036848 0.088215
v -0.031201 -0.036254 0.088579
v -0.026879 -0.043410 0.085338
v -0.024049 0.039891 0.089209
v -0.029790 0.040389 0.086591
v -0.033560 0.039397 0.083853
v -0.033825 0.039616 0.082630
v -0.023535 -0.046131 0.083740
v -0.023626 -0.046514 0.082254
v -0.023550 0.038035 0.089698
v -0.023550 -0.038035 0.089698
v -0.032203 0.038140 0.086892
v -0.031952 0.037845 0.087290
v -0.029133 0.039492 0.087706
v -0.023203 -0.045481 0.085338
v -0.033037 0.038928 0.085340
v -0.023648 -0.041898 0.088432
v -0.023097 -0.040526 0.089195
v -0.028246 0.038373 0.088708
v -0.022803 -0.044695 0.086596
v -0.019395 -0.048028 0.083744
v -0.019575 -0.048343 0.082393
v -0.028335 0.036411 0.089360
v -0.026959 0.035700 0.089698
v -0.020295 -0.044729 0.087708
v -0.031693 0.037468 0.087702
v -0.031019 0.036742 0.088425
v -0.031462 0.037029 0.088081
v -0.019126 -0.047349 0.085341
v -0.031273 0.036526 0.088425
v -0.031147 0.035982 0.088716
v -0.031096 0.035400 0.088962
v -0.018799 -0.046529 0.086598
v -0.031129 0.034773 0.089153
v -0.014138 -0.049852 0.083744
v -0.015621 -0.049763 0.082405
v -0.042113 0.030782 0.082369
v -0.039350 0.033506 0.084061
v -0.039594 0.033796 0.082796
v -0.019940 -0.040046 0.089698
v -0.041739 0.030666 0.083747
v -0.041142 0.030241 0.085348
v -0.038789 0.032885 0.085689
v -0.017901 -0.044159 0.088708
v -0.038324 0.032386 0.086596
v -0.037921 0.032011 0.087196
v -0.012074 -0.050759 0.082252
v -0.016160 -0.041715 0.089698
v -0.035083 0.031101 0.089063
v -0.035672 0.031110 0.088852
v -0.034456 0.031183 0.089231
v -0.037438 0.031676 0.087729
v -0.036254 0.031201 0.088579
v -0.036848 0.031385 0.088215
v -0.044161 -0.028851 0.072000
v -0.041627 -0.032400 0.072000
v -0.039379 0.035157 0.070898
v -0.041627 0.032400 0.072000
v -0.039750 0.034154 0.079028
v -0.046392 -0.025106 0.072000
v -0.039537 0.034366 0.078998
v 0.000000 -0.052750 0.072000
v -0.048307 -0.021189 0.072000
v -0.034145 0.039753 0.079031
v -0.035156 0.039364 0.071330
v -0.004356 -0.052570 0.072000
v -0.049892 -0.017128 0.072000
v -0.034375 0.039528 0.079000
v -0.008682 -0.052031 0.072000
v -0.051136 -0.012949 0.072000
v -0.032400 0.041627 0.072000
v -0.012949 -0.051136 0.072000
v -0.029787 0.043578 0.071003
v -0.052031 -0.008682 0.072000
v -0.017128 -0.049892 0.072000
v -0.025106 0.046392 0.072000
v -0.052570 -0.004356 0.072000
v -0.021189 -0.048307 0.072000
v -0.021189 0.048307 0.072000
v -0.052750 0.000000 0.072000
v -0.025106 -0.046392 0.072000
v -0.052570 0.004356 0.072000
v -0.017128 0.049892 0.072000
v -0.052031 0.008682 0.072000
v -0.034154 -0.039751 0.079028
v -0.012949 0.051136 0.072000
v -0.051229 0.012644 0.071342
v -0.028851 -0.044160 0.072000
v -0.008682 0.052031 0.072000
v -0.049472 0.018407 0.071123
v -0.004356 0.052570 0.072000
v 0.000000 0.052750 0.072000
v -0.048307 0.021190 0.072000
v -0.032400 -0.041627 0.072000
v -0.046698 0.024581 0.071286
v -0.043676 0.029663 0.070861
v -0.035727 -0.038809 0.072000
v -0.034387 -0.039519 0.078999
v -0.039753 -0.034145 0.079031
v -0.038809 -0.035727 0.072000
v -0.039528 -0.034375 0.079000
v -0.043786 0.030224 0.045817
v -0.047209 0.024936 0.035246
v -0.040217 0.034938 0.041849
v -0.042197 0.032596 0.039122
v -0.043930 0.030313 0.036086
v -0.045426 0.028132 0.032743
v -0.052254 0.012946 0.009621
v -0.052479 0.006414 0.064983
v -0.024589 0.046854 0.061900
v -0.035206 0.039739 0.052364
v -0.039813 0.035296 0.045796
v -0.035479 0.039635 0.046405
v -0.032711 0.041907 0.048253
v -0.037978 0.037299 0.044275
v -0.046706 0.026082 0.029073
v -0.050005 0.019090 0.027798
v -0.047788 0.024248 0.025145
v -0.048630 0.022626 0.020962
v -0.053508 0.006233 0.007881
v -0.018772 0.049470 0.061947
v -0.022779 0.047958 0.052267
v -0.026350 0.046114 0.051171
v -0.029689 0.044082 0.049831
v -0.050215 0.019207 0.014038
v -0.049325 0.021266 0.016485
v -0.053635 0.006362 0.000071
v -0.054004 0.000000 0.000000
v -0.053204 0.009237 -0.000000
v -0.012666 0.051388 0.061095
v -0.015009 0.050899 0.053808
v -0.018994 0.049563 0.053138
v -0.049853 0.020215 0.011802
v -0.051772 0.015425 -0.000000
v -0.006382 0.052535 0.061375
v -0.010995 0.051906 0.054280
v 0.000005 0.052932 0.060739
v 0.004356 0.052570 0.072000
v -0.002318 0.052999 0.054761
v -0.006719 0.052625 0.054600
v 0.006377 0.052536 0.061327
v 0.008682 0.052031 0.072000
v 0.001690 0.053022 0.054771
v 0.012679 0.051387 0.061025
v 0.012949 0.051136 0.072000
v 0.017128 0.049892 0.072000
v 0.009997 0.052106 0.054370
v 0.006033 0.052707 0.054636
v 0.018776 0.049469 0.061897
v 0.021189 0.048307 0.072000
v 0.014141 0.051145 0.053925
v 0.024824 0.046575 0.070719
v 0.021455 0.048558 0.052602
v 0.017882 0.049971 0.053348
v -0.050499 0.019126 -0.000000
v -0.050398 0.019222 0.003494
v 0.035156 0.039379 0.070902
v 0.029784 0.043579 0.071005
v 0.032400 0.041627 0.072000
v 0.024991 0.046908 0.050761
v 0.035206 0.039739 0.052365
v 0.030159 0.043693 0.052364
v 0.028029 0.045211 0.049546
v 0.030924 0.043309 0.048229
v 0.043628 0.029725 0.070951
v 0.039289 0.035257 0.071094
v 0.041627 0.032400 0.072000
v 0.039676 0.035556 0.042460
v 0.036142 0.039135 0.044843
v 0.033704 0.041225 0.046589
v 0.043787 0.030224 0.045818
v 0.049406 0.018546 0.071364
v 0.046680 0.024627 0.071196
v 0.048307 0.021190 0.072000
v 0.047228 0.024799 0.037775
v 0.040553 0.034558 0.041430
v 0.042334 0.032424 0.038908
v 0.052479 0.006414 0.064983
v 0.052031 0.008682 0.072000
v 0.052570 0.004356 0.072000
v 0.052750 0.000000 0.072000
v 0.051228 0.012653 0.071322
v 0.043911 0.030340 0.036125
v 0.045314 0.028304 0.033025
v 0.050091 0.019063 0.023248
v 0.047528 0.024665 0.026121
v 0.046506 0.026415 0.029711
v 0.052200 0.013012 0.011905
v 0.048380 0.023103 0.022296
v 0.049614 0.020689 0.014121
v 0.049068 0.021773 0.018298
v 0.050027 0.019875 0.009795
v 0.053523 0.006273 0.006729
v 0.053833 0.004528 -0.000000
v 0.052609 0.012407 -0.000000
v 0.053998 0.000014 -0.000174
v -0.050224 0.019506 0.006972
v 0.051287 0.016339 0.010458
v 0.050335 0.019317 0.004928
v 0.050500 0.019126 -0.000000
v 0.053618 -0.006348 -0.000399
v 0.052431 -0.012896 -0.000289
v 0.049529 -0.012271 -0.074500
v 0.050917 -0.006182 -0.067729
v 0.050238 -0.019052 -0.006771
v 0.047717 -0.018071 -0.074498
v 0.047575 -0.024969 -0.006775
v 0.044454 -0.030671 0.000000
v 0.045416 -0.023836 -0.067729
v 0.040545 -0.035686 0.000001
v 0.038792 -0.037566 0.000000
v 0.035629 -0.040217 -0.006772
v 0.045416 0.023836 -0.067727
v 0.047728 0.018051 -0.074500
v 0.045287 0.023629 -0.074500
v 0.012991 -0.052420 0.000001
v 0.012269 -0.049530 -0.074499
v 0.018071 -0.047717 -0.074498
v 0.006013 -0.050942 -0.067761
v 0.038392 -0.034012 -0.067728
v 0.033767 -0.038257 -0.074497
v 0.037819 -0.034336 -0.074500
v 0.051026 -0.000004 -0.074499
v 0.041982 0.029012 -0.074499
v 0.041986 -0.028992 -0.074500
v 0.050917 0.006183 -0.067728
v 0.046806 -0.026959 0.000000
v 0.049409 -0.021856 0.000404
v 0.045287 -0.023629 -0.074500
v 0.046571 0.024473 -0.034781
v 0.049583 0.018812 -0.024198
v 0.049533 0.012248 -0.074497
v 0.019151 -0.050497 0.000000
v 0.051201 -0.017159 0.000000
v 0.034012 0.038392 -0.067727
v 0.038405 0.033624 -0.074499
v 0.034336 0.037818 -0.074500
v 0.006476 -0.053337 -0.006772
v 0.039000 0.034551 -0.047408
v 0.043025 0.029759 -0.042186
v 0.028992 -0.041986 -0.074499
v 0.024969 -0.047575 -0.006776
v 0.023836 -0.045416 -0.067728
v 0.029008 0.041983 -0.074499
v 0.034383 0.039096 -0.048573
v 0.009138 -0.053242 0.000000
v 0.003739 -0.053870 0.000000
v 0.000000 -0.054000 0.000000
v 0.051935 0.012927 -0.012074
v 0.053337 0.006476 -0.006772
v 0.053205 -0.009235 0.000000
v 0.023836 0.045416 -0.067727
v 0.023629 0.045287 -0.074500
v 0.029614 0.042819 -0.048837
v 0.032522 0.040839 -0.046208
v 0.035752 0.038195 -0.043836
v 0.037775 0.036302 -0.041895
v 0.040307 0.033475 -0.040118
v 0.042244 0.031190 -0.037232
v 0.043946 0.028976 -0.034024
v 0.045409 0.026900 -0.030536
v 0.050662 -0.006526 -0.074500
v 0.018041 0.047736 -0.074499
v 0.024088 0.045896 -0.054182
v 0.046682 0.024971 -0.026707
v 0.047741 0.023240 -0.022582
v 0.048624 0.021764 -0.018184
v 0.053030 0.010189 -0.000000
v 0.030628 -0.044485 0.000000
v 0.020406 0.047739 -0.052068
v 0.023805 0.046180 -0.051139
v 0.027244 0.044296 -0.049913
v 0.049375 0.020614 -0.013612
v 0.051960 0.014704 -0.000000
v 0.006273 0.051031 -0.064313
v 0.012524 0.049459 -0.074498
v 0.006700 0.050630 -0.074499
v 0.000000 0.051020 -0.074500
v 0.018380 0.048464 -0.054182
v 0.016541 0.049178 -0.052860
v 0.008663 0.051118 -0.053833
v 0.000000 0.051833 -0.054166
v 0.004354 0.051654 -0.054084
v 0.012518 0.050334 -0.053450
v 0.003236 -0.053496 -0.010161
v 0.000000 -0.051020 -0.074500
v 0.051124 0.016244 -0.009238
v 0.049877 0.019751 -0.008856
v 0.050247 0.019288 -0.004442
v 0.024181 -0.048330 0.000000
v 0.050662 0.006526 -0.074500
v 0.006700 -0.050630 -0.074500
v 0.023629 -0.045287 -0.074500
v 0.034574 -0.041530 0.000000
v 0.068000 0.080000 -0.052750
v 0.068000 0.075527 -0.052560
v 0.068000 0.071085 -0.051991
v 0.068000 0.066708 -0.051048
v -0.001099 0.060084 -0.048846
v 0.068000 0.062427 -0.049737
v 0.003812 0.059982 -0.048804
v 0.008682 0.059514 -0.048610
v 0.068000 0.056234 -0.047141
v 0.013431 0.058697 -0.048257
v -0.005518 0.059860 -0.048754
v 0.017967 0.057570 -0.047744
v 0.022374 0.056128 -0.047039
v 0.026528 0.054429 -0.046138
v -0.009913 0.059337 -0.048535
v -0.014229 0.058524 -0.048180
v -0.018390 0.057446 -0.047685
v -0.022381 0.056125 -0.047038
v 0.030390 0.052525 -0.045030
v 0.068000 0.048730 -0.042537
v 0.033918 0.050477 -0.043715
v -0.026238 0.054559 -0.046210
v -0.029826 0.052824 -0.045211
v 0.037198 0.048276 -0.042144
v -0.091000 0.050461 -0.043704
v -0.033148 0.050951 -0.044031
v -0.036249 0.048944 -0.042639
v 0.040170 0.045994 -0.040325
v 0.068000 0.043500 -0.038083
v 0.042863 0.043654 -0.038230
v -0.091000 0.046861 -0.041041
v -0.039059 0.046881 -0.041058
v -0.041618 0.044771 -0.039262
v 0.045243 0.041335 -0.035882
v 0.068000 0.038940 -0.033179
v -0.091000 0.043500 -0.038083
v -0.044131 0.042450 -0.037048
v 0.047347 0.039055 -0.033258
v 0.049066 0.037008 -0.030566
v -0.091000 0.040402 -0.034851
v -0.047197 0.039333 -0.033635
v 0.068000 0.035082 -0.027657
v 0.050668 0.034930 -0.027409
v -0.091000 0.037589 -0.031367
v -0.049695 0.036212 -0.029413
v 0.052034 0.033019 -0.023987
v 0.068000 0.031801 -0.021539
v -0.095518 0.035367 -0.027972
v -0.051095 0.034346 -0.026426
v 0.053116 0.031415 -0.020544
v -0.095500 0.033030 -0.023845
v -0.052300 0.032632 -0.023212
v 0.068000 0.028882 -0.013196
v 0.054067 0.029956 -0.016678
v -0.095500 0.031181 -0.019804
v -0.053339 0.031077 -0.019726
v -0.054189 0.029768 -0.016103
v -0.095500 0.029695 -0.015638
v -0.054879 0.028710 -0.012324
v 0.068000 0.027393 -0.004467
v 0.055378 0.027986 -0.008784
v -0.095500 0.028582 -0.011466
v -0.055436 0.027907 -0.008301
v -0.055844 0.027418 -0.004204
v 0.068000 0.027389 0.004384
v 0.056113 0.027250 -0.000061
v -0.091000 0.027298 -0.002239
v -0.056113 0.027250 -0.000061
v -0.091000 0.027298 0.002239
v -0.055948 0.027427 0.004317
v 0.068000 0.028434 0.011113
v 0.055692 0.027846 0.007904
v -0.095500 0.027816 0.007229
v -0.055623 0.027967 0.008665
v 0.068000 0.029562 0.015446
v 0.055269 0.028605 0.011880
v 0.054704 0.029632 0.015673
v -0.095500 0.028588 0.011492
v -0.055187 0.028754 0.012506
v 0.053979 0.030914 0.019316
v 0.068000 0.031054 0.019668
v -0.095500 0.029703 0.015663
v -0.054545 0.029917 0.016561
v 0.053058 0.032464 0.022867
v 0.068000 0.033939 0.025794
v -0.095500 0.031157 0.019731
v -0.053714 0.031370 0.020437
v 0.051978 0.034162 0.026104
v -0.095500 0.032992 0.023781
v -0.052759 0.032947 0.023845
v -0.051514 0.034855 0.027285
v 0.068000 0.038939 0.033194
v 0.050703 0.036019 0.029124
v 0.048391 0.039170 0.033426
v -0.091000 0.035082 0.027657
v -0.050032 0.036937 0.030466
v -0.091000 0.037589 0.031367
v -0.048453 0.038959 0.033139
v 0.045410 0.042392 0.036989
v 0.068000 0.045196 0.039698
v -0.091000 0.040402 0.034851
v -0.046474 0.041254 0.035795
v 0.043231 0.044544 0.039057
v 0.040815 0.046685 0.040898
v -0.091000 0.043500 0.038083
v -0.044216 0.043600 0.038178
v -0.041660 0.045963 0.040299
v 0.038136 0.048801 0.042535
v 0.068000 0.052403 0.045010
v 0.035193 0.050857 0.043969
v -0.091000 0.046861 0.041041
v -0.038806 0.048295 0.042159
v 0.031963 0.052833 0.045216
v -0.091000 0.050461 0.043704
v -0.035645 0.050559 0.043769
v 0.028432 0.054697 0.046285
v -0.032195 0.052700 0.045136
v 0.024727 0.056356 0.047154
v 0.068000 0.058272 0.048067
v 0.020780 0.057823 0.047862
v -0.091000 0.054274 0.046051
v -0.028412 0.054706 0.046290
v -0.024330 0.056517 0.047235
v 0.016643 0.059054 0.048413
v 0.012381 0.060017 0.048819
v 0.068000 0.062427 0.049737
v 0.008002 0.060702 0.049093
v 0.003553 0.061092 0.049245
v -0.001386 0.061173 0.049276
v -0.091000 0.058272 0.048067
v -0.020007 0.058076 0.047978
v -0.015473 0.059349 0.048539
v -0.010729 0.060311 0.048938
v 0.068000 0.066708 0.051048
v -0.095500 0.061535 0.049346
v -0.005846 0.060929 0.049182
v -0.095499 0.065694 0.050703
v -0.091000 0.071085 0.051991
v 0.068000 0.071085 0.051991
v -0.091000 0.075527 0.052560
v 0.068000 0.075527 0.052560
v 0.068000 0.082240 0.052731
v 0.055968 0.027397 0.003941
v 0.055825 0.027437 -0.004437
v 0.054829 0.028784 -0.012630
v -0.014850 0.016729 0.092541
v -0.005647 0.013421 0.093101
v -0.009622 0.019141 0.092618
v -0.023798 -0.024290 0.091292
v -0.014951 -0.028744 0.091486
v -0.016086 -0.021468 0.092116
v -0.027264 0.000107 0.092069
v -0.021044 0.001594 0.092650
v -0.028366 0.010020 0.091762
v -0.001370 -0.019964 0.092720
v -0.009259 -0.018134 0.092706
v -0.006496 -0.026088 0.092112
v -0.036496 0.013569 0.090615
v -0.033129 0.004733 0.091356
v -0.006059 -0.013012 0.093113
v -0.000350 0.035956 0.091025
v -0.004126 0.044545 0.089698
v -0.032746 -0.022284 0.090516
v -0.038035 -0.023550 0.089698
v -0.014107 0.005516 0.093065
v -0.019665 0.009740 0.092578
v -0.008300 0.036064 0.090895
v -0.008221 0.043974 0.089698
v 0.000429 -0.027004 0.092100
v 0.000141 -0.016751 0.092964
v -0.020174 0.025268 0.091499
v -0.008030 0.025422 0.092142
v -0.030139 -0.033066 0.089731
v -0.012243 0.043028 0.089698
v -0.010825 -0.034034 0.091059
v -0.005835 -0.007212 0.093339
v -0.036002 0.002319 0.091027
v -0.016160 0.041715 0.089698
v -0.000541 -0.008706 0.093356
v -0.020086 -0.033629 0.090588
v -0.026959 -0.035700 0.089698
v -0.000818 -0.004638 0.093456
v -0.023550 -0.038035 0.089698
v -0.002742 -0.031574 0.091574
v 0.000350 -0.035956 0.091025
v -0.012246 -0.043031 0.089720
v -0.016850 0.032139 0.090990
v -0.019940 0.040046 0.089698
v -0.004333 -0.039088 0.090555
v -0.039762 -0.004244 0.090455
v -0.033233 -0.008039 0.091260
v -0.024821 0.030110 0.090601
v -0.023550 0.038035 0.089698
v -0.030221 0.023640 0.090694
v -0.026959 0.035700 0.089698
v -0.033142 0.018159 0.090773
v -0.024659 0.018497 0.091684
v -0.030138 0.033060 0.089698
v -0.033629 -0.014408 0.090949
v -0.024757 -0.007864 0.092203
v -0.016084 -0.012294 0.092721
v -0.025836 -0.016569 0.091696
v -0.019940 -0.040046 0.089698
v -0.016160 -0.041715 0.089698
v -0.008221 -0.043974 0.089698
v -0.038035 0.023551 0.089701
v -0.015940 -0.005136 0.092971
v -0.009427 -0.002713 0.093323
v -0.004126 -0.044545 0.089698
v -0.000774 0.008188 0.093379
v -0.000818 0.004638 0.093456
v -0.000141 0.016751 0.092964
v -0.000429 0.027004 0.092100
v -0.007659 0.004775 0.093357
v -0.004078 0.002355 0.093456
v -0.004078 -0.002355 0.093456
v -0.121145 0.115435 -0.026759
v -0.122610 0.107044 -0.015986
v -0.121731 0.116938 -0.014610
v -0.121112 0.117749 -0.023373
v -0.122375 0.085804 0.033267
v -0.122840 0.086572 0.027877
v -0.122833 0.080137 0.028742
v -0.122353 0.104004 -0.023960
v -0.121158 0.109910 -0.032821
v -0.121112 0.112811 -0.029911
v -0.122387 0.098476 -0.028069
v -0.121112 0.106757 -0.035431
v -0.121112 0.103373 -0.037749
v -0.122059 0.110384 0.020828
v -0.122538 0.108166 0.015076
v -0.122628 0.106151 0.016614
v -0.122036 0.094846 -0.033963
v -0.121112 0.099791 -0.039744
v -0.122912 0.092891 0.024696
v -0.123383 0.087384 0.019814
v -0.121112 0.096039 -0.041401
v -0.122833 0.079863 -0.028742
v -0.123455 0.079870 -0.019769
v -0.123451 0.083016 -0.019777
v -0.122933 0.087193 -0.026638
v -0.123304 0.090093 0.019847
v -0.122975 0.091836 -0.024331
v -0.122988 0.098078 -0.019920
v -0.122395 0.085422 -0.033140
v -0.121112 0.092151 -0.042704
v -0.122466 0.109971 0.013293
v -0.121143 0.088160 -0.043647
v -0.123376 0.087307 -0.019810
v -0.121781 0.078686 -0.039206
v -0.121112 0.084095 -0.044210
v -0.123208 0.080974 0.023811
v -0.123455 0.080131 0.019769
v -0.123131 0.094842 0.019928
v -0.122353 0.093670 0.031040
v -0.123044 0.096745 0.019872
v -0.122349 0.098883 0.028208
v -0.122976 0.098648 0.019631
v -0.122799 0.102399 -0.018572
v -0.122684 0.104928 -0.017368
v -0.123244 0.091914 -0.019876
v -0.123128 0.094829 -0.019929
v -0.122410 0.103480 0.023718
v -0.123425 0.084511 0.019785
v -0.121781 0.081314 0.039206
v -0.121112 0.084095 0.044210
v -0.121112 0.088159 0.043643
v -0.121145 0.092152 0.042708
v -0.121159 0.099801 0.039746
v -0.121112 0.096039 0.041401
v -0.122840 0.101362 0.018945
v -0.122736 0.103712 0.018002
v -0.121112 0.103373 0.037749
v -0.121112 0.106757 0.035431
v -0.121148 0.109915 0.032815
v -0.121112 0.112811 0.029911
v -0.121112 0.115431 0.026756
v -0.121112 0.117749 0.023373
v -0.121112 0.119745 0.019790
v -0.121743 0.118092 0.010935
v -0.121112 0.121401 0.016039
v -0.122386 0.111690 0.011061
v -0.122322 0.113081 0.008602
v -0.121112 0.123643 0.008158
v -0.122278 0.114026 0.006239
v -0.121112 0.124210 0.004097
v -0.122247 0.114714 0.003499
v -0.121738 0.119550 -0.002096
v -0.121112 0.124399 -0.000000
v -0.122234 0.115010 0.000687
v -0.121112 0.124210 -0.004097
v -0.122237 0.114936 -0.001859
v -0.122258 0.114476 -0.004647
v -0.121112 0.123643 -0.008158
v -0.122307 0.113243 -0.008564
v -0.121112 0.121401 -0.016039
v -0.122415 0.111019 -0.012012
v -0.121112 0.119745 -0.019790
v -0.122500 0.109176 -0.014135
v -0.095500 0.130335 -0.015527
v 0.068000 0.130438 -0.015446
v 0.068000 0.128946 -0.019668
v -0.095500 0.131468 -0.011210
v -0.095500 0.128840 -0.019732
v 0.068000 0.127102 -0.023748
v 0.068000 0.088915 0.051991
v 0.068000 0.124918 -0.027657
v 0.068000 0.093292 0.051048
v 0.068000 0.122411 -0.031367
v 0.068000 0.097573 0.049737
v 0.068000 0.119598 -0.034851
v -0.095500 0.098485 0.049334
v 0.068000 0.101728 0.048067
v 0.068000 0.105726 0.046051
v 0.068000 0.116500 -0.038083
v 0.068000 0.109539 0.043704
v 0.068000 0.113139 -0.041041
v 0.068000 0.113139 0.041041
v 0.068000 0.109539 -0.043704
v 0.068000 0.116500 0.038083
v 0.068000 0.105726 -0.046051
v 0.068000 0.119598 0.034851
v -0.095500 0.101260 -0.048214
v 0.068000 0.101728 -0.048067
v 0.068000 0.122411 0.031367
v -0.095500 0.097214 -0.049798
v 0.068000 0.097573 -0.049737
v 0.068000 0.124918 0.027657
v 0.068000 0.127102 0.023748
v -0.095500 0.093050 -0.051044
v 0.068000 0.093292 -0.051048
v -0.095500 0.127129 0.023524
v 0.068000 0.128946 0.019668
v -0.095500 0.088801 -0.051942
v 0.068000 0.086704 -0.052351
v -0.095500 0.128952 0.019450
v 0.068000 0.130438 0.015446
v -0.095500 0.084378 -0.052502
v -0.095500 0.130422 0.015236
v 0.068000 0.131566 0.011113
v -0.095500 0.131531 0.010913
v 0.068000 0.132323 0.006700
v -0.095500 0.132269 0.006512
v 0.068000 0.132702 0.002239
v -0.095500 0.132633 0.002064
v 0.068000 0.132702 -0.002239
v -0.095500 0.132619 -0.002399
v 0.068000 0.132323 -0.006700
v -0.095500 0.132232 -0.006813
v 0.068000 0.131566 -0.011113
v -0.018380 0.048464 -0.054182
v -0.013146 0.050169 -0.053371
v -0.012535 0.049455 -0.074498
v -0.051932 0.012917 -0.012188
v -0.023990 0.046104 -0.051083
v -0.018032 0.047739 -0.074499
v -0.020481 0.047707 -0.052050
v -0.023836 -0.045416 -0.067727
v -0.028993 -0.041986 -0.074499
v -0.023629 -0.045287 -0.074500
v -0.023836 0.045416 -0.067727
v -0.038392 0.034012 -0.067727
v -0.033687 0.038345 -0.074499
v -0.037818 0.034336 -0.074500
v -0.034273 0.039335 -0.046169
v -0.029012 0.041982 -0.074499
v -0.029444 0.042657 -0.054182
v -0.027208 0.044317 -0.049928
v -0.030137 0.042446 -0.048592
v -0.041975 0.029021 -0.074499
v -0.038942 0.034979 -0.041770
v -0.044218 -0.030522 -0.006772
v -0.045416 -0.023836 -0.067728
v -0.041987 -0.028995 -0.074498
v -0.045416 0.023836 -0.067728
v -0.045287 0.023629 -0.074500
v -0.047729 0.018056 -0.074500
v -0.043074 0.029781 -0.040889
v -0.018074 -0.047716 -0.074498
v -0.035387 0.038489 -0.044177
v -0.046615 0.024466 -0.033864
v -0.038230 -0.033794 -0.074498
v -0.039814 0.034021 -0.040754
v -0.050917 0.006182 -0.067728
v -0.049532 0.012252 -0.074497
v -0.050662 0.006526 -0.074500
v -0.049407 0.018799 -0.028511
v -0.050491 -0.019136 -0.000355
v -0.052168 -0.012858 -0.006774
v -0.047715 -0.018074 -0.074498
v -0.053593 -0.006558 -0.000339
v -0.053870 -0.003739 0.000000
v -0.043276 0.029872 -0.035378
v -0.041646 0.031921 -0.038196
v -0.051026 0.000004 -0.074499
v -0.050917 -0.006182 -0.067728
v -0.050662 -0.006526 -0.074500
v -0.047770 -0.025190 -0.000141
v -0.052476 -0.012895 -0.000340
v -0.006011 -0.050942 -0.067759
v -0.006700 -0.050630 -0.074500
v -0.012271 -0.049529 -0.074499
v -0.045996 0.026019 -0.028874
v -0.044741 0.027869 -0.032231
v -0.049531 -0.012263 -0.074500
v -0.040463 -0.035780 0.000000
v -0.049285 -0.022068 0.000000
v -0.045288 -0.023628 -0.074500
v -0.051875 0.015087 -0.000000
v -0.050248 0.019288 -0.004438
v -0.035629 -0.040217 -0.006770
v -0.034012 -0.038392 -0.067727
v -0.044308 -0.030923 0.000000
v -0.012907 -0.052440 0.000000
v -0.049907 0.019133 -0.013954
v -0.048003 0.022804 -0.021390
v -0.048766 0.021526 -0.017358
v -0.024969 -0.047575 -0.006777
v -0.030664 -0.044460 0.000000
v -0.019029 -0.050551 0.000001
v -0.049880 0.019747 -0.008830
v -0.049387 0.020501 -0.013165
v -0.035918 -0.040397 0.000000
v -0.026952 -0.046810 0.000000
v -0.021863 -0.049390 0.000000
v -0.006476 -0.053337 -0.006772
v -0.034336 -0.037818 -0.074500
v 0.000000 -0.054000 0.000000
v -0.006767 -0.053628 0.000000
v -0.047725 0.022778 -0.028070
v -0.047081 0.024316 -0.025250
v -0.051141 0.016175 -0.009309
v -0.003236 -0.053496 -0.010162
v -0.006344 0.051066 -0.063178
v -0.006700 0.050630 -0.074499
v -0.009106 0.051042 -0.053797
v -0.005200 0.051577 -0.054048
v -0.002613 0.051769 -0.054137
v -0.023629 0.045287 -0.074500
v -0.016912 0.049055 -0.052794
v -0.036060 -0.040252 0.000000
v 0.030880 -0.044321 0.000000
v 0.035561 -0.040655 0.000000
v 0.032400 -0.041627 0.072000
v 0.049892 -0.017128 0.072000
v 0.003739 -0.053870 0.000000
v 0.048307 -0.021189 0.072000
v 0.046392 -0.025106 0.072000
v -0.040655 -0.035562 0.000000
v -0.004634 -0.053801 0.000000
v 0.025819 -0.047428 0.000000
v 0.028852 -0.044160 0.072000
v 0.025106 -0.046392 0.072000
v -0.010968 -0.052900 0.000000
v 0.044161 -0.028851 0.072000
v 0.020644 -0.049939 0.000000
v 0.021189 -0.048307 0.072000
v 0.052570 -0.004356 0.072000
v 0.044390 -0.030750 0.000000
v 0.041627 -0.032400 0.072000
v 0.017128 -0.049892 0.072000
v -0.018444 -0.050789 0.000000
v 0.052031 -0.008682 0.072000
v 0.040252 -0.036059 0.000000
v 0.038809 -0.035727 0.072000
v 0.014377 -0.052051 0.000000
v 0.012949 -0.051136 0.072000
v -0.054000 0.000000 0.000000
v -0.024581 -0.048097 0.000000
v 0.035727 -0.038809 0.072000
v 0.009107 -0.053261 0.000000
v 0.008682 -0.052031 0.072000
v 0.051136 -0.012949 0.072000
v 0.004356 -0.052570 0.072000
v -0.029616 -0.045193 0.000000
v 0.042111 0.030786 0.082356
v 0.044579 0.027072 0.082377
v 0.039751 -0.034154 0.079028
v 0.046781 0.023093 0.082257
v 0.039537 -0.034366 0.079000
v 0.004177 0.051993 0.082341
v 0.048594 0.018989 0.082248
v 0.030960 -0.041982 0.082346
v 0.034145 -0.039753 0.079031
v 0.033825 -0.039616 0.082630
v 0.008337 0.051492 0.082361
v 0.034398 -0.039509 0.078998
v 0.050006 0.014825 0.082368
v 0.012074 0.050759 0.082252
v 0.051084 0.010538 0.082370
v 0.015621 0.049763 0.082405
v 0.051794 0.006183 0.082371
v 0.027289 -0.044465 0.082253
v 0.019575 0.048343 0.082393
v 0.023458 -0.046602 0.082238
v 0.052133 0.001789 0.082372
v 0.023626 0.046515 0.082253
v 0.019700 -0.048295 0.082375
v 0.052134 -0.002105 0.082253
v 0.027313 0.044451 0.082245
v 0.051806 -0.006059 0.082398
v 0.015753 -0.049725 0.082378
v 0.034154 0.039751 0.079028
v 0.030936 0.041999 0.082359
v 0.033796 0.039594 0.082797
v 0.051104 -0.010434 0.082389
v 0.012151 -0.050740 0.082256
v 0.050034 -0.014724 0.082379
v 0.008444 -0.051472 0.082387
v 0.004234 -0.051985 0.082368
v 0.048570 -0.019044 0.082257
v 0.046768 -0.023123 0.082248
v 0.044632 -0.026987 0.082366
v 0.042113 -0.030782 0.082369
v 0.039594 -0.033796 0.082796
v 0.034386 0.039517 0.078999
v 0.036905 0.037073 0.079001
v 0.039753 0.034145 0.079031
v 0.039616 0.033825 0.082629
v 0.039528 0.034375 0.079000
v 0.014745 0.043777 0.089361
v 0.017900 0.044160 0.088708
v 0.012908 0.045337 0.088960
v 0.008619 0.050336 0.085337
v 0.013951 0.049145 0.085342
v 0.014139 0.049852 0.083744
v 0.008738 0.051056 0.083738
v 0.036260 -0.028472 0.089370
v 0.038035 -0.023550 0.089698
v 0.034591 -0.028570 0.089678
v 0.046359 -0.023084 0.083740
v 0.044229 -0.026954 0.083739
v 0.040815 -0.027278 0.087730
v 0.040440 -0.029709 0.086601
v 0.042849 -0.026119 0.086596
v 0.008476 0.049465 0.086595
v 0.045705 -0.022758 0.085338
v 0.043603 -0.026577 0.085338
v 0.013721 0.048292 0.086600
v 0.044916 -0.022365 0.086596
v 0.040278 -0.022594 0.089348
v 0.039134 -0.026319 0.088960
v 0.040076 -0.019888 0.089705
v 0.004384 0.051614 0.083725
v 0.048196 -0.018951 0.083740
v 0.006271 0.048765 0.087667
v 0.013427 0.047228 0.087705
v 0.044858 -0.019978 0.087711
v 0.042621 -0.021286 0.088708
v 0.039921 -0.026884 0.088432
v 0.008220 0.043974 0.089698
v 0.012243 0.043028 0.089698
v 0.047517 -0.018684 0.085338
v 0.006116 0.047782 0.088402
v 0.013161 0.046274 0.088428
v 0.004336 0.050884 0.085330
v 0.046696 -0.018361 0.086596
v 0.006003 0.046781 0.088958
v 0.049702 -0.014573 0.083741
v 0.004254 0.050008 0.086587
v 0.005980 0.045780 0.089357
v 0.044316 -0.017484 0.088708
v 0.049000 -0.014370 0.085339
v 0.004128 0.044545 0.089698
v 0.048153 -0.014123 0.086597
v 0.043617 -0.015164 0.089354
v 0.043283 -0.011472 0.089713
v 0.050790 -0.010164 0.083742
v 0.047095 -0.013816 0.087702
v 0.045707 -0.013462 0.088708
v 0.050073 -0.010025 0.085340
v 0.030138 -0.033060 0.089698
v 0.031258 -0.034156 0.089297
v 0.031487 -0.033542 0.089394
v 0.031799 -0.032986 0.089451
v 0.049207 -0.009856 0.086597
v 0.032207 -0.032464 0.089477
v 0.051485 -0.005692 0.083743
v 0.048540 -0.007558 0.087707
v 0.047559 -0.007411 0.088430
v 0.033255 -0.031634 0.089427
v 0.033825 -0.031368 0.089353
v 0.032707 -0.032000 0.089469
v 0.050758 -0.005617 0.085340
v 0.046599 -0.007275 0.088961
v 0.049880 -0.005526 0.086598
v 0.045597 -0.007303 0.089355
v 0.051820 -0.000018 0.083743
v 0.051089 -0.000031 0.085341
v 0.050205 -0.000040 0.086599
v 0.044813 0.000232 0.089708
v 0.049101 -0.000050 0.087704
v 0.048111 -0.000055 0.088428
v 0.051488 0.005675 0.083739
v 0.047141 -0.000066 0.088960
v 0.046148 -0.000183 0.089357
v 0.050763 0.005586 0.085338
v 0.049887 0.005484 0.086596
v 0.050793 0.010152 0.083739
v 0.048556 0.007455 0.087706
v 0.034203 0.029133 0.089666
v 0.034156 0.031258 0.089297
v 0.033542 0.031487 0.089394
v 0.032986 0.031799 0.089451
v 0.047374 0.005146 0.088707
v 0.032464 0.032207 0.089477
v 0.050078 0.010004 0.085338
v 0.049214 0.009827 0.086596
v 0.045656 0.006914 0.089356
v 0.029445 0.033638 0.089707
v 0.031634 0.033255 0.089427
v 0.031368 0.033825 0.089353
v 0.032000 0.032708 0.089469
v 0.049709 0.014552 0.083739
v 0.043150 0.010772 0.089769
v 0.046755 0.011432 0.088429
v 0.049009 0.014344 0.085338
v 0.045815 0.011190 0.088960
v 0.048163 0.014093 0.086596
v 0.048291 0.018708 0.083740
v 0.004380 -0.051608 0.083741
v 0.046543 0.015686 0.087707
v 0.004328 -0.050878 0.085342
v 0.047610 0.018444 0.085338
v 0.046788 0.018126 0.086596
v 0.043827 0.014559 0.089349
v 0.008723 -0.051057 0.083743
v 0.040896 0.018409 0.089688
v 0.046453 0.022893 0.083740
v 0.044444 0.017157 0.088708
v 0.008592 -0.050338 0.085341
v 0.045799 0.022570 0.085338
v 0.005931 -0.046737 0.088983
v 0.044609 0.021939 0.087151
v 0.008441 -0.049469 0.086598
v 0.014106 -0.049862 0.083742
v 0.044238 0.026938 0.083741
v 0.004128 -0.044545 0.089698
v 0.008155 -0.047991 0.088051
v 0.042758 0.021010 0.088708
v 0.043615 0.026556 0.085339
v 0.013895 -0.049162 0.085341
v 0.042863 0.026095 0.086597
v 0.013644 -0.048314 0.086598
v 0.040582 0.022035 0.089354
v 0.041733 0.030678 0.083743
v 0.010479 -0.044986 0.089362
v 0.008220 -0.043974 0.089698
v 0.040830 0.027308 0.087710
v 0.013335 -0.047255 0.087704
v 0.040035 0.026717 0.088429
v 0.041147 0.030243 0.085340
v 0.013059 -0.046304 0.088427
v 0.019342 -0.048051 0.083738
v 0.039236 0.026168 0.088960
v 0.012785 -0.045373 0.088959
v 0.040452 0.029708 0.086590
v 0.038035 0.023550 0.089698
v 0.012243 -0.043028 0.089698
v 0.039397 0.033561 0.083853
v 0.019064 -0.047376 0.085337
v 0.038140 0.032203 0.086893
v 0.037845 0.031952 0.087290
v 0.038928 0.033037 0.085340
v 0.020489 -0.045850 0.086600
v 0.036444 0.028294 0.089361
v 0.023084 -0.046359 0.083740
v 0.020028 -0.044846 0.087705
v 0.016160 -0.041715 0.089698
v 0.037468 0.031693 0.087702
v 0.019618 -0.043944 0.088429
v 0.036742 0.031019 0.088425
v 0.036526 0.031273 0.088425
v 0.035982 0.031147 0.088716
v 0.037029 0.031462 0.088081
v 0.035400 0.031096 0.088962
v 0.022759 -0.045705 0.085338
v 0.019208 -0.043064 0.088960
v 0.018661 -0.042241 0.089349
v 0.034773 0.031129 0.089153
v 0.033506 0.039350 0.084064
v 0.030761 0.041668 0.083745
v 0.027086 -0.044140 0.083740
v 0.019940 -0.040046 0.089698
v 0.030332 0.041075 0.085346
v 0.032885 0.038790 0.085688
v 0.026704 -0.043518 0.085338
v 0.028205 0.041517 0.086632
v 0.032011 0.037921 0.087196
v 0.032386 0.038324 0.086596
v 0.026243 -0.042766 0.086596
v 0.028529 0.036215 0.089369
v 0.031101 0.035083 0.089063
v 0.031112 0.035677 0.088859
v 0.031183 0.034456 0.089231
v 0.030760 -0.041671 0.083743
v 0.027263 0.044031 0.083740
v 0.025428 -0.041498 0.088050
v 0.027528 0.040631 0.087734
v 0.031676 0.037438 0.087729
v 0.026959 0.035700 0.089698
v 0.030323 -0.041086 0.085340
v 0.028374 0.038292 0.088702
v 0.031201 0.036254 0.088579
v 0.031385 0.036848 0.088215
v 0.026879 0.043410 0.085338
v 0.024049 -0.039891 0.089209
v 0.029790 -0.040389 0.086591
v 0.033560 -0.039397 0.083853
v 0.023550 -0.038035 0.089698
v 0.023535 0.046131 0.083740
v 0.032203 -0.038140 0.086892
v 0.031952 -0.037845 0.087290
v 0.023550 0.038035 0.089698
v 0.029133 -0.039492 0.087706
v 0.023203 0.045481 0.085338
v 0.033037 -0.038928 0.085340
v 0.023647 0.041898 0.088432
v 0.023097 0.040527 0.089195
v 0.028247 -0.038373 0.088708
v 0.022803 0.044695 0.086596
v 0.019395 0.048028 0.083744
v 0.028336 -0.036410 0.089360
v 0.026959 -0.035700 0.089698
v 0.020295 0.044729 0.087708
v 0.031693 -0.037468 0.087702
v 0.031019 -0.036742 0.088425
v 0.019126 0.047349 0.085341
v 0.031273 -0.036526 0.088425
v 0.031147 -0.035982 0.088716
v 0.031462 -0.037029 0.088081
v 0.031096 -0.035400 0.088962
v 0.031130 -0.034773 0.089153
v 0.018799 0.046529 0.086598
v 0.039350 -0.033506 0.084062
v 0.019940 0.040046 0.089698
v 0.041740 -0.030665 0.083747
v 0.041142 -0.030241 0.085348
v 0.038790 -0.032885 0.085688
v 0.037921 -0.032011 0.087196
v 0.038324 -0.032386 0.086596
v 0.034456 -0.031183 0.089231
v 0.035083 -0.031101 0.089063
v 0.035672 -0.031109 0.088852
v 0.016160 0.041715 0.089698
v 0.037438 -0.031676 0.087729
v 0.036848 -0.031385 0.088215
v 0.036254 -0.031201 0.088579
v 0.032326 0.035674 0.082000
v 0.032629 0.036443 0.079000
v 0.032973 0.036932 0.082000
v 0.033882 0.037569 0.079000
v 0.034459 0.037725 0.082000
v 0.035544 0.037725 0.079000
v 0.036121 0.037569 0.082000
v 0.037237 0.036620 0.082000
v 0.037287 0.036549 0.079000
v 0.037671 0.035717 0.082000
v 0.037436 -0.036337 0.079000
v 0.037375 -0.036443 0.082000
v 0.036619 -0.037237 0.079000
v 0.036121 -0.037569 0.082000
v 0.035544 -0.037725 0.079000
v 0.034459 -0.037725 0.082000
v 0.033882 -0.037569 0.079000
v 0.033170 -0.037089 0.082000
v 0.032629 -0.036443 0.079000
v 0.032372 -0.035894 0.082000
v -0.036121 -0.037569 0.079000
v -0.036833 -0.037089 0.082000
v -0.037375 -0.036443 0.079000
v -0.037631 -0.035893 0.082000
v -0.037747 -0.035285 0.079000
v -0.037688 -0.034210 0.082000
v -0.037569 -0.033882 0.079000
v -0.036922 -0.033020 0.082000
v -0.036620 -0.032766 0.079000
v -0.035894 -0.032372 0.082000
v -0.037631 0.035894 0.082000
v -0.037375 0.036443 0.079000
v -0.036983 0.036922 0.082000
v -0.036549 0.037287 0.079000
v -0.035794 0.037688 0.082000
v -0.035674 0.037678 0.079000
v -0.034459 0.037725 0.079000
v -0.033882 0.037569 0.082000
v -0.032973 0.036932 0.079000
v -0.032766 0.036620 0.082000
v 0.000847 -0.004631 0.093456
v 0.001501 -0.003857 0.092399
v 0.002646 -0.003915 0.093455
v 0.002954 -0.002863 0.092400
v 0.004047 -0.002405 0.093456
v 0.003755 -0.001680 0.092400
v 0.004526 -0.001394 0.093456
v 0.004103 -0.000295 0.092400
v 0.004713 0.000339 0.093455
v 0.003957 0.001127 0.092400
v 0.004425 0.001611 0.093456
v 0.004063 0.002380 0.093455
v 0.003111 0.002730 0.092399
v 0.002772 0.003830 0.093459
v 0.001680 0.003755 0.092400
v 0.000876 0.004625 0.093456
v -0.095501 0.027480 0.004133
v -0.095501 0.027318 -0.000000
v -0.095500 0.027368 -0.000000
v -0.095500 0.027530 0.004129
v -0.095520 0.035274 0.027836
v -0.095544 0.035483 0.028077
v -0.103501 0.027691 -0.004135
v -0.103500 0.027740 -0.004131
v -0.103501 0.028212 -0.008290
v -0.103500 0.027577 -0.000000
v -0.103501 0.027527 -0.000000
v -0.098405 0.111369 -0.042228
v -0.100813 0.111309 -0.042197
v -0.100634 0.111359 -0.042164
v -0.098255 0.111331 -0.042264
v -0.101497 0.111022 -0.042387
v -0.102961 0.109537 -0.043387
v -0.102713 0.109913 -0.043136
v -0.097466 0.111003 -0.042531
v -0.102406 0.110279 -0.042890
v -0.102081 0.110586 -0.042682
v -0.109000 0.117335 0.036550
v -0.106000 0.116923 0.036983
v -0.109000 0.116009 0.037589
v -0.106000 0.115894 0.037631
v -0.109000 0.114804 0.037754
v -0.106000 0.114719 0.037747
v -0.109000 0.113667 0.037436
v -0.106000 0.113561 0.037375
v -0.109000 0.112767 0.036620
v -0.106000 0.112471 0.036182
v -0.106000 0.117589 -0.033995
v -0.109000 0.117168 -0.033265
v -0.106000 0.116923 -0.033021
v -0.109000 0.115794 -0.032316
v -0.106000 0.115894 -0.032372
v -0.106000 0.114719 -0.032257
v -0.109000 0.114329 -0.032326
v -0.106000 0.113561 -0.032628
v -0.109000 0.113072 -0.032973
v -0.106000 0.112471 -0.033822
v -0.106000 0.047652 -0.034246
v -0.109000 0.047517 -0.033875
v -0.106000 0.047085 -0.033171
v -0.109000 0.046661 -0.032749
v -0.106000 0.046125 -0.032483
v -0.109000 0.044824 -0.032207
v -0.106000 0.044937 -0.032226
v -0.106000 0.043335 -0.032749
v -0.109000 0.043068 -0.032973
v -0.106000 0.042395 -0.034054
v -0.125525 0.051198 -0.000859
v -0.125659 0.052001 -0.000000
v -0.125689 0.051872 0.002813
v -0.125522 0.051279 0.001693
v -0.125659 0.052193 0.002223
v -0.125522 0.051751 0.003947
v -0.125659 0.052761 0.004381
v -0.125689 0.053815 0.007492
v -0.125516 0.052968 0.006882
v -0.125659 0.053691 0.006409
v -0.125659 0.054954 0.008249
v -0.125517 0.054894 0.009444
v -0.125659 0.056512 0.009845
v -0.125688 0.057422 0.011095
v -0.125521 0.056604 0.010985
v -0.125659 0.058321 0.011152
v -0.125520 0.058543 0.012226
v -0.125690 0.060012 0.012423
v -0.125659 0.060327 0.012130
v -0.125516 0.060662 0.013135
v -0.125659 0.062470 0.012750
v -0.125689 0.063728 0.013364
v -0.125520 0.062899 0.013666
v -0.125659 0.064688 0.012995
v -0.125519 0.065195 0.013825
v -0.125659 0.066915 0.012857
v -0.125690 0.069154 0.012826
v -0.125511 0.068507 0.013435
v -0.125659 0.069085 0.012340
v -0.125659 0.071135 0.011460
v -0.125515 0.072718 0.011535
v -0.125659 0.073005 0.010242
v -0.125689 0.074001 0.009942
v -0.125659 0.074638 0.008722
v -0.125510 0.076119 0.008323
v -0.125659 0.075988 0.006945
v -0.125688 0.076264 0.007203
v -0.125542 0.082081 0.005062
v -0.125706 0.083186 0.006556
v -0.125724 0.082247 0.004477
v -0.125535 0.083091 0.007140
v -0.125726 0.106095 0.007722
v -0.125512 0.105386 0.009281
v -0.125542 0.081421 0.002851
v -0.125706 0.081681 0.002271
v -0.125706 0.104632 0.009475
v -0.125523 0.103285 0.011155
v -0.125706 0.102902 0.010959
v -0.125542 0.081136 0.000561
v -0.125706 0.081489 -0.000000
v -0.125518 0.101340 0.012374
v -0.125706 0.100948 0.012131
v -0.125522 0.099211 0.013243
v -0.125706 0.098824 0.012959
v -0.125525 0.081184 -0.001452
v -0.125522 0.096973 0.013756
v -0.125706 0.096592 0.013417
v -0.125529 0.094677 0.013879
v -0.125706 0.094314 0.013494
v -0.125529 0.092396 0.013637
v -0.125706 0.092055 0.013186
v -0.125521 0.090182 0.013035
v -0.125706 0.089881 0.012504
v -0.125528 0.088105 0.012051
v -0.125706 0.087852 0.011465
v -0.125528 0.086214 0.010750
v -0.125706 0.086027 0.010101
v -0.125550 0.084438 0.008975
v -0.125706 0.084457 0.008449
v -0.127093 0.089163 0.003415
v -0.126722 0.089205 0.006806
v -0.126772 0.092038 0.008358
v -0.126775 0.097835 0.008374
v -0.125706 0.096592 0.013417
v -0.125706 0.098824 0.012959
v -0.125706 0.100948 0.012131
v -0.126491 0.095000 0.010172
v -0.127387 0.096949 0.003415
v -0.127389 0.098904 -0.000000
v -0.127389 0.091096 -0.000000
v -0.125721 0.102907 0.010961
v -0.126722 0.100795 0.006806
v -0.126582 0.085294 -0.000000
v -0.125706 0.081489 -0.000000
v -0.125706 0.081681 0.002271
v -0.125742 0.106094 0.007727
v -0.126595 0.104196 0.003278
v -0.126582 0.104706 -0.000000
v -0.125706 0.108511 -0.000000
v -0.125706 0.083186 0.006556
v -0.125742 0.084444 0.008448
v -0.125706 0.087852 0.011465
v -0.125706 0.089881 0.012504
v -0.125724 0.086029 0.010109
v -0.125706 0.094314 0.013494
v -0.116477 0.071390 0.050387
v -0.116483 0.066066 0.049200
v -0.115182 0.065917 0.049758
v -0.118651 0.037738 -0.025708
v -0.118654 0.040117 -0.029261
v -0.117660 0.039402 -0.029782
v -0.117660 0.036985 -0.026165
v -0.115853 0.033957 -0.022947
v -0.113554 0.035387 -0.026922
v -0.113418 0.033207 -0.022958
v -0.115177 0.035836 -0.026858
v -0.119486 0.039655 -0.026951
v -0.117660 0.071516 0.049632
v -0.117665 0.066267 0.048459
v -0.116478 0.036330 -0.026561
v -0.120584 0.039448 -0.022727
v -0.121112 0.042251 -0.023373
v -0.120613 0.044060 -0.029330
v -0.120043 0.040477 -0.026616
v -0.118167 0.035294 -0.022292
v -0.118597 0.073720 0.049170
v -0.118655 0.066500 0.047609
v -0.121112 0.040256 -0.019790
v -0.115853 0.032109 -0.018786
v -0.113516 0.031482 -0.018995
v -0.115163 0.075635 0.051510
v -0.113560 0.071493 0.051410
v -0.113565 0.075799 0.051931
v -0.119782 0.037000 -0.021475
v -0.115176 0.071297 0.050956
v -0.120595 0.065179 0.044080
v -0.121112 0.071842 0.043643
v -0.121112 0.067850 0.042704
v -0.119419 0.073839 0.048218
v -0.119462 0.066754 0.046686
v -0.118167 0.033498 -0.018251
v -0.116465 0.075683 0.050937
v -0.120018 0.073942 0.047305
v -0.120040 0.066985 0.045815
v -0.115179 0.030391 -0.014515
v -0.120578 0.074096 0.046136
v -0.113560 0.030020 -0.014733
v -0.117650 0.075748 0.050175
v -0.119782 0.035269 -0.017588
v -0.116479 0.030945 -0.014354
v -0.117662 0.031681 -0.014142
v -0.121112 0.075903 0.044210
v -0.120588 0.036085 -0.015245
v -0.121112 0.038599 -0.016039
v -0.118652 0.032527 -0.013896
v -0.115180 0.029310 -0.010127
v -0.113573 0.028920 -0.010299
v -0.119782 0.033879 -0.013556
v -0.116480 0.029876 -0.010016
v -0.121112 0.050089 -0.032811
v -0.120705 0.048802 -0.033962
v -0.120782 0.048596 -0.033449
v -0.120587 0.048948 -0.034529
v -0.120833 0.048319 -0.032955
v -0.120858 0.047964 -0.032484
v -0.117662 0.030628 -0.009869
v -0.120859 0.047536 -0.032053
v -0.121112 0.037296 -0.012150
v -0.118653 0.031492 -0.009699
v -0.115180 0.028619 -0.005670
v -0.113633 0.028252 -0.006041
v -0.119464 0.032023 -0.007457
v -0.116481 0.029193 -0.005613
v -0.121112 0.047189 -0.029912
v -0.120709 0.046060 -0.031205
v -0.120593 0.045494 -0.031056
v -0.120784 0.046570 -0.031413
v -0.120834 0.047065 -0.031694
v -0.120041 0.032915 -0.007334
v -0.117663 0.029955 -0.005532
v -0.120589 0.034097 -0.007343
v -0.121112 0.036357 -0.008158
v -0.118653 0.030831 -0.005438
v -0.115181 0.028285 -0.000016
v -0.113443 0.027924 -0.002216
v -0.116482 0.028863 -0.000025
v -0.113553 0.027919 0.001883
v -0.117665 0.029630 -0.000033
v -0.121112 0.035790 -0.004097
v -0.118655 0.030512 -0.000041
v -0.119461 0.031469 -0.000047
v -0.120040 0.032370 -0.000062
v -0.115177 0.028616 0.005654
v -0.113607 0.028264 0.006157
v -0.120591 0.033542 -0.000194
v -0.121112 0.035601 -0.000000
v -0.116477 0.029188 0.005588
v -0.117660 0.029949 0.005499
v -0.118651 0.030824 0.005397
v -0.121112 0.047189 0.029912
v -0.120705 0.046038 0.031198
v -0.120782 0.046551 0.031404
v -0.120587 0.045471 0.031052
v -0.120833 0.047045 0.031682
v -0.115177 0.029307 0.010115
v -0.113561 0.028941 0.010405
v -0.120858 0.047516 0.032036
v -0.121112 0.035790 0.004097
v -0.119782 0.032204 0.005187
v -0.120859 0.047947 0.032464
v -0.116478 0.029871 0.009999
v -0.120590 0.034035 0.006934
v -0.117660 0.030622 0.009847
v -0.121112 0.050089 0.032811
v -0.120709 0.048795 0.033940
v -0.120593 0.048944 0.034506
v -0.120784 0.048587 0.033430
v -0.120834 0.048306 0.032935
v -0.118651 0.031485 0.009671
v -0.121112 0.036357 0.008158
v -0.115177 0.030386 0.014499
v -0.113549 0.030050 0.014836
v -0.119463 0.032835 0.011520
v -0.116478 0.030938 0.014335
v -0.120041 0.033707 0.011292
v -0.117660 0.031673 0.014119
v -0.121112 0.037296 0.012150
v -0.118651 0.032518 0.013871
v -0.115853 0.032023 0.018566
v -0.113506 0.031466 0.018958
v -0.115179 0.075640 -0.051504
v -0.113590 0.075738 -0.051924
v -0.116480 0.075690 -0.050930
v -0.117662 0.075757 -0.050167
v -0.120584 0.035876 0.014629
v -0.118167 0.033408 0.018020
v -0.118657 0.073767 -0.049114
v -0.121112 0.038599 0.016039
v -0.115181 0.071311 -0.050956
v -0.113574 0.071371 -0.051389
v -0.115853 0.033815 0.022659
v -0.113447 0.033184 0.022904
v -0.119782 0.035160 0.017310
v -0.116481 0.071412 -0.050388
v -0.118168 0.035147 0.021994
v -0.117663 0.071544 -0.049634
v -0.121112 0.075903 -0.044210
v -0.115179 0.035824 0.026837
v -0.113564 0.035447 0.027019
v -0.115179 0.065948 -0.049767
v -0.113504 0.067815 -0.050666
v -0.119782 0.036832 0.021136
v -0.116480 0.036316 0.026537
v -0.119782 0.071987 -0.047402
v -0.116480 0.066113 -0.049214
v -0.117662 0.036969 0.026137
v -0.113558 0.064286 -0.049686
v -0.120589 0.039131 0.022150
v -0.121112 0.040256 0.019790
v -0.117663 0.066329 -0.048478
v -0.120595 0.069476 -0.045297
v -0.121112 0.071842 -0.043643
v -0.118652 0.037721 0.025677
v -0.118654 0.066576 -0.047632
v -0.115181 0.038316 0.030568
v -0.113620 0.037889 0.030673
v -0.119782 0.038885 0.024909
v -0.119461 0.066843 -0.046712
v -0.116481 0.038780 0.030225
v -0.120039 0.067102 -0.045849
v -0.117656 0.039396 0.029779
v -0.115176 0.060729 -0.047966
v -0.113544 0.060169 -0.048190
v -0.121112 0.042251 0.023373
v -0.121112 0.067850 -0.042704
v -0.115173 0.040577 0.033426
v -0.113806 0.040344 0.033710
v -0.116477 0.060946 -0.047432
v -0.117853 0.041594 0.032310
v -0.118554 0.042053 0.031882
v -0.119054 0.040449 0.029025
v -0.119113 0.042570 0.031539
v -0.116543 0.040988 0.032965
v -0.117660 0.061234 -0.046722
v -0.120042 0.042146 0.028861
v -0.120603 0.043245 0.028350
v -0.121112 0.044569 0.026756
v -0.118651 0.061565 -0.045906
v -0.121112 0.063961 -0.041401
v -0.115853 0.057087 -0.046060
v -0.113497 0.056599 -0.046557
v -0.119460 0.042976 0.031336
v -0.119781 0.062139 -0.044634
v -0.120026 0.043893 0.031053
v -0.120250 0.044395 0.030989
v -0.119762 0.043419 0.031171
v -0.120436 0.044920 0.030986
v -0.120584 0.061248 -0.042534
v -0.115174 0.049316 0.041600
v -0.116099 0.046844 0.039187
v -0.113938 0.046311 0.039641
v -0.118167 0.057760 -0.044732
v -0.113603 0.049214 0.042028
v -0.116477 0.049672 0.041145
v -0.121112 0.060210 -0.039744
v -0.115853 0.053185 -0.043903
v -0.113438 0.052796 -0.044456
v -0.117659 0.050130 0.040532
v -0.117858 0.047693 0.038403
v -0.119782 0.058630 -0.043053
v -0.118653 0.050654 0.039821
v -0.118651 0.048176 0.037863
v -0.119088 0.048445 0.037457
v -0.120613 0.050610 0.035894
v -0.120443 0.049013 0.035058
v -0.121112 0.053244 0.035431
v -0.118167 0.053970 -0.042637
v -0.120259 0.049012 0.035584
v -0.120037 0.048951 0.036085
v -0.115853 0.052901 0.043729
v -0.113426 0.052740 0.044424
v -0.119792 0.051559 0.038733
v -0.119474 0.048674 0.037002
v -0.115181 0.049359 -0.041628
v -0.119776 0.048836 0.036560
v -0.113618 0.049139 -0.041971
v -0.118167 0.053677 0.042458
v -0.119782 0.054981 -0.041039
v -0.121112 0.056627 0.037749
v -0.116481 0.049703 -0.041165
v -0.115853 0.056671 0.045850
v -0.113513 0.056447 0.046478
v -0.119782 0.054646 0.040834
v -0.117657 0.050151 -0.040550
v -0.120615 0.053220 -0.037950
v -0.121112 0.056627 -0.037749
v -0.115173 0.046574 -0.039423
v -0.118167 0.057337 0.044519
v -0.113806 0.046290 -0.039656
v -0.117853 0.047690 -0.038406
v -0.118554 0.048118 -0.037947
v -0.119054 0.050905 -0.039497
v -0.120582 0.057015 0.040402
v -0.119113 0.048461 -0.037430
v -0.116543 0.047035 -0.039012
v -0.115181 0.060685 0.047946
v -0.113565 0.060299 0.048241
v -0.119782 0.058168 0.042820
v -0.120043 0.051101 -0.037823
v -0.116481 0.060897 0.047410
v -0.121112 0.053244 -0.035431
v -0.117663 0.061181 0.046698
v -0.119460 0.048664 -0.037024
v -0.119762 0.048829 -0.036581
v -0.120026 0.048947 -0.036107
v -0.120250 0.049011 -0.035605
v -0.121112 0.060210 0.039744
v -0.120436 0.049014 -0.035080
v -0.118654 0.061507 0.045880
v -0.113581 0.064423 0.049727
v -0.115174 0.038335 -0.030598
v -0.116099 0.040813 -0.033156
v -0.113938 0.040359 -0.033689
v -0.113601 0.037843 -0.030614
v -0.119782 0.061978 0.044568
v -0.116478 0.038789 -0.030240
v -0.117858 0.041597 -0.032307
v -0.118651 0.042137 -0.031824
v -0.119088 0.042543 -0.031555
v -0.120259 0.044416 -0.030988
v -0.120037 0.043915 -0.031049
v -0.120443 0.044942 -0.030987
v -0.121112 0.044569 -0.026756
v -0.121112 0.063961 0.041401
v -0.113505 0.067889 0.050684
v -0.119474 0.042998 -0.031326
v -0.119776 0.043440 -0.031164
v -0.106000 0.040247 -0.034125
v -0.101760 0.037523 -0.030800
v -0.102288 0.037231 -0.030369
v -0.095499 0.072992 0.052193
v -0.095499 0.068710 0.051436
v -0.106000 0.045915 0.039742
v -0.101349 0.048960 0.042317
v -0.102644 0.049962 0.043051
v -0.095500 0.056417 0.047081
v -0.096721 0.037058 -0.030377
v -0.097159 0.037336 -0.030749
v -0.096607 0.036970 -0.030256
v -0.096387 0.036740 -0.030018
v -0.095754 0.036021 -0.028934
v -0.102288 0.049631 -0.042769
v -0.102132 0.049495 -0.042677
v -0.106000 0.045893 -0.039745
v -0.101189 0.048874 -0.042257
v -0.102691 0.050068 -0.043064
v -0.095520 0.052006 0.044610
v -0.095819 0.050935 0.043869
v -0.096226 0.050154 0.043333
v -0.095791 0.051012 0.043921
v -0.096721 0.049623 0.042942
v -0.097051 0.049338 0.042728
v -0.102288 0.037231 0.030369
v -0.101955 0.037427 0.030658
v -0.106000 0.040255 0.034107
v -0.101586 0.037600 0.030913
v -0.102579 0.037018 0.030053
v -0.096676 0.049667 -0.042974
v -0.096619 0.049731 -0.043022
v -0.097413 0.049047 -0.042508
v -0.095549 0.051875 -0.044486
v -0.095743 0.051067 -0.043961
v -0.096148 0.036526 0.029729
v -0.095694 0.035907 0.028729
v -0.096996 0.037259 0.030648
v -0.107072 0.073693 0.051948
v -0.103500 0.075869 0.052260
v -0.103500 0.071763 0.051772
v -0.103502 0.067480 0.050911
v -0.107072 0.061444 0.048929
v -0.103502 0.061359 0.049062
v -0.103501 0.055781 0.046509
v -0.095549 0.035514 0.028125
v -0.107072 0.050274 0.043066
v -0.103243 0.051021 0.043752
v -0.103485 0.052069 0.044398
v -0.098599 0.045478 0.039634
v -0.106000 0.043934 0.037954
v -0.101213 0.048885 0.042265
v -0.100656 0.048671 0.042124
v -0.099496 0.048479 0.042042
v -0.098490 0.048636 0.042169
v -0.098249 0.048701 0.042225
v -0.097606 0.048955 0.042433
v -0.098289 0.040328 0.034488
v -0.100751 0.037857 0.031301
v -0.099506 0.037958 0.031520
v -0.101181 0.037746 0.031130
v -0.107072 0.036934 0.029726
v -0.102793 0.036830 0.029776
v -0.103104 0.036473 0.029235
v -0.103328 0.036100 0.028660
v -0.097709 0.037594 0.031077
v -0.098259 0.037777 0.031303
v -0.107072 0.031071 0.018556
v -0.103501 0.030194 0.016434
v -0.103501 0.031591 0.020183
v -0.103501 0.029066 0.012488
v -0.107072 0.028052 0.006308
v -0.103500 0.027567 -0.000000
v -0.107072 0.028052 -0.006308
v -0.103501 0.029066 -0.012488
v -0.107072 0.031071 -0.018556
v -0.103501 0.031591 -0.020183
v -0.103501 0.030194 -0.016434
v -0.095500 0.027368 -0.000000
v -0.103501 0.033485 -0.024218
v -0.107072 0.036934 -0.029726
v -0.102721 0.036896 -0.029872
v -0.103485 0.035664 -0.027981
v -0.103303 0.036152 -0.028741
v -0.103060 0.036532 -0.029324
v -0.098685 0.040381 -0.034534
v -0.101213 0.037735 -0.031115
v -0.100696 0.037868 -0.031320
v -0.099495 0.037958 -0.031521
v -0.097885 0.037660 -0.031159
v -0.097415 0.037465 -0.030914
v -0.099010 0.045499 -0.039634
v -0.100735 0.048695 -0.042140
v -0.107072 0.050274 -0.043066
v -0.103277 0.051204 -0.043813
v -0.103328 0.051340 -0.043900
v -0.103485 0.052039 -0.044345
v -0.098235 0.048705 -0.042228
v -0.098408 0.048659 -0.042190
v -0.107072 0.061444 -0.048929
v -0.107072 0.073693 -0.051948
v -0.109000 0.047517 0.036129
v -0.106000 0.046928 0.037031
v -0.109000 0.046830 0.037089
v -0.109000 0.045541 0.037725
v -0.106000 0.045420 0.037746
v -0.109000 0.043878 0.037569
v -0.106000 0.043752 0.037510
v -0.109000 0.042588 0.036393
v -0.106000 0.042468 0.036182
v -0.107651 0.046964 0.032043
v -0.106001 0.045740 0.031495
v -0.106000 0.047271 0.032321
v -0.107831 0.047432 0.032423
v -0.108895 0.047005 0.032026
v -0.120840 0.048260 0.032856
v -0.106001 0.048512 0.034320
v -0.120673 0.048869 0.034141
v -0.120667 0.045827 0.031127
v -0.120841 0.047149 0.031740
v -0.120782 0.046551 0.031404
v -0.107783 0.047495 0.032487
v -0.108954 0.047978 0.033001
v -0.107651 0.047957 0.033036
v -0.119205 0.042662 0.031472
v -0.118530 0.042029 0.031895
v -0.120214 0.049016 0.035698
v -0.119668 0.048731 0.036732
v -0.120037 0.048951 0.036085
v -0.120208 0.044288 0.030986
v -0.120026 0.043894 0.031053
v -0.119659 0.043255 0.031274
v -0.120519 0.045185 0.031012
v -0.119175 0.048510 0.037371
v -0.106001 0.044297 0.031358
v -0.106001 0.048640 0.035668
v -0.118651 0.048176 0.037863
v -0.106002 0.048275 0.037074
v -0.120525 0.048987 0.034793
v -0.106000 0.041816 0.032527
v -0.106002 0.042866 0.031755
v -0.106000 0.048122 0.033348
v -0.107795 0.047536 0.032526
v -0.107818 0.047564 0.032551
v -0.107880 0.047605 0.032592
v -0.120785 0.048587 0.033430
v -0.120865 0.047735 0.032247
v -0.106000 0.047473 0.038184
v -0.107651 0.112043 0.033036
v -0.106001 0.111495 0.034261
v -0.106000 0.112321 0.032730
v -0.107856 0.112409 0.032580
v -0.108883 0.112029 0.032990
v -0.107795 0.112458 0.032530
v -0.120667 0.111127 0.034173
v -0.120841 0.111745 0.032848
v -0.120782 0.111404 0.033449
v -0.107784 0.112498 0.032495
v -0.119205 0.111472 0.037338
v -0.118529 0.111895 0.037972
v -0.120214 0.115698 0.030984
v -0.119376 0.117135 0.031372
v -0.119776 0.116560 0.031164
v -0.120208 0.110986 0.035712
v -0.119659 0.111274 0.036745
v -0.120037 0.116085 0.031049
v -0.120026 0.111053 0.036107
v -0.107730 0.113015 0.032052
v -0.106001 0.114374 0.031465
v -0.120669 0.114166 0.031128
v -0.120519 0.111012 0.034815
v -0.106001 0.111358 0.035703
v -0.106001 0.115743 0.031366
v -0.118651 0.117863 0.031824
v -0.119088 0.117457 0.031555
v -0.106002 0.117134 0.031755
v -0.120525 0.114793 0.031013
v -0.106000 0.112527 0.038184
v -0.106002 0.111755 0.037134
v -0.107913 0.112606 0.032380
v -0.106000 0.113348 0.031878
v -0.107809 0.112551 0.032441
v -0.120840 0.112854 0.031743
v -0.120785 0.113430 0.031413
v -0.120865 0.112247 0.032265
v -0.106000 0.118184 0.032527
v -0.107651 0.113036 -0.032043
v -0.106000 0.113348 -0.031878
v -0.106000 0.112321 -0.032729
v -0.120840 0.111740 -0.032856
v -0.108956 0.112021 -0.033001
v -0.120669 0.111128 -0.034166
v -0.107831 0.112568 -0.032423
v -0.108884 0.112990 -0.032029
v -0.107783 0.112505 -0.032487
v -0.120667 0.114173 -0.031127
v -0.120841 0.112848 -0.031745
v -0.120782 0.113449 -0.031404
v -0.107651 0.112043 -0.033036
v -0.106001 0.111473 -0.034319
v -0.119205 0.117338 -0.031472
v -0.118529 0.117972 -0.031895
v -0.120214 0.110984 -0.035698
v -0.119376 0.111372 -0.037135
v -0.119776 0.111164 -0.036560
v -0.120037 0.111049 -0.036085
v -0.120208 0.115712 -0.030986
v -0.120026 0.116107 -0.031053
v -0.119659 0.116745 -0.031274
v -0.120519 0.114815 -0.031012
v -0.106001 0.115741 -0.031366
v -0.106001 0.114368 -0.031467
v -0.106001 0.111366 -0.035743
v -0.118651 0.111824 -0.037863
v -0.119088 0.111555 -0.037457
v -0.106002 0.111755 -0.037133
v -0.120525 0.111013 -0.034793
v -0.106000 0.118184 -0.032527
v -0.106002 0.117134 -0.031755
v -0.107795 0.112464 -0.032526
v -0.107818 0.112437 -0.032551
v -0.107880 0.112395 -0.032592
v -0.120785 0.111413 -0.033430
v -0.120865 0.112265 -0.032247
v -0.106000 0.112527 -0.038184
v -0.107651 0.047957 -0.033036
v -0.106000 0.048122 -0.033348
v -0.106000 0.047271 -0.032321
v -0.107856 0.047591 -0.032580
v -0.108894 0.047974 -0.032995
v -0.107795 0.047542 -0.032530
v -0.120667 0.048873 -0.034171
v -0.120841 0.048260 -0.032851
v -0.120782 0.048596 -0.033449
v -0.107784 0.047502 -0.032495
v -0.119182 0.048519 -0.037365
v -0.118529 0.048105 -0.037972
v -0.120208 0.049014 -0.035712
v -0.119659 0.048726 -0.036745
v -0.120214 0.044302 -0.030984
v -0.119376 0.042865 -0.031372
v -0.119776 0.043441 -0.031164
v -0.120037 0.043915 -0.031049
v -0.120026 0.048947 -0.036107
v -0.107722 0.046981 -0.032050
v -0.106001 0.045681 -0.031473
v -0.120669 0.045834 -0.031128
v -0.120519 0.048988 -0.034815
v -0.106001 0.044257 -0.031366
v -0.118651 0.042137 -0.031824
v -0.119088 0.042543 -0.031555
v -0.120840 0.047144 -0.031740
v -0.106002 0.042866 -0.031755
v -0.120525 0.045207 -0.031013
v -0.106002 0.048277 -0.037072
v -0.106000 0.047473 -0.038184
v -0.106001 0.048515 -0.034320
v -0.107913 0.047394 -0.032380
v -0.107809 0.047449 -0.032441
v -0.120785 0.046570 -0.031413
v -0.106001 0.048641 -0.035666
v -0.120865 0.047753 -0.032265
v -0.106000 0.041816 -0.032527
v -0.115437 0.113351 -0.039357
v -0.116702 0.112896 -0.038949
v -0.115178 0.119420 -0.033424
v -0.116583 0.118995 -0.032946
v -0.115437 0.119357 0.033351
v -0.116702 0.118949 0.032896
v -0.115178 0.113424 0.039420
v -0.116583 0.112946 0.038995
v -0.115437 0.046649 0.039357
v -0.116702 0.047104 0.038949
v -0.115178 0.040580 0.033424
v -0.116583 0.041005 0.032946
v -0.115437 0.040643 -0.033351
v -0.116702 0.041051 -0.032896
v -0.115178 0.046576 -0.039420
v -0.116583 0.047054 -0.038995
v -0.121145 0.044565 0.026759
v -0.122346 0.055972 0.024029
v -0.122339 0.052006 0.019383
v -0.122375 0.074196 -0.033267
v -0.122846 0.072148 -0.027521
v -0.121158 0.050090 0.032821
v -0.121112 0.047189 0.029911
v -0.122387 0.061524 0.028069
v -0.121112 0.053244 0.035431
v -0.121112 0.056627 0.037749
v -0.122036 0.065154 0.033964
v -0.122553 0.051834 -0.015078
v -0.122628 0.053849 -0.016614
v -0.122024 0.050121 -0.022133
v -0.121112 0.060210 0.039744
v -0.121112 0.063961 0.041401
v -0.123451 0.076984 0.019777
v -0.122933 0.072807 0.026638
v -0.122877 0.064829 -0.023897
v -0.123304 0.069908 -0.019847
v -0.123383 0.072616 -0.019814
v -0.122975 0.068164 0.024331
v -0.122988 0.061922 0.019920
v -0.122395 0.074578 0.033140
v -0.121112 0.067850 0.042704
v -0.121143 0.071840 0.043647
v -0.123376 0.072693 0.019810
v -0.121112 0.075905 0.044210
v -0.123208 0.079026 -0.023811
v -0.123131 0.065159 -0.019928
v -0.122353 0.066330 -0.031039
v -0.123044 0.063255 -0.019872
v -0.122590 0.052953 0.015981
v -0.122500 0.050824 0.014135
v -0.122684 0.055073 0.017368
v -0.122960 0.061354 -0.019629
v -0.122335 0.060872 -0.028205
v -0.122799 0.057601 0.018572
v -0.123244 0.068086 0.019876
v -0.123128 0.065171 0.019929
v -0.122851 0.058636 -0.018946
v -0.122075 0.055419 -0.027201
v -0.123425 0.075488 -0.019785
v -0.121112 0.075905 -0.044210
v -0.121112 0.071841 -0.043643
v -0.121145 0.067848 -0.042708
v -0.121159 0.060199 -0.039746
v -0.121112 0.063961 -0.041401
v -0.121112 0.056627 -0.037749
v -0.121112 0.053244 -0.035431
v -0.121112 0.050089 -0.032811
v -0.121112 0.047189 -0.029911
v -0.121112 0.044569 -0.026756
v -0.121112 0.042251 -0.023373
v -0.122466 0.050029 -0.013293
v -0.121112 0.040256 -0.019790
v -0.121743 0.041908 -0.010935
v -0.122386 0.048310 -0.011061
v -0.121112 0.038599 -0.016039
v -0.122322 0.046919 -0.008602
v -0.121112 0.036357 -0.008158
v -0.122278 0.045974 -0.006239
v -0.121112 0.035790 -0.004097
v -0.122247 0.045286 -0.003499
v -0.121738 0.040450 0.002096
v -0.121112 0.035601 -0.000000
v -0.122234 0.044990 -0.000687
v -0.121112 0.035790 0.004097
v -0.122237 0.045065 0.001859
v -0.122258 0.045524 0.004647
v -0.121112 0.036357 0.008158
v -0.122307 0.046757 0.008564
v -0.121731 0.043062 0.014610
v -0.122415 0.048981 0.012012
v -0.122737 0.056289 -0.018002
v -0.121112 0.038599 0.016039
v -0.121112 0.040256 0.019790
v -0.121112 0.042251 0.023373
v -0.122398 0.045725 0.000361
v -0.122423 0.046372 -0.005006
v -0.122247 0.045286 -0.003499
v -0.122234 0.044990 -0.000687
v -0.122237 0.045065 0.001859
v -0.123415 0.047515 0.001636
v -0.124405 0.048216 0.001691
v -0.123473 0.047528 -0.001000
v -0.122719 0.046472 0.000409
v -0.122258 0.045524 0.004647
v -0.123459 0.047989 0.004245
v -0.124417 0.048663 0.004218
v -0.122554 0.046745 0.004649
v -0.123815 0.049000 0.006526
v -0.124434 0.049489 0.006660
v -0.123250 0.048952 0.007901
v -0.122793 0.048346 0.008185
v -0.122479 0.047655 0.008464
v -0.123839 0.050048 0.008696
v -0.124459 0.050665 0.008933
v -0.123482 0.066881 0.018633
v -0.123883 0.051818 0.011258
v -0.124487 0.052181 0.011019
v -0.122412 0.048982 0.012012
v -0.123326 0.051394 0.011628
v -0.122890 0.050888 0.012052
v -0.124191 0.062841 -0.017258
v -0.124664 0.062439 -0.016766
v -0.124683 0.063747 -0.016916
v -0.122626 0.051132 0.013500
v -0.124513 0.053853 0.012721
v -0.123215 0.064924 -0.019262
v -0.122493 0.050825 0.014135
v -0.123932 0.054036 0.013439
v -0.122978 0.059321 -0.018558
v -0.123361 0.062973 -0.018510
v -0.123797 0.059936 -0.016923
v -0.124619 0.060125 -0.016231
v -0.123399 0.053695 0.013883
v -0.123731 0.063049 -0.017858
v -0.122539 0.051856 0.015096
v -0.123180 0.058252 -0.017344
v -0.124557 0.055804 0.014217
v -0.122983 0.053286 0.014391
v -0.123726 0.057428 -0.015939
v -0.124580 0.057830 -0.015344
v -0.122588 0.052953 0.015981
v -0.123684 0.055894 0.015100
v -0.123109 0.056484 0.016554
v -0.123951 0.054582 -0.013903
v -0.124544 0.055761 -0.014181
v -0.122840 0.056093 0.017148
v -0.123421 0.054276 -0.014375
v -0.123748 0.058092 0.016246
v -0.124589 0.057945 0.015401
v -0.123009 0.053917 -0.014922
v -0.122733 0.053576 -0.015562
v -0.122628 0.053849 -0.016614
v -0.124514 0.054119 -0.012952
v -0.122794 0.057601 0.018572
v -0.124083 0.060479 0.016808
v -0.124623 0.060285 0.016281
v -0.123877 0.051452 -0.010830
v -0.124491 0.052686 -0.011584
v -0.122538 0.051834 -0.015076
v -0.123637 0.061407 0.017655
v -0.123316 0.051032 -0.011206
v -0.123306 0.061915 0.018428
v -0.122877 0.050538 -0.011649
v -0.122542 0.049114 -0.011093
v -0.122458 0.050029 -0.013292
v -0.123056 0.061135 0.018919
v -0.124664 0.062550 0.016782
v -0.124180 0.062968 0.017269
v -0.124706 0.065044 0.016967
v -0.124462 0.051196 -0.009739
v -0.123887 0.066747 0.017908
v -0.123827 0.049605 -0.007879
v -0.124444 0.049987 -0.007727
v -0.122382 0.048310 -0.011060
v -0.123250 0.049115 -0.008155
v -0.122349 0.047571 -0.009856
v -0.122797 0.048534 -0.008481
v -0.122320 0.046919 -0.008602
v -0.123805 0.048254 -0.004358
v -0.124425 0.049057 -0.005538
v -0.123210 0.047714 -0.004520
v -0.122743 0.047071 -0.004716
v -0.122278 0.045974 -0.006239
v -0.124413 0.048445 -0.003249
v -0.124404 0.048155 -0.000893
v -0.123485 0.093031 -0.018626
v -0.123897 0.093069 -0.017898
v -0.123305 0.098088 -0.018429
v -0.123505 0.089323 -0.018830
v -0.124706 0.094956 -0.016967
v -0.123935 0.097004 -0.017525
v -0.123505 0.070672 -0.018830
v -0.123753 0.079999 -0.018483
v -0.123716 0.068251 -0.018183
v -0.124044 0.076796 -0.017891
v -0.125109 0.080000 -0.016663
v -0.124211 0.080308 -0.017638
v -0.122398 0.114275 -0.000361
v -0.122423 0.113628 0.005006
v -0.122247 0.114714 0.003499
v -0.122234 0.115010 0.000687
v -0.122237 0.114936 -0.001859
v -0.123415 0.112485 -0.001637
v -0.124405 0.111784 -0.001690
v -0.123473 0.112472 0.000999
v -0.122719 0.113528 -0.000408
v -0.122258 0.114476 -0.004647
v -0.123460 0.112011 -0.004245
v -0.124417 0.111337 -0.004218
v -0.122554 0.113255 -0.004649
v -0.123815 0.111000 -0.006526
v -0.124434 0.110511 -0.006660
v -0.123250 0.111049 -0.007900
v -0.122793 0.111654 -0.008185
v -0.122479 0.112345 -0.008464
v -0.123839 0.109952 -0.008696
v -0.124459 0.109335 -0.008933
v -0.123883 0.108183 -0.011258
v -0.124487 0.107819 -0.011019
v -0.122412 0.111018 -0.012012
v -0.123326 0.108606 -0.011627
v -0.122890 0.109112 -0.012052
v -0.124191 0.097159 0.017258
v -0.124664 0.097561 0.016766
v -0.124688 0.096215 0.016923
v -0.122626 0.108868 -0.013500
v -0.124513 0.106148 -0.012721
v -0.123215 0.095076 0.019262
v -0.122493 0.109175 -0.014135
v -0.123932 0.105964 -0.013439
v -0.122978 0.100679 0.018558
v -0.123361 0.097019 0.018512
v -0.123797 0.100064 0.016923
v -0.124619 0.099875 0.016231
v -0.123399 0.106305 -0.013884
v -0.123732 0.096948 0.017857
v -0.122539 0.108144 -0.015096
v -0.123180 0.101748 0.017344
v -0.124557 0.104196 -0.014217
v -0.122983 0.106714 -0.014391
v -0.123726 0.102572 0.015939
v -0.124580 0.102170 0.015344
v -0.122588 0.107047 -0.015981
v -0.123684 0.104106 -0.015100
v -0.123109 0.103517 -0.016554
v -0.123951 0.105418 0.013903
v -0.124544 0.104239 0.014181
v -0.122840 0.103907 -0.017148
v -0.123421 0.105725 0.014375
v -0.123748 0.101908 -0.016246
v -0.124589 0.102055 -0.015401
v -0.123009 0.106083 0.014922
v -0.122733 0.106424 0.015562
v -0.122628 0.106151 0.016614
v -0.124514 0.105881 0.012952
v -0.122794 0.102399 -0.018572
v -0.123816 0.099532 -0.017082
v -0.124623 0.099715 -0.016281
v -0.123877 0.108548 0.010830
v -0.124491 0.107314 0.011584
v -0.122538 0.108166 0.015076
v -0.123316 0.108968 0.011206
v -0.122877 0.109463 0.011648
v -0.122542 0.110886 0.011093
v -0.123060 0.098714 -0.018964
v -0.122458 0.109971 0.013292
v -0.124664 0.097450 -0.016782
v -0.124462 0.108804 0.009739
v -0.123827 0.110396 0.007879
v -0.124444 0.110013 0.007727
v -0.122382 0.111690 0.011060
v -0.123250 0.110885 0.008155
v -0.122349 0.112429 0.009856
v -0.122797 0.111466 0.008481
v -0.122320 0.113081 0.008602
v -0.123805 0.111746 0.004358
v -0.124425 0.110943 0.005538
v -0.123210 0.112286 0.004521
v -0.122743 0.112929 0.004717
v -0.122278 0.114026 0.006239
v -0.124413 0.111555 0.003249
v -0.124404 0.111845 0.000893
v -0.123716 0.091749 0.018183
v -0.123505 0.089328 0.018830
v -0.123505 0.070677 0.018830
v -0.123753 0.080001 0.018483
v -0.124044 0.083204 0.017891
v -0.125189 0.080025 0.016578
v -0.124211 0.079692 0.017638
v -0.124874 0.050104 -0.007289
v -0.124421 0.049059 -0.005540
v -0.124868 0.049260 -0.005192
v -0.124438 0.049990 -0.007729
v -0.124886 0.051219 -0.009245
v -0.125311 0.051174 -0.008123
v -0.124460 0.051196 -0.009738
v -0.125011 0.052597 -0.010902
v -0.125473 0.052695 -0.009645
v -0.125500 0.054922 -0.011355
v -0.124512 0.054123 -0.012953
v -0.125325 0.054733 -0.012309
v -0.125472 0.056575 -0.013140
v -0.124928 0.054333 -0.012720
v -0.124542 0.055773 -0.014187
v -0.125108 0.056127 -0.013847
v -0.125500 0.058200 -0.013645
v -0.124579 0.057832 -0.015344
v -0.125204 0.058101 -0.014830
v -0.125500 0.060255 -0.014529
v -0.125229 0.060324 -0.015686
v -0.125500 0.062615 -0.015141
v -0.124619 0.060121 -0.016230
v -0.125426 0.062641 -0.015702
v -0.125500 0.065066 -0.015372
v -0.125185 0.063222 -0.016346
v -0.124671 0.062425 -0.016773
v -0.125012 0.062230 0.016436
v -0.125356 0.059099 0.014951
v -0.125454 0.063056 0.015717
v -0.125488 0.059070 0.014369
v -0.125437 0.065119 -0.015946
v -0.125005 0.060112 0.015882
v -0.124581 0.057947 0.015398
v -0.125142 0.064614 -0.016521
v -0.125096 0.064583 0.016576
v -0.125454 0.064720 0.015873
v -0.125436 0.056359 0.013229
v -0.124981 0.058111 0.015109
v -0.124939 0.055979 0.013957
v -0.124542 0.055801 0.014206
v -0.124508 0.053862 0.012726
v -0.125336 0.054439 0.012024
v -0.125500 0.055338 0.011722
v -0.125490 0.052900 0.009617
v -0.124937 0.054101 0.012498
v -0.125309 0.052238 0.009751
v -0.124904 0.052686 0.011136
v -0.124477 0.052186 0.011020
v -0.124883 0.051253 0.009306
v -0.124450 0.050669 0.008936
v -0.125431 0.050579 0.006158
v -0.125119 0.050024 0.006493
v -0.125487 0.049795 0.002466
v -0.124449 0.049473 0.006718
v -0.125303 0.049439 0.003651
v -0.124860 0.048867 0.003814
v -0.124414 0.048664 0.004219
v -0.124406 0.048216 0.001690
v -0.125303 0.048992 0.000301
v -0.124860 0.048500 0.001490
v -0.125486 0.049849 -0.003089
v -0.124871 0.048468 -0.000800
v -0.125305 0.049518 -0.004100
v -0.124864 0.048710 -0.003008
v -0.124410 0.048445 -0.003250
v -0.125094 0.095427 -0.016576
v -0.125500 0.080000 -0.015475
v -0.125453 0.095261 -0.015879
v -0.124875 0.109896 0.007290
v -0.124421 0.110941 0.005540
v -0.124868 0.110740 0.005192
v -0.124438 0.110010 0.007729
v -0.124886 0.108781 0.009245
v -0.125311 0.108826 0.008123
v -0.124460 0.108804 0.009738
v -0.125011 0.107403 0.010902
v -0.125475 0.107296 0.009646
v -0.125500 0.105078 0.011355
v -0.124512 0.105877 0.012953
v -0.125325 0.105267 0.012309
v -0.125472 0.103425 0.013140
v -0.124928 0.105667 0.012720
v -0.124542 0.104228 0.014187
v -0.125108 0.103873 0.013847
v -0.125500 0.101800 0.013645
v -0.124579 0.102168 0.015344
v -0.125204 0.101899 0.014830
v -0.125500 0.099745 0.014529
v -0.125229 0.099676 0.015686
v -0.125500 0.097385 0.015141
v -0.124619 0.099879 0.016230
v -0.125426 0.097359 0.015702
v -0.125500 0.094934 0.015372
v -0.125155 0.097138 0.016341
v -0.124671 0.097575 0.016773
v -0.125012 0.097770 -0.016436
v -0.125212 0.095954 0.016376
v -0.125441 0.094987 0.015874
v -0.125356 0.100901 -0.014951
v -0.125451 0.096951 -0.015726
v -0.125489 0.100931 -0.014362
v -0.125005 0.099888 -0.015882
v -0.124581 0.102054 -0.015398
v -0.125436 0.103641 -0.013229
v -0.124981 0.101890 -0.015109
v -0.124939 0.104021 -0.013957
v -0.124542 0.104199 -0.014206
v -0.124508 0.106139 -0.012726
v -0.125336 0.105561 -0.012024
v -0.125500 0.104662 -0.011722
v -0.125490 0.107098 -0.009614
v -0.124937 0.105899 -0.012498
v -0.125309 0.107762 -0.009751
v -0.124904 0.107314 -0.011136
v -0.124477 0.107814 -0.011020
v -0.124883 0.108747 -0.009306
v -0.124450 0.109331 -0.008936
v -0.125431 0.109421 -0.006158
v -0.125119 0.109976 -0.006492
v -0.125486 0.110408 -0.001388
v -0.124449 0.110527 -0.006718
v -0.125303 0.110561 -0.003651
v -0.124859 0.111133 -0.003814
v -0.124414 0.111336 -0.004219
v -0.124406 0.111784 -0.001690
v -0.125303 0.111008 -0.000301
v -0.124860 0.111500 -0.001490
v -0.124404 0.111845 0.000893
v -0.124871 0.111532 0.000800
v -0.125305 0.110482 0.004100
v -0.125490 0.109900 0.003872
v -0.124864 0.111290 0.003008
v -0.124410 0.111555 0.003250
v -0.125496 0.080321 0.015681
v -0.125500 0.062615 -0.015141
v -0.125500 0.097385 0.015141
v -0.125602 0.056511 0.009862
v -0.125659 0.060327 0.012130
v -0.124785 0.062842 0.008715
v -0.124370 0.060641 0.004373
v -0.124185 0.065000 0.004373
v -0.124922 0.056313 0.004373
v -0.125659 0.052193 0.002223
v -0.125659 0.053691 0.006409
v -0.125659 0.054954 0.008249
v -0.125659 0.077999 -0.000000
v -0.125659 0.052001 -0.000000
v -0.124922 0.073687 0.004373
v -0.125659 0.075988 0.006945
v -0.125607 0.073011 0.010253
v -0.124785 0.067158 0.008715
v -0.125659 0.064688 0.012995
v -0.125659 0.066915 0.012857
v -0.125659 0.069085 0.012340
v -0.125659 0.071135 0.011460
v -0.124370 0.069359 0.004373
v -0.125659 0.058321 0.011152
v -0.103303 0.123848 0.028741
v -0.103262 0.123778 0.028943
v -0.097370 0.122596 0.030913
v -0.098423 0.122207 0.031400
v -0.100824 0.122200 0.031307
v -0.101698 0.122488 0.030872
v -0.102583 0.123004 0.030110
v -0.102511 0.122907 0.030163
v -0.095519 0.124732 -0.027827
v -0.095684 0.124092 -0.028829
v -0.103232 0.123705 -0.028963
v -0.103436 0.124233 -0.028230
v -0.102985 0.123388 -0.029538
v -0.101795 0.122533 -0.030807
v -0.101740 0.122463 -0.030819
v -0.101602 0.122441 -0.030943
v -0.100677 0.122168 -0.031353
v -0.097709 0.122406 -0.031077
v -0.097376 0.122593 -0.030922
v -0.101274 0.122324 0.031115
v -0.102961 0.123387 0.029536
v -0.097694 0.122453 0.031098
v -0.096610 0.123066 0.030293
v -0.097139 0.122719 0.030757
v -0.102081 0.122682 0.030586
v -0.101234 0.122311 -0.031135
v -0.097061 0.122764 -0.030698
v -0.096728 0.122979 -0.030412
v -0.096436 0.123208 -0.030098
v -0.096106 0.123532 -0.029643
v -0.103308 0.123897 -0.028757
v -0.095532 0.124611 -0.028021
v -0.096877 0.110529 -0.042832
v -0.100963 0.048771 -0.042190
v -0.095684 0.035908 0.028829
v -0.103232 0.036295 0.028963
v -0.102985 0.036612 0.029538
v -0.101795 0.037467 0.030807
v -0.101739 0.037537 0.030819
v -0.101602 0.037559 0.030943
v -0.100677 0.037832 0.031353
v -0.097709 0.037594 0.031077
v -0.097376 0.037407 0.030922
v -0.103303 0.036152 -0.028741
v -0.103262 0.036222 -0.028943
v -0.097369 0.037404 -0.030913
v -0.098423 0.037793 -0.031400
v -0.100824 0.037800 -0.031307
v -0.101698 0.037512 -0.030872
v -0.102583 0.036996 -0.030110
v -0.102510 0.037093 -0.030163
v -0.103501 0.027527 -0.000000
v -0.095501 0.027318 -0.000000
v -0.101274 0.037676 -0.031115
v -0.102961 0.036613 -0.029536
v -0.097694 0.037547 -0.031098
v -0.096610 0.036934 -0.030293
v -0.097139 0.037281 -0.030757
v -0.102081 0.037318 -0.030586
v -0.101234 0.037689 0.031135
v -0.097061 0.037236 0.030698
v -0.096728 0.037022 0.030412
v -0.096436 0.036792 0.030098
v -0.096106 0.036468 0.029643
v -0.103308 0.036103 0.028757
v -0.095532 0.035389 0.028021
v -0.095730 0.108917 0.044031
v -0.096400 0.110055 0.043236
v -0.103484 0.108018 0.044369
v -0.103157 0.109125 0.043657
v -0.102375 0.110303 0.042873
v -0.101750 0.110838 0.042510
v -0.100963 0.111229 0.042190
v -0.100677 0.111353 0.042168
v -0.097415 0.111004 0.042535
v -0.103501 0.064626 0.050170
v -0.103501 0.068939 0.051294
v -0.103501 0.073331 0.052047
v -0.103501 0.077772 0.052425
v -0.103501 0.082228 0.052425
v -0.103501 0.086669 0.052047
v -0.103501 0.091061 0.051294
v -0.103501 0.095374 0.050170
v -0.097466 0.048998 0.042531
v -0.096876 0.049472 0.042832
v -0.098405 0.048631 0.042228
v -0.100634 0.048641 0.042164
v -0.101497 0.048979 0.042387
v -0.102406 0.049721 0.042890
v -0.100813 0.048692 0.042197
v -0.098255 0.048669 0.042264
v -0.102961 0.050464 0.043387
v -0.102713 0.050087 0.043136
v -0.102081 0.049414 0.042682
v -0.098267 0.111335 0.042260
v -0.101234 0.111135 0.042311
v -0.102302 0.110384 0.042819
v -0.096728 0.110412 0.042978
v -0.096106 0.109643 0.043532
v -0.103308 0.108757 0.043897
v -0.107908 0.047396 -0.032384
v -0.107855 0.047592 -0.032579
v -0.107782 0.047497 -0.032486
v -0.107907 0.112384 -0.032604
v -0.107909 0.112604 -0.032383
v -0.107828 0.112429 -0.032558
v -0.107802 0.112453 -0.032535
v -0.107781 0.112499 -0.032488
v -0.107907 0.112604 0.032384
v -0.107856 0.112408 0.032579
v -0.107782 0.112503 0.032486
v -0.107907 0.047616 0.032603
v -0.107909 0.047396 0.032383
v -0.107828 0.047571 0.032558
v -0.107802 0.047547 0.032535
v -0.107781 0.047501 0.032488
v -0.033422 0.032094 0.079016
v -0.032895 0.032286 0.079123
v -0.032333 0.032803 0.079147
v -0.033113 0.032651 0.079000
v -0.033647 0.032265 0.079000
v -0.033378 0.031911 0.079188
v -0.033230 0.031939 0.079487
v -0.034597 0.031393 0.079487
v -0.034280 0.032015 0.079000
v -0.034473 0.031575 0.079060
v -0.034708 0.031904 0.079000
v -0.035144 0.031849 0.079000
v -0.035392 0.031379 0.079196
v -0.035811 0.031359 0.079487
v -0.035724 0.031567 0.079022
v -0.035802 0.031850 0.078995
v -0.036421 0.031515 0.079216
v -0.036995 0.031683 0.079487
v -0.036447 0.032020 0.079000
v -0.036881 0.032195 0.079000
v -0.037085 0.031835 0.079125
v -0.032181 0.037455 0.079024
v -0.032457 0.037961 0.079078
v -0.032664 0.037651 0.079002
v -0.037856 0.032199 0.079487
v -0.037659 0.032340 0.079024
v -0.037470 0.032540 0.079000
v -0.031776 0.037023 0.079163
v -0.032256 0.037921 0.079487
v -0.031688 0.037015 0.079487
v -0.037763 0.032232 0.079144
v -0.032292 0.037070 0.079000
v -0.031503 0.036335 0.079211
v -0.031369 0.035892 0.079487
v -0.032099 0.036665 0.079000
v -0.031887 0.036027 0.079000
v -0.031452 0.035729 0.079105
v -0.031588 0.035423 0.079012
v -0.031334 0.035119 0.079487
v -0.031842 0.035370 0.079000
v -0.031869 0.034931 0.079000
v -0.031449 0.034760 0.079142
v -0.031452 0.034401 0.079487
v -0.031951 0.034499 0.079000
v -0.031646 0.033899 0.079235
v -0.031842 0.033402 0.079487
v -0.031952 0.033549 0.079043
v -0.032089 0.034074 0.079000
v -0.032279 0.033666 0.079000
v -0.032348 0.032671 0.079487
v -0.032514 0.033292 0.079000
v -0.032793 0.032953 0.079000
v -0.034254 0.039250 0.079000
v -0.034089 0.039464 0.079026
v -0.033892 0.039552 0.079237
v -0.033799 0.039475 0.079389
v -0.033769 0.039444 0.079487
v -0.039208 0.034225 0.079000
v -0.039417 0.033971 0.079064
v -0.039563 0.033903 0.079221
v -0.039513 0.033844 0.079309
v -0.039484 0.033812 0.079365
v -0.039454 0.033780 0.079445
v -0.039453 0.033780 0.079446
v -0.032814 -0.032573 0.079012
v -0.032286 -0.032895 0.079123
v -0.032802 -0.032333 0.079147
v -0.032651 -0.033113 0.079000
v -0.032265 -0.033648 0.079000
v -0.031911 -0.033377 0.079188
v -0.031939 -0.033230 0.079487
v -0.031393 -0.034597 0.079487
v -0.031959 -0.033691 0.079028
v -0.032015 -0.034280 0.079000
v -0.031578 -0.034416 0.079069
v -0.031904 -0.034708 0.079000
v -0.031571 -0.035034 0.079033
v -0.031849 -0.035144 0.079000
v -0.031379 -0.035392 0.079196
v -0.031359 -0.035811 0.079487
v -0.031850 -0.035584 0.079000
v -0.031594 -0.035882 0.079023
v -0.031515 -0.036421 0.079216
v -0.031683 -0.036996 0.079487
v -0.031936 -0.036239 0.079000
v -0.032195 -0.036881 0.079000
v -0.032035 -0.037482 0.079132
v -0.037455 -0.032178 0.079026
v -0.037960 -0.032457 0.079078
v -0.037635 -0.032561 0.079005
v -0.032181 -0.037831 0.079487
v -0.032346 -0.037679 0.079026
v -0.032558 -0.037501 0.079000
v -0.037023 -0.031776 0.079163
v -0.037911 -0.032249 0.079487
v -0.037016 -0.031689 0.079487
v -0.032560 -0.038179 0.079209
v -0.036222 -0.031499 0.079144
v -0.035892 -0.031369 0.079487
v -0.036664 -0.032099 0.079000
v -0.036027 -0.031887 0.079000
v -0.035875 -0.031663 0.079012
v -0.035165 -0.031426 0.079129
v -0.035028 -0.031340 0.079487
v -0.035370 -0.031842 0.079000
v -0.034711 -0.031882 0.079000
v -0.034464 -0.031606 0.079043
v -0.034401 -0.031452 0.079487
v -0.033786 -0.031718 0.079157
v -0.033402 -0.031842 0.079487
v -0.034074 -0.032089 0.079000
v -0.033461 -0.032374 0.079000
v -0.032671 -0.032348 0.079487
v -0.032953 -0.032793 0.079000
v -0.039250 -0.034254 0.079000
v -0.039464 -0.034089 0.079026
v -0.039552 -0.033892 0.079237
v -0.039475 -0.033799 0.079390
v -0.039444 -0.033769 0.079487
v -0.034219 -0.039201 0.078995
v -0.033962 -0.039453 0.079072
v -0.033877 -0.039536 0.079260
v -0.033780 -0.039456 0.079439
v 0.033422 -0.032094 0.079016
v 0.032895 -0.032286 0.079123
v 0.032333 -0.032802 0.079147
v 0.033377 -0.031911 0.079188
v 0.033230 -0.031939 0.079487
v 0.034597 -0.031393 0.079487
v 0.033435 -0.032349 0.079001
v 0.034280 -0.032015 0.079000
v 0.034473 -0.031575 0.079060
v 0.034288 -0.032013 0.079002
v 0.035330 -0.031725 0.079003
v 0.035392 -0.031379 0.079196
v 0.035811 -0.031359 0.079487
v 0.035882 -0.031594 0.079023
v 0.036421 -0.031515 0.079216
v 0.036996 -0.031683 0.079487
v 0.036447 -0.032020 0.079000
v 0.036881 -0.032195 0.079000
v 0.032181 -0.037455 0.079024
v 0.032127 -0.037658 0.079153
v 0.032760 -0.037802 0.078992
v 0.037085 -0.031835 0.079125
v 0.037856 -0.032198 0.079487
v 0.037659 -0.032340 0.079024
v 0.037470 -0.032540 0.079000
v 0.031688 -0.037015 0.079487
v 0.032249 -0.037910 0.079487
v 0.037763 -0.032232 0.079144
v 0.032292 -0.037070 0.079000
v 0.031574 -0.036568 0.079196
v 0.031369 -0.035892 0.079487
v 0.032099 -0.036664 0.079000
v 0.031887 -0.036028 0.079000
v 0.031452 -0.035729 0.079105
v 0.031588 -0.035423 0.079012
v 0.031334 -0.035119 0.079487
v 0.031842 -0.035370 0.079000
v 0.031869 -0.034931 0.079000
v 0.031449 -0.034760 0.079142
v 0.031452 -0.034401 0.079487
v 0.031951 -0.034499 0.079000
v 0.031646 -0.033899 0.079235
v 0.031842 -0.033402 0.079487
v 0.031952 -0.033549 0.079043
v 0.032089 -0.034074 0.079000
v 0.032279 -0.033666 0.079000
v 0.032348 -0.032671 0.079487
v 0.032514 -0.033292 0.079000
v 0.032793 -0.032953 0.079000
v 0.034085 -0.039463 0.079028
v 0.034123 -0.039091 0.079000
v 0.033892 -0.039552 0.079238
v 0.033799 -0.039473 0.079392
v 0.033769 -0.039444 0.079487
v 0.039208 -0.034224 0.079000
v 0.039386 -0.034319 0.078994
v 0.039453 -0.033962 0.079073
v 0.039513 -0.033843 0.079309
v 0.039484 -0.033812 0.079365
v 0.039454 -0.033780 0.079445
v 0.039454 -0.033780 0.079446
v 0.014849 -0.016729 0.092541
v 0.005647 -0.013421 0.093101
v 0.009622 -0.019141 0.092618
v 0.021327 0.024085 0.091510
v 0.014951 0.028744 0.091486
v 0.016086 0.021468 0.092116
v 0.027930 -0.003167 0.091975
v 0.021073 -0.001602 0.092647
v 0.028250 -0.010545 0.091751
v 0.027247 0.026162 0.090781
v 0.020086 0.033629 0.090588
v 0.001370 0.019964 0.092720
v 0.006059 0.013012 0.093113
v 0.009259 0.018134 0.092706
v 0.036496 -0.013569 0.090615
v 0.036264 -0.004536 0.090956
v 0.006496 0.026088 0.092113
v 0.004126 -0.044545 0.089698
v 0.032746 0.022284 0.090516
v 0.038035 0.023550 0.089698
v 0.014107 -0.005516 0.093065
v 0.019665 -0.009740 0.092577
v 0.008300 -0.036064 0.090895
v 0.008221 -0.043974 0.089698
v 0.020174 -0.025268 0.091499
v 0.008030 -0.025422 0.092142
v 0.012243 -0.043028 0.089698
v 0.010825 0.034034 0.091059
v 0.005835 0.007212 0.093339
v 0.016160 -0.041715 0.089698
v 0.000541 0.008706 0.093356
v 0.000818 0.004638 0.093456
v 0.026959 0.035700 0.089698
v 0.023550 0.038035 0.089698
v 0.002742 0.031575 0.091574
v 0.012246 0.043031 0.089720
v 0.016850 -0.032139 0.090990
v 0.019940 -0.040046 0.089698
v 0.004333 0.039088 0.090555
v 0.039762 0.004244 0.090455
v 0.033233 0.008039 0.091260
v 0.029784 0.001334 0.091798
v 0.024821 -0.030110 0.090601
v 0.030221 -0.023640 0.090694
v 0.023550 -0.038035 0.089698
v 0.026959 -0.035700 0.089698
v 0.033142 -0.018159 0.090773
v 0.024659 -0.018497 0.091684
v 0.033629 0.014409 0.090949
v 0.024757 0.007864 0.092203
v 0.016084 0.012294 0.092721
v 0.025836 0.016569 0.091696
v 0.019940 0.040046 0.089698
v 0.016160 0.041715 0.089698
v 0.008221 0.043974 0.089698
v 0.038035 -0.023551 0.089701
v 0.015940 0.005136 0.092971
v 0.009427 0.002713 0.093323
v 0.004126 0.044545 0.089698
v 0.000774 -0.008188 0.093379
v 0.000818 -0.004638 0.093456
v 0.007659 -0.004775 0.093357
v 0.004079 -0.002355 0.093456
v 0.004079 0.002355 0.093456
v 0.034360 -0.031196 0.089252
v 0.035724 -0.031141 0.087811
v 0.035083 -0.031101 0.089063
v 0.037455 -0.031668 0.087717
v 0.037921 -0.032011 0.087196
v 0.031762 -0.037214 0.079486
v 0.031309 -0.035783 0.079487
v 0.031314 -0.035709 0.081152
v 0.037112 -0.031728 0.079487
v 0.031824 -0.032931 0.089455
v 0.032109 -0.032970 0.079487
v 0.033124 -0.032001 0.079487
v 0.032838 -0.031884 0.089462
v 0.033561 -0.031489 0.089397
v 0.031504 -0.037161 0.087983
v 0.035735 -0.031352 0.079487
v 0.031225 -0.034227 0.089279
v 0.031488 -0.034228 0.079487
v 0.032207 -0.032464 0.089477
v 0.031121 -0.035913 0.088748
v 0.031129 -0.034773 0.089152
v 0.031095 -0.035398 0.088957
v 0.031487 -0.033542 0.089394
v 0.031693 -0.037467 0.087701
v 0.031952 -0.037845 0.087290
v 0.034409 -0.031439 0.079487
v 0.031273 -0.036526 0.088424
v 0.036848 -0.031385 0.088214
v 0.036253 -0.031200 0.088580
v -0.031196 -0.034360 0.089252
v -0.031098 -0.035751 0.088820
v -0.031101 -0.035082 0.089063
v -0.031634 -0.037374 0.087790
v -0.032011 -0.037921 0.087196
v -0.032931 -0.031824 0.089455
v -0.032970 -0.032109 0.079487
v -0.032001 -0.033124 0.079487
v -0.031884 -0.032838 0.089462
v -0.031489 -0.033561 0.089397
v -0.037161 -0.031504 0.087983
v -0.037135 -0.031729 0.079486
v -0.035725 -0.031348 0.079487
v -0.031351 -0.035735 0.079487
v -0.034305 -0.031437 0.081153
v -0.033922 -0.031589 0.079487
v -0.034227 -0.031225 0.089279
v -0.032464 -0.032207 0.089477
v -0.031743 -0.037178 0.079486
v -0.035913 -0.031121 0.088748
v -0.034773 -0.031129 0.089152
v -0.035398 -0.031095 0.088957
v -0.033542 -0.031487 0.089394
v -0.037467 -0.031693 0.087701
v -0.037845 -0.031952 0.087290
v -0.031439 -0.034409 0.079487
v -0.036526 -0.031273 0.088424
v -0.031385 -0.036848 0.088214
v -0.031200 -0.036253 0.088580
v -0.034360 0.031196 0.089252
v -0.035724 0.031141 0.087812
v -0.035082 0.031101 0.089063
v -0.037374 0.031634 0.087790
v -0.037921 0.032011 0.087196
v -0.031762 0.037214 0.079486
v -0.031309 0.035783 0.079487
v -0.031314 0.035709 0.081152
v -0.031824 0.032932 0.089455
v -0.032109 0.032970 0.079487
v -0.033124 0.032001 0.079487
v -0.032838 0.031884 0.089462
v -0.033561 0.031489 0.089397
v -0.031504 0.037161 0.087983
v -0.035735 0.031352 0.079487
v -0.031225 0.034227 0.089279
v -0.031488 0.034228 0.079487
v -0.032207 0.032464 0.089477
v -0.037178 0.031743 0.079486
v -0.031121 0.035913 0.088748
v -0.031129 0.034773 0.089152
v -0.031095 0.035398 0.088957
v -0.031487 0.033542 0.089394
v -0.031693 0.037467 0.087701
v -0.031952 0.037845 0.087290
v -0.034409 0.031439 0.079487
v -0.031273 0.036526 0.088424
v -0.036847 0.031385 0.088214
v -0.036253 0.031200 0.088580
v 0.032814 0.032573 0.079012
v 0.032286 0.032895 0.079123
v 0.032802 0.032333 0.079147
v 0.032651 0.033113 0.079000
v 0.032265 0.033648 0.079000
v 0.031911 0.033377 0.079188
v 0.031939 0.033230 0.079487
v 0.031393 0.034597 0.079487
v 0.031959 0.033692 0.079028
v 0.032015 0.034280 0.079000
v 0.031579 0.034416 0.079069
v 0.031904 0.034708 0.079000
v 0.031572 0.035034 0.079033
v 0.031849 0.035144 0.079000
v 0.031379 0.035392 0.079196
v 0.031359 0.035811 0.079487
v 0.031850 0.035584 0.079000
v 0.031594 0.035882 0.079023
v 0.031515 0.036422 0.079216
v 0.031683 0.036996 0.079487
v 0.031936 0.036239 0.079000
v 0.032195 0.036881 0.079000
v 0.031835 0.037085 0.079125
v 0.037455 0.032178 0.079026
v 0.037961 0.032457 0.079078
v 0.037635 0.032561 0.079005
v 0.032199 0.037857 0.079487
v 0.032340 0.037659 0.079024
v 0.032540 0.037470 0.079000
v 0.037023 0.031776 0.079163
v 0.037911 0.032249 0.079487
v 0.037016 0.031689 0.079487
v 0.032232 0.037763 0.079144
v 0.036125 0.031446 0.079211
v 0.035946 0.031381 0.079487
v 0.036665 0.032099 0.079000
v 0.036027 0.031887 0.079000
v 0.036041 0.031638 0.079022
v 0.035030 0.031340 0.079487
v 0.035166 0.031426 0.079129
v 0.035370 0.031843 0.079000
v 0.034711 0.031882 0.079000
v 0.034464 0.031606 0.079043
v 0.034401 0.031452 0.079487
v 0.033786 0.031719 0.079157
v 0.033402 0.031842 0.079487
v 0.034074 0.032089 0.079000
v 0.033461 0.032374 0.079000
v 0.032671 0.032348 0.079487
v 0.032953 0.032793 0.079000
v 0.039250 0.034254 0.079000
v 0.039464 0.034089 0.079026
v 0.039553 0.033892 0.079237
v 0.039475 0.033799 0.079390
v 0.039444 0.033769 0.079487
v 0.034225 0.039208 0.078994
v 0.034012 0.039433 0.079049
v 0.033905 0.039560 0.079224
v 0.033838 0.039504 0.079324
v 0.031196 0.034360 0.089252
v 0.031099 0.035751 0.088820
v 0.031101 0.035083 0.089063
v 0.031634 0.037374 0.087790
v 0.032011 0.037921 0.087196
v 0.034306 0.031437 0.081152
v 0.032947 0.032122 0.079487
v 0.032924 0.031832 0.089456
v 0.032001 0.033124 0.079487
v 0.031884 0.032838 0.089462
v 0.031489 0.033561 0.089397
v 0.037161 0.031504 0.087983
v 0.037135 0.031729 0.079486
v 0.035725 0.031348 0.079487
v 0.031352 0.035735 0.079487
v 0.033922 0.031589 0.079487
v 0.034227 0.031225 0.089279
v 0.032464 0.032207 0.089477
v 0.031743 0.037178 0.079486
v 0.035914 0.031121 0.088748
v 0.034773 0.031129 0.089152
v 0.035398 0.031095 0.088957
v 0.033542 0.031487 0.089394
v 0.037467 0.031693 0.087701
v 0.037845 0.031952 0.087290
v 0.031439 0.034409 0.079487
v 0.036526 0.031273 0.088424
v 0.031385 0.036848 0.088214
v 0.031200 0.036253 0.088580
v -0.033894 0.039559 0.079228
v -0.033799 0.039470 0.079397
v -0.034009 0.039670 0.079098
v -0.033532 0.039372 0.083941
v -0.033999 0.039655 0.079115
v -0.034261 0.039263 0.079000
v -0.034100 0.039761 0.079037
v -0.032099 0.036664 0.079000
v -0.036881 0.032195 0.079000
v -0.036447 0.032020 0.079000
v -0.032292 0.037070 0.079000
v -0.039386 0.034319 0.079000
v -0.033113 0.032651 0.079000
v -0.032793 0.032953 0.079000
v -0.032279 0.033666 0.079000
v -0.034280 0.032015 0.079000
v -0.032089 0.034074 0.079000
v -0.035144 0.031849 0.079000
v -0.031869 0.034931 0.079000
v -0.031842 0.035370 0.079000
v -0.039386 0.034319 0.079000
v -0.039760 0.034103 0.079043
v -0.039648 0.033990 0.079120
v -0.039420 0.033587 0.083740
v -0.039177 0.033311 0.084640
v -0.038904 0.033010 0.085402
v -0.038633 0.032716 0.086014
v -0.039663 0.034003 0.079104
v -0.039559 -0.033894 0.079228
v -0.039470 -0.033799 0.079397
v -0.039670 -0.034010 0.079098
v -0.039372 -0.033532 0.083941
v -0.039655 -0.033999 0.079116
v -0.039263 -0.034261 0.079000
v -0.039761 -0.034100 0.079037
v -0.034250 -0.039250 0.079000
v -0.036664 -0.032099 0.079000
v -0.032195 -0.036881 0.079000
v -0.032953 -0.032793 0.079000
v -0.032651 -0.033113 0.079000
v -0.034074 -0.032089 0.079000
v -0.032015 -0.034280 0.079000
v -0.031904 -0.034708 0.079000
v -0.031849 -0.035144 0.079000
v -0.035370 -0.031842 0.079000
v -0.031850 -0.035584 0.079000
v -0.033990 -0.039648 0.079119
v -0.034102 -0.039761 0.079041
v -0.033587 -0.039420 0.083740
v -0.033311 -0.039177 0.084640
v -0.033010 -0.038904 0.085402
v -0.032716 -0.038633 0.086014
v -0.034002 -0.039663 0.079104
v -0.033816 -0.039487 0.079358
v 0.033894 -0.039559 0.079228
v 0.033799 -0.039469 0.079397
v 0.034009 -0.039670 0.079098
v 0.033532 -0.039372 0.083941
v 0.033999 -0.039655 0.079115
v 0.034099 -0.039761 0.079035
v 0.034222 -0.039208 0.079000
v 0.032099 -0.036664 0.079000
v 0.036881 -0.032195 0.079000
v 0.036447 -0.032020 0.079000
v 0.032292 -0.037070 0.079000
v 0.032793 -0.032953 0.079000
v 0.032279 -0.033666 0.079000
v 0.039386 -0.034319 0.079000
v 0.032089 -0.034074 0.079000
v 0.031869 -0.034931 0.079000
v 0.031842 -0.035370 0.079000
v 0.034222 -0.039208 0.079000
v 0.039609 -0.033950 0.079156
v 0.039761 -0.034102 0.079041
v 0.039420 -0.033587 0.083740
v 0.039177 -0.033311 0.084640
v 0.038904 -0.033010 0.085402
v 0.038633 -0.032716 0.086014
v 0.039663 -0.034002 0.079104
v 0.039559 0.033894 0.079228
v 0.039470 0.033798 0.079397
v 0.039670 0.034010 0.079098
v 0.039372 0.033532 0.083941
v 0.039655 0.033999 0.079115
v 0.039263 0.034261 0.079000
v 0.039761 0.034100 0.079037
v 0.034229 0.039215 0.079000
v 0.036664 0.032099 0.079000
v 0.032195 0.036881 0.079000
v 0.032651 0.033113 0.079000
v 0.032953 0.032793 0.079000
v 0.032015 0.034280 0.079000
v 0.034074 0.032089 0.079000
v 0.031904 0.034708 0.079000
v 0.031849 0.035144 0.079000
v 0.035370 0.031843 0.079000
v 0.031850 0.035584 0.079000
v 0.034102 0.039761 0.079041
v 0.033990 0.039648 0.079119
v 0.033587 0.039420 0.083740
v 0.033311 0.039177 0.084640
v 0.033010 0.038904 0.085402
v 0.032716 0.038633 0.086014
v 0.034002 0.039663 0.079104
v 0.033840 0.039509 0.079316
v -0.040035 0.044853 -0.039496
v -0.037534 0.044737 -0.040079
v -0.039733 0.042532 -0.038245
v -0.041618 0.044771 -0.039262
v -0.039059 0.046881 -0.041057
v -0.037225 0.047162 -0.041396
v -0.034922 0.046664 -0.041697
v 0.021537 0.053261 -0.046424
v 0.020995 0.051832 -0.046736
v 0.016601 0.053307 -0.047572
v -0.036249 0.048944 -0.042639
v 0.017027 0.054756 -0.047243
v -0.034166 0.049161 -0.042931
v -0.031728 0.048418 -0.043222
v -0.033148 0.050951 -0.044031
v -0.035275 0.040869 -0.041545
v -0.037290 0.037644 -0.040844
v -0.037502 0.038960 -0.039646
v -0.035073 0.039606 -0.042797
v 0.001703 0.059233 -0.048573
v -0.001099 0.060084 -0.048846
v 0.003812 0.059982 -0.048804
v 0.026936 0.044659 -0.048835
v 0.027244 0.044296 -0.049913
v -0.038668 0.041243 -0.038449
v -0.040748 0.039334 -0.036407
v -0.041826 0.040517 -0.036210
v 0.023531 0.046488 -0.050040
v 0.005391 0.059016 -0.048466
v 0.008683 0.059522 -0.048584
v 0.023769 0.053613 -0.046085
v 0.015563 0.056323 -0.047523
v -0.032778 0.040713 -0.045851
v 0.024044 0.049283 -0.046404
v 0.020362 0.049594 -0.048174
v 0.020634 0.050723 -0.047300
v 0.023727 0.048143 -0.047266
v 0.003253 0.057990 -0.048373
v 0.004848 0.057494 -0.048294
v 0.004518 0.055896 -0.048589
v 0.000000 0.056066 -0.048671
v 0.000459 0.057721 -0.048388
v 0.024466 0.050390 -0.045849
v 0.008022 0.057448 -0.048170
v 0.008986 0.055390 -0.048341
v 0.024253 0.054472 -0.046267
v 0.015858 0.057250 -0.047688
v 0.022374 0.056128 -0.047039
v 0.026528 0.054429 -0.046138
v -0.035761 0.042061 -0.040765
v 0.026944 0.045285 -0.047440
v 0.023560 0.047071 -0.048640
v -0.038018 0.040167 -0.038903
v -0.043101 0.041680 -0.036467
v -0.032645 0.041532 -0.044529
v -0.036372 0.043148 -0.040289
v 0.025102 0.051797 -0.045553
v -0.044131 0.042450 -0.037048
v 0.027123 0.046399 -0.046083
v -0.032837 0.042744 -0.043234
v 0.030076 0.042681 -0.047391
v 0.027490 0.047551 -0.045235
v -0.029889 0.042796 -0.047517
v -0.030137 0.042446 -0.048592
v 0.027969 0.048655 -0.044696
v 0.030050 0.043365 -0.046023
v -0.033291 0.043922 -0.042423
v -0.029777 0.043547 -0.046160
v -0.033857 0.045016 -0.041927
v 0.028701 0.050033 -0.044418
v 0.030239 0.044525 -0.044691
v -0.029958 0.044707 -0.044830
v 0.029686 0.051288 -0.044484
v -0.027045 0.044572 -0.048857
v 0.030653 0.045692 -0.043859
v 0.032555 0.041602 -0.044583
v 0.031183 0.046790 -0.043339
v -0.030375 0.045867 -0.043994
v -0.026902 0.045308 -0.047458
v 0.030390 0.052525 -0.045030
v 0.032755 0.042809 -0.043281
v -0.030888 0.046972 -0.043478
v 0.032007 0.048133 -0.043079
v -0.027071 0.046425 -0.046105
v 0.033200 0.043987 -0.042478
v -0.023947 0.046264 -0.049962
v -0.020481 0.047707 -0.052050
v 0.034189 0.048115 -0.042476
v 0.033780 0.045080 -0.041972
v 0.034600 0.048942 -0.042778
v 0.035560 0.039189 -0.042406
v -0.027450 0.047573 -0.045250
v -0.023795 0.046955 -0.048569
v -0.027909 0.048682 -0.044719
v 0.033918 0.050477 -0.043715
v 0.034676 0.046388 -0.041729
v 0.035767 0.040460 -0.041160
v -0.023949 0.048034 -0.047200
v -0.028634 0.050065 -0.044441
v -0.020371 0.047917 -0.050908
v -0.027728 0.051814 -0.045012
v 0.036263 0.041656 -0.040383
v -0.024287 0.049170 -0.046331
v 0.040170 0.045994 -0.040325
v 0.037605 0.037348 -0.040531
v -0.024688 0.050283 -0.045786
v 0.036885 0.042737 -0.039910
v -0.020282 0.048525 -0.049539
v -0.028512 0.052508 -0.045131
v -0.029826 0.052824 -0.045211
v 0.037824 0.038670 -0.039337
v 0.037867 0.043994 -0.039684
v -0.025323 0.051692 -0.045491
v -0.049851 0.021147 -0.004299
v -0.050229 0.019283 -0.004441
v -0.050448 0.019112 -0.000000
v -0.050100 0.021490 0.000008
v -0.020418 0.049571 -0.048161
v 0.039933 0.034137 -0.039242
v -0.050001 0.022700 -0.004042
v -0.050470 0.023365 0.000006
v -0.016799 0.049241 -0.051684
v -0.016912 0.049055 -0.052794
v 0.038343 0.039877 -0.038600
v -0.050623 0.024358 -0.004029
v 0.038804 0.045207 -0.039924
v -0.049387 0.020501 -0.013165
v -0.049880 0.019747 -0.008830
v 0.039778 0.035178 -0.038078
v -0.051432 0.025031 -0.000005
v 0.039007 0.040950 -0.038146
v -0.020710 0.050694 -0.047282
v -0.049267 0.021544 -0.011019
v -0.026238 0.054559 -0.046210
v -0.049494 0.022285 -0.008351
v -0.016760 0.049811 -0.050279
v -0.051709 0.025756 -0.004036
v -0.021046 0.051811 -0.046725
v 0.040008 0.036558 -0.036958
v -0.053134 0.026503 -0.000025
v 0.041552 0.044828 -0.039313
v -0.049851 0.023944 -0.008139
v 0.040045 0.042166 -0.037935
v -0.016875 0.050833 -0.048896
v -0.052969 0.026680 -0.004071
v -0.021580 0.053244 -0.046414
v 0.041839 0.031953 -0.036471
v 0.042244 0.031190 -0.037232
v 0.043946 0.028976 -0.034024
v 0.040891 0.042943 -0.038019
v -0.013149 0.050305 -0.052280
v -0.013187 0.050161 -0.053366
v -0.009106 0.051042 -0.053797
v -0.048669 0.022124 -0.015822
v -0.054501 0.027281 -0.004190
v -0.055140 0.027184 -0.000049
v -0.050521 0.025211 -0.008044
v -0.020431 0.054854 -0.046773
v 0.040561 0.037779 -0.036262
v -0.017119 0.051947 -0.048010
v 0.041703 0.033052 -0.035350
v -0.051326 0.026187 -0.007967
v 0.041255 0.038839 -0.035840
v -0.013076 0.050872 -0.050850
v -0.021105 0.055651 -0.046896
v -0.048986 0.023001 -0.012488
v -0.022381 0.056125 -0.047038
v -0.017390 0.053065 -0.047444
v 0.041948 0.034489 -0.034315
v -0.055844 0.027418 -0.004204
v 0.042349 0.040007 -0.035643
v -0.056113 0.027250 -0.000061
v -0.052560 0.027104 -0.007960
v -0.013165 0.051874 -0.049465
v -0.049334 0.024648 -0.012157
v -0.017827 0.054514 -0.047118
v 0.043530 0.029872 -0.033297
v 0.043764 0.040909 -0.035677
v 0.042528 0.035720 -0.033669
v -0.009091 0.051195 -0.052652
v -0.054060 0.027739 -0.008164
v -0.013360 0.052981 -0.048575
v -0.049998 0.025916 -0.011982
v 0.045243 0.041335 -0.035882
v 0.043408 0.030989 -0.032321
v -0.055436 0.027907 -0.008301
v 0.043251 0.036768 -0.033281
v -0.048342 0.023973 -0.016484
v -0.018390 0.057446 -0.047685
v -0.013565 0.054099 -0.048002
v -0.050802 0.026896 -0.011858
v -0.009032 0.051721 -0.051282
v 0.043670 0.032476 -0.031382
v 0.044390 0.037888 -0.033098
v -0.048679 0.025605 -0.016036
v -0.013901 0.055561 -0.047664
v -0.052033 0.027825 -0.011819
v -0.009092 0.052708 -0.049897
v -0.047165 0.024591 -0.023135
v 0.045019 0.027795 -0.029935
v 0.045409 0.026900 -0.030536
v -0.048003 0.022804 -0.021390
v -0.047081 0.024316 -0.025250
v 0.045843 0.038723 -0.033118
v 0.044274 0.033716 -0.030792
v -0.053536 0.028489 -0.012015
v -0.004104 0.051830 -0.052997
v -0.002613 0.051769 -0.054137
v -0.012322 0.057047 -0.047878
v 0.047347 0.039055 -0.033258
v -0.049336 0.026872 -0.015783
v 0.045019 0.034751 -0.030442
v -0.047553 0.025182 -0.020321
v 0.044886 0.029049 -0.029027
v -0.009233 0.053809 -0.049006
v -0.054879 0.028710 -0.012324
v -0.012881 0.057926 -0.048003
v -0.050135 0.027859 -0.015612
v -0.014229 0.058524 -0.048180
v -0.004104 0.052343 -0.051595
v 0.046193 0.035826 -0.030273
v -0.009365 0.054928 -0.048427
v 0.045166 0.030581 -0.028192
v -0.047876 0.026794 -0.019759
v -0.051364 0.028804 -0.015545
v -0.004140 0.052996 -0.050604
v 0.046852 0.025076 -0.024378
v 0.046673 0.024969 -0.026711
v -0.009593 0.056399 -0.048079
v 0.047682 0.036587 -0.030259
v 0.045791 0.031827 -0.027663
v -0.052866 0.029505 -0.015744
v -0.004179 0.053648 -0.049906
v -0.048523 0.028059 -0.019430
v -0.046605 0.026610 -0.023986
v 0.046554 0.032850 -0.027354
v -0.054188 0.029768 -0.016103
v 0.046173 0.027237 -0.025414
v -0.004228 0.054406 -0.049319
v -0.049317 0.029054 -0.019215
v -0.000002 0.051970 -0.053057
v 0.047752 0.033884 -0.027201
v -0.009913 0.059337 -0.048535
v 0.046473 0.028807 -0.024690
v -0.046911 0.028194 -0.023313
v -0.004292 0.055527 -0.048729
v -0.050540 0.030019 -0.019122
v -0.045681 0.026808 -0.028167
v -0.045996 0.026019 -0.028874
v -0.044741 0.027869 -0.032231
v 0.049249 0.034593 -0.027173
v -0.052036 0.030763 -0.019324
v 0.000006 0.052483 -0.051654
v 0.047115 0.030057 -0.024226
v -0.004416 0.057002 -0.048371
v -0.047546 0.029457 -0.022911
v 0.050668 0.034930 -0.027409
v -0.045494 0.028211 -0.027422
v 0.047891 0.031069 -0.023963
v -0.053339 0.031077 -0.019726
v 0.047256 0.025630 -0.021562
v -0.048332 0.030462 -0.022653
v 0.000019 0.053458 -0.050269
v -0.004370 0.058634 -0.048405
v 0.049106 0.032067 -0.023829
v -0.045782 0.029764 -0.026643
v 0.047574 0.027230 -0.020954
v -0.049547 0.031452 -0.022537
v -0.005518 0.059860 -0.048754
v 0.004285 0.051790 -0.052999
v 0.004354 0.051654 -0.054084
v 0.008663 0.051118 -0.053833
v -0.044405 0.028665 -0.031436
v 0.048622 0.022242 -0.016037
v 0.048624 0.021764 -0.018184
v 0.000016 0.054895 -0.049154
v 0.050615 0.032733 -0.023781
v -0.051031 0.032246 -0.022745
v 0.048230 0.028483 -0.020559
v -0.046404 0.031021 -0.026171
v -0.044221 0.029944 -0.030601
v 0.052034 0.033019 -0.023987
v 0.049017 0.029484 -0.020343
v -0.052300 0.032632 -0.023212
v -0.047178 0.032037 -0.025874
v 0.004328 0.052310 -0.051569
v 0.048154 0.024256 -0.017483
v 0.050241 0.030453 -0.020231
v -0.044491 0.031459 -0.029721
v 0.048489 0.025879 -0.016992
v 0.004372 0.053286 -0.050184
v -0.048380 0.033058 -0.025738
v -0.042958 0.030545 -0.034551
v -0.043276 0.029872 -0.035378
v -0.041646 0.031921 -0.038196
v 0.051759 0.031077 -0.020150
v 0.008515 0.051285 -0.052722
v 0.012502 0.050332 -0.053452
v 0.049328 0.020598 -0.013617
v 0.004451 0.054726 -0.049069
v 0.049156 0.027135 -0.016668
v -0.049845 0.033913 -0.025958
v -0.045096 0.032710 -0.029184
v -0.042746 0.031816 -0.033578
v 0.049949 0.028127 -0.016502
v 0.048882 0.023150 -0.013205
v -0.045855 0.033737 -0.028850
v 0.008602 0.051793 -0.051317
v -0.042999 0.033287 -0.032604
v 0.051180 0.029073 -0.016416
v 0.008679 0.052776 -0.049930
v 0.049231 0.024791 -0.012833
v -0.047039 0.034793 -0.028697
v -0.041352 0.032513 -0.037284
v -0.039814 0.034021 -0.040754
v 0.012370 0.050521 -0.052303
v 0.049464 0.021003 -0.009507
v 0.049875 0.019751 -0.008859
v 0.052719 0.029717 -0.016409
v -0.048474 0.035715 -0.028928
v 0.008837 0.054220 -0.048818
v -0.043585 0.034528 -0.032006
v 0.049905 0.026048 -0.012582
v -0.041116 0.033725 -0.036246
v 0.012407 0.051036 -0.050933
v -0.044324 0.035568 -0.031637
v 0.049410 0.022396 -0.009129
v -0.049695 0.036212 -0.029413
v 0.050703 0.027032 -0.012469
v 0.054067 0.029956 -0.016678
v 0.012511 0.052031 -0.049546
v -0.041354 0.035147 -0.035187
v -0.045481 0.036665 -0.031469
v 0.049768 0.024049 -0.008869
v 0.015962 0.049515 -0.051857
v 0.020406 0.047739 -0.052068
v -0.039534 0.034548 -0.039795
v 0.051937 0.027960 -0.012411
v 0.012669 0.053142 -0.048661
v -0.046876 0.037661 -0.031709
v 0.015971 0.050064 -0.050414
v -0.041919 0.036379 -0.034535
v 0.053395 0.028552 -0.012387
v 0.012902 0.054254 -0.048081
v 0.050445 0.025308 -0.008692
v -0.039297 0.035680 -0.038669
v -0.042633 0.037431 -0.034135
v 0.050213 0.020148 0.000004
v 0.016099 0.051077 -0.049027
v 0.051248 0.026287 -0.008627
v 0.013235 0.055714 -0.047740
v 0.049865 0.022302 -0.004513
v 0.050127 0.021998 0.000008
v -0.039521 0.037050 -0.037535
v -0.043755 0.038569 -0.033952
v 0.020167 0.047999 -0.050959
v 0.023805 0.046180 -0.051139
v -0.037523 0.036594 -0.042045
v 0.054829 0.028784 -0.012630
v 0.016306 0.052194 -0.048148
v 0.052483 0.027203 -0.008599
v 0.050688 0.023851 0.000003
v -0.045098 0.039648 -0.034204
v -0.040062 0.038270 -0.036834
v 0.013431 0.058697 -0.048257
v 0.020213 0.048553 -0.049556
v 0.050580 0.024335 -0.004304
v 0.053993 0.027785 -0.008500
v 0.050499 0.019127 -0.000000
v 0.050247 0.019288 -0.004442
v 0.051824 0.025489 -0.000009
v 0.051675 0.025766 -0.004308
v 0.055378 0.027986 -0.008784
v 0.052927 0.026682 -0.004285
v 0.054435 0.027265 -0.004194
v 0.055825 0.027437 -0.004437
v 0.053193 0.026503 -0.000025
v 0.017967 0.057570 -0.047744
v 0.054709 0.027100 -0.000043
v 0.056113 0.027250 -0.000061
v -0.024078 0.053471 0.046494
v -0.023404 0.051998 0.046850
v -0.019541 0.053489 0.047692
v 0.035882 0.040176 0.043385
v 0.038300 0.037145 0.042676
v 0.038054 0.038180 0.041455
v -0.026233 0.048071 0.047264
v -0.022553 0.048754 0.049736
v -0.022710 0.049782 0.048331
v -0.026062 0.047004 0.048659
v 0.039431 0.041751 0.038975
v 0.040766 0.038759 0.037417
v 0.041457 0.039822 0.036963
v 0.038775 0.040680 0.039454
v 0.043871 0.042085 0.036901
v 0.045410 0.042392 0.036989
v 0.046067 0.039724 0.034310
v -0.029362 0.044449 0.048717
v -0.026052 0.046428 0.050070
v 0.036077 0.041422 0.042102
v 0.038259 0.039482 0.040226
v -0.026581 0.049201 0.046381
v -0.023008 0.050900 0.047435
v 0.040468 0.042974 0.038736
v 0.042547 0.041001 0.036738
v -0.027036 0.050298 0.045809
v -0.029308 0.045090 0.047362
v 0.036565 0.042605 0.041294
v 0.041719 0.044139 0.038903
v -0.027816 0.051739 0.045469
v 0.033493 0.042140 0.045098
v -0.029489 0.046202 0.045987
v 0.037181 0.043685 0.040793
v 0.040815 0.046685 0.040898
v -0.032391 0.042303 0.047220
v -0.032711 0.041907 0.048253
v 0.033680 0.043332 0.043773
v -0.029882 0.047348 0.045120
v 0.038157 0.044951 0.040538
v -0.032297 0.043044 0.045827
v -0.030393 0.048441 0.044564
v 0.034137 0.044500 0.042934
v 0.038948 0.046555 0.041003
v 0.030692 0.044179 0.046698
v -0.032487 0.044208 0.044482
v 0.034709 0.045587 0.042413
v -0.031272 0.049845 0.044240
v -0.035110 0.040147 0.045347
v 0.030869 0.045318 0.045340
v 0.035867 0.047354 0.042151
v -0.032923 0.045370 0.043636
v -0.035010 0.040919 0.044054
v -0.033486 0.046458 0.043099
v 0.031290 0.046467 0.044477
v -0.035207 0.042141 0.042750
v -0.034447 0.047791 0.042788
v 0.027833 0.045997 0.047994
v 0.035193 0.050857 0.043969
v 0.031811 0.047564 0.043936
v -0.037620 0.037832 0.043300
v 0.027999 0.047091 0.046613
v -0.035682 0.043319 0.041931
v 0.032634 0.048908 0.043648
v -0.037463 0.038743 0.042023
v -0.036291 0.044399 0.041416
v 0.033462 0.050240 0.043794
v -0.037669 0.040026 0.040774
v 0.028383 0.048225 0.045731
v -0.037321 0.045690 0.041126
v 0.024745 0.047697 0.049100
v 0.028850 0.049326 0.045175
v 0.031963 0.052833 0.045216
v -0.039832 0.035557 0.040943
v -0.040217 0.034938 0.041849
v -0.039558 0.046290 0.040758
v -0.035163 0.049225 0.043072
v 0.024899 0.048752 0.047704
v -0.038179 0.041219 0.039989
v 0.029589 0.050702 0.044870
v -0.035644 0.050558 0.043769
v -0.041660 0.045963 0.040299
v -0.039667 0.036548 0.039725
v -0.038830 0.042291 0.039499
v 0.021302 0.048753 0.051487
v 0.028971 0.052338 0.045332
v 0.025243 0.049873 0.046809
v -0.041416 0.033800 0.038768
v -0.043930 0.030313 0.036086
v -0.039882 0.037892 0.038544
v 0.025652 0.050976 0.046240
v 0.021244 0.049328 0.050069
v -0.039954 0.043557 0.039217
v 0.030040 0.052761 0.045298
v 0.050059 0.020329 0.004003
v 0.050500 0.019125 -0.000000
v 0.050193 0.020219 0.000005
v 0.050335 0.019317 0.004928
v 0.026302 0.052379 0.045916
v -0.041214 0.034858 0.037738
v 0.050127 0.021998 0.000008
v 0.021381 0.050349 0.048666
v -0.041334 0.038205 0.036812
v 0.049869 0.021978 0.006322
v -0.041110 0.040160 0.037337
v 0.017762 0.050136 0.052231
v 0.017882 0.049971 0.053348
v 0.050366 0.023557 0.003919
v 0.050688 0.023850 0.000003
v -0.041442 0.036249 0.036616
v 0.049780 0.020950 0.008387
v 0.021679 0.051456 0.047761
v -0.042281 0.041350 0.037058
v 0.051018 0.024770 0.003904
v 0.051529 0.025141 -0.000006
v 0.024727 0.056356 0.047154
v 0.017720 0.050679 0.050811
v 0.022025 0.052562 0.047180
v -0.043472 0.031197 0.035375
v -0.045426 0.028132 0.032743
v 0.051838 0.025752 0.003852
v -0.042717 0.038521 0.035476
v 0.017837 0.051673 0.049405
v 0.052918 0.026362 -0.000022
v 0.050072 0.023921 0.008026
v 0.022576 0.053988 0.046839
v -0.043360 0.032245 0.034280
v 0.053064 0.026649 0.003857
v -0.043840 0.039667 0.035257
v 0.014099 0.051266 0.052835
v 0.014141 0.051145 0.053925
v 0.009997 0.052106 0.054370
v 0.023084 0.055289 0.046886
v 0.049384 0.021681 0.012723
v 0.049614 0.020689 0.014121
v 0.054572 0.027247 0.003893
v 0.018089 0.052770 0.048493
v -0.043604 0.033704 0.033269
v 0.050743 0.025189 0.007919
v 0.014022 0.051805 0.051390
v -0.044175 0.040797 0.035870
v 0.020780 0.057823 0.047862
v 0.018371 0.053876 0.047903
v 0.051551 0.026164 0.007825
v -0.045000 0.029064 0.032066
v -0.044580 0.041868 0.036597
v -0.048453 0.038959 0.033139
v 0.049309 0.022982 0.012465
v -0.044201 0.034938 0.032621
v 0.014116 0.052779 0.049982
v 0.018824 0.055318 0.047547
v -0.044868 0.030212 0.031122
v 0.055968 0.027397 0.003941
v 0.056113 0.027250 -0.000061
v 0.052789 0.027078 0.007791
v -0.044939 0.035975 0.032232
v 0.049656 0.024632 0.012129
v -0.046474 0.041254 0.035795
v 0.009977 0.052234 0.053220
v 0.019229 0.056647 0.047574
v 0.014319 0.053868 0.049067
v -0.046110 0.037065 0.032026
v 0.048858 0.022674 0.016850
v 0.049068 0.021773 0.018298
v -0.045131 0.031721 0.030212
v 0.054297 0.027685 0.007826
v 0.016643 0.059054 0.048413
v 0.014536 0.054974 0.048470
v 0.009917 0.052732 0.051837
v 0.050322 0.025900 0.011941
v -0.046308 0.027014 0.028532
v -0.046706 0.026082 0.029073
v -0.047280 0.037755 0.032035
v 0.048769 0.023956 0.016490
v -0.045747 0.032961 0.029627
v 0.051128 0.026879 0.011798
v 0.014890 0.056428 0.048101
v 0.009982 0.053690 0.050430
v -0.046508 0.033988 0.029275
v 0.055692 0.027846 0.007904
v 0.049104 0.025592 0.016036
v -0.046170 0.028294 0.027658
v 0.052365 0.027803 0.011732
v 0.006044 0.052812 0.053548
v 0.015190 0.057774 0.048110
v 0.010131 0.054772 0.049514
v -0.047707 0.035035 0.029085
v 0.048187 0.023915 0.020813
v 0.048380 0.023103 0.022296
v -0.046453 0.029845 0.026857
v 0.053824 0.028428 0.011835
v 0.012381 0.060017 0.048819
v 0.010276 0.055879 0.048911
v 0.049762 0.026859 0.015770
v 0.005985 0.053313 0.052107
v -0.047852 0.024407 0.022810
v -0.047762 0.024244 0.025159
v -0.048630 0.022626 0.020962
v 0.048083 0.025170 0.020350
v -0.048881 0.035661 0.029072
v -0.047087 0.031092 0.026336
v 0.050565 0.027844 0.015580
v 0.010521 0.057341 0.048531
v 0.006020 0.054261 0.050700
v -0.051514 0.034855 0.027285
v -0.047862 0.032106 0.026027
v 0.055269 0.028605 0.011880
v 0.048402 0.026785 0.019781
v -0.047255 0.026566 0.023959
v 0.010711 0.058692 0.048525
v 0.051800 0.028783 0.015485
v 0.001724 0.053143 0.053622
v 0.006117 0.055340 0.049783
v -0.049080 0.033116 0.025853
v 0.047339 0.025412 0.024671
v 0.047528 0.024665 0.026121
v -0.047558 0.028151 0.023272
v 0.053336 0.029466 0.015601
v 0.008002 0.060702 0.049093
v 0.006194 0.056445 0.049176
v 0.001673 0.053617 0.052243
v 0.049050 0.028051 0.019438
v -0.050261 0.033700 0.025829
v 0.047217 0.026634 0.024105
v -0.048208 0.029403 0.022818
v 0.006337 0.057912 0.048790
v 0.049849 0.029043 0.019204
v 0.001675 0.054561 0.050838
v -0.048994 0.030407 0.022555
v 0.054704 0.029632 0.015673
v -0.048156 0.025039 0.019986
v 0.047519 0.028223 0.023421
v -0.002259 0.053107 0.053673
v -0.002318 0.052999 0.054761
v -0.006719 0.052625 0.054600
v 0.051081 0.030002 0.019083
v 0.006424 0.059266 0.048773
v 0.046352 0.027055 0.028184
v 0.046506 0.026415 0.029711
v -0.050223 0.031385 0.022401
v 0.001714 0.055638 0.049921
v -0.048477 0.026652 0.019416
v 0.052586 0.030679 0.019133
v 0.003553 0.061092 0.049245
v -0.002307 0.053594 0.052233
v 0.001717 0.056742 0.049312
v 0.048156 0.029484 0.023003
v -0.051411 0.031938 0.022370
v -0.049283 0.021737 0.014070
v -0.049325 0.021266 0.016485
v 0.046214 0.028230 0.027522
v -0.049853 0.020215 0.011802
v -0.049138 0.027906 0.019034
v -0.002336 0.054538 0.050826
v 0.048947 0.030486 0.022725
v 0.001750 0.058211 0.048922
v -0.053714 0.031370 0.020437
v -0.049932 0.028900 0.018819
v 0.053979 0.030914 0.019316
v 0.046497 0.029786 0.026731
v -0.048882 0.023749 0.015741
v 0.001724 0.059558 0.048898
v 0.050172 0.031469 0.022581
v -0.006633 0.052761 0.053447
v 0.045191 0.028848 0.031459
v 0.045314 0.028304 0.033025
v -0.002351 0.055616 0.049911
v -0.051168 0.029853 0.018689
v -0.049220 0.025383 0.015293
v -0.001386 0.061173 0.049276
v -0.002414 0.056718 0.049300
v -0.006675 0.053232 0.052069
v 0.051671 0.032187 0.022643
v 0.047121 0.031043 0.026243
v -0.052337 0.030376 0.018656
v 0.045041 0.029970 0.030705
v -0.050224 0.019506 0.006972
v 0.047901 0.032055 0.025926
v -0.002482 0.058187 0.048910
v -0.049890 0.026639 0.014986
v -0.006737 0.054181 0.050661
v -0.054545 0.029917 0.016561
v -0.050689 0.027626 0.014823
v 0.053058 0.032464 0.022867
v -0.002606 0.059526 0.048884
v 0.045306 0.031488 0.029813
v -0.049438 0.022748 0.011291
v -0.010883 0.052040 0.053189
v -0.010995 0.051906 0.054280
v -0.015009 0.050899 0.053808
v 0.049116 0.033068 0.025762
v -0.006812 0.055262 0.049747
v 0.043852 0.030759 0.034476
v 0.043910 0.030340 0.036125
v -0.051928 0.028559 0.014720
v -0.006946 0.056364 0.049137
v -0.049788 0.024397 0.010967
v -0.010915 0.052538 0.051744
v 0.050602 0.033833 0.025839
v 0.045914 0.032737 0.029260
v -0.053090 0.029062 0.014688
v -0.050005 0.020415 0.005445
v 0.043695 0.031814 0.033638
v -0.007125 0.057828 0.048751
v 0.046680 0.033760 0.028906
v -0.050464 0.025656 0.010739
v -0.011007 0.053497 0.050334
v -0.055187 0.028754 0.012506
v -0.051267 0.026636 0.010630
v -0.007368 0.059145 0.048727
v 0.043942 0.033287 0.032651
v -0.014862 0.051075 0.052652
v 0.050703 0.036019 0.029124
v -0.049931 0.021913 0.005242
v -0.011141 0.054584 0.049423
v 0.047878 0.034807 0.028725
v -0.010729 0.060311 0.048938
v -0.011345 0.055685 0.048816
v 0.042298 0.032722 0.037458
v 0.040553 0.034558 0.041430
v 0.049288 0.035652 0.028873
v -0.052506 0.027555 0.010558
v -0.014889 0.051568 0.051269
v -0.050154 0.023141 0.005257
v 0.044532 0.034529 0.032036
v -0.050464 0.019112 0.000001
v -0.050398 0.019222 0.003494
v 0.042005 0.033931 0.036574
v -0.011631 0.057142 0.048438
v 0.045279 0.035562 0.031649
v -0.015006 0.052543 0.049858
v -0.050580 0.024572 0.006423
v -0.050100 0.021483 0.000008
v -0.011986 0.058433 0.048420
v -0.053673 0.028049 0.010537
v 0.042236 0.035349 0.035494
v -0.018821 0.049747 0.052046
v -0.018994 0.049563 0.053138
v 0.046453 0.036647 0.031453
v -0.015195 0.053638 0.048950
v -0.055623 0.027967 0.008665
v -0.050471 0.023367 0.000005
v 0.040253 0.035079 0.040467
v -0.015473 0.059349 0.048540
v -0.015464 0.054738 0.048347
v 0.047903 0.037604 0.031628
v -0.051672 0.025966 0.006297
v -0.018824 0.050286 0.050600
v 0.042804 0.036578 0.034818
v -0.050730 0.024231 0.003209
v -0.015928 0.056218 0.047966
v 0.043526 0.037625 0.034397
v -0.052911 0.026875 0.006258
v 0.040009 0.036191 0.039312
v -0.018963 0.051284 0.049189
v -0.051438 0.025038 -0.000005
v -0.017132 0.057699 0.047951
v -0.054060 0.027360 0.006262
v -0.022519 0.048217 0.051154
v -0.026350 0.046114 0.051171
v -0.051808 0.025650 0.003196
v 0.044664 0.038755 0.034186
v -0.019208 0.052389 0.048286
v 0.040225 0.037548 0.038147
v -0.055947 0.027430 0.004320
v -0.053136 0.026504 -0.000024
v -0.053514 0.026854 0.003279
v -0.055123 0.027179 -0.000049
v -0.056113 0.027250 -0.000061
v -0.020106 0.054988 0.047320
v -0.021881 0.056298 0.047257
v -0.020007 0.058076 0.047978
v -0.025961 0.054655 0.046399
v -0.024330 0.056517 0.047235
v -0.029783 0.052799 0.045337
v -0.028412 0.054706 0.046290
v -0.033292 0.050787 0.044070
v -0.032195 0.052700 0.045136
v -0.042085 0.044139 0.038855
v -0.091000 0.043230 0.034474
v -0.093002 0.043794 0.033677
v -0.093000 0.043240 0.034575
v -0.091000 0.043812 0.033621
v -0.092400 0.044420 0.033298
v -0.092400 0.045329 0.033233
v -0.093000 0.044884 0.033197
v -0.091000 0.044390 0.033295
v -0.091000 0.044634 0.036794
v -0.093000 0.043998 0.036478
v -0.093000 0.044875 0.036806
v -0.091000 0.043930 0.036473
v -0.093000 0.043377 0.035806
v -0.091000 0.043305 0.035736
v -0.091000 0.045668 0.036716
v -0.093000 0.045985 0.036508
v -0.093000 0.046071 0.033544
v -0.092400 0.046247 0.033678
v -0.093000 0.046756 0.034573
v -0.092400 0.046805 0.034784
v -0.092999 0.046638 0.035765
v -0.092400 0.046686 0.035591
v -0.091000 0.046755 0.035674
v -0.092400 0.046205 0.034519
v -0.092400 0.045637 0.033842
v -0.092400 0.044795 0.033721
v -0.092400 0.046284 0.035209
v -0.091000 0.044797 0.033716
v -0.091000 0.045590 0.033833
v -0.091000 0.046194 0.034468
v -0.091000 0.046279 0.035201
v -0.092400 0.114671 0.033233
v -0.093000 0.115116 0.033197
v -0.093000 0.113929 0.033544
v -0.091000 0.114332 0.036716
v -0.093000 0.115125 0.036806
v -0.091000 0.115366 0.036794
v -0.093000 0.114015 0.036508
v -0.092400 0.113314 0.035591
v -0.092998 0.113362 0.035765
v -0.092400 0.113195 0.034784
v -0.093000 0.113244 0.034573
v -0.091000 0.113245 0.035674
v -0.092400 0.113753 0.033678
v -0.091000 0.113709 0.035168
v -0.092400 0.113798 0.034484
v -0.092400 0.113723 0.035203
v -0.091000 0.113926 0.034261
v -0.092400 0.114336 0.033882
v -0.091000 0.114611 0.033751
v -0.092400 0.115217 0.033701
v -0.091000 0.115198 0.033729
v -0.092400 0.115580 0.033298
v -0.091000 0.116070 0.036473
v -0.093000 0.116623 0.035806
v -0.091000 0.116695 0.035736
v -0.093000 0.116002 0.036478
v -0.093002 0.116206 0.033677
v -0.091000 0.116188 0.033621
v -0.091000 0.115610 0.033295
v -0.091000 0.116770 0.034474
v -0.093000 0.116761 0.034575
v -0.091000 0.116770 -0.034474
v -0.093001 0.116206 -0.033677
v -0.093000 0.116761 -0.034575
v -0.091000 0.116188 -0.033621
v -0.092400 0.115580 -0.033298
v -0.092400 0.114671 -0.033233
v -0.093000 0.115116 -0.033197
v -0.091000 0.115610 -0.033295
v -0.091000 0.115366 -0.036794
v -0.093000 0.116002 -0.036478
v -0.093000 0.115125 -0.036806
v -0.091000 0.116070 -0.036473
v -0.093000 0.116623 -0.035806
v -0.091000 0.116695 -0.035736
v -0.091000 0.114673 -0.033733
v -0.092400 0.115199 -0.033729
v -0.091000 0.115198 -0.033729
v -0.092400 0.114611 -0.033751
v -0.091000 0.113941 -0.034232
v -0.092400 0.113834 -0.034377
v -0.091000 0.113709 -0.035168
v -0.092400 0.113723 -0.035203
v -0.091000 0.114332 -0.036716
v -0.093000 0.114015 -0.036508
v -0.093000 0.113929 -0.033544
v -0.092400 0.113753 -0.033678
v -0.093000 0.113244 -0.034573
v -0.092400 0.113195 -0.034784
v -0.092998 0.113362 -0.035765
v -0.092400 0.113314 -0.035591
v -0.091000 0.113245 -0.035674
v -0.092400 0.044420 -0.033298
v -0.093000 0.044884 -0.033197
v -0.092400 0.045329 -0.033233
v -0.091000 0.043930 -0.036473
v -0.093000 0.043377 -0.035806
v -0.091000 0.043305 -0.035736
v -0.093000 0.043998 -0.036478
v -0.093002 0.043794 -0.033677
v -0.091000 0.044634 -0.036794
v -0.093000 0.044875 -0.036806
v -0.091000 0.043812 -0.033621
v -0.091000 0.044390 -0.033295
v -0.091000 0.043230 -0.034474
v -0.093000 0.043240 -0.034575
v -0.093000 0.046071 -0.033544
v -0.091000 0.045668 -0.036716
v -0.093000 0.045985 -0.036508
v -0.092400 0.046686 -0.035591
v -0.092998 0.046638 -0.035764
v -0.092400 0.046805 -0.034784
v -0.093000 0.046756 -0.034573
v -0.091000 0.046755 -0.035674
v -0.092400 0.046247 -0.033678
v -0.092400 0.046284 -0.035209
v -0.092400 0.046205 -0.034519
v -0.092400 0.045637 -0.033842
v -0.092400 0.044795 -0.033721
v -0.091000 0.046279 -0.035201
v -0.091000 0.046194 -0.034468
v -0.091000 0.045590 -0.033833
v -0.091000 0.044797 -0.033716
vn -0.9823 0.1780 0.0579
vn -0.9794 0.1817 0.0882
vn -0.9810 0.1334 0.1407
vn -0.9795 0.1332 0.1512
vn -0.9793 0.1645 0.1181
vn -0.9776 -0.2096 0.0180
vn -0.9775 0.2101 0.0195
vn -0.9985 -0.0451 0.0310
vn -0.9794 -0.1974 0.0422
vn -0.9915 -0.1265 0.0318
vn -0.9784 -0.1776 0.1062
vn -0.9822 -0.1784 0.0581
vn -0.9799 -0.1480 0.1335
vn -0.9986 -0.0422 0.0317
vn -0.9950 -0.0844 0.0528
vn -0.9748 -0.0977 0.2003
vn -0.9770 -0.0593 0.2049
vn -0.9897 -0.0840 0.1161
vn -0.9814 -0.1315 0.1397
vn -0.9765 -0.1199 0.1792
vn -0.9986 0.0422 0.0317
vn -0.9986 -0.0000 0.0528
vn -0.9778 -0.0230 0.2085
vn -0.9774 0.0131 0.2111
vn -0.9795 -0.0416 0.1972
vn -0.9897 -0.0418 0.1368
vn -0.9932 -0.0000 0.1162
vn -0.9915 0.1265 0.0318
vn -0.9950 0.0844 0.0528
vn -0.9783 0.0481 0.2017
vn -0.9751 0.0875 0.2037
vn -0.9759 0.1192 0.1828
vn -0.9792 0.0413 0.1984
vn -0.9897 0.0418 0.1368
vn -0.9897 0.0840 0.1161
vn -0.0287 -0.9903 -0.1357
vn -0.0135 -0.7873 -0.6164
vn 0.0270 -0.8330 -0.5527
vn -0.0108 -0.2649 -0.9642
vn 0.0136 -0.3101 -0.9506
vn -0.0288 0.3102 -0.9502
vn 0.0086 0.2114 -0.9774
vn 0.0320 0.5822 -0.8124
vn -0.0274 0.7960 -0.6047
vn 0.0177 0.8845 -0.4662
vn -0.0170 0.9758 -0.2179
vn 0.0212 0.9973 -0.0700
vn -0.0491 0.7979 0.6008
vn -0.0315 0.6168 -0.7865
vn -0.0246 0.8147 0.5794
vn -0.0230 0.8194 0.5727
vn -0.0509 0.7409 0.6697
vn -0.0062 0.8350 0.5502
vn -0.0129 0.8288 0.5594
vn -0.0510 0.5971 0.8005
vn -0.0421 0.6034 0.7964
vn -0.0561 0.5937 0.8028
vn -0.0032 0.5128 -0.8585
vn -0.0263 0.5563 -0.8306
vn -0.0262 0.5561 -0.8307
vn -0.0274 0.5643 -0.8251
vn -0.0221 0.5946 -0.8038
vn -0.0154 0.5882 -0.8085
vn -0.0130 0.5850 -0.8109
vn -0.0488 0.7997 -0.5985
vn -0.0430 0.7967 -0.6028
vn -0.0561 0.8027 -0.5938
vn -0.0151 0.5879 0.8088
vn -0.0160 0.5890 0.8079
vn -0.0203 0.5946 0.8038
vn -0.0259 0.5463 0.8372
vn -0.0234 0.5403 0.8411
vn -0.0271 0.5628 0.8261
vn -0.0411 0.4872 0.8723
vn -0.0157 0.5245 0.8512
vn -0.0295 0.1740 0.9843
vn 0.0047 0.2358 0.9718
vn -0.0029 0.1122 0.9937
vn 0.0068 0.8485 -0.5291
vn -0.0290 0.7944 -0.6068
vn -0.0345 0.0150 0.9993
vn -0.0702 0.0393 -0.9968
vn -0.0225 0.1207 -0.9924
vn -0.0317 0.0611 -0.9976
vn -0.0180 0.0475 -0.9987
vn -0.0412 0.1199 -0.9919
vn -0.0222 0.1754 -0.9842
vn -0.0674 0.2003 -0.9774
vn -0.0313 0.1978 -0.9797
vn -0.0399 0.8087 -0.5869
vn -0.0337 0.2653 -0.9636
vn -0.0214 0.3020 -0.9531
vn -0.0731 0.2734 -0.9591
vn -0.0226 0.3491 -0.9368
vn -0.0398 0.3388 -0.9400
vn -0.0302 0.4164 -0.9087
vn -0.0353 0.4850 -0.8738
vn -0.0624 0.4255 -0.9028
vn -0.0250 0.4067 -0.9132
vn -0.0405 0.5600 -0.8275
vn -0.0199 0.6339 -0.7731
vn -0.0408 0.6121 -0.7897
vn -0.0404 0.6121 -0.7898
vn -0.0473 0.5321 -0.8453
vn -0.0371 0.5658 -0.8237
vn -0.9896 -0.1199 0.0793
vn -0.0201 0.5214 -0.8531
vn -0.0745 0.4940 -0.8663
vn -0.0286 0.6697 -0.7420
vn -0.0253 0.6226 -0.7821
vn -0.0545 0.6361 -0.7697
vn -0.0492 0.6338 -0.7720
vn -0.0504 0.6342 -0.7715
vn -0.0187 0.6606 -0.7505
vn -0.0333 0.6169 -0.7863
vn -0.0001 0.6260 -0.7798
vn -0.0125 0.6257 -0.7800
vn -0.0057 0.6262 -0.7797
vn 0.0232 0.6309 -0.7755
vn -0.0272 0.7225 -0.6908
vn -0.0128 0.7072 -0.7069
vn -0.0493 0.7704 -0.6356
vn -0.0554 0.7679 -0.6382
vn -0.0729 0.7592 -0.6467
vn -0.0231 0.7843 -0.6200
vn -0.0400 0.7915 -0.6098
vn -0.0226 0.7780 -0.6278
vn -0.0409 0.8311 -0.5546
vn -0.0265 0.8182 -0.5743
vn -0.0266 0.8276 -0.5607
vn -0.0283 0.8332 -0.5522
vn -0.0326 0.8396 -0.5422
vn -0.0295 0.7931 -0.6084
vn -0.0308 0.7858 -0.6178
vn -0.0272 0.7216 -0.6917
vn -0.0235 0.7778 -0.6280
vn 0.0109 0.7792 -0.6266
vn -0.0032 0.7805 -0.6252
vn -0.0045 0.7804 -0.6252
vn -0.0402 0.7075 -0.7055
vn -0.0627 0.8641 -0.4993
vn -0.0366 0.8761 -0.4808
vn -0.0210 0.8542 -0.5196
vn -0.0330 0.9162 -0.3994
vn -0.0339 0.9451 -0.3250
vn -0.0273 0.9111 -0.4112
vn -0.0419 0.9692 -0.2427
vn -0.0220 0.9667 -0.2549
vn -0.0209 0.9550 -0.2960
vn -0.0881 0.9403 -0.3288
vn -0.0558 0.9844 -0.1670
vn -0.0344 0.9869 -0.1577
vn -0.0322 0.9963 -0.0800
vn -0.0226 0.9822 -0.1865
vn -0.0388 0.9992 0.0020
vn -0.0203 0.9998 0.0020
vn -0.0217 0.9981 -0.0569
vn -0.0735 0.9936 -0.0853
vn -0.0200 0.9982 0.0560
vn -0.0739 0.9936 0.0855
vn -0.0320 0.9959 0.0841
vn -0.0349 0.9872 0.1554
vn -0.0419 0.9697 0.2407
vn -0.0220 0.9667 0.2549
vn -0.0227 0.9823 0.1861
vn -0.0558 0.9844 0.1670
vn -0.0341 0.9453 0.3244
vn -0.0329 0.9160 0.3998
vn -0.0881 0.9403 0.3288
vn -0.0211 0.9549 0.2961
vn -0.0361 0.8761 0.4807
vn -0.0273 0.9111 0.4112
vn -0.0311 0.8373 0.5459
vn -0.0279 0.8321 0.5540
vn -0.0261 0.8252 0.5643
vn -0.0264 0.8181 0.5744
vn -0.0406 0.8321 0.5532
vn -0.0220 0.7749 0.6317
vn -0.0407 0.7897 0.6121
vn -0.0208 0.8541 0.5197
vn -0.0330 0.7909 0.6111
vn -0.0632 0.8643 0.4990
vn -0.0757 0.7609 0.6445
vn -0.0561 0.7693 0.6365
vn -0.0482 0.7721 0.6336
vn -0.0249 0.7839 0.6203
vn -0.0300 0.7258 0.6872
vn -0.0032 0.7790 0.6270
vn 0.0060 0.7779 0.6284
vn 0.0126 0.7767 0.6298
vn -0.0237 0.7778 0.6280
vn -0.0265 0.7217 0.6917
vn -0.0299 0.7848 0.6191
vn -0.0625 0.6365 0.7687
vn -0.0493 0.6325 0.7730
vn -0.0277 0.6936 0.7198
vn -0.0176 0.7062 0.7078
vn -0.0227 0.6226 0.7822
vn -0.0259 0.5596 0.8284
vn -0.0302 0.5480 0.8360
vn -0.0327 0.5421 0.8397
vn -0.0400 0.6098 0.7915
vn -0.0209 0.6295 0.7767
vn -0.0413 0.5603 0.8273
vn -0.0282 0.6082 0.7933
vn -0.0322 0.6203 0.7837
vn -0.0195 0.6605 0.7505
vn -0.0030 0.6286 0.7777
vn -0.0395 0.7065 0.7066
vn -0.0037 0.6284 0.7779
vn 0.0576 0.6345 0.7708
vn -0.0614 0.5002 0.8637
vn -0.0199 0.5207 0.8535
vn -0.0354 0.4837 0.8745
vn -0.0297 0.4161 0.9088
vn -0.0244 0.4058 0.9136
vn -0.0441 0.4158 0.9084
vn -0.0400 0.3414 0.9391
vn -0.0206 0.3009 0.9534
vn -0.0326 0.2670 0.9632
vn -0.0307 0.1995 0.9794
vn -0.0425 0.2890 0.9564
vn -0.0415 0.1218 0.9917
vn -0.0188 0.0483 0.9987
vn -0.0292 0.0586 0.9979
vn -0.0148 0.1180 0.9929
vn -0.0631 0.0393 0.9972
vn -0.0580 0.1967 0.9788
vn -0.0215 0.1766 0.9840
vn -0.6640 0.6217 0.4155
vn -0.4054 0.1985 -0.8923
vn -0.6643 0.6214 0.4154
vn -0.2636 0.8491 0.4577
vn -0.2542 0.8539 0.4541
vn -0.7346 0.5642 0.3770
vn -0.5439 0.1824 -0.8191
vn -0.4050 0.7949 0.4519
vn -0.5426 0.1822 -0.8200
vn -0.9655 0.2156 0.1464
vn -0.9282 0.3070 0.2103
vn -0.5409 0.7430 0.3943
vn -0.5430 0.7412 0.3947
vn -0.6642 0.1529 -0.7317
vn -0.7041 0.1541 -0.6932
vn -0.9707 0.2098 0.1169
vn -0.6642 0.6493 0.3704
vn -0.2726 0.8792 0.3907
vn -0.2710 0.8800 0.3900
vn -0.2418 0.1168 -0.9633
vn -0.7856 0.5390 0.3039
vn -0.2553 0.1217 -0.9592
vn -0.7604 0.5742 0.3034
vn -0.9666 0.0587 -0.2493
vn -0.7640 0.1319 -0.6316
vn -0.7584 0.1319 -0.6383
vn -0.8444 0.4627 0.2701
vn -0.2769 0.0247 -0.9606
vn -0.5408 0.7686 0.3417
vn -0.5406 0.7688 0.3416
vn -0.2517 0.0359 -0.9672
vn -0.4049 0.1151 -0.9071
vn -0.8837 0.4073 0.2307
vn -0.4037 0.1147 -0.9077
vn -0.8411 0.1106 -0.5294
vn -0.8367 0.1109 -0.5364
vn -0.4035 0.0493 -0.9136
vn -0.2721 0.9069 0.3217
vn -0.2521 0.9146 0.3161
vn -0.9191 0.0869 -0.3844
vn -0.9642 0.0578 -0.2588
vn -0.9028 0.0873 -0.4210
vn -0.5433 0.1057 -0.8328
vn -0.7602 0.5935 0.2642
vn -0.5419 0.1053 -0.8338
vn -0.7599 0.5940 0.2641
vn -0.5540 0.0187 -0.8323
vn -0.4051 0.8686 0.2853
vn -0.5417 0.0258 -0.8402
vn -0.6171 0.0987 -0.7806
vn -0.5410 0.7918 0.2836
vn -0.9707 0.0332 -0.2380
vn -0.5429 0.7902 0.2842
vn -0.6796 0.0455 -0.7321
vn -0.9667 0.2341 0.1034
vn -0.9652 0.2384 0.1080
vn -0.9062 0.3856 0.1738
vn -0.9034 0.3917 0.1743
vn -0.7782 0.0232 -0.6275
vn -0.7587 0.0329 -0.6506
vn -0.6644 0.7103 0.2323
vn -0.8371 0.0229 -0.5466
vn -0.8531 0.0189 -0.5213
vn -0.2530 0.9388 0.2335
vn -0.2468 0.9409 0.2319
vn -0.9025 0.0194 -0.4302
vn -0.9070 0.0178 -0.4209
vn -0.9687 0.0147 -0.2477
vn -0.9665 0.0120 -0.2565
vn -0.7754 0.5925 0.2185
vn -0.7604 0.6140 0.2116
vn -0.4053 0.8876 0.2188
vn -0.4051 0.8877 0.2187
vn -0.9715 0.1298 0.1986
vn -0.9684 0.1034 0.2271
vn -0.9742 0.1393 0.1778
vn -0.9770 0.1411 0.1598
vn -0.5435 0.8150 0.2010
vn -0.5432 0.8152 0.2009
vn -0.9806 0.1384 0.1389
vn -0.8854 0.4395 0.1515
vn -0.9712 0.2259 0.0758
vn -0.6641 0.7260 0.1789
vn -0.6641 0.7259 0.1790
vn -0.2481 0.9573 0.1484
vn -0.2624 0.9527 0.1532
vn -0.7919 0.5929 0.1462
vn -0.7771 0.6123 0.1458
vn -0.4049 0.9035 0.1404
vn -0.9807 0.1383 0.1383
vn -0.4049 0.9036 0.1401
vn -0.9686 0.2254 0.1052
vn -0.9716 0.1976 0.1304
vn -0.9743 0.1771 0.1394
vn -0.9771 0.1592 0.1413
vn -0.8412 0.5280 0.1168
vn -0.5437 0.8294 0.1289
vn -0.5434 0.8295 0.1288
vn -0.9679 0.2448 0.0576
vn -0.9652 0.2537 0.0638
vn -0.9061 0.4102 0.1033
vn -0.9022 0.4190 0.1025
vn -0.6644 0.7385 0.1148
vn -0.6645 0.7385 0.1148
vn -0.2430 0.9683 0.0571
vn -0.2849 0.9562 0.0677
vn -0.7309 0.6745 0.1046
vn -0.4051 0.9127 0.0540
vn -0.4054 0.9126 0.0539
vn -0.2120 0.9773 0.0066
vn -0.5434 0.8380 0.0496
vn -0.5435 0.8379 0.0497
vn -0.9710 0.2366 0.0330
vn -0.6641 0.7464 0.0442
vn -0.6644 0.7461 0.0443
vn -0.7642 0.6438 0.0383
vn -0.7884 0.6135 0.0455
vn -0.8415 0.5388 0.0403
vn -0.8405 0.5404 0.0401
vn -0.2807 0.9582 -0.0560
vn -0.2409 0.9676 -0.0749
vn -0.9696 0.2443 0.0113
vn -0.9067 0.4206 0.0329
vn -0.9656 0.2592 0.0204
vn -0.9031 0.4282 0.0320
vn -0.4054 0.9126 -0.0532
vn -0.4048 0.9128 -0.0534
vn -0.5436 0.8379 -0.0488
vn -0.5432 0.8382 -0.0489
vn -0.6638 0.7466 -0.0436
vn -0.6648 0.7458 -0.0433
vn -0.9715 0.1981 -0.1302
vn -0.9684 0.2271 -0.1033
vn -0.9742 0.1778 -0.1392
vn -0.2449 0.9570 -0.1552
vn -0.2612 0.9539 -0.1478
vn -0.9691 0.2463 -0.0114
vn -0.9770 0.1598 -0.1411
vn -0.7759 0.6298 -0.0367
vn -0.7641 0.6436 -0.0437
vn -0.9806 0.1388 -0.1383
vn -0.4051 0.9035 -0.1399
vn -0.4049 0.9036 -0.1399
vn -0.8412 0.5402 -0.0243
vn -0.9059 0.4226 -0.0294
vn -0.9659 0.2582 -0.0180
vn -0.9032 0.4280 -0.0309
vn -0.5431 0.8298 -0.1285
vn -0.5435 0.8295 -0.1284
vn -0.9686 0.1052 -0.2254
vn -0.9716 0.1303 -0.1977
vn -0.9743 0.1394 -0.1770
vn -0.9771 0.1411 -0.1591
vn -0.9807 0.1383 -0.1383
vn -0.6639 0.7390 -0.1144
vn -0.6642 0.7388 -0.1143
vn -0.9714 0.2354 -0.0329
vn -0.2539 0.9392 -0.2313
vn -0.2431 0.9408 -0.2361
vn -0.7915 0.6040 -0.0934
vn -0.7773 0.6210 -0.1010
vn -0.4050 0.8878 -0.2184
vn -0.4045 0.8880 -0.2187
vn -0.8407 0.5329 -0.0954
vn -0.8833 0.4626 -0.0763
vn -0.5431 0.8153 -0.2006
vn -0.5433 0.8152 -0.2006
vn -0.9670 0.2479 -0.0582
vn -0.6639 0.7262 -0.1787
vn -0.6640 0.7261 -0.1786
vn -0.2687 0.9101 -0.3154
vn -0.2533 0.0356 0.9667
vn -0.2551 0.9109 -0.3243
vn -0.2773 0.0248 0.9605
vn -0.7308 0.6628 -0.1630
vn -0.4052 0.8695 -0.2825
vn -0.4052 0.0493 0.9129
vn -0.5432 0.0250 0.8392
vn -0.5540 0.0187 0.8323
vn -0.9253 0.3685 -0.0891
vn -0.9657 0.2524 -0.0611
vn -0.5409 0.7921 -0.2830
vn -0.5431 0.7911 -0.2813
vn -0.6818 0.0455 0.7302
vn -0.9707 0.2277 -0.0763
vn -0.2543 0.1185 0.9598
vn -0.2466 0.1216 0.9615
vn -0.6641 0.7113 -0.2301
vn -0.2735 0.8811 -0.3858
vn -0.2706 0.8812 -0.3877
vn -0.7601 0.6115 -0.2198
vn -0.7863 0.5871 -0.1924
vn -0.7328 0.0366 0.6795
vn -0.4052 0.1146 0.9070
vn -0.4051 0.1147 0.9071
vn -0.8413 0.5161 -0.1609
vn -0.5408 0.7706 -0.3371
vn -0.5405 0.7707 -0.3374
vn -0.8837 0.4449 -0.1455
vn -0.5435 0.1052 0.8328
vn -0.5431 0.1054 0.8330
vn -0.9737 0.0105 0.2274
vn -0.6244 0.0979 0.7750
vn -0.2691 0.8503 -0.4523
vn -0.2472 0.2098 0.9460
vn -0.2847 0.1964 0.9383
vn -0.2507 0.8513 -0.4610
vn -0.7602 0.5953 -0.2602
vn -0.7599 0.5955 -0.2605
vn -0.4052 0.7967 -0.4484
vn -0.7996 0.0680 0.5967
vn -0.4045 0.1981 0.8928
vn -0.4053 0.1978 0.8925
vn -0.8542 0.0529 0.5172
vn -0.5429 0.7430 -0.3914
vn -0.5408 0.7436 -0.3931
vn -0.2176 0.2581 0.9413
vn -0.9669 0.2334 -0.1031
vn -0.9651 0.2407 -0.1035
vn -0.5432 0.1817 0.8197
vn -0.9064 0.3878 -0.1674
vn -0.9035 0.3927 -0.1715
vn -0.5433 0.1817 0.8197
vn -0.9664 0.0347 0.2546
vn -0.9671 0.0352 0.2520
vn -0.9064 0.0573 0.4185
vn -0.9198 0.0494 0.3892
vn -0.6644 0.6509 -0.3673
vn -0.2568 0.8055 -0.5341
vn -0.6637 0.1619 0.7302
vn -0.6943 0.1456 0.7049
vn -0.2484 0.8055 -0.5381
vn -0.7754 0.5610 -0.2899
vn -0.7604 0.5705 -0.3104
vn -0.7593 0.1328 0.6371
vn -0.7635 0.1306 0.6325
vn -0.4051 0.7603 -0.5078
vn -0.4053 0.7603 -0.5076
vn -0.8410 0.1232 0.5269
vn -0.2392 0.3323 0.9123
vn -0.5434 0.6981 -0.4661
vn -0.2758 0.3139 0.9085
vn -0.5431 0.6983 -0.4664
vn -0.9723 0.0535 0.2274
vn -0.8850 0.4089 -0.2225
vn -0.8824 0.0998 0.4598
vn -0.9712 0.2082 -0.1160
vn -0.2486 0.7593 -0.6014
vn -0.2535 0.7597 -0.5988
vn -0.4046 0.2985 0.8644
vn -0.6655 0.5885 -0.4592
vn -0.6642 0.6165 -0.4229
vn -0.4054 0.2983 0.8641
vn -0.6796 0.6100 -0.4076
vn -0.7771 0.5303 -0.3390
vn -0.7416 0.5214 -0.4222
vn -0.6796 0.5828 -0.4456
vn -0.5438 0.2737 0.7933
vn -0.4051 0.7165 -0.5680
vn -0.5431 0.2741 0.7937
vn -0.4059 0.7162 -0.5677
vn -0.8318 0.4539 -0.3196
vn -0.5429 0.6545 -0.5262
vn -0.5582 0.6522 -0.5129
vn -0.6637 0.2441 0.7070
vn -0.9689 0.2041 -0.1399
vn -0.9057 0.3542 -0.2327
vn -0.9054 0.3546 -0.2333
vn -0.9656 0.2176 -0.1422
vn -0.6641 0.2438 0.7068
vn -0.9663 0.0817 0.2439
vn -0.2604 0.4092 0.8745
vn -0.2681 0.4037 0.8747
vn -0.7878 0.4799 -0.3861
vn -0.7642 0.2164 0.6076
vn -0.8867 0.3584 -0.2920
vn -0.8588 0.3975 -0.3231
vn -0.7759 0.2059 0.5964
vn -0.8303 0.4394 -0.3428
vn -0.4050 0.3637 0.8389
vn -0.8252 0.4477 -0.3443
vn -0.9702 0.1865 -0.1549
vn -0.9028 0.3367 -0.2675
vn -0.8411 0.1696 0.5135
vn -0.9285 0.2839 -0.2393
vn -0.9105 0.3205 -0.2614
vn -0.9686 0.1889 -0.1614
vn -0.9016 0.1465 0.4069
vn -0.9652 0.0844 0.2476
vn -0.9178 0.1275 0.3761
vn -0.2471 0.5986 -0.7620
vn -0.3035 0.6049 -0.7362
vn -0.5431 0.3562 0.7604
vn -0.5408 0.3581 0.7611
vn -0.4054 0.5565 -0.7252
vn -0.9707 0.0971 0.2198
vn -0.6641 0.2962 0.6864
vn -0.2739 0.4653 0.8417
vn -0.5433 0.5258 -0.6545
vn -0.2687 0.4688 0.8414
vn -0.5445 0.5260 -0.6533
vn -0.7603 0.2778 0.5872
vn -0.7772 0.2583 0.5738
vn -0.6641 0.4602 -0.5892
vn -0.6738 0.4583 -0.5796
vn -0.7433 0.4151 -0.5246
vn -0.9688 0.1653 -0.1848
vn -0.5404 0.4070 0.7364
vn -0.8930 0.2680 -0.3617
vn -0.5407 0.4070 0.7362
vn -0.9107 0.2634 -0.3181
vn -0.9268 0.2468 -0.2832
vn -0.9713 0.1519 -0.1829
vn -0.2555 0.5289 -0.8093
vn -0.2658 0.5325 -0.8036
vn -0.7906 0.3767 -0.4828
vn -0.8879 0.1888 0.4196
vn -0.7787 0.3806 -0.4988
vn -0.4045 0.5223 -0.7507
vn -0.8283 0.3524 -0.4355
vn -0.8604 0.3210 -0.3958
vn -0.2695 0.5266 0.8063
vn -0.2516 0.5356 0.8061
vn -0.8967 0.2711 -0.3498
vn -0.5428 0.4595 -0.7030
vn -0.7604 0.3138 0.5686
vn -0.5408 0.4592 -0.7048
vn -0.7599 0.3141 0.5691
vn -0.4052 0.5187 0.7528
vn -0.9662 0.1457 -0.2127
vn -0.6640 0.4280 -0.6131
vn -0.2701 0.4715 -0.8395
vn -0.2718 0.4722 -0.8385
vn -0.7773 0.3522 -0.5214
vn -0.7602 0.3534 -0.5451
vn -0.5408 0.4581 0.7055
vn -0.5431 0.4562 0.7050
vn -0.9077 0.2055 0.3660
vn -0.9651 0.1274 0.2287
vn -0.9648 0.1277 0.2301
vn -0.9124 0.1978 0.3584
vn -0.2507 0.6014 0.7586
vn -0.2539 0.5997 0.7589
vn -0.5407 0.4128 -0.7330
vn -0.6656 0.4593 0.5883
vn -0.6798 0.4195 0.6015
vn -0.9658 0.1461 -0.2143
vn -0.9095 0.2363 -0.3419
vn -0.9028 0.2399 -0.3569
vn -0.6797 0.4458 0.5825
vn -0.7414 0.4227 0.5211
vn -0.4053 0.5686 0.7159
vn -0.4059 0.5681 0.7159
vn -0.7607 0.3443 0.5504
vn -0.2725 0.4090 -0.8709
vn -0.2569 0.4051 -0.8774
vn -0.7599 0.3189 -0.5664
vn -0.7603 0.3190 -0.5658
vn -0.8316 0.3202 0.4538
vn -0.5582 0.5133 0.6519
vn -0.5432 0.5265 0.6540
vn -0.4053 0.3688 -0.8365
vn -0.8840 0.2617 0.3874
vn -0.9729 0.1307 0.1908
vn -0.5429 0.3607 -0.7584
vn -0.7878 0.3865 0.4795
vn -0.5411 0.3599 -0.7601
vn -0.8255 0.3442 0.4474
vn -0.8303 0.3427 0.4395
vn -0.8868 0.2920 0.3582
vn -0.8873 0.2265 -0.4017
vn -0.8589 0.3231 0.3975
vn -0.9704 0.1175 -0.2110
vn -0.9691 0.1576 0.1898
vn -0.9049 0.2641 0.3338
vn -0.9687 0.1589 0.1906
vn -0.9303 0.2329 0.2835
vn -0.6642 0.3009 -0.6844
vn -0.9115 0.2575 0.3208
vn -0.2427 0.3172 -0.9168
vn -0.2865 0.3257 -0.9010
vn -0.3038 0.7369 0.6040
vn -0.2450 0.7631 0.5981
vn -0.7755 0.2759 -0.5679
vn -0.7604 0.2708 -0.5903
vn -0.4052 0.2993 -0.8638
vn -0.4049 0.2993 -0.8640
vn -0.4053 0.7255 0.5562
vn -0.5449 0.6536 0.5254
vn -0.5433 0.6550 0.5252
vn -0.5433 0.2748 -0.7933
vn -0.6642 0.5894 0.4599
vn -0.6742 0.5795 0.4578
vn -0.7433 0.5248 0.4148
vn -0.9713 0.1829 0.1519
vn -0.9269 0.2832 0.2462
vn -0.9687 0.1852 0.1651
vn -0.9095 0.1734 -0.3779
vn -0.9073 0.1739 -0.3829
vn -0.9669 0.1031 -0.2335
vn -0.8928 0.3616 0.2687
vn -0.9107 0.3184 0.2632
vn -0.9642 0.1102 -0.2413
vn -0.6641 0.2448 -0.7064
vn -0.6640 0.2448 -0.7065
vn -0.2568 0.8035 0.5371
vn -0.2448 0.8087 0.5348
vn -0.2199 0.2552 -0.9416
vn -0.7791 0.4985 0.3801
vn -0.7911 0.4851 0.3727
vn -0.7773 0.2108 -0.5928
vn -0.7641 0.2113 -0.6095
vn -0.4047 0.7602 0.5083
vn -0.4043 0.7604 0.5083
vn -0.8308 0.4428 0.3373
vn -0.8625 0.3993 0.3109
vn -0.8379 0.4326 0.3327
vn -0.8412 0.1711 -0.5129
vn -0.8972 0.3485 0.2714
vn -0.2730 0.2088 -0.9391
vn -0.2437 0.1952 -0.9500
vn -0.5431 0.6981 0.4666
vn -0.9724 0.0742 -0.2214
vn -0.8819 0.1562 -0.4447
vn -0.4046 0.1983 -0.8927
vn -0.9663 0.2122 0.1454
vn -0.9775 -0.1121 -0.1786
vn -0.9761 -0.1060 -0.1899
vn -0.9971 0.0500 -0.0581
vn -0.9741 -0.2243 -0.0293
vn -0.9943 0.0502 -0.0938
vn -0.9924 0.0009 -0.1230
vn -0.9741 0.0305 -0.2239
vn -0.9728 -0.0078 -0.2315
vn -0.9755 -0.0393 -0.2167
vn -0.9880 0.0009 -0.1546
vn -0.9904 0.1378 -0.0079
vn -0.9910 0.0774 -0.1094
vn -0.9750 0.1014 -0.1979
vn -0.9742 0.0676 -0.2153
vn -0.9757 0.0395 -0.2156
vn -0.9808 0.1846 -0.0623
vn -0.9770 0.2083 -0.0455
vn -0.9804 0.1641 -0.1093
vn -0.9890 0.1314 -0.0681
vn -0.9792 0.1793 -0.0948
vn -0.9774 0.1198 -0.1740
vn -0.9762 0.1171 -0.1823
vn -0.9771 0.1485 -0.1527
vn -0.9743 0.2243 -0.0190
vn -0.9751 -0.2188 -0.0354
vn -0.9904 -0.1378 -0.0079
vn -0.9810 -0.1840 -0.0616
vn -0.9798 -0.1797 -0.0879
vn -0.9807 -0.1624 -0.1093
vn -0.9756 -0.1531 -0.1573
vn -0.9904 -0.0955 -0.1004
vn -1.0000 -0.0000 -0.0003
vn -0.9971 -0.0503 -0.0579
vn -0.9943 -0.0502 -0.0941
vn -0.9911 -0.0757 -0.1094
vn -0.9750 -0.0447 -0.2177
vn -0.9744 -0.0817 -0.2096
vn -0.8854 -0.4072 -0.2242
vn -0.9189 0.3838 -0.0908
vn -0.8728 0.4677 -0.1394
vn -0.7895 -0.5233 -0.3207
vn -0.9226 -0.2907 -0.2535
vn -0.9252 0.3782 -0.0320
vn -0.9103 -0.2696 -0.3142
vn -0.8943 0.4439 -0.0559
vn -0.8790 -0.3209 -0.3526
vn -0.8974 -0.2327 -0.3749
vn -0.9115 -0.2116 -0.3528
vn -0.9310 0.3629 0.0398
vn -0.8956 0.4444 0.0183
vn -0.9109 -0.1497 -0.3846
vn -0.8957 -0.1686 -0.4115
vn -0.9134 -0.0818 -0.3987
vn -0.8926 -0.1010 -0.4393
vn -0.9104 0.3888 0.1413
vn -0.7044 0.6929 0.1537
vn -0.9126 -0.0137 -0.4087
vn -0.8921 -0.0264 -0.4511
vn -0.9124 0.0552 -0.4056
vn -0.8892 0.0486 -0.4550
vn -0.8872 0.1234 -0.4445
vn -0.9141 0.1215 -0.3870
vn -0.9148 0.1841 -0.3596
vn -0.8864 0.1960 -0.4194
vn -0.9143 0.2425 -0.3244
vn -0.8848 0.2642 -0.3838
vn -0.8828 0.3266 -0.3377
vn -0.9208 0.2827 -0.2687
vn -0.9229 0.3196 -0.2145
vn -0.8971 0.3587 -0.2580
vn -0.9100 0.3748 -0.1773
vn -0.8968 0.3971 -0.1952
vn -0.9954 0.0059 0.0954
vn -0.9555 -0.0711 -0.2861
vn -0.9939 0.0256 0.1077
vn -0.8261 -0.2310 -0.5140
vn -0.9967 0.0322 0.0749
vn -0.9924 0.0300 0.1191
vn -0.9490 -0.1601 -0.2716
vn -0.9951 0.0538 0.0826
vn -0.9922 0.0634 0.1074
vn -0.9226 -0.2551 -0.2894
vn -0.9937 0.0721 0.0853
vn -0.9568 -0.2042 -0.2068
vn -0.9689 -0.2230 -0.1070
vn -0.9931 0.0965 0.0665
vn -0.9795 0.1413 0.1433
vn -0.9714 -0.2136 -0.1040
vn -0.9313 -0.2912 -0.2188
vn -0.9740 0.2029 0.1009
vn -0.9599 0.2515 0.1242
vn -0.8965 0.4251 0.1249
vn -0.9234 0.3792 0.0592
vn -0.5762 0.8173 0.0016
vn -0.9992 -0.0387 -0.0114
vn -0.9628 0.2695 -0.0220
vn -0.9890 0.1477 -0.0029
vn -0.9923 -0.1233 0.0106
vn -0.9497 -0.3130 0.0061
vn -0.9334 0.3509 -0.0752
vn -0.9942 -0.1057 0.0181
vn -0.9662 0.2397 -0.0953
vn -0.9670 0.2368 -0.0935
vn -0.8910 0.3814 -0.2464
vn -0.9976 -0.0652 0.0233
vn -0.7158 -0.6304 0.3004
vn -0.9122 0.3458 -0.2196
vn -0.7769 0.4160 -0.4727
vn -0.8791 0.3297 -0.3442
vn -0.9986 -0.0458 0.0276
vn -0.9720 -0.1683 0.1642
vn -0.9192 0.2241 -0.3236
vn -0.9902 0.1069 -0.0899
vn -0.9970 -0.0588 0.0507
vn -0.9979 -0.0380 0.0526
vn -0.8459 0.2250 -0.4835
vn -0.9560 0.1071 -0.2733
vn -0.9786 -0.0901 0.1849
vn -0.9927 0.0547 -0.1073
vn -0.9251 0.0840 -0.3704
vn -0.9859 -0.0747 0.1499
vn -0.9461 0.0773 -0.3146
vn -0.9957 -0.0258 0.0889
vn -0.8379 0.0381 -0.5445
vn -0.9735 -0.0251 0.2271
vn -0.9977 0.0066 -0.0675
vn -0.9371 -0.0178 -0.3487
vn -0.9029 -0.0524 -0.4267
vn -0.9198 -0.0357 0.3908
vn -0.0339 -0.9905 -0.1334
vn 0.0152 -0.9630 -0.2691
vn -0.0147 -0.6893 -0.7243
vn -0.0038 -0.7026 -0.7116
vn -0.0107 -0.0934 -0.9956
vn 0.0136 -0.1404 -0.9900
vn 0.0029 0.4425 -0.8968
vn 0.0110 0.4284 -0.9035
vn -0.0157 0.8128 -0.5823
vn 0.0342 0.8850 -0.4643
vn -0.0254 0.9756 -0.2181
vn -0.0413 -0.9902 -0.1334
vn 0.0309 -0.9253 -0.3780
vn -0.0109 -0.7115 -0.7026
vn -0.0197 -0.6993 -0.7145
vn -0.0054 -0.2693 -0.9630
vn 0.0086 -0.3058 -0.9520
vn -0.0087 0.1357 -0.9907
vn 0.0053 0.0977 -0.9952
vn -0.0137 0.6167 -0.7871
vn 0.0108 0.5788 -0.8154
vn -0.0301 0.9697 -0.2426
vn 0.0126 0.9434 -0.3314
vn -0.0199 -0.9973 -0.0700
vn 0.0183 -0.9629 -0.2693
vn -0.0255 -0.8842 -0.4664
vn 0.0305 -0.7222 -0.6910
vn -0.0306 -0.5550 -0.8313
vn 0.0253 -0.3054 -0.9519
vn -0.0316 -0.0337 -0.9989
vn 0.0156 0.0978 -0.9951
vn -0.0205 0.5682 -0.8226
vn -0.0018 0.5332 -0.8460
vn 0.0215 0.8253 -0.5643
vn -0.0371 0.9241 -0.3804
vn 0.0307 0.9908 -0.1315
vn -0.0266 -0.2740 -0.9614
vn -0.0358 -0.3642 -0.9306
vn -0.0313 -0.2814 -0.9591
vn -0.0295 -0.2007 -0.9792
vn -0.0281 -0.1207 -0.9923
vn -0.0298 -0.2012 -0.9791
vn -0.0283 -0.0394 -0.9988
vn -0.0276 -0.1198 -0.9924
vn -0.0278 -0.0377 -0.9989
vn -0.0262 -0.5943 -0.8038
vn -0.0258 -0.6037 -0.7968
vn -0.0271 -0.5875 -0.8087
vn -0.0264 -0.5969 -0.8019
vn -0.0271 -0.5856 -0.8101
vn -0.0263 -0.5661 -0.8239
vn -0.0261 -0.5802 -0.8141
vn -0.0266 -0.5664 -0.8237
vn -0.0264 -0.5690 -0.8219
vn -0.0258 -0.5531 -0.8327
vn -0.0273 -0.5703 -0.8210
vn -0.0263 -0.5423 -0.8398
vn -0.0264 -0.5569 -0.8302
vn -0.0207 -0.5012 -0.8651
vn -0.0208 -0.4918 -0.8704
vn -0.0282 -0.4261 -0.9042
vn -0.0373 -0.5187 -0.8541
vn -0.0256 -0.3491 -0.9367
vn -0.0385 -0.4402 -0.8971
vn -0.9997 0.0262 -0.0010
vn -0.9997 0.0259 -0.0031
vn -0.6165 -0.6799 0.3970
vn 0.9997 -0.0260 -0.0024
vn 0.9997 -0.0261 -0.0010
vn 0.9997 -0.0262 -0.0010
vn 0.0809 -0.8797 0.4687
vn 0.2100 -0.8195 0.5332
vn 0.3325 -0.8356 0.4374
vn 0.5130 -0.6615 0.5471
vn 0.5951 -0.6444 0.4802
vn 0.7260 -0.5032 0.4687
vn 0.7630 -0.3657 0.5330
vn 0.8542 -0.2820 0.4368
vn 0.8414 -0.0604 0.5370
vn 0.8898 0.0720 0.4506
vn 0.8040 0.2288 0.5488
vn 0.7950 0.3729 0.4784
vn 0.6942 0.5024 0.5155
vn 0.6713 0.5987 0.4370
vn 0.4515 0.7062 0.5454
vn 0.3529 0.8401 0.4119
vn 0.1300 0.8405 0.5260
vn 0.0827 0.8630 0.4984
vn 0.9948 -0.1021 -0.0031
vn 0.9949 -0.1007 -0.0039
vn 0.7869 -0.6168 0.0180
vn 0.7618 -0.6478 -0.0036
vn 0.4129 -0.9106 -0.0202
vn 0.2344 -0.9710 0.0475
vn -0.0654 -0.9971 -0.0386
vn -0.4448 -0.8948 0.0399
vn -0.5786 -0.8151 -0.0293
vn -0.9001 -0.4347 0.0286
vn -0.9523 -0.3035 -0.0312
vn 0.2345 0.9709 -0.0476
vn 0.4128 0.9106 0.0202
vn 0.7618 0.6478 0.0036
vn 0.7869 0.6168 -0.0180
vn 0.9979 0.0623 0.0148
vn 0.9967 0.0809 0.0039
vn 0.8229 -0.5681 0.0110
vn 0.8487 -0.5288 -0.0133
vn 0.4322 -0.9018 -0.0047
vn 0.4425 -0.8967 -0.0094
vn 0.0382 -0.9992 0.0138
vn -0.9911 0.1314 -0.0236
vn -0.9230 0.3841 0.0239
vn -0.6789 0.7338 0.0257
vn -0.7870 0.6162 -0.0314
vn -0.1672 0.9857 0.0220
vn -0.2959 0.9549 -0.0256
vn 0.2958 0.9549 0.0258
vn 0.1672 0.9857 -0.0220
vn 0.7702 0.6377 0.0068
vn 0.7186 0.6947 -0.0319
vn 0.9702 0.2421 0.0134
vn 0.9871 0.1590 -0.0207
vn 0.9945 -0.1003 -0.0286
vn 0.8042 -0.5935 0.0330
vn 0.7242 -0.6888 -0.0327
vn 0.2958 -0.9549 0.0258
vn 0.1672 -0.9857 -0.0220
vn -0.1672 -0.9857 0.0220
vn -0.2961 -0.9548 -0.0258
vn -0.6789 -0.7338 0.0257
vn -0.7870 -0.6162 -0.0314
vn -0.9230 -0.3841 0.0239
vn -0.9911 -0.1314 -0.0236
vn -0.1865 0.1321 0.9735
vn -0.8516 0.4632 0.2455
vn -0.8459 0.4658 0.2598
vn -0.6108 0.4091 0.6780
vn -0.1780 -0.7995 0.5737
vn -0.1782 -0.7988 0.5746
vn -0.7971 0.4387 0.4150
vn -0.7968 0.4388 0.4154
vn -0.7173 0.3950 0.5740
vn -0.7174 0.3949 0.5740
vn -0.2108 0.1405 0.9674
vn -0.2709 0.1817 0.9453
vn -0.1216 -0.9560 0.2669
vn -0.2002 0.1134 0.9732
vn -0.1147 -0.9624 0.2463
vn -0.1452 -0.6931 0.7060
vn -0.8859 0.3921 0.2480
vn -0.1474 -0.6612 0.7356
vn -0.8841 0.3930 0.2527
vn -0.5955 0.3279 0.7334
vn -0.0204 -0.9468 0.3212
vn -0.5959 0.3281 0.7330
vn -0.0408 -0.9652 0.2582
vn -0.0574 -0.2440 0.9681
vn -0.5105 0.2863 0.8108
vn -0.5257 0.2891 0.8000
vn -0.8314 0.3695 0.4150
vn -0.1209 -0.5783 0.8068
vn -0.1209 -0.5828 0.8035
vn -0.8314 0.3696 0.4149
vn -0.4144 0.2432 0.8770
vn -0.1143 -0.9031 0.4139
vn -0.1148 -0.9024 0.4153
vn -0.7485 0.3327 0.5736
vn -0.0984 -0.4747 0.8746
vn -0.7483 0.3328 0.5738
vn -0.0983 -0.4712 0.8766
vn -0.3633 0.2062 0.9086
vn -0.0514 -0.9087 0.4143
vn -0.9130 0.3166 0.2574
vn -0.9154 0.3150 0.2506
vn -0.1031 -0.8129 0.5732
vn -0.6736 0.2994 0.6757
vn -0.1034 -0.8123 0.5741
vn -0.0750 -0.3300 0.9410
vn -0.0766 -0.3671 0.9270
vn -0.0576 -0.2537 0.9656
vn -0.5032 0.2243 0.8345
vn -0.0195 -0.8029 0.5958
vn -0.0326 -0.8190 0.5729
vn -0.8602 0.2961 0.4152
vn -0.8601 0.2960 0.4154
vn -0.0932 -0.7345 0.6722
vn -0.0310 -0.2225 0.9744
vn -0.0216 -0.6750 0.7375
vn -0.0260 -0.6924 0.7211
vn -0.7743 0.2665 0.5740
vn -0.7744 0.2665 0.5738
vn -0.0199 -0.5678 0.8229
vn -0.0254 -0.5968 0.8020
vn -0.3451 0.1539 0.9258
vn -0.1994 0.0769 0.9769
vn -0.2408 0.1090 0.9644
vn -0.3390 0.1531 0.9282
vn -0.9357 0.2341 0.2639
vn -0.0115 -0.4202 0.9073
vn -0.9389 0.2316 0.2547
vn -0.0208 -0.4837 0.8750
vn -0.0104 -0.2560 0.9666
vn -0.0163 -0.3696 0.9291
vn -0.0116 -0.2500 0.9682
vn -0.6695 0.2305 0.7061
vn -0.6464 0.2335 0.7264
vn -0.5424 0.1957 0.8170
vn -0.5678 0.1963 0.7994
vn -0.8830 0.2182 0.4156
vn -0.8832 0.2180 0.4152
vn -0.1447 0.2068 0.9676
vn -0.1528 0.1863 0.9705
vn -0.7950 0.1963 0.5740
vn -0.1524 0.1665 0.9742
vn -0.3918 0.1354 0.9100
vn -0.9563 0.1487 0.2516
vn -0.9508 0.1533 0.2691
vn -0.6903 0.1599 0.7057
vn -0.6595 0.1629 0.7338
vn -0.5754 0.1335 0.8069
vn -0.5591 0.1336 0.8183
vn -0.1454 0.1402 0.9794
vn -0.8988 0.1398 0.4154
vn -0.2032 0.1678 0.9647
vn -0.1790 0.1580 0.9711
vn -0.1459 0.1405 0.9793
vn -0.4698 0.1036 0.8766
vn -0.8090 0.1259 0.5742
vn -0.8089 0.1259 0.5742
vn -0.2722 0.0687 0.9598
vn -0.3665 0.0908 0.9260
vn -0.3612 0.0911 0.9280
vn -0.9527 0.0682 0.2963
vn -0.9674 0.0571 0.2468
vn -0.7299 0.1136 0.6741
vn -0.9082 0.0536 0.4151
vn -0.9080 0.0538 0.4156
vn -0.9767 0.0063 0.2143
vn -0.8172 0.0485 0.5743
vn -0.8174 0.0484 0.5740
vn -0.1973 0.0254 0.9800
vn -0.6812 0.0506 0.7304
vn -0.7070 0.0420 0.7060
vn -0.5887 0.0439 0.8071
vn -0.5895 0.0438 0.8066
vn -0.9549 -0.0559 0.2916
vn -0.9669 -0.0747 0.2439
vn -0.4809 0.0358 0.8761
vn -0.4798 0.0359 0.8766
vn -0.2485 0.0195 0.9684
vn -0.3665 0.0286 0.9300
vn -0.3744 0.0280 0.9269
vn -0.9079 -0.0529 0.4157
vn -0.9084 -0.0533 0.4148
vn -0.8171 -0.0475 0.5746
vn -0.8176 -0.0478 0.5738
vn -0.9521 -0.1478 0.2678
vn -0.9563 -0.1559 0.2471
vn -0.6742 -0.0393 0.7375
vn -0.7063 -0.0511 0.7061
vn -0.2172 -0.1762 0.9601
vn -0.1946 -0.1687 0.9663
vn -0.5893 -0.0401 0.8069
vn -0.5954 -0.0430 0.8023
vn -0.1701 -0.1571 0.9728
vn -0.8990 -0.1394 0.4152
vn -0.8991 -0.1395 0.4149
vn -0.4806 -0.0211 0.8767
vn -0.8091 -0.1252 0.5742
vn -0.8095 -0.1255 0.5735
vn -0.2595 -0.0181 0.9656
vn -0.3689 -0.0258 0.9291
vn -0.3779 -0.0279 0.9254
vn -0.1500 -0.1958 0.9691
vn -0.1534 -0.1761 0.9724
vn -0.1496 -0.1544 0.9766
vn -0.1461 -0.1435 0.9788
vn -0.9365 -0.2307 0.2640
vn -0.9389 -0.2362 0.2503
vn -0.7299 -0.1129 0.6741
vn -0.2019 -0.0261 0.9791
vn -0.5355 -0.0899 0.8397
vn -0.8833 -0.2176 0.4152
vn -0.8833 -0.2176 0.4151
vn -0.4735 -0.0854 0.8766
vn -0.7951 -0.1959 0.5740
vn -0.7953 -0.1959 0.5737
vn -0.4133 -0.0685 0.9080
vn -0.9139 -0.3118 0.2598
vn -0.9158 -0.3176 0.2458
vn -0.6591 -0.1612 0.7345
vn -0.6620 -0.1631 0.7315
vn -0.0404 0.9646 0.2606
vn -0.0205 0.9468 0.3212
vn -0.6490 -0.1587 0.7440
vn -0.8610 -0.2937 0.4153
vn -0.0514 0.9080 0.4157
vn -0.8609 -0.2936 0.4154
vn -0.7752 -0.2643 0.5738
vn -0.0356 0.8363 0.5470
vn -0.7751 -0.2644 0.5739
vn -0.3136 -0.0760 0.9465
vn -0.2542 -0.0618 0.9652
vn -0.1154 0.9563 0.2688
vn -0.1217 0.9603 0.2508
vn -0.2070 -0.0714 0.9757
vn -0.8858 -0.3890 0.2532
vn -0.8863 -0.3907 0.2485
vn -0.6973 -0.2378 0.6762
vn -0.5182 -0.1682 0.8385
vn -0.1144 0.9025 0.4152
vn -0.8330 -0.3659 0.4150
vn -0.1143 0.9024 0.4154
vn -0.8331 -0.3659 0.4149
vn -0.4587 -0.1424 0.8771
vn -0.7357 -0.3229 0.5953
vn -0.7445 -0.3419 0.5734
vn -0.0231 0.4135 0.9102
vn -0.3971 -0.1296 0.9086
vn -0.1027 0.8121 0.5744
vn -0.0884 0.7941 0.6013
vn -0.8491 -0.4650 0.2505
vn -0.8486 -0.4619 0.2579
vn -0.2101 0.9462 0.2460
vn -0.1949 0.9349 0.2965
vn -0.0106 0.2295 0.9733
vn -0.6434 -0.2630 0.7189
vn -0.0821 0.6924 0.7168
vn -0.0812 0.6907 0.7186
vn -0.5510 -0.2414 0.7988
vn -0.5502 -0.2409 0.7995
vn -0.1969 0.8879 0.4157
vn -0.7980 -0.4369 0.4152
vn -0.1973 0.8882 0.4149
vn -0.7979 -0.4372 0.4149
vn -0.0581 0.5700 0.8196
vn -0.2580 0.9415 0.2169
vn -0.7183 -0.3933 0.5740
vn -0.7086 -0.3772 0.5964
vn -0.0624 0.5217 0.8508
vn -0.3464 -0.1517 0.9258
vn -0.1774 0.7993 0.5741
vn -0.2563 -0.1106 0.9602
vn -0.3416 -0.1476 0.9282
vn -0.8035 -0.5355 0.2601
vn -0.8037 -0.5380 0.2542
vn -0.0343 0.2457 0.9687
vn -0.0333 0.2583 0.9655
vn -0.0407 0.3111 0.9495
vn -0.6015 -0.3485 0.7188
vn -0.1534 0.6916 0.7058
vn -0.1447 0.6793 0.7195
vn -0.5264 -0.2901 0.7992
vn -0.5201 -0.2821 0.8062
vn -0.7559 -0.5059 0.4155
vn -0.7559 -0.5059 0.4156
vn -0.1357 0.5747 0.8070
vn -0.3300 0.9104 0.2497
vn -0.3133 0.9051 0.2874
vn -0.4162 -0.2414 0.8766
vn -0.0977 0.4762 0.8739
vn -0.0952 0.4726 0.8761
vn -0.6810 -0.4557 0.5733
vn -0.6806 -0.4552 0.5740
vn -0.3664 -0.2059 0.9074
vn -0.1955 -0.1065 0.9749
vn -0.0501 0.2131 0.9758
vn -0.0869 0.4209 0.9029
vn -0.7563 -0.6034 0.2530
vn -0.7569 -0.5975 0.2648
vn -0.2973 0.8596 0.4155
vn -0.2975 0.8598 0.4150
vn -0.5658 -0.4398 0.6974
vn -0.6141 -0.4111 0.6737
vn -0.7123 -0.5655 0.4158
vn -0.7121 -0.5611 0.4220
vn -0.5555 -0.4219 0.7165
vn -0.2588 0.7477 0.6116
vn -0.2773 0.7704 0.5741
vn -0.6320 -0.5018 0.5905
vn -0.6341 -0.5182 0.5739
vn -0.1917 -0.1336 0.9723
vn -0.2144 -0.1407 0.9665
vn -0.2716 -0.1785 0.9457
vn -0.4056 0.8809 0.2438
vn -0.3975 0.8794 0.2618
vn -0.2399 0.6668 0.7055
vn -0.2398 0.6667 0.7056
vn -0.5309 -0.4084 0.7425
vn -0.0799 0.2386 0.9678
vn -0.4684 -0.3606 0.8066
vn -0.5477 -0.2623 0.7945
vn -0.3855 -0.3278 0.8625
vn -0.1999 0.5559 0.8069
vn -0.4285 -0.3644 0.8268
vn -0.1997 0.5556 0.8071
vn -0.4664 -0.3579 0.8089
vn -0.3702 -0.2842 0.8844
vn -0.3749 0.8289 0.4151
vn -0.3799 -0.2952 0.8766
vn -0.3750 -0.1457 0.9155
vn -0.3748 0.8290 0.4150
vn -0.1630 0.4534 0.8763
vn -0.1627 0.4530 0.8766
vn -0.3211 -0.2496 0.9136
vn -0.3476 0.7687 0.5369
vn -0.2934 -0.2408 0.9252
vn -0.1983 -0.1738 0.9646
vn -0.2661 -0.2256 0.9372
vn -0.1270 0.3536 0.9267
vn -0.0835 0.2442 0.9661
vn -0.1097 0.3229 0.9400
vn -0.5922 -0.7552 0.2810
vn -0.6061 -0.7529 0.2563
vn -0.4711 0.8461 0.2492
vn -0.4690 0.8459 0.2540
vn -0.0920 0.2084 0.9737
vn -0.5583 -0.7181 0.4156
vn -0.5601 -0.6936 0.4530
vn -0.4410 0.7956 0.4152
vn -0.4514 -0.5835 0.6751
vn -0.4907 -0.6358 0.5958
vn -0.4913 -0.6378 0.5932
vn -0.4412 0.7956 0.4151
vn -0.3783 0.7050 0.5999
vn -0.3970 0.7164 0.5737
vn -0.1588 -0.1822 0.9703
vn -0.2458 -0.3096 0.9185
vn -0.2346 -0.2809 0.9306
vn -0.5372 0.8037 0.2558
vn -0.2119 -0.2454 0.9460
vn -0.5400 0.8039 0.2494
vn -0.5404 -0.8005 0.2594
vn -0.5382 -0.8066 0.2446
vn -0.4243 -0.5605 0.7113
vn -0.4109 -0.5326 0.7399
vn -0.3289 0.6128 0.7185
vn -0.3400 0.6213 0.7060
vn -0.1463 -0.1762 0.9734
vn -0.5073 0.7552 0.4152
vn -0.3601 -0.4805 0.7996
vn -0.3589 -0.4649 0.8093
vn -0.3361 -0.4148 0.8456
vn -0.5071 0.7552 0.4154
vn -0.2727 0.5232 0.8074
vn -0.5088 -0.7539 0.4156
vn -0.5087 -0.7543 0.4150
vn -0.3096 -0.3765 0.8732
vn -0.2364 0.4266 0.8730
vn -0.2312 0.4216 0.8768
vn -0.4565 0.6800 0.5738
vn -0.4565 0.6799 0.5739
vn -0.4710 -0.6983 0.5390
vn -0.5984 0.7563 0.2646
vn -0.6036 0.7555 0.2546
vn -0.2461 -0.3127 0.9174
vn -0.4736 -0.8454 0.2469
vn -0.1235 0.2217 0.9673
vn -0.1673 0.3282 0.9297
vn -0.1237 0.2258 0.9663
vn -0.4749 -0.8428 0.2532
vn -0.1375 -0.2008 0.9699
vn -0.4401 0.5656 0.6974
vn -0.3812 0.5804 0.7196
vn -0.3950 0.5880 0.7058
vn -0.4465 -0.7926 0.4152
vn -0.4465 -0.7926 0.4153
vn -0.5661 0.7119 0.4157
vn -0.5615 0.7118 0.4220
vn -0.2998 -0.4557 0.8381
vn -0.2487 -0.3922 0.8856
vn -0.4320 0.5611 0.7060
vn -0.3307 0.4704 0.8181
vn -0.4020 -0.7136 0.5737
vn -0.4030 -0.6918 0.5991
vn -0.5188 0.6335 0.5740
vn -0.2188 -0.3129 0.9243
vn -0.5022 0.6316 0.5906
vn -0.1446 -0.2210 0.9645
vn -0.2538 0.4129 0.8747
vn -0.4048 -0.8772 0.2582
vn -0.4034 -0.8798 0.2515
vn -0.2245 0.3165 0.9217
vn -0.1359 0.1984 0.9706
vn -0.1417 0.2164 0.9660
vn -0.3367 -0.5809 0.7411
vn -0.3463 -0.6157 0.7078
vn -0.4164 0.5251 0.7422
vn -0.3510 0.4547 0.8185
vn -0.2618 0.5481 0.7944
vn -0.3792 -0.8268 0.4154
vn -0.3278 0.3855 0.8625
vn -0.3644 0.4285 0.8268
vn -0.3792 -0.8270 0.4152
vn -0.3671 0.4627 0.8069
vn -0.3067 0.3691 0.8773
vn -0.3232 -0.5751 0.7516
vn -0.1454 0.3750 0.9156
vn -0.1473 0.1774 0.9730
vn -0.2476 0.3161 0.9159
vn -0.3413 -0.7445 0.5737
vn -0.2408 0.2934 0.9252
vn -0.1646 0.1862 0.9686
vn -0.3414 -0.7441 0.5742
vn -0.2257 0.2661 0.9372
vn -0.3169 -0.9135 0.2552
vn -0.3235 -0.8977 0.2990
vn -0.7556 0.5917 0.2809
vn -0.1213 -0.2179 0.9684
vn -0.7536 0.6057 0.2555
vn -0.3079 -0.6715 0.6740
vn -0.2983 -0.8593 0.4156
vn -0.2982 -0.8595 0.4152
vn -0.7181 0.5580 0.4159
vn -0.6942 0.5594 0.4530
vn -0.2336 -0.4912 0.8391
vn -0.6292 0.4982 0.5966
vn -0.6464 0.5011 0.5754
vn -0.5780 0.4581 0.6753
vn -0.2046 -0.4117 0.8881
vn -0.2686 -0.7733 0.5743
vn -0.2686 -0.7735 0.5741
vn -0.2548 -0.9416 0.2201
vn -0.1508 -0.3401 0.9282
vn -0.1005 -0.2275 0.9686
vn -0.1158 -0.2481 0.9618
vn -0.1895 0.1644 0.9680
vn -0.3221 0.2508 0.9129
vn -0.2452 0.2117 0.9461
vn -0.2805 0.2343 0.9308
vn -0.8016 0.5370 0.2628
vn -0.8068 0.5353 0.2501
vn -0.2324 -0.6690 0.7060
vn -0.2338 -0.6437 0.7287
vn -0.5533 0.4197 0.7196
vn -0.5332 0.4096 0.7402
vn -0.2023 -0.5601 0.8034
vn -0.4186 0.3267 0.8474
vn -0.4782 0.3649 0.7989
vn -0.4716 0.3622 0.8040
vn -0.2018 -0.5559 0.8064
vn -0.2086 -0.9368 0.2810
vn -0.7554 0.5063 0.4161
vn -0.1934 -0.9503 0.2440
vn -0.7560 0.5061 0.4152
vn -0.3701 0.2874 0.8834
vn -0.3798 0.2927 0.8776
vn -0.1520 -0.4566 0.8766
vn -0.6798 0.4555 0.5748
vn -0.6805 0.4556 0.5739
vn -0.3181 0.2504 0.9144
vn -0.1395 -0.3972 0.9071
vn -0.0694 -0.2072 0.9758
vn -0.1978 -0.8876 0.4159
vn -0.1979 -0.8880 0.4151
vn -0.8127 -0.5803 0.0525
vn -0.8311 -0.5527 0.0613
vn -0.7655 0.6419 0.0443
vn -0.8741 -0.4819 0.0614
vn -0.7000 0.7119 0.0558
vn -0.8579 -0.5111 0.0531
vn -0.0363 -0.9976 0.0584
vn -0.9131 -0.4032 0.0610
vn -0.6294 0.7724 0.0854
vn -0.8972 -0.4386 0.0521
vn -0.7075 0.7046 0.0550
vn -0.0412 -0.9976 0.0564
vn -0.1191 -0.9912 0.0574
vn -0.9303 -0.3631 0.0519
vn -0.7060 0.7060 0.0568
vn -0.9447 -0.3220 0.0612
vn -0.7014 0.7106 0.0562
vn -0.1234 -0.9908 0.0557
vn -0.1938 -0.9794 0.0574
vn -0.9680 -0.2434 0.0615
vn -0.6123 0.7885 0.0582
vn -0.6405 0.7666 0.0454
vn -0.9571 -0.2849 0.0528
vn -0.2050 -0.9773 0.0534
vn -0.2676 -0.9618 0.0582
vn -0.5583 0.8276 0.0587
vn -0.9851 -0.1606 0.0612
vn -0.9773 -0.2050 0.0526
vn -0.5842 0.8098 0.0535
vn -0.2849 -0.9571 0.0531
vn -0.3375 -0.9394 0.0605
vn -0.4862 0.8718 0.0603
vn -0.9952 -0.0768 0.0609
vn -0.5222 0.8514 0.0488
vn -0.9910 -0.1236 0.0521
vn -0.3631 -0.9302 0.0532
vn -0.4117 0.9093 0.0601
vn -0.9982 0.0016 0.0597
vn -0.4125 -0.9089 0.0609
vn -0.4386 0.8972 0.0522
vn -0.9978 -0.0412 0.0522
vn -0.4386 -0.8971 0.0526
vn -0.4875 -0.8710 0.0600
vn -0.9950 0.0803 0.0600
vn -0.3401 0.9385 0.0602
vn -0.9978 0.0412 0.0515
vn -0.3631 0.9302 0.0532
vn -0.9910 0.1235 0.0526
vn -0.9855 0.1582 0.0612
vn -0.6327 -0.7689 0.0923
vn -0.2693 0.9613 0.0580
vn -0.2849 0.9571 0.0531
vn -0.9771 0.2065 0.0524
vn -0.5113 -0.8578 0.0524
vn -0.9685 0.2418 0.0593
vn -0.5582 -0.8275 0.0603
vn -0.1953 0.9791 0.0572
vn -0.2050 0.9773 0.0537
vn -0.9549 0.2930 0.0482
vn -0.1206 0.9910 0.0573
vn -0.9450 0.3218 0.0581
vn -0.1234 0.9908 0.0562
vn -0.0373 0.9976 0.0584
vn -0.0412 0.9975 0.0568
vn -0.9269 0.3714 0.0537
vn -0.5801 -0.8128 0.0528
vn -0.9129 0.4036 0.0610
vn -0.6114 -0.7892 0.0581
vn -0.8979 0.4371 0.0525
vn -0.8745 0.4814 0.0585
vn -0.7704 0.6309 0.0918
vn -0.8567 0.5135 0.0482
vn -0.8317 0.5520 0.0593
vn -0.6457 -0.7624 0.0423
vn -0.7075 -0.7038 0.0641
vn -0.7895 0.6110 0.0583
vn -0.8099 0.5842 0.0532
vn -0.7738 -0.6276 0.0853
vn -0.7057 -0.7057 0.0635
vn -0.7059 -0.7055 0.0638
vn -0.7102 -0.7012 0.0625
vn -0.7889 -0.6117 0.0585
vn -0.7624 -0.6457 0.0429
vn -0.8547 0.5188 0.0172
vn -0.7826 0.6215 0.0345
vn -0.8561 0.5147 0.0473
vn -0.9836 0.1798 0.0172
vn -0.5174 0.8556 0.0125
vn -0.4391 0.8982 0.0186
vn -0.7057 0.7083 0.0159
vn -0.7088 0.7051 0.0202
vn -0.6407 0.7676 0.0160
vn -0.7869 0.6165 0.0246
vn -0.7105 0.7006 0.0657
vn -0.7323 0.6809 0.0132
vn -0.8548 0.5186 0.0174
vn -0.8074 0.5898 0.0173
vn -0.8655 0.5004 0.0224
vn -0.9134 0.4062 0.0264
vn -0.9544 0.2981 0.0173
vn -0.9836 0.1793 0.0172
vn -0.3635 0.9314 0.0203
vn -0.4102 0.9120 0.0069
vn -0.4623 0.8866 0.0147
vn -0.5102 0.8599 0.0181
vn -0.5281 0.8487 0.0281
vn -0.6167 0.7870 0.0159
vn -0.6020 0.7966 0.0548
vn -0.6136 0.7895 0.0172
vn -0.9201 0.3914 0.0174
vn -0.9542 0.2987 0.0171
vn -0.9317 0.3616 0.0347
vn -0.9982 0.0577 0.0172
vn -0.9887 0.1487 0.0185
vn -0.2853 0.9583 0.0147
vn -0.2053 0.9786 0.0173
vn -0.2986 0.9544 0.0088
vn -0.4102 0.9116 0.0274
vn -0.3205 0.9471 0.0181
vn -0.3941 0.9188 0.0196
vn -0.9261 0.3767 0.0199
vn -0.9839 0.1762 0.0292
vn -0.9742 0.2254 0.0093
vn -0.1799 0.9837 0.0077
vn -0.1236 0.9921 0.0203
vn -0.2956 0.9548 0.0310
vn -0.2448 0.9695 0.0137
vn -0.0612 0.9981 0.0084
vn -0.0413 0.9990 0.0161
vn 0.0413 0.9990 0.0162
vn -0.1808 0.9831 0.0304
vn -0.0853 0.9962 0.0175
vn -0.1673 0.9857 0.0214
vn 0.1236 0.9921 0.0202
vn 0.0613 0.9981 0.0084
vn -0.0058 0.9999 0.0134
vn -0.0586 0.9977 0.0340
vn 0.1797 0.9837 0.0077
vn 0.2053 0.9786 0.0173
vn 0.2853 0.9583 0.0149
vn 0.1515 0.9883 0.0175
vn 0.0730 0.9971 0.0217
vn 0.0591 0.9977 0.0317
vn 0.3635 0.9314 0.0203
vn 0.2989 0.9542 0.0088
vn 0.2273 0.9737 0.0136
vn 0.1808 0.9830 0.0333
vn 0.4304 0.9026 0.0010
vn 0.3706 0.9287 0.0158
vn 0.3027 0.9528 0.0243
vn 0.2963 0.9547 0.0285
vn -0.9455 0.3252 0.0184
vn 0.4007 0.9158 0.0257
vn 0.6136 0.7866 -0.0699
vn 0.4307 0.9023 0.0187
vn 0.6160 0.7875 0.0170
vn 0.5240 0.8515 0.0186
vn 0.5163 0.8563 0.0156
vn 0.5094 0.8571 0.0767
vn 0.5571 0.8300 0.0260
vn 0.7835 0.6165 -0.0777
vn 0.7057 0.7083 0.0169
vn 0.7016 0.7124 0.0157
vn 0.6166 0.7871 0.0172
vn 0.6162 0.7865 0.0410
vn 0.6596 0.7513 0.0218
vn 0.6152 0.7872 0.0425
vn 0.7869 0.6168 0.0172
vn 0.7866 0.6172 0.0171
vn 0.7225 0.6905 0.0345
vn 0.9081 0.4040 -0.1105
vn 0.8576 0.5141 0.0156
vn 0.8553 0.5178 0.0167
vn 0.7754 0.6295 0.0503
vn 0.7854 0.6181 0.0316
vn 0.9921 0.1236 0.0234
vn 0.9991 0.0413 -0.0008
vn 0.9802 0.1980 -0.0014
vn 0.9122 0.4094 0.0171
vn 0.8083 0.5885 0.0174
vn 0.8516 0.5224 0.0423
vn 0.8556 0.5173 0.0171
vn 0.9115 0.4109 0.0174
vn 0.8783 0.4778 0.0171
vn 0.8636 0.5036 0.0236
vn 0.9553 0.2952 0.0168
vn 0.9128 0.4080 0.0188
vn 0.9538 0.2998 0.0174
vn 0.9165 0.3979 0.0416
vn 0.9836 0.1798 0.0172
vn 0.9224 0.3856 0.0205
vn 0.9182 0.3951 0.0266
vn 0.9273 0.3740 0.0182
vn 0.9835 0.1799 0.0172
vn 0.9881 0.1535 0.0057
vn 0.9987 0.0351 0.0369
vn 0.9844 0.1741 0.0250
vn -0.9982 0.0575 0.0174
vn -0.9979 0.0616 0.0178
vn -0.8772 0.4798 0.0176
vn -0.9138 0.4055 0.0248
vn -0.9560 0.2920 0.0274
vn -0.9351 0.3542 0.0083
vn -0.9491 0.3138 0.0270
vn -0.9461 0.3231 0.0210
vn 0.9604 0.2770 0.0308
vn -0.9991 0.0413 -0.0008
vn -0.9921 0.1236 0.0234
vn 0.9409 0.3383 0.0159
vn -0.9802 0.1982 -0.0015
vn 0.9406 0.3390 0.0207
vn 0.9979 0.0616 0.0177
vn 0.9982 0.0567 0.0173
vn 0.9541 0.2995 0.0080
vn 0.9619 0.2727 0.0192
vn 0.9419 0.3355 0.0185
vn -0.9070 0.4100 -0.0964
vn -0.9562 0.2922 0.0164
vn -0.7859 0.6151 -0.0643
vn -0.8589 0.5120 0.0152
vn -0.9122 0.4094 0.0177
vn -0.7876 0.6159 0.0170
vn -0.7871 0.6166 0.0173
vn -0.9102 0.4137 0.0170
vn -0.6182 0.7804 -0.0934
vn -0.7065 0.7075 0.0161
vn 0.9831 -0.1789 -0.0399
vn 0.9829 -0.1797 -0.0399
vn 0.9538 -0.2978 -0.0398
vn 0.8558 -0.5158 -0.0399
vn 0.7294 -0.6801 -0.0744
vn 0.9157 0.4007 -0.0297
vn 0.2980 -0.9537 -0.0399
vn 0.1789 -0.9831 -0.0399
vn 0.6952 -0.7184 -0.0244
vn 0.9973 -0.0613 -0.0399
vn 0.9975 -0.0582 -0.0402
vn 0.9112 -0.4101 -0.0399
vn 0.8518 0.5230 -0.0322
vn 0.7880 -0.6145 -0.0373
vn 0.9973 0.0612 -0.0399
vn 0.8431 -0.5342 -0.0612
vn 0.8914 -0.4522 -0.0316
vn 0.8512 -0.5239 -0.0322
vn 0.9109 0.4107 -0.0399
vn 0.9541 0.2968 -0.0397
vn 0.9105 -0.4098 -0.0549
vn 0.2977 -0.9538 -0.0399
vn 0.9329 -0.3587 -0.0324
vn 0.7175 0.6961 -0.0247
vn 0.1799 -0.9829 -0.0400
vn 0.7896 0.6124 -0.0383
vn 0.7860 0.6170 -0.0396
vn 0.8557 0.5160 -0.0395
vn 0.8548 0.5174 -0.0400
vn 0.9159 -0.4004 -0.0297
vn 0.9111 0.4103 -0.0398
vn 0.6150 -0.7875 -0.0397
vn 0.9581 -0.2804 -0.0579
vn 0.4105 -0.9110 -0.0399
vn 0.4109 -0.9108 -0.0399
vn 0.6154 0.7873 -0.0373
vn 0.7060 0.7071 -0.0397
vn 0.7062 0.7069 -0.0397
vn 0.1155 -0.9928 -0.0315
vn 0.0347 -0.9973 -0.0645
vn 0.9829 0.1799 -0.0398
vn 0.9827 0.1808 -0.0399
vn 0.9973 0.0613 -0.0399
vn 0.9396 -0.1752 -0.2942
vn 0.7067 -0.7064 -0.0399
vn 0.5231 0.8516 -0.0322
vn 0.6184 0.7848 -0.0408
vn 0.6159 0.7825 -0.0917
vn 0.7133 0.6980 -0.0633
vn 0.7565 0.6529 -0.0393
vn 0.5166 -0.8553 -0.0399
vn 0.7920 0.6083 -0.0522
vn 0.7925 0.6078 -0.0506
vn 0.8175 0.5747 -0.0371
vn 0.8594 0.5091 -0.0481
vn 0.8584 0.5099 -0.0566
vn 0.9535 0.2988 -0.0399
vn 0.2082 -0.9757 -0.0681
vn 0.9807 -0.1934 -0.0271
vn 0.4012 0.9155 -0.0297
vn 0.5158 0.8558 -0.0399
vn 0.6162 0.7865 -0.0402
vn 0.6522 0.7568 -0.0445
vn 0.7088 0.7018 -0.0714
vn 0.9127 0.4034 -0.0650
vn 0.9099 0.4131 -0.0380
vn 0.8704 0.4906 -0.0422
vn 0.9154 0.3993 -0.0501
vn 0.9896 0.1404 -0.0321
vn 0.9973 0.0388 -0.0619
vn 0.5154 -0.8560 -0.0400
vn 0.6168 -0.7861 -0.0399
vn 0.4112 0.9107 -0.0399
vn 0.5154 0.8560 -0.0401
vn 0.4265 0.9034 -0.0446
vn 0.5602 0.8215 -0.1063
vn 0.4899 0.8710 -0.0357
vn 0.9155 0.3992 -0.0500
vn 0.9502 0.3096 -0.0340
vn 0.9837 0.1726 -0.0501
vn 0.9724 0.2305 -0.0359
vn 0.1970 0.9799 -0.0303
vn 0.9978 -0.0557 -0.0348
vn 0.0581 0.9976 -0.0368
vn 0.4100 0.9112 -0.0395
vn 0.2979 0.9538 -0.0391
vn 0.4090 0.9090 -0.0802
vn 0.3518 0.9359 -0.0162
vn 0.1707 0.9842 -0.0471
vn 0.0630 0.9972 -0.0399
vn 0.0420 0.9977 -0.0529
vn 0.1255 0.9914 -0.0368
vn 0.2030 0.9783 -0.0406
vn 0.2895 0.9508 -0.1108
vn 0.2992 0.9534 -0.0395
vn 0.0593 -0.9974 -0.0414
vn 0.0904 -0.9951 -0.0398
vn 0.0301 -0.9987 -0.0399
vn 0.0755 -0.9968 -0.0254
vn 0.9504 0.3006 -0.0798
vn 0.9402 0.3384 -0.0378
vn 0.9618 0.2706 -0.0417
vn 0.9460 0.3227 -0.0318
vn 0.9398 0.3389 -0.0432
vn 0.3950 -0.9169 -0.0562
vn 0.9487 0.3132 -0.0426
vn 0.5119 -0.8583 -0.0361
vn 0.9979 0.0553 -0.0346
vn 0.0581 -0.9975 -0.0403
vn 0.1937 -0.9807 -0.0257
vn 0.7064 -0.7067 -0.0399
vn 0.9807 0.1935 -0.0271
vn 0.4004 -0.9159 -0.0297
vn 0.9537 -0.2980 -0.0398
vn 0.9110 -0.4104 -0.0399
vn 0.7862 -0.6167 -0.0399
vn 0.8553 -0.5165 -0.0400
vn 0.7881 -0.6143 -0.0402
vn 0.5983 -0.7989 -0.0617
vn 0.5239 -0.8512 -0.0322
vn 0.6844 -0.7283 -0.0346
vn -0.0004 -0.0424 -0.9991
vn -0.0005 -0.0377 -0.9993
vn -0.0003 -0.1271 -0.9919
vn -0.0005 -0.1198 -0.9928
vn -0.0003 -0.2106 -0.9776
vn -0.0005 -0.2013 -0.9795
vn 0.0003 -0.3644 -0.9313
vn 0.0015 -0.3866 -0.9222
vn 0.0009 -0.3762 -0.9265
vn 0.0012 -0.3900 -0.9208
vn -0.0002 -0.2928 -0.9562
vn -0.0009 -0.3642 -0.9313
vn -0.0005 -0.2816 -0.9595
vn -0.0004 -0.3463 -0.9381
vn -0.0001 -0.4146 -0.9100
vn -0.0010 -0.4416 -0.8972
vn -0.0009 -0.4706 -0.8823
vn -0.0007 -0.3818 -0.9242
vn -0.0006 -0.3969 -0.9179
vn -0.0006 -0.4153 -0.9097
vn -0.0011 -0.4373 -0.8993
vn -0.0009 -0.3644 -0.9312
vn 0.0009 -0.5016 -0.8651
vn 0.0037 -0.5230 -0.8524
vn 0.0015 -0.5388 -0.8424
vn -0.0012 -0.4406 -0.8977
vn -0.0007 -0.4661 -0.8847
vn -0.0009 -0.4973 -0.8676
vn -0.0018 -0.5827 -0.8127
vn -0.0003 -0.5327 -0.8463
vn 0.0002 -0.5701 -0.8216
vn -0.0015 -0.5104 -0.8599
vn -0.0008 -0.6239 -0.7815
vn 0.0032 -0.6484 -0.7613
vn 0.0004 -0.6672 -0.7449
vn -0.0008 -0.5947 -0.8039
vn -0.0000 -0.6083 -0.7937
vn -0.0000 -0.6482 -0.7615
vn -0.0003 -0.7116 -0.7026
vn 0.0038 -0.7323 -0.6810
vn -0.0009 -0.6607 -0.7507
vn 0.0005 -0.6905 -0.7233
vn -0.0017 -0.7557 -0.6549
vn -0.0021 -0.7967 -0.6044
vn -0.0009 -0.7219 -0.6920
vn 0.0007 -0.7387 -0.6740
vn 0.0046 -0.8197 -0.5727
vn -0.0005 -0.8354 -0.5496
vn -0.0015 -0.7780 -0.6282
vn 0.0013 -0.8045 -0.5939
vn 0.0052 -0.8813 -0.4726
vn 0.0007 -0.8730 -0.4878
vn -0.0019 -0.8356 -0.5494
vn -0.0010 -0.8481 -0.5299
vn -0.0046 -0.9070 -0.4211
vn -0.0012 -0.8822 -0.4709
vn -0.0029 -0.8702 -0.4927
vn 0.0098 -0.9439 -0.3302
vn -0.0015 -0.9131 -0.4078
vn -0.0023 -0.9093 -0.4161
vn -0.0017 -0.9404 -0.3402
vn -0.0021 -0.9419 -0.3360
vn -0.0013 -0.9629 -0.2698
vn 0.0112 -0.9857 -0.1681
vn -0.0024 -0.9662 -0.2578
vn -0.0010 -0.9806 -0.1959
vn -0.0025 -0.9841 -0.1777
vn -0.0009 -0.9929 -0.1186
vn 0.0119 -0.9999 -0.0005
vn -0.0023 -0.9949 -0.1011
vn 0.0012 -0.9992 -0.0404
vn -0.0014 -1.0000 -0.0000
vn 0.0013 -0.9992 0.0403
vn 0.0072 -0.9881 0.1535
vn -0.0023 -0.9949 0.1012
vn -0.0007 -0.9924 0.1233
vn 0.0022 -0.9677 0.2519
vn -0.0006 -0.9653 0.2613
vn -0.0010 -0.9796 0.2008
vn -0.0027 -0.9840 0.1782
vn 0.0010 -0.9429 0.3332
vn 0.0007 -0.9433 0.3321
vn -0.0010 -0.9612 0.2758
vn -0.0025 -0.9661 0.2583
vn -0.0009 -0.9166 0.3999
vn 0.0058 -0.9047 0.4261
vn -0.0012 -0.9363 0.3512
vn -0.0025 -0.9417 0.3366
vn -0.0034 -0.8860 0.4636
vn -0.0016 -0.9074 0.4203
vn -0.0023 -0.9109 0.4127
vn -0.0016 -0.8742 0.4855
vn 0.0081 -0.8286 0.5598
vn -0.0025 -0.8074 0.5900
vn -0.0006 -0.8799 0.4751
vn 0.0005 -0.8365 0.5479
vn -0.0009 -0.8284 0.5602
vn 0.0006 -0.7977 0.6031
vn -0.0008 -0.7420 0.6704
vn 0.0063 -0.7206 0.6933
vn 0.0006 -0.7569 0.6535
vn -0.0011 -0.7780 0.6282
vn -0.0004 -0.6931 0.7208
vn -0.0024 -0.6535 0.7569
vn 0.0001 -0.7127 0.7015
vn -0.0009 -0.7219 0.6920
vn -0.0001 -0.6679 0.7442
vn 0.0015 -0.6107 0.7919
vn 0.0048 -0.5933 0.8050
vn 0.0009 -0.5712 0.8208
vn 0.0004 -0.6238 0.7815
vn -0.0007 -0.6607 0.7507
vn -0.0016 -0.5358 0.8443
vn 0.0001 -0.5800 0.8146
vn -0.0009 -0.5947 0.8039
vn -0.0010 -0.4989 0.8667
vn -0.0000 -0.5381 0.8429
vn 0.0019 -0.4607 0.8876
vn 0.0017 -0.4620 0.8869
vn 0.0002 -0.4342 0.9008
vn 0.0001 -0.4988 0.8667
vn -0.0002 -0.4623 0.8867
vn -0.0008 -0.5242 0.8516
vn -0.0001 -0.4088 0.9126
vn 0.0003 -0.3868 0.9222
vn 0.0008 -0.3729 0.9279
vn 0.0006 -0.3687 0.9296
vn 0.0003 -0.3593 0.9332
vn 0.0001 -0.3510 0.9364
vn -0.0001 -0.4301 0.9028
vn -0.0000 -0.4039 0.9148
vn -0.0004 -0.3811 0.9245
vn -0.0007 -0.4502 0.8929
vn -0.0011 -0.2928 0.9562
vn -0.0007 -0.3622 0.9321
vn -0.0006 -0.3492 0.9371
vn -0.0008 -0.3659 0.9307
vn -0.0005 -0.3102 0.9507
vn -0.0001 -0.3034 0.9529
vn -0.0000 -0.2106 0.9776
vn -0.0006 -0.2319 0.9727
vn -0.0000 -0.1271 0.9919
vn -0.0000 -0.0424 0.9991
vn 0.0005 -0.0255 0.9997
vn -0.0017 -0.8522 0.5233
vn -0.0019 -0.9822 0.1878
vn -0.0048 -0.9937 0.1122
vn -0.0020 -0.9993 0.0366
vn -0.0037 -0.9991 -0.0424
vn -0.0039 -0.9922 -0.1249
vn -0.0014 -0.9792 -0.2030
vn -0.0048 -0.9608 -0.2773
vn 0.0006 -0.9355 -0.3532
vn -0.0406 0.0561 0.9976
vn -0.0706 -0.0970 0.9928
vn -0.0977 0.0200 0.9950
vn -0.0207 -0.0816 0.9964
vn -0.1243 0.0358 0.9916
vn -0.0176 -0.0683 0.9975
vn -0.0069 0.1497 0.9887
vn -0.1353 -0.0730 0.9881
vn -0.1307 -0.0917 0.9872
vn -0.0450 0.0437 0.9980
vn -0.1078 -0.0984 0.9893
vn -0.0547 0.0430 0.9976
vn -0.0209 0.1498 0.9885
vn 0.0166 -0.0835 0.9964
vn -0.0142 0.1466 0.9891
vn -0.0169 -0.0678 0.9976
vn -0.0538 0.0890 0.9946
vn -0.1080 -0.0979 0.9893
vn -0.0549 0.0872 0.9947
vn -0.0353 0.1499 0.9881
vn -0.0388 -0.1105 0.9931
vn -0.0094 -0.0270 0.9996
vn -0.0102 -0.0903 0.9959
vn -0.1387 0.0302 0.9899
vn -0.0479 0.1428 0.9886
vn -0.0140 -0.0384 0.9992
vn -0.0911 -0.1224 0.9883
vn -0.0055 -0.0249 0.9997
vn -0.0104 -0.0253 0.9996
vn -0.0888 -0.1297 0.9876
vn -0.0123 -0.1059 0.9943
vn 0.0072 -0.1193 0.9928
vn -0.0563 -0.1383 0.9888
vn -0.0278 -0.1164 0.9928
vn -0.0608 0.1378 0.9886
vn -0.0337 -0.1419 0.9893
vn -0.0520 0.1372 0.9892
vn -0.1294 -0.0123 0.9915
vn -0.0765 0.1104 0.9909
vn -0.0739 0.1326 0.9884
vn -0.0945 0.0931 0.9912
vn -0.0866 0.1265 0.9882
vn -0.1094 0.0726 0.9914
vn -0.0802 0.1255 0.9888
vn -0.0021 -0.0247 0.9997
vn 0.1067 -0.0393 0.9935
vn -0.1005 0.1211 0.9875
vn -0.1096 -0.0417 0.9931
vn -0.0428 -0.0526 0.9977
vn -0.1096 0.1044 0.9885
vn -0.1100 0.1060 0.9883
vn -0.1476 -0.0016 0.9890
vn -0.1536 0.0197 0.9879
vn -0.1402 -0.0312 0.9896
vn -0.1378 -0.0398 0.9897
vn -0.1616 -0.0198 0.9867
vn -0.0444 -0.0931 0.9947
vn -0.0425 -0.0891 0.9951
vn -0.1337 -0.0693 0.9886
vn -0.1038 -0.0793 0.9914
vn -0.0906 -0.1106 0.9897
vn -0.0742 -0.1043 0.9918
vn -0.0773 -0.1387 0.9873
vn -0.0917 0.0492 0.9946
vn -0.0611 -0.1385 0.9885
vn -0.0502 -0.1332 0.9898
vn -0.0297 -0.1497 0.9883
vn -0.0558 -0.1235 0.9908
vn -0.0765 0.0580 0.9954
vn -0.1088 0.0567 0.9924
vn -0.1360 0.0653 0.9886
vn -0.0419 0.1152 0.9925
vn -0.1334 0.0754 0.9882
vn -0.1490 0.0577 0.9871
vn -0.0732 0.0757 0.9944
vn -0.0939 0.0890 0.9916
vn -0.1266 0.0917 0.9877
vn -0.1266 0.0817 0.9886
vn -0.0209 -0.0165 0.9996
vn -0.0053 -0.0490 0.9988
vn -0.0822 -0.0148 0.9965
vn -0.1426 -0.0526 0.9884
vn -0.1174 0.0516 0.9917
vn -0.0902 -0.0116 0.9959
vn -0.0413 -0.0340 0.9986
vn -0.0444 -0.0319 0.9985
vn -0.1059 0.0190 0.9942
vn -0.0238 -0.1294 0.9913
vn -0.0217 -0.1559 0.9875
vn -0.0112 -0.1321 0.9912
vn -0.0072 -0.1554 0.9878
vn -0.0417 -0.0373 0.9984
vn 0.0007 -0.1495 0.9888
vn -0.0019 0.0217 0.9998
vn 0.0884 0.0417 0.9952
vn -0.0029 0.0217 0.9998
vn -0.0765 -0.0333 0.9965
vn -0.0088 0.0218 0.9997
vn -0.0119 0.0836 0.9964
vn -0.0202 0.0343 0.9992
vn -0.0165 0.0180 0.9997
vn -0.0091 0.0779 0.9969
vn -0.0209 0.0755 0.9969
vn -0.1173 0.0043 0.9931
vn -0.0184 0.0128 0.9997
vn -0.1209 -0.0100 0.9926
vn -0.1102 -0.0180 0.9937
vn -0.0146 0.1193 0.9927
vn -0.0200 0.0109 0.9997
vn -0.0838 -0.0476 0.9953
vn -0.0186 0.1159 0.9931
vn -0.0226 0.0073 0.9997
vn -0.1408 0.0301 0.9896
vn -0.0268 -0.0016 0.9996
vn -0.0299 0.0023 0.9996
vn -0.1076 -0.0445 0.9932
vn -0.0539 0.0997 0.9936
vn -0.0715 0.0209 0.9972
vn -0.0445 0.0060 0.9990
vn -0.0240 -0.0118 0.9996
vn -0.0046 0.0487 0.9988
vn -0.0542 0.0005 0.9985
vn -0.0540 -0.0657 0.9964
vn -0.0758 -0.0656 0.9950
vn -0.0606 0.0016 0.9982
vn -0.0153 0.0245 0.9996
vn -0.0795 -0.0730 0.9942
vn -0.1137 -0.0672 0.9912
vn -0.0224 -0.0161 0.9996
vn -0.0238 -0.0155 0.9996
vn -0.0407 0.0390 0.9984
vn -0.0926 0.0245 0.9954
vn -0.9935 0.0966 -0.0599
vn -0.9929 0.1028 -0.0606
vn -0.9961 0.0107 0.0875
vn -0.9939 0.0889 -0.0659
vn -0.9773 0.1575 -0.1415
vn -0.9933 0.0862 -0.0765
vn -0.9937 0.0707 -0.0869
vn -0.9923 0.0702 -0.1024
vn -0.9953 0.0829 0.0509
vn -0.9932 0.0653 -0.0960
vn -0.9929 0.0654 -0.0991
vn -0.9924 0.0598 -0.1074
vn -0.9973 0.0236 0.0695
vn -0.9920 0.0507 -0.1156
vn -0.9976 0.0011 -0.0692
vn -0.9974 0.0068 -0.0712
vn -0.9975 0.0283 0.0643
vn -0.9963 0.0482 -0.0711
vn -0.9963 0.0109 -0.0854
vn -0.9923 0.0392 -0.1173
vn -0.9949 0.0880 0.0489
vn -0.9926 0.0353 -0.1160
vn -0.9934 0.0281 -0.1110
vn -0.9976 0.0233 -0.0651
vn -0.9933 0.0130 -0.1150
vn -0.9924 0.0094 -0.1225
vn -0.9920 0.0058 -0.1263
vn -0.9968 -0.0394 0.0691
vn -0.9950 -0.0007 -0.1000
vn -0.9976 0.0353 0.0603
vn -0.9956 0.0284 0.0896
vn -0.9960 0.0309 0.0844
vn -0.9956 0.0407 -0.0843
vn -0.9977 0.0169 -0.0650
vn -0.9967 0.0475 0.0652
vn -0.9957 0.0340 -0.0865
vn -0.9956 0.0454 0.0822
vn -0.9972 0.0430 0.0615
vn -0.9954 0.0300 -0.0905
vn -0.9954 0.0740 -0.0604
vn -0.9961 0.0517 0.0714
vn -0.9954 0.0742 -0.0604
vn -0.9974 0.0386 -0.0609
vn -0.9959 0.0564 0.0713
vn -0.9982 0.0066 0.0596
vn -0.9970 0.0429 -0.0637
vn -0.9960 0.0634 -0.0636
vn -0.9950 0.0006 0.1000
vn -0.9916 0.0060 0.1293
vn -0.9922 0.0172 0.1231
vn -0.9931 0.0210 0.1152
vn -0.9927 0.0197 0.1193
vn -0.9970 0.0093 0.0774
vn -0.9978 0.0277 -0.0607
vn -0.9937 0.0331 0.1072
vn -0.9768 0.0758 0.2003
vn -0.9933 0.0400 0.1080
vn -0.9977 0.0139 0.0660
vn -0.9937 0.0541 0.0982
vn -0.9960 0.0653 0.0608
vn -0.9959 0.0680 0.0596
vn -0.9919 0.0717 0.1045
vn -0.9930 0.0676 0.0970
vn -0.9943 0.0612 0.0878
vn -0.9936 0.0718 0.0870
vn -0.9934 0.0835 0.0788
vn -0.9925 0.0943 0.0783
vn -0.9927 0.0916 0.0790
vn -0.9922 0.1032 0.0707
vn -0.9925 0.1070 0.0596
vn -0.9924 0.1128 0.0499
vn -0.9930 0.1061 0.0510
vn -0.9936 0.1024 0.0481
vn -0.9940 0.1007 0.0419
vn -0.9913 0.1246 0.0418
vn -0.9945 0.1005 0.0310
vn -0.9914 0.1277 0.0300
vn -0.9975 0.0156 0.0688
vn -0.9943 0.1041 0.0231
vn -0.9924 0.1217 0.0168
vn -0.9936 0.1114 0.0167
vn -0.9927 0.1195 0.0130
vn -0.9921 0.1256 0.0058
vn -0.9931 0.1166 0.0127
vn -0.9936 0.1130 0.0073
vn -0.9914 0.1306 -0.0060
vn -0.9958 0.0586 -0.0706
vn -0.9942 0.1074 -0.0020
vn -0.9942 0.1070 -0.0102
vn -0.9919 0.1257 -0.0176
vn -0.9933 0.1135 -0.0233
vn -0.9930 0.1154 -0.0246
vn -0.9926 0.1184 -0.0279
vn -0.9931 0.1147 -0.0245
vn -0.9953 0.0757 0.0598
vn -0.9954 0.0769 0.0571
vn -0.9914 0.1242 -0.0416
vn -0.9944 0.1002 -0.0335
vn -0.9913 0.1205 -0.0532
vn -0.9944 0.0959 -0.0434
vn -0.9923 0.1079 -0.0601
vn -0.9941 0.0954 -0.0511
vn -0.0004 0.9429 -0.3332
vn -0.0005 0.9672 -0.2539
vn -0.0004 0.9112 -0.4119
vn -0.0005 0.9422 -0.3350
vn -0.0000 0.1102 0.9939
vn -0.0006 0.0532 0.9986
vn -0.0004 0.8730 -0.4877
vn -0.0005 0.9105 -0.4136
vn -0.0000 0.2106 0.9776
vn -0.0000 0.1095 0.9940
vn -0.0002 0.8283 -0.5603
vn -0.0006 0.8696 -0.4938
vn -0.0002 0.2928 0.9562
vn -0.0006 0.2317 0.9728
vn -0.0000 0.7781 -0.6282
vn -0.0000 0.8361 -0.5485
vn -0.0002 0.3729 0.9279
vn -0.0006 0.3115 0.9502
vn -0.0006 0.3899 0.9209
vn -0.0002 0.4502 0.8929
vn -0.0000 0.7219 -0.6920
vn -0.0000 0.4409 0.8976
vn -0.0000 0.5242 0.8516
vn -0.0000 0.6607 -0.7507
vn -0.0000 0.5947 0.8039
vn -0.0000 0.5947 -0.8039
vn -0.0000 0.6607 0.7507
vn -0.0000 0.5104 -0.8600
vn -0.0005 0.5242 -0.8516
vn -0.0000 0.7219 0.6920
vn -0.0005 0.4502 -0.8929
vn -0.0001 0.4400 -0.8980
vn -0.0000 0.7781 0.6282
vn -0.0005 0.3729 -0.9279
vn -0.0002 0.3646 -0.9312
vn -0.0000 0.8286 0.5599
vn -0.0006 0.8730 0.4877
vn -0.0004 0.8365 0.5480
vn -0.0005 0.2928 -0.9562
vn -0.0003 0.2867 -0.9580
vn -0.0004 0.9112 0.4119
vn -0.0005 0.8724 0.4887
vn -0.0000 0.1940 -0.9810
vn -0.0003 0.2068 -0.9784
vn -0.0004 0.9429 0.3332
vn 0.0001 0.0594 -0.9982
vn -0.0005 0.9128 0.4084
vn -0.0009 0.1256 -0.9921
vn -0.0005 0.0379 -0.9993
vn -0.0004 0.9677 0.2519
vn -0.0005 0.9442 0.3294
vn -0.0004 0.9856 0.1691
vn -0.0005 0.9686 0.2485
vn -0.0004 0.9964 0.0847
vn -0.0005 0.9862 0.1654
vn -0.0004 1.0000 -0.0000
vn -0.0005 0.9967 0.0816
vn -0.0004 0.9964 -0.0847
vn -0.0005 1.0000 -0.0031
vn -0.0004 0.9856 -0.1691
vn -0.0005 0.9962 -0.0870
vn -0.0004 0.9677 -0.2519
vn -0.0005 0.9852 -0.1712
vn -0.3037 0.9519 -0.0410
vn -0.9875 0.1466 -0.0588
vn -0.4059 0.9130 -0.0395
vn -0.4393 0.8907 -0.1167
vn -0.5238 -0.8512 -0.0322
vn -0.4126 0.9100 -0.0414
vn -0.6962 0.7174 -0.0247
vn -0.6135 0.7886 -0.0403
vn -0.7069 0.7062 -0.0393
vn -0.5161 0.8556 -0.0394
vn -0.5174 0.8548 -0.0401
vn -0.5037 0.8610 -0.0712
vn -0.6097 0.7916 -0.0393
vn -0.5498 0.8345 -0.0367
vn -0.7871 0.6156 -0.0373
vn -0.7021 0.7108 -0.0414
vn -0.8555 -0.5163 -0.0398
vn -0.6177 0.7850 -0.0467
vn -0.8516 0.5231 -0.0322
vn -0.7854 0.6177 -0.0397
vn -0.9156 0.4010 -0.0294
vn -0.7855 0.6177 -0.0396
vn -0.4005 -0.9158 -0.0297
vn -0.7409 0.6579 -0.1350
vn -0.8558 0.5158 -0.0399
vn -0.7868 -0.6159 -0.0398
vn -0.8550 0.5172 -0.0397
vn -0.7871 0.6084 -0.1019
vn -0.9807 0.1936 -0.0271
vn -0.9107 0.4112 -0.0399
vn -0.9544 -0.2958 -0.0400
vn -0.9108 0.4110 -0.0399
vn -0.8865 -0.0317 -0.4616
vn -0.8076 0.5884 -0.0393
vn -0.7901 0.6095 -0.0654
vn -0.9978 0.0557 -0.0347
vn -0.9542 0.2964 -0.0396
vn -0.8551 0.5170 -0.0399
vn -0.9978 -0.0556 -0.0347
vn -0.9108 -0.4108 -0.0400
vn -0.9110 -0.4104 -0.0400
vn -0.9837 -0.1734 -0.0481
vn -0.0581 -0.9975 -0.0402
vn -0.1938 -0.9807 -0.0256
vn -0.8650 0.4995 -0.0481
vn -0.8577 0.5086 -0.0756
vn -0.9808 -0.1933 -0.0271
vn -0.8539 -0.5189 -0.0401
vn -0.9519 -0.3027 -0.0473
vn -0.9829 0.1798 -0.0399
vn -0.7881 -0.6143 -0.0400
vn -0.8409 -0.3912 -0.3740
vn -0.9159 -0.4002 -0.0296
vn -0.9458 0.3220 -0.0420
vn -0.9973 0.0613 -0.0399
vn -0.7064 -0.7067 -0.0399
vn -0.9975 0.0583 -0.0401
vn -0.7055 -0.7076 -0.0400
vn -0.8548 -0.5172 -0.0420
vn -0.9536 0.2986 -0.0399
vn -0.2980 -0.9537 -0.0398
vn -0.9182 0.3940 -0.0406
vn -0.9334 0.3529 -0.0648
vn -0.8513 -0.5236 -0.0322
vn -0.5165 -0.8554 -0.0399
vn -0.6172 -0.7858 -0.0399
vn -0.6168 -0.7861 -0.0399
vn -0.7832 -0.6200 -0.0471
vn -0.1789 -0.9831 -0.0399
vn -0.9973 -0.0613 -0.0399
vn -0.9974 -0.0604 -0.0399
vn -0.4105 -0.9110 -0.0399
vn -0.4108 -0.9108 -0.0399
vn -0.9827 0.1809 -0.0398
vn -0.5157 -0.8558 -0.0400
vn -0.9533 0.2993 -0.0396
vn -0.9261 0.3751 -0.0401
vn -0.9250 0.3774 -0.0447
vn -0.7118 -0.7007 -0.0490
vn -0.2946 -0.9548 -0.0401
vn -0.6111 -0.7902 -0.0471
vn -0.9826 -0.1814 -0.0400
vn -0.9829 -0.1797 -0.0398
vn -0.5339 -0.8433 -0.0610
vn -0.4520 -0.8915 -0.0316
vn -0.1792 -0.9830 -0.0400
vn -0.3780 -0.9228 -0.0739
vn -0.7184 -0.6952 -0.0245
vn -0.0548 -0.9975 -0.0452
vn -0.1902 -0.9805 -0.0503
vn -0.8853 0.4637 -0.0345
vn -0.9169 0.3943 -0.0608
vn -0.9188 0.3928 -0.0398
vn -0.8944 0.4456 -0.0389
vn -0.8862 0.4607 -0.0489
vn -0.9541 0.2916 -0.0678
vn -0.9409 0.3369 -0.0354
vn -0.9537 -0.2981 -0.0398
vn -0.9402 0.3378 -0.0435
vn -0.9612 0.2722 -0.0440
vn -0.9442 0.3275 -0.0362
vn -0.0904 -0.9951 -0.0398
vn -0.0301 -0.9987 -0.0399
vn -0.0593 -0.9974 -0.0414
vn -0.0755 -0.9968 -0.0254
vn -0.9746 0.2214 -0.0349
vn -0.6146 -0.7879 -0.0374
vn -0.0581 0.9976 -0.0366
vn -0.1970 0.9799 -0.0314
vn -0.0639 0.9972 -0.0399
vn -0.1380 0.9897 -0.0381
vn -0.0755 0.9961 -0.0463
vn -0.0252 0.9974 -0.0672
vn -0.1695 0.9844 -0.0474
vn -0.4011 0.9156 -0.0297
vn -0.2150 0.9758 -0.0392
vn -0.5230 0.8518 -0.0322
vn -0.2978 0.9538 -0.0391
vn -0.3569 0.9339 -0.0201
vn -0.2954 0.9509 -0.0924
vn -0.7070 -0.7070 0.0174
vn 0.6165 -0.7872 0.0164
vn 0.9347 -0.3551 0.0171
vn 0.0347 -0.9992 0.0173
vn 0.8982 -0.4391 0.0179
vn -0.7142 -0.6997 0.0167
vn -0.0429 -0.9989 0.0172
vn -0.1236 -0.9922 0.0174
vn -0.7629 -0.6462 0.0181
vn 0.5118 -0.8589 0.0174
vn -0.7855 -0.6186 0.0166
vn -0.1408 -0.9899 0.0164
vn -0.8137 -0.5810 0.0184
vn 0.5228 -0.8523 0.0166
vn 0.8901 -0.4554 0.0168
vn 0.8590 -0.5117 0.0181
vn 0.4392 -0.8983 0.0170
vn -0.8590 -0.5117 0.0170
vn -0.2052 -0.9785 0.0183
vn 0.9990 -0.0413 0.0173
vn -0.8561 -0.5166 0.0166
vn 0.4365 -0.8995 0.0173
vn -0.8982 -0.4391 0.0176
vn 0.8137 -0.5810 0.0179
vn -0.8992 -0.4372 0.0177
vn 0.3635 -0.9314 0.0184
vn -0.2717 -0.9622 0.0161
vn -0.9254 -0.3786 0.0172
vn -0.2853 -0.9583 0.0172
vn -0.9314 -0.3635 0.0178
vn -0.9528 -0.3031 0.0163
vn 0.8432 -0.5374 0.0169
vn -0.9583 -0.2853 0.0175
vn 0.9922 -0.1236 0.0178
vn 0.7629 -0.6462 0.0183
vn -0.9785 -0.2053 0.0180
vn -0.3632 -0.9315 0.0184
vn 0.2853 -0.9583 0.0178
vn -0.9847 -0.1736 0.0162
vn -0.9922 -0.1236 0.0178
vn 0.9981 -0.0602 0.0161
vn -0.9990 -0.0413 0.0177
vn 0.7886 -0.6147 0.0162
vn -0.9949 -0.0998 0.0171
vn -0.9993 -0.0344 0.0172
vn -0.4391 -0.8982 0.0181
vn 0.3193 -0.9475 0.0162
vn 0.7070 -0.7070 0.0174
vn 0.2052 -0.9785 0.0179
vn 0.9901 -0.1396 0.0172
vn -0.4016 -0.9156 0.0163
vn 0.2237 -0.9745 0.0168
vn 0.9786 -0.2053 0.0174
vn 0.1236 -0.9922 0.0177
vn -0.4995 -0.8661 0.0169
vn -0.5119 -0.8589 0.0178
vn 0.9779 -0.2081 0.0175
vn 0.6997 -0.7142 0.0167
vn 0.6462 -0.7629 0.0181
vn 0.9583 -0.2853 0.0175
vn -0.5808 -0.8138 0.0178
vn 0.0413 -0.9990 0.0177
vn 0.9610 -0.2761 0.0170
vn -0.6084 -0.7935 0.0158
vn 0.5809 -0.8137 0.0182
vn -0.6462 -0.7629 0.0183
vn 0.1127 -0.9935 0.0170
vn 0.9314 -0.3635 0.0177
vn -0.0413 -0.9990 0.0173
vn 0.8313 0.5527 0.0591
vn 0.8095 0.5847 0.0533
vn 0.7624 -0.6457 0.0423
vn 0.8742 0.4820 0.0589
vn 0.8560 0.5148 0.0483
vn 0.6995 -0.7116 0.0656
vn 0.0363 0.9976 0.0584
vn 0.9132 0.4029 0.0610
vn 0.8978 0.4373 0.0524
vn 0.6294 -0.7724 0.0854
vn 0.1191 0.9912 0.0574
vn 0.0412 0.9976 0.0564
vn 0.7057 -0.7057 0.0638
vn 0.7059 -0.7054 0.0635
vn 0.6976 -0.7138 0.0612
vn 0.9450 0.3221 0.0574
vn 0.9266 0.3722 0.0540
vn 0.1938 0.9794 0.0574
vn 0.1234 0.9908 0.0557
vn 0.6457 -0.7624 0.0429
vn 0.9681 0.2435 0.0592
vn 0.9544 0.2947 0.0476
vn 0.6123 -0.7885 0.0582
vn 0.2676 0.9618 0.0582
vn 0.2050 0.9773 0.0534
vn 0.9851 0.1606 0.0612
vn 0.5802 -0.8127 0.0529
vn 0.5582 -0.8275 0.0605
vn 0.9770 0.2065 0.0523
vn 0.3375 0.9394 0.0605
vn 0.2849 0.9571 0.0531
vn 0.4861 -0.8718 0.0604
vn 0.9952 0.0768 0.0609
vn 0.5112 -0.8579 0.0524
vn 0.9910 0.1235 0.0524
vn 0.4123 0.9090 0.0609
vn 0.3631 0.9302 0.0532
vn 0.4118 -0.9093 0.0602
vn 0.9982 -0.0016 0.0597
vn 0.4386 -0.8972 0.0522
vn 0.9978 0.0412 0.0522
vn 0.4874 0.8714 0.0552
vn 0.4441 0.8945 0.0508
vn 0.9950 -0.0800 0.0598
vn 0.3401 -0.9385 0.0602
vn 0.9978 -0.0412 0.0515
vn 0.3631 -0.9302 0.0532
vn 0.6326 0.7690 0.0921
vn 0.9910 -0.1235 0.0526
vn 0.9855 -0.1586 0.0611
vn 0.2693 -0.9613 0.0580
vn 0.5583 0.8276 0.0585
vn 0.2849 -0.9571 0.0531
vn 0.9773 -0.2050 0.0526
vn 0.5143 0.8564 0.0465
vn 0.9684 -0.2417 0.0615
vn 0.1954 -0.9791 0.0572
vn 0.2050 -0.9773 0.0537
vn 0.9571 -0.2849 0.0529
vn 0.1205 -0.9911 0.0573
vn 0.9448 -0.3219 0.0616
vn 0.1234 -0.9908 0.0561
vn 0.0412 -0.9975 0.0568
vn 0.0373 -0.9976 0.0584
vn 0.9303 -0.3631 0.0521
vn 0.9130 -0.4035 0.0610
vn 0.5840 0.8100 0.0535
vn 0.6114 0.7892 0.0581
vn 0.8972 -0.4386 0.0520
vn 0.8743 -0.4815 0.0611
vn 0.7704 -0.6309 0.0920
vn 0.8579 -0.5111 0.0529
vn 0.8316 -0.5519 0.0615
vn 0.7117 0.7003 0.0558
vn 0.6953 0.7167 0.0539
vn 0.6420 0.7655 0.0441
vn 0.7738 0.6276 0.0853
vn 0.7896 -0.6109 0.0583
vn 0.8127 -0.5803 0.0525
vn 0.7159 0.6960 0.0560
vn 0.7110 0.7009 0.0567
vn 0.7041 0.7083 0.0496
vn 0.7661 0.6412 0.0450
vn 0.7889 0.6117 0.0585
vn 0.1395 0.3974 0.9070
vn 0.1979 0.8876 0.4160
vn 0.1976 0.8883 0.4147
vn 0.1878 -0.1327 0.9732
vn 0.8515 -0.4632 0.2455
vn 0.8460 -0.4657 0.2595
vn 0.6110 -0.4090 0.6778
vn 0.1782 0.7996 0.5735
vn 0.7969 -0.4386 0.4154
vn 0.1783 0.7987 0.5747
vn 0.7970 -0.4387 0.4152
vn 0.7174 -0.3950 0.5738
vn 0.7177 -0.3950 0.5735
vn 0.2709 -0.1817 0.9453
vn 0.2108 -0.1405 0.9674
vn 0.2002 -0.1134 0.9732
vn 0.1216 0.9560 0.2669
vn 0.1147 0.9624 0.2464
vn 0.8859 -0.3919 0.2480
vn 0.1451 0.6931 0.7060
vn 0.8842 -0.3930 0.2526
vn 0.1474 0.6612 0.7356
vn 0.5957 -0.3280 0.7332
vn 0.0204 0.9468 0.3212
vn 0.0408 0.9652 0.2582
vn 0.5256 -0.2890 0.8001
vn 0.5105 -0.2862 0.8108
vn 0.0574 0.2440 0.9681
vn 0.8313 -0.3696 0.4151
vn 0.8314 -0.3695 0.4150
vn 0.1210 0.5785 0.8067
vn 0.1209 0.5828 0.8035
vn 0.4145 -0.2432 0.8769
vn 0.1148 0.9024 0.4153
vn 0.7483 -0.3328 0.5738
vn 0.1143 0.9031 0.4139
vn 0.7483 -0.3327 0.5739
vn 0.0984 0.4747 0.8746
vn 0.0983 0.4712 0.8766
vn 0.3633 -0.2062 0.9086
vn 0.0513 0.9085 0.4147
vn 0.9154 -0.3150 0.2506
vn 0.9129 -0.3166 0.2576
vn 0.1031 0.8132 0.5728
vn 0.6734 -0.2994 0.6759
vn 0.1034 0.8122 0.5741
vn 0.0766 0.3672 0.9270
vn 0.0750 0.3302 0.9409
vn 0.5031 -0.2243 0.8346
vn 0.0575 0.2537 0.9656
vn 0.0195 0.8029 0.5958
vn 0.8602 -0.2961 0.4152
vn 0.0326 0.8190 0.5729
vn 0.8601 -0.2960 0.4154
vn 0.0932 0.7345 0.6722
vn 0.0310 0.2225 0.9744
vn 0.0260 0.6924 0.7211
vn 0.0216 0.6750 0.7375
vn 0.7743 -0.2665 0.5740
vn 0.7744 -0.2664 0.5738
vn 0.3448 -0.1538 0.9260
vn 0.0200 0.5680 0.8228
vn 0.1995 -0.0769 0.9769
vn 0.2407 -0.1090 0.9645
vn 0.0254 0.5968 0.8020
vn 0.3390 -0.1531 0.9282
vn 0.9389 -0.2317 0.2546
vn 0.9357 -0.2340 0.2639
vn 0.0115 0.4202 0.9074
vn 0.0208 0.4837 0.8750
vn 0.6462 -0.2335 0.7266
vn 0.0104 0.2560 0.9666
vn 0.0163 0.3696 0.9291
vn 0.0116 0.2500 0.9682
vn 0.6701 -0.2305 0.7056
vn 0.5423 -0.1957 0.8171
vn 0.5680 -0.1962 0.7993
vn 0.8832 -0.2180 0.4152
vn 0.8830 -0.2182 0.4156
vn 0.1447 -0.2068 0.9676
vn 0.1528 -0.1863 0.9705
vn 0.7951 -0.1964 0.5739
vn 0.7949 -0.1964 0.5741
vn 0.1524 -0.1665 0.9742
vn 0.3916 -0.1354 0.9101
vn 0.9563 -0.1487 0.2516
vn 0.9507 -0.1534 0.2694
vn 0.6904 -0.1600 0.7055
vn 0.6596 -0.1629 0.7337
vn 0.5590 -0.1335 0.8183
vn 0.5749 -0.1334 0.8072
vn 0.2032 -0.1676 0.9647
vn 0.1786 -0.1574 0.9712
vn 0.1449 -0.1393 0.9796
vn 0.1453 -0.1396 0.9795
vn 0.8989 -0.1398 0.4152
vn 0.8988 -0.1397 0.4154
vn 0.4698 -0.1036 0.8767
vn 0.8090 -0.1259 0.5742
vn 0.8092 -0.1258 0.5739
vn 0.2723 -0.0687 0.9598
vn 0.3610 -0.0910 0.9281
vn 0.3666 -0.0907 0.9259
vn 0.9528 -0.0680 0.2958
vn 0.9674 -0.0572 0.2468
vn 0.7300 -0.1136 0.6739
vn 0.9082 -0.0536 0.4150
vn 0.9079 -0.0539 0.4158
vn 0.9767 -0.0063 0.2147
vn 0.8174 -0.0485 0.5740
vn 0.1973 -0.0254 0.9800
vn 0.7072 -0.0422 0.7057
vn 0.6812 -0.0506 0.7304
vn 0.5888 -0.0439 0.8071
vn 0.5895 -0.0439 0.8066
vn 0.9549 0.0559 0.2917
vn 0.9669 0.0747 0.2440
vn 0.4809 -0.0358 0.8761
vn 0.4798 -0.0360 0.8766
vn 0.3665 -0.0286 0.9300
vn 0.2485 -0.0195 0.9684
vn 0.3744 -0.0280 0.9269
vn 0.9079 0.0529 0.4158
vn 0.9083 0.0533 0.4148
vn 0.8179 0.0478 0.5734
vn 0.8171 0.0473 0.5745
vn 0.9521 0.1478 0.2678
vn 0.9563 0.1560 0.2473
vn 0.6738 0.0392 0.7379
vn 0.7063 0.0511 0.7061
vn 0.2159 0.1717 0.9612
vn 0.1933 0.1662 0.9670
vn 0.5893 0.0401 0.8069
vn 0.5954 0.0430 0.8023
vn 0.1689 0.1555 0.9733
vn 0.8990 0.1394 0.4152
vn 0.8989 0.1394 0.4153
vn 0.4806 0.0211 0.8767
vn 0.8094 0.1254 0.5738
vn 0.8095 0.1255 0.5736
vn 0.3689 0.0258 0.9291
vn 0.2595 0.0181 0.9656
vn 0.3779 0.0279 0.9254
vn 0.1413 0.1403 0.9800
vn 0.1586 0.1996 0.9670
vn 0.1553 0.1774 0.9718
vn 0.1462 0.1512 0.9776
vn 0.9389 0.2362 0.2504
vn 0.9365 0.2307 0.2641
vn 0.7301 0.1131 0.6739
vn 0.2019 0.0261 0.9791
vn 0.5355 0.0899 0.8397
vn 0.8834 0.2176 0.4151
vn 0.8834 0.2176 0.4150
vn 0.4733 0.0854 0.8768
vn 0.7952 0.1959 0.5738
vn 0.7953 0.1959 0.5737
vn 0.4132 0.0685 0.9081
vn 0.9159 0.3177 0.2455
vn 0.9139 0.3118 0.2601
vn 0.0205 -0.9468 0.3212
vn 0.6621 0.1631 0.7315
vn 0.6592 0.1612 0.7345
vn 0.0402 -0.9646 0.2608
vn 0.6490 0.1586 0.7441
vn 0.0514 -0.9080 0.4157
vn 0.8609 0.2936 0.4154
vn 0.8610 0.2938 0.4151
vn 0.0356 -0.8363 0.5470
vn 0.7751 0.2643 0.5739
vn 0.7751 0.2643 0.5740
vn 0.3134 0.0758 0.9466
vn 0.2544 0.0618 0.9651
vn 0.1217 -0.9603 0.2511
vn 0.1153 -0.9562 0.2689
vn 0.2065 0.0713 0.9758
vn 0.8862 0.3909 0.2487
vn 0.8858 0.3890 0.2532
vn 0.6974 0.2378 0.6760
vn 0.5179 0.1682 0.8388
vn 0.1144 -0.9025 0.4152
vn 0.1143 -0.9026 0.4151
vn 0.8331 0.3659 0.4149
vn 0.8330 0.3659 0.4150
vn 0.4591 0.1425 0.8769
vn 0.0231 -0.4135 0.9102
vn 0.7445 0.3419 0.5734
vn 0.7357 0.3229 0.5953
vn 0.3975 0.1297 0.9084
vn 0.0884 -0.7941 0.6013
vn 0.1029 -0.8122 0.5742
vn 0.1949 -0.9349 0.2965
vn 0.8492 0.4649 0.2505
vn 0.8486 0.4618 0.2580
vn 0.2101 -0.9461 0.2463
vn 0.0106 -0.2295 0.9733
vn 0.6435 0.2630 0.7188
vn 0.0812 -0.6907 0.7186
vn 0.0821 -0.6924 0.7168
vn 0.5509 0.2414 0.7989
vn 0.5503 0.2409 0.7995
vn 0.7979 0.4369 0.4152
vn 0.1969 -0.8879 0.4157
vn 0.7980 0.4371 0.4149
vn 0.1976 -0.8880 0.4151
vn 0.0581 -0.5700 0.8196
vn 0.2580 -0.9415 0.2169
vn 0.7183 0.3932 0.5740
vn 0.0624 -0.5221 0.8506
vn 0.1772 -0.7992 0.5743
vn 0.1775 -0.7995 0.5739
vn 0.7086 0.3772 0.5964
vn 0.3462 0.1515 0.9258
vn 0.2561 0.1105 0.9603
vn 0.3416 0.1477 0.9282
vn 0.8034 0.5353 0.2606
vn 0.0332 -0.2580 0.9656
vn 0.0343 -0.2458 0.9687
vn 0.8037 0.5382 0.2538
vn 0.0407 -0.3111 0.9495
vn 0.6015 0.3485 0.7188
vn 0.1447 -0.6793 0.7195
vn 0.1534 -0.6916 0.7058
vn 0.5201 0.2821 0.8062
vn 0.5265 0.2903 0.7991
vn 0.7559 0.5061 0.4152
vn 0.7559 0.5059 0.4156
vn 0.1357 -0.5747 0.8070
vn 0.3133 -0.9051 0.2874
vn 0.3300 -0.9104 0.2497
vn 0.4165 0.2416 0.8765
vn 0.0951 -0.4729 0.8760
vn 0.0978 -0.4761 0.8739
vn 0.6807 0.4554 0.5738
vn 0.6808 0.4556 0.5735
vn 0.3663 0.2058 0.9074
vn 0.1951 0.1067 0.9750
vn 0.0501 -0.2131 0.9757
vn 0.0869 -0.4211 0.9028
vn 0.7569 0.5977 0.2643
vn 0.7563 0.6034 0.2527
vn 0.2975 -0.8598 0.4150
vn 0.2973 -0.8596 0.4155
vn 0.5658 0.4397 0.6975
vn 0.6141 0.4111 0.6737
vn 0.7123 0.5657 0.4155
vn 0.7121 0.5609 0.4223
vn 0.2773 -0.7704 0.5741
vn 0.5553 0.4217 0.7168
vn 0.2588 -0.7478 0.6114
vn 0.6341 0.5179 0.5742
vn 0.6321 0.5020 0.5903
vn 0.1816 0.1303 0.9747
vn 0.3975 -0.8794 0.2618
vn 0.2145 0.1408 0.9665
vn 0.4057 -0.8809 0.2436
vn 0.2719 0.1787 0.9456
vn 0.2399 -0.6668 0.7055
vn 0.2398 -0.6667 0.7057
vn 0.0798 -0.2383 0.9679
vn 0.5309 0.4084 0.7425
vn 0.1997 -0.5556 0.8071
vn 0.4684 0.3606 0.8066
vn 0.1999 -0.5559 0.8069
vn 0.3855 0.3278 0.8625
vn 0.4285 0.3644 0.8268
vn 0.5477 0.2623 0.7945
vn 0.4664 0.3579 0.8089
vn 0.3796 0.2950 0.8768
vn 0.3750 0.1456 0.9155
vn 0.3746 -0.8289 0.4154
vn 0.3748 -0.8290 0.4151
vn 0.3702 0.2842 0.8844
vn 0.1627 -0.4530 0.8765
vn 0.1629 -0.4533 0.8763
vn 0.3211 0.2496 0.9136
vn 0.3475 -0.7688 0.5368
vn 0.1270 -0.3536 0.9267
vn 0.2934 0.2408 0.9252
vn 0.1961 0.1721 0.9654
vn 0.2661 0.2256 0.9372
vn 0.0835 -0.2442 0.9661
vn 0.1098 -0.3230 0.9400
vn 0.5922 0.7550 0.2814
vn 0.6063 0.7528 0.2562
vn 0.4710 -0.8462 0.2492
vn 0.4690 -0.8459 0.2540
vn 0.0920 -0.2084 0.9737
vn 0.5582 0.7182 0.4156
vn 0.5601 0.6936 0.4530
vn 0.4411 -0.7957 0.4150
vn 0.4412 -0.7956 0.4151
vn 0.4912 0.6377 0.5933
vn 0.4515 0.5836 0.6749
vn 0.4906 0.6357 0.5959
vn 0.3784 -0.7052 0.5996
vn 0.3971 -0.7163 0.5737
vn 0.2459 0.3102 0.9183
vn 0.2118 0.2453 0.9460
vn 0.5400 -0.8039 0.2494
vn 0.2343 0.2805 0.9308
vn 0.5372 -0.8037 0.2558
vn 0.1606 0.1843 0.9697
vn 0.5404 0.8005 0.2594
vn 0.5382 0.8064 0.2450
vn 0.3289 -0.6127 0.7186
vn 0.4242 0.5605 0.7112
vn 0.3400 -0.6211 0.7062
vn 0.4109 0.5326 0.7399
vn 0.1451 0.1792 0.9730
vn 0.5073 -0.7552 0.4152
vn 0.3359 0.4146 0.8457
vn 0.5071 -0.7552 0.4154
vn 0.3601 0.4807 0.7996
vn 0.3590 0.4651 0.8092
vn 0.2729 -0.5234 0.8072
vn 0.5088 0.7539 0.4156
vn 0.5087 0.7543 0.4150
vn 0.3095 0.3763 0.8733
vn 0.2362 -0.4263 0.8732
vn 0.2314 -0.4217 0.8767
vn 0.4565 -0.6800 0.5738
vn 0.4565 -0.6799 0.5739
vn 0.4710 0.6983 0.5390
vn 0.6036 -0.7555 0.2546
vn 0.5984 -0.7563 0.2646
vn 0.1235 -0.2217 0.9673
vn 0.2463 0.3130 0.9173
vn 0.1673 -0.3282 0.9297
vn 0.1237 -0.2258 0.9663
vn 0.4735 0.8455 0.2469
vn 0.4749 0.8428 0.2532
vn 0.4401 -0.5656 0.6974
vn 0.1374 0.2007 0.9700
vn 0.3950 -0.5880 0.7058
vn 0.3813 -0.5807 0.7193
vn 0.4465 0.7926 0.4152
vn 0.5661 -0.7119 0.4157
vn 0.5615 -0.7118 0.4220
vn 0.4465 0.7926 0.4153
vn 0.4320 -0.5611 0.7060
vn 0.2997 0.4556 0.8382
vn 0.2488 0.3926 0.8854
vn 0.3307 -0.4706 0.8180
vn 0.4030 0.6918 0.5991
vn 0.4020 0.7136 0.5737
vn 0.5188 -0.6335 0.5740
vn 0.5022 -0.6316 0.5906
vn 0.2537 -0.4131 0.8746
vn 0.2189 0.3131 0.9241
vn 0.1445 0.2210 0.9645
vn 0.4047 0.8771 0.2584
vn 0.4033 0.8797 0.2519
vn 0.1359 -0.1985 0.9706
vn 0.1418 -0.2169 0.9658
vn 0.2246 -0.3167 0.9216
vn 0.3367 0.5809 0.7411
vn 0.4164 -0.5251 0.7422
vn 0.3463 0.6157 0.7078
vn 0.3512 -0.4548 0.8184
vn 0.3671 -0.4627 0.8069
vn 0.3792 0.8270 0.4152
vn 0.3278 -0.3855 0.8625
vn 0.3644 -0.4285 0.8268
vn 0.2618 -0.5481 0.7944
vn 0.3792 0.8268 0.4154
vn 0.3065 -0.3687 0.8775
vn 0.1456 -0.3750 0.9155
vn 0.3231 0.5750 0.7516
vn 0.1474 -0.1774 0.9730
vn 0.2476 -0.3159 0.9159
vn 0.2408 -0.2934 0.9252
vn 0.3413 0.7445 0.5737
vn 0.1650 -0.1865 0.9685
vn 0.2257 -0.2661 0.9371
vn 0.7556 -0.5917 0.2812
vn 0.3414 0.7441 0.5742
vn 0.3235 0.8978 0.2990
vn 0.3169 0.9136 0.2549
vn 0.1212 0.2175 0.9685
vn 0.7536 -0.6058 0.2551
vn 0.3079 0.6715 0.6740
vn 0.6941 -0.5594 0.4530
vn 0.2983 0.8593 0.4156
vn 0.7181 -0.5580 0.4160
vn 0.2982 0.8596 0.4150
vn 0.5780 -0.4580 0.6754
vn 0.2336 0.4912 0.8391
vn 0.6290 -0.4983 0.5967
vn 0.6466 -0.5012 0.5751
vn 0.2046 0.4116 0.8881
vn 0.2687 0.7733 0.5743
vn 0.2686 0.7737 0.5737
vn 0.2550 0.9417 0.2196
vn 0.1508 0.3402 0.9282
vn 0.2805 -0.2343 0.9308
vn 0.3220 -0.2508 0.9129
vn 0.1004 0.2274 0.9686
vn 0.1158 0.2481 0.9618
vn 0.1883 -0.1640 0.9683
vn 0.2452 -0.2117 0.9461
vn 0.8016 -0.5371 0.2626
vn 0.8068 -0.5354 0.2500
vn 0.2325 0.6690 0.7060
vn 0.5333 -0.4097 0.7401
vn 0.2339 0.6437 0.7286
vn 0.5534 -0.4195 0.7196
vn 0.4781 -0.3649 0.7989
vn 0.4716 -0.3623 0.8039
vn 0.4186 -0.3267 0.8474
vn 0.2017 0.5553 0.8069
vn 0.7553 -0.5062 0.4162
vn 0.2024 0.5601 0.8034
vn 0.7562 -0.5061 0.4148
vn 0.2085 0.9368 0.2809
vn 0.1934 0.9503 0.2440
vn 0.3795 -0.2924 0.8778
vn 0.3701 -0.2874 0.8834
vn 0.1519 0.4567 0.8766
vn 0.6799 -0.4555 0.5747
vn 0.6806 -0.4556 0.5738
vn 0.3178 -0.2503 0.9145
vn 0.0694 0.2071 0.9758
vn -0.9988 0.0454 0.0190
vn -0.8888 0.4575 0.0274
vn -0.9533 0.3013 -0.0191
vn -0.6675 0.7433 -0.0446
vn -0.4703 0.8814 0.0446
vn 0.0934 0.9951 0.0338
vn -0.0934 0.9951 -0.0338
vn 0.4318 0.9013 -0.0362
vn 0.6474 0.7609 0.0431
vn 0.8077 0.5896 -0.0006
vn 0.9014 0.4329 0.0046
vn 0.9234 0.3837 -0.0118
vn 0.9998 0.0113 0.0188
vn 0.9618 -0.2737 0.0099
vn 0.9630 -0.2693 0.0078
vn 0.6678 -0.7438 0.0286
vn 0.7404 -0.6721 -0.0087
vn 0.4128 -0.9102 -0.0321
vn 0.0934 -0.9951 0.0338
vn -0.0934 -0.9951 -0.0338
vn -0.4425 -0.8959 0.0386
vn -0.6677 -0.7434 -0.0394
vn -0.8313 -0.5550 0.0307
vn -0.9530 -0.3018 -0.0264
vn -0.9971 -0.0719 0.0253
vn -0.4421 -0.8961 0.0384
vn -0.6676 -0.7435 -0.0395
vn -0.8311 -0.5552 0.0307
vn -0.9518 -0.3055 -0.0254
vn -0.9989 -0.0336 0.0316
vn -0.9917 0.1258 -0.0256
vn -0.8406 0.5411 0.0258
vn -0.7616 0.6477 -0.0218
vn -0.5328 0.8461 0.0179
vn -0.3869 0.9217 -0.0274
vn -0.0651 0.9971 0.0385
vn -0.9970 0.0721 0.0296
vn -0.9613 0.2735 -0.0320
vn -0.8457 0.5331 0.0254
vn -0.5411 0.8407 0.0237
vn -0.7146 0.6993 -0.0183
vn -0.4082 0.9127 -0.0193
vn 0.0621 0.9973 0.0399
vn -0.0387 0.9992 -0.0049
vn 0.4703 0.8814 -0.0446
vn 0.6474 0.7614 0.0345
vn 0.9132 0.4070 -0.0203
vn 0.9006 0.4346 -0.0041
vn -0.0795 0.8632 0.4985
vn -0.1352 0.8374 0.5296
vn -0.3371 0.8466 0.4118
vn -0.4720 0.6893 0.5496
vn -0.6653 0.6168 0.4206
vn -0.7059 0.4780 0.5228
vn -0.7940 0.3764 0.4774
vn -0.8163 0.2052 0.5399
vn -0.8857 0.0961 0.4541
vn -0.8392 -0.0866 0.5369
vn -0.8604 -0.1952 0.4708
vn -0.7441 -0.3924 0.5407
vn -0.7765 -0.3663 0.5127
vn -0.6800 -0.6066 0.4120
vn -0.4865 -0.6793 0.5494
vn -0.4865 -0.6793 0.5493
vn -0.3512 -0.8361 0.4214
vn -0.1777 -0.8216 0.5416
vn -0.0842 -0.8734 0.4797
vn 0.9997 -0.0262 0.0010
vn 0.9997 -0.0259 0.0024
vn 0.9425 0.2932 -0.1603
vn -0.9997 0.0259 0.0031
vn -0.9997 0.0262 0.0010
vn -0.0258 0.6041 -0.7965
vn -0.0275 0.0379 -0.9989
vn -0.0238 0.7014 -0.7124
vn -0.0283 0.0394 -0.9988
vn -0.0195 0.5658 -0.8243
vn -0.0268 0.1207 -0.9923
vn -0.0296 0.1256 -0.9916
vn -0.0262 0.5944 -0.8037
vn -0.0259 0.6168 -0.7867
vn -0.0283 0.2007 -0.9793
vn -0.0320 0.2067 -0.9779
vn -0.0192 0.5631 -0.8261
vn -0.0187 0.5539 -0.8323
vn -0.0195 0.5586 -0.8292
vn -0.0258 0.2740 -0.9614
vn -0.0336 0.2865 -0.9575
vn -0.0260 0.5928 -0.8049
vn -0.0242 0.3491 -0.9368
vn -0.0190 0.5699 -0.8215
vn -0.0190 0.5700 -0.8215
vn -0.0346 0.3643 -0.9306
vn -0.0208 0.5547 -0.8318
vn -0.0262 0.5854 -0.8103
vn -0.0253 0.5777 -0.8159
vn -0.0271 0.4262 -0.9042
vn -0.0373 0.4397 -0.8974
vn -0.0270 0.4950 -0.8685
vn -0.0375 0.5123 -0.8580
vn -0.0267 0.5292 -0.8481
vn -0.0301 0.9697 0.2426
vn 0.0062 0.9478 0.3188
vn -0.0244 0.6344 0.7726
vn -0.0287 0.6163 0.7870
vn 0.0086 0.5329 0.8462
vn -0.0087 0.1357 0.9907
vn 0.0053 0.0978 0.9952
vn -0.0054 -0.2693 0.9630
vn 0.0086 -0.3058 0.9520
vn -0.0087 -0.6717 0.7408
vn 0.0258 -0.7383 0.6740
vn -0.0307 -0.9129 0.4070
vn 0.0321 -0.9868 0.1590
vn 0.0307 0.9908 0.1315
vn -0.0371 0.9241 0.3804
vn 0.0215 0.8253 0.5643
vn -0.0205 0.5682 0.8226
vn -0.0018 0.5331 0.8460
vn -0.0221 -0.0068 0.9997
vn 0.0156 0.0978 0.9951
vn -0.0276 -0.4575 0.8888
vn 0.0179 -0.3054 0.9521
vn 0.0428 -0.7379 0.6736
vn -0.0458 -0.8845 0.4643
vn 0.0388 -0.9905 0.1320
vn -0.0170 0.9758 0.2179
vn 0.0212 0.9973 0.0700
vn -0.0274 0.7960 0.6047
vn 0.0179 0.8844 0.4664
vn 0.0322 0.5819 0.8127
vn -0.0345 0.2828 0.9586
vn -0.0018 0.2114 0.9774
vn -0.0328 -0.3996 0.9161
vn 0.0177 -0.3103 0.9505
vn -0.0313 -0.8851 0.4643
vn 0.0286 -0.8111 0.5842
vn 0.0256 -0.9913 0.1290
vn -0.8138 -0.5711 -0.1075
vn -0.9991 0.0419 0.0087
vn -0.9573 -0.2891 0.0103
vn -0.9658 -0.2594 0.0045
vn -0.9967 0.0807 -0.0070
vn -0.9841 0.1775 -0.0024
vn -0.9031 -0.4204 0.0879
vn -0.9979 0.0629 -0.0165
vn -0.9566 -0.2692 0.1118
vn -0.9529 -0.2794 0.1178
vn -0.9961 0.0803 -0.0368
vn -0.9908 0.1249 -0.0519
vn -0.9983 0.0484 -0.0332
vn -0.8744 -0.3881 0.2913
vn -0.9945 0.0747 -0.0728
vn -0.9638 -0.1883 0.1888
vn -0.9421 -0.2257 0.2480
vn -0.9927 0.0853 -0.0851
vn -0.9982 0.0353 -0.0488
vn -0.9019 -0.2327 0.3639
vn -0.9966 0.0368 -0.0733
vn -0.9970 0.0338 -0.0692
vn -0.9469 -0.1474 0.2859
vn -0.9183 -0.1546 0.3644
vn -0.9965 0.0233 -0.0804
vn -0.9452 -0.0771 0.3174
vn -0.9507 -0.0759 0.3006
vn -0.9944 0.0261 -0.1021
vn -0.9980 0.0070 -0.0630
vn -0.9046 -0.0294 0.4253
vn -0.9953 -0.0060 -0.0965
vn -0.9628 0.0265 0.2689
vn -0.9466 0.0400 0.3198
vn -0.9873 -0.0159 -0.1581
vn -0.9980 -0.0147 -0.0616
vn -0.9979 -0.0257 -0.0600
vn -0.8519 0.2147 0.4777
vn -0.8972 -0.2412 -0.3700
vn -0.9714 0.1216 0.2040
vn -0.9926 -0.0621 -0.1044
vn -0.9978 -0.0456 -0.0490
vn -0.8438 0.3693 0.3895
vn -0.9912 -0.1056 -0.0801
vn -0.9681 0.2298 0.0994
vn -0.9584 0.2202 0.1817
vn -0.9200 0.3420 0.1914
vn -0.9970 -0.0719 -0.0289
vn -0.9969 -0.0605 -0.0504
vn -0.9964 -0.0783 -0.0314
vn -0.5316 -0.8221 -0.2038
vn -0.9100 -0.3748 0.1773
vn -0.8953 -0.3994 0.1972
vn -0.8215 0.4961 0.2810
vn -0.6906 0.6177 0.3762
vn -0.9208 -0.3796 0.0897
vn -0.9156 0.3034 0.2640
vn -0.8731 -0.4672 0.1396
vn -0.9088 0.2717 0.3166
vn -0.8815 0.3169 0.3501
vn -0.9252 -0.3780 0.0320
vn -0.8956 -0.4414 0.0550
vn -0.9090 0.2144 0.3574
vn -0.8959 0.2341 0.3776
vn -0.9108 0.1498 0.3846
vn -0.8935 0.1712 0.4152
vn -0.9305 -0.3643 -0.0395
vn -0.8956 -0.4445 -0.0183
vn -0.9118 0.0825 0.4022
vn -0.8924 0.1008 0.4399
vn -0.9143 0.0136 0.4049
vn -0.5501 -0.8101 -0.2028
vn -0.8910 0.0275 0.4531
vn -0.9150 -0.0544 0.3997
vn -0.8906 -0.0482 0.4522
vn -0.9139 -0.1215 0.3873
vn -0.8888 -0.1234 0.4415
vn -0.9163 -0.1824 0.3565
vn -0.8865 -0.1955 0.4193
vn -0.9170 -0.2388 0.3195
vn -0.8860 -0.2628 0.3820
vn -0.9236 -0.2779 0.2642
vn -0.8844 -0.3246 0.3354
vn -0.9210 -0.3233 0.2171
vn -0.8992 -0.3562 0.2542
vn -0.9910 -0.0774 0.1094
vn -0.9750 0.0447 0.2177
vn -0.9744 0.0817 0.2096
vn -0.9755 0.0396 0.2165
vn -0.9880 -0.0009 0.1546
vn -1.0000 -0.0000 0.0006
vn -0.9972 -0.0377 0.0651
vn -0.9955 -0.0376 0.0865
vn -0.9925 -0.0009 0.1226
vn -0.9760 0.1058 0.1902
vn -0.9775 0.1121 0.1785
vn -0.9912 0.0754 0.1089
vn -0.9743 -0.2243 0.0190
vn -0.9904 0.0955 0.1004
vn -0.9756 0.1531 0.1572
vn -0.9903 0.1377 0.0175
vn -0.9920 0.1096 0.0633
vn -0.9915 0.1097 0.0700
vn -0.9798 0.1604 0.1194
vn -0.9725 0.2222 0.0702
vn -0.9746 0.1992 0.1022
vn -0.9742 0.2234 0.0306
vn -0.9741 0.2243 0.0300
vn -0.9890 -0.1313 0.0680
vn -0.9770 -0.2083 0.0455
vn -0.9750 -0.1014 0.1979
vn -0.9742 -0.0676 0.2153
vn -0.9774 -0.1198 0.1740
vn -0.9771 -0.1486 0.1524
vn -0.9762 -0.1171 0.1823
vn -0.9904 -0.1378 0.0079
vn -0.9808 -0.1846 0.0623
vn -0.9804 -0.1641 0.1093
vn -0.9792 -0.1793 0.0948
vn -0.9741 -0.0305 0.2239
vn -0.9728 0.0078 0.2315
vn -0.9757 -0.0395 0.2156
vn -0.4054 -0.1985 0.8923
vn -0.6640 -0.6216 -0.4155
vn -0.6640 -0.6217 -0.4155
vn -0.2636 -0.8490 -0.4579
vn -0.2541 -0.8539 -0.4542
vn -0.7346 -0.5641 -0.3770
vn -0.5439 -0.1824 0.8191
vn -0.4050 -0.7949 -0.4519
vn -0.5430 -0.1822 0.8197
vn -0.9655 -0.2156 -0.1463
vn -0.9282 -0.3070 -0.2103
vn -0.5409 -0.7430 -0.3943
vn -0.5430 -0.7412 -0.3947
vn -0.6642 -0.1529 0.7317
vn -0.7041 -0.1541 0.6932
vn -0.9707 -0.2098 -0.1168
vn -0.6642 -0.6493 -0.3704
vn -0.2726 -0.8793 -0.3905
vn -0.2710 -0.8801 -0.3898
vn -0.2418 -0.1168 0.9633
vn -0.7855 -0.5392 -0.3039
vn -0.2552 -0.1217 0.9592
vn -0.7600 -0.5746 -0.3037
vn -0.9666 -0.0587 0.2493
vn -0.7640 -0.1319 0.6316
vn -0.7584 -0.1319 0.6383
vn -0.8446 -0.4624 -0.2698
vn -0.2769 -0.0247 0.9606
vn -0.5405 -0.7688 -0.3418
vn -0.2517 -0.0359 0.9671
vn -0.5405 -0.7689 -0.3415
vn -0.4049 -0.1151 0.9071
vn -0.8836 -0.4075 -0.2307
vn -0.4033 -0.1147 0.9079
vn -0.8411 -0.1106 0.5294
vn -0.8367 -0.1109 0.5364
vn -0.4038 -0.0492 0.9135
vn -0.2721 -0.9069 -0.3218
vn -0.9028 -0.0873 0.4210
vn -0.2522 -0.9145 -0.3163
vn -0.9191 -0.0869 0.3844
vn -0.9642 -0.0578 0.2588
vn -0.5429 -0.1056 0.8331
vn -0.7604 -0.5933 -0.2642
vn -0.5419 -0.1053 0.8338
vn -0.7598 -0.5941 -0.2640
vn -0.4051 -0.8686 -0.2853
vn -0.5540 -0.0187 0.8323
vn -0.5417 -0.0258 0.8402
vn -0.6171 -0.0987 0.7807
vn -0.5409 -0.7918 -0.2837
vn -0.9707 -0.0332 0.2380
vn -0.5427 -0.7904 -0.2842
vn -0.6796 -0.0455 0.7321
vn -0.9667 -0.2342 -0.1034
vn -0.9651 -0.2387 -0.1078
vn -0.9061 -0.3858 -0.1739
vn -0.9034 -0.3916 -0.1744
vn -0.7785 -0.0232 0.6273
vn -0.7585 -0.0329 0.6508
vn -0.6646 -0.7102 -0.2324
vn -0.8371 -0.0229 0.5466
vn -0.8531 -0.0189 0.5213
vn -0.2468 -0.9409 -0.2319
vn -0.2529 -0.9389 -0.2337
vn -0.9025 -0.0194 0.4302
vn -0.9070 -0.0178 0.4208
vn -0.9687 -0.0147 0.2477
vn -0.9664 -0.0118 0.2568
vn -0.7603 -0.6141 -0.2117
vn -0.7755 -0.5923 -0.2185
vn -0.4051 -0.8877 -0.2187
vn -0.4052 -0.8877 -0.2188
vn -0.9715 -0.1298 -0.1985
vn -0.9684 -0.1032 -0.2271
vn -0.9742 -0.1393 -0.1778
vn -0.9770 -0.1411 -0.1599
vn -0.5435 -0.8150 -0.2010
vn -0.5435 -0.8150 -0.2009
vn -0.9806 -0.1384 -0.1388
vn -0.8853 -0.4398 -0.1514
vn -0.9712 -0.2258 -0.0758
vn -0.6643 -0.7257 -0.1789
vn -0.6638 -0.7262 -0.1790
vn -0.2482 -0.9573 -0.1484
vn -0.2624 -0.9527 -0.1532
vn -0.7921 -0.5927 -0.1462
vn -0.7771 -0.6122 -0.1458
vn -0.4052 -0.9034 -0.1403
vn -0.4053 -0.9034 -0.1402
vn -0.9686 -0.2254 -0.1052
vn -0.9716 -0.1976 -0.1304
vn -0.9742 -0.1773 -0.1395
vn -0.9770 -0.1595 -0.1413
vn -0.9807 -0.1382 -0.1383
vn -0.8412 -0.5280 -0.1168
vn -0.5437 -0.8294 -0.1288
vn -0.5435 -0.8294 -0.1288
vn -0.9679 -0.2447 -0.0576
vn -0.9060 -0.4105 -0.1034
vn -0.9652 -0.2537 -0.0638
vn -0.9022 -0.4191 -0.1025
vn -0.6644 -0.7385 -0.1148
vn -0.6643 -0.7386 -0.1148
vn -0.2431 -0.9683 -0.0571
vn -0.2850 -0.9561 -0.0680
vn -0.7310 -0.6743 -0.1048
vn -0.4049 -0.9128 -0.0538
vn -0.4051 -0.9127 -0.0540
vn -0.2117 -0.9773 -0.0069
vn -0.5434 -0.8380 -0.0496
vn -0.5436 -0.8379 -0.0497
vn -0.9710 -0.2366 -0.0330
vn -0.6640 -0.7464 -0.0442
vn -0.6641 -0.7463 -0.0442
vn -0.7886 -0.6133 -0.0456
vn -0.7642 -0.6439 -0.0383
vn -0.8415 -0.5388 -0.0403
vn -0.8403 -0.5407 -0.0401
vn -0.2809 -0.9581 0.0561
vn -0.2410 -0.9676 0.0751
vn -0.9031 -0.4282 -0.0320
vn -0.9696 -0.2443 -0.0113
vn -0.9066 -0.4206 -0.0329
vn -0.9656 -0.2592 -0.0204
vn -0.4047 -0.9129 0.0534
vn -0.4053 -0.9126 0.0532
vn -0.5430 -0.8383 0.0490
vn -0.5438 -0.8378 0.0486
vn -0.6638 -0.7467 0.0437
vn -0.6648 -0.7458 0.0433
vn -0.9715 -0.1985 0.1299
vn -0.9684 -0.2272 0.1032
vn -0.9742 -0.1778 0.1392
vn -0.2612 -0.9539 0.1478
vn -0.2446 -0.9571 0.1552
vn -0.9770 -0.1598 0.1411
vn -0.9691 -0.2463 0.0114
vn -0.7643 -0.6434 0.0435
vn -0.7759 -0.6298 0.0367
vn -0.9806 -0.1389 0.1383
vn -0.4047 -0.9036 0.1400
vn -0.4047 -0.9037 0.1398
vn -0.8412 -0.5402 0.0243
vn -0.9059 -0.4226 0.0294
vn -0.9659 -0.2582 0.0180
vn -0.9032 -0.4280 0.0309
vn -0.5432 -0.8297 0.1285
vn -0.5434 -0.8296 0.1284
vn -0.9686 -0.1053 0.2253
vn -0.9716 -0.1304 0.1976
vn -0.9743 -0.1394 0.1772
vn -0.9771 -0.1411 0.1592
vn -0.9807 -0.1382 0.1383
vn -0.6641 -0.7388 0.1143
vn -0.6639 -0.7390 0.1144
vn -0.9713 -0.2357 0.0329
vn -0.2431 -0.9408 0.2361
vn -0.2542 -0.9391 0.2311
vn -0.7773 -0.6210 0.1010
vn -0.7915 -0.6040 0.0934
vn -0.4048 -0.8879 0.2185
vn -0.4047 -0.8880 0.2185
vn -0.8410 -0.5325 0.0954
vn -0.8831 -0.4630 0.0764
vn -0.5431 -0.8154 0.2006
vn -0.5435 -0.8151 0.2006
vn -0.9670 -0.2479 0.0582
vn -0.6639 -0.7262 0.1787
vn -0.6640 -0.7261 0.1786
vn -0.2687 -0.9101 0.3154
vn -0.2768 -0.0248 -0.9606
vn -0.2551 -0.9109 0.3242
vn -0.7308 -0.6628 0.1630
vn -0.2533 -0.0356 -0.9667
vn -0.4050 -0.8695 0.2826
vn -0.4052 -0.0493 -0.9129
vn -0.5540 -0.0187 -0.8323
vn -0.9254 -0.3684 0.0889
vn -0.5432 -0.0250 -0.8392
vn -0.9657 -0.2524 0.0611
vn -0.5408 -0.7922 0.2827
vn -0.5430 -0.7912 0.2813
vn -0.6818 -0.0455 -0.7302
vn -0.9707 -0.2277 0.0763
vn -0.2542 -0.1185 -0.9599
vn -0.2466 -0.1216 -0.9615
vn -0.6641 -0.7113 0.2301
vn -0.2735 -0.8811 0.3858
vn -0.2706 -0.8812 0.3877
vn -0.7863 -0.5871 0.1924
vn -0.7601 -0.6115 0.2198
vn -0.7328 -0.0366 -0.6795
vn -0.4051 -0.1147 -0.9071
vn -0.4052 -0.1146 -0.9070
vn -0.8415 -0.5158 0.1607
vn -0.5404 -0.7708 0.3375
vn -0.5408 -0.7705 0.3374
vn -0.8836 -0.4450 0.1455
vn -0.5435 -0.1052 -0.8328
vn -0.9737 -0.0105 -0.2274
vn -0.6244 -0.0979 -0.7750
vn -0.2507 -0.8513 0.4610
vn -0.2691 -0.8503 0.4523
vn -0.2471 -0.2098 -0.9460
vn -0.2847 -0.1964 -0.9383
vn -0.7602 -0.5953 0.2602
vn -0.7600 -0.5954 0.2604
vn -0.4052 -0.7967 0.4484
vn -0.7999 -0.0680 -0.5963
vn -0.4046 -0.1981 -0.8928
vn -0.4053 -0.1978 -0.8925
vn -0.8542 -0.0529 -0.5172
vn -0.5408 -0.7436 0.3931
vn -0.2176 -0.2581 -0.9413
vn -0.5429 -0.7430 0.3914
vn -0.9036 -0.3926 0.1715
vn -0.9668 -0.2336 0.1031
vn -0.9650 -0.2408 0.1035
vn -0.9064 -0.3879 0.1674
vn -0.5432 -0.1817 -0.8197
vn -0.5436 -0.1816 -0.8195
vn -0.9671 -0.0352 -0.2520
vn -0.9664 -0.0347 -0.2546
vn -0.9199 -0.0494 -0.3891
vn -0.9064 -0.0573 -0.4185
vn -0.6644 -0.6509 0.3674
vn -0.6640 -0.1617 -0.7300
vn -0.6943 -0.1456 -0.7049
vn -0.2483 -0.8055 0.5382
vn -0.2567 -0.8054 0.5342
vn -0.7755 -0.5609 0.2899
vn -0.7603 -0.5706 0.3106
vn -0.7593 -0.1328 -0.6371
vn -0.7638 -0.1306 -0.6321
vn -0.4053 -0.7603 0.5076
vn -0.4050 -0.7603 0.5078
vn -0.8409 -0.1232 -0.5270
vn -0.5434 -0.6981 0.4661
vn -0.5431 -0.6983 0.4664
vn -0.2762 -0.3137 -0.9085
vn -0.2393 -0.3323 -0.9123
vn -0.8851 -0.4088 0.2224
vn -0.9712 -0.2082 0.1160
vn -0.9723 -0.0535 -0.2274
vn -0.8824 -0.0998 -0.4598
vn -0.2536 -0.7596 0.5988
vn -0.2486 -0.7593 0.6013
vn -0.4052 -0.2983 -0.8642
vn -0.6656 -0.5884 0.4592
vn -0.4046 -0.2985 -0.8644
vn -0.6797 -0.6099 0.4075
vn -0.6639 -0.6166 0.4231
vn -0.7769 -0.5305 0.3390
vn -0.6796 -0.5826 0.4457
vn -0.7416 -0.5214 0.4220
vn -0.4059 -0.7162 0.5677
vn -0.4051 -0.7164 0.5680
vn -0.5431 -0.2740 -0.7937
vn -0.5436 -0.2738 -0.7934
vn -0.8320 -0.4535 0.3195
vn -0.5429 -0.6545 0.5262
vn -0.5582 -0.6522 0.5129
vn -0.9055 -0.3546 0.2332
vn -0.9689 -0.2041 0.1399
vn -0.6641 -0.2438 -0.7068
vn -0.9656 -0.2176 0.1422
vn -0.9059 -0.3541 0.2324
vn -0.6637 -0.2441 -0.7070
vn -0.9663 -0.0817 -0.2439
vn -0.2681 -0.4037 -0.8747
vn -0.2604 -0.4092 -0.8745
vn -0.7879 -0.4798 0.3861
vn -0.7642 -0.2164 -0.6076
vn -0.8252 -0.4477 0.3443
vn -0.7759 -0.2059 -0.5964
vn -0.8867 -0.3584 0.2921
vn -0.8589 -0.3974 0.3230
vn -0.8302 -0.4396 0.3428
vn -0.9029 -0.3366 0.2674
vn -0.9702 -0.1865 0.1549
vn -0.4050 -0.3637 -0.8389
vn -0.8411 -0.1696 -0.5135
vn -0.9686 -0.1889 0.1614
vn -0.9285 -0.2839 0.2393
vn -0.9106 -0.3204 0.2613
vn -0.9016 -0.1465 -0.4069
vn -0.9652 -0.0844 -0.2476
vn -0.9178 -0.1275 -0.3761
vn -0.3038 -0.6048 0.7361
vn -0.5409 -0.3581 -0.7611
vn -0.2468 -0.5985 0.7622
vn -0.5431 -0.3563 -0.7603
vn -0.4053 -0.5564 0.7254
vn -0.9707 -0.0971 -0.2198
vn -0.6641 -0.2963 -0.6864
vn -0.2685 -0.4689 -0.8414
vn -0.5445 -0.5260 0.6533
vn -0.5432 -0.5258 0.6546
vn -0.2739 -0.4653 -0.8417
vn -0.7772 -0.2583 -0.5738
vn -0.7602 -0.2779 -0.5872
vn -0.6641 -0.4604 0.5891
vn -0.6738 -0.4584 0.5795
vn -0.7433 -0.4151 0.5246
vn -0.9687 -0.1656 0.1848
vn -0.9268 -0.2467 0.2830
vn -0.9713 -0.1521 0.1831
vn -0.5408 -0.4069 -0.7362
vn -0.8930 -0.2680 0.3616
vn -0.9106 -0.2635 0.3185
vn -0.2655 -0.5327 0.8036
vn -0.2549 -0.5290 0.8095
vn -0.7786 -0.3807 0.4988
vn -0.8879 -0.1888 -0.4196
vn -0.7906 -0.3767 0.4828
vn -0.4048 -0.5224 0.7505
vn -0.2695 -0.5267 -0.8062
vn -0.8284 -0.3524 0.4354
vn -0.2522 -0.5353 -0.8061
vn -0.8603 -0.3211 0.3959
vn -0.8968 -0.2708 0.3498
vn -0.5427 -0.4595 0.7031
vn -0.7603 -0.3139 -0.5687
vn -0.7599 -0.3145 -0.5690
vn -0.5410 -0.4593 0.7046
vn -0.9661 -0.1459 0.2130
vn -0.4053 -0.5188 -0.7527
vn -0.6641 -0.4280 0.6130
vn -0.2704 -0.4715 0.8394
vn -0.2715 -0.4719 0.8388
vn -0.7775 -0.3521 0.5211
vn -0.7602 -0.3533 0.5452
vn -0.5412 -0.4578 -0.7054
vn -0.5426 -0.4565 -0.7051
vn -0.9652 -0.1273 -0.2286
vn -0.9124 -0.1978 -0.3584
vn -0.9078 -0.2055 -0.3657
vn -0.9648 -0.1276 -0.2301
vn -0.2508 -0.6014 -0.7586
vn -0.5405 -0.4125 0.7333
vn -0.2539 -0.5998 -0.7588
vn -0.5407 -0.4129 0.7329
vn -0.6653 -0.4594 -0.5885
vn -0.6798 -0.4195 -0.6015
vn -0.9029 -0.2398 0.3567
vn -0.9658 -0.1463 0.2140
vn -0.9095 -0.2363 0.3420
vn -0.7414 -0.4228 -0.5211
vn -0.6797 -0.4459 -0.5825
vn -0.4054 -0.5684 -0.7160
vn -0.4059 -0.5680 -0.7160
vn -0.2569 -0.4051 0.8774
vn -0.7604 -0.3442 -0.5508
vn -0.2724 -0.4092 0.8708
vn -0.7603 -0.3190 0.5658
vn -0.7599 -0.3189 0.5664
vn -0.8316 -0.3202 -0.4538
vn -0.5579 -0.5134 -0.6520
vn -0.4051 -0.3690 0.8365
vn -0.5428 -0.5267 -0.6542
vn -0.8841 -0.2617 -0.3872
vn -0.9729 -0.1307 -0.1907
vn -0.5433 -0.3606 0.7581
vn -0.7879 -0.3864 -0.4795
vn -0.5409 -0.3600 0.7602
vn -0.8303 -0.3427 -0.4396
vn -0.8255 -0.3442 -0.4474
vn -0.8867 -0.2921 -0.3583
vn -0.8874 -0.2264 0.4016
vn -0.8588 -0.3232 -0.3975
vn -0.9704 -0.1175 0.2110
vn -0.9690 -0.1577 -0.1900
vn -0.9050 -0.2643 -0.3335
vn -0.9302 -0.2330 -0.2835
vn -0.9115 -0.2575 -0.3207
vn -0.9687 -0.1589 -0.1905
vn -0.6644 -0.3008 0.6842
vn -0.2865 -0.3258 0.9010
vn -0.2428 -0.3172 0.9167
vn -0.3038 -0.7369 -0.6040
vn -0.2449 -0.7631 -0.5980
vn -0.7604 -0.2708 0.5903
vn -0.7756 -0.2759 0.5678
vn -0.4050 -0.2993 0.8639
vn -0.4048 -0.2993 0.8640
vn -0.4053 -0.7255 -0.5562
vn -0.5434 -0.6548 -0.5254
vn -0.5445 -0.6538 -0.5254
vn -0.5437 -0.2748 0.7930
vn -0.5433 -0.2748 0.7933
vn -0.6742 -0.5796 -0.4578
vn -0.7431 -0.5251 -0.4147
vn -0.6642 -0.5893 -0.4599
vn -0.8928 -0.3616 -0.2687
vn -0.9107 -0.3184 -0.2631
vn -0.9072 -0.1740 0.3831
vn -0.9712 -0.1832 -0.1521
vn -0.9642 -0.1102 0.2413
vn -0.9270 -0.2831 -0.2461
vn -0.9669 -0.1031 0.2335
vn -0.9687 -0.1852 -0.1651
vn -0.9095 -0.1734 0.3779
vn -0.6643 -0.2448 0.7063
vn -0.6641 -0.2448 0.7064
vn -0.2568 -0.8035 -0.5371
vn -0.2448 -0.8087 -0.5348
vn -0.2202 -0.2551 0.9415
vn -0.7910 -0.4852 -0.3727
vn -0.7792 -0.4984 -0.3800
vn -0.7774 -0.2108 0.5927
vn -0.7642 -0.2113 0.6094
vn -0.4043 -0.7604 -0.5083
vn -0.4047 -0.7602 -0.5083
vn -0.8307 -0.4428 -0.3374
vn -0.8624 -0.3995 -0.3109
vn -0.8379 -0.4326 -0.3327
vn -0.8412 -0.1711 0.5129
vn -0.8971 -0.3484 -0.2717
vn -0.2730 -0.2088 0.9391
vn -0.2437 -0.1952 0.9500
vn -0.5429 -0.6982 -0.4666
vn -0.5431 -0.6981 -0.4666
vn -0.8819 -0.1562 0.4447
vn -0.9724 -0.0742 0.2214
vn -0.4046 -0.1983 0.8927
vn -0.9664 -0.2122 -0.1454
vn -0.0454 -0.8003 -0.5978
vn -0.0320 -0.0874 0.9957
vn -0.0079 -0.0424 0.9991
vn -0.0296 -0.1740 0.9843
vn -0.0093 -0.1271 0.9919
vn 0.0048 -0.2362 0.9717
vn -0.0315 -0.6169 0.7864
vn -0.0335 -0.4045 0.9139
vn -0.0247 -0.8145 -0.5796
vn -0.0230 -0.8194 -0.5728
vn -0.0508 -0.7412 -0.6693
vn -0.0062 -0.8350 -0.5502
vn -0.0133 -0.8284 -0.5599
vn -0.0509 -0.5972 -0.8005
vn -0.0421 -0.6033 -0.7964
vn -0.0561 -0.5937 -0.8027
vn -0.0100 -0.4502 0.8929
vn -0.0330 -0.4883 0.8720
vn -0.0085 -0.5242 0.8516
vn -0.0263 -0.5563 0.8306
vn -0.0262 -0.5562 0.8307
vn -0.0271 -0.5642 0.8252
vn -0.0221 -0.5946 0.8038
vn -0.0154 -0.5884 0.8084
vn -0.0130 -0.5850 0.8109
vn -0.0487 -0.7996 0.5985
vn -0.0435 -0.7968 0.6026
vn -0.0562 -0.8027 0.5937
vn -0.0151 -0.5879 -0.8088
vn -0.0160 -0.5890 -0.8079
vn -0.0203 -0.5946 -0.8038
vn -0.0260 -0.5467 -0.8369
vn -0.0235 -0.5407 -0.8409
vn -0.0271 -0.5628 -0.8261
vn -0.0135 -0.5192 -0.8545
vn 0.0068 -0.8486 0.5291
vn -0.0290 -0.7943 0.6068
vn -0.0292 -0.0586 0.9979
vn -0.0180 -0.0475 0.9987
vn -0.0415 -0.1201 0.9919
vn -0.0631 -0.0393 0.9972
vn -0.0148 -0.1180 0.9929
vn -0.0303 -0.1978 0.9798
vn -0.0327 -0.2653 0.9636
vn -0.0579 -0.1965 0.9788
vn -0.0217 -0.1767 0.9840
vn -0.0398 -0.3389 0.9400
vn -0.0425 -0.2889 0.9564
vn -0.0178 -0.8284 0.5598
vn -0.0208 -0.3008 0.9535
vn -0.0305 -0.4163 0.9087
vn -0.0350 -0.4850 0.8738
vn -0.0246 -0.8419 0.5391
vn -0.0252 -0.4062 0.9134
vn -0.0244 -0.8411 0.5404
vn -0.0300 -0.8648 0.5012
vn -0.0437 -0.4158 0.9084
vn -0.0197 -0.5208 0.8535
vn -0.0406 -0.5602 0.8274
vn -0.0200 -0.6338 0.7732
vn -0.0409 -0.6120 0.7898
vn -0.0474 -0.5324 0.8451
vn -0.0371 -0.5661 0.8235
vn -0.0750 -0.4932 0.8667
vn -0.0405 -0.6121 0.7897
vn -0.0254 -0.6226 0.7821
vn -0.0287 -0.6697 0.7420
vn -0.0544 -0.6360 0.7698
vn -0.0491 -0.6337 0.7720
vn -0.0504 -0.6342 0.7715
vn -0.0001 -0.6260 0.7798
vn -0.0128 -0.6256 0.7800
vn -0.0055 -0.6262 0.7797
vn 0.0232 -0.6309 0.7755
vn -0.0333 -0.6169 0.7863
vn -0.0187 -0.6606 0.7505
vn -0.0273 -0.7224 0.6909
vn -0.0129 -0.7072 0.7069
vn -0.0232 -0.7843 0.6199
vn -0.0493 -0.7705 0.6355
vn -0.0553 -0.7678 0.6383
vn -0.0726 -0.7595 0.6465
vn -0.0400 -0.7915 0.6098
vn -0.0227 -0.7782 0.6276
vn -0.0410 -0.8310 0.5547
vn -0.0295 -0.7931 0.6084
vn -0.0265 -0.8182 0.5743
vn -0.0266 -0.8275 0.5608
vn -0.0283 -0.8332 0.5522
vn -0.0326 -0.8397 0.5421
vn -0.0401 -0.7075 0.7056
vn -0.0308 -0.7858 0.6177
vn 0.0108 -0.7794 0.6265
vn -0.0028 -0.7805 0.6251
vn -0.0045 -0.7805 0.6251
vn -0.0271 -0.7216 0.6917
vn -0.0234 -0.7778 0.6280
vn -0.0616 -0.8634 0.5007
vn -0.0370 -0.8761 0.4807
vn -0.0215 -0.8536 0.5205
vn -0.0313 -0.9163 0.3994
vn -0.0377 -0.9450 0.3250
vn -0.0226 -0.9368 0.3491
vn -0.0260 -0.9136 0.4059
vn -0.0617 -0.9035 0.4241
vn -0.0377 -0.9694 0.2426
vn -0.0726 -0.9589 0.2741
vn -0.0229 -0.9532 0.3015
vn -0.0241 -0.9842 0.1754
vn -0.0666 -0.9778 0.1989
vn -0.0357 -0.9868 0.1577
vn -0.0342 -0.9962 0.0800
vn -0.0181 -0.9935 0.1127
vn -0.0354 -0.9994 -0.0022
vn -0.0617 -0.9972 0.0418
vn -0.0230 -0.9977 0.0637
vn -0.0181 -0.9935 -0.1127
vn -0.0338 -0.9959 -0.0837
vn -0.0364 -0.9872 -0.1554
vn -0.0617 -0.9972 -0.0418
vn -0.0210 -0.9977 -0.0647
vn -0.0238 -0.9842 -0.1753
vn -0.0383 -0.9698 -0.2407
vn -0.0666 -0.9778 -0.1989
vn -0.0128 -0.9957 0.0919
vn -0.0226 -0.9368 -0.3491
vn -0.0350 -0.9986 0.0392
vn -0.0378 -0.9452 -0.3243
vn -0.0312 -0.9162 -0.3996
vn -0.0231 -0.9532 -0.3013
vn -0.0726 -0.9589 -0.2741
vn -0.0365 -0.8762 -0.4806
vn -0.0260 -0.9136 -0.4059
vn -0.0617 -0.9035 -0.4241
vn -0.0264 -0.8181 -0.5745
vn -0.0215 -0.8536 -0.5206
vn -0.0322 -0.7946 -0.6063
vn -0.0406 -0.8322 -0.5531
vn -0.0220 -0.7749 -0.6317
vn -0.0624 -0.8636 -0.5003
vn -0.0446 -0.7928 -0.6079
vn -0.0310 -0.8374 -0.5457
vn -0.0156 -0.9999 -0.0000
vn -0.0279 -0.8321 -0.5540
vn -0.0261 -0.8252 -0.5643
vn -0.0755 -0.7610 -0.6444
vn -0.0350 -0.9986 -0.0392
vn -0.0561 -0.7693 -0.6365
vn -0.0482 -0.7720 -0.6338
vn -0.0202 -0.7858 -0.6181
vn -0.0031 -0.7789 -0.6272
vn 0.0060 -0.7778 -0.6284
vn -0.0129 -0.9957 -0.0915
vn -0.0238 -0.7778 -0.6280
vn 0.0125 -0.7767 -0.6297
vn -0.0262 -0.7217 -0.6917
vn -0.0299 -0.7847 -0.6192
vn -0.0266 -0.7065 -0.7073
vn -0.0285 -0.7052 -0.7084
vn -0.0626 -0.6364 -0.7688
vn -0.0492 -0.6325 -0.7730
vn -0.0227 -0.6226 -0.7822
vn -0.0282 -0.6082 -0.7933
vn -0.0400 -0.6098 -0.7915
vn -0.0207 -0.6297 -0.7766
vn -0.0413 -0.5602 -0.8274
vn -0.0259 -0.5592 -0.8286
vn -0.0302 -0.5479 -0.8360
vn -0.0325 -0.5423 -0.8395
vn -0.0195 -0.6605 -0.7505
vn -0.0395 -0.7066 -0.7065
vn -0.0322 -0.6203 -0.7837
vn -0.0031 -0.6286 -0.7777
vn -0.0034 -0.6285 -0.7778
vn 0.0577 -0.6345 -0.7708
vn -0.0357 -0.4837 -0.8745
vn -0.0294 -0.4161 -0.9088
vn -0.0203 -0.5213 -0.8531
vn -0.0615 -0.5007 -0.8634
vn -0.0400 -0.3414 -0.9391
vn -0.0623 -0.4255 -0.9028
vn -0.0226 -0.3492 -0.9368
vn -0.0243 -0.4063 -0.9134
vn -0.0336 -0.2669 -0.9631
vn -0.0317 -0.1997 -0.9793
vn -0.0212 -0.3021 -0.9530
vn -0.0731 -0.2734 -0.9591
vn -0.0415 -0.1218 -0.9917
vn -0.0188 -0.0483 -0.9987
vn -0.0317 -0.0611 -0.9976
vn -0.0226 -0.1207 -0.9924
vn -0.0702 -0.0393 -0.9968
vn -0.0674 -0.2003 -0.9774
vn -0.0220 -0.1753 -0.9843
vn -0.0254 0.9756 0.2181
vn -0.0157 0.8128 0.5823
vn 0.0342 0.8850 0.4643
vn 0.0029 0.4425 0.8968
vn 0.0110 0.4284 0.9035
vn -0.0107 -0.0934 0.9956
vn 0.0136 -0.1406 0.9900
vn -0.0139 -0.6733 0.7392
vn 0.0201 -0.7188 0.6950
vn -0.0191 -0.9612 0.2753
vn 0.0395 -0.9938 0.1039
vn -0.0598 -0.4739 0.8785
vn -0.0318 -0.6361 0.7709
vn -0.0272 -0.9017 0.4315
vn -0.9127 -0.2645 0.3114
vn -0.1380 -0.6545 0.7434
vn -0.0267 -0.9045 0.4257
vn -0.5071 0.0341 0.8612
vn -0.8000 -0.5329 0.2756
vn -0.8011 -0.2783 0.5299
vn -0.7573 -0.2799 0.5900
vn -0.2298 0.1458 0.9623
vn -0.2729 -0.9547 -0.1189
vn -0.0256 -0.0948 0.9952
vn -0.0260 -0.9612 -0.2746
vn -0.4694 -0.8777 -0.0963
vn -0.0254 -0.7084 0.7054
vn -0.0254 -0.7085 0.7053
vn -0.0278 -0.8007 -0.5984
vn -0.7532 -0.5961 0.2781
vn -0.0264 0.5921 0.8054
vn -0.0259 0.5966 0.8021
vn -0.0248 0.2673 0.9633
vn -0.0267 -0.4237 0.9054
vn -0.0432 -0.7691 0.6377
vn -0.2738 -0.7028 0.6566
vn -0.1498 -0.7420 0.6535
vn -0.0849 -0.7594 0.6451
vn -0.0299 -0.7759 0.6301
vn 0.0224 -0.9278 0.3723
vn -0.0254 -0.9952 0.0945
vn -0.0356 -0.7611 0.6476
vn -0.0261 -0.9945 0.1012
vn -0.9092 -0.3174 0.2693
vn -0.0260 -0.0989 0.9948
vn -0.0229 -0.9677 -0.2512
vn -0.0252 -0.4350 0.9001
vn -0.9198 -0.2779 0.2772
vn -0.0254 0.2719 0.9620
vn -0.0258 -0.8103 -0.5854
vn -0.0267 -0.9044 0.4258
vn -0.0270 -0.4386 0.8983
vn -0.0096 -0.6422 0.7665
vn -0.0596 0.8786 0.4738
vn -0.0332 0.7727 0.6339
vn -0.0814 0.7597 0.6452
vn -0.9158 0.3043 0.2622
vn -0.3776 0.6605 0.6489
vn -0.5070 0.8613 -0.0341
vn -0.6265 0.1592 0.7630
vn -0.2297 0.9623 -0.1458
vn -0.6126 0.1494 0.7761
vn -0.8009 0.5302 0.2784
vn -0.0268 0.4249 0.9048
vn -0.7575 0.5897 0.2800
vn -0.0255 0.9952 0.0946
vn -0.0265 0.9045 0.4257
vn -0.0251 -0.2465 0.9688
vn -0.5027 -0.0351 0.8637
vn -0.4617 -0.0881 0.8827
vn -0.0276 -0.2692 0.9627
vn -0.7647 0.2815 0.5797
vn -0.0264 0.8054 -0.5921
vn -0.0259 0.8021 -0.5966
vn -0.0248 0.9633 -0.2673
vn 0.1664 0.5705 0.8043
vn -0.0454 0.6378 0.7688
vn -0.2205 0.6483 0.7287
vn -0.1009 0.6491 0.7540
vn -0.0265 0.4274 0.9037
vn 0.0214 0.3733 0.9274
vn -0.0346 0.6528 0.7567
vn -0.0270 0.1015 0.9945
vn -0.9180 0.2604 0.2992
vn -0.0239 0.0721 0.9971
vn -0.0260 0.9948 0.0989
vn -0.0252 0.9000 0.4352
vn -0.0254 0.7056 0.7081
vn -0.9230 0.2718 0.2722
vn -0.0252 0.7043 0.7094
vn -0.0254 0.9620 -0.2719
vn -0.0258 -0.5731 0.8191
vn -0.0274 0.8981 0.4389
vn -0.0231 -0.5922 0.8055
vn -0.0087 0.7645 0.6446
vn -0.0434 0.6376 -0.7691
vn -0.0266 0.9043 -0.4260
vn -0.0331 0.6364 -0.7706
vn -0.1389 0.6546 -0.7431
vn -0.9160 0.2622 -0.3038
vn -0.0268 0.9001 -0.4348
vn -0.5070 -0.0340 -0.8613
vn -0.6265 0.7630 -0.1593
vn -0.6134 0.7755 -0.1497
vn -0.0257 0.9013 -0.4324
vn -0.8012 0.2783 -0.5298
vn -0.7573 0.2799 -0.5900
vn -0.2298 -0.1457 -0.9623
vn -0.0241 0.0733 -0.9970
vn -0.0265 0.4257 -0.9045
vn -0.0251 0.9688 0.2464
vn -0.5026 0.8638 0.0354
vn -0.4622 0.8825 0.0873
vn -0.0253 0.7082 -0.7056
vn -0.0276 0.9626 0.2694
vn -0.7646 0.5798 -0.2815
vn -0.0259 -0.5966 -0.8021
vn -0.0264 -0.5921 -0.8054
vn -0.0248 -0.2689 -0.9629
vn 0.0224 0.3734 -0.9274
vn -0.0607 0.8808 -0.4695
vn -0.2738 0.7032 -0.6561
vn -0.1502 0.7418 -0.6536
vn -0.0853 0.7592 -0.6453
vn -0.0300 0.7760 -0.6301
vn -0.0089 0.7648 -0.6442
vn -0.0270 0.9945 -0.1015
vn -0.9164 0.3030 -0.2616
vn -0.0242 0.9969 -0.0749
vn -0.0268 0.0991 -0.9947
vn -0.0266 0.4248 -0.9049
vn -0.9220 0.2738 -0.2739
vn -0.0251 0.7092 -0.7045
vn -0.0252 -0.2720 -0.9620
vn -0.0268 0.4246 -0.9050
vn -0.0258 0.8191 0.5731
vn -0.0232 0.8057 0.5918
vn -0.0372 0.6457 -0.7627
vn -0.0436 -0.7693 -0.6374
vn -0.0318 -0.7729 -0.6337
vn -0.0807 -0.7597 -0.6452
vn -0.9120 -0.3130 -0.2653
vn -0.3804 -0.6596 -0.6482
vn -0.4942 -0.8673 0.0601
vn -0.2262 -0.9628 0.1479
vn -0.6265 -0.1592 -0.7630
vn -0.6127 -0.1494 -0.7761
vn -0.8010 -0.5301 -0.2783
vn -0.0257 -0.4334 -0.9009
vn -0.7560 -0.5918 -0.2796
vn -0.0251 0.2465 -0.9688
vn -0.5028 0.0350 -0.8637
vn -0.4616 0.0875 -0.8828
vn -0.0254 -0.7047 -0.7090
vn -0.0255 -0.7053 -0.7084
vn -0.0276 0.2692 -0.9627
vn -0.7647 -0.2815 -0.5797
vn -0.0258 -0.8101 0.5857
vn 0.0221 -0.9270 -0.3744
vn 0.1729 -0.5643 -0.8072
vn -0.0595 -0.4697 -0.8808
vn -0.2253 -0.6487 -0.7269
vn -0.0268 -0.9053 -0.4239
vn -0.0997 -0.6485 -0.7547
vn -0.0101 -0.6504 -0.7595
vn -0.9163 -0.2618 -0.3030
vn -0.0270 -0.1012 -0.9945
vn -0.0280 -0.7991 0.6006
vn -0.0235 -0.9677 0.2510
vn -0.0242 -0.0749 -0.9969
vn -0.0258 -0.9948 -0.0987
vn -0.0264 -0.9040 -0.4267
vn -0.0252 -0.9953 -0.0932
vn -0.9197 -0.2772 -0.2781
vn -0.0261 -0.9620 0.2718
vn -0.0266 -0.4263 -0.9042
vn -0.0258 0.5731 -0.8191
vn -0.0268 -0.9038 -0.4271
vn -0.0231 0.5922 -0.8055
vn -0.0352 -0.7605 -0.6483
vn -1.0000 -0.0000 -0.0000
vn -1.0000 0.0001 -0.0000
vn -1.0000 -0.0007 0.0006
vn -1.0000 -0.0004 0.0026
vn -1.0000 -0.0015 0.0007
vn -1.0000 0.0001 0.0006
vn -1.0000 -0.0011 -0.0006
vn -1.0000 -0.0002 0.0011
vn -1.0000 -0.0011 0.0001
vn -1.0000 -0.0012 0.0001
vn -1.0000 -0.0001 0.0012
vn -1.0000 -0.0009 -0.0010
vn -1.0000 0.0003 0.0009
vn -1.0000 0.0011 0.0015
vn -1.0000 -0.0015 -0.0008
vn -0.0262 0.7068 0.7070
vn -0.0259 0.7065 0.7072
vn -0.0262 0.7069 0.7068
vn -0.0262 0.7070 0.7068
vn -0.0260 -0.7070 -0.7067
vn -0.0260 -0.7072 -0.7065
vn -0.0276 -0.7111 -0.7025
vn -0.0262 -0.7069 -0.7068
vn -0.0262 -0.7070 0.7067
vn -0.0258 -0.7073 0.7065
vn -0.0262 -0.7069 0.7068
vn -0.0263 -0.7071 0.7066
vn -0.0262 0.7069 -0.7068
vn -0.0259 0.7065 -0.7072
vn -0.0276 0.7025 -0.7111
vn -0.0262 0.7068 -0.7069
vn -0.0262 -0.7068 -0.7070
vn -0.0259 -0.7065 -0.7072
vn -0.0262 -0.7072 -0.7066
vn -0.0263 -0.7069 -0.7069
vn -0.0262 0.7068 0.7069
vn -0.0259 0.7072 0.7066
vn -0.0276 0.7111 0.7025
vn -0.0262 0.7070 -0.7068
vn -0.0258 0.7073 -0.7064
vn -0.0262 0.7066 -0.7072
vn -0.0284 0.7133 -0.7003
vn -0.0259 -0.7066 0.7072
vn -0.0276 -0.7025 0.7111
vn -0.0262 -0.7068 0.7069
vn -1.0000 0.0013 -0.0012
vn -1.0000 0.0010 0.0012
vn -1.0000 0.0007 0.0017
vn -1.0000 0.0008 -0.0002
vn -1.0000 -0.0009 0.0002
vn -1.0000 0.0004 0.0011
vn -1.0000 0.0011 0.0003
vn -1.0000 0.0013 0.0001
vn -1.0000 -0.0001 0.0013
vn -1.0000 0.0001 0.0010
vn -1.0000 0.0006 -0.0001
vn -1.0000 -0.0038 -0.0044
vn -1.0000 -0.0010 0.0011
vn -1.0000 0.0013 -0.0016
vn -1.0000 -0.0011 0.0017
vn -1.0000 -0.0011 -0.0017
vn -1.0000 0.0015 0.0016
vn -1.0000 0.0007 -0.0017
vn -1.0000 0.0010 -0.0012
vn -1.0000 0.0009 0.0001
vn -1.0000 -0.0009 -0.0002
vn -1.0000 0.0004 -0.0011
vn -1.0000 0.0007 -0.0001
vn -1.0000 0.0012 -0.0001
vn -1.0000 0.0001 -0.0010
vn -1.0000 -0.0001 -0.0013
vn -1.0000 0.0010 0.0004
vn -1.0000 0.0016 0.0014
vn -1.0000 -0.0010 -0.0012
vn -1.0000 0.0024 -0.0026
vn -1.0000 -0.0015 -0.0007
vn -1.0000 -0.0004 -0.0026
vn -1.0000 0.0001 -0.0006
vn -1.0000 -0.0011 0.0006
vn -1.0000 -0.0002 -0.0008
vn -1.0000 -0.0011 -0.0001
vn -1.0000 -0.0012 -0.0001
vn -1.0000 -0.0001 -0.0012
vn -1.0000 0.0003 -0.0009
vn -1.0000 -0.0009 0.0010
vn -1.0000 -0.0064 -0.0062
vn -1.0000 0.0011 -0.0015
vn -1.0000 -0.0039 -0.0039
vn -1.0000 -0.0015 0.0008
vn -0.9935 -0.0872 0.0729
vn -0.9962 -0.0119 -0.0859
vn -0.9933 -0.0863 0.0765
vn -0.9773 -0.1575 0.1415
vn -0.9937 -0.0707 0.0870
vn -0.9923 -0.0701 0.1023
vn -0.9929 -0.0654 0.0994
vn -0.9953 -0.0793 -0.0554
vn -0.9933 -0.0652 0.0957
vn -0.9924 -0.0598 0.1075
vn -0.9921 -0.0508 0.1151
vn -0.9976 -0.0011 0.0692
vn -0.9974 -0.0068 0.0712
vn -0.9971 -0.0279 -0.0701
vn -0.9963 -0.0482 0.0711
vn -0.9963 -0.0109 0.0854
vn -0.9924 -0.0392 0.1170
vn -0.9934 -0.0281 0.1110
vn -0.9927 -0.0351 0.1158
vn -0.9973 -0.0293 -0.0677
vn -0.9976 -0.0233 0.0651
vn -0.9933 -0.0130 0.1150
vn -0.9924 -0.0094 0.1225
vn -0.9920 -0.0058 0.1263
vn -0.9968 0.0394 -0.0691
vn -0.9950 0.0007 0.1000
vn -0.9975 -0.0353 -0.0609
vn -0.9954 -0.0288 -0.0919
vn -0.9956 -0.0407 0.0843
vn -0.9977 -0.0166 0.0650
vn -0.9961 -0.0357 -0.0806
vn -0.9971 -0.0473 -0.0599
vn -0.9957 -0.0339 0.0864
vn -0.9951 -0.0852 0.0497
vn -0.9956 -0.0780 0.0517
vn -0.9967 -0.0519 -0.0617
vn -0.9955 -0.0461 -0.0831
vn -0.9956 -0.0733 0.0589
vn -0.9954 -0.0300 0.0905
vn -0.9955 -0.0730 0.0608
vn -0.9974 -0.0386 0.0609
vn -0.9963 -0.0561 -0.0648
vn -0.9957 -0.0603 -0.0699
vn -0.9970 -0.0431 0.0640
vn -0.9982 -0.0066 -0.0596
vn -0.9959 -0.0635 0.0637
vn -0.9950 -0.0006 -0.1000
vn -0.9916 -0.0060 -0.1293
vn -0.9922 -0.0172 -0.1231
vn -0.9957 -0.0602 -0.0701
vn -0.9931 -0.0210 -0.1152
vn -0.9927 -0.0197 -0.1193
vn -0.9978 -0.0277 0.0607
vn -0.9969 -0.0106 -0.0776
vn -0.9937 -0.0331 -0.1072
vn -0.9768 -0.0758 -0.2003
vn -0.9933 -0.0400 -0.1080
vn -0.9937 -0.0542 -0.0981
vn -0.9977 -0.0139 -0.0660
vn -0.9919 -0.0717 -0.1046
vn -0.9929 -0.0677 -0.0983
vn -0.9923 -0.0791 -0.0952
vn -0.9931 -0.0653 -0.0974
vn -0.9923 -0.0873 -0.0874
vn -0.9926 -0.0889 -0.0829
vn -0.9921 -0.0963 -0.0800
vn -0.9921 -0.1038 -0.0711
vn -0.9939 -0.0981 -0.0507
vn -0.9926 -0.1058 -0.0589
vn -0.9934 -0.1032 -0.0507
vn -0.9940 -0.1007 -0.0419
vn -0.9932 -0.1040 -0.0514
vn -0.9923 -0.1130 -0.0500
vn -0.9913 -0.1246 -0.0418
vn -0.9945 -0.1005 -0.0310
vn -0.9914 -0.1277 -0.0300
vn -0.9943 -0.1041 -0.0231
vn -0.9924 -0.1216 -0.0168
vn -0.9936 -0.1114 -0.0167
vn -0.9975 -0.0155 -0.0686
vn -0.9927 -0.1195 -0.0130
vn -0.9931 -0.1166 -0.0127
vn -0.9921 -0.1256 -0.0058
vn -0.9936 -0.1128 -0.0071
vn -0.9914 -0.1306 0.0060
vn -0.9958 -0.0587 0.0706
vn -0.9942 -0.1074 0.0020
vn -0.9942 -0.1070 0.0101
vn -0.9919 -0.1257 0.0176
vn -0.9933 -0.1135 0.0233
vn -0.9931 -0.1147 0.0245
vn -0.9930 -0.1154 0.0246
vn -0.9952 -0.0722 -0.0654
vn -0.9926 -0.1184 0.0279
vn -0.9944 -0.1002 0.0335
vn -0.9954 -0.0734 -0.0622
vn -0.9914 -0.1242 0.0416
vn -0.9954 -0.0769 -0.0570
vn -0.9944 -0.0959 0.0434
vn -0.9913 -0.1204 0.0532
vn -0.9941 -0.0955 0.0522
vn -0.9923 -0.1080 0.0601
vn -0.9932 -0.0997 0.0602
vn -0.9929 -0.1028 0.0606
vn -0.9828 -0.1837 -0.0176
vn -0.9744 -0.2249 0.0054
vn -0.5773 -0.8165 0.0087
vn -0.8233 -0.5674 0.0153
vn -0.9824 -0.1856 0.0234
vn -0.5673 -0.8119 0.1379
vn -0.5728 -0.8076 0.1402
vn -0.8187 -0.5673 0.0890
vn -0.7898 -0.6094 0.0700
vn -0.9716 -0.2356 0.0207
vn -0.9153 -0.3981 0.0614
vn -0.9699 -0.2356 0.0619
vn -0.5608 -0.7858 0.2609
vn -0.5629 -0.7841 0.2613
vn -0.6277 -0.7432 0.2317
vn -0.8220 -0.5376 0.1879
vn -0.8239 -0.5346 0.1879
vn -0.9208 -0.3750 0.1075
vn -0.9816 -0.1807 0.0624
vn -0.5273 -0.7674 0.3648
vn -0.5810 -0.7255 0.3690
vn -0.7436 -0.6053 0.2840
vn -0.9766 -0.0425 0.2107
vn -0.5202 -0.7068 0.4794
vn -0.5846 -0.6599 0.4720
vn -0.9804 -0.1778 0.0851
vn -0.7075 -0.5871 0.3935
vn -0.6466 -0.6440 0.4088
vn -0.8237 -0.4832 0.2969
vn -0.8321 -0.4715 0.2922
vn -0.6787 -0.0938 -0.7284
vn -0.9859 -0.1498 0.0746
vn -0.8964 -0.3803 0.2275
vn -0.9196 -0.3353 0.2046
vn -0.5782 -0.5867 0.5670
vn -0.9878 -0.0558 -0.1454
vn -0.9768 -0.1789 0.1181
vn -0.5439 -0.5944 0.5923
vn -0.9083 -0.0899 -0.4085
vn -0.9903 -0.0578 -0.1263
vn -0.6572 -0.1818 -0.7315
vn -0.6359 -0.1731 -0.7521
vn -0.7098 -0.5045 0.4916
vn -0.7209 -0.4939 0.4861
vn -0.7507 -0.1754 -0.6369
vn -0.9788 -0.1612 0.1264
vn -0.8672 -0.1505 -0.4746
vn -0.8082 -0.1537 -0.5686
vn -0.6124 -0.4893 0.6209
vn -0.8409 -0.3921 0.3729
vn -0.8340 -0.4015 0.3785
vn -0.9613 -0.1217 -0.2473
vn -0.9640 -0.0979 -0.2471
vn -0.6543 -0.2922 -0.6975
vn -0.6350 -0.2879 -0.7169
vn -0.9456 -0.2451 0.2137
vn -0.9838 -0.1371 0.1158
vn -0.5942 -0.4905 0.6374
vn -0.8664 -0.2034 -0.4560
vn -0.7238 -0.4035 0.5597
vn -0.8069 -0.3626 0.4662
vn -0.8428 -0.3241 0.4296
vn -0.5031 -0.4300 -0.7497
vn -0.6434 -0.4111 -0.6458
vn -0.9846 -0.1247 0.1226
vn -0.9879 -0.1171 0.1013
vn -0.8949 -0.2888 0.3403
vn -0.9349 -0.2234 0.2757
vn -0.7277 -0.3601 -0.5837
vn -0.6421 -0.3691 0.6720
vn -0.6186 -0.3876 0.6835
vn -0.8109 -0.3095 -0.4966
vn -0.8462 -0.3003 -0.4402
vn -0.9339 -0.2018 -0.2952
vn -0.9128 -0.2188 -0.3450
vn -0.9847 -0.1172 -0.1287
vn -0.9893 -0.0984 -0.1078
vn -0.6427 -0.4666 -0.6076
vn -0.8588 -0.2563 0.4436
vn -0.9808 -0.1169 0.1560
vn -0.6618 -0.2586 0.7037
vn -0.6149 -0.2854 0.7351
vn -0.5213 -0.6041 -0.6027
vn -0.4558 -0.6183 -0.6403
vn -0.9797 -0.1473 -0.1360
vn -0.7129 -0.2540 0.6536
vn -0.7196 -0.4970 -0.4850
vn -0.7084 -0.5029 -0.4952
vn -0.8101 -0.2173 0.5446
vn -0.8577 -0.1765 0.4828
vn -0.8341 -0.3990 -0.3810
vn -0.8396 -0.3945 -0.3734
vn -0.9860 -0.1374 -0.0949
vn -0.9871 -0.0864 0.1345
vn -0.8940 -0.3292 -0.3039
vn -0.9887 -0.0854 0.1229
vn -0.9257 -0.2867 -0.2468
vn -0.9516 -0.1305 0.2781
vn -0.9862 -0.1364 -0.0942
vn -0.9343 -0.1530 0.3220
vn -0.6790 -0.0657 0.7312
vn -0.6313 -0.6082 -0.4812
vn -0.6585 -0.1618 0.7350
vn -0.6152 -0.1808 0.7673
vn -0.8060 -0.1380 0.5756
vn -0.6979 -0.0665 0.7131
vn -0.5162 -0.7299 -0.4481
vn -0.5495 -0.7182 -0.4269
vn -0.9020 -0.0625 0.4273
vn -0.9726 -0.1990 -0.1200
vn -0.9905 -0.0675 0.1198
vn -0.9188 -0.0486 0.3917
vn -0.7026 -0.6093 -0.3676
vn -0.6978 -0.6124 -0.3715
vn -0.9754 -0.1986 -0.0953
vn -0.8289 -0.4820 -0.2839
vn -0.8269 -0.4841 -0.2863
vn -0.9463 -0.2836 -0.1551
vn -0.9811 -0.1799 -0.0708
vn -0.4159 -0.8384 -0.3522
vn -0.5545 -0.7781 -0.2951
vn -0.6869 -0.6799 -0.2566
vn -0.6934 -0.6749 -0.2525
vn -0.8235 -0.5326 -0.1952
vn -0.8208 -0.5359 -0.1975
vn -0.9814 -0.1838 -0.0561
vn -0.9858 -0.1592 -0.0525
vn -0.8744 -0.4486 -0.1850
vn -0.9208 -0.3677 -0.1297
vn -0.6091 -0.7669 -0.2019
vn -0.9747 -0.2190 -0.0440
vn -0.5637 -0.8201 -0.0988
vn -0.5097 -0.8500 -0.1335
vn -0.5570 -0.8303 0.0194
vn -0.6826 -0.7253 -0.0893
vn -0.8166 -0.5738 -0.0632
vn -0.7493 -0.6560 -0.0907
vn -0.9805 -0.1959 -0.0161
vn -0.9152 -0.4007 -0.0440
vn -0.9186 -0.3930 -0.0417
vn -0.8685 0.0501 -0.4932
vn -0.9705 0.0185 -0.2404
vn -0.6874 0.0619 -0.7236
vn -0.9865 -0.0202 -0.1627
vn -0.9232 -0.0224 -0.3838
vn -0.8841 -0.0061 -0.4673
vn -0.9851 0.0198 -0.1708
vn -0.9092 0.0087 -0.4162
vn -0.8696 0.0319 -0.4928
vn -0.9826 -0.0962 -0.1588
vn -0.9523 -0.0454 -0.3018
vn -0.8708 -0.0282 -0.4909
vn -0.7866 -0.0363 -0.6164
vn -0.6542 -0.0713 -0.7530
vn -0.9827 -0.0304 -0.1826
vn -0.9490 -0.0016 -0.3154
vn -0.7684 -0.0102 -0.6399
vn -0.7800 -0.0086 -0.6257
vn -0.9743 -0.0083 -0.2253
vn -0.8803 -0.0077 -0.4743
vn -0.7376 0.0136 -0.6751
vn -0.9738 0.0090 -0.2271
vn -0.7481 0.0067 -0.6636
vn -0.7362 0.0043 -0.6767
vn -0.8774 0.0119 -0.4795
vn -0.9813 0.0294 -0.1901
vn -0.9828 0.1837 0.0176
vn -0.9744 0.2248 -0.0053
vn -0.5775 0.8163 -0.0087
vn -0.8233 0.5674 -0.0153
vn -0.9824 0.1856 -0.0234
vn -0.5674 0.8118 -0.1378
vn -0.5728 0.8077 -0.1401
vn -0.8187 0.5673 -0.0890
vn -0.7898 0.6094 -0.0700
vn -0.9716 0.2356 -0.0207
vn -0.9153 0.3980 -0.0613
vn -0.9699 0.2356 -0.0619
vn -0.5608 0.7858 -0.2610
vn -0.5632 0.7839 -0.2613
vn -0.6278 0.7431 -0.2317
vn -0.8220 0.5376 -0.1879
vn -0.8240 0.5345 -0.1879
vn -0.9208 0.3750 -0.1075
vn -0.9816 0.1806 -0.0624
vn -0.5277 0.7672 -0.3647
vn -0.5812 0.7253 -0.3688
vn -0.7435 0.6054 -0.2841
vn -0.9769 0.0424 -0.2096
vn -0.5203 0.7069 -0.4792
vn -0.5845 0.6601 -0.4719
vn -0.9803 0.1783 -0.0852
vn -0.7074 0.5871 -0.3935
vn -0.6467 0.6439 -0.4089
vn -0.8237 0.4831 -0.2969
vn -0.8320 0.4716 -0.2921
vn -0.6770 0.0972 0.7296
vn -0.9859 0.1498 -0.0746
vn -0.8965 0.3802 -0.2272
vn -0.9197 0.3351 -0.2043
vn -0.5783 0.5868 -0.5668
vn -0.9883 0.0514 0.1437
vn -0.9768 0.1789 -0.1181
vn -0.5439 0.5943 -0.5924
vn -0.9927 0.0554 0.1067
vn -0.9082 0.0899 0.4088
vn -0.6574 0.1819 0.7313
vn -0.6358 0.1731 0.7522
vn -0.7097 0.5045 -0.4917
vn -0.7206 0.4941 -0.4863
vn -0.7507 0.1753 0.6370
vn -0.9788 0.1613 -0.1265
vn -0.8671 0.1505 0.4748
vn -0.8078 0.1537 0.5690
vn -0.6124 0.4894 -0.6208
vn -0.8407 0.3926 -0.3731
vn -0.8340 0.4014 -0.3786
vn -0.9672 0.1182 0.2249
vn -0.9642 0.0978 0.2465
vn -0.6350 0.2879 0.7169
vn -0.9457 0.2448 -0.2136
vn -0.6543 0.2922 0.6975
vn -0.9838 0.1370 -0.1158
vn -0.5942 0.4905 -0.6374
vn -0.8664 0.2034 0.4560
vn -0.7240 0.4034 -0.5595
vn -0.8070 0.3625 -0.4661
vn -0.8430 0.3239 -0.4295
vn -0.5031 0.4300 0.7497
vn -0.6434 0.4111 0.6458
vn -0.9847 0.1246 -0.1221
vn -0.9879 0.1172 -0.1013
vn -0.8948 0.2889 -0.3404
vn -0.9348 0.2235 -0.2760
vn -0.7281 0.3599 0.5835
vn -0.6421 0.3691 -0.6720
vn -0.6186 0.3875 -0.6835
vn -0.8109 0.3095 0.4966
vn -0.8460 0.3004 0.4406
vn -0.9127 0.2188 0.3451
vn -0.9848 0.1168 0.1286
vn -0.9893 0.0985 0.1080
vn -0.9339 0.2018 0.2952
vn -0.6424 0.4668 0.6079
vn -0.8588 0.2559 -0.4438
vn -0.9809 0.1167 -0.1558
vn -0.6593 0.2662 -0.7032
vn -0.6442 0.2774 -0.7128
vn -0.5213 0.6041 0.6027
vn -0.4557 0.6183 0.6403
vn -0.9797 0.1472 0.1360
vn -0.7197 0.4970 0.4848
vn -0.7084 0.5029 0.4952
vn -0.8099 0.2174 -0.5448
vn -0.8165 0.2123 -0.5369
vn -0.8393 0.3948 0.3738
vn -0.8339 0.3993 0.3810
vn -0.9862 0.1362 0.0940
vn -0.9877 0.0852 -0.1311
vn -0.9860 0.1374 0.0949
vn -0.9890 0.0845 -0.1217
vn -0.9257 0.2867 0.2468
vn -0.9505 0.1315 -0.2814
vn -0.8941 0.3291 0.3039
vn -0.9343 0.1523 -0.3223
vn -0.6922 0.0650 -0.7188
vn -0.6313 0.6082 0.4812
vn -0.6774 0.1578 -0.7185
vn -0.6476 0.1757 -0.7415
vn -0.5162 0.7299 0.4481
vn -0.5496 0.7182 0.4268
vn -0.8774 0.1225 -0.4638
vn -0.8433 0.0426 -0.5358
vn -0.9726 0.1990 0.1200
vn -0.9278 0.0474 -0.3700
vn -0.9906 0.0670 -0.1188
vn -0.7026 0.6093 0.3676
vn -0.6972 0.6128 0.3719
vn -0.9755 0.1986 0.0952
vn -0.8292 0.4818 0.2835
vn -0.8269 0.4841 0.2863
vn -0.9464 0.2834 0.1553
vn -0.9811 0.1799 0.0708
vn -0.4160 0.8384 0.3522
vn -0.5544 0.7782 0.2950
vn -0.6872 0.6798 0.2563
vn -0.6930 0.6752 0.2527
vn -0.8236 0.5326 0.1952
vn -0.8206 0.5361 0.1977
vn -0.9814 0.1838 0.0561
vn -0.9858 0.1592 0.0525
vn -0.8744 0.4486 0.1850
vn -0.9208 0.3679 0.1298
vn -0.6090 0.7670 0.2021
vn -0.9747 0.2190 0.0440
vn -0.5636 0.8201 0.0988
vn -0.5098 0.8499 0.1334
vn -0.5570 0.8303 -0.0194
vn -0.6827 0.7252 0.0893
vn -0.8166 0.5738 0.0632
vn -0.7494 0.6558 0.0906
vn -0.9806 0.1956 0.0159
vn -0.9153 0.4003 0.0439
vn -0.9187 0.3927 0.0417
vn -0.9490 0.0016 0.3154
vn -0.9851 -0.0198 0.1708
vn -0.8702 -0.0308 0.4918
vn -0.9103 -0.0088 0.4139
vn -0.9865 0.0202 0.1627
vn -0.8841 0.0061 0.4673
vn -0.9231 0.0224 0.3839
vn -0.6873 -0.0690 0.7230
vn -0.8678 -0.0512 0.4942
vn -0.9814 -0.0294 0.1899
vn -0.9705 -0.0187 0.2405
vn -0.7481 -0.0069 0.6636
vn -0.9738 -0.0090 0.2271
vn -0.7359 -0.0043 0.6770
vn -0.8774 -0.0120 0.4796
vn -0.8803 0.0077 0.4743
vn -0.7373 -0.0136 0.6754
vn -0.9743 0.0083 0.2249
vn -0.7658 0.0100 0.6430
vn -0.9827 0.0304 0.1824
vn -0.6486 0.0726 0.7577
vn -0.7870 0.0362 0.6158
vn -0.7772 0.0083 0.6291
vn -0.8711 0.0281 0.4903
vn -0.9523 0.0453 0.3018
vn -0.9826 0.0962 0.1588
vn -0.5772 -0.7581 -0.3035
vn -0.5329 -0.7802 -0.3275
vn -0.7685 -0.5577 -0.3136
vn -0.5365 -0.7259 -0.4304
vn -0.5856 -0.7055 -0.3992
vn -0.9141 -0.2539 -0.3162
vn -0.8757 -0.3850 -0.2915
vn -0.8187 -0.4705 -0.3292
vn -0.4293 -0.6713 -0.6042
vn -0.5964 -0.6389 -0.4859
vn -0.9778 -0.1459 -0.1505
vn -0.9646 -0.2285 -0.1317
vn -0.8217 -0.3928 -0.4129
vn -0.6020 -0.5634 -0.5658
vn -0.6013 -0.4857 -0.6344
vn -0.9170 -0.2225 -0.3311
vn -0.9132 -0.1352 -0.3845
vn -0.8206 -0.3611 -0.4431
vn -0.6501 -0.4500 -0.6122
vn -0.6408 -0.3847 -0.6644
vn -0.9672 -0.1003 -0.2332
vn -0.9608 -0.1595 -0.2270
vn -0.6805 -0.3529 -0.6422
vn -0.9710 -0.0601 -0.2314
vn -0.9674 -0.1004 -0.2326
vn -0.6783 -0.2707 -0.6831
vn -0.6900 -0.2719 -0.6708
vn -0.9913 -0.0123 -0.1310
vn -0.9874 -0.0850 -0.1337
vn -0.9075 -0.0802 -0.4123
vn -0.6880 -0.1806 -0.7028
vn -0.7489 -0.1364 -0.6485
vn -0.3296 -0.1403 0.9336
vn -0.7089 -0.0828 -0.7004
vn -0.9723 -0.0674 0.2239
vn -0.8966 -0.1055 0.4300
vn -0.9873 -0.1062 -0.1181
vn -0.9414 0.0171 -0.3369
vn -0.8753 -0.1253 0.4671
vn -0.6676 -0.1908 0.7197
vn -0.6289 -0.2846 0.7235
vn -0.8989 -0.0272 -0.4373
vn -0.7187 -0.0649 -0.6923
vn -0.6660 -0.0678 0.7429
vn -0.8792 -0.0594 0.4727
vn -0.8934 -0.0417 0.4473
vn -0.9676 -0.1133 0.2254
vn -0.8091 -0.2199 0.5450
vn -0.6351 -0.2847 0.7181
vn -0.8602 -0.2557 0.4413
vn -0.8549 -0.2579 0.4501
vn -0.6097 -0.3933 0.6882
vn -0.6113 -0.4870 0.6238
vn -0.6386 -0.3758 0.6715
vn -0.9807 -0.1299 0.1458
vn -0.9820 -0.1345 0.1328
vn -0.8251 -0.3306 0.4581
vn -0.8513 -0.3222 0.4142
vn -0.6050 -0.4886 0.6287
vn -0.9547 -0.2193 0.2012
vn -0.8212 -0.4057 0.4013
vn -0.8387 -0.3960 0.3738
vn -0.5470 -0.6021 0.5816
vn -0.6091 -0.5575 0.5641
vn -0.7680 -0.5085 0.3893
vn -0.6055 -0.6300 0.4863
vn -0.5129 -0.6971 0.5010
vn -0.9622 -0.2336 0.1403
vn -0.9011 -0.3813 0.2065
vn -0.8279 -0.4852 0.2814
vn -0.9971 -0.0701 0.0300
vn -0.6160 -0.6935 0.3737
vn -0.6625 -0.6644 0.3459
vn -0.9624 -0.2623 0.0703
vn -0.8975 -0.4169 0.1439
vn -0.8020 -0.5727 0.1698
vn -0.5772 -0.7792 0.2442
vn -0.6635 -0.7081 0.2417
vn -0.5177 -0.8427 0.1477
vn -0.9407 -0.3364 0.0447
vn -0.8243 -0.5612 0.0749
vn -0.7996 -0.5932 0.0937
vn -0.5660 -0.8143 0.1286
vn -0.5364 -0.8437 0.0195
vn -0.9761 -0.2175 -0.0023
vn -0.7582 -0.6519 0.0128
vn -0.5547 -0.8319 0.0143
vn -0.9267 -0.3731 -0.0442
vn -0.8311 -0.5525 -0.0632
vn -0.8366 -0.5440 -0.0646
vn -0.5408 -0.8350 -0.1015
vn -0.5669 -0.8187 -0.0915
vn -0.7624 -0.6279 -0.1567
vn -0.5706 -0.7966 -0.1996
vn -0.5355 -0.8164 -0.2163
vn -0.9787 -0.1877 -0.0834
vn -0.9668 -0.2368 -0.0960
vn -0.8269 -0.5226 -0.2075
vn -0.8399 -0.5024 -0.2055
vn -0.7067 0.0046 -0.7075
vn -0.6583 -0.0055 -0.7528
vn -0.9940 -0.0008 -0.1091
vn -0.8895 0.0033 -0.4568
vn -0.9124 0.0004 -0.4092
vn -0.9923 -0.0003 -0.1243
vn -0.8908 -0.0023 -0.4545
vn -0.5770 0.7584 0.3032
vn -0.5328 0.7802 0.3277
vn -0.7688 0.5574 0.3136
vn -0.5368 0.7260 0.4299
vn -0.5852 0.7058 0.3992
vn -0.9143 0.2538 0.3156
vn -0.8768 0.3831 0.2907
vn -0.8187 0.4705 0.3292
vn -0.4293 0.6713 0.6042
vn -0.5966 0.6387 0.4859
vn -0.9778 0.1459 0.1505
vn -0.9646 0.2285 0.1317
vn -0.8217 0.3928 0.4130
vn -0.6020 0.5634 0.5658
vn -0.6012 0.4858 0.6345
vn -0.9170 0.2225 0.3311
vn -0.9132 0.1352 0.3845
vn -0.8207 0.3608 0.4429
vn -0.6501 0.4499 0.6124
vn -0.6405 0.3848 0.6646
vn -0.9672 0.1003 0.2332
vn -0.9607 0.1594 0.2271
vn -0.6802 0.3530 0.6424
vn -0.9711 0.0599 0.2310
vn -0.9674 0.1004 0.2326
vn -0.6783 0.2707 0.6831
vn -0.6899 0.2719 0.6709
vn -0.9913 0.0124 0.1313
vn -0.9874 0.0851 0.1336
vn -0.9073 0.0803 0.4128
vn -0.6880 0.1808 0.7029
vn -0.7299 0.1509 0.6667
vn -0.3296 0.1403 -0.9336
vn -0.7050 0.0868 0.7038
vn -0.9785 0.1832 0.0948
vn -0.9725 0.0671 -0.2230
vn -0.8959 0.1062 -0.4314
vn -0.9586 -0.0095 0.2846
vn -0.7338 0.0553 0.6772
vn -0.9121 0.0559 0.4061
vn -0.8752 0.1253 -0.4672
vn -0.6675 0.1908 -0.7198
vn -0.6288 0.2846 -0.7236
vn -0.6656 0.0679 -0.7432
vn -0.8783 0.0593 -0.4744
vn -0.8924 0.0421 -0.4493
vn -0.9680 0.1127 -0.2243
vn -0.8091 0.2198 -0.5450
vn -0.6350 0.2846 -0.7182
vn -0.8550 0.2579 -0.4501
vn -0.8601 0.2556 -0.4415
vn -0.6096 0.3934 -0.6883
vn -0.6113 0.4871 -0.6238
vn -0.6387 0.3757 -0.6715
vn -0.9807 0.1300 -0.1459
vn -0.9820 0.1345 -0.1328
vn -0.8250 0.3307 -0.4582
vn -0.8513 0.3222 -0.4140
vn -0.6050 0.4886 -0.6287
vn -0.9549 0.2189 -0.2006
vn -0.8212 0.4057 -0.4012
vn -0.8389 0.3959 -0.3734
vn -0.5468 0.6023 -0.5816
vn -0.6091 0.5575 -0.5641
vn -0.7681 0.5084 -0.3893
vn -0.6052 0.6301 -0.4864
vn -0.5129 0.6971 -0.5009
vn -0.9622 0.2333 -0.1404
vn -0.9011 0.3813 -0.2065
vn -0.8279 0.4852 -0.2813
vn -0.9978 0.0613 -0.0242
vn -0.6160 0.6935 -0.3737
vn -0.6628 0.6642 -0.3457
vn -0.9678 0.2442 -0.0617
vn -0.8974 0.4170 -0.1439
vn -0.8015 0.5733 -0.1699
vn -0.5776 0.7790 -0.2441
vn -0.6637 0.7080 -0.2414
vn -0.5185 0.8422 -0.1476
vn -0.9266 0.3727 -0.0497
vn -0.8243 0.5612 -0.0749
vn -0.7995 0.5933 -0.0938
vn -0.5661 0.8142 -0.1288
vn -0.5364 0.8437 -0.0195
vn -0.7582 0.6519 -0.0127
vn -0.5547 0.8319 -0.0143
vn -0.9694 0.2437 0.0287
vn -0.9556 0.2934 0.0276
vn -0.8311 0.5525 0.0632
vn -0.8369 0.5436 0.0646
vn -0.5410 0.8349 0.1014
vn -0.5669 0.8187 0.0915
vn -0.7624 0.6279 0.1567
vn -0.5706 0.7966 0.1997
vn -0.5355 0.8164 0.2163
vn -0.9767 0.1946 0.0903
vn -0.9589 0.2629 0.1068
vn -0.8270 0.5226 0.2075
vn -0.8399 0.5023 0.2055
vn -0.9933 0.0022 0.1155
vn -0.8915 -0.0054 0.4529
vn -0.9122 0.0038 0.4096
vn -0.9461 -0.0008 0.3239
vn -0.9460 0.0014 0.3242
vn -0.7061 -0.0043 0.7081
vn -0.7239 0.0077 0.6898
vn -0.9999 -0.0127 0.0099
vn -0.9999 -0.0104 0.0096
vn -0.9992 0.0058 0.0385
vn -0.9999 -0.0127 0.0092
vn -0.9994 -0.0284 0.0219
vn -0.9991 -0.0224 0.0349
vn -0.9997 -0.0216 0.0090
vn -0.9999 -0.0050 0.0162
vn -0.9997 0.0006 0.0235
vn -0.9995 -0.0283 0.0138
vn -0.9994 -0.0096 0.0329
vn -0.9998 -0.0213 0.0045
vn -0.9995 -0.0027 0.0313
vn -0.9995 -0.0021 0.0321
vn -0.9996 -0.0282 -0.0005
vn -0.9997 -0.0224 0.0021
vn -0.9994 0.0064 0.0335
vn -0.9998 -0.0200 -0.0054
vn -0.9997 -0.0223 -0.0088
vn -0.9994 -0.0298 -0.0149
vn -0.9997 -0.0199 -0.0174
vn -1.0000 0.0006 0.0035
vn -0.9998 -0.0025 0.0196
vn -1.0000 0.0021 0.0007
vn -0.9997 -0.0215 -0.0121
vn -0.9999 -0.0033 -0.0097
vn -0.9998 -0.0041 -0.0195
vn -0.9997 -0.0210 -0.0125
vn -1.0000 -0.0013 -0.0034
vn -1.0000 -0.0013 -0.0031
vn -0.9999 0.0027 0.0097
vn -1.0000 -0.0030 0.0036
vn -1.0000 -0.0028 0.0044
vn -0.9999 -0.0120 0.0007
vn -1.0000 -0.0024 0.0036
vn -1.0000 -0.0030 0.0048
vn -0.9999 -0.0037 -0.0095
vn -1.0000 -0.0003 0.0084
vn -1.0000 -0.0009 -0.0036
vn -0.9999 -0.0154 0.0046
vn -1.0000 -0.0023 -0.0045
vn -1.0000 -0.0001 0.0092
vn -0.9992 -0.0138 0.0369
vn -0.9999 -0.0148 0.0018
vn -0.9999 -0.0089 0.0102
vn -1.0000 -0.0007 -0.0076
vn -1.0000 -0.0013 -0.0078
vn -0.9998 -0.0021 0.0198
vn -0.9999 -0.0136 0.0069
vn -0.9999 0.0086 -0.0082
vn -1.0000 0.0078 -0.0017
vn -0.9999 0.0015 0.0155
vn -0.9998 0.0041 0.0187
vn -1.0000 0.0078 -0.0016
vn -1.0000 0.0073 -0.0029
vn -0.9999 0.0040 0.0154
vn -0.9999 0.0034 0.0149
vn -0.9997 0.0104 -0.0232
vn -0.9999 0.0053 0.0123
vn -0.9999 0.0079 0.0138
vn -0.9998 0.0192 0.0067
vn -1.0000 -0.0013 -0.0008
vn -0.9996 0.0130 0.0248
vn -0.9996 0.0100 0.0250
vn -0.9999 0.0120 0.0076
vn -0.9998 -0.0001 -0.0185
vn -1.0000 0.0002 0.0001
vn -0.9999 0.0076 0.0155
vn -0.9998 0.0178 0.0084
vn -1.0000 -0.0063 0.0027
vn -1.0000 -0.0023 -0.0036
vn -0.9998 0.0178 0.0082
vn -0.9999 0.0092 0.0068
vn -0.9999 -0.0000 -0.0101
vn -0.9999 0.0108 0.0091
vn -0.9999 0.0116 0.0090
vn -0.9998 0.0025 -0.0219
vn -0.9994 0.0017 -0.0343
vn -0.9985 -0.0151 -0.0518
vn -0.9993 0.0378 0.0029
vn -0.9994 0.0043 -0.0344
vn -0.9994 0.0056 -0.0332
vn -0.9994 0.0328 -0.0070
vn -0.9995 0.0014 -0.0318
vn -0.9998 0.0038 -0.0205
vn -0.9994 0.0326 -0.0069
vn -0.9998 0.0080 -0.0170
vn -0.9983 0.0536 -0.0211
vn -0.9992 0.0356 -0.0177
vn -0.9992 0.0306 -0.0264
vn -0.9991 0.0255 -0.0339
vn -0.9995 0.0245 -0.0186
vn -0.9994 -0.0162 -0.0315
vn -0.9993 0.0191 -0.0320
vn -0.9999 0.0104 -0.0073
vn -0.9789 0.0934 -0.1817
vn -0.9911 0.1264 -0.0424
vn -0.9982 0.0422 -0.0424
vn -0.9843 0.1007 -0.1451
vn -0.9923 0.0421 -0.1162
vn -0.9982 0.0424 -0.0422
vn -0.9778 0.2028 -0.0534
vn -0.9750 0.2021 -0.0927
vn -0.9762 0.1790 -0.1229
vn -0.9776 0.1675 -0.1272
vn -0.9840 0.1255 -0.1264
vn -0.9794 0.1973 -0.0424
vn -0.9774 -0.2101 -0.0228
vn -0.9776 0.2098 -0.0181
vn -0.9771 -0.1692 -0.1286
vn -0.9742 -0.2042 -0.0965
vn -0.9801 -0.1937 -0.0424
vn -0.9790 -0.1554 -0.1319
vn -0.9782 -0.0128 -0.2072
vn -0.9766 -0.0498 -0.2090
vn -0.9779 -0.0824 -0.1920
vn -0.9792 -0.0898 -0.1817
vn -0.9911 -0.1264 -0.0424
vn -0.9837 -0.1255 -0.1290
vn -0.9844 -0.1002 -0.1449
vn -0.9767 0.0596 -0.2061
vn -0.9775 0.0232 -0.2096
vn -0.9798 -0.0000 -0.2001
vn -0.9982 -0.0422 -0.0422
vn -0.9923 -0.0421 -0.1162
vn -0.9906 -0.0000 -0.1369
vn -0.9982 -0.0424 -0.0424
vn -0.9881 0.0674 -0.1382
vn -0.8185 -0.5735 -0.0331
vn -0.9801 -0.1228 0.1562
vn 0.5357 0.2703 0.8000
vn 0.4785 0.3675 0.7975
vn 0.3956 -0.9093 0.1293
vn 0.2487 0.4962 0.8318
vn 0.1162 -0.9561 -0.2690
vn -0.1740 -0.1451 0.9740
vn -0.4578 -0.7989 0.3902
vn -0.4841 -0.6963 0.5299
vn -0.7118 -0.2525 0.6555
vn -0.6797 -0.1123 0.7249
vn -0.8330 -0.5155 0.2009
vn -0.7510 0.2579 0.6079
vn 0.9435 -0.2909 0.1587
vn 0.7394 -0.6686 0.0788
vn 0.8888 -0.4492 0.0904
vn -0.9522 -0.3020 -0.0467
vn 0.9145 0.2558 -0.3136
vn -0.6101 0.5529 -0.5675
vn -0.6918 -0.7156 0.0964
vn -0.5818 0.3079 -0.7528
vn -0.7508 -0.5230 -0.4033
vn -0.6481 -0.4021 -0.6467
vn -0.4313 -0.8408 -0.3272
vn -0.4644 -0.3503 -0.8134
vn -0.1696 -0.7812 -0.6009
vn 0.3119 0.2095 -0.9267
vn 0.5860 -0.6764 -0.4461
vn 0.3235 0.5712 -0.7544
vn -0.6136 0.6825 -0.3971
vn -0.0285 0.9418 -0.3349
vn -0.0286 0.9665 -0.2549
vn -0.0288 0.9855 -0.1672
vn -0.0280 0.9669 -0.2538
vn -0.0317 0.8610 0.5075
vn -0.0278 0.9959 -0.0855
vn -0.0311 0.9848 -0.1711
vn -0.0289 0.9958 -0.0873
vn -0.0294 0.9996 0.0020
vn -0.0294 0.7098 0.7038
vn -0.0267 0.9996 -0.0031
vn -0.0215 0.8297 0.5578
vn -0.0292 0.9959 0.0857
vn -0.0270 0.9963 0.0815
vn -0.0251 0.8101 0.5858
vn -0.0303 0.9855 0.1672
vn -0.0293 0.9858 0.1653
vn -0.0256 0.8230 0.5675
vn -0.0248 0.8293 0.5582
vn -0.0218 0.8390 0.5437
vn -0.0298 0.9665 0.2549
vn -0.0262 0.8071 0.5898
vn -0.0264 0.9683 0.2484
vn -0.0261 0.8045 0.5933
vn -0.0272 0.9436 0.3300
vn -0.0268 0.9439 0.3293
vn -0.0258 0.8266 0.5622
vn -0.0261 0.8088 0.5875
vn -0.0260 0.8106 0.5851
vn -0.0260 0.8156 0.5780
vn -0.0048 0.7821 -0.6231
vn -0.0264 0.8145 0.5796
vn -0.0072 0.8276 -0.5613
vn -0.0264 0.8061 -0.5912
vn -0.0165 0.7355 -0.6773
vn -0.0335 0.9110 0.4111
vn -0.0316 0.9123 0.4082
vn -0.0262 0.8134 -0.5811
vn -0.0269 0.8174 -0.5755
vn -0.0263 0.8140 -0.5802
vn -0.0266 0.8183 -0.5741
vn -0.0259 0.8326 -0.5533
vn -0.0259 0.8234 -0.5669
vn -0.0266 0.8402 -0.5416
vn -0.0265 0.8299 -0.5572
vn -0.0261 0.8433 -0.5368
vn -0.0267 0.8494 -0.5271
vn -0.0297 0.8692 -0.4935
vn -0.0270 0.8718 -0.4891
vn -0.0322 0.9110 -0.4112
vn -0.0320 0.8657 0.4996
vn -0.0337 0.9100 -0.4133
vn -0.0256 0.9436 -0.3300
vn -0.0251 0.8722 0.4885
vn 0.2292 0.7086 -0.6673
vn 0.6018 0.2709 0.7513
vn 0.4134 0.8862 0.2090
vn 0.4216 0.6204 0.6613
vn 0.1879 0.9158 0.3550
vn -0.1747 0.8389 0.5155
vn -0.4433 0.8236 0.3538
vn -0.4061 0.5669 0.7167
vn -0.4116 -0.1091 0.9048
vn -0.1807 -0.4187 0.8900
vn 0.8760 -0.4795 0.0524
vn 0.9813 -0.1177 0.1524
vn -0.9701 -0.1015 0.2206
vn -0.8304 -0.4541 -0.3228
vn -0.7731 0.0194 0.6340
vn -0.4538 -0.6829 -0.5725
vn -0.7458 -0.3417 0.5718
vn -0.6722 -0.7370 0.0708
vn -0.4242 -0.0313 0.9050
vn -0.3088 -0.8915 -0.3316
vn -0.3812 -0.9080 -0.1737
vn -0.3694 -0.7533 0.5442
vn -0.1220 -0.6031 0.7883
vn 0.2446 -0.9441 -0.2210
vn 0.4252 -0.4469 0.7871
vn 0.7078 -0.3665 0.6039
vn 0.6347 -0.7642 -0.1147
vn 0.6224 0.1338 0.7712
vn -0.9869 -0.0842 -0.1373
vn 0.7394 0.6686 -0.0787
vn 0.8876 0.4518 -0.0900
vn -0.9521 0.3022 0.0468
vn 0.9135 -0.2572 0.3153
vn -0.6106 -0.5524 0.5675
vn -0.6919 0.7156 -0.0964
vn -0.5819 -0.3077 0.7528
vn -0.7504 0.5247 0.4019
vn -0.6483 0.4015 0.6469
vn -0.4320 0.8394 0.3298
vn -0.4644 0.3507 0.8132
vn -0.1697 0.7806 0.6016
vn 0.3118 -0.2095 0.9268
vn 0.5861 0.6764 0.4461
vn 0.3235 -0.5711 0.7544
vn -0.8185 0.5736 0.0333
vn -0.9800 0.1233 -0.1561
vn 0.5375 -0.2674 -0.7998
vn 0.4788 -0.3672 -0.7975
vn 0.3963 0.9087 -0.1309
vn 0.2486 -0.4964 -0.8318
vn 0.1162 0.9560 0.2693
vn -0.1740 0.1450 -0.9740
vn -0.4579 0.7989 -0.3899
vn -0.4840 0.6966 -0.5296
vn -0.7117 0.2527 -0.6555
vn -0.6794 0.1111 -0.7253
vn -0.8322 0.5172 -0.1998
vn -0.7511 -0.2579 -0.6077
vn -0.0317 -0.8649 -0.5010
vn -0.0253 -0.9414 0.3365
vn -0.0265 -0.8699 -0.4925
vn -0.0325 -0.9610 0.2747
vn -0.0256 -0.9658 0.2582
vn -0.0337 -0.9794 0.1992
vn -0.0251 -0.9837 0.1781
vn -0.0315 -0.8612 -0.5072
vn -0.0326 -0.9917 0.1247
vn -0.0260 -0.9939 0.1076
vn -0.0263 -0.9989 0.0391
vn -0.0294 -0.7099 -0.7037
vn -0.0264 -0.9989 0.0393
vn -0.0264 -0.9989 -0.0393
vn -0.0263 -0.9989 -0.0391
vn -0.0217 -0.8295 -0.5581
vn -0.0251 -0.8101 -0.5858
vn -0.0262 -0.9938 -0.1077
vn -0.0326 -0.9917 -0.1244
vn -0.0218 -0.8390 -0.5437
vn -0.0256 -0.8230 -0.5675
vn -0.0248 -0.8293 -0.5582
vn -0.0250 -0.9838 -0.1776
vn -0.0338 -0.9794 -0.1992
vn -0.0261 -0.8044 -0.5935
vn -0.0262 -0.8071 -0.5898
vn -0.0255 -0.9659 -0.2577
vn -0.0326 -0.9611 -0.2744
vn -0.0258 -0.8266 -0.5622
vn -0.0048 -0.7821 0.6231
vn -0.0259 -0.8107 -0.5849
vn -0.0260 -0.8157 -0.5779
vn -0.0316 -0.9365 -0.3493
vn -0.0262 -0.8146 -0.5794
vn -0.0253 -0.9416 -0.3359
vn -0.0261 -0.8087 -0.5877
vn -0.0072 -0.8276 0.5613
vn -0.0264 -0.8061 0.5912
vn -0.0165 -0.7354 0.6774
vn -0.0262 -0.8134 0.5811
vn -0.0317 -0.9048 -0.4247
vn -0.0273 -0.9089 -0.4161
vn -0.0263 -0.8141 0.5801
vn -0.0269 -0.8175 0.5752
vn -0.0266 -0.8184 0.5741
vn -0.0259 -0.8233 0.5670
vn -0.0259 -0.8326 0.5533
vn -0.0265 -0.8299 0.5572
vn -0.0266 -0.8402 0.5416
vn -0.0262 -0.8433 0.5368
vn -0.0267 -0.8494 0.5270
vn -0.0295 -0.8686 0.4946
vn -0.0269 -0.8712 0.4902
vn -0.0326 -0.9049 0.4244
vn -0.0263 -0.9107 0.4123
vn -0.0311 -0.9366 0.3490
vn 0.8759 0.4797 -0.0518
vn 0.9813 0.1169 -0.1528
vn -0.9724 0.1134 -0.2039
vn -0.8266 0.4559 0.3299
vn -0.7730 -0.0196 -0.6341
vn -0.4540 0.6829 0.5723
vn -0.7456 0.3413 -0.5724
vn -0.6722 0.7369 -0.0711
vn -0.4244 0.0317 -0.9049
vn -0.3095 0.8917 0.3303
vn -0.3809 0.9081 0.1741
vn -0.3692 0.7532 -0.5443
vn -0.1220 0.6030 -0.7883
vn 0.2446 0.9442 0.2207
vn 0.4253 0.4479 -0.7864
vn 0.7075 0.3654 -0.6049
vn 0.6352 0.7639 0.1137
vn 0.6224 -0.1338 -0.7712
vn -1.0000 -0.0020 0.0061
vn -1.0000 -0.0002 0.0035
vn -0.9999 0.0017 -0.0147
vn -0.9999 0.0006 -0.0145
vn -0.9999 -0.0006 -0.0145
vn -0.9999 -0.0017 -0.0147
vn -1.0000 -0.0001 0.0032
vn -1.0000 0.0020 0.0061
vn -0.9948 -0.0464 -0.0902
vn -0.8542 -0.1319 0.5030
vn -0.9804 0.0334 -0.1944
vn -0.9398 0.0289 -0.3406
vn -0.8959 -0.0000 -0.4443
vn -0.9401 -0.0289 -0.3398
vn -0.9803 -0.0334 -0.1945
vn -0.8534 0.1322 0.5043
vn 0.2282 -0.7082 0.6681
vn 0.6020 -0.2709 -0.7512
vn 0.4134 -0.8863 -0.2088
vn 0.4217 -0.6205 -0.6611
vn 0.1879 -0.9158 -0.3549
vn -0.1747 -0.8391 -0.5152
vn -0.4432 -0.8235 -0.3541
vn -0.4063 -0.5672 -0.7164
vn -0.4116 0.1092 -0.9048
vn -0.1808 0.4188 -0.8899
vn -0.0218 0.3114 0.9500
vn -0.0309 0.2521 0.9672
vn -0.0240 0.2358 0.9715
vn -0.0223 0.1689 0.9854
vn -0.0268 -0.5290 0.8482
vn -0.0255 0.1744 0.9843
vn -0.0218 0.0848 0.9962
vn -0.0382 0.1121 0.9930
vn -0.0257 -0.6040 0.7966
vn -0.0238 -0.7016 0.7122
vn -0.0170 0.0150 0.9997
vn -0.0251 -0.0000 0.9997
vn -0.0194 -0.5660 0.8242
vn -0.0234 -0.0875 0.9959
vn -0.0218 -0.0848 0.9962
vn -0.0264 -0.5948 0.8034
vn -0.0259 -0.6169 0.7866
vn -0.0253 -0.1740 0.9844
vn -0.0223 -0.1689 0.9854
vn -0.0193 -0.5628 0.8263
vn -0.0188 -0.5539 0.8324
vn -0.0195 -0.5587 0.8291
vn -0.0240 -0.2361 0.9714
vn -0.0308 -0.2521 0.9672
vn -0.0260 -0.5929 0.8049
vn -0.0190 -0.5700 0.8214
vn -0.0219 -0.3101 0.9504
vn -0.0265 -0.3211 0.9467
vn -0.0262 -0.5855 0.8103
vn -0.0254 -0.5778 0.8158
vn -0.0208 -0.5548 0.8317
vn -0.0262 0.5939 0.8041
vn -0.0258 0.6037 0.7968
vn -0.0271 0.5874 0.8088
vn -0.0264 0.5969 0.8019
vn -0.0319 -0.4160 0.9088
vn -0.0235 -0.4046 0.9142
vn -0.0271 0.5857 0.8101
vn -0.0261 0.5800 0.8142
vn -0.0264 0.5658 0.8241
vn -0.0264 0.5691 0.8218
vn -0.0266 0.5660 0.8240
vn -0.0273 0.5703 0.8210
vn -0.0259 0.5535 0.8324
vn -0.0264 0.5569 0.8302
vn -0.0263 0.5421 0.8399
vn -0.0205 0.5014 0.8650
vn -0.0206 0.4908 0.8711
vn -0.0386 0.4159 0.9086
vn -0.0187 0.4877 0.8728
vn -0.0259 0.3211 0.9467
vn -0.0270 -0.4943 0.8689
vn -0.0237 0.3898 0.9206
vn -0.0235 -0.4885 0.8722
vn -0.1194 -0.8109 -0.5729
vn 0.0205 -0.7099 -0.7040
vn -0.0345 -0.7023 -0.7110
vn 0.0177 -0.6938 -0.7199
vn 0.0174 -0.6937 -0.7200
vn 0.0232 0.7074 -0.7064
vn 0.0228 0.7071 -0.7068
vn 0.0169 0.6981 -0.7158
vn -0.0255 0.7069 -0.7069
vn -0.0001 0.7006 -0.7136
vn -0.0142 0.7002 -0.7138
vn 0.0218 0.7023 -0.7116
vn -0.4872 0.7269 -0.4840
vn 0.0463 0.7047 -0.7080
vn -0.1203 0.8095 0.5746
vn 0.0192 0.7097 0.7042
vn -0.0369 0.7019 0.7113
vn 0.0177 0.6930 0.7208
vn 0.0365 0.6940 0.7190
vn 0.0238 -0.7066 0.7072
vn 0.0245 -0.7070 0.7068
vn 0.0178 -0.6979 0.7159
vn -0.0261 -0.7068 0.7069
vn 0.0006 -0.7004 0.7137
vn -0.0125 -0.6999 0.7141
vn 0.0213 -0.7020 0.7119
vn -0.4738 -0.7282 0.4952
vn 0.0401 -0.7037 0.7094
vn -0.0001 -0.0005 1.0000
vn 0.0004 0.0005 1.0000
vn -0.0000 -0.0000 1.0000
vn 0.0001 -0.0005 1.0000
vn -0.0005 -0.0002 1.0000
vn -0.0004 0.0005 1.0000
vn 0.0003 -0.0000 1.0000
vn 0.0002 -0.0002 1.0000
vn -0.2864 0.2702 0.9192
vn -0.0328 0.0461 0.9984
vn -0.5814 0.7850 0.2137
vn -0.3692 0.9244 0.0962
vn -0.3627 0.5913 0.7203
vn -0.0235 0.0583 0.9980
vn -0.3119 0.9034 0.2942
vn -0.2771 0.6229 0.7316
vn -0.0316 0.1480 0.9885
vn -0.0392 0.1513 0.9877
vn -0.0207 0.1641 0.9862
vn -0.1449 0.9248 0.3518
vn -0.0281 0.9992 0.0290
vn -0.0309 0.1400 0.9897
vn -0.0076 0.0927 0.9957
vn -0.0272 0.6549 0.7552
vn 0.2641 0.9638 -0.0377
vn 0.1318 0.9574 0.2569
vn 0.1150 0.7782 0.6174
vn 0.0354 0.1043 0.9939
vn 0.0540 0.1339 0.9895
vn 0.3869 0.8803 0.2746
vn -0.1136 -0.1667 0.9794
vn 0.5000 0.8355 0.2278
vn 0.1763 0.5904 0.7877
vn 0.1381 0.3432 0.9291
vn 0.0447 0.0761 0.9961
vn 0.0559 0.1372 0.9890
vn -0.7774 -0.5351 0.3306
vn -0.8282 -0.5192 0.2110
vn 0.4972 0.8400 0.2173
vn -0.6667 -0.4293 0.6093
vn -0.0646 -0.0443 0.9969
vn 0.3359 0.5373 0.7736
vn -0.9616 -0.2732 0.0264
vn -0.1341 -0.0443 0.9900
vn -0.0823 -0.0391 0.9958
vn -0.9086 -0.3441 0.2367
vn -0.4644 -0.1552 0.8719
vn -0.6049 -0.1860 0.7743
vn -0.3728 -0.1142 0.9209
vn -0.1263 -0.0427 0.9911
vn -0.9571 -0.1258 0.2612
vn -0.9722 -0.0440 0.2300
vn -0.0488 0.0029 0.9988
vn -0.0475 -0.0036 0.9989
vn -0.9515 0.0084 0.3074
vn -0.6075 0.0282 0.7938
vn -0.9745 0.1606 0.1567
vn -0.0656 0.0125 0.9978
vn -0.9318 0.3630 -0.0078
vn -0.9400 0.2413 0.2411
vn -0.6936 0.2324 0.6819
vn -0.4044 0.0936 0.9098
vn -0.1477 0.0449 0.9880
vn -0.1118 0.0521 0.9924
vn -0.1386 0.0450 0.9893
vn -0.7911 0.4941 0.3605
vn -0.8086 0.5599 0.1810
vn -0.1065 0.0669 0.9921
vn -0.8117 0.4634 0.3556
vn -0.2891 0.2749 0.9170
vn -0.6317 0.7615 0.1449
vn -0.0547 0.0582 0.9968
vn -0.1960 0.1615 0.9672
vn -0.1247 0.1077 0.9863
vn -0.6613 0.7089 0.2452
vn -0.1465 -0.1444 0.9786
vn -0.0852 -0.0580 0.9947
vn -0.5027 -0.5218 0.6893
vn -0.6909 -0.6686 0.2749
vn -0.7334 -0.6715 0.1062
vn -0.7095 -0.7046 -0.0072
vn -0.0002 0.0126 0.9999
vn 0.0598 0.0619 0.9963
vn 0.2351 0.2301 0.9443
vn 0.5057 0.5129 0.6936
vn 0.4348 0.4495 0.7803
vn 0.6791 0.7272 0.1001
vn 0.7023 0.7110 0.0342
vn 0.6685 0.7003 0.2504
vn 0.7029 0.7109 0.0242
vn 0.5720 0.5605 -0.5988
vn -0.4273 -0.4255 0.7978
vn -0.0552 -0.0394 0.9977
vn -0.7850 -0.5815 0.2137
vn -0.9243 -0.3694 0.0963
vn -0.5411 -0.3159 0.7793
vn -0.3426 -0.2494 0.9058
vn -0.0984 -0.0614 0.9932
vn -0.0951 -0.0381 0.9947
vn -0.9091 -0.3218 0.2644
vn -0.6167 -0.2819 0.7350
vn -0.1657 -0.0309 0.9857
vn -0.1695 -0.0439 0.9846
vn -0.1555 -0.0600 0.9860
vn -0.1116 -0.0141 0.9937
vn -0.9260 -0.1438 0.3490
vn -0.6996 -0.0501 0.7128
vn -0.9992 -0.0281 0.0290
vn -0.1170 0.0003 0.9931
vn -0.6389 0.0083 0.7693
vn -0.9638 0.2640 -0.0380
vn -0.0999 -0.0090 0.9950
vn -0.0777 0.0102 0.9969
vn -0.9574 0.1318 0.2569
vn -0.7678 0.1139 0.6305
vn -0.1137 0.0455 0.9925
vn -0.8636 0.3983 0.3092
vn 0.1764 -0.1358 0.9749
vn -0.8496 0.5061 0.1481
vn -0.5549 0.2076 0.8056
vn -0.4142 0.1748 0.8932
vn -0.0812 0.0477 0.9956
vn -0.1334 0.0575 0.9894
vn 0.5347 -0.7771 0.3320
vn 0.5183 -0.8288 0.2111
vn -0.7520 0.5975 0.2783
vn 0.4332 -0.6711 0.6017
vn -0.5402 0.4831 0.6890
vn 0.2722 -0.9571 0.0995
vn 0.0461 -0.1391 0.9892
vn 0.0395 -0.0725 0.9966
vn 0.3224 -0.9159 0.2390
vn 0.1917 -0.4958 0.8470
vn 0.1435 -0.4171 0.8975
vn 0.0334 -0.0766 0.9965
vn 0.0326 -0.9748 0.2206
vn 0.0698 -0.9536 0.2927
vn 0.0503 -0.5581 0.8282
vn -0.0055 -0.0844 0.9964
vn 0.0042 -0.0571 0.9984
vn -0.0019 -0.4369 0.8995
vn -0.0158 -0.1391 0.9901
vn -0.2023 -0.9318 0.3013
vn -0.1651 -0.9243 0.3440
vn -0.3620 -0.9292 0.0744
vn -0.2093 -0.9143 0.3468
vn -0.0661 -0.1414 0.9877
vn -0.0385 -0.1193 0.9921
vn -0.2155 -0.3961 0.8926
vn -0.5600 -0.8086 0.1806
vn -0.0592 -0.1326 0.9894
vn -0.5058 -0.8143 0.2847
vn -0.2777 -0.4585 0.8442
vn -0.7615 -0.6317 0.1451
vn -0.0357 -0.0335 0.9988
vn -0.0300 -0.0371 0.9989
vn -0.7090 -0.6612 0.2451
vn 0.1674 -0.1627 0.9724
vn 0.0581 -0.0852 0.9947
vn 0.5218 -0.5027 0.6892
vn 0.6688 -0.6918 0.2723
vn 0.6715 -0.7333 0.1064
vn 0.7043 -0.7099 -0.0067
vn -0.1416 0.1544 0.9778
vn -0.0679 0.0633 0.9957
vn -0.5050 0.4787 0.7183
vn -0.5951 0.5973 0.5376
vn -0.7146 0.6958 0.0720
vn -0.7107 0.6967 0.0979
vn 0.2863 -0.2702 0.9192
vn 0.5814 -0.7850 0.2138
vn 0.3693 -0.9243 0.0963
vn 0.3628 -0.5914 0.7202
vn 0.0234 -0.0568 0.9981
vn 0.3120 -0.9034 0.2942
vn 0.2771 -0.6230 0.7315
vn 0.0316 -0.1480 0.9885
vn -0.1881 -0.0508 0.9808
vn 0.0396 -0.1478 0.9882
vn 0.1447 -0.9249 0.3517
vn 0.0281 -0.9992 0.0290
vn 0.0123 -0.6103 0.7921
vn -0.2640 -0.9638 -0.0379
vn 0.0220 -0.2406 0.9704
vn -0.1318 -0.9574 0.2568
vn -0.1140 -0.7678 0.6305
vn -0.0178 -0.0774 0.9968
vn -0.0468 -0.1159 0.9922
vn 0.3136 0.4455 0.8386
vn -0.3870 -0.8802 0.2749
vn -0.5000 -0.8354 0.2283
vn -0.1875 -0.6088 0.7709
vn -0.1493 -0.3546 0.9230
vn -0.0447 -0.0761 0.9961
vn -0.0541 -0.1281 0.9903
vn 0.8442 0.5284 0.0900
vn -0.4971 -0.8401 0.2171
vn 0.0793 0.0400 0.9960
vn -0.3359 -0.5373 0.7736
vn 0.8531 0.4205 0.3089
vn 0.6265 0.2890 0.7238
vn 0.9611 0.2731 0.0401
vn 0.1342 0.0443 0.9900
vn 0.0822 0.0391 0.9958
vn 0.4813 0.1629 0.8613
vn 0.3728 0.1142 0.9209
vn 0.1262 0.0427 0.9911
vn 0.9464 0.1670 0.2766
vn 0.9722 0.0440 0.2300
vn 0.0488 -0.0029 0.9988
vn 0.0477 0.0036 0.9989
vn 0.9516 -0.0084 0.3073
vn 0.6074 -0.0282 0.7939
vn 0.9745 -0.1607 0.1567
vn 0.0656 -0.0125 0.9978
vn 0.9318 -0.3630 -0.0075
vn 0.9400 -0.2413 0.2411
vn 0.6932 -0.2323 0.6823
vn 0.4044 -0.0936 0.9098
vn 0.1479 -0.0449 0.9880
vn 0.1118 -0.0521 0.9924
vn 0.1386 -0.0451 0.9893
vn 0.7912 -0.4940 0.3605
vn 0.8086 -0.5599 0.1807
vn 0.1065 -0.0669 0.9921
vn 0.8117 -0.4634 0.3555
vn 0.2892 -0.2751 0.9169
vn 0.6317 -0.7616 0.1450
vn 0.0507 -0.0553 0.9972
vn 0.1964 -0.1617 0.9671
vn 0.1247 -0.1077 0.9863
vn 0.6612 -0.7090 0.2451
vn 0.0589 0.0684 0.9959
vn 0.2911 0.2521 0.9229
vn 0.5148 0.5112 0.6882
vn 0.6944 0.6732 0.2542
vn 0.7258 0.6813 0.0949
vn 0.7102 0.7040 0.0041
vn 0.0406 0.0206 0.9990
vn -0.0597 -0.0619 0.9963
vn -0.1858 -0.1765 0.9666
vn -0.4310 -0.4534 0.7802
vn -0.6212 -0.6265 0.4708
vn -0.7023 -0.7111 0.0338
vn -0.6683 -0.7004 0.2506
vn -0.7030 -0.7108 0.0238
vn -0.5799 -0.5711 -0.5810
vn 0.0406 -0.0561 0.9976
vn 0.0667 0.0964 0.9931
vn 0.0916 -0.0263 0.9955
vn 0.0846 0.1067 0.9907
vn 0.0176 0.0683 0.9975
vn 0.1241 -0.0343 0.9917
vn 0.0207 0.0815 0.9965
vn 0.0069 -0.1497 0.9887
vn 0.1353 0.0730 0.9881
vn 0.1299 0.0948 0.9870
vn 0.0450 -0.0437 0.9980
vn 0.1173 -0.0251 0.9928
vn 0.0549 -0.0430 0.9976
vn 0.0209 -0.1498 0.9885
vn -0.0166 0.0835 0.9964
vn 0.0142 -0.1466 0.9891
vn 0.0169 0.0678 0.9976
vn 0.0549 -0.0872 0.9947
vn 0.0538 -0.0890 0.9946
vn 0.0353 -0.1499 0.9881
vn 0.0389 0.1105 0.9931
vn 0.0093 0.0269 0.9996
vn 0.0101 0.0903 0.9959
vn 0.0930 0.1147 0.9890
vn 0.0479 -0.1428 0.9886
vn 0.0104 0.0253 0.9996
vn 0.0140 0.0384 0.9992
vn 0.0037 0.0248 0.9997
vn 0.0930 0.1164 0.9888
vn 0.0888 0.1297 0.9876
vn -0.0073 0.1193 0.9928
vn 0.0122 0.1060 0.9943
vn 0.0563 0.1383 0.9888
vn 0.0278 0.1165 0.9928
vn 0.0608 -0.1378 0.9886
vn 0.0337 0.1419 0.9893
vn 0.0520 -0.1372 0.9892
vn 0.1297 0.0128 0.9915
vn 0.1323 0.0039 0.9912
vn 0.0765 -0.1104 0.9909
vn 0.0945 -0.0931 0.9912
vn 0.0739 -0.1326 0.9884
vn 0.0802 -0.1255 0.9888
vn 0.0866 -0.1265 0.9882
vn 0.1094 -0.0726 0.9914
vn -0.1067 0.0393 0.9935
vn 0.0021 0.0247 0.9997
vn 0.1005 -0.1211 0.9875
vn 0.1096 0.0417 0.9931
vn 0.0428 0.0526 0.9977
vn 0.1099 -0.1046 0.9884
vn 0.1101 -0.1061 0.9882
vn 0.1452 -0.0014 0.9894
vn 0.1553 -0.0199 0.9877
vn 0.1378 0.0397 0.9897
vn 0.1402 0.0312 0.9896
vn 0.1616 0.0198 0.9867
vn 0.0938 0.0808 0.9923
vn 0.0426 0.0890 0.9951
vn 0.0445 0.0931 0.9947
vn 0.1337 0.0693 0.9886
vn 0.1166 0.0978 0.9883
vn 0.1118 0.1090 0.9877
vn 0.1037 0.0793 0.9914
vn 0.0732 0.1053 0.9917
vn 0.0773 0.1387 0.9873
vn 0.0911 -0.0495 0.9946
vn 0.0611 0.1385 0.9885
vn 0.0502 0.1332 0.9898
vn 0.0297 0.1497 0.9883
vn 0.0558 0.1235 0.9908
vn 0.0765 -0.0579 0.9954
vn 0.1089 -0.0575 0.9924
vn 0.1360 -0.0653 0.9886
vn 0.0419 -0.1152 0.9925
vn 0.1334 -0.0754 0.9882
vn 0.1490 -0.0577 0.9871
vn 0.0732 -0.0757 0.9944
vn 0.0939 -0.0890 0.9916
vn 0.1266 -0.0914 0.9877
vn 0.1266 -0.0817 0.9886
vn 0.0213 0.0162 0.9996
vn 0.0053 0.0490 0.9988
vn 0.0822 0.0147 0.9965
vn 0.1426 0.0529 0.9884
vn 0.1176 -0.0518 0.9917
vn 0.0936 0.0103 0.9956
vn 0.0444 0.0319 0.9985
vn 0.0413 0.0340 0.9986
vn 0.0973 -0.0009 0.9953
vn 0.0238 0.1294 0.9913
vn 0.1197 -0.0103 0.9928
vn 0.0217 0.1559 0.9875
vn 0.0111 0.1321 0.9912
vn -0.0007 0.1495 0.9888
vn 0.0072 0.1554 0.9878
vn 0.0417 0.0373 0.9984
vn -0.0884 -0.0417 0.9952
vn 0.0019 -0.0217 0.9998
vn 0.0053 -0.0218 0.9997
vn 0.0088 -0.0218 0.9997
vn 0.0765 0.0333 0.9965
vn 0.0119 -0.0836 0.9964
vn 0.0202 -0.0343 0.9992
vn 0.0169 -0.0159 0.9997
vn 0.0209 -0.0755 0.9969
vn 0.0091 -0.0779 0.9969
vn 0.0200 -0.0109 0.9997
vn 0.1101 0.0231 0.9937
vn 0.0146 -0.1193 0.9927
vn 0.0207 -0.0101 0.9997
vn 0.0838 0.0476 0.9953
vn 0.0186 -0.1159 0.9931
vn 0.0289 -0.0025 0.9996
vn 0.1419 -0.0337 0.9893
vn 0.0296 -0.0022 0.9996
vn 0.1075 0.0445 0.9932
vn 0.0539 -0.0997 0.9936
vn 0.0713 -0.0208 0.9972
vn 0.0445 -0.0060 0.9990
vn 0.0253 0.0055 0.9997
vn 0.0241 0.0112 0.9996
vn 0.0046 -0.0487 0.9988
vn 0.0542 -0.0005 0.9985
vn 0.0540 0.0657 0.9964
vn 0.0758 0.0656 0.9950
vn 0.0608 -0.0017 0.9981
vn 0.0153 -0.0245 0.9996
vn 0.0790 0.0720 0.9943
vn 0.1137 0.0672 0.9912
vn 0.0215 0.0161 0.9996
vn 0.0238 0.0155 0.9996
vn 0.0407 -0.0390 0.9984
vn 0.0934 -0.0247 0.9953
vn 0.1597 -0.9807 0.1133
vn -0.1317 -0.8781 0.4601
vn 0.9532 0.3018 -0.0163
vn -0.6121 -0.7902 0.0313
vn 0.6904 -0.7231 0.0226
vn 0.7182 -0.6953 0.0288
vn 0.3120 -0.4329 0.8457
vn 0.8191 0.5732 0.0213
vn 0.8254 0.5641 0.0226
vn 0.9660 0.2569 0.0277
vn -0.2637 -0.9643 0.0241
vn -0.2902 -0.9568 0.0191
vn 0.8964 -0.4425 0.0241
vn 0.9058 -0.4229 0.0275
vn 0.2482 -0.2466 0.9368
vn -0.5340 -0.8454 0.0128
vn 0.9956 -0.0907 0.0230
vn 0.9972 -0.0699 0.0268
vn 0.5343 -0.2790 0.7979
vn 0.3492 -0.2827 0.8934
vn 0.9608 0.2754 0.0318
vn 0.9020 0.2044 0.3802
vn 0.8589 0.0443 0.5102
vn 0.0674 -0.9974 0.0254
vn 0.0654 -0.9975 0.0252
vn 0.8148 -0.0997 0.5711
vn -0.2758 -0.9406 0.1982
vn -0.2435 -0.9655 0.0924
vn -0.1442 -0.9893 0.0225
vn 0.6025 -0.2733 0.7499
vn -0.0045 -0.9995 0.0297
vn 0.9934 -0.1146 0.0018
vn 0.4146 -0.9097 0.0247
vn 0.4006 -0.9160 0.0222
vn -0.5917 -0.2772 0.7570
vn -0.8576 0.0337 0.5132
vn -0.7231 -0.6903 0.0226
vn -0.6955 -0.7179 0.0287
vn -0.4330 -0.3122 0.8456
vn 0.5559 -0.8309 0.0237
vn 0.5642 -0.8254 0.0226
vn 0.2608 -0.9650 0.0264
vn -0.9541 0.2984 0.0264
vn -0.4792 -0.8772 -0.0301
vn -0.4217 -0.9063 0.0277
vn -0.4225 -0.9060 0.0276
vn -0.2195 -0.9749 0.0385
vn -0.2466 -0.2485 0.9367
vn -0.7955 0.6057 0.0191
vn -0.8305 0.5565 0.0240
vn -0.0889 -0.9958 0.0226
vn -0.0699 -0.9972 0.0267
vn -0.2790 -0.5343 0.7979
vn -0.2825 -0.3490 0.8935
vn 0.2769 -0.9605 0.0292
vn 0.2056 -0.9021 0.3794
vn 0.0439 -0.8587 0.5106
vn -0.9965 -0.0786 0.0269
vn -0.9975 -0.0659 0.0251
vn -0.0991 -0.8153 0.5705
vn -0.7607 -0.1496 0.6316
vn -0.7773 -0.1357 0.6143
vn -0.2734 -0.6022 0.7501
vn -0.9649 0.2621 0.0189
vn 0.0112 -0.9980 -0.0629
vn -0.9099 -0.4142 0.0247
vn -0.9160 -0.4006 0.0222
vn -0.1598 0.9806 0.1134
vn 0.0334 0.8574 0.5136
vn -0.9532 -0.3018 -0.0163
vn -0.6904 0.7231 0.0225
vn -0.7183 0.6952 0.0287
vn -0.3120 0.4329 0.8457
vn -0.8190 -0.5733 0.0212
vn -0.8254 -0.5641 0.0226
vn -0.9660 -0.2569 0.0277
vn 0.2862 0.9579 0.0239
vn -0.8964 0.4425 0.0241
vn -0.9058 0.4227 0.0275
vn -0.2484 0.2467 0.9367
vn 0.6055 0.7956 0.0189
vn 0.5575 0.8298 0.0240
vn -0.9956 0.0907 0.0230
vn -0.9972 0.0699 0.0268
vn -0.5340 0.2790 0.7981
vn -0.3489 0.2826 0.8935
vn -0.9608 -0.2754 0.0318
vn -0.9021 -0.2052 0.3795
vn -0.8588 -0.0442 0.5104
vn -0.0670 0.9974 0.0254
vn -0.0654 0.9975 0.0252
vn -0.8149 0.0997 0.5710
vn 0.2776 0.9383 0.2060
vn 0.2433 0.9655 0.0928
vn 0.1441 0.9893 0.0225
vn -0.6029 0.2733 0.7495
vn 0.0047 0.9996 0.0296
vn 0.2615 0.9650 0.0188
vn -0.9934 0.1145 0.0018
vn -0.4146 0.9097 0.0247
vn -0.4006 0.9160 0.0222
vn 0.4274 0.4255 0.7977
vn 0.0553 0.0394 0.9977
vn 0.7850 0.5815 0.2137
vn 0.9243 0.3694 0.0963
vn 0.5412 0.3159 0.7793
vn 0.3427 0.2494 0.9057
vn 0.0984 0.0613 0.9933
vn 0.0951 0.0381 0.9947
vn 0.9092 0.3217 0.2644
vn 0.6167 0.2819 0.7350
vn 0.1657 0.0312 0.9857
vn 0.1695 0.0440 0.9845
vn 0.1555 0.0600 0.9860
vn 0.1113 0.0141 0.9937
vn 0.9261 0.1438 0.3490
vn 0.9260 0.1438 0.3490
vn 0.6996 0.0501 0.7128
vn 0.9992 0.0281 0.0290
vn 0.1170 -0.0003 0.9931
vn 0.6389 -0.0083 0.7693
vn 0.9638 -0.2640 -0.0379
vn 0.0998 0.0087 0.9950
vn 0.0777 -0.0102 0.9969
vn 0.9574 -0.1318 0.2570
vn 0.7677 -0.1138 0.6306
vn 0.1138 -0.0455 0.9925
vn 0.8803 -0.3869 0.2745
vn -0.1765 0.1358 0.9749
vn 0.8355 -0.5000 0.2280
vn 0.6085 -0.1873 0.7711
vn 0.3543 -0.1492 0.9232
vn 0.0762 -0.0447 0.9961
vn 0.1282 -0.0543 0.9903
vn -0.5348 0.7770 0.3322
vn -0.5181 0.8289 0.2109
vn 0.8399 -0.4973 0.2174
vn -0.4332 0.6710 0.6017
vn 0.5369 -0.3358 0.7739
vn -0.2763 0.9600 0.0464
vn -0.0459 0.1389 0.9892
vn -0.0395 0.0724 0.9966
vn -0.3237 0.9155 0.2388
vn -0.1913 0.4955 0.8473
vn -0.1967 0.6428 0.7404
vn -0.0356 0.0859 0.9957
vn -0.0435 0.9784 0.2022
vn -0.0390 0.9750 0.2189
vn -0.0764 0.6823 0.7271
vn 0.0085 0.1354 0.9908
vn -0.0063 0.0875 0.9961
vn 0.0030 0.4407 0.8977
vn 0.0101 0.1442 0.9895
vn 0.2027 0.9321 0.3003
vn 0.1651 0.9245 0.3436
vn 0.3620 0.9292 0.0744
vn 0.2096 0.9144 0.3463
vn 0.0661 0.1413 0.9878
vn 0.0385 0.1193 0.9921
vn 0.2155 0.3961 0.8925
vn 0.5599 0.8086 0.1808
vn 0.0592 0.1326 0.9894
vn 0.5054 0.8146 0.2845
vn 0.2778 0.4586 0.8441
vn 0.7615 0.6317 0.1451
vn 0.0357 0.0336 0.9988
vn 0.0301 0.0371 0.9989
vn 0.7090 0.6612 0.2451
vn -0.1674 0.1627 0.9724
vn -0.0582 0.0853 0.9947
vn -0.5218 0.5025 0.6893
vn -0.6688 0.6917 0.2725
vn -0.6715 0.7333 0.1064
vn -0.7042 0.7100 -0.0065
vn 0.0636 -0.0582 0.9963
vn 0.1191 -0.1261 0.9848
vn 0.5164 -0.5114 0.6869
vn 0.4495 -0.4347 0.7803
vn 0.7105 -0.6982 0.0881
vn 0.7031 -0.6657 0.2501
vn 0.5918 0.2772 0.7569
vn 0.8577 -0.0338 0.5131
vn 0.4230 0.9057 0.0273
vn 0.6951 0.7184 0.0287
vn 0.4332 0.3122 0.8455
vn -0.5559 0.8309 0.0237
vn -0.5644 0.8252 0.0224
vn -0.2608 0.9650 0.0264
vn 0.9542 -0.2981 0.0264
vn 0.4788 0.8774 -0.0301
vn 0.4256 0.9045 0.0277
vn 0.2191 0.9749 0.0385
vn 0.2393 0.2417 0.9404
vn 0.7953 -0.6059 0.0189
vn 0.8299 -0.5574 0.0240
vn 0.0890 0.9958 0.0226
vn 0.0699 0.9972 0.0267
vn 0.2790 0.5339 0.7982
vn 0.2789 0.3373 0.8991
vn -0.2771 0.9604 0.0292
vn -0.2052 0.9021 0.3796
vn -0.0432 0.8585 0.5110
vn 0.9966 0.0783 0.0269
vn 0.9975 0.0659 0.0251
vn 0.0993 0.8151 0.5708
vn 0.7607 0.1497 0.6316
vn 0.7772 0.1359 0.6144
vn 0.2733 0.6025 0.7499
vn 0.9650 -0.2615 0.0188
vn -0.0115 0.9979 -0.0631
vn 0.7273 0.6859 0.0215
vn 0.9099 0.4142 0.0247
vn 0.9160 0.4006 0.0222
vn -0.6565 -0.7538 0.0297
vn -0.5632 -0.8211 -0.0926
vn -0.7311 -0.6804 0.0508
vn -0.2814 -0.8384 -0.4668
vn -0.7119 -0.7018 0.0259
vn -0.7084 -0.7053 0.0268
vn -0.7085 -0.7052 0.0268
vn -0.7092 -0.7045 0.0259
vn -0.7369 0.0316 0.6752
vn -0.1020 -0.0425 0.9939
vn -0.6470 -0.0506 0.7608
vn -0.1014 -0.0389 0.9941
vn -0.0757 -0.0656 0.9950
vn -0.0004 -0.0002 1.0000
vn 0.0001 0.0005 1.0000
vn -0.0002 0.0004 1.0000
vn -0.0167 0.0163 0.9997
vn -0.0178 0.0173 0.9997
vn -0.0016 0.0005 1.0000
vn -0.0082 0.0193 0.9998
vn 0.0006 -0.0026 1.0000
vn 0.0002 0.0004 1.0000
vn -0.0004 -0.0003 1.0000
vn -0.0004 0.0008 1.0000
vn -0.0010 -0.0020 1.0000
vn -0.0002 0.0002 1.0000
vn -0.0011 0.0001 1.0000
vn -0.0000 0.0003 1.0000
vn -0.0078 -0.0112 0.9999
vn 0.0009 -0.0019 1.0000
vn 0.0055 -0.0086 0.9999
vn -0.0360 -0.0716 0.9968
vn 0.0032 0.1663 0.9861
vn 0.2222 0.6896 0.6892
vn 0.1969 0.8186 0.5396
vn 0.7041 0.7096 0.0270
vn 0.7047 0.7089 0.0275
vn 0.7046 0.7090 0.0276
vn 0.7052 0.7085 0.0277
vn 0.7054 0.7083 0.0277
vn 0.7030 0.7108 0.0262
vn 0.8306 0.2269 -0.5085
vn 0.8422 0.5215 -0.1369
vn 0.7666 0.6414 0.0292
vn 0.8284 0.5519 -0.0953
vn 0.7540 -0.6562 0.0298
vn 0.8219 -0.5620 -0.0935
vn 0.7042 -0.7093 0.0296
vn 0.8394 -0.2855 -0.4624
vn 0.7016 -0.7121 0.0260
vn 0.7054 -0.7082 0.0272
vn 0.7049 -0.7088 0.0269
vn 0.7039 -0.7099 0.0259
vn -0.0308 -0.7372 0.6749
vn 0.0426 -0.1023 0.9938
vn 0.0511 -0.6475 0.7603
vn 0.0390 -0.1014 0.9941
vn 0.0649 -0.0760 0.9950
vn 0.0005 -0.0037 1.0000
vn 0.1332 0.0182 0.9909
vn 0.0002 -0.0004 1.0000
vn -0.0003 -0.0000 1.0000
vn -0.0009 -0.0001 1.0000
vn -0.0002 -0.0008 1.0000
vn 0.0050 0.0003 1.0000
vn -0.0001 -0.0006 1.0000
vn -0.0039 -0.0005 1.0000
vn -0.0012 -0.0003 1.0000
vn -0.0008 -0.0009 1.0000
vn -0.0003 0.0002 1.0000
vn -0.0004 -0.0006 1.0000
vn 0.0042 -0.0036 1.0000
vn 0.0001 -0.0010 1.0000
vn -0.0003 -0.0001 1.0000
vn -0.0015 -0.0018 1.0000
vn -0.0063 -0.0064 1.0000
vn 0.0004 -0.0033 1.0000
vn -0.8393 0.2386 0.4885
vn -0.2648 0.0246 0.9640
vn -0.7146 0.2599 0.6495
vn -0.0932 0.0630 0.9937
vn -0.7106 0.7031 0.0277
vn -0.7101 0.7036 0.0280
vn -0.7098 0.7038 0.0282
vn -0.7092 0.7044 0.0283
vn -0.7088 0.7048 0.0284
vn -0.7129 0.7008 0.0252
vn -0.2332 0.8365 -0.4958
vn -0.5832 0.8106 -0.0531
vn -0.6387 0.7689 0.0286
vn -0.5897 0.8065 -0.0428
vn 0.6565 0.7537 0.0297
vn 0.5639 0.8207 -0.0917
vn 0.7340 0.6771 0.0533
vn 0.2791 0.8373 -0.4702
vn 0.7119 0.7018 0.0262
vn 0.7087 0.7050 0.0272
vn 0.7088 0.7049 0.0272
vn 0.7101 0.7036 0.0259
vn 0.7424 -0.0283 0.6693
vn 0.0981 0.0287 0.9948
vn 0.6562 0.0489 0.7530
vn 0.0787 0.0664 0.9947
vn 0.1016 0.0537 0.9934
vn 0.0001 -0.0003 1.0000
vn 0.0010 -0.0024 1.0000
vn 0.0090 -0.0049 0.9999
vn 0.0007 -0.0016 1.0000
vn -0.0007 0.0006 1.0000
vn -0.0054 -0.0062 1.0000
vn 0.0183 -0.0185 0.9997
vn -0.0010 0.0019 1.0000
vn -0.0000 -0.0025 1.0000
vn 0.0013 -0.0041 1.0000
vn 0.0001 -0.0000 1.0000
vn 0.0003 -0.0061 1.0000
vn -0.0069 -0.0011 1.0000
vn -0.0008 -0.0049 1.0000
vn 0.0041 -0.0036 1.0000
vn 0.0024 -0.0010 1.0000
vn -0.0009 0.0017 1.0000
vn -0.1888 -0.8580 0.4777
vn 0.0016 -0.2141 0.9768
vn -0.2734 -0.7366 0.6186
vn -0.0689 -0.0962 0.9930
vn -0.7041 -0.7096 0.0271
vn -0.7047 -0.7090 0.0275
vn -0.7048 -0.7089 0.0275
vn -0.7053 -0.7084 0.0277
vn -0.7054 -0.7083 0.0277
vn -0.7030 -0.7107 0.0260
vn -0.7320 -0.0840 -0.6761
vn -0.8603 -0.4653 -0.2083
vn -0.7664 -0.6417 0.0290
vn -0.8284 -0.5519 -0.0954
vn -0.7543 0.6558 0.0296
vn -0.8237 0.5586 -0.0971
vn -0.7066 0.7072 0.0261
vn -0.7066 0.7071 0.0261
vn -0.8398 0.2830 -0.4632
vn -0.7019 0.7118 0.0261
vn -0.7054 0.7083 0.0272
vn -0.7049 0.7088 0.0269
vn -0.7039 0.7099 0.0259
vn 0.0306 0.7371 0.6751
vn -0.0426 0.1023 0.9938
vn -0.0510 0.6477 0.7602
vn -0.0388 0.1015 0.9941
vn -0.0656 0.0755 0.9950
vn -0.4711 -0.4167 0.7774
vn 0.0003 0.0003 1.0000
vn -0.0034 -0.0036 1.0000
vn 0.0002 0.0008 1.0000
vn 0.0012 0.0003 1.0000
vn 0.0024 0.0021 1.0000
vn -0.0038 0.0036 1.0000
vn 0.0003 0.0006 1.0000
vn 0.0008 0.0009 1.0000
vn -0.0002 0.0008 1.0000
vn -0.0007 0.0001 1.0000
vn -0.0060 -0.0064 1.0000
vn 0.0004 0.0006 1.0000
vn -0.0004 0.0006 1.0000
vn -0.0003 -0.0004 1.0000
vn 0.0003 -0.0001 1.0000
vn -0.0005 0.0037 1.0000
vn -0.0004 0.0037 1.0000
vn -0.0003 0.0037 1.0000
vn 0.2116 -0.0364 0.9767
vn 0.6729 -0.1689 0.7202
vn 0.0928 -0.0644 0.9936
vn 0.8118 -0.1068 0.5741
vn 0.7094 -0.7043 0.0273
vn 0.7093 -0.7043 0.0274
vn 0.7086 -0.7051 0.0276
vn 0.7085 -0.7052 0.0277
vn 0.7083 -0.7053 0.0277
vn 0.7099 -0.7038 0.0268
vn 0.1961 -0.8146 -0.5459
vn 0.5949 -0.8033 -0.0272
vn 0.6310 -0.7753 0.0276
vn 0.2518 -0.8587 -0.4464
vn -0.0000 -0.0000 -1.0000
vn -0.0001 0.0001 -1.0000
vn -0.0016 0.0021 -1.0000
vn -0.0002 0.0005 -1.0000
vn 0.0050 -0.0058 -1.0000
vn -0.0011 0.0008 -1.0000
vn 0.0007 -0.0008 -1.0000
vn -0.0015 -0.0012 -1.0000
vn -0.0017 -0.0013 -1.0000
vn 0.0044 -0.0016 -1.0000
vn 0.0015 -0.0043 -1.0000
vn -0.0047 -0.0017 -1.0000
vn 0.0002 -0.0000 -1.0000
vn 0.0002 0.0005 -1.0000
vn 0.0001 -0.0000 -1.0000
vn -0.0000 0.0012 -1.0000
vn -0.0000 -0.0002 -1.0000
vn 0.0001 0.0006 -1.0000
vn 0.0004 0.0022 -1.0000
vn 0.0001 -0.0006 -1.0000
vn 0.0001 0.0002 -1.0000
vn -0.0000 -0.0001 -1.0000
vn 0.0013 -0.0000 -1.0000
vn -0.0002 -0.0000 -1.0000
vn -0.0001 -0.0000 -1.0000
vn -0.0013 -0.0000 -1.0000
vn 0.0067 0.0017 -1.0000
vn -0.0001 -0.0008 -1.0000
vn -0.0015 -0.0039 -1.0000
vn -0.0005 0.0026 -1.0000
vn -0.0068 0.0017 -1.0000
vn 0.0025 0.0018 -1.0000
vn -0.0001 0.0003 -1.0000
vn -0.0005 -0.0008 -1.0000
vn 1.0000 -0.0000 -0.0000
vn -0.2198 -0.4849 -0.8465
vn -0.0901 -0.5798 -0.8098
vn -0.2101 -0.4458 -0.8701
vn 0.2260 0.1258 -0.9660
vn -0.2230 -0.4431 -0.8683
vn -0.0711 -0.5441 -0.8360
vn -0.0581 -0.5912 -0.8044
vn 0.2252 0.1523 -0.9623
vn -0.2009 -0.3845 -0.9010
vn -0.0595 -0.5491 -0.8336
vn -0.2222 -0.3771 -0.8991
vn -0.0702 -0.4930 -0.8672
vn -0.7648 0.3620 -0.5330
vn -0.7771 0.3762 -0.5046
vn 0.0019 -0.3001 -0.9539
vn 0.5625 0.8188 -0.1150
vn -0.5156 -0.2981 -0.8033
vn -0.4905 -0.3121 -0.8136
vn 0.5068 0.8503 -0.1415
vn 0.0137 -0.3099 -0.9507
vn 0.1657 -0.0213 -0.9859
vn -0.6696 0.7403 -0.0601
vn 0.1591 -0.0607 -0.9854
vn 0.4102 0.4944 -0.7664
vn 0.4139 0.4730 -0.7778
vn 0.0987 0.1609 -0.9820
vn -0.0112 0.1716 -0.9851
vn 0.0129 -0.1168 -0.9931
vn 0.0677 -0.2291 -0.9710
vn 0.0224 0.1160 -0.9930
vn 0.0182 -0.1361 -0.9905
vn -0.0360 -0.2018 -0.9788
vn 0.3593 0.3271 -0.8740
vn -0.0053 -0.1941 -0.9810
vn 0.0369 -0.1252 -0.9914
vn 0.0410 0.1732 -0.9840
vn 0.3603 0.3044 -0.8818
vn 0.0679 0.1142 -0.9911
vn 0.0973 -0.2040 -0.9741
vn 0.0220 -0.4018 -0.9155
vn 0.0456 -0.3791 -0.9242
vn 0.0855 -0.2527 -0.9638
vn -0.7146 0.1550 -0.6822
vn 0.5297 0.7789 -0.3357
vn -0.6963 0.1368 -0.7046
vn -0.3271 -0.4814 -0.8132
vn -0.2903 -0.4991 -0.8164
vn 0.5362 0.7689 -0.3481
vn -0.7240 0.6166 -0.3092
vn -0.7199 0.6105 -0.3303
vn -0.6297 -0.0138 -0.7767
vn -0.6079 -0.0334 -0.7933
vn 0.2761 0.1044 -0.9554
vn 0.2766 0.0765 -0.9579
vn -0.0802 -0.6411 -0.7632
vn -0.0654 -0.6553 -0.7526
vn 0.5243 0.6393 -0.5625
vn 0.5316 0.6191 -0.5780
vn -0.7140 0.4320 -0.5510
vn -0.7266 0.4449 -0.5236
vn 0.6361 0.7604 -0.1308
vn -0.4627 -0.2469 -0.8514
vn 0.5633 0.8200 -0.1017
vn -0.4790 -0.2386 -0.8448
vn 0.1721 -0.1581 -0.9723
vn 0.4790 0.4408 -0.7591
vn -0.6357 0.7651 -0.1030
vn 0.4819 0.4147 -0.7719
vn -0.6436 0.7418 -0.1886
vn 0.4195 0.2447 -0.8741
vn 0.4203 0.2729 -0.8654
vn 0.6086 0.7144 -0.3453
vn -0.6675 0.2299 -0.7082
vn -0.6499 0.2121 -0.7298
vn 0.6009 0.7279 -0.3304
vn -0.6682 0.6730 -0.3173
vn -0.6630 0.6644 -0.3449
vn -0.5668 0.0417 -0.8228
vn -0.5878 0.0616 -0.8066
vn 0.3216 0.0202 -0.9467
vn 0.3236 0.0525 -0.9447
vn 0.6042 0.5565 -0.5703
vn 0.5966 0.5799 -0.5548
vn -0.6675 0.5138 -0.5390
vn -0.6552 0.5010 -0.5654
vn -0.4480 -0.1670 -0.8783
vn -0.4148 -0.1856 -0.8908
vn 0.2117 -0.1281 -0.9689
vn -0.5696 0.8149 -0.1070
vn -0.5153 0.8481 -0.1235
vn 0.2003 -0.2075 -0.9575
vn -0.5693 0.8114 -0.1328
vn 0.5485 0.3470 -0.7608
vn 0.5464 0.3764 -0.7482
vn 0.6646 0.6710 -0.3289
vn 0.6621 0.6753 -0.3250
vn 0.1451 -0.2834 -0.9480
vn 0.4802 0.2081 -0.8521
vn 0.4781 0.1767 -0.8603
vn -0.6124 0.3054 -0.7292
vn -0.5956 0.2870 -0.7503
vn -0.5992 0.7206 -0.3489
vn -0.6058 0.7279 -0.3210
vn 0.0430 -0.4360 -0.8989
vn 0.0471 -0.4257 -0.9037
vn 0.6590 0.5184 -0.5450
vn -0.5189 0.1159 -0.8469
vn 0.6675 0.4921 -0.5587
vn -0.5393 0.1376 -0.8308
vn 0.3707 -0.0095 -0.9287
vn 0.3664 -0.0445 -0.9294
vn -0.5908 0.5665 -0.5745
vn -0.6024 0.5770 -0.5516
vn -0.4181 -0.0827 -0.9046
vn 0.6048 0.3082 -0.7344
vn -0.3760 -0.1147 -0.9195
vn 0.6069 0.2782 -0.7445
vn -0.4380 0.8921 -0.1105
vn -0.5050 0.8569 -0.1032
vn 0.2468 -0.2435 -0.9380
vn 0.2586 -0.2140 -0.9420
vn 0.5291 0.1088 -0.8415
vn 0.5315 0.1392 -0.8356
vn 0.0954 -0.4469 -0.8895
vn 0.1271 -0.3954 -0.9097
vn 0.7210 0.6215 -0.3064
vn 0.7299 0.6033 -0.3214
vn -0.5516 0.3734 -0.7459
vn -0.5366 0.3573 -0.7645
vn -0.5401 0.7759 -0.3260
vn -0.5334 0.7698 -0.3505
vn -0.4852 0.2064 -0.8497
vn -0.4671 0.1870 -0.8642
vn 0.0218 -0.5135 -0.8578
vn 0.4104 -0.0753 -0.9088
vn 0.4057 -0.1093 -0.9075
vn 0.7214 0.4491 -0.5271
vn -0.5247 0.6233 -0.5797
vn 0.7284 0.4155 -0.5448
vn -0.5353 0.6329 -0.5594
vn -0.3492 -0.0371 -0.9363
vn -0.3783 -0.0126 -0.9256
vn 0.2495 -0.3243 -0.9125
vn -0.4426 0.8886 -0.1201
vn -0.1944 -0.2683 -0.9435
vn 0.6620 0.1955 -0.7236
vn -0.2872 -0.1596 -0.9445
vn -0.4756 0.4187 -0.7736
vn 0.6638 0.2336 -0.7105
vn -0.4889 0.4336 -0.7569
vn 0.1339 -0.4720 -0.8714
vn 0.7906 0.5295 -0.3075
vn 0.7731 0.5647 -0.2887
vn -0.4136 0.2483 -0.8760
vn -0.4298 0.2675 -0.8624
vn 0.5773 0.0250 -0.8162
vn 0.5851 0.0638 -0.8085
vn -0.4668 0.8191 -0.3334
vn -0.4613 0.8138 -0.3534
vn -0.0328 -0.5097 -0.8597
vn -0.1598 -0.3394 -0.9270
vn -0.0563 -0.4587 -0.8868
vn 0.7832 0.3406 -0.5202
vn 0.7757 0.3728 -0.5092
vn 0.4531 -0.1471 -0.8792
vn 0.4415 -0.1872 -0.8775
vn -0.3137 0.0260 -0.9492
vn -0.9786 0.2015 -0.0405
vn -0.9871 0.1447 -0.0686
vn -0.3347 0.0462 -0.9412
vn -0.4524 0.6750 -0.5829
vn 0.7781 0.6143 -0.1314
vn -0.4616 0.6840 -0.5648
vn -0.9949 -0.0872 -0.0505
vn -0.9778 -0.1930 -0.0816
vn -0.3720 0.9209 -0.1167
vn -0.3698 0.9195 -0.1330
vn 0.7138 0.1486 -0.6844
vn 0.7129 0.1153 -0.6917
vn -0.9351 -0.3508 -0.0508
vn 0.3076 -0.3034 -0.9019
vn -0.2012 -0.2083 -0.9572
vn 0.2743 -0.3866 -0.8805
vn 0.2743 -0.3865 -0.8805
vn -0.8935 0.4484 -0.0235
vn 0.8184 0.5007 -0.2820
vn 0.8342 0.4616 -0.3018
vn -0.8622 -0.4985 -0.0900
vn 0.6284 -0.0214 -0.7776
vn -0.4093 0.4744 -0.7794
vn 0.6226 -0.0543 -0.7807
vn -0.4208 0.4888 -0.7642
vn -0.9764 0.2035 -0.0728
vn -0.0471 -0.4233 -0.9048
vn 0.2158 -0.4278 -0.8777
vn -0.9963 0.0054 -0.0863
vn -0.3907 0.8567 -0.3367
vn -0.3855 0.8523 -0.3535
vn -0.7883 -0.6127 -0.0560
vn -0.3698 0.3232 -0.8711
vn -0.3556 0.3046 -0.8836
vn -0.9910 -0.0772 -0.1090
vn 0.8206 0.3022 -0.4851
vn 0.8262 0.2656 -0.4969
vn -0.6508 -0.7538 -0.0908
vn 0.0739 -0.5516 -0.8308
vn 0.0990 -0.5828 -0.8066
vn -0.9756 -0.1977 -0.0957
vn 0.4861 -0.2281 -0.8436
vn 0.4775 -0.2618 -0.8387
vn -0.3849 0.7267 -0.5690
vn -0.5893 -0.8058 -0.0593
vn -0.3768 0.7194 -0.5835
vn -0.2696 0.0794 -0.9597
vn -0.2874 0.0996 -0.9526
vn -0.9275 -0.3469 -0.1393
vn 0.8250 0.5533 -0.1153
vn 0.8441 0.5299 -0.0821
vn 0.8069 0.5829 -0.0956
vn 0.0979 -0.5863 -0.8041
vn -0.2990 0.9472 -0.1156
vn 0.3225 -0.4176 -0.8495
vn -0.2217 0.9676 -0.1210
vn -0.9371 0.3464 -0.0421
vn 0.3143 -0.4335 -0.8445
vn -0.3609 -0.9310 -0.0554
vn -0.3199 -0.9448 -0.0715
vn -0.2968 0.9463 -0.1284
vn -0.8815 -0.4568 -0.1195
vn -0.1985 -0.0881 -0.9761
vn -0.2136 -0.0646 -0.9748
vn 0.7554 0.0728 -0.6512
vn 0.7515 0.0351 -0.6588
vn -0.9891 0.0956 -0.1118
vn -0.3501 0.5349 -0.7690
vn -0.3408 0.5229 -0.7813
vn 0.8605 0.4313 -0.2711
vn -0.7680 -0.6222 -0.1518
vn 0.8716 0.3984 -0.2856
vn 0.6561 -0.1339 -0.7427
vn 0.6659 -0.0984 -0.7395
vn -0.3137 0.8880 -0.3361
vn -0.7813 -0.6076 -0.1427
vn -0.3088 0.8841 -0.3506
vn -0.1066 -0.2838 -0.9529
vn -0.1255 -0.2542 -0.9590
vn -0.9907 0.0833 -0.1075
vn -0.0410 -0.3863 -0.9215
vn -0.0257 -0.4427 -0.8963
vn -0.3068 0.3697 -0.8771
vn -0.2958 0.3535 -0.8874
vn 0.8612 0.2259 -0.4553
vn 0.8654 0.1872 -0.4648
vn -0.1010 -0.9941 -0.0389
vn 0.5158 -0.3011 -0.8021
vn -0.0671 -0.9967 -0.0448
vn -0.5907 -0.7938 -0.1446
vn 0.5021 -0.3359 -0.7969
vn -0.5819 -0.7996 -0.1483
vn -0.3014 0.7549 -0.5824
vn -0.9693 -0.1884 -0.1577
vn -0.3077 0.7614 -0.5706
vn -0.2240 0.1263 -0.9664
vn -0.9730 -0.1755 -0.1499
vn -0.2383 0.1442 -0.9604
vn 0.8560 0.5010 -0.1276
vn 0.3417 -0.4606 -0.8192
vn 0.3101 -0.5165 -0.7982
vn 0.7924 -0.0112 -0.6099
vn -0.2235 0.9665 -0.1262
vn 0.7869 -0.0480 -0.6152
vn -0.9467 0.3160 -0.0630
vn -0.3700 -0.9186 -0.1391
vn -0.3515 -0.9248 -0.1456
vn -0.1453 -0.1154 -0.9826
vn -0.2720 0.5618 -0.7813
vn -0.2787 0.5715 -0.7719
vn -0.0070 -0.6823 -0.7311
vn 0.2037 -0.6016 -0.7724
vn -0.8801 -0.4353 -0.1895
vn 0.0873 -0.6630 -0.7436
vn 0.8947 0.3684 -0.2527
vn -0.8731 -0.4465 -0.1956
vn 0.9056 0.3306 -0.2656
vn -0.0994 -0.9872 -0.1248
vn -0.1076 -0.9859 -0.1284
vn 0.6869 -0.2171 -0.6935
vn -0.9880 0.0398 -0.1495
vn -0.9850 0.1356 -0.1065
vn -0.0310 -0.3625 -0.9315
vn 0.6986 -0.1819 -0.6920
vn -0.2441 0.4065 -0.8804
vn -0.2359 0.3928 -0.8889
vn -0.7615 -0.6118 -0.2142
vn -0.2280 0.9092 -0.3485
vn -0.7692 -0.6035 -0.2100
vn -0.2311 0.9116 -0.3400
vn 0.8942 0.1513 -0.4212
vn 0.8967 0.1124 -0.4282
vn 0.5409 -0.3801 -0.7503
vn -0.9654 -0.1631 -0.2033
vn 0.5255 -0.4128 -0.7440
vn -0.9702 -0.1476 -0.1923
vn -0.1787 0.1643 -0.9701
vn -0.5915 -0.7754 -0.2211
vn -0.5816 -0.7816 -0.2255
vn -0.1894 0.1796 -0.9653
vn -0.2220 0.7832 -0.5809
vn -0.9351 0.3462 -0.0754
vn 0.8731 0.4790 -0.0908
vn 0.8855 0.4534 -0.1014
vn -0.2266 0.7885 -0.5717
vn -0.9234 0.3800 -0.0543
vn -0.9310 0.3554 -0.0832
vn 0.3395 -0.5610 -0.7550
vn 0.3249 -0.5822 -0.7453
vn 0.8216 -0.0919 -0.5626
vn -0.3537 -0.9079 -0.2249
vn -0.3707 -0.9025 -0.2192
vn 0.8146 -0.1276 -0.5658
vn -0.1408 0.9859 -0.0904
vn -0.0784 0.9848 -0.1553
vn -0.1341 0.9825 -0.1295
vn -0.1391 0.0052 -0.9903
vn 0.0929 -0.7135 -0.6944
vn -0.1327 -0.0090 -0.9911
vn -0.8793 -0.4063 -0.2487
vn -0.8702 -0.4202 -0.2572
vn 0.1077 -0.7109 -0.6950
vn 0.7238 -0.2632 -0.6378
vn -0.9795 0.1213 -0.1605
vn 0.7107 -0.2965 -0.6379
vn 0.9229 0.3055 -0.2342
vn -0.2048 0.5998 -0.7735
vn -0.9796 0.1140 -0.1655
vn -0.2003 0.5922 -0.7805
vn -0.0987 -0.9742 -0.2032
vn 0.9305 0.2744 -0.2426
vn -0.1114 -0.9715 -0.2092
vn -0.0816 -0.1913 -0.9781
vn -0.7691 -0.5750 -0.2788
vn -0.0251 -0.3354 -0.9417
vn -0.0207 -0.3759 -0.9264
vn -0.0726 -0.2118 -0.9746
vn -0.1391 0.9265 -0.3497
vn -0.7589 -0.5856 -0.2848
vn -0.1419 0.9296 -0.3401
vn 0.5437 -0.4862 -0.6841
vn -0.1736 0.4238 -0.8890
vn -0.1795 0.4353 -0.8822
vn 0.5602 -0.4568 -0.6910
vn 0.9199 0.0802 -0.3838
vn -0.9599 -0.1300 -0.2485
vn 0.9207 0.0431 -0.3878
vn -0.9658 -0.1120 -0.2339
vn -0.5921 -0.7490 -0.2973
vn -0.5798 -0.7564 -0.3028
vn -0.1295 0.8049 -0.5792
vn 0.9048 0.4165 -0.0886
vn -0.1389 0.8246 -0.5484
vn 0.8937 0.4418 -0.0786
vn -0.1389 0.2075 -0.9683
vn 0.3363 -0.6454 -0.6858
vn -0.1315 0.1945 -0.9720
vn 0.3511 -0.6277 -0.6948
vn 0.8352 -0.2018 -0.5116
vn -0.3519 -0.8852 -0.3043
vn -0.3711 -0.8796 -0.2977
vn 0.8434 -0.1680 -0.5103
vn -0.1390 0.7198 -0.6801
vn -0.8660 -0.3855 -0.3185
vn 0.0907 -0.7640 -0.6388
vn 0.1086 -0.7616 -0.6389
vn -0.8773 -0.3689 -0.3070
vn -0.9653 0.1948 -0.1740
vn 0.7288 -0.3695 -0.5764
vn 0.7425 -0.3390 -0.5778
vn -0.0857 -0.0522 -0.9950
vn -0.1114 -0.9515 -0.2868
vn -0.0931 -0.9563 -0.2772
vn 0.9558 0.1949 -0.2199
vn -0.1221 0.6149 -0.7791
vn 0.9446 0.2525 -0.2098
vn -0.7557 -0.5508 -0.3544
vn -0.1169 0.6039 -0.7885
vn -0.7683 -0.5382 -0.3465
vn -0.0257 0.9921 -0.1226
vn -0.0354 0.9944 -0.0995
vn 0.5573 -0.5542 -0.6182
vn -0.0176 -0.3201 -0.9472
vn 0.5740 -0.5285 -0.6254
vn 0.9393 0.0152 -0.3428
vn -0.9591 -0.0685 -0.2748
vn -0.1057 0.4471 -0.8882
vn -0.9519 -0.0882 -0.2935
vn -0.1097 0.4577 -0.8823
vn 0.9385 -0.0204 -0.3446
vn -0.5921 -0.7150 -0.3718
vn -0.5770 -0.7236 -0.3787
vn -0.9028 0.4241 -0.0710
vn -0.8938 0.4390 -0.0922
vn 0.9276 0.3629 -0.0882
vn -0.9092 0.4066 -0.0890
vn 0.3587 -0.6904 -0.6282
vn 0.3452 -0.7043 -0.6204
vn -0.3492 -0.8558 -0.3817
vn -0.0369 0.9385 -0.3434
vn -0.0371 0.9386 -0.3430
vn -0.3719 -0.8495 -0.3742
vn 0.8501 -0.2684 -0.4532
vn 0.8590 -0.2380 -0.4533
vn -0.0802 0.2177 -0.9727
vn -0.0847 0.2283 -0.9699
vn -0.8734 -0.3231 -0.3644
vn 0.1170 -0.8061 -0.5801
vn -0.8602 -0.3415 -0.3786
vn 0.0954 -0.8085 -0.5806
vn -0.9570 0.2248 -0.1832
vn 0.7553 -0.4086 -0.5124
vn -0.9582 0.1689 -0.2309
vn 0.7414 -0.4360 -0.5101
vn -0.0908 -0.9328 -0.3488
vn -0.1118 -0.9259 -0.3607
vn 0.9598 0.2153 -0.1800
vn -0.7658 -0.4929 -0.4129
vn -0.7506 -0.5076 -0.4229
vn -0.0361 0.8173 -0.5750
vn -0.0482 0.8332 -0.5508
vn -0.0541 -0.0193 -0.9984
vn -0.0694 0.0165 -0.9975
vn 0.5836 -0.5939 -0.5538
vn -0.9407 -0.0385 -0.3371
vn -0.9489 -0.0179 -0.3151
vn 0.5669 -0.6160 -0.5470
vn 0.9513 -0.0755 -0.2989
vn -0.5732 -0.6827 -0.4532
vn 0.9531 -0.0440 -0.2995
vn -0.5909 -0.6730 -0.4449
vn -0.0260 0.7298 -0.6832
vn -0.0138 -0.2857 -0.9582
vn -0.0332 -0.1614 -0.9863
vn -0.0182 -0.3185 -0.9478
vn 0.0433 0.9916 -0.1221
vn 0.1291 0.9848 -0.1160
vn -0.8845 0.4587 -0.0849
vn 0.0433 0.9915 -0.1224
vn 0.9218 0.3819 -0.0658
vn 0.9379 0.3389 -0.0746
vn -0.0396 0.6108 -0.7908
vn -0.0405 0.6125 -0.7895
vn 0.3642 -0.7470 -0.5563
vn -0.3718 -0.8125 -0.4490
vn -0.3459 -0.8195 -0.4569
vn 0.3515 -0.7580 -0.5494
vn 0.8690 -0.3004 -0.3932
vn 0.8603 -0.3264 -0.3916
vn -0.8517 -0.2891 -0.4371
vn -0.8660 -0.2702 -0.4208
vn -0.0191 0.4644 -0.8854
vn -0.9380 0.2516 -0.2384
vn 0.0970 -0.8520 -0.5145
vn 0.1166 -0.8503 -0.5132
vn -0.9385 0.2730 -0.2113
vn 0.7631 -0.4704 -0.4431
vn -0.0889 -0.9041 -0.4180
vn 0.7498 -0.4941 -0.4401
vn -0.1129 -0.8945 -0.4326
vn -0.7432 -0.4563 -0.4893
vn 0.0440 0.9385 -0.3426
vn 0.9758 0.1402 -0.1676
vn 0.0443 0.9382 -0.3433
vn -0.7606 -0.4399 -0.4775
vn -0.0353 0.3807 -0.9240
vn 0.9795 0.1034 -0.1728
vn -0.0059 -0.2789 -0.9603
vn 0.5888 -0.6517 -0.4781
vn 0.5735 -0.6698 -0.4717
vn -0.9255 0.0181 -0.3782
vn -0.0081 0.1707 -0.9853
vn -0.0378 0.2332 -0.9717
vn 0.9599 -0.1218 -0.2524
vn -0.9347 0.0386 -0.3533
vn 0.0434 0.8170 -0.5750
vn 0.0440 0.8160 -0.5764
vn 0.9624 -0.0946 -0.2545
vn -0.5879 -0.6234 -0.5155
vn -0.5674 -0.6343 -0.5251
vn -0.8602 0.5037 -0.0798
vn -0.8435 0.5267 -0.1051
vn -0.8695 0.4808 -0.1132
vn 0.3563 -0.8054 -0.4737
vn -0.0004 -0.0208 -0.9998
vn 0.3666 -0.7975 -0.4791
vn 0.2102 0.9705 -0.1181
vn 0.1260 0.9833 -0.1310
vn 0.9490 0.3079 -0.0677
vn 0.0385 0.6126 -0.7894
vn 0.8667 -0.3756 -0.3282
vn 0.0396 0.6104 -0.7911
vn 0.8749 -0.3538 -0.3308
vn -0.3415 -0.7768 -0.5291
vn -0.3706 -0.7690 -0.5209
vn 0.0029 -0.2969 -0.9549
vn -0.0169 -0.1077 -0.9940
vn -0.8390 -0.2300 -0.4931
vn -0.8550 -0.2099 -0.4742
vn 0.1151 -0.8896 -0.4420
vn -0.9168 0.3278 -0.2279
vn 0.7554 -0.5424 -0.3677
vn -0.9158 0.3034 -0.2630
vn 0.7673 -0.5229 -0.3712
vn 0.9822 0.1329 -0.1328
vn -0.7515 -0.3800 -0.5393
vn -0.7330 -0.3969 -0.5525
vn 0.1327 0.9302 -0.3422
vn 0.1335 0.9293 -0.3443
vn -0.1108 -0.8589 -0.4999
vn -0.0868 -0.8708 -0.4839
vn 0.0929 -0.8910 -0.4443
vn 0.0320 0.3781 -0.9252
vn 0.0311 0.3815 -0.9239
vn -0.9052 0.0810 -0.4171
vn 0.5913 -0.7008 -0.3990
vn 0.5776 -0.7154 -0.3931
vn -0.9153 0.1009 -0.3901
vn 0.1296 0.8086 -0.5739
vn 0.9684 -0.1368 -0.2086
vn -0.5818 -0.5674 -0.5827
vn 0.9657 -0.1588 -0.2054
vn -0.5592 -0.5793 -0.5931
vn 0.1316 0.8050 -0.5784
vn -0.8117 0.5735 -0.1106
vn -0.8294 0.5512 -0.0904
vn 0.2068 0.9689 -0.1356
vn 0.9570 0.2838 -0.0597
vn 0.9471 0.3149 -0.0624
vn 0.3667 -0.8402 -0.3995
vn 0.3563 -0.8472 -0.3941
vn -0.3356 -0.7287 -0.5970
vn -0.3677 -0.7198 -0.5887
vn 0.1176 0.5978 -0.7930
vn -0.8221 -0.1634 -0.5454
vn 0.1148 0.6042 -0.7885
vn 0.8780 -0.3975 -0.2667
vn -0.8390 -0.1432 -0.5250
vn -0.8877 0.3639 -0.2820
vn 0.2185 0.9115 -0.3485
vn 0.8710 -0.4144 -0.2638
vn 0.2165 0.9138 -0.3438
vn 0.1232 -0.9221 -0.3668
vn -0.8898 0.3842 -0.2463
vn -0.7179 -0.3315 -0.6122
vn -0.7386 -0.3130 -0.5971
vn 0.9907 0.0739 -0.1147
vn -0.0851 -0.8339 -0.5453
vn 0.9910 0.0695 -0.1146
vn -0.1094 -0.8193 -0.5628
vn 0.7694 -0.5653 -0.2973
vn 0.0951 0.3654 -0.9260
vn 0.7586 -0.5815 -0.2938
vn 0.0899 -0.9243 -0.3709
vn 0.0934 0.3738 -0.9228
vn 0.2114 0.7919 -0.5729
vn 0.2149 0.7859 -0.5799
vn -0.8791 0.1486 -0.4528
vn -0.8900 0.1670 -0.4243
vn -0.5471 -0.5182 -0.6574
vn 0.9719 -0.1696 -0.1634
vn -0.5725 -0.5048 -0.6461
vn 0.3437 0.8941 -0.2870
vn 0.2819 0.9514 -0.1241
vn -0.7878 0.6072 -0.1036
vn 0.9697 -0.1849 -0.1598
vn -0.7975 0.5958 -0.0946
vn 0.5916 -0.7410 -0.3177
vn 0.5802 -0.7520 -0.3127
vn 0.1940 0.5947 -0.7802
vn -0.3275 -0.6757 -0.6605
vn 0.1967 0.5846 -0.7871
vn 0.2933 0.8924 -0.3430
vn -0.3622 -0.6654 -0.6527
vn 0.2928 0.8929 -0.3420
vn -0.7995 -0.0915 -0.5936
vn 0.3676 -0.8750 -0.3152
vn -0.8170 -0.0719 -0.5721
vn 0.3618 -0.8783 -0.3125
vn 0.1577 0.4301 -0.8889
vn 0.8741 -0.4423 -0.2011
vn -0.8548 0.4234 -0.3001
vn -0.8578 0.4415 -0.2633
vn 0.8792 -0.4307 -0.2040
vn -0.6984 -0.2602 -0.6667
vn 0.9562 0.2887 -0.0494
vn -0.7196 -0.2417 -0.6510
vn 0.1640 0.3541 -0.9207
vn -0.1291 -0.7594 -0.6377
vn -0.0834 -0.7933 -0.6030
vn 0.2918 0.7594 -0.5815
vn 0.2870 0.7680 -0.5725
vn 0.7611 -0.6096 -0.2216
vn 0.1281 0.1415 -0.9816
vn 0.7692 -0.5980 -0.2251
vn 0.1223 0.1992 -0.9723
vn 0.9974 0.0465 -0.0547
vn -0.8472 0.2187 -0.4841
vn 0.9932 0.0647 -0.0966
vn -0.8589 0.2358 -0.4546
vn 0.9969 -0.0044 -0.0789
vn -0.5324 -0.4514 -0.7161
vn -0.5587 -0.4376 -0.7045
vn 0.0880 0.0177 -0.9960
vn 0.4398 0.8907 -0.1146
vn -0.7530 0.6282 -0.1960
vn 0.3618 0.9219 -0.1386
vn 0.1042 -0.9505 -0.2928
vn 0.1093 -0.9491 -0.2954
vn -0.7556 0.6495 -0.0848
vn 0.2599 0.5792 -0.7727
vn 0.2635 0.5659 -0.7812
vn 0.5827 -0.7784 -0.2336
vn 0.5909 -0.7709 -0.2377
vn 0.2270 0.4126 -0.8822
vn 0.9544 -0.2891 -0.0747
vn -0.3178 -0.6183 -0.7188
vn 0.2292 0.3988 -0.8879
vn -0.3541 -0.6069 -0.7115
vn -0.7710 -0.0167 -0.6366
vn 0.0547 -0.2119 -0.9758
vn 0.9756 -0.1955 -0.1001
vn 0.0007 -0.3649 -0.9310
vn 0.0554 -0.1920 -0.9798
vn -0.7893 0.0028 -0.6140
vn 0.3754 0.8655 -0.3316
vn 0.3828 0.8550 -0.3498
vn 0.9435 -0.3258 -0.0606
vn -0.8160 0.4847 -0.3151
vn 0.9376 -0.3150 -0.1471
vn -0.8201 0.5001 -0.2782
vn -0.6739 -0.1859 -0.7151
vn -0.6956 -0.1670 -0.6988
vn 0.3687 -0.8995 -0.2342
vn 0.3631 -0.9026 -0.2312
vn 0.9619 0.2696 -0.0448
vn -0.0619 -0.7588 -0.6484
vn 0.9545 0.2940 -0.0496
vn 0.1738 0.1862 -0.9670
vn 0.1765 0.1683 -0.9698
vn 0.8185 -0.5683 -0.0844
vn 0.8807 -0.4561 -0.1281
vn 0.1213 -0.9701 -0.2101
vn 0.3747 0.7207 -0.5833
vn 0.7692 -0.6209 -0.1509
vn 0.3694 0.7339 -0.5701
vn -0.8091 0.2906 -0.5109
vn -0.8213 0.3060 -0.4815
vn 0.1112 -0.0731 -0.9911
vn 0.7839 -0.6006 -0.1570
vn 0.7921 -0.6067 -0.0666
vn 0.0972 -0.9717 -0.2154
vn -0.5132 -0.3824 -0.7684
vn 0.5080 0.8540 -0.1127
vn -0.5407 -0.3672 -0.7568
vn 0.4373 0.8884 -0.1400
vn 0.5853 -0.7961 -0.1539
vn 0.5903 -0.7919 -0.1562
vn 0.3386 0.5236 -0.7818
vn 0.3643 -0.9194 -0.1482
vn 0.3644 -0.9193 -0.1485
vn 0.3355 0.5434 -0.7695
vn 0.4569 0.8222 -0.3393
vn 0.1165 -0.9845 -0.1308
vn 0.0985 -0.9860 -0.1346
vn -0.7551 0.0786 -0.6509
vn 0.4617 0.8155 -0.3491
vn -0.7371 0.0600 -0.6732
vn -0.3046 -0.5592 -0.7710
vn 0.2945 0.3549 -0.8873
vn -0.3437 -0.5456 -0.7643
vn 0.2936 0.3768 -0.8785
vn 0.5898 -0.8044 -0.0706
vn 0.0304 -0.3624 -0.9315
vn 0.0249 -0.3294 -0.9439
vn 0.5927 -0.8022 -0.0723
vn -0.7779 0.5631 -0.2788
vn -0.7714 0.5457 -0.3274
vn -0.6435 -0.1099 -0.7575
vn 0.3651 -0.9289 -0.0618
vn -0.6655 -0.0905 -0.7409
vn 0.3631 -0.9297 -0.0609
vn 0.1060 -0.9931 -0.0494
vn 0.1146 -0.9923 -0.0470
vn -0.0862 -0.7023 -0.7066
vn 0.4503 0.6892 -0.5677
vn -0.1057 -0.6852 -0.7207
vn 0.4572 0.6734 -0.5810
vn -0.2540 0.1158 0.9602
vn 0.7775 0.5482 0.3081
vn 0.7831 0.5639 0.2623
vn -0.4938 0.6746 0.5487
vn -0.5006 0.6569 0.5638
vn 0.6507 -0.1016 0.7526
vn 0.6724 -0.0829 0.7355
vn 0.0851 -0.6443 0.7601
vn 0.0974 -0.6931 0.7142
vn -0.5438 0.8314 0.1143
vn 0.7723 0.3675 0.5182
vn -0.4508 0.4820 0.7513
vn 0.7845 0.3808 0.4894
vn 0.5236 -0.2866 0.8023
vn -0.4538 0.4580 0.7644
vn 0.4954 -0.3026 0.8143
vn -0.3954 0.3168 0.8622
vn -0.3952 0.2905 0.8715
vn -0.5721 0.7579 0.3134
vn -0.5801 0.7450 0.3293
vn 0.7044 0.1444 0.6949
vn 0.7220 0.1616 0.6727
vn 0.3326 -0.4747 0.8149
vn 0.2981 -0.4875 0.8206
vn -0.3023 0.0910 0.9488
vn 0.7321 0.6218 0.2783
vn -0.3014 0.0613 0.9515
vn 0.7263 0.6140 0.3089
vn -0.5680 0.6186 0.5428
vn 0.6369 -0.0057 0.7709
vn -0.5754 0.5969 0.5591
vn 0.6154 -0.0246 0.7878
vn 0.0791 -0.5972 0.7982
vn 0.0946 -0.6423 0.7606
vn -0.6172 0.7794 0.1076
vn -0.6637 0.7438 0.0791
vn -0.6034 0.7930 0.0841
vn 0.7343 0.4499 0.5083
vn 0.7221 0.4378 0.5356
vn -0.5201 0.4207 0.7433
vn 0.4965 -0.2133 0.8414
vn 0.4682 -0.2303 0.8531
vn -0.5224 0.3932 0.7566
vn -0.6401 0.7039 0.3080
vn -0.6482 0.6895 0.3231
vn -0.4570 0.2548 0.8522
vn -0.4554 0.2252 0.8613
vn 0.6582 0.2202 0.7199
vn 0.6756 0.2371 0.6981
vn 0.2812 -0.4253 0.8603
vn 0.3201 -0.4060 0.8560
vn 0.6699 0.6713 0.3172
vn -0.6453 0.5302 0.5500
vn -0.6375 0.5559 0.5335
vn 0.6767 0.6795 0.2836
vn 0.5746 0.0511 0.8168
vn -0.3472 -0.0010 0.9378
vn 0.5954 0.0703 0.8003
vn -0.3501 0.0317 0.9362
vn 0.0864 -0.5953 0.7989
vn -0.6673 0.7345 0.1233
vn 0.6643 0.5067 0.5496
vn 0.6763 0.5186 0.5231
vn 0.4451 -0.1663 0.8799
vn 0.4492 -0.1642 0.8782
vn -0.5867 0.3211 0.7434
vn -0.5853 0.3519 0.7305
vn -0.7137 0.6246 0.3172
vn -0.7015 0.6477 0.2972
vn -0.5150 0.1850 0.8370
vn -0.5119 0.1529 0.8453
vn 0.2363 -0.3762 0.8959
vn 0.6047 0.2949 0.7399
vn -0.7014 0.4869 0.5205
vn -0.7091 0.4579 0.5362
vn 0.6212 0.3122 0.7187
vn -0.3961 -0.0363 0.9175
vn 0.6073 0.7266 0.3212
vn -0.3912 -0.0679 0.9178
vn 0.6146 0.7323 0.2933
vn 0.0838 -0.5150 0.8531
vn 0.2210 -0.4154 0.8824
vn 0.5272 0.1254 0.8404
vn 0.5477 0.1466 0.8238
vn -0.7131 0.6955 0.0879
vn -0.7255 0.6801 0.1054
vn 0.6010 0.5721 0.5582
vn 0.6125 0.5817 0.5353
vn -0.6454 0.2763 0.7121
vn -0.6456 0.2430 0.7240
vn 0.4272 -0.0684 0.9016
vn 0.3742 -0.1087 0.9210
vn -0.7582 0.5840 0.2900
vn -0.7683 0.5620 0.3065
vn -0.5686 0.1087 0.8154
vn -0.5637 0.0744 0.8226
vn 0.2892 -0.2801 0.9154
vn 0.0699 -0.4489 0.8909
vn -0.7590 0.4140 0.5026
vn 0.5613 0.3812 0.7346
vn -0.7663 0.3808 0.5175
vn 0.5463 0.3658 0.7535
vn -0.4378 -0.1073 0.8927
vn -0.4300 -0.1428 0.8914
vn 0.5524 0.7817 0.2895
vn 0.5427 0.7751 0.3235
vn 0.4758 0.1968 0.8573
vn 0.4939 0.2159 0.8423
vn 0.0700 -0.4483 0.8912
vn -0.7545 0.6516 0.0792
vn -0.7719 0.6276 0.1014
vn -0.2691 -0.3147 0.9103
vn -0.2467 -0.3708 0.8954
vn 0.5354 0.6292 0.5634
vn 0.5458 0.6384 0.5427
vn -0.6994 0.1959 0.6874
vn 0.3851 -0.0019 0.9229
vn -0.6981 0.1607 0.6978
vn 0.3614 -0.0216 0.9322
vn -0.1082 -0.5050 0.8563
vn -0.1230 -0.4943 0.8605
vn -0.8189 0.4944 0.2913
vn -0.8071 0.5229 0.2741
vn -0.6167 0.0274 0.7867
vn 0.4596 0.8835 0.0912
vn -0.6097 -0.0080 0.7926
vn 0.2139 -0.2368 0.9477
vn 0.2856 -0.1590 0.9451
vn 0.4862 0.4280 0.7619
vn 0.4992 0.4423 0.7451
vn -0.8524 0.5020 0.1463
vn -0.7884 0.6098 0.0816
vn -0.8096 0.3379 0.4800
vn -0.8156 0.3028 0.4930
vn 0.4228 0.2595 0.8683
vn 0.4387 0.2779 0.8546
vn 0.4715 0.8216 0.3205
vn -0.4644 -0.2206 0.8577
vn -0.4745 -0.1847 0.8606
vn 0.4733 0.8228 0.3146
vn 0.0543 -0.4174 0.9071
vn 0.0549 -0.4555 0.8885
vn 0.1618 -0.3343 0.9285
vn 0.9625 0.2700 0.0248
vn 0.9595 0.2810 0.0212
vn 0.3204 0.0377 0.9465
vn -0.8584 0.4324 0.2758
vn -0.8456 0.4644 0.2633
vn 0.3422 0.0580 0.9378
vn 0.9988 0.0370 0.0325
vn 0.4641 0.6813 0.5661
vn -0.7536 0.1048 0.6489
vn 0.4730 0.6898 0.5481
vn -0.7531 0.1015 0.6500
vn 0.9975 0.0574 0.0409
vn -0.6585 -0.0569 0.7505
vn -0.6391 -0.1300 0.7581
vn 0.3814 0.9181 0.1079
vn 0.3831 0.9188 0.0946
vn 0.9555 -0.2893 0.0569
vn -0.8477 0.2671 0.4583
vn 0.9685 -0.2458 0.0388
vn -0.8537 0.2350 0.4648
vn 0.2069 -0.1927 0.9592
vn 0.9645 0.2622 0.0310
vn 0.4200 0.4840 0.7677
vn -0.4961 -0.2969 0.8159
vn -0.5068 -0.2674 0.8196
vn 0.8367 -0.5446 0.0577
vn 0.4316 0.4982 0.7520
vn 0.0087 -0.4487 0.8937
vn 0.8804 -0.4728 0.0370
vn 0.1414 -0.2811 0.9492
vn 0.4022 0.8591 0.3166
vn 0.3976 0.8557 0.3312
vn -0.7681 -0.0217 0.6400
vn 0.9594 0.2811 0.0212
vn 0.3791 0.3346 0.8627
vn 0.9978 0.0316 0.0589
vn 0.3652 0.3162 0.8756
vn -0.8442 0.5249 0.1088
vn -0.8649 0.4981 0.0621
vn 0.7680 -0.6392 0.0397
vn -0.7034 -0.1081 0.7026
vn 0.3894 0.7262 0.5665
vn 0.3973 0.7334 0.5516
vn 0.6592 -0.7491 0.0658
vn 0.9803 -0.1778 0.0859
vn 0.2952 0.1128 0.9487
vn 0.2769 0.0926 0.9564
vn -0.8821 0.4041 0.2421
vn 0.5900 -0.8066 0.0375
vn -0.8932 0.3669 0.2598
vn -0.5217 -0.3638 0.7717
vn 0.3093 0.9450 0.1066
vn -0.5300 -0.3401 0.7768
vn 0.3112 0.9458 0.0930
vn 0.2348 0.9670 0.0986
vn 0.2115 -0.0905 0.9732
vn 0.1936 -0.1108 0.9748
vn 0.9598 0.2780 0.0393
vn 0.0729 -0.3470 0.9350
vn 0.3806 -0.9235 0.0476
vn 0.3669 -0.9286 0.0549
vn 0.3613 0.5454 0.7563
vn -0.8873 0.1530 0.4350
vn -0.8849 0.1959 0.4226
vn 0.8761 -0.4696 0.1090
vn 0.3521 0.5338 0.7688
vn 0.8827 -0.4583 0.1038
vn 0.3222 0.8874 0.3297
vn 0.3268 0.8911 0.3150
vn -0.3374 -0.5242 0.7819
vn 0.9605 0.2754 0.0413
vn 0.0515 -0.3177 0.9468
vn 0.3056 0.3661 0.8790
vn 0.3169 0.3822 0.8680
vn 0.7651 -0.6325 0.1209
vn 0.7701 -0.6268 0.1182
vn -0.8756 0.4726 0.0997
vn -0.2277 -0.6044 0.7635
vn 0.9943 0.0718 0.0790
vn 0.9942 0.0729 0.0785
vn -0.8069 -0.0839 0.5847
vn -0.8210 -0.0119 0.5709
vn 0.3143 0.7626 0.5653
vn 0.3210 0.7688 0.5531
vn 0.2466 0.1587 0.9560
vn 0.2315 0.1407 0.9626
vn -0.9164 0.3319 0.2239
vn 0.1067 -0.9935 0.0404
vn 0.1057 -0.9936 0.0407
vn -0.9250 0.2991 0.2344
vn 0.5915 -0.7965 0.1253
vn 0.5853 -0.8006 0.1282
vn -0.6997 -0.2463 0.6707
vn 0.9659 -0.2203 0.1361
vn -0.7021 -0.2412 0.6700
vn -0.1020 -0.6589 0.7453
vn -0.0450 -0.7390 0.6721
vn 0.9763 -0.1812 0.1186
vn 0.2365 0.9661 0.1034
vn 0.0601 -0.3107 0.9486
vn 0.1436 -0.0917 0.9854
vn 0.1613 -0.0691 0.9845
vn 0.2840 0.5735 0.7684
vn -0.5583 -0.4092 0.7217
vn 0.2909 0.5831 0.7585
vn 0.9533 0.2984 0.0470
vn -0.5385 -0.4431 0.7167
vn -0.9162 0.1131 0.3843
vn 0.3626 -0.9231 0.1282
vn 0.3679 -0.9213 0.1262
vn -0.9178 0.0752 0.3899
vn 0.0416 -0.2885 0.9566
vn 0.2465 0.4065 0.8798
vn 0.9546 0.2933 0.0511
vn 0.2550 0.4201 0.8709
vn 0.2419 0.9133 0.3278
vn 0.8830 -0.4392 0.1656
vn 0.8765 -0.4498 0.1715
vn 0.2448 0.9156 0.3191
vn -0.8887 0.4539 0.0656
vn -0.9004 0.4286 0.0747
vn -0.4072 -0.5258 0.7468
vn -0.1160 -0.7303 0.6732
vn -0.3467 -0.5965 0.7239
vn 0.9899 0.0976 0.1027
vn -0.8421 -0.1330 0.5226
vn 0.9903 0.0796 0.1136
vn 0.7715 -0.6077 0.1882
vn -0.8345 -0.1668 0.5251
vn 0.7646 -0.6152 0.1921
vn 0.1867 0.1798 0.9658
vn 0.1980 0.1959 0.9604
vn 0.2356 0.7918 0.5635
vn -0.1503 -0.7437 0.6514
vn 0.2403 0.7972 0.5539
vn -0.7419 -0.3038 0.5978
vn -0.7285 -0.3351 0.5975
vn 0.1070 -0.9873 0.1175
vn 0.1027 -0.9876 0.1188
vn 0.9697 -0.1673 0.1782
vn -0.9403 0.2740 0.2017
vn 0.9739 -0.1529 0.1677
vn -0.9469 0.2445 0.2086
vn 0.5847 -0.7843 0.2072
vn 0.5929 -0.7792 0.2034
vn 0.1533 0.9824 0.1070
vn 0.1555 0.9831 0.0964
vn 0.0750 0.9925 0.0965
vn 0.1293 -0.0359 0.9910
vn 0.1161 -0.0555 0.9917
vn 0.0485 -0.2819 0.9582
vn 0.2174 0.6131 0.7595
vn 0.2125 0.6051 0.7673
vn -0.5745 -0.4942 0.6525
vn -0.5575 -0.5212 0.6461
vn 0.9444 0.3240 0.0551
vn -0.9377 0.0444 0.3446
vn 0.3729 -0.9046 0.2065
vn 0.3608 -0.9085 0.2109
vn -0.9376 0.0085 0.3477
vn 0.0320 -0.2645 0.9638
vn 0.9462 0.3180 0.0606
vn 0.1903 0.4506 0.8722
vn 0.1841 0.4389 0.8795
vn 0.8747 -0.4243 0.2341
vn 0.1638 0.9340 0.3175
vn 0.8831 -0.4112 0.2258
vn 0.1601 0.9309 0.3283
vn -0.9170 0.3939 0.0625
vn -0.9361 0.3467 0.0599
vn -0.9064 0.4189 0.0538
vn 0.9841 0.1079 0.1410
vn -0.3773 -0.6478 0.6618
vn -0.1190 -0.7794 0.6151
vn -0.3611 -0.6643 0.6545
vn -0.8511 -0.2376 0.4682
vn 0.9836 0.1285 0.1263
vn -0.8596 -0.2066 0.4673
vn 0.7632 -0.5898 0.2641
vn 0.7726 -0.5800 0.2583
vn 0.1474 0.2252 0.9631
vn 0.1394 0.2116 0.9674
vn 0.1586 0.8167 0.5549
vn 0.1554 0.8132 0.5609
vn -0.1596 -0.7903 0.5916
vn -0.7429 -0.4054 0.5327
vn -0.7566 -0.3772 0.5341
vn 0.1015 -0.9751 0.1970
vn 0.1133 -0.9744 0.1940
vn 0.9652 -0.1349 0.2240
vn -0.9585 0.2239 0.1766
vn 0.9706 -0.1177 0.2099
vn -0.9682 0.1695 0.1842
vn 0.0362 -0.2594 0.9651
vn 0.0867 -0.0265 0.9959
vn 0.0961 -0.0091 0.9953
vn 0.5832 -0.7602 0.2863
vn 0.0778 0.9912 0.1067
vn 0.5945 -0.7535 0.2808
vn 0.1402 0.6284 0.7651
vn 0.1431 0.6334 0.7605
vn -0.5850 -0.5634 0.5834
vn -0.5687 -0.5864 0.5768
vn 0.9323 0.3564 0.0621
vn -0.9531 -0.0178 0.3022
vn -0.9517 -0.0507 0.3028
vn 0.3711 -0.8833 0.2865
vn 0.0226 -0.2436 0.9696
vn 0.3593 -0.8867 0.2910
vn 0.1214 0.4631 0.8780
vn 0.9344 0.3492 0.0699
vn 0.1252 0.4710 0.8732
vn 0.0769 0.9428 0.3244
vn 0.0778 0.9437 0.3215
vn 0.8717 -0.3905 0.2961
vn 0.8822 -0.3749 0.2849
vn 0.1083 -0.9547 0.2772
vn -0.1211 -0.8258 0.5509
vn -0.3839 -0.7086 0.5920
vn -0.3686 -0.7220 0.5855
vn 0.9751 0.1435 0.1689
vn 0.9746 0.1666 0.1496
vn -0.8625 -0.3000 0.4076
vn -0.8711 -0.2727 0.4084
vn 0.0921 0.2360 0.9674
vn 0.7610 -0.5559 0.3343
vn 0.7726 -0.5444 0.3267
vn 0.0965 0.2445 0.9648
vn 0.0759 0.8276 0.5562
vn -0.1633 -0.8365 0.5231
vn -0.7656 -0.4430 0.4664
vn 0.0746 0.8259 0.5589
vn -0.7524 -0.4674 0.4642
vn 0.1016 -0.9563 0.2741
vn -0.9707 0.1901 0.1470
vn 0.9650 -0.0746 0.2515
vn 0.9583 -0.0943 0.2697
vn -0.0061 0.9951 0.0989
vn -0.0876 0.9917 0.0943
vn 0.5952 -0.7204 0.3560
vn -0.0076 0.9945 0.1045
vn 0.5815 -0.7281 0.3629
vn 0.0573 -0.0036 0.9984
vn 0.0236 -0.2425 0.9699
vn 0.0629 0.0085 0.9980
vn 0.9179 0.3904 0.0710
vn -0.5913 -0.6253 0.5093
vn -0.5759 -0.6444 0.5031
vn 0.0674 0.6430 0.7629
vn -0.9635 -0.0725 0.2578
vn 0.0687 0.6453 0.7608
vn -0.9613 -0.1006 0.2567
vn 0.3540 -0.8589 0.3701
vn 0.0130 -0.2311 0.9729
vn 0.3725 -0.8538 0.3637
vn -0.0045 0.9472 0.3205
vn -0.0063 0.9456 0.3253
vn 0.9197 0.3846 0.0789
vn 0.0583 0.4775 0.8767
vn 0.0600 0.4824 0.8739
vn 0.8791 -0.3302 0.3437
vn -0.3877 -0.7628 0.5175
vn -0.1216 -0.8675 0.4823
vn -0.3735 -0.7737 0.5117
vn 0.8670 -0.3474 0.3572
vn -0.9306 0.3637 0.0413
vn -0.9441 0.3264 0.0473
vn 0.9624 0.2098 0.1724
vn -0.9544 0.2958 0.0412
vn 0.9627 0.1870 0.1953
vn -0.8780 -0.3302 0.3464
vn -0.8697 -0.3534 0.3447
vn -0.0065 0.8303 0.5572
vn 0.7568 -0.5136 0.4043
vn -0.0064 0.8300 0.5577
vn 0.7714 -0.4996 0.3942
vn 0.0463 0.2554 0.9657
vn 0.0441 0.2502 0.9672
vn -0.1626 -0.8773 0.4515
vn -0.7707 -0.4999 0.3951
vn -0.7584 -0.5204 0.3924
vn 0.0949 -0.9330 0.3472
vn 0.1115 -0.9323 0.3440
vn 0.9560 -0.0252 0.2924
vn -0.9841 0.1188 0.1324
vn 0.0300 0.0184 0.9994
vn 0.0273 0.0108 0.9996
vn 0.0114 -0.2335 0.9723
vn 0.9483 -0.0450 0.3141
vn -0.9872 0.0838 0.1360
vn 0.5784 -0.6877 0.4387
vn -0.0840 0.9903 0.1105
vn 0.5951 -0.6786 0.4306
vn 0.8997 0.4294 0.0790
vn -0.0060 0.6471 0.7624
vn -0.0054 0.6484 0.7613
vn -0.5802 -0.6944 0.4258
vn -0.5942 -0.6788 0.4314
vn -0.9674 -0.1427 0.2094
vn 0.0025 -0.2234 0.9747
vn -0.0051 0.4835 0.8753
vn -0.9702 -0.1184 0.2113
vn 0.9012 0.4245 0.0871
vn -0.0048 0.4847 0.8747
vn -0.0912 0.9415 0.3246
vn 0.3553 -0.8217 0.4456
vn 0.3732 -0.8170 0.4396
vn -0.0902 0.9425 0.3218
vn 0.8594 -0.2959 0.4169
vn 0.8732 -0.2776 0.4005
vn -0.3777 -0.8180 0.4338
vn -0.3888 -0.8106 0.4379
vn -0.1216 -0.9038 0.4104
vn 0.9467 0.2348 0.2206
vn 0.9465 0.2574 0.1946
vn -0.9487 0.3151 0.0268
vn 0.7510 -0.4619 0.4718
vn -0.0039 0.2567 0.9665
vn 0.7671 -0.4471 0.4602
vn -0.8738 -0.3977 0.2799
vn -0.8815 -0.3786 0.2823
vn -0.0043 0.2564 0.9666
vn -0.0879 0.8264 0.5562
vn -0.1689 -0.9105 0.3775
vn -0.0893 0.8241 0.5594
vn -0.7728 -0.5475 0.3210
vn 0.0972 -0.9027 0.4192
vn -0.7617 -0.5645 0.3181
vn 0.1128 -0.9019 0.4169
vn -0.0034 0.0177 0.9998
vn -0.0014 -0.2305 0.9731
vn 0.9347 0.0106 0.3553
vn -0.0027 0.0195 0.9998
vn 0.9431 0.0300 0.3312
vn -0.9885 0.1160 0.0969
vn -0.1724 0.9797 0.1026
vn -0.2525 0.9632 0.0924
vn 0.5927 -0.6296 0.5023
vn 0.5734 -0.6396 0.5119
vn -0.1724 0.9797 0.1027
vn -0.0790 0.6447 0.7604
vn 0.8780 0.4704 0.0883
vn -0.0806 0.6403 0.7639
vn -0.0082 -0.2255 0.9742
vn -0.5950 -0.7235 0.3500
vn -0.5829 -0.7356 0.3451
vn -0.0690 0.4803 0.8744
vn -0.9714 -0.1749 0.1606
vn -0.0700 0.4766 0.8763
vn 0.8789 0.4677 0.0940
vn -0.9740 -0.1566 0.1636
vn -0.1769 0.9297 0.3232
vn 0.3719 -0.7740 0.5125
vn 0.3517 -0.7791 0.5189
vn -0.1775 0.9291 0.3246
vn 0.8485 -0.2376 0.4729
vn 0.8636 -0.2186 0.4544
vn -0.3896 -0.8497 0.3553
vn -0.1213 -0.9352 0.3327
vn -0.3800 -0.8555 0.3517
vn -0.9563 0.2902 0.0356
vn 0.9261 0.2878 0.2440
vn 0.9264 0.3090 0.2154
vn -0.0527 0.2540 0.9658
vn 0.7596 -0.3882 0.5218
vn -0.0542 0.2480 0.9672
vn -0.8824 -0.4179 0.2160
vn 0.7418 -0.4041 0.5352
vn -0.1728 0.8135 0.5553
vn -0.8763 -0.4319 0.2135
vn -0.1754 0.8087 0.5615
vn -0.1705 -0.9397 0.2965
vn -0.7730 -0.5853 0.2448
vn -0.0351 0.0117 0.9993
vn -0.0342 0.0162 0.9993
vn -0.7636 -0.5988 0.2418
vn 0.9256 0.0911 0.3675
vn -0.0130 -0.2363 0.9716
vn 0.9160 0.0720 0.3946
vn -0.2487 0.9617 0.1148
vn 0.0927 -0.8302 0.5496
vn 0.1140 -0.8672 0.4847
vn 0.0947 -0.8682 0.4870
vn -0.9955 0.0588 0.0741
vn -0.9959 0.0514 0.0741
vn -0.1584 0.6227 0.7663
vn 0.5877 -0.5744 0.5699
vn 0.5663 -0.5854 0.5802
vn -0.1558 0.6315 0.7596
vn -0.0193 -0.2310 0.9728
vn -0.1375 0.4586 0.8780
vn 0.8553 0.4971 0.1460
vn -0.1359 0.4671 0.8737
vn 0.3459 -0.7311 0.5881
vn -0.5939 -0.7594 0.2657
vn 0.3728 -0.7238 0.5806
vn -0.2642 0.9068 0.3284
vn -0.5845 -0.7680 0.2618
vn 0.8493 0.5181 0.1015
vn -0.2606 0.9110 0.3197
vn -0.9768 -0.1873 0.1037
vn 0.8492 -0.1532 0.5053
vn 0.8328 -0.1725 0.5260
vn -0.9783 -0.1789 0.1044
vn -0.9536 0.3008 0.0085
vn -0.9612 0.2747 0.0257
vn 0.8992 0.3784 0.2195
vn 0.8991 0.3464 0.2677
vn -0.1061 0.2301 0.9674
vn 0.7284 -0.3395 0.5951
vn -0.1038 0.2417 0.9648
vn 0.7474 -0.3230 0.5806
vn -0.2588 0.7845 0.5635
vn 0.1177 -0.8284 0.5476
vn -0.2550 0.7917 0.5551
vn -0.9103 -0.3881 0.1437
vn -0.9873 0.1514 0.0470
vn -0.0259 -0.2497 0.9680
vn -0.0672 0.0058 0.9977
vn -0.3803 -0.8856 0.2665
vn -0.0685 -0.0049 0.9976
vn -0.3888 -0.8810 0.2696
vn 0.8906 0.1405 0.4325
vn -0.1204 -0.9604 0.2513
vn 0.9010 0.1602 0.4031
vn -0.9982 0.0531 0.0279
vn -0.3322 0.9372 0.1061
vn -0.4062 0.9094 0.0895
vn -0.3300 0.9386 0.1005
vn 0.5561 -0.5248 0.6445
vn 0.5797 -0.5129 0.6331
vn -0.2305 0.6082 0.7596
vn -0.8829 -0.4493 0.1366
vn -0.2337 0.5964 0.7679
vn -0.1670 -0.9620 0.2161
vn -0.9801 -0.1929 0.0475
vn 0.7981 0.5979 0.0742
vn 0.7892 0.6086 0.0827
vn -0.0313 -0.2462 0.9687
vn -0.2015 0.4440 0.8731
vn -0.2032 0.4315 0.8789
vn 0.3386 -0.6791 0.6513
vn 0.3657 -0.6718 0.6442
vn -0.7717 -0.6137 0.1670
vn -0.7830 -0.5979 0.1712
vn -0.3452 0.8792 0.3284
vn 0.8108 -0.0995 0.5769
vn 0.8288 -0.0783 0.5541
vn -0.3423 0.8829 0.3214
vn -0.9825 -0.1790 0.0516
vn 0.0968 -0.7885 0.6073
vn -0.9356 -0.3438 0.0801
vn -0.1531 0.2199 0.9634
vn 0.7086 -0.2674 0.6529
vn 0.7305 -0.2479 0.6363
vn -0.1558 0.2001 0.9673
vn -0.9108 -0.4112 0.0373
vn -0.5858 -0.7909 0.1770
vn 0.8629 0.4172 0.2851
vn 0.8643 0.4410 0.2420
vn -0.5927 -0.7850 0.1800
vn -0.3409 0.7514 0.5650
vn -0.3360 0.7616 0.5541
vn -0.8639 -0.4995 0.0649
vn -0.0893 -0.0107 0.9960
vn -0.0448 -0.2956 0.9543
vn -0.3820 -0.9067 0.1790
vn -0.0947 -0.0665 0.9933
vn -0.1202 -0.9783 0.1686
vn -0.3864 -0.9044 0.1808
vn -0.4789 0.8731 0.0913
vn 0.1310 -0.7649 0.6307
vn -0.7878 -0.6084 0.0965
vn -0.7962 -0.6046 0.0236
vn -0.4036 0.9074 0.1169
vn 0.5679 -0.4422 0.6942
vn 0.5404 -0.4572 0.7064
vn -0.7927 -0.6013 0.1008
vn -0.3048 0.5762 0.7583
vn -0.3082 0.5601 0.7690
vn 0.8675 0.2372 0.4372
vn -0.1736 -0.9757 0.1335
vn 0.8562 0.2175 0.4687
vn -0.6524 -0.7547 0.0689
vn -0.5895 -0.7981 0.1249
vn 0.7561 0.6309 0.1737
vn -0.5697 -0.8147 0.1080
vn 0.7587 0.6482 0.0645
vn -0.2663 0.4119 0.8714
vn -0.5755 -0.8175 0.0204
vn -0.2679 0.3942 0.8791
vn -0.4224 0.8491 0.3174
vn -0.3872 -0.9181 0.0849
vn -0.1740 -0.9756 0.1339
vn -0.3217 -0.9447 0.0633
vn 0.3592 -0.6104 0.7059
vn -0.4277 0.8419 0.3291
vn 0.3241 -0.6215 0.7132
vn -0.2249 -0.9743 0.0136
vn -0.0720 -0.9964 0.0437
vn -0.1256 -0.0921 0.9878
vn -0.1131 -0.1055 0.9880
vn -0.0361 -0.3426 0.9388
vn -0.0314 -0.3078 0.9509
vn 0.7991 0.0054 0.6012
vn -0.1458 -0.1506 0.9778
vn -0.1446 -0.1515 0.9778
vn 0.7801 -0.0165 0.6255
vn -0.0421 -0.3783 0.9247
vn -0.2029 0.1840 0.9618
vn -0.0389 -0.3401 0.9396
vn -0.1717 -0.1985 0.9649
vn -0.2048 0.1619 0.9653
vn -0.0490 -0.4181 0.9071
vn 0.8249 0.5022 0.2595
vn -0.0490 -0.3731 0.9265
vn -0.1730 -0.1977 0.9649
vn 0.8211 0.4879 0.2963
vn -0.4221 0.7085 0.5656
vn -0.1974 -0.2526 0.9472
vn -0.4161 0.7223 0.5524
vn -0.0551 -0.4622 0.8851
vn -0.0589 -0.4121 0.9093
vn -0.1990 -0.2514 0.9472
vn -0.2397 -0.3024 0.9226
vn -0.2223 -0.3099 0.9244
vn 0.7050 -0.1636 0.6901
vn -0.0691 -0.4552 0.8877
vn 0.6817 -0.1850 0.7079
vn -0.0651 -0.4807 0.8745
vn -0.2604 -0.4453 0.8567
vn -0.2665 -0.4438 0.8556
vn -0.0778 -0.6077 0.7903
vn -0.3571 -0.4881 0.7964
vn -0.0682 -0.6647 0.7439
vn -0.1677 -0.5963 0.7850
vn -0.0984 -0.6037 0.7911
vn -0.2771 -0.5066 0.8165
vn -0.5444 0.8339 0.0905
vn -0.4774 0.8706 0.1191
vn 0.0641 -0.7611 0.6455
vn 0.1071 -0.6912 0.7147
vn -0.3819 0.5139 0.7682
vn -0.3785 0.5339 0.7561
vn 0.8282 0.3105 0.4667
vn 0.8161 0.2961 0.4963
vn 0.5487 -0.3631 0.7531
vn 0.5194 -0.3801 0.7654
vn -0.3324 0.3473 0.8769
vn -0.3315 0.3690 0.8683
vn -0.4994 0.8062 0.3173
vn -0.5050 0.7978 0.3293
vn 0.7446 0.0676 0.6640
vn 0.7623 0.0851 0.6416
vn 0.3143 -0.5538 0.7710
vn -0.2531 0.1416 0.9570
vn 0.3487 -0.5410 0.7654
vn 0.0306 0.8505 0.5251
vn 0.0196 0.5048 0.8630
vn 0.0083 0.8257 0.5640
vn -0.1120 0.0709 0.9912
vn 0.0121 0.4913 0.8709
vn 0.0366 0.3501 -0.9360
vn 0.0118 0.4148 -0.9098
vn 0.0233 0.7342 -0.6785
vn 0.0048 0.7627 -0.6468
vn 0.0318 0.9933 -0.1109
vn 0.0017 0.9982 -0.0595
vn 0.1560 0.3984 0.9039
vn 0.0592 -0.2588 -0.9641
vn -0.0149 -0.0747 -0.9971
vn 0.1488 -0.2775 0.9491
vn -0.0718 -0.4351 0.8975
vn 0.1202 -0.8261 0.5506
vn -0.0857 -0.8895 0.4488
vn 0.1152 -0.9885 -0.0979
vn 0.0355 -0.9886 -0.1466
vn -0.1310 -0.7446 -0.6546
vn 0.0742 -0.8151 -0.5745
vn -0.0346 -0.6916 -0.7215
vn 1.0000 0.0005 0.0018
vn 1.0000 -0.0033 -0.0039
vn 1.0000 -0.0006 -0.0000
vn 1.0000 0.0008 -0.0010
vn 0.0035 -0.7190 0.6950
vn -0.0148 -0.7488 0.6626
vn 0.0042 -0.1422 0.9898
vn 0.0015 -0.1460 0.9893
vn 0.0179 -0.7661 0.6424
vn -0.0198 -0.7241 0.6894
vn -0.0032 -0.9935 0.1142
vn -0.0031 -0.9934 0.1143
vn -0.0090 -0.6888 0.7249
vn 0.0015 -0.7049 0.7093
vn -1.0000 -0.0003 0.0003
vn -1.0000 -0.0003 -0.0006
vn -1.0000 -0.0004 -0.0002
vn 0.1491 0.2778 0.9490
vn -0.0150 0.0752 -0.9971
vn 0.0592 0.2588 -0.9641
vn -0.1307 0.7445 -0.6547
vn 0.1152 0.9885 -0.0980
vn 0.0356 0.9886 -0.1466
vn -0.0346 0.6916 -0.7215
vn 0.0742 0.8151 -0.5745
vn 0.1203 0.8261 0.5505
vn -0.0852 0.8896 0.4488
vn -0.0718 0.4351 0.8975
vn 0.0125 0.9945 0.1037
vn -0.0518 0.9713 0.2324
vn 0.0383 0.7450 0.6660
vn -0.0420 0.5962 0.8018
vn 0.0522 0.2014 0.9781
vn -0.0199 0.0366 0.9991
vn -0.1120 -0.0709 0.9912
vn 0.0048 -0.7627 -0.6468
vn 0.0233 -0.7342 -0.6785
vn 0.1560 -0.3984 0.9039
vn 0.0118 -0.4149 -0.9098
vn 0.0366 -0.3501 -0.9360
vn 0.0121 -0.4913 0.8709
vn 0.0196 -0.5048 0.8630
vn 0.0306 -0.8505 0.5251
vn 0.0083 -0.8260 0.5636
vn 0.0319 -0.9933 -0.1114
vn 0.0015 -0.9982 -0.0593
vn 1.0000 -0.0012 -0.0016
vn 1.0000 0.0033 -0.0039
vn 1.0000 -0.0004 0.0023
vn 1.0000 0.0011 -0.0000
vn 0.0243 0.7368 0.6757
vn -0.0091 0.6882 0.7254
vn -0.0145 0.7429 0.6692
vn -0.0045 0.7255 0.6883
vn -1.0000 0.0003 -0.0006
vn -1.0000 0.0004 -0.0002
vn -1.0000 0.0003 0.0003
vn 0.0304 -0.8503 -0.5255
vn 0.0196 -0.5048 -0.8630
vn 0.0083 -0.8260 -0.5636
vn -0.1120 -0.0709 -0.9912
vn 0.0121 -0.4913 -0.8709
vn 0.0366 -0.3501 0.9360
vn 0.0118 -0.4149 0.9098
vn 0.0233 -0.7342 0.6785
vn 0.0048 -0.7627 0.6468
vn 0.0319 -0.9933 0.1114
vn 0.0015 -0.9982 0.0593
vn 0.1560 -0.3984 -0.9038
vn -0.0000 0.0071 -1.0000
vn 0.0110 0.0365 -0.9993
vn 0.0327 0.6270 -0.7783
vn -0.0145 0.5630 -0.8263
vn -0.0494 0.9694 -0.2405
vn 0.0133 0.9911 -0.1326
vn 0.0592 0.2588 0.9641
vn -0.0150 0.0752 0.9971
vn 0.1491 0.2778 -0.9490
vn -0.0718 0.4351 -0.8975
vn 0.1203 0.8261 -0.5505
vn -0.0855 0.8895 -0.4488
vn 0.1152 0.9885 0.0980
vn 0.0356 0.9886 0.1466
vn -0.1307 0.7445 0.6547
vn 0.0742 0.8151 0.5745
vn -0.0346 0.6916 0.7215
vn -1.0000 -0.0000 -0.0005
vn -1.0000 -0.0003 -0.0000
vn 1.0000 0.0029 0.0034
vn 1.0000 -0.0005 -0.0027
vn 1.0000 0.0020 0.0017
vn 0.0005 0.7253 -0.6885
vn -0.0148 0.7494 -0.6619
vn -0.0091 0.6882 -0.7254
vn 0.0243 0.7368 -0.6757
vn -1.0000 0.0003 0.0006
vn -1.0000 0.0004 0.0002
vn -1.0000 0.0003 -0.0003
vn -0.1120 0.0709 -0.9912
vn 0.0048 0.7627 0.6468
vn 0.0233 0.7342 0.6785
vn 0.1560 0.3984 -0.9039
vn 0.0118 0.4148 0.9098
vn 0.0366 0.3501 0.9360
vn 0.0124 0.4912 -0.8709
vn 0.0196 0.5048 -0.8630
vn 0.0306 0.8505 -0.5251
vn 0.0083 0.8260 -0.5636
vn 0.0318 0.9933 0.1109
vn 0.0020 0.9982 0.0593
vn 0.1488 -0.2775 -0.9491
vn -0.0149 -0.0747 0.9971
vn 0.0592 -0.2588 0.9641
vn -0.1309 -0.7446 0.6546
vn 0.1152 -0.9885 0.0981
vn 0.0355 -0.9886 0.1466
vn -0.0346 -0.6916 0.7215
vn 0.0742 -0.8151 0.5745
vn 0.1202 -0.8261 -0.5506
vn -0.0852 -0.8896 -0.4488
vn -0.0718 -0.4351 -0.8975
vn 1.0000 0.0002 0.0002
vn 1.0000 0.0005 -0.0023
vn 1.0000 -0.0033 0.0039
vn 1.0000 -0.0018 0.0015
vn 0.0015 -0.7049 -0.7093
vn -0.0090 -0.6888 -0.7249
vn -0.0032 -0.9935 -0.1142
vn -0.0031 -0.9935 -0.1142
vn 0.0179 -0.7661 -0.6424
vn -0.0198 -0.7242 -0.6893
vn 0.0042 -0.1422 -0.9898
vn 0.0015 -0.1460 -0.9893
vn -0.0148 -0.7488 -0.6626
vn 0.0035 -0.7190 -0.6950
vn -1.0000 -0.0003 -0.0003
vn -1.0000 -0.0004 0.0002
vn -1.0000 -0.0003 0.0006
vt 0.392988 0.688218
vt 0.404541 0.685425
vt 0.404408 0.696297
vt 0.392993 0.696837
vt 0.393844 0.701729
vt 0.404369 0.707137
vt 0.395527 0.706392
vt 0.438995 0.703194
vt 0.447469 0.707559
vt 0.444824 0.711756
vt 0.396097 0.681064
vt 0.441503 0.715450
vt 0.437598 0.718502
vt 0.433227 0.720850
vt 0.430211 0.709605
vt 0.430404 0.698767
vt 0.428537 0.722421
vt 0.421613 0.705173
vt 0.421756 0.694308
vt 0.421410 0.715926
vt 0.423616 0.723155
vt 0.418655 0.723044
vt 0.413789 0.722085
vt 0.412994 0.700727
vt 0.413114 0.689850
vt 0.412886 0.711531
vt 0.409158 0.720309
vt 0.404896 0.717766
vt 0.401135 0.714533
vt 0.397981 0.710705
vt 0.688544 0.374481
vt 0.695245 0.373144
vt 0.695204 0.375212
vt 0.688525 0.378608
vt 0.695195 0.378905
vt 0.688571 0.382030
vt 0.695245 0.382217
vt 0.727499 0.340480
vt 0.720773 0.342475
vt 0.720859 0.339279
vt 0.727426 0.342629
vt 0.727522 0.337931
vt 0.720840 0.336139
vt 0.727484 0.335295
vt 0.720773 0.333869
vt 0.727396 0.333073
vt 0.448035 0.386322
vt 0.457471 0.376997
vt 0.458597 0.378186
vt 0.584424 0.029304
vt 0.575677 0.039565
vt 0.572989 0.036661
vt 0.456542 0.353064
vt 0.458884 0.365813
vt 0.457868 0.366773
vt 0.459211 0.365565
vt 0.459946 0.365080
vt 0.462758 0.363719
vt 0.465396 0.363224
vt 0.419638 0.378040
vt 0.420000 0.377692
vt 0.430295 0.386254
vt 0.421651 0.375586
vt 0.418478 0.378944
vt 0.571173 0.062522
vt 0.560451 0.052353
vt 0.567420 0.052422
vt 0.570207 0.051793
vt 0.572240 0.050916
vt 0.570009 0.051853
vt 0.580872 0.062629
vt 0.573667 0.049832
vt 0.574440 0.049108
vt 0.612811 0.037595
vt 0.612039 0.038339
vt 0.602121 0.029369
vt 0.611359 0.039162
vt 0.613653 0.036944
vt 0.426805 0.352916
vt 0.419288 0.365567
vt 0.419111 0.365441
vt 0.421001 0.367195
vt 0.416907 0.352966
vt 0.413403 0.363108
vt 0.413091 0.363086
vt 0.415514 0.363520
vt 0.407137 0.353064
vt 0.399583 0.363173
vt 0.370709 0.353929
vt 0.375415 0.363765
vt 0.367274 0.364059
vt 0.381439 0.363577
vt 0.361809 0.364285
vt 0.610615 0.062704
vt 0.614915 0.051243
vt 0.617501 0.052231
vt 0.612303 0.049363
vt 0.354996 0.354620
vt 0.351773 0.364795
vt 0.182425 0.026043
vt 0.179483 0.034065
vt 0.172743 0.034217
vt 0.523702 0.025498
vt 0.526834 0.033581
vt 0.520155 0.033281
vt 0.172346 0.012227
vt 0.178972 0.011681
vt 0.520686 0.010904
vt 0.527779 0.011234
vt 0.534413 0.033870
vt 0.534206 0.011602
vt 0.619109 0.052544
vt 0.540825 0.011652
vt 0.546477 0.026296
vt 0.541935 0.034113
vt 0.549707 0.034324
vt 0.549289 0.011923
vt 0.558902 0.034525
vt 0.557827 0.012231
vt 0.566650 0.012583
vt 0.572510 0.026801
vt 0.575788 0.012311
vt 0.584018 0.011636
vt 0.570275 0.035291
vt 0.567674 0.034713
vt 0.380284 0.434331
vt 0.380284 0.445452
vt 0.380196 0.445298
vt 0.585241 0.045768
vt 0.590307 0.029340
vt 0.575873 0.039869
vt 0.576421 0.041114
vt 0.576838 0.043700
vt 0.590725 0.062696
vt 0.576397 0.045930
vt 0.576209 0.046464
vt 0.575491 0.047886
vt 0.601379 0.046510
vt 0.610332 0.041023
vt 0.609817 0.043795
vt 0.610783 0.040065
vt 0.614323 0.026950
vt 0.602658 0.011998
vt 0.611340 0.012397
vt 0.621044 0.012462
vt 0.614392 0.036464
vt 0.615822 0.035765
vt 0.617333 0.035257
vt 0.619159 0.034895
vt 0.600662 0.062721
vt 0.611093 0.047784
vt 0.610446 0.046564
vt 0.628878 0.034768
vt 0.631270 0.012615
vt 0.640912 0.034592
vt 0.640425 0.012343
vt 0.649442 0.012070
vt 0.654600 0.026359
vt 0.658539 0.011818
vt 0.657389 0.034232
vt 0.648619 0.034442
vt 0.666600 0.033958
vt 0.666703 0.011468
vt 0.674434 0.011310
vt 0.677981 0.025588
vt 0.681362 0.011261
vt 0.681967 0.033360
vt 0.674405 0.033681
vt 0.688525 0.033030
vt 0.509756 0.382414
vt 0.516650 0.382791
vt 0.519990 0.390947
vt 0.516218 0.404894
vt 0.509913 0.404970
vt 0.502402 0.404479
vt 0.498626 0.389855
vt 0.493920 0.404112
vt 0.493063 0.381702
vt 0.501267 0.382019
vt 0.485767 0.381464
vt 0.485107 0.403724
vt 0.476312 0.403267
vt 0.474236 0.381162
vt 0.466774 0.403370
vt 0.460037 0.388841
vt 0.462811 0.380505
vt 0.464760 0.380941
vt 0.461312 0.379941
vt 0.459892 0.379166
vt 0.457193 0.403325
vt 0.448444 0.403989
vt 0.447182 0.370052
vt 0.456652 0.375770
vt 0.456127 0.374614
vt 0.455680 0.371936
vt 0.440040 0.386279
vt 0.456718 0.368372
vt 0.457408 0.367336
vt 0.446692 0.352966
vt 0.436757 0.352916
vt 0.431127 0.370716
vt 0.422121 0.374574
vt 0.422626 0.370924
vt 0.418125 0.388685
vt 0.415491 0.380269
vt 0.415137 0.380385
vt 0.413393 0.380736
vt 0.429756 0.403623
vt 0.421609 0.403224
vt 0.411889 0.402896
vt 0.421980 0.369018
vt 0.422111 0.369404
vt 0.403946 0.380896
vt 0.402506 0.403149
vt 0.394210 0.403400
vt 0.391032 0.389073
vt 0.390981 0.381128
vt 0.385226 0.403639
vt 0.378192 0.381474
vt 0.377982 0.403727
vt 0.371082 0.404117
vt 0.366465 0.389830
vt 0.363137 0.404476
vt 0.355856 0.404371
vt 0.355451 0.382397
vt 0.362447 0.382058
vt 0.369893 0.381753
vt 0.464745 0.415003
vt 0.455884 0.412549
vt 0.465290 0.412694
vt 0.529656 0.004691
vt 0.539344 0.005034
vt 0.538616 0.007975
vt 0.455504 0.414868
vt 0.475095 0.408738
vt 0.466130 0.407017
vt 0.398141 0.910145
vt 0.400982 0.905750
vt 0.399247 0.915094
vt 0.530752 0.002000
vt 0.540307 0.002339
vt 0.465767 0.409976
vt 0.391925 0.917193
vt 0.388478 0.911814
vt 0.394847 0.899522
vt 0.396322 0.909404
vt 0.473891 0.414053
vt 0.225692 0.978303
vt 0.239602 0.987036
vt 0.238637 0.988743
vt 0.228467 0.982457
vt 0.386087 0.920614
vt 0.484390 0.408985
vt 0.521634 0.007339
vt 0.393863 0.922983
vt 0.528829 0.007629
vt 0.397820 0.924322
vt 0.247214 0.983488
vt 0.237303 0.972445
vt 0.245111 0.977153
vt 0.226994 0.976609
vt 0.240644 0.985179
vt 0.178626 0.008104
vt 0.171252 0.006448
vt 0.482917 0.414293
vt 0.522533 0.004402
vt 0.228257 0.975001
vt 0.241638 0.983438
vt 0.177701 0.005184
vt 0.493637 0.407758
vt 0.229837 0.972906
vt 0.523728 0.001711
vt 0.390577 0.931854
vt 0.394401 0.933538
vt 0.176466 0.002517
vt 0.168964 0.001216
vt 0.492970 0.410707
vt 0.220891 0.976744
vt 0.492084 0.413417
vt 0.229962 0.967039
vt 0.214653 0.969615
vt 0.385651 0.934318
vt 0.382894 0.929153
vt 0.213384 0.963719
vt 0.491071 0.415711
vt 0.215050 0.962237
vt 0.502017 0.408096
vt 0.217634 0.961479
vt 0.223152 0.960975
vt 0.386522 0.940428
vt 0.389187 0.941980
vt 0.501257 0.411041
vt 0.390674 0.884627
vt 0.394502 0.884791
vt 0.394033 0.885928
vt 0.395148 0.883662
vt 0.393709 0.887146
vt 0.393541 0.888445
vt 0.500246 0.413743
vt 0.393552 0.889795
vt 0.378925 0.937364
vt 0.499088 0.416034
vt 0.509868 0.408472
vt 0.379997 0.953009
vt 0.384312 0.950262
vt 0.509013 0.411414
vt 0.390782 0.893742
vt 0.394580 0.893436
vt 0.395247 0.894552
vt 0.394093 0.892314
vt 0.393745 0.891100
vt 0.378396 0.951823
vt 0.507883 0.414111
vt 0.376536 0.949978
vt 0.374217 0.945172
vt 0.378744 0.958067
vt 0.385936 0.951328
vt 0.380270 0.959270
vt 0.518937 0.408997
vt 0.517975 0.411934
vt 0.677116 0.007528
vt 0.516706 0.414624
vt 0.368810 0.952513
vt 0.370867 0.967147
vt 0.372243 0.968524
vt 0.369367 0.965657
vt 0.367965 0.964237
vt 0.667046 0.007916
vt 0.366315 0.962210
vt 0.362746 0.959323
vt 0.666332 0.004975
vt 0.676296 0.004591
vt 0.665381 0.002281
vt 0.675203 0.001900
vt 0.361923 0.975313
vt 0.363140 0.976829
vt 0.297847 0.988902
vt 0.297673 0.992733
vt 0.296539 0.992264
vt 0.298800 0.993380
vt 0.295322 0.991939
vt 0.658497 0.008178
vt 0.356081 0.965547
vt 0.294023 0.991771
vt 0.360071 0.972842
vt 0.292673 0.991782
vt 0.657882 0.005234
vt 0.354457 0.972782
vt 0.657055 0.002536
vt 0.288732 0.989009
vt 0.289029 0.992811
vt 0.287911 0.993479
vt 0.290153 0.992324
vt 0.291369 0.991973
vt 0.656107 0.000251
vt 0.664292 0.000000
vt 0.348870 0.971126
vt 0.649526 0.008403
vt 0.349225 0.981934
vt 0.354232 0.981084
vt 0.649008 0.005456
vt 0.348202 0.980222
vt 0.648311 0.002755
vt 0.341175 0.976017
vt 0.647511 0.000466
vt 0.640283 0.007057
vt 0.363926 0.408035
vt 0.356973 0.410179
vt 0.346065 0.986160
vt 0.364706 0.410983
vt 0.365743 0.413687
vt 0.359295 0.415481
vt 0.339575 0.982162
vt 0.639207 0.001765
vt 0.378300 0.821893
vt 0.369513 0.811049
vt 0.376755 0.817120
vt 0.333061 0.980179
vt 0.371826 0.407721
vt 0.630773 0.007202
vt 0.336537 0.987534
vt 0.338196 0.991374
vt 0.370821 0.816963
vt 0.372514 0.410671
vt 0.629973 0.001905
vt 0.373431 0.413379
vt 0.366603 0.819218
vt 0.367321 0.826392
vt 0.361098 0.819727
vt 0.370579 0.415827
vt 0.620806 0.008831
vt 0.382383 0.407372
vt 0.327934 0.991022
vt 0.329255 0.994996
vt 0.620603 0.005880
vt 0.378488 0.827389
vt 0.382945 0.410328
vt 0.369172 0.818452
vt 0.620337 0.003173
vt 0.322712 0.989071
vt 0.324600 0.983573
vt 0.383696 0.413044
vt 0.379224 0.834644
vt 0.372899 0.833603
vt 0.620031 0.000879
vt 0.610899 0.008888
vt 0.384565 0.415347
vt 0.387435 0.835422
vt 0.382629 0.824513
vt 0.318807 0.993835
vt 0.319450 0.996859
vt 0.385594 0.836476
vt 0.610809 0.005938
vt 0.383850 0.837450
vt 0.393627 0.407093
vt 0.610674 0.003246
vt 0.377790 0.841298
vt 0.315859 0.986171
vt 0.602802 0.008923
vt 0.394074 0.410051
vt 0.603221 0.002808
vt 0.603282 0.001182
vt 0.610431 0.000000
vt 0.309916 0.997946
vt 0.302917 1.000000
vt 0.302636 0.998652
vt 0.394670 0.412771
vt 0.602988 0.005814
vt 0.307489 0.995055
vt 0.395356 0.415079
vt 0.306539 0.992541
vt 0.306917 0.987952
vt 0.381952 0.849412
vt 0.402451 0.408469
vt 0.302311 0.997701
vt 0.389853 0.847091
vt 0.301300 0.995830
vt 0.300605 0.994949
vt 0.301867 0.996752
vt 0.392725 0.845952
vt 0.299777 0.994130
vt 0.388019 0.851821
vt 0.576369 0.008783
vt 0.584014 0.006761
vt 0.403348 0.413792
vt 0.576618 0.005827
vt 0.385344 0.857875
vt 0.412079 0.408344
vt 0.576997 0.003121
vt 0.584114 0.002728
vt 0.392978 0.855057
vt 0.396947 0.853728
vt 0.577442 0.000819
vt 0.584330 0.000888
vt 0.276903 0.999263
vt 0.284097 0.998939
vt 0.283888 0.999999
vt 0.283105 0.993099
vt 0.412698 0.413671
vt 0.286123 0.995086
vt 0.285438 0.995976
vt 0.286941 0.994249
vt 0.279643 0.988276
vt 0.567593 0.007131
vt 0.277174 0.996137
vt 0.284446 0.997862
vt 0.284879 0.996909
vt 0.421765 0.406746
vt 0.568621 0.001837
vt 0.395653 0.863929
vt 0.399720 0.862947
vt 0.421894 0.409706
vt 0.270660 0.986706
vt 0.558563 0.006971
vt 0.268998 0.994682
vt 0.267993 0.998760
vt 0.422087 0.412415
vt 0.393667 0.871585
vt 0.387944 0.866614
vt 0.429639 0.406704
vt 0.559854 0.001681
vt 0.429341 0.412848
vt 0.429333 0.414485
vt 0.422438 0.415683
vt 0.265915 0.990321
vt 0.399730 0.872709
vt 0.401749 0.879502
vt 0.400408 0.879794
vt 0.429501 0.409825
vt 0.549230 0.008281
vt 0.260311 0.992369
vt 0.258969 0.996352
vt 0.396833 0.875074
vt 0.549829 0.005338
vt 0.389726 0.875558
vt 0.550623 0.002639
vt 0.399459 0.880127
vt 0.398513 0.880577
vt 0.397593 0.881149
vt 0.396715 0.881850
vt 0.261862 0.984313
vt 0.395897 0.882682
vt 0.551535 0.000352
vt 0.456408 0.406860
vt 0.448499 0.408876
vt 0.251535 0.989231
vt 0.250228 0.992041
vt 0.456202 0.409828
vt 0.448493 0.412931
vt 0.448336 0.414784
vt 0.400694 0.898332
vt 0.401751 0.898532
vt 0.390046 0.902832
vt 0.396016 0.895518
vt 0.253321 0.981122
vt 0.396851 0.896332
vt 0.397740 0.897012
vt 0.541409 0.000061
vt 0.399620 0.897992
vt 0.398670 0.897565
vt 0.142025 0.603453
vt 0.136268 0.592162
vt 0.145512 0.596871
vt 0.133666 0.596515
vt 0.153053 0.622739
vt 0.153066 0.609766
vt 0.160647 0.618446
vt 0.160643 0.588173
vt 0.153297 0.580262
vt 0.160639 0.579700
vt 0.142061 0.616342
vt 0.138026 0.609752
vt 0.131320 0.616288
vt 0.130635 0.611265
vt 0.130807 0.606200
vt 0.160643 0.631333
vt 0.145511 0.622640
vt 0.135146 0.625632
vt 0.132836 0.621121
vt 0.150683 0.638094
vt 0.155588 0.639353
vt 0.141855 0.633210
vt 0.146061 0.636006
vt 0.138161 0.629686
vt 0.160637 0.639779
vt 0.150633 0.580961
vt 0.153053 0.596783
vt 0.160648 0.601086
vt 0.143458 0.585074
vt 0.139572 0.588324
vt 0.131825 0.601238
vt 0.616130 0.899888
vt 0.615839 0.893458
vt 0.616787 0.891646
vt 0.667516 0.921973
vt 0.663948 0.923898
vt 0.667758 0.920563
vt 0.663514 0.925179
vt 0.615348 0.903068
vt 0.616610 0.904933
vt 0.670904 0.918111
vt 0.670964 0.916639
vt 0.616998 0.909704
vt 0.617918 0.909829
vt 0.619049 0.914373
vt 0.620029 0.914435
vt 0.673345 0.914358
vt 0.674711 0.910153
vt 0.621814 0.918656
vt 0.622884 0.918623
vt 0.625300 0.922392
vt 0.626402 0.922268
vt 0.675810 0.904869
vt 0.676300 0.907157
vt 0.629308 0.925543
vt 0.630483 0.925272
vt 0.633794 0.927983
vt 0.635014 0.927546
vt 0.638636 0.929622
vt 0.639858 0.929027
vt 0.643676 0.930456
vt 0.644885 0.929671
vt 0.648781 0.930463
vt 0.649947 0.929463
vt 0.654259 0.929438
vt 0.654904 0.928407
vt 0.659044 0.927698
vt 0.659612 0.926531
vt 0.571446 0.884200
vt 0.571489 0.883133
vt 0.575402 0.886186
vt 0.566118 0.878189
vt 0.567827 0.882196
vt 0.568159 0.879458
vt 0.562477 0.873417
vt 0.565505 0.875267
vt 0.563100 0.871733
vt 0.563606 0.870683
vt 0.560646 0.865869
vt 0.562515 0.865847
vt 0.561566 0.863800
vt 0.560447 0.860668
vt 0.561491 0.853575
vt 0.563512 0.850323
vt 0.562278 0.860887
vt 0.563344 0.852335
vt 0.618740 0.873498
vt 0.621217 0.868328
vt 0.619157 0.875016
vt 0.617326 0.877370
vt 0.379271 0.450553
vt 0.379515 0.448175
vt 0.379515 0.455030
vt 0.615001 0.878294
vt 0.618970 0.871577
vt 0.611576 0.883521
vt 0.614052 0.882385
vt 0.611855 0.882130
vt 0.610336 0.885909
vt 0.608101 0.885382
vt 0.603342 0.889166
vt 0.606080 0.888769
vt 0.599585 0.891053
vt 0.599890 0.891568
vt 0.603845 0.887924
vt 0.593736 0.891791
vt 0.589772 0.892796
vt 0.599218 0.889713
vt 0.594355 0.890682
vt 0.588490 0.892094
vt 0.589394 0.890806
vt 0.582795 0.891481
vt 0.582276 0.890238
vt 0.584486 0.890079
vt 0.576437 0.888275
vt 0.577857 0.889680
vt 0.579776 0.888523
vt 0.573424 0.887095
vt 0.717848 0.357423
vt 0.724544 0.356419
vt 0.724482 0.359384
vt 0.717813 0.359645
vt 0.717813 0.363354
vt 0.724483 0.363643
vt 0.717870 0.366456
vt 0.724544 0.366617
vt 0.167485 0.625094
vt 0.160828 0.628417
vt 0.160826 0.625481
vt 0.167485 0.628480
vt 0.160757 0.622866
vt 0.167359 0.621310
vt 0.160648 0.620598
vt 0.723283 0.288362
vt 0.729984 0.286986
vt 0.729932 0.289950
vt 0.723264 0.290797
vt 0.723273 0.293420
vt 0.729943 0.293657
vt 0.723312 0.295884
vt 0.729984 0.296005
vt 0.728346 0.407204
vt 0.721624 0.409068
vt 0.721688 0.407050
vt 0.728280 0.409096
vt 0.728346 0.403606
vt 0.721679 0.403379
vt 0.728247 0.400480
vt 0.721543 0.399704
vt 0.714213 0.304223
vt 0.720911 0.303227
vt 0.720861 0.305219
vt 0.714177 0.306443
vt 0.720837 0.307757
vt 0.714170 0.309631
vt 0.720848 0.310919
vt 0.714199 0.312094
vt 0.720911 0.313780
vt 0.727577 0.320209
vt 0.727486 0.322098
vt 0.720911 0.320440
vt 0.727620 0.317626
vt 0.720962 0.316853
vt 0.727609 0.315018
vt 0.720911 0.313438
vt 0.727537 0.312666
vt 0.140293 0.052447
vt 0.141704 0.034637
vt 0.149809 0.034559
vt 0.131369 0.052506
vt 0.149672 0.052360
vt 0.158089 0.034460
vt 0.157998 0.052259
vt 0.165508 0.034348
vt 0.165879 0.052140
vt 0.173014 0.052008
vt 0.105841 0.046408
vt 0.105691 0.041048
vt 0.106268 0.039809
vt 0.105216 0.044561
vt 0.106790 0.048302
vt 0.107058 0.038662
vt 0.108271 0.037435
vt 0.108422 0.049832
vt 0.108488 0.037272
vt 0.109393 0.050562
vt 0.111603 0.035532
vt 0.110512 0.051215
vt 0.112569 0.035196
vt 0.112451 0.052051
vt 0.114415 0.034818
vt 0.114739 0.052470
vt 0.123783 0.034740
vt 0.122369 0.052543
vt 0.133440 0.034695
vt 0.381109 0.425334
vt 0.381559 0.434520
vt 0.381448 0.434528
vt 0.381218 0.425334
vt 0.381559 0.416034
vt 0.238907 0.381218
vt 0.238321 0.381334
vt 0.229176 0.381457
vt 0.379515 0.441313
vt 0.379197 0.448175
vt 0.379403 0.441311
vt 0.379197 0.432134
vt 0.379308 0.432127
vt 0.688796 0.291400
vt 0.691050 0.293227
vt 0.688529 0.293267
vt 0.692049 0.289517
vt 0.690272 0.287528
vt 0.694118 0.286517
vt 0.691893 0.285536
vt 0.163291 0.482934
vt 0.160858 0.482434
vt 0.163241 0.481427
vt 0.160941 0.485887
vt 0.163356 0.486970
vt 0.160957 0.489043
vt 0.163352 0.491027
vt 0.160925 0.492132
vt 0.163306 0.493395
vt 0.160847 0.494784
vt 0.163194 0.496739
vt 0.164584 0.604817
vt 0.163491 0.607911
vt 0.161554 0.605015
vt 0.166443 0.608739
vt 0.164280 0.610947
vt 0.166848 0.610634
vt 0.714124 0.329356
vt 0.720757 0.325798
vt 0.720785 0.329094
vt 0.714094 0.325815
vt 0.720898 0.331942
vt 0.714226 0.331744
vt 0.705133 0.320918
vt 0.702628 0.320918
vt 0.704378 0.316615
vt 0.711391 0.316615
vt 0.707002 0.313128
vt 0.711018 0.311937
vt 0.721833 0.399241
vt 0.718639 0.399241
vt 0.720441 0.394575
vt 0.714170 0.315040
vt 0.713816 0.308943
vt 0.719571 0.382394
vt 0.719578 0.384563
vt 0.712902 0.382991
vt 0.712898 0.379759
vt 0.719568 0.378688
vt 0.422638 0.731008
vt 0.423368 0.726924
vt 0.428323 0.728705
vt 0.427574 0.731039
vt 0.718741 0.384563
vt 0.725399 0.384787
vt 0.725310 0.387356
vt 0.718645 0.387609
vt 0.718639 0.391318
vt 0.725307 0.391615
vt 0.718732 0.394410
vt 0.725405 0.394575
vt 0.716424 0.302277
vt 0.714047 0.298634
vt 0.716424 0.297877
vt 0.713547 0.303222
vt 0.702542 0.332973
vt 0.704603 0.328926
vt 0.706846 0.330430
vt 0.717805 0.359736
vt 0.717804 0.362508
vt 0.711134 0.360903
vt 0.711136 0.358540
vt 0.717811 0.356801
vt 0.711142 0.356419
vt 0.722413 0.412068
vt 0.726891 0.409096
vt 0.727528 0.412279
vt 0.721543 0.409096
vt 0.722343 0.415273
vt 0.727188 0.415287
vt 0.167418 0.636708
vt 0.160648 0.639326
vt 0.160750 0.636732
vt 0.167280 0.639780
vt 0.160790 0.634025
vt 0.167452 0.633626
vt 0.383743 0.661251
vt 0.383714 0.657710
vt 0.390392 0.660520
vt 0.390517 0.663837
vt 0.383884 0.664208
vt 0.709112 0.398426
vt 0.705735 0.395017
vt 0.708574 0.393858
vt 0.725056 0.399241
vt 0.721834 0.399112
vt 0.725056 0.394704
vt 0.711959 0.396909
vt 0.710967 0.391667
vt 0.721478 0.301661
vt 0.718537 0.302639
vt 0.718537 0.297877
vt 0.711962 0.384954
vt 0.718630 0.384563
vt 0.718636 0.386715
vt 0.711968 0.387920
vt 0.718639 0.389092
vt 0.711969 0.390698
vt 0.049786 0.852642
vt 0.041105 0.856690
vt 0.049781 0.848735
vt 0.334110 0.428453
vt 0.342767 0.431500
vt 0.334209 0.431765
vt 0.342679 0.428450
vt 0.049953 0.863023
vt 0.055656 0.862279
vt 0.049607 0.867742
vt 0.846472 0.516928
vt 0.858740 0.517883
vt 0.846907 0.520224
vt 0.858109 0.514624
vt 0.333370 0.424905
vt 0.341824 0.424900
vt 0.043308 0.872448
vt 0.052189 0.869587
vt 0.045784 0.874371
vt 0.039897 0.861748
vt 0.046661 0.859147
vt 0.837657 0.525014
vt 0.847322 0.523776
vt 0.846556 0.526564
vt 0.034948 0.861334
vt 0.837320 0.527704
vt 0.841471 0.514329
vt 0.857346 0.511244
vt 0.324949 0.428461
vt 0.325168 0.431755
vt 0.037729 0.872233
vt 0.828033 0.528051
vt 0.827799 0.522796
vt 0.860088 0.502980
vt 0.845563 0.503249
vt 0.854486 0.501410
vt 0.038541 0.867081
vt 0.048320 0.860950
vt 0.324337 0.424913
vt 0.841050 0.511622
vt 0.856682 0.508609
vt 0.837400 0.521432
vt 0.323601 0.422122
vt 0.332476 0.422114
vt 0.840738 0.509147
vt 0.856062 0.506285
vt 0.315238 0.428469
vt 0.315583 0.431495
vt 0.837099 0.518124
vt 0.036622 0.876526
vt 0.840639 0.506899
vt 0.032192 0.870964
vt 0.822658 0.518427
vt 0.314769 0.424921
vt 0.836479 0.504471
vt 0.822454 0.514985
vt 0.314205 0.422130
vt 0.822248 0.511985
vt 0.027479 0.869393
vt 0.020923 0.868719
vt 0.305452 0.428481
vt 0.306063 0.431486
vt 0.823064 0.508129
vt 0.827311 0.505066
vt 0.027493 0.877393
vt 0.029579 0.879895
vt 0.025508 0.874177
vt 0.305125 0.424932
vt 0.057263 0.838865
vt 0.059574 0.841373
vt 0.058407 0.841886
vt 0.057388 0.842588
vt 0.304732 0.422143
vt 0.056463 0.843506
vt 0.295520 0.428494
vt 0.296347 0.431484
vt 0.161217 0.535782
vt 0.163516 0.549482
vt 0.161217 0.550584
vt 0.163516 0.550584
vt 0.163516 0.563060
vt 0.161563 0.555836
vt 0.015885 0.878524
vt 0.017136 0.880802
vt 0.295337 0.424946
vt 0.055101 0.845865
vt 0.054734 0.847149
vt 0.055678 0.844631
vt 0.014937 0.876321
vt 0.295116 0.422156
vt 0.014464 0.874039
vt 0.282910 0.428518
vt 0.287559 0.431819
vt 0.299606 0.419689
vt 0.282918 0.424969
vt 0.278905 0.431572
vt 0.282923 0.422177
vt 0.001665 0.872491
vt 0.282921 0.419726
vt 0.003809 0.879986
vt 0.004814 0.882289
vt 0.270249 0.428554
vt 0.269129 0.431598
vt 0.003100 0.877756
vt 0.002770 0.875491
vt 0.270424 0.425002
vt 0.270632 0.422210
vt 0.260283 0.428578
vt 0.259437 0.431622
vt 0.266227 0.419758
vt 0.903805 0.476122
vt 0.903055 0.481012
vt 0.901685 0.481290
vt 0.900449 0.481760
vt 0.932134 0.437700
vt 0.933728 0.429440
vt 0.935991 0.430453
vt 0.934877 0.442930
vt 0.899292 0.482433
vt 0.260593 0.425026
vt 0.931527 0.428700
vt 0.260966 0.422233
vt 0.928284 0.439787
vt 0.926294 0.428244
vt 0.929285 0.427985
vt 0.894117 0.483677
vt 0.897466 0.484301
vt 0.896889 0.485373
vt 0.898269 0.483305
vt 0.250483 0.428604
vt 0.249889 0.431651
vt 0.922731 0.445740
vt 0.930864 0.448576
vt 0.250930 0.425051
vt 0.928727 0.447450
vt 0.251467 0.422258
vt 0.241221 0.428628
vt 0.240608 0.431945
vt 0.930511 0.456710
vt 0.936465 0.448463
vt 0.934186 0.455606
vt 0.098521 0.782003
vt 0.101648 0.772458
vt 0.101213 0.781871
vt 0.096350 0.772108
vt 0.241790 0.425078
vt 0.094923 0.781675
vt 0.242479 0.422284
vt 0.091646 0.776868
vt 0.924320 0.452599
vt 0.097287 0.791656
vt 0.100026 0.791219
vt 0.917829 0.458675
vt 0.231888 0.428657
vt 0.231455 0.431953
vt 0.247898 0.419804
vt 0.925780 0.457811
vt 0.093718 0.791154
vt 0.232589 0.425106
vt 0.233966 0.421079
vt 0.082552 0.784830
vt 0.081416 0.775929
vt 0.085196 0.776886
vt 0.090417 0.790660
vt 0.222863 0.428686
vt 0.222574 0.431717
vt 0.094925 0.803634
vt 0.098744 0.799487
vt 0.078027 0.780796
vt 0.078652 0.771633
vt 0.926343 0.468033
vt 0.931183 0.462385
vt 0.085836 0.789860
vt 0.088198 0.776841
vt 0.922082 0.464313
vt 0.091391 0.802954
vt 0.223695 0.425134
vt 0.096627 0.807492
vt 0.224701 0.422340
vt 0.922566 0.475861
vt 0.929152 0.471682
vt 0.917207 0.465201
vt 0.088133 0.802239
vt 0.214507 0.428712
vt 0.214277 0.431794
vt 0.078772 0.794922
vt 0.076782 0.789892
vt 0.917969 0.476362
vt 0.084761 0.801426
vt 0.916132 0.474371
vt 0.215460 0.425163
vt 0.082139 0.800738
vt 0.091571 0.815308
vt 0.093992 0.816295
vt 0.914302 0.472729
vt 0.079838 0.800082
vt 0.917257 0.482024
vt 0.924352 0.478434
vt 0.918916 0.484712
vt 0.911538 0.467377
vt 0.074929 0.798844
vt 0.208063 0.428494
vt 0.207482 0.431215
vt 0.088083 0.814478
vt 0.912126 0.485870
vt 0.911433 0.484884
vt 0.209212 0.425188
vt 0.083579 0.817501
vt 0.914022 0.489496
vt 0.908092 0.475851
vt 0.088516 0.823663
vt 0.091143 0.824708
vt 0.080310 0.816350
vt 0.910557 0.483871
vt 0.072484 0.807578
vt 0.908872 0.481732
vt 0.909546 0.482956
vt 0.908396 0.482168
vt 0.907160 0.481565
vt 0.077777 0.815361
vt 0.905845 0.481155
vt 0.085068 0.822726
vt 0.075570 0.814404
vt 0.904436 0.480970
vt 0.073680 0.813160
vt 0.896641 0.509305
vt 0.902169 0.502218
vt 0.902926 0.504475
vt 0.896128 0.506717
vt 0.084582 0.832613
vt 0.087334 0.833271
vt 0.069467 0.816017
vt 0.895028 0.503393
vt 0.900641 0.498925
vt 0.081190 0.831550
vt 0.890197 0.502366
vt 0.898557 0.495311
vt 0.899448 0.496844
vt 0.078103 0.830367
vt 0.890611 0.489502
vt 0.896337 0.487906
vt 0.896387 0.489192
vt 0.896497 0.486612
vt 0.080259 0.840842
vt 0.082853 0.841481
vt 0.888387 0.510878
vt 0.888633 0.513783
vt 0.888586 0.499312
vt 0.897758 0.493746
vt 0.073904 0.828389
vt 0.887088 0.488268
vt 0.076934 0.839657
vt 0.890354 0.493945
vt 0.897065 0.492068
vt 0.896616 0.490557
vt 0.887388 0.507509
vt 0.069637 0.825209
vt 0.073953 0.838313
vt 0.076161 0.847110
vt 0.078338 0.847871
vt 0.880132 0.514611
vt 0.880468 0.517439
vt 0.065903 0.824090
vt 0.879545 0.492369
vt 0.069637 0.843694
vt 0.068575 0.843088
vt 0.070858 0.836721
vt 0.879248 0.511191
vt 0.073197 0.845747
vt 0.879922 0.500641
vt 0.878614 0.497274
vt 0.067588 0.834642
vt 0.878240 0.508053
vt 0.870958 0.518029
vt 0.871479 0.520538
vt 0.063391 0.834807
vt 0.061824 0.831728
vt 0.872572 0.506632
vt 0.067359 0.842465
vt 0.065135 0.840887
vt 0.066088 0.841911
vt 0.870214 0.514558
vt 0.064762 0.841458
vt 0.063444 0.841153
vt 0.062126 0.841023
vt 0.869368 0.511360
vt 0.060810 0.841088
vt 0.859303 0.521407
vt 0.862712 0.523141
vt 0.351166 0.431491
vt 0.357172 0.427733
vt 0.357826 0.430543
vt 0.871550 0.495947
vt 0.350896 0.428430
vt 0.058357 0.864005
vt 0.065770 0.860114
vt 0.061414 0.865551
vt 0.062349 0.858650
vt 0.867159 0.504369
vt 0.060204 0.857502
vt 0.058719 0.856531
vt 0.854858 0.525258
vt 0.863174 0.498969
vt 0.054638 0.849991
vt 0.054925 0.851328
vt 0.054567 0.848573
vt 0.057406 0.855393
vt 0.055440 0.852656
vt 0.056244 0.854022
vt 0.349935 0.424875
vt 0.218659 0.454799
vt 0.210729 0.454830
vt 0.360902 0.456992
vt 0.354802 0.454541
vt 0.358642 0.438918
vt 0.227020 0.454770
vt 0.359110 0.438985
vt 0.828947 0.544544
vt 0.235758 0.454742
vt 0.153058 0.655612
vt 0.148151 0.662965
vt 0.147842 0.654964
vt 0.370189 0.456037
vt 0.838623 0.543952
vt 0.244811 0.454714
vt 0.370507 0.438987
vt 0.371004 0.438918
vt 0.848227 0.542767
vt 0.254122 0.454689
vt 0.097719 0.846208
vt 0.083949 0.849105
vt 0.375175 0.454553
vt 0.857695 0.540995
vt 0.102609 0.840495
vt 0.263623 0.454665
vt 0.866963 0.538651
vt 0.106069 0.829873
vt 0.273249 0.454642
vt 0.875965 0.535750
vt 0.109499 0.821123
vt 0.282937 0.454622
vt 0.884642 0.532311
vt 0.292619 0.454603
vt 0.112400 0.812063
vt 0.161279 0.706889
vt 0.159353 0.697656
vt 0.176776 0.700910
vt 0.302229 0.454587
vt 0.194239 0.439279
vt 0.189177 0.431901
vt 0.194568 0.430900
vt 0.114752 0.802752
vt 0.162705 0.716336
vt 0.178494 0.709868
vt 0.311028 0.456037
vt 0.892934 0.528358
vt 0.163620 0.725929
vt 0.179434 0.718003
vt 0.180386 0.726333
vt 0.323816 0.456508
vt 0.164019 0.735604
vt 0.180726 0.735742
vt 0.163899 0.745295
vt 0.180731 0.745161
vt 0.329981 0.454553
vt 0.900786 0.523919
vt 0.190073 0.454923
vt 0.337499 0.456134
vt 0.348754 0.457074
vt 0.196389 0.454892
vt 0.194759 0.439341
vt 0.206789 0.439215
vt 0.203289 0.454861
vt 0.206275 0.439287
vt 0.350115 0.512753
vt 0.338458 0.536261
vt 0.360559 0.521575
vt 0.355395 0.527637
vt 0.350359 0.534388
vt 0.345548 0.541822
vt 0.311993 0.593260
vt 0.297225 0.470196
vt 0.140455 0.689955
vt 0.151612 0.677921
vt 0.156940 0.688696
vt 0.371109 0.498203
vt 0.361331 0.512800
vt 0.370909 0.511452
vt 0.375909 0.507348
vt 0.365763 0.516183
vt 0.341026 0.549984
vt 0.325537 0.552831
vt 0.336983 0.558719
vt 0.333408 0.568022
vt 0.297095 0.597151
vt 0.143791 0.703228
vt 0.125572 0.694171
vt 0.121375 0.685994
vt 0.116474 0.678307
vt 0.146573 0.665417
vt 0.166985 0.604818
vt 0.163205 0.598751
vt 0.166985 0.588307
vt 0.114998 0.665446
vt 0.325862 0.583423
vt 0.330415 0.577978
vt 0.297419 0.614515
vt 0.283280 0.614699
vt 0.303805 0.614662
vt 0.144575 0.717050
vt 0.131735 0.711816
vt 0.129026 0.702790
vt 0.328108 0.588392
vt 0.317541 0.614643
vt 0.146152 0.731153
vt 0.133633 0.720862
vt 0.145090 0.745384
vt 0.163261 0.754936
vt 0.135265 0.740267
vt 0.134837 0.730449
vt 0.144962 0.759466
vt 0.162110 0.764460
vt 0.134966 0.749163
vt 0.142250 0.773291
vt 0.160452 0.773803
vt 0.158299 0.782903
vt 0.132247 0.767471
vt 0.133907 0.758757
vt 0.140438 0.786548
vt 0.155667 0.791693
vt 0.129751 0.776534
vt 0.150690 0.799523
vt 0.123154 0.792409
vt 0.126760 0.784674
vt 0.325750 0.614634
vt 0.325946 0.606865
vt 0.534174 0.457308
vt 0.524338 0.456516
vt 0.528934 0.454580
vt 0.117356 0.800033
vt 0.533150 0.498485
vt 0.114998 0.811044
vt 0.146435 0.810109
vt 0.130635 0.424861
vt 0.137249 0.429881
vt 0.138038 0.436378
vt 0.523890 0.497957
vt 0.524764 0.507221
vt 0.520281 0.503994
vt 0.556421 0.458113
vt 0.543724 0.457323
vt 0.550303 0.455564
vt 0.542742 0.520961
vt 0.534487 0.515290
vt 0.529636 0.511154
vt 0.555017 0.513950
vt 0.581805 0.457857
vt 0.568037 0.457911
vt 0.575836 0.456314
vt 0.567294 0.532199
vt 0.545030 0.523343
vt 0.549907 0.529138
vt 0.608966 0.472432
vt 0.603973 0.456783
vt 0.613633 0.456871
vt 0.623326 0.456925
vt 0.595067 0.458177
vt 0.554651 0.535492
vt 0.559268 0.542532
vt 0.580127 0.564795
vt 0.567476 0.558115
vt 0.563536 0.550026
vt 0.593627 0.590248
vt 0.570979 0.566708
vt 0.576357 0.585008
vt 0.573949 0.575667
vt 0.578151 0.594664
vt 0.608658 0.601930
vt 0.612481 0.616921
vt 0.594863 0.616736
vt 0.622521 0.617361
vt 0.326559 0.599132
vt 0.586133 0.593345
vt 0.579359 0.605510
vt 0.579738 0.616474
vt 0.150722 0.671845
vt 0.636615 0.617875
vt 0.651049 0.617567
vt 0.648470 0.782114
vt 0.635159 0.767161
vt 0.664437 0.631799
vt 0.661182 0.781978
vt 0.677329 0.631594
vt 0.689783 0.616284
vt 0.673854 0.766763
vt 0.700554 0.615938
vt 0.704564 0.615783
vt 0.710070 0.630535
vt 0.567958 0.766370
vt 0.580943 0.781689
vt 0.568322 0.781403
vt 0.820481 0.000173
vt 0.791369 0.112353
vt 0.778201 0.112190
vt 0.808055 0.103711
vt 0.695795 0.766152
vt 0.704703 0.780766
vt 0.696377 0.781140
vt 0.621362 0.782159
vt 0.556051 0.781031
vt 0.684900 0.781507
vt 0.607692 0.767058
vt 0.681760 0.616486
vt 0.670676 0.615803
vt 0.673299 0.781789
vt 0.567059 0.693299
vt 0.580050 0.670135
vt 0.594004 0.781908
vt 0.806500 -0.000000
vt 0.660406 0.616839
vt 0.534545 0.765127
vt 0.545468 0.780641
vt 0.535767 0.780208
vt 0.832174 0.011897
vt 0.543800 0.720517
vt 0.554890 0.709354
vt 0.712535 0.780331
vt 0.790206 0.011361
vt 0.767631 0.103098
vt 0.526011 0.779647
vt 0.533253 0.722613
vt 0.829089 0.000897
vt 0.840966 0.002753
vt 0.849082 0.004529
vt 0.593495 0.643485
vt 0.608023 0.631899
vt 0.642994 0.616972
vt 0.467411 0.798381
vt 0.450574 0.809436
vt 0.455773 0.797954
vt 0.524529 0.722699
vt 0.529235 0.717162
vt 0.535443 0.712233
vt 0.539863 0.708137
vt 0.546404 0.704462
vt 0.752587 0.115621
vt 0.551699 0.698261
vt 0.556817 0.691322
vt 0.561610 0.683735
vt 0.635815 0.782179
vt 0.459763 0.785890
vt 0.491019 0.798907
vt 0.566063 0.675371
vt 0.570059 0.666327
vt 0.573476 0.656658
vt 0.599830 0.616796
vt 0.779587 0.003586
vt 0.719162 0.615035
vt 0.495184 0.810707
vt 0.497557 0.790973
vt 0.496604 0.798295
vt 0.495684 0.805659
vt 0.576158 0.646586
vt 0.589699 0.616654
vt 0.482734 0.760153
vt 0.462704 0.773883
vt 0.464872 0.761120
vt 0.465991 0.746305
vt 0.495189 0.786593
vt 0.498608 0.782600
vt 0.500408 0.765391
vt 0.501595 0.746268
vt 0.501113 0.755905
vt 0.499607 0.773836
vt 0.837875 0.018235
vt 0.818379 0.116471
vt 0.586085 0.637078
vt 0.578181 0.636078
vt 0.579299 0.626314
vt 0.794872 0.000818
vt 0.606822 0.782072
vt 0.803780 0.113541
vt 0.765338 0.113155
vt 0.386125 0.436529
vt 0.381559 0.424856
vt 0.386125 0.416034
vt 0.712971 0.615399
vt 0.171965 0.415415
vt 0.164306 0.415555
vt 0.156133 0.415676
vt 0.147509 0.415777
vt 0.133797 0.262311
vt 0.138494 0.415858
vt 0.133531 0.273228
vt 0.132435 0.284058
vt 0.124410 0.415941
vt 0.130527 0.294624
vt 0.133322 0.252492
vt 0.127871 0.304719
vt 0.124410 0.314529
vt 0.120235 0.323776
vt 0.132164 0.242730
vt 0.130325 0.233148
vt 0.127839 0.223912
vt 0.124724 0.215054
vt 0.115415 0.332370
vt 0.105170 0.415972
vt 0.110052 0.340217
vt 0.120935 0.206494
vt 0.116610 0.198530
vt 0.104056 0.347506
vt 0.110904 0.062569
vt 0.111785 0.191153
vt 0.106422 0.184261
vt 0.097559 0.354102
vt 0.089903 0.415935
vt 0.090556 0.360066
vt 0.100996 0.062562
vt 0.100682 0.178009
vt 0.094542 0.172306
vt 0.083213 0.365321
vt 0.075070 0.415854
vt 0.091042 0.062534
vt 0.087431 0.166693
vt 0.075525 0.369949
vt 0.068122 0.373710
vt 0.081113 0.062483
vt 0.077223 0.159820
vt 0.060472 0.415720
vt 0.059976 0.377190
vt 0.071278 0.062412
vt 0.065798 0.154171
vt 0.051711 0.380127
vt 0.045937 0.415538
vt 0.062583 0.052282
vt 0.058276 0.150980
vt 0.043924 0.382422
vt 0.052574 0.052204
vt 0.050665 0.148206
vt 0.028681 0.415239
vt 0.035745 0.384401
vt 0.043499 0.052074
vt 0.042909 0.145782
vt 0.035353 0.143765
vt 0.034835 0.051925
vt 0.027977 0.142087
vt 0.013207 0.414874
vt 0.020714 0.387005
vt 0.026777 0.051764
vt 0.020657 0.140684
vt 0.019157 0.051587
vt 0.013743 0.139599
vt 0.000000 0.414453
vt 0.006485 0.388249
vt 0.010867 0.061370
vt 0.007289 0.138810
vt 0.004188 0.061157
vt 0.189515 0.276414
vt 0.186319 0.354410
vt 0.182735 0.276966
vt 0.200912 0.000655
vt 0.195216 0.028131
vt 0.189209 0.000911
vt 0.194584 0.364213
vt 0.196852 0.275522
vt 0.209202 0.000506
vt 0.202367 0.028925
vt 0.209691 0.030051
vt 0.202180 0.364055
vt 0.203846 0.274413
vt 0.217216 0.031549
vt 0.217931 0.000374
vt 0.210209 0.363912
vt 0.211781 0.272850
vt 0.225050 0.033496
vt 0.231791 0.000209
vt 0.218647 0.363786
vt 0.219930 0.270885
vt 0.232664 0.035815
vt 0.227690 0.363675
vt 0.227592 0.268670
vt 0.235848 0.265820
vt 0.251044 0.000063
vt 0.240221 0.038583
vt 0.251825 0.043646
vt 0.236885 0.353577
vt 0.244009 0.262461
vt 0.246538 0.353504
vt 0.251317 0.258906
vt 0.262454 0.050230
vt 0.271054 0.000000
vt 0.256363 0.353451
vt 0.259052 0.254472
vt 0.269091 0.055059
vt 0.275375 0.060424
vt 0.266288 0.353420
vt 0.266465 0.249432
vt 0.273518 0.243742
vt 0.281316 0.066382
vt 0.290872 0.000023
vt 0.286857 0.072933
vt 0.276242 0.353409
vt 0.280132 0.237400
vt 0.291989 0.080128
vt 0.286156 0.353420
vt 0.286262 0.230383
vt 0.296673 0.087996
vt 0.291827 0.222731
vt 0.300721 0.096251
vt 0.305130 0.000096
vt 0.304213 0.105045
vt 0.295955 0.353452
vt 0.296852 0.214343
vt 0.301243 0.205292
vt 0.307081 0.114260
vt 0.309291 0.123749
vt 0.314493 0.000170
vt 0.310845 0.133495
vt 0.311729 0.143391
vt 0.311922 0.154370
vt 0.305569 0.353505
vt 0.304917 0.195706
vt 0.307846 0.185649
vt 0.310018 0.175121
vt 0.323532 0.000264
vt 0.312886 0.363567
vt 0.311391 0.164279
vt 0.321791 0.363652
vt 0.332624 0.353786
vt 0.332185 0.000377
vt 0.340830 0.353918
vt 0.340392 0.000509
vt 0.348527 0.354067
vt 0.351773 0.000738
vt 0.188599 0.027674
vt 0.182425 0.027521
vt 0.013322 0.387810
vt 0.027770 0.385941
vt 0.027428 0.805061
vt 0.021871 0.784670
vt 0.031655 0.793374
vt 0.879780 0.467204
vt 0.860165 0.474898
vt 0.862538 0.461825
vt 0.000000 0.833204
vt 0.002031 0.819273
vt 0.016597 0.835374
vt 0.829772 0.459429
vt 0.847277 0.455884
vt 0.841292 0.470137
vt 0.023512 0.853463
vt 0.008196 0.846170
vt 0.840066 0.447005
vt 0.062265 0.772497
vt 0.078027 0.780791
vt 0.899700 0.464424
vt 0.008350 0.803697
vt 0.015572 0.815962
vt 0.062034 0.790148
vt 0.076782 0.789894
vt 0.825920 0.472140
vt 0.826352 0.453842
vt 0.042562 0.816748
vt 0.042768 0.789710
vt 0.894116 0.483638
vt 0.074929 0.798846
vt 0.851104 0.484579
vt 0.839473 0.437069
vt 0.828408 0.432941
vt 0.832614 0.431490
vt 0.004523 0.852670
vt 0.827730 0.439877
vt 0.871715 0.483980
vt 0.828284 0.432966
vt 0.833070 0.480282
vt 0.826305 0.488568
vt 0.854493 0.501382
vt 0.054821 0.809228
vt 0.836790 0.494141
vt 0.915060 0.434131
vt 0.900534 0.439671
vt 0.906572 0.422656
vt 0.051482 0.827033
vt 0.040347 0.839207
vt 0.031039 0.845851
vt 0.030865 0.826889
vt 0.826467 0.433139
vt 0.901523 0.450665
vt 0.881619 0.438557
vt 0.862363 0.445719
vt 0.884172 0.453667
vt 0.845565 0.503249
vt 0.041102 0.856689
vt 0.835464 0.429005
vt 0.873209 0.422464
vt 0.861928 0.433491
vt 0.887097 0.425370
vt 0.847397 0.429391
vt 0.836475 0.504471
vt 0.013261 0.773988
vt 0.007333 0.774189
vt 0.007511 0.772372
vt 0.027943 0.772369
vt 0.007320 0.774256
vt 0.006013 0.778268
vt 0.045996 0.772803
vt 0.007188 0.789375
vt 0.004486 0.780430
vt 0.900129 0.418360
vt 0.003351 0.781494
vt 0.003305 0.781526
vt 0.843369 0.417045
vt 0.836844 0.424212
vt 0.835467 0.421195
vt 0.836539 0.427238
vt 0.857710 0.415814
vt 0.835497 0.428961
vt 0.649962 0.974403
vt 0.648134 0.944104
vt 0.667996 0.954010
vt 0.658461 0.971100
vt 0.671071 0.827072
vt 0.665713 0.837925
vt 0.654998 0.828252
vt 0.632533 0.954908
vt 0.632211 0.978578
vt 0.641188 0.976886
vt 0.617231 0.955498
vt 0.623147 0.979403
vt 0.614028 0.979401
vt 0.700516 0.880776
vt 0.689227 0.888541
vt 0.687465 0.883188
vt 0.603161 0.961745
vt 0.604951 0.978559
vt 0.673306 0.851701
vt 0.657078 0.853737
vt 0.595987 0.976883
vt 0.582254 0.933343
vt 0.593553 0.916896
vt 0.599313 0.920864
vt 0.598344 0.938696
vt 0.662087 0.857080
vt 0.609760 0.940299
vt 0.626752 0.940053
vt 0.586916 0.948394
vt 0.587218 0.974387
vt 0.690296 0.894079
vt 0.578714 0.971101
vt 0.607141 0.926317
vt 0.566929 0.951052
vt 0.570550 0.967025
vt 0.562802 0.962225
vt 0.650342 0.838349
vt 0.643720 0.844705
vt 0.670896 0.862899
vt 0.682699 0.841042
vt 0.674315 0.865393
vt 0.688701 0.852787
vt 0.677501 0.868226
vt 0.636368 0.943010
vt 0.642518 0.943980
vt 0.615506 0.932227
vt 0.620784 0.935987
vt 0.691491 0.866800
vt 0.651773 0.850179
vt 0.670290 0.810534
vt 0.674395 0.799355
vt 0.681668 0.804848
vt 0.688410 0.810995
vt 0.694559 0.817728
vt 0.704866 0.832774
vt 0.700045 0.825010
vt 0.681615 0.872895
vt 0.684738 0.877577
vt 0.708907 0.840925
vt 0.712200 0.849430
vt 0.714705 0.858197
vt 0.716367 0.867162
vt 0.717207 0.876242
vt 0.717207 0.885360
vt 0.716366 0.894440
vt 0.702216 0.908607
vt 0.714689 0.903401
vt 0.690642 0.900333
vt 0.712191 0.912172
vt 0.690102 0.906591
vt 0.708897 0.920674
vt 0.688865 0.912112
vt 0.704833 0.928835
vt 0.686683 0.918003
vt 0.688513 0.934340
vt 0.700031 0.936587
vt 0.683692 0.923532
vt 0.694536 0.943864
vt 0.680357 0.928109
vt 0.676010 0.932645
vt 0.688392 0.950600
vt 0.668826 0.938280
vt 0.681653 0.956742
vt 0.674376 0.962238
vt 0.660416 0.941810
vt 0.666625 0.967037
vt 0.654369 0.943388
vt 0.648842 0.052233
vt 0.649257 0.415322
vt 0.639961 0.415500
vt 0.657781 0.052018
vt 0.639571 0.052410
vt 0.630398 0.415640
vt 0.359170 0.001513
vt 0.371194 0.001012
vt 0.630032 0.052548
vt 0.620634 0.415739
vt 0.379768 0.000728
vt 0.610740 0.415797
vt 0.388741 0.000488
vt 0.600788 0.415814
vt 0.390341 0.363354
vt 0.398049 0.000295
vt 0.407622 0.000148
vt 0.590850 0.415789
vt 0.417391 0.000049
vt 0.580997 0.415722
vt 0.427289 0.000000
vt 0.571299 0.415615
vt 0.437241 0.000000
vt 0.561828 0.415468
vt 0.447177 0.000049
vt 0.551597 0.052167
vt 0.552649 0.415281
vt 0.457026 0.000148
vt 0.543080 0.051945
vt 0.543830 0.415057
vt 0.466716 0.000295
vt 0.476179 0.000488
vt 0.534966 0.051690
vt 0.535437 0.414796
vt 0.476062 0.363412
vt 0.485343 0.000728
vt 0.527317 0.051402
vt 0.523729 0.414344
vt 0.485183 0.363654
vt 0.494147 0.001012
vt 0.179986 0.051855
vt 0.182425 0.415173
vt 0.519990 0.051076
vt 0.493939 0.363939
vt 0.502522 0.001338
vt 0.502268 0.364265
vt 0.510413 0.001704
vt 0.510109 0.364632
vt 0.517757 0.002107
vt 0.681921 0.051164
vt 0.682446 0.414243
vt 0.674869 0.414564
vt 0.517410 0.365034
vt 0.674349 0.051482
vt 0.666774 0.414852
vt 0.666323 0.051766
vt 0.658215 0.415105
vt 0.498257 0.705017
vt 0.501646 0.716860
vt 0.464789 0.718273
vt 0.312022 0.641752
vt 0.500579 0.692220
vt 0.462778 0.705839
vt 0.500954 0.700235
vt 0.870521 0.128413
vt 0.877735 0.146414
vt 0.867334 0.138251
vt 0.471390 0.692590
vt 0.358965 0.765220
vt 0.368557 0.780285
vt 0.359707 0.780281
vt 0.500023 0.668435
vt 0.455414 0.680682
vt 0.450574 0.669807
vt 0.370639 0.717288
vt 0.490828 0.679666
vt 0.500233 0.684825
vt 0.500049 0.678058
vt 0.347953 0.780279
vt 0.361006 0.707500
vt 0.215299 0.629948
vt 0.230456 0.765440
vt 0.218964 0.780535
vt 0.336448 0.765228
vt 0.336016 0.780286
vt 0.323663 0.780297
vt 0.349509 0.705541
vt 0.856211 0.131387
vt 0.368767 0.712857
vt 0.337715 0.689925
vt 0.208236 0.780578
vt 0.358885 0.705240
vt 0.297281 0.765275
vt 0.310786 0.780306
vt 0.298073 0.780332
vt 0.325134 0.678033
vt 0.240681 0.615594
vt 0.254694 0.629828
vt 0.243333 0.780454
vt 0.268694 0.615484
vt 0.274965 0.614716
vt 0.349690 0.693286
vt 0.354233 0.699552
vt 0.283578 0.780356
vt 0.269792 0.765330
vt 0.269054 0.780390
vt 0.227178 0.615160
vt 0.254588 0.615521
vt 0.834007 0.110094
vt 0.832701 0.120657
vt 0.844333 0.125387
vt 0.341136 0.678827
vt 0.345245 0.686290
vt 0.256281 0.780422
vt 0.203520 0.614936
vt 0.234142 0.614824
vt 0.230947 0.780497
vt 0.316791 0.614644
vt 0.326126 0.624502
vt 0.193611 0.630035
vt 0.197918 0.765568
vt 0.214378 0.614892
vt 0.876383 0.013896
vt 0.325819 0.645662
vt 0.333985 0.662190
vt 0.331137 0.653227
vt 0.897986 0.037882
vt 0.184071 0.615030
vt 0.189881 0.780669
vt 0.888923 0.020187
vt 0.911863 0.036176
vt 0.327161 0.634267
vt 0.328849 0.643905
vt 0.193185 0.614982
vt 0.904689 0.030421
vt 0.894625 0.023563
vt 0.860128 0.018775
vt 0.199230 0.780623
vt 0.863554 0.008722
vt 0.333953 0.677044
vt 0.337350 0.670771
vt 0.319240 0.635341
vt 0.851843 0.021674
vt 0.485760 0.732150
vt 0.465991 0.731384
vt 0.501842 0.725949
vt 0.501861 0.734692
vt 0.501770 0.740460
vt 0.459717 0.693081
vt 0.501335 0.708346
vt 0.193510 0.614981
vt 0.718821 0.615058
vt 0.711120 0.615489
vt 0.713871 0.455259
vt 0.661104 0.456783
vt 0.835200 0.653164
vt 0.826891 0.653201
vt 0.669975 0.456660
vt 0.678495 0.456503
vt 0.204008 0.614934
vt 0.845492 0.652522
vt 0.777753 0.644007
vt 0.764736 0.532244
vt 0.773088 0.535693
vt 0.859553 0.650602
vt 0.766469 0.639196
vt 0.686603 0.456314
vt 0.789283 0.647821
vt 0.781815 0.538604
vt 0.632986 0.456943
vt 0.689953 0.616279
vt 0.694247 0.456093
vt 0.790857 0.540959
vt 0.876135 0.646598
vt 0.642544 0.456925
vt 0.701355 0.615914
vt 0.701371 0.455843
vt 0.803233 0.650901
vt 0.800158 0.542740
vt 0.283280 0.614699
vt 0.889734 0.641721
vt 0.707925 0.455564
vt 0.814957 0.652552
vt 0.809649 0.543936
vt 0.651938 0.456871
vt 0.819267 0.544539
vt 0.900883 0.636567
vt 0.182425 0.615040
vt 0.184386 0.454955
vt 0.719162 0.454930
vt 0.554062 0.432622
vt 0.562545 0.432849
vt 0.698052 0.440312
vt 0.571591 0.433365
vt 0.698503 0.440355
vt 0.179960 0.754410
vt 0.580879 0.433597
vt 0.714651 0.432140
vt 0.709960 0.439799
vt 0.709670 0.431772
vt 0.178911 0.763571
vt 0.709441 0.439895
vt 0.590264 0.433504
vt 0.177347 0.771761
vt 0.599888 0.433641
vt 0.175866 0.779492
vt 0.609630 0.433744
vt 0.756821 0.528283
vt 0.759129 0.513465
vt 0.767325 0.517472
vt 0.114998 0.736073
vt 0.099027 0.737890
vt 0.097022 0.729167
vt 0.775865 0.520779
vt 0.619422 0.433811
vt 0.112712 0.727115
vt 0.094549 0.720260
vt 0.173459 0.788068
vt 0.784224 0.523131
vt 0.628071 0.434107
vt 0.170241 0.796802
vt 0.166939 0.804696
vt 0.636825 0.433785
vt 0.793011 0.525231
vt 0.533354 0.439157
vt 0.528097 0.431423
vt 0.533715 0.430751
vt 0.646477 0.433772
vt 0.801037 0.526852
vt 0.522306 0.431299
vt 0.655905 0.433723
vt 0.809271 0.527622
vt 0.818633 0.528217
vt 0.665362 0.433885
vt 0.674252 0.433761
vt 0.682635 0.433320
vt 0.690827 0.433096
vt 0.697289 0.431924
vt 0.533895 0.439246
vt 0.539562 0.439510
vt 0.546336 0.439748
vt 0.547078 0.431745
vt 0.545803 0.439793
vt 0.078708 0.739004
vt 0.080556 0.732089
vt 0.081724 0.743088
vt 0.095025 0.752973
vt 0.093474 0.741183
vt 0.097047 0.740978
vt 0.098617 0.752921
vt 0.746571 0.481027
vt 0.742535 0.472501
vt 0.750253 0.480621
vt 0.674145 0.430406
vt 0.682540 0.430230
vt 0.736577 0.481781
vt 0.737540 0.487457
vt 0.732142 0.481675
vt 0.091698 0.753134
vt 0.673379 0.426790
vt 0.681663 0.426614
vt 0.090169 0.741536
vt 0.672447 0.423915
vt 0.680590 0.423742
vt 0.737570 0.471584
vt 0.740193 0.478258
vt 0.737953 0.466556
vt 0.099219 0.762564
vt 0.101370 0.753999
vt 0.101904 0.763214
vt 0.665138 0.430554
vt 0.088774 0.757890
vt 0.086744 0.742060
vt 0.727502 0.469978
vt 0.727501 0.475590
vt 0.732403 0.470521
vt 0.738498 0.480029
vt 0.078029 0.753423
vt 0.076786 0.744529
vt 0.664500 0.426935
vt 0.086048 0.758158
vt 0.084076 0.742575
vt 0.095608 0.762458
vt 0.663721 0.424057
vt 0.083566 0.758359
vt 0.655555 0.430664
vt 0.092278 0.762483
vt 0.667153 0.421413
vt 0.081327 0.758384
vt 0.728588 0.464331
vt 0.655058 0.427044
vt 0.078653 0.762482
vt 0.654444 0.424164
vt 0.730055 0.459481
vt 0.730718 0.452806
vt 0.645864 0.430733
vt 0.722454 0.459925
vt 0.723495 0.469071
vt 0.653676 0.421603
vt 0.725446 0.457756
vt 0.645507 0.427112
vt 0.760203 0.487737
vt 0.757763 0.490223
vt 0.757238 0.489076
vt 0.756533 0.488091
vt 0.645066 0.424233
vt 0.755617 0.487215
vt 0.635996 0.430763
vt 0.639912 0.421683
vt 0.721277 0.448259
vt 0.719162 0.449639
vt 0.753283 0.485983
vt 0.752019 0.485690
vt 0.754501 0.486491
vt 0.635780 0.427143
vt 0.723362 0.447183
vt 0.635511 0.424262
vt 0.725554 0.446579
vt 0.623424 0.430750
vt 0.623403 0.427128
vt 0.623355 0.424247
vt 0.727168 0.433511
vt 0.623287 0.421684
vt 0.623213 0.419978
vt 0.639501 0.419979
vt 0.610746 0.430679
vt 0.722064 0.435269
vt 0.719955 0.436103
vt 0.724238 0.434808
vt 0.610895 0.427057
vt 0.611054 0.424177
vt 0.600735 0.430574
vt 0.606564 0.421564
vt 0.055765 0.696268
vt 0.059793 0.696358
vt 0.059975 0.697698
vt 0.060358 0.698913
vt 0.611593 0.419243
vt 0.060947 0.700054
vt 0.601016 0.426953
vt 0.018959 0.667966
vt 0.010034 0.668614
vt 0.010925 0.666540
vt 0.601343 0.424075
vt 0.020746 0.671625
vt 0.009170 0.670762
vt 0.009220 0.673659
vt 0.062713 0.706671
vt 0.062674 0.701869
vt 0.063697 0.702452
vt 0.061743 0.701069
vt 0.590859 0.430432
vt 0.026247 0.676998
vt 0.029615 0.669177
vt 0.024332 0.665417
vt 0.591274 0.426813
vt 0.028350 0.671192
vt 0.591768 0.423937
vt 0.581493 0.430256
vt 0.818185 0.525570
vt 0.588089 0.421297
vt 0.597568 0.419748
vt 0.818152 0.521987
vt 0.582035 0.426641
vt 0.582679 0.423769
vt 0.033126 0.675436
vt 0.808529 0.524946
vt 0.038693 0.681764
vt 0.572023 0.430040
vt 0.038387 0.674078
vt 0.037645 0.669616
vt 0.808672 0.521381
vt 0.572698 0.426429
vt 0.814222 0.509841
vt 0.574010 0.422290
vt 0.808887 0.518069
vt 0.796554 0.523329
vt 0.562828 0.429787
vt 0.818137 0.505027
vt 0.809378 0.513449
vt 0.044564 0.677694
vt 0.048565 0.673786
vt 0.563637 0.426179
vt 0.796875 0.519788
vt 0.564606 0.423314
vt 0.797313 0.516505
vt 0.045104 0.682393
vt 0.554283 0.429505
vt 0.804062 0.506683
vt 0.809039 0.504356
vt 0.056223 0.681914
vt 0.056066 0.677607
vt 0.797890 0.513092
vt 0.054114 0.683591
vt 0.555214 0.425904
vt 0.798428 0.510426
vt 0.784898 0.520685
vt 0.052357 0.685303
vt 0.798979 0.508077
vt 0.556352 0.423063
vt 0.046873 0.687943
vt 0.800089 0.503059
vt 0.547659 0.429007
vt 0.785369 0.517181
vt 0.061805 0.682840
vt 0.065256 0.687843
vt 0.064226 0.688447
vt 0.548797 0.425662
vt 0.782073 0.512878
vt 0.064612 0.681464
vt 0.069015 0.686297
vt 0.055021 0.691369
vt 0.776563 0.518129
vt 0.782989 0.509547
vt 0.791369 0.501145
vt 0.063154 0.689231
vt 0.783825 0.506952
vt 0.060909 0.690757
vt 0.061308 0.691228
vt 0.060624 0.692396
vt 0.062173 0.690157
vt 0.060126 0.693653
vt 0.777138 0.514658
vt 0.784679 0.504680
vt 0.785850 0.502702
vt 0.059845 0.695015
vt 0.087555 0.704174
vt 0.080852 0.698308
vt 0.083178 0.697843
vt 0.084916 0.704369
vt 0.767643 0.514719
vt 0.782950 0.498633
vt 0.081506 0.705105
vt 0.077447 0.699465
vt 0.768345 0.511297
vt 0.080134 0.709620
vt 0.073691 0.701210
vt 0.075281 0.700453
vt 0.769250 0.508158
vt 0.067369 0.708670
vt 0.066172 0.703046
vt 0.067451 0.703032
vt 0.064899 0.702860
vt 0.759448 0.510868
vt 0.088524 0.712053
vt 0.091463 0.712149
vt 0.770919 0.503849
vt 0.076976 0.710988
vt 0.072074 0.701891
vt 0.065912 0.712121
vt 0.760273 0.507506
vt 0.071758 0.709045
vt 0.068823 0.702857
vt 0.070356 0.702484
vt 0.085077 0.712690
vt 0.773861 0.499376
vt 0.761340 0.504463
vt 0.753188 0.507124
vt 0.752708 0.509314
vt 0.774903 0.495542
vt 0.091678 0.720255
vt 0.755924 0.500451
vt 0.756443 0.499356
vt 0.069474 0.719608
vt 0.762691 0.501281
vt 0.088186 0.720778
vt 0.754215 0.504110
vt 0.077705 0.719454
vt 0.074273 0.720606
vt 0.764558 0.497883
vt 0.084978 0.721506
vt 0.094461 0.729378
vt 0.764279 0.493670
vt 0.767300 0.491900
vt 0.083172 0.726905
vt 0.756978 0.498104
vt 0.758403 0.495785
vt 0.090929 0.729761
vt 0.757836 0.495444
vt 0.758084 0.494103
vt 0.757453 0.496799
vt 0.758168 0.492770
vt 0.758068 0.491450
vt 0.087672 0.730328
vt 0.696637 0.429086
vt 0.072491 0.727551
vt 0.690549 0.429998
vt 0.736096 0.490241
vt 0.741326 0.493963
vt 0.740230 0.497437
vt 0.689570 0.426379
vt 0.743114 0.490224
vt 0.742276 0.491761
vt 0.100618 0.745749
vt 0.750626 0.485606
vt 0.749246 0.485761
vt 0.747956 0.486126
vt 0.074935 0.735882
vt 0.744137 0.488847
vt 0.745402 0.487606
vt 0.746688 0.486722
vt 0.730582 0.484346
vt 0.718638 0.391655
vt 0.711966 0.393360
vt 0.718635 0.394442
vt 0.711959 0.395844
vt 0.153923 0.662366
vt 0.153058 0.657702
vt 0.156613 0.657672
vt 0.157511 0.663314
vt 0.160035 0.659039
vt 0.160035 0.665137
vt 0.383783 0.654099
vt 0.390517 0.652909
vt 0.390416 0.655124
vt 0.383748 0.655299
vt 0.390381 0.657171
vt 0.167430 0.631131
vt 0.160762 0.630862
vt 0.167358 0.629209
vt 0.160648 0.628480
vt 0.718536 0.301703
vt 0.716424 0.303045
vt 0.380711 0.711714
vt 0.382037 0.706988
vt 0.385018 0.709175
vt 0.723819 0.371257
vt 0.720110 0.371257
vt 0.722333 0.366617
vt 0.383978 0.713470
vt 0.388023 0.709826
vt 0.717806 0.365182
vt 0.717813 0.367704
vt 0.711139 0.366626
vt 0.711134 0.363957
vt 0.731322 0.333154
vt 0.727613 0.333154
vt 0.729836 0.328514
vt 0.705810 0.334726
vt 0.709852 0.331078
vt 0.720766 0.340106
vt 0.720773 0.342629
vt 0.714099 0.341551
vt 0.714095 0.338879
vt 0.720764 0.337526
vt 0.714094 0.335136
vt 0.720765 0.334409
vt 0.714099 0.332502
vt 0.720771 0.331942
vt 0.422638 0.723966
vt 0.427365 0.723156
vt 0.428253 0.725511
vt 0.712898 0.376707
vt 0.719570 0.375491
vt 0.712902 0.374432
vt 0.722726 0.348493
vt 0.727223 0.347103
vt 0.728437 0.349760
vt 0.719575 0.373627
vt 0.723370 0.350444
vt 0.723547 0.353141
vt 0.728437 0.354000
vt 0.722535 0.356419
vt 0.714150 0.322529
vt 0.720898 0.321015
vt 0.720797 0.323229
vt 0.166985 0.612520
vt 0.164352 0.614323
vt 0.166390 0.616700
vt 0.163206 0.617830
vt 0.164400 0.620254
vt 0.161554 0.619963
vt 0.163202 0.585398
vt 0.160859 0.584774
vt 0.163205 0.583158
vt 0.160857 0.587848
vt 0.163199 0.589249
vt 0.160858 0.591012
vt 0.163203 0.592081
vt 0.163203 0.593797
vt 0.160860 0.594589
vt 0.689524 0.299551
vt 0.692854 0.300548
vt 0.691713 0.302644
vt 0.691394 0.297214
vt 0.688525 0.295223
vt 0.379517 0.422942
vt 0.379308 0.432127
vt 0.379197 0.432120
vt 0.379406 0.422945
vt 0.379197 0.416034
vt 0.165041 0.421087
vt 0.164785 0.431414
vt 0.164916 0.420387
vt 0.165041 0.425167
vt 0.165151 0.425166
vt 0.165491 0.434466
vt 0.165491 0.415980
vt 0.165380 0.415972
vt 0.576305 0.046124
vt 0.576268 0.040769
vt 0.576397 0.041168
vt 0.576189 0.046456
vt 0.575532 0.039240
vt 0.571697 0.035937
vt 0.572665 0.036501
vt 0.575265 0.048200
vt 0.573609 0.037196
vt 0.574404 0.037928
vt 0.727621 0.311964
vt 0.720911 0.312666
vt 0.721080 0.309236
vt 0.727750 0.308961
vt 0.727757 0.307982
vt 0.721102 0.305502
vt 0.727757 0.305323
vt 0.721036 0.303284
vt 0.727688 0.303227
vt 0.724578 0.365419
vt 0.731249 0.365285
vt 0.731214 0.367641
vt 0.724544 0.367890
vt 0.731208 0.370342
vt 0.724544 0.371465
vt 0.731230 0.372863
vt 0.724587 0.373875
vt 0.727600 0.329789
vt 0.727513 0.331942
vt 0.720897 0.331314
vt 0.720959 0.328056
vt 0.727613 0.327232
vt 0.720897 0.324380
vt 0.727562 0.324572
vt 0.716549 0.288663
vt 0.723264 0.286986
vt 0.723203 0.289429
vt 0.727451 0.322479
vt 0.716515 0.291132
vt 0.723175 0.292471
vt 0.716515 0.294708
vt 0.723200 0.296105
vt 0.716567 0.297435
vt 0.726298 0.382552
vt 0.719578 0.383889
vt 0.719662 0.381778
vt 0.726189 0.384563
vt 0.726348 0.380005
vt 0.719691 0.378681
vt 0.726327 0.377399
vt 0.719578 0.374862
vt 0.726245 0.375070
vt 0.724544 0.359850
vt 0.731245 0.356579
vt 0.731211 0.360625
vt 0.724582 0.356419
vt 0.724563 0.363342
vt 0.731245 0.364258
vt 0.724605 0.365285
vt 0.564763 0.846187
vt 0.567318 0.845622
vt 0.570617 0.840300
vt 0.568119 0.841608
vt 0.570463 0.841786
vt 0.571817 0.838067
vt 0.574217 0.838541
vt 0.580060 0.834160
vt 0.577738 0.834213
vt 0.578471 0.835990
vt 0.583100 0.834203
vt 0.584490 0.831935
vt 0.587964 0.833233
vt 0.591204 0.832084
vt 0.589563 0.831257
vt 0.592924 0.833109
vt 0.594679 0.831418
vt 0.597623 0.832903
vt 0.597832 0.833837
vt 0.599707 0.832414
vt 0.602542 0.835392
vt 0.605621 0.835847
vt 0.604478 0.834251
vt 0.606918 0.837731
vt 0.608889 0.836845
vt 0.610829 0.840782
vt 0.614897 0.843653
vt 0.614473 0.841722
vt 0.614159 0.844458
vt 0.616813 0.848648
vt 0.619809 0.850499
vt 0.618712 0.853232
vt 0.620163 0.855034
vt 0.619797 0.858072
vt 0.622010 0.860665
vt 0.620040 0.863028
vt 0.620871 0.862902
vt 0.379517 0.464727
vt 0.379850 0.460872
vt 0.379921 0.463175
vt 0.628847 0.874139
vt 0.632754 0.872788
vt 0.628419 0.875421
vt 0.633311 0.871596
vt 0.676237 0.899439
vt 0.164785 0.450155
vt 0.165297 0.446638
vt 0.165297 0.457688
vt 0.624858 0.877365
vt 0.624609 0.878756
vt 0.676893 0.895688
vt 0.675757 0.894385
vt 0.675394 0.889610
vt 0.674449 0.889489
vt 0.621458 0.881207
vt 0.621403 0.882680
vt 0.673359 0.884930
vt 0.672338 0.884884
vt 0.670546 0.880661
vt 0.669483 0.880696
vt 0.619016 0.884959
vt 0.617716 0.889054
vt 0.667086 0.876907
vt 0.665964 0.877051
vt 0.663030 0.873796
vt 0.661883 0.874047
vt 0.379517 0.457198
vt 0.658542 0.871374
vt 0.657353 0.871773
vt 0.653725 0.869695
vt 0.652508 0.870292
vt 0.648679 0.868890
vt 0.647481 0.869648
vt 0.643575 0.868900
vt 0.642420 0.869856
vt 0.638088 0.869924
vt 0.637464 0.870913
vt 0.639791 0.886066
vt 0.644124 0.879897
vt 0.651271 0.880611
vt 0.661924 0.887867
vt 0.658979 0.881005
vt 0.654076 0.895852
vt 0.653370 0.904572
vt 0.639050 0.894760
vt 0.674461 0.889492
vt 0.665381 0.894463
vt 0.628395 0.887465
vt 0.676242 0.899429
vt 0.667183 0.905207
vt 0.663999 0.911861
vt 0.637440 0.870898
vt 0.642434 0.869844
vt 0.330823 0.410494
vt 0.320239 0.410372
vt 0.320815 0.407450
vt 0.063282 0.000679
vt 0.072504 0.000762
vt 0.072095 0.003020
vt 0.062715 0.002929
vt 0.052909 0.006893
vt 0.061179 0.012144
vt 0.051672 0.012331
vt 0.061836 0.008519
vt 0.186060 0.870535
vt 0.183194 0.874922
vt 0.184929 0.865574
vt 0.329916 0.413161
vt 0.319477 0.413038
vt 0.062217 0.005596
vt 0.192309 0.863502
vt 0.195772 0.868887
vt 0.189388 0.881170
vt 0.187896 0.871283
vt 0.054154 0.001674
vt 0.332888 0.415341
vt 0.318607 0.415284
vt 0.163356 0.464767
vt 0.163356 0.481428
vt 0.161871 0.469562
vt 0.198165 0.860089
vt 0.043656 0.006757
vt 0.042917 0.011982
vt 0.339520 0.407674
vt 0.332501 0.403970
vt 0.340412 0.404110
vt 0.190348 0.857702
vt 0.331508 0.407574
vt 0.186341 0.856341
vt 0.337020 0.797207
vt 0.346947 0.808256
vt 0.339139 0.803548
vt 0.357205 0.804070
vt 0.343557 0.795501
vt 0.344574 0.793633
vt 0.358483 0.802365
vt 0.347676 0.403853
vt 0.346578 0.409629
vt 0.045165 0.001542
vt 0.338754 0.410595
vt 0.355960 0.805686
vt 0.342580 0.797249
vt 0.034449 0.008109
vt 0.354397 0.807789
vt 0.034150 0.011730
vt 0.337736 0.413264
vt 0.193633 0.848830
vt 0.189762 0.847123
vt 0.035131 0.005194
vt 0.344295 0.414856
vt 0.036037 0.002530
vt 0.354287 0.813663
vt 0.363255 0.803911
vt 0.198583 0.846376
vt 0.201356 0.851548
vt 0.194990 0.838690
vt 0.193248 0.837761
vt 0.026122 0.007934
vt 0.025724 0.011527
vt 0.197686 0.840257
vt 0.026899 0.005021
vt 0.193577 0.896076
vt 0.189736 0.895905
vt 0.190206 0.894769
vt 0.189086 0.897033
vt 0.190534 0.893554
vt 0.190701 0.892253
vt 0.027928 0.002362
vt 0.190690 0.890903
vt 0.205325 0.843338
vt 0.199864 0.830406
vt 0.198211 0.829328
vt 0.018335 0.007746
vt 0.018272 0.011214
vt 0.204204 0.827670
vt 0.019206 0.004832
vt 0.193468 0.886960
vt 0.189658 0.887260
vt 0.188987 0.886143
vt 0.190147 0.888384
vt 0.190498 0.889600
vt 0.205822 0.828864
vt 0.020350 0.002176
vt 0.207696 0.830718
vt 0.210033 0.835529
vt 0.205432 0.822602
vt 0.203878 0.821384
vt 0.009352 0.007486
vt 0.012025 0.011465
vt 0.010328 0.004575
vt 0.005904 0.011026
vt 0.011613 0.001921
vt 0.215440 0.828189
vt 0.213309 0.813521
vt 0.211903 0.812132
vt 0.214834 0.815023
vt 0.216252 0.816450
vt 0.193630 0.408046
vt 0.184680 0.408291
vt 0.186883 0.404576
vt 0.193788 0.404522
vt 0.217919 0.818485
vt 0.221504 0.821378
vt 0.194484 0.410959
vt 0.185629 0.411203
vt 0.195617 0.413619
vt 0.186892 0.413860
vt 0.222253 0.805356
vt 0.221004 0.803828
vt 0.286403 0.791800
vt 0.286564 0.787964
vt 0.287701 0.788433
vt 0.285434 0.787314
vt 0.288920 0.788759
vt 0.201386 0.407876
vt 0.201204 0.404259
vt 0.290219 0.788928
vt 0.228169 0.815155
vt 0.224138 0.807841
vt 0.291570 0.788916
vt 0.202152 0.410793
vt 0.229777 0.807912
vt 0.203175 0.413453
vt 0.295519 0.791694
vt 0.295209 0.787885
vt 0.296324 0.787215
vt 0.294087 0.788373
vt 0.292872 0.788725
vt 0.229944 0.799584
vt 0.228829 0.797957
vt 0.235379 0.809576
vt 0.209670 0.407723
vt 0.209608 0.404078
vt 0.234975 0.798746
vt 0.210346 0.410642
vt 0.236017 0.800467
vt 0.211248 0.413304
vt 0.243074 0.804685
vt 0.238111 0.794508
vt 0.237138 0.792794
vt 0.218412 0.409106
vt 0.218063 0.403853
vt 0.164230 0.008359
vt 0.165006 0.011907
vt 0.163465 0.005438
vt 0.162446 0.002773
vt 0.244659 0.798532
vt 0.219905 0.414322
vt 0.205876 0.958775
vt 0.207391 0.963535
vt 0.251188 0.800523
vt 0.156274 0.008473
vt 0.157007 0.012063
vt 0.245965 0.789288
vt 0.227447 0.408991
vt 0.226758 0.403610
vt 0.247673 0.793150
vt 0.155603 0.005553
vt 0.228677 0.414212
vt 0.154704 0.002886
vt 0.216929 0.954309
vt 0.157602 0.000577
vt 0.236967 0.407382
vt 0.236607 0.403771
vt 0.145657 0.008599
vt 0.150065 0.012303
vt 0.256276 0.789661
vt 0.254905 0.785668
vt 0.237341 0.410304
vt 0.205722 0.953295
vt 0.145114 0.005676
vt 0.237834 0.412972
vt 0.142784 0.012254
vt 0.261520 0.791625
vt 0.259651 0.797130
vt 0.144381 0.003004
vt 0.205010 0.946051
vt 0.211350 0.947099
vt 0.238402 0.415219
vt 0.143533 0.000753
vt 0.196741 0.945247
vt 0.201518 0.956142
vt 0.246626 0.407311
vt 0.246069 0.403822
vt 0.265403 0.786849
vt 0.264728 0.783812
vt 0.198607 0.944204
vt 0.246890 0.410232
vt 0.200368 0.943237
vt 0.247254 0.412885
vt 0.134365 0.008694
vt 0.133764 0.012351
vt 0.268391 0.794530
vt 0.206459 0.939404
vt 0.254609 0.407249
vt 0.254640 0.404190
vt 0.133936 0.005770
vt 0.254648 0.413290
vt 0.254777 0.414883
vt 0.247886 0.416062
vt 0.274274 0.782727
vt 0.281256 0.780671
vt 0.281554 0.782023
vt 0.254611 0.410328
vt 0.133360 0.003097
vt 0.276733 0.785630
vt 0.277696 0.788154
vt 0.277333 0.792750
vt 0.132696 0.000845
vt 0.202298 0.931290
vt 0.125522 0.007221
vt 0.125441 0.012497
vt 0.281889 0.782979
vt 0.194357 0.933593
vt 0.191451 0.934717
vt 0.282917 0.784857
vt 0.283619 0.785741
vt 0.282342 0.783932
vt 0.284452 0.786562
vt 0.196214 0.928874
vt 0.281207 0.407203
vt 0.273536 0.409277
vt 0.273320 0.404435
vt 0.124667 0.001992
vt 0.281668 0.403689
vt 0.281127 0.410131
vt 0.198905 0.922827
vt 0.115870 0.007248
vt 0.116036 0.012655
vt 0.280981 0.412802
vt 0.273787 0.413251
vt 0.191232 0.925627
vt 0.187216 0.926935
vt 0.280799 0.415060
vt 0.273790 0.415054
vt 0.307271 0.781404
vt 0.300092 0.781736
vt 0.300288 0.780669
vt 0.301130 0.787596
vt 0.297289 0.786443
vt 0.304608 0.792427
vt 0.115293 0.002019
vt 0.298101 0.785604
vt 0.298779 0.784711
vt 0.290307 0.408746
vt 0.291063 0.403315
vt 0.307038 0.784548
vt 0.299755 0.782818
vt 0.106163 0.008761
vt 0.299330 0.783775
vt 0.106301 0.012259
vt 0.289716 0.413972
vt 0.188557 0.916755
vt 0.184442 0.917715
vt 0.313590 0.793995
vt 0.106050 0.005838
vt 0.299699 0.408786
vt 0.300252 0.403550
vt 0.315211 0.786002
vt 0.316169 0.781903
vt 0.105879 0.003180
vt 0.190567 0.909111
vt 0.196306 0.914087
vt 0.098282 0.008767
vt 0.298837 0.414011
vt 0.098152 0.011826
vt 0.098625 0.002725
vt 0.098651 0.001131
vt 0.105562 -0.000000
vt 0.318320 0.790375
vt 0.184458 0.907965
vt 0.182425 0.901167
vt 0.183782 0.900881
vt 0.098439 0.005687
vt 0.309457 0.407343
vt 0.309249 0.403724
vt 0.323899 0.788314
vt 0.325192 0.784310
vt 0.187385 0.905613
vt 0.309018 0.410263
vt 0.194525 0.905145
vt 0.308437 0.412931
vt 0.184741 0.900553
vt 0.185696 0.900106
vt 0.186624 0.899538
vt 0.187509 0.898840
vt 0.322388 0.796388
vt 0.188332 0.898011
vt 0.307768 0.415181
vt 0.318288 0.403840
vt 0.071535 0.008620
vt 0.079443 0.006603
vt 0.079473 0.011447
vt 0.070736 0.012133
vt 0.332674 0.791453
vt 0.333947 0.788626
vt 0.071759 0.005689
vt 0.079482 0.002627
vt 0.079658 0.000823
vt 0.183495 0.882342
vt 0.182425 0.882136
vt 0.187373 0.884358
vt 0.186478 0.883675
vt 0.188214 0.885175
vt 0.194203 0.877869
vt 0.330929 0.799580
vt 0.325451 0.403752
vt 0.184581 0.882687
vt 0.185540 0.883118
vt 0.079882 0.029114
vt 0.070401 0.038471
vt 0.069280 0.037287
vt 0.344911 0.363997
vt 0.336097 0.363844
vt 0.327877 0.363726
vt 0.272791 0.386773
vt 0.281641 0.376430
vt 0.284393 0.379312
vt 0.301046 0.363485
vt 0.068967 0.049666
vt 0.069984 0.048701
vt 0.068641 0.049917
vt 0.067905 0.050402
vt 0.065098 0.051782
vt 0.108221 0.037463
vt 0.107859 0.037810
vt 0.097574 0.029193
vt 0.106202 0.039906
vt 0.109385 0.036567
vt 0.290072 0.363482
vt 0.287200 0.364141
vt 0.285112 0.365041
vt 0.287404 0.364079
vt 0.283654 0.366140
vt 0.282865 0.366873
vt 0.244497 0.378625
vt 0.245249 0.377879
vt 0.255059 0.386819
vt 0.245913 0.377054
vt 0.243676 0.379278
vt 0.108546 0.049945
vt 0.108723 0.050072
vt 0.106834 0.048305
vt 0.114434 0.052448
vt 0.112320 0.052019
vt 0.242363 0.364980
vt 0.239854 0.363993
vt 0.244942 0.366851
vt 0.336928 0.389603
vt 0.348077 0.381865
vt 0.340987 0.381727
vt 0.333458 0.381603
vt 0.325082 0.381494
vt 0.312149 0.389303
vt 0.312195 0.381359
vt 0.299166 0.381271
vt 0.238307 0.363683
vt 0.238184 0.363673
vt 0.284945 0.389164
vt 0.287189 0.380650
vt 0.289884 0.381197
vt 0.271886 0.370312
vt 0.266858 0.386781
vt 0.281440 0.376128
vt 0.280874 0.374888
vt 0.280431 0.372307
vt 0.280877 0.370071
vt 0.281067 0.369535
vt 0.281795 0.368106
vt 0.255723 0.369666
vt 0.246911 0.375190
vt 0.247400 0.372417
vt 0.246475 0.376149
vt 0.243065 0.389276
vt 0.242955 0.379759
vt 0.241562 0.380461
vt 0.240093 0.380971
vt 0.246135 0.368429
vt 0.246775 0.369648
vt 0.216795 0.389556
vt 0.212187 0.381680
vt 0.220058 0.381566
vt 0.204470 0.381812
vt 0.193642 0.389983
vt 0.196834 0.381965
vt 0.189889 0.382127
vt 0.008060 0.033472
vt 0.183482 0.382301
vt 0.018294 0.025816
vt 0.021488 0.033842
vt 0.014507 0.033662
vt 0.029157 0.034013
vt 0.189516 0.364338
vt 0.041539 0.026298
vt 0.044797 0.034295
vt 0.036902 0.034163
vt 0.183130 0.364513
vt 0.053938 0.034423
vt 0.067866 0.026633
vt 0.067990 0.036312
vt 0.063143 0.034565
vt 0.065080 0.034989
vt 0.007675 0.051260
vt 0.066575 0.035545
vt 0.080661 0.045388
vt 0.071216 0.039695
vt 0.014100 0.051450
vt 0.071738 0.040849
vt 0.072177 0.043525
vt 0.071134 0.047096
vt 0.070444 0.048136
vt 0.096709 0.044737
vt 0.105729 0.040916
vt 0.109759 0.026822
vt 0.112379 0.035262
vt 0.112734 0.035148
vt 0.114551 0.034797
vt 0.105859 0.046476
vt 0.105727 0.046092
vt 0.136922 0.026729
vt 0.161623 0.026464
vt 0.435038 0.730353
vt 0.428323 0.731007
vt 0.428447 0.728898
vt 0.435181 0.726698
vt 0.428525 0.726329
vt 0.428528 0.723264
vt 0.435181 0.723155
vt 0.380770 0.713627
vt 0.387443 0.713470
vt 0.387382 0.716458
vt 0.380711 0.716742
vt 0.387376 0.720339
vt 0.380711 0.720838
vt 0.387409 0.722675
vt 0.380775 0.723879
vt 0.173607 0.602011
vt 0.170770 0.598317
vt 0.174532 0.598342
vt 0.174945 0.602414
vt 0.173646 0.604778
vt 0.176921 0.631345
vt 0.179551 0.598314
vt 0.179835 0.630947
vt 0.379148 0.467135
vt 0.379148 0.463892
vt 0.379266 0.465413
vt 0.175144 0.602308
vt 0.176703 0.604909
vt 0.176724 0.602011
vt 0.387164 0.650722
vt 0.385518 0.649210
vt 0.384208 0.647683
vt 0.163533 0.470290
vt 0.163533 0.467906
vt 0.163623 0.469423
vt 0.379512 0.463088
vt 0.379420 0.462202
vt 0.379512 0.460697
vt 0.387630 0.462154
vt 0.387630 0.458710
vt 0.387754 0.460157
vt 0.390517 0.652910
vt 0.388415 0.651718
vt 0.390868 0.494383
vt 0.387580 0.496701
vt 0.388877 0.495600
vt 0.168175 0.598265
vt 0.170326 0.630933
vt 0.390868 0.525995
vt 0.384747 0.499667
vt 0.386316 0.497880
vt 0.173426 0.631348
vt 0.388168 0.525996
vt 0.388323 0.462184
vt 0.388323 0.458710
vt 0.388449 0.460718
vt 0.384699 0.621339
vt 0.387579 0.621374
vt 0.390517 0.621335
vt 0.177465 0.598335
vt 0.175270 0.602334
vt 0.175353 0.602386
vt 0.175482 0.602523
vt 0.181761 0.598265
vt 0.182387 0.629870
vt 0.163356 0.467927
vt 0.163356 0.464767
vt 0.163467 0.466463
vt 0.167568 0.629858
vt 0.386125 0.462141
vt 0.386125 0.458640
vt 0.386253 0.460423
vt 0.385191 0.526038
vt 0.173302 0.502709
vt 0.170552 0.498984
vt 0.174211 0.499048
vt 0.174589 0.503173
vt 0.173354 0.505449
vt 0.174744 0.503038
vt 0.164989 0.461240
vt 0.164989 0.464491
vt 0.164868 0.462959
vt 0.174862 0.503013
vt 0.383480 0.528330
vt 0.385138 0.529849
vt 0.386446 0.531375
vt 0.163514 0.467927
vt 0.163514 0.470611
vt 0.163356 0.469477
vt 0.380064 0.526121
vt 0.382208 0.527326
vt 0.163396 0.468604
vt 0.380155 0.472437
vt 0.380063 0.471553
vt 0.380155 0.470058
vt 0.176375 0.502887
vt 0.179472 0.498979
vt 0.179707 0.531586
vt 0.387878 0.458710
vt 0.387878 0.462144
vt 0.387754 0.460700
vt 0.168154 0.498863
vt 0.170150 0.531578
vt 0.173158 0.532030
vt 0.380299 0.494383
vt 0.380299 0.462771
vt 0.383218 0.492498
vt 0.386636 0.489062
vt 0.385062 0.490857
vt 0.384010 0.491846
vt 0.383181 0.462750
vt 0.165480 0.460551
vt 0.165480 0.463966
vt 0.165356 0.461961
vt 0.385949 0.557727
vt 0.383059 0.557685
vt 0.380064 0.557706
vt 0.175213 0.503300
vt 0.177173 0.499032
vt 0.175030 0.503069
vt 0.176637 0.532029
vt 0.181859 0.498863
vt 0.182425 0.530450
vt 0.380265 0.464103
vt 0.380265 0.467322
vt 0.380145 0.465573
vt 0.167597 0.530430
vt 0.388579 0.458710
vt 0.388579 0.462191
vt 0.388449 0.460416
vt 0.386065 0.462695
vt 0.176849 0.561359
vt 0.177593 0.565037
vt 0.174672 0.565023
vt 0.173490 0.532033
vt 0.173753 0.558457
vt 0.170392 0.532467
vt 0.175530 0.560952
vt 0.176796 0.558616
vt 0.175331 0.561059
vt 0.165271 0.461259
vt 0.165271 0.464507
vt 0.165148 0.462976
vt 0.173737 0.561359
vt 0.170758 0.565078
vt 0.167621 0.467770
vt 0.169268 0.469299
vt 0.170573 0.470828
vt 0.380265 0.467322
vt 0.380265 0.470058
vt 0.380108 0.468907
vt 0.380147 0.468017
vt 0.379950 0.470133
vt 0.380042 0.471017
vt 0.379950 0.472510
vt 0.388198 0.458710
vt 0.388198 0.462139
vt 0.388073 0.460697
vt 0.164258 0.465517
vt 0.166367 0.466751
vt 0.181912 0.565181
vt 0.179760 0.565082
vt 0.179927 0.532472
vt 0.176968 0.532030
vt 0.167570 0.663021
vt 0.167570 0.631437
vt 0.170331 0.661203
vt 0.380337 0.457198
vt 0.380337 0.460826
vt 0.380145 0.458984
vt 0.379197 0.416034
vt 0.379197 0.418456
vt 0.379159 0.417036
vt 0.170303 0.631478
vt 0.379255 0.460468
vt 0.379255 0.463892
vt 0.379131 0.461881
vt 0.170018 0.497185
vt 0.167135 0.497132
vt 0.164258 0.497116
vt 0.175206 0.561032
vt 0.175124 0.560981
vt 0.174994 0.560843
vt 0.168195 0.565181
vt 0.167597 0.533585
vt 0.379921 0.464727
vt 0.379921 0.467944
vt 0.379802 0.466192
vt 0.182389 0.533599
vt 0.386514 0.458640
vt 0.386514 0.462129
vt 0.386385 0.460345
vt 0.173149 0.631444
vt 0.173697 0.657798
vt 0.176684 0.594517
vt 0.177426 0.598193
vt 0.174491 0.598185
vt 0.175400 0.594058
vt 0.176648 0.591752
vt 0.175245 0.594193
vt 0.379289 0.467220
vt 0.379289 0.463984
vt 0.379407 0.465505
vt 0.175127 0.594218
vt 0.387432 0.587260
vt 0.385872 0.585791
vt 0.384567 0.584268
vt 0.390663 0.589546
vt 0.388676 0.588324
vt 0.379289 0.472606
vt 0.379289 0.469970
vt 0.379445 0.471079
vt 0.379407 0.471937
vt 0.380036 0.463685
vt 0.380128 0.464572
vt 0.380036 0.466074
vt 0.173604 0.594358
vt 0.170604 0.598212
vt 0.170308 0.565590
vt 0.388198 0.462153
vt 0.388198 0.458710
vt 0.388323 0.460160
vt 0.390517 0.589546
vt 0.390517 0.621141
vt 0.387828 0.591376
vt 0.164801 0.461220
vt 0.164801 0.457688
vt 0.164990 0.459490
vt 0.379196 0.418456
vt 0.379196 0.420863
vt 0.379159 0.419451
vt 0.176877 0.565181
vt 0.173380 0.565182
vt 0.387851 0.621110
vt 0.387878 0.462138
vt 0.387878 0.458710
vt 0.388002 0.460724
vt 0.387976 0.557948
vt 0.384996 0.557908
vt 0.179523 0.598215
vt 0.174777 0.593931
vt 0.174959 0.594162
vt 0.179857 0.565597
vt 0.379921 0.467400
vt 0.379921 0.464184
vt 0.380039 0.465936
vt 0.168096 0.598265
vt 0.167568 0.566657
vt 0.390663 0.557948
vt 0.182389 0.566675
vt 0.181739 0.598265
vt 0.386622 0.462141
vt 0.386622 0.458640
vt 0.386751 0.460423
vt 0.385030 0.621145
vt 0.384493 0.594784
vt 0.708303 0.372512
vt 0.703057 0.373545
vt 0.705541 0.372482
vt 0.711584 0.374585
vt 0.708372 0.384439
vt 0.700824 0.380264
vt 0.712898 0.378058
vt 0.705807 0.384563
vt 0.702889 0.383391
vt 0.700824 0.376554
vt 0.710640 0.383235
vt 0.712293 0.381197
vt 0.153058 0.657531
vt 0.153425 0.650797
vt 0.155940 0.654044
vt 0.153058 0.645697
vt 0.153448 0.646690
vt 0.155765 0.643747
vt 0.153494 0.639779
vt 0.165471 0.648540
vt 0.166866 0.646662
vt 0.167076 0.649620
vt 0.157994 0.657672
vt 0.160094 0.654981
vt 0.160868 0.657299
vt 0.158391 0.639889
vt 0.161386 0.640440
vt 0.159287 0.642579
vt 0.164986 0.651121
vt 0.165886 0.653300
vt 0.164730 0.645942
vt 0.165999 0.644501
vt 0.163472 0.653360
vt 0.162966 0.643817
vt 0.164133 0.642138
vt 0.163777 0.655738
vt 0.176723 0.652356
vt 0.175426 0.655194
vt 0.177629 0.649005
vt 0.178045 0.631348
vt 0.173790 0.476846
vt 0.172437 0.473692
vt 0.174546 0.479914
vt 0.174947 0.497288
vt 0.389655 0.483611
vt 0.388362 0.486453
vt 0.390559 0.480257
vt 0.390956 0.462588
vt 0.389670 0.537391
vt 0.388313 0.534238
vt 0.390431 0.540457
vt 0.390868 0.557829
vt 0.381701 0.505104
vt 0.383008 0.502268
vt 0.380781 0.508454
vt 0.380298 0.526121
vt 0.380975 0.641672
vt 0.382336 0.644823
vt 0.380211 0.638607
vt 0.379767 0.621240
vt 0.381472 0.600224
vt 0.382767 0.597387
vt 0.380566 0.603575
vt 0.380064 0.621240
vt 0.381322 0.578266
vt 0.382690 0.581413
vt 0.380552 0.575201
vt 0.380064 0.557829
vt 0.697779 0.323912
vt 0.694190 0.324073
vt 0.694562 0.321451
vt 0.697426 0.321015
vt 0.697420 0.338802
vt 0.694556 0.338364
vt 0.696215 0.336043
vt 0.698794 0.335559
vt 0.690313 0.331373
vt 0.688799 0.332217
vt 0.688525 0.329263
vt 0.690385 0.328177
vt 0.689635 0.325557
vt 0.689762 0.334479
vt 0.691550 0.333777
vt 0.691674 0.325890
vt 0.691687 0.323075
vt 0.702320 0.338802
vt 0.701017 0.333859
vt 0.693577 0.335444
vt 0.702364 0.321046
vt 0.700184 0.325149
vt 0.691758 0.336788
vt 0.701848 0.327179
vt 0.702446 0.329816
vt 0.702542 0.330792
vt 0.696221 0.305986
vt 0.693583 0.306583
vt 0.694563 0.303663
vt 0.697777 0.318117
vt 0.694557 0.320575
vt 0.695152 0.318145
vt 0.697428 0.303227
vt 0.697423 0.321015
vt 0.698799 0.306471
vt 0.690316 0.310652
vt 0.688525 0.312760
vt 0.688803 0.309807
vt 0.690479 0.314243
vt 0.689690 0.316593
vt 0.689761 0.307558
vt 0.691554 0.308249
vt 0.692662 0.317097
vt 0.691760 0.319001
vt 0.691761 0.305241
vt 0.702366 0.303259
vt 0.701022 0.308173
vt 0.702323 0.321015
vt 0.700183 0.316882
vt 0.702471 0.311195
vt 0.702628 0.315089
vt 0.701849 0.314853
vt 0.384066 0.683255
vt 0.385028 0.680588
vt 0.387079 0.682778
vt 0.384107 0.665467
vt 0.386970 0.665911
vt 0.386140 0.668209
vt 0.382609 0.668775
vt 0.391357 0.674780
vt 0.392988 0.673740
vt 0.392704 0.676692
vt 0.381536 0.679333
vt 0.390935 0.672188
vt 0.391830 0.669904
vt 0.390552 0.677360
vt 0.391789 0.678836
vt 0.389477 0.669913
vt 0.388736 0.679440
vt 0.389866 0.681146
vt 0.379128 0.665502
vt 0.380571 0.670336
vt 0.389765 0.667493
vt 0.379128 0.683214
vt 0.379291 0.676334
vt 0.379276 0.672622
vt 0.587236 0.787178
vt 0.604746 0.806525
vt 0.591633 0.810063
vt 0.566166 0.934519
vt 0.569639 0.921408
vt 0.604988 0.783003
vt 0.596009 0.784694
vt 0.620006 0.806093
vt 0.614052 0.782179
vt 0.623169 0.782179
vt 0.634067 0.799841
vt 0.548013 0.873055
vt 0.549780 0.878405
vt 0.535997 0.883840
vt 0.632248 0.783023
vt 0.641210 0.784697
vt 0.637958 0.840735
vt 0.638911 0.822899
vt 0.560770 0.905563
vt 0.575182 0.904519
vt 0.580191 0.907862
vt 0.627497 0.821296
vt 0.610505 0.821542
vt 0.650322 0.813197
vt 0.649981 0.787195
vt 0.658484 0.790479
vt 0.630128 0.835281
vt 0.666647 0.794555
vt 0.586922 0.923248
vt 0.566367 0.898699
vt 0.554539 0.920547
vt 0.562944 0.896203
vt 0.589098 0.817494
vt 0.582872 0.818204
vt 0.594731 0.817614
vt 0.559761 0.893368
vt 0.548090 0.908489
vt 0.600883 0.818584
vt 0.621759 0.829370
vt 0.616478 0.825609
vt 0.555633 0.888699
vt 0.539346 0.899794
vt 0.585496 0.911418
vt 0.555529 0.956733
vt 0.548787 0.950585
vt 0.542639 0.943852
vt 0.532333 0.928807
vt 0.537152 0.936570
vt 0.528290 0.920655
vt 0.524999 0.912152
vt 0.522505 0.903381
vt 0.520830 0.894418
vt 0.519990 0.885338
vt 0.519990 0.876220
vt 0.546944 0.867512
vt 0.520833 0.867141
vt 0.535002 0.852978
vt 0.546595 0.861258
vt 0.522508 0.858179
vt 0.525006 0.849409
vt 0.547133 0.854999
vt 0.528300 0.840906
vt 0.548369 0.849477
vt 0.532364 0.832745
vt 0.550550 0.843587
vt 0.548703 0.827245
vt 0.537166 0.824993
vt 0.553541 0.838057
vt 0.542661 0.817716
vt 0.556878 0.833482
vt 0.561224 0.828945
vt 0.548805 0.810980
vt 0.568409 0.823310
vt 0.569221 0.807575
vt 0.555544 0.804838
vt 0.576823 0.819781
vt 0.552513 0.884017
vt 0.562821 0.799343
vt 0.570574 0.794545
vt 0.578736 0.790480
vt 0.556209 0.837059
vt 0.550651 0.847716
vt 0.561110 0.836974
vt 0.562481 0.837758
vt 0.557822 0.841826
vt 0.557644 0.837911
vt 0.162525 0.460115
vt 0.164779 0.463500
vt 0.162567 0.464767
vt 0.164670 0.459016
vt 0.563471 0.830477
vt 0.565259 0.832785
vt 0.163207 0.455052
vt 0.164584 0.454029
vt 0.161871 0.453108
vt 0.570855 0.826004
vt 0.571616 0.827288
vt 0.569933 0.824623
vt 0.163157 0.450100
vt 0.164534 0.448711
vt 0.379128 0.685913
vt 0.380560 0.683255
vt 0.380560 0.688613
vt 0.617991 0.830137
vt 0.163144 0.443369
vt 0.164507 0.443107
vt 0.576824 0.819782
vt 0.160357 0.550584
vt 0.161563 0.550933
vt 0.160357 0.557751
vt 0.160325 0.470430
vt 0.161610 0.476992
vt 0.160325 0.480001
vt 0.580378 0.822106
vt 0.580780 0.823522
vt 0.565488 0.890893
vt 0.565376 0.889487
vt 0.567587 0.891406
vt 0.582641 0.819756
vt 0.164501 0.437813
vt 0.566774 0.897182
vt 0.582874 0.818205
vt 0.163172 0.436460
vt 0.557379 0.888849
vt 0.564143 0.893352
vt 0.169670 0.460184
vt 0.171541 0.459482
vt 0.171663 0.464096
vt 0.170593 0.465483
vt 0.161795 0.563060
vt 0.161795 0.570149
vt 0.160517 0.570102
vt 0.587836 0.822278
vt 0.587911 0.823523
vt 0.581102 0.824735
vt 0.560574 0.886626
vt 0.565108 0.892253
vt 0.585973 0.817738
vt 0.556947 0.885279
vt 0.164552 0.432362
vt 0.587717 0.820830
vt 0.169511 0.454579
vt 0.171452 0.454373
vt 0.162563 0.430925
vt 0.557210 0.881669
vt 0.593403 0.822810
vt 0.596303 0.820882
vt 0.170062 0.446855
vt 0.171391 0.449226
vt 0.596328 0.819300
vt 0.553389 0.874838
vt 0.554552 0.874359
vt 0.162684 0.425582
vt 0.164599 0.427057
vt 0.552037 0.875388
vt 0.550603 0.876133
vt 0.171357 0.444685
vt 0.598875 0.823471
vt 0.600883 0.818584
vt 0.163444 0.420784
vt 0.164671 0.421874
vt 0.170001 0.437109
vt 0.171351 0.440282
vt 0.548016 0.873051
vt 0.606724 0.825052
vt 0.603965 0.825441
vt 0.551420 0.864948
vt 0.168723 0.436965
vt 0.608622 0.824271
vt 0.549951 0.865138
vt 0.548032 0.862327
vt 0.546946 0.867510
vt 0.607805 0.822389
vt 0.607740 0.828094
vt 0.609111 0.827724
vt 0.612547 0.830889
vt 0.171358 0.435073
vt 0.163683 0.415972
vt 0.164779 0.417375
vt 0.616840 0.831300
vt 0.170016 0.429662
vt 0.171405 0.430078
vt 0.546597 0.861256
vt 0.551738 0.856943
vt 0.552672 0.864789
vt 0.168707 0.429253
vt 0.546754 0.858119
vt 0.550255 0.856809
vt 0.547133 0.854999
vt 0.170137 0.422183
vt 0.171466 0.425280
vt 0.553735 0.848515
vt 0.554939 0.848899
vt 0.552992 0.857055
vt 0.552302 0.848064
vt 0.171556 0.420858
vt 0.169574 0.415972
vt 0.171663 0.416866
vt 0.180874 0.681502
vt 0.180874 0.676003
vt 0.182389 0.679631
vt 0.619129 0.931339
vt 0.620120 0.930053
vt 0.628649 0.937332
vt 0.612072 0.927054
vt 0.624764 0.930720
vt 0.627807 0.934314
vt 0.577864 0.903615
vt 0.595411 0.914700
vt 0.574240 0.899386
vt 0.590285 0.909591
vt 0.597722 0.911369
vt 0.597047 0.913541
vt 0.681029 0.924531
vt 0.686588 0.913874
vt 0.167940 0.420411
vt 0.165693 0.421526
vt 0.167596 0.415972
vt 0.679605 0.923680
vt 0.676159 0.924626
vt 0.679449 0.919775
vt 0.168016 0.425508
vt 0.165838 0.426447
vt 0.673772 0.931115
vt 0.672013 0.928814
vt 0.167337 0.430829
vt 0.165937 0.431770
vt 0.168707 0.433075
vt 0.666396 0.935590
vt 0.665652 0.934308
vt 0.667308 0.936969
vt 0.167381 0.436013
vt 0.165978 0.437312
vt 0.182294 0.689665
vt 0.180874 0.692312
vt 0.180874 0.686954
vt 0.167359 0.442899
vt 0.165971 0.443028
vt 0.660414 0.941808
vt 0.168658 0.442906
vt 0.656876 0.939488
vt 0.656488 0.938075
vt 0.671807 0.870712
vt 0.671934 0.872122
vt 0.669663 0.870143
vt 0.654604 0.941836
vt 0.165927 0.448319
vt 0.670490 0.864415
vt 0.654367 0.943386
vt 0.167262 0.449791
vt 0.679878 0.872747
vt 0.673113 0.868233
vt 0.173797 0.421231
vt 0.171885 0.421953
vt 0.171664 0.417363
vt 0.172734 0.415972
vt 0.168507 0.450045
vt 0.676708 0.874976
vt 0.672166 0.869347
vt 0.651269 0.943854
vt 0.680316 0.876318
vt 0.165805 0.453667
vt 0.649539 0.940765
vt 0.649433 0.939323
vt 0.174044 0.426815
vt 0.172055 0.427042
vt 0.648146 0.944098
vt 0.167808 0.455279
vt 0.680070 0.879932
vt 0.643876 0.938791
vt 0.649375 0.938080
vt 0.640959 0.940715
vt 0.173549 0.434532
vt 0.172171 0.432177
vt 0.640924 0.942294
vt 0.683883 0.886762
vt 0.682735 0.887244
vt 0.167595 0.460389
vt 0.165670 0.458759
vt 0.685220 0.886207
vt 0.686646 0.885461
vt 0.172235 0.436714
vt 0.638406 0.938131
vt 0.636368 0.943010
vt 0.167334 0.465233
vt 0.165491 0.463624
vt 0.173630 0.444281
vt 0.172252 0.441118
vt 0.174947 0.444409
vt 0.174799 0.434331
vt 0.632998 0.936678
vt 0.687303 0.896459
vt 0.685847 0.896650
vt 0.689210 0.899264
vt 0.629121 0.939099
vt 0.690294 0.894081
vt 0.629570 0.933515
vt 0.172236 0.446335
vt 0.634353 0.935443
vt 0.173571 0.451750
vt 0.172156 0.451344
vt 0.690641 0.900335
vt 0.174919 0.452142
vt 0.690483 0.903472
vt 0.686996 0.904785
vt 0.685527 0.904655
vt 0.690102 0.906591
vt 0.173352 0.459263
vt 0.172039 0.456163
vt 0.174731 0.459909
vt 0.683530 0.913081
vt 0.684293 0.904549
vt 0.684948 0.913527
vt 0.171870 0.460613
vt 0.173789 0.465517
vt 0.171664 0.464638
vt 0.165491 0.417068
vt 0.682344 0.912703
vt 0.663040 0.862215
vt 0.659409 0.857985
vt 0.625201 0.834546
vt 0.641870 0.846901
vt 0.647005 0.852013
vt 0.639543 0.850431
vt 0.640249 0.848064
vt 0.387239 0.428799
vt 0.386331 0.424453
vt 0.387350 0.424280
vt 0.386240 0.429252
vt 0.554253 0.861593
vt 0.554666 0.856604
vt 0.555587 0.859480
vt 0.387155 0.433554
vt 0.386176 0.434237
vt 0.554700 0.866364
vt 0.556467 0.864184
vt 0.558403 0.870119
vt 0.387345 0.438301
vt 0.386125 0.443859
vt 0.556854 0.871630
vt 0.559191 0.875470
vt 0.555598 0.871880
vt 0.387068 0.443872
vt 0.386135 0.448421
vt 0.557475 0.876202
vt 0.561537 0.878439
vt 0.387420 0.448516
vt 0.386172 0.453543
vt 0.559861 0.880486
vt 0.564195 0.882643
vt 0.387598 0.453241
vt 0.562863 0.884850
vt 0.567754 0.886731
vt 0.387630 0.458184
vt 0.386236 0.458640
vt 0.567096 0.887792
vt 0.571960 0.890235
vt 0.567348 0.889703
vt 0.565342 0.889482
vt 0.561798 0.885590
vt 0.161816 0.421426
vt 0.160872 0.424876
vt 0.161241 0.415972
vt 0.599120 0.827118
vt 0.607342 0.830686
vt 0.598338 0.828149
vt 0.606724 0.828328
vt 0.571334 0.891354
vt 0.602143 0.826682
vt 0.161727 0.425757
vt 0.160707 0.430059
vt 0.569681 0.891773
vt 0.611217 0.831028
vt 0.610590 0.832491
vt 0.591932 0.826833
vt 0.597501 0.825585
vt 0.161613 0.430219
vt 0.592142 0.825018
vt 0.161467 0.435460
vt 0.160568 0.435382
vt 0.160460 0.440789
vt 0.586895 0.826630
vt 0.588167 0.828314
vt 0.581050 0.829112
vt 0.586864 0.825334
vt 0.161432 0.440735
vt 0.580001 0.828033
vt 0.582557 0.826054
vt 0.161345 0.445098
vt 0.160378 0.446095
vt 0.577628 0.827610
vt 0.161300 0.450185
vt 0.160325 0.451698
vt 0.572445 0.832539
vt 0.571843 0.831226
vt 0.566368 0.838326
vt 0.160350 0.456967
vt 0.161871 0.456393
vt 0.567201 0.835704
vt 0.566350 0.834684
vt 0.161340 0.462279
vt 0.160325 0.462011
vt 0.160378 0.466501
vt 0.562171 0.841287
vt 0.562756 0.838486
vt 0.161407 0.466331
vt 0.160463 0.470430
vt 0.559486 0.848582
vt 0.559820 0.842646
vt 0.161512 0.469778
vt 0.557605 0.850020
vt 0.557489 0.847000
vt 0.387475 0.420117
vt 0.386446 0.420026
vt 0.386581 0.416034
vt 0.387630 0.416427
vt 0.555753 0.851697
vt 0.626125 0.930597
vt 0.599221 0.909192
vt 0.626703 0.929111
vt 0.388221 0.445875
vt 0.389110 0.450230
vt 0.388065 0.450416
vt 0.389248 0.445410
vt 0.683064 0.900018
vt 0.682652 0.905005
vt 0.681744 0.902134
vt 0.388333 0.441106
vt 0.389334 0.440410
vt 0.682621 0.895247
vt 0.680854 0.897419
vt 0.678934 0.891497
vt 0.388140 0.436354
vt 0.389364 0.430780
vt 0.680477 0.889984
vt 0.678145 0.886145
vt 0.681721 0.889731
vt 0.388400 0.430778
vt 0.389316 0.426224
vt 0.679849 0.885410
vt 0.675800 0.883177
vt 0.387996 0.426143
vt 0.389214 0.421112
vt 0.677466 0.881127
vt 0.673142 0.878973
vt 0.387750 0.421433
vt 0.674465 0.876763
vt 0.669582 0.874885
vt 0.387630 0.416508
vt 0.389058 0.416034
vt 0.670238 0.873823
vt 0.665377 0.871381
vt 0.670632 0.872372
vt 0.671968 0.872127
vt 0.675511 0.876018
vt 0.379517 0.452284
vt 0.380327 0.449156
vt 0.380327 0.457198
vt 0.668505 0.870820
vt 0.666104 0.870526
vt 0.638212 0.934496
vt 0.629994 0.930954
vt 0.639009 0.933454
vt 0.630597 0.933284
vt 0.635178 0.934930
vt 0.389364 0.461662
vt 0.390462 0.457721
vt 0.390224 0.462588
vt 0.645402 0.934782
vt 0.639821 0.936028
vt 0.389540 0.457466
vt 0.645177 0.936593
vt 0.389742 0.452444
vt 0.390656 0.452611
vt 0.390802 0.447309
vt 0.650437 0.934984
vt 0.649170 0.933301
vt 0.656287 0.932496
vt 0.650455 0.936277
vt 0.389813 0.447266
vt 0.657330 0.933581
vt 0.654761 0.935557
vt 0.389919 0.442921
vt 0.390903 0.442006
vt 0.659689 0.934001
vt 0.389969 0.437758
vt 0.390956 0.436292
vt 0.664890 0.929076
vt 0.665483 0.930385
vt 0.672695 0.921568
vt 0.390915 0.430814
vt 0.389364 0.431222
vt 0.670129 0.925910
vt 0.670966 0.926926
vt 0.389864 0.425023
vt 0.390897 0.425418
vt 0.390785 0.420493
vt 0.675159 0.920327
vt 0.674560 0.923125
vt 0.389739 0.420561
vt 0.390623 0.416034
vt 0.677497 0.918965
vt 0.389565 0.416640
vt 0.679725 0.911594
vt 0.678374 0.911282
vt 0.679828 0.914611
vt 0.387872 0.454606
vt 0.388925 0.454685
vt 0.388699 0.458710
vt 0.387630 0.458328
vt 0.681564 0.909914
vt 0.638963 0.852450
vt 0.415059 0.666172
vt 0.424911 0.665579
vt 0.426386 0.674889
vt 0.417605 0.681225
vt 0.426216 0.685667
vt 0.409062 0.676815
vt 0.398742 0.676866
vt 0.402064 0.673181
vt 0.405968 0.670121
vt 0.410339 0.667772
vt 0.450574 0.700402
vt 0.443393 0.694522
vt 0.449717 0.686899
vt 0.450574 0.691786
vt 0.448061 0.682215
vt 0.434915 0.679287
vt 0.434410 0.668314
vt 0.438670 0.670857
vt 0.442431 0.674090
vt 0.445585 0.677918
vt 0.434832 0.690110
vt 0.429778 0.666538
vt 0.419951 0.665467
vt 0.704632 0.293346
vt 0.710792 0.297435
vt 0.707060 0.296372
vt 0.704632 0.289087
vt 0.707369 0.285825
vt 0.712946 0.285570
vt 0.716515 0.292531
vt 0.715019 0.287085
vt 0.716364 0.289339
vt 0.714718 0.295781
vt 0.710425 0.285081
vt 0.712685 0.345370
vt 0.710439 0.352415
vt 0.710439 0.348534
vt 0.722535 0.350704
vt 0.717786 0.356413
vt 0.718877 0.344730
vt 0.715646 0.344317
vt 0.721016 0.354517
vt 0.715082 0.356419
vt 0.712671 0.355381
vt 0.721623 0.347229
vt 0.711728 0.401051
vt 0.710187 0.408570
vt 0.710024 0.403226
vt 0.714110 0.399776
vt 0.716734 0.399704
vt 0.719244 0.400710
vt 0.721543 0.407771
vt 0.715935 0.411967
vt 0.719411 0.410662
vt 0.712333 0.410938
vt 0.721543 0.403666
vt 0.709544 0.405945
vt 0.165372 0.440092
vt 0.165383 0.438544
vt 0.165491 0.439632
vt 0.165344 0.442107
vt 0.457509 0.367231
vt 0.385517 0.459577
vt 0.385517 0.462350
vt 0.385421 0.461882
vt 0.380275 0.462137
vt 0.380145 0.464103
vt 0.380145 0.460826
vt 0.385675 0.455838
vt 0.385675 0.459566
vt 0.385451 0.458252
vt 0.165492 0.450215
vt 0.165379 0.449934
vt 0.165344 0.447249
vt 0.165459 0.452193
vt 0.165344 0.452342
vt 0.165484 0.436516
vt 0.165344 0.434586
vt 0.165452 0.434466
vt 0.165368 0.436298
vt 0.164785 0.441667
vt 0.165019 0.431414
vt 0.164912 0.442356
vt 0.164981 0.444089
vt 0.165019 0.446638
vt 0.164870 0.444283
vt 0.163623 0.470323
vt 0.163623 0.467675
vt 0.163734 0.468314
vt 0.380500 0.460634
vt 0.380370 0.459102
vt 0.380500 0.457052
vt 0.380995 0.436501
vt 0.380995 0.434331
vt 0.381109 0.435789
vt 0.611730 0.038702
vt 0.615109 0.036039
vt 0.163854 0.467582
vt 0.163854 0.464767
vt 0.163968 0.467472
vt 0.165471 0.442548
vt 0.165344 0.442225
vt 0.165450 0.442107
vt 0.165379 0.444464
vt 0.165486 0.444638
vt 0.165344 0.447249
vt 0.611625 0.048528
vt 0.381227 0.434528
vt 0.381227 0.436082
vt 0.381109 0.435361
vt 0.618541 0.035014
vt 0.462393 0.380400
vt 0.456136 0.369554
vt 0.456257 0.374893
vt 0.456748 0.375900
vt 0.460861 0.379708
vt 0.459370 0.378845
vt 0.456995 0.367945
vt 0.457381 0.376851
vt 0.459214 0.365565
vt 0.457946 0.366723
vt 0.458128 0.377712
vt 0.610280 0.041193
vt 0.610855 0.039953
vt 0.612251 0.049226
vt 0.613045 0.049963
vt 0.613907 0.050608
vt 0.615145 0.051335
vt 0.617165 0.035308
vt 0.617330 0.052260
vt 0.619446 0.052583
vt 0.619949 0.052608
vt 0.574072 0.049491
vt 0.379396 0.456578
vt 0.379271 0.455030
vt 0.379497 0.456288
vt 0.379485 0.458315
vt 0.379374 0.458491
vt 0.379271 0.460696
vt 0.379126 0.450153
vt 0.379231 0.450095
vt 0.379271 0.452702
vt 0.379271 0.448503
vt 0.379166 0.448175
vt 0.385370 0.458992
vt 0.385272 0.455838
vt 0.385405 0.456170
vt 0.385272 0.459812
vt 0.380518 0.440010
vt 0.380413 0.439888
vt 0.380524 0.436936
vt 0.380284 0.442330
vt 0.379971 0.437360
vt 0.379920 0.439563
vt 0.379811 0.439403
vt 0.379889 0.436553
vt 0.380085 0.434331
vt 0.163641 0.471116
vt 0.163641 0.472659
vt 0.163533 0.471736
vt 0.163534 0.470290
vt 0.380648 0.436506
vt 0.380648 0.434331
vt 0.380784 0.435241
vt 0.379399 0.467893
vt 0.379413 0.468464
vt 0.379289 0.469970
vt 0.379289 0.467220
vt 0.379162 0.453216
vt 0.379153 0.452701
vt 0.379271 0.453355
vt 0.379153 0.456881
vt 0.380648 0.434331
vt 0.380648 0.436522
vt 0.380524 0.434347
vt 0.380398 0.436274
vt 0.380284 0.434386
vt 0.380399 0.434331
vt 0.380085 0.449001
vt 0.164843 0.418642
vt 0.164785 0.415972
vt 0.164956 0.418452
vt 0.380265 0.470058
vt 0.380265 0.472696
vt 0.380155 0.472058
vt 0.386253 0.458640
vt 0.386385 0.460122
vt 0.386253 0.462130
vt 0.380898 0.434331
vt 0.380898 0.436489
vt 0.380784 0.435037
vt 0.245536 0.377518
vt 0.242241 0.380188
vt 0.164082 0.464767
vt 0.164082 0.467554
vt 0.163968 0.464875
vt 0.165081 0.444664
vt 0.165208 0.444992
vt 0.165102 0.445117
vt 0.165170 0.442716
vt 0.165063 0.442541
vt 0.165208 0.439919
vt 0.245594 0.367689
vt 0.381440 0.436044
vt 0.381440 0.434528
vt 0.381558 0.435230
vt 0.165324 0.436474
vt 0.165318 0.438020
vt 0.165208 0.436935
vt 0.165344 0.434466
vt 0.070342 0.048240
vt 0.380036 0.463685
vt 0.380036 0.460926
vt 0.380141 0.461398
vt 0.379289 0.462667
vt 0.379420 0.460696
vt 0.379420 0.463984
vt 0.379921 0.460926
vt 0.379921 0.457198
vt 0.380145 0.458518
vt 0.385063 0.458015
vt 0.385172 0.458295
vt 0.385272 0.460990
vt 0.385152 0.455995
vt 0.385272 0.455838
vt 0.165217 0.440046
vt 0.165344 0.441968
vt 0.165235 0.442088
vt 0.165332 0.440262
vt 0.065497 0.035088
vt 0.189814 0.382128
vt 0.189439 0.364339
vt 0.183415 0.382302
vt 0.071717 0.045908
vt 0.071607 0.040566
vt 0.183047 0.364513
vt 0.014024 0.051450
vt 0.007592 0.051259
vt 0.007994 0.033471
vt 0.014432 0.033662
vt 0.071120 0.039561
vt 0.067024 0.035772
vt 0.068509 0.036627
vt 0.070856 0.047522
vt 0.070490 0.038613
vt 0.068637 0.049913
vt 0.246947 0.375022
vt 0.069905 0.048748
vt 0.069746 0.037754
vt 0.246388 0.376265
vt 0.244978 0.366992
vt 0.244199 0.366257
vt 0.243351 0.365614
vt 0.242139 0.364889
vt 0.240241 0.380922
vt 0.240004 0.363966
vt 0.237946 0.363645
vt 0.237481 0.363623
vt 0.165098 0.436817
vt 0.165208 0.436931
vt 0.165144 0.439918
vt 0.165208 0.434466
vt 0.379644 0.446139
vt 0.379698 0.444011
vt 0.379811 0.444021
vt 0.379724 0.446943
vt 0.379517 0.449156
vt 0.419373 0.378229
vt 0.416264 0.379989
vt 0.163628 0.471855
vt 0.163628 0.470323
vt 0.163738 0.471240
vt 0.163734 0.472672
vt 0.385964 0.462580
vt 0.385964 0.459917
vt 0.386067 0.461074
vt 0.379167 0.469211
vt 0.379153 0.468639
vt 0.379280 0.467135
vt 0.379280 0.469887
vt 0.165344 0.445777
vt 0.165336 0.446294
vt 0.165236 0.445639
vt 0.165344 0.442107
vt 0.421044 0.367193
vt 0.161752 0.472587
vt 0.161752 0.470430
vt 0.161871 0.472584
vt 0.379250 0.470552
vt 0.379257 0.472471
vt 0.379145 0.472532
vt 0.379145 0.469887
vt 0.380476 0.452951
vt 0.380476 0.457052
vt 0.380370 0.456230
vt 0.179059 0.429581
vt 0.174949 0.415972
vt 0.177412 0.423236
vt 0.180973 0.439104
vt 0.179911 0.432825
vt 0.182058 0.448233
vt 0.181585 0.442590
vt 0.182421 0.457417
vt 0.182425 0.452464
vt 0.182058 0.466602
vt 0.182425 0.462371
vt 0.180973 0.475731
vt 0.181584 0.472245
vt 0.179058 0.485256
vt 0.179910 0.482010
vt 0.174947 0.498863
vt 0.177411 0.491599
vt 0.379517 0.434331
vt 0.282011 0.367792
vt 0.283241 0.366484
vt 0.380383 0.446499
vt 0.380513 0.448100
vt 0.380284 0.446797
vt 0.380295 0.444731
vt 0.380406 0.444553
vt 0.380513 0.442330
vt 0.165487 0.454880
vt 0.165383 0.454938
vt 0.165339 0.452342
vt 0.165339 0.456508
vt 0.165442 0.456833
vt 0.385870 0.456642
vt 0.385964 0.459751
vt 0.385842 0.459410
vt 0.385964 0.455838
vt 0.383972 0.381299
vt 0.375229 0.381559
vt 0.366916 0.381863
vt 0.359089 0.382208
vt 0.280956 0.369879
vt 0.281018 0.375235
vt 0.280884 0.374836
vt 0.351773 0.381946
vt 0.344386 0.381789
vt 0.336464 0.381649
vt 0.281072 0.369545
vt 0.281777 0.376757
vt 0.328068 0.381527
vt 0.285724 0.380020
vt 0.284727 0.379466
vt 0.319253 0.381424
vt 0.283755 0.378782
vt 0.282937 0.378057
vt 0.421997 0.369082
vt 0.422157 0.374439
vt 0.421584 0.375680
vt 0.420797 0.376831
vt 0.419587 0.378065
vt 0.419410 0.365675
vt 0.418439 0.364953
vt 0.417320 0.364307
vt 0.415300 0.380333
vt 0.415383 0.363486
vt 0.413380 0.380741
vt 0.174786 0.593942
vt 0.175400 0.594060
vt 0.175105 0.594222
vt 0.174957 0.560783
vt 0.175649 0.560779
vt 0.175101 0.560959
vt 0.175175 0.561017
vt 0.175321 0.561063
vt 0.175203 0.503286
vt 0.174589 0.503173
vt 0.174884 0.503009
vt 0.175516 0.602583
vt 0.174826 0.602588
vt 0.175375 0.602408
vt 0.175302 0.602350
vt 0.175156 0.602303
vt 0.695360 0.302678
vt 0.697684 0.303227
vt 0.700026 0.302676
vt 0.702109 0.301088
vt 0.703988 0.298025
vt 0.696859 0.285081
vt 0.699228 0.285081
vt 0.704632 0.294736
vt 0.704501 0.291569
vt 0.701432 0.286166
vt 0.703207 0.288207
vt 0.702628 0.310103
vt 0.703994 0.312181
vt 0.704360 0.305361
vt 0.708070 0.303270
vt 0.702822 0.307899
vt 0.710976 0.303227
vt 0.712995 0.304118
vt 0.714170 0.306074
vt 0.713742 0.325557
vt 0.709790 0.321616
vt 0.712402 0.323443
vt 0.714094 0.328110
vt 0.712447 0.330370
vt 0.703068 0.326958
vt 0.702542 0.323936
vt 0.704515 0.321433
vt 0.707321 0.321015
vt 0.381261 0.701467
vt 0.382932 0.700157
vt 0.385721 0.699706
vt 0.380711 0.703944
vt 0.392062 0.707341
vt 0.388645 0.700730
vt 0.391134 0.702782
vt 0.392205 0.705341
vt 0.390618 0.709121
vt 0.711776 0.386978
vt 0.711959 0.389014
vt 0.708271 0.384563
vt 0.710611 0.385461
vt 0.702240 0.394358
vt 0.700874 0.392265
vt 0.700824 0.390466
vt 0.701969 0.387729
vt 0.704840 0.385381
vt 0.166051 0.512293
vt 0.166036 0.513500
vt 0.165379 0.514878
vt 0.165206 0.513128
vt 0.165694 0.511845
vt 0.166617 0.512327
vt 0.167060 0.512638
vt 0.167597 0.509475
vt 0.165938 0.510381
vt 0.166690 0.509830
vt 0.166009 0.509407
vt 0.165988 0.508430
vt 0.166980 0.507740
vt 0.164219 0.467675
vt 0.164219 0.470374
vt 0.163739 0.468619
vt 0.166330 0.507072
vt 0.165813 0.506980
vt 0.163739 0.471758
vt 0.164202 0.470374
vt 0.164202 0.473018
vt 0.166531 0.505506
vt 0.167346 0.506788
vt 0.165384 0.505603
vt 0.164992 0.504694
vt 0.165710 0.504136
vt 0.166524 0.504266
vt 0.703755 0.400109
vt 0.704866 0.400031
vt 0.704657 0.400774
vt 0.165475 0.502508
vt 0.164598 0.503016
vt 0.164287 0.503489
vt 0.142045 0.662685
vt 0.144049 0.661961
vt 0.144141 0.662870
vt 0.142026 0.661965
vt 0.164927 0.502748
vt 0.702782 0.399704
vt 0.703372 0.400710
vt 0.140511 0.662579
vt 0.139524 0.661966
vt 0.702570 0.400780
vt 0.701434 0.401050
vt 0.700559 0.400491
vt 0.701550 0.399872
vt 0.700237 0.401123
vt 0.139163 0.662815
vt 0.137805 0.661967
vt 0.700504 0.401630
vt 0.699961 0.402117
vt 0.137008 0.662733
vt 0.161136 0.517247
vt 0.162437 0.517363
vt 0.160817 0.517624
vt 0.136210 0.661966
vt 0.161841 0.516494
vt 0.162517 0.516195
vt 0.135097 0.662525
vt 0.133995 0.661964
vt 0.164115 0.515930
vt 0.163917 0.516686
vt 0.163168 0.515775
vt 0.163779 0.515244
vt 0.134324 0.662950
vt 0.132671 0.662717
vt 0.132378 0.661961
vt 0.164323 0.514624
vt 0.166101 0.514783
vt 0.164799 0.513916
vt 0.708965 0.401942
vt 0.709049 0.401415
vt 0.709132 0.400783
vt 0.147528 0.662171
vt 0.147700 0.662508
vt 0.147458 0.661953
vt 0.161130 0.500117
vt 0.160817 0.499430
vt 0.161584 0.499582
vt 0.161894 0.499229
vt 0.386856 0.462538
vt 0.386872 0.458640
vt 0.387073 0.458759
vt 0.387630 0.462538
vt 0.387201 0.458823
vt 0.387381 0.458882
vt 0.164779 0.420039
vt 0.164779 0.415972
vt 0.164781 0.415973
vt 0.381774 0.694184
vt 0.381368 0.695362
vt 0.381279 0.693849
vt 0.382284 0.695032
vt 0.382480 0.696265
vt 0.208376 0.438908
vt 0.208701 0.438242
vt 0.209453 0.439048
vt 0.205654 0.438251
vt 0.382100 0.696833
vt 0.381429 0.696467
vt 0.382982 0.697352
vt 0.206061 0.439179
vt 0.382501 0.698214
vt 0.383398 0.697983
vt 0.383348 0.698882
vt 0.383899 0.698523
vt 0.203887 0.438902
vt 0.204687 0.439262
vt 0.202954 0.438257
vt 0.384478 0.698966
vt 0.202802 0.439288
vt 0.201601 0.438861
vt 0.200324 0.438260
vt 0.384505 0.699706
vt 0.178798 0.648999
vt 0.178045 0.649004
vt 0.178599 0.648055
vt 0.178860 0.646859
vt 0.199251 0.439050
vt 0.387342 0.685457
vt 0.388310 0.684791
vt 0.388108 0.685540
vt 0.198476 0.438261
vt 0.179900 0.646217
vt 0.179709 0.648247
vt 0.179490 0.645606
vt 0.178931 0.645532
vt 0.386079 0.685710
vt 0.387473 0.684323
vt 0.385560 0.685361
vt 0.197709 0.438879
vt 0.179876 0.644467
vt 0.384684 0.686881
vt 0.383661 0.687051
vt 0.386230 0.686817
vt 0.385113 0.687744
vt 0.384604 0.687780
vt 0.383216 0.688714
vt 0.382487 0.688570
vt 0.384190 0.688876
vt 0.383376 0.690097
vt 0.382636 0.690224
vt 0.381809 0.689807
vt 0.381752 0.691456
vt 0.381008 0.691991
vt 0.382810 0.691447
vt 0.382378 0.692834
vt 0.380711 0.693813
vt 0.210674 0.438234
vt 0.382261 0.694168
vt 0.210711 0.438989
vt 0.392463 0.684362
vt 0.392496 0.683790
vt 0.392096 0.683255
vt 0.166793 0.570343
vt 0.163893 0.570940
vt 0.163516 0.570001
vt 0.166963 0.570691
vt 0.166748 0.570126
vt 0.178045 0.640883
vt 0.178811 0.640881
vt 0.179244 0.640713
vt 0.194712 0.438764
vt 0.194887 0.438366
vt 0.699814 0.391570
vt 0.700388 0.392590
vt 0.700479 0.394065
vt 0.700319 0.391312
vt 0.700824 0.391322
vt 0.699720 0.388371
vt 0.699437 0.391809
vt 0.698748 0.389989
vt 0.699149 0.389164
vt 0.698743 0.389971
vt 0.697730 0.387846
vt 0.698334 0.387220
vt 0.698134 0.386189
vt 0.697187 0.386723
vt 0.379505 0.469327
vt 0.379921 0.467944
vt 0.379921 0.470644
vt 0.696791 0.385512
vt 0.695829 0.386158
vt 0.695010 0.385560
vt 0.178489 0.636978
vt 0.178045 0.636669
vt 0.179076 0.635757
vt 0.695364 0.384733
vt 0.696106 0.384406
vt 0.694258 0.383385
vt 0.693798 0.384302
vt 0.693755 0.384853
vt 0.705117 0.439312
vt 0.703651 0.438521
vt 0.705692 0.438584
vt 0.693941 0.383901
vt 0.179139 0.637289
vt 0.702644 0.439153
vt 0.178348 0.638700
vt 0.701126 0.438481
vt 0.179289 0.638045
vt 0.179672 0.639096
vt 0.179200 0.639962
vt 0.179865 0.640226
vt 0.700767 0.439336
vt 0.699406 0.438471
vt 0.697805 0.398059
vt 0.697521 0.397569
vt 0.698074 0.397094
vt 0.696577 0.398129
vt 0.698615 0.439246
vt 0.700099 0.439553
vt 0.697822 0.438477
vt 0.698544 0.396529
vt 0.696722 0.439051
vt 0.695640 0.438507
vt 0.695971 0.439505
vt 0.699868 0.395563
vt 0.699032 0.397539
vt 0.698929 0.395871
vt 0.699221 0.395138
vt 0.694349 0.439306
vt 0.694064 0.438551
vt 0.699408 0.394358
vt 0.693256 0.439410
vt 0.692521 0.438632
vt 0.699488 0.393534
vt 0.179318 0.631828
vt 0.179836 0.632237
vt 0.178699 0.631761
vt 0.709310 0.438960
vt 0.709492 0.439312
vt 0.709243 0.438746
vt 0.380513 0.452951
vt 0.380370 0.448487
vt 0.380513 0.448100
vt 0.689158 0.383415
vt 0.688784 0.383198
vt 0.689265 0.382659
vt 0.689616 0.382217
vt 0.167466 0.586866
vt 0.163838 0.587618
vt 0.163895 0.587488
vt 0.167464 0.587631
vt 0.163949 0.587304
vt 0.163949 0.587301
vt 0.793712 0.455422
vt 0.814065 0.448489
vt 0.805350 0.458956
vt 0.043757 0.724723
vt 0.050932 0.738720
vt 0.038166 0.736345
vt 0.764524 0.434655
vt 0.779680 0.430604
vt 0.763928 0.447241
vt 0.048700 0.711631
vt 0.060664 0.727303
vt 0.033681 0.768949
vt 0.022072 0.758714
vt 0.031307 0.751510
vt 0.745746 0.454491
vt 0.746115 0.438994
vt 0.045003 0.757469
vt 0.818142 0.505027
vt 0.043170 0.699596
vt 0.795170 0.436005
vt 0.782919 0.444105
vt 0.808655 0.489475
vt 0.809036 0.504356
vt 0.782083 0.471481
vt 0.809009 0.469967
vt 0.059917 0.747765
vt 0.012225 0.759365
vt 0.007440 0.770432
vt 0.006279 0.766251
vt 0.014243 0.771058
vt 0.007457 0.770560
vt 0.054506 0.765699
vt 0.076758 0.744519
vt 0.789600 0.483403
vt 0.068451 0.762077
vt 0.014278 0.684624
vt 0.018782 0.698866
vt 0.006741 0.706655
vt 0.738273 0.425413
vt 0.760362 0.427579
vt 0.771899 0.481151
vt 0.759810 0.470650
vt 0.753243 0.461642
vt 0.772015 0.460283
vt 0.029702 0.697828
vt 0.016435 0.717536
vt 0.022246 0.736556
vt 0.031522 0.714936
vt 0.078029 0.753420
vt 0.742535 0.472498
vt 0.004010 0.763434
vt 0.000000 0.725948
vt 0.010148 0.737070
vt 0.771411 0.415814
vt 0.005160 0.751544
vt 0.078653 0.762486
vt 0.824799 0.439073
vt 0.824649 0.433076
vt 0.824585 0.433066
vt 0.820579 0.432002
vt 0.809461 0.433910
vt 0.817446 0.429591
vt 0.817375 0.429510
vt 0.816369 0.427947
vt 0.815931 0.425088
vt 0.805439 0.421664
vt 0.816555 0.422958
vt 0.003969 0.763400
vt 0.002778 0.762656
vt 0.790968 0.418607
vt 0.707079 0.340663
vt 0.704140 0.342752
vt 0.705485 0.340810
vt 0.386622 0.458640
vt 0.386622 0.462073
vt 0.386516 0.460325
vt 0.704100 0.438532
vt 0.700878 0.438474
vt 0.700735 0.434775
vt 0.381109 0.416034
vt 0.381109 0.434331
vt 0.379517 0.418542
vt 0.694715 0.416360
vt 0.694705 0.438530
vt 0.692649 0.438622
vt 0.692485 0.416436
vt 0.710439 0.341443
vt 0.708841 0.340908
vt 0.704063 0.419633
vt 0.706290 0.422133
vt 0.704645 0.355430
vt 0.701579 0.356099
vt 0.700292 0.343822
vt 0.697535 0.416703
vt 0.697441 0.438479
vt 0.385842 0.462572
vt 0.385842 0.459751
vt 0.385958 0.461417
vt 0.182389 0.641103
vt 0.180631 0.641658
vt 0.180631 0.631348
vt 0.701264 0.417886
vt 0.379153 0.456881
vt 0.379293 0.457983
vt 0.379283 0.459309
vt 0.379921 0.470133
vt 0.379921 0.467400
vt 0.380042 0.468717
vt 0.704757 0.420280
vt 0.705616 0.421222
vt 0.707590 0.355530
vt 0.702636 0.418625
vt 0.701613 0.342597
vt 0.702914 0.341728
vt 0.704189 0.341155
vt 0.379153 0.460467
vt 0.710439 0.356419
vt 0.385842 0.459577
vt 0.385842 0.462533
vt 0.385738 0.461068
vt 0.199446 0.419802
vt 0.197351 0.422456
vt 0.198238 0.421122
vt 0.211798 0.416067
vt 0.211210 0.438231
vt 0.208938 0.438241
vt 0.209527 0.416062
vt 0.165148 0.461259
vt 0.165148 0.464503
vt 0.164990 0.462829
vt 0.708888 0.358682
vt 0.711134 0.372467
vt 0.709413 0.371638
vt 0.711134 0.361416
vt 0.706282 0.371062
vt 0.203042 0.417507
vt 0.203123 0.438257
vt 0.705133 0.317559
vt 0.706791 0.319321
vt 0.702280 0.356419
vt 0.703011 0.368800
vt 0.700154 0.372435
vt 0.699384 0.357204
vt 0.706791 0.317558
vt 0.709046 0.319308
vt 0.706791 0.320391
vt 0.163854 0.464767
vt 0.163854 0.467663
vt 0.163739 0.465975
vt 0.199921 0.438263
vt 0.706065 0.356964
vt 0.703503 0.356426
vt 0.704906 0.356633
vt 0.700748 0.356711
vt 0.709586 0.359400
vt 0.710452 0.360423
vt 0.206134 0.416540
vt 0.206072 0.438250
vt 0.707448 0.357671
vt 0.200610 0.418858
vt 0.201928 0.418043
vt 0.380299 0.494383
vt 0.379284 0.493213
vt 0.380299 0.490325
vt 0.389364 0.458710
vt 0.389364 0.462502
vt 0.388579 0.460143
vt 0.165470 0.456833
vt 0.165470 0.460551
vt 0.165339 0.458782
vt 0.142469 0.661966
vt 0.139281 0.661967
vt 0.139116 0.658265
vt 0.132950 0.639801
vt 0.133039 0.661962
vt 0.130900 0.661956
vt 0.130635 0.639779
vt 0.164989 0.461240
vt 0.164989 0.457688
vt 0.165148 0.459513
vt 0.142348 0.643076
vt 0.144535 0.645497
vt 0.692115 0.402020
vt 0.692121 0.415814
vt 0.688525 0.401195
vt 0.135820 0.640196
vt 0.135826 0.661966
vt 0.163623 0.467675
vt 0.163623 0.464767
vt 0.163739 0.466486
vt 0.386125 0.436529
vt 0.385047 0.454942
vt 0.384395 0.439113
vt 0.386125 0.454995
vt 0.139567 0.641377
vt 0.165148 0.457688
vt 0.165297 0.458790
vt 0.165287 0.460110
vt 0.385272 0.462588
vt 0.385272 0.459812
vt 0.385396 0.461155
vt 0.143031 0.643702
vt 0.143875 0.644614
vt 0.695149 0.399629
vt 0.695076 0.415812
vt 0.140932 0.642096
vt 0.383589 0.660357
vt 0.383589 0.664074
vt 0.382838 0.662681
vt 0.382308 0.661185
vt 0.153058 0.665328
vt 0.151210 0.665328
vt 0.151799 0.664162
vt 0.165148 0.461259
vt 0.152399 0.662965
vt 0.688976 0.415119
vt 0.698625 0.398426
vt 0.698007 0.415124
vt 0.163530 0.532956
vt 0.163804 0.534113
vt 0.162934 0.532947
vt 0.164405 0.533337
vt 0.165217 0.534209
vt 0.547302 0.438633
vt 0.547635 0.437972
vt 0.548408 0.438818
vt 0.544547 0.437907
vt 0.165197 0.534882
vt 0.164434 0.534945
vt 0.166210 0.534783
vt 0.544962 0.438856
vt 0.166258 0.535738
vt 0.166892 0.535043
vt 0.167322 0.535782
vt 0.167597 0.535179
vt 0.542776 0.438546
vt 0.543588 0.438930
vt 0.541847 0.437894
vt 0.698277 0.358149
vt 0.697803 0.358556
vt 0.697230 0.358105
vt 0.541706 0.438947
vt 0.540501 0.438507
vt 0.539245 0.437916
vt 0.697157 0.357325
vt 0.696262 0.357584
vt 0.695081 0.357384
vt 0.539058 0.438735
vt 0.163623 0.522667
vt 0.164085 0.521546
vt 0.164311 0.522286
vt 0.537382 0.437960
vt 0.695146 0.356428
vt 0.696327 0.356463
vt 0.693845 0.356821
vt 0.693853 0.357390
vt 0.162690 0.523582
vt 0.163124 0.521565
vt 0.162062 0.523528
vt 0.537589 0.438726
vt 0.693710 0.356419
vt 0.379949 0.472739
vt 0.379505 0.473087
vt 0.379505 0.470644
vt 0.163404 0.524419
vt 0.162952 0.525824
vt 0.161931 0.525549
vt 0.162514 0.525780
vt 0.161165 0.527913
vt 0.161382 0.525886
vt 0.161864 0.527688
vt 0.162773 0.527277
vt 0.162728 0.528737
vt 0.162172 0.529266
vt 0.161245 0.529309
vt 0.162075 0.530747
vt 0.161720 0.531533
vt 0.162963 0.530154
vt 0.163329 0.531520
vt 0.162428 0.533167
vt 0.549664 0.438052
vt 0.163931 0.532658
vt 0.549705 0.438820
vt 0.167353 0.518767
vt 0.167079 0.518283
vt 0.166456 0.518036
vt 0.166062 0.518174
vt 0.379441 0.464895
vt 0.379802 0.464727
vt 0.379802 0.467912
vt 0.166858 0.552497
vt 0.166905 0.552718
vt 0.163516 0.552192
vt 0.689343 0.358599
vt 0.689269 0.357942
vt 0.689036 0.357471
vt 0.533757 0.438699
vt 0.533876 0.438470
vt 0.385738 0.459577
vt 0.385738 0.462504
vt 0.385640 0.461049
vt 0.538504 0.419466
vt 0.536450 0.422184
vt 0.537317 0.420818
vt 0.692041 0.353449
vt 0.689185 0.355257
vt 0.688525 0.338802
vt 0.550957 0.415938
vt 0.547877 0.437979
vt 0.548624 0.415814
vt 0.163623 0.464767
vt 0.163623 0.467906
vt 0.163467 0.466278
vt 0.697989 0.341839
vt 0.700220 0.355156
vt 0.698448 0.355895
vt 0.700292 0.342692
vt 0.695281 0.356419
vt 0.542071 0.417139
vt 0.542015 0.437894
vt 0.691300 0.356042
vt 0.691372 0.339999
vt 0.693737 0.356419
vt 0.164199 0.464767
vt 0.164199 0.467523
vt 0.164082 0.465905
vt 0.538847 0.437923
vt 0.695139 0.341075
vt 0.385675 0.455838
vt 0.385842 0.457018
vt 0.385837 0.458405
vt 0.385640 0.459577
vt 0.385640 0.462490
vt 0.385517 0.461080
vt 0.386751 0.458640
vt 0.386836 0.459629
vt 0.386856 0.460957
vt 0.386751 0.462147
vt 0.545176 0.416200
vt 0.544969 0.437914
vt 0.379921 0.460926
vt 0.380036 0.462452
vt 0.379921 0.464184
vt 0.539654 0.418504
vt 0.540963 0.417678
vt 0.385675 0.459576
vt 0.550192 0.438081
vt 0.165069 0.445744
vt 0.165176 0.445117
vt 0.165176 0.446566
vt 0.379157 0.419185
vt 0.379128 0.418761
vt 0.379157 0.418555
vt 0.165063 0.446199
vt 0.146300 0.648943
vt 0.147295 0.652051
vt 0.164597 0.464997
vt 0.164779 0.465428
vt 0.164318 0.465218
vt 0.709500 0.401874
vt 0.708992 0.401941
vt 0.164779 0.464767
vt 0.709469 0.401127
vt 0.704131 0.402034
vt 0.701249 0.402267
vt 0.702569 0.400781
vt 0.703275 0.413581
vt 0.702443 0.413001
vt 0.702145 0.411685
vt 0.709544 0.407903
vt 0.708851 0.405988
vt 0.705303 0.413086
vt 0.380196 0.440357
vt 0.380172 0.442711
vt 0.380085 0.448926
vt 0.167076 0.663522
vt 0.165651 0.659772
vt 0.167076 0.657672
vt 0.704545 0.414261
vt 0.385964 0.455838
vt 0.386125 0.456138
vt 0.385964 0.459917
vt 0.699195 0.406922
vt 0.698668 0.406566
vt 0.698625 0.405706
vt 0.699358 0.404153
vt 0.698687 0.404881
vt 0.698897 0.407882
vt 0.698857 0.404098
vt 0.700039 0.409283
vt 0.699441 0.409234
vt 0.699133 0.403358
vt 0.707233 0.403826
vt 0.699886 0.410090
vt 0.699504 0.402692
vt 0.709173 0.415598
vt 0.708233 0.412343
vt 0.700416 0.410904
vt 0.701321 0.412054
vt 0.709544 0.415814
vt 0.379179 0.417138
vt 0.379179 0.417910
vt 0.379150 0.417482
vt 0.161253 0.498863
vt 0.161580 0.499073
vt 0.381243 0.447473
vt 0.381699 0.445387
vt 0.382311 0.443403
vt 0.382986 0.441728
vt 0.383648 0.440385
vt 0.381382 0.454927
vt 0.380534 0.455838
vt 0.381105 0.455420
vt 0.380876 0.455673
vt 0.381311 0.455105
vt 0.167466 0.563166
vt 0.167466 0.571174
vt 0.166965 0.570711
vt 0.166795 0.570328
vt 0.167187 0.571009
vt 0.164828 0.553582
vt 0.166306 0.557091
vt 0.167092 0.560233
vt 0.392519 0.683281
vt 0.392988 0.683986
vt 0.392489 0.684346
vt 0.392888 0.683259
vt 0.389763 0.686998
vt 0.380196 0.445452
vt 0.380279 0.445530
vt 0.380196 0.447966
vt 0.387048 0.687570
vt 0.384613 0.689355
vt 0.386637 0.699659
vt 0.385452 0.699474
vt 0.385141 0.698273
vt 0.382754 0.693146
vt 0.392988 0.698399
vt 0.390723 0.696455
vt 0.392704 0.693320
vt 0.392453 0.698372
vt 0.388192 0.698122
vt 0.383132 0.696349
vt 0.387929 0.699635
vt 0.391841 0.688097
vt 0.392874 0.689934
vt 0.392354 0.698382
vt 0.164893 0.464902
vt 0.164842 0.464507
vt 0.165271 0.464666
vt 0.178877 0.640315
vt 0.164842 0.465202
vt 0.178114 0.640226
vt 0.194945 0.428804
vt 0.195477 0.426804
vt 0.196076 0.425110
vt 0.196671 0.423750
vt 0.380370 0.462026
vt 0.380449 0.461095
vt 0.380491 0.461619
vt 0.380416 0.460826
vt 0.380370 0.460634
vt 0.381233 0.435188
vt 0.381341 0.434528
vt 0.381341 0.436008
vt 0.379161 0.418555
vt 0.379130 0.418118
vt 0.379161 0.417910
vt 0.381227 0.435646
vt 0.708100 0.425669
vt 0.709116 0.428829
vt 0.164019 0.473340
vt 0.163685 0.473018
vt 0.164202 0.473018
vt 0.178990 0.631454
vt 0.179810 0.631348
vt 0.163929 0.473635
vt 0.179865 0.631955
vt 0.695022 0.397219
vt 0.695438 0.398373
vt 0.695458 0.386970
vt 0.694633 0.398426
vt 0.698983 0.392089
vt 0.693012 0.398317
vt 0.688525 0.397072
vt 0.688593 0.390929
vt 0.689382 0.393307
vt 0.691951 0.385991
vt 0.698598 0.395219
vt 0.688525 0.382971
vt 0.688703 0.388607
vt 0.691826 0.396097
vt 0.689802 0.386938
vt 0.688791 0.383192
vt 0.697728 0.389288
vt 0.697144 0.396725
vt 0.689458 0.397151
vt 0.689168 0.397089
vt 0.689167 0.382294
vt 0.688626 0.382279
vt 0.163205 0.579891
vt 0.163471 0.577756
vt 0.163896 0.575704
vt 0.164405 0.573952
vt 0.164931 0.572534
vt 0.165543 0.571174
vt 0.163205 0.588308
vt 0.163632 0.587980
vt 0.163527 0.588107
vt 0.167597 0.545550
vt 0.167597 0.553582
vt 0.167083 0.553096
vt 0.166905 0.552702
vt 0.167312 0.553407
vt 0.164865 0.535782
vt 0.166395 0.539388
vt 0.167209 0.542586
vt 0.166830 0.517839
vt 0.167597 0.518156
vt 0.167367 0.518739
vt 0.167130 0.517624
vt 0.689322 0.358593
vt 0.689500 0.362459
vt 0.695361 0.369087
vt 0.696448 0.369318
vt 0.695319 0.370230
vt 0.695069 0.358604
vt 0.693413 0.371474
vt 0.698877 0.363947
vt 0.699372 0.362067
vt 0.699384 0.362932
vt 0.699249 0.364264
vt 0.698542 0.360739
vt 0.699193 0.360832
vt 0.688720 0.358562
vt 0.691789 0.370003
vt 0.698705 0.359738
vt 0.688525 0.372972
vt 0.689490 0.368643
vt 0.689055 0.372603
vt 0.698799 0.365644
vt 0.691927 0.359670
vt 0.698297 0.359101
vt 0.697613 0.366777
vt 0.698216 0.366988
vt 0.688697 0.366761
vt 0.688525 0.365543
vt 0.697139 0.359164
vt 0.697385 0.368197
vt 0.688732 0.357772
vt 0.379545 0.473684
vt 0.379538 0.473381
vt 0.379949 0.473087
vt 0.379454 0.473087
vt 0.534094 0.428638
vt 0.534618 0.426613
vt 0.535206 0.424893
vt 0.535787 0.423507
vt 0.380898 0.435153
vt 0.380898 0.434331
vt 0.380973 0.434735
vt 0.379159 0.421705
vt 0.379159 0.420863
vt 0.379201 0.421096
vt 0.379150 0.417138
vt 0.379150 0.416034
vt 0.379159 0.416052
vt 0.889514 0.260731
vt 0.907211 0.236044
vt 0.896771 0.253054
vt 0.859233 0.278267
vt 0.835050 0.284107
vt 0.782009 0.280790
vt 0.847847 0.281642
vt 0.869578 0.274007
vt 0.730808 0.123254
vt 0.740953 0.119087
vt 0.880444 0.267654
vt 0.906360 0.184632
vt 0.894751 0.164510
vt 0.901150 0.174233
vt 0.887781 0.155965
vt 0.719910 0.129647
vt 0.697670 0.152568
vt 0.710874 0.136530
vt 0.703649 0.144187
vt 0.911467 0.205187
vt 0.909620 0.194862
vt 0.693177 0.161217
vt 0.690749 0.202353
vt 0.694030 0.212632
vt 0.722623 0.250831
vt 0.712608 0.241296
vt 0.733054 0.259010
vt 0.744242 0.265920
vt 0.755536 0.271623
vt 0.767688 0.276603
vt 0.705321 0.232380
vt 0.688525 0.182235
vt 0.690067 0.171525
vt 0.911863 0.215026
vt 0.910322 0.225733
vt 0.688923 0.192045
vt 0.809622 0.284924
vt 0.796609 0.283719
vt 0.822097 0.285081
vt 0.902732 0.244660
vt 0.699244 0.223054
vt 0.748271 0.847898
vt 0.742022 0.840171
vt 0.897536 0.670226
vt 0.889026 0.874931
vt 0.856036 0.885767
vt 0.821340 0.886632
vt 0.762619 0.679297
vt 0.748271 0.693073
vt 0.755153 0.685881
vt 0.875269 0.880723
vt 0.865759 0.883653
vt 0.736453 0.709075
vt 0.742022 0.700824
vt 0.762619 0.861620
vt 0.755153 0.855064
vt 0.927442 0.843846
vt 0.943300 0.817960
vt 0.936012 0.831564
vt 0.905695 0.864673
vt 0.913545 0.681995
vt 0.949784 0.799416
vt 0.787967 0.663642
vt 0.770615 0.673366
vt 0.779086 0.668137
vt 0.917313 0.854758
vt 0.779086 0.872718
vt 0.770615 0.867520
vt 0.724191 0.736222
vt 0.727505 0.726838
vt 0.731602 0.717767
vt 0.944960 0.726427
vt 0.927444 0.696415
vt 0.938551 0.712831
vt 0.797196 0.880871
vt 0.787967 0.877179
vt 0.816429 0.654872
vt 0.797196 0.659915
vt 0.806706 0.656985
vt 0.948274 0.735799
vt 0.720004 0.755657
vt 0.721685 0.745851
vt 0.806706 0.883765
vt 0.719162 0.775514
vt 0.719162 0.765567
vt 0.953101 0.760361
vt 0.950780 0.745418
vt 0.856036 0.654798
vt 0.831257 0.653201
vt 0.846169 0.653552
vt 0.721685 0.795220
vt 0.720004 0.785421
vt 0.865759 0.656874
vt 0.836232 0.887490
vt 0.724191 0.804840
vt 0.846169 0.887049
vt 0.953092 0.780021
vt 0.727505 0.814212
vt 0.875269 0.659768
vt 0.884498 0.663460
vt 0.736453 0.831941
vt 0.731602 0.823267
vt 0.480303 0.452135
vt 0.481022 0.457718
vt 0.474615 0.452884
vt 0.479793 0.448613
vt 0.485991 0.454251
vt 0.486989 0.458324
vt 0.486655 0.463477
vt 0.514963 0.794201
vt 0.512424 0.792804
vt 0.513497 0.783262
vt 0.491797 0.460443
vt 0.516102 0.784404
vt 0.492624 0.465071
vt 0.491873 0.470536
vt 0.497233 0.467278
vt 0.374045 0.706995
vt 0.366902 0.705439
vt 0.369826 0.702768
vt 0.371239 0.709785
vt 0.518225 0.544463
vt 0.519990 0.538201
vt 0.519838 0.549120
vt 0.498057 0.805017
vt 0.472812 0.455323
vt 0.466585 0.450731
vt 0.468224 0.448269
vt 0.498931 0.797721
vt 0.517767 0.552668
vt 0.518830 0.559963
vt 0.505605 0.593712
vt 0.509108 0.578706
vt 0.512085 0.575382
vt 0.373679 0.716583
vt 0.505494 0.588780
vt 0.509066 0.799217
vt 0.506823 0.791102
vt 0.509904 0.791854
vt 0.505993 0.798363
vt 0.519990 0.754290
vt 0.519277 0.757761
vt 0.516507 0.756811
vt 0.516989 0.746809
vt 0.519811 0.748053
vt 0.515902 0.547965
vt 0.514993 0.551532
vt 0.515436 0.541769
vt 0.511563 0.800302
vt 0.514783 0.558585
vt 0.519156 0.764797
vt 0.515826 0.766655
vt 0.507300 0.594750
vt 0.513864 0.575996
vt 0.511151 0.590515
vt 0.507074 0.599805
vt 0.376699 0.705252
vt 0.501319 0.805111
vt 0.502138 0.797855
vt 0.372514 0.701108
vt 0.470504 0.445384
vt 0.375492 0.713641
vt 0.379123 0.704186
vt 0.478735 0.460388
vt 0.471726 0.456836
vt 0.514035 0.801904
vt 0.472623 0.443075
vt 0.505204 0.805651
vt 0.703315 0.334726
vt 0.706506 0.340366
vt 0.702542 0.340366
vt 0.378184 0.710755
vt 0.524897 0.719534
vt 0.497395 0.811703
vt 0.501839 0.596750
vt 0.508267 0.806618
vt 0.502352 0.678649
vt 0.502419 0.671939
vt 0.510727 0.807828
vt 0.500698 0.811729
vt 0.718981 0.320816
vt 0.716514 0.318799
vt 0.718981 0.313780
vt 0.512882 0.671217
vt 0.510143 0.666388
vt 0.513219 0.665467
vt 0.505721 0.678991
vt 0.505824 0.672337
vt 0.484298 0.465935
vt 0.477663 0.461816
vt 0.515343 0.670107
vt 0.497296 0.604802
vt 0.495427 0.603254
vt 0.499951 0.595417
vt 0.504606 0.812298
vt 0.509657 0.678739
vt 0.509776 0.672068
vt 0.499479 0.606930
vt 0.502400 0.685214
vt 0.507659 0.813371
vt 0.500392 0.817035
vt 0.496545 0.816869
vt 0.510075 0.814694
vt 0.512776 0.677967
vt 0.505816 0.685622
vt 0.502344 0.608449
vt 0.504316 0.817635
vt 0.515282 0.676976
vt 0.492219 0.612204
vt 0.490380 0.610448
vt 0.509728 0.685391
vt 0.489885 0.472485
vt 0.507333 0.818779
vt 0.502703 0.692330
vt 0.491325 0.617035
vt 0.509714 0.820212
vt 0.493146 0.617916
vt 0.533234 0.709030
vt 0.527563 0.713550
vt 0.512858 0.684701
vt 0.506044 0.692752
vt 0.515391 0.683831
vt 0.497063 0.616352
vt 0.487372 0.618181
vt 0.485564 0.616264
vt 0.530446 0.706272
vt 0.524917 0.710668
vt 0.509927 0.692548
vt 0.496457 0.477368
vt 0.494603 0.479059
vt 0.503181 0.700499
vt 0.500206 0.479312
vt 0.527846 0.704586
vt 0.513061 0.691948
vt 0.522352 0.708918
vt 0.484716 0.630367
vt 0.537540 0.705082
vt 0.515618 0.691207
vt 0.160857 0.594589
vt 0.162504 0.595027
vt 0.160857 0.604629
vt 0.717813 0.366617
vt 0.720109 0.372371
vt 0.717813 0.373590
vt 0.506366 0.700770
vt 0.501515 0.477538
vt 0.502134 0.474604
vt 0.534639 0.702440
vt 0.480426 0.625329
vt 0.478675 0.623218
vt 0.500759 0.484679
vt 0.330252 0.624187
vt 0.326115 0.624509
vt 0.325718 0.614634
vt 0.330999 0.614608
vt 0.498886 0.486171
vt 0.510215 0.700602
vt 0.544909 0.702474
vt 0.333706 0.623608
vt 0.335174 0.614602
vt 0.503473 0.708614
vt 0.532016 0.700845
vt 0.337402 0.623568
vt 0.482799 0.627358
vt 0.542596 0.699865
vt 0.338893 0.614613
vt 0.382171 0.660357
vt 0.382308 0.665402
vt 0.379767 0.665402
vt 0.513344 0.700102
vt 0.161795 0.563060
vt 0.163516 0.563541
vt 0.161795 0.570585
vt 0.331156 0.639130
vt 0.506543 0.482523
vt 0.332795 0.633193
vt 0.506668 0.708768
vt 0.340527 0.623571
vt 0.515921 0.699506
vt 0.539566 0.697389
vt 0.342192 0.614641
vt 0.481307 0.633466
vt 0.336488 0.632712
vt 0.474838 0.630207
vt 0.473132 0.627968
vt 0.510490 0.708643
vt 0.397287 0.423178
vt 0.395732 0.426025
vt 0.390956 0.422692
vt 0.518554 0.698515
vt 0.518197 0.689989
vt 0.549975 0.696525
vt 0.476258 0.632051
vt 0.503689 0.716864
vt 0.501646 0.716768
vt 0.332458 0.649809
vt 0.398430 0.419747
vt 0.392083 0.418200
vt 0.339315 0.632491
vt 0.507963 0.495432
vt 0.504755 0.492949
vt 0.536915 0.695887
vt 0.513613 0.708249
vt 0.547535 0.694013
vt 0.341497 0.632311
vt 0.180564 0.641658
vt 0.182389 0.642001
vt 0.180564 0.650310
vt 0.387443 0.713470
vt 0.389749 0.719434
vt 0.387443 0.720410
vt 0.506920 0.717094
vt 0.509449 0.493898
vt 0.334398 0.642391
vt 0.510422 0.491042
vt 0.516202 0.707797
vt 0.544379 0.691726
vt 0.398655 0.416755
vt 0.467897 0.635364
vt 0.392193 0.416034
vt 0.403794 0.424190
vt 0.402313 0.426979
vt 0.466248 0.632998
vt 0.510714 0.717024
vt 0.338064 0.641646
vt 0.518875 0.707024
vt 0.554797 0.689659
vt 0.469458 0.638464
vt 0.541707 0.690338
vt 0.504000 0.725995
vt 0.405121 0.420830
vt 0.507959 0.501248
vt 0.513830 0.716737
vt 0.477777 0.636404
vt 0.340892 0.641247
vt 0.470490 0.641737
vt 0.552316 0.687469
vt 0.405580 0.417768
vt 0.539452 0.689539
vt 0.336567 0.651275
vt 0.513629 0.499867
vt 0.534631 0.695010
vt 0.516425 0.716431
vt 0.343083 0.640962
vt 0.507072 0.726188
vt 0.549049 0.685397
vt 0.460640 0.639926
vt 0.340199 0.650270
vt 0.459048 0.637457
vt 0.519128 0.715884
vt 0.410748 0.425448
vt 0.409295 0.428232
vt 0.510842 0.726180
vt 0.337953 0.666067
vt 0.559593 0.682355
vt 0.462070 0.643114
vt 0.546359 0.684136
vt 0.412111 0.422080
vt 0.503913 0.737151
vt 0.513358 0.513380
vt 0.510563 0.509939
vt 0.462850 0.646445
vt 0.343025 0.649698
vt 0.544135 0.683424
vt 0.339260 0.659805
vt 0.556806 0.680314
vt 0.513946 0.726012
vt 0.412915 0.419094
vt 0.514984 0.512097
vt 0.345231 0.649309
vt 0.516212 0.509076
vt 0.507025 0.737211
vt 0.453055 0.643948
vt 0.451516 0.641399
vt 0.516547 0.725869
vt 0.553440 0.678475
vt 0.342847 0.658547
vt 0.417932 0.427004
vt 0.416494 0.429786
vt 0.509646 0.737214
vt 0.565875 0.670214
vt 0.566067 0.675379
vt 0.519271 0.725562
vt 0.454313 0.647219
vt 0.550737 0.677351
vt 0.419360 0.423637
vt 0.511769 0.737212
vt 0.345668 0.657806
vt 0.455487 0.650283
vt 0.342437 0.667953
vt 0.548541 0.676732
vt 0.512633 0.519484
vt 0.420308 0.420696
vt 0.560997 0.672431
vt 0.513857 0.737203
vt 0.347891 0.657319
vt 0.503671 0.746274
vt 0.445296 0.647414
vt 0.443801 0.644808
vt 0.518152 0.518639
vt 0.557547 0.670839
vt 0.345961 0.666448
vt 0.516474 0.737211
vt 0.425284 0.428888
vt 0.423852 0.431658
vt 0.342882 0.677253
vt 0.446447 0.650704
vt 0.426788 0.425532
vt 0.506784 0.746352
vt 0.554837 0.669862
vt 0.519212 0.737136
vt 0.348777 0.665545
vt 0.447378 0.653848
vt 0.345995 0.675592
vt 0.552666 0.669346
vt 0.427884 0.422633
vt 0.564717 0.663994
vt 0.351022 0.664962
vt 0.510530 0.746504
vt 0.516889 0.530990
vt 0.514147 0.530969
vt 0.437292 0.650407
vt 0.349449 0.673851
vt 0.435827 0.647762
vt 0.561201 0.662662
vt 0.432757 0.431131
vt 0.431318 0.433886
vt 0.519412 0.528388
vt 0.503152 0.755762
vt 0.347006 0.684521
vt 0.572441 0.651885
vt 0.514486 0.746687
vt 0.438343 0.653726
vt 0.434353 0.427799
vt 0.558484 0.661839
vt 0.352251 0.672792
vt 0.349843 0.682659
vt 0.439145 0.656872
vt 0.556338 0.661429
vt 0.435665 0.424974
vt 0.354521 0.672123
vt 0.506318 0.755919
vt 0.567905 0.655034
vt 0.429282 0.652897
vt 0.427832 0.650229
vt 0.353211 0.680695
vt 0.564337 0.653963
vt 0.510064 0.756140
vt 0.440199 0.433746
vt 0.438738 0.436473
vt 0.351177 0.691446
vt 0.430215 0.656237
vt 0.502542 0.765078
vt 0.499602 0.773800
vt 0.576189 0.646592
vt 0.514017 0.756505
vt 0.561614 0.653299
vt 0.441913 0.430453
vt 0.356000 0.679492
vt 0.353996 0.689279
vt 0.559488 0.653000
vt 0.570483 0.645612
vt 0.358293 0.678740
vt 0.505645 0.765330
vt 0.443305 0.427668
vt 0.431381 0.659248
vt 0.357266 0.687105
vt 0.421331 0.654932
vt 0.419880 0.652247
vt 0.509401 0.765626
vt 0.566876 0.644807
vt 0.447495 0.436733
vt 0.446002 0.439423
vt 0.355541 0.697523
vt 0.501831 0.773524
vt 0.575353 0.637473
vt 0.578181 0.636085
vt 0.422407 0.658320
vt 0.449337 0.433504
vt 0.513348 0.766167
vt 0.360031 0.685766
vt 0.564150 0.644306
vt 0.358227 0.695211
vt 0.504889 0.773667
vt 0.362353 0.684937
vt 0.572258 0.636617
vt 0.450860 0.430781
vt 0.562041 0.644125
vt 0.423224 0.661313
vt 0.508660 0.774025
vt 0.361387 0.692849
vt 0.454742 0.440189
vt 0.568624 0.636061
vt 0.453203 0.442822
vt 0.500839 0.781354
vt 0.360048 0.703108
vt 0.413534 0.656544
vt 0.412070 0.653850
vt 0.511743 0.774521
vt 0.456719 0.437046
vt 0.504072 0.781439
vt 0.364132 0.691391
vt 0.414497 0.659753
vt 0.514305 0.775187
vt 0.565893 0.635724
vt 0.362557 0.700600
vt 0.366481 0.690493
vt 0.577441 0.616428
vt 0.462344 0.436309
vt 0.507867 0.781852
vt 0.563795 0.635651
vt 0.516955 0.776124
vt 0.572567 0.626409
vt 0.573323 0.616396
vt 0.365601 0.698072
vt 0.461613 0.444008
vt 0.460028 0.446565
vt 0.511367 0.570246
vt 0.499829 0.790471
vt 0.364577 0.708113
vt 0.415265 0.662937
vt 0.510945 0.782458
vt 0.406608 0.657674
vt 0.405119 0.654976
vt 0.569260 0.616447
vt 0.463746 0.440977
vt 0.368319 0.696504
vt 0.517059 0.570547
vt 0.502998 0.790638
vt 0.568121 0.625999
vt 0.370693 0.695546
vt 0.407444 0.660997
vt 0.579736 0.616474
vt 0.565729 0.616572
vt 0.565046 0.626104
vt 0.408221 0.664075
vt 0.399320 0.658550
vt 0.397824 0.655814
vt 0.400170 0.661869
vt 0.400838 0.664957
vt 0.392674 0.659014
vt 0.514509 0.580669
vt 0.390956 0.656022
vt 0.465479 0.452323
vt 0.393710 0.662354
vt 0.374914 0.700090
vt 0.394006 0.665467
vt 0.152647 0.545493
vt 0.149737 0.544024
vt 0.151109 0.535268
vt 0.532132 0.518494
vt 0.539085 0.520332
vt 0.536748 0.523012
vt 0.142543 0.550443
vt 0.140131 0.541920
vt 0.143919 0.542401
vt 0.138707 0.549935
vt 0.528915 0.528627
vt 0.535668 0.532243
vt 0.533367 0.533311
vt 0.531238 0.527507
vt 0.080756 0.442271
vt 0.081399 0.438859
vt 0.088026 0.443703
vt 0.073008 0.437403
vt 0.134269 0.557377
vt 0.131975 0.557975
vt 0.135642 0.549757
vt 0.529367 0.521353
vt 0.533860 0.525751
vt 0.145702 0.551275
vt 0.147081 0.543124
vt 0.084942 0.449796
vt 0.083266 0.452044
vt 0.077092 0.447546
vt 0.078715 0.445179
vt 0.148334 0.552304
vt 0.137360 0.557403
vt 0.526775 0.523186
vt 0.087123 0.447054
vt 0.151162 0.554008
vt 0.527565 0.514438
vt 0.141239 0.557929
vt 0.524428 0.524351
vt 0.094298 0.449082
vt 0.132855 0.564401
vt 0.130635 0.564996
vt 0.376790 0.509645
vt 0.524918 0.517390
vt 0.144398 0.558857
vt 0.090884 0.454937
vt 0.089161 0.457047
vt 0.136168 0.564338
vt 0.146996 0.560009
vt 0.522357 0.519289
vt 0.094234 0.453223
vt 0.522790 0.510591
vt 0.140087 0.564878
vt 0.519990 0.520494
vt 0.104330 0.609298
vt 0.102485 0.607277
vt 0.107415 0.599837
vt 0.149734 0.561932
vt 0.372046 0.513804
vt 0.520260 0.513616
vt 0.097252 0.460056
vt 0.094709 0.462550
vt 0.143238 0.565898
vt 0.373767 0.516676
vt 0.135220 0.570696
vt 0.145797 0.567163
vt 0.147102 0.423245
vt 0.143158 0.418190
vt 0.146355 0.417227
vt 0.139171 0.571243
vt 0.143902 0.424123
vt 0.098767 0.616334
vt 0.140861 0.430479
vt 0.136271 0.423724
vt 0.139986 0.424395
vt 0.097020 0.614133
vt 0.105752 0.461617
vt 0.149738 0.422105
vt 0.148947 0.415972
vt 0.366947 0.518351
vt 0.144737 0.430237
vt 0.142306 0.572345
vt 0.102040 0.467242
vt 0.100237 0.469007
vt 0.368976 0.521187
vt 0.144816 0.573710
vt 0.104466 0.465447
vt 0.371837 0.523957
vt 0.376493 0.519568
vt 0.147939 0.429444
vt 0.092815 0.622707
vt 0.091107 0.620356
vt 0.141816 0.437102
vt 0.150601 0.428425
vt 0.110868 0.468823
vt 0.361933 0.523589
vt 0.093259 0.627717
vt 0.101563 0.617970
vt 0.145651 0.436890
vt 0.374501 0.525694
vt 0.379123 0.521381
vt 0.106817 0.474031
vt 0.104987 0.475607
vt 0.104804 0.619063
vt 0.092032 0.632395
vt 0.364140 0.526294
vt 0.144121 0.579700
vt 0.139772 0.444377
vt 0.137783 0.443902
vt 0.141664 0.578245
vt 0.110213 0.475449
vt 0.148850 0.436188
vt 0.358061 0.528424
vt 0.367137 0.528912
vt 0.151531 0.435300
vt 0.142844 0.444663
vt 0.086445 0.628553
vt 0.084766 0.625994
vt 0.110866 0.473091
vt 0.115534 0.476701
vt 0.577074 0.607529
vt 0.579740 0.616474
vt 0.577281 0.616423
vt 0.154348 0.433830
vt 0.153350 0.426757
vt 0.360415 0.530710
vt 0.146633 0.444491
vt 0.367863 0.532753
vt 0.573421 0.602346
vt 0.390075 0.719779
vt 0.389749 0.713470
vt 0.392377 0.713470
vt 0.163205 0.579642
vt 0.161209 0.583158
vt 0.161209 0.571174
vt 0.140731 0.452066
vt 0.138786 0.451662
vt 0.569931 0.607719
vt 0.569262 0.616447
vt 0.363516 0.533197
vt 0.111140 0.481360
vt 0.575722 0.597759
vt 0.149821 0.443893
vt 0.079582 0.633726
vt 0.078025 0.631066
vt 0.567298 0.607807
vt 0.566474 0.616539
vt 0.119564 0.484966
vt 0.143754 0.452318
vt 0.152522 0.443146
vt 0.352321 0.535968
vt 0.565194 0.607995
vt 0.368592 0.535715
vt 0.372203 0.531579
vt 0.147502 0.452193
vt 0.563893 0.616702
vt 0.569145 0.598565
vt 0.155397 0.441897
vt 0.354654 0.538398
vt 0.563317 0.608098
vt 0.074120 0.637199
vt 0.072547 0.634649
vt 0.141480 0.460059
vt 0.139643 0.459829
vt 0.140330 0.468918
vt 0.117394 0.488587
vt 0.115167 0.489667
vt 0.574114 0.588082
vt 0.007272 0.419238
vt -0.000000 0.423037
vt 0.001196 0.419086
vt 0.006224 0.422568
vt 0.150682 0.451698
vt 0.357906 0.540638
vt 0.566391 0.598858
vt 0.144532 0.460392
vt 0.076901 0.637962
vt 0.123036 0.493767
vt 0.153394 0.451094
vt 0.564300 0.599139
vt 0.347617 0.543325
vt 0.079752 0.638875
vt 0.069798 0.647510
vt 0.571214 0.588637
vt 0.360662 0.542070
vt 0.148249 0.460319
vt 0.156312 0.450064
vt 0.350171 0.545420
vt 0.007595 0.416139
vt 0.001421 0.415972
vt 0.012764 0.423037
vt 0.011297 0.425752
vt 0.004727 0.425258
vt 0.362980 0.542926
vt 0.567577 0.589405
vt 0.077542 0.643093
vt 0.084967 0.638070
vt 0.142269 0.469107
vt 0.120656 0.497180
vt 0.118412 0.498030
vt 0.151418 0.459934
vt 0.065014 0.642273
vt 0.571910 0.578856
vt 0.063515 0.639619
vt 0.353534 0.547435
vt 0.013825 0.419708
vt 0.125884 0.502988
vt 0.154137 0.459475
vt 0.145162 0.469396
vt 0.564821 0.589877
vt 0.343095 0.551185
vt 0.066169 0.644900
vt 0.569049 0.579636
vt 0.356303 0.548727
vt 0.562721 0.590266
vt 0.157089 0.458665
vt 0.148850 0.469388
vt 0.062482 0.651048
vt 0.358600 0.549500
vt 0.014211 0.416610
vt 0.565441 0.580664
vt 0.345942 0.553123
vt 0.019805 0.423849
vt 0.018368 0.426560
vt 0.142517 0.477762
vt 0.140707 0.477650
vt 0.140793 0.487254
vt 0.123310 0.506180
vt 0.121065 0.506795
vt 0.152007 0.469123
vt 0.057287 0.645862
vt 0.055836 0.643148
vt 0.569139 0.569977
vt 0.349399 0.554895
vt 0.020997 0.420627
vt 0.128072 0.512482
vt 0.154732 0.468825
vt 0.562685 0.581309
vt 0.145502 0.478057
vt 0.337348 0.563910
vt 0.336974 0.558688
vt 0.566335 0.570985
vt 0.058303 0.648496
vt 0.352183 0.556045
vt 0.560571 0.581803
vt 0.157708 0.468258
vt 0.149172 0.478116
vt 0.054313 0.654389
vt 0.354451 0.556723
vt 0.021360 0.417420
vt 0.562771 0.572267
vt 0.342134 0.561349
vt 0.125437 0.516155
vt 0.123206 0.516524
vt 0.026989 0.424992
vt 0.142722 0.487322
vt 0.025571 0.427697
vt 0.152322 0.477967
vt 0.049314 0.648969
vt 0.047901 0.646216
vt 0.565781 0.561311
vt 0.345666 0.562867
vt 0.028297 0.421600
vt 0.129604 0.522231
vt 0.155047 0.477820
vt 0.145571 0.487592
vt 0.560016 0.573082
vt 0.050244 0.651618
vt 0.563048 0.562547
vt 0.348461 0.563868
vt 0.158035 0.477480
vt 0.557885 0.573673
vt 0.149229 0.487724
vt 0.046051 0.657221
vt 0.350707 0.564443
vt 0.028682 0.418563
vt 0.338770 0.570184
vt 0.559538 0.564083
vt 0.142380 0.496156
vt 0.140563 0.496150
vt 0.139964 0.505955
vt 0.034340 0.426493
vt 0.032927 0.429189
vt 0.126746 0.525696
vt 0.124527 0.525836
vt 0.562081 0.553398
vt 0.041327 0.651581
vt 0.039937 0.648805
vt 0.152373 0.487704
vt 0.342364 0.571442
vt 0.035540 0.423172
vt 0.130466 0.532129
vt 0.145341 0.496426
vt 0.155096 0.487722
vt 0.556792 0.565064
vt 0.042195 0.654245
vt 0.331473 0.583346
vt 0.559450 0.554845
vt 0.345164 0.572282
vt 0.149001 0.496628
vt 0.554637 0.565751
vt 0.158087 0.487627
vt 0.038384 0.659419
vt 0.347387 0.572751
vt 0.036203 0.420078
vt 0.556010 0.556617
vt 0.335933 0.579624
vt 0.160325 0.487620
vt 0.160280 0.477222
vt 0.127405 0.536149
vt 0.041953 0.428429
vt 0.141927 0.505908
vt 0.040534 0.431108
vt 0.558029 0.545994
vt 0.152141 0.496727
vt 0.033285 0.653772
vt 0.031901 0.650982
vt 0.339573 0.580611
vt 0.130635 0.543109
vt 0.154860 0.496892
vt 0.144769 0.506158
vt 0.043238 0.425123
vt 0.553271 0.557752
vt 0.034101 0.656392
vt 0.555513 0.547645
vt 0.551093 0.558525
vt 0.157846 0.497020
vt 0.342377 0.581284
vt 0.148437 0.506433
vt 0.030230 0.661366
vt 0.344584 0.581637
vt 0.044033 0.422042
vt 0.160069 0.497232
vt 0.127322 0.545772
vt 0.552155 0.549640
vt 0.333736 0.589519
vt 0.140915 0.515409
vt 0.139048 0.515521
vt 0.137903 0.524540
vt 0.049315 0.430711
vt 0.047876 0.433365
vt 0.151577 0.506665
vt 0.553695 0.539145
vt 0.554651 0.535492
vt 0.130082 0.553016
vt 0.025257 0.655570
vt 0.023866 0.652776
vt 0.154291 0.506987
vt 0.337409 0.590230
vt 0.143903 0.515644
vt 0.050700 0.427435
vt 0.549431 0.550918
vt 0.026041 0.658174
vt 0.328583 0.602524
vt 0.551326 0.540983
vt 0.157257 0.507362
vt 0.547227 0.551772
vt 0.340219 0.590728
vt 0.147589 0.515985
vt 0.022292 0.662911
vt 0.342411 0.590961
vt 0.159435 0.507838
vt 0.548065 0.543187
vt 0.126447 0.556348
vt 0.139938 0.524357
vt 0.051642 0.424378
vt 0.059192 0.427163
vt 0.331914 0.602970
vt 0.150731 0.516347
vt 0.056586 0.433411
vt 0.055116 0.436026
vt 0.128685 0.563856
vt 0.153435 0.516824
vt 0.549224 0.532353
vt 0.058209 0.430304
vt 0.017424 0.656984
vt 0.142825 0.524573
vt 0.016010 0.654191
vt 0.334647 0.602929
vt 0.545354 0.544601
vt 0.325718 0.614632
vt 0.546500 0.534277
vt 0.156372 0.517436
vt 0.543125 0.545526
vt 0.146537 0.524968
vt 0.337830 0.600328
vt 0.330984 0.614608
vt 0.124802 0.566597
vt 0.124300 0.555756
vt 0.018209 0.659598
vt 0.122689 0.565757
vt 0.543358 0.536687
vt 0.138472 0.533287
vt 0.136519 0.533537
vt 0.135008 0.542130
vt 0.063675 0.436540
vt 0.062164 0.439099
vt 0.149685 0.525452
vt 0.015295 0.664004
vt 0.335178 0.614604
vt 0.543832 0.525448
vt 0.126491 0.574379
vt 0.152378 0.526073
vt 0.065524 0.433347
vt 0.340947 0.600596
vt 0.141530 0.533456
vt 0.540674 0.538235
vt 0.337089 0.607475
vt 0.155348 0.527078
vt 0.538411 0.539233
vt 0.009924 0.658030
vt 0.008478 0.655240
vt 0.541324 0.527980
vt 0.145279 0.533899
vt 0.338908 0.614613
vt 0.122879 0.578026
vt 0.010732 0.660603
vt 0.120449 0.575291
vt 0.137120 0.541686
vt 0.133456 0.550290
vt 0.070785 0.432251
vt 0.340260 0.607491
vt 0.071215 0.440488
vt 0.069652 0.442965
vt 0.148433 0.534506
vt 0.538316 0.530578
vt 0.007966 0.664878
vt 0.342194 0.614639
vt 0.005474 0.659490
vt 0.003359 0.655654
vt 0.342963 0.607292
vt 0.001077 0.663213
vt -0.000000 0.658769
vt 0.001175 0.665417
vt 0.117444 0.584556
vt 0.119518 0.588555
vt 0.123538 0.584430
vt 0.113696 0.593359
vt 0.115514 0.597594
vt 0.119843 0.594007
vt 0.154091 0.536495
vt 0.110855 0.606059
vt 0.109298 0.601641
vt 0.115432 0.603048
vt 0.105635 0.613832
vt 0.110388 0.611425
vt 0.086868 0.633327
vt 0.717362 0.368317
vt 0.712898 0.370453
vt 0.712933 0.368194
vt 0.717338 0.370555
vt 0.714257 0.372044
vt 0.714336 0.373627
vt 0.712959 0.372958
vt 0.717362 0.371991
vt 0.385003 0.456198
vt 0.380534 0.457658
vt 0.380581 0.455838
vt 0.384971 0.457756
vt 0.380534 0.459691
vt 0.384975 0.459905
vt 0.380615 0.461972
vt 0.385063 0.462148
vt 0.723308 0.297827
vt 0.727720 0.296367
vt 0.727760 0.298642
vt 0.723264 0.296005
vt 0.178686 0.662507
vt 0.180037 0.660819
vt 0.180002 0.663300
vt 0.178706 0.660326
vt 0.180025 0.658158
vt 0.178686 0.657762
vt 0.726400 0.302571
vt 0.727760 0.300827
vt 0.727723 0.302799
vt 0.726424 0.301171
vt 0.723318 0.301173
vt 0.407068 0.724087
vt 0.408396 0.726269
vt 0.405076 0.723155
vt 0.400692 0.728486
vt 0.404656 0.731137
vt 0.402395 0.730512
vt 0.407197 0.730083
vt 0.402460 0.723642
vt 0.400692 0.725740
vt 0.408243 0.728342
vt 0.711400 0.339591
vt 0.712789 0.340847
vt 0.711572 0.341549
vt 0.712046 0.342990
vt 0.711926 0.338231
vt 0.710439 0.343063
vt 0.710515 0.344317
vt 0.710439 0.338383
vt 0.710470 0.337150
vt 0.160035 0.665117
vt 0.160035 0.663819
vt 0.163146 0.663819
vt 0.163148 0.665068
vt 0.163175 0.662244
vt 0.160061 0.662331
vt 0.160060 0.660389
vt 0.163170 0.660299
vt 0.163146 0.659146
vt 0.160035 0.659162
vt 0.160035 0.657672
vt 0.163147 0.657914
vt 0.384892 0.731709
vt 0.386333 0.730046
vt 0.386322 0.731348
vt 0.382647 0.731226
vt 0.386445 0.725383
vt 0.383139 0.723879
vt 0.386487 0.723892
vt 0.381354 0.725337
vt 0.380711 0.726933
vt 0.387431 0.728643
vt 0.387431 0.726694
vt 0.380834 0.729078
vt 0.182389 0.669679
vt 0.181096 0.670466
vt 0.181016 0.668003
vt 0.391897 0.722033
vt 0.387517 0.720731
vt 0.391980 0.720410
vt 0.387443 0.722836
vt 0.388779 0.725401
vt 0.387443 0.725035
vt 0.388825 0.726938
vt 0.387511 0.727223
vt 0.391877 0.725364
vt 0.182343 0.667509
vt 0.181043 0.665332
vt 0.182389 0.664929
vt 0.182385 0.651831
vt 0.179223 0.653015
vt 0.179282 0.651808
vt 0.182322 0.653553
vt 0.179217 0.654802
vt 0.182338 0.655442
vt 0.179281 0.656514
vt 0.182389 0.656434
vt 0.707742 0.301624
vt 0.709061 0.302545
vt 0.707709 0.303227
vt 0.727571 0.338493
vt 0.732013 0.340389
vt 0.727568 0.340623
vt 0.732013 0.338363
vt 0.709091 0.300027
vt 0.727553 0.336853
vt 0.731989 0.336428
vt 0.704642 0.300133
vt 0.704632 0.301574
vt 0.704632 0.297904
vt 0.709073 0.297776
vt 0.731971 0.342453
vt 0.727522 0.342629
vt 0.716514 0.319743
vt 0.716454 0.320947
vt 0.714920 0.319624
vt 0.715409 0.318076
vt 0.714170 0.317484
vt 0.715505 0.316283
vt 0.715025 0.314865
vt 0.716514 0.315032
vt 0.716478 0.313780
vt 0.443030 0.728338
vt 0.442877 0.726262
vt 0.444075 0.730083
vt 0.450574 0.728505
vt 0.448808 0.723651
vt 0.450574 0.725757
vt 0.446194 0.723155
vt 0.446612 0.731149
vt 0.448871 0.730529
vt 0.444204 0.724082
vt 0.182389 0.650310
vt 0.179281 0.650555
vt 0.182387 0.657762
vt 0.179277 0.657715
vt 0.725720 0.389751
vt 0.726453 0.386089
vt 0.726628 0.390689
vt 0.725405 0.387878
vt 0.730298 0.391912
vt 0.728051 0.392386
vt 0.732119 0.389771
vt 0.732250 0.387627
vt 0.729834 0.384563
vt 0.731614 0.386028
vt 0.726487 0.384563
vt 0.726622 0.392020
vt 0.709090 0.303093
vt 0.713547 0.300968
vt 0.713531 0.303222
vt 0.709101 0.300861
vt 0.712201 0.299372
vt 0.712166 0.297776
vt 0.713519 0.298454
vt 0.709090 0.299422
vt 0.727559 0.414861
vt 0.732018 0.413350
vt 0.731995 0.415289
vt 0.727575 0.413219
vt 0.732018 0.411324
vt 0.727573 0.411091
vt 0.731977 0.409271
vt 0.727528 0.409096
vt 0.379285 0.490325
vt 0.380221 0.487215
vt 0.380145 0.490325
vt 0.379284 0.487216
vt 0.709615 0.336922
vt 0.706506 0.337304
vt 0.706538 0.335124
vt 0.709652 0.335022
vt 0.709652 0.338840
vt 0.706546 0.338862
vt 0.730802 0.382756
vt 0.726436 0.384223
vt 0.726349 0.381961
vt 0.730901 0.384563
vt 0.182242 0.682201
vt 0.180874 0.683801
vt 0.180942 0.681502
vt 0.182203 0.684278
vt 0.180898 0.686530
vt 0.182242 0.686954
vt 0.727740 0.378010
vt 0.726349 0.379773
vt 0.726431 0.377783
vt 0.727685 0.379422
vt 0.730779 0.379409
vt 0.180901 0.663848
vt 0.182389 0.663676
vt 0.182357 0.664929
vt 0.182310 0.657762
vt 0.182389 0.659038
vt 0.181500 0.659998
vt 0.180780 0.659090
vt 0.181264 0.662204
vt 0.180037 0.661233
vt 0.398988 0.723782
vt 0.400692 0.725809
vt 0.396727 0.723155
vt 0.392988 0.728026
vt 0.396308 0.731140
vt 0.394316 0.730208
vt 0.398924 0.730653
vt 0.394187 0.724212
vt 0.393141 0.725953
vt 0.400692 0.728555
vt 0.380560 0.691725
vt 0.379231 0.691722
vt 0.379231 0.688613
vt 0.380510 0.688614
vt 0.709640 0.340366
vt 0.706533 0.340108
vt 0.409463 0.729453
vt 0.415261 0.727915
vt 0.414625 0.729513
vt 0.409639 0.724852
vt 0.412845 0.730979
vt 0.413309 0.723629
vt 0.415130 0.725770
vt 0.411062 0.723155
vt 0.409497 0.730979
vt 0.409633 0.723522
vt 0.408803 0.725666
vt 0.408396 0.727593
vt 0.696641 0.374564
vt 0.695352 0.373705
vt 0.696732 0.373145
vt 0.732047 0.326487
vt 0.727631 0.324559
vt 0.732071 0.324354
vt 0.727613 0.326587
vt 0.695256 0.376089
vt 0.732071 0.328121
vt 0.727650 0.328514
vt 0.699701 0.376033
vt 0.699746 0.374648
vt 0.699680 0.378315
vt 0.695244 0.378407
vt 0.727745 0.322479
vt 0.699746 0.380344
vt 0.181016 0.671256
vt 0.182332 0.670466
vt 0.182368 0.672941
vt 0.725450 0.397342
vt 0.729862 0.398813
vt 0.725405 0.399172
vt 0.729903 0.396531
vt 0.728570 0.394004
vt 0.729903 0.394347
vt 0.728548 0.392611
vt 0.729872 0.392386
vt 0.725464 0.393997
vt 0.181036 0.673433
vt 0.182355 0.675605
vt 0.181016 0.676003
vt 0.163175 0.663607
vt 0.164662 0.663758
vt 0.163206 0.664839
vt 0.164136 0.662398
vt 0.165524 0.661142
vt 0.164308 0.660441
vt 0.164781 0.658999
vt 0.163175 0.658926
vt 0.163251 0.657672
vt 0.435181 0.728545
vt 0.435181 0.725797
vt 0.436947 0.730651
vt 0.442877 0.728040
vt 0.441680 0.724219
vt 0.442725 0.725965
vt 0.439142 0.723155
vt 0.439559 0.731146
vt 0.441551 0.730220
vt 0.436883 0.723774
vt 0.379767 0.660358
vt 0.379767 0.658867
vt 0.382879 0.658883
vt 0.382880 0.660116
vt 0.379794 0.657634
vt 0.382904 0.657724
vt 0.382908 0.655777
vt 0.379795 0.655691
vt 0.379767 0.654209
vt 0.382879 0.654209
vt 0.379768 0.652910
vt 0.382880 0.652959
vt 0.415261 0.727931
vt 0.420994 0.729481
vt 0.415903 0.729527
vt 0.415383 0.725786
vt 0.420882 0.724818
vt 0.421980 0.726222
vt 0.421980 0.728170
vt 0.419441 0.723155
vt 0.420872 0.723516
vt 0.417688 0.730986
vt 0.421036 0.730973
vt 0.417196 0.723638
s 0
usemtl None
f 1/1/1 2/2/1 3/3/1
f 1/1/2 3/3/2 4/4/2
f 5/5/3 3/3/3 6/6/3
f 5/5/4 6/6/4 7/7/4
f 5/5/5 4/4/5 3/3/5
f 8/8/6 9/9/6 10/10/6
f 1/1/7 11/11/7 2/2/7
f 12/12/8 13/13/8 14/14/8
f 12/12/9 8/8/9 10/10/9
f 15/15/10 16/16/10 8/8/10
f 15/15/11 12/12/11 14/14/11
f 15/15/12 8/8/12 12/12/12
f 17/17/13 15/15/13 14/14/13
f 18/18/14 19/19/14 16/16/14
f 18/18/15 16/16/15 15/15/15
f 20/20/16 21/21/16 22/22/16
f 20/20/17 22/22/17 23/23/17
f 20/20/18 18/18/18 15/15/18
f 20/20/19 15/15/19 17/17/19
f 20/20/20 17/17/20 21/21/20
f 24/24/21 25/25/21 19/19/21
f 24/24/22 19/19/22 18/18/22
f 26/26/23 23/23/23 27/27/23
f 26/26/24 27/27/24 28/28/24
f 26/26/25 20/20/25 23/23/25
f 26/26/26 18/18/26 20/20/26
f 26/26/27 24/24/27 18/18/27
f 3/3/28 2/2/28 25/25/28
f 3/3/29 25/25/29 24/24/29
f 6/6/30 28/28/30 29/29/30
f 6/6/31 29/29/31 30/30/31
f 6/6/32 30/30/32 7/7/32
f 6/6/33 26/26/33 28/28/33
f 6/6/34 24/24/34 26/26/34
f 6/6/35 3/3/35 24/24/35
f 31/31/36 32/32/36 33/33/36
f 34/34/37 33/33/37 35/35/37
f 34/34/38 31/31/38 33/33/38
f 36/36/39 35/35/39 37/37/39
f 36/36/40 34/34/40 35/35/40
f 38/38/41 37/39/41 39/40/41
f 38/38/42 36/41/42 37/39/42
f 40/42/43 38/38/43 39/40/43
f 40/42/44 39/40/44 41/43/44
f 42/44/45 40/42/45 41/43/45
f 42/44/46 41/43/46 43/45/46
f 44/46/47 42/44/47 43/45/47
f 45/47/48 46/48/48 47/49/48
f 48/50/49 49/51/49 50/52/49
f 51/53/50 52/54/50 53/55/50
f 51/53/51 54/56/51 52/54/51
f 51/53/52 55/57/52 54/56/52
f 51/53/53 56/58/53 55/57/53
f 51/53/54 57/59/54 56/58/54
f 58/60/55 59/61/55 60/62/55
f 61/63/56 60/62/56 59/61/56
f 62/64/57 58/60/57 60/62/57
f 63/65/58 64/66/58 65/67/58
f 63/65/59 66/68/59 67/69/59
f 63/65/60 68/70/60 66/68/60
f 63/65/61 65/67/61 68/70/61
f 69/71/62 63/65/62 67/69/62
f 69/71/63 70/72/63 71/73/63
f 69/71/64 67/69/64 70/72/64
f 72/74/65 73/75/65 74/76/65
f 75/77/66 74/76/66 73/75/66
f 76/78/67 72/74/67 74/76/67
f 77/79/68 78/80/68 79/81/68
f 77/79/69 80/82/69 78/80/69
f 81/83/70 77/79/70 79/81/70
f 81/83/71 82/84/71 83/85/71
f 81/83/72 84/86/72 82/84/72
f 81/83/73 79/81/73 84/86/73
f 85/87/74 83/85/74 86/88/74
f 85/87/75 81/83/75 83/85/75
f 87/89/76 88/90/76 89/91/76
f 87/89/77 90/92/77 88/90/77
f 91/93/78 87/89/78 89/91/78
f 92/94/79 93/95/79 94/96/79
f 92/94/80 95/97/80 93/95/80
f 96/98/81 91/93/81 97/99/81
f 98/100/82 99/101/82 100/102/82
f 98/103/83 101/104/83 99/105/83
f 98/100/84 100/102/84 102/106/84
f 98/100/85 102/106/85 103/107/85
f 98/103/86 103/108/86 104/109/86
f 105/110/87 98/103/87 104/109/87
f 105/110/88 101/104/88 98/103/88
f 105/110/89 104/109/89 106/111/89
f 107/112/90 92/94/90 94/96/90
f 105/110/91 106/111/91 108/113/91
f 109/114/92 105/110/92 108/113/92
f 109/114/93 110/115/93 105/110/93
f 109/114/94 111/116/94 110/115/94
f 109/114/95 108/113/95 112/117/95
f 113/118/96 112/117/96 114/119/96
f 113/118/97 114/119/97 115/120/97
f 113/118/98 111/116/98 109/114/98
f 113/118/99 109/114/99 112/117/99
f 116/121/100 115/120/100 117/122/100
f 116/121/101 117/122/101 118/123/101
f 116/121/102 118/123/102 48/50/102
f 116/121/103 48/50/103 50/52/103
f 116/121/104 119/124/104 120/125/104
f 116/121/105 50/52/105 119/124/105
f 121/126/106 107/127/106 122/128/106
f 116/121/107 113/118/107 115/120/107
f 116/121/108 120/125/108 113/118/108
f 123/129/109 48/50/109 124/130/109
f 123/129/110 49/51/110 48/50/110
f 123/129/111 125/131/111 49/51/111
f 123/129/112 126/132/112 125/131/112
f 123/129/113 127/133/113 126/132/113
f 123/129/114 128/134/114 69/71/114
f 123/129/115 69/71/115 71/73/115
f 123/129/116 129/135/116 127/133/116
f 123/129/117 130/136/117 129/135/117
f 123/129/118 131/137/118 130/136/118
f 123/129/119 71/73/119 131/137/119
f 132/138/120 124/130/120 74/76/120
f 132/138/121 123/129/121 124/130/121
f 132/138/122 133/139/122 134/140/122
f 132/138/123 135/141/123 133/139/123
f 132/138/124 75/77/124 135/141/124
f 132/138/125 74/76/125 75/77/125
f 136/142/126 74/76/126 137/143/126
f 136/142/127 137/143/127 138/144/127
f 136/142/128 138/144/128 139/145/128
f 136/142/129 140/146/129 76/78/129
f 136/142/130 141/147/130 140/146/130
f 136/142/131 142/148/131 141/147/131
f 136/142/132 143/149/132 142/148/132
f 136/142/133 76/78/133 74/76/133
f 132/138/134 95/97/134 92/94/134
f 132/138/135 144/150/135 128/134/135
f 132/138/136 92/94/136 144/150/136
f 132/138/137 145/151/137 95/97/137
f 132/138/138 146/152/138 145/151/138
f 132/138/139 134/140/139 146/152/139
f 132/138/140 128/134/140 123/129/140
f 147/153/141 143/149/141 136/142/141
f 147/153/142 139/145/142 148/154/142
f 147/153/143 136/142/143 139/145/143
f 149/155/144 148/154/144 150/156/144
f 149/155/145 150/156/145 151/157/145
f 149/155/146 147/153/146 148/154/146
f 152/158/147 151/157/147 153/159/147
f 152/158/148 154/160/148 155/161/148
f 152/158/149 149/155/149 151/157/149
f 152/158/150 155/161/150 149/155/150
f 156/162/151 154/160/151 152/158/151
f 156/162/152 153/159/152 157/163/152
f 156/162/153 157/163/153 158/164/153
f 156/162/154 152/158/154 153/159/154
f 159/165/155 158/164/155 160/166/155
f 159/165/156 161/167/156 162/168/156
f 159/165/157 156/162/157 158/164/157
f 159/165/158 162/168/158 156/162/158
f 163/169/159 159/165/159 160/166/159
f 163/170/160 161/171/160 159/172/160
f 163/170/161 160/173/161 164/174/161
f 163/170/162 164/174/162 165/175/162
f 166/176/163 165/175/163 167/177/163
f 166/176/164 168/178/164 169/179/164
f 166/176/165 163/170/165 165/175/165
f 166/176/166 169/179/166 163/170/166
f 170/180/167 167/177/167 171/181/167
f 170/180/168 171/181/168 172/182/168
f 170/180/169 168/178/169 166/176/169
f 170/180/170 166/176/170 167/177/170
f 173/183/171 172/182/171 174/184/171
f 173/183/172 170/180/172 172/182/172
f 175/185/173 176/186/173 177/187/173
f 175/185/174 178/188/174 176/186/174
f 175/185/175 179/189/175 178/188/175
f 175/185/176 47/49/176 179/189/176
f 175/185/177 174/184/177 180/190/177
f 175/185/178 180/190/178 181/191/178
f 175/185/179 181/191/179 45/47/179
f 175/185/180 173/183/180 174/184/180
f 175/185/181 45/47/181 47/49/181
f 175/185/182 177/187/182 173/183/182
f 182/192/183 183/193/183 46/48/183
f 182/192/184 184/194/184 183/193/184
f 182/192/185 185/195/185 184/194/185
f 182/192/186 46/48/186 45/47/186
f 182/192/187 45/47/187 186/196/187
f 182/192/188 187/197/188 185/195/188
f 182/192/189 188/198/189 187/197/189
f 182/192/190 53/55/190 188/198/190
f 182/192/191 189/199/191 51/53/191
f 182/192/192 190/200/192 189/199/192
f 182/192/193 51/53/193 53/55/193
f 191/201/194 192/202/194 193/203/194
f 191/201/195 61/63/195 192/202/195
f 191/201/196 186/196/196 60/62/196
f 191/201/197 182/192/197 186/196/197
f 191/201/198 60/62/198 61/63/198
f 194/204/199 195/205/199 62/64/199
f 194/204/200 196/206/200 195/205/200
f 194/204/201 197/207/201 196/206/201
f 194/204/202 60/62/202 198/208/202
f 194/204/203 198/208/203 199/209/203
f 194/204/204 199/209/204 200/210/204
f 194/204/205 62/64/205 60/62/205
f 191/201/206 80/82/206 77/79/206
f 191/201/207 77/79/207 190/200/207
f 191/201/208 201/211/208 80/82/208
f 191/201/209 190/200/209 182/192/209
f 191/201/210 202/212/210 201/211/210
f 191/201/211 193/203/211 202/212/211
f 203/213/212 197/207/212 194/204/212
f 203/213/213 194/204/213 200/210/213
f 203/213/214 200/210/214 204/214/214
f 203/213/215 204/214/215 205/215/215
f 206/216/216 203/213/216 205/215/216
f 206/216/217 207/217/217 203/213/217
f 206/216/218 205/215/218 208/218/218
f 209/219/219 206/216/219 208/218/219
f 209/219/220 208/218/220 210/220/220
f 209/219/221 210/220/221 211/221/221
f 209/219/222 207/217/222 206/216/222
f 212/222/223 211/221/223 213/223/223
f 212/222/224 213/223/224 214/224/224
f 212/222/225 214/224/225 215/225/225
f 212/222/226 216/226/226 217/227/226
f 212/222/227 215/225/227 216/226/227
f 212/222/228 217/227/228 209/219/228
f 212/222/229 209/219/229 211/221/229
f 218/228/230 219/229/230 220/230/230
f 221/231/231 222/232/231 223/233/231
f 218/228/232 224/234/232 219/229/232
f 225/235/233 174/184/233 172/182/233
f 225/235/234 226/236/234 174/184/234
f 227/237/235 224/238/235 218/239/235
f 228/240/236 229/241/236 222/232/236
f 225/235/237 230/242/237 226/236/237
f 228/240/238 222/232/238 221/231/238
f 231/243/239 232/244/239 233/245/239
f 231/243/240 233/245/240 234/246/240
f 235/247/241 230/242/241 225/235/241
f 235/247/242 220/230/242 230/242/242
f 236/248/243 237/249/243 229/250/243
f 236/248/244 229/250/244 228/251/244
f 231/243/245 238/252/245 232/244/245
f 235/247/246 218/228/246 220/230/246
f 239/253/247 225/235/247 172/182/247
f 239/253/248 172/182/248 171/181/248
f 240/254/249 104/109/249 103/108/249
f 241/255/250 227/237/250 218/239/250
f 240/254/251 242/256/251 104/109/251
f 241/255/252 218/239/252 235/257/252
f 243/258/253 244/259/253 245/260/253
f 246/261/254 247/262/254 237/249/254
f 246/261/255 237/249/255 236/248/255
f 241/255/256 234/246/256 227/237/256
f 240/263/257 102/106/257 248/264/257
f 249/265/258 235/247/258 225/235/258
f 249/265/259 225/235/259 239/253/259
f 240/263/260 103/107/260 102/106/260
f 250/266/261 221/231/261 242/256/261
f 231/243/262 234/246/262 241/255/262
f 250/266/263 242/256/263 240/254/263
f 251/267/264 252/268/264 247/262/264
f 251/267/265 247/262/265 246/261/265
f 250/269/266 240/263/266 248/264/266
f 253/270/267 239/253/267 171/181/267
f 253/270/268 171/181/268 167/177/268
f 254/271/269 243/258/269 252/268/269
f 254/271/270 244/259/270 243/258/270
f 254/271/271 252/268/271 251/267/271
f 255/272/272 228/240/272 221/231/272
f 256/273/273 241/255/273 235/257/273
f 255/272/274 221/231/274 250/266/274
f 256/273/275 235/257/275 249/274/275
f 255/275/276 248/264/276 257/276/276
f 258/277/277 239/253/277 253/270/277
f 255/275/278 250/269/278 248/264/278
f 236/248/279 228/251/279 255/278/279
f 259/279/280 249/265/280 239/253/280
f 254/271/281 260/280/281 244/259/281
f 259/279/282 239/253/282 258/277/282
f 236/248/283 255/278/283 257/281/283
f 261/282/284 262/283/284 238/252/284
f 261/282/285 238/252/285 231/243/285
f 261/282/286 231/243/286 241/255/286
f 261/282/287 241/255/287 256/273/287
f 246/261/288 257/281/288 263/284/288
f 246/261/289 236/248/289 257/281/289
f 264/285/290 249/265/290 259/279/290
f 251/267/291 246/261/291 263/284/291
f 251/267/292 263/284/292 265/286/292
f 266/287/293 167/177/293 165/175/293
f 266/287/294 253/270/294 167/177/294
f 254/271/295 251/267/295 265/286/295
f 254/271/296 265/286/296 267/288/296
f 254/271/297 267/288/297 268/289/297
f 254/271/298 268/289/298 260/280/298
f 269/290/299 249/274/299 264/291/299
f 269/290/300 256/273/300 249/274/300
f 270/292/301 253/270/301 266/287/301
f 270/292/302 258/277/302 253/270/302
f 271/293/303 272/294/303 273/295/303
f 271/293/304 274/296/304 272/294/304
f 275/297/305 271/293/305 273/295/305
f 276/298/306 271/293/306 275/297/306
f 277/299/307 258/277/307 270/292/307
f 277/299/308 259/279/308 258/277/308
f 278/300/309 271/293/309 276/298/309
f 261/282/310 256/273/310 269/290/310
f 261/282/311 279/301/311 262/283/311
f 280/302/312 259/279/312 277/299/312
f 280/302/313 264/285/313 259/279/313
f 281/303/314 266/287/314 165/175/314
f 281/303/315 165/175/315 164/174/315
f 282/304/316 264/291/316 280/305/316
f 282/304/317 269/290/317 264/291/317
f 283/306/318 270/292/318 266/287/318
f 284/307/319 271/293/319 278/300/319
f 283/306/320 266/287/320 281/303/320
f 284/307/321 285/308/321 286/309/321
f 284/307/322 287/310/322 285/308/322
f 284/307/323 288/311/323 287/310/323
f 284/307/324 278/300/324 288/311/324
f 289/312/325 269/290/325 282/304/325
f 290/313/326 277/299/326 270/292/326
f 290/313/327 270/292/327 283/306/327
f 291/314/328 292/315/328 279/301/328
f 291/314/329 279/301/329 261/282/329
f 291/314/330 261/282/330 269/290/330
f 291/314/331 269/290/331 289/312/331
f 293/316/332 280/305/332 277/317/332
f 293/316/333 277/317/333 290/318/333
f 294/319/334 281/303/334 164/174/334
f 294/319/335 164/174/335 160/173/335
f 282/304/336 280/305/336 293/316/336
f 295/320/337 281/303/337 294/319/337
f 295/320/338 283/306/338 281/303/338
f 294/321/339 160/166/339 158/164/339
f 296/322/340 283/306/340 295/320/340
f 296/322/341 290/313/341 283/306/341
f 291/314/342 297/323/342 292/315/342
f 298/324/343 293/316/343 290/318/343
f 298/324/344 290/318/344 296/325/344
f 299/326/345 293/316/345 298/324/345
f 299/326/346 282/304/346 293/316/346
f 300/327/347 289/312/347 282/304/347
f 300/327/348 282/304/348 299/326/348
f 301/328/349 294/321/349 158/164/349
f 301/328/350 158/164/350 157/163/350
f 302/329/351 303/330/351 297/323/351
f 302/329/352 291/314/352 289/312/352
f 302/329/353 297/323/353 291/314/353
f 302/329/354 289/312/354 300/327/354
f 304/331/355 295/332/355 294/321/355
f 304/331/356 294/321/356 301/328/356
f 305/333/357 296/334/357 295/332/357
f 305/333/358 295/332/358 304/331/358
f 306/335/359 296/325/359 305/336/359
f 306/335/360 298/324/360 296/325/360
f 307/337/361 308/338/361 309/339/361
f 307/337/362 310/340/362 308/338/362
f 311/341/363 307/337/363 309/339/363
f 312/342/364 157/163/364 153/159/364
f 312/342/365 301/328/365 157/163/365
f 302/329/366 313/343/366 303/330/366
f 314/344/367 307/337/367 311/341/367
f 315/345/368 298/324/368 306/335/368
f 315/345/369 299/326/369 298/324/369
f 316/346/370 307/337/370 314/344/370
f 317/347/371 304/331/371 301/328/371
f 317/347/372 301/328/372 312/342/372
f 315/345/373 300/327/373 299/326/373
f 318/348/374 302/329/374 300/327/374
f 318/348/375 313/343/375 302/329/375
f 318/348/376 300/327/376 315/345/376
f 319/349/377 304/331/377 317/347/377
f 319/349/378 305/333/378 304/331/378
f 320/350/379 321/351/379 322/352/379
f 320/350/380 323/353/380 321/351/380
f 320/350/381 324/354/381 323/353/381
f 320/350/382 316/346/382 324/354/382
f 320/350/383 307/337/383 316/346/383
f 325/355/384 305/333/384 319/349/384
f 325/355/385 306/356/385 305/333/385
f 318/348/386 326/357/386 313/343/386
f 327/358/387 312/342/387 153/159/387
f 327/358/388 153/159/388 151/157/388
f 328/359/389 306/335/389 325/360/389
f 328/359/390 315/345/390 306/335/390
f 329/361/391 317/347/391 312/342/391
f 329/361/392 312/342/392 327/358/392
f 330/362/393 315/345/393 328/359/393
f 318/348/394 315/345/394 330/362/394
f 331/363/395 317/347/395 329/361/395
f 331/363/396 319/349/396 317/347/396
f 318/348/397 332/364/397 326/357/397
f 333/365/398 319/349/398 331/363/398
f 333/365/399 325/355/399 319/349/399
f 334/366/400 151/157/400 150/156/400
f 335/367/401 214/224/401 213/223/401
f 334/366/402 327/358/402 151/157/402
f 335/367/403 336/368/403 214/224/403
f 328/359/404 325/360/404 333/369/404
f 334/366/405 329/361/405 327/358/405
f 337/370/406 336/368/406 335/367/406
f 338/371/407 336/368/407 337/370/407
f 338/371/408 339/372/408 336/368/408
f 340/373/409 318/348/409 330/362/409
f 340/373/410 332/364/410 318/348/410
f 341/374/411 329/361/411 334/366/411
f 341/374/412 331/363/412 329/361/412
f 342/375/413 339/376/413 338/377/413
f 340/373/414 343/378/414 332/364/414
f 344/379/415 213/223/415 211/221/415
f 344/379/416 335/367/416 213/223/416
f 341/374/417 333/365/417 331/363/417
f 345/380/418 334/366/418 150/156/418
f 345/380/419 150/156/419 148/154/419
f 346/381/420 333/369/420 341/382/420
f 346/381/421 328/359/421 333/369/421
f 347/383/422 339/376/422 342/375/422
f 348/384/423 335/367/423 344/379/423
f 348/384/424 337/370/424 335/367/424
f 346/381/425 330/362/425 328/359/425
f 349/385/426 341/374/426 334/366/426
f 349/385/427 334/366/427 345/380/427
f 340/373/428 330/362/428 346/381/428
f 350/386/429 338/371/429 337/370/429
f 350/386/430 337/370/430 348/384/430
f 351/387/431 352/388/431 353/389/431
f 342/390/432 338/371/432 350/386/432
f 354/391/433 345/380/433 148/154/433
f 355/392/434 344/379/434 211/221/434
f 355/392/435 211/221/435 210/220/435
f 354/391/436 148/154/436 139/145/436
f 356/393/437 346/381/437 341/382/437
f 356/393/438 341/382/438 349/394/438
f 357/395/439 345/380/439 354/391/439
f 358/396/440 347/383/440 342/375/440
f 359/397/441 344/379/441 355/392/441
f 359/397/442 348/384/442 344/379/442
f 358/396/443 360/398/443 347/383/443
f 361/399/444 345/380/444 357/395/444
f 361/399/445 349/385/445 345/380/445
f 355/392/446 210/220/446 208/218/446
f 362/400/447 363/401/447 343/378/447
f 362/400/448 343/378/448 340/373/448
f 364/402/449 350/386/449 348/384/449
f 362/400/450 340/373/450 346/381/450
f 362/400/451 346/381/451 356/393/451
f 364/402/452 348/384/452 359/397/452
f 365/403/453 352/388/453 351/387/453
f 365/403/454 366/404/454 352/388/454
f 365/403/455 360/398/455 358/396/455
f 365/403/456 351/387/456 360/398/456
f 367/405/457 349/385/457 361/399/457
f 368/406/458 139/145/458 138/144/458
f 369/407/459 350/386/459 364/402/459
f 369/408/460 342/375/460 350/409/460
f 368/406/461 354/391/461 139/145/461
f 370/410/462 349/394/462 367/411/462
f 370/410/463 356/393/463 349/394/463
f 371/412/464 358/396/464 342/375/464
f 371/412/465 342/375/465 369/408/465
f 372/413/466 357/395/466 354/391/466
f 372/413/467 354/391/467 368/406/467
f 373/414/468 358/396/468 371/412/468
f 374/415/469 208/218/469 205/215/469
f 375/416/470 361/399/470 357/395/470
f 374/415/471 355/392/471 208/218/471
f 375/416/472 357/395/472 372/413/472
f 365/403/473 376/417/473 366/404/473
f 362/400/474 356/393/474 370/410/474
f 365/403/475 358/396/475 373/414/475
f 362/400/476 377/418/476 363/401/476
f 378/419/477 368/406/477 138/144/477
f 378/419/478 138/144/478 137/143/478
f 379/420/479 355/392/479 374/415/479
f 375/416/480 380/421/480 381/422/480
f 382/423/481 367/405/481 361/399/481
f 379/420/482 359/397/482 355/392/482
f 382/423/483 361/399/483 375/416/483
f 382/424/484 370/410/484 367/411/484
f 382/424/485 381/425/485 383/426/485
f 382/423/486 375/416/486 381/422/486
f 384/427/487 364/402/487 359/397/487
f 385/428/488 372/413/488 368/406/488
f 384/427/489 359/397/489 379/420/489
f 385/428/490 368/406/490 378/419/490
f 386/429/491 370/410/491 382/424/491
f 380/421/492 375/416/492 372/413/492
f 380/421/493 372/413/493 385/428/493
f 387/430/494 364/402/494 384/427/494
f 388/431/495 389/432/495 377/418/495
f 388/431/496 370/410/496 386/429/496
f 388/431/497 362/400/497 370/410/497
f 388/431/498 377/418/498 362/400/498
f 387/430/499 369/407/499 364/402/499
f 365/403/500 390/433/500 376/417/500
f 391/434/501 374/415/501 205/215/501
f 391/434/502 205/215/502 204/214/502
f 392/435/503 382/424/503 383/426/503
f 393/436/504 371/412/504 369/408/504
f 386/429/505 394/437/505 395/438/505
f 386/429/506 396/439/506 394/437/506
f 393/436/507 369/408/507 387/440/507
f 386/429/508 392/435/508 396/439/508
f 391/434/509 379/420/509 374/415/509
f 386/429/510 382/424/510 392/435/510
f 388/431/511 307/337/511 389/432/511
f 388/431/512 386/429/512 395/438/512
f 393/436/513 373/414/513 371/412/513
f 388/431/514 397/441/514 310/340/514
f 388/431/515 395/438/515 397/441/515
f 388/431/516 310/340/516 307/337/516
f 398/442/517 373/414/517 393/436/517
f 398/442/518 390/433/518 365/403/518
f 398/442/519 365/403/519 373/414/519
f 399/443/520 118/123/520 117/122/520
f 399/443/521 400/444/521 118/123/521
f 401/445/522 384/427/522 379/420/522
f 401/445/523 379/420/523 391/434/523
f 402/446/524 400/444/524 399/443/524
f 398/442/525 403/447/525 390/433/525
f 401/445/526 387/430/526 384/427/526
f 404/448/527 391/434/527 204/214/527
f 405/449/528 400/444/528 402/446/528
f 404/448/529 204/214/529 200/210/529
f 405/449/530 406/450/530 400/444/530
f 407/451/531 387/440/531 401/452/531
f 407/451/532 393/436/532 387/440/532
f 408/453/533 406/450/533 405/449/533
f 408/453/534 409/454/534 406/450/534
f 408/455/535 410/456/535 409/457/535
f 411/458/536 320/350/536 322/352/536
f 412/459/537 391/434/537 404/448/537
f 411/458/538 413/460/538 414/461/538
f 412/459/539 401/445/539 391/434/539
f 411/458/540 415/462/540 413/460/540
f 411/458/541 322/352/541 415/462/541
f 411/458/542 416/463/542 320/350/542
f 417/464/543 399/443/543 117/122/543
f 417/464/544 117/122/544 115/120/544
f 418/465/545 419/466/545 410/456/545
f 398/442/546 393/436/546 407/451/546
f 418/465/547 410/456/547 408/455/547
f 417/464/548 402/446/548 399/443/548
f 418/465/549 420/467/549 419/466/549
f 418/465/550 414/461/550 420/467/550
f 421/468/551 404/448/551 200/210/551
f 421/468/552 200/210/552 199/209/552
f 411/458/553 414/461/553 418/465/553
f 422/469/554 405/449/554 402/446/554
f 423/470/555 407/451/555 401/452/555
f 422/469/556 402/446/556 417/464/556
f 423/470/557 401/452/557 412/471/557
f 424/472/558 404/448/558 421/468/558
f 411/458/559 425/473/559 416/463/559
f 422/469/560 408/453/560 405/449/560
f 426/474/561 115/120/561 114/119/561
f 426/474/562 417/464/562 115/120/562
f 427/475/563 418/465/563 408/455/563
f 427/475/564 408/455/564 422/476/564
f 428/477/565 412/459/565 404/448/565
f 428/477/566 404/448/566 424/472/566
f 429/478/567 398/442/567 407/451/567
f 429/478/568 430/479/568 403/447/568
f 429/478/569 403/447/569 398/442/569
f 429/478/570 407/451/570 423/470/570
f 431/480/571 421/468/571 199/209/571
f 431/480/572 199/209/572 198/208/572
f 432/481/573 422/469/573 417/464/573
f 432/481/573 417/464/573 426/474/573
f 428/477/574 433/482/574 434/483/574
f 435/484/575 412/459/575 428/477/575
f 436/485/576 425/473/576 411/458/576
f 436/485/577 411/458/577 418/465/577
f 436/485/578 418/465/578 427/475/578
f 435/484/579 428/477/579 434/483/579
f 435/486/580 434/487/580 437/488/580
f 438/489/581 424/472/581 421/468/581
f 438/489/582 421/468/582 431/480/582
f 435/486/583 423/470/583 412/471/583
f 439/490/584 426/474/584 114/119/584
f 439/490/585 114/119/585 112/117/585
f 440/491/586 422/476/586 432/492/586
f 440/491/587 427/475/587 422/476/587
f 441/493/588 423/470/588 435/486/588
f 433/482/589 424/472/589 438/489/589
f 433/482/590 428/477/590 424/472/590
f 442/494/591 426/474/591 439/490/591
f 429/478/592 423/470/592 441/493/592
f 429/478/593 443/495/593 430/479/593
f 444/496/594 426/474/594 442/494/594
f 445/497/595 435/486/595 437/488/595
f 444/496/596 432/481/596 426/474/596
f 441/493/597 435/486/597 445/497/597
f 441/493/598 445/497/598 446/498/598
f 441/493/599 447/499/599 448/500/599
f 436/485/600 427/475/600 440/491/600
f 441/493/601 446/498/601 447/499/601
f 436/485/602 449/501/602 425/473/602
f 429/478/603 271/293/603 443/495/603
f 429/478/604 441/493/604 448/500/604
f 429/478/605 274/296/605 271/293/605
f 429/478/606 450/502/606 274/296/606
f 451/503/607 432/481/607 444/496/607
f 429/478/608 448/500/608 450/502/608
f 223/233/609 439/490/609 112/117/609
f 223/233/610 112/117/610 108/113/610
f 452/504/611 453/505/611 181/191/611
f 452/504/612 181/191/612 180/190/612
f 454/506/613 432/492/613 451/507/613
f 454/506/614 440/491/614 432/492/614
f 222/232/615 442/494/615 439/490/615
f 222/232/616 439/490/616 223/233/616
f 455/508/617 453/505/617 452/504/617
f 219/229/618 456/509/618 453/505/618
f 219/229/619 453/505/619 455/508/619
f 229/241/620 444/496/620 442/494/620
f 229/241/620 442/494/620 222/232/620
f 224/234/621 456/509/621 219/229/621
f 224/234/622 457/510/622 456/509/622
f 224/238/623 458/511/623 457/512/623
f 233/245/624 459/513/624 284/307/624
f 233/245/625 286/309/625 460/514/625
f 233/245/626 284/307/626 286/309/626
f 243/258/627 440/491/627 454/506/627
f 243/258/628 436/485/628 440/491/628
f 243/258/629 461/515/629 449/501/629
f 233/245/630 462/516/630 463/517/630
f 233/245/631 460/514/631 462/516/631
f 243/258/632 449/501/632 436/485/632
f 237/518/633 444/496/633 229/241/633
f 237/518/634 451/503/634 444/496/634
f 226/236/635 452/504/635 180/190/635
f 226/236/636 180/190/636 174/184/636
f 223/233/637 108/113/637 106/111/637
f 227/237/638 458/511/638 224/238/638
f 227/237/639 464/519/639 458/511/639
f 247/262/640 454/506/640 451/507/640
f 247/262/641 451/507/641 237/249/641
f 230/242/642 452/504/642 226/236/642
f 230/242/643 455/508/643 452/504/643
f 234/246/644 465/520/644 464/519/644
f 234/246/645 463/517/645 465/520/645
f 234/246/646 464/519/646 227/237/646
f 252/268/647 454/506/647 247/262/647
f 233/245/648 463/517/648 234/246/648
f 242/256/649 223/233/649 106/111/649
f 242/256/650 106/111/650 104/109/650
f 220/230/651 455/508/651 230/242/651
f 220/230/651 219/229/651 455/508/651
f 243/258/652 245/260/652 461/515/652
f 243/258/653 454/506/653 252/268/653
f 221/231/654 223/233/654 242/256/654
f 233/245/655 232/244/655 459/513/655
f 466/521/656 467/522/656 468/523/656
f 466/521/657 469/524/657 467/522/657
f 470/525/658 471/526/658 472/527/658
f 473/528/659 474/529/659 475/530/659
f 476/531/660 471/526/660 470/525/660
f 476/531/661 466/521/661 471/526/661
f 477/532/662 478/533/662 479/534/662
f 477/532/663 479/534/663 480/535/663
f 477/532/664 480/535/664 466/521/664
f 477/532/665 466/521/665 476/531/665
f 470/525/666 472/527/666 481/536/666
f 482/537/667 476/531/667 470/525/667
f 476/531/668 483/538/668 484/539/668
f 476/531/669 484/539/669 478/533/669
f 476/531/670 478/533/670 477/532/670
f 485/540/671 470/525/671 481/536/671
f 485/540/672 481/536/672 486/541/672
f 487/542/673 482/537/673 470/525/673
f 487/542/674 485/540/674 488/543/674
f 487/542/675 470/525/675 485/540/675
f 489/544/676 483/538/676 476/531/676
f 489/544/677 476/531/677 482/537/677
f 489/544/678 482/537/678 487/542/678
f 486/541/679 481/536/679 490/545/679
f 491/546/680 474/529/680 473/528/680
f 492/547/681 473/528/681 493/548/681
f 492/547/682 491/546/682 473/528/682
f 494/549/683 491/546/683 492/547/683
f 468/523/684 494/549/684 492/547/684
f 467/522/685 494/549/685 468/523/685
f 467/522/686 495/550/686 494/549/686
f 471/526/687 493/548/687 472/527/687
f 471/526/688 492/547/688 493/548/688
f 466/521/689 492/547/689 471/526/689
f 466/521/690 468/523/690 492/547/690
f 466/521/691 480/535/691 496/551/691
f 466/521/692 496/551/692 469/524/692
f 497/552/693 498/553/693 491/554/693
f 499/555/694 485/556/694 500/557/694
f 499/555/695 501/558/695 485/556/695
f 497/552/696 502/559/696 498/553/696
f 502/559/697 497/552/697 495/560/697
f 503/561/698 500/557/698 504/562/698
f 505/563/699 495/560/699 506/564/699
f 503/561/700 499/555/700 500/557/700
f 505/563/701 502/559/701 495/560/701
f 507/565/702 505/563/702 506/564/702
f 507/565/703 506/564/703 508/566/703
f 509/567/704 504/562/704 510/568/704
f 509/567/705 503/561/705 504/562/705
f 511/569/706 508/566/706 512/570/706
f 511/569/707 507/565/707 508/566/707
f 513/571/708 512/570/708 514/572/708
f 513/571/709 511/569/709 512/570/709
f 510/568/710 515/573/710 516/574/710
f 510/568/711 516/574/711 509/567/711
f 517/575/712 514/572/712 518/576/712
f 517/575/713 513/571/713 514/572/713
f 519/577/714 518/576/714 478/578/714
f 519/577/715 517/575/715 518/576/715
f 520/579/716 519/577/716 478/578/716
f 520/579/717 478/578/717 521/580/717
f 522/581/718 521/580/718 523/582/718
f 522/581/719 520/579/719 521/580/719
f 524/583/720 523/582/720 525/584/720
f 524/583/721 522/581/721 523/582/721
f 526/585/722 524/583/722 525/584/722
f 526/585/723 525/584/723 527/586/723
f 528/587/724 527/586/724 529/588/724
f 528/587/725 526/585/725 527/586/725
f 501/558/726 529/588/726 485/556/726
f 501/558/727 528/587/727 529/588/727
f 530/589/728 531/590/728 532/591/728
f 533/592/729 530/589/729 534/593/729
f 530/589/730 535/594/730 531/590/730
f 533/592/731 534/593/731 536/595/731
f 533/592/732 537/596/732 535/594/732
f 533/592/733 535/594/733 530/589/733
f 538/597/734 533/592/734 536/595/734
f 538/597/735 539/598/735 537/596/735
f 538/597/736 537/596/736 533/592/736
f 540/599/737 538/597/737 536/595/737
f 538/597/738 5/600/738 539/598/738
f 541/601/739 538/597/739 540/599/739
f 542/602/740 543/603/740 544/604/740
f 541/601/741 545/605/741 5/600/741
f 541/601/742 5/600/742 538/597/742
f 541/601/743 542/602/743 544/604/743
f 541/601/744 540/599/744 542/602/744
f 541/601/745 544/604/745 1/606/745
f 541/601/746 1/606/746 545/605/746
f 546/607/747 547/608/747 548/609/747
f 549/610/748 546/607/748 548/609/748
f 549/611/749 548/612/749 550/613/749
f 546/607/750 551/614/750 552/615/750
f 553/616/751 549/610/751 550/617/751
f 553/616/752 546/607/752 549/610/752
f 553/616/753 554/618/753 551/614/753
f 553/616/754 551/614/754 546/607/754
f 553/616/755 550/617/755 555/619/755
f 553/616/756 12/620/756 554/618/756
f 556/621/757 555/619/757 557/622/757
f 556/621/758 553/616/758 555/619/758
f 558/623/759 557/622/759 559/624/759
f 560/625/760 553/616/760 556/621/760
f 560/625/761 12/620/761 553/616/761
f 556/621/762 557/622/762 558/623/762
f 561/626/763 559/624/763 562/627/763
f 561/626/764 558/623/764 559/624/764
f 556/621/765 563/628/765 560/625/765
f 556/621/766 564/629/766 563/628/766
f 565/630/767 561/626/767 562/627/767
f 561/626/768 556/621/768 558/623/768
f 561/626/769 564/629/769 556/621/769
f 561/626/770 566/631/770 564/629/770
f 567/632/771 565/630/771 562/627/771
f 568/633/772 565/630/772 567/632/772
f 561/626/773 569/634/773 566/631/773
f 568/633/774 561/626/774 565/630/774
f 570/635/775 567/632/775 571/636/775
f 568/633/776 569/634/776 561/626/776
f 570/635/777 568/633/777 567/632/777
f 568/633/778 23/637/778 569/634/778
f 570/635/779 571/636/779 572/638/779
f 568/633/780 532/591/780 23/637/780
f 530/589/781 568/633/781 570/635/781
f 530/589/782 570/635/782 572/638/782
f 530/589/783 572/638/783 534/593/783
f 530/589/784 532/591/784 568/633/784
f 573/639/785 574/640/785 575/641/785
f 576/642/786 573/639/786 575/641/786
f 577/643/787 575/641/787 578/644/787
f 577/643/788 576/642/788 575/641/788
f 579/645/789 578/644/789 580/646/789
f 579/645/790 577/643/790 578/644/790
f 581/647/791 580/648/791 582/649/791
f 581/647/792 579/650/792 580/648/792
f 581/647/793 582/649/793 583/651/793
f 584/652/794 581/647/794 583/651/794
f 584/652/795 583/651/795 585/653/795
f 586/654/796 587/655/796 588/656/796
f 589/657/797 586/654/797 588/656/797
f 590/658/798 588/656/798 591/659/798
f 590/658/799 589/657/799 588/656/799
f 592/660/800 591/659/800 593/661/800
f 592/660/801 590/658/801 591/659/801
f 594/662/802 593/663/802 595/664/802
f 594/662/803 592/665/803 593/663/803
f 596/666/804 595/664/804 597/667/804
f 596/666/805 594/662/805 595/664/805
f 598/668/806 597/667/806 599/669/806
f 598/668/807 596/666/807 597/667/807
f 600/670/808 601/671/808 602/672/808
f 603/673/809 600/670/809 602/672/809
f 603/673/810 602/672/810 604/674/810
f 605/675/811 603/673/811 604/674/811
f 605/675/812 604/674/812 606/676/812
f 607/677/813 605/675/813 606/676/813
f 607/677/814 606/676/814 608/678/814
f 609/679/815 607/680/815 608/681/815
f 610/682/816 608/681/816 611/683/816
f 610/682/817 609/679/817 608/681/817
f 612/684/818 610/682/818 611/683/818
f 612/684/819 611/683/819 613/685/819
f 614/686/820 612/684/820 613/685/820
f 615/687/821 616/688/821 617/689/821
f 615/687/822 618/690/822 616/688/822
f 619/691/823 615/687/823 617/689/823
f 619/691/824 617/689/824 620/692/824
f 621/693/825 620/692/825 622/694/825
f 621/693/826 619/691/826 620/692/826
f 623/695/827 622/694/827 100/102/827
f 623/695/828 621/693/828 622/694/828
f 624/696/829 623/695/829 100/102/829
f 625/697/830 626/698/830 627/699/830
f 625/697/831 628/700/831 626/698/831
f 629/701/832 627/699/832 630/702/832
f 629/701/833 625/697/833 627/699/833
f 629/701/834 630/702/834 631/703/834
f 632/704/835 631/703/835 633/705/835
f 632/704/836 629/701/836 631/703/836
f 634/706/837 633/705/837 635/707/837
f 634/706/838 632/704/838 633/705/838
f 636/708/839 635/707/839 637/709/839
f 636/708/840 634/706/840 635/707/840
f 638/710/841 637/709/841 639/711/841
f 638/710/842 636/708/842 637/709/842
f 640/712/843 638/710/843 639/711/843
f 640/712/844 639/711/844 641/713/844
f 642/714/845 641/713/845 643/715/845
f 642/714/846 640/712/846 641/713/846
f 618/690/847 643/715/847 616/688/847
f 618/690/848 642/714/848 643/715/848
f 644/716/849 645/717/849 646/718/849
f 644/716/849 647/719/849 645/717/849
f 648/720/850 647/719/850 644/716/850
f 649/721/851 650/722/851 651/723/851
f 652/724/852 653/725/852 654/726/852
f 655/727/853 652/724/853 654/726/853
f 656/728/854 652/724/854 655/727/854
f 657/729/855 658/730/855 659/731/855
f 657/729/856 660/732/856 658/730/856
f 661/733/857 660/732/857 657/729/857
f 661/733/858 662/734/858 660/732/858
f 663/735/859 662/734/859 661/733/859
f 664/736/860 662/737/860 663/738/860
f 664/736/861 665/739/861 662/737/861
f 666/740/862 665/739/862 664/736/862
f 666/740/863 667/741/863 665/739/863
f 668/742/864 667/741/864 666/740/864
f 668/742/865 669/743/865 667/741/865
f 670/744/866 669/743/866 668/742/866
f 670/744/867 671/745/867 669/743/867
f 672/746/868 671/745/868 670/744/868
f 672/747/869 673/748/869 671/749/869
f 674/750/870 673/748/870 672/747/870
f 674/750/871 675/751/871 673/748/871
f 676/752/872 675/751/872 674/750/872
f 677/753/873 678/754/873 679/755/873
f 677/753/874 680/756/874 678/754/874
f 677/753/875 679/755/875 681/757/875
f 682/758/876 677/753/876 681/757/876
f 683/759/877 682/760/877 681/761/877
f 683/762/878 681/763/878 684/764/878
f 685/765/879 683/766/879 684/767/879
f 685/768/880 684/764/880 686/769/880
f 687/770/881 685/771/881 686/772/881
f 687/770/882 686/772/882 688/773/882
f 689/774/883 687/770/883 688/773/883
f 690/775/884 691/776/884 692/777/884
f 690/775/885 692/777/885 693/778/885
f 690/779/886 693/780/886 694/781/886
f 695/782/887 690/779/887 694/781/887
f 696/783/888 694/781/888 697/784/888
f 696/783/889 695/782/889 694/781/889
f 698/785/890 697/784/890 699/786/890
f 698/785/891 696/783/891 697/784/891
f 700/787/892 699/788/892 701/789/892
f 700/787/893 698/790/893 699/788/893
f 700/791/894 701/792/894 702/793/894
f 703/794/895 704/795/895 705/796/895
f 703/794/896 705/796/896 706/797/896
f 707/798/897 706/797/897 708/799/897
f 707/798/898 703/794/898 706/797/898
f 709/800/899 708/801/899 710/802/899
f 709/800/900 707/803/900 708/801/900
f 711/804/901 710/802/901 712/805/901
f 711/804/902 709/800/902 710/802/902
f 713/806/903 712/807/903 714/808/903
f 713/806/904 711/809/904 712/807/904
f 713/806/905 714/808/905 715/810/905
f 716/811/906 713/806/906 715/810/906
f 717/812/907 718/813/907 719/814/907
f 717/812/908 719/814/908 720/815/908
f 721/816/909 717/812/909 720/815/909
f 721/817/910 720/818/910 722/819/910
f 723/820/911 721/821/911 722/822/911
f 723/823/912 722/819/912 724/824/912
f 725/825/913 723/826/913 724/827/913
f 725/828/914 724/829/914 726/830/914
f 727/831/915 725/828/915 726/830/915
f 727/831/916 726/830/916 728/832/916
f 729/833/917 727/831/917 728/832/917
f 730/834/918 731/835/918 732/836/918
f 733/837/919 734/838/919 735/839/919
f 733/837/920 736/840/920 734/838/920
f 737/841/921 738/842/921 739/843/921
f 740/844/922 741/845/922 742/846/922
f 740/844/923 743/847/923 741/845/923
f 744/848/924 745/849/924 736/840/924
f 744/848/925 736/840/925 733/837/925
f 746/850/926 739/843/926 745/851/926
f 746/850/927 745/851/927 744/852/927
f 747/853/928 731/835/928 730/834/928
f 747/853/929 730/834/929 748/854/929
f 749/855/930 750/856/930 751/857/930
f 747/853/931 752/858/931 731/835/931
f 749/855/932 751/857/932 753/859/932
f 754/860/933 755/861/933 743/847/933
f 756/862/934 735/839/934 757/863/934
f 754/860/935 743/847/935 740/844/935
f 756/862/936 733/837/936 735/839/936
f 758/864/937 737/841/937 739/843/937
f 749/855/938 759/865/938 760/866/938
f 758/864/939 739/843/939 746/850/939
f 749/855/940 753/859/940 759/865/940
f 761/867/941 762/868/941 763/869/941
f 764/870/942 765/871/942 737/841/942
f 764/870/943 737/841/943 758/864/943
f 766/872/944 733/837/944 756/862/944
f 767/873/945 768/874/945 755/861/945
f 767/873/946 755/861/946 754/860/946
f 766/872/947 744/848/947 733/837/947
f 764/870/948 748/854/948 765/871/948
f 769/875/949 750/856/949 749/855/949
f 769/875/950 742/846/950 750/856/950
f 770/876/951 746/877/951 744/848/951
f 771/878/952 768/874/952 767/873/952
f 770/876/953 744/848/953 766/872/953
f 771/878/954 772/879/954 768/874/954
f 747/853/955 748/854/955 764/870/955
f 769/875/956 749/855/956 760/866/956
f 773/880/957 757/863/957 774/881/957
f 773/880/958 756/862/958 757/863/958
f 775/882/959 742/846/959 769/875/959
f 758/864/960 746/850/960 770/883/960
f 775/882/961 740/844/961 742/846/961
f 776/884/962 761/867/962 772/879/962
f 776/884/963 772/879/963 771/878/963
f 776/884/964 762/868/964 761/867/964
f 777/885/965 764/870/965 758/864/965
f 775/882/966 760/866/966 778/886/966
f 775/882/967 769/875/967 760/866/967
f 779/887/968 766/872/968 756/862/968
f 779/887/969 756/862/969 773/880/969
f 754/860/970 740/844/970 775/882/970
f 776/884/971 780/888/971 762/868/971
f 754/860/972 775/882/972 778/886/972
f 754/860/973 778/886/973 781/889/973
f 782/890/974 766/872/974 779/887/974
f 782/890/975 770/876/975 766/872/975
f 767/873/976 781/889/976 783/891/976
f 767/873/977 754/860/977 781/889/977
f 784/892/978 764/870/978 777/885/978
f 784/892/979 785/893/979 752/858/979
f 784/892/980 752/858/980 747/853/980
f 784/892/981 747/853/981 764/870/981
f 786/894/982 774/881/982 787/895/982
f 771/878/983 783/891/983 788/896/983
f 786/894/984 773/880/984 774/881/984
f 771/878/985 767/873/985 783/891/985
f 776/884/986 788/896/986 789/897/986
f 776/884/987 771/878/987 788/896/987
f 776/884/988 789/897/988 780/888/988
f 790/898/989 770/883/989 782/899/989
f 790/898/990 758/864/990 770/883/990
f 791/900/991 758/864/991 790/898/991
f 791/900/992 777/885/992 758/864/992
f 792/901/993 779/887/993 773/880/993
f 792/901/994 773/880/994 786/894/994
f 793/902/995 794/903/995 795/904/995
f 796/905/996 793/902/996 795/904/996
f 797/906/997 782/890/997 779/887/997
f 797/906/997 779/887/997 792/901/997
f 798/907/998 793/902/998 796/905/998
f 784/892/999 777/885/999 791/900/999
f 799/908/1000 786/894/1000 787/895/1000
f 799/908/1001 787/895/1001 800/909/1001
f 801/910/1002 790/911/1002 782/912/1002
f 801/913/1003 782/914/1003 797/915/1003
f 802/916/1004 790/898/1004 801/917/1004
f 802/916/1005 791/900/1005 790/898/1005
f 732/836/1006 793/902/1006 798/907/1006
f 803/918/1007 792/901/1007 786/894/1007
f 732/836/1008 804/919/1008 805/920/1008
f 803/918/1007 786/894/1007 799/908/1007
f 732/836/1009 806/921/1009 804/919/1009
f 732/836/1010 798/907/1010 806/921/1010
f 807/922/1011 791/900/1011 802/916/1011
f 808/923/1012 792/901/1012 803/918/1012
f 808/923/1013 797/906/1013 792/901/1013
f 809/924/1014 785/893/1014 784/892/1014
f 809/924/1015 791/900/1015 807/922/1015
f 809/924/1016 784/892/1016 791/900/1016
f 810/925/1017 800/909/1017 811/926/1017
f 810/925/1018 799/908/1018 800/909/1018
f 801/927/1019 797/906/1019 808/923/1019
f 812/928/1020 799/908/1020 810/925/1020
f 812/928/1021 803/918/1021 799/908/1021
f 810/925/1022 811/926/1022 813/929/1022
f 814/930/1023 808/923/1023 803/918/1023
f 814/930/1024 803/918/1024 812/928/1024
f 809/924/1025 815/931/1025 785/893/1025
f 816/932/1026 801/927/1026 808/923/1026
f 816/932/1027 808/923/1027 814/930/1027
f 817/933/1028 802/916/1028 801/917/1028
f 817/933/1029 801/917/1029 816/934/1029
f 818/935/1030 810/925/1030 813/929/1030
f 818/935/1031 813/929/1031 819/936/1031
f 820/937/1032 802/916/1032 817/933/1032
f 820/937/1033 807/922/1033 802/916/1033
f 821/938/1034 815/931/1034 809/924/1034
f 821/938/1035 809/924/1035 807/922/1035
f 821/938/1036 807/922/1036 820/937/1036
f 822/939/1037 812/928/1037 810/925/1037
f 822/939/1038 810/925/1038 818/935/1038
f 823/940/1039 814/930/1039 812/928/1039
f 823/940/1040 812/928/1040 822/939/1040
f 824/941/1041 818/935/1041 819/936/1041
f 824/941/1042 819/936/1042 825/942/1042
f 826/943/1043 814/930/1043 823/940/1043
f 826/943/1044 816/932/1044 814/930/1044
f 827/944/1045 828/945/1045 829/946/1045
f 830/947/1046 827/944/1046 829/946/1046
f 831/948/1047 817/949/1047 816/950/1047
f 831/948/1048 816/950/1048 826/951/1048
f 832/952/1049 827/944/1049 830/947/1049
f 833/953/1050 822/939/1050 818/935/1050
f 833/953/1051 818/935/1051 824/941/1051
f 831/948/1052 820/954/1052 817/949/1052
f 834/955/1053 823/940/1053 822/939/1053
f 834/955/1054 822/939/1054 833/953/1054
f 835/956/1055 815/957/1055 821/958/1055
f 835/956/1056 821/958/1056 820/954/1056
f 835/956/1057 820/954/1057 831/948/1057
f 836/959/1058 837/960/1058 838/961/1058
f 836/959/1059 839/962/1059 837/960/1059
f 836/959/1060 832/952/1060 839/962/1060
f 836/959/1061 827/944/1061 832/952/1061
f 840/963/1062 824/941/1062 825/942/1062
f 840/963/1063 825/942/1063 841/964/1063
f 826/943/1064 823/940/1064 834/955/1064
f 835/956/1065 842/965/1065 815/957/1065
f 843/966/1066 831/948/1066 826/951/1066
f 844/967/1067 824/941/1067 840/963/1067
f 844/967/1068 833/953/1068 824/941/1068
f 845/968/1069 831/948/1069 843/966/1069
f 846/969/1070 834/955/1070 833/953/1070
f 846/969/1071 833/953/1071 844/967/1071
f 835/956/1072 831/948/1072 845/968/1072
f 847/970/1073 840/963/1073 841/964/1073
f 847/970/1074 841/964/1074 848/971/1074
f 849/972/1075 826/951/1075 834/973/1075
f 849/972/1076 834/973/1076 846/974/1076
f 850/975/1077 851/976/1077 852/977/1077
f 850/975/1078 853/978/1078 851/976/1078
f 843/966/1079 826/951/1079 849/972/1079
f 854/979/1080 844/967/1080 840/963/1080
f 855/980/1081 853/978/1081 850/975/1081
f 854/979/1082 840/963/1082 847/970/1082
f 856/981/1083 846/969/1083 844/967/1083
f 857/982/1084 853/978/1084 855/980/1084
f 856/981/1085 844/967/1085 854/979/1085
f 858/983/1086 835/956/1086 845/968/1086
f 858/983/1087 842/965/1087 835/956/1087
f 859/984/1088 852/977/1088 860/985/1088
f 859/984/1089 850/975/1089 852/977/1089
f 858/983/1090 861/986/1090 842/965/1090
f 862/987/1091 847/970/1091 848/971/1091
f 862/987/1092 848/971/1092 863/988/1092
f 849/989/1093 846/969/1093 856/981/1093
f 864/990/1094 843/966/1094 849/972/1094
f 865/991/1095 855/980/1095 850/975/1095
f 866/992/1096 854/979/1096 847/970/1096
f 865/991/1097 850/975/1097 859/984/1097
f 866/992/1098 847/970/1098 862/987/1098
f 864/990/1099 845/968/1099 843/966/1099
f 867/993/1100 854/979/1100 866/992/1100
f 867/993/1101 856/981/1101 854/979/1101
f 868/994/1102 869/995/1102 870/996/1102
f 858/983/1103 845/968/1103 864/990/1103
f 871/997/1104 855/980/1104 865/991/1104
f 871/997/1105 857/982/1105 855/980/1105
f 872/998/1106 862/987/1106 863/988/1106
f 872/998/1107 863/988/1107 873/999/1107
f 874/1000/1108 859/984/1108 860/985/1108
f 874/1000/1109 860/985/1109 875/1001/1109
f 869/995/1110 876/1002/1110 877/1003/1110
f 867/1004/1111 849/972/1111 856/1005/1111
f 878/1006/1112 879/1007/1112 857/982/1112
f 878/1006/1113 857/982/1113 871/997/1113
f 880/1008/1114 849/972/1114 867/1004/1114
f 880/1008/1115 864/990/1115 849/972/1115
f 881/1009/1116 865/991/1116 859/984/1116
f 882/1010/1117 862/987/1117 872/998/1117
f 881/1009/1118 859/984/1118 874/1000/1118
f 882/1010/1119 866/992/1119 862/987/1119
f 878/1006/1120 870/996/1120 879/1007/1120
f 874/1000/1121 875/1001/1121 883/1011/1121
f 884/1012/1122 866/992/1122 882/1010/1122
f 884/1013/1123 867/1004/1123 866/1014/1123
f 868/994/1124 870/996/1124 878/1006/1124
f 885/1015/1125 864/990/1125 880/1008/1125
f 886/1016/1126 865/991/1126 881/1009/1126
f 885/1015/1127 861/986/1127 858/983/1127
f 885/1015/1128 858/983/1128 864/990/1128
f 886/1016/1126 871/997/1126 865/991/1126
f 887/1017/1129 873/999/1129 888/1018/1129
f 887/1017/1130 872/998/1130 873/999/1130
f 889/1019/1131 890/1020/1131 876/1002/1131
f 889/1019/1132 876/1002/1132 869/995/1132
f 889/1019/1133 869/995/1133 868/994/1133
f 891/1021/1134 867/1004/1134 884/1013/1134
f 892/1022/1135 871/997/1135 886/1016/1135
f 892/1022/1136 878/1006/1136 871/997/1136
f 893/1023/1137 880/1008/1137 867/1004/1137
f 893/1023/1138 867/1004/1138 891/1021/1138
f 894/1024/1139 872/998/1139 887/1017/1139
f 894/1024/1140 882/1010/1140 872/998/1140
f 895/1025/1141 878/1006/1141 892/1022/1141
f 896/1026/1142 883/1011/1142 897/1027/1142
f 896/1026/1143 874/1000/1143 883/1011/1143
f 898/1028/1144 880/1008/1144 893/1023/1144
f 899/1029/1145 868/994/1145 878/1006/1145
f 899/1029/1146 878/1006/1146 895/1025/1146
f 900/1030/1147 882/1031/1147 894/1032/1147
f 900/1030/1148 884/1013/1148 882/1031/1148
f 885/1015/1149 880/1008/1149 898/1028/1149
f 885/1015/1150 901/1033/1150 861/986/1150
f 889/1019/1151 902/1034/1151 890/1020/1151
f 889/1019/1152 868/994/1152 899/1029/1152
f 903/1035/1153 887/1017/1153 888/1018/1153
f 903/1035/1154 888/1018/1154 904/1036/1154
f 905/1037/1155 881/1009/1155 874/1000/1155
f 905/1037/1156 874/1000/1156 896/1026/1156
f 900/1030/1157 906/1038/1157 907/1039/1157
f 891/1021/1158 884/1013/1158 900/1030/1158
f 908/1040/1159 894/1024/1159 887/1017/1159
f 908/1040/1160 887/1017/1160 903/1035/1160
f 891/1021/1161 900/1030/1161 907/1039/1161
f 909/1041/1162 881/1009/1162 905/1037/1162
f 909/1041/1163 886/1016/1163 881/1009/1163
f 906/1038/1164 894/1032/1164 908/1042/1164
f 906/1038/1165 900/1030/1165 894/1032/1165
f 910/1043/1166 827/944/1166 901/1033/1166
f 910/1043/1167 901/1033/1167 885/1015/1167
f 910/1043/1168 885/1015/1168 898/1028/1168
f 911/1044/1169 897/1027/1169 912/1045/1169
f 911/1044/1170 896/1026/1170 897/1027/1170
f 913/1046/1171 892/1022/1171 886/1016/1171
f 913/1046/1172 886/1016/1172 909/1041/1172
f 914/1047/1173 891/1021/1173 907/1039/1173
f 889/1019/1174 915/1048/1174 902/1034/1174
f 916/1049/1175 891/1021/1175 914/1047/1175
f 916/1049/1176 914/1047/1176 917/1050/1176
f 916/1049/1177 918/1051/1177 919/1052/1177
f 920/1053/1178 892/1022/1178 913/1046/1178
f 916/1049/1179 917/1050/1179 918/1051/1179
f 920/1053/1180 895/1025/1180 892/1022/1180
f 916/1049/1181 893/1023/1181 891/1021/1181
f 921/1054/1182 893/1023/1182 916/1049/1182
f 922/1055/1183 905/1037/1183 896/1026/1183
f 921/1054/1184 898/1028/1184 893/1023/1184
f 921/1054/1185 916/1049/1185 919/1052/1185
f 922/1055/1186 896/1026/1186 911/1044/1186
f 923/1056/1187 895/1025/1187 920/1053/1187
f 923/1056/1188 899/1029/1188 895/1025/1188
f 910/1043/1189 898/1028/1189 921/1054/1189
f 909/1041/1190 905/1037/1190 922/1055/1190
f 910/1043/1191 921/1054/1191 924/1057/1191
f 828/945/1192 827/944/1192 910/1043/1192
f 828/945/1193 910/1043/1193 924/1057/1193
f 925/1058/1194 899/1029/1194 923/1056/1194
f 925/1058/1195 915/1048/1195 889/1019/1195
f 925/1058/1196 889/1019/1196 899/1029/1196
f 926/1059/1197 927/1060/1197 928/1061/1197
f 929/1062/1198 927/1060/1198 926/1059/1198
f 930/1063/1199 912/1045/1199 931/1064/1199
f 930/1063/1200 911/1044/1200 912/1045/1200
f 925/1058/1201 932/1065/1201 915/1048/1201
f 933/1066/1202 927/1060/1202 929/1062/1202
f 933/1066/1203 934/1067/1203 927/1060/1203
f 935/1068/1204 922/1055/1204 911/1044/1204
f 936/1069/1205 937/1070/1205 938/1071/1205
f 936/1069/1206 938/1071/1206 934/1067/1206
f 936/1069/1207 934/1067/1207 933/1066/1207
f 935/1068/1208 911/1044/1208 930/1063/1208
f 939/1072/1209 909/1041/1209 922/1055/1209
f 939/1072/1210 922/1055/1210 935/1068/1210
f 940/1073/1211 836/959/1211 838/961/1211
f 940/1073/1212 941/1074/1212 942/1075/1212
f 940/1073/1213 943/1076/1213 941/1074/1213
f 944/1077/1214 931/1064/1214 945/1078/1214
f 940/1073/1215 838/961/1215 943/1076/1215
f 944/1077/1216 930/1063/1216 931/1064/1216
f 946/1079/1217 929/1062/1217 926/1059/1217
f 946/1079/1218 926/1059/1218 947/1080/1218
f 948/1081/1219 937/1070/1219 936/1069/1219
f 948/1081/1220 949/1082/1220 937/1070/1220
f 950/1083/1221 909/1041/1221 939/1072/1221
f 950/1083/1222 913/1046/1222 909/1041/1222
f 940/1073/1223 951/1084/1223 836/959/1223
f 952/1085/1224 935/1068/1224 930/1063/1224
f 953/1086/1225 954/1087/1225 949/1082/1225
f 953/1086/1226 949/1082/1226 948/1081/1226
f 953/1086/1227 955/1088/1227 954/1087/1227
f 952/1085/1228 930/1063/1228 944/1077/1228
f 950/1083/1229 920/1053/1229 913/1046/1229
f 956/1089/1230 933/1066/1230 929/1062/1230
f 956/1089/1231 929/1062/1231 946/1079/1231
f 953/1086/1232 942/1075/1232 955/1088/1232
f 957/1090/1233 920/1053/1233 950/1083/1233
f 957/1090/1234 923/1056/1234 920/1053/1234
f 958/1091/1235 939/1072/1235 935/1068/1235
f 958/1091/1236 935/1068/1236 952/1085/1236
f 936/1069/1237 933/1066/1237 956/1089/1237
f 959/1092/1238 945/1078/1238 960/1093/1238
f 959/1092/1239 944/1077/1239 945/1078/1239
f 940/1073/1240 942/1075/1240 953/1086/1240
f 961/1094/1241 947/1080/1241 962/1095/1241
f 957/1090/1242 963/1096/1242 932/1065/1242
f 957/1090/1243 925/1058/1243 923/1056/1243
f 957/1090/1244 932/1065/1244 925/1058/1244
f 961/1094/1245 946/1079/1245 947/1080/1245
f 940/1073/1246 964/1097/1246 951/1084/1246
f 958/1091/1247 965/1098/1247 966/1099/1247
f 967/1100/1248 950/1083/1248 939/1072/1248
f 967/1100/1249 939/1072/1249 958/1091/1249
f 968/1101/1250 946/1079/1250 961/1094/1250
f 968/1101/1251 956/1089/1251 946/1079/1251
f 969/1102/1252 952/1085/1252 944/1077/1252
f 969/1102/1253 944/1077/1253 959/1092/1253
f 970/1103/1254 953/1086/1254 948/1081/1254
f 971/1104/1255 953/1086/1255 970/1103/1255
f 967/1100/1256 958/1091/1256 966/1099/1256
f 972/1105/1257 950/1083/1257 967/1100/1257
f 973/1106/1258 956/1089/1258 968/1101/1258
f 973/1106/1259 936/1069/1259 956/1089/1259
f 965/1098/1260 958/1091/1260 952/1085/1260
f 971/1104/1261 940/1073/1261 953/1086/1261
f 965/1098/1262 952/1085/1262 969/1102/1262
f 971/1104/1263 964/1097/1263 940/1073/1263
f 972/1105/1264 957/1090/1264 950/1083/1264
f 974/1107/1265 962/1095/1265 975/1108/1265
f 974/1107/1266 961/1094/1266 962/1095/1266
f 976/1109/1267 957/1090/1267 972/1105/1267
f 976/1109/1268 977/1110/1268 963/1096/1268
f 976/1109/1269 963/1096/1269 957/1090/1269
f 978/1111/1270 936/1069/1270 973/1106/1270
f 978/1111/1271 948/1081/1271 936/1069/1271
f 979/1112/1272 967/1100/1272 966/1099/1272
f 980/1113/1273 972/1105/1273 967/1100/1273
f 980/1113/1274 979/1112/1274 981/1114/1274
f 982/1115/1275 961/1094/1275 974/1107/1275
f 980/1113/1276 983/1116/1276 984/1117/1276
f 980/1113/1277 981/1114/1277 983/1116/1277
f 982/1115/1278 968/1101/1278 961/1094/1278
f 980/1113/1279 967/1100/1279 979/1112/1279
f 985/1118/1280 972/1105/1280 980/1113/1280
f 970/1103/1281 948/1081/1281 978/1111/1281
f 985/1118/1282 980/1113/1282 984/1117/1282
f 976/1109/1283 793/902/1283 977/1110/1283
f 976/1109/1284 972/1105/1284 985/1118/1284
f 986/1119/1285 973/1106/1285 968/1101/1285
f 976/1109/1286 985/1118/1286 987/1120/1286
f 794/903/1287 793/902/1287 976/1109/1287
f 986/1119/1288 968/1101/1288 982/1115/1288
f 794/903/1289 976/1109/1289 987/1120/1289
f 988/1121/1290 974/1107/1290 975/1108/1290
f 988/1121/1291 975/1108/1291 989/1122/1291
f 990/1123/1292 991/1124/1292 992/1125/1292
f 971/1104/1293 993/1126/1293 964/1097/1293
f 994/1127/1294 991/1124/1294 990/1123/1294
f 978/1111/1295 973/1106/1295 986/1119/1295
f 741/845/1296 982/1115/1296 974/1107/1296
f 741/845/1297 974/1107/1297 988/1121/1297
f 995/1128/1298 991/1129/1298 994/1130/1298
f 995/1128/1299 996/1131/1299 991/1129/1299
f 997/1132/1300 970/1103/1300 978/1111/1300
f 738/842/1301 998/1133/1301 996/1131/1301
f 738/842/1302 996/1131/1302 995/1128/1302
f 738/842/1303 999/1134/1303 998/1133/1303
f 997/1132/1304 971/1104/1304 970/1103/1304
f 743/847/1305 986/1119/1305 982/1115/1305
f 743/847/1306 982/1115/1306 741/845/1306
f 988/1121/1307 989/1122/1307 1000/1135/1307
f 761/867/1308 971/1104/1308 997/1132/1308
f 761/867/1309 1001/1136/1309 993/1126/1309
f 761/867/1310 993/1126/1310 971/1104/1310
f 730/834/1311 732/836/1311 805/920/1311
f 730/834/1312 1002/1137/1312 1003/1138/1312
f 730/834/1313 805/920/1313 1004/1139/1313
f 730/834/1314 1004/1139/1314 1002/1137/1314
f 736/840/1315 994/1127/1315 990/1123/1315
f 736/840/1316 990/1123/1316 734/838/1316
f 755/861/1317 986/1119/1317 743/847/1317
f 755/861/1318 978/1111/1318 986/1119/1318
f 737/841/1319 999/1134/1319 738/842/1319
f 737/841/1320 1005/1140/1320 999/1134/1320
f 768/874/1321 997/1132/1321 978/1111/1321
f 765/871/1322 1006/1141/1322 1007/1142/1322
f 765/871/1323 1007/1142/1323 1005/1140/1323
f 765/871/1324 1005/1140/1324 737/841/1324
f 768/874/1325 978/1111/1325 755/861/1325
f 750/856/1326 988/1121/1326 1000/1135/1326
f 745/849/1327 995/1143/1327 994/1127/1327
f 750/856/1328 1000/1135/1328 751/857/1328
f 745/849/1329 994/1127/1329 736/840/1329
f 748/854/1330 1003/1138/1330 1006/1141/1330
f 748/854/1331 1006/1141/1331 765/871/1331
f 772/879/1332 997/1132/1332 768/874/1332
f 739/843/1333 738/842/1333 995/1128/1333
f 739/843/1334 995/1128/1334 745/851/1334
f 730/834/1335 1003/1138/1335 748/854/1335
f 761/867/1336 997/1132/1336 772/879/1336
f 761/867/1337 763/869/1337 1001/1136/1337
f 742/846/1338 741/845/1338 988/1121/1338
f 742/846/1339 988/1121/1339 750/856/1339
f 1008/1144/1340 1009/1145/1340 888/1018/1340
f 1008/1144/1341 888/1018/1341 873/999/1341
f 1010/1146/1342 1011/1147/1342 1012/1148/1342
f 1013/1149/1343 873/999/1343 863/988/1343
f 1010/1146/1344 1012/1148/1344 1014/1150/1344
f 1013/1149/1345 1008/1144/1345 873/999/1345
f 1015/1151/1346 759/865/1346 753/859/1346
f 1016/1152/1347 863/988/1347 848/971/1347
f 945/1153/1348 1017/1154/1348 960/1155/1348
f 1016/1152/1349 1013/1149/1349 863/988/1349
f 1018/1156/1350 1010/1146/1350 1014/1150/1350
f 1019/1157/1351 1015/1151/1351 753/859/1351
f 1019/1157/1352 753/859/1352 751/857/1352
f 1020/1158/1353 1016/1152/1353 848/971/1353
f 1018/1156/1354 1014/1150/1354 1021/1159/1354
f 1020/1158/1355 848/971/1355 841/964/1355
f 1018/1156/1356 1021/1159/1356 1017/1160/1356
f 1022/1161/1357 1019/1157/1357 751/857/1357
f 1022/1161/1358 751/857/1358 1000/1135/1358
f 1023/1162/1359 841/964/1359 825/942/1359
f 1024/1163/1360 1017/1164/1360 945/1078/1360
f 1024/1165/1361 1018/1156/1361 1017/1160/1361
f 1023/1162/1362 1020/1158/1362 841/964/1362
f 1025/1166/1363 1022/1161/1363 1000/1135/1363
f 1025/1166/1364 1000/1135/1364 989/1122/1364
f 1026/1167/1365 945/1078/1365 931/1064/1365
f 1027/1168/1366 825/942/1366 819/936/1366
f 1027/1168/1367 1023/1162/1367 825/942/1367
f 1026/1167/1368 1024/1163/1368 945/1078/1368
f 1028/1169/1369 1025/1166/1369 989/1122/1369
f 1028/1169/1370 989/1122/1370 975/1108/1370
f 1029/1170/1371 931/1064/1371 912/1045/1371
f 1030/1171/1372 819/936/1372 813/929/1372
f 1029/1170/1373 1026/1167/1373 931/1064/1373
f 1030/1171/1374 1027/1168/1374 819/936/1374
f 1031/1172/1375 1028/1169/1375 975/1108/1375
f 1032/1173/1376 912/1045/1376 897/1027/1376
f 1033/1174/1377 813/929/1377 811/926/1377
f 1031/1172/1378 975/1108/1378 962/1095/1378
f 1032/1173/1379 1029/1170/1379 912/1045/1379
f 1033/1174/1380 1030/1171/1380 813/929/1380
f 1034/1175/1381 1031/1172/1381 962/1095/1381
f 1034/1175/1382 962/1095/1382 947/1080/1382
f 1035/1176/1383 811/926/1383 800/909/1383
f 1036/1177/1384 897/1027/1384 883/1011/1384
f 1035/1176/1385 1033/1174/1385 811/926/1385
f 1036/1178/1386 1032/1179/1386 897/1180/1386
f 1037/1181/1387 1035/1176/1387 800/909/1387
f 1037/1181/1388 800/909/1388 787/895/1388
f 1038/1182/1389 926/1183/1389 928/1184/1389
f 1039/1185/1390 883/1011/1390 875/1001/1390
f 1039/1186/1391 1036/1178/1391 883/1187/1391
f 1040/1188/1392 1037/1181/1392 787/895/1392
f 1041/1189/1393 1034/1175/1393 947/1080/1393
f 1040/1188/1394 787/895/1394 774/881/1394
f 1041/1189/1395 947/1080/1395 926/1059/1395
f 1042/1190/1396 875/1191/1396 860/1192/1396
f 1042/1190/1397 1039/1186/1397 875/1191/1397
f 1043/1193/1398 1040/1188/1398 774/881/1398
f 1044/1194/1399 860/1192/1399 852/1195/1399
f 1043/1193/1400 774/881/1400 757/863/1400
f 1044/1194/1401 1042/1190/1401 860/1192/1401
f 1045/1196/1402 852/1195/1402 851/1197/1402
f 1045/1196/1403 1044/1194/1403 852/1195/1403
f 1046/1198/1404 1043/1193/1404 757/863/1404
f 1047/1199/1405 1041/1189/1405 926/1059/1405
f 1046/1198/1406 757/863/1406 735/839/1406
f 1047/1200/1407 926/1183/1407 1038/1182/1407
f 1048/1201/1408 1046/1198/1408 735/839/1408
f 1048/1201/1409 735/839/1409 734/838/1409
f 1012/1148/1410 990/1123/1410 992/1125/1410
f 1049/1202/1411 1048/1201/1411 734/838/1411
f 1049/1202/1412 734/838/1412 990/1123/1412
f 1050/1203/1413 1047/1200/1413 1038/1182/1413
f 1050/1203/1414 1038/1182/1414 1051/1204/1414
f 1011/1147/1415 990/1123/1415 1012/1148/1415
f 1011/1147/1416 1049/1202/1416 990/1123/1416
f 888/1018/1417 1052/1205/1417 904/1036/1417
f 1053/1206/1418 1050/1203/1418 1051/1204/1418
f 1053/1206/1419 1051/1204/1419 1054/1207/1419
f 1053/1206/1420 1054/1207/1420 1052/1205/1420
f 1009/1145/1421 1052/1205/1421 888/1018/1421
f 1009/1145/1422 1053/1206/1422 1052/1205/1422
f 1055/1208/1423 1056/1209/1423 1048/1201/1423
f 1055/1208/1424 1057/1210/1424 1058/1211/1424
f 1056/1209/1425 1059/1212/1425 1060/1213/1425
f 1061/1214/1426 1062/1215/1426 1040/1188/1426
f 1063/1216/1427 1026/1217/1427 1029/1218/1427
f 1063/1216/1428 1029/1218/1428 1032/1179/1428
f 1064/1219/1429 1065/1220/1429 1018/1156/1429
f 1064/1219/1430 1066/1221/1430 1065/1220/1430
f 1064/1219/1431 1067/1222/1431 1066/1221/1431
f 1065/1220/1432 1057/1210/1432 1055/1208/1432
f 1065/1220/1433 1066/1221/1433 1068/1223/1433
f 1065/1220/1434 1068/1223/1434 1057/1210/1434
f 1059/1212/1435 1056/1209/1435 1055/1208/1435
f 1059/1212/1436 1055/1208/1436 1058/1211/1436
f 1056/1209/1437 1060/1213/1437 1069/1224/1437
f 1070/1225/1438 1071/1226/1438 1072/1227/1438
f 1070/1225/1439 1061/1214/1439 1040/1188/1439
f 1061/1214/1440 1073/1228/1440 1062/1215/1440
f 1074/1229/1441 1032/1179/1441 1036/1178/1441
f 1074/1229/1442 1063/1216/1442 1032/1179/1442
f 1063/1216/1443 1075/1230/1443 1076/1231/1443
f 1077/1232/1444 1026/1217/1444 1063/1216/1444
f 1077/1232/1445 1063/1216/1445 1076/1231/1445
f 1077/1232/1446 1018/1233/1446 1026/1217/1446
f 1077/1234/1447 1067/1235/1447 1064/1236/1447
f 1077/1232/1448 1064/1237/1448 1018/1233/1448
f 1078/1238/1449 1070/1225/1449 1072/1227/1449
f 1078/1238/1450 1061/1214/1450 1070/1225/1450
f 1078/1238/1451 1072/1227/1451 1079/1239/1451
f 1073/1228/1452 1080/1240/1452 1081/1241/1452
f 1073/1228/1453 1082/1242/1453 1080/1240/1453
f 1083/1243/1454 1036/1178/1454 1039/1186/1454
f 1083/1243/1455 1039/1186/1455 1042/1190/1455
f 1083/1243/1456 1074/1229/1456 1036/1178/1456
f 1074/1229/1457 1075/1230/1457 1063/1216/1457
f 1074/1229/1458 1084/1244/1458 1085/1245/1458
f 1074/1229/1459 1085/1245/1459 1075/1230/1459
f 1078/1238/1460 1079/1239/1460 1086/1246/1460
f 1061/1214/1461 1082/1242/1461 1073/1228/1461
f 1061/1214/1462 1087/1247/1462 1082/1242/1462
f 1088/1248/1463 1083/1243/1463 1042/1190/1463
f 1088/1248/1464 1042/1190/1464 1044/1194/1464
f 1083/1243/1465 1084/1244/1465 1074/1229/1465
f 1083/1243/1466 1089/1249/1466 1084/1244/1466
f 1090/1250/1467 1088/1248/1467 1044/1194/1467
f 1090/1250/1468 1044/1194/1468 1045/1196/1468
f 1090/1250/1469 1045/1196/1469 1091/1251/1469
f 1088/1248/1470 1089/1249/1470 1083/1243/1470
f 1088/1248/1471 1092/1252/1471 1093/1253/1471
f 1088/1248/1472 1093/1253/1472 1089/1249/1472
f 1094/1254/1473 1091/1251/1473 1095/1255/1473
f 1094/1254/1474 1090/1250/1474 1091/1251/1474
f 1090/1250/1475 1096/1256/1475 1092/1252/1475
f 1090/1250/1476 1092/1252/1476 1088/1248/1476
f 1097/1257/1477 1094/1254/1477 1095/1255/1477
f 1097/1257/1478 1095/1255/1478 1098/1258/1478
f 1097/1257/1479 1098/1258/1479 1099/1259/1479
f 1094/1254/1480 1100/1260/1480 1101/1261/1480
f 1094/1254/1481 1101/1261/1481 1096/1256/1481
f 1094/1254/1482 1096/1256/1482 1090/1250/1482
f 1102/1262/1483 1099/1259/1483 1103/1263/1483
f 1102/1262/1484 1097/1257/1484 1099/1259/1484
f 1097/1257/1485 1104/1264/1485 1100/1260/1485
f 1097/1257/1486 1100/1260/1486 1094/1254/1486
f 1105/1265/1487 1102/1262/1487 1103/1263/1487
f 1102/1262/1488 1106/1266/1488 1107/1267/1488
f 1102/1262/1489 1107/1267/1489 1104/1264/1489
f 1102/1262/1490 1104/1264/1490 1097/1257/1490
f 1108/1268/1491 1087/1247/1491 1109/1269/1491
f 1105/1265/1492 1106/1266/1492 1102/1262/1492
f 1110/1270/1493 1111/1271/1493 1112/1272/1493
f 1113/1273/1494 1106/1266/1494 1105/1265/1494
f 1114/1274/1495 1111/1271/1495 1110/1270/1495
f 1115/1275/1496 1113/1273/1496 1105/1265/1496
f 1115/1275/1497 1105/1265/1497 1111/1276/1497
f 1115/1277/1498 1116/1278/1498 1113/1279/1498
f 1115/1280/1499 1117/1281/1499 1116/1282/1499
f 1118/1283/1500 1119/1284/1500 1120/1285/1500
f 1121/1286/1501 1110/1270/1501 1119/1284/1501
f 1121/1286/1502 1114/1274/1502 1110/1270/1502
f 1114/1274/1503 1115/1280/1503 1111/1271/1503
f 1114/1274/1504 1117/1281/1504 1115/1280/1504
f 1114/1274/1505 1122/1287/1505 1123/1288/1505
f 1114/1274/1506 1123/1288/1506 1117/1281/1506
f 1124/1289/1507 1119/1284/1507 1118/1283/1507
f 1124/1289/1508 1121/1286/1508 1119/1284/1508
f 1121/1286/1509 1122/1287/1509 1114/1274/1509
f 1125/1290/1510 1126/1291/1510 1127/1292/1510
f 1126/1291/1511 1124/1289/1511 1118/1283/1511
f 1128/1293/1512 1124/1289/1512 1126/1291/1512
f 1124/1289/1513 1129/1294/1513 1121/1286/1513
f 1124/1289/1514 1130/1295/1514 1129/1294/1514
f 1131/1296/1515 1132/1297/1515 1133/1298/1515
f 1131/1296/1516 1133/1298/1516 1134/1299/1516
f 1131/1296/1517 1135/1300/1517 1132/1297/1517
f 1125/1290/1518 1128/1293/1518 1126/1291/1518
f 1136/1301/1519 1130/1295/1519 1124/1289/1519
f 1128/1293/1520 1137/1302/1520 1136/1301/1520
f 1128/1293/1521 1136/1301/1521 1124/1289/1521
f 1138/1303/1522 1128/1293/1522 1125/1290/1522
f 1128/1293/1523 1139/1304/1523 1140/1305/1523
f 1128/1293/1524 1140/1305/1524 1137/1302/1524
f 1135/1300/1525 1138/1303/1525 1125/1290/1525
f 1138/1303/1526 1139/1304/1526 1128/1293/1526
f 1141/1306/1527 1138/1303/1527 1135/1300/1527
f 1138/1303/1528 1142/1307/1528 1139/1304/1528
f 1131/1296/1529 1141/1306/1529 1135/1300/1529
f 1138/1303/1530 1143/1308/1530 1144/1309/1530
f 1138/1303/1531 1144/1309/1531 1142/1307/1531
f 1145/1310/1532 1143/1308/1532 1138/1303/1532
f 1146/1311/1533 1141/1306/1533 1131/1296/1533
f 1146/1311/1534 1147/1312/1534 1148/1313/1534
f 1146/1311/1535 1149/1314/1535 1147/1312/1535
f 1146/1311/1536 1148/1313/1536 1141/1306/1536
f 1073/1228/1537 1081/1241/1537 1033/1174/1537
f 1073/1228/1538 1033/1174/1538 1062/1215/1538
f 1071/1226/1539 1056/1209/1539 1069/1224/1539
f 1071/1226/1540 1070/1225/1540 1056/1209/1540
f 1087/1247/1541 1061/1214/1541 1078/1238/1541
f 1087/1247/1542 1078/1238/1542 1086/1246/1542
f 1087/1247/1543 1086/1246/1543 1150/1315/1543
f 1087/1247/1544 1150/1315/1544 1109/1269/1544
f 1151/1316/1545 1138/1303/1545 1141/1306/1545
f 1062/1215/1546 1033/1174/1546 1035/1176/1546
f 1062/1215/1547 1035/1176/1547 1037/1181/1547
f 1151/1316/1548 1145/1310/1548 1138/1303/1548
f 1040/1188/1549 1062/1215/1549 1037/1181/1549
f 1151/1316/1550 1152/1317/1550 1145/1310/1550
f 1146/1311/1551 1131/1296/1551 1134/1299/1551
f 1146/1311/1552 1134/1299/1552 1149/1314/1552
f 1151/1316/1553 1148/1313/1553 1153/1318/1553
f 1151/1316/1554 1141/1306/1554 1148/1313/1554
f 1151/1316/1555 1153/1318/1555 1152/1317/1555
f 1048/1201/1556 1043/1193/1556 1046/1198/1556
f 1070/1225/1557 1040/1188/1557 1043/1193/1557
f 1010/1146/1558 1049/1202/1558 1011/1147/1558
f 1055/1208/1559 1048/1201/1559 1049/1202/1559
f 1048/1201/1560 1070/1225/1560 1043/1193/1560
f 1065/1220/1561 1049/1202/1561 1010/1146/1561
f 1065/1220/1562 1055/1208/1562 1049/1202/1562
f 1056/1209/1563 1070/1225/1563 1048/1201/1563
f 1026/1217/1564 1018/1233/1564 1024/1319/1564
f 1018/1156/1565 1065/1220/1565 1010/1146/1565
f 1154/1320/1566 1155/1321/1566 1156/1322/1566
f 1154/1320/1567 1156/1322/1567 1157/1323/1567
f 1155/1321/1568 1158/1324/1568 1159/1325/1568
f 1160/1326/1569 1161/1327/1569 1162/1328/1569
f 1163/1329/1570 1164/1330/1570 1165/1331/1570
f 1166/1332/1571 1167/1333/1571 1168/1334/1571
f 1169/1335/1572 1170/1336/1572 1171/1337/1572
f 1169/1335/1573 1172/1338/1573 1170/1336/1573
f 1173/1339/1574 1174/1340/1574 1175/1341/1574
f 1149/1314/1575 1157/1323/1575 1176/1342/1575
f 1149/1314/1576 1154/1320/1576 1157/1323/1576
f 1158/1324/1577 1160/1326/1577 1162/1328/1577
f 1177/1343/1578 1166/1332/1578 1168/1334/1578
f 1178/1344/1579 1173/1339/1579 1175/1341/1579
f 1179/1345/1580 1149/1314/1580 1176/1342/1580
f 1160/1326/1581 1180/1346/1581 1161/1327/1581
f 1160/1326/1582 1181/1347/1582 1180/1346/1582
f 1162/1328/1583 1178/1344/1583 1182/1348/1583
f 1183/1349/1584 1167/1333/1584 1166/1332/1584
f 1184/1350/1585 1185/1351/1585 1167/1333/1585
f 1158/1324/1586 1181/1347/1586 1160/1326/1586
f 1186/1352/1587 1169/1335/1587 1171/1337/1587
f 1158/1324/1588 1187/1353/1588 1181/1347/1588
f 1188/1354/1589 1189/1355/1589 1190/1356/1589
f 1169/1335/1590 1191/1357/1590 1172/1338/1590
f 1192/1358/1591 1177/1343/1591 1189/1355/1591
f 1193/1359/1592 1177/1343/1592 1192/1358/1592
f 1193/1359/1593 1166/1332/1593 1177/1343/1593
f 1193/1359/1594 1183/1349/1594 1166/1332/1594
f 1159/1325/1595 1162/1328/1595 1182/1348/1595
f 1183/1349/1596 1184/1350/1596 1167/1333/1596
f 1165/1331/1597 1194/1360/1597 1174/1340/1597
f 1155/1321/1598 1187/1353/1598 1158/1324/1598
f 1195/1361/1599 1171/1337/1599 1196/1362/1599
f 1195/1361/1600 1186/1352/1600 1171/1337/1600
f 1197/1363/1601 1188/1354/1601 1190/1356/1601
f 1198/1364/1602 1192/1358/1602 1189/1355/1602
f 1198/1364/1603 1189/1355/1603 1188/1354/1603
f 1191/1357/1604 1199/1365/1604 1200/1366/1604
f 1191/1357/1605 1200/1366/1605 1201/1367/1605
f 1202/1368/1606 1179/1345/1606 1185/1351/1606
f 1203/1369/1607 1179/1345/1607 1202/1368/1607
f 1203/1369/1608 1149/1314/1608 1179/1345/1608
f 1154/1320/1609 1204/1370/1609 1155/1321/1609
f 1173/1339/1610 1165/1331/1610 1174/1340/1610
f 1205/1371/1611 1197/1372/1611 1206/1373/1611
f 1197/1363/1612 1198/1364/1612 1188/1354/1612
f 1198/1364/1613 1207/1374/1613 1208/1375/1613
f 1192/1358/1614 1209/1376/1614 1210/1377/1614
f 1192/1358/1615 1210/1377/1615 1211/1378/1615
f 1194/1379/1616 1195/1361/1616 1196/1362/1616
f 1192/1358/1617 1211/1378/1617 1193/1359/1617
f 1193/1359/1618 1211/1378/1618 1212/1380/1618
f 1193/1359/1619 1212/1380/1619 1213/1381/1619
f 1193/1359/1620 1213/1381/1620 1183/1349/1620
f 1183/1349/1621 1213/1381/1621 1214/1382/1621
f 1184/1350/1622 1202/1368/1622 1185/1351/1622
f 1169/1335/1623 1199/1365/1623 1191/1357/1623
f 1157/1323/1624 1156/1322/1624 1215/1383/1624
f 1216/1384/1625 1205/1371/1625 1206/1373/1625
f 1217/1385/1626 1197/1372/1626 1205/1371/1626
f 1207/1374/1627 1198/1364/1627 1197/1363/1627
f 1198/1364/1628 1208/1375/1628 1209/1376/1628
f 1198/1364/1629 1209/1376/1629 1192/1358/1629
f 1218/1386/1630 1219/1387/1630 1184/1350/1630
f 1218/1386/1631 1184/1350/1631 1183/1349/1631
f 1218/1386/1632 1183/1349/1632 1214/1382/1632
f 1184/1350/1633 1219/1387/1633 1220/1388/1633
f 1203/1369/1634 1221/1389/1634 1147/1312/1634
f 1203/1369/1635 1147/1312/1635 1149/1314/1635
f 1222/1390/1636 1195/1361/1636 1194/1379/1636
f 1222/1391/1637 1194/1360/1637 1165/1331/1637
f 1216/1384/1638 1217/1385/1638 1205/1371/1638
f 1217/1385/1639 1207/1392/1639 1197/1372/1639
f 1217/1385/1640 1223/1393/1640 1224/1394/1640
f 1217/1385/1641 1225/1395/1641 1207/1392/1641
f 1217/1385/1642 1224/1394/1642 1225/1395/1642
f 1226/1396/1643 1184/1350/1643 1220/1388/1643
f 1226/1396/1644 1202/1368/1644 1184/1350/1644
f 1202/1368/1645 1221/1389/1645 1203/1369/1645
f 1202/1368/1646 1227/1397/1646 1221/1389/1646
f 1228/1398/1647 1229/1399/1647 1230/1400/1647
f 1176/1342/1648 1157/1323/1648 1215/1383/1648
f 1228/1398/1649 1230/1400/1649 1231/1401/1649
f 1232/1402/1650 1217/1385/1650 1216/1384/1650
f 1232/1402/1651 1216/1384/1651 1229/1399/1651
f 1232/1402/1652 1223/1393/1652 1217/1385/1652
f 1232/1402/1653 1233/1403/1653 1223/1393/1653
f 1228/1398/1654 1234/1404/1654 1229/1399/1654
f 1228/1398/1655 1231/1401/1655 1235/1405/1655
f 1228/1398/1656 1235/1405/1656 1236/1406/1656
f 1228/1398/1657 1236/1406/1657 1234/1404/1657
f 1237/1407/1658 1229/1399/1658 1234/1404/1658
f 1237/1407/1659 1233/1403/1659 1232/1402/1659
f 1237/1407/1660 1232/1402/1660 1229/1399/1660
f 1238/1408/1661 1239/1409/1661 1172/1338/1661
f 1238/1408/1662 1172/1338/1662 1191/1357/1662
f 1238/1408/1663 1201/1367/1663 1239/1409/1663
f 1238/1408/1664 1191/1357/1664 1201/1367/1664
f 1240/1410/1665 1202/1368/1665 1226/1396/1665
f 1240/1410/1666 1226/1396/1666 1241/1411/1666
f 1240/1410/1667 1227/1397/1667 1202/1368/1667
f 1240/1410/1668 1242/1412/1668 1227/1397/1668
f 1240/1410/1669 1241/1411/1669 1242/1412/1669
f 1195/1361/1670 1243/1413/1670 1186/1352/1670
f 1153/1318/1671 1227/1397/1671 1242/1412/1671
f 1195/1361/1672 1222/1390/1672 1243/1413/1672
f 1179/1345/1673 1176/1342/1673 1244/1414/1673
f 1172/1338/1674 1239/1409/1674 1245/1415/1674
f 1170/1336/1675 1172/1338/1675 1245/1415/1675
f 1163/1329/1676 1165/1331/1676 1173/1339/1676
f 1185/1351/1677 1179/1345/1677 1244/1414/1677
f 1196/1362/1678 1171/1337/1678 1246/1416/1678
f 1155/1321/1679 1159/1325/1679 1156/1322/1679
f 1158/1324/1680 1162/1328/1680 1159/1325/1680
f 1161/1327/1681 1173/1339/1681 1178/1344/1681
f 1161/1327/1682 1178/1344/1682 1162/1328/1682
f 1161/1327/1683 1163/1329/1683 1173/1339/1683
f 1165/1417/1684 1247/1418/1684 1222/1419/1684
f 1194/1379/1685 1196/1362/1685 1246/1416/1685
f 1165/1331/1686 1164/1330/1686 1247/1420/1686
f 623/695/1687 1248/1421/1687 1249/1422/1687
f 623/695/1688 624/696/1688 1248/1421/1688
f 621/693/1689 1249/1422/1689 1250/1423/1689
f 621/693/1690 623/695/1690 1249/1422/1690
f 619/691/1691 1250/1423/1691 1251/1424/1691
f 619/691/1692 621/693/1692 1250/1423/1692
f 1252/1425/1693 1253/1426/1693 1254/1427/1693
f 1255/1428/1694 1253/1426/1694 1256/1429/1694
f 1255/1428/1695 1254/1427/1695 1253/1426/1695
f 1257/1430/1696 1255/1428/1696 1256/1429/1696
f 615/687/1697 1251/1424/1697 1253/1426/1697
f 615/687/1698 1252/1425/1698 1258/1431/1698
f 615/687/1699 619/691/1699 1251/1424/1699
f 615/687/1700 1253/1426/1700 1252/1425/1700
f 1259/1432/1701 1257/1430/1701 1256/1429/1701
f 1260/1433/1702 1259/1432/1702 1256/1429/1702
f 1261/1434/1703 1260/1433/1703 1256/1429/1703
f 618/690/1704 1258/1431/1704 1262/1435/1704
f 618/690/1705 1262/1435/1705 1263/1436/1705
f 618/690/1706 1263/1436/1706 1264/1437/1706
f 618/690/1707 1264/1437/1707 1265/1438/1707
f 618/690/1708 615/687/1708 1258/1431/1708
f 1266/1439/1709 1261/1434/1709 1256/1429/1709
f 1267/1440/1710 1266/1439/1710 1256/1429/1710
f 1268/1441/1711 1266/1439/1711 1267/1440/1711
f 642/714/1712 618/690/1712 1265/1438/1712
f 642/714/1713 1265/1438/1713 1269/1442/1713
f 642/714/1714 1269/1442/1714 1270/1443/1714
f 1271/1444/1715 1268/1441/1715 1267/1440/1715
f 1272/1445/1716 1270/1443/1716 1273/1446/1716
f 1272/1445/1717 1273/1446/1717 1274/1447/1717
f 1272/1445/1718 642/714/1718 1270/1443/1718
f 1275/1448/1719 1271/1444/1719 1267/1440/1719
f 1276/1449/1720 1275/1448/1720 1267/1440/1720
f 1277/1450/1721 1275/1448/1721 1276/1449/1721
f 1278/1451/1722 1272/1445/1722 1274/1447/1722
f 1278/1451/1723 1274/1447/1723 1279/1452/1723
f 1280/1453/1724 1278/1451/1724 1279/1452/1724
f 1281/1454/1725 1277/1450/1725 1276/1449/1725
f 1282/1455/1726 1281/1454/1726 1276/1449/1726
f 1283/1456/1727 1278/1451/1727 1280/1453/1727
f 1283/1456/1728 1280/1453/1728 1284/1457/1728
f 1285/1458/1729 1281/1454/1729 1282/1455/1729
f 1286/1459/1730 1285/1458/1730 1282/1455/1730
f 1287/1460/1731 1283/1456/1731 1284/1457/1731
f 1287/1460/1732 1284/1457/1732 1288/1461/1732
f 1289/1462/1733 1286/1459/1733 1282/1455/1733
f 1290/1463/1734 1286/1459/1734 1289/1462/1734
f 1291/1464/1735 1287/1460/1735 1288/1461/1735
f 1292/1465/1736 1291/1464/1736 1288/1461/1736
f 1293/1466/1737 1289/1462/1737 1294/1467/1737
f 1293/1466/1738 1290/1463/1738 1289/1462/1738
f 1295/1468/1739 1291/1464/1739 1292/1465/1739
f 1295/1468/1740 1292/1465/1740 1296/1469/1740
f 1297/1470/1741 1293/1466/1741 1294/1467/1741
f 1298/1471/1742 1296/1469/1742 1299/1472/1742
f 1298/1471/1743 1295/1468/1743 1296/1469/1743
f 1300/1473/1744 1301/1474/1744 1294/1467/1744
f 1302/1475/1745 1299/1472/1745 1303/1476/1745
f 1302/1475/1746 1298/1471/1746 1299/1472/1746
f 1304/1477/1747 1302/1475/1747 1303/1476/1747
f 1305/1478/1748 1302/1475/1748 1304/1477/1748
f 1306/1479/1749 1305/1478/1749 1304/1477/1749
f 1307/1480/1750 1308/1481/1750 1300/1473/1750
f 1309/1482/1751 1305/1478/1751 1306/1479/1751
f 1310/1483/1752 1309/1482/1752 1306/1479/1752
f 653/1484/1753 1309/1482/1753 1310/1483/1753
f 1311/1485/1754 653/1484/1754 1310/1483/1754
f 1312/1486/1755 1313/1487/1755 1307/1480/1755
f 1314/1488/1756 653/1484/1756 1311/1485/1756
f 1315/1489/1757 1314/1488/1757 1311/1485/1757
f 1316/1490/1758 1314/1488/1758 1315/1489/1758
f 1317/1491/1759 1316/1492/1759 1315/1493/1759
f 1318/1494/1760 1319/1495/1760 1312/1496/1760
f 1320/1497/1761 1316/1492/1761 1317/1491/1761
f 1321/1498/1762 1320/1497/1762 1317/1491/1762
f 1322/1499/1763 1323/1500/1763 1318/1494/1763
f 1324/1501/1764 1323/1500/1764 1322/1499/1764
f 1325/1502/1765 1321/1498/1765 1326/1503/1765
f 1325/1502/1766 1320/1497/1766 1321/1498/1766
f 1327/1504/1767 1322/1499/1767 1328/1505/1767
f 1327/1504/1768 1324/1501/1768 1322/1499/1768
f 1329/1506/1769 1326/1503/1769 1330/1507/1769
f 1329/1506/1770 1325/1502/1770 1326/1503/1770
f 1331/1508/1771 1327/1504/1771 1328/1505/1771
f 1332/1509/1772 1331/1508/1772 1328/1505/1772
f 1333/1510/1773 1330/1507/1773 1334/1511/1773
f 1333/1510/1774 1329/1506/1774 1330/1507/1774
f 1335/1512/1775 1331/1508/1775 1332/1509/1775
f 1336/1513/1776 1334/1511/1776 1337/1514/1776
f 1336/1513/1777 1333/1510/1777 1334/1511/1777
f 1338/1515/1778 1336/1513/1778 1337/1514/1778
f 1339/1516/1779 1340/1517/1779 1332/1509/1779
f 1341/1518/1780 1340/1517/1780 1339/1516/1780
f 1342/1519/1781 1336/1513/1781 1338/1515/1781
f 1343/1520/1782 1342/1519/1782 1338/1515/1782
f 1344/1521/1783 1342/1519/1783 1343/1520/1783
f 1345/1522/1784 1344/1521/1784 1343/1520/1784
f 1346/1523/1785 1341/1518/1785 1339/1516/1785
f 1347/1524/1786 1346/1523/1786 1339/1516/1786
f 1348/1525/1787 1345/1522/1787 1349/1526/1787
f 1348/1525/1788 1344/1521/1788 1345/1522/1788
f 1350/1527/1789 1346/1523/1789 1347/1524/1789
f 1351/1528/1790 1350/1527/1790 1347/1524/1790
f 1352/1529/1791 1349/1526/1791 1353/1530/1791
f 1352/1529/1792 1348/1525/1792 1349/1526/1792
f 1354/1531/1793 1352/1529/1793 1353/1530/1793
f 1355/1532/1794 1351/1528/1794 1347/1524/1794
f 1356/1533/1795 1355/1532/1795 1347/1524/1795
f 1357/1534/1796 1355/1532/1796 1356/1533/1796
f 1358/1535/1797 1354/1531/1797 1359/1536/1797
f 1358/1535/1798 1352/1529/1798 1354/1531/1798
f 1360/1537/1799 1357/1534/1799 1356/1533/1799
f 1361/1538/1800 1359/1536/1800 1362/1539/1800
f 1361/1538/1801 1358/1535/1801 1359/1536/1801
f 1363/1540/1802 1360/1537/1802 1356/1533/1802
f 1364/1541/1803 1361/1538/1803 1362/1539/1803
f 1365/1542/1804 1363/1540/1804 1356/1533/1804
f 1366/1543/1805 1365/1542/1805 1356/1533/1805
f 1367/1544/1806 1365/1542/1806 1366/1543/1806
f 1368/1545/1807 1364/1541/1807 1369/1546/1807
f 1368/1545/1808 1369/1546/1808 1370/1547/1808
f 1368/1545/1809 1361/1538/1809 1364/1541/1809
f 1371/1548/1810 1367/1544/1810 1366/1543/1810
f 1372/1549/1811 1371/1548/1811 1366/1543/1811
f 1373/1550/1812 1372/1549/1812 1366/1543/1812
f 1374/1551/1813 1372/1549/1813 1373/1550/1813
f 1375/1552/1814 1374/1551/1814 1373/1550/1814
f 1376/1553/1815 1375/1552/1815 1373/1550/1815
f 1377/1554/1816 1370/1547/1816 1378/1555/1816
f 1377/1554/1817 1378/1555/1817 1379/1556/1817
f 1377/1554/1818 1379/1556/1818 1380/1557/1818
f 1377/1554/1819 1368/1545/1819 1370/1547/1819
f 1381/1558/1820 1376/1553/1820 1373/1550/1820
f 1382/1559/1821 1380/1557/1821 1383/1560/1821
f 1382/1559/1822 1383/1560/1822 1376/1553/1822
f 1382/1559/1823 1377/1554/1823 1380/1557/1823
f 1384/1561/1824 1382/1559/1824 1376/1553/1824
f 1384/1561/1825 1376/1553/1825 1381/1558/1825
f 1385/1562/1826 1381/1558/1826 1386/1563/1826
f 1385/1562/1827 1384/1561/1827 1381/1558/1827
f 1387/1564/1828 1385/1562/1828 1386/1563/1828
f 1387/1564/1828 1386/1563/1828 1388/1565/1828
f 96/1566/1829 1387/1564/1829 1388/1565/1829
f 96/1566/1830 1388/1565/1830 1389/1567/1830
f 1340/1517/1831 1335/1512/1831 1332/1509/1831
f 1323/1500/1832 1319/1495/1832 1318/1494/1832
f 1319/1495/1833 1390/1568/1833 1312/1496/1833
f 1390/1568/1834 1313/1569/1834 1312/1496/1834
f 1313/1487/1835 1391/1570/1835 1307/1480/1835
f 1391/1570/1836 1308/1481/1836 1307/1480/1836
f 1308/1481/1837 1392/1571/1837 1300/1473/1837
f 1392/1571/1838 1301/1474/1838 1300/1473/1838
f 1301/1474/1839 1297/1470/1839 1294/1467/1839
f 1393/1572/1840 1394/1573/1840 1395/1574/1840
f 1396/1575/1841 1397/1576/1841 1398/1577/1841
f 1399/1578/1842 1400/1579/1842 1401/1580/1842
f 1402/1581/1843 1403/1582/1843 1404/1583/1843
f 1401/1580/1844 1405/1584/1844 1406/1585/1844
f 1402/1581/1845 1407/1586/1845 1403/1582/1845
f 1408/1587/1846 877/1003/1846 1409/1588/1846
f 1410/1589/1847 861/986/1847 1411/1033/1847
f 1410/1589/1848 1411/1033/1848 827/944/1848
f 1393/1572/1849 1412/1590/1849 1394/1573/1849
f 1396/1575/1850 1410/1589/1850 827/944/1850
f 1413/1591/1851 1412/1590/1851 1393/1572/1851
f 1414/1592/1852 1409/1588/1852 1415/1593/1852
f 1402/1581/1853 1416/1594/1853 1417/1595/1853
f 1414/1592/1854 1408/1587/1854 1409/1588/1854
f 1402/1581/1855 1417/1595/1855 1407/1586/1855
f 1418/1596/1856 1395/1574/1856 1419/1597/1856
f 1420/1598/1857 1396/1575/1857 827/944/1857
f 1418/1596/1858 1393/1572/1858 1395/1574/1858
f 1414/1592/1859 1415/1593/1859 1421/1599/1859
f 1397/1576/1860 1422/1600/1860 1404/1583/1860
f 1423/1601/1861 674/1602/1861 672/1603/1861
f 1404/1583/1862 1416/1594/1862 1402/1581/1862
f 1406/1585/1863 1405/1584/1863 1424/1604/1863
f 1414/1592/1864 1421/1599/1864 1425/1048/1864
f 1426/1605/1865 1423/1601/1865 1407/1586/1865
f 1427/1606/1866 1420/1598/1866 1428/1084/1866
f 1426/1605/1867 1429/1607/1867 674/1602/1867
f 1426/1605/1868 674/1602/1868 1423/1601/1868
f 1427/1606/1869 1428/1084/1869 1430/1097/1869
f 1431/1608/1870 1416/1594/1870 1404/1583/1870
f 1431/1608/1871 1432/1609/1871 1416/1594/1871
f 1427/1606/1872 1433/1610/1872 1422/1600/1872
f 1431/1608/1873 1404/1583/1873 1422/1600/1873
f 1434/1611/1874 1425/1048/1874 1435/1065/1874
f 1433/1610/1875 1436/1612/1875 1422/1600/1875
f 1434/1611/1876 1414/1592/1876 1425/1048/1876
f 1437/1613/1877 1438/1614/1877 1424/1615/1877
f 1418/1596/1878 1434/1611/1878 1439/1616/1878
f 1434/1611/1879 1435/1065/1879 1440/1096/1879
f 1418/1596/1880 1439/1616/1880 1441/1617/1880
f 1439/1616/1881 1440/1096/1881 1442/1110/1881
f 1443/1618/1882 1444/1619/1882 1441/1617/1882
f 1439/1616/1883 1434/1611/1883 1440/1096/1883
f 1426/1605/1884 676/1620/1884 1429/1607/1884
f 1426/1605/1885 1417/1595/1885 676/1620/1885
f 1439/1616/1886 1442/1110/1886 1445/902/1886
f 1438/1614/1887 1446/1621/1887 1447/1622/1887
f 1403/1582/1888 1407/1586/1888 1448/1623/1888
f 1439/1616/1889 1445/902/1889 732/836/1889
f 1441/1617/1890 1439/1616/1890 732/836/1890
f 815/957/1891 1437/1613/1891 1424/1615/1891
f 815/931/1892 1424/1604/1892 785/893/1892
f 1438/1614/1893 1437/1613/1893 842/965/1893
f 1438/1614/1894 842/965/1894 1446/1621/1894
f 815/957/1895 842/965/1895 1437/1613/1895
f 1398/1577/1896 1397/1576/1896 1404/1583/1896
f 1398/1577/1897 1404/1583/1897 1403/1582/1897
f 1446/1621/1898 861/986/1898 1410/1589/1898
f 1396/1575/1899 1449/1624/1899 1410/1589/1899
f 1420/1598/1900 1427/1606/1900 1396/1575/1900
f 1427/1606/1901 1397/1576/1901 1396/1575/1901
f 1427/1606/1902 1430/1097/1902 1450/1126/1902
f 1444/1619/1903 1401/1580/1903 1413/1591/1903
f 1427/1606/1904 1450/1126/1904 1451/1136/1904
f 1433/1610/1905 1427/1606/1905 1451/1136/1905
f 1433/1610/1906 1452/1625/1906 1436/1612/1906
f 1422/1600/1907 1397/1576/1907 1427/1606/1907
f 1444/1619/1908 1413/1591/1908 1393/1572/1908
f 1444/1619/1909 1443/1618/1909 1401/1580/1909
f 1443/1618/1910 752/858/1910 1405/1584/1910
f 1419/1597/1911 1414/1592/1911 1434/1611/1911
f 1453/1626/1912 752/858/1912 1443/1618/1912
f 752/858/1913 785/893/1913 1405/1584/1913
f 1393/1572/1914 1418/1596/1914 1444/1619/1914
f 1444/1619/1915 1418/1596/1915 1441/1617/1915
f 1441/1617/1916 732/836/1916 1453/1626/1916
f 1441/1617/1917 1453/1626/1917 1443/1618/1917
f 1423/1601/1918 672/1603/1918 670/1627/1918
f 1407/1586/1919 1417/1595/1919 1426/1605/1919
f 1400/1628/1920 1447/1622/1920 1454/1629/1920
f 1446/1621/1921 842/965/1921 861/986/1921
f 1401/1580/1922 1443/1618/1922 1405/1584/1922
f 1399/1630/1923 1447/1622/1923 1400/1628/1923
f 1448/1623/1924 1455/1631/1924 1454/1629/1924
f 1448/1623/1925 1423/1601/1925 1455/1631/1925
f 1406/1585/1926 1399/1578/1926 1401/1580/1926
f 1436/1612/1927 1431/1608/1927 1422/1600/1927
f 1436/1612/1928 1452/1625/1928 1456/1632/1928
f 1436/1612/1929 1432/1609/1929 1431/1608/1929
f 1436/1612/1930 1456/1632/1930 789/897/1930
f 1407/1586/1931 1423/1601/1931 1448/1623/1931
f 1436/1612/1932 789/897/1932 1432/1609/1932
f 1457/1633/1933 1458/1634/1933 659/1635/1933
f 1457/1633/1934 659/1635/1934 1459/1636/1934
f 1457/1633/1935 657/1637/1935 1458/1634/1935
f 1448/1623/1936 1454/1629/1936 1447/1622/1936
f 1457/1633/1937 661/1638/1937 657/1637/1937
f 1459/1636/1938 1460/1639/1938 1419/1597/1938
f 1394/1573/1939 1461/1640/1939 1457/1633/1939
f 1461/1640/1940 663/1641/1940 661/1638/1940
f 1419/1597/1941 1395/1574/1941 1394/1573/1941
f 1419/1597/1942 1394/1573/1942 1459/1636/1942
f 1424/1615/1943 1399/1630/1943 1406/1642/1943
f 1461/1640/1944 1462/1643/1944 663/1641/1944
f 1438/1614/1945 1399/1630/1945 1424/1615/1945
f 1438/1614/1946 1447/1622/1946 1399/1630/1946
f 1460/1639/1947 1408/1587/1947 1414/1592/1947
f 1461/1640/1948 664/1644/1948 1462/1643/1948
f 1449/1624/1949 1448/1623/1949 1447/1622/1949
f 1414/1592/1950 1419/1597/1950 1460/1639/1950
f 1461/1645/1951 666/1646/1951 664/1647/1951
f 1424/1604/1952 1405/1584/1952 785/893/1952
f 1455/1631/1953 668/1648/1953 666/1646/1953
f 1455/1631/1954 666/1646/1954 1461/1645/1954
f 1446/1621/1955 1449/1624/1955 1447/1622/1955
f 1434/1611/1956 1418/1596/1956 1419/1597/1956
f 1412/1590/1957 1413/1591/1957 1400/1579/1957
f 1455/1631/1958 1461/1645/1958 1412/1649/1958
f 1455/1631/1959 1463/1650/1959 668/1648/1959
f 1394/1573/1960 1457/1633/1960 1459/1636/1960
f 1454/1629/1961 1455/1631/1961 1412/1649/1961
f 1403/1582/1962 1448/1623/1962 1398/1577/1962
f 1398/1577/1963 1448/1623/1963 1449/1624/1963
f 1400/1628/1964 1454/1629/1964 1412/1649/1964
f 1461/1640/1965 661/1638/1965 1457/1633/1965
f 1398/1577/1966 1449/1624/1966 1396/1575/1966
f 1449/1624/1967 1446/1621/1967 1410/1589/1967
f 1423/1601/1968 670/1627/1968 1463/1650/1968
f 1423/1601/1969 1463/1650/1969 1455/1631/1969
f 1461/1640/1970 1394/1573/1970 1412/1590/1970
f 1401/1580/1971 1400/1579/1971 1413/1591/1971
f 1464/1651/1972 1465/1652/1972 1466/1653/1972
f 1464/1651/1973 1466/1653/1973 1467/1654/1973
f 1468/1655/1974 1469/1656/1974 1470/1657/1974
f 1464/1651/1975 1471/1658/1975 1465/1652/1975
f 1472/1659/1976 1464/1651/1976 1473/1660/1976
f 1472/1659/1977 1471/1658/1977 1464/1651/1977
f 1472/1659/1978 1474/1661/1978 1471/1658/1978
f 1472/1659/1979 1475/1662/1979 1476/1663/1979
f 1477/1664/1980 1478/1665/1980 1479/1666/1980
f 1480/1667/1981 1472/1659/1981 1476/1663/1981
f 1480/1667/1982 1474/1661/1982 1472/1659/1982
f 1480/1667/1983 1476/1663/1983 1481/1668/1983
f 1482/1669/1984 1483/1670/1984 1469/1656/1984
f 1480/1667/1985 1481/1668/1985 1484/1671/1985
f 1485/1672/1986 1486/1673/1986 1487/1674/1986
f 1485/1672/1987 1487/1674/1987 1488/1675/1987
f 1482/1669/1988 1489/1676/1988 1483/1670/1988
f 1490/1677/1989 1491/1678/1989 1474/1661/1989
f 1492/1679/1990 1485/1672/1990 1488/1675/1990
f 1480/1667/1991 1484/1671/1991 1493/1680/1991
f 1494/1681/1992 1478/1665/1992 1477/1664/1992
f 1495/1682/1993 1480/1667/1993 1493/1680/1993
f 1495/1682/1994 1492/1679/1994 1480/1667/1994
f 1488/1675/1995 1496/1683/1995 1490/1677/1995
f 1497/1684/1996 1492/1679/1996 1495/1682/1996
f 1497/1684/1997 1495/1682/1997 1498/1685/1997
f 1497/1684/1998 1498/1685/1998 268/1686/1998
f 1499/1687/1999 1500/1688/1999 1470/1657/1999
f 1492/1679/2000 1497/1684/2000 1485/1672/2000
f 1501/1689/2001 1489/1676/2001 1482/1669/2001
f 1502/1690/2002 1469/1656/2002 1468/1655/2002
f 1502/1690/2003 1482/1669/2003 1469/1656/2003
f 1480/1667/2004 1490/1677/2004 1474/1661/2004
f 1487/1674/2005 1496/1683/2005 1488/1675/2005
f 1482/1669/2006 1503/1691/2006 1501/1689/2006
f 1480/1667/2007 1488/1675/2007 1490/1677/2007
f 1504/1692/2008 1482/1669/2008 1502/1690/2008
f 1505/1693/2009 1503/1691/2009 1482/1669/2009
f 1492/1679/2010 1488/1675/2010 1480/1667/2010
f 1471/1658/2011 1506/1694/2011 1507/1695/2011
f 1504/1692/2012 1505/1693/2012 1482/1669/2012
f 1471/1658/2013 1507/1695/2013 1465/1652/2013
f 1490/1677/2014 1508/1696/2014 1509/1697/2014
f 1510/1698/2015 1505/1693/2015 1504/1692/2015
f 1511/1699/2016 1500/1688/2016 1499/1687/2016
f 1490/1677/2017 1509/1697/2017 1491/1678/2017
f 1471/1658/2018 1491/1678/2018 1506/1694/2018
f 1468/1655/2019 1470/1657/2019 1512/1700/2019
f 1512/1700/2020 353/1701/2020 1513/1702/2020
f 1512/1700/2021 1513/1702/2021 1514/1703/2021
f 1515/1704/2022 1468/1655/2022 1512/1700/2022
f 1515/1704/2023 1512/1700/2023 1514/1703/2023
f 1469/1656/2024 1499/1687/2024 1470/1657/2024
f 1490/1677/2025 1496/1683/2025 1508/1696/2025
f 1515/1704/2026 1502/1690/2026 1468/1655/2026
f 1516/1705/2027 1515/1704/2027 1517/1706/2027
f 1516/1705/2028 1502/1690/2028 1515/1704/2028
f 1483/1670/2029 1511/1699/2029 1499/1687/2029
f 1516/1705/2030 1504/1692/2030 1502/1690/2030
f 1510/1698/2031 1518/1707/2031 1505/1693/2031
f 1510/1698/2032 1519/1708/2032 1518/1707/2032
f 1516/1705/2033 1520/1709/2033 1521/1710/2033
f 1522/1711/2034 1504/1692/2034 1516/1705/2034
f 1522/1711/2035 1516/1705/2035 1521/1710/2035
f 1522/1711/2036 1510/1698/2036 1504/1692/2036
f 1477/1664/2037 1510/1698/2037 1522/1711/2037
f 1477/1664/2038 1523/1712/2038 1524/1713/2038
f 1477/1664/2039 1522/1711/2039 1523/1712/2039
f 1477/1664/2040 1524/1713/2040 1525/1714/2040
f 1477/1664/2041 1525/1714/2041 1526/1715/2041
f 1527/1716/2042 1526/1715/2042 1528/1717/2042
f 1527/1716/2043 1477/1664/2043 1526/1715/2043
f 1527/1716/2044 1494/1681/2044 1477/1664/2044
f 1527/1716/2045 1529/1718/2045 1494/1681/2045
f 1527/1716/2046 1528/1717/2046 279/1719/2046
f 1527/1716/2047 1530/1720/2047 1529/1718/2047
f 1527/1716/2048 279/1719/2048 1531/1721/2048
f 1469/1656/2049 1483/1670/2049 1499/1687/2049
f 1527/1716/2050 1532/1722/2050 1530/1720/2050
f 1527/1716/2051 1531/1721/2051 1533/1723/2051
f 1527/1716/2052 1534/1724/2052 1532/1722/2052
f 1535/1725/2053 1534/1724/2053 1527/1716/2053
f 1535/1725/2054 1533/1723/2054 1536/1726/2054
f 1535/1725/2055 1527/1716/2055 1533/1723/2055
f 1535/1725/2056 1537/1727/2056 1534/1724/2056
f 1535/1725/2057 1536/1726/2057 1538/1728/2057
f 1474/1661/2058 1491/1678/2058 1471/1658/2058
f 1535/1725/2059 1539/1729/2059 1537/1727/2059
f 1535/1725/2060 1540/1730/2060 1539/1729/2060
f 1535/1725/2061 1538/1728/2061 1541/1731/2061
f 1535/1725/2062 1542/1732/2062 1540/1730/2062
f 1466/1653/2063 1535/1725/2063 1541/1731/2063
f 1466/1653/2064 1541/1731/2064 332/1733/2064
f 1466/1653/2065 1542/1732/2065 1535/1725/2065
f 1477/1664/2066 1519/1708/2066 1510/1698/2066
f 1477/1664/2067 1479/1666/2067 1519/1708/2067
f 1466/1653/2068 332/1733/2068 1543/1734/2068
f 1466/1653/2069 1544/1735/2069 1542/1732/2069
f 1466/1653/2070 1543/1734/2070 1545/1736/2070
f 1466/1653/2071 1546/1737/2071 1544/1735/2071
f 1466/1653/2072 1545/1736/2072 1467/1654/2072
f 1466/1653/2073 1465/1652/2073 1546/1737/2073
f 1547/1738/2074 1548/1739/2074 1549/1740/2074
f 1547/1738/2075 1550/1741/2075 1548/1739/2075
f 1551/1742/2076 1549/1740/2076 1552/1743/2076
f 1551/1742/2077 1547/1738/2077 1549/1740/2077
f 91/93/2078 1389/1744/2078 1553/1745/2078
f 91/93/2079 96/98/2079 1389/1744/2079
f 121/1746/2080 1552/1743/2080 1554/1747/2080
f 121/1746/2081 1551/1742/2081 1552/1743/2081
f 87/89/2082 1553/1745/2082 1555/1748/2082
f 87/89/2083 91/93/2083 1553/1745/2083
f 107/112/2084 1554/1747/2084 1556/1749/2084
f 107/112/2085 121/1746/2085 1554/1747/2085
f 90/92/2086 1555/1748/2086 1557/1750/2086
f 90/92/2087 87/89/2087 1555/1748/2087
f 92/94/2088 1556/1749/2088 1558/1751/2088
f 92/94/2089 107/112/2089 1556/1749/2089
f 1559/1752/2090 1557/1750/2090 1560/1753/2090
f 1559/1752/2091 90/92/2091 1557/1750/2091
f 144/150/2088 92/94/2088 1558/1751/2088
f 86/88/2092 1559/1752/2092 1560/1753/2092
f 86/88/2093 1560/1753/2093 1561/1754/2093
f 128/134/2094 1558/1751/2094 1562/1755/2094
f 128/134/2094 144/150/2094 1558/1751/2094
f 85/87/2095 86/88/2095 1561/1754/2095
f 85/87/2096 1561/1754/2096 1563/1756/2096
f 69/71/2097 1562/1755/2097 1564/1757/2097
f 69/71/2097 128/134/2097 1562/1755/2097
f 81/83/2096 85/87/2096 1563/1756/2096
f 81/83/2098 1563/1756/2098 1565/1758/2098
f 77/79/2098 81/83/2098 1565/1758/2098
f 63/65/2099 1564/1757/2099 1566/1759/2099
f 63/65/2099 69/71/2099 1564/1757/2099
f 77/79/2100 1565/1758/2100 1567/1760/2100
f 64/66/2101 63/65/2101 1566/1759/2101
f 190/200/2100 77/79/2100 1567/1760/2100
f 64/66/2102 1566/1759/2102 1568/1761/2102
f 190/200/2103 1567/1760/2103 1569/1762/2103
f 189/199/2103 190/200/2103 1569/1762/2103
f 1570/1763/2104 1568/1761/2104 1571/1764/2104
f 1570/1763/2105 64/66/2105 1568/1761/2105
f 189/199/2106 1569/1762/2106 1572/1765/2106
f 1573/1766/2107 1571/1764/2107 1574/1767/2107
f 51/53/2106 189/199/2106 1572/1765/2106
f 1573/1766/2108 1570/1763/2108 1571/1764/2108
f 51/53/2109 1572/1765/2109 1575/1768/2109
f 57/59/2110 1575/1768/2110 1576/1769/2110
f 57/59/2111 51/53/2111 1575/1768/2111
f 1577/1770/2112 1574/1767/2112 1578/1771/2112
f 1577/1770/2113 1573/1766/2113 1574/1767/2113
f 1579/1772/2114 1576/1769/2114 1580/1773/2114
f 1579/1772/2115 57/59/2115 1576/1769/2115
f 1581/1774/2116 1578/1771/2116 1582/1775/2116
f 1581/1774/2117 1577/1770/2117 1578/1771/2117
f 1583/1776/2118 1580/1773/2118 1584/1777/2118
f 1585/1778/2119 1582/1779/2119 1248/1421/2119
f 1583/1776/2120 1579/1772/2120 1580/1773/2120
f 1585/1780/2121 1581/1774/2121 1582/1775/2121
f 624/696/2122 1585/1778/2122 1248/1421/2122
f 1586/1781/2123 1584/1777/2123 1587/1782/2123
f 1586/1781/2124 1583/1776/2124 1584/1777/2124
f 1588/1783/2125 1587/1782/2125 1589/1784/2125
f 1588/1783/2126 1586/1781/2126 1587/1782/2126
f 1590/1785/2127 1589/1784/2127 1591/1786/2127
f 1590/1785/2128 1588/1783/2128 1589/1784/2128
f 1592/1787/2129 1591/1788/2129 1593/1789/2129
f 1592/1790/2130 1590/1785/2130 1591/1786/2130
f 1594/1791/2131 1593/1789/2131 1595/1792/2131
f 1594/1791/2132 1592/1787/2132 1593/1789/2132
f 1596/1793/2133 1595/1792/2133 1597/1794/2133
f 1596/1793/2134 1594/1791/2134 1595/1792/2134
f 1550/1741/2135 1597/1794/2135 1548/1739/2135
f 1550/1741/2136 1596/1793/2136 1597/1794/2136
f 1598/1795/2137 1599/1796/2137 1600/1797/2137
f 1080/1240/2138 1082/1242/2138 1601/1798/2138
f 1602/1799/2139 1598/1795/2139 1603/1800/2139
f 1602/1799/2140 1604/1801/2140 1598/1795/2140
f 1605/1802/2141 1606/1803/2141 1607/1804/2141
f 1602/1799/2142 1603/1800/2142 1608/1805/2142
f 1609/1806/2143 1610/1807/2143 1611/1808/2143
f 1612/1809/2144 1613/1810/2144 1610/1811/2144
f 1612/1812/2145 1610/1807/2145 1609/1806/2145
f 1614/1813/2146 1608/1805/2146 1613/1810/2146
f 1614/1813/2147 1602/1799/2147 1608/1805/2147
f 1614/1813/2148 1615/1814/2148 1602/1799/2148
f 1614/1813/2149 1613/1810/2149 1612/1809/2149
f 1614/1813/2150 1616/1815/2150 1615/1814/2150
f 1617/1816/2151 1609/1806/2151 1611/1808/2151
f 1618/1817/2152 1612/1812/2152 1609/1806/2152
f 1619/1818/2153 1620/1819/2153 1621/1820/2153
f 1612/1809/2154 1616/1815/2154 1614/1813/2154
f 1622/1821/2155 1617/1816/2155 1623/1822/2155
f 1617/1816/2156 1618/1817/2156 1609/1806/2156
f 1624/1823/2157 1622/1821/2157 1623/1822/2157
f 1625/1824/2158 1618/1817/2158 1617/1816/2158
f 1626/1825/2159 1605/1802/2159 1607/1804/2159
f 1618/1817/2160 1627/1826/2160 1612/1812/2160
f 1628/1827/2161 1617/1816/2161 1622/1821/2161
f 1629/1828/2162 1619/1818/2162 1621/1820/2162
f 1628/1827/2163 1625/1824/2163 1617/1816/2163
f 1625/1824/2164 1630/1829/2164 1618/1817/2164
f 1631/1830/2165 1632/1831/2165 1633/1832/2165
f 1634/1833/2166 1622/1821/2166 1624/1823/2166
f 1635/1834/2167 1636/1835/2167 1637/1836/2167
f 1634/1833/2168 1628/1827/2168 1622/1821/2168
f 1638/1837/2169 1639/1838/2169 1081/1241/2169
f 1625/1824/2170 1640/1839/2170 1641/1840/2170
f 1625/1824/2171 1641/1840/2171 1630/1829/2171
f 1642/1841/2172 1631/1830/2172 1633/1832/2172
f 1632/1831/2173 1634/1833/2173 1624/1823/2173
f 1628/1827/2174 1640/1839/2174 1625/1824/2174
f 1643/1842/2175 1642/1841/2175 1644/1843/2175
f 1645/1844/2176 1635/1834/2176 1637/1836/2176
f 1645/1844/2177 1637/1836/2177 1620/1819/2177
f 1636/1835/2178 1646/1845/2178 1638/1837/2178
f 1647/1846/2179 1648/1847/2179 1239/1409/2179
f 1647/1846/2180 1649/1848/2180 1648/1847/2180
f 1628/1827/2181 1650/1849/2181 1651/1850/2181
f 1628/1827/2182 1651/1850/2182 1640/1839/2182
f 1652/1851/2183 1643/1842/2183 1644/1843/2183
f 1619/1818/2184 1645/1844/2184 1620/1819/2184
f 1635/1834/2185 1646/1845/2185 1636/1835/2185
f 1080/1240/2186 1632/1831/2186 1631/1830/2186
f 1653/1852/2187 1619/1818/2187 1629/1828/2187
f 1645/1844/2188 1654/1853/2188 1635/1834/2188
f 1620/1819/2189 1637/1836/2189 1655/1854/2189
f 1656/1855/2190 1108/1268/2190 1657/1856/2190
f 1081/1241/2191 1631/1830/2191 1642/1841/2191
f 1658/1857/2192 1629/1828/2192 1659/1858/2192
f 1081/1241/2193 1080/1240/2193 1631/1830/2193
f 1658/1857/2194 1653/1852/2194 1629/1828/2194
f 1619/1818/2195 1660/1859/2195 1645/1844/2195
f 1601/1798/2196 1634/1833/2196 1632/1831/2196
f 1661/1860/2197 1626/1825/2197 1649/1848/2197
f 1662/1861/2198 1663/1862/2198 1634/1833/2198
f 1662/1861/2199 1664/1863/2199 1663/1862/2199
f 1621/1820/2200 1620/1819/2200 1655/1854/2200
f 1665/1864/2201 1606/1803/2201 1605/1802/2201
f 1666/1865/2202 1658/1857/2202 1659/1858/2202
f 1666/1865/2203 1659/1858/2203 1606/1866/2203
f 1653/1852/2204 1660/1859/2204 1619/1818/2204
f 1647/1846/2205 1661/1860/2205 1649/1848/2205
f 1638/1837/2206 1642/1841/2206 1643/1842/2206
f 1638/1837/2207 1081/1241/2207 1642/1841/2207
f 1667/1867/2208 1605/1802/2208 1626/1825/2208
f 1667/1867/2209 1665/1864/2209 1605/1802/2209
f 1080/1240/2210 1601/1798/2210 1632/1831/2210
f 1665/1864/2211 1666/1868/2211 1606/1803/2211
f 1601/1798/2212 1662/1861/2212 1634/1833/2212
f 1662/1861/2213 1668/1869/2213 1669/1870/2213
f 1662/1861/2214 1669/1870/2214 1664/1863/2214
f 1658/1857/2215 1670/1871/2215 1653/1852/2215
f 1661/1860/2216 1667/1867/2216 1626/1825/2216
f 1666/1865/2217 1670/1871/2217 1658/1857/2217
f 1636/1835/2218 1638/1837/2218 1643/1842/2218
f 1636/1835/2219 1643/1842/2219 1652/1851/2219
f 1665/1864/2220 1671/1872/2220 1666/1868/2220
f 1665/1864/2221 1672/1873/2221 1671/1872/2221
f 1673/1874/2222 1661/1860/2222 1647/1846/2222
f 1667/1867/2223 1672/1873/2223 1665/1864/2223
f 1659/1858/2224 1629/1828/2224 1674/1875/2224
f 1673/1874/2225 1675/1367/2225 1676/1876/2225
f 1673/1874/2226 1676/1876/2226 1661/1860/2226
f 1677/1877/2227 1650/1849/2227 1628/1827/2227
f 1677/1877/2228 1628/1827/2228 1634/1833/2228
f 1677/1877/2229 1634/1833/2229 1663/1862/2229
f 1677/1877/2230 1663/1862/2230 1678/1878/2230
f 1677/1877/2231 1678/1878/2231 1650/1849/2231
f 1679/1879/2232 1662/1861/2232 1601/1798/2232
f 1679/1879/2233 1668/1869/2233 1662/1861/2233
f 1637/1836/2234 1636/1835/2234 1652/1851/2234
f 1679/1879/2235 1657/1856/2235 1668/1869/2235
f 1679/1879/2236 1601/1798/2236 1656/1855/2236
f 1679/1879/2237 1656/1855/2237 1657/1856/2237
f 1680/1880/2238 1673/1874/2238 1647/1846/2238
f 1680/1880/2239 1239/1409/2239 1675/1367/2239
f 1680/1880/2240 1647/1846/2240 1239/1409/2240
f 1680/1880/2241 1675/1367/2241 1673/1874/2241
f 1601/1798/2242 1082/1242/2242 1656/1855/2242
f 1606/1866/2243 1659/1858/2243 1674/1875/2243
f 1681/1881/2244 1231/1401/2244 1682/1882/2244
f 1600/1797/2245 1681/1881/2245 1682/1882/2245
f 1681/1881/2246 1235/1405/2246 1231/1401/2246
f 1681/1881/2247 1683/1883/2247 1684/1884/2247
f 1681/1881/2248 1684/1884/2248 1685/1885/2248
f 1681/1881/2249 1685/1885/2249 1235/1405/2249
f 1600/1797/2250 1683/1883/2250 1681/1881/2250
f 1608/1805/2251 1603/1800/2251 1686/1886/2251
f 1599/1796/2252 1683/1883/2252 1600/1797/2252
f 1613/1810/2253 1608/1805/2253 1686/1886/2253
f 1598/1795/2254 1600/1797/2254 1603/1800/2254
f 1598/1795/2255 1604/1801/2255 1687/1887/2255
f 1598/1795/2256 1687/1887/2256 1599/1796/2256
f 1688/1888/2257 1050/1203/2257 1053/1206/2257
f 1689/1889/2258 1690/1890/2258 1691/1891/2258
f 1181/1347/2259 1187/1353/2259 1692/1892/2259
f 1675/1893/2260 1693/1894/2260 1015/1151/2260
f 1181/1347/2261 1694/1895/2261 1695/1896/2261
f 1696/1897/2262 1688/1888/2262 1053/1206/2262
f 1697/1898/2263 1675/1893/2263 1019/1157/2263
f 1697/1898/2264 1019/1157/2264 1022/1161/2264
f 1696/1897/2265 1053/1206/2265 1009/1145/2265
f 1698/1899/2266 1699/1900/2266 1700/1901/2266
f 1660/1859/2267 1696/1897/2267 1009/1145/2267
f 1701/1902/2268 1697/1898/2268 1022/1161/2268
f 1660/1859/2269 1009/1145/2269 1008/1144/2269
f 1698/1899/2270 1689/1903/2270 1699/1900/2270
f 1180/1346/2271 1181/1347/2271 1695/1896/2271
f 1180/1346/2272 1695/1896/2272 1702/1904/2272
f 1703/1905/2273 1700/1901/2273 1704/1906/2273
f 1645/1844/2274 1008/1144/2274 1013/1149/2274
f 1701/1902/2275 1022/1161/2275 1025/1166/2275
f 1149/1314/2276 1134/1299/2276 1705/1907/2276
f 1645/1844/2277 1660/1859/2277 1008/1144/2277
f 1703/1905/2278 1698/1899/2278 1700/1901/2278
f 1654/1853/2279 1013/1149/2279 1016/1152/2279
f 1706/1908/2280 1702/1904/2280 1707/1909/2280
f 1654/1853/2281 1645/1844/2281 1013/1149/2281
f 1703/1905/2282 1704/1906/2282 1708/1910/2282
f 1709/1911/2283 1701/1902/2283 1025/1166/2283
f 1635/1834/2284 1654/1853/2284 1016/1152/2284
f 1709/1911/2285 1025/1166/2285 1028/1169/2285
f 1635/1834/2286 1016/1152/2286 1020/1158/2286
f 1646/1845/2287 1635/1834/2287 1020/1158/2287
f 1706/1908/2288 1180/1346/2288 1702/1904/2288
f 1646/1845/2289 1020/1158/2289 1023/1162/2289
f 1154/1320/2290 1705/1907/2290 1710/1912/2290
f 1711/1913/2291 1707/1909/2291 1712/1914/2291
f 1646/1845/2292 1023/1162/2292 1027/1168/2292
f 1709/1911/2293 1028/1169/2293 1031/1172/2293
f 1713/1915/2294 1708/1910/2294 1714/1916/2294
f 1638/1837/2295 1646/1845/2295 1027/1168/2295
f 1638/1837/2296 1027/1168/2296 1030/1171/2296
f 1154/1320/2297 1149/1314/2297 1705/1907/2297
f 1639/1838/2298 1030/1171/2298 1033/1174/2298
f 1711/1913/2299 1706/1908/2299 1707/1909/2299
f 1639/1838/2300 1638/1837/2300 1030/1171/2300
f 1715/1917/2301 1639/1838/2301 1033/1174/2301
f 1716/1918/2302 1031/1172/2302 1034/1175/2302
f 1713/1915/2303 1703/1905/2303 1708/1910/2303
f 1711/1913/2304 1712/1914/2304 1717/1919/2304
f 1718/1920/2305 1714/1916/2305 1719/1921/2305
f 1204/1370/2306 1154/1320/2306 1710/1912/2306
f 1716/1918/2307 1709/1911/2307 1031/1172/2307
f 1718/1920/2308 1713/1915/2308 1714/1916/2308
f 1155/1321/2309 1710/1912/2309 1720/1922/2309
f 1718/1920/2310 1719/1921/2310 1721/1923/2310
f 1722/1924/2311 1716/1918/2311 1034/1175/2311
f 1722/1924/2312 1034/1175/2312 1041/1189/2312
f 1155/1321/2313 1204/1370/2313 1710/1912/2313
f 1690/1890/2314 1711/1913/2314 1717/1919/2314
f 1690/1890/2315 1717/1919/2315 1691/1891/2315
f 1187/1353/2316 1720/1922/2316 1692/1892/2316
f 1722/1925/2317 1041/1926/2317 1047/1200/2317
f 1693/1894/2318 1721/1923/2318 1015/1151/2318
f 1187/1353/2319 1155/1321/2319 1720/1922/2319
f 1688/1888/2320 1722/1925/2320 1047/1200/2320
f 1689/1889/2321 1691/1891/2321 1699/1927/2321
f 1688/1888/2322 1047/1200/2322 1050/1203/2322
f 1693/1894/2323 1718/1920/2323 1721/1923/2323
f 1181/1347/2324 1692/1892/2324 1694/1895/2324
f 1675/1893/2325 1015/1151/2325 1019/1157/2325
f 1118/1283/2326 1723/1928/2326 1724/1929/2326
f 1118/1283/2327 1120/1285/2327 1723/1928/2327
f 1712/1914/2328 1707/1909/2328 1725/1930/2328
f 1126/1291/2329 1724/1929/2329 1726/1931/2329
f 1126/1291/2330 1118/1283/2330 1724/1929/2330
f 1712/1914/2331 1725/1930/2331 1727/1932/2331
f 1045/1196/2332 851/1197/2332 1728/1933/2332
f 1127/1292/2333 1726/1931/2333 1729/1934/2333
f 1127/1292/2334 1126/1291/2334 1726/1931/2334
f 1730/1935/2335 1731/1936/2335 1732/1937/2335
f 1091/1251/2336 1728/1933/2336 1733/1938/2336
f 1091/1251/2337 1045/1196/2337 1728/1933/2337
f 1717/1919/2338 1712/1914/2338 1727/1932/2338
f 1717/1919/2339 1727/1932/2339 1734/1939/2339
f 1717/1919/2340 1734/1939/2340 1731/1936/2340
f 1125/1290/2341 1729/1934/2341 1735/1940/2341
f 1125/1290/2342 1127/1292/2342 1729/1934/2342
f 1095/1255/2343 1733/1938/2343 1736/1941/2343
f 1095/1255/2344 1091/1251/2344 1733/1938/2344
f 1691/1891/2345 1717/1919/2345 1731/1936/2345
f 1135/1300/2346 1735/1940/2346 1737/1942/2346
f 1135/1300/2347 1125/1290/2347 1735/1940/2347
f 1691/1891/2348 1731/1936/2348 1730/1935/2348
f 1098/1258/2349 1736/1941/2349 1738/1943/2349
f 1098/1258/2350 1095/1255/2350 1736/1941/2350
f 1132/1297/2351 1737/1942/2351 1739/1944/2351
f 1699/1900/2352 1691/1945/2352 1730/1946/2352
f 1699/1900/2353 1730/1946/2353 1740/1947/2353
f 1132/1297/2354 1135/1300/2354 1737/1942/2354
f 1099/1948/2355 1738/1949/2355 1741/1950/2355
f 1099/1259/2356 1098/1258/2356 1738/1943/2356
f 1700/1901/2357 1740/1947/2357 1742/1951/2357
f 1133/1298/2358 1739/1944/2358 1743/1952/2358
f 1700/1901/2359 1699/1900/2359 1740/1947/2359
f 1133/1298/2360 1132/1297/2360 1739/1944/2360
f 1103/1953/2361 1741/1950/2361 1744/1954/2361
f 1103/1263/2362 1099/1259/2362 1741/1955/2362
f 1704/1906/2363 1742/1951/2363 1745/1956/2363
f 1134/1299/2364 1743/1952/2364 1746/1957/2364
f 1704/1906/2365 1700/1901/2365 1742/1951/2365
f 1134/1299/2366 1133/1298/2366 1743/1952/2366
f 1105/1265/2367 1744/1958/2367 1747/1959/2367
f 1105/1265/2368 1103/1263/2368 1744/1958/2368
f 1705/1907/2369 1746/1957/2369 1748/1960/2369
f 1708/1910/2370 1745/1956/2370 1749/1961/2370
f 1705/1907/2371 1134/1299/2371 1746/1957/2371
f 1708/1910/2372 1704/1906/2372 1745/1956/2372
f 1750/1962/2373 1751/1963/2373 1752/1964/2373
f 1710/1912/2374 1705/1907/2374 1748/1960/2374
f 1710/1912/2375 1748/1960/2375 1753/1965/2375
f 1714/1916/2376 1749/1961/2376 1754/1966/2376
f 1111/1271/2377 1747/1967/2377 1751/1963/2377
f 1714/1916/2378 1708/1910/2378 1749/1961/2378
f 1720/1922/2379 1710/1912/2379 1753/1965/2379
f 1111/1276/2380 1105/1265/2380 1747/1959/2380
f 1720/1922/2381 1753/1965/2381 1755/1968/2381
f 1719/1921/2382 1754/1966/2382 1756/1969/2382
f 1719/1921/2383 1714/1916/2383 1754/1966/2383
f 1692/1892/2384 1720/1922/2384 1755/1968/2384
f 1721/1923/2385 1756/1969/2385 1757/1970/2385
f 1692/1892/2386 1755/1968/2386 1758/1971/2386
f 1721/1923/2387 1719/1921/2387 1756/1969/2387
f 1015/1151/2388 1721/1923/2388 1757/1970/2388
f 1015/1151/2389 1757/1970/2389 759/865/2389
f 1694/1895/2390 1692/1892/2390 1758/1971/2390
f 1694/1895/2391 1758/1971/2391 1759/1972/2391
f 1112/1272/2392 1111/1271/2392 1751/1963/2392
f 1112/1272/2393 1751/1963/2393 1750/1962/2393
f 1695/1896/2394 1694/1895/2394 1759/1972/2394
f 1695/1896/2395 1759/1972/2395 1760/1973/2395
f 1725/1930/2396 1761/1974/2396 1762/1975/2396
f 1702/1904/2397 1695/1896/2397 1760/1973/2397
f 1702/1904/2398 1760/1973/2398 1761/1974/2398
f 1110/1270/2399 1750/1962/2399 1763/1976/2399
f 1110/1270/2400 1763/1976/2400 1764/1977/2400
f 1110/1270/2401 1112/1272/2401 1750/1962/2401
f 1723/1928/2402 1765/1978/2402 1766/1979/2402
f 1707/1909/2403 1761/1974/2403 1725/1930/2403
f 1707/1909/2404 1702/1904/2404 1761/1974/2404
f 1119/1284/2405 1764/1977/2405 1767/1980/2405
f 1119/1284/2406 1767/1980/2406 1765/1978/2406
f 1119/1284/2407 1110/1270/2407 1764/1977/2407
f 1120/1285/2408 1119/1284/2408 1765/1978/2408
f 1120/1285/2409 1765/1978/2409 1723/1928/2409
f 1768/1981/2410 1769/1982/2410 1770/1983/2410
f 1771/1984/2411 1772/1985/2411 1773/1986/2411
f 1771/1984/2412 1773/1986/2412 1774/1987/2412
f 1775/1988/2413 1776/1989/2413 1777/1990/2413
f 1778/1991/2414 1760/1973/2414 1759/1972/2414
f 1778/1991/2415 1779/1992/2415 1760/1973/2415
f 1780/1993/2416 1781/1994/2416 1782/1995/2416
f 1783/1996/2417 1772/1985/2417 1771/1984/2417
f 1784/1997/2418 1785/1998/2418 1779/1992/2418
f 1783/1996/2419 1786/1999/2419 1772/1985/2419
f 1784/1997/2420 1779/1992/2420 1778/1991/2420
f 1787/2000/2421 1782/2001/2421 1785/1998/2421
f 1787/2000/2422 1785/1998/2422 1784/1997/2422
f 1788/2002/2423 1775/1988/2423 1789/2003/2423
f 1788/2002/2424 1776/1989/2424 1775/1988/2424
f 1788/2002/2425 1790/2004/2425 1776/1989/2425
f 1791/2005/2426 1774/1987/2426 1733/2006/2426
f 1791/2005/2427 1733/2006/2427 1728/2007/2427
f 1792/2008/2428 1759/1972/2428 1758/1971/2428
f 1793/2009/2429 1794/2010/2429 1786/1999/2429
f 1792/2008/2430 1778/1991/2430 1759/1972/2430
f 1793/2009/2431 1786/1999/2431 1783/1996/2431
f 1795/2011/2432 1780/1993/2432 1782/1995/2432
f 1795/2011/2432 1782/1995/2432 1787/2012/2432
f 1791/2005/2433 851/976/2433 853/978/2433
f 1791/2005/2434 1728/2007/2434 851/976/2434
f 1796/2013/2435 1780/1993/2435 1795/2011/2435
f 1796/2013/2436 1797/2014/2436 1780/1993/2436
f 1768/1981/2437 1798/2015/2437 1799/2016/2437
f 1800/2017/2438 1784/1997/2438 1778/1991/2438
f 1800/2017/2439 1778/1991/2439 1792/2008/2439
f 1801/2018/2440 1802/2019/2440 1794/2010/2440
f 1801/2018/2441 1794/2010/2441 1793/2009/2441
f 1796/2013/2442 1789/2003/2442 1797/2014/2442
f 1803/2020/2443 1771/1984/2443 1774/1987/2443
f 1804/2021/2444 1784/1997/2444 1800/2017/2444
f 1803/2020/2445 1774/1987/2445 1791/2005/2445
f 1804/2021/2446 1787/2000/2446 1784/1997/2446
f 1805/2022/2447 1802/2019/2447 1801/2018/2447
f 1805/2022/2448 1770/1983/2448 1802/2019/2448
f 1788/2002/2449 1789/2003/2449 1796/2013/2449
f 1803/2020/2450 1791/2005/2450 853/978/2450
f 1806/2023/2451 1792/2008/2451 1758/1971/2451
f 1806/2023/2452 1758/1971/2452 1755/1968/2452
f 1807/2024/2453 1771/1984/2453 1803/2020/2453
f 1795/2025/2454 1787/2000/2454 1804/2021/2454
f 1807/2024/2455 1783/1996/2455 1771/1984/2455
f 1808/2026/2456 1770/1983/2456 1805/2022/2456
f 1808/2026/2457 1768/1981/2457 1770/1983/2457
f 1809/2027/2458 1796/2013/2458 1795/2011/2458
f 1808/2026/2459 1798/2015/2459 1768/1981/2459
f 1807/2024/2460 853/978/2460 857/982/2460
f 1810/2028/2461 1800/2017/2461 1792/2008/2461
f 1807/2024/2462 1803/2020/2462 853/978/2462
f 1810/2028/2463 1792/2008/2463 1806/2023/2463
f 1793/2009/2464 1783/1996/2464 1807/2024/2464
f 1808/2026/2465 1811/2029/2465 1798/2015/2465
f 1793/2009/2466 857/982/2466 879/1007/2466
f 1793/2009/2467 1807/2024/2467 857/982/2467
f 1812/2030/2468 1800/2017/2468 1810/2028/2468
f 1812/2030/2469 1804/2021/2469 1800/2017/2469
f 1813/2031/2470 1796/2013/2470 1809/2027/2470
f 1801/2018/2471 879/1007/2471 870/996/2471
f 1813/2031/2472 1814/2032/2472 1790/2004/2472
f 1813/2031/2473 1790/2004/2473 1788/2002/2473
f 1801/2018/2474 1793/2009/2474 879/1007/2474
f 1813/2031/2475 1788/2002/2475 1796/2013/2475
f 1815/2033/2476 1806/2023/2476 1755/1968/2476
f 1815/2033/2477 1755/1968/2477 1753/1965/2477
f 1805/2022/2478 870/996/2478 869/995/2478
f 1805/2022/2479 1801/2018/2479 870/996/2479
f 1816/2034/2480 1795/2011/2480 1804/2035/2480
f 1808/2026/2481 869/995/2481 877/1003/2481
f 1808/2026/2482 1805/2022/2482 869/995/2482
f 1808/2026/2483 877/1003/2483 1811/2029/2483
f 1816/2036/2484 1804/2021/2484 1812/2030/2484
f 1817/2037/2485 1795/2011/2485 1816/2034/2485
f 1817/2037/2486 1809/2027/2486 1795/2011/2486
f 1818/2038/2487 1806/2023/2487 1815/2033/2487
f 1818/2038/2488 1810/2028/2488 1806/2023/2488
f 1819/2039/2489 1820/2040/2489 1821/2041/2489
f 1822/2042/2490 1819/2039/2490 1821/2041/2490
f 1823/2043/2491 1812/2030/2491 1810/2028/2491
f 1823/2043/2492 1810/2028/2492 1818/2038/2492
f 1824/2044/2493 1819/2039/2493 1822/2042/2493
f 1813/2031/2494 1809/2027/2494 1817/2037/2494
f 1825/2045/2495 1815/2033/2495 1753/1965/2495
f 1825/2045/2496 1753/1965/2496 1748/1960/2496
f 1826/2046/2497 1816/2036/2497 1812/2030/2497
f 1826/2046/2498 1812/2030/2498 1823/2043/2498
f 1827/2047/2499 1817/2037/2499 1816/2034/2499
f 1827/2047/2500 1816/2034/2500 1826/2048/2500
f 1777/1990/2501 1828/2049/2501 1829/2050/2501
f 1777/1990/2502 1830/2051/2502 1828/2049/2502
f 1777/1990/2503 1824/2044/2503 1830/2051/2503
f 1777/1990/2504 1819/2039/2504 1824/2044/2504
f 1831/2052/2505 1815/2033/2505 1825/2045/2505
f 1831/2052/2506 1818/2038/2506 1815/2033/2506
f 1832/2053/2507 1817/2037/2507 1827/2047/2507
f 1833/2054/2508 1823/2043/2508 1818/2038/2508
f 1833/2054/2509 1818/2038/2509 1831/2052/2509
f 1834/2055/2510 1814/2032/2510 1813/2031/2510
f 1834/2055/2511 1813/2031/2511 1817/2037/2511
f 1834/2055/2512 1817/2037/2512 1832/2053/2512
f 1835/2056/2513 1748/1960/2513 1746/1957/2513
f 1835/2056/2514 1825/2045/2514 1748/1960/2514
f 1826/2046/2515 1823/2043/2515 1833/2054/2515
f 1836/2057/2516 1825/2045/2516 1835/2056/2516
f 1836/2057/2517 1831/2052/2517 1825/2045/2517
f 1835/2056/2518 1746/1957/2518 1743/1952/2518
f 1837/2058/2519 1833/2054/2519 1831/2052/2519
f 1837/2058/2519 1831/2052/2519 1836/2057/2519
f 1834/2055/2520 1838/2059/2520 1814/2032/2520
f 1839/2060/2521 1833/2054/2521 1837/2058/2521
f 1839/2060/2522 1826/2046/2522 1833/2054/2522
f 1840/2061/2523 1827/2062/2523 1826/2046/2523
f 1840/2061/2524 1826/2046/2524 1839/2060/2524
f 1841/2063/2525 1835/2056/2525 1743/1952/2525
f 1841/2063/2526 1743/1952/2526 1739/1944/2526
f 1842/2064/2527 1827/2047/2527 1840/2065/2527
f 1842/2064/2528 1832/2053/2528 1827/2047/2528
f 1843/2066/2529 1834/2055/2529 1832/2053/2529
f 1843/2066/2530 1838/2059/2530 1834/2055/2530
f 1843/2066/2531 1832/2053/2531 1842/2064/2531
f 1844/2067/2532 1836/2057/2532 1835/2056/2532
f 1844/2067/2533 1835/2056/2533 1841/2063/2533
f 1845/2068/2534 1836/2057/2534 1844/2067/2534
f 1845/2068/2535 1837/2058/2535 1836/2057/2535
f 1846/2069/2536 1841/2063/2536 1739/1944/2536
f 1846/2069/2537 1739/1944/2537 1737/1942/2537
f 1847/2070/2538 1837/2058/2538 1845/2068/2538
f 1847/2070/2539 1839/2060/2539 1837/2058/2539
f 1848/2071/2540 1849/2072/2540 1850/2073/2540
f 1851/2074/2541 1848/2071/2541 1850/2073/2541
f 1852/2075/2542 1840/2061/2542 1839/2060/2542
f 1852/2075/2543 1839/2060/2543 1847/2070/2543
f 1853/2076/2544 1848/2071/2544 1851/2074/2544
f 1854/2077/2545 1841/2063/2545 1846/2069/2545
f 1854/2077/2546 1844/2067/2546 1841/2063/2546
f 1852/2078/2547 1842/2079/2547 1840/2080/2547
f 1855/2081/2548 1845/2068/2548 1844/2067/2548
f 1855/2081/2549 1844/2067/2549 1854/2077/2549
f 1856/2082/2550 1843/2083/2550 1842/2079/2550
f 1856/2082/2551 1838/2084/2551 1843/2083/2551
f 1856/2082/2552 1842/2079/2552 1852/2078/2552
f 1857/2085/2553 1848/2071/2553 1853/2076/2553
f 1857/2085/2554 1858/2086/2554 1859/2087/2554
f 1857/2085/2555 1860/2088/2555 1858/2086/2555
f 1857/2085/2556 1853/2076/2556 1860/2088/2556
f 1861/2089/2557 1737/1942/2557 1735/1940/2557
f 1861/2089/2558 1846/2069/2558 1737/1942/2558
f 1847/2070/2559 1845/2068/2559 1855/2081/2559
f 1856/2082/2560 1862/2090/2560 1838/2084/2560
f 1863/2091/2561 1852/2078/2561 1847/2092/2561
f 1864/2093/2562 1854/2077/2562 1846/2069/2562
f 1864/2093/2563 1846/2069/2563 1861/2089/2563
f 1865/2094/2564 1852/2078/2564 1863/2091/2564
f 1866/2095/2565 1854/2077/2565 1864/2093/2565
f 1866/2095/2566 1855/2081/2566 1854/2077/2566
f 1856/2082/2567 1852/2078/2567 1865/2094/2567
f 1867/2096/2568 1735/1940/2568 1729/1934/2568
f 1867/2096/2569 1861/2089/2569 1735/1940/2569
f 1868/2097/2570 760/866/2570 759/865/2570
f 1869/2098/2571 1855/2081/2571 1866/2095/2571
f 1869/2098/2572 1847/2070/2572 1855/2081/2572
f 1868/2097/2573 759/865/2573 1757/1970/2573
f 1863/2099/2574 1847/2070/2574 1869/2098/2574
f 1870/2100/2575 760/866/2575 1868/2097/2575
f 1871/2101/2576 1861/2089/2576 1867/2096/2576
f 1871/2101/2577 1864/2093/2577 1861/2089/2577
f 778/886/2578 760/866/2578 1870/2100/2578
f 1872/2102/2579 1864/2093/2579 1871/2101/2579
f 1872/2102/2580 1866/2095/2580 1864/2093/2580
f 1873/2103/2581 1856/2082/2581 1865/2094/2581
f 1873/2103/2582 1862/2090/2582 1856/2082/2582
f 1874/2104/2583 1868/2097/2583 1757/1970/2583
f 1874/2104/2584 1757/1970/2584 1756/1969/2584
f 1873/2103/2585 1875/2105/2585 1862/2090/2585
f 1876/2106/2586 1729/1934/2586 1726/1931/2586
f 1876/2106/2587 1867/2096/2587 1729/1934/2587
f 1869/2098/2588 1866/2095/2588 1872/2102/2588
f 1877/2107/2589 1863/2091/2589 1869/2108/2589
f 1878/2109/2590 1870/2100/2590 1868/2097/2590
f 1878/2109/2591 1868/2097/2591 1874/2104/2591
f 1879/2110/2592 1867/2096/2592 1876/2106/2592
f 1879/2110/2593 1871/2101/2593 1867/2096/2593
f 1877/2107/2594 1865/2094/2594 1863/2091/2594
f 1880/2111/2595 788/896/2595 783/891/2595
f 1881/2112/2596 1872/2102/2596 1871/2101/2596
f 1881/2112/2597 1871/2101/2597 1879/2110/2597
f 1873/2103/2598 1865/2094/2598 1877/2107/2598
f 1882/2113/2599 778/886/2599 1870/2100/2599
f 1882/2113/2600 1870/2100/2600 1878/2109/2600
f 1883/2114/2601 1756/1969/2601 1754/1966/2601
f 1884/2115/2602 1876/2106/2602 1726/1931/2602
f 1884/2115/2603 1726/1931/2603 1724/1929/2603
f 1883/2114/2604 1874/2104/2604 1756/1969/2604
f 788/896/2605 1885/2116/2605 789/897/2605
f 1881/2112/2606 1869/2098/2606 1872/2102/2606
f 1886/2117/2607 778/886/2607 1882/2113/2607
f 1886/2117/2608 781/889/2608 778/886/2608
f 1887/2118/2609 1869/2108/2609 1881/2119/2609
f 1887/2118/2610 1877/2107/2610 1869/2108/2610
f 1888/2120/2611 1876/2106/2611 1884/2115/2611
f 1889/2121/2612 1878/2109/2612 1874/2104/2612
f 1888/2120/2613 1879/2110/2613 1876/2106/2613
f 1889/2121/2614 1874/2104/2614 1883/2114/2614
f 1886/2117/2615 783/891/2615 781/889/2615
f 1883/2114/2616 1754/1966/2616 1749/1961/2616
f 1890/2122/2617 1879/2110/2617 1888/2120/2617
f 1880/2111/2618 783/891/2618 1886/2117/2618
f 1891/2123/2619 1882/2113/2619 1878/2109/2619
f 1891/2123/2620 1878/2109/2620 1889/2121/2620
f 1890/2122/2621 1881/2112/2621 1879/2110/2621
f 1892/2124/2622 1877/2107/2622 1887/2118/2622
f 1892/2124/2623 1875/2105/2623 1873/2103/2623
f 1892/2124/2624 1873/2103/2624 1877/2107/2624
f 1893/2125/2625 1724/1929/2625 1723/1928/2625
f 1894/2126/2626 1885/2116/2626 788/896/2626
f 1894/2126/2627 1895/2127/2627 1885/2116/2627
f 1893/2125/2628 1884/2115/2628 1724/1929/2628
f 1894/2126/2629 788/896/2629 1880/2111/2629
f 1896/2128/2630 1881/2119/2630 1890/2129/2630
f 1897/2130/2631 1886/2117/2631 1882/2113/2631
f 1897/2130/2632 1882/2113/2632 1891/2123/2632
f 1898/2131/2633 1881/2119/2633 1896/2128/2633
f 1898/2131/2634 1887/2118/2634 1881/2119/2634
f 1899/2132/2635 1884/2115/2635 1893/2125/2635
f 1899/2132/2636 1888/2120/2636 1884/2115/2636
f 1900/2133/2637 1886/2117/2637 1897/2130/2637
f 1901/2134/2638 1883/2114/2638 1749/1961/2638
f 1901/2134/2639 1749/1961/2639 1745/1956/2639
f 1902/2135/2640 1887/2118/2640 1898/2131/2640
f 1903/2136/2641 1886/2117/2641 1900/2133/2641
f 1903/2136/2642 1880/2111/2642 1886/2117/2642
f 1904/2137/2643 1890/2122/2643 1888/2120/2643
f 1904/2137/2644 1888/2120/2644 1899/2132/2644
f 1892/2124/2645 1887/2118/2645 1902/2135/2645
f 1892/2124/2646 1905/2138/2646 1875/2105/2646
f 1894/2126/2647 1906/2139/2647 1895/2127/2647
f 1894/2126/2648 1880/2111/2648 1903/2136/2648
f 1907/2140/2649 1723/1928/2649 1766/1979/2649
f 1907/2140/2650 1893/2125/2650 1723/1928/2650
f 1908/2141/2651 1883/2114/2651 1901/2134/2651
f 1908/2141/2652 1889/2121/2652 1883/2114/2652
f 1904/2142/2653 1909/2143/2653 1910/2144/2653
f 1896/2128/2654 1890/2129/2654 1904/2142/2654
f 1911/2145/2655 1899/2132/2655 1893/2125/2655
f 1911/2145/2656 1893/2125/2656 1907/2140/2656
f 1912/2146/2657 1891/2123/2657 1889/2121/2657
f 1896/2128/2658 1904/2142/2658 1910/2144/2658
f 1912/2146/2659 1889/2121/2659 1908/2141/2659
f 1909/2143/2660 1904/2142/2660 1899/2147/2660
f 1909/2143/2661 1899/2147/2661 1911/2148/2661
f 1913/2149/2662 1848/2071/2662 1905/2138/2662
f 1914/2150/2663 1901/2134/2663 1745/1956/2663
f 1913/2149/2664 1905/2138/2664 1892/2124/2664
f 1914/2150/2665 1745/1956/2665 1742/1951/2665
f 1913/2149/2666 1892/2124/2666 1902/2135/2666
f 1915/2151/2667 1897/2130/2667 1891/2123/2667
f 1915/2151/2668 1891/2123/2668 1912/2146/2668
f 1894/2126/2669 1916/2152/2669 1906/2139/2669
f 1917/2153/2670 1896/2128/2670 1910/2144/2670
f 1918/2154/2671 1900/2133/2671 1897/2130/2671
f 1919/2155/2672 1896/2128/2672 1917/2153/2672
f 1918/2154/2673 1897/2130/2673 1915/2151/2673
f 1919/2155/2674 1920/2156/2674 1921/2157/2674
f 1919/2155/2675 1922/2158/2675 1920/2156/2675
f 1919/2155/2676 1917/2153/2676 1922/2158/2676
f 1919/2155/2677 1898/2131/2677 1896/2128/2677
f 1923/2159/2678 1902/2135/2678 1898/2131/2678
f 1923/2159/2679 1919/2155/2679 1921/2157/2679
f 1924/2160/2680 1901/2134/2680 1914/2150/2680
f 1924/2160/2681 1908/2141/2681 1901/2134/2681
f 1923/2159/2682 1898/2131/2682 1919/2155/2682
f 1925/2161/2683 1903/2136/2683 1900/2133/2683
f 1925/2161/2684 1900/2133/2684 1918/2154/2684
f 1913/2149/2685 1902/2135/2685 1923/2159/2685
f 1912/2146/2686 1908/2141/2686 1924/2160/2686
f 1926/2162/2687 1903/2136/2687 1925/2161/2687
f 1913/2149/2688 1923/2159/2688 1927/2163/2688
f 1849/2072/2689 1848/2071/2689 1913/2149/2689
f 1849/2072/2690 1913/2149/2690 1927/2163/2690
f 1926/2162/2691 1916/2152/2691 1894/2126/2691
f 1926/2162/2692 1894/2126/2692 1903/2136/2692
f 1751/2164/2693 1928/2165/2693 1752/2166/2693
f 1929/2167/2694 1928/2165/2694 1751/2164/2694
f 1930/2168/2695 1742/1951/2695 1740/1947/2695
f 1930/2168/2696 1914/2150/2696 1742/1951/2696
f 1926/2162/2697 1931/2169/2697 1916/2152/2697
f 1932/2170/2698 1928/2165/2698 1929/2167/2698
f 1932/2170/2699 1933/2171/2699 1928/2165/2699
f 1934/2172/2700 1924/2160/2700 1914/2150/2700
f 1934/2172/2701 1914/2150/2701 1930/2168/2701
f 1935/2173/2702 1933/2171/2702 1932/2170/2702
f 1935/2173/2703 1936/2174/2703 1937/2175/2703
f 1935/2173/2704 1937/2175/2704 1933/2171/2704
f 1938/2176/2705 1912/2146/2705 1924/2160/2705
f 1938/2176/2706 1924/2160/2706 1934/2172/2706
f 1939/2177/2707 1940/2178/2707 1941/2179/2707
f 1939/2177/2708 1859/2087/2708 1942/2180/2708
f 1943/2181/2709 1930/2168/2709 1740/1947/2709
f 1939/2177/2710 1942/2180/2710 1940/2178/2710
f 1943/2181/2711 1740/1947/2711 1730/1946/2711
f 1939/2177/2712 1857/2085/2712 1859/2087/2712
f 1944/2182/2713 1929/2167/2713 1751/2164/2713
f 1944/2182/2714 1751/2164/2714 1747/2183/2714
f 1945/2184/2715 1912/2146/2715 1938/2176/2715
f 1946/2185/2716 1936/2174/2716 1935/2173/2716
f 1945/2184/2717 1915/2151/2717 1912/2146/2717
f 1946/2185/2718 1947/2186/2718 1936/2174/2718
f 1939/2177/2719 1948/2187/2719 1857/2085/2719
f 1949/2188/2720 1934/2172/2720 1930/2168/2720
f 1950/2189/2721 1951/2190/2721 1952/2191/2721
f 1949/2188/2722 1930/2168/2722 1943/2181/2722
f 1950/2189/2723 1952/2191/2723 1947/2186/2723
f 1950/2189/2724 1947/2186/2724 1946/2185/2724
f 1945/2184/2725 1918/2154/2725 1915/2151/2725
f 1953/2192/2726 1932/2170/2726 1929/2167/2726
f 1953/2192/2727 1929/2167/2727 1944/2182/2727
f 1950/2189/2728 1941/2179/2728 1951/2190/2728
f 1954/2193/2729 1918/2154/2729 1945/2184/2729
f 1954/2193/2730 1925/2161/2730 1918/2154/2730
f 1955/2194/2731 1938/2176/2731 1934/2172/2731
f 1955/2194/2732 1934/2172/2732 1949/2188/2732
f 1935/2173/2733 1932/2170/2733 1953/2192/2733
f 1956/2195/2734 1943/2181/2734 1730/1946/2734
f 1956/2195/2735 1730/1946/2735 1732/2196/2735
f 1954/2193/2736 1957/2197/2736 1931/2169/2736
f 1939/2177/2737 1941/2179/2737 1950/2189/2737
f 1954/2193/2738 1926/2162/2738 1925/2161/2738
f 1954/2193/2739 1931/2169/2739 1926/2162/2739
f 1958/2198/2740 1747/2183/2740 1744/1954/2740
f 1958/2198/2741 1944/2182/2741 1747/2183/2741
f 1955/2194/2742 1959/2199/2742 1960/2200/2742
f 1939/2177/2743 1961/2201/2743 1948/2187/2743
f 1962/2202/2744 1938/2176/2744 1955/2194/2744
f 1962/2202/2745 1945/2184/2745 1938/2176/2745
f 1963/2203/2746 1944/2182/2746 1958/2198/2746
f 1964/2204/2747 1949/2188/2747 1943/2181/2747
f 1964/2204/2748 1943/2181/2748 1956/2195/2748
f 1963/2203/2749 1953/2192/2749 1944/2182/2749
f 1962/2202/2750 1955/2194/2750 1960/2200/2750
f 1965/2205/2751 1950/2189/2751 1946/2185/2751
f 1966/2206/2752 1950/2189/2752 1965/2205/2752
f 1967/2207/2753 1945/2184/2753 1962/2202/2753
f 1968/2208/2754 1935/2173/2754 1953/2192/2754
f 1968/2208/2755 1953/2192/2755 1963/2203/2755
f 1959/2199/2756 1955/2194/2756 1949/2188/2756
f 1959/2199/2757 1949/2188/2757 1964/2204/2757
f 1967/2207/2758 1954/2193/2758 1945/2184/2758
f 1966/2206/2759 1939/2177/2759 1950/2189/2759
f 1966/2206/2760 1961/2201/2760 1939/2177/2760
f 1969/2209/2761 1744/1954/2761 1741/1950/2761
f 1969/2209/2762 1958/2198/2762 1744/1954/2762
f 1970/2210/2763 1971/2211/2763 1957/2197/2763
f 1970/2210/2764 1957/2197/2764 1954/2193/2764
f 1970/2210/2765 1954/2193/2765 1967/2207/2765
f 1972/2212/2766 1935/2173/2766 1968/2208/2766
f 1973/2213/2767 1962/2202/2767 1960/2200/2767
f 1972/2212/2768 1946/2185/2768 1935/2173/2768
f 1974/2214/2769 1967/2207/2769 1962/2202/2769
f 1974/2214/2770 1962/2202/2770 1973/2213/2770
f 1975/2215/2771 1963/2203/2771 1958/2198/2771
f 1974/2214/2772 1976/2216/2772 1977/2217/2772
f 1974/2214/2773 1978/2218/2773 1976/2216/2773
f 1974/2214/2774 1973/2213/2774 1978/2218/2774
f 1975/2215/2775 1958/2198/2775 1969/2209/2775
f 1979/2219/2776 1967/2207/2776 1974/2214/2776
f 1979/2219/2777 1974/2214/2777 1977/2217/2777
f 1965/2205/2778 1946/2185/2778 1972/2212/2778
f 1970/2210/2779 1819/2039/2779 1971/2211/2779
f 1970/2210/2780 1967/2207/2780 1979/2219/2780
f 1970/2210/2781 1979/2219/2781 1980/2220/2781
f 1981/2221/2782 1968/2208/2782 1963/2203/2782
f 1820/2040/2783 1819/2039/2783 1970/2210/2783
f 1820/2040/2784 1970/2210/2784 1980/2220/2784
f 1761/1974/2785 1982/2222/2785 1762/1975/2785
f 1981/2221/2786 1963/2203/2786 1975/2215/2786
f 1773/1986/2787 1741/1950/2787 1738/1949/2787
f 1773/1986/2788 1969/2209/2788 1741/1950/2788
f 1966/2206/2789 1983/2223/2789 1961/2201/2789
f 1984/2224/2790 1982/2222/2790 1761/1974/2790
f 1972/2212/2791 1968/2208/2791 1981/2221/2791
f 1985/2225/2792 1986/2226/2792 1982/2227/2792
f 1772/1985/2793 1975/2215/2793 1969/2209/2793
f 1985/2228/2794 1982/2222/2794 1984/2224/2794
f 1772/1985/2795 1969/2209/2795 1773/1986/2795
f 1781/1994/2796 1987/2229/2796 1988/2230/2796
f 1769/1982/2797 1965/2205/2797 1972/2212/2797
f 1781/1994/2798 1988/2230/2798 1986/2226/2798
f 1781/1994/2799 1986/2226/2799 1985/2225/2799
f 1769/1982/2800 1966/2206/2800 1965/2205/2800
f 1786/1999/2801 1981/2221/2801 1975/2215/2801
f 1786/1999/2802 1975/2215/2802 1772/1985/2802
f 1773/1986/2803 1738/1949/2803 1736/2231/2803
f 1768/1981/2804 1966/2206/2804 1769/1982/2804
f 1775/1988/2805 1989/2232/2805 1990/2233/2805
f 1775/1988/2806 1990/2233/2806 1991/2234/2806
f 1768/1981/2807 1992/2235/2807 1983/2223/2807
f 1768/1981/2808 1983/2223/2808 1966/2206/2808
f 1775/1988/2809 1777/1990/2809 1829/2050/2809
f 1775/1988/2810 1829/2050/2810 1989/2232/2810
f 1779/1992/2811 1984/2224/2811 1761/1974/2811
f 1779/1992/2812 1761/1974/2812 1760/1973/2812
f 1794/2010/2813 1981/2221/2813 1786/1999/2813
f 1780/1993/2814 1993/2236/2814 1987/2229/2814
f 1794/2010/2815 1972/2212/2815 1981/2221/2815
f 1780/1993/2816 1987/2229/2816 1781/1994/2816
f 1797/2014/2817 1994/2237/2817 1993/2236/2817
f 1797/2014/2818 1993/2236/2818 1780/1993/2818
f 1797/2014/2819 1995/2238/2819 1994/2237/2819
f 1802/2019/2820 1972/2212/2820 1794/2010/2820
f 1785/1998/2821 1985/2228/2821 1984/2224/2821
f 1802/2019/2822 1769/1982/2822 1972/2212/2822
f 1785/1998/2823 1984/2224/2823 1779/1992/2823
f 1774/1987/2824 1773/1986/2824 1736/2231/2824
f 1774/1987/2825 1736/2231/2825 1733/2006/2825
f 1789/2003/2826 1995/2238/2826 1797/2014/2826
f 1789/2003/2827 1991/2234/2827 1995/2238/2827
f 1770/1983/2828 1769/1982/2828 1802/2019/2828
f 1782/1995/2829 1781/1994/2829 1985/2225/2829
f 1782/1995/2830 1985/2225/2830 1785/2239/2830
f 1775/1988/2831 1991/2234/2831 1789/2003/2831
f 1768/1981/2832 1799/2016/2832 1992/2235/2832
f 729/833/2833 728/832/2833 1996/2240/2833
f 1997/2241/2834 1996/2240/2834 1998/2242/2834
f 1997/2241/2835 729/833/2835 1996/2240/2835
f 1999/2243/2836 1997/2241/2836 1998/2242/2836
f 1999/2244/2837 1998/2245/2837 2000/2246/2837
f 2001/2247/2838 2000/2246/2838 2002/2248/2838
f 2001/2247/2839 1999/2244/2839 2000/2246/2839
f 1764/2249/2840 2001/2247/2840 2002/2248/2840
f 1764/2250/2841 2002/2251/2841 2003/2252/2841
f 2004/2253/2842 1764/2250/2842 2003/2252/2842
f 2004/2253/2843 2003/2252/2843 2005/2254/2843
f 718/813/2844 2004/2253/2844 2005/2254/2844
f 718/813/2845 2005/2254/2845 719/814/2845
f 2006/2255/2846 715/810/2846 2007/2256/2846
f 2006/2255/2847 716/811/2847 715/810/2847
f 2008/2257/2848 2007/2256/2848 2009/2258/2848
f 2008/2257/2849 2006/2255/2849 2007/2256/2849
f 2010/2259/2850 2008/2260/2850 2009/789/2850
f 2010/2261/2851 2009/2262/2851 2011/2263/2851
f 2012/2264/2852 2010/2265/2852 2011/2266/2852
f 2012/2267/2853 2011/2263/2853 2013/2268/2853
f 2014/2269/2854 2012/2270/2854 2013/2271/2854
f 2014/2269/2855 2013/2271/2855 2015/2272/2855
f 704/795/2856 2014/2269/2856 2015/2272/2856
f 704/795/2857 2015/2272/2857 705/796/2857
f 2016/2273/2852 700/2274/2852 702/2275/2852
f 2016/2276/2858 702/793/2858 2017/2277/2858
f 2018/2278/2859 2016/2279/2859 2017/2280/2859
f 2018/2278/2860 2017/2280/2860 2019/2281/2860
f 2020/2282/2861 2018/2278/2861 2019/2281/2861
f 2020/2282/2862 2019/2281/2862 2021/2283/2862
f 2022/2284/2863 2020/2282/2863 2021/2283/2863
f 2022/2284/2864 2021/2283/2864 2023/2285/2864
f 2024/2286/2865 2022/2284/2865 2023/2285/2865
f 2024/2287/2866 2023/2288/2866 2025/2289/2866
f 691/776/2867 2024/2287/2867 2025/2289/2867
f 691/776/2868 2025/2289/2868 692/777/2868
f 689/774/2869 688/773/2869 2026/2290/2869
f 2027/2291/2870 689/774/2870 2026/2290/2870
f 2027/2291/2871 2026/2290/2871 2028/2292/2871
f 2029/2293/2872 2028/2294/2872 2030/2295/2872
f 2029/2296/2873 2027/2291/2873 2028/2292/2873
f 2031/2297/2874 2029/2293/2874 2030/2295/2874
f 2032/2298/2875 2030/2295/2875 2033/2299/2875
f 2032/2298/2876 2031/2297/2876 2030/2295/2876
f 2034/2300/2877 2032/2298/2877 2033/2299/2877
f 2034/2301/2878 2033/2302/2878 2035/2303/2878
f 2034/2301/2879 2035/2303/2879 678/754/2879
f 680/756/2880 2034/2301/2880 678/754/2880
f 2036/2304/2881 675/751/2881 676/752/2881
f 2036/2304/2882 2037/2305/2882 675/751/2882
f 2038/2306/2883 2037/2305/2883 2036/2304/2883
f 2038/2306/2884 2039/2307/2884 2037/2305/2884
f 2040/2308/2885 2039/2307/2885 2038/2306/2885
f 2040/2308/2886 2041/2309/2886 2039/2307/2886
f 2042/2310/2887 2041/2311/2887 2040/2312/2887
f 2042/2310/2888 2043/2313/2888 2041/2311/2888
f 2044/2314/2889 2043/2313/2889 2042/2310/2889
f 2044/2314/2890 2045/2315/2890 2043/2313/2890
f 2046/2316/2891 2045/2315/2891 2044/2314/2891
f 2047/2317/2892 2048/2318/2892 2045/2315/2892
f 2047/2317/2893 2045/2315/2893 2046/2316/2893
f 2049/2319/2894 2048/2320/2894 2047/2321/2894
f 2049/2319/2895 2050/2322/2895 2048/2320/2896
f 2051/2323/2897 2050/2322/2897 2049/2319/2897
f 2051/2323/2898 658/730/2898 2050/2322/2898
f 659/731/2899 658/730/2899 2051/2323/2899
f 2052/2324/2900 2053/2325/2900 2054/2326/2900
f 2052/2324/2900 2054/2326/2900 2055/2327/2900
f 1320/2328/2901 2052/2324/2901 2055/2327/2901
f 2056/2329/2902 1336/2330/2902 2057/2331/2902
f 2058/2332/2903 2059/2333/2903 2060/2334/2903
f 2061/2335/2904 2059/2333/2904 2058/2332/2904
f 2062/2336/2904 2061/2335/2904 2058/2332/2904
f 2063/2337/2905 2064/2338/2905 2065/2339/2905
f 1585/1778/2906 624/696/2906 100/102/2906
f 2063/2337/2907 2065/2339/2907 127/133/2907
f 1585/1778/2908 100/102/2908 99/101/2908
f 68/70/2909 65/67/2909 119/124/2909
f 1581/1774/2910 99/105/2910 101/104/2910
f 1581/1774/2911 1585/1780/2911 99/105/2911
f 2066/2340/2912 2067/2341/2912 2064/2338/2912
f 2066/2340/2913 2064/2338/2913 2063/2337/2913
f 1577/1770/2914 101/104/2914 105/110/2914
f 1577/1770/2915 1581/1774/2915 101/104/2915
f 67/69/2916 2068/2342/2916 2069/2343/2916
f 67/69/2917 119/124/2917 2068/2342/2917
f 67/69/2918 68/70/2918 119/124/2918
f 1573/1766/2919 105/110/2919 110/115/2919
f 1573/1766/2920 1577/1770/2920 105/110/2920
f 2070/2344/2921 2067/2341/2921 2066/2340/2921
f 1570/1763/2922 110/115/2922 111/116/2922
f 67/69/2923 2069/2343/2924 2071/2345/2923
f 1570/1763/2925 1573/1766/2925 110/115/2925
f 2070/2344/2926 67/69/2926 2071/2345/2926
f 2070/2344/2927 2072/2346/2927 2067/2341/2927
f 2070/2344/2928 2071/2345/2928 2072/2346/2928
f 64/66/2929 111/116/2929 113/118/2929
f 64/66/2930 1570/1763/2930 111/116/2930
f 65/67/2931 113/118/2931 120/125/2931
f 65/67/2932 64/66/2932 113/118/2932
f 65/67/2933 120/125/2933 119/124/2933
f 614/2347/2934 613/2348/2934 2073/2349/2934
f 186/2350/2935 614/2347/2935 2073/2349/2935
f 2074/2351/2936 186/2350/2936 2073/2349/2936
f 2074/2351/2937 2073/2349/2937 2075/2352/2937
f 2076/2353/2938 2074/2351/2938 2075/2352/2938
f 2076/2353/2939 2075/2352/2939 2077/2354/2939
f 2078/2355/2940 2076/2353/2940 2077/2354/2940
f 2078/2356/2941 2077/2357/2941 2079/2358/2941
f 2080/2359/2942 2078/2356/2942 2079/2358/2942
f 2080/2359/2943 2079/2358/2943 2081/2360/2943
f 2082/2361/2944 2080/2359/2944 2081/2360/2944
f 2082/2361/2945 2081/2360/2945 601/2362/2945
f 600/2363/2946 2082/2361/2946 601/2362/2946
f 2083/2364/2947 598/2365/2947 599/2366/2947
f 2083/2364/2948 599/2366/2948 2084/2367/2948
f 2085/2368/2949 2083/2364/2949 2084/2367/2949
f 2085/2368/2950 2084/2367/2950 2086/2369/2950
f 2087/2370/2951 2085/2368/2951 2086/2369/2951
f 2088/2371/2952 2086/2372/2952 2089/2373/2952
f 2088/2374/2953 2087/2370/2953 2086/2369/2953
f 2090/2375/2954 2089/2373/2954 2091/2376/2954
f 2090/2375/2955 2088/2371/2955 2089/2373/2955
f 2092/2377/2956 2090/2375/2956 2091/2376/2956
f 2092/2377/2957 2091/2376/2957 587/2378/2957
f 586/2379/2958 2092/2377/2958 587/2378/2958
f 2093/2380/2959 585/2381/2959 2094/2382/2959
f 2093/2380/2960 584/2383/2960 585/2381/2960
f 2095/2384/2961 2094/2382/2961 2096/2385/2961
f 2095/2384/2962 2093/2380/2962 2094/2382/2962
f 2097/2386/2963 2095/2384/2963 2096/2385/2963
f 2097/2386/2964 2096/2385/2964 2098/2387/2964
f 2099/2388/2965 2097/2386/2965 2098/2387/2965
f 2100/2389/2966 2098/2390/2966 2101/2391/2966
f 2100/2389/2967 2099/2392/2967 2098/2390/2967
f 2102/2393/2968 2101/2391/2968 574/2394/2968
f 2102/2393/2969 2100/2389/2969 2101/2391/2969
f 573/2395/2970 2102/2393/2970 574/2394/2970
f 544/604/2971 543/603/2971 2103/2396/2971
f 544/604/2972 2104/2397/2972 1/606/2972
f 2105/2398/2973 2103/2396/2973 2106/2399/2973
f 2105/2398/2974 544/604/2974 2103/2396/2974
f 2105/2398/2975 2107/2400/2975 2104/2397/2975
f 2105/2398/2976 2104/2397/2976 544/604/2976
f 2105/2398/2977 2106/2399/2977 2108/2401/2977
f 2105/2398/2978 2109/2402/2978 2107/2400/2978
f 2110/2403/2979 2105/2398/2979 2108/2401/2979
f 2110/2403/2980 2108/2401/2980 2111/2404/2980
f 2110/2403/2981 2112/2405/2981 2109/2402/2981
f 2110/2403/2982 2109/2402/2982 2105/2398/2982
f 2110/2403/2983 2113/2406/2983 2112/2405/2983
f 2110/2403/2984 2111/2404/2984 2114/2407/2984
f 2110/2403/2985 2115/2408/2985 2113/2406/2985
f 2116/2409/2986 2110/2403/2986 2114/2407/2986
f 2116/2409/2987 2114/2407/2987 2117/2410/2987
f 2116/2409/2988 2115/2408/2988 2110/2403/2988
f 2116/2409/2989 2118/2411/2989 2115/2408/2989
f 2116/2409/2990 2117/2410/2990 2119/2412/2990
f 2120/2413/2991 2118/2411/2991 2116/2409/2991
f 2120/2413/2992 2121/2414/2992 2118/2411/2992
f 2120/2413/2993 2116/2409/2993 2119/2412/2993
f 2120/2413/2994 2119/2412/2994 2122/2415/2994
f 2120/2413/2995 2123/2416/2995 2121/2414/2995
f 2124/2417/2996 2122/2415/2996 2125/2418/2996
f 2124/2417/2997 2120/2413/2997 2122/2415/2997
f 2124/2417/2998 2123/2416/2998 2120/2413/2998
f 2124/2417/2999 2126/2419/2999 2123/2416/2999
f 2124/2417/3000 2125/2418/3000 2127/2420/3000
f 2124/2417/3001 2128/2421/3001 2126/2419/3001
f 2129/2422/3002 2124/2417/3002 2127/2420/3002
f 2129/2422/3003 2127/2420/3003 2130/2423/3003
f 2129/2422/3004 2128/2421/3004 2124/2417/3004
f 2129/2422/3005 2131/2424/3005 2128/2421/3005
f 2129/2422/3006 2132/2425/3006 2131/2424/3006
f 2129/2422/3007 2130/2423/3007 2133/2426/3007
f 2129/2422/3008 2134/2427/3008 2132/2425/3008
f 2135/2428/3009 2129/2422/3009 2133/2426/3009
f 2135/2428/3010 2134/2427/3010 2129/2422/3010
f 2135/2428/3011 2136/2429/3011 2134/2427/3011
f 2135/2428/3012 2133/2426/3012 2137/2430/3012
f 2135/2428/3013 2138/2431/3013 2136/2429/3013
f 2139/2432/3014 547/608/3014 546/607/3014
f 2139/2432/3015 2135/2428/3015 2137/2430/3015
f 2139/2432/3016 2137/2430/3016 547/608/3016
f 2139/2432/3017 546/607/3017 552/615/3017
f 2139/2432/3018 2138/2431/3018 2135/2428/3018
f 2139/2432/3019 552/615/3019 2138/2431/3019
f 498/2433/3020 474/2434/3020 491/2435/3020
f 2140/2436/3021 2141/2437/3021 2142/2438/3021
f 2140/2436/3022 2143/2439/3022 2141/2437/3022
f 2144/2440/3023 516/574/3023 515/573/3023
f 2144/2441/3024 2145/2442/3024 516/2443/3024
f 2146/2444/3025 2142/2438/3025 2147/2445/3025
f 2145/2446/3026 2144/2440/3026 2148/2447/3026
f 2146/2444/3027 2140/2436/3027 2142/2438/3027
f 2149/2448/3028 2148/2447/3028 2150/2449/3028
f 2149/2448/3029 2145/2446/3029 2148/2447/3029
f 2151/2450/3030 2147/2445/3030 2152/2451/3030
f 2151/2450/3031 2146/2444/3031 2147/2445/3031
f 2153/2452/3032 2150/2449/3032 2154/2453/3032
f 2153/2452/3033 2149/2448/3033 2150/2449/3033
f 2155/2454/3034 2154/2453/3034 2156/2455/3034
f 2155/2454/3035 2153/2452/3035 2154/2453/3035
f 2157/2456/3036 2152/2451/3036 474/2457/3036
f 2157/2456/3037 2151/2450/3037 2152/2451/3037
f 2158/2458/3038 2156/2455/3038 2159/2459/3038
f 2158/2458/3039 2155/2454/3039 2156/2455/3039
f 2160/2460/3040 2159/2459/3040 2161/2461/3040
f 474/2434/3041 498/2433/3041 2157/2462/3041
f 2160/2460/3042 2158/2458/3042 2159/2459/3042
f 2162/2463/3043 2161/2461/3043 2163/2464/3043
f 2162/2463/3044 2160/2460/3044 2161/2461/3044
f 2164/2465/3045 2163/2464/3045 2165/2466/3045
f 2164/2465/3046 2162/2463/3046 2163/2464/3046
f 2166/2467/3047 2165/2466/3047 2167/2468/3047
f 2166/2467/3048 2164/2465/3048 2165/2466/3048
f 2168/2469/3049 2167/2468/3049 2169/2470/3049
f 2168/2469/3050 2166/2467/3050 2167/2468/3050
f 2170/2471/3051 2169/2470/3051 2171/2472/3051
f 2170/2471/3052 2168/2469/3052 2169/2470/3052
f 2143/2439/3053 2171/2472/3053 2141/2437/3053
f 2143/2439/3054 2170/2471/3054 2171/2472/3054
f 2172/2473/3055 2173/2474/3055 2174/2475/3055
f 2175/2476/3056 2176/2459/3056 2177/2455/3056
f 2175/2476/3057 2177/2455/3057 2178/2453/3057
f 2175/2476/3058 2179/2477/3058 2176/2459/3058
f 2175/2476/3059 2174/2475/3059 2179/2477/3059
f 2180/2478/3060 2181/2479/3060 2182/2480/3060
f 2180/2478/3061 2182/2480/3061 2172/2473/3061
f 2180/2478/3062 2172/2473/3062 2174/2475/3062
f 2180/2478/3063 2174/2475/3063 2175/2476/3063
f 2183/2481/3064 2175/2476/3064 2178/2453/3064
f 2184/2482/3065 2175/2476/3065 2183/2481/3065
f 2180/2478/3066 2175/2476/3066 2184/2482/3066
f 2185/2483/3067 2186/2451/3067 2187/2445/3067
f 2188/2484/3068 2183/2481/3068 2148/2447/3068
f 2188/2484/3069 2184/2482/3069 2183/2481/3069
f 2189/2485/3070 2190/2486/3070 2181/2479/3070
f 2189/2485/3071 2181/2479/3071 2180/2478/3071
f 2189/2485/3072 2180/2478/3072 2184/2482/3072
f 2189/2485/3073 2184/2482/3073 2188/2484/3073
f 2189/2485/3074 515/573/3074 510/568/3074
f 2189/2485/3075 2188/2484/3075 515/573/3075
f 2189/2485/3076 510/568/3076 2190/2486/3076
f 2191/562/3077 2190/2486/3077 510/568/3077
f 2142/2438/3078 2192/2437/3078 2193/2487/3078
f 2142/2438/3079 2185/2483/3079 2187/2445/3079
f 2174/2475/3080 2194/2468/3080 2195/2466/3080
f 2174/2475/3081 2195/2466/3081 2163/2464/3081
f 2174/2475/3082 2196/2488/3082 2194/2468/3082
f 2173/2474/3083 2193/2487/3083 2196/2488/3083
f 2173/2474/3084 2196/2488/3084 2174/2475/3084
f 2172/2473/3085 2182/2480/3085 2185/2483/3085
f 2172/2473/3086 2185/2483/3086 2142/2438/3086
f 2172/2473/3087 2193/2487/3087 2173/2474/3087
f 2172/2473/3088 2142/2438/3088 2193/2487/3088
f 2179/2477/3089 2163/2464/3089 2197/2461/3089
f 2179/2477/3090 2197/2461/3090 2176/2459/3090
f 2179/2477/3091 2174/2475/3091 2163/2464/3091
f 2198/2489/3092 2199/2490/3092 2200/2491/3092
f 2201/2492/3093 2202/2493/3093 2203/2494/3093
f 2201/2492/3094 2203/2494/3094 2204/2495/3094
f 2205/2496/3095 2206/2497/3095 2207/2498/3095
f 2205/2496/3096 2208/2499/3096 2206/2497/3096
f 2209/2500/3097 2202/2501/3097 2201/2502/3097
f 2210/2503/3098 2211/2504/3098 2199/2490/3098
f 2205/2496/3099 2212/2505/3099 2208/2499/3099
f 2210/2503/3100 2199/2490/3100 2198/2489/3100
f 2213/2506/3101 2214/2507/3101 2215/2508/3101
f 2213/2506/3102 2215/2508/3102 2216/2509/3102
f 2217/2510/3103 2212/2505/3103 2205/2496/3103
f 2217/2510/3104 2204/2495/3104 2212/2505/3104
f 2218/2511/3105 2219/2512/3105 2211/2504/3105
f 2218/2513/3106 2211/2514/3106 2210/2515/3106
f 2213/2506/3107 2220/2516/3107 2214/2507/3107
f 2217/2510/3108 2201/2492/3108 2204/2495/3108
f 2221/2517/3109 2205/2496/3109 2207/2498/3109
f 2221/2517/3110 2207/2498/3110 2222/2518/3110
f 2223/2519/3111 2224/2520/3111 2225/2521/3111
f 2226/2522/3112 2209/2500/3112 2201/2502/3112
f 2223/2519/3113 2227/2523/3113 2224/2520/3113
f 2226/2522/3114 2201/2502/3114 2217/2524/3114
f 2228/2525/3115 2229/2526/3115 2230/2527/3115
f 2231/2528/3116 2232/2529/3116 2219/2530/3116
f 2231/2528/3117 2219/2530/3117 2218/2531/3117
f 2226/2522/3118 2216/2509/3118 2209/2500/3118
f 2223/2519/3119 214/2532/3119 336/2533/3119
f 2233/2534/3120 2217/2510/3120 2205/2496/3120
f 2223/2519/3121 2225/2521/3121 214/2532/3121
f 2233/2534/3122 2205/2496/3122 2221/2517/3122
f 2234/2535/3123 2198/2489/3123 2227/2523/3123
f 2213/2506/3124 2216/2509/3124 2226/2522/3124
f 2234/2535/3125 2227/2523/3125 2223/2519/3125
f 2235/2536/3126 2236/2537/3126 2232/2529/3126
f 2235/2536/3127 2232/2529/3127 2231/2528/3127
f 2234/2535/3128 2223/2519/3128 336/2533/3128
f 2237/2538/3129 2221/2517/3129 2222/2518/3129
f 2238/2539/3130 2236/2537/3130 2235/2536/3130
f 2237/2538/3131 2222/2518/3131 2239/2540/3131
f 2238/2539/3132 2228/2525/3132 2236/2537/3132
f 2238/2539/3133 2229/2526/3133 2228/2525/3133
f 2240/2541/3134 2210/2503/3134 2198/2489/3134
f 2241/2542/3135 2226/2522/3135 2217/2524/3135
f 2240/2541/3136 2198/2489/3136 2234/2535/3136
f 2241/2542/3137 2217/2524/3137 2233/2543/3137
f 2242/2544/3138 2221/2517/3138 2237/2538/3138
f 2240/2541/3139 336/2533/3139 339/2545/3139
f 2240/2541/3140 2234/2535/3140 336/2533/3140
f 2218/2511/3141 2210/2503/3141 2240/2541/3141
f 2243/2546/3142 2233/2534/3142 2221/2517/3142
f 2238/2539/3143 2244/2547/3143 2229/2526/3143
f 2243/2546/3144 2221/2517/3144 2242/2544/3144
f 2218/2531/3145 2240/2548/3145 339/376/3145
f 2245/2549/3146 2246/2550/3146 2220/2516/3146
f 2245/2549/3147 2220/2516/3147 2213/2506/3147
f 2245/2549/3148 2213/2506/3148 2226/2522/3148
f 2245/2549/3149 2226/2522/3149 2241/2542/3149
f 2231/2528/3150 339/376/3150 347/383/3150
f 2231/2528/3151 2218/2531/3151 339/376/3151
f 2247/2551/3152 2233/2543/3152 2243/2552/3152
f 2235/2536/3153 2231/2528/3153 347/383/3153
f 2235/2536/3154 347/383/3154 360/398/3154
f 2248/2553/3155 2237/2538/3155 2239/2540/3155
f 2248/2553/3156 2239/2540/3156 2249/2554/3156
f 2238/2539/3157 2235/2536/3157 360/398/3157
f 2238/2539/3158 360/398/3158 351/387/3158
f 2238/2539/3159 351/387/3159 353/389/3159
f 2238/2539/3160 353/389/3160 2244/2547/3160
f 2250/2555/3161 2241/2542/3161 2233/2543/3161
f 2250/2555/3162 2233/2543/3162 2247/2551/3162
f 2251/2556/3163 2242/2544/3163 2237/2538/3163
f 2251/2556/3164 2237/2538/3164 2248/2553/3164
f 2252/2557/3165 2253/2558/3165 2254/2559/3165
f 2252/2557/3166 2255/2560/3166 2253/2558/3166
f 2256/2561/3167 2252/2557/3167 2254/2559/3167
f 2257/2562/3168 2252/2557/3168 2256/2561/3168
f 2258/2563/3169 2242/2544/3169 2251/2556/3169
f 2258/2563/3170 2243/2546/3170 2242/2544/3170
f 2259/2564/3171 2252/2557/3171 2257/2562/3171
f 2245/2549/3172 2241/2542/3172 2250/2555/3172
f 2245/2549/3173 2260/2565/3173 2246/2550/3173
f 2261/2566/3174 2247/2551/3174 2243/2552/3174
f 2261/2566/3175 2243/2552/3175 2258/2567/3175
f 2262/2568/3176 2248/2553/3176 2249/2554/3176
f 2262/2568/3177 2249/2554/3177 2263/2569/3177
f 2264/2570/3178 2247/2551/3178 2261/2566/3178
f 2264/2570/3179 2250/2555/3179 2247/2551/3179
f 2265/2571/3180 2248/2553/3180 2262/2568/3180
f 2265/2571/3181 2251/2556/3181 2248/2553/3181
f 2266/2572/3182 2267/2573/3182 2268/2574/3182
f 2266/2572/3183 2269/2575/3183 2267/2573/3183
f 2266/2572/3184 2270/2576/3184 2269/2575/3184
f 2266/2572/3185 2259/2564/3185 2270/2576/3185
f 2266/2572/3186 2252/2557/3186 2259/2564/3186
f 2271/2577/3187 2250/2555/3187 2264/2570/3187
f 2272/2578/3188 2258/2563/3188 2251/2556/3188
f 2272/2578/3189 2251/2556/3189 2265/2571/3189
f 2273/2579/3190 2274/2580/3190 2260/2565/3190
f 2273/2579/3191 2245/2549/3191 2250/2555/3191
f 2273/2579/3192 2260/2565/3192 2245/2549/3192
f 2273/2579/3193 2250/2555/3193 2271/2577/3193
f 2275/2581/3194 2258/2567/3194 2272/2582/3194
f 2275/2581/3195 2261/2566/3195 2258/2567/3195
f 2276/2583/3196 2262/2568/3196 2263/2569/3196
f 2276/2583/3197 2263/2569/3197 2277/2584/3197
f 2264/2570/3198 2261/2566/3198 2275/2581/3198
f 2278/2585/3199 2262/2568/3199 2276/2583/3199
f 2278/2585/3200 2265/2571/3200 2262/2568/3200
f 2276/2583/3201 2277/2584/3201 2279/2586/3201
f 2280/2587/3202 2265/2571/3202 2278/2585/3202
f 2280/2587/3203 2272/2578/3203 2265/2571/3203
f 2273/2579/3204 2281/2588/3204 2274/2580/3204
f 2282/2589/3205 2275/2581/3205 2272/2582/3205
f 2282/2589/3206 2272/2582/3206 2280/2590/3206
f 2283/2591/3207 2264/2570/3207 2275/2581/3207
f 2283/2591/3208 2275/2581/3208 2282/2589/3208
f 2284/2592/3209 2271/2577/3209 2264/2570/3209
f 2284/2592/3210 2264/2570/3210 2283/2591/3210
f 2285/2593/3211 2276/2594/3211 2279/2595/3211
f 2285/2593/3212 2279/2595/3212 2286/2596/3212
f 2287/2597/3213 2271/2577/3213 2284/2592/3213
f 2287/2597/3214 2288/2598/3214 2281/2588/3214
f 2287/2597/3215 2273/2579/3215 2271/2577/3215
f 2287/2597/3216 2281/2588/3216 2273/2579/3216
f 2289/2599/3217 2276/2594/3217 2285/2593/3217
f 2289/2599/3218 2278/2600/3218 2276/2594/3218
f 2290/2601/3219 2278/2600/3219 2289/2599/3219
f 2290/2601/3220 2280/2602/3220 2278/2600/3220
f 2291/2603/3221 2280/2590/3221 2290/2604/3221
f 2291/2603/3222 2282/2589/3222 2280/2590/3222
f 2292/2605/3223 2293/2606/3223 2294/2607/3223
f 2292/2605/3224 2295/2608/3224 2293/2606/3224
f 2296/2609/3225 2292/2605/3225 2294/2607/3225
f 2297/2610/3226 2285/2593/3226 2286/2596/3226
f 2297/2610/3227 2286/2596/3227 2298/2611/3227
f 2299/2612/3228 2292/2605/3228 2296/2609/3228
f 2287/2597/3229 2300/2613/3229 2288/2598/3229
f 2301/2614/3230 2283/2591/3230 2282/2589/3230
f 2301/2614/3231 2282/2589/3231 2291/2603/3231
f 2302/2615/3232 2292/2605/3232 2299/2612/3232
f 2303/2616/3233 2285/2593/3233 2297/2610/3233
f 2303/2616/3234 2289/2599/3234 2285/2593/3234
f 2301/2614/3235 2284/2592/3235 2283/2591/3235
f 2304/2617/3236 2287/2597/3236 2284/2592/3236
f 2304/2617/3237 2300/2613/3237 2287/2597/3237
f 2304/2617/3238 2284/2592/3238 2301/2614/3238
f 2305/2618/3239 2289/2599/3239 2303/2616/3239
f 2305/2618/3240 2290/2601/3240 2289/2599/3240
f 2306/2619/3241 2307/2620/3241 2308/2621/3241
f 2306/2619/3242 2309/2622/3242 2307/2620/3242
f 2306/2619/3243 2310/2623/3243 2309/2622/3243
f 2306/2619/3244 2302/2615/3244 2310/2623/3244
f 2306/2619/3245 2292/2605/3245 2302/2615/3245
f 2311/2624/3246 2291/2603/3246 2290/2604/3246
f 2311/2624/3247 2290/2604/3247 2305/2625/3247
f 2304/2617/3248 2312/2626/3248 2300/2613/3248
f 2313/2627/3249 2298/2611/3249 2314/2628/3249
f 2313/2627/3250 2297/2610/3250 2298/2611/3250
f 2315/2629/3251 2301/2614/3251 2291/2603/3251
f 2315/2629/3252 2291/2603/3252 2311/2624/3252
f 2316/2630/3253 2303/2616/3253 2297/2610/3253
f 2316/2630/3254 2297/2610/3254 2313/2627/3254
f 2317/2631/3255 2301/2614/3255 2315/2629/3255
f 2304/2617/3256 2301/2614/3256 2317/2631/3256
f 2318/2632/3257 2305/2618/3257 2303/2616/3257
f 2318/2632/3258 2303/2616/3258 2316/2630/3258
f 2304/2617/3259 2319/2633/3259 2312/2626/3259
f 2320/2634/3260 2305/2625/3260 2318/2635/3260
f 2320/2634/3261 2311/2624/3261 2305/2625/3261
f 2321/2636/3262 2314/2628/3262 2322/2637/3262
f 2323/2638/3263 248/264/3263 102/106/3263
f 2321/2636/3264 2313/2627/3264 2314/2628/3264
f 2315/2629/3265 2311/2624/3265 2320/2634/3265
f 2323/2638/3266 102/106/3266 2324/2639/3266
f 2321/2636/3267 2316/2630/3267 2313/2627/3267
f 2325/2640/3268 248/264/3268 2323/2638/3268
f 2326/2641/3269 257/276/3269 248/264/3269
f 2327/2642/3270 2304/2617/3270 2317/2631/3270
f 2326/2641/3271 248/264/3271 2325/2640/3271
f 2327/2642/3272 2319/2633/3272 2304/2617/3272
f 2328/2643/3273 2316/2630/3273 2321/2636/3273
f 2328/2643/3274 2318/2632/3274 2316/2630/3274
f 2329/2644/3275 257/281/3275 2326/2645/3275
f 2327/2642/3276 2330/2646/3276 2319/2633/3276
f 2331/2647/3277 2324/2639/3277 2332/2648/3277
f 2331/2647/3278 2323/2638/3278 2324/2639/3278
f 2328/2649/3279 2320/2634/3279 2318/2635/3279
f 2333/2650/3280 2321/2636/3280 2322/2637/3280
f 2333/2650/3281 2322/2637/3281 2334/2651/3281
f 2335/2652/3282 2315/2629/3282 2320/2634/3282
f 2335/2652/3283 2320/2634/3283 2328/2649/3283
f 263/284/3284 257/281/3284 2329/2644/3284
f 2336/2653/3285 2325/2640/3285 2323/2638/3285
f 2336/2653/3286 2323/2638/3286 2331/2647/3286
f 2335/2652/3287 2317/2631/3287 2315/2629/3287
f 2337/2654/3288 2321/2636/3288 2333/2650/3288
f 2337/2654/3289 2328/2643/3289 2321/2636/3289
f 2327/2642/3290 2317/2631/3290 2335/2652/3290
f 2338/2655/3291 2326/2641/3291 2325/2640/3291
f 2338/2655/3291 2325/2640/3291 2336/2653/3291
f 267/288/3292 2339/2656/3292 268/289/3292
f 2329/2657/3293 2326/2641/3293 2338/2655/3293
f 2340/2658/3294 2334/2651/3294 2341/2659/3294
f 2340/2658/3295 2333/2650/3295 2334/2651/3295
f 2342/2660/3296 2331/2647/3296 2332/2648/3296
f 2342/2660/3297 2332/2648/3297 2343/2661/3297
f 2344/2662/3298 2335/2652/3298 2328/2649/3298
f 2344/2662/3299 2328/2649/3299 2337/2663/3299
f 2345/2664/3300 2333/2650/3300 2340/2658/3300
f 2346/2665/3301 263/284/3301 2329/2644/3301
f 2347/2666/3302 2331/2647/3302 2342/2660/3302
f 2347/2666/3303 2336/2653/3303 2331/2647/3303
f 2346/2665/3304 265/286/3304 263/284/3304
f 2348/2667/3305 2337/2654/3305 2333/2650/3305
f 2342/2660/3306 2343/2661/3306 2349/2668/3306
f 2348/2667/3307 2333/2650/3307 2345/2664/3307
f 2350/2669/3308 2335/2652/3308 2344/2662/3308
f 2350/2669/3309 2351/2670/3309 2330/2646/3309
f 2350/2669/3310 2330/2646/3310 2327/2642/3310
f 2350/2669/3311 2327/2642/3311 2335/2652/3311
f 2352/2671/3312 2336/2653/3312 2347/2666/3312
f 2352/2671/3313 2338/2655/3313 2336/2653/3313
f 2353/2672/3314 2354/2673/3314 2339/2656/3314
f 2353/2672/3315 2339/2656/3315 267/288/3315
f 2353/2672/3316 267/288/3316 265/286/3316
f 2353/2672/3317 265/286/3317 2346/2665/3317
f 2355/2674/3318 2337/2654/3318 2348/2667/3318
f 2356/2675/3319 2338/2655/3319 2352/2671/3319
f 2356/2676/3320 2329/2644/3320 2338/2677/3320
f 2357/2678/3321 2340/2658/3321 2341/2659/3321
f 2357/2678/3322 2341/2659/3322 2358/2679/3322
f 2359/2680/3323 2337/2663/3323 2355/2681/3323
f 2359/2680/3324 2344/2662/3324 2337/2663/3324
f 2360/2682/3325 2346/2665/3325 2329/2644/3325
f 2360/2682/3326 2329/2644/3326 2356/2676/3326
f 2361/2683/3327 2340/2658/3327 2357/2678/3327
f 2361/2683/3328 2345/2664/3328 2340/2658/3328
f 2362/2684/3329 2346/2665/3329 2360/2682/3329
f 2363/2685/3330 2348/2667/3330 2345/2664/3330
f 2363/2685/3331 2345/2664/3331 2361/2683/3331
f 2364/2686/3332 2342/2660/3332 2349/2668/3332
f 2364/2686/3333 2349/2668/3333 2365/2687/3333
f 2350/2669/3334 2344/2662/3334 2359/2680/3334
f 2350/2669/3335 2366/2688/3335 2351/2670/3335
f 2353/2672/3336 2367/2689/3336 2354/2673/3336
f 2353/2672/3337 2346/2665/3337 2362/2684/3337
f 2368/2690/3338 2358/2679/3338 2369/2691/3338
f 2368/2690/3339 2357/2678/3339 2358/2679/3339
f 2370/2692/3340 2347/2666/3340 2342/2660/3340
f 2363/2685/3341 2371/2693/3341 2372/2694/3341
f 2370/2692/3342 2342/2660/3342 2364/2686/3342
f 2373/2695/3343 2348/2667/3343 2363/2685/3343
f 2373/2695/3344 2355/2674/3344 2348/2667/3344
f 2373/2696/3345 2359/2680/3345 2355/2681/3345
f 2373/2695/3346 2363/2685/3346 2372/2694/3346
f 2373/2696/3347 2372/2697/3347 2374/2698/3347
f 2375/2699/3348 2357/2678/3348 2368/2690/3348
f 2375/2699/3349 2361/2683/3349 2357/2678/3349
f 2376/2700/3350 2347/2666/3350 2370/2692/3350
f 2376/2700/3351 2352/2671/3351 2347/2666/3351
f 2377/2701/3352 2359/2680/3352 2373/2696/3352
f 2371/2693/3353 2363/2685/3353 2361/2683/3353
f 2371/2693/3354 2361/2683/3354 2375/2699/3354
f 2378/2702/3355 2350/2669/3355 2359/2680/3355
f 2378/2702/3356 2379/2703/3356 2366/2688/3356
f 2380/2704/3357 2356/2675/3357 2352/2671/3357
f 2378/2702/3358 2366/2688/3358 2350/2669/3358
f 2378/2702/3359 2359/2680/3359 2377/2701/3359
f 2380/2704/3360 2352/2671/3360 2376/2700/3360
f 2353/2672/3361 2381/2705/3361 2367/2689/3361
f 2382/2706/3362 2365/2687/3362 2383/2707/3362
f 2382/2706/3363 2364/2686/3363 2365/2687/3363
f 2384/2708/3364 2373/2696/3364 2374/2698/3364
f 2385/2709/3365 2360/2682/3365 2356/2676/3365
f 2377/2701/3366 2373/2696/3366 2384/2708/3366
f 2385/2709/3367 2356/2676/3367 2380/2710/3367
f 2377/2701/3368 2386/2711/3368 2387/2712/3368
f 2377/2701/3369 2388/2713/3369 2386/2711/3369
f 2377/2701/3370 2384/2708/3370 2388/2713/3370
f 2378/2702/3371 2377/2701/3371 2387/2712/3371
f 2378/2702/3372 2292/2605/3372 2379/2703/3372
f 2382/2706/3373 2370/2692/3373 2364/2686/3373
f 2385/2709/3374 2362/2684/3374 2360/2682/3374
f 2378/2702/3375 2295/2608/3375 2292/2605/3375
f 2378/2702/3376 2389/2714/3376 2295/2608/3376
f 2378/2702/3377 2387/2712/3377 2389/2714/3377
f 2390/2715/3378 2362/2684/3378 2385/2709/3378
f 2390/2715/3379 2381/2705/3379 2353/2672/3379
f 2390/2715/3380 2353/2672/3380 2362/2684/3380
f 2391/2716/3381 2392/2717/3381 2393/2718/3381
f 2394/2719/3382 2370/2692/3382 2382/2706/3382
f 2391/2716/3383 2393/2718/3383 2395/2720/3383
f 2394/2719/3384 2376/2700/3384 2370/2692/3384
f 2396/2721/3385 2392/2717/3385 2391/2716/3385
f 2390/2715/3386 2397/2722/3386 2381/2705/3386
f 2394/2719/3387 2380/2704/3387 2376/2700/3387
f 2398/2723/3388 2383/2707/3388 2399/2724/3388
f 2400/2725/3389 2401/2726/3389 2392/2717/3389
f 2400/2725/3390 2392/2717/3390 2396/2721/3390
f 2398/2723/3391 2382/2706/3391 2383/2707/3391
f 2402/2727/3392 2385/2709/3392 2380/2710/3392
f 2402/2727/3393 2380/2710/3393 2394/2728/3393
f 2403/2729/3394 2401/2726/3394 2400/2725/3394
f 2403/2729/3395 2404/2730/3395 2401/2726/3395
f 2403/2731/3396 2405/2732/3396 2404/2733/3396
f 2406/2734/3397 2306/2619/3397 2308/2621/3397
f 2406/2734/3398 2308/2621/3398 2407/2735/3398
f 2406/2734/3399 2408/2736/3399 2306/2619/3399
f 2409/2737/3400 2382/2706/3400 2398/2723/3400
f 2406/2734/3401 2410/2738/3401 2411/2739/3401
f 2406/2734/3402 2407/2735/3402 2410/2738/3402
f 2412/2740/3403 2395/2720/3403 2413/2741/3403
f 2409/2737/3400 2394/2719/3400 2382/2706/3400
f 2412/2740/3404 2391/2716/3404 2395/2720/3404
f 2414/2742/3405 2405/2732/3405 2403/2731/3405
f 2390/2715/3406 2385/2709/3406 2402/2727/3406
f 2414/2742/3407 2415/2743/3407 2405/2732/3407
f 2412/2740/3408 2396/2721/3408 2391/2716/3408
f 2416/2744/3409 2398/2723/3409 2399/2724/3409
f 2414/2742/3410 2417/2745/3410 2415/2743/3410
f 2416/2744/3411 2399/2724/3411 2418/2746/3411
f 2414/2742/3412 2411/2739/3412 2417/2745/3412
f 2406/2734/3413 2411/2739/3413 2414/2742/3413
f 2419/2747/3414 2400/2725/3414 2396/2721/3414
f 2420/2748/3415 2402/2727/3415 2394/2728/3415
f 2420/2748/3416 2394/2728/3416 2409/2749/3416
f 2419/2747/3417 2396/2721/3417 2412/2740/3417
f 2406/2734/3418 2421/2750/3418 2408/2736/3418
f 2422/2751/3419 2398/2723/3419 2416/2744/3419
f 2419/2747/3420 2403/2729/3420 2400/2725/3420
f 2423/2752/3421 2413/2741/3421 2424/2753/3421
f 2423/2752/3422 2412/2740/3422 2413/2741/3422
f 2425/2754/3423 2414/2742/3423 2403/2731/3423
f 2425/2754/3424 2403/2731/3424 2419/2755/3424
f 2426/2756/3425 2409/2737/3425 2398/2723/3425
f 2426/2756/3426 2398/2723/3426 2422/2751/3426
f 2427/2757/3427 2428/2758/3427 2397/2722/3427
f 2427/2757/3428 2402/2727/3428 2420/2748/3428
f 2427/2757/3429 2390/2715/3429 2402/2727/3429
f 2427/2757/3430 2397/2722/3430 2390/2715/3430
f 2429/2759/3431 2416/2744/3431 2418/2746/3431
f 2430/2760/3432 2412/2740/3432 2423/2752/3432
f 2429/2759/3433 2418/2746/3433 2431/2761/3433
f 2430/2760/3434 2419/2747/3434 2412/2740/3434
f 2426/2756/3435 2432/2762/3435 2433/2763/3435
f 2434/2764/3436 2409/2737/3436 2426/2756/3436
f 2435/2765/3437 2414/2742/3437 2425/2754/3437
f 2435/2765/3438 2421/2750/3438 2406/2734/3438
f 2435/2765/3439 2406/2734/3439 2414/2742/3439
f 2434/2766/3440 2433/2767/3440 2436/2768/3440
f 2434/2764/3441 2426/2756/3441 2433/2763/3441
f 2437/2769/3442 2422/2751/3442 2416/2744/3442
f 2437/2769/3443 2416/2744/3443 2429/2759/3443
f 2438/2770/3444 2424/2753/3444 2439/2771/3444
f 2434/2766/3445 2420/2748/3445 2409/2749/3445
f 2438/2770/3446 2423/2752/3446 2424/2753/3446
f 2440/2772/3447 2425/2754/3447 2419/2755/3447
f 2440/2772/3448 2419/2755/3448 2430/2773/3448
f 2441/2774/3449 2420/2748/3449 2434/2766/3449
f 2432/2762/3450 2422/2751/3450 2437/2769/3450
f 2442/2775/3451 2423/2752/3451 2438/2770/3451
f 2432/2762/3452 2426/2756/3452 2422/2751/3452
f 2427/2757/3453 2420/2748/3453 2441/2774/3453
f 2427/2757/3454 2443/2776/3454 2428/2758/3454
f 2444/2777/3455 2423/2752/3455 2442/2775/3455
f 2445/2778/3456 2434/2766/3456 2436/2768/3456
f 2444/2777/3457 2430/2760/3457 2423/2752/3457
f 2441/2774/3458 2445/2778/3458 2446/2779/3458
f 2441/2774/3459 2434/2766/3459 2445/2778/3459
f 2441/2774/3460 2447/2780/3460 2448/2781/3460
f 2435/2765/3461 2425/2754/3461 2440/2772/3461
f 2441/2774/3462 2446/2779/3462 2447/2780/3462
f 2435/2765/3463 2449/2782/3463 2421/2750/3463
f 2427/2757/3464 2252/2557/3464 2443/2776/3464
f 2427/2757/3465 2441/2774/3465 2448/2781/3465
f 2427/2757/3466 2450/2783/3466 2255/2560/3466
f 2427/2757/3467 2448/2781/3467 2450/2783/3467
f 2427/2757/3468 2255/2560/3468 2252/2557/3468
f 2451/2784/3469 2430/2760/3469 2444/2777/3469
f 2200/2491/3470 2439/2771/3470 2452/2785/3470
f 2200/2491/3471 2438/2770/3471 2439/2771/3471
f 2453/2786/3472 2454/2787/3472 2455/2788/3472
f 2453/2786/3473 2455/2788/3473 2456/2789/3473
f 2457/2790/3474 2440/2772/3474 2430/2773/3474
f 2457/2790/3475 2430/2773/3475 2451/2791/3475
f 2199/2490/3476 2442/2775/3476 2438/2770/3476
f 2199/2490/3477 2438/2770/3477 2200/2491/3477
f 2458/2792/3478 2454/2787/3478 2453/2786/3478
f 2203/2494/3479 2454/2787/3479 2458/2792/3479
f 2203/2494/3480 2459/2793/3480 2454/2787/3480
f 2211/2504/3481 2444/2777/3481 2442/2775/3481
f 2211/2504/3482 2442/2775/3482 2199/2490/3482
f 2202/2493/3483 2460/2794/3483 2459/2793/3483
f 2202/2501/3484 2461/2795/3484 2460/2796/3484
f 2202/2493/3485 2459/2793/3485 2203/2494/3485
f 2215/2508/3486 2462/2797/3486 2463/2798/3486
f 2215/2508/3487 2464/2799/3487 2462/2797/3487
f 2228/2525/3488 2435/2765/3488 2440/2772/3488
f 2215/2508/3489 2465/2800/3489 2266/2572/3489
f 2228/2525/3490 2449/2782/3490 2435/2765/3490
f 2215/2508/3491 2268/2574/3491 2464/2799/3491
f 2228/2525/3492 2466/2801/3492 2449/2782/3492
f 2215/2508/3493 2266/2572/3493 2268/2574/3493
f 2228/2525/3494 2440/2772/3494 2457/2790/3494
f 2219/2512/3495 2451/2784/3495 2444/2777/3495
f 2219/2512/3496 2444/2777/3496 2211/2504/3496
f 2208/2499/3497 2453/2786/3497 2456/2789/3497
f 2208/2499/3498 2456/2789/3498 2206/2497/3498
f 2200/2491/3499 2452/2785/3499 2467/2802/3499
f 2209/2500/3500 2468/2803/3500 2461/2795/3500
f 2209/2500/3501 2461/2795/3501 2202/2501/3501
f 2232/2529/3502 2457/2790/3502 2451/2791/3502
f 2232/2529/3503 2451/2791/3503 2219/2530/3503
f 2212/2505/3504 2458/2792/3504 2453/2786/3504
f 2212/2505/3505 2453/2786/3505 2208/2499/3505
f 2216/2509/3506 2469/2804/3506 2468/2803/3506
f 2216/2509/3507 2463/2798/3507 2469/2804/3507
f 2216/2509/3508 2468/2803/3508 2209/2500/3508
f 2236/2537/3509 2457/2790/3509 2232/2529/3509
f 2215/2508/3510 2463/2798/3510 2216/2509/3510
f 2227/2523/3511 2200/2491/3511 2467/2802/3511
f 2227/2523/3512 2467/2802/3512 2224/2520/3512
f 2204/2495/3513 2203/2494/3513 2458/2792/3513
f 2204/2495/3514 2458/2792/3514 2212/2505/3514
f 2228/2525/3515 2457/2790/3515 2236/2537/3515
f 2228/2525/3516 2230/2527/3516 2466/2801/3516
f 2198/2489/3517 2200/2491/3517 2227/2523/3517
f 2215/2508/3518 2214/2507/3518 2465/2800/3518
f 2470/2805/3519 2471/2806/3519 2472/2807/3519
f 1387/1564/3520 97/2808/3520 2473/2809/3520
f 1387/1564/3521 96/1566/3521 97/2808/3521
f 1385/1562/3522 2473/2809/3522 2474/2810/3522
f 1385/1562/3523 1387/1564/3523 2473/2809/3523
f 1384/1561/3524 1385/1562/3524 2474/2810/3524
f 2475/2811/3525 2476/2812/3525 2477/2813/3525
f 1377/1554/3526 1382/1559/3526 2478/2814/3526
f 1291/1464/3527 2479/2815/3527 2480/2816/3527
f 1291/1464/3528 2481/2817/3528 2479/2815/3528
f 1291/1464/3529 2482/2818/3529 2481/2817/3529
f 1291/1464/3530 2483/2819/3530 2482/2818/3530
f 1291/1464/3531 1295/1468/3531 2483/2819/3531
f 2484/2820/3532 2485/2821/3532 2486/2822/3532
f 2487/2823/3533 2486/2822/3533 2485/2821/3533
f 2488/2824/3534 2484/2820/3534 2486/2822/3534
f 1368/1545/3535 1377/1554/3535 2478/2814/3535
f 1368/1545/3536 2478/2814/3536 2489/2825/3536
f 1361/1538/3537 1368/1545/3537 2489/2825/3537
f 1361/1538/3538 2490/2826/3538 2491/2827/3538
f 1361/1538/3539 2492/2828/3539 2490/2826/3539
f 1361/1538/3540 2489/2825/3540 2492/2828/3540
f 1358/1535/3541 1361/1538/3541 2491/2827/3541
f 1358/1535/3542 2493/2829/3542 2494/2830/3542
f 1358/1535/3543 2491/2827/3543 2493/2829/3543
f 2495/2831/3544 2496/2832/3544 2497/2833/3544
f 2498/2834/3545 2497/2833/3545 2496/2832/3545
f 2499/2835/3546 2495/2831/3546 2497/2833/3546
f 1278/1451/3547 2500/2836/3547 2501/2837/3547
f 1278/1451/3548 2502/2838/3548 2500/2836/3548
f 1272/1445/3549 1278/1451/3549 2501/2837/3549
f 1272/1445/3550 2503/2839/3550 640/712/3550
f 1272/1445/3551 2504/2840/3551 2503/2839/3551
f 1272/1445/3552 2501/2837/3552 2504/2840/3552
f 642/714/3553 1272/1445/3553 640/712/3553
f 1344/1521/3554 2505/2841/3554 2506/2842/3554
f 1344/1521/3555 2507/2843/3555 2505/2841/3555
f 2508/2844/3556 215/2845/3556 214/2532/3556
f 2508/2844/3557 214/2532/3557 2225/2521/3557
f 2508/2844/3558 2225/2521/3558 2224/2520/3558
f 2508/2844/3559 2509/2846/3559 215/2845/3559
f 2508/2844/3560 2510/2847/3560 2509/2846/3560
f 2511/2848/3561 2224/2520/3561 2467/2802/3561
f 2511/2848/3562 2467/2802/3562 2452/2785/3562
f 2511/2848/3563 2510/2847/3563 2508/2844/3563
f 2511/2848/3564 2508/2844/3564 2224/2520/3564
f 2512/2849/3565 2452/2785/3565 2439/2771/3565
f 2512/2849/3566 2513/2850/3566 2511/2848/3566
f 1342/1519/3567 1344/1521/3567 2506/2842/3567
f 2512/2849/3568 2511/2848/3568 2452/2785/3568
f 2514/2851/3569 2439/2771/3569 2424/2753/3569
f 2514/2851/3570 2424/2753/3570 2413/2741/3570
f 1342/1519/3571 2515/2852/3571 2057/2853/3571
f 2514/2851/3572 2512/2849/3572 2439/2771/3572
f 1342/1519/3573 2506/2842/3573 2515/2852/3573
f 1342/1519/3574 2057/2853/3574 1336/1513/3574
f 2514/2851/3575 2513/2850/3575 2512/2849/3575
f 2516/2854/3576 2514/2851/3576 2413/2741/3576
f 2516/2854/3577 2413/2741/3577 2395/2720/3577
f 2516/2854/3578 2395/2720/3578 2393/2718/3578
f 2516/2854/3579 2393/2718/3579 2475/2811/3579
f 2516/2854/3580 2517/2855/3580 2518/2856/3580
f 2516/2854/3581 2477/2813/3581 2517/2855/3581
f 2516/2854/3582 2518/2856/3582 2514/2851/3582
f 2516/2854/3583 2475/2811/3583 2477/2813/3583
f 2519/2857/3584 2476/2812/3584 2475/2811/3584
f 2519/2857/3585 2475/2811/3585 2520/2858/3585
f 2519/2857/3586 2521/2859/3586 2476/2812/3586
f 2519/2857/3587 2522/2860/3587 2521/2859/3587
f 2519/2857/3588 2523/2861/3588 2522/2860/3588
f 2519/2857/3589 2524/2862/3589 2523/2861/3589
f 2519/2857/3590 2525/2863/3590 2524/2862/3590
f 2519/2857/3591 2526/2864/3591 2525/2863/3591
f 2519/2857/3592 2494/2830/3592 2526/2864/3592
f 2519/2857/3593 1358/1535/3593 2494/2830/3593
f 2519/2857/3594 1352/1529/3594 1358/1535/3594
f 2527/2865/3595 2520/2858/3595 2497/2833/3595
f 2527/2865/3596 2519/2857/3596 2520/2858/3596
f 2527/2865/3597 2497/2833/3597 2498/2834/3597
f 2527/2865/3598 2528/2866/3598 2529/2867/3598
f 2527/2865/3599 2530/2868/3599 2528/2866/3599
f 2527/2865/3600 2498/2834/3600 2530/2868/3600
f 2531/2869/3601 2497/2833/3601 2369/2691/3601
f 2531/2869/3602 2369/2691/3602 2358/2679/3602
f 2531/2869/3603 2358/2679/3603 2341/2659/3603
f 2531/2869/3604 2499/2835/3604 2497/2833/3604
f 2531/2869/3605 2532/2870/3605 2499/2835/3605
f 2531/2869/3606 2533/2871/3606 2532/2870/3606
f 2531/2869/3607 2534/2872/3607 2533/2871/3607
f 2531/2869/3608 650/722/3608 2534/2872/3608
f 2527/2865/3609 1352/1529/3609 2519/2857/3609
f 2527/2865/3610 2507/2843/3610 1344/1521/3610
f 2527/2865/3611 2535/2873/3611 2507/2843/3611
f 2527/2865/3612 2536/2874/3612 2535/2873/3612
f 2527/2865/3613 2529/2867/3613 2536/2874/3613
f 2527/2865/3614 1348/1525/3614 1352/1529/3614
f 2527/2865/3615 1344/1521/3615 1348/1525/3615
f 651/723/3616 650/722/3616 2531/2869/3616
f 651/723/3617 2341/2659/3617 2334/2651/3617
f 651/723/3618 2531/2869/3618 2341/2659/3618
f 2537/2875/3619 2334/2651/3619 2322/2637/3619
f 2537/2875/3620 2322/2637/3620 2314/2628/3620
f 2537/2875/3621 2538/2876/3621 2539/2877/3621
f 2537/2875/3622 651/723/3622 2334/2651/3622
f 2537/2875/3623 2539/2877/3623 651/723/3623
f 2540/2878/3624 2314/2628/3624 2298/2611/3624
f 2540/2878/3625 2538/2876/3625 2537/2875/3625
f 2540/2878/3626 2537/2875/3626 2314/2628/3626
f 2541/2879/3627 2540/2878/3627 2298/2611/3627
f 2541/2879/3628 648/2880/3628 2540/2878/3628
f 2541/2879/3629 2298/2611/3629 2286/2596/3629
f 2541/2879/3630 2286/2596/3630 2279/2595/3630
f 2541/2879/3631 647/2881/3631 648/2880/3631
f 2542/2882/3632 2279/2586/3632 2277/2584/3632
f 2542/2883/3633 647/2881/3633 2541/2879/3633
f 2542/2883/3634 2541/2879/3634 2279/2595/3634
f 2543/2884/3635 2060/2885/3635 2059/2886/3635
f 2543/2884/3636 2277/2584/3636 2263/2569/3636
f 2543/2884/3637 2263/2569/3637 2249/2554/3637
f 2543/2884/3638 2059/2886/3638 2542/2882/3638
f 2543/2884/3639 2542/2882/3639 2277/2584/3639
f 2544/2887/3640 2543/2884/3640 2249/2554/3640
f 2544/2887/3641 2249/2554/3641 2239/2540/3641
f 2544/2887/3642 2060/2885/3642 2543/2884/3642
f 1316/1492/3643 1320/1497/3643 2055/2888/3643
f 2545/2889/3644 2546/2890/3644 2547/2891/3644
f 1316/1492/3645 2055/2888/3645 2548/2892/3645
f 2545/2889/3646 2239/2540/3646 2222/2518/3646
f 2545/2889/3647 2222/2518/3647 2207/2498/3647
f 2545/2889/3648 2544/2887/3648 2239/2540/3648
f 2545/2889/3649 2547/2891/3649 2544/2887/3649
f 2549/2893/3650 2207/2498/3650 2206/2497/3650
f 2549/2893/3651 2545/2889/3651 2207/2498/3651
f 2549/2893/3652 2546/2890/3652 2545/2889/3652
f 2550/2894/3653 2472/2807/3653 2551/2895/3653
f 2550/2894/3654 2549/2893/3654 2206/2497/3654
f 2550/2894/3655 2470/2805/3655 2472/2807/3655
f 2550/2894/3656 2206/2497/3656 2456/2789/3656
f 2550/2894/3657 2456/2789/3657 2455/2788/3657
f 2550/2894/3658 2552/2896/3658 2549/2893/3658
f 2550/2894/3659 2455/2788/3659 2470/2805/3659
f 2550/2894/3660 2553/2897/3660 2552/2896/3660
f 1314/1488/3661 1316/1490/3661 2548/2898/3661
f 2550/2894/3662 2554/2899/3662 2553/2897/3662
f 2550/2894/3663 2551/2895/3663 2554/2899/3663
f 2555/2900/3664 2556/2901/3664 2471/2806/3664
f 1314/1488/3665 2548/2898/3665 654/2902/3665
f 2555/2900/3666 2557/2903/3666 2556/2901/3666
f 2555/2900/3667 2558/2904/3667 2557/2903/3667
f 2555/2900/3668 2471/2806/3668 2470/2805/3668
f 2555/2900/3669 2559/2905/3669 2558/2904/3669
f 2555/2900/3670 2560/2906/3670 2559/2905/3670
f 653/1484/3671 1314/1488/3671 654/2902/3671
f 2555/2900/3672 1287/1460/3672 1291/1464/3672
f 2555/2900/3673 2480/2816/3673 2560/2906/3673
f 2555/2900/3674 1283/1456/3674 1287/1460/3674
f 2555/2900/3675 1291/1464/3675 2480/2816/3675
f 2561/2907/3676 2555/2900/3676 2470/2805/3676
f 2561/2907/3677 2470/2805/3677 2486/2822/3677
f 2561/2907/3678 2562/2908/3678 628/700/3678
f 2561/2907/3679 2487/2823/3679 2562/2908/3679
f 2561/2907/3680 2486/2822/3680 2487/2823/3680
f 2563/2909/3681 2488/2824/3681 2486/2822/3681
f 2563/2909/3682 2486/2822/3682 2431/2761/3682
f 2563/2909/3683 2431/2761/3683 2418/2746/3683
f 2563/2909/3684 2418/2746/3684 2399/2724/3684
f 2563/2909/3685 2564/2910/3685 2488/2824/3685
f 2563/2909/3686 2565/2911/3686 2564/2910/3686
f 2563/2909/3687 2566/2912/3687 2565/2911/3687
f 2561/2907/3688 1278/1451/3688 1283/1456/3688
f 2561/2907/3689 1283/1456/3689 2555/2900/3689
f 2561/2907/3690 2502/2838/3690 1278/1451/3690
f 2561/2907/3691 2567/2913/3691 2502/2838/3691
f 2561/2907/3692 2568/2914/3692 2567/2913/3692
f 2561/2907/3693 628/700/3693 2568/2914/3693
f 641/713/3694 2399/2724/3694 2383/2707/3694
f 641/713/3695 2383/2707/3695 2365/2687/3695
f 641/713/3696 2563/2909/3696 2399/2724/3696
f 641/713/3697 2566/2912/3697 2563/2909/3697
f 2569/2915/3698 2365/2687/3698 2349/2668/3698
f 2569/2915/3699 643/715/3699 641/713/3699
f 2569/2915/3700 616/688/3700 643/715/3700
f 2569/2915/3701 641/713/3701 2365/2687/3701
f 617/689/3702 2349/2668/3702 2343/2661/3702
f 617/689/3703 2343/2661/3703 2332/2648/3703
f 617/689/3704 2569/2915/3704 2349/2668/3704
f 617/689/3705 616/688/3705 2569/2915/3705
f 2570/2916/3706 2332/2648/3706 2324/2639/3706
f 2570/2916/3707 2324/2639/3707 102/106/3707
f 2570/2916/3708 102/106/3708 100/102/3708
f 2570/2916/3709 622/694/3709 620/692/3709
f 2570/2916/3710 100/102/3710 622/694/3710
f 2570/2916/3711 620/692/3711 617/689/3711
f 2570/2916/3712 617/689/3712 2332/2648/3712
f 44/2917/3713 43/2918/3713 2571/2919/3713
f 2572/2920/3714 2571/2919/3714 2573/2921/3714
f 2572/2920/3715 44/2917/3715 2571/2919/3715
f 2572/2920/3716 2573/2921/3716 2574/2922/3716
f 2575/2923/3717 2572/2920/3717 2574/2922/3717
f 2575/2924/3718 2574/2925/3718 2576/2926/3718
f 2577/2927/3719 2575/2924/3719 2576/2926/3719
f 2577/2927/3720 2576/2926/3720 2578/2928/3720
f 2579/2929/3721 2577/2927/3721 2578/2928/3721
f 2579/2929/3722 2578/2928/3722 32/2930/3722
f 31/2931/3723 2579/2929/3723 32/2930/3723
f 2580/2932/3724 2581/2933/3724 2582/2934/3724
f 2580/2932/3725 2583/2935/3725 2584/2936/3725
f 2585/2937/3726 2586/2938/3726 2587/2939/3726
f 2588/2940/3727 2589/2941/3727 2590/2942/3727
f 2580/2932/3728 2591/2943/3728 2583/2935/3728
f 2592/2944/3729 2593/2945/3729 2586/2938/3729
f 2594/2946/3730 2595/2947/3730 2371/2948/3730
f 2596/2949/3731 2597/2950/3731 2598/2951/3731
f 2599/2952/3732 2600/2953/3732 2601/2954/3732
f 2599/2955/3733 2588/2956/3733 2602/2957/3733
f 2599/2958/3734 2601/2959/3734 2594/2946/3734
f 2596/2960/3735 2603/2961/3735 2597/2962/3735
f 2604/2963/3736 2581/2933/3736 2588/2964/3736
f 2596/2960/3737 2605/2965/3737 2603/2961/3737
f 2603/2961/3738 2401/2966/3738 2606/2967/3738
f 2589/2968/3739 2584/2936/3739 2592/2944/3739
f 2589/2968/3740 2592/2944/3740 2585/2937/3740
f 2603/2961/3741 2607/2969/3741 2401/2966/3741
f 2587/2970/3742 2596/2971/3742 2608/2972/3742
f 2594/2946/3743 2609/2973/3743 2610/2974/3743
f 2594/2946/3744 2371/2948/3744 2609/2973/3744
f 2594/2946/3745 2610/2974/3745 2604/2975/3745
f 2588/2964/3746 2584/2936/3746 2589/2968/3746
f 2593/2945/3747 2582/2934/3747 2611/2976/3747
f 2593/2945/3748 2612/2977/3748 2591/2943/3748
f 2593/2945/3749 2613/2978/3749 2612/2977/3749
f 2593/2945/3750 2614/2979/3750 2613/2978/3750
f 2593/2945/3751 2592/2944/3751 2614/2979/3751
f 2593/2945/3752 2611/2976/3752 2586/2938/3752
f 2587/2939/3753 2586/2938/3753 2605/2980/3753
f 2593/2945/3754 2591/2943/3754 2582/2934/3754
f 2587/2939/3755 2605/2980/3755 2596/2981/3755
f 2585/2982/3756 2587/2983/3756 2615/2984/3756
f 2599/2985/3757 2604/2963/3757 2588/2964/3757
f 2605/2965/3758 2607/2969/3758 2603/2961/3758
f 2588/2964/3759 2581/2933/3759 2584/2936/3759
f 2589/2986/3760 2585/2987/3760 2616/2988/3760
f 2594/2946/3761 2604/2975/3761 2599/2958/3761
f 2607/2969/3762 2617/2989/3762 2401/2966/3762
f 2585/2937/3763 2592/2944/3763 2586/2938/3763
f 2581/2933/3764 2580/2932/3764 2584/2936/3764
f 2580/2932/3765 2582/2934/3765 2591/2943/3765
f 2618/2990/3766 2619/2991/3766 2620/2992/3766
f 2618/2990/3767 2621/2993/3767 2622/2994/3767
f 2618/2990/3768 2623/2995/3768 2621/2993/3768
f 2624/2996/3769 2625/2997/3769 2626/2998/3769
f 2618/2990/3770 2627/2999/3770 2623/2995/3770
f 2628/3000/3771 2629/3001/3771 433/3002/3771
f 2630/3003/3772 2631/3004/3772 2632/3005/3772
f 2633/3006/3773 2634/3007/3773 2628/3000/3773
f 2630/3003/3774 2632/3005/3774 2635/3008/3774
f 2633/3009/3775 2636/3010/3775 2634/3011/3775
f 2637/3012/3776 2638/3013/3776 2639/3014/3776
f 2633/3015/3777 2624/3016/3777 2640/3017/3777
f 2641/3018/3778 2619/2991/3778 2624/3019/3778
f 2624/3019/3779 2622/2994/3779 2625/3020/3779
f 2630/3021/3780 2642/3022/3780 2631/3023/3780
f 2631/3023/3781 456/3024/3781 2643/3025/3781
f 2631/3023/3782 2643/3025/3782 2644/3026/3782
f 2642/3022/3783 2645/3027/3783 2631/3023/3783
f 2639/3028/3784 2630/3029/3784 2646/3030/3784
f 2628/3000/3785 2647/3031/3785 2648/3032/3785
f 2628/3000/3786 433/3002/3786 2647/3031/3786
f 2628/3000/3787 2648/3032/3787 2641/3033/3787
f 2622/2994/3788 2649/3034/3788 2637/3012/3788
f 2637/3012/3789 2620/2992/3789 2650/3035/3789
f 2637/3012/3790 2651/3036/3790 2627/2999/3790
f 2637/3012/3791 2649/3034/3791 2651/3036/3791
f 2652/3037/3792 2637/3012/3792 2639/3014/3792
f 2637/3012/3793 2650/3035/3793 2638/3013/3793
f 2637/3012/3794 2627/2999/3794 2620/2992/3794
f 2639/3014/3795 2642/3038/3795 2630/3039/3795
f 2652/3040/3796 2639/3041/3796 2653/3042/3796
f 2639/3014/3797 2638/3013/3797 2642/3038/3797
f 2633/3043/3798 2641/3018/3798 2624/3019/3798
f 2624/3019/3799 2619/2991/3799 2622/2994/3799
f 2625/3020/3800 2637/3012/3800 2652/3037/3800
f 2625/3044/3801 2652/3045/3801 2654/3046/3801
f 2625/3020/3802 2622/2994/3802 2637/3012/3802
f 2628/3000/3803 2641/3033/3803 2633/3006/3803
f 2631/3023/3804 2655/3047/3804 456/3024/3804
f 2619/2991/3805 2618/2990/3805 2622/2994/3805
f 2631/3023/3806 2645/3027/3806 2655/3047/3806
f 2618/2990/3807 2620/2992/3807 2627/2999/3807
f 2656/3048/3808 2657/3049/3808 2658/3050/3808
f 2659/3051/3809 2660/3052/3809 2661/3053/3809
f 2656/3048/3810 2662/3054/3810 2663/3055/3810
f 2656/3048/3811 2664/3056/3811 2662/3054/3811
f 2665/3057/3812 2666/3058/3812 2667/3059/3812
f 2660/3052/3813 2668/3060/3813 2669/3061/3813
f 2670/3062/3814 2671/3063/3814 380/3064/3814
f 2672/3065/3815 2673/3066/3815 2674/3067/3815
f 2672/3065/3816 2674/3067/3816 2675/3068/3816
f 2660/3052/3817 2669/3061/3817 2661/3053/3817
f 2676/3069/3818 2677/3070/3818 2678/3071/3818
f 2676/3072/3819 2665/3073/3819 2679/3074/3819
f 2676/3075/3820 2678/3076/3820 2670/3062/3820
f 2680/3077/3821 2681/3078/3821 2665/3079/3821
f 2665/3079/3822 2663/3055/3822 2666/3080/3822
f 2672/3081/3823 2682/3082/3823 2673/3083/3823
f 2673/3084/3824 406/3085/3824 2683/3086/3824
f 2673/3087/3825 2683/3088/3825 2684/3089/3825
f 2666/3080/3826 2660/3052/3826 2659/3051/3826
f 2682/3082/3827 2685/3090/3827 2673/3083/3827
f 2661/3091/3828 2672/3092/3828 2686/3093/3828
f 2670/3062/3829 380/3064/3829 2687/3094/3829
f 2670/3062/3830 2687/3094/3830 2688/3095/3830
f 2670/3062/3831 2688/3095/3831 2680/3096/3831
f 2681/3078/3832 2657/3049/3832 2656/3048/3832
f 2668/3060/3833 2658/3050/3833 2669/3061/3833
f 2668/3060/3834 2689/3097/3834 2664/3056/3834
f 2668/3060/3835 2690/3098/3835 2689/3097/3835
f 2668/3060/3836 2691/3099/3836 2690/3098/3836
f 2668/3060/3837 2660/3052/3837 2691/3099/3837
f 2668/3060/3838 2664/3056/3838 2658/3050/3838
f 2661/3053/3839 2682/3100/3839 2672/3101/3839
f 2659/3102/3840 2661/3103/3840 2692/3104/3840
f 2661/3053/3841 2669/3061/3841 2682/3100/3841
f 2676/3105/3842 2680/3077/3842 2665/3079/3842
f 2665/3079/3843 2681/3078/3843 2663/3055/3843
f 2666/3106/3844 2659/3107/3844 2693/3108/3844
f 2666/3080/3845 2663/3055/3845 2660/3052/3845
f 2670/3062/3846 2680/3096/3846 2676/3075/3846
f 2681/3078/3847 2656/3048/3847 2663/3055/3847
f 2673/3083/3848 2694/3109/3848 406/3110/3848
f 2673/3083/3849 2685/3090/3849 2694/3109/3849
f 2656/3048/3850 2658/3050/3850 2664/3056/3850
f 2695/3111/3851 2696/3112/3851 2697/3113/3851
f 2695/3111/3852 2698/3114/3852 2699/3115/3852
f 2695/3111/3853 2700/3116/3853 2698/3114/3853
f 2701/3117/3854 2702/3118/3854 2703/3119/3854
f 2695/3111/3855 2704/3120/3855 2700/3116/3855
f 2705/3121/3856 2706/3122/3856 2432/3123/3856
f 2707/3124/3857 2708/3125/3857 2705/3121/3857
f 2709/3126/3858 2710/3127/3858 2711/3128/3858
f 2709/3126/3859 2711/3128/3859 2712/3129/3859
f 2707/3130/3860 2713/3131/3860 2708/3132/3860
f 2714/3133/3861 2715/3134/3861 2716/3135/3861
f 2707/3136/3862 2701/3137/3862 2717/3138/3862
f 2709/3139/3863 2718/3140/3863 2710/3141/3863
f 2710/3142/3864 2459/3143/3864 2719/3144/3864
f 2710/3145/3865 2719/3146/3865 2720/3147/3865
f 2702/3148/3866 2699/3115/3866 2714/3133/3866
f 2702/3148/3867 2714/3133/3867 2721/3149/3867
f 2718/3140/3868 2722/3150/3868 2710/3141/3868
f 2716/3151/3869 2709/3152/3869 2723/3153/3869
f 2724/3154/3870 2432/3123/3870 2725/3155/3870
f 2726/3156/3871 2696/3112/3871 2695/3111/3871
f 2699/3115/3872 2727/3157/3872 2714/3133/3872
f 2714/3133/3873 2697/3113/3873 2715/3134/3873
f 2714/3133/3874 2728/3158/3874 2704/3120/3874
f 2701/3159/3875 2699/3115/3875 2702/3148/3875
f 2714/3133/3876 2727/3157/3876 2728/3158/3876
f 2714/3133/3877 2704/3120/3877 2697/3113/3877
f 2721/3160/3878 2716/3161/3878 2729/3162/3878
f 2716/3135/3879 2718/3163/3879 2709/3164/3879
f 2705/3121/3880 2432/3123/3880 2724/3154/3880
f 2705/3121/3881 2724/3154/3881 2730/3165/3881
f 2716/3135/3882 2715/3134/3882 2718/3163/3882
f 2707/3166/3883 2730/3167/3883 2701/3159/3883
f 2701/3159/3884 2726/3156/3884 2699/3115/3884
f 2701/3159/3885 2730/3167/3885 2726/3156/3885
f 2702/3168/3886 2721/3169/3886 2731/3170/3886
f 2705/3121/3887 2730/3165/3887 2707/3124/3887
f 2721/3149/3888 2714/3133/3888 2716/3135/3888
f 2710/3141/3889 2732/3171/3889 2459/3172/3889
f 2726/3156/3890 2695/3111/3890 2699/3115/3890
f 2710/3141/3891 2722/3150/3891 2732/3171/3891
f 2695/3111/3892 2697/3113/3892 2704/3120/3892
f 2578/3173/3893 33/3174/3893 32/3175/3893
f 2576/3176/3893 33/3174/3893 2578/3173/3893
f 2576/3176/3893 43/3177/3893 37/3178/3893
f 2576/3176/3893 37/3178/3893 33/3174/3893
f 2576/3176/3893 2574/3179/3893 43/3177/3893
f 43/3177/3893 41/3180/3893 39/3181/3893
f 43/3177/3893 39/3181/3893 37/3178/3893
f 33/3174/3893 37/3178/3893 35/3182/3893
f 2574/3179/3893 2571/3183/3893 43/3177/3893
f 2574/3179/3893 2573/3184/3893 2571/3183/3893
f 2497/3185/3893 2579/3186/3893 31/3187/3893
f 2520/3188/3894 2577/3189/3894 2579/3186/3894
f 2520/3188/3893 2575/3190/3893 2577/3189/3893
f 2520/3188/3893 2475/3191/3893 2575/3190/3893
f 2520/3188/3895 2579/3186/3895 2497/3185/3895
f 40/3192/3893 2611/3193/3893 2582/3194/3893
f 2609/3195/3896 34/3196/3896 2610/3197/3896
f 2617/3198/3897 2607/3199/3897 2572/3200/3897
f 31/3187/3893 34/3196/3893 2609/3195/3893
f 38/3201/3898 2582/3194/3898 2581/3202/3898
f 38/3201/3893 40/3192/3893 2582/3194/3893
f 42/3203/3899 2586/3204/3899 2611/3193/3899
f 42/3203/3893 2611/3193/3893 40/3192/3893
f 2575/3190/3893 2617/3198/3893 2572/3200/3893
f 36/3205/3900 38/3201/3900 2581/3202/3900
f 44/3206/3901 2605/3207/3901 2586/3204/3901
f 44/3206/3902 2586/3204/3902 42/3203/3902
f 36/3205/3903 2581/3202/3903 2604/3208/3903
f 44/3206/3904 2607/3199/3904 2605/3207/3904
f 34/3196/3905 36/3205/3905 2604/3208/3905
f 2497/3185/3893 31/3187/3893 2609/3195/3893
f 2475/3191/3893 2617/3198/3893 2575/3190/3893
f 34/3196/3906 2604/3208/3906 2610/3197/3906
f 2572/3200/3907 2607/3199/3907 44/3206/3907
f 2733/3209/3908 2734/3210/3908 406/3110/3908
f 118/3211/3909 2733/3209/3909 406/3110/3909
f 2694/3109/3910 118/3211/3910 406/3110/3910
f 48/3212/3911 118/3211/3911 2694/3109/3911
f 2735/3213/3912 380/3064/3912 2736/3214/3912
f 137/3215/3913 380/3064/3913 2735/3213/3913
f 2687/3094/3914 137/3215/3914 74/3216/3914
f 2687/3094/3915 380/3064/3915 137/3215/3915
f 2737/3217/3916 2738/3218/3916 456/3024/3916
f 181/3219/3917 2737/3217/3917 456/3024/3917
f 2655/3047/3918 181/3219/3918 456/3024/3918
f 45/3220/3919 181/3219/3919 2655/3047/3919
f 2739/3221/3920 433/3002/3920 2740/3222/3920
f 198/3223/3921 433/3002/3921 2739/3221/3921
f 2647/3031/3922 198/3223/3922 60/3224/3922
f 2647/3031/3923 433/3002/3923 198/3223/3923
f 2741/3225/3924 2742/3226/3924 2401/2966/3924
f 2393/3227/3925 2741/3225/3925 2401/2966/3925
f 2617/2989/3926 2393/3227/3926 2401/2966/3926
f 2475/3228/3927 2393/3227/3927 2617/2989/3927
f 2743/3229/3928 2371/2948/3928 2744/3230/3928
f 2369/3231/3929 2371/2948/3929 2743/3229/3929
f 2609/2973/3930 2369/3231/3930 2497/3232/3930
f 2609/2973/3910 2371/2948/3910 2369/3231/3910
f 2745/3233/3931 2746/3234/3931 2459/3172/3931
f 2455/3235/3932 2745/3233/3932 2459/3172/3932
f 2732/3171/3933 2455/3235/3933 2459/3172/3933
f 2470/3236/3934 2455/3235/3934 2732/3171/3934
f 2747/3237/3918 2432/3123/3918 2748/3238/3918
f 2431/3239/3935 2432/3123/3935 2747/3237/3935
f 2725/3155/3936 2431/3239/3936 2486/3240/3936
f 2725/3155/3937 2432/3123/3937 2431/3239/3937
f 2080/3241/3938 2082/3242/3938 2648/3243/3938
f 2647/3244/3939 2080/3241/3939 2648/3243/3939
f 2655/3245/3940 2645/3246/3940 610/3247/3940
f 612/3248/3893 2655/3245/3893 610/3247/3893
f 605/3249/3893 2650/3250/3893 2620/3251/3893
f 603/3252/3893 605/3249/3893 2620/3251/3893
f 603/3252/3941 2620/3251/3941 2619/3253/3941
f 605/3249/3942 2638/3254/3942 2650/3250/3942
f 607/3255/3943 2638/3254/3943 605/3249/3943
f 600/3256/3944 603/3252/3944 2619/3253/3944
f 600/3256/3945 2619/3253/3945 2641/3257/3945
f 45/3258/3893 612/3248/3893 614/3259/3893
f 45/3258/3893 2655/3245/3893 612/3248/3893
f 609/3260/3946 2638/3254/3946 607/3255/3946
f 60/3261/3893 2078/3262/3893 2080/3241/3893
f 609/3260/3947 2642/3263/3947 2638/3254/3947
f 60/3261/3893 2080/3241/3893 2647/3244/3893
f 2082/3242/3948 600/3256/3948 2641/3257/3948
f 60/3261/3893 2076/3264/3893 2078/3262/3893
f 60/3261/3893 2074/3265/3893 2076/3264/3893
f 186/3266/3893 45/3258/3893 614/3259/3893
f 186/3266/3949 2074/3265/3949 60/3261/3949
f 609/3260/3950 2645/3246/3950 2642/3263/3950
f 2082/3242/3951 2641/3257/3951 2648/3243/3951
f 610/3247/3952 2645/3246/3952 609/3260/3952
f 2085/3267/3953 2087/3268/3953 2688/3269/3953
f 590/3270/3954 2685/3271/3954 589/3272/3954
f 2687/3273/3955 2085/3267/3955 2688/3269/3955
f 2694/3274/3956 2685/3271/3956 590/3270/3956
f 2083/3275/3893 2085/3267/3893 2687/3273/3893
f 2090/3276/3893 2658/3277/3893 2657/3278/3893
f 2090/3276/3893 2092/3279/3893 2658/3277/3893
f 2092/3279/3957 2669/3280/3957 2658/3277/3957
f 2090/3276/3958 2657/3278/3958 2681/3281/3958
f 2088/3282/3959 2090/3276/3959 2681/3281/3959
f 586/3283/3960 2669/3280/3960 2092/3279/3960
f 586/3283/3961 2682/3284/3961 2669/3280/3961
f 2087/3268/3962 2681/3281/3962 2680/3285/3962
f 74/3286/3893 598/3287/3893 2083/3275/3893
f 2087/3268/3963 2088/3282/3963 2681/3281/3963
f 74/3286/3893 2083/3275/3893 2687/3273/3893
f 48/3288/3893 590/3270/3893 592/3289/3893
f 48/3288/3893 2694/3274/3893 590/3270/3893
f 589/3272/3964 2682/3284/3964 586/3283/3964
f 589/3272/3965 2685/3271/3965 2682/3284/3965
f 74/3286/3893 596/3290/3893 598/3287/3893
f 2087/3268/3966 2680/3285/3966 2688/3269/3966
f 124/3291/3893 594/3292/3893 596/3290/3893
f 124/3291/3893 592/3289/3893 594/3292/3893
f 124/3291/3893 48/3288/3893 592/3289/3893
f 124/3291/3967 596/3290/3967 74/3286/3967
f 2725/3293/3968 581/3294/3968 2724/3295/3968
f 2732/3296/3969 2722/3297/3969 2100/3298/3969
f 2102/3299/3893 2732/3296/3893 2100/3298/3893
f 2095/3300/3893 2697/3301/3893 2696/3302/3893
f 579/3303/3893 581/3294/3893 2725/3293/3893
f 2097/3304/3970 2715/3305/3970 2697/3301/3970
f 2097/3304/3893 2697/3301/3893 2095/3300/3893
f 2093/3306/3971 2696/3302/3971 2726/3307/3971
f 2093/3306/3893 2095/3300/3893 2696/3302/3893
f 2099/3308/3972 2715/3305/3972 2097/3304/3972
f 584/3309/3973 2726/3307/3973 2730/3310/3973
f 584/3309/3974 2093/3306/3974 2726/3307/3974
f 2470/3311/3893 2102/3299/3893 573/3312/3893
f 2099/3308/3975 2718/3313/3975 2715/3305/3975
f 2470/3311/3893 2732/3296/3893 2102/3299/3893
f 2486/3314/3893 579/3303/3893 2725/3293/3893
f 2100/3298/3976 2718/3313/3976 2099/3308/3976
f 584/3309/3977 2730/3310/3977 2724/3295/3977
f 2486/3314/3893 577/3315/3893 579/3303/3893
f 2470/3311/3978 576/3316/3978 577/3315/3978
f 2470/3311/3893 573/3312/3893 576/3316/3893
f 2100/3298/3979 2722/3297/3979 2718/3313/3979
f 2470/3311/3980 577/3315/3980 2486/3314/3980
f 581/3294/3981 584/3309/3981 2724/3295/3981
f 2749/3317/3982 2750/3318/3982 2751/3319/3982
f 2752/3320/3983 2753/3321/3983 1485/1672/3983
f 2754/3322/3984 2750/3318/3984 2749/3317/3984
f 2754/3322/3985 2749/3317/3985 2755/3323/3985
f 2754/3322/3986 2756/3324/3986 2750/3318/3986
f 2754/3322/3987 2757/3325/3987 2758/3326/3987
f 2759/3327/3988 2756/3324/3988 2754/3322/3988
f 2760/3328/3989 2761/3329/3989 2762/3330/3989
f 2759/3327/3990 2754/3322/3990 2758/3326/3990
f 2759/3327/3991 2758/3326/3991 2763/3331/3991
f 2759/3327/3992 2763/3331/3992 2764/3332/3992
f 1470/1657/3993 1500/1688/3993 2765/3333/3993
f 1470/1657/3994 2765/3333/3994 2766/3334/3994
f 2767/3335/3995 2768/3336/3995 2769/3337/3995
f 2770/3338/3996 2771/3339/3996 2756/3324/3996
f 2772/3340/3997 1470/1657/3997 2766/3334/3997
f 2759/3327/3998 2764/3332/3998 2773/3341/3998
f 2774/3342/3999 2772/3340/3999 2759/3327/3999
f 2774/3342/4000 2759/3327/4000 2773/3341/4000
f 2767/3335/4001 2769/3337/4001 2753/3321/4001
f 2766/3334/4002 2775/3343/4002 2770/3338/4002
f 1512/1700/4003 2772/3340/4003 2774/3342/4003
f 1512/1700/4004 2774/3342/4004 2776/3344/4004
f 1512/1700/4005 2776/3344/4005 353/1701/4005
f 2777/3345/4006 1486/1673/4006 1485/1672/4006
f 2772/3340/4007 1512/1700/4007 1470/1657/4007
f 2778/3346/4008 2768/3336/4008 2767/3335/4008
f 2779/3347/4009 2753/3321/4009 2752/3320/4009
f 2759/3327/4010 2770/3338/4010 2756/3324/4010
f 2765/3333/4011 2775/3343/4011 2766/3334/4011
f 2779/3347/4012 2767/3335/4012 2753/3321/4012
f 2767/3335/4013 2780/3348/4013 2778/3346/4013
f 2759/3327/4014 2766/3334/4014 2770/3338/4014
f 2751/3319/4015 2781/3349/4015 2782/3350/4015
f 2751/3319/4016 2783/3351/4016 2781/3349/4016
f 2767/3335/4017 2784/3352/4017 2780/3348/4017
f 2785/3353/4018 2767/3335/4018 2779/3347/4018
f 2786/3354/4019 2783/3351/4019 2751/3319/4019
f 2772/3340/4020 2766/3334/4020 2759/3327/4020
f 2750/3318/4021 2786/3354/4021 2751/3319/4021
f 2770/3338/4022 2787/3355/4022 2788/3356/4022
f 2789/3357/4023 2784/3352/4023 2767/3335/4023
f 2790/3358/4024 2767/3335/4024 2785/3353/4024
f 2770/3338/4025 2788/3356/4025 2771/3339/4025
f 2791/3359/4026 1486/1673/4026 2777/3345/4026
f 2750/3318/4027 2771/3339/4027 2786/3354/4027
f 2752/3320/4028 1485/1672/4028 1497/1684/4028
f 1497/1684/4029 268/1686/4029 2792/3360/4029
f 1497/1684/4030 2792/3360/4030 2793/3361/4030
f 2790/3358/4031 2789/3357/4031 2767/3335/4031
f 2794/3362/4032 2752/3320/4032 1497/1684/4032
f 2794/3362/4033 1497/1684/4033 2793/3361/4033
f 2770/3338/4034 2775/3343/4034 2787/3355/4034
f 2753/3321/4035 2777/3345/4035 1485/1672/4035
f 2794/3362/4036 2779/3347/4036 2752/3320/4036
f 2795/3363/4037 2794/3362/4037 2796/3364/4037
f 2795/3363/4038 2779/3347/4038 2794/3362/4038
f 2795/3363/4039 2785/3353/4039 2779/3347/4039
f 2769/3337/4040 2791/3359/4040 2777/3345/4040
f 2795/3363/4041 2797/3365/4041 2798/3366/4041
f 2790/3358/4042 2795/3363/4042 2798/3366/4042
f 2790/3358/4043 2798/3366/4043 2799/3367/4043
f 2790/3358/4044 2785/3353/4044 2795/3363/4044
f 2790/3358/4045 2799/3367/4045 2800/3368/4045
f 2762/3330/4046 2790/3358/4046 2800/3368/4046
f 2762/3330/4047 2800/3368/4047 2801/3369/4047
f 2762/3330/4048 2801/3369/4048 2802/3370/4048
f 2762/3330/4049 2803/3371/4049 2760/3328/4049
f 2762/3330/4050 2802/3370/4050 2804/3372/4050
f 2805/3373/4051 2803/3371/4051 2762/3330/4051
f 2805/3373/4052 2806/3374/4052 2803/3371/4052
f 2805/3373/4053 2762/3330/4053 2804/3372/4053
f 2805/3373/4054 2804/3372/4054 2807/3375/4054
f 2805/3373/4055 2807/3375/4055 2260/3376/4055
f 2805/3373/4056 2808/3377/4056 2806/3374/4056
f 2805/3373/4057 2260/3376/4057 2809/3378/4057
f 2805/3373/4058 2810/3379/4058 2808/3377/4058
f 2805/3373/4059 2809/3378/4059 2811/3380/4059
f 2805/3373/4060 2812/3381/4060 2810/3379/4060
f 2753/3321/4061 2769/3337/4061 2777/3345/4061
f 2813/3382/4062 2812/3381/4062 2805/3373/4062
f 2813/3382/4063 2805/3373/4063 2811/3380/4063
f 2813/3382/4064 2811/3380/4064 2814/3383/4064
f 2813/3382/4065 2815/3384/4065 2812/3381/4065
f 2813/3382/4066 2814/3383/4066 2816/3385/4066
f 2756/3324/4067 2771/3339/4067 2750/3318/4067
f 2813/3382/4068 2817/3386/4068 2815/3384/4068
f 2813/3382/4069 2818/3387/4069 2817/3386/4069
f 2813/3382/4070 2816/3385/4070 2819/3388/4070
f 2813/3382/4071 2820/3389/4071 2818/3387/4071
f 2821/3390/4072 2820/3389/4072 2813/3382/4072
f 2821/3390/4073 2813/3382/4073 2819/3388/4073
f 2762/3330/4074 2789/3357/4074 2790/3358/4074
f 2821/3390/4075 2819/3388/4075 2319/3391/4075
f 2821/3390/4076 2822/3392/4076 2820/3389/4076
f 2762/3330/4077 2823/3393/4077 2789/3357/4077
f 2821/3390/4078 2319/3391/4078 2824/3394/4078
f 2762/3330/4079 2761/3329/4079 2823/3393/4079
f 2821/3390/4080 2782/3350/4080 2822/3392/4080
f 2821/3390/4081 2824/3394/4081 2825/3395/4081
f 2821/3390/4082 2751/3319/4082 2782/3350/4082
f 2821/3390/4083 2825/3395/4083 2826/3396/4083
f 2749/3317/4084 2751/3319/4084 2821/3390/4084
f 2749/3317/4085 2821/3390/4085 2826/3396/4085
f 2827/3397/4086 2828/3398/4086 2829/3381/4086
f 2827/3397/4087 2830/3384/4087 2831/3386/4087
f 2832/3399/4088 2833/3400/4088 2834/3401/4088
f 2835/3402/4089 2832/3399/4089 2834/3401/4089
f 2827/3397/4090 2831/3386/4090 2836/3387/4090
f 2837/3403/4091 2833/3404/4091 2832/3405/4091
f 2837/3403/4092 2838/3406/4092 2833/3404/4092
f 2839/3407/4093 2837/3408/4093 2832/3399/4093
f 2839/3407/4094 2832/3399/4094 2835/3402/4094
f 2839/3407/4095 2827/3397/4095 2836/3387/4095
f 2839/3407/4096 2835/3402/4096 2827/3397/4096
f 2839/3407/4097 2836/3387/4097 2820/3389/4097
f 2840/3409/4098 2838/3406/4098 2837/3403/4098
f 2840/3409/4099 2841/3410/4099 2838/3406/4099
f 2842/3411/4100 2840/3409/4100 2837/3403/4100
f 2843/3412/4101 2837/3408/4101 2839/3407/4101
f 2843/3412/4102 2842/3413/4102 2837/3408/4102
f 2844/3414/4103 2843/3412/4103 2839/3407/4103
f 2844/3414/4104 2839/3407/4104 2820/3389/4104
f 2845/3415/4105 2841/3410/4105 2840/3409/4105
f 2845/3415/4106 2846/3416/4106 2841/3410/4106
f 2842/3417/4107 2845/3418/4107 2840/3419/4107
f 2788/3356/4108 2847/3420/4108 2771/3339/4108
f 2848/3421/4109 2846/3416/4109 2845/3415/4109
f 2848/3421/4110 2849/3422/4110 2846/3416/4110
f 2844/3414/4111 2820/3389/4111 2850/3423/4111
f 2851/3424/4112 2848/3425/4112 2845/3426/4112
f 2851/3427/4113 2845/3428/4113 2842/3429/4113
f 2852/3430/4114 2842/3413/4114 2843/3412/4114
f 2852/3430/4115 2851/3431/4115 2842/3413/4115
f 2853/3432/4116 2854/3433/4116 2855/3434/4116
f 2856/3435/4117 2844/3414/4117 2850/3423/4117
f 2856/3435/4118 2852/3430/4118 2843/3412/4118
f 2856/3435/4119 2843/3412/4119 2844/3414/4119
f 2848/3421/4120 2857/3436/4120 2849/3422/4120
f 2858/3437/4121 2778/3346/4121 2784/3352/4121
f 2856/3435/4122 2850/3423/4122 2859/3438/4122
f 2860/3439/4123 2857/3436/4123 2848/3421/4123
f 2861/3440/4124 2862/3441/4124 2858/3437/4124
f 2861/3440/4125 2858/3437/4125 2784/3352/4125
f 2863/3442/4126 2864/3443/4126 2854/3444/4126
f 2863/3442/4127 2854/3444/4127 2853/3445/4127
f 2865/3446/4128 2848/3447/4128 2851/3448/4128
f 2865/3449/4129 2860/3450/4129 2848/3451/4129
f 2863/3452/4130 2853/3432/4130 2866/3453/4130
f 2856/3435/4131 2859/3438/4131 2867/3454/4131
f 2868/3455/4132 2866/3453/4132 2862/3441/4132
f 2868/3455/4133 2863/3452/4133 2866/3453/4133
f 2860/3439/4134 2869/3456/4134 2857/3436/4134
f 2870/3457/4135 2865/3449/4135 2851/3431/4135
f 2870/3457/4136 2851/3431/4136 2852/3430/4136
f 2861/3440/4137 2784/3352/4137 2823/3393/4137
f 2861/3440/4138 2868/3455/4138 2862/3441/4138
f 2871/3458/4139 2864/3443/4139 2863/3442/4139
f 2871/3458/4140 2872/3459/4140 2864/3443/4140
f 2856/3435/4141 2870/3457/4141 2852/3430/4141
f 2856/3435/4142 2867/3454/4142 2873/3349/4142
f 2874/3460/4143 2869/3456/4143 2860/3439/4143
f 2868/3455/4144 2871/3461/4144 2863/3452/4144
f 2874/3462/4145 2860/3450/4145 2865/3449/4145
f 2875/3463/4146 2874/3462/4146 2865/3449/4146
f 2875/3463/4147 2865/3449/4147 2870/3457/4147
f 2876/3464/4148 2877/3465/4148 2872/3459/4148
f 2876/3464/4149 2872/3459/4149 2871/3458/4149
f 2878/3466/4150 2873/3349/4150 2783/3351/4150
f 2878/3466/4151 2856/3435/4151 2873/3349/4151
f 2878/3466/4152 2870/3457/4152 2856/3435/4152
f 2878/3466/4153 2875/3463/4153 2870/3457/4153
f 2879/3467/4154 2876/3468/4154 2871/3461/4154
f 2880/3469/4155 2869/3456/4155 2874/3460/4155
f 2880/3469/4156 2881/3470/4156 2869/3456/4156
f 2882/3471/4157 2871/3461/4157 2868/3455/4157
f 2882/3471/4158 2879/3467/4158 2871/3461/4158
f 2883/3472/4159 2882/3471/4159 2868/3455/4159
f 2883/3472/4160 2868/3455/4160 2861/3440/4160
f 2883/3472/4161 2823/3393/4161 2884/3329/4161
f 2883/3472/4162 2861/3440/4162 2823/3393/4162
f 2876/3464/4163 2885/3473/4163 2877/3465/4163
f 2875/3463/4164 2880/3474/4164 2874/3462/4164
f 2878/3466/4165 2783/3351/4165 2886/3475/4165
f 2887/3476/4166 2881/3470/4166 2880/3469/4166
f 2887/3476/4167 2888/3477/4167 2881/3470/4167
f 2889/3478/4168 2885/3473/4168 2876/3464/4168
f 2889/3478/4169 2890/3479/4169 2885/3473/4169
f 2883/3472/4170 2884/3329/4170 2891/3480/4170
f 2892/3481/4171 2887/3482/4171 2880/3474/4171
f 2893/3483/4172 2876/3468/4172 2879/3467/4172
f 2893/3484/4173 2889/3478/4173 2876/3464/4173
f 2894/3485/4174 2880/3474/4174 2875/3463/4174
f 2894/3485/4175 2892/3481/4175 2880/3474/4175
f 2895/3486/4176 2893/3483/4176 2879/3467/4176
f 2895/3486/4177 2879/3467/4177 2882/3471/4177
f 2896/3487/4178 2891/3480/4178 2897/3488/4178
f 2898/3489/4179 2886/3475/4179 2771/3339/4179
f 2896/3487/4180 2895/3486/4180 2882/3471/4180
f 2898/3489/4181 2878/3466/4181 2886/3475/4181
f 2896/3487/4182 2882/3471/4182 2883/3472/4182
f 2898/3489/4183 2894/3485/4183 2875/3463/4183
f 2896/3487/4184 2883/3472/4184 2891/3480/4184
f 2898/3489/4185 2875/3463/4185 2878/3466/4185
f 2899/3490/4186 2900/3491/4186 2901/3492/4186
f 2889/3478/4187 2902/3493/4187 2890/3479/4187
f 2900/3494/4188 2888/3477/4188 2887/3476/4188
f 2900/3494/4189 2899/3495/4189 2888/3477/4189
f 2892/3481/4190 2900/3491/4190 2887/3482/4190
f 2892/3481/4191 2903/3496/4191 2900/3491/4191
f 2904/3497/4192 2902/3493/4192 2889/3478/4192
f 2904/3497/4193 2905/3498/4193 2902/3493/4193
f 2894/3485/4194 2903/3496/4194 2892/3481/4194
f 2896/3487/4195 2897/3488/4195 2906/3499/4195
f 2898/3489/4196 2771/3339/4196 2847/3420/4196
f 2898/3489/4197 2847/3420/4197 2894/3485/4197
f 2907/3500/4198 2889/3501/4198 2893/3483/4198
f 2907/3502/4199 2904/3497/4199 2889/3478/4199
f 2896/3487/4200 2906/3499/4200 2908/3503/4200
f 2909/3504/4201 2893/3483/4201 2895/3486/4201
f 2909/3504/4202 2907/3500/4202 2893/3483/4202
f 2896/3487/4203 2909/3504/4203 2895/3486/4203
f 2896/3487/4204 2908/3503/4204 2910/3505/4204
f 2911/3506/4205 2912/3507/4205 2905/3498/4205
f 2911/3506/4206 2905/3498/4206 2904/3497/4206
f 2913/3508/4207 2911/3509/4207 2904/3510/4207
f 2913/3508/4208 2904/3510/4208 2907/3500/4208
f 2914/3511/4209 2907/3500/4209 2909/3504/4209
f 2914/3511/4210 2913/3508/4210 2907/3500/4210
f 2828/3398/4211 2910/3505/4211 2915/3379/4211
f 2828/3398/4212 2896/3487/4212 2910/3505/4212
f 2828/3398/4213 2909/3504/4213 2896/3487/4213
f 2828/3398/4214 2914/3511/4214 2909/3504/4214
f 2911/3506/4215 2916/3512/4215 2912/3507/4215
f 2828/3398/4216 2915/3379/4216 2829/3381/4216
f 2834/3513/4217 2917/3514/4217 2916/3512/4217
f 2834/3513/4218 2916/3512/4218 2911/3506/4218
f 2834/3515/4219 2833/3516/4219 2917/3517/4219
f 2834/3401/4220 2911/3509/4220 2913/3508/4220
f 2835/3402/4221 2913/3508/4221 2914/3511/4221
f 2835/3402/4222 2834/3401/4222 2913/3508/4222
f 2827/3397/4223 2829/3381/4223 2830/3384/4223
f 2827/3397/4224 2914/3511/4224 2828/3398/4224
f 2827/3397/4225 2835/3402/4225 2914/3511/4225
f 2918/3518/4226 2919/3519/4226 2920/3520/4226
f 2918/3518/4227 1509/1697/4227 2921/3521/4227
f 2919/3519/4228 2922/3522/4228 2923/3523/4228
f 2924/3524/4229 2925/3525/4229 2769/3337/4229
f 2924/3524/4230 2926/3526/4230 2927/3527/4230
f 2924/3524/4231 2927/3527/4231 2925/3525/4231
f 2921/3521/4232 1496/1683/4232 2925/3525/4232
f 2921/3521/4233 2925/3525/4233 2919/3519/4233
f 2921/3521/4234 2919/3519/4234 2918/3518/4234
f 2926/3526/4235 2778/3346/4235 2858/3437/4235
f 2926/3526/4236 2858/3437/4236 2862/3441/4236
f 2926/3526/4237 2862/3441/4237 2866/3453/4237
f 2926/3526/4238 2866/3453/4238 2853/3432/4238
f 2926/3526/4239 2853/3432/4239 2855/3434/4239
f 2924/3524/4240 2769/3337/4240 2778/3346/4240
f 2924/3524/4241 2778/3346/4241 2926/3526/4241
f 2927/3527/4242 2855/3434/4242 2928/3528/4242
f 2927/3527/4243 2926/3526/4243 2855/3434/4243
f 2925/3525/4244 1486/1673/4244 2769/3337/4244
f 2927/3527/4245 2929/3529/4245 2925/3525/4245
f 2927/3527/4246 2928/3528/4246 2929/3529/4246
f 2925/3525/4247 1496/1683/4247 1486/1673/4247
f 2919/3519/4248 2928/3528/4248 2922/3522/4248
f 2919/3519/4249 2929/3529/4249 2928/3528/4249
f 2919/3519/4250 2925/3525/4250 2929/3529/4250
f 2921/3521/4251 1509/1697/4251 1496/1683/4251
f 2930/3530/4252 2931/3531/4252 2932/1724/4252
f 2930/3530/4253 2933/1727/4253 2934/1729/4253
f 2935/3532/4254 2936/3533/4254 2937/3534/4254
f 2938/3535/4255 2935/3536/4255 2937/3537/4255
f 2930/3530/4256 2934/1729/4256 2939/1730/4256
f 2940/3538/4257 2936/3533/4257 2935/3532/4257
f 2940/3538/4258 2941/3539/4258 2936/3533/4258
f 2942/3540/4259 2940/3541/4259 2935/3536/4259
f 2942/3540/4260 2935/3536/4260 2938/3535/4260
f 2942/3540/4261 2930/3530/4261 2939/1730/4261
f 2942/3540/4262 2938/3535/4262 2930/3530/4262
f 2942/3540/4263 2939/1730/4263 1542/1732/4263
f 2943/3542/4264 2941/3539/4264 2940/3538/4264
f 2943/3542/4265 2944/3543/4265 2941/3539/4265
f 2945/3544/4266 2943/3542/4266 2940/3538/4266
f 2946/3545/4267 2940/3541/4267 2942/3540/4267
f 2946/3545/4268 2945/3546/4268 2940/3541/4268
f 2947/3547/4269 2946/3545/4269 2942/3540/4269
f 2947/3547/4270 2942/3540/4270 1542/1732/4270
f 2948/3548/4271 2944/3543/4271 2943/3542/4271
f 2948/3548/4272 2949/3549/4272 2944/3543/4272
f 2945/3550/4273 2948/3551/4273 2943/3552/4273
f 1509/1697/4274 2918/3518/4274 1491/1678/4274
f 2950/3553/4275 2949/3549/4275 2948/3548/4275
f 2950/3553/4276 2951/3554/4276 2949/3549/4276
f 2947/3547/4277 1542/1732/4277 2952/3555/4277
f 2953/3556/4278 2950/3553/4278 2948/3548/4278
f 2953/3556/4279 2948/3548/4279 2945/3544/4279
f 2954/3557/4280 2945/3546/4280 2946/3545/4280
f 2954/3557/4281 2953/3558/4281 2945/3546/4281
f 2955/3559/4282 2956/3560/4282 2957/3561/4282
f 2958/3562/4283 2947/3547/4283 2952/3555/4283
f 2958/3562/4284 2954/3557/4284 2946/3545/4284
f 2958/3562/4285 2946/3545/4285 2947/3547/4285
f 2950/3553/4286 2959/3563/4286 2951/3554/4286
f 2960/3564/4287 1501/1689/4287 1505/1693/4287
f 2958/3562/4288 2952/3555/4288 2961/3565/4288
f 2962/3566/4289 2959/3563/4289 2950/3553/4289
f 2963/3567/4290 2960/3564/4290 1505/1693/4290
f 2963/3567/4291 2964/3568/4291 2960/3564/4291
f 2965/3569/4292 2966/3570/4292 2956/3571/4292
f 2965/3569/4293 2956/3571/4293 2955/3572/4293
f 2967/3573/4294 2950/3553/4294 2953/3556/4294
f 2967/3573/4295 2962/3566/4295 2950/3553/4295
f 2965/3574/4296 2955/3559/4296 2968/3575/4296
f 2958/3562/4297 2961/3565/4297 2969/3576/4297
f 2970/3577/4298 2968/3575/4298 2964/3568/4298
f 2970/3577/4299 2965/3574/4299 2968/3575/4299
f 2962/3566/4300 2971/3578/4300 2959/3563/4300
f 2972/3579/4301 2967/3580/4301 2953/3558/4301
f 2972/3579/4302 2953/3558/4302 2954/3557/4302
f 2963/3567/4303 1505/1693/4303 1519/1708/4303
f 2963/3567/4304 2970/3577/4304 2964/3568/4304
f 2973/3581/4305 2974/3582/4305 2966/3570/4305
f 2958/3562/4306 2972/3579/4306 2954/3557/4306
f 2973/3581/4307 2966/3570/4307 2965/3569/4307
f 2958/3562/4308 2969/3576/4308 2975/3583/4308
f 2976/3584/4309 2971/3578/4309 2962/3566/4309
f 2970/3577/4310 2973/3585/4310 2965/3574/4310
f 2976/3586/4311 2962/3587/4311 2967/3580/4311
f 2977/3588/4312 2976/3586/4312 2967/3580/4312
f 2977/3588/4313 2967/3580/4313 2972/3579/4313
f 2978/3589/4314 2979/3590/4314 2974/3582/4314
f 2978/3589/4315 2974/3582/4315 2973/3581/4315
f 2980/3591/4316 2975/3583/4316 1507/1695/4316
f 2980/3591/4317 2958/3562/4317 2975/3583/4317
f 2980/3591/4318 2972/3579/4318 2958/3562/4318
f 2980/3591/4319 2977/3588/4319 2972/3579/4319
f 2981/3592/4320 2978/3593/4320 2973/3585/4320
f 2982/3594/4321 2971/3578/4321 2976/3584/4321
f 2982/3594/4322 2983/3595/4322 2971/3578/4322
f 2984/3596/4323 2973/3585/4323 2970/3577/4323
f 2984/3596/4324 2981/3592/4324 2973/3585/4324
f 2985/3597/4325 2970/3577/4325 2963/3567/4325
f 2985/3597/4326 1519/1708/4326 2986/1666/4326
f 2985/3597/4327 2963/3567/4327 1519/1708/4327
f 2985/3597/4328 2984/3596/4328 2970/3577/4328
f 2978/3589/4329 2987/3598/4329 2979/3590/4329
f 2977/3588/4330 2982/3599/4330 2976/3586/4330
f 2980/3591/4331 1507/1695/4331 2988/3600/4331
f 2989/3601/4332 2983/3595/4332 2982/3594/4332
f 2989/3601/4333 2990/3602/4333 2983/3595/4333
f 2991/3603/4334 2987/3598/4334 2978/3589/4334
f 2991/3603/4335 2992/3604/4335 2987/3598/4335
f 2985/3597/4336 2986/1666/4336 2993/1665/4336
f 2994/3605/4337 2978/3589/4337 2981/3606/4337
f 2994/3605/4338 2991/3603/4338 2978/3589/4338
f 2920/3520/4339 2982/3599/4339 2977/3588/4339
f 2920/3520/4340 2989/3607/4340 2982/3599/4340
f 2995/3608/4341 2981/3592/4341 2984/3596/4341
f 2995/3608/4342 2994/3609/4342 2981/3592/4342
f 2996/3610/4343 2985/3597/4343 2993/1665/4343
f 2997/3611/4344 2988/3600/4344 1491/1678/4344
f 2996/3610/4345 2993/1665/4345 2998/3612/4345
f 2997/3611/4346 2980/3591/4346 2988/3600/4346
f 2996/3610/4347 2984/3596/4347 2985/3597/4347
f 2997/3611/4348 2920/3520/4348 2977/3588/4348
f 2996/3610/4349 2995/3608/4349 2984/3596/4349
f 2997/3611/4350 2977/3588/4350 2980/3591/4350
f 2999/3613/4351 2923/3523/4351 2922/3522/4351
f 2991/3603/4352 3000/3614/4352 2992/3604/4352
f 2923/3523/4353 2990/3615/4353 2989/3607/4353
f 2923/3523/4354 2999/3613/4354 2990/3615/4354
f 3001/3616/4355 3000/3614/4355 2991/3603/4355
f 3001/3616/4356 3002/3617/4356 3000/3614/4356
f 2920/3520/4357 2923/3523/4357 2989/3607/4357
f 2920/3520/4358 2919/3519/4358 2923/3523/4358
f 2996/3610/4359 2998/3612/4359 3003/3618/4359
f 2997/3611/4360 2918/3518/4360 2920/3520/4360
f 2997/3611/4361 1491/1678/4361 2918/3518/4361
f 3004/3619/4362 2991/3603/4362 2994/3605/4362
f 3004/3619/4363 3001/3616/4363 2991/3603/4363
f 2996/3610/4364 3003/3618/4364 3005/3620/4364
f 3006/3621/4365 2994/3609/4365 2995/3608/4365
f 3006/3621/4366 3004/3622/4366 2994/3609/4366
f 2996/3610/4367 3006/3621/4367 2995/3608/4367
f 2996/3610/4368 3005/3620/4368 3007/3623/4368
f 3008/3624/4369 3009/3625/4369 3002/3617/4369
f 3008/3624/4370 3002/3617/4370 3001/3616/4370
f 3010/3626/4371 3008/3624/4371 3001/3616/4371
f 3010/3627/4372 3001/3628/4372 3004/3622/4372
f 3011/3629/4373 3004/3622/4373 3006/3621/4373
f 3011/3629/4374 3010/3627/4374 3004/3622/4374
f 2931/3531/4375 3007/3623/4375 3012/1722/4375
f 2931/3531/4376 2996/3610/4376 3007/3623/4376
f 2931/3531/4377 3006/3621/4377 2996/3610/4377
f 2931/3531/4378 3011/3629/4378 3006/3621/4378
f 3008/3624/4379 3013/3630/4379 3009/3625/4379
f 2931/3531/4380 3012/1722/4380 2932/1724/4380
f 2937/3631/4381 3014/3632/4381 3013/3630/4381
f 2937/3631/4382 3013/3630/4382 3008/3624/4382
f 2937/3534/4383 2936/3533/4383 3014/3633/4383
f 2937/3537/4384 3008/3634/4384 3010/3627/4384
f 2938/3535/4385 3010/3627/4385 3011/3629/4385
f 2938/3535/4386 2937/3537/4386 3010/3627/4386
f 2930/3530/4387 2932/1724/4387 2933/1727/4387
f 2930/3530/4388 3011/3629/4388 2931/3531/4388
f 2930/3530/4389 2938/3535/4389 3011/3629/4389
f 3015/3635/4390 3016/3636/4390 1501/1689/4390
f 3017/3637/4391 2775/3343/4391 3018/3638/4391
f 3017/3637/4392 2903/3496/4392 2847/3420/4392
f 3017/3637/4393 3018/3638/4393 2903/3496/4393
f 3016/3636/4394 3018/3638/4394 1483/1670/4394
f 3016/3636/4395 3019/3639/4395 3018/3638/4395
f 3016/3636/4396 3015/3635/4396 3019/3639/4396
f 2903/3496/4397 2901/3492/4397 2900/3491/4397
f 2847/3420/4398 2903/3496/4398 2894/3485/4398
f 3017/3637/4399 2788/3356/4399 2775/3343/4399
f 3017/3637/4400 2847/3420/4400 2788/3356/4400
f 2903/3496/4401 3020/3640/4401 2901/3492/4401
f 3018/3638/4402 2775/3343/4402 1500/1688/4402
f 3021/3641/4403 3020/3640/4403 2903/3496/4403
f 3021/3641/4404 2903/3496/4404 3018/3638/4404
f 3019/3639/4405 3021/3641/4405 3018/3638/4405
f 3019/3639/4406 3020/3640/4406 3021/3641/4406
f 3018/3638/4407 1500/1688/4407 1483/1670/4407
f 3019/3639/4408 2957/3561/4408 3020/3640/4408
f 3016/3636/4409 1483/1670/4409 1501/1689/4409
f 3015/3635/4410 2955/3559/4410 2957/3561/4410
f 3015/3635/4411 2968/3575/4411 2955/3559/4411
f 3015/3635/4412 2957/3561/4412 3019/3639/4412
f 3015/3635/4413 2964/3568/4413 2968/3575/4413
f 3015/3635/4414 2960/3564/4414 2964/3568/4414
f 3015/3635/4415 1501/1689/4415 2960/3564/4415
f 3022/3642/4416 3023/3643/4416 3024/3644/4416
f 3022/3642/4417 3025/3645/4417 3023/3643/4417
f 3026/3646/4418 3022/3647/4418 3027/3648/4418
f 3026/3649/4419 3028/3650/4419 3025/3645/4419
f 3026/3649/4420 3025/3645/4420 3022/3642/4420
f 3029/3651/4421 3030/3652/4421 3031/3653/4421
f 3029/3651/4422 3027/3648/4422 3030/3652/4422
f 3029/3651/4423 3026/3646/4423 3027/3648/4423
f 3029/3654/4424 3032/3655/4424 3028/3650/4424
f 3029/3654/4425 3028/3650/4425 3026/3649/4425
f 3033/3656/4426 3031/3653/4426 3034/3657/4426
f 3033/3656/4427 3029/3651/4427 3031/3653/4427
f 3035/3658/4428 3029/3651/4428 3033/3656/4428
f 3035/3659/4429 3032/3655/4429 3029/3654/4429
f 3035/3659/4430 3036/3660/4430 3032/3655/4430
f 3037/3661/4431 3033/3656/4431 3034/3657/4431
f 3037/3661/4432 3034/3657/4432 3038/3662/4432
f 3037/3661/4433 3035/3658/4433 3033/3656/4433
f 3037/3663/4434 3036/3660/4434 3035/3659/4434
f 3037/3663/4435 3039/3664/4435 3036/3660/4435
f 3040/3665/4436 3038/3662/4436 3041/3666/4436
f 3040/3665/4437 3037/3661/4437 3038/3662/4437
f 3040/3667/4438 3039/3664/4438 3037/3663/4438
f 3042/3668/4439 3041/3666/4439 3043/3669/4439
f 3042/3668/4440 3040/3665/4440 3041/3666/4440
f 3042/3670/4441 3039/3664/4441 3040/3667/4441
f 3042/3670/4442 3044/3671/4442 3039/3664/4442
f 3045/3672/4443 3043/3669/4443 3046/3673/4443
f 3045/3672/4444 3042/3668/4444 3043/3669/4444
f 3047/3674/4445 3042/3668/4445 3045/3672/4445
f 3048/3675/4446 3044/3676/4446 3042/3668/4446
f 3048/3675/4447 3042/3668/4447 3047/3674/4447
f 3049/3677/4448 2888/3678/4448 2901/3679/4448
f 3047/3674/4449 2855/3434/4449 3048/3675/4449
f 3050/3680/4450 3051/3681/4450 3052/3682/4450
f 3050/3680/4451 3049/3683/4451 3051/3681/4451
f 3047/3674/4452 3046/3673/4452 3053/3684/4452
f 3047/3674/4453 3045/3672/4453 3046/3673/4453
f 3054/3685/4454 3049/3683/4454 3050/3680/4454
f 3054/3686/4455 2888/3678/4455 3049/3677/4455
f 3054/3686/4456 3055/3687/4456 2888/3678/4456
f 3056/3688/4457 3047/3674/4457 3053/3684/4457
f 3056/3688/4458 2855/3434/4458 3047/3674/4458
f 3057/3689/4459 3049/3683/4459 2901/3492/4459
f 3057/3689/4460 3051/3681/4460 3049/3683/4460
f 3057/3689/4461 3058/3690/4461 3051/3681/4461
f 3050/3680/4462 3052/3682/4462 3059/3691/4462
f 3060/3692/4463 3054/3685/4463 3050/3680/4463
f 3060/3693/4464 3055/3687/4464 3054/3686/4464
f 3061/3694/4465 3060/3692/4465 3050/3680/4465
f 3061/3694/4466 3050/3680/4466 3059/3691/4466
f 3061/3695/4467 3062/3696/4467 3055/3687/4467
f 3061/3695/4468 3063/3697/4468 3062/3696/4468
f 3061/3695/4469 3055/3687/4469 3060/3693/4469
f 3064/3698/4470 3065/3699/4470 3066/3700/4470
f 3064/3698/4471 3059/3691/4471 3065/3699/4471
f 3067/3701/4472 3059/3691/4472 3064/3698/4472
f 3067/3701/4473 3061/3694/4473 3059/3691/4473
f 3067/3702/4474 3063/3697/4474 3061/3695/4474
f 3068/3703/4475 3064/3698/4475 3066/3700/4475
f 3069/3704/4476 3067/3701/4476 3064/3698/4476
f 3069/3704/4477 3064/3698/4477 3068/3703/4477
f 3069/3705/4478 3070/3706/4478 3063/3697/4478
f 3069/3705/4479 3063/3697/4479 3067/3702/4479
f 3071/3707/4480 3069/3704/4480 3068/3703/4480
f 3071/3708/4481 3070/3706/4481 3069/3705/4481
f 3071/3708/4482 3072/3709/4482 3070/3706/4482
f 3073/3710/4483 3068/3703/4483 3066/3700/4483
f 3074/3711/4484 3068/3703/4484 3073/3710/4484
f 3074/3711/4485 3071/3707/4485 3068/3703/4485
f 3073/3710/4486 3066/3700/4486 3075/3712/4486
f 3076/3713/4487 3072/3709/4487 3071/3708/4487
f 3076/3713/4488 3071/3708/4488 3074/3714/4488
f 3077/3715/4489 3073/3710/4489 3075/3712/4489
f 3077/3715/4490 3074/3711/4490 3073/3710/4490
f 3078/3716/4491 3074/3711/4491 3077/3715/4491
f 3078/3717/4492 3079/3718/4492 3076/3713/4492
f 3078/3717/4493 3076/3713/4493 3074/3714/4493
f 3078/3717/4494 3080/3719/4494 3079/3718/4494
f 3081/3720/4495 3077/3715/4495 3075/3712/4495
f 3082/3721/4496 3077/3715/4496 3081/3720/4496
f 3082/3721/4497 3078/3716/4497 3077/3715/4497
f 3082/3722/4498 3080/3719/4498 3078/3717/4498
f 3082/3722/4499 2917/3723/4499 3080/3719/4499
f 3081/3720/4500 3075/3712/4500 3083/3724/4500
f 3084/3725/4501 3082/3721/4501 3081/3720/4501
f 3084/3726/4502 2917/3723/4502 3082/3722/4502
f 3085/3727/4503 3081/3720/4503 3083/3724/4503
f 3086/3728/4504 3084/3725/4504 3081/3720/4504
f 3086/3728/4505 3081/3720/4505 3085/3727/4505
f 3086/3729/4506 3087/3730/4506 2917/3731/4506
f 3086/3729/4507 2917/3731/4507 3084/3732/4507
f 3024/3733/4508 3086/3728/4508 3085/3727/4508
f 3024/3644/4509 3087/3730/4509 3086/3729/4509
f 3024/3644/4510 3023/3643/4510 3087/3730/4510
f 3027/3648/4511 3083/3724/4511 3030/3652/4511
f 3027/3648/4512 3085/3727/4512 3083/3724/4512
f 3022/3647/4513 3024/3733/4513 3085/3727/4513
f 3022/3647/4514 3085/3727/4514 3027/3648/4514
f 2928/3528/4515 3088/3734/4515 2922/3522/4515
f 3056/3688/4516 2928/3528/4516 2855/3434/4516
f 3046/3673/4517 3089/3735/4517 3053/3684/4517
f 2928/3528/4518 3090/3736/4518 3088/3734/4518
f 3053/3684/4519 3090/3736/4519 2928/3528/4519
f 3053/3684/4520 3089/3735/4520 3090/3736/4520
f 3053/3684/4521 2928/3528/4521 3056/3688/4521
f 3091/3737/4522 3092/3738/4522 3093/3739/4522
f 3091/3737/4523 3094/3740/4523 3092/3738/4523
f 3095/3741/4524 3091/3742/4524 3096/3743/4524
f 3095/3744/4525 3097/3745/4525 3094/3740/4525
f 3095/3744/4526 3094/3740/4526 3091/3737/4526
f 3098/3746/4527 3099/3747/4527 3100/3748/4527
f 3098/3746/4528 3096/3743/4528 3099/3747/4528
f 3098/3746/4529 3095/3741/4529 3096/3743/4529
f 3098/3749/4530 3101/3750/4530 3097/3745/4530
f 3098/3749/4531 3097/3745/4531 3095/3744/4531
f 3102/3751/4532 3100/3748/4532 3103/3752/4532
f 3102/3751/4533 3098/3746/4533 3100/3748/4533
f 3104/3753/4534 3098/3746/4534 3102/3751/4534
f 3104/3754/4535 3101/3750/4535 3098/3749/4535
f 3104/3754/4536 3105/3755/4536 3101/3750/4536
f 3106/3756/4537 3102/3751/4537 3103/3752/4537
f 3106/3756/4538 3103/3752/4538 3107/3757/4538
f 3106/3756/4539 3104/3753/4539 3102/3751/4539
f 3106/3758/4540 3105/3755/4540 3104/3754/4540
f 3106/3758/4541 3108/3759/4541 3105/3755/4541
f 3109/3760/4542 3107/3757/4542 3110/3761/4542
f 3109/3760/4543 3106/3756/4543 3107/3757/4543
f 3109/3762/4544 3108/3759/4544 3106/3758/4544
f 3111/3763/4545 3110/3761/4545 3112/3764/4545
f 3111/3763/4546 3109/3760/4546 3110/3761/4546
f 3111/3765/4547 3108/3759/4547 3109/3762/4547
f 3111/3765/4548 3113/3766/4548 3108/3759/4548
f 3114/3767/4549 3112/3764/4549 3115/3768/4549
f 3114/3767/4550 3111/3763/4550 3112/3764/4550
f 3116/3769/4551 3111/3763/4551 3114/3767/4551
f 3117/3770/4552 3113/3771/4552 3111/3763/4552
f 3117/3770/4553 3111/3763/4553 3116/3769/4553
f 3118/3772/4554 2990/3773/4554 2922/3774/4554
f 3116/3769/4555 2957/3561/4555 3117/3770/4555
f 3119/3775/4556 3115/3768/4556 3120/3776/4556
f 3121/3777/4557 3122/3778/4557 3123/3779/4557
f 3121/3777/4558 3118/3780/4558 3122/3778/4558
f 3119/3775/4559 3114/3767/4559 3115/3768/4559
f 3119/3775/4560 2957/3561/4560 3116/3769/4560
f 3119/3775/4561 3116/3769/4561 3114/3767/4561
f 3124/3781/4562 3118/3780/4562 3121/3777/4562
f 3124/3781/4563 2990/3615/4563 3118/3780/4563
f 3124/3782/4564 3125/3783/4564 2990/3784/4564
f 3088/3734/4565 3118/3780/4565 2922/3522/4565
f 3088/3734/4566 3122/3778/4566 3118/3780/4566
f 3088/3734/4567 3090/3736/4567 3122/3778/4567
f 3121/3777/4568 3123/3779/4568 3126/3785/4568
f 3127/3786/4569 3124/3781/4569 3121/3777/4569
f 3127/3787/4570 3125/3783/4570 3124/3782/4570
f 3128/3788/4571 3121/3777/4571 3126/3785/4571
f 3128/3788/4572 3127/3786/4572 3121/3777/4572
f 3128/3789/4573 3129/3790/4573 3125/3783/4573
f 3128/3789/4574 3130/3791/4574 3129/3790/4574
f 3128/3789/4575 3125/3783/4575 3127/3787/4575
f 3131/3792/4576 3132/3793/4576 3133/3794/4576
f 3131/3792/4577 3126/3785/4577 3132/3793/4577
f 3134/3795/4578 3126/3785/4578 3131/3792/4578
f 3134/3795/4579 3128/3788/4579 3126/3785/4579
f 3134/3796/4580 3130/3791/4580 3128/3789/4580
f 3135/3797/4581 3131/3792/4581 3133/3794/4581
f 3136/3798/4582 3134/3795/4582 3131/3792/4582
f 3136/3798/4583 3131/3792/4583 3135/3797/4583
f 3136/3799/4584 3137/3800/4584 3130/3791/4584
f 3136/3799/4585 3130/3791/4585 3134/3796/4585
f 3138/3801/4586 3136/3798/4586 3135/3797/4586
f 3138/3802/4587 3137/3800/4587 3136/3799/4587
f 3138/3802/4588 3139/3803/4588 3137/3800/4588
f 3140/3804/4589 3135/3797/4589 3133/3794/4589
f 3141/3805/4590 3135/3797/4590 3140/3804/4590
f 3141/3805/4591 3138/3801/4591 3135/3797/4591
f 3140/3804/4592 3133/3794/4592 3142/3806/4592
f 3143/3807/4593 3139/3803/4593 3138/3802/4593
f 3143/3807/4594 3138/3802/4594 3141/3808/4594
f 3144/3809/4595 3140/3804/4595 3142/3806/4595
f 3144/3809/4596 3141/3805/4596 3140/3804/4596
f 3145/3810/4597 3141/3805/4597 3144/3809/4597
f 3145/3811/4598 3146/3812/4598 3143/3807/4598
f 3145/3811/4599 3143/3807/4599 3141/3808/4599
f 3145/3811/4600 3147/3813/4600 3146/3812/4600
f 3148/3814/4601 3144/3809/4601 3142/3806/4601
f 3149/3815/4602 3144/3809/4602 3148/3814/4602
f 3149/3815/4603 3145/3810/4603 3144/3809/4603
f 3149/3816/4604 3147/3813/4604 3145/3811/4604
f 3149/3816/4605 3150/3817/4605 3147/3813/4605
f 3151/3818/4606 3149/3815/4606 3148/3814/4606
f 3151/3819/4607 3150/3817/4607 3149/3816/4607
f 3152/3820/4608 3148/3814/4608 3142/3806/4608
f 3152/3820/4609 3142/3806/4609 3153/3821/4609
f 3154/3822/4610 3151/3818/4610 3148/3814/4610
f 3154/3822/4611 3148/3814/4611 3152/3820/4611
f 3154/3823/4612 3155/3824/4612 3150/3825/4612
f 3154/3823/4613 3150/3825/4613 3151/3826/4613
f 3093/3827/4614 3154/3822/4614 3152/3820/4614
f 3093/3739/4615 3155/3824/4615 3154/3823/4615
f 3093/3739/4616 3092/3738/4616 3155/3824/4616
f 3096/3743/4617 3153/3821/4617 3099/3747/4617
f 3096/3743/4618 3152/3820/4618 3153/3821/4618
f 3091/3742/4619 3093/3827/4619 3152/3820/4619
f 3091/3742/4620 3152/3820/4620 3096/3743/4620
f 3156/3828/4621 3120/3776/4621 3115/3768/4621
f 3020/3640/4622 3058/3690/4622 3057/3689/4622
f 3020/3640/4623 3119/3775/4623 3120/3776/4623
f 3020/3640/4624 3120/3776/4624 3156/3828/4624
f 3020/3640/4625 3156/3828/4625 3058/3690/4625
f 3020/3640/4626 3057/3689/4626 2901/3492/4626
f 3020/3640/4627 2957/3561/4627 3119/3775/4627
f 2114/2407/4628 3066/3700/4628 3065/3699/4628
f 2117/2410/4629 2114/2407/4629 3065/3699/4629
f 2117/2410/4630 3065/3699/4630 3059/3691/4630
f 2111/2404/4631 3066/3700/4631 2114/2407/4631
f 2119/2412/4632 3059/3691/4632 3052/3682/4632
f 2119/2412/4633 2117/2410/4633 3059/3691/4633
f 2111/2404/4634 3075/3712/4634 3066/3700/4634
f 2122/2415/4635 2119/2412/4635 3052/3682/4635
f 2122/2415/4636 3052/3682/4636 3051/3681/4636
f 2108/2401/4637 3075/3712/4637 2111/2404/4637
f 2125/2418/4638 2122/2415/4638 3051/3681/4638
f 2106/2399/4639 3075/3712/4639 2108/2401/4639
f 2127/2420/4640 3051/3681/4640 3058/3690/4640
f 2127/2420/4641 2125/2418/4641 3051/3681/4641
f 2103/2396/4642 3083/3724/4642 3075/3712/4642
f 2103/2396/4643 3075/3712/4643 2106/2399/4643
f 2130/2423/4644 2127/2420/4644 3058/3690/4644
f 543/603/4645 3083/3724/4645 2103/2396/4645
f 542/602/4646 3083/3724/4646 543/603/4646
f 3030/3652/4647 3083/3724/4647 542/602/4647
f 540/599/4648 3030/3652/4648 542/602/4648
f 3156/3828/4649 2133/2426/4649 2130/2423/4649
f 3156/3828/4650 2130/2423/4650 3058/3690/4650
f 2137/2430/4651 2133/2426/4651 3156/3828/4651
f 3031/3653/4652 3030/3652/4652 540/599/4652
f 536/595/4653 3031/3653/4653 540/599/4653
f 3034/3657/4654 3031/3653/4654 536/595/4654
f 3038/3662/4655 3034/3657/4655 536/595/4655
f 534/593/4656 3038/3662/4656 536/595/4656
f 3041/3666/4657 3038/3662/4657 534/593/4657
f 2168/2469/4658 2170/2471/4658 3156/3828/4658
f 2143/2439/4659 2137/2430/4659 3156/3828/4659
f 2143/2439/4660 547/608/4660 2137/2430/4660
f 2143/2439/4661 3156/3828/4661 2170/2471/4661
f 2166/2467/4662 2168/2469/4662 3156/3828/4662
f 2140/2436/4663 547/608/4663 2143/2439/4663
f 2140/2436/4664 548/609/4664 547/608/4664
f 2164/2465/4665 2166/2467/4665 3156/3828/4665
f 3157/3669/4666 3041/3666/4666 534/593/4666
f 2146/2444/4667 548/609/4667 2140/2436/4667
f 572/638/4668 3157/3669/4668 534/593/4668
f 3115/3768/4669 2164/2465/4669 3156/3828/4669
f 3115/3768/4670 2162/2463/4670 2164/2465/4670
f 2151/2450/4671 548/609/4671 2146/2444/4671
f 2151/2450/4672 550/617/4672 548/609/4672
f 3046/3673/4673 3157/3669/4673 572/638/4673
f 571/636/4674 3046/3673/4674 572/638/4674
f 2160/2460/4675 2162/2463/4675 3115/3768/4675
f 567/632/4676 3046/3673/4676 571/636/4676
f 2157/2456/4677 550/617/4677 2151/2450/4677
f 2157/2456/4678 555/619/4678 550/617/4678
f 2158/2458/4679 3115/3768/4679 3158/3764/4679
f 2158/2458/4680 2160/2460/4680 3115/3768/4680
f 498/553/4681 555/619/4681 2157/2456/4681
f 498/553/4682 557/622/4682 555/619/4682
f 2155/2454/4683 3158/3764/4683 3110/3761/4683
f 2155/2454/4684 2158/2458/4684 3158/3764/4684
f 498/553/4685 559/624/4685 557/622/4685
f 2153/2452/4686 3110/3761/4686 3107/3757/4686
f 2153/2452/4687 2155/2454/4687 3110/3761/4687
f 3103/3752/4688 2153/2452/4688 3107/3757/4688
f 502/559/4689 559/624/4689 498/553/4689
f 2149/2448/4690 2153/2452/4690 3103/3752/4690
f 3100/3748/4691 2149/2448/4691 3103/3752/4691
f 2145/2446/4692 2149/2448/4692 3100/3748/4692
f 3089/3735/4689 559/624/4689 502/559/4689
f 3089/3735/4693 3046/3673/4693 567/632/4693
f 3089/3735/4694 562/627/4694 559/624/4694
f 3089/3735/4695 567/632/4695 562/627/4695
f 3099/3747/4696 2145/2446/4696 3100/3748/4696
f 505/563/4697 3089/3735/4697 502/559/4697
f 507/565/4698 3089/3735/4698 505/563/4698
f 516/574/4699 2145/2446/4699 3099/3747/4699
f 3153/3821/4700 516/574/4700 3099/3747/4700
f 511/569/4701 3089/3735/4701 507/565/4701
f 509/567/4702 516/574/4702 3153/3821/4702
f 503/561/4703 509/567/4703 3153/3821/4703
f 3090/3736/4704 3089/3735/4704 511/569/4704
f 3090/3736/4705 513/571/4705 517/575/4705
f 3090/3736/4706 511/569/4706 513/571/4706
f 3142/3806/4707 503/561/4707 3153/3821/4707
f 3122/3778/4708 3090/3736/4708 517/575/4708
f 3122/3778/4709 517/575/4709 519/577/4709
f 499/555/4710 503/561/4710 3142/3806/4710
f 3123/3779/4711 3122/3778/4711 519/577/4711
f 3123/3779/4712 519/577/4712 520/579/4712
f 3142/3806/4713 501/558/4713 499/555/4713
f 3123/3779/4714 520/579/4714 522/581/4714
f 3133/3794/4715 501/558/4715 3142/3806/4715
f 3133/3794/4716 528/587/4716 501/558/4716
f 3126/3785/4717 3123/3779/4717 522/581/4717
f 3126/3785/4718 522/581/4718 524/583/4718
f 3133/3794/4719 526/585/4719 528/587/4719
f 3132/3793/4720 3126/3785/4720 524/583/4720
f 3133/3794/4721 524/583/4721 526/585/4721
f 3133/3794/4722 3132/3793/4722 524/583/4722
f 3159/3829/4723 3160/3830/4723 3161/3831/4723
f 3162/3832/4724 25/25/4724 2/2/4724
f 3162/3832/4725 19/19/4725 25/25/4725
f 3162/3832/4726 3159/3829/4726 3161/3831/4726
f 3162/3832/4727 3161/3831/4727 3163/3833/4727
f 3162/3832/4728 3163/3833/4728 19/19/4728
f 3164/3834/4729 3165/3835/4729 2109/3836/4729
f 3164/3834/4730 2109/3836/4730 3166/3837/4730
f 3164/3834/4731 3166/3837/4731 3167/3838/4731
f 3164/3834/4732 3167/3838/4732 3159/3829/4732
f 3164/3834/4724 3162/3832/4724 2/2/4724
f 3164/3834/4733 3159/3829/4733 3162/3832/4733
f 3164/3834/4734 2/2/4734 3165/3835/4734
f 8/8/4735 552/3839/4735 3168/9/4735
f 3169/11/4736 3165/3835/4736 2/2/4736
f 3170/3840/4737 2136/3841/4737 3171/3842/4737
f 3170/3840/4738 3171/3842/4738 552/3839/4738
f 3170/3840/4739 552/3839/4739 8/8/4739
f 3170/3840/4740 3172/3843/4740 2136/3841/4740
f 3173/3844/4741 3174/3845/4741 3175/3846/4741
f 3173/3844/4742 3175/3846/4742 3176/3847/4742
f 3173/3844/4743 3176/3847/4743 3177/3848/4743
f 3173/3844/4744 3177/3848/4744 3172/3843/4744
f 3178/3849/4745 8/8/4745 16/16/4745
f 3178/3849/4746 3172/3843/4746 3170/3840/4746
f 3178/3849/4745 3170/3840/4745 8/8/4745
f 3178/3849/4747 3173/3844/4747 3172/3843/4747
f 3161/3831/4748 3160/3830/4748 2123/3850/4748
f 3161/3831/4749 2123/3850/4749 3174/3845/4749
f 3161/3831/4750 3174/3845/4750 3173/3844/4750
f 3163/3833/4751 16/16/4751 19/19/4751
f 3163/3833/4752 3173/3844/4752 3178/3849/4752
f 3163/3833/4753 3161/3831/4753 3173/3844/4753
f 3163/3833/4754 3178/3849/4754 16/16/4754
f 3159/3829/4755 3179/3851/4755 3160/3830/4755
f 2101/3852/3893 575/3853/3893 574/3854/3893
f 2101/3852/3893 2098/3855/3893 2096/3856/3893
f 2101/3852/3893 585/3857/3893 580/3858/3893
f 2101/3852/3893 580/3858/3893 575/3853/3893
f 2101/3852/3893 2096/3856/3893 585/3857/3893
f 585/3857/3893 583/3859/3893 582/3860/3893
f 585/3857/3893 582/3860/3893 580/3858/3893
f 575/3853/3893 580/3858/3893 578/3861/3893
f 2096/3856/3893 2094/3862/3893 585/3857/3893
f 2091/3863/3893 588/3864/3893 587/3865/3893
f 2091/3863/3893 599/3866/3893 595/3867/3893
f 2091/3863/3893 595/3867/3893 588/3864/3893
f 2091/3863/3893 2086/3868/3893 599/3866/3893
f 2091/3863/3893 2089/3869/3893 2086/3868/3893
f 599/3866/3893 597/3870/3893 595/3867/3893
f 588/3864/3893 595/3867/3893 593/3871/3893
f 588/3864/3893 593/3871/3893 591/3872/3893
f 2086/3868/3893 2084/3873/3893 599/3866/3893
f 2081/3874/3893 604/3875/3893 601/3876/3893
f 2079/3877/3893 604/3875/3893 2081/3874/3893
f 2079/3877/3893 2077/3878/3893 2075/3879/3893
f 2079/3877/3893 613/3880/3893 608/3881/3893
f 2079/3877/3893 608/3881/3893 604/3875/3893
f 2079/3877/3893 2075/3879/3893 613/3880/3893
f 613/3880/3893 611/3882/3893 608/3881/3893
f 604/3875/3893 608/3881/3893 606/3883/3893
f 2075/3879/3893 2073/3884/3893 613/3880/3893
f 601/3876/3893 604/3875/3893 602/3885/3893
f 3180/3886/4756 178/3887/4756 3181/3888/4756
f 177/3889/4757 3180/3886/4757 3181/3888/4757
f 3182/3890/4758 53/55/4758 54/56/4758
f 3182/3890/4759 54/56/4759 55/57/4759
f 3183/3891/4760 53/3892/4760 3182/3893/4760
f 187/3894/4761 53/3895/4761 3183/3896/4761
f 185/3897/4762 187/3898/4762 3183/3899/4762
f 3184/3900/4763 184/3901/4763 185/3902/4763
f 3185/3903/4764 184/3901/4764 3184/3900/4764
f 46/3904/4765 184/3901/4765 3185/3903/4765
f 3186/3905/4766 46/3906/4766 3185/3907/4766
f 3187/3908/4767 46/3906/4767 3186/3905/4767
f 178/3887/4768 3187/3908/4768 3186/3905/4768
f 3181/3888/4769 178/3887/4769 3186/3905/4769
f 3188/3909/4770 121/3910/4770 122/3911/4770
f 94/3912/4771 93/3913/4771 3189/3914/4771
f 122/3911/4772 94/3912/4772 3189/3914/4772
f 3190/3915/4773 143/3916/4773 3191/3917/4773
f 3188/3909/4774 122/3911/4774 3189/3914/4774
f 3192/3918/4775 3190/3919/4775 3191/3920/4775
f 140/3921/4776 3190/3922/4776 3192/3923/4776
f 3193/3924/4777 140/146/4777 3192/3925/4777
f 3194/3926/4778 140/3927/4778 3193/3928/4778
f 3195/3929/4779 3194/3930/4779 3193/3931/4779
f 133/3932/4780 3194/3930/4780 3195/3929/4780
f 3196/3933/4781 133/3932/4781 3195/3929/4781
f 134/3934/4782 133/3932/4782 3196/3933/4782
f 3197/151/4783 146/152/4783 3198/3935/4783
f 95/3936/4784 3197/3937/4784 3198/3938/4784
f 93/95/4785 95/97/4785 3198/3935/4785
f 3191/3939/4786 143/149/4786 147/153/4786
f 1547/1738/4787 1551/1742/4787 155/161/4787
f 1547/1738/4788 155/161/4788 154/160/4788
f 1550/1741/4789 154/160/4789 156/162/4789
f 1550/1741/4790 1547/1738/4790 154/160/4790
f 57/59/4791 177/187/4791 3181/3940/4791
f 1596/1793/4792 156/162/4792 162/168/4792
f 1596/1793/4793 1550/1741/4793 156/162/4793
f 1594/1791/4794 1596/1793/4794 162/168/4794
f 1592/1787/4795 162/168/4795 161/167/4795
f 3183/3941/4796 3184/3942/4796 185/195/4796
f 1592/1787/4797 1594/1791/4797 162/168/4797
f 56/58/4798 57/59/4798 3181/3940/4798
f 1590/1785/4799 161/171/4799 163/170/4799
f 1590/1785/4800 1592/1790/4800 161/171/4800
f 3183/3941/4801 3199/3943/4801 3184/3942/4801
f 1588/1783/4802 163/170/4802 169/179/4802
f 1588/1783/4803 1590/1785/4803 163/170/4803
f 55/57/4804 3200/3944/4804 3186/3945/4804
f 55/57/4805 3181/3940/4805 3200/3944/4805
f 55/57/4806 56/58/4806 3181/3940/4806
f 1586/1781/4807 169/179/4807 168/178/4807
f 3201/3946/4808 3185/3947/4808 3199/3943/4808
f 1586/1781/4809 1588/1783/4809 169/179/4809
f 3201/3946/4810 3199/3943/4810 3183/3941/4810
f 1583/1776/4811 168/178/4811 170/180/4811
f 1583/1776/4812 1586/1781/4812 168/178/4812
f 3202/3948/4813 55/57/4813 3186/3945/4813
f 3203/3949/4814 3185/3947/4814 3201/3946/4814
f 3203/3949/4815 3204/3950/4815 3185/3947/4815
f 3203/3949/4816 3186/3945/4816 3204/3950/4816
f 146/152/4817 134/140/4817 3196/3951/4817
f 3203/3949/4818 3202/3948/4818 3186/3945/4818
f 146/152/4819 3196/3951/4819 3205/3952/4819
f 3198/3935/4820 3205/3952/4820 3193/3924/4820
f 3198/3935/4821 146/152/4821 3205/3952/4821
f 1579/1772/4822 170/180/4822 173/183/4822
f 1579/1772/4823 1583/1776/4823 170/180/4823
f 3206/3953/4824 3198/3935/4824 3193/3924/4824
f 3207/3954/4825 3193/3924/4825 3192/3925/4825
f 3207/3954/4826 3206/3953/4826 3193/3924/4826
f 3208/3955/4827 3207/3954/4827 3192/3925/4827
f 3209/3956/4828 3192/3925/4828 3210/3957/4828
f 3209/3956/4829 3208/3955/4829 3192/3925/4829
f 3189/3958/4830 3210/3957/4830 3191/3939/4830
f 3189/3958/4831 3209/3956/4831 3210/3957/4831
f 3211/3959/4832 3189/3958/4832 3191/3939/4832
f 3188/3960/4833 3211/3959/4833 3191/3939/4833
f 3188/3960/4834 3191/3939/4834 147/153/4834
f 121/1746/4835 3188/3960/4835 147/153/4835
f 121/1746/4836 147/153/4836 149/155/4836
f 57/59/4837 173/183/4837 177/187/4837
f 1551/1742/4838 121/1746/4838 149/155/4838
f 1551/1742/4839 149/155/4839 155/161/4839
f 57/59/4840 1579/1772/4840 173/183/4840
f 2070/2344/4841 3212/3961/4841 67/69/4841
f 131/3962/4842 3212/3963/4842 2070/3964/4842
f 2063/3965/4843 131/3962/4843 2070/3964/4843
f 129/3966/4844 131/3962/4844 2063/3965/4844
f 127/3967/4845 129/3966/4845 2063/3965/4845
f 2065/3968/4846 126/3969/4846 127/3970/4846
f 49/3971/4847 126/3969/4847 2065/3968/4847
f 2067/3972/4848 49/3971/4848 2065/3968/4848
f 2071/3973/4849 49/3974/4849 2067/3975/4849
f 50/3976/4850 49/3974/4850 2071/3973/4850
f 638/3977/4851 2504/3978/4851 634/3979/4851
f 640/3980/4852 2504/3978/4852 638/3977/4852
f 2564/3981/4853 2566/3982/4853 639/3983/4853
f 635/3984/4854 2564/3981/4854 639/3983/4854
f 2488/3985/4855 2564/3981/4855 635/3984/4855
f 633/705/4856 2488/2824/4856 635/707/4856
f 2485/3986/4857 2488/3987/4857 633/3988/4857
f 630/3989/4858 2485/3986/4858 633/3988/4858
f 2487/3990/4859 2485/3991/4859 630/3992/4859
f 3213/3993/4860 2487/3994/4860 630/3995/4860
f 626/3996/4861 3213/3993/4861 630/3995/4861
f 2562/3997/4862 3213/3998/4862 626/3999/4862
f 628/4000/4863 2562/3997/4863 626/3999/4863
f 2568/2914/4864 628/700/4864 629/701/4864
f 2502/4001/4865 2568/4002/4865 629/4003/4865
f 2501/4004/4866 2502/4005/4866 629/4006/4866
f 634/3979/4867 2501/4004/4867 629/4006/4867
f 2504/3978/4868 2501/4004/4868 634/3979/4868
f 639/3983/4869 2566/3982/4869 641/4007/4869
f 2506/4008/4870 2505/4009/4870 3214/4010/4870
f 2057/2331/4871 2506/4008/4871 3214/4010/4871
f 3215/4011/4872 650/4012/4872 649/4013/4872
f 2056/2329/4873 2057/2331/4873 3214/4010/4873
f 3216/4014/4874 3215/4015/4874 649/4016/4874
f 2532/4017/4875 3215/4018/4875 3216/4019/4875
f 3217/4020/4876 2532/2870/4876 3216/4021/4876
f 3218/4022/4877 2532/4023/4877 3217/4024/4877
f 3219/4025/4878 3218/4026/4878 3217/4027/4878
f 2528/4028/4879 3218/4026/4879 3219/4025/4879
f 3220/4029/4880 2528/4028/4880 3219/4025/4880
f 2529/4030/4881 2528/4028/4881 3220/4029/4881
f 3221/2873/4882 2536/2874/4882 3222/4031/4882
f 2507/4032/4883 3221/4033/4883 3222/4034/4883
f 2505/2841/4884 2507/2843/4884 3222/4031/4884
f 3223/4035/4885 2554/4036/4885 3224/4037/4885
f 2552/4038/4886 3223/4035/4886 3224/4037/4886
f 3225/4039/4887 2480/2816/4887 2481/2817/4887
f 3225/4039/4888 2481/2817/4888 2482/2818/4888
f 3226/4040/4889 2480/4041/4889 3225/4042/4889
f 2559/4043/4890 2480/4044/4890 3226/4045/4890
f 2558/4046/4891 2559/4047/4891 3226/4048/4891
f 3227/4049/4892 2557/4050/4892 2558/4051/4892
f 3228/4052/4893 2557/4050/4893 3227/4049/4893
f 2471/4053/4894 2557/4050/4894 3228/4052/4894
f 3229/4054/4895 2471/4055/4895 3228/4056/4895
f 3230/4057/4896 2471/4055/4896 3229/4054/4896
f 2554/4036/4897 3230/4057/4897 3229/4054/4897
f 3224/4037/4898 2554/4036/4898 3229/4054/4898
f 1295/1468/4899 2549/2893/4899 2552/2896/4899
f 1329/1506/4900 1333/1510/4900 2538/2876/4900
f 1295/1468/4901 1298/1471/4901 2549/2893/4901
f 1329/1506/4902 2538/2876/4902 2540/2878/4902
f 1325/1502/4903 1329/1506/4903 2540/2878/4903
f 1325/1502/4904 2540/2878/4904 648/2880/4904
f 1320/1497/4905 1325/1502/4905 648/2880/4905
f 1295/1468/4906 2552/2896/4906 3224/4058/4906
f 1320/1497/4907 648/2880/4907 644/4059/4907
f 2052/4060/4908 1320/1497/4908 644/4059/4908
f 2052/4060/4909 644/4059/4909 3231/4061/4909
f 3226/4062/4910 3227/4063/4910 2558/2904/4910
f 3232/4064/4911 2052/4060/4911 3231/4061/4911
f 652/4065/4912 3232/4066/4912 3231/4067/4912
f 652/4065/4913 3231/4067/4913 2058/4068/4913
f 2483/2819/4914 1295/1468/4914 3224/4058/4914
f 3226/4062/4915 3233/4069/4915 3227/4063/4915
f 653/1484/4916 652/4065/4916 2058/4068/4916
f 653/1484/4917 2058/4068/4917 2060/2885/4917
f 2482/2818/4918 2483/2819/4918 3224/4058/4918
f 2482/2818/4919 3234/4070/4919 3229/4071/4919
f 2482/2818/4920 3224/4058/4920 3234/4070/4920
f 1309/1482/4921 653/1484/4921 2060/2885/4921
f 1309/1482/4922 2060/2885/4922 2544/2887/4922
f 3235/4072/4923 3233/4069/4923 3226/4062/4923
f 3235/4072/4924 3228/4073/4924 3233/4069/4924
f 1305/1478/4925 1309/1482/4925 2544/2887/4925
f 1305/1478/4926 2544/2887/4926 2547/2891/4926
f 3236/4074/4927 2482/2818/4927 3229/4071/4927
f 2536/2874/4928 2529/2867/4928 3220/4075/4928
f 3237/4076/4929 3238/4077/4929 3228/4073/4929
f 3237/4076/4930 3229/4071/4930 3238/4077/4930
f 1302/1475/4931 2547/2891/4931 2546/2890/4931
f 3237/4076/4932 3236/4074/4932 3229/4071/4932
f 1302/1475/4933 1305/1478/4933 2547/2891/4933
f 3237/4076/4934 3228/4073/4934 3235/4072/4934
f 2536/2874/4935 3220/4075/4935 3239/4078/4935
f 3222/4031/4936 3239/4078/4936 3217/4020/4936
f 3222/4031/4937 2536/2874/4937 3239/4078/4937
f 3240/4079/4938 3222/4031/4938 3217/4020/4938
f 1298/1471/4939 2546/2890/4939 2549/2893/4939
f 1298/1471/4940 1302/1475/4940 2546/2890/4940
f 3241/4080/4941 3240/4079/4941 3217/4020/4941
f 3241/4080/4942 3217/4020/4942 3216/4021/4942
f 3242/4081/4943 3241/4080/4943 3216/4021/4943
f 3243/4082/4944 3242/4081/4944 3216/4021/4944
f 3243/4082/4945 3216/4021/4945 3244/4083/4945
f 3214/4084/4946 3243/4082/4946 3244/4083/4946
f 3214/4084/4947 3244/4083/4947 649/721/4947
f 3245/4085/4948 3214/4084/4948 649/721/4948
f 2056/4086/4949 3245/4085/4949 649/721/4949
f 2056/4086/4950 649/721/4950 651/723/4950
f 1336/1513/4951 2056/4086/4951 651/723/4951
f 1336/1513/4952 651/723/4952 2539/2877/4952
f 1333/1510/4953 1336/1513/4953 2539/2877/4953
f 1333/1510/4954 2539/2877/4954 2538/2876/4954
f 3246/4087/4955 84/4088/4955 3247/4089/4955
f 83/4090/4956 84/4088/4956 3246/4087/4956
f 195/4091/4957 197/4092/4957 3248/4093/4957
f 3249/4094/4958 195/4091/4958 3248/4093/4958
f 62/4095/4959 195/4091/4959 3249/4094/4959
f 3250/4096/4960 62/64/4960 3249/4097/4960
f 59/4098/4961 62/4099/4961 3250/4100/4961
f 3251/4101/4962 59/4098/4962 3250/4100/4962
f 61/4102/4963 59/4103/4963 3251/4104/4963
f 3252/4105/4964 61/4106/4964 3251/4107/4964
f 3253/4108/4965 3252/4105/4965 3251/4107/4965
f 192/4109/4966 3252/4110/4966 3253/4111/4966
f 193/4112/4967 192/4109/4967 3253/4111/4967
f 202/212/4968 193/203/4968 3254/4113/4968
f 80/4114/4969 202/4115/4969 3254/4116/4969
f 79/4117/4970 80/4118/4970 3254/4119/4970
f 3247/4120/4971 79/4117/4971 3254/4119/4971
f 84/4121/4972 79/4122/4972 3247/4123/4972
f 2511/4124/4973 2513/4125/4973 3255/4126/4973
f 2510/4127/4974 2511/4124/4974 3256/4128/4974
f 2509/4129/4975 2510/4127/4975 3257/4130/4975
f 215/4131/4976 2509/4129/4976 3258/4132/4976
f 216/4133/4977 215/4131/4977 3259/4134/4977
f 217/4135/4978 216/4133/4978 3260/4136/4978
f 209/4137/4979 217/4135/4979 3261/4138/4979
f 207/4139/4980 209/4137/4980 3262/4140/4980
f 3248/4093/4981 197/4092/4981 203/4141/4981
f 3256/4128/4982 2511/4124/4982 3255/4126/4982
f 3257/4130/4983 2510/4127/4983 3256/4128/4983
f 3258/4132/4984 2509/4129/4984 3257/4130/4984
f 3259/4134/4985 215/4131/4985 3258/4132/4985
f 3260/4136/4986 216/4133/4986 3259/4134/4986
f 3261/4138/4987 217/4135/4987 3260/4136/4987
f 3262/4140/4988 209/4137/4988 3261/4138/4988
f 3263/4142/4989 3264/4143/4989 2491/2827/4989
f 2526/4144/4990 3264/4145/4990 3263/4146/4990
f 3265/4147/4991 2526/4144/4991 3263/4146/4991
f 2524/4148/4992 2526/4144/4992 3265/4147/4992
f 2523/4149/4993 2524/4148/4993 3265/4147/4993
f 3266/4150/4994 2522/4151/4994 2523/4152/4994
f 2476/4153/4995 2522/4151/4995 3266/4150/4995
f 3267/4154/4996 2476/4153/4996 3266/4150/4996
f 3268/4155/4997 2476/4156/4997 3267/4157/4997
f 2477/4158/4998 2476/4156/4998 3268/4155/4998
f 90/92/4999 1559/1752/4999 3262/4159/4999
f 90/92/5000 3262/4159/5000 3261/4160/5000
f 88/90/5001 90/92/5001 3261/4160/5001
f 88/90/5002 3261/4160/5002 3260/4161/5002
f 2489/2825/5003 2518/2856/5003 2517/2855/5003
f 89/91/5004 88/90/5004 3260/4161/5004
f 89/91/5005 3260/4161/5005 3259/4162/5005
f 91/93/5006 89/91/5006 3259/4162/5006
f 3265/4163/5007 3269/4164/5007 3266/4165/5007
f 3265/4163/5008 3266/4165/5008 2523/2861/5008
f 97/99/5009 91/93/5009 3259/4162/5009
f 97/2808/5010 3259/4166/5010 3258/4167/5010
f 2492/2828/5011 2489/2825/5011 2517/2855/5011
f 2473/2809/5012 97/2808/5012 3258/4167/5012
f 2473/2809/5013 3258/4167/5013 3257/4168/5013
f 3270/4169/5014 3267/4170/5014 3269/4164/5014
f 3270/4169/5015 3269/4164/5015 3265/4163/5015
f 2474/2810/5016 2473/2809/5016 3257/4168/5016
f 2474/2810/5017 3257/4168/5017 3256/4171/5017
f 2491/2827/5018 3271/4172/5018 3272/4173/5018
f 2491/2827/5019 2517/2855/5019 3271/4172/5019
f 2491/2827/5020 2492/2828/5020 2517/2855/5020
f 1384/1561/5021 2474/2810/5021 3256/4171/5021
f 1384/1561/5022 3256/4171/5022 3255/4174/5022
f 3263/4142/5023 3267/4170/5023 3270/4169/5023
f 2491/2827/5024 3272/4173/5024 3268/4175/5024
f 1382/1559/5025 1384/1561/5025 3255/4174/5025
f 1382/1559/5026 3255/4174/5026 2513/2850/5026
f 3263/4142/5027 3273/4176/5027 3267/4170/5027
f 3263/4142/5028 3268/4175/5028 3273/4176/5028
f 3263/4142/5029 2491/2827/5029 3268/4175/5029
f 3274/4177/5030 3253/4178/5030 3275/4179/5030
f 3274/4177/5031 193/203/5031 3253/4178/5031
f 3254/4113/5032 3275/4179/5032 3251/4180/5032
f 3254/4113/5033 3274/4177/5033 3275/4179/5033
f 2478/2814/5034 2513/2850/5034 2514/2851/5034
f 2478/2814/5035 1382/1559/5035 2513/2850/5035
f 3254/4113/5036 3251/4180/5036 3276/4181/5036
f 3277/4182/5037 3254/4113/5037 3276/4181/5037
f 3277/4182/5038 3276/4181/5038 3250/4096/5038
f 3247/4183/5039 3277/4182/5039 3250/4096/5039
f 3247/4183/5040 3250/4096/5040 3249/4097/5040
f 3278/4184/5041 3247/4183/5041 3249/4097/5041
f 3278/4184/5042 3249/4097/5042 3279/4185/5042
f 3246/4186/5043 3278/4184/5043 3279/4185/5043
f 3246/4186/5044 3279/4185/5044 3248/4187/5044
f 83/85/5045 3246/4186/5045 3248/4187/5045
f 83/85/5046 3248/4187/5046 203/213/5046
f 86/88/5047 203/213/5047 207/217/5047
f 86/88/5048 83/85/5048 203/213/5048
f 1559/1752/5049 207/217/5049 3262/4159/5049
f 2489/2825/5050 2514/2851/5050 2518/2856/5050
f 1559/1752/5051 86/88/5051 207/217/5051
f 2489/2825/5052 2478/2814/5052 2514/2851/5052
f 3280/4188/5053 2727/3157/5053 2699/3115/5053
f 3281/4189/5054 3280/4188/5054 2699/3115/5054
f 3281/4189/5055 2728/3158/5055 3280/4188/5055
f 2700/3116/5056 2728/3158/5056 3281/4189/5056
f 2700/3116/5057 3282/4190/5057 2728/3158/5057
f 3283/4191/5058 2660/3052/5058 2663/3055/5058
f 3284/4192/5059 3283/4191/5059 2663/3055/5059
f 2662/3054/5060 2691/3099/5060 3283/4191/5060
f 2662/3054/5061 3283/4191/5061 3284/4192/5061
f 3285/4193/5062 2691/3099/5062 2662/3054/5062
f 2690/3098/5063 3285/4193/5063 2662/3054/5063
f 3286/4194/5064 2690/3098/5064 2662/3054/5064
f 3287/4195/5065 2689/3097/5065 3286/4194/5065
f 3287/4195/5066 3286/4194/5066 2662/3054/5066
f 3288/4196/5067 2649/3034/5067 2622/2994/5067
f 3289/4197/5068 3288/4196/5068 2622/2994/5068
f 3289/4197/5069 2651/3036/5069 3288/4196/5069
f 2623/2995/5070 2651/3036/5070 3289/4197/5070
f 2623/2995/5071 3290/4198/5071 2651/3036/5071
f 3291/4199/5072 2592/2944/5072 2584/2936/5072
f 3292/4200/5073 3291/4199/5073 2584/2936/5073
f 2583/2935/5074 2614/2979/5074 3291/4199/5074
f 2583/2935/5075 3291/4199/5075 3292/4200/5075
f 3293/4201/5076 2614/2979/5076 2583/2935/5076
f 2613/2978/5077 3293/4201/5077 2583/2935/5077
f 3294/4202/5078 2613/2978/5078 2583/2935/5078
f 3295/4203/5079 2612/2977/5079 3294/4202/5079
f 3295/4203/5080 3294/4202/5080 2583/2935/5080
f 658/730/5081 2048/2320/5081 2050/2322/5081
f 658/730/5082 2045/4204/5082 2048/2320/5082
f 658/730/5083 2043/4205/5083 2045/4204/5083
f 2041/4206/5083 2043/4205/5083 658/730/5083
f 2039/4207/5083 2041/4206/5083 658/730/5083
f 662/734/5084 658/730/5084 660/732/5084
f 2037/4208/5085 2039/4207/5085 658/730/5085
f 665/4209/5086 658/730/5086 662/734/5086
f 667/4210/5083 658/730/5083 665/4209/5083
f 675/4211/5087 2037/4208/5087 658/730/5087
f 673/4212/5083 675/4211/5083 658/730/5083
f 669/4213/5083 658/730/5083 667/4210/5083
f 671/4214/5088 673/4212/5088 658/730/5088
f 671/4214/5083 658/730/5083 669/4213/5083
f 678/4215/5083 681/763/5083 679/4216/5083
f 2033/4217/5083 2030/4218/5083 678/4215/5083
f 2033/4217/5083 678/4215/5083 2035/4219/5083
f 678/4215/5083 2030/4218/5083 2028/4220/5083
f 678/4215/5083 2028/4220/5083 2026/4221/5083
f 678/4215/5083 2026/4221/5083 688/4222/5083
f 678/4215/5083 688/4222/5083 686/769/5083
f 678/4215/5083 686/769/5083 684/764/5083
f 678/4215/5083 684/764/5083 681/763/5083
f 2023/4223/5083 692/4224/5083 2025/4225/5083
f 2023/4223/5083 2021/4226/5083 692/4224/5083
f 692/4224/5083 2019/4227/5083 2017/2277/5083
f 692/4224/5083 2017/2277/5083 702/793/5083
f 692/4224/5083 701/792/5083 699/4228/5083
f 692/4224/5083 699/4228/5083 697/4229/5083
f 692/4224/5083 697/4229/5083 694/4230/5083
f 692/4224/5083 694/4230/5083 693/4231/5083
f 692/4224/5083 702/793/5083 701/792/5083
f 2021/4226/5083 2019/4227/5083 692/4224/5083
f 715/4232/5083 714/4233/5083 712/4234/5083
f 2009/2262/5083 2007/4235/5083 715/4232/5083
f 705/4236/5083 712/4234/5083 710/4237/5083
f 705/4236/5083 710/4237/5083 708/4238/5083
f 705/4236/5083 708/4238/5083 706/4239/5083
f 705/4236/5083 715/4232/5083 712/4234/5083
f 705/4236/5083 2009/2262/5083 715/4232/5083
f 2011/2263/5083 2009/2262/5083 705/4236/5083
f 2013/2268/5083 2011/2263/5083 705/4236/5083
f 2013/2268/5083 705/4236/5083 2015/4240/5083
f 728/4241/5083 726/4242/5083 724/824/5083
f 720/818/5083 724/824/5083 722/819/5083
f 720/818/5083 728/4241/5083 724/824/5083
f 1998/4243/5083 1996/4244/5083 728/4241/5083
f 719/4245/5083 728/4241/5083 720/818/5083
f 2005/4246/5083 728/4241/5083 719/4245/5083
f 2003/4247/5083 728/4241/5083 2005/4246/5083
f 2002/4248/5083 1998/4243/5083 728/4241/5083
f 2002/4248/5083 2000/4249/5083 1998/4243/5083
f 2002/4248/5083 728/4241/5083 2003/4247/5083
f 3296/4250/5089 3297/4251/5089 3298/4252/5089
f 3296/4250/5090 3299/4253/5090 3300/4254/5090
f 3301/4255/5091 3302/4256/5091 3297/4251/5091
f 3301/4255/5092 3303/4257/5092 3302/4256/5092
f 3296/4250/5093 3301/4255/5093 3297/4251/5093
f 3296/4250/5094 3300/4254/5094 3304/4258/5094
f 3305/4259/5095 3303/4257/5095 3301/4255/5095
f 3305/4259/5096 3301/4255/5096 3296/4250/5096
f 3305/4259/5097 3296/4250/5097 3304/4258/5097
f 3305/4259/5098 3304/4258/5098 3306/4260/5098
f 3305/4259/5099 3306/4260/5099 3307/4261/5099
f 3308/4262/5100 3303/4257/5100 3305/4259/5100
f 3309/4263/5101 3303/4264/5101 3308/4265/5101
f 3310/4266/5102 3305/4259/5102 3307/4261/5102
f 3310/4266/5103 3307/4261/5103 3311/4267/5103
f 3310/4266/5104 3308/4262/5104 3305/4259/5104
f 3312/4268/5105 3313/4269/5105 3309/4270/5105
f 3312/4271/5106 3309/4272/5106 3308/4262/5106
f 3310/4266/5107 3312/4271/5107 3308/4262/5107
f 3310/4266/5108 3311/4267/5108 3314/4273/5108
f 3310/4266/5109 3314/4273/5109 3315/4274/5109
f 3316/4275/5110 3313/4276/5110 3312/4271/5110
f 3317/4277/5111 3318/4278/5111 3319/4279/5111
f 3316/4275/5112 3320/4280/5112 3313/4276/5112
f 3316/4275/5113 3312/4271/5113 3310/4266/5113
f 3321/4281/5114 3316/4275/5114 3310/4266/5114
f 3321/4281/5115 3315/4274/5115 3322/4282/5115
f 3321/4281/5116 3310/4266/5116 3315/4274/5116
f 3323/4283/5117 3324/4284/5117 3318/4285/5117
f 3323/4283/5118 3325/4286/5118 3324/4284/5118
f 3326/4287/5119 3320/4280/5119 3316/4275/5119
f 3317/4277/5120 3323/4288/5120 3318/4278/5120
f 3317/4277/5121 3319/4279/5121 3327/4289/5121
f 3321/4281/5122 3326/4287/5122 3316/4275/5122
f 3328/4290/5123 3329/4291/5123 3325/4286/5123
f 3317/4277/5124 3330/4292/5124 3331/4293/5124
f 3317/4277/5125 3327/4289/5125 3330/4292/5125
f 3328/4290/5126 3325/4286/5126 3323/4283/5126
f 3332/4294/5127 3323/4288/5127 3317/4277/5127
f 3332/4294/5128 3328/4295/5128 3323/4288/5128
f 3333/4296/5129 3332/4294/5129 3317/4277/5129
f 3333/4296/5130 3317/4277/5130 3331/4293/5130
f 3332/4297/5131 3329/4291/5131 3328/4290/5131
f 3332/4297/5132 3334/4298/5132 3329/4291/5132
f 3333/4296/5133 3335/4299/5133 3336/4300/5133
f 3333/4296/5134 3331/4293/5134 3335/4299/5134
f 3337/4301/5135 3334/4298/5135 3332/4297/5135
f 3333/4302/5136 3337/4303/5136 3332/4304/5136
f 3338/4305/5137 3334/4298/5137 3337/4301/5137
f 3333/4302/5138 3336/4306/5138 3339/4307/5138
f 3340/4308/5139 3341/4309/5139 3338/4305/5139
f 3340/4308/5140 3338/4305/5140 3337/4301/5140
f 3342/4310/5141 3340/4311/5141 3337/4303/5141
f 3342/4310/5142 3337/4303/5142 3333/4302/5142
f 3342/4310/5143 3333/4302/5143 3339/4307/5143
f 3342/4310/5144 3343/4312/5144 3344/4313/5144
f 3342/4310/5145 3339/4307/5145 3343/4312/5145
f 3342/4314/5146 3341/4309/5146 3340/4308/5146
f 3298/4315/5147 3345/4316/5147 3341/4309/5147
f 3342/4310/5148 3344/4313/5148 3346/4317/5148
f 3298/4315/5149 3341/4309/5149 3342/4314/5149
f 3296/4250/5150 3298/4252/5150 3342/4310/5150
f 3297/4251/5151 3302/4256/5151 3345/4318/5151
f 3296/4250/5152 3347/4319/5152 3299/4253/5152
f 3296/4250/5153 3346/4317/5153 3347/4319/5153
f 3296/4250/5154 3342/4310/5154 3346/4317/5154
f 3297/4251/5155 3345/4318/5155 3298/4252/5155
f 3348/4320/5156 3319/4279/5156 3318/4278/5156
f 3349/4321/5157 3348/4320/5157 3318/4278/5157
f 3350/4322/5158 3349/4321/5158 3318/4278/5158
f 3351/4323/5159 3318/4285/5159 3324/4284/5159
f 3351/4323/5160 3350/4324/5160 3318/4285/5160
f 3352/4325/5161 3351/4323/5161 3324/4284/5161
f 3321/4281/5162 3353/4326/5162 1014/4327/5162
f 3321/4281/5163 3322/4282/5163 3353/4326/5163
f 3321/4281/5164 1014/4327/5164 3354/4328/5164
f 3326/4287/5165 3354/4328/5165 3355/4329/5165
f 3326/4287/5166 3321/4281/5166 3354/4328/5166
f 3326/4330/5167 3355/4331/5167 3356/4332/5167
f 3320/4333/5168 3356/4332/5168 3357/4334/5168
f 3320/4333/5169 3326/4330/5169 3356/4332/5169
f 3320/4333/5170 3357/4334/5170 3358/4335/5170
f 3320/4336/5171 3358/4337/5171 3359/4338/5171
f 3360/4339/5172 3361/4340/5172 3362/4341/5172
f 3360/4339/5173 3363/4342/5173 3364/4343/5173
f 3365/4344/5174 3366/4345/5174 3361/4346/5174
f 3365/4344/5175 3367/4347/5175 3366/4345/5175
f 3368/4348/5176 3365/4349/5176 3361/4340/5176
f 3368/4348/5177 3361/4340/5177 3360/4339/5177
f 3368/4348/5178 3360/4339/5178 3364/4343/5178
f 3368/4348/5179 3364/4343/5179 3369/4350/5179
f 3370/4351/5180 3367/4347/5180 3365/4344/5180
f 3370/4352/5181 3365/4349/5181 3368/4348/5181
f 3370/4352/5182 3368/4348/5182 3369/4350/5182
f 3370/4352/5183 3369/4350/5183 3371/4353/5183
f 3372/4354/5184 3370/4352/5184 3371/4353/5184
f 3372/4354/5185 3371/4353/5185 3373/4355/5185
f 3374/4356/5186 3367/4347/5186 3370/4351/5186
f 3372/4357/5187 3374/4356/5187 3370/4351/5187
f 3375/4358/5188 3367/4347/5188 3374/4356/5188
f 3372/4354/5189 3373/4355/5189 3376/4359/5189
f 3377/4360/5190 3374/4356/5190 3372/4357/5190
f 3378/4361/5191 3379/4362/5191 3375/4358/5191
f 3377/4363/5192 3372/4354/5192 3376/4359/5192
f 3377/4364/5193 3376/4365/5193 3380/4366/5193
f 3378/4361/5194 3375/4358/5194 3374/4356/5194
f 3377/4360/5195 3378/4361/5195 3374/4356/5195
f 3377/4364/5196 3380/4366/5196 3381/4367/5196
f 3382/4368/5197 3379/4362/5197 3378/4361/5197
f 3383/4369/5198 3384/4370/5198 3385/4371/5198
f 3382/4368/5199 3386/4372/5199 3379/4362/5199
f 3382/4373/5200 3378/4374/5200 3377/4364/5200
f 3387/4375/5201 3382/4373/5201 3377/4364/5201
f 3387/4375/5202 3381/4367/5202 3388/4376/5202
f 3387/4375/5203 3377/4364/5203 3381/4367/5203
f 3389/4377/5204 3390/4378/5204 3384/4370/5204
f 3389/4377/5205 3391/4379/5205 3390/4378/5205
f 3382/4368/5206 3392/4380/5206 3386/4372/5206
f 3383/4369/5207 3389/4377/5207 3384/4370/5207
f 3382/4373/5208 3387/4375/5208 3392/4381/5208
f 3393/4382/5209 3394/4383/5209 3391/4379/5209
f 3383/4369/5210 3395/4384/5210 3396/4385/5210
f 3383/4369/5211 3385/4371/5211 3395/4384/5211
f 3393/4382/5212 3391/4379/5212 3389/4377/5212
f 3393/4382/5213 3389/4377/5213 3383/4369/5213
f 3397/4386/5214 3393/4382/5214 3383/4369/5214
f 3397/4386/5215 3383/4369/5215 3396/4385/5215
f 3398/4387/5216 3399/4388/5216 3394/4383/5216
f 3398/4387/5217 3394/4383/5217 3393/4382/5217
f 3397/4386/5218 3398/4387/5218 3393/4382/5218
f 3397/4386/5219 3400/4389/5219 3401/4390/5219
f 3397/4386/5220 3396/4385/5220 3400/4389/5220
f 3402/4391/5221 3398/4387/5221 3397/4386/5221
f 3402/4391/5222 3397/4386/5222 3401/4390/5222
f 3402/4391/5223 3399/4388/5223 3398/4387/5223
f 3402/4391/5224 3403/4392/5224 3399/4388/5224
f 3404/4393/5225 3405/4394/5225 3403/4392/5225
f 3404/4393/5226 3403/4392/5226 3402/4391/5226
f 3402/4391/5227 3406/4395/5227 3407/4396/5227
f 3402/4391/5228 3401/4390/5228 3406/4395/5228
f 3360/4339/5229 3404/4393/5229 3402/4391/5229
f 3362/4341/5230 3408/4397/5230 3405/4394/5230
f 3360/4339/5231 3402/4391/5231 3407/4396/5231
f 3362/4341/5232 3405/4394/5232 3404/4393/5232
f 3360/4339/5233 3362/4341/5233 3404/4393/5233
f 3361/4346/5234 3366/4345/5234 3408/4398/5234
f 3360/4339/5235 3409/4399/5235 3363/4342/5235
f 3360/4339/5236 3407/4396/5236 3409/4399/5236
f 3361/4346/5237 3408/4398/5237 3362/4400/5237
f 3410/4401/5238 3385/4371/5238 3384/4370/5238
f 3411/4402/5239 3410/4401/5239 3384/4370/5239
f 3412/4403/5240 3411/4402/5240 3384/4370/5240
f 3413/4404/5241 3384/4405/5241 3390/4406/5241
f 3413/4404/5242 3412/4407/5242 3384/4405/5242
f 3414/4408/5243 3413/4404/5243 3390/4406/5243
f 3387/4375/5244 3415/4409/5244 3416/4410/5244
f 3387/4375/5245 3388/4376/5245 3415/4409/5245
f 3392/4381/5246 3387/4375/5246 3416/4410/5246
f 3392/4381/5247 3416/4410/5247 3417/4411/5247
f 3392/4380/5248 3417/4412/5248 3418/4413/5248
f 3386/4372/5249 3392/4380/5249 3418/4413/5249
f 3419/4414/5250 3420/4415/5250 3421/4416/5250
f 3422/4417/5251 3423/4418/5251 3420/4415/5251
f 3422/4417/5252 3424/4419/5252 3423/4418/5252
f 3419/4414/5253 3422/4417/5253 3420/4415/5253
f 3419/4414/5254 3425/4420/5254 3426/4421/5254
f 3427/4422/5255 3424/4419/5255 3422/4417/5255
f 3427/4422/5256 3422/4417/5256 3419/4414/5256
f 3427/4422/5257 3419/4414/5257 3426/4421/5257
f 3427/4422/5258 3426/4421/5258 3428/4423/5258
f 3427/4422/5259 3428/4423/5259 3429/4424/5259
f 3430/4425/5260 3424/4419/5260 3427/4422/5260
f 3431/4426/5261 3424/4419/5261 3430/4425/5261
f 3432/4427/5262 3430/4425/5262 3427/4422/5262
f 3433/4428/5263 3434/4429/5263 3431/4430/5263
f 3432/4427/5264 3427/4422/5264 3429/4424/5264
f 3433/4431/5265 3431/4426/5265 3430/4425/5265
f 3432/4427/5266 3433/4431/5266 3430/4425/5266
f 3432/4427/5267 3429/4424/5267 3435/4432/5267
f 3432/4427/5268 3435/4432/5268 3436/4433/5268
f 3437/4434/5269 3438/4435/5269 3439/4436/5269
f 3440/4437/5270 3434/4438/5270 3433/4431/5270
f 3440/4437/5271 3441/4439/5271 3434/4438/5271
f 3440/4437/5272 3433/4431/5272 3432/4427/5272
f 3442/4440/5273 3440/4437/5273 3432/4427/5273
f 3442/4440/5274 3436/4433/5274 3443/4441/5274
f 3442/4440/5275 3432/4427/5275 3436/4433/5275
f 3438/4442/5276 3444/4443/5276 3445/4444/5276
f 3446/4445/5277 3441/4439/5277 3440/4437/5277
f 3437/4434/5278 3439/4436/5278 3447/4446/5278
f 3442/4440/5279 3446/4445/5279 3440/4437/5279
f 3448/4447/5280 3444/4443/5280 3438/4442/5280
f 3437/4434/5281 3448/4448/5281 3438/4435/5281
f 3448/4447/5282 3449/4449/5282 3444/4443/5282
f 3437/4434/5283 3450/4450/5283 3451/4451/5283
f 3437/4434/5284 3447/4446/5284 3450/4450/5284
f 3452/4452/5285 3448/4448/5285 3437/4434/5285
f 3453/4453/5286 3452/4452/5286 3437/4434/5286
f 3453/4453/5287 3437/4434/5287 3451/4451/5287
f 3452/4454/5288 3449/4449/5288 3448/4447/5288
f 3452/4454/5289 3454/4455/5289 3449/4449/5289
f 3453/4456/5290 3455/4457/5290 3456/4458/5290
f 3453/4456/5291 3451/4459/5291 3455/4457/5291
f 3457/4460/5292 3454/4455/5292 3452/4454/5292
f 3453/4461/5293 3457/4460/5293 3452/4454/5293
f 3458/4462/5294 3454/4455/5294 3457/4460/5294
f 3453/4456/5295 3456/4458/5295 3459/4463/5295
f 3460/4464/5296 3461/4465/5296 3458/4462/5296
f 3460/4464/5297 3458/4462/5297 3457/4460/5297
f 3462/4466/5298 3460/4464/5298 3457/4460/5298
f 3462/4467/5299 3457/4468/5299 3453/4456/5299
f 3462/4467/5300 3453/4456/5300 3459/4463/5300
f 3462/4467/5301 3463/4469/5301 3464/4470/5301
f 3462/4467/5302 3459/4463/5302 3463/4469/5302
f 3462/4466/5303 3461/4465/5303 3460/4464/5303
f 3421/4471/5304 3465/4472/5304 3461/4465/5304
f 3462/4467/5305 3464/4470/5305 3466/4473/5305
f 3421/4471/5306 3461/4465/5306 3462/4466/5306
f 3419/4414/5307 3421/4416/5307 3462/4467/5307
f 3420/4474/5308 3423/4475/5308 3465/4472/5308
f 3419/4414/5309 3467/4476/5309 3425/4420/5309
f 3419/4414/5310 3466/4473/5310 3467/4476/5310
f 3419/4414/5311 3462/4467/5311 3466/4473/5311
f 3420/4474/5312 3465/4472/5312 3421/4471/5312
f 3468/4477/5313 3469/4478/5313 3439/4436/5313
f 3468/4477/5314 3439/4436/5314 3438/4435/5314
f 3470/4479/5315 3468/4477/5315 3438/4435/5315
f 3471/4480/5316 3438/4442/5316 3445/4444/5316
f 3471/4480/5317 3470/4481/5317 3438/4442/5317
f 3472/4482/5318 3471/4480/5318 3445/4444/5318
f 3442/4483/5319 3473/4484/5319 3474/4485/5319
f 3442/4440/5320 3443/4441/5320 3473/4486/5320
f 3442/4440/5321 3474/4487/5321 3475/4488/5321
f 3446/4445/5322 3442/4440/5322 3475/4488/5322
f 3446/4445/5323 3475/4488/5323 3476/4489/5323
f 3441/4490/5324 3476/4491/5324 3477/4492/5324
f 3441/4490/5325 3446/4493/5325 3476/4491/5325
f 3441/4490/5326 3477/4492/5326 3478/4494/5326
f 3441/4490/5327 3478/4494/5327 3479/4495/5327
f 3480/4496/5328 3481/4497/5328 3482/4498/5328
f 3483/4499/5329 3484/4500/5329 3485/4501/5329
f 3486/4502/5330 3487/4503/5330 3488/4504/5330
f 3489/4505/5331 3490/4506/5331 3483/4499/5331
f 3491/4507/5332 3492/4508/5332 3493/4509/5332
f 3488/4504/5333 3494/4510/5333 3495/4511/5333
f 3491/4507/5334 3493/4509/5334 3496/4512/5334
f 1432/1609/5335 789/897/5335 3497/4513/5335
f 3498/4514/5336 1875/2105/5336 3499/2138/5336
f 3498/4514/5337 3499/2138/5337 1848/2071/5337
f 3480/4496/5338 3500/4515/5338 3481/4497/5338
f 3495/4511/5339 3486/4502/5339 3488/4504/5339
f 3501/4516/5340 3500/4515/5340 3480/4496/5340
f 3502/4517/5341 3497/4513/5341 3503/4518/5341
f 3491/4507/5342 1460/1639/5342 1459/1636/5342
f 3502/4517/5343 1432/1609/5343 3497/4513/5343
f 3491/4507/5344 1459/1636/5344 3492/4508/5344
f 3504/4519/5345 3480/4496/5345 3482/4498/5345
f 3504/4519/5346 3482/4498/5346 3505/4520/5346
f 3502/4517/5347 3503/4518/5347 3506/2139/5347
f 3484/4500/5348 3507/4521/5348 3496/4512/5348
f 3508/4522/5349 2051/4523/5349 2049/4524/5349
f 3496/4512/5350 1460/1639/5350 3491/4507/5350
f 1857/2085/5351 3490/4506/5351 3489/4505/5351
f 3502/4517/5352 3506/2139/5352 3509/2152/5352
f 3510/4525/5353 2051/4523/5353 3508/4522/5353
f 3510/4525/5354 3508/4522/5354 3492/4508/5354
f 3510/4525/5355 3511/4526/5355 2051/4523/5355
f 3490/4506/5356 1857/2085/5356 3512/2187/5356
f 3490/4506/5357 3512/2187/5357 3513/2201/5357
f 3514/4527/5358 1408/1587/5358 1460/1639/5358
f 3514/4527/5359 1460/1639/5359 3496/4512/5359
f 3490/4506/5360 3515/4528/5360 3507/4521/5360
f 3514/4527/5361 3496/4512/5361 3507/4521/5361
f 3516/4529/5362 3509/2152/5362 3517/2169/5362
f 3515/4528/5363 3518/4530/5363 3507/4521/5363
f 3516/4529/5364 3502/4517/5364 3509/2152/5364
f 3519/4531/5365 3520/4532/5365 3521/4533/5365
f 3519/4534/5366 3521/4535/5366 3495/4511/5366
f 3504/4519/5367 3516/4529/5367 3522/4536/5367
f 3504/4519/5368 3522/4536/5368 3523/4537/5368
f 3516/4529/5369 3517/2169/5369 3524/2197/5369
f 3522/4536/5370 3516/4529/5370 3524/2197/5370
f 3522/4536/5371 3524/2197/5371 3525/2211/5371
f 3526/4538/5372 3527/4539/5372 3523/4537/5372
f 3510/4525/5373 1459/1636/5373 659/1635/5373
f 3510/4525/5374 659/1635/5374 3511/4526/5374
f 3522/4536/5375 3525/2211/5375 1819/2039/5375
f 3520/4532/5376 3528/4540/5376 3529/4541/5376
f 3493/4509/5377 3492/4508/5377 3530/4542/5377
f 3522/4536/5378 1819/2039/5378 1777/1990/5378
f 3523/4537/5379 3522/4536/5379 1777/1990/5379
f 1838/2059/5380 3519/4534/5380 3495/4511/5380
f 1838/2059/5381 3495/4511/5381 1814/2032/5381
f 3520/4532/5382 1862/2090/5382 3528/4540/5382
f 3520/4532/5383 3519/4531/5383 1862/2090/5383
f 1838/2084/5384 1862/2090/5384 3519/4531/5384
f 3489/4505/5385 3483/4499/5385 3531/4543/5385
f 3485/4501/5386 3496/4512/5386 3493/4509/5386
f 3485/4501/5387 3484/4500/5387 3496/4512/5387
f 3528/4540/5388 1875/2105/5388 3498/4514/5388
f 3489/4505/5389 3498/4514/5389 1848/2071/5389
f 3489/4505/5390 1848/2071/5390 1857/2085/5390
f 3489/4505/5391 3531/4543/5391 3498/4514/5391
f 3490/4506/5392 3484/4500/5392 3483/4499/5392
f 3490/4506/5393 3513/2201/5393 3532/2223/5393
f 3527/4539/5394 3488/4504/5394 3501/4516/5394
f 3490/4506/5395 3532/2223/5395 3533/2235/5395
f 3515/4528/5396 3490/4506/5396 3533/2235/5396
f 3515/4528/5397 3534/4544/5397 3518/4530/5397
f 3507/4521/5398 3484/4500/5398 3490/4506/5398
f 3527/4539/5399 3501/4516/5399 3480/4496/5399
f 3527/4539/5400 3526/4538/5400 3488/4504/5400
f 3526/4538/5401 1790/2004/5401 3494/4510/5401
f 3505/4520/5402 3502/4517/5402 3516/4529/5402
f 3535/4545/5403 1790/2004/5403 3526/4538/5403
f 1790/2004/5404 1814/2032/5404 3494/4510/5404
f 3480/4496/5405 3504/4519/5405 3527/4539/5405
f 3527/4539/5406 3504/4519/5406 3523/4537/5406
f 3523/4537/5407 1777/1990/5407 3535/4545/5407
f 3523/4537/5408 3535/4545/5408 3526/4538/5408
f 3508/4522/5409 2049/4524/5409 2047/4546/5409
f 3492/4508/5410 1459/1636/5410 3510/4525/5410
f 3487/4547/5411 3529/4541/5411 3536/4548/5411
f 3528/4540/5412 1862/2090/5412 1875/2105/5412
f 3488/4504/5413 3526/4538/5413 3494/4510/5413
f 3521/4535/5414 3529/4549/5414 3487/4503/5414
f 3530/4542/5415 3508/4522/5415 3537/4550/5415
f 3530/4542/5416 3537/4550/5416 3536/4548/5416
f 3486/4502/5417 3521/4535/5417 3487/4503/5417
f 3518/4530/5418 3514/4527/5418 3507/4521/5418
f 3521/4535/5419 3486/4502/5419 3495/4511/5419
f 3518/4530/5420 3534/4544/5420 3538/4551/5420
f 3518/4530/5421 1408/1587/5421 3514/4527/5421
f 3518/4530/5422 877/1003/5422 1408/1587/5422
f 3518/4530/5423 3538/4551/5423 877/1003/5423
f 3492/4508/5424 3508/4522/5424 3530/4542/5424
f 3539/4552/5425 676/1620/5425 1417/1595/5425
f 3539/4552/5426 3540/4553/5426 676/1620/5426
f 3539/4552/5427 2036/4554/5427 3540/4553/5427
f 3539/4552/5428 2038/4555/5428 2036/4554/5428
f 3530/4542/5429 3536/4548/5429 3529/4541/5429
f 1417/1595/5430 1416/1594/5430 3505/4520/5430
f 3481/4497/5431 3541/4556/5431 3539/4552/5431
f 3541/4556/5432 2040/4557/5432 2038/4555/5432
f 3505/4520/5433 3481/4497/5433 1417/1595/5433
f 3505/4520/5434 3482/4498/5434 3481/4497/5434
f 3541/4556/5435 3542/4558/5435 2040/4557/5435
f 3520/4532/5436 3529/4541/5436 3521/4533/5436
f 1416/1594/5437 1432/1609/5437 3502/4517/5437
f 3541/4556/5438 2042/4559/5438 3542/4558/5438
f 3531/4543/5439 3530/4542/5439 3529/4541/5439
f 3502/4517/5440 3505/4520/5440 1416/1594/5440
f 3541/4556/5441 2044/4560/5441 2042/4559/5441
f 3495/4511/5442 3494/4510/5442 1814/2032/5442
f 3537/4561/5443 2044/4560/5443 3541/4556/5443
f 3528/4540/5444 3531/4543/5444 3529/4541/5444
f 3516/4529/5445 3504/4519/5445 3505/4520/5445
f 3500/4515/5446 3501/4516/5446 3487/4503/5446
f 3537/4561/5447 3541/4556/5447 3500/4515/5447
f 3537/4561/5448 2046/4562/5448 2044/4560/5448
f 3537/4550/5449 3543/4563/5449 2046/4564/5449
f 3481/4497/5450 3539/4552/5450 1417/1595/5450
f 3536/4565/5451 3537/4561/5451 3500/4515/5451
f 3493/4509/5452 3530/4542/5452 3485/4501/5452
f 3485/4501/5453 3530/4542/5453 3531/4543/5453
f 3487/4503/5454 3536/4565/5454 3500/4515/5454
f 3541/4556/5455 2038/4555/5455 3539/4552/5455
f 3485/4501/5456 3531/4543/5456 3483/4499/5456
f 3531/4543/5457 3528/4540/5457 3498/4514/5457
f 3508/4522/5458 2047/4546/5458 3543/4563/5458
f 3508/4522/5459 3543/4563/5459 3537/4550/5459
f 3541/4556/5460 3481/4497/5460 3500/4515/5460
f 3488/4504/5461 3487/4503/5461 3501/4516/5461
f 3544/4566/5462 3545/4567/5462 3546/4568/5462
f 3547/4569/5463 1988/4570/5463 3548/4571/5463
f 3549/4572/5464 3550/4573/5464 3551/4574/5464
f 3547/4575/5465 3552/4576/5465 1988/4577/5465
f 3553/4578/5466 3554/4579/5466 3555/4580/5466
f 3553/4578/5467 3555/4580/5467 3556/4581/5467
f 3556/4582/5468 3544/4566/5468 3557/4583/5468
f 3558/4584/5469 3445/4444/5469 3549/4572/5469
f 3558/4584/5470 1959/4585/5470 3445/4444/5470
f 3558/4584/5471 3549/4572/5471 3551/4574/5471
f 3545/4567/5472 3559/4586/5472 3552/4587/5472
f 3545/4567/5473 3552/4587/5473 3547/4588/5473
f 3560/4589/5474 3561/4590/5474 3554/4579/5474
f 3560/4589/5475 3554/4579/5475 3553/4578/5475
f 3553/4591/5476 3556/4592/5476 3562/4593/5476
f 3552/4594/5477 3441/4595/5477 1988/4596/5477
f 3563/4597/5478 3551/4574/5478 3561/4590/5478
f 3563/4597/5479 3561/4590/5479 3560/4589/5479
f 3560/4598/5480 3564/4599/5480 3565/4600/5480
f 3560/4601/5481 3553/4602/5481 3566/4603/5481
f 3558/4584/5482 3551/4574/5482 3563/4597/5482
f 3558/4584/5483 3567/4604/5483 3568/4605/5483
f 3558/4584/5484 3568/4605/5484 1959/4585/5484
f 3544/4566/5485 3559/4586/5485 3545/4567/5485
f 3544/4566/5486 3569/4606/5486 3559/4586/5486
f 3563/4597/5487 3570/4607/5487 3558/4584/5487
f 3545/4567/5488 3547/4588/5488 3571/4608/5488
f 3545/4567/5489 3571/4608/5489 3572/4609/5489
f 3545/4567/5490 3572/4609/5490 1991/4610/5490
f 3563/4611/5491 3560/4598/5491 3565/4600/5491
f 3545/4567/5492 1991/4610/5492 3546/4568/5492
f 3551/4574/5493 3550/4573/5493 3561/4590/5493
f 3556/4582/5494 3569/4606/5494 3544/4566/5494
f 3556/4582/5495 3555/4612/5495 3569/4606/5495
f 3573/4613/5496 3574/4614/5496 3575/4615/5496
f 3576/4616/5497 938/4617/5497 3577/4618/5497
f 3578/4619/5498 3579/4620/5498 3580/4621/5498
f 3578/4619/5499 3580/4621/5499 3581/4622/5499
f 3581/4623/5500 3573/4624/5500 3582/4625/5500
f 3583/4626/5501 3390/4627/5501 3584/4628/5501
f 3583/4626/5502 906/4629/5502 3390/4627/5502
f 3583/4626/5503 3584/4628/5503 3585/4630/5503
f 3574/4631/5504 3586/4632/5504 3576/4616/5504
f 3587/4633/5505 3588/4634/5505 3579/759/5505
f 3589/4635/5506 3587/4636/5506 3579/4637/5506
f 3589/4635/5507 3579/4637/5507 3578/4638/5507
f 3587/4639/5508 3399/4640/5508 3588/4641/5508
f 3578/4642/5509 3581/4643/5509 3590/4644/5509
f 3576/4616/5510 3386/4372/5510 938/4617/5510
f 3576/4616/5511 3591/4645/5511 3386/4372/5511
f 3592/4646/5512 3585/4630/5512 3587/4636/5512
f 3592/4646/5513 3587/4636/5513 3589/4635/5513
f 3589/4635/5514 3593/4647/5514 3594/4648/5514
f 3589/4635/5515 3578/4638/5515 3595/4649/5515
f 3583/4626/5516 3585/4630/5516 3592/4646/5516
f 3583/4626/5517 3596/4650/5517 3597/4651/5517
f 3583/4626/5518 3597/4651/5518 906/4629/5518
f 3573/4652/5519 3586/4632/5519 3574/4631/5519
f 3573/4652/5520 3598/4653/5520 3586/4632/5520
f 3592/4646/5521 3599/4654/5521 3583/4626/5521
f 3574/4631/5522 3576/4616/5522 3600/4655/5522
f 3574/4631/5523 3600/4655/5523 3601/4656/5523
f 3592/4646/5524 3589/4635/5524 3594/4648/5524
f 3586/4632/5525 3591/4645/5525 3576/4616/5525
f 3585/4657/5526 3399/4658/5526 3587/4659/5526
f 3581/4622/5527 3598/4653/5527 3573/4652/5527
f 3581/4622/5528 3580/4621/5528 3598/4653/5528
f 3602/4660/5529 3603/4661/5529 3604/4662/5529
f 3605/4663/5530 998/4664/5530 3606/4665/5530
f 3607/4666/5531 3608/4667/5531 3609/4668/5531
f 3610/4669/5532 3611/4670/5532 3612/4671/5532
f 3610/4669/5533 3612/4671/5533 3613/4672/5533
f 3613/4673/5534 3602/4674/5534 3614/4675/5534
f 3615/4676/5535 3324/4284/5535 3607/4666/5535
f 3615/4676/5536 965/4677/5536 3324/4284/5536
f 3615/4676/5537 3607/4666/5537 3609/4668/5537
f 3603/4678/5538 3616/4679/5538 3605/4680/5538
f 3617/4681/5539 3618/4682/5539 3611/4670/5539
f 3617/4681/5540 3611/4670/5540 3610/4669/5540
f 3610/4683/5541 3613/4684/5541 3619/4685/5541
f 3605/4686/5542 3320/4687/5542 998/4688/5542
f 3605/4686/5543 3620/4689/5543 3320/4687/5543
f 3621/4690/5544 3609/4668/5544 3618/4682/5544
f 3621/4690/5545 3618/4682/5545 3617/4681/5545
f 3617/4691/5546 3622/4692/5546 3623/4693/5546
f 3617/4694/5547 3610/4695/5547 3624/4696/5547
f 3615/4676/5548 3609/4668/5548 3621/4690/5548
f 3615/4676/5549 3625/4697/5549 3626/4698/5549
f 3615/4676/5550 3626/4698/5550 965/4677/5550
f 3602/4699/5551 3616/4679/5551 3603/4678/5551
f 3602/4699/5552 3627/4700/5552 3616/4679/5552
f 3621/4690/5553 3628/4701/5553 3615/4676/5553
f 3603/4702/5554 3605/4703/5554 3629/4704/5554
f 3603/4702/5555 3629/4704/5555 3630/4705/5555
f 3603/4706/5556 3630/4707/5556 1003/4708/5556
f 3621/4709/5557 3617/4691/5557 3623/4693/5557
f 3603/4706/5558 1003/4708/5558 3604/4710/5558
f 3616/4679/5559 3620/4711/5559 3605/4680/5559
f 3609/4668/5560 3608/4667/5560 3618/4682/5560
f 3613/4712/5561 3627/4700/5561 3602/4699/5561
f 3613/4712/5562 3612/4713/5562 3627/4700/5562
f 3631/4714/5563 3632/4715/5563 3633/4716/5563
f 3631/4714/5564 3634/4717/5564 3635/4718/5564
f 3636/4719/5565 3637/4720/5565 3632/4721/5565
f 3636/4719/5566 3638/4722/5566 3637/4720/5566
f 3639/4723/5567 3636/4724/5567 3632/4715/5567
f 3639/4723/5568 3632/4715/5568 3631/4714/5568
f 3639/4723/5569 3631/4714/5569 3635/4718/5569
f 3639/4723/5570 3635/4718/5570 3640/4725/5570
f 3641/4726/5571 3638/4722/5571 3636/4719/5571
f 3641/4727/5572 3636/4724/5572 3639/4723/5572
f 3641/4727/5573 3639/4723/5573 3640/4725/5573
f 3641/4727/5574 3640/4725/5574 3642/4728/5574
f 3643/4729/5575 3641/4727/5575 3642/4728/5575
f 3643/4729/5576 3642/4728/5576 3644/4730/5576
f 3645/4731/5577 3638/4722/5578 3641/4726/5577
f 3643/4732/5579 3645/4731/5579 3641/4726/5579
f 3646/4733/5580 3638/4722/5580 3645/4731/5580
f 3643/4734/5581 3644/4735/5581 3647/4736/5581
f 3648/4737/5582 3645/4731/5582 3643/4732/5582
f 3649/4738/5583 3650/4739/5583 3646/4733/5583
f 3648/4740/5584 3643/4734/5584 3647/4736/5584
f 3648/4740/5585 3647/4736/5585 3651/4741/5585
f 3649/4738/5586 3646/4733/5586 3645/4731/5586
f 3648/4737/5587 3649/4738/5587 3645/4731/5587
f 3648/4740/5588 3651/4741/5588 3652/4742/5588
f 3653/4743/5589 3650/4739/5589 3649/4738/5589
f 3654/4744/5590 3655/4745/5590 3656/4746/5590
f 3653/4743/5591 3657/4747/5591 3650/4739/5591
f 3653/4748/5592 3649/4749/5592 3648/4740/5592
f 3658/4750/5593 3653/4748/5593 3648/4740/5593
f 3658/4750/5594 3652/4742/5594 3659/4751/5594
f 3658/4750/5595 3648/4740/5595 3652/4742/5595
f 3660/4752/5596 3661/4753/5596 3655/4745/5596
f 3660/4752/5597 3662/4754/5597 3661/4753/5597
f 3663/4755/5598 3657/4747/5598 3653/4743/5598
f 3654/4744/5599 3660/4752/5599 3655/4745/5599
f 3658/4750/5600 3663/4756/5600 3653/4748/5600
f 3664/4757/5601 3665/4758/5601 3662/4759/5601
f 3654/4744/5602 3666/4760/5602 3667/4761/5602
f 3654/4744/5603 3656/4746/5603 3666/4760/5603
f 3664/4762/5604 3662/4754/5604 3660/4752/5604
f 3668/4763/5605 3660/4752/5605 3654/4744/5605
f 3668/4763/5606 3664/4762/5606 3660/4752/5606
f 3668/4763/5607 3654/4744/5607 3667/4761/5607
f 3669/4764/5608 3665/4765/5608 3664/4762/5608
f 3670/4766/5609 3669/4764/5609 3664/4762/5609
f 3670/4766/5610 3664/4762/5610 3668/4763/5610
f 3668/4763/5611 3671/4767/5611 3672/4768/5611
f 3668/4763/5612 3667/4761/5612 3671/4767/5612
f 3673/4769/5613 3670/4766/5613 3668/4763/5613
f 3673/4769/5614 3668/4763/5614 3672/4768/5614
f 3673/4769/5615 3669/4764/5615 3670/4766/5615
f 3673/4769/5616 3674/4770/5616 3669/4764/5616
f 3675/4771/5617 3676/4772/5617 3674/4770/5617
f 3675/4771/5618 3674/4770/5618 3673/4769/5618
f 3673/4769/5619 3677/4773/5619 3678/4774/5619
f 3673/4769/5620 3672/4768/5620 3677/4773/5620
f 3631/4714/5621 3675/4771/5621 3673/4769/5621
f 3633/4716/5622 3679/4775/5622 3676/4772/5622
f 3631/4714/5623 3673/4769/5623 3678/4774/5623
f 3633/4716/5624 3676/4772/5624 3675/4771/5624
f 3631/4714/5625 3633/4716/5625 3675/4771/5625
f 3632/4721/5626 3637/4720/5626 3679/4776/5626
f 3631/4714/5627 3680/4777/5627 3634/4717/5627
f 3631/4714/5628 3678/4774/5628 3680/4777/5628
f 3632/4721/5629 3679/4776/5629 3633/4778/5629
f 3681/4779/5630 3656/4746/5630 3655/4745/5630
f 3682/4780/5631 3681/4779/5631 3655/4745/5631
f 3683/4781/5632 3682/4780/5632 3655/4745/5632
f 3684/4782/5633 3655/4745/5633 3661/4753/5633
f 3684/4783/5634 3683/4784/5634 3655/4785/5634
f 3685/4786/5635 3684/4787/5635 3661/4788/5635
f 3658/4750/5636 3659/4751/5636 3686/4789/5636
f 3658/4750/5637 3686/4789/5637 3687/4790/5637
f 3663/4756/5638 3687/4790/5638 3688/4791/5638
f 3663/4756/5639 3658/4750/5639 3687/4790/5639
f 3657/4747/5640 3688/4792/5640 3689/4793/5640
f 3657/4747/5641 3663/4755/5641 3688/4792/5641
f 3690/4794/5642 3691/4795/5642 3692/4796/5642
f 3693/4797/5643 1937/4798/5643 3694/4799/5643
f 3695/4800/5644 3696/4801/5644 3697/4802/5644
f 3697/4803/5645 3698/4804/5645 3699/4805/5645
f 3699/4806/5646 3690/4807/5646 3700/4808/5646
f 3701/4809/5647 3661/4810/5647 3702/4811/5647
f 3701/4809/5648 1909/4812/5648 3661/4810/5648
f 3701/4809/5649 3702/4811/5649 3703/4813/5649
f 3691/4814/5650 3704/4815/5650 3693/4797/5650
f 3695/4800/5651 3705/4816/5651 3696/4801/5651
f 3706/4817/5652 3695/4800/5652 3697/4802/5652
f 3695/4800/5653 3669/4818/5653 3705/4816/5653
f 3697/4819/5654 3699/4820/5654 3707/4821/5654
f 3693/4797/5655 3657/4747/5655 1937/4798/5655
f 3693/4797/5656 3708/4822/5656 3657/4747/5656
f 3709/4823/5657 3703/4813/5657 3695/4800/5657
f 3709/4823/5658 3695/4800/5658 3706/4817/5658
f 3706/4824/5659 3710/4825/5659 3711/4826/5659
f 3706/4827/5660 3697/4828/5660 3712/4829/5660
f 3701/4809/5661 3703/4813/5661 3709/4823/5661
f 3701/4830/5662 3713/4831/5662 3714/4832/5662
f 3701/4830/5663 3714/4832/5663 1909/4833/5663
f 3690/4834/5664 3704/4815/5664 3691/4814/5664
f 3690/4834/5665 3715/4835/5665 3704/4815/5665
f 3709/4836/5666 3716/4837/5666 3701/4838/5666
f 3691/4814/5667 3693/4797/5667 3717/4839/5667
f 3691/4814/5668 3717/4839/5668 3718/4840/5668
f 3709/4841/5669 3706/4824/5669 3711/4826/5669
f 3704/4815/5670 3708/4822/5670 3693/4797/5670
f 3703/4813/5671 3669/4818/5671 3695/4800/5671
f 3697/4803/5672 3696/4842/5672 3698/4804/5672
f 3699/4805/5673 3715/4835/5673 3690/4834/5673
f 3699/4805/5674 3698/4804/5674 3715/4835/5674
f 3352/4325/5675 960/1155/5675 1017/1154/5675
f 3719/4843/5676 3352/4844/5676 1017/4845/5676
f 3719/4846/5677 3720/4847/5677 3352/4848/5677
f 3719/4843/5678 1017/4845/5678 3721/4849/5678
f 3324/4284/5679 965/4677/5679 969/4850/5679
f 3324/4284/5680 969/4850/5680 3722/4851/5680
f 3324/4284/5681 3722/4851/5681 960/1155/5681
f 3324/4284/5682 960/1155/5682 3352/4325/5682
f 3723/4852/5683 3349/4853/5683 3350/4854/5683
f 3349/4321/5684 1021/4855/5684 3724/4856/5684
f 3349/4853/5685 3723/4852/5685 3725/4857/5685
f 3725/4858/5686 1021/4855/5686 3349/4321/5686
f 3349/4321/5687 3724/4856/5687 3348/4320/5687
f 2034/4859/5688 680/4860/5688 3331/4293/5688
f 2034/4859/5689 3331/4293/5689 3726/4861/5689
f 3727/4862/5083 3728/4863/5083 685/4864/5083
f 3729/4289/5083 2034/4859/5083 3726/4861/5083
f 1021/4855/5690 2029/4865/5690 2031/4866/5690
f 687/4867/5083 3727/4862/5083 685/4864/5083
f 1014/3985/5691 2027/4868/5691 2029/4869/5691
f 1014/3985/5692 2029/4869/5692 1021/4870/5692
f 1014/4871/5693 689/4872/5693 2027/4873/5693
f 3322/4874/5083 3727/4862/5083 687/4867/5083
f 1014/4875/5694 3730/4876/5694 689/4877/5694
f 682/4878/5083 3731/4879/5083 3732/4880/5083
f 3319/4279/5695 2034/4859/5695 3729/4289/5695
f 677/4881/5083 3732/4880/5083 3346/4882/5083
f 677/4881/5083 682/4878/5083 3732/4880/5083
f 682/4878/5696 3300/4883/5696 3731/4879/5696
f 677/4881/5083 3346/4882/5083 3733/4884/5083
f 683/4885/5697 3734/4886/5697 3300/4883/5697
f 683/4885/5698 3300/4883/5698 682/4878/5698
f 677/4881/5083 3733/4884/5083 3735/4887/5083
f 2032/4888/5699 2034/4859/5699 3319/4279/5699
f 683/4885/5083 3306/4889/5083 3734/4886/5083
f 677/4881/5083 3735/4887/5083 3339/4890/5083
f 3353/4891/5083 687/4867/5083 689/4892/5083
f 3353/4891/5700 3322/4874/5700 687/4867/5700
f 3348/4320/5701 2032/4888/5701 3319/4279/5701
f 683/4885/5083 3736/4893/5083 3306/4889/5083
f 680/4860/5083 677/4881/5083 3339/4890/5083
f 680/4860/5083 3339/4890/5083 3737/4300/5083
f 680/4860/5083 3737/4300/5083 3738/4299/5083
f 685/4864/5083 3736/4893/5083 683/4885/5083
f 3348/4320/5702 2031/4866/5702 2032/4888/5702
f 685/4864/5703 3311/4894/5703 3736/4893/5703
f 680/4860/5083 3738/4299/5083 3331/4293/5083
f 3730/4895/5704 3353/4891/5704 689/4892/5704
f 1021/4855/5083 2031/4866/5083 3348/4320/5083
f 3728/4863/5705 3311/4894/5705 685/4864/5705
f 1014/4896/5706 3353/4897/5706 3739/4898/5706
f 3740/4899/5707 3354/4328/5707 1014/4327/5707
f 3740/4899/5708 3741/4900/5708 3354/4328/5708
f 3354/4328/5709 3741/4900/5709 3355/4329/5709
f 3320/4687/5710 992/4901/5710 3742/4902/5710
f 3320/4687/5711 3742/4902/5711 3743/4903/5711
f 3320/4687/5712 3743/4903/5712 3744/4904/5712
f 3320/4687/5713 3744/4904/5713 3745/4905/5713
f 3320/4687/5714 3745/4905/5714 998/4688/5714
f 3359/4906/5715 992/4901/5715 3320/4687/5715
f 1012/4907/5716 3355/4908/5716 3746/4909/5716
f 1012/4907/5717 3357/4910/5717 3355/4908/5717
f 1012/4907/5718 992/4901/5718 3359/4906/5718
f 1012/4907/5719 3359/4906/5719 3357/4910/5719
f 3414/4408/5720 904/4911/5720 1052/4912/5720
f 3747/4913/5721 3414/4408/5721 1052/4912/5721
f 3747/4913/5722 3748/4914/5722 3414/4408/5722
f 3747/4913/5723 1052/4912/5723 3749/4915/5723
f 3390/4406/5724 906/4916/5724 908/4917/5724
f 3390/4406/5725 908/4917/5725 3750/4918/5725
f 3390/4406/5726 3750/4918/5726 904/4911/5726
f 3390/4406/5727 904/4911/5727 3414/4408/5727
f 3751/4919/5728 3411/4402/5728 3412/4403/5728
f 3411/4402/5729 1054/4920/5729 3752/4921/5729
f 3411/4402/5730 3751/4919/5730 3753/4922/5730
f 3753/4922/5731 1054/4920/5731 3411/4402/5731
f 3411/4402/5732 3752/4921/5732 3410/4401/5732
f 3410/4401/5733 2022/4923/5733 3385/4371/5733
f 3754/4924/5734 3415/4925/5734 700/4926/5734
f 2024/4927/5735 691/4928/5735 3396/4385/5735
f 2024/4927/5736 3396/4385/5736 3755/4384/5736
f 3756/4929/5737 3380/4930/5737 696/4931/5737
f 690/4932/5738 3757/4399/5738 3407/4396/5738
f 3385/4371/5739 2024/4927/5739 3755/4384/5739
f 690/4932/5083 3758/4342/5083 3757/4399/5083
f 1051/4933/5740 700/4934/5740 2016/4935/5740
f 1051/4933/5741 3754/4936/5741 700/4934/5741
f 698/4937/5083 3756/4929/5083 696/4931/5083
f 695/4938/5742 3364/4343/5742 3758/4342/5742
f 695/4938/5083 3758/4342/5083 690/4932/5083
f 3388/4939/5083 3756/4929/5083 698/4937/5083
f 690/4932/5743 3407/4396/5743 3759/4395/5743
f 1054/4920/5744 2020/4940/5744 3410/4401/5744
f 695/4938/5745 3760/4350/5745 3364/4343/5745
f 2022/4923/5746 2024/4927/5746 3385/4371/5746
f 691/4928/5747 3759/4395/5747 3401/4390/5747
f 691/4928/5083 690/4932/5083 3759/4395/5083
f 695/4938/5083 3761/4353/5083 3760/4350/5083
f 1054/4920/5748 2018/4941/5748 2020/4940/5748
f 696/4931/5083 3761/4353/5083 695/4938/5083
f 1051/4933/5749 2016/4935/5749 2018/4941/5749
f 696/4931/5083 3762/4355/5083 3761/4353/5083
f 700/4934/5083 3388/4939/5083 698/4937/5083
f 1051/4933/5750 2018/4941/5750 1054/4920/5750
f 691/4928/5083 3401/4390/5083 3763/4389/5083
f 696/4931/5083 3764/4359/5083 3762/4355/5083
f 691/4928/5083 3763/4389/5083 3396/4385/5083
f 3380/4930/5083 3764/4359/5083 696/4931/5083
f 3415/4942/5751 3388/4939/5751 700/4934/5751
f 3410/4401/5736 2020/4940/5736 2022/4923/5736
f 3765/4943/5752 3417/4944/5752 3416/4945/5752
f 3415/4409/5753 3766/4946/5753 3416/4410/5753
f 3766/4947/5754 3765/4943/5754 3416/4945/5754
f 3766/4946/5755 3415/4409/5755 1051/4948/5755
f 3386/4372/5756 928/1184/5756 3767/4949/5756
f 3386/4372/5757 3767/4949/5757 3768/4950/5757
f 3386/4372/5758 3768/4950/5758 3769/4951/5758
f 3386/4372/5759 3769/4951/5759 3770/4952/5759
f 3386/4372/5760 3770/4952/5760 938/4617/5760
f 3418/4413/5761 928/1184/5761 3386/4372/5761
f 1038/4953/5762 3417/4954/5762 3771/4955/5762
f 1038/4953/5763 3772/4956/5763 3417/4954/5763
f 1038/1182/5764 928/1184/5764 3418/4413/5764
f 1038/4953/5765 3418/4957/5765 3772/4956/5765
f 3472/4482/5766 1732/1937/5766 1731/1936/5766
f 3773/4958/5767 3472/4959/5767 1731/4960/5767
f 3773/4961/5768 3774/4962/5768 3472/4963/5768
f 3773/4958/5769 1731/4960/5769 3775/4964/5769
f 3445/4444/5770 1959/4585/5770 1964/4965/5770
f 3445/4444/5771 1964/4965/5771 3776/4966/5771
f 3445/4444/5772 3776/4966/5772 1732/1937/5772
f 3445/4444/5773 1732/1937/5773 3472/4482/5773
f 3777/4967/5774 3468/4968/5774 3470/4969/5774
f 3778/4970/5775 1734/4971/5775 3468/4477/5775
f 3468/4968/5776 3777/4967/5776 3778/4972/5776
f 3468/4477/5777 3779/4973/5777 3469/4478/5777
f 3468/4477/5778 1734/4971/5778 3779/4973/5778
f 2014/4974/5779 3451/4459/5779 3780/4975/5779
f 3781/4433/5083 3782/4432/5083 711/4976/5083
f 3783/4977/5083 2014/4974/5083 3780/4975/5083
f 707/4978/5780 3425/4420/5780 3784/4476/5780
f 3443/4441/5083 3781/4433/5083 711/4976/5083
f 707/4978/5083 3784/4476/5083 3466/4473/5083
f 3439/4979/5781 2014/4974/5781 3783/4977/5781
f 1734/4980/5782 2008/4981/5782 2010/4982/5782
f 713/4983/5083 3443/4441/5083 711/4976/5083
f 703/4984/5083 3466/4473/5083 3785/4470/5083
f 1727/4985/5783 2006/4986/5783 2008/4981/5783
f 2012/4987/5784 2014/4974/5784 3439/4979/5784
f 703/4984/5083 707/4978/5083 3466/4473/5083
f 1727/4985/5083 716/4988/5083 2006/4986/5083
f 1727/4985/5785 2008/4981/5785 1734/4980/5785
f 1727/4985/5786 3786/4989/5786 716/4988/5786
f 707/4978/5787 3428/4423/5787 3425/4420/5787
f 703/4984/5083 3785/4470/5083 3787/4469/5083
f 709/4990/5788 3428/4423/5788 707/4978/5788
f 703/4984/5789 3787/4469/5789 3459/4463/5789
f 709/4990/5790 3429/4424/5790 3428/4423/5790
f 704/4991/5083 703/4984/5083 3459/4463/5083
f 3469/4992/5083 2010/4982/5083 2012/4987/5083
f 704/4991/5083 3459/4463/5083 3788/4458/5083
f 3469/4992/5791 2012/4987/5791 3439/4979/5791
f 704/4991/5083 3788/4458/5083 3789/4457/5083
f 3473/4486/5083 713/4983/5083 716/4988/5083
f 3473/4486/5083 3443/4441/5083 713/4983/5083
f 711/4976/5792 3429/4424/5792 709/4990/5792
f 3790/4993/5083 2010/4982/5083 3469/4992/5083
f 704/4991/5083 3789/4457/5083 3451/4459/5083
f 2014/4974/5083 704/4991/5083 3451/4459/5083
f 1734/4980/5793 2010/4982/5793 3790/4993/5793
f 3782/4432/5794 3429/4424/5794 711/4976/5794
f 3786/4989/5795 3473/4486/5795 716/4988/5795
f 3475/4488/5796 3791/4994/5796 3476/4489/5796
f 3474/4487/5797 3792/4995/5797 3475/4488/5797
f 3792/4995/5798 3791/4994/5798 3475/4488/5798
f 3792/4995/5799 3474/4487/5799 1727/4985/5799
f 3441/4490/5800 1762/4996/5800 3793/4997/5800
f 3441/4490/5801 3793/4997/5801 3794/4998/5801
f 3441/4490/5802 3794/4998/5802 3795/4999/5802
f 3441/4490/5803 3795/4999/5803 3796/5000/5803
f 3441/4490/5804 3796/5000/5804 1988/5001/5804
f 3479/4495/5805 1762/4996/5805 3441/4490/5805
f 1725/5002/5806 3791/5003/5806 3797/5004/5806
f 1725/5002/5807 3477/4492/5807 3791/5003/5807
f 1725/5002/5808 1762/4996/5808 3479/4495/5808
f 1725/5002/5809 3479/4495/5809 3477/4492/5809
f 3685/4786/5810 1766/5005/5810 1765/5006/5810
f 3798/5007/5811 3685/4786/5811 1765/5006/5811
f 3798/5007/5812 3799/5008/5812 3685/4786/5813
f 3798/5007/5814 1765/5006/5814 3800/5009/5814
f 3661/4788/5815 1909/5010/5815 1911/5011/5815
f 3661/4788/5816 1911/5011/5816 3801/5012/5816
f 3661/4788/5817 3801/5012/5817 1766/5005/5817
f 3661/4788/5818 1766/5005/5818 3685/4786/5818
f 3802/5013/5819 3682/4780/5819 3683/4781/5819
f 3682/4780/5820 1767/5014/5820 3803/5015/5820
f 3682/4780/5821 3802/5013/5821 3804/5016/5821
f 3804/5016/5822 1767/5014/5822 3682/4780/5822
f 3682/4780/5823 3803/5015/5823 3681/4779/5823
f 3805/5017/5824 3686/4789/5824 2001/5018/5824
f 721/5019/5825 3667/5020/5825 3806/5021/5825
f 3807/4742/5825 3651/4741/5825 1997/5022/5825
f 3656/5023/5826 721/5019/5826 3806/5021/5826
f 725/5024/5083 3808/5025/5083 3809/5026/5083
f 725/5024/5827 3809/5026/5827 3678/5027/5827
f 727/5028/5828 3635/5029/5828 3808/5025/5828
f 1763/5030/5829 3805/5017/5829 2001/5018/5829
f 727/5028/5083 3808/5025/5083 725/5024/5083
f 3659/4751/5083 3807/4742/5083 1997/5022/5083
f 717/5031/5830 721/5019/5830 3656/5023/5830
f 727/5028/5831 3810/5032/5831 3635/5029/5831
f 1767/5033/5083 718/5034/5083 3681/5035/5083
f 725/5024/5832 3678/5027/5832 3811/5036/5832
f 1999/5037/5083 3659/4751/5083 1997/5022/5083
f 727/5028/5083 3812/5038/5083 3810/5032/5083
f 723/5039/5083 725/5024/5083 3811/5036/5083
f 723/5039/5833 3811/5036/5833 3672/5040/5833
f 1767/5033/5083 2004/5041/5083 718/5034/5083
f 1764/5042/5834 1763/5030/5834 2001/5018/5834
f 729/5043/5083 3812/5038/5083 727/5028/5083
f 1764/5042/5835 2004/5041/5835 1767/5033/5835
f 729/5043/5083 3813/4735/5083 3812/5038/5083
f 723/5039/5836 3672/5040/5836 3814/5044/5836
f 721/5019/5083 723/5039/5083 3814/5044/5083
f 721/5019/5837 3814/5044/5837 3667/5020/5837
f 729/5043/5083 3815/4736/5083 3813/4735/5083
f 3651/4741/5838 3815/4736/5838 729/5043/5838
f 1997/5022/5839 3651/4741/5839 729/5043/5839
f 3681/5035/5083 718/5034/5083 717/5031/5083
f 3681/5035/5840 717/5031/5840 3656/5023/5840
f 3686/4789/5841 1999/5037/5841 2001/5018/5841
f 3686/4789/5842 3659/4751/5842 1999/5037/5842
f 3686/4789/5843 3816/5045/5843 3687/4790/5843
f 3816/5046/5844 3817/5047/5844 3687/5048/5844
f 3816/5045/5845 3686/4789/5845 1763/5030/5845
f 3687/5048/5846 3817/5047/5846 3688/5049/5846
f 3657/4747/5847 1752/1964/5847 3818/5050/5847
f 3657/4747/5848 3818/5050/5848 3819/5051/5848
f 3657/4747/5849 3819/5051/5849 3820/5052/5849
f 3657/4747/5850 3820/5052/5850 3821/5053/5850
f 3657/4747/5851 3821/5053/5851 1937/4798/5851
f 3689/4793/5852 1752/1964/5852 3657/4747/5852
f 1750/5054/5853 3688/5055/5853 3822/5056/5853
f 1750/5057/5854 3823/5058/5854 3688/5059/5854
f 1750/1962/5855 1752/1964/5855 3689/4793/5855
f 1750/5060/5856 3689/5061/5856 3823/5062/5856
f 1623/5063/5857 1633/5064/5857 1624/5065/5857
f 1610/5066/5858 1686/5067/5858 1231/5068/5858
f 1610/5066/5859 1613/5069/5859 1686/5067/5859
f 1611/5070/5860 1610/5066/5860 1231/5068/5860
f 1194/1379/5861 1175/5071/5861 1174/5072/5861
f 1611/5070/5862 1623/5063/5862 1617/5073/5862
f 1611/5070/5857 1231/5068/5857 1623/5063/5857
f 1246/1416/5863 1175/5071/5863 1194/1379/5863
f 1655/5074/5864 1629/5075/5864 1621/5076/5864
f 1655/5074/5865 1674/5077/5865 1629/5075/5865
f 1246/1416/5857 1178/5078/5857 1175/5071/5857
f 1156/5079/5857 1182/5080/5857 1178/5078/5857
f 1156/5079/5866 1159/5081/5866 1182/5080/5866
f 1170/1336/5867 1246/1416/5867 1171/1337/5867
f 1652/5082/5857 1674/5077/5857 1655/5074/5857
f 1652/5082/5868 1655/5074/5868 1637/5083/5868
f 1231/5068/5857 1215/5084/5857 1156/5079/5857
f 1231/5068/5869 1170/1336/5869 1245/1415/5869
f 1231/5068/5857 1245/1415/5857 1648/1847/5857
f 1231/5068/5857 1167/5085/5857 1215/5084/5857
f 1231/5068/5857 1168/5086/5857 1167/5085/5857
f 1231/5068/5870 1197/5087/5870 1190/5088/5870
f 1231/5068/5871 1649/1848/5871 1607/1804/5871
f 1648/1847/5872 1245/1415/5872 1239/1409/5872
f 1231/5068/5873 1206/5089/5873 1197/5087/5873
f 1231/5068/5874 1216/5090/5874 1206/5089/5874
f 1231/5068/5875 1229/5091/5875 1216/5090/5875
f 1231/5068/5876 1230/5092/5876 1229/5091/5876
f 1231/5068/5877 1189/5093/5877 1168/5086/5877
f 1231/5068/5857 1607/1804/5857 1674/5077/5857
f 1231/5068/5878 1190/5088/5878 1189/5093/5878
f 1244/5094/5879 1176/5095/5879 1215/5084/5879
f 1231/5068/5857 1674/5077/5857 1652/5082/5857
f 1231/5068/5880 1648/1847/5880 1649/1848/5880
f 1231/5068/5857 1156/5079/5857 1178/5078/5857
f 1231/5068/5857 1178/5078/5857 1246/1416/5857
f 1231/5068/5881 1246/1416/5881 1170/1336/5881
f 1633/5064/5857 1231/5068/5857 1652/5082/5857
f 1633/5064/5857 1652/5082/5857 1644/5096/5857
f 1167/5085/5857 1244/5094/5857 1215/5084/5857
f 1633/5064/5882 1644/5096/5882 1642/5097/5882
f 1167/5085/5883 1185/5098/5883 1244/5094/5883
f 1600/5099/5884 1682/5100/5884 1231/5068/5884
f 1607/1804/5885 1649/1848/5885 1626/1825/5885
f 1603/5101/5886 1600/5099/5886 1231/5068/5886
f 1624/5065/5887 1633/5064/5887 1632/5102/5887
f 1189/5093/5888 1177/5103/5888 1168/5086/5888
f 1686/5067/5889 1603/5101/5889 1231/5068/5889
f 1623/5063/5857 1231/5068/5857 1633/5064/5857
f 1674/5077/5890 1607/1804/5890 1606/1803/5890
f 1558/5104/5891 1556/5105/5891 1356/5106/5891
f 1256/5107/5891 1250/5108/5891 1582/5109/5891
f 1565/5110/5891 1569/5111/5891 1567/5112/5891
f 1256/5107/5891 1253/5113/5891 1251/5114/5891
f 1256/5107/5891 1251/5114/5891 1250/5108/5891
f 1575/5115/5891 1572/5116/5891 1569/5111/5891
f 1564/5117/5891 1562/5118/5891 1558/5104/5891
f 1282/5119/5891 1294/5120/5891 1289/5121/5891
f 1575/5115/5891 1569/5111/5891 1565/5110/5891
f 1267/5122/5891 1356/5106/5891 1347/5123/5891
f 1267/5122/5891 1582/5109/5891 1356/5106/5891
f 1267/5122/5891 1256/5107/5891 1582/5109/5891
f 1282/5119/5891 1300/5124/5891 1294/5120/5891
f 1560/5125/5891 1565/5110/5891 1563/5126/5891
f 1560/5125/5891 1563/5126/5891 1561/5127/5891
f 1276/5128/5891 1300/5124/5891 1282/5119/5891
f 1276/5128/5891 1267/5122/5891 1347/5123/5891
f 1276/5128/5891 1347/5123/5891 1300/5124/5891
f 1568/5129/5891 1566/5130/5891 1564/5117/5891
f 1568/5129/5891 1564/5117/5891 1558/5104/5891
f 1584/5131/5891 1580/5132/5891 1576/5133/5891
f 1584/5131/5891 1576/5133/5891 1575/5115/5891
f 1328/5134/5891 1339/5135/5891 1332/5136/5891
f 1574/5137/5891 1571/5138/5891 1568/5129/5891
f 1553/5139/5891 1560/5125/5891 1557/5140/5891
f 1553/5139/5891 1557/5140/5891 1555/5141/5891
f 1322/5142/5891 1339/5135/5891 1328/5134/5891
f 1589/5143/5891 1587/5144/5891 1584/5131/5891
f 1582/5109/5891 1578/5145/5891 1574/5137/5891
f 1582/5109/5891 1558/5104/5891 1356/5106/5891
f 1582/5109/5891 1574/5137/5891 1568/5129/5891
f 1582/5109/5891 1568/5129/5891 1558/5104/5891
f 1593/5146/5891 1589/5143/5891 1584/5131/5891
f 1593/5146/5891 1591/5147/5891 1589/5143/5891
f 1312/5148/5891 1322/5142/5891 1318/5149/5891
f 1593/5146/5891 1575/5115/5891 1565/5110/5891
f 1593/5146/5891 1584/5131/5891 1575/5115/5891
f 1312/5148/5891 1339/5135/5891 1322/5142/5891
f 1386/5150/5891 1553/5139/5891 1389/5151/5891
f 1386/5150/5891 1389/5151/5891 1388/5152/5891
f 1386/5150/5891 1560/5125/5891 1553/5139/5891
f 1597/5153/5891 1595/5154/5891 1593/5146/5891
f 1381/5155/5891 1597/5153/5891 1593/5146/5891
f 1381/5155/5891 1593/5146/5891 1565/5110/5891
f 1381/5155/5891 1560/5125/5891 1386/5150/5891
f 1250/5108/5891 1248/5156/5891 1582/5109/5891
f 1381/5155/5891 1565/5110/5891 1560/5125/5891
f 1548/5157/5891 1597/5153/5891 1381/5155/5891
f 1250/5108/5891 1249/5158/5891 1248/5156/5891
f 1300/5124/5891 1347/5123/5891 1339/5135/5891
f 1300/5124/5891 1339/5135/5891 1312/5148/5891
f 1300/5124/5891 1312/5148/5891 1307/5159/5891
f 1356/5106/5891 1549/5160/5891 1548/5157/5891
f 1356/5106/5891 1548/5157/5891 1381/5155/5891
f 1356/5106/5891 1381/5155/5891 1373/5161/5891
f 1356/5106/5891 1373/5161/5891 1366/5162/5891
f 1554/5163/5891 1552/5164/5891 1549/5160/5891
f 1556/5105/5891 1554/5163/5891 1549/5160/5891
f 1556/5105/5891 1549/5160/5891 1356/5106/5891
f 3824/5165/5892 3825/5166/5892 3826/5167/5892
f 3824/5165/5893 3827/5168/5893 3828/5169/5893
f 3829/5170/5894 3830/5171/5894 3825/5166/5894
f 3831/5172/5895 3832/5173/5895 3833/5174/5895
f 3829/5170/5896 3825/5166/5896 3824/5165/5896
f 3829/5170/5897 3828/5169/5897 3834/5175/5897
f 3829/5170/5898 3824/5165/5898 3828/5169/5898
f 3831/5172/5899 3833/5174/5899 3835/5176/5899
f 3836/5177/5900 3830/5171/5900 3829/5170/5900
f 3836/5177/5901 3829/5170/5901 3834/5175/5901
f 3836/5177/5902 3837/5178/5902 3830/5171/5902
f 3836/5177/5903 3834/5175/5903 3838/5179/5903
f 3839/5180/5904 3840/5181/5904 3841/5182/5904
f 3839/5180/5905 3842/5183/5905 3840/5181/5905
f 3843/5184/5906 3844/5185/5906 3845/5186/5906
f 3846/5187/5907 1207/1392/5907 3847/1395/5907
f 3826/5167/5908 3848/5188/5908 3849/5189/5908
f 3826/5167/5909 3849/5189/5909 3850/5190/5909
f 3846/5187/5910 3847/1395/5910 3851/5191/5910
f 3852/5192/5911 3845/5186/5911 3853/5193/5911
f 3854/5194/5912 3835/5195/5912 3855/5196/5912
f 3856/5197/5913 1612/1812/5913 1627/1826/5913
f 3854/5194/5914 3831/5198/5914 3835/5195/5914
f 3857/5199/5915 3858/5200/5915 3859/5201/5915
f 3857/5199/5916 3860/5202/5916 3858/5200/5916
f 3861/5203/5917 3862/5204/5917 3863/5205/5917
f 3861/5203/5918 3864/5206/5918 3865/5207/5918
f 3861/5208/5919 3852/5192/5919 3862/5209/5919
f 3861/5208/5920 3845/5186/5920 3852/5192/5920
f 3861/5203/5921 3863/5205/5921 3864/5206/5921
f 3861/5208/5922 3865/5210/5922 3843/5184/5922
f 3861/5208/5923 3843/5184/5923 3845/5186/5923
f 3866/5211/5924 3859/5201/5924 3832/5173/5924
f 3867/5212/5925 3852/5192/5925 3853/5193/5925
f 3867/5212/5926 3862/5209/5926 3852/5192/5926
f 3867/5213/5927 3863/5205/5927 3862/5204/5927
f 3866/5211/5928 3857/5199/5928 3859/5201/5928
f 3867/5213/5929 3868/5214/5929 3863/5205/5929
f 3869/5215/5930 3855/5196/5930 3870/5216/5930
f 3869/5215/5931 3870/5216/5931 3871/5217/5931
f 3869/5215/5932 3871/5217/5932 3872/5218/5932
f 3869/5215/5933 3854/5194/5933 3855/5196/5933
f 3873/5219/5934 3839/5180/5934 3841/5182/5934
f 3874/5220/5935 3851/5191/5935 3875/5221/5935
f 3873/5219/5936 3841/5182/5936 3876/5222/5936
f 3824/5165/5937 3826/5167/5937 3850/5190/5937
f 3824/5165/5938 3850/5190/5938 3877/5223/5938
f 3874/5220/5939 3846/5187/5939 3851/5191/5939
f 3878/5224/5940 3856/5197/5940 1627/1826/5940
f 3878/5224/5941 1627/1826/5941 3842/5183/5941
f 3879/5225/5942 3873/5219/5942 3876/5222/5942
f 3879/5226/5943 3876/5227/5943 3848/5188/5943
f 3880/5228/5944 3832/5173/5944 3831/5172/5944
f 3880/5228/5945 3866/5211/5945 3832/5173/5945
f 3824/5165/5946 3881/5229/5946 3827/5168/5946
f 3824/5165/5947 3877/5223/5947 3881/5229/5947
f 3882/5230/5948 3875/5221/5948 3860/5202/5948
f 3882/5230/5949 3874/5220/5949 3875/5221/5949
f 3883/5231/5950 3842/5232/5950 3839/5233/5950
f 3883/5234/5951 3878/5224/5951 3842/5183/5951
f 3884/5235/5952 1208/1375/5952 1207/1374/5952
f 3825/5166/5953 3848/5188/5953 3826/5167/5953
f 3884/5236/5954 1207/1392/5954 3846/5187/5954
f 3825/5166/5955 3879/5226/5955 3848/5188/5955
f 3854/5194/5956 3880/5237/5956 3831/5198/5956
f 3885/5238/5957 3860/5202/5957 3857/5199/5957
f 3886/5239/5958 3887/1815/5958 1612/1809/5958
f 3885/5238/5959 3882/5230/5959 3860/5202/5959
f 3886/5239/5960 1612/1809/5960 3856/5240/5960
f 3888/5241/5961 3885/5238/5961 3857/5199/5961
f 3888/5241/5962 3857/5199/5962 3866/5211/5962
f 3889/5242/5963 3884/5236/5963 3846/5187/5963
f 3890/5243/5964 3883/5244/5964 3839/5245/5964
f 3890/5246/5965 3839/5247/5965 3873/5248/5965
f 3889/5242/5966 3846/5187/5966 3874/5220/5966
f 3891/5249/5967 3886/5239/5967 3856/5240/5967
f 3891/5249/5968 3856/5240/5968 3878/5250/5968
f 3892/5251/5969 3873/5252/5969 3879/5226/5969
f 3892/5253/5970 3890/5246/5970 3873/5248/5970
f 3893/5254/5971 3888/5255/5971 3866/5256/5971
f 3893/5254/5972 3866/5256/5972 3880/5237/5972
f 3894/5257/5973 3889/5242/5973 3874/5220/5973
f 3894/5257/5974 3874/5220/5974 3882/5230/5974
f 3895/5258/5975 3891/5249/5975 3878/5250/5975
f 3895/5258/5976 3878/5250/5976 3883/5259/5976
f 3830/5171/5977 3892/5251/5977 3879/5226/5977
f 3830/5171/5978 3879/5226/5978 3825/5166/5978
f 3896/5260/5979 3880/5237/5979 3854/5194/5979
f 3897/5261/5980 1615/1814/5980 3887/1815/5980
f 3897/5261/5981 1602/1799/5981 1615/1814/5981
f 3896/5260/5982 3893/5254/5982 3880/5237/5982
f 3897/5261/5983 3887/1815/5983 3886/5239/5983
f 3898/5262/5984 3894/5257/5984 3882/5230/5984
f 3898/5262/5985 3882/5230/5985 3885/5238/5985
f 3899/5263/5986 1208/5264/5986 3884/5236/5986
f 3899/5263/5987 3884/5236/5987 3889/5242/5987
f 3896/5260/5988 3854/5194/5988 3869/5215/5988
f 3900/5265/5989 3885/5238/5989 3888/5241/5989
f 3900/5265/5990 3898/5262/5990 3885/5238/5990
f 3901/5266/5991 3895/5258/5991 3883/5259/5991
f 3901/5266/5992 3883/5259/5992 3890/5246/5992
f 3902/5267/5993 3886/5239/5993 3891/5249/5993
f 3902/5267/5994 3897/5261/5994 3886/5239/5994
f 3903/5268/5995 3869/5215/5995 3872/5218/5995
f 3903/5268/5996 3896/5260/5996 3869/5215/5996
f 3904/5269/5997 3889/5242/5997 3894/5257/5997
f 3905/5270/5998 3890/5246/5998 3892/5253/5998
f 3904/5269/5999 3899/5263/5999 3889/5242/5999
f 3905/5270/6000 3901/5266/6000 3890/5246/6000
f 3906/5271/6001 3888/5255/6001 3893/5254/6001
f 3906/5271/6002 3900/5272/6002 3888/5255/6002
f 3907/5273/6003 3891/5249/6003 3895/5258/6003
f 3907/5273/6004 3902/5267/6004 3891/5249/6004
f 3837/5178/6005 3905/5274/6005 3892/5251/6005
f 3908/5275/6006 3894/5257/6006 3898/5262/6006
f 3837/5178/6007 3892/5251/6007 3830/5171/6007
f 3908/5275/6008 3904/5269/6008 3894/5257/6008
f 3909/5276/6009 3910/1801/6009 1602/1799/6009
f 3909/5276/6010 1602/1799/6010 3897/5261/6010
f 3911/5277/6011 3893/5254/6011 3896/5260/6011
f 3911/5277/6012 3906/5271/6012 3893/5254/6012
f 3912/5278/6013 3908/5275/6013 3898/5262/6013
f 3912/5278/6014 3898/5262/6014 3900/5265/6014
f 3913/5279/6015 3896/5260/6015 3903/5268/6015
f 3913/5279/6016 3911/5277/6016 3896/5260/6016
f 3914/5280/6017 1208/1375/6017 3899/5281/6017
f 3914/5280/6018 1209/1376/6018 1208/1375/6018
f 3915/5282/6019 3907/5273/6019 3895/5258/6019
f 3915/5282/6020 3895/5258/6020 3901/5266/6020
f 3916/5283/6021 3909/5276/6021 3897/5261/6021
f 3916/5283/6022 3897/5261/6022 3902/5267/6022
f 3917/5284/6023 3915/5282/6023 3901/5266/6023
f 3917/5284/6024 3901/5266/6024 3905/5270/6024
f 3918/5285/6025 3913/5279/6025 3903/5268/6025
f 3919/5286/6026 3900/5272/6026 3906/5271/6026
f 3919/5286/6027 3912/5287/6027 3900/5272/6027
f 3920/5288/6028 3899/5281/6028 3904/5289/6028
f 3921/5290/6029 3902/5267/6029 3907/5273/6029
f 3920/5288/6030 3914/5280/6030 3899/5281/6030
f 3921/5290/6031 3916/5283/6031 3902/5267/6031
f 3922/5291/6032 3905/5274/6032 3837/5178/6032
f 3922/5291/6033 3917/5292/6033 3905/5274/6033
f 3911/5277/6034 3919/5286/6034 3906/5271/6034
f 3923/5293/6035 3910/1801/6035 3909/5276/6035
f 3924/5294/6036 3837/5178/6036 3836/5177/6036
f 3925/5295/6037 3920/5288/6037 3904/5289/6037
f 3924/5294/6038 3922/5291/6038 3837/5178/6038
f 3926/5296/6039 3907/5273/6039 3915/5282/6039
f 3925/5295/6040 3904/5289/6040 3908/5297/6040
f 3926/5296/6041 3921/5290/6041 3907/5273/6041
f 3913/5279/6042 3918/5285/6042 3927/5298/6042
f 3928/5299/6043 1210/1377/6043 1209/1376/6043
f 3928/5299/6044 1209/1376/6044 3914/5280/6044
f 3929/5300/6045 3915/5282/6045 3917/5284/6045
f 3929/5300/6046 3926/5296/6046 3915/5282/6046
f 3930/5301/6047 3925/5302/6047 3908/5303/6047
f 3930/5304/6048 3908/5305/6048 3912/5306/6048
f 3931/5307/6049 3923/5293/6049 3909/5276/6049
f 3931/5307/6050 3909/5276/6050 3916/5283/6050
f 3932/5308/6051 3836/5177/6051 3838/5179/6051
f 3932/5308/6052 3924/5294/6052 3836/5177/6052
f 3932/5308/6053 3838/5179/6053 3933/5309/6053
f 3934/5310/6054 3928/5299/6054 3914/5280/6054
f 3934/5310/6055 3914/5280/6055 3920/5288/6055
f 3935/5311/6056 3912/5287/6056 3919/5286/6056
f 3935/5311/6057 3930/5312/6057 3912/5287/6057
f 3936/5313/6058 3917/5292/6058 3922/5291/6058
f 3937/5314/6059 3938/5315/6059 3939/5316/6059
f 3937/5314/6060 3939/5316/6060 3940/5317/6060
f 3936/5313/6061 3929/5318/6061 3917/5292/6061
f 3941/5319/6062 3916/5283/6062 3921/5290/6062
f 3942/5320/6063 1211/1378/6063 1210/1377/6063
f 3941/5319/6064 3931/5307/6064 3916/5283/6064
f 3943/5321/6065 3937/5314/6065 3940/5317/6065
f 3943/5321/6066 3940/5317/6066 3944/5322/6066
f 3945/5323/6067 3946/1887/6067 3910/1801/6067
f 3945/5323/6068 3910/1801/6068 3923/5293/6068
f 3947/5324/6069 3920/5288/6069 3925/5295/6069
f 3947/5324/6070 3934/5310/6070 3920/5288/6070
f 3948/5325/6071 3943/5321/6071 3944/5322/6071
f 3949/5326/6072 3919/5286/6072 3911/5277/6072
f 3924/5294/6073 3936/5313/6073 3922/5291/6073
f 3949/5326/6074 3935/5311/6075 3919/5286/6075
f 3938/5315/6076 3950/1870/6076 3951/1869/6076
f 3952/5327/6077 1210/1377/6077 3928/5299/6077
f 3952/5327/6078 3942/5320/6078 1210/1377/6078
f 3948/5325/6079 3944/5322/6079 3953/5328/6079
f 3954/5329/6080 3925/5330/6080 3930/5331/6080
f 3955/5332/6081 3921/5290/6081 3926/5296/6081
f 3954/5333/6082 3947/5334/6082 3925/5335/6082
f 3955/5332/6083 3941/5319/6083 3921/5290/6083
f 3956/5336/6084 3938/5315/6084 3937/5314/6084
f 3932/5308/6085 3933/5309/6085 3957/5337/6085
f 3949/5326/6086 3911/5277/6086 3913/5279/6086
f 3958/5338/6087 3956/5336/6087 3937/5314/6087
f 3959/5339/6088 3945/5323/6088 3923/5293/6088
f 3959/5339/6089 3923/5293/6089 3931/5307/6089
f 3960/5340/6090 3948/5325/6090 3953/5328/6090
f 3961/5341/6091 3955/5332/6091 3926/5296/6091
f 3961/5341/6092 3926/5296/6092 3929/5300/6092
f 3958/5338/6093 3937/5314/6093 3943/5321/6093
f 3962/5342/6094 3928/5299/6094 3934/5310/6094
f 3962/5342/6095 3952/5327/6095 3928/5299/6095
f 3960/5340/6096 3953/5328/6096 3963/5343/6096
f 3927/5298/6097 3949/5326/6097 3913/5279/6097
f 3927/5298/6098 3964/5344/6098 3949/5326/6098
f 3965/5345/6099 3958/5338/6099 3943/5321/6099
f 3966/5346/6100 3930/5312/6100 3935/5311/6100
f 3966/5346/6101 3954/5347/6101 3930/5312/6101
f 3967/5348/6102 3959/5339/6102 3931/5307/6102
f 3968/5349/6103 3960/5350/6103 3963/5351/6103
f 3967/5348/6104 3931/5307/6104 3941/5319/6104
f 3969/5352/6105 3929/5300/6105 3936/5353/6105
f 3969/5352/6106 3961/5341/6106 3929/5300/6106
f 3965/5345/6107 3943/5321/6107 3948/5325/6107
f 3970/5354/6108 3971/1380/6108 1211/1378/6108
f 3970/5354/6109 3972/1381/6109 3971/1380/6109
f 3970/5354/6110 1211/1378/6110 3942/5320/6110
f 3973/5355/6111 3949/5326/6111 3964/5344/6111
f 3974/5356/6112 3975/5357/6112 3946/1887/6112
f 3973/5355/6113 3935/5311/6113 3949/5326/6113
f 3974/5356/6114 3976/1883/6114 3975/5357/6114
f 3977/5358/6115 3950/1870/6115 3938/5315/6115
f 3973/5355/6116 3966/5346/6116 3935/5311/6116
f 3978/5359/6117 3968/5349/6117 3963/5351/6117
f 3978/5359/6118 3963/5351/6118 3979/5360/6118
f 3974/5356/6119 3946/1887/6119 3945/5323/6119
f 3980/5361/6120 3965/5345/6120 3948/5325/6120
f 3981/5362/6121 3936/5313/6121 3924/5294/6121
f 3981/5362/6122 3969/5363/6122 3936/5313/6122
f 3982/5364/6123 3934/5310/6123 3947/5324/6123
f 3982/5364/6124 3962/5342/6124 3934/5310/6124
f 3956/5336/6125 3977/5358/6125 3938/5315/6125
f 3983/5365/6126 3967/5348/6126 3941/5319/6126
f 3983/5365/6127 3941/5319/6127 3955/5332/6127
f 3984/5366/6128 3942/5320/6128 3952/5327/6128
f 3985/5367/6129 3980/5361/6129 3948/5325/6129
f 3984/5366/6130 3970/5354/6130 3942/5320/6130
f 3986/5368/6131 3982/5369/6131 3947/5370/6131
f 3986/5371/6132 3947/5372/6132 3954/5373/6132
f 3987/5374/6133 3974/5356/6133 3945/5323/6133
f 3985/5367/6134 3948/5325/6134 3960/5340/6134
f 3987/5374/6135 3945/5323/6135 3959/5339/6135
f 3988/5375/6136 3924/5294/6136 3932/5308/6136
f 3988/5375/6137 3981/5362/6137 3924/5294/6137
f 3989/5376/6138 3956/5336/6138 3958/5338/6138
f 3988/5375/6139 3957/5337/6139 3990/5377/6139
f 3988/5375/6140 3932/5308/6140 3957/5337/6140
f 3991/5378/6141 3983/5365/6141 3955/5332/6141
f 3991/5378/6142 3955/5332/6142 3961/5341/6142
f 3992/5379/6143 3952/5327/6143 3962/5342/6143
f 3992/5379/6144 3984/5366/6144 3952/5327/6144
f 3993/5380/6145 3978/5359/6145 3979/5360/6145
f 3994/5381/6146 3954/5347/6146 3966/5346/6146
f 3993/5380/6147 3979/5360/6147 3995/5382/6147
f 3996/5383/6148 3985/5384/6148 3960/5350/6148
f 3994/5381/6149 3986/5385/6149 3954/5347/6149
f 3996/5383/6150 3960/5350/6150 3968/5349/6150
f 3997/5386/6151 3959/5339/6151 3967/5348/6151
f 3998/5387/6152 3958/5338/6152 3965/5345/6152
f 3997/5386/6153 3987/5374/6153 3959/5339/6153
f 3999/5388/6154 3961/5341/6154 3969/5352/6154
f 3998/5387/6155 3989/5376/6155 3958/5338/6155
f 3999/5388/6156 3991/5378/6156 3961/5341/6156
f 4000/5389/6157 3972/1381/6157 3970/5354/6157
f 4001/5390/6158 3966/5346/6158 3973/5355/6158
f 4001/5390/6159 3994/5381/6159 3966/5346/6159
f 4002/5391/6160 3962/5342/6160 3982/5364/6160
f 4003/5392/6161 3976/1883/6161 3974/5356/6161
f 4002/5391/6162 3992/5379/6162 3962/5342/6162
f 3977/5358/6163 1664/1863/6163 3950/1870/6163
f 4004/5393/6164 3996/5383/6164 3968/5349/6164
f 4004/5393/6165 3968/5349/6165 3978/5359/6165
f 3981/5362/6166 3999/5394/6166 3969/5363/6166
f 4005/5395/6167 3967/5348/6167 3983/5365/6167
f 4005/5395/6168 3997/5386/6168 3967/5348/6168
f 4001/5390/6169 3964/5344/6169 1277/5396/6169
f 4001/5390/6170 3973/5355/6170 3964/5344/6170
f 4006/5397/6171 3998/5387/6171 3965/5345/6171
f 4001/5390/6172 1277/5396/6172 4007/5398/6172
f 4008/5399/6173 3970/5354/6173 3984/5366/6173
f 4006/5397/6174 3965/5345/6174 3980/5361/6174
f 4008/5399/6175 4000/5389/6175 3970/5354/6175
f 4004/5393/6176 3978/5359/6176 3993/5380/6176
f 4004/5393/6177 3993/5380/6177 4009/5400/6177
f 4010/5401/6178 4002/5391/6178 3982/5364/6178
f 4011/5402/6179 3956/5336/6179 3989/5376/6179
f 4011/5402/6180 3977/5358/6180 3956/5336/6180
f 3988/5375/6181 3990/5377/6181 4012/5403/6181
f 4010/5401/6182 3982/5364/6182 3986/5404/6182
f 4013/5405/6183 4005/5395/6183 3983/5365/6183
f 4013/5405/6184 3983/5365/6184 3991/5378/6184
f 4014/5406/6185 3980/5361/6185 3985/5367/6185
f 4015/5407/6186 3974/5356/6186 3987/5374/6186
f 4014/5406/6187 4006/5397/6187 3980/5361/6187
f 4015/5407/6188 4003/5392/6188 3974/5356/6188
f 4016/5408/6189 3984/5366/6189 3992/5379/6189
f 4016/5408/6190 4008/5399/6190 3984/5366/6190
f 4017/5409/6191 3986/5385/6191 3994/5381/6191
f 4018/5410/6192 3989/5376/6192 3998/5387/6192
f 4017/5409/6193 4010/5411/6193 3986/5385/6193
f 4018/5410/6194 4011/5402/6194 3989/5376/6194
f 4019/5412/6195 3991/5378/6195 3999/5388/6195
f 4020/5413/6196 4014/5414/6196 3985/5384/6196
f 4020/5413/6197 3985/5384/6197 3996/5383/6197
f 4019/5412/6198 4013/5405/6198 3991/5378/6198
f 4021/5415/6199 3987/5374/6199 3997/5386/6199
f 4022/5416/6200 1664/1863/6200 3977/5358/6200
f 4023/5417/6201 3972/1381/6201 4000/5389/6201
f 4023/5417/6202 4024/1382/6202 3972/1381/6202
f 4021/5415/6203 4015/5407/6203 3987/5374/6203
f 4022/5416/6204 4025/1862/6204 1664/1863/6204
f 4022/5416/6205 4026/1878/6205 4025/1862/6205
f 4027/5418/6206 3994/5381/6206 4001/5390/6206
f 4027/5418/6207 4017/5409/6207 3994/5381/6207
f 4028/5419/6208 3992/5379/6208 4002/5391/6208
f 4029/5420/6209 3996/5383/6209 4004/5393/6209
f 4029/5420/6210 4020/5413/6210 3996/5383/6210
f 4028/5419/6211 4016/5408/6211 3992/5379/6211
f 4030/5421/6212 1684/1884/6212 3976/1883/6212
f 4030/5421/6213 4031/1885/6213 1684/1884/6213
f 4030/5421/6214 3976/1883/6214 4003/5392/6214
f 4032/5422/6215 4019/5423/6215 3999/5394/6215
f 4027/5418/6216 4007/5398/6216 4033/5424/6216
f 4032/5422/6217 3999/5394/6217 3981/5362/6217
f 4034/5425/6218 4018/5410/6218 3998/5387/6218
f 4034/5425/6219 3998/5387/6219 4006/5397/6219
f 4027/5418/6220 4001/5390/6220 4007/5398/6220
f 4035/5426/6221 4002/5391/6221 4010/5401/6221
f 4036/5427/6222 4022/5416/6222 3977/5358/6222
f 4035/5426/6223 4028/5419/6223 4002/5391/6223
f 4037/5428/6224 4000/5389/6224 4008/5399/6224
f 4038/5429/6225 4021/5415/6225 3997/5386/6225
f 4036/5427/6226 3977/5358/6226 4011/5402/6226
f 4038/5429/6227 3997/5386/6227 4005/5395/6227
f 4029/5420/6228 4004/5393/6228 4009/5400/6228
f 4037/5428/6229 4023/5417/6229 4000/5389/6229
f 4029/5420/6230 4009/5400/6230 4039/5430/6230
f 4040/5431/6231 4032/5422/6231 3981/5362/6231
f 4041/5432/6232 4034/5425/6232 4006/5397/6232
f 4040/5431/6233 4012/5403/6233 4042/5433/6233
f 4040/5431/6234 3988/5375/6234 4012/5403/6234
f 4040/5431/6235 3981/5362/6235 3988/5375/6235
f 4043/5434/6236 4003/5392/6236 4015/5407/6236
f 4041/5432/6237 4006/5397/6237 4014/5406/6237
f 4043/5434/6238 4030/5421/6238 4003/5392/6238
f 4044/5435/6239 4035/5436/6239 4010/5411/6239
f 4045/5437/6240 4005/5395/6240 4013/5405/6240
f 4045/5437/6241 4038/5429/6241 4005/5395/6241
f 4044/5435/6242 4010/5411/6242 4017/5409/6242
f 4046/5438/6243 4008/5399/6243 4016/5408/6243
f 4047/5439/6244 4011/5402/6244 4018/5410/6244
f 4046/5438/6245 4037/5428/6245 4008/5399/6245
f 4047/5439/6246 4036/5427/6246 4011/5402/6246
f 4048/5440/6247 4041/5441/6247 4014/5414/6247
f 4048/5440/6248 4014/5414/6248 4020/5413/6248
f 4049/5442/6249 4015/5407/6249 4021/5415/6249
f 4050/5443/6250 4051/5444/6250 4024/1382/6250
f 4049/5442/6251 4043/5434/6251 4015/5407/6251
f 4050/5443/6252 4024/1382/6252 4023/5417/6252
f 4052/5445/6253 4045/5437/6253 4013/5405/6253
f 4053/5446/6254 4044/5435/6254 4017/5409/6254
f 4052/5445/6255 4013/5405/6255 4019/5412/6255
f 4053/5446/6256 4017/5409/6256 4027/5418/6256
f 4054/5447/6257 4046/5438/6257 4016/5408/6257
f 4055/5448/6258 4020/5413/6258 4029/5420/6258
f 4055/5448/6259 4048/5440/6259 4020/5413/6259
f 4054/5447/6260 4016/5408/6260 4028/5419/6260
f 4056/5449/6261 4049/5442/6261 4021/5415/6261
f 4057/5450/6262 4018/5410/6262 4034/5425/6262
f 4053/5446/6263 4033/5424/6263 1286/5451/6263
f 4053/5446/6264 4027/5418/6264 4033/5424/6264
f 4057/5450/6265 4047/5439/6265 4018/5410/6265
f 4058/5452/6266 4022/5416/6266 4036/5427/6266
f 4059/5453/6267 4054/5447/6267 4028/5419/6267
f 4059/5453/6268 4028/5419/6268 4035/5426/6268
f 4032/5422/6269 4052/5454/6269 4019/5423/6269
f 4055/5448/6270 4039/5430/6270 4060/5455/6270
f 4055/5448/6271 4029/5420/6271 4039/5430/6271
f 4061/5456/6272 4050/5443/6272 4023/5417/6272
f 4062/5457/6273 4021/5415/6273 4038/5429/6273
f 4061/5456/6274 4023/5417/6274 4037/5428/6274
f 4063/5458/6275 4034/5425/6275 4041/5432/6275
f 4062/5457/6276 4056/5449/6276 4021/5415/6276
f 4063/5458/6277 4057/5450/6277 4034/5425/6277
f 4064/5459/6278 1235/1405/6278 4031/1885/6278
f 4064/5459/6279 4031/1885/6279 4030/5421/6279
f 4065/5460/6280 4059/5461/6280 4035/5436/6280
f 4040/5431/6281 4042/5433/6281 4066/5462/6281
f 4065/5460/6282 4035/5436/6282 4044/5435/6282
f 4067/5463/6283 4037/5428/6283 4046/5438/6283
f 4068/5464/6284 4058/5452/6284 4036/5427/6284
f 4069/5465/6285 4038/5429/6285 4045/5437/6285
f 4068/5464/6286 4036/5427/6286 4047/5439/6286
f 4069/5465/6287 4062/5457/6287 4038/5429/6287
f 4067/5463/6288 4061/5456/6288 4037/5428/6288
f 4070/5466/6289 4063/5467/6289 4041/5441/6289
f 4070/5466/6290 4041/5441/6290 4048/5440/6290
f 4071/5468/6291 4072/1849/6291 4026/1878/6291
f 4071/5468/6292 4073/1850/6292 4072/1849/6292
f 4050/5443/6293 1219/1387/6293 4051/5444/6293
f 4071/5468/6294 4026/1878/6294 4022/5416/6294
f 4074/5469/6295 4044/5435/6295 4053/5446/6295
f 4074/5469/6296 4065/5460/6296 4044/5435/6296
f 4075/5470/6297 4048/5440/6297 4055/5448/6297
f 4076/5471/6298 4030/5421/6298 4043/5434/6298
f 4076/5471/6299 4064/5459/6299 4030/5421/6299
f 4075/5470/6300 4070/5466/6300 4048/5440/6300
f 4077/5472/6301 4067/5463/6301 4046/5438/6301
f 4077/5472/6302 4046/5438/6302 4054/5447/6302
f 4078/5473/6303 4045/5437/6303 4052/5445/6303
f 4078/5473/6304 4069/5465/6304 4045/5437/6304
f 4079/5474/6305 4068/5464/6305 4047/5439/6305
f 4074/5469/6306 4053/5446/6306 1286/5451/6306
f 4079/5474/6307 4047/5439/6307 4057/5450/6307
f 4074/5469/6308 1286/5451/6308 4080/5475/6308
f 4081/5476/6309 4071/5468/6309 4022/5416/6309
f 4082/5477/6310 4054/5447/6310 4059/5453/6310
f 4081/5476/6311 4022/5416/6311 4058/5452/6311
f 4082/5477/6312 4077/5472/6312 4054/5447/6312
f 4075/5470/6313 4055/5448/6313 4060/5455/6313
f 4075/5470/6314 4060/5455/6314 4083/5478/6314
f 4084/5479/6315 4050/5443/6315 4061/5456/6315
f 4085/5480/6316 4079/5474/6316 4057/5450/6316
f 4085/5480/6317 4057/5450/6317 4063/5458/6317
f 4086/5481/6318 4076/5471/6318 4043/5434/6318
f 4086/5481/6319 4043/5434/6319 4049/5442/6319
f 4087/5482/6320 4078/5483/6320 4052/5454/6320
f 4087/5482/6321 4052/5454/6321 4032/5422/6321
f 4088/5484/6322 4059/5461/6322 4065/5460/6322
f 4089/5485/6323 4058/5452/6323 4068/5464/6323
f 4089/5485/6324 4081/5476/6324 4058/5452/6324
f 4088/5484/6325 4082/5486/6325 4059/5461/6325
f 4090/5487/6326 4084/5479/6326 4061/5456/6326
f 4091/5488/6327 4063/5467/6327 4070/5466/6327
f 4090/5487/6328 4061/5456/6328 4067/5463/6328
f 4091/5488/6329 4085/5489/6329 4063/5467/6329
f 4086/5481/6330 4049/5442/6330 4056/5449/6330
f 4087/5482/6331 4066/5462/6331 4092/5490/6331
f 4087/5482/6332 4032/5422/6332 4040/5431/6332
f 4087/5482/6333 4040/5431/6333 4066/5462/6333
f 4093/5491/6334 4094/1406/6334 1235/1405/6334
f 4093/5491/6335 4095/1404/6335 4094/1406/6335
f 4096/5492/6336 4073/1850/6336 4071/5468/6336
f 4093/5491/6337 1235/1405/6337 4064/5459/6337
f 4097/5493/6338 1219/1387/6338 4050/5443/6338
f 4097/5493/6339 4098/1388/6339 1219/1387/6339
f 4099/5494/6340 4056/5449/6340 4062/5457/6340
f 4099/5494/6341 4086/5481/6341 4056/5449/6341
f 4100/5495/6342 4065/5460/6342 4074/5469/6342
f 4101/5496/6343 4091/5488/6343 4070/5466/6343
f 4101/5496/6344 4070/5466/6344 4075/5470/6344
f 4100/5495/6345 4088/5484/6345 4065/5460/6345
f 4102/5497/6346 4067/5463/6346 4077/5472/6346
f 4102/5497/6347 4090/5487/6347 4067/5463/6347
f 4103/5498/6348 4068/5464/6348 4079/5474/6348
f 4103/5498/6349 4089/5485/6349 4068/5464/6349
f 4099/5494/6350 4062/5457/6350 4069/5465/6350
f 4104/5499/6351 4071/5468/6351 4081/5476/6351
f 4100/5495/6352 4080/5475/6352 4105/5500/6352
f 4100/5495/6353 4074/5469/6353 4080/5475/6353
f 4104/5499/6354 4096/5492/6354 4071/5468/6354
f 4106/5501/6355 4077/5472/6355 4082/5477/6355
f 4101/5496/6356 4075/5470/6356 4083/5478/6356
f 4106/5501/6357 4102/5497/6357 4077/5472/6357
f 4101/5496/6358 4083/5478/6358 4107/5502/6358
f 4108/5503/6359 4079/5474/6359 4085/5480/6359
f 4109/5504/6360 4093/5491/6360 4064/5459/6360
f 4110/5505/6361 4050/5443/6361 4084/5479/6361
f 4109/5504/6362 4064/5459/6362 4076/5471/6362
f 4108/5503/6363 4103/5498/6363 4079/5474/6363
f 3864/5206/6364 4099/5494/6364 4069/5465/6364
f 4110/5505/6365 4097/5493/6365 4050/5443/6365
f 4087/5482/6366 4092/5490/6366 3844/5185/6366
f 4111/5506/6367 4082/5486/6367 4088/5484/6367
f 4111/5506/6368 4106/5507/6368 4082/5486/6368
f 4112/5508/6369 4081/5476/6369 4089/5485/6369
f 3865/5207/6370 3864/5206/6370 4069/5465/6370
f 3865/5207/6371 4069/5465/6371 4078/5473/6371
f 4113/5509/6372 4110/5505/6372 4084/5479/6372
f 4112/5508/6373 4104/5499/6373 4081/5476/6373
f 4114/5510/6374 4076/5471/6374 4086/5481/6374
f 4114/5510/6375 4109/5504/6375 4076/5471/6375
f 4113/5509/6376 4084/5479/6376 4090/5487/6376
f 4115/5511/6377 4108/5512/6377 4085/5489/6377
f 4115/5511/6378 4085/5489/6378 4091/5488/6378
f 4116/5513/6379 4117/1839/6379 4073/1850/6379
f 4116/5513/6380 4118/1840/6380 4117/1839/6380
f 4116/5513/6381 4073/1850/6381 4096/5492/6381
f 4119/5514/6382 4111/5506/6382 4088/5484/6382
f 3865/5210/6383 4078/5483/6383 4087/5482/6383
f 4119/5514/6384 4088/5484/6384 4100/5495/6384
f 4120/5515/6385 4121/5516/6385 4095/1404/6385
f 4120/5515/6386 4095/1404/6386 4093/5491/6386
f 4097/5493/6387 4122/5517/6387 4098/1388/6387
f 4123/5518/6388 4086/5481/6388 4099/5494/6388
f 4124/5519/6389 4113/5509/6389 4090/5487/6389
f 4123/5518/6390 4114/5510/6390 4086/5481/6390
f 4124/5519/6391 4090/5487/6391 4102/5497/6391
f 4125/5520/6392 4091/5488/6392 4101/5496/6392
f 4125/5520/6393 4115/5511/6393 4091/5488/6393
f 3843/5184/6394 4087/5482/6394 3844/5185/6394
f 3843/5184/6395 3865/5210/6395 4087/5482/6395
f 4126/5521/6396 4089/5485/6396 4103/5498/6396
f 4126/5521/6397 4112/5508/6397 4089/5485/6397
f 4119/5514/6398 4100/5495/6398 4105/5500/6398
f 4127/5522/6399 4116/5513/6399 4096/5492/6399
f 4128/5523/6400 4124/5519/6400 4102/5497/6400
f 4127/5522/6401 4096/5492/6401 4104/5499/6401
f 4128/5523/6402 4102/5497/6402 4106/5501/6402
f 4129/5524/6403 4097/5493/6403 4110/5505/6403
f 4130/5525/6404 4126/5521/6404 4103/5498/6404
f 4130/5525/6405 4103/5498/6405 4108/5503/6405
f 4131/5526/6406 4093/5491/6406 4109/5504/6406
f 4131/5526/6407 4120/5515/6407 4093/5491/6407
f 4125/5520/6408 4107/5502/6408 1296/5527/6408
f 4125/5520/6409 4101/5496/6409 4107/5502/6409
f 1297/5528/6410 4119/5514/6410 4105/5500/6410
f 3863/5205/6411 4123/5518/6411 4099/5494/6411
f 3863/5205/6412 4099/5494/6412 3864/5206/6412
f 4132/5529/6413 4104/5499/6413 4112/5508/6413
f 4133/5530/6414 4106/5507/6414 4111/5506/6414
f 4133/5530/6415 4128/5531/6415 4106/5507/6415
f 4132/5529/6416 4127/5522/6416 4104/5499/6416
f 4134/5532/6417 4109/5504/6417 4114/5510/6417
f 4135/5533/6418 4110/5505/6418 4113/5509/6418
f 4136/5534/6419 4130/5535/6419 4108/5512/6419
f 4135/5533/6420 4129/5524/6420 4110/5505/6420
f 4136/5534/6421 4108/5512/6421 4115/5511/6421
f 4134/5532/6422 4131/5526/6422 4109/5504/6422
f 4137/5536/6423 4138/1829/6423 4118/1840/6423
f 4137/5536/6424 4118/1840/6424 4116/5513/6424
f 4139/5537/6425 4121/5516/6425 4120/5515/6425
f 4140/5538/6426 4141/5539/6426 4122/5517/6426
f 4140/5538/6427 4122/5517/6427 4097/5493/6427
f 4142/5540/6428 4111/5506/6428 4119/5514/6428
f 4142/5540/6429 4133/5530/6429 4111/5506/6429
f 4143/5541/6430 4115/5511/6430 4125/5520/6430
f 4143/5541/6431 4136/5534/6431 4115/5511/6431
f 4144/5542/6432 4134/5532/6432 4114/5510/6432
f 4145/5543/6433 4112/5508/6433 4126/5521/6433
f 4144/5542/6434 4114/5510/6434 4123/5518/6434
f 4146/5544/6435 4113/5509/6435 4124/5519/6435
f 4145/5543/6436 4132/5529/6436 4112/5508/6436
f 4147/5545/6437 4116/5513/6437 4127/5522/6437
f 4148/5546/6438 4139/5537/6438 4120/5515/6438
f 4146/5544/6439 4135/5533/6439 4113/5509/6439
f 4148/5546/6440 4120/5515/6440 4131/5526/6440
f 4142/5540/6441 4119/5514/6441 1297/5528/6441
f 4147/5545/6442 4137/5536/6442 4116/5513/6442
f 4149/5547/6443 4126/5521/6443 4130/5525/6443
f 4149/5547/6444 4145/5543/6444 4126/5521/6444
f 4150/5548/6445 4097/5493/6445 4129/5524/6445
f 4143/5541/6446 4125/5520/6446 1296/5527/6446
f 4150/5548/6447 4140/5538/6447 4097/5493/6447
f 4143/5541/6448 1296/5527/6448 4151/5549/6448
f 4152/5550/6449 4124/5519/6449 4128/5523/6449
f 3868/5214/6450 4144/5542/6450 4123/5518/6450
f 4152/5550/6451 4146/5544/6451 4124/5519/6451
f 4153/5551/6452 4142/5540/6452 1297/5528/6452
f 3868/5214/6453 4123/5518/6453 3863/5205/6453
f 4154/5552/6454 4131/5526/6454 4134/5532/6454
f 4154/5552/6455 4148/5546/6455 4131/5526/6455
f 4155/5553/6456 4127/5522/6456 4132/5529/6456
f 4155/5553/6457 4147/5545/6457 4127/5522/6457
f 4156/5554/6458 4130/5535/6458 4136/5534/6458
f 4157/5555/6459 4129/5524/6459 4135/5533/6459
f 4156/5554/6460 4149/5556/6460 4130/5535/6460
f 4158/5557/6461 4159/1393/6461 4121/5516/6461
f 4158/5557/6462 4121/5516/6462 4139/5537/6462
f 4160/5558/6463 1618/1817/6463 4138/1829/6463
f 4157/5555/6464 4150/5548/6464 4129/5524/6464
f 4160/5558/6465 4138/1829/6465 4137/5536/6465
f 4161/5559/6466 4128/5531/6466 4133/5530/6466
f 4161/5559/6467 4152/5560/6467 4128/5531/6467
f 4162/5561/6468 4154/5552/6468 4134/5532/6468
f 4163/5562/6469 4136/5534/6469 4143/5541/6469
f 4162/5561/6470 4134/5532/6470 4144/5542/6470
f 4164/5563/6471 4139/5537/6471 4148/5546/6471
f 4163/5562/6472 4156/5554/6472 4136/5534/6472
f 4164/5563/6473 4158/5557/6473 4139/5537/6473
f 4165/5564/6474 4132/5529/6474 4145/5543/6474
f 4166/5565/6475 4133/5530/6475 4142/5540/6475
f 4165/5564/6476 4155/5553/6476 4132/5529/6476
f 4166/5565/6477 4161/5559/6477 4133/5530/6477
f 4167/5566/6478 4162/5561/6478 4144/5542/6478
f 4168/5567/6479 4157/5555/6479 4135/5533/6479
f 4169/5568/6480 4137/5536/6480 4147/5545/6480
f 4169/5568/6481 4160/5558/6481 4137/5536/6481
f 4168/5567/6482 4135/5533/6482 4146/5544/6482
f 4170/5569/6483 4145/5543/6483 4149/5547/6483
f 4171/5570/6484 4141/5539/6484 4140/5538/6484
f 4170/5569/6485 4165/5564/6485 4145/5543/6485
f 4167/5566/6486 4144/5542/6486 3868/5214/6486
f 4163/5562/6487 4151/5549/6487 1288/5571/6487
f 4163/5562/6488 4143/5541/6488 4151/5549/6488
f 4172/5572/6489 4164/5563/6489 4148/5546/6489
f 4172/5572/6490 4148/5546/6490 4154/5552/6490
f 4173/5573/6491 4168/5567/6491 4146/5544/6491
f 4174/5574/6492 3868/5214/6492 3867/5213/6492
f 4173/5573/6493 4146/5544/6493 4152/5550/6493
f 4174/5574/6494 4167/5566/6494 3868/5214/6494
f 4175/5575/6495 4176/5576/6495 4171/5570/6495
f 4177/5577/6496 4147/5545/6496 4155/5553/6496
f 4175/5575/6497 4140/5538/6497 4150/5548/6497
f 4177/5577/6498 4169/5568/6498 4147/5545/6498
f 4175/5575/6499 4171/5570/6499 4140/5538/6499
f 4178/5578/6500 4149/5556/6500 4156/5554/6500
f 4178/5578/6501 4170/5579/6501 4149/5556/6501
f 3855/5196/6502 4174/5580/6502 3867/5212/6502
f 4179/5581/6503 4180/1394/6503 4159/1393/6503
f 4181/5582/6504 1627/1826/6504 1618/1817/6504
f 4179/5581/6505 4159/1393/6505 4158/5557/6505
f 4182/5583/6506 4166/5565/6506 4142/5540/6506
f 4182/5583/6507 4142/5540/6507 4153/5551/6507
f 4181/5582/6508 1618/1817/6508 4160/5558/6508
f 4183/5584/6509 4154/5552/6509 4162/5561/6509
f 4183/5584/6510 4172/5572/6510 4154/5552/6510
f 4184/5585/6511 4173/5586/6511 4152/5560/6511
f 4184/5585/6512 4152/5560/6512 4161/5559/6512
f 3833/5174/6513 4162/5561/6513 4167/5566/6513
f 4175/5575/6514 4185/5587/6514 4176/5576/6514
f 4186/5588/6515 4156/5554/6515 4163/5562/6515
f 3833/5174/6516 4183/5584/6516 4162/5561/6516
f 4186/5588/6517 4178/5578/6517 4156/5554/6517
f 4187/5589/6518 4155/5553/6518 4165/5564/6518
f 3870/5216/6519 3867/5212/6519 3853/5193/6519
f 4175/5575/6520 4150/5548/6520 4157/5555/6520
f 3870/5216/6521 3853/5193/6521 4188/5590/6521
f 3870/5216/6522 3855/5196/6522 3867/5212/6522
f 4187/5589/6523 4177/5577/6523 4155/5553/6523
f 4189/5591/6524 4158/5557/6524 4164/5563/6524
f 4189/5591/6525 4179/5581/6525 4158/5557/6525
f 4190/5592/6526 4185/5587/6526 4175/5575/6526
f 3840/5181/6527 4160/5558/6527 4169/5568/6527
f 4190/5592/6528 4175/5575/6528 4157/5555/6528
f 3840/5181/6529 4181/5582/6529 4160/5558/6529
f 3849/5593/6530 4165/5564/6530 4170/5569/6530
f 3849/5593/6531 4187/5589/6531 4165/5564/6531
f 4191/5594/6532 4161/5559/6532 4166/5565/6532
f 4191/5594/6533 4184/5585/6533 4161/5559/6533
f 4171/5570/6534 4192/5595/6534 4193/1412/6534
f 4186/5588/6535 4163/5562/6535 1288/5571/6535
f 4171/5570/6536 4193/1412/6536 4141/5539/6536
f 3835/5176/6537 4167/5566/6537 4174/5574/6537
f 3835/5176/6538 3833/5174/6538 4167/5566/6538
f 4190/5592/6539 4194/5596/6539 4185/5587/6539
f 4190/5592/6540 4157/5555/6540 4168/5567/6540
f 4191/5594/6541 4166/5565/6541 4182/5583/6541
f 3858/5200/6542 4189/5591/6542 4164/5563/6542
f 4195/5597/6543 4168/5567/6543 4173/5573/6543
f 3858/5200/6544 4164/5563/6544 4172/5572/6544
f 3841/5182/6545 4169/5568/6545 4177/5577/6545
f 3841/5182/6546 3840/5181/6546 4169/5568/6546
f 3855/5196/6547 3835/5195/6547 4174/5580/6547
f 4195/5597/6548 4190/5592/6548 4168/5567/6548
f 4195/5597/6549 4194/5596/6549 4190/5592/6549
f 4196/5598/6550 4191/5594/6550 4182/5583/6550
f 3850/5190/6551 4170/5579/6551 4178/5578/6551
f 3851/5191/6552 3847/1395/6552 4180/1394/6552
f 3850/5190/6553 3849/5189/6553 4170/5579/6553
f 3851/5191/6554 4180/1394/6554 4179/5581/6554
f 4197/5599/6555 4195/5600/6555 4173/5586/6555
f 4197/5599/6556 4173/5586/6556 4184/5585/6556
f 3859/5201/6557 3858/5200/6557 4172/5572/6557
f 4198/5601/6558 4184/5585/6558 4191/5594/6558
f 4198/5601/6559 4197/5599/6559 4184/5585/6559
f 3859/5201/6560 4172/5572/6560 4183/5584/6560
f 3875/5221/6561 4179/5581/6561 4189/5591/6561
f 4198/5601/6562 4191/5594/6562 4196/5598/6562
f 4199/5602/6563 4198/5601/6563 4196/5598/6563
f 3876/5222/6564 3841/5182/6564 4177/5577/6564
f 3875/5221/6565 3851/5191/6565 4179/5581/6565
f 3876/5222/6566 4177/5577/6566 4187/5589/6566
f 3877/5223/6567 4178/5578/6567 4186/5588/6567
f 3832/5173/6568 3859/5201/6568 4183/5584/6568
f 3877/5223/6569 3850/5190/6569 4178/5578/6569
f 3832/5173/6570 4183/5584/6570 3833/5174/6570
f 4200/5603/6571 4195/5600/6571 4197/5599/6571
f 4201/5604/6572 3871/5217/6572 3870/5216/6572
f 4201/5604/6573 3870/5216/6573 4188/5590/6573
f 4200/5603/6574 4194/5605/6574 4195/5600/6574
f 3842/5183/6575 1627/1826/6575 4181/5582/6575
f 3842/5183/6576 4181/5582/6576 3840/5181/6576
f 3848/5188/6577 4187/5606/6577 3849/5189/6577
f 4202/5607/6578 4200/5603/6578 4197/5599/6578
f 3848/5608/6579 3876/5222/6579 4187/5589/6579
f 4202/5607/6580 4197/5599/6580 4198/5601/6580
f 4202/5607/6581 4199/5602/6581 4203/5609/6581
f 4202/5607/6582 4198/5601/6582 4199/5602/6582
f 3877/5223/6583 4186/5588/6583 1288/5571/6583
f 3860/5202/6584 4189/5591/6584 3858/5200/6584
f 3877/5223/6585 1288/5571/6585 3881/5229/6585
f 3860/5202/6586 3875/5221/6586 4189/5591/6586
f 4204/5610/6587 4205/5611/6587 4206/5612/6587
f 4207/5613/6588 4208/5614/6588 4209/5615/6588
f 4207/5613/6589 1122/1287/6589 4208/5614/6589
f 4210/5616/6590 4211/5617/6590 4212/5618/6590
f 4210/5616/6591 4213/5619/6591 4211/5617/6591
f 4214/5620/6592 4215/5621/6592 4216/5622/6592
f 4214/5620/6593 4217/5623/6593 4215/5621/6593
f 4218/5624/6594 4219/5625/6594 1350/5626/6594
f 4218/5624/6595 4220/5627/6595 4219/5625/6595
f 4221/5628/6596 1077/5629/6596 4222/5630/6596
f 4223/5631/6597 4209/5615/6597 4224/5632/6597
f 4225/5633/6598 4212/5618/6598 4226/5634/6598
f 4223/5631/6599 4207/5613/6599 4209/5615/6599
f 4227/5635/6600 4214/5636/6600 4216/5637/6600
f 4225/5633/6601 4210/5616/6601 4212/5618/6601
f 4227/5635/6602 4216/5637/6602 4228/5638/6602
f 4229/5639/6603 4226/5634/6603 4205/5611/6603
f 4229/5639/6604 4225/5633/6604 4226/5634/6604
f 4230/5640/6605 4222/5630/6605 4213/5619/6605
f 4230/5640/6606 4221/5628/6606 4222/5630/6606
f 4231/5641/6607 4224/5632/6607 4217/5623/6607
f 4231/5641/6608 4223/5631/6608 4224/5632/6608
f 4232/5642/6609 4227/5635/6609 4228/5638/6609
f 4232/5642/6610 4228/5638/6610 4218/5624/6610
f 4233/5643/6611 4205/5611/6611 4204/5610/6611
f 4234/5644/6612 1123/1288/6612 1122/1287/6612
f 4233/5643/6613 4229/5639/6613 4205/5611/6613
f 4234/5644/6614 1122/1287/6614 4207/5613/6614
f 4235/5645/6615 4213/5619/6615 4210/5616/6615
f 4236/5646/6616 4231/5641/6616 4217/5623/6616
f 4235/5645/6617 4230/5640/6617 4213/5619/6617
f 4236/5646/6618 4217/5623/6618 4214/5620/6618
f 4232/5642/6619 1350/5626/6619 4237/5647/6619
f 4232/5642/6620 4218/5624/6620 1350/5626/6620
f 4238/5648/6621 4239/5649/6621 1077/5629/6621
f 4238/5650/6622 1066/1221/6622 4239/1222/6622
f 4238/5648/6623 1077/5629/6623 4221/5628/6623
f 4240/5651/6624 4234/5644/6624 4207/5613/6624
f 4240/5651/6625 4207/5613/6625 4223/5631/6625
f 4241/5652/6626 4210/5616/6626 4225/5633/6626
f 4242/5653/6627 4236/5654/6627 4214/5636/6627
f 4242/5653/6628 4214/5636/6628 4227/5635/6628
f 4241/5652/6629 4235/5645/6629 4210/5616/6629
f 4243/5655/6630 4221/5628/6630 4230/5640/6630
f 4243/5655/6631 4238/5648/6631 4221/5628/6631
f 4244/5656/6632 4225/5633/6632 4229/5639/6632
f 4244/5656/6633 4241/5652/6633 4225/5633/6633
f 4245/5657/6634 4223/5631/6634 4231/5641/6634
f 4245/5657/6635 4240/5651/6635 4223/5631/6635
f 4246/5658/6636 4227/5635/6636 4232/5642/6636
f 4246/5658/6637 4242/5653/6637 4227/5635/6637
f 4247/5659/6638 1123/1288/6638 4234/5644/6638
f 4248/5660/6639 4243/5655/6639 4230/5640/6639
f 4248/5660/6640 4230/5640/6640 4235/5645/6640
f 4247/5659/6641 1117/1281/6641 1123/1288/6641
f 4249/5661/6642 4231/5641/6642 4236/5646/6642
f 4250/5662/6643 4244/5663/6643 4229/5664/6643
f 4249/5661/6644 4245/5657/6644 4231/5641/6644
f 4250/5665/6645 4229/5639/6645 4233/5643/6645
f 4246/5658/6646 4232/5642/6646 4237/5647/6646
f 4251/5666/6647 1066/1221/6647 4238/5650/6647
f 4252/5667/6648 4234/5644/6648 4240/5651/6648
f 4252/5667/6649 4247/5659/6649 4234/5644/6649
f 4253/5668/6650 4236/5654/6650 4242/5653/6650
f 4253/5668/6651 4249/5669/6651 4236/5654/6651
f 4254/5670/6652 4248/5660/6652 4235/5645/6652
f 4254/5670/6653 4235/5645/6653 4241/5652/6653
f 4255/5671/6654 4251/5666/6654 4238/5650/6654
f 4255/5672/6655 4238/5648/6655 4243/5655/6655
f 4256/5673/6656 4241/5652/6656 4244/5656/6656
f 4256/5673/6657 4254/5670/6657 4241/5652/6657
f 4253/5668/6658 4242/5653/6658 4246/5658/6658
f 4257/5674/6659 4240/5675/6659 4245/5676/6659
f 4258/5677/6660 4243/5655/6660 4248/5660/6660
f 4258/5677/6661 4255/5672/6661 4243/5655/6661
f 4257/5674/6662 4252/5678/6662 4240/5675/6662
f 4259/5679/6663 4244/5663/6663 4250/5662/6663
f 4260/5680/6664 1117/5681/6664 4247/5682/6664
f 4259/5679/6665 4256/5683/6665 4244/5663/6665
f 4260/5680/6666 1116/1278/6666 1117/5681/6666
f 4246/5658/6667 4237/5647/6667 4261/5684/6667
f 4246/5658/6668 4261/5684/6668 4253/5668/6668
f 4262/5685/6669 4245/5676/6669 4249/5686/6669
f 4262/5685/6670 4257/5674/6670 4245/5676/6670
f 4263/5687/6671 1066/1221/6671 4251/5666/6671
f 4263/5687/6672 1068/1223/6672 1066/1221/6672
f 4264/5688/6673 4247/5682/6673 4252/5678/6673
f 4264/5688/6674 4260/5680/6674 4247/5682/6674
f 4265/5689/6675 4248/5660/6675 4254/5670/6675
f 4265/5689/6676 4258/5677/6676 4248/5660/6676
f 4266/5690/6677 4262/5691/6677 4249/5669/6677
f 4266/5690/6678 4249/5669/6678 4253/5668/6678
f 4267/5692/6679 4251/5666/6679 4255/5671/6679
f 4267/5692/6680 4263/5687/6680 4251/5666/6680
f 4268/5693/6681 4254/5670/6681 4256/5673/6681
f 4268/5693/6682 4265/5689/6682 4254/5670/6682
f 4269/5694/6683 4266/5690/6683 4253/5668/6683
f 4269/5694/6684 4253/5668/6684 4261/5684/6684
f 4270/5695/6685 4255/5671/6685 4258/5696/6685
f 4271/5697/6686 4264/5688/6686 4252/5678/6686
f 4270/5695/6687 4267/5692/6687 4255/5671/6687
f 4271/5697/6688 4252/5678/6688 4257/5674/6688
f 4272/5698/6689 4256/5683/6689 4259/5679/6689
f 4272/5698/6690 4268/5699/6690 4256/5683/6690
f 4273/5700/6691 1113/1279/6691 1116/1278/6691
f 4273/5700/6692 1116/1278/6692 4260/5680/6692
f 4274/5701/6693 4257/5674/6693 4262/5685/6693
f 4274/5701/6694 4271/5697/6694 4257/5674/6694
f 4269/5694/6695 4261/5684/6695 4275/5702/6695
f 4276/5703/6696 1068/1223/6696 4263/5687/6696
f 4276/5703/6697 4277/1210/6697 1068/1223/6697
f 4278/5704/6698 4259/5679/6698 4279/5705/6698
f 4278/5704/6699 4272/5698/6699 4259/5679/6699
f 4280/5706/6700 4260/5680/6700 4264/5688/6700
f 4280/5706/6701 4273/5700/6701 4260/5680/6701
f 4281/5707/6702 4258/5696/6702 4265/5708/6702
f 4282/5709/6703 4274/5710/6703 4262/5691/6703
f 4281/5707/6704 4270/5695/6704 4258/5696/6704
f 4282/5709/6705 4262/5691/6705 4266/5690/6705
f 4278/5704/6706 4283/5711/6706 4284/5712/6706
f 4278/5704/6707 4279/5705/6707 4283/5711/6707
f 4285/5713/6708 4276/5703/6708 4263/5687/6708
f 4285/5713/6709 4263/5687/6709 4267/5692/6709
f 4286/5714/6710 4265/5689/6710 4268/5693/6710
f 4287/5715/6711 1106/5716/6711 1113/1279/6711
f 4286/5714/6712 4281/5717/6712 4265/5689/6712
f 4288/5718/6713 4266/5690/6713 4269/5694/6713
f 4288/5718/6714 4282/5709/6714 4266/5690/6714
f 4289/5719/6715 4264/5688/6715 4271/5697/6715
f 4289/5719/6716 4280/5706/6716 4264/5688/6716
f 4290/5720/6717 4291/1212/6717 4277/1210/6717
f 4290/5720/6718 4277/1210/6718 4276/5703/6718
f 4292/5721/6719 4267/5692/6719 4270/5695/6719
f 4292/5721/6720 4285/5713/6720 4267/5692/6720
f 4293/5722/6721 4271/5697/6721 4274/5701/6721
f 4293/5722/6722 4289/5719/6722 4271/5697/6722
f 4294/5723/6723 1113/1279/6723 4273/5700/6723
f 4295/5724/6724 4286/5725/6724 4268/5699/6724
f 4295/5724/6725 4268/5699/6725 4272/5698/6725
f 4294/5723/6726 4287/5715/6726 1113/1279/6726
f 4296/5726/6727 4275/5702/6727 1363/5727/6727
f 4296/5726/6728 4269/5694/6728 4275/5702/6728
f 4296/5726/6729 4288/5718/6729 4269/5694/6729
f 4297/5728/6730 4298/5729/6730 4299/5730/6730
f 4297/5728/6731 4300/1317/6731 4298/5729/6731
f 4301/5731/6732 4274/5701/6732 4282/5732/6732
f 4302/5733/6733 4290/5720/6733 4276/5703/6733
f 4302/5733/6734 4276/5703/6734 4285/5713/6734
f 4301/5731/6735 4293/5722/6735 4274/5701/6735
f 4297/5728/6736 4299/5730/6736 4303/5576/6736
f 4304/5734/6737 4273/5700/6737 4280/5706/6737
f 4305/5735/6738 4270/5695/6738 4281/5707/6738
f 4304/5734/6739 4294/5723/6739 4273/5700/6739
f 4305/5735/6740 4292/5721/6740 4270/5695/6740
f 4306/5736/6741 4297/5728/6741 4303/5576/6741
f 4307/5737/6742 4281/5738/6742 4286/5739/6742
f 4307/5740/6743 4305/5741/6743 4281/5742/6743
f 4308/5743/6744 1106/5716/6744 4287/5715/6744
f 4308/5743/6745 4309/5744/6745 1106/5716/6745
f 4310/5745/6746 4303/5576/6746 4311/5746/6746
f 4312/5747/6747 4285/5713/6747 4292/5721/6747
f 4310/5745/6748 4306/5736/6748 4303/5576/6748
f 4312/5747/6749 4302/5733/6749 4285/5713/6749
f 4288/5718/6750 4301/5748/6750 4282/5709/6750
f 4313/5749/6751 1145/1310/6751 4300/1317/6751
f 4314/5750/6752 4280/5706/6752 4289/5719/6752
f 4315/5751/6753 4307/5752/6753 4286/5725/6753
f 4315/5751/6754 4286/5725/6754 4295/5724/6754
f 4316/5753/6755 4311/5746/6755 4317/5754/6755
f 4314/5750/6756 4304/5734/6756 4280/5706/6756
f 4296/5726/6757 1363/5727/6757 4318/5755/6757
f 4316/5753/6758 4310/5745/6758 4311/5746/6758
f 4296/5726/6759 4318/5755/6759 4288/5718/6759
f 4319/5756/6760 4308/5743/6760 4287/5715/6760
f 4319/5756/6761 4287/5715/6761 4294/5723/6761
f 4305/5735/6762 4312/5747/6762 4292/5721/6762
f 4313/5749/6763 4300/1317/6763 4297/5728/6763
f 4320/5757/6764 4314/5750/6764 4289/5719/6764
f 4306/5736/6765 4313/5749/6765 4297/5728/6765
f 4320/5757/6766 4289/5719/6766 4293/5722/6766
f 4321/5758/6767 4291/1212/6767 4290/5720/6767
f 4321/5758/6768 4322/1213/6768 4291/1212/6768
f 4323/5759/6769 4316/5753/6769 4317/5754/6769
f 4324/5760/6770 4305/5735/6770 4307/5761/6770
f 4325/5762/6771 4294/5723/6771 4304/5734/6771
f 4325/5762/6772 4319/5756/6772 4294/5723/6772
f 4323/5759/6773 4317/5754/6773 4326/5763/6773
f 4327/5764/6774 4306/5736/6774 4310/5745/6774
f 4328/5765/6775 4320/5757/6775 4293/5722/6775
f 4328/5765/6776 4293/5722/6776 4301/5731/6776
f 4329/5766/6777 4290/5720/6777 4302/5733/6777
f 4330/5767/6778 4323/5759/6778 4326/5763/6778
f 4329/5766/6779 4321/5758/6779 4290/5720/6779
f 4331/5768/6780 4324/5769/6780 4307/5752/6780
f 4332/5770/6781 4309/5744/6781 4308/5743/6781
f 4331/5768/6782 4307/5752/6782 4315/5751/6782
f 4332/5770/6783 4333/5771/6783 4309/5744/6783
f 4332/5770/6784 4334/5772/6784 4333/5771/6784
f 4335/5773/6785 4301/5748/6785 4288/5718/6785
f 4335/5773/6786 4328/5774/6786 4301/5748/6786
f 4336/5775/6787 4337/1308/6787 1145/1310/6787
f 4335/5773/6788 4288/5718/6788 4318/5755/6788
f 4338/5776/6789 4326/5777/6789 4202/5778/6789
f 4338/5776/6790 4330/5779/6790 4326/5777/6790
f 4339/5780/6791 4325/5762/6791 4304/5734/6791
f 4340/5781/6792 4329/5766/6792 4302/5733/6792
f 4340/5781/6793 4302/5733/6793 4312/5747/6793
f 4341/5782/6794 4310/5745/6794 4316/5753/6794
f 4339/5780/6795 4304/5734/6795 4314/5750/6795
f 4341/5782/6796 4327/5764/6796 4310/5745/6796
f 4342/5783/6797 4308/5743/6797 4319/5756/6797
f 4342/5783/6798 4332/5770/6798 4308/5743/6798
f 4343/5784/6799 4331/5768/6799 4315/5751/6799
f 4336/5775/6800 1145/1310/6800 4313/5749/6800
f 4335/5773/6801 4318/5755/6801 4344/5785/6801
f 4345/5786/6802 4314/5750/6802 4320/5757/6802
f 4345/5786/6803 4339/5780/6803 4314/5750/6803
f 4346/5787/6804 4316/5753/6804 4323/5759/6804
f 4346/5787/6805 4341/5782/6805 4316/5753/6805
f 4347/5788/6806 4322/1213/6806 4321/5758/6806
f 4348/5789/6807 4349/5790/6807 4343/5784/6807
f 4350/5791/6808 4313/5749/6808 4306/5736/6808
f 4350/5791/6809 4336/5775/6809 4313/5749/6809
f 4351/5792/6810 4340/5781/6810 4312/5747/6810
f 4351/5792/6811 4312/5747/6811 4305/5735/6811
f 4352/5793/6812 4319/5756/6812 4325/5762/6812
f 4352/5793/6813 4342/5783/6813 4319/5756/6813
f 4353/5794/6814 4345/5786/6814 4320/5757/6814
f 4353/5794/6815 4320/5757/6815 4328/5765/6815
f 4354/5795/6816 4321/5758/6816 4329/5766/6816
f 4355/5796/6817 4202/5778/6817 4356/5797/6817
f 4355/5796/6818 4338/5776/6818 4202/5778/6818
f 4354/5795/6819 4347/5788/6819 4321/5758/6819
f 4357/5798/6820 4346/5799/6820 4323/5800/6820
f 4357/5798/6821 4323/5800/6821 4330/5779/6821
f 4358/5801/6822 4351/5792/6822 4305/5735/6822
f 4359/5802/6823 4306/5736/6823 4327/5764/6823
f 4358/5801/6824 4305/5735/6824 4324/5760/6824
f 4360/5803/6825 4348/5789/6825 1353/5804/6825
f 4360/5803/6826 4349/5790/6826 4348/5789/6826
f 4359/5802/6827 4350/5791/6827 4306/5736/6827
f 4361/5805/6828 4334/5772/6828 4332/5770/6828
f 4362/5806/6829 4335/5773/6829 4344/5785/6829
f 4362/5806/6830 4328/5774/6830 4335/5773/6830
f 4362/5806/6831 4353/5807/6831 4328/5774/6831
f 4363/5808/6832 4325/5762/6832 4339/5780/6832
f 4364/5809/6833 4324/5769/6833 4331/5768/6833
f 4363/5808/6834 4352/5793/6834 4325/5762/6834
f 4365/5810/6835 4366/1309/6835 4337/1308/6835
f 4364/5809/6836 4358/5811/6836 4324/5769/6836
f 4367/5812/6837 4329/5766/6837 4340/5781/6837
f 4368/5813/6838 4330/5779/6838 4338/5776/6838
f 4368/5813/6839 4357/5798/6839 4330/5779/6839
f 4367/5812/6840 4354/5795/6840 4329/5766/6840
f 4362/5806/6841 4344/5785/6841 4369/5814/6841
f 4370/5815/6842 4339/5780/6842 4345/5786/6842
f 4365/5810/6843 4337/1308/6843 4336/5775/6843
f 4370/5815/6844 4363/5808/6844 4339/5780/6844
f 4371/5816/6845 4332/5770/6845 4342/5783/6845
f 4372/5817/6846 4359/5802/6846 4327/5764/6846
f 4372/5817/6847 4327/5764/6847 4341/5782/6847
f 4371/5816/6848 4361/5805/6848 4332/5770/6848
f 4373/5818/6849 4322/1213/6849 4347/5788/6849
f 4373/5818/6850 4374/1224/6850 4322/1213/6850
f 4375/5819/6851 4331/5768/6851 4343/5784/6851
f 4375/5819/6852 4343/5784/6852 4349/5790/6852
f 4375/5819/6853 4364/5809/6853 4331/5768/6853
f 4376/5820/6854 4365/5810/6854 4336/5775/6854
f 4377/5821/6855 4340/5781/6855 4351/5792/6855
f 4376/5820/6856 4336/5775/6856 4350/5791/6856
f 4378/5822/6857 4372/5817/6857 4341/5782/6857
f 4377/5821/6858 4367/5812/6858 4340/5781/6858
f 4378/5822/6859 4341/5782/6859 4346/5787/6859
f 4379/5823/6860 4345/5786/6860 4353/5794/6860
f 4379/5823/6861 4370/5815/6861 4345/5786/6861
f 4380/5824/6862 4342/5783/6862 4352/5793/6862
f 4375/5819/6863 4349/5790/6863 1343/5825/6863
f 4380/5824/6864 4371/5816/6864 4342/5783/6864
f 4381/5826/6865 4351/5792/6865 4358/5801/6865
f 4381/5826/6866 4377/5821/6866 4351/5792/6866
f 4382/5827/6867 4368/5813/6867 4338/5776/6867
f 4382/5827/6868 4338/5776/6868 4355/5796/6868
f 4383/5828/6869 4350/5791/6869 4359/5802/6869
f 4384/5829/6870 4347/5788/6870 4354/5795/6870
f 4383/5828/6871 4376/5820/6871 4350/5791/6871
f 4384/5829/6872 4373/5818/6872 4347/5788/6872
f 4385/5830/6873 4346/5799/6873 4357/5798/6873
f 4385/5830/6874 4378/5831/6874 4346/5799/6874
f 4386/5832/6875 4334/5772/6875 4361/5805/6875
f 4386/5832/6876 1101/5833/6876 4334/5772/6876
f 4386/5832/6877 1096/5834/6877 1101/5833/6877
f 4387/5835/6878 4379/5836/6878 4353/5807/6878
f 4387/5835/6879 4353/5807/6879 4362/5806/6879
f 4387/5835/6880 4362/5806/6880 4369/5814/6880
f 4388/5837/6881 4380/5824/6881 4352/5793/6881
f 4388/5837/6882 4352/5793/6882 4363/5808/6882
f 4389/5838/6883 4358/5811/6883 4364/5809/6883
f 4389/5838/6884 4381/5839/6884 4358/5811/6884
f 4390/5840/6885 4391/1307/6885 4366/1309/6885
f 4392/5841/6886 4354/5795/6886 4367/5812/6886
f 4393/5842/6887 4385/5830/6887 4357/5798/6887
f 4393/5842/6888 4357/5798/6888 4368/5813/6888
f 4392/5841/6889 4384/5829/6889 4354/5795/6889
f 4387/5835/6890 4369/5814/6890 4394/5843/6890
f 4390/5840/6891 4366/1309/6891 4365/5810/6891
f 4395/5844/6892 4388/5837/6892 4363/5808/6892
f 4395/5844/6893 4363/5808/6893 4370/5815/6893
f 4396/5845/6894 4359/5802/6894 4372/5817/6894
f 4397/5846/6895 4386/5832/6895 4361/5805/6895
f 4396/5845/6896 4383/5828/6896 4359/5802/6896
f 4397/5846/6897 4361/5805/6897 4371/5816/6897
f 4398/5847/6898 4399/5848/6898 4374/1224/6898
f 4398/5847/6899 4400/1227/6899 4399/5848/6899
f 4398/5847/6900 4374/1224/6900 4373/5818/6900
f 4401/5849/6901 4365/5810/6901 4376/5820/6901
f 4402/5850/6902 4364/5809/6902 4375/5819/6902
f 4402/5850/6903 4375/5819/6903 1343/5825/6903
f 4402/5850/6904 4389/5838/6904 4364/5809/6904
f 4403/5851/6905 4392/5841/6905 4367/5812/6905
f 4401/5849/6906 4390/5840/6906 4365/5810/6906
f 4403/5851/6907 4367/5812/6907 4377/5821/6907
f 4404/5852/6908 4372/5817/6908 4378/5822/6908
f 4404/5852/6909 4396/5845/6909 4372/5817/6909
f 4405/5853/6910 4395/5844/6910 4370/5815/6910
f 4405/5853/6911 4370/5815/6911 4379/5823/6911
f 4406/5854/6912 4397/5846/6912 4371/5816/6912
f 4406/5854/6913 4371/5816/6913 4380/5824/6913
f 4402/5850/6914 1343/5825/6914 4407/5855/6914
f 4408/5856/6915 4403/5851/6915 4377/5821/6915
f 4408/5856/6916 4377/5821/6916 4381/5826/6916
f 4409/5857/6917 4368/5813/6917 4382/5827/6917
f 4409/5857/6918 4393/5842/6918 4368/5813/6918
f 4410/5858/6919 4376/5820/6919 4383/5828/6919
f 4411/5859/6920 4373/5818/6920 4384/5829/6920
f 4410/5858/6921 4401/5849/6921 4376/5820/6921
f 4411/5859/6922 4398/5847/6922 4373/5818/6922
f 4412/5860/6923 4387/5835/6923 4394/5843/6923
f 4412/5860/6924 4379/5836/6924 4387/5835/6924
f 4412/5860/6925 4405/5861/6925 4379/5836/6925
f 4413/5862/6926 4378/5831/6926 4385/5830/6926
f 4414/5863/6927 1096/5834/6927 4386/5832/6927
f 4413/5862/6928 4404/5864/6928 4378/5831/6928
f 4415/5865/6929 4380/5824/6929 4388/5837/6929
f 4415/5865/6930 4406/5854/6930 4380/5824/6930
f 4416/5866/6931 4381/5839/6931 4389/5838/6931
f 4416/5866/6932 4408/5867/6932 4381/5839/6932
f 4417/5868/6933 4418/1304/6933 4391/1307/6933
f 4419/5869/6934 4384/5829/6934 4392/5841/6934
f 4419/5869/6935 4411/5859/6935 4384/5829/6935
f 4420/5870/6936 4413/5862/6936 4385/5830/6936
f 4412/5860/6937 4394/5843/6937 4421/5871/6937
f 4420/5870/6938 4385/5830/6938 4393/5842/6938
f 4422/5872/6939 4388/5837/6939 4395/5844/6939
f 4417/5868/6940 4391/1307/6940 4390/5840/6940
f 4422/5872/6941 4415/5865/6941 4388/5837/6941
f 4423/5873/6942 4386/5832/6942 4397/5846/6942
f 4423/5873/6943 4414/5863/6943 4386/5832/6943
f 4424/5874/6944 4383/5828/6944 4396/5845/6944
f 4424/5874/6945 4410/5858/6945 4383/5828/6945
f 4420/5870/6946 4393/5842/6946 4409/5857/6946
f 4425/5875/6947 4402/5850/6947 4407/5855/6947
f 4425/5875/6948 4389/5838/6948 4402/5850/6948
f 4425/5875/6949 4416/5866/6949 4389/5838/6949
f 4426/5876/6950 4390/5840/6950 4401/5849/6950
f 4426/5876/6951 4417/5868/6951 4390/5840/6951
f 4427/5877/6952 4419/5869/6952 4392/5841/6952
f 4427/5877/6953 4392/5841/6953 4403/5851/6953
f 4428/5878/6954 4395/5844/6954 4405/5853/6954
f 4429/5879/6955 4396/5845/6955 4404/5852/6955
f 4429/5879/6956 4424/5874/6956 4396/5845/6956
f 4428/5878/6957 4422/5872/6957 4395/5844/6957
f 4430/5880/6958 4423/5873/6958 4397/5846/6958
f 4425/5875/6959 4407/5855/6959 1337/5881/6959
f 4431/5882/6960 4403/5851/6960 4408/5856/6960
f 4430/5880/6961 4397/5846/6961 4406/5854/6961
f 4431/5882/6962 4427/5877/6962 4403/5851/6962
f 4432/5883/6963 4420/5870/6963 4409/5857/6963
f 4433/5884/6964 4398/5847/6964 4411/5859/6964
f 4434/5885/6965 4426/5876/6965 4401/5849/6965
f 4434/5885/6966 4401/5849/6966 4410/5858/6966
f 4435/5886/6967 4436/5887/6967 1096/5834/6967
f 4435/5886/6968 4437/5888/6968 4436/5887/6968
f 4438/5889/6969 4429/5890/6969 4404/5864/6969
f 4435/5886/6970 1096/5834/6970 4414/5863/6970
f 4438/5889/6971 4404/5864/6971 4413/5862/6971
f 4439/5891/6972 4405/5861/6972 4412/5860/6972
f 4439/5891/6973 4412/5860/6973 4421/5871/6973
f 4439/5891/6974 4428/5892/6974 4405/5861/6974
f 4440/5893/6975 4441/1305/6975 4418/1304/6975
f 4442/5894/6976 4408/5867/6976 4416/5866/6976
f 4442/5894/6977 4431/5895/6977 4408/5867/6977
f 4443/5896/6978 4406/5854/6978 4415/5865/6978
f 4444/5897/6979 4411/5859/6979 4419/5869/6979
f 4443/5896/6980 4430/5880/6980 4406/5854/6980
f 4444/5897/6981 4433/5884/6981 4411/5859/6981
f 4445/5898/6982 4413/5862/6982 4420/5870/6982
f 4439/5891/6983 4421/5871/6983 4446/5899/6983
f 4445/5898/6984 4438/5889/6984 4413/5862/6984
f 4447/5900/6985 4435/5886/6985 4414/5863/6985
f 4447/5900/6986 4414/5863/6986 4423/5873/6986
f 4440/5893/6987 4418/1304/6987 4417/5868/6987
f 4448/5901/6988 4415/5865/6988 4422/5872/6988
f 4448/5901/6989 4443/5896/6989 4415/5865/6989
f 4449/5902/6990 4434/5885/6990 4410/5858/6990
f 4450/5903/6991 4416/5866/6991 4425/5875/6991
f 4450/5903/6992 4425/5875/6992 1337/5881/6992
f 4450/5903/6993 4442/5894/6993 4416/5866/6993
f 4449/5902/6994 4410/5858/6994 4424/5874/6994
f 4451/5904/6995 4400/1227/6995 4398/5847/6995
f 4451/5904/6996 4452/1239/6996 4400/1227/6996
f 4453/5905/6997 4440/5893/6997 4417/5868/6997
f 4451/5904/6998 4454/1246/6998 4452/1239/6998
f 4453/5905/6999 4417/5868/6999 4426/5876/6999
f 4455/5906/7000 4419/5869/7000 4427/5877/7000
f 4455/5906/7001 4444/5897/7001 4419/5869/7001
f 4456/5907/7002 4447/5900/7002 4423/5873/7002
f 4457/5908/7003 4424/5874/7003 4429/5879/7003
f 4456/5907/7004 4423/5873/7004 4430/5880/7004
f 4457/5908/7005 4449/5902/7005 4424/5874/7005
f 4458/5909/7006 4448/5901/7006 4422/5872/7006
f 4458/5909/7007 4422/5872/7007 4428/5878/7007
f 4450/5903/7008 1337/5881/7008 4459/5910/7008
f 4460/5911/7009 4427/5877/7009 4431/5882/7009
f 4460/5911/7010 4455/5906/7010 4427/5877/7010
f 4461/5912/7011 4420/5870/7011 4432/5883/7011
f 4461/5912/7012 4445/5898/7012 4420/5870/7012
f 4462/5913/7013 4453/5905/7013 4426/5876/7013
f 4463/5914/7014 4398/5847/7014 4433/5884/7014
f 4464/5915/7015 4458/5909/7015 4428/5878/7015
f 4464/5915/7016 4428/5878/7016 4439/5916/7016
f 4464/5917/7017 4439/5891/7017 4446/5899/7017
f 4462/5913/7018 4426/5876/7018 4434/5885/7018
f 4463/5914/7019 4451/5904/7019 4398/5847/7019
f 4465/5918/7020 4429/5890/7020 4438/5889/7020
f 4466/5919/7021 4437/5888/7021 4435/5886/7021
f 4465/5918/7022 4457/5920/7022 4429/5890/7022
f 4467/5921/7023 4468/1302/7023 4441/1305/7023
f 4469/5922/7024 4456/5907/7024 4430/5880/7024
f 4469/5922/7025 4430/5880/7025 4443/5896/7025
f 4470/5923/7026 4460/5924/7026 4431/5895/7026
f 4470/5923/7027 4431/5895/7027 4442/5894/7027
f 4471/5925/7028 4463/5914/7028 4433/5884/7028
f 4464/5917/7029 4446/5899/7029 4472/5926/7029
f 4473/5927/7030 4443/5896/7030 4448/5901/7030
f 4471/5925/7031 4433/5884/7031 4444/5897/7031
f 4467/5921/7032 4441/1305/7032 4440/5893/7032
f 4473/5927/7033 4469/5922/7033 4443/5896/7033
f 4474/5928/7034 4466/5919/7034 4435/5886/7034
f 4475/5929/7035 4438/5889/7035 4445/5898/7035
f 4475/5929/7036 4465/5918/7036 4438/5889/7036
f 4474/5928/7037 4435/5886/7037 4447/5900/7037
f 4476/5930/7038 4434/5885/7038 4449/5902/7038
f 4476/5930/7039 4462/5913/7039 4434/5885/7039
f 4477/5931/7040 4470/5923/7040 4442/5894/7040
f 4477/5931/7041 4442/5894/7041 4450/5903/7041
f 4477/5931/7042 4450/5903/7042 4459/5910/7042
f 4478/5932/7043 4440/5893/7043 4453/5905/7043
f 4478/5932/7044 4467/5921/7044 4440/5893/7044
f 4451/5904/7045 4479/1315/7045 4454/1246/7045
f 4480/5933/7046 4449/5902/7046 4457/5908/7046
f 4481/5934/7047 4448/5901/7047 4458/5909/7047
f 4480/5933/7048 4476/5930/7048 4449/5902/7048
f 4482/5935/7049 4471/5925/7049 4444/5897/7049
f 4482/5935/7050 4444/5897/7050 4455/5906/7050
f 4481/5934/7051 4473/5927/7051 4448/5901/7051
f 4483/5936/7052 4447/5900/7052 4456/5907/7052
f 4477/5931/7053 4459/5910/7053 4484/5937/7053
f 4483/5936/7054 4474/5928/7054 4447/5900/7054
f 4485/5938/7055 4455/5906/7055 4460/5911/7055
f 4486/5939/7056 4445/5898/7056 4461/5912/7056
f 4485/5938/7057 4482/5935/7057 4455/5906/7057
f 4486/5939/7058 4475/5929/7058 4445/5898/7058
f 4487/5940/7059 4458/5909/7059 4464/5915/7059
f 4487/5941/7060 4464/5917/7060 4472/5926/7060
f 4488/5942/7061 4453/5905/7061 4462/5913/7061
f 4487/5940/7062 4481/5934/7062 4458/5909/7062
f 4488/5942/7063 4478/5932/7063 4453/5905/7063
f 4489/5943/7064 4451/5904/7064 4463/5914/7064
f 4490/5944/7065 4491/5945/7065 4437/5888/7065
f 4490/5944/7066 4492/5946/7066 4491/5945/7066
f 4493/5947/7067 4480/5948/7067 4457/5920/7067
f 4493/5947/7068 4457/5920/7068 4465/5918/7068
f 4490/5944/7069 4437/5888/7069 4466/5919/7069
f 4494/5949/7070 4456/5907/7070 4469/5922/7070
f 4495/5950/7071 4496/5951/7071 4468/1302/7071
f 4494/5949/7072 4483/5936/7072 4456/5907/7072
f 4487/5941/7073 4472/5926/7073 1383/5952/7073
f 4497/5953/7074 4460/5924/7074 4470/5923/7074
f 4497/5953/7075 4485/5954/7075 4460/5924/7075
f 4498/5955/7076 4469/5922/7076 4473/5927/7076
f 4499/5956/7077 4489/5943/7077 4463/5914/7077
f 4498/5955/7078 4494/5949/7078 4469/5922/7078
f 4495/5950/7079 4468/1302/7079 4467/5921/7079
f 4499/5956/7080 4463/5914/7080 4471/5925/7080
f 4500/5957/7081 4466/5919/7081 4474/5928/7081
f 4501/5958/7082 4493/5947/7082 4465/5918/7082
f 4501/5958/7083 4465/5918/7083 4475/5929/7083
f 4500/5957/7084 4490/5944/7084 4466/5919/7084
f 4502/5959/7085 4462/5913/7085 4476/5930/7085
f 4502/5959/7086 4488/5942/7086 4462/5913/7086
f 4503/5960/7087 4470/5923/7087 4477/5931/7087
f 4503/5960/7088 4477/5931/7088 4484/5937/7088
f 4503/5960/7089 4497/5953/7089 4470/5923/7089
f 4504/5961/7090 4479/1315/7090 4451/5904/7090
f 4505/5962/7091 4467/5921/7091 4478/5932/7091
f 4505/5962/7092 4495/5950/7092 4467/5921/7092
f 4506/5963/7093 4473/5927/7093 4481/5934/7093
f 4507/5964/7094 4502/5959/7094 4476/5930/7094
f 4506/5963/7095 4498/5955/7095 4473/5927/7095
f 4508/5965/7096 4471/5925/7096 4482/5935/7096
f 4507/5964/7097 4476/5930/7097 4480/5933/7097
f 4509/5966/7098 4474/5928/7098 4483/5936/7098
f 4508/5965/7099 4499/5956/7099 4471/5925/7099
f 4509/5966/7100 4500/5957/7100 4474/5928/7100
f 4503/5960/7101 4484/5937/7101 4510/5967/7101
f 4511/5968/7102 4482/5935/7102 4485/5938/7102
f 4512/5969/7103 4506/5963/7103 4481/5934/7103
f 4512/5969/7104 4481/5934/7104 4487/5940/7104
f 4511/5968/7105 4508/5965/7105 4482/5935/7105
f 4513/5970/7106 4505/5962/7106 4478/5932/7106
f 4512/5971/7107 4487/5941/7107 1383/5952/7107
f 4513/5970/7108 4478/5932/7108 4488/5942/7108
f 4514/5972/7109 4492/5946/7109 4490/5944/7109
f 1335/5973/7110 4515/5974/7110 4501/5958/7110
f 1335/5973/7111 4501/5958/7111 4475/5929/7111
f 1335/5973/7112 4475/5929/7112 4486/5939/7112
f 4516/5975/7113 4504/5961/7113 4451/5904/7113
f 4516/5975/7114 4451/5904/7114 4489/5943/7114
f 4517/5976/7115 4509/5966/7115 4483/5936/7115
f 4518/5977/7116 4507/5978/7116 4480/5948/7116
f 4518/5977/7117 4480/5948/7117 4493/5947/7117
f 4517/5976/7118 4483/5936/7118 4494/5949/7118
f 4512/5971/7119 1383/5952/7119 4519/5979/7119
f 4520/5980/7120 4517/5976/7120 4494/5949/7120
f 4521/5981/7121 4522/1294/7121 4496/5951/7121
f 4520/5980/7122 4494/5949/7122 4498/5955/7122
f 4523/5982/7123 4493/5947/7123 4501/5958/7123
f 4524/5983/7124 4485/5954/7124 4497/5953/7124
f 4523/5982/7125 4518/5977/7125 4493/5947/7125
f 4525/5984/7126 4514/5972/7126 4490/5944/7126
f 4524/5983/7127 4511/5985/7127 4485/5954/7127
f 4521/5981/7128 4496/5951/7128 4495/5950/7128
f 4525/5984/7129 4490/5944/7129 4500/5957/7129
f 4526/5986/7130 4489/5943/7130 4499/5956/7130
f 4527/5987/7131 4513/5970/7131 4488/5942/7131
f 4527/5987/7132 4488/5942/7132 4502/5959/7132
f 4526/5986/7133 4516/5975/7133 4489/5943/7133
f 4504/5961/7134 4528/5988/7134 4529/1269/7134
f 4504/5961/7135 4529/1269/7135 4479/1315/7135
f 4530/5989/7136 4521/5981/7136 4495/5950/7136
f 4530/5989/7137 4495/5950/7137 4505/5962/7137
f 4531/5990/7138 4520/5980/7138 4498/5955/7138
f 4532/5991/7139 4502/5959/7139 4507/5964/7139
f 4531/5990/7140 4498/5955/7140 4506/5963/7140
f 4532/5991/7141 4527/5987/7141 4502/5959/7141
f 4533/5992/7142 4525/5984/7142 4500/5957/7142
f 4523/5982/7143 4501/5958/7143 4515/5974/7143
f 4533/5992/7144 4500/5957/7144 4509/5966/7144
f 4534/5993/7145 4526/5986/7145 4499/5956/7145
f 4504/5961/7146 4535/5994/7146 4528/5988/7146
f 4536/5995/7147 4512/5971/7147 4519/5979/7147
f 4536/5995/7148 4506/5996/7148 4512/5971/7148
f 4537/5997/7149 4524/5983/7149 4497/5953/7149
f 4536/5995/7150 4531/5998/7150 4506/5996/7150
f 4537/5997/7151 4497/5953/7151 4503/5960/7151
f 4538/5999/7152 4505/5962/7152 4513/5970/7152
f 4537/5997/7153 4503/5960/7153 4510/5967/7153
f 4538/5999/7154 4530/5989/7154 4505/5962/7154
f 4516/5975/7155 4535/5994/7155 4504/5961/7155
f 4539/6000/7156 4540/6001/7156 4492/5946/7156
f 4539/6000/7157 1075/6002/7157 4540/6001/7157
f 4539/6000/7158 4492/5946/7158 4514/5972/7158
f 4541/6003/7159 4507/5978/7159 4518/5977/7159
f 4541/6003/7160 4532/6004/7160 4507/5978/7160
f 4542/6005/7161 4509/5966/7161 4517/5976/7161
f 4534/5993/7162 4499/5956/7162 4508/5965/7162
f 4542/6005/7163 4533/5992/7163 4509/5966/7163
f 4537/5997/7164 4510/5967/7164 4543/6006/7164
f 4516/5975/7165 4544/6007/7165 4535/5994/7165
f 4545/6008/7166 4522/1294/7166 4521/5981/7166
f 4545/6008/7167 1121/1286/7167 4522/1294/7167
f 4536/5995/7168 4519/5979/7168 4546/6009/7168
f 4547/6010/7169 4517/5976/7169 4520/5980/7169
f 4547/6010/7170 4542/6005/7170 4517/5976/7170
f 4548/6011/7171 4518/5977/7171 4523/5982/7171
f 4548/6011/7172 4541/6003/7172 4518/5977/7172
f 4549/6012/7173 4508/5965/7173 4511/5968/7173
f 4549/6012/7174 4534/5993/7174 4508/5965/7174
f 4550/6013/7175 4539/6000/7175 4514/5972/7175
f 4551/6014/7176 4513/5970/7176 4527/5987/7176
f 4551/6014/7177 4538/5999/7177 4513/5970/7177
f 4550/6013/7178 4514/5972/7178 4525/5984/7178
f 4526/5986/7179 4544/6007/7179 4516/5975/7179
f 4548/6011/7180 4523/5982/7180 4515/5974/7180
f 4552/6015/7181 4526/5986/7181 4534/5993/7181
f 4553/6016/7182 4520/5980/7182 4531/5990/7182
f 4554/6017/7183 4527/5987/7183 4532/5991/7183
f 4554/6017/7184 4551/6014/7184 4527/5987/7184
f 4553/6016/7185 4547/6010/7185 4520/5980/7185
f 4552/6015/7186 4544/6007/7186 4526/5986/7186
f 4555/6018/7187 4549/6019/7187 4511/5985/7187
f 4556/6020/7188 4521/5981/7188 4530/5989/7188
f 4556/6020/7189 4545/6008/7189 4521/5981/7189
f 4555/6018/7190 4511/5985/7190 4524/5983/7190
f 4557/6021/7191 4550/6013/7191 4525/5984/7191
f 4557/6021/7192 4525/5984/7192 4533/5992/7192
f 4552/6015/7193 4558/6022/7193 4544/6007/7193
f 4559/6023/7194 4531/5998/7194 4536/5995/7194
f 4559/6023/7195 4536/5995/7195 4546/6009/7195
f 4560/6024/7196 4555/6018/7196 4524/5983/7196
f 4559/6023/7197 4553/6025/7197 4531/5998/7197
f 4560/6024/7198 4537/5997/7198 4543/6006/7198
f 4560/6024/7199 4524/5983/7199 4537/5997/7199
f 4561/6026/7200 4562/6027/7200 1075/6002/7200
f 1341/6028/7201 4548/6011/7201 4515/5974/7201
f 4563/6029/7202 4534/5993/7202 4549/6012/7202
f 4563/6029/7203 4558/6022/7203 4552/6015/7203
f 4561/6026/7204 1075/6002/7204 4539/6000/7204
f 4564/6030/7205 4554/6031/7205 4532/6004/7205
f 4564/6030/7206 4532/6004/7206 4541/6003/7206
f 4563/6029/7207 4552/6015/7207 4534/5993/7207
f 4565/6032/7208 4533/5992/7208 4542/6005/7208
f 4565/6032/7209 4557/6021/7209 4533/5992/7209
f 4566/6033/7210 4556/6020/7210 4530/5989/7210
f 4560/6024/7211 4543/6006/7211 4567/6034/7211
f 4566/6033/7212 4530/5989/7212 4538/5999/7212
f 4563/6029/7213 4568/6035/7213 4558/6022/7213
f 4569/6036/7214 4549/6019/7214 4555/6018/7214
f 4208/5614/7215 1122/1287/7215 1121/1286/7215
f 4569/6036/7216 4563/6037/7216 4549/6019/7216
f 4208/5614/7217 1121/1286/7217 4545/6008/7217
f 4206/5612/7218 4542/6005/7218 4547/6010/7218
f 4569/6038/7219 4568/6035/7219 4563/6029/7219
f 4206/5612/7220 4565/6032/7220 4542/6005/7220
f 4211/5617/7221 4539/6000/7221 4550/6013/7221
f 4569/6036/7222 4555/6018/7222 4560/6024/7222
f 4569/6036/7223 4560/6024/7223 4567/6034/7223
f 4569/6036/7224 4570/6039/7224 4568/6040/7224
f 4220/5627/7225 4564/6030/7225 4541/6003/7225
f 4211/5617/7226 4561/6026/7226 4539/6000/7226
f 4220/5627/7227 4541/6003/7227 4548/6011/7227
f 4567/6034/7228 4570/6039/7228 4569/6036/7228
f 4567/6034/7229 4571/6041/7229 4570/6039/7229
f 4559/6023/7230 4572/6042/7230 4553/6025/7230
f 4559/6023/7231 4573/6043/7231 4572/6042/7231
f 4559/6023/7232 4574/6044/7232 4573/6043/7232
f 4559/6023/7233 4546/6009/7233 4574/6044/7233
f 4215/5621/7234 4566/6033/7234 4538/5999/7234
f 4573/6043/7235 4204/6045/7235 4572/6042/7235
f 4573/6043/7236 4575/6046/7236 4204/6045/7236
f 4215/5621/7237 4538/5999/7237 4551/6014/7237
f 4573/6043/7238 4576/6047/7238 4575/6046/7238
f 4572/6048/7239 4547/6010/7239 4553/6016/7239
f 4573/6043/7240 4574/6044/7240 4576/6047/7240
f 4575/6046/7241 4577/6049/7241 4233/6050/7241
f 4572/6048/7242 4206/5612/7242 4547/6010/7242
f 4575/6046/7243 4578/6051/7243 4577/6049/7243
f 4209/5615/7244 4208/5614/7244 4545/6008/7244
f 4575/6046/7245 4576/6047/7245 4578/6051/7245
f 4575/6046/7246 4233/6050/7246 4204/6045/7246
f 4209/5615/7247 4545/6008/7247 4556/6020/7247
f 4212/5618/7248 4211/5617/7248 4550/6013/7248
f 4577/6049/7249 4579/6052/7249 4250/5662/7249
f 4212/5618/7250 4550/6013/7250 4557/6021/7250
f 4577/6049/7251 4580/6053/7251 4579/6052/7251
f 4577/6049/7252 4578/6051/7252 4580/6053/7252
f 4577/6049/7253 4250/5662/7253 4233/6050/7253
f 4579/6052/7254 4279/5705/7254 4259/5679/7254
f 4579/6052/7255 4259/5679/7255 4250/5662/7255
f 4216/5622/7256 4215/5621/7256 4551/6014/7256
f 4579/6052/7257 4580/6053/7257 4283/5711/7257
f 4216/5622/7258 4551/6014/7258 4554/6017/7258
f 4579/6052/7259 4283/5711/7259 4279/5705/7259
f 4278/5704/7260 4295/5724/7260 4272/5698/7260
f 4278/5704/7261 4581/6054/7261 4295/5724/7261
f 4278/5704/7262 4284/5712/7262 4581/6054/7262
f 4581/6054/7263 4343/5784/7263 4315/5751/7263
f 4581/6054/7264 1353/5804/7264 4348/5789/7264
f 4581/6054/7265 4348/5789/7265 4343/5784/7265
f 4581/6054/7266 4284/5712/7266 1353/5804/7266
f 4581/6054/7267 4315/5751/7267 4295/5724/7267
f 4222/5630/7268 1077/5629/7268 4562/6027/7268
f 4222/5630/7269 4562/6027/7269 4561/6026/7269
f 1341/6028/7270 4220/5627/7270 4548/6011/7270
f 1341/6028/7271 4219/5625/7271 4220/5627/7271
f 4226/5634/7272 4212/5618/7272 4557/6021/7272
f 4226/5634/7273 4557/6021/7273 4565/6032/7273
f 4224/5632/7274 4209/5615/7274 4556/6020/7274
f 4224/5632/7275 4556/6020/7275 4566/6033/7275
f 4228/5638/7276 4216/5637/7276 4554/6031/7276
f 4228/5638/7277 4554/6031/7277 4564/6030/7277
f 4205/5611/7278 4226/5634/7278 4565/6032/7278
f 4205/5611/7279 4565/6032/7279 4206/5612/7279
f 4213/5619/7280 4561/6026/7280 4211/5617/7280
f 4213/5619/7281 4222/5630/7281 4561/6026/7281
f 4217/5623/7282 4566/6033/7282 4215/5621/7282
f 4217/5623/7283 4224/5632/7283 4566/6033/7283
f 4218/5624/7284 4564/6030/7284 4220/5627/7284
f 4204/5610/7285 4206/5612/7285 4572/6048/7285
f 4218/5624/7286 4228/5638/7286 4564/6030/7286
f 4582/6055/7287 4583/6056/7287 4584/6057/7287
f 4585/6058/7288 4586/6059/7288 4583/6056/7288
f 4585/6058/7289 4583/6056/7289 4582/6055/7289
f 4587/6060/7290 4588/6061/7290 4586/6059/7290
f 4589/6062/7291 4586/6059/7291 4585/6058/7291
f 4590/6063/7292 4591/6064/7292 4592/6065/7292
f 4593/6066/7293 4591/6064/7293 4590/6063/7293
f 4593/6066/7294 4594/6067/7294 4591/6064/7294
f 4595/6068/7295 4594/6067/7295 4593/6066/7295
f 4595/6068/7296 4584/6069/7296 4594/6067/7296
f 4582/6070/7297 4584/6069/7297 4595/6068/7297
f 4586/6059/7298 4588/6061/7298 4583/6056/7298
f 4596/6071/7299 4592/6072/7299 4597/6073/7299
f 4590/6074/7300 4592/6072/7300 4596/6071/7300
f 4587/6075/7301 4598/6076/7301 4588/6077/7301
f 4599/6078/7302 4598/6076/7302 4587/6075/7302
f 4599/6078/7303 4600/6079/7303 4598/6076/7303
f 4601/6080/7304 4600/6079/7304 4599/6078/7304
f 4601/6081/7305 4602/6082/7305 4600/6083/7305
f 4603/6084/7306 4602/6082/7306 4601/6081/7306
f 4597/6073/7307 4602/6082/7307 4603/6084/7307
f 4604/6085/7308 4597/6073/7308 4603/6084/7308
f 4596/6071/7309 4597/6073/7309 4604/6085/7309
f 4597/6086/7310 4592/6087/7310 4602/6088/7310
f 4588/6089/7311 4584/6090/7311 4583/6091/7311
f 4594/6092/5891 4584/6090/5891 4588/6089/5891
f 4600/6093/5891 4588/6089/5891 4598/6094/5891
f 4592/6087/5891 4591/6095/5891 4594/6092/5891
f 4592/6087/5891 4594/6092/5891 4588/6089/5891
f 4602/6088/7312 4592/6087/7312 4588/6089/7312
f 4602/6088/7313 4588/6089/7313 4600/6093/7313
f 4605/6096/3893 4599/6097/3893 4606/6098/3893
f 4606/6098/3893 4599/6097/3893 4587/6099/3893
f 4605/6096/3893 4601/6100/3893 4599/6097/3893
f 4607/6101/3893 4587/6099/3893 4586/6102/3893
f 4607/6101/3893 4606/6098/3893 4587/6099/3893
f 4608/6103/3893 4601/6100/3893 4605/6096/3893
f 4608/6103/3893 4603/6104/3893 4601/6100/3893
f 4589/6105/7314 4609/6106/7314 4607/6107/7314
f 4589/6105/7315 4607/6107/7315 4586/6108/7315
f 4609/6106/7316 4606/6109/7316 4607/6107/7316
f 4610/6110/7317 4606/6109/7317 4609/6106/7317
f 4611/6111/7318 4605/6112/7318 4606/6109/7318
f 4611/6111/7319 4606/6109/7319 4610/6110/7319
f 4611/6111/7320 4608/6113/7320 4605/6112/7320
f 4612/6114/7321 4608/6113/7321 4611/6111/7321
f 4604/6115/7322 4603/6116/7322 4608/6113/7322
f 4612/6114/7323 4604/6115/7323 4608/6113/7323
f 4585/6117/7324 4609/6118/7324 4589/6119/7324
f 4585/6117/7325 4582/6120/7325 4609/6118/7325
f 4612/6121/7326 4596/6122/7326 4604/6123/7326
f 4612/6121/3893 4590/6124/3893 4596/6122/3893
f 4593/6125/3893 4590/6124/3893 4612/6121/3893
f 4610/6126/3893 4612/6121/3893 4611/6127/3893
f 4609/6118/3893 4595/6128/3893 4593/6125/3893
f 4609/6118/3893 4593/6125/3893 4612/6121/3893
f 4609/6118/3893 4612/6121/3893 4610/6126/3893
f 4582/6120/3893 4595/6128/3893 4609/6118/3893
f 4613/6129/7327 4614/6130/7327 4615/6131/7327
f 4616/6132/7328 4617/6133/7328 4618/6134/7328
f 4616/6132/7329 4619/6135/7329 4617/6133/7329
f 4620/6136/7330 4621/6137/7330 4619/6135/7330
f 4622/6138/7331 4623/6139/7331 4621/6137/7331
f 4622/6138/7332 4621/6137/7332 4620/6136/7332
f 4624/6140/7333 4619/6135/7333 4616/6132/7333
f 4624/6140/7334 4620/6136/7334 4619/6135/7334
f 4625/6141/7335 4615/6131/7335 4623/6142/7335
f 4625/6141/7336 4623/6142/7336 4622/6143/7336
f 4613/6129/7337 4615/6131/7337 4625/6141/7337
f 4626/6144/7338 4627/6145/7338 4628/6146/7338
f 4629/6147/7339 4627/6145/7339 4626/6144/7339
f 4629/6147/7340 4630/6148/7340 4627/6145/7340
f 4631/6149/7341 4630/6148/7341 4629/6147/7341
f 4631/6149/7342 4632/6150/7342 4630/6148/7342
f 4633/6151/7343 4632/6150/7343 4631/6149/7343
f 4634/6152/7344 4614/6153/7344 4613/6154/7344
f 4635/6155/7345 4636/6156/7345 4637/6157/7345
f 4635/6155/7346 4638/6158/7346 4636/6156/7346
f 4634/6152/7347 4639/6159/7347 4614/6153/7347
f 4618/6160/7348 4638/6158/7348 4635/6155/7348
f 4618/6160/7349 4617/6161/7349 4638/6158/7349
f 4640/6162/7350 4634/6152/7350 4641/6163/7350
f 4640/6162/7351 4639/6159/7351 4634/6152/7351
f 4642/6164/7352 4643/6165/7352 4639/6159/7352
f 4642/6164/7353 4639/6159/7353 4640/6162/7353
f 4637/6157/7354 4636/6156/7354 4643/6166/7354
f 4637/6157/7355 4643/6166/7355 4642/6167/7355
f 4632/6168/3893 4634/6169/3893 4613/6170/3893
f 4630/6171/3893 4632/6168/3893 4613/6170/3893
f 4625/6172/3893 4630/6171/3893 4613/6170/3893
f 4625/6172/3893 4627/6173/3893 4630/6171/3893
f 4622/6174/3893 4627/6173/3893 4625/6172/3893
f 4622/6174/3893 4628/6175/3893 4627/6173/3893
f 4620/6176/3893 4628/6175/3893 4622/6174/3893
f 4638/6177/5891 4617/6178/5891 4636/6179/5891
f 4614/6180/5891 4623/6181/5891 4615/6182/5891
f 4621/6183/7356 4623/6181/7356 4614/6180/7356
f 4643/6184/7357 4614/6180/7357 4639/6185/7357
f 4617/6178/7358 4619/6186/7358 4621/6183/7358
f 4617/6178/7359 4621/6183/7359 4614/6180/7359
f 4636/6179/5891 4617/6178/5891 4614/6180/5891
f 4636/6179/5891 4614/6180/5891 4643/6184/5891
f 4624/6187/7360 4626/6144/7360 4628/6146/7360
f 4624/6187/7361 4628/6146/7361 4620/6188/7361
f 4641/6189/7362 4634/6190/7362 4632/6150/7362
f 4633/6151/7363 4641/6189/7363 4632/6150/7363
f 4631/6191/3893 4626/6192/3893 4633/6193/3893
f 4629/6194/3894 4626/6192/3894 4631/6191/3894
f 4633/6193/7364 4642/6195/7364 4640/6196/7364
f 4633/6193/3893 4637/6197/3893 4642/6195/3893
f 4633/6193/3893 4635/6198/3893 4637/6197/3893
f 4626/6192/3893 4616/6199/3893 4618/6200/3893
f 4626/6192/7365 4624/6201/7365 4616/6199/7365
f 4626/6192/3893 4618/6200/3893 4635/6198/3893
f 4626/6192/3893 4635/6198/3893 4633/6193/3893
f 4641/6202/7366 4633/6193/7366 4640/6196/7366
f 4644/6203/7367 4645/6204/7367 4646/6205/7367
f 4647/6206/7368 4648/6207/7368 4645/6204/7368
f 4647/6206/7369 4645/6204/7369 4644/6203/7369
f 4649/6208/7370 4650/6209/7370 4648/6207/7370
f 4651/6210/7371 4648/6207/7371 4647/6206/7371
f 4652/6211/7372 4653/6212/7372 4654/6213/7372
f 4655/6214/7373 4653/6212/7373 4652/6211/7373
f 4655/6214/7374 4656/6215/7374 4653/6212/7374
f 4657/6216/7375 4656/6215/7375 4655/6214/7375
f 4657/6216/7376 4646/6217/7376 4656/6215/7376
f 4644/6218/7377 4646/6217/7377 4657/6216/7377
f 4648/6207/7378 4650/6209/7378 4645/6204/7378
f 4658/6219/7379 4659/6220/7379 4660/6221/7379
f 4658/6219/7380 4661/6222/7380 4659/6220/7380
f 4662/6223/7381 4663/6224/7381 4661/6225/7381
f 4662/6223/7382 4661/6225/7382 4658/6226/7382
f 4664/6227/7383 4663/6224/7383 4662/6223/7383
f 4664/6227/7384 4665/6228/7384 4663/6224/7384
f 4666/6229/7385 4654/6230/7385 4667/6231/7385
f 4652/6232/7386 4654/6230/7386 4666/6229/7386
f 4649/6233/7387 4668/6234/7387 4650/6235/7387
f 4669/6236/7388 4668/6234/7388 4649/6233/7388
f 4669/6236/7389 4670/6237/7389 4668/6234/7389
f 4671/6238/7390 4670/6237/7390 4669/6236/7390
f 4671/6239/7391 4672/6240/7391 4670/6241/7391
f 4673/6242/7392 4672/6240/7392 4671/6239/7392
f 4667/6231/7393 4672/6240/7393 4673/6242/7393
f 4674/6243/7394 4667/6231/7394 4673/6242/7394
f 4666/6229/7395 4667/6231/7395 4674/6243/7395
f 4671/6244/3893 4665/6245/3893 4673/6246/3893
f 4648/6247/7396 4659/6248/7396 4661/6249/7396
f 4649/6250/7397 4648/6247/7397 4661/6249/7397
f 4671/6244/3893 4663/6251/3893 4665/6245/3893
f 4669/6252/3893 4649/6250/3893 4661/6249/3893
f 4669/6252/3893 4663/6251/3893 4671/6244/3893
f 4669/6252/3893 4661/6249/3893 4663/6251/3893
f 4645/6253/7398 4650/6254/7398 4646/6255/7398
f 4654/6256/7399 4672/6257/7399 4667/6258/7399
f 4670/6259/7400 4672/6257/7400 4654/6256/7400
f 4656/6260/5891 4654/6256/5891 4653/6261/5891
f 4650/6254/5891 4668/6262/5891 4670/6259/5891
f 4650/6254/5891 4670/6259/5891 4654/6256/5891
f 4646/6255/5891 4650/6254/5891 4654/6256/5891
f 4646/6255/5891 4654/6256/5891 4656/6260/5891
f 4651/6263/7401 4660/6264/7401 4659/6265/7401
f 4651/6263/7402 4659/6265/7402 4648/6266/7402
f 4674/6267/7403 4673/6268/7403 4665/6228/7403
f 4664/6227/7404 4674/6267/7404 4665/6228/7404
f 4664/6269/3893 4655/6270/3893 4652/6271/3893
f 4664/6269/3893 4660/6272/3893 4655/6270/3893
f 4666/6273/3893 4664/6269/3893 4652/6271/3893
f 4660/6272/3893 4644/6274/3893 4657/6275/3893
f 4660/6272/7405 4647/6276/7405 4644/6274/7405
f 4674/6277/7406 4664/6269/7406 4666/6273/7406
f 4660/6272/7407 4651/6278/7407 4647/6276/7407
f 4655/6270/3893 4660/6272/3893 4657/6275/3893
f 4664/6269/3893 4658/6279/3893 4660/6272/3893
f 4664/6269/3893 4662/6280/3893 4658/6279/3893
f 4675/6281/7408 4676/6282/7408 4677/6283/7408
f 4678/6284/7409 4679/6285/7409 4680/6286/7409
f 4678/6284/7410 4681/6287/7410 4679/6285/7410
f 4675/6281/7411 4682/6288/7411 4676/6282/7411
f 4683/6289/7412 4681/6287/7412 4678/6284/7412
f 4683/6289/7413 4684/6290/7413 4681/6287/7413
f 4685/6291/7414 4675/6281/7414 4686/6292/7414
f 4685/6291/7415 4682/6288/7415 4675/6281/7415
f 4687/6293/7416 4688/6294/7416 4682/6288/7416
f 4687/6293/7417 4682/6288/7417 4685/6291/7417
f 4680/6286/7418 4679/6285/7418 4688/6295/7418
f 4680/6296/7419 4688/6294/7419 4687/6293/7419
f 4677/6297/7420 4676/6298/7420 4689/6299/7420
f 4690/6300/7421 4684/6301/7421 4683/6302/7421
f 4690/6300/7422 4691/6303/7422 4684/6301/7422
f 4692/6304/7423 4693/6305/7423 4691/6303/7423
f 4694/6306/7424 4695/6307/7424 4693/6305/7424
f 4694/6306/7425 4693/6305/7425 4692/6304/7425
f 4696/6308/7426 4691/6303/7426 4690/6300/7426
f 4696/6308/7427 4692/6304/7427 4691/6303/7427
f 4697/6309/7428 4689/6299/7428 4695/6310/7428
f 4697/6309/7429 4695/6310/7429 4694/6311/7429
f 4677/6297/7430 4689/6299/7430 4697/6309/7430
f 4698/6312/3893 4694/6313/3893 4692/6314/3893
f 4699/6315/3893 4694/6313/3893 4698/6312/3893
f 4697/6316/3893 4694/6313/3893 4699/6315/3893
f 4700/6317/3893 4697/6316/3893 4699/6315/3893
f 4677/6318/3893 4697/6316/3893 4700/6317/3893
f 4677/6318/3893 4700/6317/3893 4701/6319/3893
f 4675/6320/3893 4677/6318/3893 4701/6319/3893
f 4689/6321/5891 4676/6322/5891 4695/6323/5891
f 4684/6324/7431 4679/6325/7431 4681/6326/7431
f 4688/6327/5891 4679/6325/5891 4684/6324/5891
f 4693/6328/7432 4684/6324/7432 4691/6329/7432
f 4676/6322/7433 4682/6330/7433 4688/6327/7433
f 4676/6322/5891 4688/6327/5891 4684/6324/5891
f 4695/6323/5891 4676/6322/5891 4684/6324/5891
f 4695/6323/7434 4684/6324/7434 4693/6328/7434
f 4696/6331/7435 4702/6332/7435 4698/6333/7435
f 4696/6331/7436 4698/6333/7436 4692/6334/7436
f 4703/6335/7437 4699/6336/7437 4698/6333/7437
f 4703/6335/7438 4698/6333/7438 4702/6332/7438
f 4703/6335/7439 4700/6337/7439 4699/6336/7439
f 4704/6338/7440 4700/6337/7440 4703/6335/7440
f 4705/6339/7441 4701/6340/7441 4700/6337/7441
f 4705/6339/7442 4700/6337/7442 4704/6338/7442
f 4686/6341/7443 4675/6342/7443 4701/6340/7443
f 4705/6339/7444 4686/6341/7444 4701/6340/7444
f 4678/6343/3893 4702/6344/3893 4683/6345/3893
f 4678/6343/3893 4680/6346/3893 4705/6347/3893
f 4678/6343/3893 4705/6347/3893 4702/6344/3893
f 4702/6344/3893 4704/6348/3893 4703/6349/3893
f 4702/6344/3893 4705/6347/3893 4704/6348/3893
f 4685/6350/7445 4686/6351/7445 4705/6347/7445
f 4690/6352/7446 4702/6344/7446 4696/6353/7446
f 4687/6354/7447 4685/6350/7447 4705/6347/7447
f 4683/6345/3893 4702/6344/3893 4690/6352/3893
f 4680/6346/3893 4687/6354/3893 4705/6347/3893
