# Blender v2.82 (sub 7) OBJ File: ''
# www.blender.org
mtllib UR3e_Link6.mtl
o UR3e_Link6
v -17.677670 24.505816 -26.364748
v -16.825430 24.383282 -26.364748
v -16.973337 23.879549 -25.839748
v -16.042231 24.025608 -26.364748
v -16.326067 23.583950 -25.839748
v -15.391527 23.461769 -26.364748
v -15.788296 23.117968 -25.839748
v -14.926033 22.737446 -26.364748
v -15.403590 22.519354 -25.839748
v -14.683460 21.911318 -26.364748
v -15.203116 21.836603 -25.839748
v -14.683460 21.050314 -26.364750
v -15.203116 21.125029 -25.839750
v -14.926033 20.224186 -26.364750
v -15.403590 20.442278 -25.839750
v -15.391527 19.499863 -26.364750
v -15.788296 19.843664 -25.839750
v -16.042231 18.936026 -26.364750
v -16.326067 19.377684 -25.839750
v -16.825430 18.578350 -26.364750
v -16.973337 19.082085 -25.839750
v -17.677670 18.455816 -26.364750
v -17.677670 18.980816 -25.839750
v -17.677670 23.980816 -25.839748
v -18.529911 18.578350 -26.364750
v -18.382002 19.082085 -25.839750
v -19.313108 18.936026 -26.364750
v -19.029272 19.377684 -25.839750
v -19.963812 19.499863 -26.364750
v -19.567043 19.843664 -25.839750
v -20.429306 20.224186 -26.364750
v -19.951750 20.442278 -25.839750
v -20.671879 21.050314 -26.364750
v -20.152224 21.125029 -25.839750
v -20.671879 21.911318 -26.364748
v -20.152224 21.836603 -25.839748
v -20.429306 22.737446 -26.364748
v -19.951750 22.519354 -25.839748
v -19.963812 23.461769 -26.364748
v -19.567043 23.117968 -25.839748
v -19.313108 24.025608 -26.364748
v -19.029272 23.583950 -25.839748
v -18.529911 24.383282 -26.364748
v -18.382002 23.879549 -25.839748
v -17.677670 18.980814 -18.364750
v -16.973337 19.082083 -18.364750
v -16.326067 19.377682 -18.364750
v -15.788296 19.843662 -18.364750
v -15.403590 20.442276 -18.364750
v -15.203116 21.125027 -18.364750
v -15.203116 21.836601 -18.364748
v -15.403590 22.519352 -18.364748
v -15.788296 23.117966 -18.364748
v -16.326067 23.583948 -18.364748
v -16.973337 23.879547 -18.364748
v -17.677670 23.980814 -18.364748
v -18.382002 23.879547 -18.364748
v -19.029272 23.583948 -18.364748
v -19.567043 23.117966 -18.364748
v -19.951750 22.519352 -18.364748
v -20.152224 21.836601 -18.364748
v -20.152224 21.125027 -18.364750
v -19.951750 20.442276 -18.364750
v -19.567043 19.843662 -18.364750
v -19.029272 19.377682 -18.364750
v -18.382002 19.082083 -18.364750
v -14.125647 18.402971 -26.364750
v -15.136658 17.526924 -26.364750
v -16.353527 16.971199 -26.364750
v -17.677670 16.780817 -26.364750
v -19.001814 16.971199 -26.364750
v -20.218681 17.526924 -26.364750
v -21.229692 18.402971 -26.364750
v -14.125647 24.558661 -26.364748
v -13.402399 23.433266 -26.364748
v -13.025509 22.149694 -26.364748
v -13.025509 20.811935 -26.364750
v -21.952940 19.528366 -26.364750
v -22.329830 20.811935 -26.364750
v -22.329830 22.149694 -26.364748
v -21.952940 23.433266 -26.364748
v -21.229692 24.558661 -26.364748
v -20.218681 25.434708 -26.364748
v -15.136658 25.434708 -26.364748
v -13.402399 19.528366 -26.364750
v -17.677670 26.180817 -26.364748
v -16.353527 25.990433 -26.364748
v -19.001814 25.990433 -26.364748
v -20.218681 25.434706 -18.364748
v -21.229692 24.558659 -18.364748
v -19.001814 25.990431 -18.364748
v -21.952940 23.433264 -18.364748
v -22.329830 22.149693 -18.364748
v -22.329830 20.811934 -18.364750
v -20.218681 17.526922 -18.364750
v -19.001814 16.971197 -18.364750
v -15.136658 17.526922 -18.364750
v -14.125647 18.402969 -18.364750
v -15.136658 25.434706 -18.364748
v -16.353527 25.990431 -18.364748
v -21.229692 18.402969 -18.364750
v -16.353527 16.971197 -18.364750
v -13.025509 20.811934 -18.364750
v -13.025509 22.149693 -18.364748
v -14.125647 24.558659 -18.364748
v -21.952940 19.528364 -18.364750
v -17.677670 16.780815 -18.364750
v -13.402399 19.528364 -18.364750
v -13.402399 23.433264 -18.364748
v -17.677670 26.180815 -18.364748
v -17.677670 -10.849524 -26.364750
v -16.825430 -10.972057 -26.364750
v -16.973337 -11.475792 -25.839750
v -16.042231 -11.329733 -26.364750
v -16.326067 -11.771391 -25.839750
v -15.391527 -11.893571 -26.364750
v -15.788296 -12.237372 -25.839750
v -14.926033 -12.617894 -26.364750
v -15.403590 -12.835986 -25.839750
v -14.683460 -13.444022 -26.364750
v -15.203116 -13.518737 -25.839750
v -14.683460 -14.305026 -26.364750
v -15.203116 -14.230311 -25.839750
v -14.926033 -15.131154 -26.364750
v -15.403590 -14.913062 -25.839750
v -15.391527 -15.855477 -26.364750
v -15.788296 -15.511676 -25.839750
v -16.042231 -16.419315 -26.364750
v -16.326067 -15.977658 -25.839750
v -16.825430 -16.776989 -26.364750
v -16.973337 -16.273256 -25.839750
v -17.677670 -16.899523 -26.364750
v -17.677670 -16.374523 -25.839750
v -17.677670 -11.374524 -25.839750
v -18.529911 -16.776989 -26.364750
v -18.382002 -16.273256 -25.839750
v -19.313108 -16.419315 -26.364750
v -19.029272 -15.977658 -25.839750
v -19.963812 -15.855477 -26.364750
v -19.567043 -15.511676 -25.839750
v -20.429306 -15.131154 -26.364750
v -19.951750 -14.913062 -25.839750
v -20.671879 -14.305026 -26.364750
v -20.152224 -14.230311 -25.839750
v -20.671879 -13.444022 -26.364750
v -20.152224 -13.518737 -25.839750
v -20.429306 -12.617894 -26.364750
v -19.951750 -12.835986 -25.839750
v -19.963812 -11.893571 -26.364750
v -19.567043 -12.237372 -25.839750
v -19.313108 -11.329733 -26.364750
v -19.029272 -11.771391 -25.839750
v -18.529911 -10.972057 -26.364750
v -18.382002 -11.475792 -25.839750
v -17.677670 -16.374525 -18.364750
v -16.973337 -16.273258 -18.364750
v -16.326067 -15.977658 -18.364750
v -15.788296 -15.511676 -18.364750
v -15.403590 -14.913062 -18.364750
v -15.203116 -14.230311 -18.364750
v -15.203116 -13.518737 -18.364750
v -15.403590 -12.835986 -18.364750
v -15.788296 -12.237372 -18.364750
v -16.326067 -11.771391 -18.364750
v -16.973337 -11.475792 -18.364750
v -17.677670 -11.374524 -18.364750
v -18.382002 -11.475792 -18.364750
v -19.029272 -11.771391 -18.364750
v -19.567043 -12.237372 -18.364750
v -19.951750 -12.835986 -18.364750
v -20.152224 -13.518737 -18.364750
v -20.152224 -14.230311 -18.364750
v -19.951750 -14.913062 -18.364750
v -19.567043 -15.511676 -18.364750
v -19.029272 -15.977658 -18.364750
v -18.382002 -16.273258 -18.364750
v -15.136658 -9.920632 -26.364750
v -14.125647 -10.796679 -26.364750
v -13.025509 -13.205644 -26.364750
v -13.025509 -14.543403 -26.364750
v -17.677670 -18.574524 -26.364750
v -19.001814 -18.384140 -26.364750
v -20.218681 -17.828415 -26.364750
v -21.229692 -16.952368 -26.364750
v -21.952940 -15.826974 -26.364750
v -13.402399 -11.922073 -26.364750
v -13.402399 -15.826974 -26.364750
v -22.329830 -14.543403 -26.364750
v -21.952940 -11.922073 -26.364750
v -21.229692 -10.796679 -26.364750
v -20.218681 -9.920632 -26.364750
v -14.125647 -16.952368 -26.364750
v -15.136658 -17.828415 -26.364750
v -22.329830 -13.205644 -26.364750
v -19.001814 -9.364907 -26.364750
v -17.677670 -9.174524 -26.364750
v -16.353527 -9.364907 -26.364750
v -16.353527 -18.384140 -26.364750
v -15.136658 -17.828417 -18.364750
v -14.125647 -16.952370 -18.364750
v -15.136658 -9.920632 -18.364750
v -16.353527 -9.364907 -18.364750
v -16.353527 -18.384142 -18.364750
v -13.025509 -14.543403 -18.364750
v -13.025509 -13.205644 -18.364750
v -14.125647 -10.796679 -18.364750
v -20.218681 -9.920632 -18.364750
v -21.229692 -10.796679 -18.364750
v -21.952940 -11.922073 -18.364750
v -22.329830 -13.205644 -18.364750
v -20.218681 -17.828417 -18.364750
v -19.001814 -18.384142 -18.364750
v -13.402399 -15.826974 -18.364750
v -13.402399 -11.922073 -18.364750
v -17.677670 -9.174524 -18.364750
v -19.001814 -9.364907 -18.364750
v -22.329830 -14.543403 -18.364750
v -21.229692 -16.952370 -18.364750
v -21.952940 -15.826974 -18.364750
v -17.677670 -18.574526 -18.364750
v 17.677670 -10.849524 -26.364750
v 18.529911 -10.972057 -26.364750
v 18.382002 -11.475792 -25.839750
v 19.313108 -11.329733 -26.364750
v 19.029272 -11.771391 -25.839750
v 19.963812 -11.893571 -26.364750
v 19.567043 -12.237372 -25.839750
v 20.429306 -12.617894 -26.364750
v 19.951750 -12.835986 -25.839750
v 20.671879 -13.444022 -26.364750
v 20.152224 -13.518737 -25.839750
v 20.671879 -14.305026 -26.364750
v 20.152224 -14.230311 -25.839750
v 20.429306 -15.131154 -26.364750
v 19.951750 -14.913062 -25.839750
v 19.963812 -15.855477 -26.364750
v 19.567043 -15.511676 -25.839750
v 19.313108 -16.419315 -26.364750
v 19.029272 -15.977658 -25.839750
v 18.529911 -16.776989 -26.364750
v 18.382002 -16.273256 -25.839750
v 17.677670 -16.899523 -26.364750
v 17.677670 -16.374523 -25.839750
v 17.677670 -11.374524 -25.839750
v 16.825430 -16.776989 -26.364750
v 16.973337 -16.273256 -25.839750
v 16.042231 -16.419315 -26.364750
v 16.326067 -15.977658 -25.839750
v 15.391527 -15.855477 -26.364750
v 15.788296 -15.511676 -25.839750
v 14.926033 -15.131154 -26.364750
v 15.403590 -14.913062 -25.839750
v 14.683460 -14.305026 -26.364750
v 15.203116 -14.230311 -25.839750
v 14.683460 -13.444022 -26.364750
v 15.203116 -13.518737 -25.839750
v 14.926033 -12.617894 -26.364750
v 15.403590 -12.835986 -25.839750
v 15.391527 -11.893571 -26.364750
v 15.788296 -12.237372 -25.839750
v 16.042231 -11.329733 -26.364750
v 16.326067 -11.771391 -25.839750
v 16.825430 -10.972057 -26.364750
v 16.973337 -11.475792 -25.839750
v 17.677670 -16.374525 -18.364750
v 18.382002 -16.273258 -18.364750
v 19.029272 -15.977658 -18.364750
v 19.567043 -15.511676 -18.364750
v 19.951750 -14.913062 -18.364750
v 20.152224 -14.230311 -18.364750
v 20.152224 -13.518737 -18.364750
v 19.951750 -12.835986 -18.364750
v 19.567043 -12.237372 -18.364750
v 19.029272 -11.771391 -18.364750
v 18.382002 -11.475792 -18.364750
v 17.677670 -11.374524 -18.364750
v 16.973337 -11.475792 -18.364750
v 16.326067 -11.771391 -18.364750
v 15.788296 -12.237372 -18.364750
v 15.403590 -12.835986 -18.364750
v 15.203116 -13.518737 -18.364750
v 15.203116 -14.230311 -18.364750
v 15.403590 -14.913062 -18.364750
v 15.788296 -15.511676 -18.364750
v 16.326067 -15.977658 -18.364750
v 16.973337 -16.273258 -18.364750
v 21.229692 -10.796679 -26.364750
v 21.952940 -11.922073 -26.364750
v 22.329830 -13.205644 -26.364750
v 21.229692 -16.952368 -26.364750
v 20.218681 -17.828415 -26.364750
v 19.001814 -18.384140 -26.364750
v 17.677670 -18.574524 -26.364750
v 16.353527 -18.384140 -26.364750
v 13.402399 -15.826974 -26.364750
v 13.025509 -14.543403 -26.364750
v 14.125647 -10.796679 -26.364750
v 15.136658 -9.920632 -26.364750
v 16.353527 -9.364907 -26.364750
v 20.218681 -9.920632 -26.364750
v 15.136658 -17.828415 -26.364750
v 14.125647 -16.952368 -26.364750
v 13.025509 -13.205644 -26.364750
v 13.402399 -11.922073 -26.364750
v 22.329830 -14.543403 -26.364750
v 21.952940 -15.826974 -26.364750
v 17.677670 -9.174524 -26.364750
v 19.001814 -9.364907 -26.364750
v 16.353527 -9.364907 -18.364750
v 15.136658 -9.920632 -18.364750
v 14.125647 -10.796679 -18.364750
v 13.402399 -11.922073 -18.364750
v 13.025509 -13.205644 -18.364750
v 13.025509 -14.543403 -18.364750
v 15.136658 -17.828417 -18.364750
v 16.353527 -18.384142 -18.364750
v 20.218681 -17.828417 -18.364750
v 21.229692 -16.952370 -18.364750
v 20.218681 -9.920632 -18.364750
v 19.001814 -9.364907 -18.364750
v 14.125647 -16.952370 -18.364750
v 19.001814 -18.384142 -18.364750
v 22.329830 -14.543403 -18.364750
v 22.329830 -13.205644 -18.364750
v 21.229692 -10.796679 -18.364750
v 13.402399 -15.826974 -18.364750
v 17.677670 -18.574526 -18.364750
v 21.952940 -15.826974 -18.364750
v 21.952940 -11.922073 -18.364750
v 17.677670 -9.174524 -18.364750
v 17.677670 24.505816 -26.364748
v 18.529911 24.383282 -26.364748
v 18.382002 23.879549 -25.839748
v 19.313108 24.025608 -26.364748
v 19.029272 23.583950 -25.839748
v 19.963812 23.461769 -26.364748
v 19.567043 23.117968 -25.839748
v 20.429306 22.737446 -26.364748
v 19.951750 22.519354 -25.839748
v 20.671879 21.911318 -26.364748
v 20.152224 21.836603 -25.839748
v 20.671879 21.050314 -26.364750
v 20.152224 21.125029 -25.839750
v 20.429306 20.224186 -26.364750
v 19.951750 20.442278 -25.839750
v 19.963812 19.499863 -26.364750
v 19.567043 19.843664 -25.839750
v 19.313108 18.936026 -26.364750
v 19.029272 19.377684 -25.839750
v 18.529911 18.578350 -26.364750
v 18.382002 19.082085 -25.839750
v 17.677670 18.455816 -26.364750
v 17.677670 18.980816 -25.839750
v 17.677670 23.980816 -25.839748
v 16.825430 18.578350 -26.364750
v 16.973337 19.082085 -25.839750
v 16.042231 18.936026 -26.364750
v 16.326067 19.377684 -25.839750
v 15.391527 19.499863 -26.364750
v 15.788296 19.843664 -25.839750
v 14.926033 20.224186 -26.364750
v 15.403590 20.442278 -25.839750
v 14.683460 21.050314 -26.364750
v 15.203116 21.125029 -25.839750
v 14.683460 21.911318 -26.364748
v 15.203116 21.836603 -25.839748
v 14.926033 22.737446 -26.364748
v 15.403590 22.519354 -25.839748
v 15.391527 23.461769 -26.364748
v 15.788296 23.117968 -25.839748
v 16.042231 24.025608 -26.364748
v 16.326067 23.583950 -25.839748
v 16.825430 24.383282 -26.364748
v 16.973337 23.879549 -25.839748
v 17.677670 18.980814 -18.364750
v 18.382002 19.082083 -18.364750
v 19.029272 19.377682 -18.364750
v 19.567043 19.843662 -18.364750
v 19.951750 20.442276 -18.364750
v 20.152224 21.125027 -18.364750
v 20.152224 21.836601 -18.364748
v 19.951750 22.519352 -18.364748
v 19.567043 23.117966 -18.364748
v 19.029272 23.583948 -18.364748
v 18.382002 23.879547 -18.364748
v 17.677670 23.980814 -18.364748
v 16.973337 23.879547 -18.364748
v 16.326067 23.583948 -18.364748
v 15.788296 23.117966 -18.364748
v 15.403590 22.519352 -18.364748
v 15.203116 21.836601 -18.364748
v 15.203116 21.125027 -18.364750
v 15.403590 20.442276 -18.364750
v 15.788296 19.843662 -18.364750
v 16.326067 19.377682 -18.364750
v 16.973337 19.082083 -18.364750
v 21.229692 18.402971 -26.364750
v 20.218681 17.526924 -26.364750
v 21.952940 19.528366 -26.364750
v 19.001814 16.971199 -26.364750
v 21.952940 23.433266 -26.364748
v 22.329830 22.149694 -26.364748
v 17.677670 16.780817 -26.364750
v 15.136658 17.526924 -26.364750
v 14.125647 18.402971 -26.364750
v 13.402399 19.528366 -26.364750
v 13.025509 20.811935 -26.364750
v 22.329830 20.811935 -26.364750
v 16.353527 16.971199 -26.364750
v 13.025509 22.149694 -26.364748
v 13.402399 23.433266 -26.364748
v 20.218681 25.434708 -26.364748
v 21.229692 24.558661 -26.364748
v 14.125647 24.558661 -26.364748
v 15.136658 25.434708 -26.364748
v 17.677670 26.180817 -26.364748
v 19.001814 25.990433 -26.364748
v 16.353527 25.990433 -26.364748
v 20.218681 17.526922 -18.364750
v 21.229692 18.402969 -18.364750
v 20.218681 25.434706 -18.364748
v 19.001814 25.990431 -18.364748
v 19.001814 16.971197 -18.364750
v 22.329830 20.811934 -18.364750
v 22.329830 22.149693 -18.364748
v 21.229692 24.558659 -18.364748
v 16.353527 25.990431 -18.364748
v 15.136658 25.434706 -18.364748
v 14.125647 24.558659 -18.364748
v 13.402399 23.433264 -18.364748
v 13.025509 22.149693 -18.364748
v 15.136658 17.526922 -18.364750
v 16.353527 16.971197 -18.364750
v 21.952940 19.528364 -18.364750
v 21.952940 23.433264 -18.364748
v 17.677670 26.180815 -18.364748
v 13.025509 20.811934 -18.364750
v 14.125647 18.402969 -18.364750
v 13.402399 19.528364 -18.364750
v 17.677670 16.780815 -18.364750
v 31.200001 3.803144 22.435249
v 14.354029 -23.898876 22.435247
v 17.992426 -21.686319 22.435249
v 28.616993 -8.626970 22.435249
v 30.043018 -4.614515 22.435249
v 30.909403 -0.445255 22.435249
v 24.202192 -15.886800 22.435249
v 26.657885 -12.407876 22.435249
v 10.448244 -25.595398 22.435247
v 21.295658 -18.998940 22.435249
v -24.202192 -15.886800 22.435249
v -21.295658 -18.998940 22.435249
v 2.129163 -27.324123 22.435247
v 6.347828 -26.744282 22.435247
v -26.657885 -12.407876 22.435249
v 26.657885 20.014162 22.435249
v -28.616993 16.233257 22.435249
v -30.043018 12.220802 22.435249
v 17.992426 29.292604 22.435251
v -10.448244 33.201687 22.435251
v -14.354029 31.505161 22.435251
v -2.129163 34.930412 22.435251
v -6.347828 34.350571 22.435251
v 10.448244 33.201687 22.435251
v 6.347828 34.350571 22.435251
v 2.129163 34.930412 22.435251
v 14.354029 31.505161 22.435251
v -17.992426 -21.686319 22.435249
v -14.354029 -23.898876 22.435247
v -28.616993 -8.626970 22.435249
v -30.909403 8.051542 22.435249
v -21.295658 26.605225 22.435251
v -24.202192 23.493086 22.435251
v -17.992426 29.292604 22.435251
v 24.202192 23.493086 22.435251
v 21.295658 26.605225 22.435251
v -2.129163 -27.324123 22.435247
v -10.448244 -25.595398 22.435247
v -6.347828 -26.744282 22.435247
v -30.909403 -0.445255 22.435249
v -30.043018 -4.614515 22.435249
v -26.657885 20.014162 22.435249
v -31.200001 3.803144 22.435249
v 30.043018 12.220802 22.435249
v 28.616993 16.233257 22.435249
v 30.909403 8.051542 22.435249
v 31.500000 3.803144 21.915634
v 31.206608 -0.486105 21.915634
v 30.331896 -4.695455 21.915634
v 28.892157 -8.746490 21.915634
v 26.914211 -12.563750 21.915634
v 24.434906 -16.076128 21.915634
v 21.500423 -19.218191 21.915634
v 18.165430 -21.931410 21.915632
v 14.492049 -24.165241 21.915632
v 10.548708 -25.878077 21.915632
v 6.408864 -27.038006 21.915632
v 2.149636 -27.623423 21.915632
v -2.149636 -27.623423 21.915632
v -6.408864 -27.038006 21.915632
v -10.548708 -25.878077 21.915632
v -14.492049 -24.165241 21.915632
v -18.165430 -21.931410 21.915632
v -21.500423 -19.218191 21.915634
v -24.434906 -16.076128 21.915634
v -26.914211 -12.563750 21.915634
v -28.892157 -8.746490 21.915634
v -30.331896 -4.695455 21.915634
v -31.206608 -0.486105 21.915634
v -31.500000 3.803144 21.915634
v -31.206608 8.092393 21.915634
v -30.331896 12.301742 21.915634
v -28.892157 16.352777 21.915634
v -26.914211 20.170036 21.915634
v -24.434906 23.682413 21.915636
v -21.500423 26.824476 21.915636
v -18.165430 29.537695 21.915636
v -14.492049 31.771526 21.915636
v -10.548708 33.484364 21.915636
v -6.408864 34.644295 21.915636
v -2.149636 35.229710 21.915636
v 2.149636 35.229710 21.915636
v 6.408864 34.644295 21.915636
v 10.548708 33.484364 21.915636
v 14.492049 31.771526 21.915636
v 18.165430 29.537695 21.915636
v 21.500423 26.824476 21.915636
v 24.434906 23.682413 21.915636
v 26.914211 20.170036 21.915634
v 28.892157 16.352777 21.915634
v 30.331896 12.301742 21.915634
v 31.206608 8.092393 21.915634
v -31.500000 3.803144 21.635250
v -31.206608 -0.486105 21.635250
v -30.331896 -4.695455 21.635250
v -28.892157 -8.746490 21.635250
v -26.914211 -12.563750 21.635250
v -24.434906 -16.076126 21.635250
v -21.500423 -19.218189 21.635250
v -18.165430 -21.931408 21.635248
v -14.492049 -24.165239 21.635248
v -10.548708 -25.878075 21.635248
v -6.408864 -27.038004 21.635248
v -2.149636 -27.623421 21.635248
v 2.149636 -27.623421 21.635248
v 6.408864 -27.038004 21.635248
v 10.548708 -25.878075 21.635248
v 14.492049 -24.165239 21.635248
v 18.165430 -21.931408 21.635248
v 21.500423 -19.218189 21.635250
v 24.434906 -16.076126 21.635250
v 26.914211 -12.563750 21.635250
v 28.892157 -8.746490 21.635250
v 30.331896 -4.695455 21.635250
v 31.206608 -0.486105 21.635250
v 31.500000 3.803144 21.635250
v 31.206608 8.092393 21.635250
v 30.331896 12.301742 21.635250
v 28.892157 16.352779 21.635250
v 26.914211 20.170038 21.635250
v 24.434906 23.682415 21.635252
v 21.500423 26.824478 21.635252
v 18.165430 29.537697 21.635252
v 14.492049 31.771528 21.635252
v 10.548708 33.484364 21.635252
v 6.408864 34.644295 21.635252
v 2.149636 35.229710 21.635252
v -2.149636 35.229710 21.635252
v -6.408864 34.644295 21.635252
v -10.548708 33.484364 21.635252
v -14.492049 31.771528 21.635252
v -18.165430 29.537697 21.635252
v -21.500423 26.824478 21.635252
v -24.434906 23.682415 21.635252
v -26.914211 20.170038 21.635250
v -28.892157 16.352779 21.635250
v -30.331896 12.301742 21.635250
v -31.206608 8.092393 21.635250
v 16.800344 29.944992 21.635252
v 20.349714 27.287966 21.635252
v -29.816122 12.557946 21.635250
v -26.141848 20.603489 21.635250
v -28.266699 16.712114 21.635250
v -23.484821 24.152859 21.635252
v -20.349714 27.287966 21.635252
v 23.484821 24.152859 21.635252
v 28.266699 16.712114 21.635250
v 29.816122 12.557946 21.635250
v -4.422416 -26.955431 21.635248
v 12.908969 32.069843 21.635252
v 26.141848 20.603489 21.635250
v 30.758575 8.225560 21.635250
v 31.074873 3.803144 21.635250
v 30.758575 -0.619272 21.635250
v 4.422416 -26.955431 21.635248
v 8.754803 -26.012978 21.635248
v 0.000000 -27.271729 21.635248
v -8.754803 -26.012978 21.635248
v -16.800344 29.944992 21.635252
v -12.908969 32.069843 21.635252
v -8.754803 33.619267 21.635252
v 4.422416 34.561722 21.635252
v 8.754803 33.619267 21.635252
v 29.816122 -4.951659 21.635250
v 26.141848 -12.997201 21.635250
v 28.266699 -9.105825 21.635250
v 23.484821 -16.546570 21.635250
v 20.349714 -19.681677 21.635250
v -12.908969 -24.463554 21.635248
v -16.800344 -22.338703 21.635248
v -23.484821 -16.546570 21.635250
v -26.141848 -12.997201 21.635250
v -31.074873 3.803144 21.635250
v -30.758575 8.225560 21.635250
v 0.000000 34.878017 21.635252
v -4.422416 34.561722 21.635252
v 16.800344 -22.338703 21.635248
v 12.908969 -24.463554 21.635248
v -28.266699 -9.105825 21.635250
v -20.349714 -19.681677 21.635250
v -29.816122 -4.951659 21.635250
v -30.758575 -0.619272 21.635250
v 30.758575 -0.619272 21.119514
v 31.041595 2.365421 21.119514
v 29.816122 -4.951659 21.119514
v 30.521029 -2.037625 21.119514
v 28.266699 -9.105825 21.119514
v 29.379141 -6.321770 21.119514
v 26.141848 -12.997201 21.119514
v 27.639177 -10.399800 21.119514
v 23.484821 -16.546570 21.119514
v 25.336561 -14.188699 21.119514
v 20.349714 -19.681677 21.119514
v 22.518166 -17.611336 21.119514
v 16.800344 -22.338703 21.119513
v 19.241364 -20.598036 21.119514
v 12.908969 -24.463554 21.119513
v 15.572864 -23.087999 21.119513
v 8.754803 -26.012978 21.119513
v 11.587346 -25.030535 21.119513
v 4.422416 -26.955431 21.119513
v 7.365943 -26.386101 21.119513
v 0.000000 -27.271729 21.119513
v 2.994591 -27.127102 21.119513
v -4.422416 -26.955431 21.119513
v -1.437723 -27.238451 21.119513
v -8.754803 -26.012978 21.119513
v -5.840769 -26.717884 21.119513
v -12.908969 -24.463554 21.119513
v -10.124913 -25.575996 21.119513
v -16.800344 -22.338703 21.119513
v -14.202944 -23.836033 21.119513
v -20.349714 -19.681677 21.119514
v -17.991842 -21.533417 21.119514
v -23.484821 -16.546570 21.119514
v -21.414480 -18.715021 21.119514
v -26.141848 -12.997201 21.119514
v -24.401180 -15.438220 21.119514
v -28.266699 -9.105825 21.119514
v -26.891144 -11.769720 21.119514
v -29.816122 -4.951659 21.119514
v -28.833679 -7.784203 21.119514
v -30.758575 -0.619272 21.119514
v -30.189245 -3.562799 21.119514
v -31.074873 3.803144 21.119514
v -30.930246 0.808553 21.119514
v 31.074873 3.803144 21.119514
v -30.758575 8.225560 21.119514
v -31.041595 5.240867 21.119514
v -29.816122 12.557946 21.119514
v -30.521029 9.643912 21.119514
v -28.266699 16.712114 21.119514
v -29.379141 13.928057 21.119514
v -26.141848 20.603489 21.119514
v -27.639177 18.006088 21.119514
v -23.484821 24.152859 21.119516
v -25.336561 21.794987 21.119514
v -20.349714 27.287966 21.119516
v -22.518166 25.217625 21.119516
v -16.800344 29.944992 21.119516
v -19.241364 28.204325 21.119516
v -12.908969 32.069843 21.119516
v -15.572864 30.694288 21.119516
v -8.754803 33.619267 21.119516
v -11.587346 32.636826 21.119516
v -4.422416 34.561722 21.119516
v -7.365943 33.992390 21.119516
v 0.000000 34.878017 21.119516
v -2.994591 34.733391 21.119516
v 4.422416 34.561722 21.119516
v 1.437723 34.844742 21.119516
v 8.754803 33.619267 21.119516
v 5.840769 34.324173 21.119516
v 12.908969 32.069843 21.119516
v 10.124913 33.182285 21.119516
v 16.800344 29.944992 21.119516
v 14.202944 31.442322 21.119516
v 20.349714 27.287966 21.119516
v 17.991842 29.139706 21.119516
v 23.484821 24.152859 21.119516
v 21.414480 26.321310 21.119516
v 26.141848 20.603489 21.119514
v 24.401180 23.044508 21.119516
v 28.266699 16.712114 21.119514
v 26.891144 19.376009 21.119514
v 29.816122 12.557946 21.119514
v 28.833679 15.390490 21.119514
v 30.758575 8.225560 21.119514
v 30.189245 11.169086 21.119514
v 30.930246 6.797735 21.119514
v 30.978367 0.979184 21.238724
v 30.552401 -2.043628 21.238724
v 31.073503 2.363943 21.238724
v 31.105993 4.029193 21.238724
v 30.962040 6.800813 21.238724
v 30.934053 7.077024 21.238724
v 30.464199 10.093328 21.238724
v 30.220278 11.176659 21.238724
v 29.700960 13.049052 21.238724
v 28.863319 15.402401 21.238724
v 28.651686 15.915734 21.238724
v 27.326477 18.665768 21.238724
v 26.918785 19.392017 21.238724
v 25.738102 21.272661 21.238724
v 24.426264 23.064287 21.238726
v 23.901854 23.711317 21.238726
v 21.835419 25.958244 21.238726
v 21.436493 26.344456 21.238726
v 19.558695 27.991806 21.238726
v 18.010338 29.165749 21.238726
v 17.093611 29.792419 21.238726
v 14.463906 31.342741 21.238726
v 14.217543 31.470732 21.238726
v 11.694906 32.627842 21.238726
v 10.135321 33.212486 21.238726
v 8.813277 33.635345 21.238726
v 5.846772 34.355545 21.238726
v 2.823960 34.781513 21.238726
v 1.439201 34.876648 21.238726
v -0.226049 34.909138 21.238726
v -2.997669 34.765186 21.238726
v -3.273881 34.737198 21.238726
v -6.290184 34.267345 21.238726
v -7.373515 34.023422 21.238726
v -9.245909 33.504105 21.238726
v -11.599257 32.666466 21.238726
v -12.112591 32.454830 21.238726
v -14.862622 31.129622 21.238726
v -15.588872 30.721930 21.238726
v -17.469517 29.541246 21.238726
v -19.261143 28.229408 21.238726
v -19.908173 27.704998 21.238726
v -22.155100 25.638563 21.238726
v -22.541311 25.239637 21.238726
v -24.188662 23.361839 21.238726
v -25.362604 21.813482 21.238724
v -25.989275 20.896755 21.238724
v -27.539597 18.267052 21.238724
v -27.667587 18.020687 21.238724
v -28.824696 15.498050 21.238724
v -29.409340 13.938464 21.238724
v -29.832199 12.616421 21.238724
v -30.552401 9.649916 21.238724
v -30.978367 6.627104 21.238724
v -31.073503 5.242345 21.238724
v -31.105993 3.577095 21.238724
v -30.962040 0.805475 21.238724
v -30.934053 0.529263 21.238724
v -30.464199 -2.487040 21.238724
v -30.220278 -3.570371 21.238724
v -29.700960 -5.442765 21.238724
v -28.863319 -7.796114 21.238724
v -28.651686 -8.309447 21.238724
v -27.326477 -11.059479 21.238724
v -26.918785 -11.785728 21.238724
v -25.738102 -13.666373 21.238724
v -24.426264 -15.457999 21.238724
v -23.901854 -16.105028 21.238724
v -21.835419 -18.351955 21.238724
v -21.436493 -18.738167 21.238724
v -19.558695 -20.385517 21.238724
v -18.010338 -21.559460 21.238724
v -17.093611 -22.186131 21.238722
v -14.463906 -23.736452 21.238722
v -14.217543 -23.864443 21.238722
v -11.694906 -25.021551 21.238722
v -10.135321 -25.606195 21.238722
v -8.813277 -26.029055 21.238722
v -5.846772 -26.749256 21.238722
v -2.823960 -27.175222 21.238722
v -1.439201 -27.270359 21.238722
v 0.226049 -27.302849 21.238722
v 2.997669 -27.158895 21.238722
v 3.273881 -27.130909 21.238722
v 6.290184 -26.661055 21.238722
v 7.373515 -26.417133 21.238722
v 9.245909 -25.897816 21.238722
v 11.599257 -25.060175 21.238722
v 12.112591 -24.848541 21.238722
v 14.862622 -23.523333 21.238722
v 15.588872 -23.115641 21.238722
v 17.469517 -21.934958 21.238722
v 19.261143 -20.623119 21.238724
v 19.908173 -20.098709 21.238724
v 22.155100 -18.032274 21.238724
v 22.541311 -17.633348 21.238724
v 24.188662 -15.755551 21.238724
v 25.362604 -14.207194 21.238724
v 25.989275 -13.290467 21.238724
v 27.539597 -10.660763 21.238724
v 27.667587 -10.414399 21.238724
v 28.824696 -7.891763 21.238724
v 29.409340 -6.332177 21.238724
v 29.832199 -5.010134 21.238724
v 30.574654 -2.047887 21.291462
v 28.845692 -7.900281 21.291462
v 29.853928 -5.016554 21.291462
v 27.559654 -10.671297 21.291462
v 24.206282 -15.769797 21.291462
v 26.008204 -13.302918 21.291462
v 22.171238 -18.048178 21.291462
v 17.482241 -21.953705 21.291460
v 19.922672 -20.116119 21.291462
v 14.873447 -23.543238 21.291460
v 9.252643 -25.919449 21.291460
v 12.121413 -24.869410 21.291460
v 6.294766 -26.683245 21.291460
v 0.226214 -27.325506 21.291460
v 3.276266 -27.153440 21.291460
v -2.826016 -27.197786 21.291460
v -5.851031 -26.771509 21.291460
v -11.703424 -25.042547 21.291460
v -8.819697 -26.050783 21.291460
v -14.474441 -23.756510 21.291460
v -19.572941 -20.403137 21.291462
v -17.106062 -22.205059 21.291460
v -21.851322 -18.368093 21.291462
v -25.756849 -13.679097 21.291462
v -23.919264 -16.119528 21.291462
v -27.346382 -11.070304 21.291462
v -29.722593 -5.449499 21.291462
v -28.672554 -8.318270 21.291462
v -30.486389 -2.491622 21.291462
v -31.128651 3.576930 21.291462
v -30.956585 0.526878 21.291462
v -31.000931 6.629160 21.291462
v 30.610703 -2.054785 21.335590
v 29.889126 -5.026952 21.335590
v 28.879700 -7.914080 21.335590
v 27.592148 -10.688363 21.335590
v 26.038868 -13.323085 21.335590
v 24.234819 -15.792874 21.335590
v 22.197376 -18.073940 21.335590
v 19.946161 -20.144320 21.335590
v 17.502853 -21.984072 21.335588
v 14.890983 -23.575478 21.335588
v 12.135704 -24.903215 21.335588
v 9.263552 -25.954494 21.335588
v 6.302187 -26.719189 21.335588
v 3.280129 -27.189938 21.335588
v 0.226481 -27.362207 21.335588
v -2.829348 -27.234335 21.335588
v -5.857929 -26.807558 21.335588
v -8.830095 -26.085981 21.335588
v -11.717223 -25.076555 21.335588
v -14.491507 -23.789003 21.335588
v -17.126228 -22.235723 21.335588
v -19.596018 -20.431675 21.335590
v -21.877085 -18.394232 21.335590
v -23.947464 -16.143017 21.335590
v -25.787216 -13.699710 21.335590
v -27.378622 -11.087839 21.335590
v -28.706360 -8.332561 21.335590
v -29.757639 -5.460408 21.335590
v -30.522333 -2.499043 21.335590
v -30.993082 0.523015 21.335590
v -31.165352 3.576663 21.335590
v -31.037479 6.632492 21.335590
v -30.574654 9.654175 21.291462
v 30.657576 -2.063755 21.367477
v 29.934895 -5.040474 21.367477
v 28.923923 -7.932021 21.367477
v 27.634399 -10.710553 21.367477
v 26.078741 -13.349311 21.367477
v 24.271931 -15.822881 21.367477
v 22.231367 -18.107441 21.367477
v 19.976704 -20.180990 21.367477
v 17.529655 -22.023560 21.367476
v 14.913785 -23.617403 21.367476
v 12.154287 -24.947172 21.367476
v 9.277737 -26.000061 21.367476
v 6.311838 -26.765926 21.367476
v 3.285152 -27.237396 21.367476
v 0.226828 -27.409929 21.367476
v -2.833681 -27.281862 21.367476
v -5.866899 -26.854431 21.367476
v -8.843617 -26.131750 21.367476
v -11.735165 -25.120779 21.367476
v -14.513697 -23.831255 21.367476
v -17.152454 -22.275597 21.367476
v -19.626024 -20.468786 21.367477
v -21.910585 -18.428223 21.367477
v -23.984135 -16.173559 21.367477
v -25.826704 -13.726512 21.367477
v -27.420547 -11.110641 21.367477
v -28.750317 -8.351144 21.367477
v -29.803205 -5.474593 21.367477
v -30.569071 -2.508694 21.367477
v -31.040541 0.517992 21.367477
v -31.213074 3.576316 21.367477
v -31.085007 6.636825 21.367477
v -30.610703 9.661073 21.335590
v 30.711412 -2.074058 21.384499
v 29.987463 -5.056004 21.384499
v 28.974716 -7.952629 21.384499
v 27.682928 -10.736041 21.384499
v 26.124538 -13.379432 21.384499
v 24.314554 -15.857347 21.384499
v 22.270409 -18.145918 21.384499
v 20.011786 -20.223108 21.384499
v 17.560438 -22.068914 21.384497
v 14.939975 -23.665556 21.384497
v 12.175632 -24.997662 21.384497
v 9.294030 -26.052399 21.384497
v 6.322922 -26.819609 21.384497
v 3.290921 -27.291908 21.384497
v 0.227226 -27.464743 21.384497
v -2.838657 -27.336452 21.384497
v -5.877202 -26.908268 21.384497
v -8.859147 -26.184319 21.384497
v -11.755773 -25.171572 21.384497
v -14.539185 -23.879784 21.384497
v -17.182575 -22.321394 21.384497
v -19.660490 -20.511410 21.384499
v -21.949062 -18.467264 21.384499
v -24.026253 -16.208641 21.384499
v -25.872059 -13.757295 21.384499
v -27.468700 -11.136831 21.384499
v -28.800806 -8.372489 21.384499
v -29.855543 -5.490887 21.384499
v -30.622753 -2.519778 21.384499
v -31.095053 0.512223 21.384499
v -31.267887 3.575918 21.384499
v -31.139597 6.641801 21.384499
v -30.657576 9.670043 21.367477
v 30.767782 -2.084846 21.385250
v 30.042503 -5.072265 21.385250
v 29.027899 -7.974207 21.385250
v 27.733740 -10.762728 21.385250
v 26.172487 -13.410970 21.385250
v 24.359182 -15.893432 21.385250
v 22.311283 -18.186205 21.385250
v 20.048515 -20.267208 21.385250
v 17.592670 -22.116400 21.385248
v 14.967397 -23.715975 21.385248
v 12.197980 -25.050524 21.385248
v 9.311089 -26.107197 21.385248
v 6.334527 -26.875816 21.385248
v 3.296961 -27.348980 21.385248
v 0.227643 -27.522133 21.385248
v -2.843867 -27.393606 21.385248
v -5.887990 -26.964638 21.385248
v -8.875408 -26.239359 21.385248
v -11.777350 -25.224754 21.385248
v -14.565871 -23.930595 21.385248
v -17.214113 -22.369343 21.385248
v -19.696575 -20.556038 21.385250
v -21.989349 -18.508139 21.385250
v -24.070353 -16.245371 21.385250
v -25.919544 -13.789527 21.385250
v -27.519119 -11.164253 21.385250
v -28.853668 -8.394836 21.385250
v -29.910341 -5.507945 21.385250
v -30.678961 -2.531383 21.385250
v -31.152124 0.506183 21.385250
v -31.325277 3.575501 21.385250
v -31.196751 6.647011 21.385250
v -30.711412 9.680346 21.384499
v 30.822041 -2.095229 21.369671
v 30.095482 -5.087915 21.369671
v 29.079088 -7.994975 21.369671
v 27.782646 -10.788413 21.369671
v 26.218641 -13.441327 21.369671
v 24.402140 -15.928166 21.369671
v 22.350630 -18.224981 21.369671
v 20.083872 -20.309654 21.369671
v 17.623693 -22.162109 21.369669
v 14.993791 -23.764503 21.369669
v 12.219490 -25.101406 21.369669
v 9.327509 -26.159941 21.369669
v 6.345698 -26.929918 21.369669
v 3.302775 -27.403917 21.369669
v 0.228044 -27.577375 21.369669
v -2.848882 -27.448620 21.369669
v -5.898373 -27.018896 21.369669
v -8.891059 -26.292337 21.369669
v -11.798119 -25.275944 21.369669
v -14.591557 -23.979502 21.369669
v -17.244471 -22.415497 21.369669
v -19.731310 -20.598995 21.369671
v -22.028126 -18.547485 21.369671
v -24.112799 -16.280727 21.369671
v -25.965254 -13.820550 21.369671
v -27.567648 -11.190647 21.369671
v -28.904551 -8.416347 21.369671
v -29.963085 -5.524365 21.369671
v -30.733063 -2.542554 21.369671
v -31.207062 0.500369 21.369671
v -31.380520 3.575100 21.369671
v -31.251764 6.652026 21.369671
v -30.767782 9.691133 21.385250
v 30.869717 -2.104353 21.339043
v 30.142035 -5.101668 21.339043
v 29.124069 -8.013226 21.339043
v 27.825623 -10.810985 21.339043
v 26.259199 -13.468001 21.339043
v 24.439884 -15.958688 21.339043
v 22.385202 -18.259056 21.339043
v 20.114939 -20.346954 21.339043
v 17.650955 -22.202272 21.339041
v 15.016985 -23.807146 21.339041
v 12.238392 -25.146116 21.339041
v 9.341937 -26.206291 21.339041
v 6.355514 -26.977457 21.339041
v 3.307884 -27.452188 21.339041
v 0.228397 -27.625916 21.339041
v -2.853289 -27.496962 21.339041
v -5.907497 -27.066572 21.339041
v -8.904812 -26.338890 21.339041
v -11.816369 -25.320925 21.339041
v -14.614128 -24.022478 21.339041
v -17.271145 -22.456055 21.339041
v -19.761831 -20.636740 21.339043
v -22.062201 -18.582058 21.339043
v -24.150099 -16.311794 21.339043
v -26.005417 -13.847812 21.339043
v -27.610291 -11.213841 21.339043
v -28.949261 -8.435248 21.339043
v -30.009436 -5.538794 21.339043
v -30.780602 -2.552370 21.339043
v -31.255333 0.495260 21.339043
v -31.429060 3.574747 21.339043
v -31.300106 6.656433 21.339043
v -30.822041 9.701517 21.369671
v 30.906887 -2.111466 21.295887
v 30.178329 -5.112391 21.295887
v 29.159138 -8.027453 21.295887
v 27.859125 -10.828582 21.295887
v 26.290817 -13.488797 21.295887
v 24.469313 -15.982482 21.295887
v 22.412155 -18.285620 21.295887
v 20.139158 -20.376032 21.295887
v 17.672209 -22.233585 21.295885
v 15.035066 -23.840391 21.295885
v 12.253128 -25.180975 21.295885
v 9.353185 -26.242424 21.295885
v 6.363167 -27.014519 21.295885
v 3.311867 -27.489824 21.295885
v 0.228672 -27.663759 21.295885
v -2.856725 -27.534651 21.295885
v -5.914610 -27.103743 21.295885
v -8.915534 -26.375185 21.295885
v -11.830597 -25.355993 21.295885
v -14.631725 -24.055981 21.295885
v -17.291941 -22.487673 21.295885
v -19.785625 -20.666168 21.295887
v -22.088764 -18.609011 21.295887
v -24.179176 -16.336014 21.295887
v -26.036730 -13.869065 21.295887
v -27.643536 -11.231922 21.295887
v -28.984119 -8.449985 21.295887
v -30.045568 -5.550041 21.295887
v -30.817663 -2.560023 21.295887
v -31.292969 0.491277 21.295887
v -31.466904 3.574472 21.295887
v -31.337795 6.659869 21.295887
v -30.869717 9.710641 21.339043
v 30.930489 -2.115983 21.243763
v 30.201374 -5.119199 21.243763
v 29.181404 -8.036488 21.243763
v 27.880402 -10.839754 21.243763
v 26.310894 -13.502002 21.243763
v 24.487999 -15.997592 21.243763
v 22.429272 -18.302488 21.243763
v 20.154537 -20.394497 21.243763
v 17.685703 -22.253469 21.243761
v 15.046548 -23.861500 21.243761
v 12.262485 -25.203108 21.243761
v 9.360328 -26.265369 21.243761
v 6.368026 -27.038052 21.243761
v 3.314396 -27.513720 21.243761
v 0.228847 -27.687788 21.243761
v -2.858906 -27.558582 21.243761
v -5.919127 -27.127344 21.243761
v -8.922342 -26.398230 21.243761
v -11.839631 -25.378260 21.243761
v -14.642898 -24.077257 21.243761
v -17.305145 -22.507750 21.243761
v -19.800735 -20.684855 21.243763
v -22.105633 -18.626127 21.243763
v -24.197641 -16.351393 21.243763
v -26.056614 -13.882560 21.243763
v -27.664644 -11.243404 21.243763
v -29.006252 -8.459341 21.243763
v -30.068514 -5.557184 21.243763
v -30.841196 -2.564882 21.243763
v -31.316864 0.488748 21.243763
v -31.490932 3.574297 21.243763
v -31.361727 6.662050 21.243763
v -30.906887 9.717753 21.295887
v 30.938578 -2.117531 21.186962
v 29.189035 -8.039584 21.186962
v 29.844215 -6.275188 21.186962
v 28.193913 -10.245105 21.186962
v 27.887691 -10.843584 21.186962
v 24.494404 -16.002769 21.186962
v 26.018410 -13.953330 21.186962
v 23.358234 -17.330784 21.186962
v 22.435137 -18.308270 21.186962
v 20.262938 -20.314554 21.186962
v 20.159807 -20.400826 21.186962
v 15.050483 -23.868736 21.186960
v 16.790182 -22.849056 21.186960
v 13.004656 -24.887079 21.186960
v 12.265692 -25.210693 21.186960
v 6.369691 -27.046118 21.186960
v 8.976879 -26.390657 21.186960
v 4.781879 -27.331781 21.186960
v 3.315263 -27.521910 21.186960
v 0.497801 -27.692921 21.186960
v 0.228907 -27.696024 21.186960
v -5.920675 -27.135433 21.186960
v -3.795549 -27.467350 21.186960
v -8.018195 -26.659267 21.186960
v -8.924676 -26.406128 21.186960
v -14.646728 -24.084547 21.186960
v -12.091478 -25.283728 21.186960
v -17.309671 -22.514631 21.186960
v -15.939519 -23.366356 21.186960
v -19.490639 -20.942867 21.186962
v -19.805914 -20.691259 21.186962
v -24.203970 -16.356663 21.186962
v -22.678682 -18.058405 21.186962
v -25.444265 -14.766707 21.186962
v -26.063429 -13.887185 21.186962
v -29.013838 -8.462548 21.186962
v -27.735870 -11.129086 21.186962
v -30.076378 -5.559632 21.186962
v -29.510809 -7.213305 21.186962
v -30.736017 -3.092310 21.186962
v -30.849262 -2.566547 21.186962
v -31.499168 3.574237 21.186962
v -31.388672 1.157135 21.186962
v -31.456614 5.455871 21.186962
v -31.369928 6.662798 21.186962
v -30.930489 9.722271 21.243763
v -30.938578 9.723819 21.186962
v -31.325054 0.487881 21.186962
v -27.671881 -11.247339 21.186962
v -22.111414 -18.631992 21.186962
v -11.842728 -25.385891 21.186960
v -2.859654 -27.566784 21.186960
v 9.362776 -26.273233 21.186960
v 17.690329 -22.260284 21.186960
v 26.317776 -13.506528 21.186962
v 30.209272 -5.121532 21.186962
v -28.845692 15.506568 21.291462
v -29.853928 12.622841 21.291462
v -27.559654 18.277586 21.291462
v -24.206282 23.376085 21.291464
v -26.008204 20.909206 21.291462
v -22.171238 25.654467 21.291464
v -17.482241 29.559994 21.291464
v -19.922672 27.722408 21.291464
v -14.873447 31.149527 21.291464
v -9.252643 33.525738 21.291464
v -12.121413 32.475700 21.291464
v -6.294766 34.289536 21.291464
v -0.226214 34.931797 21.291464
v -3.276266 34.759731 21.291464
v 2.826016 34.804077 21.291464
v 5.851031 34.377800 21.291464
v 11.703424 32.648838 21.291464
v 8.819697 33.657074 21.291464
v 14.474441 31.362799 21.291464
v 19.572941 28.009426 21.291464
v 17.106062 29.811348 21.291464
v 21.851322 25.974382 21.291464
v 25.756849 21.285385 21.291462
v 23.919264 23.725817 21.291464
v 27.346382 18.676592 21.291462
v 29.722593 13.055786 21.291462
v 28.672554 15.924557 21.291462
v 30.486389 10.097910 21.291462
v 31.128651 4.029358 21.291462
v 30.956585 7.079410 21.291462
v 31.000931 0.977128 21.291462
v -29.889126 12.633239 21.335590
v -28.879700 15.520367 21.335590
v -27.592148 18.294651 21.335590
v -26.038868 20.929373 21.335590
v -24.234819 23.399162 21.335592
v -22.197376 25.680229 21.335592
v -19.946161 27.750608 21.335592
v -17.502853 29.590361 21.335592
v -14.890983 31.181767 21.335592
v -12.135704 32.509506 21.335592
v -9.263552 33.560783 21.335592
v -6.302187 34.325478 21.335592
v -3.280129 34.796227 21.335592
v -0.226481 34.968498 21.335592
v 2.829348 34.840626 21.335592
v 5.857929 34.413849 21.335592
v 8.830095 33.692272 21.335592
v 11.717223 32.682846 21.335592
v 14.491507 31.395292 21.335592
v 17.126228 29.842012 21.335592
v 19.596018 28.037964 21.335592
v 21.877085 26.000521 21.335592
v 23.947464 23.749306 21.335592
v 25.787216 21.305998 21.335590
v 27.378622 18.694128 21.335590
v 28.706360 15.938848 21.335590
v 29.757639 13.066695 21.335590
v 30.522333 10.105330 21.335590
v 30.993082 7.083273 21.335590
v 31.165352 4.029625 21.335590
v 31.037479 0.973796 21.335590
v -29.934895 12.646761 21.367477
v -28.923923 15.538308 21.367477
v -27.634399 18.316841 21.367477
v -26.078741 20.955599 21.367477
v -24.271931 23.429169 21.367479
v -22.231367 25.713730 21.367479
v -19.976704 27.787279 21.367479
v -17.529655 29.629848 21.367479
v -14.913785 31.223692 21.367479
v -12.154287 32.553463 21.367479
v -9.277737 33.606350 21.367479
v -6.311838 34.372215 21.367479
v -3.285152 34.843685 21.367479
v -0.226828 35.016220 21.367479
v 2.833681 34.888153 21.367479
v 5.866899 34.460720 21.367479
v 8.843617 33.738041 21.367479
v 11.735165 32.727070 21.367479
v 14.513697 31.437544 21.367479
v 17.152454 29.881886 21.367479
v 19.626024 28.075075 21.367479
v 21.910585 26.034512 21.367479
v 23.984135 23.779848 21.367479
v 25.826704 21.332800 21.367477
v 27.420547 18.716930 21.367477
v 28.750317 15.957431 21.367477
v 29.803205 13.080880 21.367477
v 30.569071 10.114982 21.367477
v 31.040541 7.088296 21.367477
v 31.213074 4.029972 21.367477
v 31.085007 0.969463 21.367477
v -29.987463 12.662291 21.384499
v -28.974716 15.558916 21.384499
v -27.682928 18.342329 21.384499
v -26.124538 20.985720 21.384499
v -24.314554 23.463634 21.384501
v -22.270409 25.752207 21.384501
v -20.011786 27.829397 21.384501
v -17.560438 29.675203 21.384501
v -14.939975 31.271845 21.384501
v -12.175632 32.603951 21.384501
v -9.294030 33.658688 21.384501
v -6.322922 34.425900 21.384501
v -3.290921 34.898197 21.384501
v -0.227226 35.071033 21.384501
v 2.838657 34.942741 21.384501
v 5.877202 34.514557 21.384501
v 8.859147 33.790607 21.384501
v 11.755773 32.777863 21.384501
v 14.539185 31.486073 21.384501
v 17.182575 29.927683 21.384501
v 19.660490 28.117699 21.384501
v 21.949062 26.073553 21.384501
v 24.026253 23.814930 21.384501
v 25.872059 21.363583 21.384499
v 27.468700 18.743120 21.384499
v 28.800806 15.978776 21.384499
v 29.855543 13.097174 21.384499
v 30.622753 10.126066 21.384499
v 31.095053 7.094065 21.384499
v 31.267887 4.030370 21.384499
v 31.139597 0.964487 21.384499
v -30.042503 12.678552 21.385250
v -29.027899 15.580494 21.385250
v -27.733740 18.369017 21.385250
v -26.172487 21.017258 21.385250
v -24.359182 23.499720 21.385252
v -22.311283 25.792494 21.385252
v -20.048515 27.873497 21.385252
v -17.592670 29.722689 21.385252
v -14.967397 31.322264 21.385252
v -12.197980 32.656815 21.385252
v -9.311089 33.713486 21.385252
v -6.334527 34.482105 21.385252
v -3.296961 34.955269 21.385252
v -0.227643 35.128422 21.385252
v 2.843867 34.999897 21.385252
v 5.887990 34.570927 21.385252
v 8.875408 33.845650 21.385252
v 11.777350 32.831043 21.385252
v 14.565871 31.536884 21.385252
v 17.214113 29.975632 21.385252
v 19.696575 28.162327 21.385252
v 21.989349 26.114428 21.385252
v 24.070353 23.851660 21.385252
v 25.919544 21.395815 21.385250
v 27.519119 18.770542 21.385250
v 28.853668 16.001125 21.385250
v 29.910341 13.114232 21.385250
v 30.678961 10.137671 21.385250
v 31.152124 7.100105 21.385250
v 31.325277 4.030787 21.385250
v 31.196751 0.959277 21.385250
v -30.095482 12.694202 21.369671
v -29.079088 15.601262 21.369671
v -27.782646 18.394701 21.369671
v -26.218641 21.047615 21.369671
v -24.402140 23.534454 21.369673
v -22.350630 25.831270 21.369673
v -20.083872 27.915943 21.369673
v -17.623693 29.768398 21.369673
v -14.993791 31.370792 21.369673
v -12.219490 32.707695 21.369673
v -9.327509 33.766232 21.369673
v -6.345698 34.536209 21.369673
v -3.302775 35.010208 21.369673
v -0.228044 35.183666 21.369673
v 2.848882 35.054909 21.369673
v 5.898373 34.625187 21.369673
v 8.891059 33.898628 21.369673
v 11.798119 32.882233 21.369673
v 14.591557 31.585791 21.369673
v 17.244471 30.021786 21.369673
v 19.731310 28.205284 21.369673
v 22.028126 26.153774 21.369673
v 24.112799 23.887016 21.369673
v 25.965254 21.426838 21.369671
v 27.567648 18.796936 21.369671
v 28.904551 16.022635 21.369671
v 29.963085 13.130652 21.369671
v 30.733063 10.148842 21.369671
v 31.207062 7.105919 21.369671
v 31.380520 4.031188 21.369671
v 31.251764 0.954262 21.369671
v -30.142035 12.707955 21.339043
v -29.124069 15.619513 21.339043
v -27.825623 18.417273 21.339043
v -26.259199 21.074289 21.339043
v -24.439884 23.564976 21.339045
v -22.385202 25.865345 21.339045
v -20.114939 27.953243 21.339045
v -17.650955 29.808561 21.339045
v -15.016985 31.413435 21.339045
v -12.238392 32.752407 21.339045
v -9.341937 33.812580 21.339045
v -6.355514 34.583748 21.339045
v -3.307884 35.058479 21.339045
v -0.228397 35.232204 21.339045
v 2.853289 35.103252 21.339045
v 5.907497 34.672863 21.339045
v 8.904812 33.945179 21.339045
v 11.816369 32.927216 21.339045
v 14.614128 31.628767 21.339045
v 17.271145 30.062344 21.339045
v 19.761831 28.243029 21.339045
v 22.062201 26.188347 21.339045
v 24.150099 23.918083 21.339045
v 26.005417 21.454100 21.339043
v 27.610291 18.820129 21.339043
v 28.949261 16.041536 21.339043
v 30.009436 13.145081 21.339043
v 30.780602 10.158658 21.339043
v 31.255333 7.111028 21.339043
v 31.429060 4.031541 21.339043
v 31.300106 0.949855 21.339043
v -30.178329 12.718678 21.295887
v -29.159138 15.633740 21.295887
v -27.859125 18.434870 21.295887
v -26.290817 21.095085 21.295887
v -24.469313 23.588770 21.295889
v -22.412155 25.891909 21.295889
v -20.139158 27.982321 21.295889
v -17.672209 29.839874 21.295889
v -15.035066 31.446680 21.295889
v -12.253128 32.787266 21.295889
v -9.353185 33.848713 21.295889
v -6.363167 34.620808 21.295889
v -3.311867 35.096115 21.295889
v -0.228672 35.270050 21.295889
v 2.856725 35.140942 21.295889
v 5.914610 34.710033 21.295889
v 8.915534 33.981476 21.295889
v 11.830597 32.962284 21.295889
v 14.631725 31.662270 21.295889
v 17.291941 30.093962 21.295889
v 19.785625 28.272457 21.295889
v 22.088764 26.215300 21.295889
v 24.179176 23.942303 21.295889
v 26.036730 21.475353 21.295887
v 27.643536 18.838211 21.295887
v 28.984119 16.056273 21.295887
v 30.045568 13.156328 21.295887
v 30.817663 10.166310 21.295887
v 31.292969 7.115011 21.295887
v 31.466904 4.031816 21.295887
v 31.337795 0.946419 21.295887
v -30.201374 12.725486 21.243763
v -29.181404 15.642775 21.243763
v -27.880402 18.446043 21.243763
v -26.310894 21.108290 21.243763
v -24.487999 23.603880 21.243765
v -22.429272 25.908777 21.243765
v -20.154537 28.000786 21.243765
v -17.685703 29.859758 21.243765
v -15.046548 31.467789 21.243765
v -12.262485 32.809399 21.243765
v -9.360328 33.871658 21.243765
v -6.368026 34.644341 21.243765
v -3.314396 35.120010 21.243765
v -0.228847 35.294079 21.243765
v 2.858906 35.164871 21.243765
v 5.919127 34.733635 21.243765
v 8.922342 34.004520 21.243765
v 11.839631 32.984550 21.243765
v 14.642898 31.683546 21.243765
v 17.305145 30.114038 21.243765
v 19.800735 28.291143 21.243765
v 22.105633 26.232416 21.243765
v 24.197641 23.957682 21.243765
v 26.056614 21.488848 21.243763
v 27.664644 18.849693 21.243763
v 29.006252 16.065630 21.243763
v 30.068514 13.163471 21.243763
v 30.841196 10.171169 21.243763
v 31.316864 7.117539 21.243763
v 31.490932 4.031991 21.243763
v 31.361727 0.944238 21.243763
v -29.189035 15.645871 21.186962
v -29.844215 13.881475 21.186962
v -28.193913 17.851393 21.186962
v -27.887691 18.449873 21.186962
v -24.494404 23.609058 21.186964
v -26.018410 21.559618 21.186962
v -23.358234 24.937073 21.186964
v -22.435137 25.914558 21.186964
v -20.262938 27.920843 21.186964
v -20.159807 28.007114 21.186964
v -15.050483 31.475025 21.186964
v -16.790182 30.455345 21.186964
v -13.004656 32.493370 21.186964
v -12.265692 32.816982 21.186964
v -6.369691 34.652409 21.186964
v -8.976879 33.996948 21.186964
v -4.781879 34.938072 21.186964
v -3.315263 35.128201 21.186964
v -0.497801 35.299210 21.186964
v -0.228907 35.302315 21.186964
v 5.920675 34.741722 21.186964
v 3.795549 35.073639 21.186964
v 8.018195 34.265556 21.186964
v 8.924676 34.012417 21.186964
v 14.646728 31.690836 21.186964
v 12.091478 32.890018 21.186964
v 17.309671 30.120920 21.186964
v 15.939519 30.972645 21.186964
v 19.490639 28.549156 21.186964
v 19.805914 28.297548 21.186964
v 24.203970 23.962952 21.186964
v 22.678682 25.664694 21.186964
v 25.444265 22.372995 21.186964
v 26.063429 21.493473 21.186962
v 29.013838 16.068836 21.186962
v 27.735870 18.735374 21.186962
v 30.076378 13.165919 21.186962
v 29.510809 14.819592 21.186962
v 30.736017 10.698598 21.186962
v 30.849262 10.172834 21.186962
v 31.499168 4.032051 21.186962
v 31.388672 6.449153 21.186962
v 31.456614 2.150417 21.186962
v 31.369928 0.943490 21.186962
v 31.325054 7.118407 21.186962
v 27.671881 18.853628 21.186962
v 22.111414 26.238281 21.186964
v 11.842728 32.992180 21.186964
v 2.859654 35.173073 21.186964
v -9.362776 33.879524 21.186964
v -17.690329 29.866573 21.186964
v -26.317776 21.112816 21.186962
v -30.209272 12.727819 21.186962
v 29.844215 -6.275188 15.583538
v 30.209272 -5.121532 15.583538
v 30.938578 -2.117531 15.583538
v 28.193913 -10.245105 15.583538
v 29.189035 -8.039584 15.583538
v 26.018410 -13.953330 15.583537
v 26.317776 -13.506528 15.583537
v 27.887691 -10.843584 15.583538
v 23.358234 -17.330784 15.583537
v 24.494404 -16.002769 15.583537
v 20.262938 -20.314554 15.583537
v 22.435137 -18.308270 15.583537
v 16.790182 -22.849056 15.583537
v 17.690329 -22.260284 15.583537
v 20.159807 -20.400826 15.583537
v 13.004656 -24.887079 15.583537
v 15.050483 -23.868736 15.583537
v 8.976879 -26.390657 15.583537
v 9.362776 -26.273233 15.583537
v 12.265692 -25.210693 15.583537
v 4.781879 -27.331781 15.583537
v 6.369691 -27.046118 15.583537
v 0.497801 -27.692921 15.583537
v 3.315263 -27.521910 15.583537
v -3.795549 -27.467350 15.583537
v -2.859654 -27.566784 15.583537
v 0.228907 -27.696024 15.583537
v -8.018195 -26.659267 15.583537
v -5.920675 -27.135433 15.583537
v -12.091478 -25.283728 15.583537
v -11.842728 -25.385891 15.583537
v -8.924676 -26.406128 15.583537
v -15.939519 -23.366356 15.583537
v -14.646728 -24.084547 15.583537
v -19.490639 -20.942867 15.583537
v -17.309671 -22.514631 15.583537
v -22.678682 -18.058405 15.583537
v -22.111414 -18.631992 15.583537
v -19.805914 -20.691259 15.583537
v -25.444265 -14.766707 15.583537
v -24.203970 -16.356663 15.583537
v -27.735870 -11.129086 15.583537
v -27.671881 -11.247339 15.583537
v -26.063429 -13.887185 15.583537
v -29.510809 -7.213305 15.583538
v -29.013838 -8.462548 15.583538
v -30.736017 -3.092310 15.583538
v -30.076378 -5.559632 15.583538
v -31.388672 1.157135 15.583538
v -31.325054 0.487881 15.583538
v -30.849262 -2.566547 15.583538
v -31.456614 5.455871 15.583538
v -31.499168 3.574237 15.583538
v -31.369928 6.662798 15.583538
v -30.938578 9.723819 15.583538
v -29.844215 13.881475 15.583539
v -30.209272 12.727819 15.583539
v -28.193913 17.851393 15.583539
v -29.189035 15.645871 15.583539
v -26.018410 21.559618 15.583539
v -26.317776 21.112816 15.583539
v -27.887691 18.449873 15.583539
v -23.358234 24.937073 15.583539
v -24.494404 23.609058 15.583539
v -20.262938 27.920843 15.583539
v -22.435137 25.914558 15.583539
v -16.790182 30.455345 15.583539
v -17.690329 29.866573 15.583539
v -20.159807 28.007114 15.583539
v -13.004656 32.493370 15.583539
v -15.050483 31.475025 15.583539
v -8.976879 33.996948 15.583540
v -9.362776 33.879524 15.583540
v -12.265692 32.816982 15.583540
v -4.781879 34.938072 15.583540
v -6.369691 34.652409 15.583540
v -0.497801 35.299210 15.583540
v -3.315263 35.128201 15.583540
v 3.795549 35.073639 15.583540
v 2.859654 35.173073 15.583540
v -0.228907 35.302315 15.583540
v 8.018195 34.265556 15.583540
v 5.920675 34.741722 15.583540
v 12.091478 32.890018 15.583540
v 11.842728 32.992180 15.583540
v 8.924676 34.012417 15.583540
v 15.939519 30.972645 15.583539
v 14.646728 31.690836 15.583539
v 19.490639 28.549156 15.583539
v 17.309671 30.120920 15.583539
v 22.678682 25.664694 15.583539
v 22.111414 26.238281 15.583539
v 19.805914 28.297548 15.583539
v 25.444265 22.372995 15.583539
v 24.203970 23.962952 15.583539
v 27.735870 18.735374 15.583539
v 27.671881 18.853628 15.583539
v 26.063429 21.493473 15.583539
v 29.510809 14.819592 15.583539
v 29.013838 16.068836 15.583539
v 30.736017 10.698598 15.583538
v 30.076378 13.165919 15.583539
v 31.388672 6.449153 15.583538
v 31.325054 7.118407 15.583538
v 30.849262 10.172834 15.583538
v 31.456614 2.150417 15.583538
v 31.499168 4.032051 15.583538
v 31.369928 0.943490 15.583538
v 30.930489 -2.115983 15.526737
v 29.181404 -8.036488 15.526737
v 30.201374 -5.119198 15.526737
v 27.880402 -10.839754 15.526737
v 24.487999 -15.997592 15.526736
v 26.310894 -13.502002 15.526736
v 22.429272 -18.302488 15.526736
v 20.154537 -20.394497 15.526736
v 15.046548 -23.861500 15.526736
v 17.685703 -22.253469 15.526736
v 12.262485 -25.203108 15.526736
v 6.368026 -27.038052 15.526736
v 9.360328 -26.265369 15.526736
v 3.314396 -27.513720 15.526736
v 0.228847 -27.687788 15.526736
v -5.919127 -27.127344 15.526736
v -2.858906 -27.558582 15.526736
v -8.922342 -26.398230 15.526736
v -14.642898 -24.077257 15.526736
v -11.839631 -25.378260 15.526736
v -17.305145 -22.507750 15.526736
v -19.800735 -20.684855 15.526736
v -24.197641 -16.351393 15.526736
v -22.105633 -18.626127 15.526736
v -26.056614 -13.882560 15.526736
v -29.006252 -8.459341 15.526737
v -27.664644 -11.243404 15.526736
v -30.068514 -5.557184 15.526737
v -30.841196 -2.564882 15.526737
v -31.490932 3.574297 15.526737
v -31.316864 0.488748 15.526737
v -31.361727 6.662050 15.526737
v 30.906887 -2.111466 15.474609
v 30.178329 -5.112390 15.474609
v 29.159138 -8.027453 15.474609
v 27.859125 -10.828582 15.474609
v 26.290817 -13.488797 15.474608
v 24.469313 -15.982482 15.474608
v 22.412155 -18.285620 15.474608
v 20.139158 -20.376032 15.474608
v 17.672209 -22.233585 15.474608
v 15.035066 -23.840391 15.474608
v 12.253128 -25.180975 15.474608
v 9.353185 -26.242424 15.474608
v 6.363167 -27.014519 15.474608
v 3.311867 -27.489824 15.474608
v 0.228672 -27.663759 15.474608
v -2.856725 -27.534651 15.474608
v -5.914610 -27.103743 15.474608
v -8.915534 -26.375185 15.474608
v -11.830597 -25.355993 15.474608
v -14.631725 -24.055981 15.474608
v -17.291941 -22.487673 15.474608
v -19.785625 -20.666168 15.474608
v -22.088764 -18.609011 15.474608
v -24.179176 -16.336014 15.474608
v -26.036730 -13.869065 15.474608
v -27.643536 -11.231922 15.474608
v -28.984119 -8.449985 15.474609
v -30.045568 -5.550041 15.474609
v -30.817663 -2.560023 15.474609
v -31.292969 0.491277 15.474609
v -31.466904 3.574472 15.474609
v -31.337795 6.659869 15.474609
v -30.930489 9.722271 15.526737
v 30.869717 -2.104353 15.431458
v 30.142035 -5.101668 15.431458
v 29.124069 -8.013226 15.431458
v 27.825623 -10.810985 15.431458
v 26.259199 -13.468001 15.431457
v 24.439884 -15.958688 15.431457
v 22.385202 -18.259056 15.431457
v 20.114939 -20.346954 15.431457
v 17.650955 -22.202272 15.431457
v 15.016985 -23.807146 15.431457
v 12.238392 -25.146116 15.431457
v 9.341937 -26.206291 15.431457
v 6.355514 -26.977457 15.431457
v 3.307884 -27.452188 15.431457
v 0.228397 -27.625916 15.431457
v -2.853289 -27.496962 15.431457
v -5.907497 -27.066572 15.431457
v -8.904812 -26.338890 15.431457
v -11.816369 -25.320925 15.431457
v -14.614128 -24.022478 15.431457
v -17.271145 -22.456055 15.431457
v -19.761831 -20.636740 15.431457
v -22.062201 -18.582058 15.431457
v -24.150099 -16.311794 15.431457
v -26.005417 -13.847812 15.431457
v -27.610291 -11.213841 15.431457
v -28.949261 -8.435248 15.431458
v -30.009436 -5.538793 15.431458
v -30.780602 -2.552370 15.431458
v -31.255333 0.495260 15.431458
v -31.429060 3.574747 15.431458
v -31.300106 6.656433 15.431458
v -30.906887 9.717753 15.474609
v 30.822041 -2.095229 15.400829
v 30.095482 -5.087915 15.400829
v 29.079088 -7.994975 15.400829
v 27.782646 -10.788413 15.400829
v 26.218641 -13.441327 15.400828
v 24.402140 -15.928166 15.400828
v 22.350630 -18.224981 15.400828
v 20.083872 -20.309654 15.400828
v 17.623693 -22.162109 15.400828
v 14.993791 -23.764503 15.400828
v 12.219490 -25.101406 15.400828
v 9.327509 -26.159941 15.400828
v 6.345698 -26.929918 15.400828
v 3.302775 -27.403917 15.400828
v 0.228044 -27.577375 15.400828
v -2.848882 -27.448620 15.400828
v -5.898373 -27.018896 15.400828
v -8.891059 -26.292337 15.400828
v -11.798119 -25.275944 15.400828
v -14.591557 -23.979502 15.400828
v -17.244471 -22.415497 15.400828
v -19.731310 -20.598995 15.400828
v -22.028126 -18.547485 15.400828
v -24.112799 -16.280727 15.400828
v -25.965254 -13.820550 15.400828
v -27.567648 -11.190647 15.400828
v -28.904551 -8.416347 15.400829
v -29.963085 -5.524365 15.400829
v -30.733063 -2.542554 15.400829
v -31.207062 0.500369 15.400829
v -31.380520 3.575100 15.400829
v -31.251764 6.652026 15.400829
v -30.869717 9.710641 15.431458
v 30.767782 -2.084846 15.385250
v 30.042503 -5.072264 15.385250
v 29.027899 -7.974206 15.385250
v 27.733740 -10.762728 15.385250
v 26.172487 -13.410970 15.385249
v 24.359182 -15.893432 15.385249
v 22.311283 -18.186205 15.385249
v 20.048515 -20.267208 15.385249
v 17.592670 -22.116400 15.385249
v 14.967397 -23.715975 15.385249
v 12.197980 -25.050524 15.385249
v 9.311089 -26.107197 15.385249
v 6.334527 -26.875816 15.385249
v 3.296961 -27.348980 15.385249
v 0.227643 -27.522133 15.385249
v -2.843867 -27.393606 15.385249
v -5.887990 -26.964638 15.385249
v -8.875408 -26.239359 15.385249
v -11.777350 -25.224754 15.385249
v -14.565871 -23.930595 15.385249
v -17.214113 -22.369343 15.385249
v -19.696575 -20.556038 15.385249
v -21.989349 -18.508139 15.385249
v -24.070353 -16.245371 15.385249
v -25.919544 -13.789527 15.385249
v -27.519119 -11.164253 15.385249
v -28.853668 -8.394836 15.385250
v -29.910341 -5.507945 15.385250
v -30.678961 -2.531383 15.385250
v -31.152124 0.506183 15.385250
v -31.325277 3.575501 15.385250
v -31.196751 6.647011 15.385250
v -30.822041 9.701517 15.400829
v 30.711412 -2.074058 15.386002
v 29.987463 -5.056003 15.386002
v 28.974716 -7.952629 15.386002
v 27.682928 -10.736041 15.386002
v 26.124538 -13.379432 15.386001
v 24.314554 -15.857347 15.386001
v 22.270409 -18.145918 15.386001
v 20.011786 -20.223108 15.386001
v 17.560438 -22.068914 15.386001
v 14.939975 -23.665556 15.386001
v 12.175632 -24.997662 15.386001
v 9.294030 -26.052399 15.386001
v 6.322922 -26.819609 15.386001
v 3.290921 -27.291908 15.386001
v 0.227226 -27.464743 15.386001
v -2.838657 -27.336452 15.386001
v -5.877202 -26.908268 15.386001
v -8.859147 -26.184319 15.386001
v -11.755773 -25.171572 15.386001
v -14.539185 -23.879784 15.386001
v -17.182575 -22.321394 15.386001
v -19.660490 -20.511410 15.386001
v -21.949062 -18.467264 15.386001
v -24.026253 -16.208641 15.386001
v -25.872059 -13.757295 15.386001
v -27.468700 -11.136831 15.386001
v -28.800806 -8.372489 15.386002
v -29.855543 -5.490886 15.386002
v -30.622753 -2.519778 15.386002
v -31.095053 0.512223 15.386002
v -31.267887 3.575918 15.386002
v -31.139597 6.641801 15.386002
v -30.767782 9.691133 15.385250
v 30.657576 -2.063755 15.403023
v 29.934895 -5.040473 15.403023
v 28.923923 -7.932021 15.403023
v 27.634399 -10.710553 15.403023
v 26.078741 -13.349311 15.403022
v 24.271931 -15.822881 15.403022
v 22.231367 -18.107441 15.403022
v 19.976704 -20.180990 15.403022
v 17.529655 -22.023560 15.403022
v 14.913785 -23.617403 15.403022
v 12.154287 -24.947172 15.403022
v 9.277737 -26.000061 15.403022
v 6.311838 -26.765926 15.403022
v 3.285152 -27.237396 15.403022
v 0.226828 -27.409929 15.403022
v -2.833681 -27.281862 15.403022
v -5.866899 -26.854431 15.403022
v -8.843617 -26.131750 15.403022
v -11.735165 -25.120779 15.403022
v -14.513697 -23.831255 15.403022
v -17.152454 -22.275597 15.403022
v -19.626024 -20.468786 15.403022
v -21.910585 -18.428223 15.403022
v -23.984135 -16.173559 15.403022
v -25.826704 -13.726512 15.403022
v -27.420547 -11.110641 15.403022
v -28.750317 -8.351144 15.403023
v -29.803205 -5.474593 15.403023
v -30.569071 -2.508694 15.403023
v -31.040541 0.517992 15.403023
v -31.213074 3.576316 15.403023
v -31.085007 6.636825 15.403023
v -30.711412 9.680346 15.386002
v 30.610703 -2.054785 15.434910
v 29.889126 -5.026951 15.434910
v 28.879700 -7.914079 15.434910
v 27.592148 -10.688363 15.434910
v 26.038868 -13.323085 15.434909
v 24.234819 -15.792874 15.434909
v 22.197376 -18.073940 15.434909
v 19.946161 -20.144320 15.434909
v 17.502853 -21.984072 15.434909
v 14.890983 -23.575478 15.434909
v 12.135704 -24.903215 15.434909
v 9.263552 -25.954494 15.434909
v 6.302187 -26.719189 15.434909
v 3.280129 -27.189938 15.434909
v 0.226481 -27.362207 15.434909
v -2.829348 -27.234335 15.434909
v -5.857929 -26.807558 15.434909
v -8.830095 -26.085981 15.434909
v -11.717223 -25.076555 15.434909
v -14.491507 -23.789003 15.434909
v -17.126228 -22.235723 15.434909
v -19.596018 -20.431675 15.434909
v -21.877085 -18.394232 15.434909
v -23.947464 -16.143017 15.434909
v -25.787216 -13.699710 15.434909
v -27.378622 -11.087839 15.434909
v -28.706360 -8.332561 15.434910
v -29.757639 -5.460408 15.434910
v -30.522333 -2.499043 15.434910
v -30.993082 0.523015 15.434910
v -31.165352 3.576663 15.434910
v -31.037479 6.632493 15.434910
v -30.657576 9.670043 15.403023
v 30.574654 -2.047887 15.479038
v 29.853928 -5.016553 15.479038
v 28.845692 -7.900280 15.479038
v 27.559654 -10.671297 15.479038
v 26.008204 -13.302918 15.479037
v 24.206282 -15.769797 15.479037
v 22.171238 -18.048178 15.479037
v 19.922672 -20.116119 15.479037
v 17.482241 -21.953705 15.479037
v 14.873447 -23.543238 15.479037
v 12.121413 -24.869410 15.479037
v 9.252643 -25.919449 15.479037
v 6.294766 -26.683245 15.479037
v 3.276266 -27.153440 15.479037
v 0.226214 -27.325506 15.479037
v -2.826016 -27.197786 15.479037
v -5.851031 -26.771509 15.479037
v -8.819697 -26.050783 15.479037
v -11.703424 -25.042547 15.479037
v -14.474441 -23.756510 15.479037
v -17.106062 -22.205059 15.479037
v -19.572941 -20.403137 15.479037
v -21.851322 -18.368093 15.479037
v -23.919264 -16.119528 15.479037
v -25.756849 -13.679097 15.479037
v -27.346382 -11.070304 15.479037
v -28.672554 -8.318270 15.479038
v -29.722593 -5.449499 15.479038
v -30.486389 -2.491622 15.479038
v -30.956585 0.526878 15.479038
v -31.128651 3.576930 15.479038
v -31.000931 6.629160 15.479038
v -30.610703 9.661073 15.434910
v 30.552401 -2.043628 15.531773
v 28.824696 -7.891762 15.531773
v 29.409340 -6.332177 15.531773
v 27.667587 -10.414399 15.531773
v 27.539597 -10.660763 15.531773
v 24.188662 -15.755551 15.531772
v 25.362604 -14.207194 15.531772
v 22.541311 -17.633348 15.531772
v 22.155100 -18.032274 15.531772
v 17.469517 -21.934958 15.531772
v 19.261143 -20.623119 15.531772
v 15.588872 -23.115641 15.531772
v 14.862622 -23.523333 15.531772
v 9.245909 -25.897816 15.531772
v 11.599257 -25.060175 15.531772
v 7.373515 -26.417133 15.531772
v 6.290184 -26.661055 15.531772
v 0.226049 -27.302849 15.531772
v 2.997669 -27.158895 15.531772
v -1.439201 -27.270359 15.531772
v -2.823960 -27.175222 15.531772
v -5.846772 -26.749256 15.531772
v -11.694906 -25.021551 15.531772
v -10.135321 -25.606195 15.531772
v -14.217543 -23.864443 15.531772
v -14.463906 -23.736452 15.531772
v -19.558695 -20.385517 15.531772
v -18.010338 -21.559460 15.531772
v -21.436493 -18.738167 15.531772
v -21.835419 -18.351955 15.531772
v -25.738102 -13.666373 15.531772
v -24.426264 -15.457999 15.531772
v -26.918785 -11.785728 15.531772
v -27.326477 -11.059479 15.531772
v -29.700960 -5.442765 15.531773
v -28.863319 -7.796113 15.531773
v -30.220278 -3.570371 15.531773
v -30.464199 -2.487040 15.531773
v -31.105993 3.577095 15.531773
v -30.962040 0.805475 15.531773
v -31.073503 5.242345 15.531773
v -30.978367 6.627104 15.531773
v -30.574654 9.654175 15.479038
v -30.552401 9.649916 15.531773
v -30.934053 0.529263 15.531773
v -28.651686 -8.309447 15.531773
v -23.901854 -16.105028 15.531772
v -17.093611 -22.186131 15.531772
v -8.813277 -26.029055 15.531772
v 3.273881 -27.130909 15.531772
v 12.112591 -24.848541 15.531772
v 19.908173 -20.098709 15.531772
v 25.989275 -13.290467 15.531772
v 29.832199 -5.010133 15.531773
v -29.181404 15.642775 15.526738
v -30.201374 12.725486 15.526738
v -27.880402 18.446043 15.526738
v -24.487999 23.603880 15.526738
v -26.310894 21.108290 15.526738
v -22.429272 25.908777 15.526738
v -20.154537 28.000786 15.526738
v -15.046548 31.467789 15.526738
v -17.685703 29.859758 15.526738
v -12.262485 32.809399 15.526739
v -6.368026 34.644341 15.526739
v -9.360328 33.871658 15.526739
v -3.314396 35.120010 15.526739
v -0.228847 35.294079 15.526739
v 5.919127 34.733635 15.526739
v 2.858906 35.164871 15.526739
v 8.922342 34.004520 15.526739
v 14.642898 31.683546 15.526738
v 11.839631 32.984550 15.526739
v 17.305145 30.114038 15.526738
v 19.800735 28.291143 15.526738
v 24.197641 23.957682 15.526738
v 22.105633 26.232416 15.526738
v 26.056614 21.488848 15.526738
v 29.006252 16.065630 15.526738
v 27.664644 18.849693 15.526738
v 30.068514 13.163471 15.526738
v 30.841196 10.171169 15.526737
v 31.490932 4.031991 15.526737
v 31.316864 7.117540 15.526737
v 31.361727 0.944238 15.526737
v -30.178329 12.718678 15.474610
v -29.159138 15.633740 15.474610
v -27.859125 18.434870 15.474610
v -26.290817 21.095085 15.474610
v -24.469313 23.588770 15.474610
v -22.412155 25.891909 15.474610
v -20.139158 27.982321 15.474610
v -17.672209 29.839874 15.474610
v -15.035066 31.446680 15.474610
v -12.253128 32.787266 15.474611
v -9.353185 33.848713 15.474611
v -6.363167 34.620808 15.474611
v -3.311867 35.096115 15.474611
v -0.228672 35.270050 15.474611
v 2.856725 35.140942 15.474611
v 5.914610 34.710033 15.474611
v 8.915534 33.981476 15.474611
v 11.830597 32.962284 15.474611
v 14.631725 31.662270 15.474610
v 17.291941 30.093962 15.474610
v 19.785625 28.272457 15.474610
v 22.088764 26.215300 15.474610
v 24.179176 23.942303 15.474610
v 26.036730 21.475353 15.474610
v 27.643536 18.838211 15.474610
v 28.984119 16.056273 15.474610
v 30.045568 13.156328 15.474610
v 30.817663 10.166310 15.474609
v 31.292969 7.115011 15.474609
v 31.466904 4.031816 15.474609
v 31.337795 0.946419 15.474609
v -30.142035 12.707955 15.431458
v -29.124069 15.619513 15.431458
v -27.825623 18.417273 15.431458
v -26.259199 21.074289 15.431458
v -24.439884 23.564976 15.431458
v -22.385202 25.865345 15.431458
v -20.114939 27.953243 15.431458
v -17.650955 29.808561 15.431458
v -15.016985 31.413435 15.431458
v -12.238392 32.752407 15.431459
v -9.341937 33.812580 15.431459
v -6.355514 34.583748 15.431459
v -3.307884 35.058479 15.431459
v -0.228397 35.232204 15.431459
v 2.853289 35.103252 15.431459
v 5.907497 34.672863 15.431459
v 8.904812 33.945179 15.431459
v 11.816369 32.927216 15.431459
v 14.614128 31.628767 15.431458
v 17.271145 30.062344 15.431458
v 19.761831 28.243029 15.431458
v 22.062201 26.188347 15.431458
v 24.150099 23.918083 15.431458
v 26.005417 21.454100 15.431458
v 27.610291 18.820129 15.431458
v 28.949261 16.041536 15.431458
v 30.009436 13.145081 15.431458
v 30.780602 10.158658 15.431458
v 31.255333 7.111028 15.431458
v 31.429060 4.031541 15.431458
v 31.300106 0.949855 15.431458
v -30.095482 12.694202 15.400830
v -29.079088 15.601262 15.400830
v -27.782646 18.394701 15.400830
v -26.218641 21.047615 15.400830
v -24.402140 23.534454 15.400830
v -22.350630 25.831270 15.400830
v -20.083872 27.915943 15.400830
v -17.623693 29.768398 15.400830
v -14.993791 31.370792 15.400830
v -12.219490 32.707695 15.400830
v -9.327509 33.766232 15.400831
v -6.345698 34.536209 15.400831
v -3.302775 35.010208 15.400831
v -0.228044 35.183666 15.400831
v 2.848882 35.054909 15.400831
v 5.898373 34.625187 15.400831
v 8.891059 33.898628 15.400831
v 11.798119 32.882233 15.400831
v 14.591557 31.585791 15.400830
v 17.244471 30.021786 15.400830
v 19.731310 28.205284 15.400830
v 22.028126 26.153774 15.400830
v 24.112799 23.887016 15.400830
v 25.965254 21.426838 15.400830
v 27.567648 18.796936 15.400830
v 28.904551 16.022635 15.400830
v 29.963085 13.130652 15.400830
v 30.733063 10.148842 15.400829
v 31.207062 7.105919 15.400829
v 31.380520 4.031188 15.400829
v 31.251764 0.954262 15.400829
v -30.042503 12.678552 15.385251
v -29.027899 15.580494 15.385251
v -27.733740 18.369017 15.385251
v -26.172487 21.017258 15.385251
v -24.359182 23.499720 15.385251
v -22.311283 25.792494 15.385251
v -20.048515 27.873497 15.385251
v -17.592670 29.722689 15.385251
v -14.967397 31.322264 15.385251
v -12.197980 32.656815 15.385251
v -9.311089 33.713486 15.385252
v -6.334527 34.482105 15.385252
v -3.296961 34.955269 15.385252
v -0.227643 35.128422 15.385252
v 2.843867 34.999897 15.385252
v 5.887990 34.570927 15.385252
v 8.875408 33.845650 15.385252
v 11.777350 32.831043 15.385252
v 14.565871 31.536884 15.385251
v 17.214113 29.975632 15.385251
v 19.696575 28.162327 15.385251
v 21.989349 26.114428 15.385251
v 24.070353 23.851660 15.385251
v 25.919544 21.395815 15.385251
v 27.519119 18.770542 15.385251
v 28.853668 16.001125 15.385251
v 29.910341 13.114232 15.385251
v 30.678961 10.137671 15.385250
v 31.152124 7.100105 15.385250
v 31.325277 4.030787 15.385250
v 31.196751 0.959277 15.385250
v -29.987463 12.662291 15.386003
v -28.974716 15.558916 15.386003
v -27.682928 18.342329 15.386003
v -26.124538 20.985720 15.386003
v -24.314554 23.463634 15.386003
v -22.270409 25.752207 15.386003
v -20.011786 27.829397 15.386003
v -17.560438 29.675203 15.386003
v -14.939975 31.271845 15.386003
v -12.175632 32.603951 15.386003
v -9.294030 33.658688 15.386003
v -6.322922 34.425900 15.386003
v -3.290921 34.898197 15.386003
v -0.227226 35.071033 15.386003
v 2.838657 34.942741 15.386003
v 5.877202 34.514557 15.386003
v 8.859147 33.790607 15.386003
v 11.755773 32.777863 15.386003
v 14.539185 31.486073 15.386003
v 17.182575 29.927683 15.386003
v 19.660490 28.117699 15.386003
v 21.949062 26.073553 15.386003
v 24.026253 23.814930 15.386003
v 25.872059 21.363583 15.386003
v 27.468700 18.743120 15.386003
v 28.800806 15.978776 15.386003
v 29.855543 13.097174 15.386003
v 30.622753 10.126066 15.386002
v 31.095053 7.094065 15.386002
v 31.267887 4.030370 15.386002
v 31.139597 0.964487 15.386002
v -29.934895 12.646761 15.403024
v -28.923923 15.538308 15.403024
v -27.634399 18.316841 15.403024
v -26.078741 20.955599 15.403024
v -24.271931 23.429169 15.403024
v -22.231367 25.713730 15.403024
v -19.976704 27.787279 15.403024
v -17.529655 29.629848 15.403024
v -14.913785 31.223692 15.403024
v -12.154287 32.553463 15.403024
v -9.277737 33.606350 15.403025
v -6.311838 34.372215 15.403025
v -3.285152 34.843685 15.403025
v -0.226828 35.016220 15.403025
v 2.833681 34.888153 15.403025
v 5.866899 34.460720 15.403025
v 8.843617 33.738041 15.403025
v 11.735165 32.727070 15.403025
v 14.513697 31.437544 15.403024
v 17.152454 29.881886 15.403024
v 19.626024 28.075075 15.403024
v 21.910585 26.034512 15.403024
v 23.984135 23.779848 15.403024
v 25.826704 21.332800 15.403024
v 27.420547 18.716930 15.403024
v 28.750317 15.957431 15.403024
v 29.803205 13.080880 15.403024
v 30.569071 10.114982 15.403023
v 31.040541 7.088296 15.403023
v 31.213074 4.029972 15.403023
v 31.085007 0.969463 15.403023
v -29.889126 12.633239 15.434911
v -28.879700 15.520367 15.434911
v -27.592148 18.294651 15.434911
v -26.038868 20.929373 15.434911
v -24.234819 23.399162 15.434911
v -22.197376 25.680229 15.434911
v -19.946161 27.750608 15.434911
v -17.502853 29.590361 15.434911
v -14.890983 31.181767 15.434911
v -12.135704 32.509506 15.434911
v -9.263552 33.560783 15.434912
v -6.302187 34.325478 15.434912
v -3.280129 34.796227 15.434912
v -0.226481 34.968498 15.434912
v 2.829348 34.840626 15.434912
v 5.857929 34.413849 15.434912
v 8.830095 33.692272 15.434912
v 11.717223 32.682846 15.434911
v 14.491507 31.395292 15.434911
v 17.126228 29.842012 15.434911
v 19.596018 28.037964 15.434911
v 21.877085 26.000521 15.434911
v 23.947464 23.749306 15.434911
v 25.787216 21.305998 15.434911
v 27.378622 18.694128 15.434911
v 28.706360 15.938848 15.434911
v 29.757639 13.066695 15.434911
v 30.522333 10.105330 15.434910
v 30.993082 7.083273 15.434910
v 31.165352 4.029625 15.434910
v 31.037479 0.973796 15.434910
v -29.853928 12.622841 15.479039
v -28.845692 15.506568 15.479039
v -27.559654 18.277586 15.479039
v -26.008204 20.909206 15.479039
v -24.206282 23.376085 15.479039
v -22.171238 25.654467 15.479039
v -19.922672 27.722408 15.479039
v -17.482241 29.559994 15.479039
v -14.873447 31.149527 15.479039
v -12.121413 32.475700 15.479039
v -9.252643 33.525738 15.479040
v -6.294766 34.289536 15.479040
v -3.276266 34.759731 15.479040
v -0.226214 34.931797 15.479040
v 2.826016 34.804077 15.479040
v 5.851031 34.377800 15.479040
v 8.819697 33.657074 15.479040
v 11.703424 32.648838 15.479039
v 14.474441 31.362799 15.479039
v 17.106062 29.811348 15.479039
v 19.572941 28.009426 15.479039
v 21.851322 25.974382 15.479039
v 23.919264 23.725817 15.479039
v 25.756849 21.285385 15.479039
v 27.346382 18.676592 15.479039
v 28.672554 15.924557 15.479039
v 29.722593 13.055786 15.479039
v 30.486389 10.097910 15.479038
v 30.956585 7.079410 15.479038
v 31.128651 4.029358 15.479038
v 31.000931 0.977128 15.479038
v -28.824696 15.498050 15.531774
v -29.409340 13.938464 15.531774
v -27.667587 18.020687 15.531774
v -27.539597 18.267052 15.531774
v -24.188662 23.361839 15.531774
v -25.362604 21.813482 15.531774
v -22.541311 25.239637 15.531774
v -22.155100 25.638563 15.531774
v -17.469517 29.541246 15.531774
v -19.261143 28.229408 15.531774
v -15.588872 30.721930 15.531774
v -14.862622 31.129622 15.531774
v -9.245909 33.504105 15.531775
v -11.599257 32.666466 15.531774
v -7.373515 34.023422 15.531775
v -6.290184 34.267345 15.531775
v -0.226049 34.909138 15.531775
v -2.997669 34.765186 15.531775
v 1.439201 34.876648 15.531775
v 2.823960 34.781513 15.531775
v 5.846772 34.355545 15.531775
v 11.694906 32.627842 15.531774
v 10.135321 33.212486 15.531775
v 14.217543 31.470732 15.531774
v 14.463906 31.342741 15.531774
v 19.558695 27.991806 15.531774
v 18.010338 29.165749 15.531774
v 21.436493 26.344456 15.531774
v 21.835419 25.958244 15.531774
v 25.738102 21.272661 15.531774
v 24.426264 23.064287 15.531774
v 26.918785 19.392017 15.531774
v 27.326477 18.665768 15.531774
v 29.700960 13.049052 15.531774
v 28.863319 15.402401 15.531774
v 30.220278 11.176659 15.531774
v 30.464199 10.093328 15.531773
v 31.105993 4.029193 15.531773
v 30.962040 6.800813 15.531773
v 31.073503 2.363943 15.531773
v 30.978367 0.979184 15.531773
v 30.934053 7.077025 15.531773
v 28.651686 15.915734 15.531774
v 23.901854 23.711317 15.531774
v 17.093611 29.792419 15.531774
v 8.813277 33.635345 15.531775
v -3.273881 34.737198 15.531775
v -12.112591 32.454830 15.531774
v -19.908173 27.704998 15.531774
v -25.989275 20.896755 15.531774
v -29.832199 12.616421 15.531774
v -29.816122 12.557946 15.650983
v -29.379141 13.928057 15.650983
v -27.639177 18.006088 15.650983
v -28.266699 16.712114 15.650983
v -26.141848 20.603489 15.650983
v -25.336561 21.794987 15.650983
v -22.518166 25.217625 15.650983
v -23.484821 24.152859 15.650983
v -20.349714 27.287966 15.650983
v -19.241364 28.204325 15.650983
v -15.572864 30.694288 15.650983
v -16.800344 29.944992 15.650983
v -12.908969 32.069843 15.650983
v -11.587346 32.636826 15.650983
v -7.365943 33.992390 15.650984
v -8.754803 33.619267 15.650984
v -4.422416 34.561722 15.650984
v -2.994591 34.733391 15.650984
v 1.437723 34.844742 15.650984
v 0.000000 34.878017 15.650984
v 4.422416 34.561722 15.650984
v 5.840769 34.324173 15.650984
v 8.754803 33.619267 15.650984
v 10.124913 33.182285 15.650984
v 14.202944 31.442322 15.650983
v 12.908969 32.069843 15.650983
v 16.800344 29.944992 15.650983
v 17.991842 29.139706 15.650983
v 21.414480 26.321310 15.650983
v 20.349714 27.287966 15.650983
v 23.484821 24.152859 15.650983
v 24.401180 23.044508 15.650983
v 26.891144 19.376009 15.650983
v 26.141848 20.603489 15.650983
v 28.266699 16.712114 15.650983
v 28.833679 15.390490 15.650983
v 30.189245 11.169086 15.650983
v 29.816122 12.557946 15.650983
v 30.758575 8.225560 15.650982
v 30.930246 6.797735 15.650982
v 31.041595 2.365421 15.650982
v 31.074873 3.803144 15.650982
v 30.758575 -0.619272 15.650982
v 30.521029 -2.037625 15.650982
v -30.521029 9.643912 15.650982
v 29.816122 -4.951659 15.650982
v 29.379141 -6.321769 15.650982
v 27.639177 -10.399800 15.650982
v 28.266699 -9.105825 15.650982
v 26.141848 -12.997201 15.650981
v 25.336561 -14.188699 15.650981
v 22.518166 -17.611336 15.650981
v 23.484821 -16.546570 15.650981
v 20.349714 -19.681677 15.650981
v 19.241364 -20.598036 15.650981
v 15.572864 -23.087999 15.650981
v 16.800344 -22.338703 15.650981
v 12.908969 -24.463554 15.650981
v 11.587346 -25.030535 15.650981
v 7.365943 -26.386101 15.650981
v 8.754803 -26.012978 15.650981
v 4.422416 -26.955431 15.650981
v 2.994591 -27.127102 15.650981
v -1.437723 -27.238451 15.650981
v 0.000000 -27.271729 15.650981
v -4.422416 -26.955431 15.650981
v -5.840769 -26.717884 15.650981
v -8.754803 -26.012978 15.650981
v -10.124913 -25.575996 15.650981
v -14.202944 -23.836033 15.650981
v -12.908969 -24.463554 15.650981
v -16.800344 -22.338703 15.650981
v -17.991842 -21.533417 15.650981
v -21.414480 -18.715021 15.650981
v -20.349714 -19.681677 15.650981
v -23.484821 -16.546570 15.650981
v -24.401180 -15.438220 15.650981
v -26.891144 -11.769720 15.650981
v -26.141848 -12.997201 15.650981
v -28.266699 -9.105825 15.650982
v -28.833679 -7.784202 15.650982
v -30.189245 -3.562799 15.650982
v -29.816122 -4.951659 15.650982
v -30.758575 -0.619272 15.650982
v -30.930246 0.808553 15.650982
v -31.041595 5.240867 15.650982
v -31.074873 3.803144 15.650982
v -30.758575 8.225560 15.650982
v 30.758575 -0.619272 15.135250
v 31.074873 3.803144 15.135250
v 29.816122 -4.951659 15.135250
v 28.266699 -9.105825 15.135250
v 26.141848 -12.997201 15.135249
v 23.484821 -16.546570 15.135249
v 20.349714 -19.681677 15.135249
v 16.800344 -22.338703 15.135249
v 12.908969 -24.463554 15.135249
v 8.754803 -26.012978 15.135249
v 4.422416 -26.955431 15.135249
v 0.000000 -27.271729 15.135249
v -4.422416 -26.955431 15.135249
v -8.754803 -26.012978 15.135249
v -12.908969 -24.463554 15.135249
v -16.800344 -22.338703 15.135249
v -20.349714 -19.681677 15.135249
v -23.484821 -16.546570 15.135249
v -26.141848 -12.997201 15.135249
v -28.266699 -9.105825 15.135250
v -29.816122 -4.951659 15.135250
v -30.758575 -0.619272 15.135250
v -31.074873 3.803144 15.135250
v -30.758575 8.225560 15.135250
v -29.816122 12.557946 15.135251
v -28.266699 16.712114 15.135251
v -26.141848 20.603489 15.135251
v -23.484821 24.152859 15.135251
v -20.349714 27.287966 15.135251
v -16.800344 29.944992 15.135251
v -12.908969 32.069843 15.135251
v -8.754803 33.619267 15.135252
v -4.422416 34.561722 15.135252
v 0.000000 34.878017 15.135252
v 4.422416 34.561722 15.135252
v 8.754803 33.619267 15.135252
v 12.908969 32.069843 15.135251
v 16.800344 29.944992 15.135251
v 20.349714 27.287966 15.135251
v 23.484821 24.152859 15.135251
v 26.141848 20.603489 15.135251
v 28.266699 16.712114 15.135251
v 29.816122 12.557946 15.135251
v 30.758575 8.225560 15.135250
v 4.289249 -27.403463 15.135249
v 8.498598 -26.528751 15.135249
v 12.549634 -25.089012 15.135249
v 25.734552 -14.362287 15.135249
v 27.968384 -10.688906 15.135250
v 31.426565 1.653508 15.135250
v 16.366894 -23.111067 15.135249
v 19.879271 -20.631762 15.135249
v 23.021334 -17.697279 15.135249
v 29.681219 -6.745564 15.135250
v 30.841148 -2.605720 15.135250
v 31.426565 5.952780 15.135250
v 29.681219 14.351851 15.135251
v 27.968384 18.295195 15.135251
v 25.734552 21.968575 15.135251
v 19.879271 28.238050 15.135251
v 16.366894 30.717356 15.135251
v 12.549634 32.695301 15.135251
v 30.841148 10.212008 15.135250
v 23.021334 25.303568 15.135251
v -8.498598 34.135040 15.135252
v -12.549634 32.695301 15.135251
v -16.366894 30.717356 15.135251
v 0.000000 -27.696856 15.135249
v -19.879271 28.238050 15.135251
v -23.021334 25.303568 15.135251
v -25.734552 21.968575 15.135251
v 8.498598 34.135040 15.135252
v 4.289249 35.009754 15.135252
v -27.968384 18.295195 15.135251
v 0.000000 35.303146 15.135252
v -4.289249 35.009754 15.135252
v -29.681219 14.351851 15.135251
v -30.841148 10.212008 15.135250
v -31.426565 5.952780 15.135250
v -31.426565 1.653508 15.135250
v -30.841148 -2.605720 15.135250
v -29.681219 -6.745564 15.135250
v -27.968384 -10.688906 15.135250
v -25.734552 -14.362287 15.135249
v -23.021334 -17.697279 15.135249
v -19.879271 -20.631762 15.135249
v -16.366894 -23.111067 15.135249
v -12.549634 -25.089012 15.135249
v -8.498598 -26.528751 15.135249
v -4.289249 -27.403463 15.135249
v 0.000000 35.303146 -17.064749
v -4.289249 35.009754 -17.064749
v -8.498598 34.135040 -17.064749
v -12.549634 32.695301 -17.064749
v -16.366894 30.717356 -17.064749
v -19.879271 28.238050 -17.064749
v -23.021334 25.303568 -17.064749
v -25.734552 21.968575 -17.064749
v -27.968384 18.295195 -17.064751
v -29.681219 14.351853 -17.064751
v -30.841148 10.212009 -17.064751
v -31.426565 5.952782 -17.064751
v -31.426565 1.653509 -17.064751
v -30.841148 -2.605719 -17.064751
v -29.681219 -6.745563 -17.064751
v -27.968384 -10.688904 -17.064751
v -25.734552 -14.362285 -17.064751
v -23.021334 -17.697279 -17.064751
v -19.879271 -20.631762 -17.064751
v -16.366894 -23.111067 -17.064753
v 0.000000 -27.696856 -17.064753
v 0.000000 -27.696856 -6.464752
v -3.103105 -27.543638 -6.311534
v -4.289249 -27.403463 -17.064753
v -8.498598 -26.528751 -17.064753
v -4.294441 -27.402748 -6.170644
v -6.191234 -27.082428 -5.850324
v -12.549634 -25.089012 -17.064753
v -9.221839 -26.316744 -5.084640
v -12.176734 -25.248140 -4.016036
v -8.504676 -26.527046 -5.294942
v -14.430870 -24.196856 9.035247
v -12.560989 -25.084076 9.922469
v -14.430870 -24.196856 -2.964751
v -12.553681 -25.087254 -3.855150
v -11.477842 -25.531292 10.369685
v -8.398933 -26.556499 11.394893
v -5.292217 -27.249109 12.087501
v -2.183459 -27.621090 12.459483
v -4.293169 -27.402924 12.241317
v 0.000000 -27.696856 12.535247
v 12.560989 -25.084076 -3.851974
v 11.477842 -25.531292 -4.299188
v 4.293169 -27.402924 -6.170820
v 5.292217 -27.249109 -6.017005
v 2.183459 -27.621090 -6.388986
v 8.398933 -26.556499 -5.324395
v 14.430870 -24.196856 -2.964751
v 3.103105 -27.543638 12.382030
v 4.294441 -27.402748 12.241141
v 8.504676 -26.527046 11.365439
v 6.191234 -27.082428 11.920821
v 12.176734 -25.248140 10.086532
v 9.221839 -26.316744 11.155135
v 12.553681 -25.087254 9.925647
v 14.430870 -24.196856 9.035247
v 16.366894 -23.111067 -17.064753
v 19.879271 -20.631762 -17.064751
v 23.021334 -17.697279 -17.064751
v 25.734552 -14.362285 -17.064751
v 27.968384 -10.688904 -17.064751
v 29.681219 -6.745563 -17.064751
v 30.841148 -2.605719 -17.064751
v 31.426565 1.653509 -17.064751
v 31.426565 5.952782 -17.064751
v 30.841148 10.212009 -17.064751
v 29.681219 14.351853 -17.064751
v 27.968384 18.295195 -17.064751
v 25.734552 21.968575 -17.064749
v 23.021334 25.303568 -17.064749
v 19.879271 28.238050 -17.064749
v 16.366894 30.717356 -17.064749
v 12.549634 32.695301 -17.064749
v 8.498598 34.135040 -17.064749
v 4.289249 35.009754 -17.064749
v 12.549634 -25.089012 -17.064753
v 8.498598 -26.528751 -17.064753
v 4.289249 -27.403463 -17.064753
v -2.129991 34.942513 -17.352617
v 0.000000 35.015278 -17.352617
v -6.350296 34.362446 -17.352617
v -4.250051 34.724567 -17.352617
v -10.452307 33.213116 -17.352617
v -8.420932 33.857849 -17.352617
v -14.359611 31.515936 -17.352617
v -12.434947 32.431267 -17.352617
v -17.999422 29.302517 -17.352617
v -16.217323 30.471395 -17.352617
v -21.303940 26.614094 -17.352617
v -19.697599 28.014748 -17.352617
v -24.211603 23.500744 -17.352617
v -22.810949 25.107084 -17.352617
v -26.668251 20.020468 -17.352619
v -25.499372 21.802567 -17.352619
v -27.712791 18.162756 -17.352619
v -28.628120 16.238092 -17.352619
v -29.409971 14.255452 -17.352619
v -30.054703 12.224077 -17.352619
v -30.559301 10.153441 -17.352619
v -30.921421 8.053197 -17.352619
v -31.139368 5.933137 -17.352619
v -31.212132 3.803145 -17.352619
v -31.139368 1.673154 -17.352619
v -30.921421 -0.446906 -17.352619
v -30.559301 -2.547151 -17.352619
v -30.054703 -4.617786 -17.352619
v -29.409971 -6.649161 -17.352619
v -28.628120 -8.631802 -17.352619
v -27.712791 -10.556465 -17.352619
v -26.668251 -12.414178 -17.352619
v -25.499372 -14.196277 -17.352619
v -24.211603 -15.894454 -17.352619
v -22.810949 -17.500795 -17.352619
v -21.303940 -19.007805 -17.352619
v -19.697599 -20.408459 -17.352619
v -17.999422 -21.696228 -17.352619
v -16.217323 -22.865107 -17.352621
v -14.359611 -23.909647 -17.352621
v -12.434947 -24.824976 -17.352621
v -10.452307 -25.606827 -17.352621
v -8.420932 -26.251558 -17.352621
v -6.350296 -26.756157 -17.352621
v -4.250051 -27.118277 -17.352621
v -2.129991 -27.336224 -17.352621
v 0.000000 -27.408987 -17.352621
v 2.129991 -27.336224 -17.352621
v 6.350296 -26.756157 -17.352621
v 4.250051 -27.118277 -17.352621
v 10.452307 -25.606827 -17.352621
v 8.420932 -26.251558 -17.352621
v 14.359611 -23.909647 -17.352621
v 12.434947 -24.824976 -17.352621
v 17.999422 -21.696228 -17.352619
v 16.217323 -22.865107 -17.352621
v 21.303940 -19.007805 -17.352619
v 19.697599 -20.408459 -17.352619
v 24.211603 -15.894454 -17.352619
v 22.810949 -17.500795 -17.352619
v 26.668251 -12.414178 -17.352619
v 25.499372 -14.196277 -17.352619
v 28.628120 -8.631802 -17.352619
v 27.712791 -10.556465 -17.352619
v 30.054703 -4.617786 -17.352619
v 29.409971 -6.649161 -17.352619
v 30.921421 -0.446906 -17.352619
v 30.559301 -2.547151 -17.352619
v 31.212132 3.803145 -17.352619
v 31.139368 1.673154 -17.352619
v 30.921421 8.053197 -17.352619
v 31.139368 5.933137 -17.352619
v 30.054703 12.224077 -17.352619
v 30.559301 10.153441 -17.352619
v 28.628120 16.238092 -17.352619
v 29.409971 14.255452 -17.352619
v 26.668251 20.020468 -17.352619
v 27.712791 18.162756 -17.352619
v 24.211603 23.500744 -17.352617
v 25.499372 21.802567 -17.352619
v 21.303940 26.614094 -17.352617
v 22.810949 25.107084 -17.352617
v 17.999422 29.302517 -17.352617
v 19.697599 28.014748 -17.352617
v 14.359611 31.515936 -17.352617
v 16.217323 30.471395 -17.352617
v 10.452307 33.213116 -17.352617
v 12.434947 32.431267 -17.352617
v 6.350296 34.362446 -17.352617
v 8.420932 33.857849 -17.352617
v 2.129991 34.942513 -17.352617
v 4.250051 34.724567 -17.352617
v 0.000000 34.927410 -17.564749
v -2.123995 34.854851 -17.564749
v -2.124692 34.865051 -17.487103
v -4.238087 34.637516 -17.564749
v -4.239479 34.647644 -17.487103
v -6.332419 34.276417 -17.564749
v -6.334498 34.286427 -17.487103
v -8.397226 33.773239 -17.564749
v -8.399984 33.783081 -17.487103
v -10.422881 33.130322 -17.564749
v -10.426305 33.139954 -17.487103
v -12.399941 32.350674 -17.564749
v -12.404013 32.360050 -17.487103
v -14.319186 31.437918 -17.564749
v -14.323889 31.446995 -17.487103
v -16.171667 30.396320 -17.564749
v -16.176979 30.405054 -17.487103
v -17.948751 29.230732 -17.564749
v -17.954645 29.239082 -17.487103
v -19.642147 27.946587 -17.564749
v -19.648600 27.954517 -17.487103
v -21.243963 26.549877 -17.564749
v -21.250942 26.557346 -17.487103
v -22.746733 25.047108 -17.564749
v -22.754202 25.054087 -17.487103
v -24.143442 23.445292 -17.564749
v -24.151373 23.451744 -17.487103
v -25.427588 21.751896 -17.564751
v -25.435938 21.757790 -17.487104
v -26.593176 19.974812 -17.564751
v -26.601910 19.980124 -17.487104
v -27.634773 18.122332 -17.564751
v -27.643850 18.127033 -17.487104
v -28.547527 16.203087 -17.564751
v -28.556904 16.207157 -17.487104
v -29.327177 14.226027 -17.564751
v -29.336809 14.229450 -17.487104
v -29.970093 12.200372 -17.564751
v -29.979935 12.203130 -17.487104
v -30.473272 10.135565 -17.564751
v -30.483280 10.137644 -17.487104
v -30.834372 8.041233 -17.564751
v -30.844498 8.042624 -17.487104
v -31.051706 5.927141 -17.564751
v -31.061905 5.927837 -17.487104
v -31.124264 3.803145 -17.564751
v -31.134485 3.803145 -17.487104
v -31.051706 1.679150 -17.564751
v -31.061905 1.678453 -17.487104
v -30.834372 -0.434942 -17.564751
v -30.844498 -0.436334 -17.487104
v -30.473272 -2.529274 -17.564751
v -30.483280 -2.531353 -17.487104
v -29.970093 -4.594081 -17.564751
v -29.979935 -4.596839 -17.487104
v -29.327177 -6.619736 -17.564751
v -29.336809 -6.623159 -17.487104
v -28.547527 -8.596796 -17.564751
v -28.556904 -8.600867 -17.487104
v -27.634773 -10.516041 -17.564751
v -27.643850 -10.520743 -17.487104
v -26.593176 -12.368522 -17.564751
v -26.601910 -12.373834 -17.487104
v -25.427588 -14.145606 -17.564751
v -25.435938 -14.151500 -17.487104
v -24.143442 -15.839002 -17.564751
v -24.151373 -15.845454 -17.487104
v -22.746733 -17.440819 -17.564751
v -22.754202 -17.447798 -17.487104
v -21.243963 -18.943588 -17.564751
v -21.250942 -18.951057 -17.487104
v -19.642147 -20.340298 -17.564751
v -19.648600 -20.348228 -17.487104
v -17.948751 -21.624443 -17.564751
v -17.954645 -21.632793 -17.487104
v -16.171667 -22.790031 -17.564753
v -16.176979 -22.798765 -17.487106
v -14.319186 -23.831629 -17.564753
v -14.323889 -23.840706 -17.487106
v -12.399941 -24.744383 -17.564753
v -12.404013 -24.753759 -17.487106
v -10.422881 -25.524033 -17.564753
v -10.426305 -25.533665 -17.487106
v -8.397226 -26.166948 -17.564753
v -8.399984 -26.176790 -17.487106
v -6.332419 -26.670128 -17.564753
v -6.334498 -26.680136 -17.487106
v -4.238087 -27.031227 -17.564753
v -4.239479 -27.041353 -17.487106
v -2.123995 -27.248562 -17.564753
v -2.124692 -27.258760 -17.487106
v 0.000000 -27.321119 -17.564753
v 0.000000 -27.331341 -17.487106
v 0.000000 34.937630 -17.487103
v -2.126738 34.894951 -17.414749
v -4.243560 34.677334 -17.414749
v -6.340596 34.315769 -17.414749
v -8.408070 33.811939 -17.414749
v -10.436341 33.168194 -17.414749
v -12.415953 32.387539 -17.414749
v -14.337677 31.473604 -17.414749
v -16.192551 30.430660 -17.414749
v -17.971930 29.263567 -17.414749
v -19.667513 27.977766 -17.414749
v -21.271399 26.579250 -17.414749
v -22.776106 25.074543 -17.414749
v -24.174622 23.470657 -17.414749
v -25.460423 21.775074 -17.414751
v -26.627516 19.995695 -17.414751
v -27.670460 18.140821 -17.414751
v -28.584393 16.219097 -17.414751
v -29.365049 14.239487 -17.414751
v -30.008795 12.211215 -17.414751
v -30.512623 10.143742 -17.414751
v -30.874189 8.046705 -17.414751
v -31.091805 5.929884 -17.414751
v -31.164455 3.803145 -17.414751
v -31.091805 1.676407 -17.414751
v -30.874189 -0.440414 -17.414751
v -30.512623 -2.537451 -17.414751
v -30.008795 -4.604924 -17.414751
v -29.365049 -6.633196 -17.414751
v -28.584393 -8.612807 -17.414751
v -27.670460 -10.534532 -17.414751
v -26.627516 -12.389405 -17.414751
v -25.460423 -14.168784 -17.414751
v -24.174622 -15.864367 -17.414751
v -22.776106 -17.468254 -17.414751
v -21.271399 -18.972961 -17.414751
v -19.667513 -20.371477 -17.414751
v -17.971930 -21.657278 -17.414751
v -16.192551 -22.824371 -17.414753
v -14.337677 -23.867315 -17.414753
v -12.415953 -24.781248 -17.414753
v -10.436341 -25.561905 -17.414753
v -8.408070 -26.205650 -17.414753
v -6.340596 -26.709478 -17.414753
v -4.243560 -27.071045 -17.414753
v -2.126738 -27.288660 -17.414753
v 0.000000 -27.361311 -17.414753
v 0.000000 34.967602 -17.414749
v 2.123995 -27.248562 -17.564753
v 2.124692 -27.258760 -17.487106
v 4.238087 -27.031227 -17.564753
v 4.239479 -27.041353 -17.487106
v 6.332419 -26.670128 -17.564753
v 6.334498 -26.680136 -17.487106
v 8.397226 -26.166948 -17.564753
v 8.399984 -26.176790 -17.487106
v 10.422881 -25.524033 -17.564753
v 10.426305 -25.533665 -17.487106
v 12.399941 -24.744383 -17.564753
v 12.404013 -24.753759 -17.487106
v 14.319186 -23.831629 -17.564753
v 14.323889 -23.840706 -17.487106
v 16.171667 -22.790031 -17.564753
v 16.176979 -22.798765 -17.487106
v 17.948751 -21.624443 -17.564751
v 17.954645 -21.632793 -17.487104
v 19.642147 -20.340298 -17.564751
v 19.648600 -20.348228 -17.487104
v 21.243963 -18.943588 -17.564751
v 21.250942 -18.951057 -17.487104
v 22.746733 -17.440819 -17.564751
v 22.754202 -17.447798 -17.487104
v 24.143442 -15.839002 -17.564751
v 24.151373 -15.845454 -17.487104
v 25.427588 -14.145606 -17.564751
v 25.435938 -14.151500 -17.487104
v 26.593176 -12.368522 -17.564751
v 26.601910 -12.373834 -17.487104
v 27.634773 -10.516041 -17.564751
v 27.643850 -10.520743 -17.487104
v 28.547527 -8.596796 -17.564751
v 28.556904 -8.600867 -17.487104
v 29.327177 -6.619736 -17.564751
v 29.336809 -6.623159 -17.487104
v 29.970093 -4.594081 -17.564751
v 29.979935 -4.596839 -17.487104
v 30.473272 -2.529274 -17.564751
v 30.483280 -2.531353 -17.487104
v 30.834372 -0.434942 -17.564751
v 30.844498 -0.436334 -17.487104
v 31.051706 1.679150 -17.564751
v 31.061905 1.678453 -17.487104
v 31.124264 3.803145 -17.564751
v 31.134485 3.803145 -17.487104
v 31.051706 5.927141 -17.564751
v 31.061905 5.927837 -17.487104
v 30.834372 8.041233 -17.564751
v 30.844498 8.042624 -17.487104
v 30.473272 10.135565 -17.564751
v 30.483280 10.137644 -17.487104
v 29.970093 12.200372 -17.564751
v 29.979935 12.203130 -17.487104
v 29.327177 14.226027 -17.564751
v 29.336809 14.229450 -17.487104
v 28.547527 16.203087 -17.564751
v 28.556904 16.207157 -17.487104
v 27.634773 18.122332 -17.564751
v 27.643850 18.127033 -17.487104
v 26.593176 19.974812 -17.564751
v 26.601910 19.980124 -17.487104
v 25.427588 21.751896 -17.564751
v 25.435938 21.757790 -17.487104
v 24.143442 23.445292 -17.564749
v 24.151373 23.451744 -17.487103
v 22.746733 25.047108 -17.564749
v 22.754202 25.054087 -17.487103
v 21.243963 26.549877 -17.564749
v 21.250942 26.557346 -17.487103
v 19.642147 27.946587 -17.564749
v 19.648600 27.954517 -17.487103
v 17.948751 29.230732 -17.564749
v 17.954645 29.239082 -17.487103
v 16.171667 30.396320 -17.564749
v 16.176979 30.405054 -17.487103
v 14.319186 31.437918 -17.564749
v 14.323889 31.446995 -17.487103
v 12.399941 32.350674 -17.564749
v 12.404013 32.360050 -17.487103
v 10.422881 33.130322 -17.564749
v 10.426305 33.139954 -17.487103
v 8.397226 33.773239 -17.564749
v 8.399984 33.783081 -17.487103
v 6.332419 34.276417 -17.564749
v 6.334498 34.286427 -17.487103
v 4.238087 34.637516 -17.564749
v 4.239479 34.647644 -17.487103
v 2.123995 34.854851 -17.564749
v 2.124692 34.865051 -17.487103
v 2.126738 -27.288660 -17.414753
v 4.243560 -27.071045 -17.414753
v 6.340596 -26.709478 -17.414753
v 8.408070 -26.205650 -17.414753
v 10.436341 -25.561905 -17.414753
v 12.415953 -24.781248 -17.414753
v 14.337677 -23.867315 -17.414753
v 16.192551 -22.824371 -17.414753
v 17.971930 -21.657278 -17.414751
v 19.667513 -20.371477 -17.414751
v 21.271399 -18.972961 -17.414751
v 22.776106 -17.468254 -17.414751
v 24.174622 -15.864367 -17.414751
v 25.460423 -14.168784 -17.414751
v 26.627516 -12.389405 -17.414751
v 27.670460 -10.534532 -17.414751
v 28.584393 -8.612807 -17.414751
v 29.365049 -6.633196 -17.414751
v 30.008795 -4.604924 -17.414751
v 30.512623 -2.537451 -17.414751
v 30.874189 -0.440414 -17.414751
v 31.091805 1.676407 -17.414751
v 31.164455 3.803145 -17.414751
v 31.091805 5.929884 -17.414751
v 30.874189 8.046705 -17.414751
v 30.512623 10.143742 -17.414751
v 30.008795 12.211215 -17.414751
v 29.365049 14.239487 -17.414751
v 28.584393 16.219097 -17.414751
v 27.670460 18.140821 -17.414751
v 26.627516 19.995695 -17.414751
v 25.460423 21.775074 -17.414751
v 24.174622 23.470657 -17.414749
v 22.776106 25.074543 -17.414749
v 21.271399 26.579250 -17.414749
v 19.667513 27.977766 -17.414749
v 17.971930 29.263567 -17.414749
v 16.192551 30.430660 -17.414749
v 14.337677 31.473604 -17.414749
v 12.415953 32.387539 -17.414749
v 10.436341 33.168194 -17.414749
v 8.408070 33.811939 -17.414749
v 6.340596 34.315769 -17.414749
v 4.243560 34.677334 -17.414749
v 2.126738 34.894951 -17.414749
v 0.000000 -27.408987 -17.776884
v 2.129991 -27.336224 -17.776884
v 2.126738 -27.288660 -17.714752
v 4.250051 -27.118277 -17.776884
v 4.243560 -27.071045 -17.714752
v 6.350296 -26.756157 -17.776884
v 6.340596 -26.709478 -17.714752
v 8.420932 -26.251558 -17.776884
v 8.408070 -26.205650 -17.714752
v 10.452307 -25.606827 -17.776884
v 10.436341 -25.561905 -17.714752
v 12.434947 -24.824976 -17.776884
v 12.415953 -24.781248 -17.714752
v 14.359611 -23.909647 -17.776884
v 14.337677 -23.867315 -17.714752
v 16.217323 -22.865107 -17.776884
v 16.192551 -22.824371 -17.714752
v 17.999422 -21.696228 -17.776882
v 17.971930 -21.657278 -17.714750
v 19.697599 -20.408459 -17.776882
v 19.667513 -20.371477 -17.714750
v 21.303940 -19.007805 -17.776882
v 21.271399 -18.972961 -17.714750
v 22.810949 -17.500795 -17.776882
v 22.776106 -17.468254 -17.714750
v 24.211603 -15.894454 -17.776882
v 24.174622 -15.864367 -17.714750
v 25.499372 -14.196277 -17.776882
v 25.460423 -14.168784 -17.714750
v 26.668251 -12.414178 -17.776882
v 26.627516 -12.389405 -17.714750
v 27.712791 -10.556465 -17.776882
v 27.670460 -10.534532 -17.714750
v 28.628120 -8.631802 -17.776882
v 28.584393 -8.612807 -17.714750
v 29.409971 -6.649161 -17.776882
v 29.365049 -6.633196 -17.714750
v 30.054703 -4.617786 -17.776882
v 30.008795 -4.604924 -17.714750
v 30.559301 -2.547151 -17.776882
v 30.512623 -2.537451 -17.714750
v 30.921421 -0.446906 -17.776882
v 30.874189 -0.440414 -17.714750
v 31.139368 1.673154 -17.776882
v 31.091805 1.676407 -17.714750
v 31.212132 3.803145 -17.776882
v 31.164455 3.803145 -17.714750
v 31.139368 5.933137 -17.776882
v 31.091805 5.929884 -17.714750
v 30.921421 8.053197 -17.776882
v 30.874189 8.046705 -17.714750
v 30.559301 10.153441 -17.776882
v 30.512623 10.143742 -17.714750
v 30.054703 12.224077 -17.776882
v 30.008795 12.211215 -17.714750
v 29.409971 14.255452 -17.776882
v 29.365049 14.239487 -17.714750
v 28.628120 16.238092 -17.776882
v 28.584393 16.219097 -17.714750
v 27.712791 18.162756 -17.776882
v 27.670460 18.140821 -17.714750
v 26.668251 20.020468 -17.776882
v 26.627516 19.995695 -17.714750
v 25.499372 21.802567 -17.776882
v 25.460423 21.775074 -17.714750
v 24.211603 23.500744 -17.776880
v 24.174622 23.470657 -17.714748
v 22.810949 25.107084 -17.776880
v 22.776106 25.074543 -17.714748
v 21.303940 26.614094 -17.776880
v 21.271399 26.579250 -17.714748
v 19.697599 28.014748 -17.776880
v 19.667513 27.977766 -17.714748
v 17.999422 29.302517 -17.776880
v 17.971930 29.263567 -17.714748
v 16.217323 30.471395 -17.776880
v 16.192551 30.430660 -17.714748
v 14.359611 31.515936 -17.776880
v 14.337677 31.473604 -17.714748
v 12.434947 32.431267 -17.776880
v 12.415953 32.387539 -17.714748
v 10.452307 33.213116 -17.776880
v 10.436341 33.168194 -17.714748
v 8.420932 33.857849 -17.776880
v 8.408070 33.811939 -17.714748
v 6.350296 34.362446 -17.776880
v 6.340596 34.315769 -17.714748
v 4.250051 34.724567 -17.776880
v 4.243560 34.677334 -17.714748
v 2.129991 34.942513 -17.776880
v 2.126738 34.894951 -17.714748
v 0.000000 35.015278 -17.776880
v 0.000000 34.967602 -17.714748
v 0.000000 -27.361311 -17.714752
v 2.124692 -27.258760 -17.642399
v 4.239479 -27.041353 -17.642399
v 6.334498 -26.680136 -17.642399
v 8.399984 -26.176790 -17.642399
v 10.426305 -25.533665 -17.642399
v 12.404013 -24.753759 -17.642399
v 14.323889 -23.840706 -17.642399
v 16.176979 -22.798765 -17.642399
v 17.954645 -21.632793 -17.642397
v 19.648600 -20.348228 -17.642397
v 21.250942 -18.951057 -17.642397
v 22.754202 -17.447798 -17.642397
v 24.151373 -15.845454 -17.642397
v 25.435938 -14.151500 -17.642397
v 26.601910 -12.373834 -17.642397
v 27.643850 -10.520743 -17.642397
v 28.556904 -8.600867 -17.642397
v 29.336809 -6.623159 -17.642397
v 29.979935 -4.596839 -17.642397
v 30.483280 -2.531353 -17.642397
v 30.844498 -0.436334 -17.642397
v 31.061905 1.678453 -17.642397
v 31.134485 3.803145 -17.642397
v 31.061905 5.927837 -17.642397
v 30.844498 8.042624 -17.642397
v 30.483280 10.137644 -17.642397
v 29.979935 12.203130 -17.642397
v 29.336809 14.229450 -17.642397
v 28.556904 16.207157 -17.642397
v 27.643850 18.127033 -17.642397
v 26.601910 19.980124 -17.642397
v 25.435938 21.757790 -17.642397
v 24.151373 23.451744 -17.642395
v 22.754202 25.054087 -17.642395
v 21.250942 26.557346 -17.642395
v 19.648600 27.954517 -17.642395
v 17.954645 29.239082 -17.642395
v 16.176979 30.405054 -17.642395
v 14.323889 31.446995 -17.642395
v 12.404013 32.360050 -17.642395
v 10.426305 33.139954 -17.642395
v 8.399984 33.783081 -17.642395
v 6.334498 34.286427 -17.642395
v 4.239479 34.647644 -17.642395
v 2.124692 34.865051 -17.642395
v 0.000000 34.937630 -17.642395
v 0.000000 -27.331341 -17.642399
v -2.129991 34.942513 -17.776880
v -2.126738 34.894951 -17.714748
v -4.250051 34.724567 -17.776880
v -4.243560 34.677334 -17.714748
v -6.350296 34.362446 -17.776880
v -6.340596 34.315769 -17.714748
v -8.420932 33.857849 -17.776880
v -8.408070 33.811939 -17.714748
v -10.452307 33.213116 -17.776880
v -10.436341 33.168194 -17.714748
v -12.434947 32.431267 -17.776880
v -12.415953 32.387539 -17.714748
v -14.359611 31.515936 -17.776880
v -14.337677 31.473604 -17.714748
v -16.217323 30.471395 -17.776880
v -16.192551 30.430660 -17.714748
v -17.999422 29.302517 -17.776880
v -17.971930 29.263567 -17.714748
v -19.697599 28.014748 -17.776880
v -19.667513 27.977766 -17.714748
v -21.303940 26.614094 -17.776880
v -21.271399 26.579250 -17.714748
v -22.810949 25.107084 -17.776880
v -22.776106 25.074543 -17.714748
v -24.211603 23.500744 -17.776880
v -24.174622 23.470657 -17.714748
v -25.499372 21.802567 -17.776882
v -25.460423 21.775074 -17.714750
v -26.668251 20.020468 -17.776882
v -26.627516 19.995695 -17.714750
v -27.712791 18.162756 -17.776882
v -27.670460 18.140821 -17.714750
v -28.628120 16.238092 -17.776882
v -28.584393 16.219097 -17.714750
v -29.409971 14.255452 -17.776882
v -29.365049 14.239487 -17.714750
v -30.054703 12.224077 -17.776882
v -30.008795 12.211215 -17.714750
v -30.559301 10.153441 -17.776882
v -30.512623 10.143742 -17.714750
v -30.921421 8.053197 -17.776882
v -30.874189 8.046705 -17.714750
v -31.139368 5.933137 -17.776882
v -31.091805 5.929884 -17.714750
v -31.212132 3.803145 -17.776882
v -31.164455 3.803145 -17.714750
v -31.139368 1.673154 -17.776882
v -31.091805 1.676407 -17.714750
v -30.921421 -0.446906 -17.776882
v -30.874189 -0.440414 -17.714750
v -30.559301 -2.547151 -17.776882
v -30.512623 -2.537451 -17.714750
v -30.054703 -4.617786 -17.776882
v -30.008795 -4.604924 -17.714750
v -29.409971 -6.649161 -17.776882
v -29.365049 -6.633196 -17.714750
v -28.628120 -8.631802 -17.776882
v -28.584393 -8.612807 -17.714750
v -27.712791 -10.556465 -17.776882
v -27.670460 -10.534532 -17.714750
v -26.668251 -12.414178 -17.776882
v -26.627516 -12.389405 -17.714750
v -25.499372 -14.196277 -17.776882
v -25.460423 -14.168784 -17.714750
v -24.211603 -15.894454 -17.776882
v -24.174622 -15.864367 -17.714750
v -22.810949 -17.500795 -17.776882
v -22.776106 -17.468254 -17.714750
v -21.303940 -19.007805 -17.776882
v -21.271399 -18.972961 -17.714750
v -19.697599 -20.408459 -17.776882
v -19.667513 -20.371477 -17.714750
v -17.999422 -21.696228 -17.776882
v -17.971930 -21.657278 -17.714750
v -16.217323 -22.865107 -17.776884
v -16.192551 -22.824371 -17.714752
v -14.359611 -23.909647 -17.776884
v -14.337677 -23.867315 -17.714752
v -12.434947 -24.824976 -17.776884
v -12.415953 -24.781248 -17.714752
v -10.452307 -25.606827 -17.776884
v -10.436341 -25.561905 -17.714752
v -8.420932 -26.251558 -17.776884
v -8.408070 -26.205650 -17.714752
v -6.350296 -26.756157 -17.776884
v -6.340596 -26.709478 -17.714752
v -4.250051 -27.118277 -17.776884
v -4.243560 -27.071045 -17.714752
v -2.129991 -27.336224 -17.776884
v -2.126738 -27.288660 -17.714752
v -2.124692 34.865051 -17.642395
v -4.239479 34.647644 -17.642395
v -6.334498 34.286427 -17.642395
v -8.399984 33.783081 -17.642395
v -10.426305 33.139954 -17.642395
v -12.404013 32.360050 -17.642395
v -14.323889 31.446995 -17.642395
v -16.176979 30.405054 -17.642395
v -17.954645 29.239082 -17.642395
v -19.648600 27.954517 -17.642395
v -21.250942 26.557346 -17.642395
v -22.754202 25.054087 -17.642395
v -24.151373 23.451744 -17.642395
v -25.435938 21.757790 -17.642397
v -26.601910 19.980124 -17.642397
v -27.643850 18.127033 -17.642397
v -28.556904 16.207157 -17.642397
v -29.336809 14.229450 -17.642397
v -29.979935 12.203130 -17.642397
v -30.483280 10.137644 -17.642397
v -30.844498 8.042624 -17.642397
v -31.061905 5.927837 -17.642397
v -31.134485 3.803145 -17.642397
v -31.061905 1.678453 -17.642397
v -30.844498 -0.436334 -17.642397
v -30.483280 -2.531353 -17.642397
v -29.979935 -4.596839 -17.642397
v -29.336809 -6.623159 -17.642397
v -28.556904 -8.600867 -17.642397
v -27.643850 -10.520743 -17.642397
v -26.601910 -12.373834 -17.642397
v -25.435938 -14.151500 -17.642397
v -24.151373 -15.845454 -17.642397
v -22.754202 -17.447798 -17.642397
v -21.250942 -18.951057 -17.642397
v -19.648600 -20.348228 -17.642397
v -17.954645 -21.632793 -17.642397
v -16.176979 -22.798765 -17.642399
v -14.323889 -23.840706 -17.642399
v -12.404013 -24.753759 -17.642399
v -10.426305 -25.533665 -17.642399
v -8.399984 -26.176790 -17.642399
v -6.334498 -26.680136 -17.642399
v -4.239479 -27.041353 -17.642399
v -2.124692 -27.258760 -17.642399
v -4.289249 -27.403463 -18.064753
v 0.000000 -27.696856 -18.064753
v -8.498598 -26.528751 -18.064753
v -12.549634 -25.089012 -18.064753
v -16.366894 -23.111067 -18.064753
v -19.879271 -20.631762 -18.064751
v -23.021334 -17.697279 -18.064751
v -25.734552 -14.362285 -18.064751
v -27.968384 -10.688904 -18.064751
v -29.681219 -6.745563 -18.064751
v -30.841148 -2.605719 -18.064751
v -31.426565 1.653509 -18.064751
v -31.426565 5.952782 -18.064751
v -30.841148 10.212009 -18.064751
v -29.681219 14.351853 -18.064751
v -27.968384 18.295195 -18.064751
v -25.734552 21.968575 -18.064749
v -23.021334 25.303568 -18.064749
v -19.879271 28.238050 -18.064749
v -16.366894 30.717356 -18.064749
v -12.549634 32.695301 -18.064749
v -8.498598 34.135040 -18.064749
v -4.289249 35.009754 -18.064749
v 0.000000 35.303146 -18.064749
v 4.289249 35.009754 -18.064749
v 8.498598 34.135040 -18.064749
v 12.549634 32.695301 -18.064749
v 16.366894 30.717356 -18.064749
v 19.879271 28.238050 -18.064749
v 23.021334 25.303568 -18.064749
v 25.734552 21.968575 -18.064749
v 27.968384 18.295195 -18.064751
v 29.681219 14.351853 -18.064751
v 30.841148 10.212009 -18.064751
v 31.426565 5.952782 -18.064751
v 31.426565 1.653509 -18.064751
v 30.841148 -2.605719 -18.064751
v 29.681219 -6.745563 -18.064751
v 27.968384 -10.688904 -18.064751
v 25.734552 -14.362285 -18.064751
v 23.021334 -17.697279 -18.064751
v 19.879271 -20.631762 -18.064751
v 16.366894 -23.111067 -18.064753
v 12.549634 -25.089012 -18.064753
v 8.498598 -26.528751 -18.064753
v 4.289249 -27.403463 -18.064753
v 0.000000 35.303146 -25.564749
v -4.289249 35.009754 -25.564749
v -8.498598 34.135040 -25.564749
v -12.549634 32.695301 -25.564749
v -16.366894 30.717358 -25.564749
v -19.879271 28.238052 -25.564749
v -23.021334 25.303570 -25.564749
v -25.734552 21.968576 -25.564749
v -27.968384 18.295197 -25.564751
v -29.681219 14.351853 -25.564751
v -30.841148 10.212009 -25.564751
v -31.426565 5.952782 -25.564751
v -31.426565 1.653510 -25.564751
v -30.841148 -2.605718 -25.564751
v -29.681219 -6.745563 -25.564751
v -27.968384 -10.688904 -25.564751
v -25.734552 -14.362285 -25.564751
v -23.021334 -17.697277 -25.564751
v -19.879271 -20.631760 -25.564751
v -16.366894 -23.111065 -25.564753
v -12.549634 -25.089010 -25.564753
v -8.498598 -26.528749 -25.564753
v -4.289249 -27.403461 -25.564753
v 0.000000 -27.696854 -25.564753
v 4.289249 -27.403461 -25.564753
v 8.498598 -26.528749 -25.564753
v 12.549634 -25.089010 -25.564753
v 16.366894 -23.111065 -25.564753
v 19.879271 -20.631760 -25.564751
v 23.021334 -17.697277 -25.564751
v 25.734552 -14.362285 -25.564751
v 27.968384 -10.688904 -25.564751
v 29.681219 -6.745563 -25.564751
v 30.841148 -2.605718 -25.564751
v 31.426565 1.653510 -25.564751
v 31.426565 5.952782 -25.564751
v 30.841148 10.212009 -25.564751
v 29.681219 14.351853 -25.564751
v 27.968384 18.295197 -25.564751
v 25.734552 21.968576 -25.564749
v 23.021334 25.303570 -25.564749
v 19.879271 28.238052 -25.564749
v 16.366894 30.717358 -25.564749
v 12.549634 32.695301 -25.564749
v 8.498598 34.135040 -25.564749
v 4.289249 35.009754 -25.564749
v 0.000000 34.303146 -26.564749
v -4.153083 34.019066 -26.564749
v -8.228802 33.172123 -26.564749
v -12.151233 31.778091 -26.564749
v -15.847310 29.862938 -26.564749
v -19.248182 27.462341 -26.564749
v -22.290497 24.621017 -26.564749
v -23.133619 23.679907 -26.564749
v -24.917582 21.391897 -26.564751
v -27.080500 17.835131 -26.564751
v -28.738958 14.016973 -26.564751
v -29.862064 10.008554 -26.564751
v -30.428898 5.884540 -26.564751
v -30.428898 1.721752 -26.564751
v -29.862064 -2.402262 -26.564751
v -28.738958 -6.410683 -26.564751
v -27.080500 -10.228839 -26.564751
v -24.917582 -13.785605 -26.564751
v -23.621162 -15.491689 -26.564751
v -22.290497 -17.014725 -26.564751
v -19.248182 -19.856049 -26.564751
v -15.847310 -22.256645 -26.564753
v -12.151233 -24.171799 -26.564753
v -8.228802 -25.565830 -26.564753
v -4.153083 -26.412775 -26.564753
v 0.000000 -26.696854 -26.564753
v 4.153083 -26.412775 -26.564753
v 8.228802 -25.565830 -26.564753
v 12.151233 -24.171799 -26.564753
v 15.847310 -22.256645 -26.564753
v 19.248182 -19.856049 -26.564751
v 22.290497 -17.014725 -26.564751
v 23.621162 -15.491689 -26.564751
v 24.917582 -13.785605 -26.564751
v 27.080500 -10.228839 -26.564751
v 28.738958 -6.410683 -26.564751
v 29.862064 -2.402262 -26.564751
v 30.428898 1.721752 -26.564751
v 30.428898 5.884540 -26.564751
v 29.862064 10.008554 -26.564751
v 28.738958 14.016973 -26.564751
v 27.080500 17.835131 -26.564751
v 24.917582 21.391897 -26.564751
v 23.133619 23.679907 -26.564749
v 22.290497 24.621017 -26.564749
v 19.248182 27.462341 -26.564749
v 15.847310 29.862938 -26.564749
v 12.151233 31.778091 -26.564749
v 8.228802 33.172123 -26.564749
v 4.153083 34.019066 -26.564749
v -5.147071 -24.196856 2.295211
v 1.465009 -24.196856 -1.954114
v 0.000000 -24.196856 -2.164752
v 3.929898 -24.196856 -0.370029
v 2.811332 -24.196856 -1.339269
v 5.147071 -24.196856 3.775285
v -1.465009 -24.196856 8.024611
v 0.000000 -24.196856 8.235248
v -5.147071 -24.196856 3.775285
v 5.147071 -24.196856 2.295211
v -3.929898 -24.196856 6.440524
v -2.811332 -24.196856 7.409766
v -4.730086 -24.196856 5.195407
v 4.730086 -24.196856 0.875090
v 4.730086 -24.196856 5.195407
v 2.811332 -24.196856 7.409766
v 3.929898 -24.196856 6.440524
v 1.465009 -24.196856 8.024611
v -3.929898 -24.196856 -0.370029
v -4.730086 -24.196856 0.875090
v -1.465009 -24.196856 -1.954114
v -2.811332 -24.196856 -1.339269
v 1.408663 -23.996855 -1.762218
v 2.703204 -23.996855 -1.171020
v 3.778748 -23.996855 -0.239055
v 4.548160 -23.996855 0.958173
v 4.949107 -23.996855 2.323674
v 4.949107 -23.996855 3.746823
v 4.548160 -23.996855 5.112323
v 3.778748 -23.996855 6.309554
v 2.703204 -23.996855 7.241515
v 1.408663 -23.996855 7.832713
v 0.000000 -23.996855 8.035247
v 0.000000 -23.996855 -1.964751
v -1.408663 -23.996855 7.832713
v -2.703204 -23.996855 7.241515
v -3.778748 -23.996855 6.309554
v -4.548160 -23.996855 5.112323
v -4.949107 -23.996855 3.746823
v -4.949107 -23.996855 2.323674
v -4.548160 -23.996855 0.958173
v -3.778748 -23.996855 -0.239055
v -2.703204 -23.996855 -1.171020
v -1.408663 -23.996855 -1.762218
v 0.000000 -23.943855 8.035247
v 1.408663 -23.943855 7.832713
v 2.703204 -23.943855 7.241515
v 3.778748 -23.943855 6.309554
v 4.548160 -23.943855 5.112323
v 4.949107 -23.943855 3.746823
v 4.949107 -23.943855 2.323674
v 4.548160 -23.943855 0.958173
v 3.778748 -23.943855 -0.239055
v 2.703204 -23.943855 -1.171020
v 1.408663 -23.943855 -1.762218
v 0.000000 -23.943855 -1.964751
v -1.408663 -23.943855 -1.762218
v -2.703204 -23.943855 -1.171020
v -3.778748 -23.943855 -0.239055
v -4.548160 -23.943855 0.958173
v -4.949107 -23.943855 2.323674
v -4.949107 -23.943855 3.746823
v -4.548160 -23.943855 5.112323
v -3.778748 -23.943855 6.309554
v -2.703204 -23.943855 7.241515
v -1.408663 -23.943855 7.832713
v -1.935689 -23.943855 7.536704
v -0.589074 -23.943855 7.899711
v -3.125487 -23.943855 6.809016
v -4.898783 -23.943855 3.144456
v -4.669580 -23.943855 4.520179
v -4.731115 -23.943855 1.759885
v -4.062076 -23.943855 5.775599
v 4.180160 -23.943855 5.591861
v 4.731115 -23.943855 4.310611
v 3.290554 -23.943855 6.665984
v 0.805265 -23.943855 7.868625
v 2.134367 -23.943855 7.445971
v -3.290554 -23.943855 -0.595489
v -4.180160 -23.943855 0.478637
v -2.134367 -23.943855 -1.375474
v 3.125487 -23.943855 -0.738521
v 1.935689 -23.943855 -1.466209
v 4.062076 -23.943855 0.294896
v -0.805265 -23.943855 -1.798129
v 0.589074 -23.943855 -1.829213
v 4.898783 -23.943855 2.926042
v 4.669580 -23.943855 1.550319
v -4.180160 -26.943855 0.478637
v -4.731115 -26.943855 1.759885
v -4.898783 -26.943855 3.144456
v -4.669580 -26.943855 4.520179
v -4.062076 -26.943855 5.775599
v -3.125487 -26.943855 6.809016
v -1.935689 -26.943855 7.536704
v -0.589074 -26.943855 7.899711
v 0.805265 -26.943855 7.868625
v 2.134367 -26.943855 7.445971
v 3.290554 -26.943855 6.665984
v 4.180160 -26.943855 5.591861
v 4.731115 -26.943855 4.310611
v 4.898783 -26.943855 2.926041
v 4.669580 -26.943855 1.550318
v 4.062076 -26.943855 0.294896
v 3.125487 -26.943855 -0.738521
v 1.935689 -26.943855 -1.466209
v 0.589074 -26.943855 -1.829213
v -0.805265 -26.943855 -1.798129
v -2.134367 -26.943855 -1.375474
v -3.290554 -26.943855 -0.595489
v -4.908780 -26.943855 3.144679
v -4.679110 -26.943855 4.523210
v -4.070366 -26.943855 5.781196
v 4.188691 -26.943855 5.597075
v 4.740770 -26.943855 4.313214
v 4.679110 -26.943855 1.547288
v 4.070366 -26.943855 0.289302
v 3.131866 -26.943855 -0.746223
v 1.939640 -26.943855 -1.475394
v -3.131866 -26.943855 6.816718
v -1.939640 -26.943855 7.545890
v -0.590276 -26.943855 7.909636
v 2.138722 -26.943855 7.454974
v 3.297269 -26.943855 6.673396
v 4.908780 -26.943855 2.925818
v 0.590276 -26.943855 -1.839141
v -0.806909 -26.943855 -1.807994
v -2.138722 -26.943855 -1.384477
v 0.806909 -26.943855 7.878489
v -3.297269 -26.943855 -0.602899
v -4.188691 -26.943855 0.473420
v -4.740770 -26.943855 1.757283
v -4.188691 -29.943857 0.473420
v -4.740770 -29.943857 1.757283
v -4.908780 -29.943857 3.144679
v -4.679110 -29.943857 4.523209
v -4.070366 -29.943857 5.781195
v -3.131866 -29.943857 6.816718
v -1.939640 -29.943857 7.545889
v -0.590276 -29.943857 7.909636
v 0.806909 -29.943857 7.878489
v 2.138722 -29.943857 7.454974
v 3.297269 -29.943857 6.673396
v 4.188691 -29.943857 5.597075
v 4.740770 -29.943857 4.313214
v 4.908780 -29.943857 2.925818
v 4.679110 -29.943857 1.547288
v 4.070366 -29.943857 0.289302
v 3.131866 -29.943857 -0.746223
v 1.939640 -29.943857 -1.475395
v 0.590276 -29.943857 -1.839141
v -0.806909 -29.943857 -1.807994
v -2.138722 -29.943857 -1.384477
v -3.297269 -29.943857 -0.602899
v 0.805265 -29.943857 7.868624
v -0.589074 -29.943857 7.899710
v -1.935689 -29.943857 7.536704
v -3.125487 -29.943857 6.809016
v -4.669580 -29.943857 4.520178
v -4.062076 -29.943857 5.775599
v -4.898783 -29.943857 3.144456
v -3.290554 -29.943857 -0.595489
v -2.134367 -29.943857 -1.375474
v 2.134367 -29.943857 7.445971
v -4.731115 -29.943857 1.759884
v -4.180160 -29.943857 0.478636
v 3.125487 -29.943857 -0.738521
v 4.062076 -29.943857 0.294896
v 4.180160 -29.943857 5.591860
v 3.290554 -29.943857 6.665984
v -0.805265 -29.943857 -1.798129
v 0.589074 -29.943857 -1.829214
v 1.935689 -29.943857 -1.466209
v 4.731115 -29.943857 4.310610
v 4.669580 -29.943857 1.550318
v 4.898783 -29.943857 2.926041
v -4.180160 -30.975679 0.478636
v -4.670530 -30.975679 1.553305
v -4.731115 -30.975679 1.759884
v -4.889465 -30.975679 2.714098
v -4.898783 -30.975679 3.144455
v -4.824242 -30.975679 3.893555
v -4.478651 -30.975679 5.023133
v -4.669580 -30.975679 4.520178
v -3.872778 -30.975679 6.037180
v -4.062076 -30.975679 5.775599
v -3.041833 -30.975679 6.876765
v -2.034108 -30.975679 7.493098
v -0.908167 -30.975679 7.850352
v -0.589074 -30.975679 7.899710
v 0.270552 -30.975679 7.927771
v 1.433548 -30.975679 7.720858
v 0.805265 -30.975679 7.868624
v 2.513232 -30.975679 7.241633
v 2.134367 -30.975679 7.445971
v 3.446856 -30.975679 6.517947
v 3.290554 -30.975679 6.665984
v 4.180160 -30.975679 5.591860
v 4.670530 -30.975679 4.517190
v 4.731115 -30.975679 4.310610
v 4.889465 -30.975679 3.356396
v 4.898783 -30.975679 2.926041
v 4.824242 -30.975679 2.176939
v 4.478651 -30.975679 1.047364
v 4.669580 -30.975679 1.550318
v 3.872778 -30.975679 0.033316
v 4.062076 -30.975679 0.294896
v 3.041833 -30.975679 -0.806268
v 2.034108 -30.975679 -1.422599
v 0.908167 -30.975679 -1.779857
v 0.589074 -30.975679 -1.829214
v -0.270552 -30.975679 -1.857276
v -1.433548 -30.975679 -1.650361
v -0.805265 -30.975679 -1.798129
v -2.513232 -30.975679 -1.171136
v -2.134367 -30.975679 -1.375474
v -3.446856 -30.975679 -0.447450
v -3.290554 -30.975679 -0.595489
v 4.060362 -31.882788 5.518588
v 2.441206 -31.882788 7.121081
v 3.348073 -31.882788 6.418135
v 1.392465 -31.882788 7.586573
v 0.262799 -31.882788 7.787558
v -0.882140 -31.882788 7.712359
v -1.975813 -31.882788 7.365340
v -2.954658 -31.882788 6.766673
v -4.350299 -31.882788 4.966162
v -3.761789 -31.882788 5.951148
v -4.685985 -31.882788 3.868958
v -4.749338 -31.882788 2.723303
v -4.536678 -31.882788 1.595776
v 3.712183 -32.704971 5.305642
v 3.060973 -32.704971 6.128050
v 2.231870 -32.704971 6.770716
v 1.273060 -32.704971 7.196295
v 0.240263 -32.704971 7.380045
v -0.806496 -32.704971 7.311289
v -1.806385 -32.704971 6.994029
v -2.701293 -32.704971 6.446700
v -3.439212 -32.704971 5.701106
v -3.977257 -32.704971 4.800583
v -4.284158 -32.704971 3.797467
v -4.342079 -32.704971 2.750052
v -4.147654 -32.704971 1.719212
v -4.060362 -31.882788 0.551907
v 3.168218 -33.365265 4.972949
v 2.612433 -33.365265 5.674845
v 1.904823 -33.365265 6.223341
v 1.086512 -33.365265 6.586554
v 0.205056 -33.365265 6.743380
v -0.688316 -33.365265 6.684702
v -1.541686 -33.365265 6.413931
v -2.305459 -33.365265 5.946803
v -2.935247 -33.365265 5.310465
v -3.394450 -33.365265 4.541901
v -3.656379 -33.365265 3.685774
v -3.705812 -33.365265 2.791842
v -3.539878 -33.365265 1.912056
v -3.712183 -32.704971 0.764855
v 2.479394 -33.801849 4.551659
v 2.044446 -33.801849 5.100953
v 1.490682 -33.801849 5.530196
v 0.850286 -33.801849 5.814440
v 0.160474 -33.801849 5.937171
v -0.538665 -33.801849 5.891249
v -1.206498 -33.801849 5.679347
v -1.804213 -33.801849 5.313780
v -2.297075 -33.801849 4.815794
v -2.656439 -33.801849 4.214329
v -2.861420 -33.801849 3.544341
v -2.900106 -33.801849 2.844763
v -2.770248 -33.801849 2.156258
v -3.168218 -33.365265 1.097546
v 1.710196 -33.973846 4.081213
v 1.028219 -33.973846 4.756173
v 1.346239 -33.973846 4.520663
v 0.586496 -33.973846 4.952235
v 0.873217 -33.973846 4.839774
v 0.329452 -33.973846 5.012690
v 0.110689 -33.973846 5.036889
v -0.241003 -33.973846 5.025406
v -0.371551 -33.973846 5.005213
v -0.791933 -33.973846 4.876893
v -0.832198 -33.973846 4.859051
v -1.584439 -33.973846 4.263405
v -1.278706 -33.973846 4.579180
v -1.832315 -33.973846 3.848534
v -1.661885 -33.973846 4.156388
v -1.973704 -33.973846 3.386401
v -1.910429 -33.973846 3.642766
v -2.004201 -33.973846 3.079926
v -2.000388 -33.973846 2.903859
v -1.935604 -33.973846 2.513468
v -1.910817 -33.973846 2.428954
v -2.479394 -33.801849 1.518836
v -1.710196 -33.973846 1.989281
v -1.244481 -33.973846 4.606898
v 1.410185 -33.973846 4.460097
v -2.441206 -31.882788 -1.050586
v -3.348073 -31.882788 -0.347640
v -1.392465 -31.882788 -1.516078
v -0.262799 -31.882788 -1.717063
v 0.882140 -31.882788 -1.641862
v 1.975813 -31.882788 -1.294843
v 2.954658 -31.882788 -0.696176
v 4.350299 -31.882788 1.104334
v 3.761789 -31.882788 0.119347
v 4.685985 -31.882788 2.201539
v 4.749338 -31.882788 3.347193
v 4.536678 -31.882788 4.474720
v -3.060973 -32.704971 -0.057556
v -2.231870 -32.704971 -0.700222
v -1.273060 -32.704971 -1.125799
v -0.240263 -32.704971 -1.309549
v 0.806496 -32.704971 -1.240795
v 1.806385 -32.704971 -0.923534
v 2.701293 -32.704971 -0.376203
v 3.439212 -32.704971 0.369389
v 3.977257 -32.704971 1.269911
v 4.284158 -32.704971 2.273030
v 4.342079 -32.704971 3.320445
v 4.147654 -32.704971 4.351285
v -2.612433 -33.365265 0.395649
v -1.904823 -33.365265 -0.152845
v -1.086512 -33.365265 -0.516059
v -0.205056 -33.365265 -0.672884
v 0.688316 -33.365265 -0.614206
v 1.541686 -33.365265 -0.343435
v 2.305459 -33.365265 0.123694
v 2.935247 -33.365265 0.760031
v 3.394450 -33.365265 1.528595
v 3.656379 -33.365265 2.384720
v 3.705812 -33.365265 3.278653
v 3.539878 -33.365265 4.158438
v -2.044446 -33.801849 0.969542
v -1.490682 -33.801849 0.540301
v -0.850286 -33.801849 0.256054
v -0.160474 -33.801849 0.133326
v 0.538665 -33.801849 0.179247
v 1.206498 -33.801849 0.391148
v 1.804213 -33.801849 0.756714
v 2.297075 -33.801849 1.254702
v 2.656439 -33.801849 1.856167
v 2.861420 -33.801849 2.526156
v 2.900106 -33.801849 3.225731
v 2.770248 -33.801849 3.914238
v -1.028219 -33.973846 1.314322
v -1.346239 -33.973846 1.549834
v -0.586496 -33.973846 1.118262
v -0.873217 -33.973846 1.230723
v -0.329452 -33.973846 1.057806
v -0.110689 -33.973846 1.033608
v 0.241003 -33.973846 1.045088
v 0.371551 -33.973846 1.065281
v 0.791933 -33.973846 1.193602
v 0.832198 -33.973846 1.211443
v 1.584439 -33.973846 1.807091
v 1.278706 -33.973846 1.491316
v 1.832315 -33.973846 2.221961
v 1.661885 -33.973846 1.914109
v 1.973704 -33.973846 2.684094
v 1.910429 -33.973846 2.427729
v 2.004201 -33.973846 2.990569
v 2.000388 -33.973846 3.166636
v 1.935604 -33.973846 3.557026
v 1.910817 -33.973846 3.641543
v 1.244481 -33.973846 1.463599
v -1.410185 -33.973846 1.610400
v 0.000000 -34.043854 3.035248
v -7.838835 -15.446855 -26.564751
v -3.077804 -12.661654 -26.564751
v 0.000000 -12.946855 -26.564751
v 7.838835 -15.446855 -26.564751
v 3.077804 -12.661654 -26.564751
v -6.050798 -11.815764 -26.564751
v 6.050798 -11.815764 -26.564751
v -8.817739 -10.437991 -26.564751
v -7.838835 23.641981 -26.564749
v 7.838835 23.641981 -26.564749
v 0.000000 20.553146 -26.564751
v -3.077804 20.267946 -26.564751
v 6.050798 19.422056 -26.564751
v 3.077804 20.267946 -26.564751
v -6.050798 19.422056 -26.564751
v 8.817739 18.044283 -26.564751
v 7.838835 -21.785688 -26.564751
v -7.838835 -21.785688 -26.564751
v -14.839305 25.897398 -26.564749
v -16.198574 26.518154 -26.564749
v -17.677670 26.730816 -26.564749
v -13.709984 24.918835 -26.564749
v -12.902102 23.661745 -26.564749
v -19.156765 26.518154 -26.564749
v -22.453238 23.661745 -26.564749
v -20.516033 25.897398 -26.564749
v -21.645355 24.918835 -26.564749
v -21.645355 18.042797 -26.564751
v -20.516033 17.064236 -26.564751
v -19.838835 3.803146 -26.564751
v -22.453238 19.299889 -26.564751
v -22.874231 20.733664 -26.564751
v -22.874231 22.227968 -26.564749
v -11.284402 16.181545 -26.564751
v -13.366789 13.897275 -26.564751
v -14.839305 17.064236 -26.564751
v -16.198574 16.443478 -26.564751
v -17.677670 16.230816 -26.564751
v -16.110580 8.387001 -26.564751
v -16.678547 5.348640 -26.564751
v -14.993985 11.269262 -26.564751
v -16.678547 2.257651 -26.564751
v -13.709984 18.042797 -26.564751
v -12.902102 19.299889 -26.564751
v -19.156765 16.443478 -26.564751
v -8.817739 18.044283 -26.564751
v -12.481107 20.733664 -26.564751
v -12.481107 22.227968 -26.564749
v 21.645355 18.042797 -26.564751
v 22.453238 19.299889 -26.564751
v 22.874231 20.733664 -26.564751
v 22.874231 22.227968 -26.564749
v 19.838835 3.803146 -26.564751
v 20.516033 17.064236 -26.564751
v 21.645355 24.918835 -26.564749
v 20.516033 25.897398 -26.564749
v 22.453238 23.661745 -26.564749
v 14.839305 25.897398 -26.564749
v 19.156765 26.518154 -26.564749
v 17.677670 26.730816 -26.564749
v 13.709984 24.918835 -26.564749
v 12.902102 23.661745 -26.564749
v 16.198574 26.518154 -26.564749
v 17.677670 16.230816 -26.564751
v 16.110580 8.387001 -26.564751
v 14.993985 11.269262 -26.564751
v 16.678547 5.348640 -26.564751
v 16.198574 16.443478 -26.564751
v 13.366789 13.897275 -26.564751
v 11.284402 16.181545 -26.564751
v 13.709984 18.042797 -26.564751
v 14.839305 17.064236 -26.564751
v 19.156765 16.443478 -26.564751
v 16.678547 2.257651 -26.564751
v 12.481107 22.227968 -26.564749
v 12.481107 20.733664 -26.564751
v 12.902102 19.299889 -26.564751
v -17.677670 -8.624524 -26.564751
v -16.110580 -0.780709 -26.564751
v -14.993985 -3.662971 -26.564751
v -16.198574 -8.837186 -26.564751
v -13.366789 -6.290984 -26.564751
v -11.284402 -8.575253 -26.564751
v -13.709984 -10.436505 -26.564751
v -14.839305 -9.457943 -26.564751
v -12.902102 -11.693596 -26.564751
v -19.156765 -8.837186 -26.564751
v -12.481107 -13.127372 -26.564751
v -12.481107 -14.621676 -26.564751
v -12.902102 -16.055452 -26.564751
v -20.516033 -9.457943 -26.564751
v -21.645355 -10.436505 -26.564751
v -22.453238 -11.693596 -26.564751
v -22.874231 -13.127372 -26.564751
v -22.874231 -14.621676 -26.564751
v -22.453238 -16.055452 -26.564751
v -21.645355 -17.312542 -26.564751
v -20.516033 -18.291105 -26.564751
v -16.198574 -18.911861 -26.564751
v -14.839305 -18.291105 -26.564751
v -19.156765 -18.911861 -26.564751
v -17.677670 -19.124523 -26.564751
v -13.709984 -17.312542 -26.564751
v 22.453238 -16.055452 -26.564751
v 20.516033 -18.291105 -26.564751
v 21.645355 -17.312542 -26.564751
v 21.645355 -10.436505 -26.564751
v 22.874231 -13.127372 -26.564751
v 20.516033 -9.457943 -26.564751
v 22.453238 -11.693596 -26.564751
v 22.874231 -14.621676 -26.564751
v 8.817739 -10.437991 -26.564751
v 12.481107 -13.127372 -26.564751
v 11.284402 -8.575253 -26.564751
v 13.366789 -6.290984 -26.564751
v 14.839305 -9.457943 -26.564751
v 16.198574 -8.837186 -26.564751
v 12.481107 -14.621676 -26.564751
v 13.709984 -10.436505 -26.564751
v 12.902102 -11.693596 -26.564751
v 14.993985 -3.662971 -26.564751
v 17.677670 -8.624524 -26.564751
v 19.156765 -8.837186 -26.564751
v 16.110580 -0.780709 -26.564751
v 14.839305 -18.291105 -26.564751
v 12.902102 -16.055452 -26.564751
v 17.677670 -19.124523 -26.564751
v 16.198574 -18.911861 -26.564751
v 13.709984 -17.312542 -26.564751
v 19.156765 -18.911861 -26.564751
v -2.956304 -19.846754 -26.564751
v -3.216920 -20.734331 -26.564751
v -2.456186 -19.068556 -26.564751
v -0.915631 -18.078501 -26.564751
v -1.757083 -18.462780 -26.564751
v 0.000000 -17.946854 -26.564751
v 3.216920 -20.734331 -26.564751
v 1.757083 -18.462780 -26.564751
v 0.915631 -18.078501 -26.564751
v 2.956304 -19.846754 -26.564751
v 2.456186 -19.068556 -26.564751
v 3.216920 -21.659376 -26.564751
v 0.915631 -24.315207 -26.564753
v -1.757083 -23.930927 -26.564753
v -0.915631 -24.315207 -26.564753
v -2.456186 -23.325151 -26.564753
v 2.456186 -23.325151 -26.564753
v 0.000000 -24.446854 -26.564753
v -2.956304 -22.546953 -26.564753
v -3.216920 -21.659376 -26.564751
v 2.956304 -22.546953 -26.564753
v 1.757083 -23.930927 -26.564753
v 0.845198 -18.318375 -26.314751
v 1.621922 -18.673092 -26.314751
v 2.267249 -19.232271 -26.314751
v 2.728896 -19.950609 -26.314751
v 2.969464 -20.769909 -26.314751
v 2.969464 -21.623798 -26.314751
v 2.728896 -22.443098 -26.314753
v 2.267249 -23.161436 -26.314753
v 1.621922 -23.720615 -26.314753
v 0.845198 -24.075333 -26.314753
v 0.000000 -24.196854 -26.314753
v 0.000000 -18.196854 -26.314751
v 19.015900 -9.316933 -26.064751
v 20.245712 -9.878570 -26.064751
v 21.267481 -10.763936 -26.064751
v 21.998423 -11.901302 -26.064751
v 22.379320 -13.198529 -26.064751
v 22.379320 -14.550519 -26.064751
v 21.998423 -15.847745 -26.064751
v 21.267481 -16.985111 -26.064751
v 20.245712 -17.870478 -26.064751
v 19.015900 -18.432116 -26.064751
v 17.677670 -18.624523 -26.064751
v 17.677670 -9.124524 -26.064751
v -16.339439 -9.316933 -26.064751
v -15.109626 -9.878570 -26.064751
v -14.087859 -10.763936 -26.064751
v -13.356918 -11.901302 -26.064751
v -12.976018 -13.198529 -26.064751
v -12.976018 -14.550519 -26.064751
v -13.356918 -15.847745 -26.064751
v -14.087859 -16.985111 -26.064751
v -15.109626 -17.870478 -26.064751
v -16.339439 -18.432116 -26.064751
v -17.677670 -18.624523 -26.064751
v -17.677670 -9.124524 -26.064751
v 19.015900 26.038408 -26.064749
v 20.245712 25.476770 -26.064749
v 21.267481 24.591404 -26.064749
v 21.998423 23.454037 -26.064749
v 22.379320 22.156811 -26.064749
v 22.379320 20.804821 -26.064751
v 21.998423 19.507595 -26.064751
v 21.267481 18.370228 -26.064751
v 20.245712 17.484861 -26.064751
v 19.015900 16.923225 -26.064751
v 17.677670 16.730816 -26.064751
v 17.677670 26.230816 -26.064749
v -16.339439 26.038408 -26.064749
v -15.109626 25.476770 -26.064749
v -14.087859 24.591404 -26.064749
v -13.356918 23.454037 -26.064749
v -12.976018 22.156811 -26.064749
v -12.976018 20.804821 -26.064751
v -13.356918 19.507595 -26.064751
v -14.087859 18.370228 -26.064751
v -15.109626 17.484861 -26.064751
v -16.339439 16.923225 -26.064751
v -17.677670 16.730816 -26.064751
v -17.677670 26.230816 -26.064749
v 2.894055 19.284973 -25.564751
v 5.689556 18.489584 -25.564751
v 3.072673 19.250515 -25.564751
v 8.291307 17.194067 -25.564751
v 6.027264 18.354250 -25.564751
v 10.610706 15.442535 -25.564751
v 8.750231 16.898792 -25.564751
v 12.568771 13.294641 -25.564751
v 11.136932 14.940078 -25.564751
v 14.098822 10.823524 -25.564751
v 13.095646 12.553376 -25.564751
v 15.148754 8.113338 -25.564751
v 14.551103 9.830410 -25.564751
v 15.682813 5.256372 -25.564751
v 15.447368 6.875819 -25.564751
v 15.750000 3.803146 -25.564751
v 15.682813 2.349919 -25.564751
v 15.447368 0.730473 -25.564751
v 15.148754 -0.507046 -25.564751
v 14.551103 -2.224118 -25.564751
v 14.098822 -3.217233 -25.564751
v 13.095646 -4.947085 -25.564751
v 12.568771 -5.688351 -25.564751
v 11.136932 -7.333787 -25.564751
v 10.610706 -7.836245 -25.564751
v 8.750231 -9.292500 -25.564751
v 8.291307 -9.587774 -25.564751
v 6.027264 -10.747957 -25.564751
v 5.689556 -10.883292 -25.564751
v 3.072673 -11.644222 -25.564751
v 2.894055 -11.678680 -25.564751
v 0.000000 -11.946855 -25.564751
v 0.000000 19.553146 -25.564751
v -2.894055 -11.678680 -25.564751
v -5.689556 -10.883292 -25.564751
v -3.072673 -11.644222 -25.564751
v -8.291307 -9.587774 -25.564751
v -6.027264 -10.747957 -25.564751
v -10.610706 -7.836245 -25.564751
v -8.750231 -9.292500 -25.564751
v -12.568771 -5.688351 -25.564751
v -11.136932 -7.333787 -25.564751
v -14.098822 -3.217233 -25.564751
v -13.095646 -4.947085 -25.564751
v -15.148754 -0.507046 -25.564751
v -14.551103 -2.224118 -25.564751
v -15.682813 2.349919 -25.564751
v -15.447368 0.730473 -25.564751
v -15.750000 3.803146 -25.564751
v -15.682813 5.256372 -25.564751
v -15.447368 6.875819 -25.564751
v -15.148754 8.113338 -25.564751
v -14.551103 9.830410 -25.564751
v -14.098822 10.823524 -25.564751
v -13.095646 12.553376 -25.564751
v -12.568771 13.294641 -25.564751
v -11.136932 14.940078 -25.564751
v -10.610706 15.442535 -25.564751
v -8.750231 16.898792 -25.564751
v -8.291307 17.194067 -25.564751
v -6.027264 18.354250 -25.564751
v -5.689556 18.489584 -25.564751
v -3.072673 19.250515 -25.564751
v -2.894055 19.284973 -25.564751
v 0.000000 19.553144 -20.364750
v 3.072673 19.250513 -20.364750
v 6.027264 18.354248 -20.364750
v 8.750231 16.898790 -20.364750
v 11.136932 14.940078 -20.364750
v 13.095646 12.553376 -20.364750
v 14.551103 9.830410 -20.364750
v 15.447368 6.875819 -20.364750
v 15.750000 3.803146 -20.364750
v 15.447368 0.730473 -20.364750
v 14.551103 -2.224118 -20.364750
v 13.095646 -4.947085 -20.364750
v 11.136932 -7.333787 -20.364750
v 8.750231 -9.292500 -20.364750
v 6.027264 -10.747957 -20.364750
v 3.072673 -11.644222 -20.364750
v 0.000000 -11.946855 -20.364750
v -3.072673 -11.644222 -20.364750
v -6.027264 -10.747957 -20.364750
v -8.750231 -9.292500 -20.364750
v -11.136932 -7.333787 -20.364750
v -13.095646 -4.947085 -20.364750
v -14.551103 -2.224118 -20.364750
v -15.447368 0.730473 -20.364750
v -15.750000 3.803146 -20.364750
v -15.447368 6.875819 -20.364750
v -14.551103 9.830410 -20.364750
v -13.095646 12.553376 -20.364750
v -11.136932 14.940078 -20.364750
v -8.750231 16.898790 -20.364750
v -6.027264 18.354248 -20.364750
v -3.072673 19.250513 -20.364750
v -19.015900 16.923225 -26.064751
v -20.245712 17.484861 -26.064751
v -21.267481 18.370228 -26.064751
v -21.998423 19.507595 -26.064751
v -22.379320 20.804821 -26.064751
v -22.379320 22.156811 -26.064749
v -21.998423 23.454037 -26.064749
v -21.267481 24.591404 -26.064749
v -20.245712 25.476770 -26.064749
v -19.015900 26.038408 -26.064749
v -17.677670 16.730814 -18.064751
v -16.339439 16.923223 -18.064751
v -15.109626 17.484859 -18.064751
v -14.087859 18.370226 -18.064751
v -13.356918 19.507593 -18.064751
v -12.976018 20.804819 -18.064751
v -12.976018 22.156809 -18.064749
v -13.356918 23.454035 -18.064749
v -14.087859 24.591402 -18.064749
v -15.109626 25.476768 -18.064749
v -16.339439 26.038406 -18.064749
v -17.677670 26.230814 -18.064749
v -20.245712 17.484859 -18.064751
v -21.267481 18.370226 -18.064751
v -21.998423 19.507593 -18.064751
v -22.379320 20.804819 -18.064751
v -19.015900 16.923223 -18.064751
v -20.506098 24.309242 -18.064749
v -18.464537 26.165186 -18.064749
v -22.379320 22.156809 -18.064749
v -22.362041 22.267681 -18.064749
v -19.015900 26.038406 -17.464748
v -20.245712 25.476768 -17.464748
v -21.267481 24.591402 -17.464748
v -21.998423 23.454035 -17.464748
v -22.362041 22.267681 -17.464748
v -18.464537 26.165186 -17.464748
v -20.506098 24.309242 -17.464748
v 16.339439 16.923225 -26.064751
v 15.109626 17.484861 -26.064751
v 14.087859 18.370228 -26.064751
v 13.356918 19.507595 -26.064751
v 12.976018 20.804821 -26.064751
v 12.976018 22.156811 -26.064749
v 13.356918 23.454037 -26.064749
v 14.087859 24.591404 -26.064749
v 15.109626 25.476770 -26.064749
v 16.339439 26.038408 -26.064749
v 17.677670 26.230814 -18.064749
v 16.339439 26.038406 -18.064749
v 15.109626 25.476768 -18.064749
v 14.087859 24.591402 -18.064749
v 13.356918 23.454035 -18.064749
v 12.976018 22.156809 -18.064749
v 12.976018 20.804819 -18.064751
v 13.356918 19.507593 -18.064751
v 14.087859 18.370226 -18.064751
v 15.109626 17.484859 -18.064751
v 16.339439 16.923223 -18.064751
v 17.677670 16.730814 -18.064751
v 19.015900 16.923223 -18.064751
v 21.998423 19.507593 -18.064751
v 21.267481 18.370226 -18.064751
v 22.379320 22.156809 -18.064749
v 22.379320 20.804819 -18.064751
v 20.245712 17.484859 -18.064751
v 20.506098 24.309242 -18.064749
v 22.362041 22.267681 -18.064749
v 18.464537 26.165186 -18.064749
v 21.998423 23.454035 -17.464748
v 21.267481 24.591402 -17.464748
v 20.245712 25.476768 -17.464748
v 19.015900 26.038406 -17.464748
v 18.464537 26.165186 -17.464748
v 22.362041 22.267681 -17.464748
v 20.506098 24.309242 -17.464748
v -19.015900 -18.432116 -26.064751
v -20.245712 -17.870478 -26.064751
v -21.267481 -16.985111 -26.064751
v -21.998423 -15.847745 -26.064751
v -22.379320 -14.550519 -26.064751
v -22.379320 -13.198529 -26.064751
v -21.998423 -11.901302 -26.064751
v -21.267481 -10.763936 -26.064751
v -20.245712 -9.878570 -26.064751
v -19.015900 -9.316933 -26.064751
v -17.677670 -18.624525 -18.064751
v -16.339439 -18.432117 -18.064751
v -15.109626 -17.870480 -18.064751
v -14.087859 -16.985113 -18.064751
v -13.356918 -15.847745 -18.064751
v -12.976018 -14.550519 -18.064751
v -12.976018 -13.198529 -18.064751
v -13.356918 -11.901302 -18.064751
v -14.087859 -10.763936 -18.064751
v -15.109626 -9.878570 -18.064751
v -16.339439 -9.316933 -18.064751
v -17.677670 -9.124524 -18.064751
v -20.245712 -9.878570 -18.064751
v -19.015900 -9.316933 -18.064751
v -21.998423 -11.901302 -18.064751
v -21.267481 -10.763936 -18.064751
v -22.379320 -14.550519 -18.064751
v -22.379320 -13.198529 -18.064751
v -20.506098 -16.702953 -18.064751
v -22.362041 -14.661391 -18.064751
v -18.464537 -18.558897 -18.064751
v -21.998423 -15.847745 -17.464750
v -21.267481 -16.985113 -17.464750
v -20.245712 -17.870480 -17.464750
v -19.015900 -18.432117 -17.464750
v -18.464537 -18.558897 -17.464750
v -22.362041 -14.661391 -17.464750
v -20.506098 -16.702953 -17.464750
v 16.339439 -18.432116 -26.064751
v 15.109626 -17.870478 -26.064751
v 14.087859 -16.985111 -26.064751
v 13.356918 -15.847745 -26.064751
v 12.976018 -14.550519 -26.064751
v 12.976018 -13.198529 -26.064751
v 13.356918 -11.901302 -26.064751
v 14.087859 -10.763936 -26.064751
v 15.109626 -9.878570 -26.064751
v 16.339439 -9.316933 -26.064751
v 17.677670 -9.124524 -18.064751
v 16.339439 -9.316933 -18.064751
v 15.109626 -9.878570 -18.064751
v 14.087859 -10.763936 -18.064751
v 13.356918 -11.901302 -18.064751
v 12.976018 -13.198529 -18.064751
v 12.976018 -14.550519 -18.064751
v 13.356918 -15.847745 -18.064751
v 14.087859 -16.985113 -18.064751
v 15.109626 -17.870480 -18.064751
v 16.339439 -18.432117 -18.064751
v 17.677670 -18.624525 -18.064751
v 19.015900 -9.316933 -18.064751
v 20.245712 -9.878570 -18.064751
v 21.267481 -10.763936 -18.064751
v 21.998423 -11.901302 -18.064751
v 22.379320 -13.198529 -18.064751
v 20.506098 -16.702953 -18.064751
v 18.464537 -18.558897 -18.064751
v 22.379320 -14.550519 -18.064751
v 22.362041 -14.661391 -18.064751
v 19.015900 -18.432117 -17.464750
v 20.245712 -17.870480 -17.464750
v 21.267481 -16.985113 -17.464750
v 21.998423 -15.847745 -17.464750
v 22.362041 -14.661391 -17.464750
v 18.464537 -18.558897 -17.464750
v 20.506098 -16.702953 -17.464750
v -0.845198 -24.075333 -26.314753
v -1.621922 -23.720615 -26.314753
v -2.267249 -23.161436 -26.314753
v -2.728896 -22.443098 -26.314753
v -2.969464 -21.623798 -26.314751
v -2.969464 -20.769909 -26.314751
v -2.728896 -19.950609 -26.314751
v -2.267249 -19.232271 -26.314751
v -1.621922 -18.673092 -26.314751
v -0.845198 -18.318375 -26.314751
v 0.000000 -24.196856 -20.364752
v 0.845198 -24.075335 -20.364752
v 1.621922 -23.720617 -20.364752
v 2.267249 -23.161438 -20.364752
v 2.728896 -22.443100 -20.364752
v 2.969464 -21.623800 -20.364750
v 2.969464 -20.769911 -20.364750
v 2.728896 -19.950611 -20.364750
v 2.267249 -19.232273 -20.364750
v 1.621922 -18.673094 -20.364750
v 0.845198 -18.318377 -20.364750
v 0.000000 -18.196856 -20.364750
v -0.845198 -18.318377 -20.364750
v -1.621922 -18.673094 -20.364750
v -2.267249 -19.232273 -20.364750
v -2.728896 -19.950611 -20.364750
v -2.969464 -20.769911 -20.364750
v -2.969464 -21.623800 -20.364750
v -2.728896 -22.443100 -20.364752
v -2.267249 -23.161438 -20.364752
v -1.621922 -23.720617 -20.364752
v -0.845198 -24.075335 -20.364752
v 0.000000 -21.196856 -18.562168
v 3.335415 -23.943855 1.974584
v 2.985829 -23.943855 4.861400
v 2.350396 -23.943855 5.628631
v 3.499131 -23.943855 2.957244
v 3.379368 -23.943855 3.946221
v -3.379368 -23.943855 2.124276
v 0.420767 -23.943855 -0.439368
v 1.382635 -23.943855 -0.180078
v -2.985829 -23.943855 1.209098
v -2.350396 -23.943855 0.441865
v -1.524548 -23.943855 -0.115268
v -0.575190 -23.943855 -0.417165
v 2.232491 -23.943855 0.339700
v -3.335415 -23.943855 4.095914
v -3.499131 -23.943855 3.113254
v -2.232491 -23.943855 5.730796
v -2.901483 -23.943855 4.992644
v 0.575190 -23.943855 6.487662
v -0.420767 -23.943855 6.509864
v 1.524548 -23.943855 6.185767
v 2.901483 -23.943855 1.077853
v -1.382635 -23.943855 6.250575
v -2.985829 -31.543856 1.209097
v -2.350396 -31.543856 0.441865
v -1.524548 -31.543856 -0.115268
v -0.575190 -31.543856 -0.417165
v 0.420767 -31.543856 -0.439369
v 1.382635 -31.543856 -0.180078
v 2.232491 -31.543856 0.339699
v 2.901483 -31.543856 1.077853
v 3.335415 -31.543856 1.974583
v 3.499131 -31.543856 2.957243
v 3.379368 -31.543856 3.946221
v 2.985829 -31.543856 4.861399
v 2.350396 -31.543856 5.628630
v 1.524548 -31.543856 6.185767
v 0.575190 -31.543856 6.487662
v -0.420767 -31.543856 6.509863
v -1.382635 -31.543856 6.250575
v -2.232491 -31.543856 5.730795
v -2.901483 -31.543856 4.992644
v -3.335415 -31.543856 4.095913
v -3.499131 -31.543856 3.113253
v -3.379368 -31.543856 2.124276
v 0.000000 -33.646866 3.035248
v 0.000000 -7.196855 -18.926558
v -1.376189 -6.792768 -18.064751
v -1.434288 -7.196855 -18.064751
v -1.206600 -6.421419 -18.064751
v -0.939259 -6.112891 -18.064751
v -0.595825 -5.892180 -18.064751
v -0.204120 -5.777165 -18.064751
v 0.204120 -5.777165 -18.064751
v 0.595825 -5.892180 -18.064751
v 0.939259 -6.112891 -18.064751
v 1.206600 -6.421419 -18.064751
v 1.376189 -6.792768 -18.064751
v 1.434288 -7.196855 -18.064751
v 1.206600 -7.972290 -18.064751
v -0.595825 -8.501529 -18.064751
v -1.376189 -7.600941 -18.064751
v -0.939259 -8.280818 -18.064751
v -1.206600 -7.972290 -18.064751
v 0.204120 -8.616544 -18.064751
v -0.204120 -8.616544 -18.064751
v 0.939259 -8.280818 -18.064751
v 0.595825 -8.501529 -18.064751
v 1.376189 -7.600941 -18.064751
v -11.000000 3.803145 -18.926558
v -12.376189 4.207232 -18.064751
v -12.434288 3.803145 -18.064751
v -12.206600 4.578581 -18.064751
v -11.939259 4.887109 -18.064751
v -11.595825 5.107820 -18.064751
v -11.204120 5.222835 -18.064751
v -10.795880 5.222835 -18.064751
v -10.404175 5.107820 -18.064751
v -10.060741 4.887109 -18.064751
v -9.793400 4.578581 -18.064751
v -9.623811 4.207232 -18.064751
v -9.565712 3.803145 -18.064751
v -11.204120 2.383456 -18.064751
v -11.595825 2.498471 -18.064751
v -10.404175 2.498471 -18.064751
v -10.795880 2.383456 -18.064751
v -9.793400 3.027710 -18.064751
v -10.060741 2.719182 -18.064751
v -9.623811 3.399060 -18.064751
v -11.939259 2.719182 -18.064751
v -12.206600 3.027710 -18.064751
v -12.376189 3.399060 -18.064751
v 0.000000 14.803145 -18.926558
v -1.376189 15.207232 -18.064751
v -1.434288 14.803145 -18.064751
v -1.206600 15.578581 -18.064751
v -0.939259 15.887109 -18.064751
v -0.595825 16.107819 -18.064751
v -0.204120 16.222834 -18.064751
v 0.204120 16.222834 -18.064751
v 0.595825 16.107819 -18.064751
v 0.939259 15.887109 -18.064751
v 1.206600 15.578581 -18.064751
v 1.376189 15.207232 -18.064751
v 1.434288 14.803145 -18.064751
v 1.206600 14.027710 -18.064751
v -0.595825 13.498471 -18.064751
v -1.376189 14.399059 -18.064751
v -0.939259 13.719182 -18.064751
v -1.206600 14.027710 -18.064751
v 1.376189 14.399059 -18.064751
v 0.595825 13.498471 -18.064751
v 0.204120 13.383456 -18.064751
v 0.939259 13.719182 -18.064751
v -0.204120 13.383456 -18.064751
v 11.000000 3.803145 -18.926558
v 9.623811 4.207232 -18.064751
v 9.565712 3.803145 -18.064751
v 9.793400 4.578581 -18.064751
v 10.060741 4.887109 -18.064751
v 10.404175 5.107820 -18.064751
v 10.795880 5.222835 -18.064751
v 11.204120 5.222835 -18.064751
v 11.595825 5.107820 -18.064751
v 11.939259 4.887109 -18.064751
v 12.206600 4.578581 -18.064751
v 12.376189 4.207232 -18.064751
v 12.434288 3.803145 -18.064751
v 9.623811 3.399060 -18.064751
v 10.795880 2.383456 -18.064751
v 10.404175 2.498471 -18.064751
v 11.939259 2.719182 -18.064751
v 11.595825 2.498471 -18.064751
v 10.060741 2.719182 -18.064751
v 11.204120 2.383456 -18.064751
v 12.376189 3.399060 -18.064751
v 12.206600 3.027710 -18.064751
v 9.793400 3.027710 -18.064751
vn -0.1011 -0.7035 -0.7035
vn -0.2952 -0.6465 -0.7035
vn -0.4654 -0.5371 -0.7035
vn -0.5979 -0.3842 -0.7035
vn -0.6819 -0.2002 -0.7035
vn -0.7107 0.0000 -0.7035
vn -0.6819 0.2002 -0.7035
vn -0.5979 0.3842 -0.7035
vn -0.4654 0.5371 -0.7035
vn -0.2952 0.6465 -0.7035
vn -0.1011 0.7035 -0.7035
vn -0.2953 -0.6465 -0.7035
vn 0.1011 0.7035 -0.7035
vn 0.2952 0.6465 -0.7035
vn 0.4654 0.5371 -0.7035
vn 0.5979 0.3842 -0.7035
vn 0.6819 0.2002 -0.7035
vn 0.7107 0.0000 -0.7035
vn 0.6819 -0.2002 -0.7035
vn 0.5979 -0.3842 -0.7035
vn 0.4654 -0.5371 -0.7035
vn 0.2952 -0.6465 -0.7035
vn 0.1011 -0.7035 -0.7035
vn -0.1423 0.9898 0.0000
vn -0.4154 0.9096 0.0000
vn -0.6549 0.7557 0.0000
vn -0.8413 0.5406 0.0000
vn -0.9595 0.2817 0.0000
vn -1.0000 0.0000 0.0000
vn -0.9595 -0.2817 0.0000
vn -0.8413 -0.5406 0.0000
vn -0.6549 -0.7557 -0.0000
vn -0.4154 -0.9096 -0.0000
vn -0.1423 -0.9898 -0.0000
vn -0.6549 0.7558 0.0000
vn 0.1423 -0.9898 -0.0000
vn 0.4154 -0.9096 -0.0000
vn 0.6549 -0.7557 -0.0000
vn 0.8413 -0.5406 0.0000
vn 0.9595 -0.2817 0.0000
vn 1.0000 0.0000 0.0000
vn 0.9595 0.2817 0.0000
vn 0.8413 0.5406 0.0000
vn 0.6549 0.7558 0.0000
vn 0.4154 0.9096 0.0000
vn 0.1423 0.9898 0.0000
vn 0.6549 0.7557 0.0000
vn 0.6549 -0.7558 -0.0000
vn 0.0000 0.0000 -1.0000
vn 0.0000 0.0000 1.0000
vn -0.6549 -0.7558 0.0000
vn -0.0682 0.9977 0.0000
vn -0.2035 0.9791 0.0000
vn -0.3349 0.9423 0.0000
vn -0.4601 0.8879 0.0000
vn -0.5767 0.8170 0.0000
vn -0.6826 0.7308 0.0000
vn -0.7757 0.6311 0.0000
vn -0.8544 0.5196 0.0000
vn -0.9172 0.3984 0.0000
vn -0.9629 0.2698 0.0000
vn -0.9907 0.1362 0.0000
vn -0.9907 -0.1362 -0.0000
vn -0.9629 -0.2698 -0.0000
vn -0.9172 -0.3984 0.0000
vn -0.8544 -0.5196 0.0000
vn -0.7757 -0.6311 -0.0000
vn -0.6826 -0.7308 0.0000
vn -0.5767 -0.8170 0.0000
vn -0.0493 -0.9988 0.0000
vn -0.0682 -0.9977 -0.0055
vn -0.2035 -0.9791 -0.0000
vn -0.1688 -0.9856 -0.0139
vn -0.3406 -0.9402 -0.0017
vn -0.3349 -0.9423 -0.0000
vn -0.2864 -0.9579 -0.0186
vn -0.4369 -0.8993 0.0214
vn -0.4892 -0.8722 0.0000
vn -0.4601 -0.8879 -0.0000
vn -0.4324 -0.9016 -0.0101
vn -0.3206 -0.9471 0.0158
vn -0.3816 -0.9243 -0.0000
vn -0.2179 -0.9760 0.0014
vn -0.2034 -0.9789 0.0174
vn -0.0682 -0.9973 0.0274
vn -0.1029 -0.9947 -0.0000
vn -0.0347 -0.9994 0.0000
vn -0.1522 -0.9884 0.0000
vn -0.3349 -0.9423 -0.0019
vn -0.4601 -0.8879 0.0002
vn -0.3926 -0.9197 0.0000
vn -0.2334 -0.9724 0.0000
vn -0.1174 -0.9931 0.0000
vn -0.0000 -0.7071 0.7071
vn -0.0000 -0.7071 -0.7071
vn 0.5767 -0.8170 0.0000
vn 0.6826 -0.7308 0.0000
vn 0.7757 -0.6311 0.0000
vn 0.8544 -0.5196 0.0000
vn 0.9172 -0.3984 0.0000
vn 0.9629 -0.2698 -0.0000
vn 0.9907 -0.1362 -0.0000
vn 0.9907 0.1362 0.0000
vn 0.9629 0.2698 0.0000
vn 0.9172 0.3984 0.0000
vn 0.8544 0.5196 0.0000
vn 0.7757 0.6311 0.0000
vn 0.6826 0.7308 0.0000
vn 0.5767 0.8170 0.0000
vn 0.4601 0.8879 0.0000
vn 0.3349 0.9423 0.0000
vn 0.2035 0.9791 0.0000
vn 0.0682 0.9977 0.0000
vn 0.0493 -0.9988 0.0000
vn 0.0682 -0.9974 0.0214
vn 0.1665 -0.9860 0.0001
vn 0.2034 -0.9788 0.0226
vn 0.3415 -0.9399 0.0044
vn 0.2814 -0.9596 0.0000
vn 0.3349 -0.9422 0.0107
vn 0.4325 -0.9016 -0.0100
vn 0.4892 -0.8722 0.0000
vn 0.4601 -0.8879 0.0001
vn 0.4368 -0.8993 0.0215
vn 0.3178 -0.9481 -0.0062
vn 0.3816 -0.9243 0.0000
vn 0.1551 -0.9877 -0.0194
vn 0.2177 -0.9760 -0.0005
vn 0.0682 -0.9976 -0.0069
vn 0.1029 -0.9947 0.0000
vn 0.0347 -0.9994 0.0000
vn 0.2035 -0.9791 -0.0000
vn 0.3349 -0.9423 0.0006
vn 0.4601 -0.8879 -0.0001
vn 0.3926 -0.9197 -0.0000
vn 0.2334 -0.9724 -0.0001
vn 0.1174 -0.9931 -0.0000
vn -0.0547 0.8001 -0.5974
vn -0.0241 0.7069 -0.7069
vn -0.1632 0.7852 -0.5974
vn -0.1202 0.6970 -0.7069
vn -0.2686 0.7557 -0.5974
vn -0.2140 0.6742 -0.7069
vn -0.3689 0.7120 -0.5974
vn -0.3038 0.6388 -0.7069
vn -0.4625 0.6552 -0.5974
vn -0.3879 0.5914 -0.7069
vn -0.5474 0.5861 -0.5974
vn -0.4648 0.5331 -0.7069
vn -0.6221 0.5061 -0.5974
vn -0.5331 0.4648 -0.7069
vn -0.6852 0.4167 -0.5974
vn -0.5914 0.3879 -0.7069
vn -0.6388 0.3038 -0.7069
vn -0.7356 0.3195 -0.5974
vn -0.6742 0.2140 -0.7069
vn -0.7722 0.2164 -0.5974
vn -0.6970 0.1202 -0.7069
vn -0.7945 0.1092 -0.5974
vn -0.7069 0.0241 -0.7069
vn -0.8020 0.0000 -0.5974
vn -0.7036 -0.0723 -0.7069
vn -0.7945 -0.1092 -0.5974
vn -0.6872 -0.1675 -0.7069
vn -0.7722 -0.2164 -0.5974
vn -0.6580 -0.2595 -0.7069
vn -0.7356 -0.3195 -0.5974
vn -0.6165 -0.3467 -0.7069
vn -0.6852 -0.4167 -0.5974
vn -0.5636 -0.4274 -0.7069
vn -0.6221 -0.5061 -0.5974
vn -0.5001 -0.5001 -0.7069
vn -0.5474 -0.5861 -0.5974
vn -0.4274 -0.5636 -0.7069
vn -0.4625 -0.6552 -0.5974
vn -0.3467 -0.6165 -0.7069
vn -0.3690 -0.7120 -0.5974
vn -0.2595 -0.6580 -0.7069
vn -0.2686 -0.7557 -0.5974
vn -0.1675 -0.6872 -0.7069
vn -0.1632 -0.7852 -0.5974
vn -0.0723 -0.7036 -0.7069
vn -0.0547 -0.8001 -0.5974
vn -0.0241 -0.7069 -0.7069
vn -0.1202 -0.6970 -0.7069
vn -0.2140 -0.6742 -0.7069
vn -0.3038 -0.6388 -0.7069
vn -0.3879 -0.5914 -0.7069
vn -0.4648 -0.5331 -0.7069
vn -0.5331 -0.4649 -0.7069
vn -0.5914 -0.3879 -0.7069
vn -0.6388 -0.3038 -0.7069
vn -0.6742 -0.2140 -0.7069
vn -0.6970 -0.1202 -0.7069
vn -0.7069 -0.0241 -0.7069
vn -0.7036 0.0723 -0.7069
vn -0.6872 0.1675 -0.7069
vn -0.6580 0.2595 -0.7069
vn -0.6165 0.3467 -0.7069
vn -0.5636 0.4274 -0.7069
vn -0.5001 0.5001 -0.7069
vn -0.4274 0.5636 -0.7069
vn -0.3467 0.6165 -0.7069
vn -0.2595 0.6580 -0.7069
vn -0.1675 0.6872 -0.7069
vn -0.0723 0.7036 -0.7069
vn 0.0241 -0.7069 -0.7069
vn 0.0547 -0.8001 -0.5974
vn 0.1632 -0.7852 -0.5974
vn 0.1202 -0.6970 -0.7069
vn 0.2686 -0.7557 -0.5974
vn 0.2140 -0.6742 -0.7069
vn 0.3690 -0.7120 -0.5974
vn 0.3038 -0.6388 -0.7069
vn 0.4625 -0.6552 -0.5974
vn 0.3879 -0.5914 -0.7069
vn 0.5474 -0.5861 -0.5974
vn 0.4648 -0.5331 -0.7069
vn 0.6221 -0.5061 -0.5974
vn 0.5331 -0.4648 -0.7069
vn 0.6852 -0.4167 -0.5974
vn 0.5914 -0.3879 -0.7069
vn 0.7356 -0.3195 -0.5974
vn 0.6388 -0.3038 -0.7069
vn 0.7722 -0.2164 -0.5974
vn 0.6742 -0.2140 -0.7069
vn 0.7945 -0.1092 -0.5974
vn 0.6970 -0.1202 -0.7069
vn 0.8020 0.0000 -0.5974
vn 0.7069 -0.0241 -0.7069
vn 0.7945 0.1092 -0.5974
vn 0.7036 0.0723 -0.7069
vn 0.7722 0.2164 -0.5974
vn 0.6872 0.1675 -0.7069
vn 0.7356 0.3195 -0.5974
vn 0.6580 0.2595 -0.7069
vn 0.6852 0.4167 -0.5974
vn 0.6165 0.3467 -0.7069
vn 0.6221 0.5061 -0.5974
vn 0.5636 0.4274 -0.7069
vn 0.5474 0.5861 -0.5974
vn 0.5001 0.5001 -0.7069
vn 0.4625 0.6552 -0.5974
vn 0.4274 0.5636 -0.7069
vn 0.3690 0.7120 -0.5974
vn 0.3467 0.6165 -0.7069
vn 0.2686 0.7557 -0.5974
vn 0.2595 0.6580 -0.7069
vn 0.1632 0.7852 -0.5974
vn 0.1675 0.6872 -0.7069
vn 0.0547 0.8001 -0.5974
vn 0.0723 0.7036 -0.7069
vn 0.0242 0.7069 -0.7069
vn 0.1202 0.6970 -0.7069
vn 0.2140 0.6742 -0.7069
vn 0.3038 0.6388 -0.7069
vn 0.3879 0.5914 -0.7069
vn 0.4648 0.5331 -0.7069
vn 0.5331 0.4648 -0.7069
vn 0.5914 0.3879 -0.7069
vn 0.6388 0.3038 -0.7069
vn 0.6742 0.2140 -0.7069
vn 0.6970 0.1202 -0.7069
vn 0.7069 0.0241 -0.7069
vn 0.7036 -0.0723 -0.7069
vn 0.6872 -0.1675 -0.7069
vn 0.6580 -0.2595 -0.7069
vn 0.6165 -0.3467 -0.7069
vn 0.5636 -0.4274 -0.7069
vn 0.5001 -0.5001 -0.7069
vn 0.4274 -0.5636 -0.7069
vn 0.3467 -0.6165 -0.7069
vn 0.2595 -0.6580 -0.7069
vn 0.1675 -0.6872 -0.7069
vn 0.0723 -0.7036 -0.7069
vn -0.0339 0.9909 -0.1306
vn -0.1014 0.9863 -0.1304
vn -0.1685 0.9770 -0.1304
vn -0.2347 0.9633 -0.1304
vn -0.2999 0.9450 -0.1304
vn -0.3637 0.9223 -0.1304
vn -0.4258 0.8954 -0.1305
vn -0.4859 0.8642 -0.1305
vn -0.5438 0.8290 -0.1304
vn -0.5991 0.7900 -0.1305
vn -0.6516 0.7473 -0.1304
vn -0.7011 0.7010 -0.1305
vn -0.7473 0.6516 -0.1304
vn -0.7900 0.5991 -0.1304
vn -0.8290 0.5438 -0.1304
vn -0.8642 0.4859 -0.1304
vn -0.8953 0.4258 -0.1305
vn -0.9223 0.3637 -0.1305
vn -0.9450 0.2999 -0.1304
vn -0.9633 0.2347 -0.1304
vn -0.9770 0.1685 -0.1304
vn -0.9863 0.1014 -0.1305
vn -0.9909 0.0338 -0.1304
vn -0.9909 -0.0338 -0.1305
vn -0.9863 -0.1014 -0.1304
vn -0.9770 -0.1685 -0.1304
vn -0.9633 -0.2348 -0.1304
vn -0.9450 -0.2999 -0.1305
vn -0.9223 -0.3637 -0.1305
vn -0.8954 -0.4258 -0.1305
vn -0.8642 -0.4859 -0.1305
vn -0.8290 -0.5438 -0.1304
vn -0.7900 -0.5991 -0.1305
vn -0.7473 -0.6516 -0.1305
vn -0.7011 -0.7011 -0.1305
vn -0.6516 -0.7473 -0.1305
vn -0.5991 -0.7900 -0.1305
vn -0.5438 -0.8290 -0.1305
vn -0.4859 -0.8642 -0.1305
vn -0.4258 -0.8954 -0.1304
vn -0.3637 -0.9223 -0.1304
vn -0.2999 -0.9450 -0.1305
vn -0.2347 -0.9633 -0.1305
vn -0.1685 -0.9770 -0.1304
vn -0.1014 -0.9863 -0.1305
vn -0.0338 -0.9909 -0.1305
vn -0.0315 0.9234 -0.3825
vn -0.0945 0.9191 -0.3826
vn -0.1570 0.9105 -0.3825
vn -0.2188 0.8977 -0.3826
vn -0.2795 0.8806 -0.3825
vn -0.3390 0.8595 -0.3826
vn -0.3968 0.8344 -0.3825
vn -0.4528 0.8054 -0.3825
vn -0.5067 0.7726 -0.3825
vn -0.5583 0.7362 -0.3825
vn -0.6072 0.6964 -0.3825
vn -0.6533 0.6533 -0.3825
vn -0.6964 0.6072 -0.3825
vn -0.7362 0.5583 -0.3825
vn -0.7726 0.5067 -0.3825
vn -0.8054 0.4528 -0.3825
vn -0.8344 0.3968 -0.3825
vn -0.8595 0.3390 -0.3825
vn -0.8807 0.2795 -0.3825
vn -0.8977 0.2188 -0.3825
vn -0.9105 0.1570 -0.3825
vn -0.9191 0.0945 -0.3825
vn -0.9234 0.0315 -0.3825
vn -0.9234 -0.0315 -0.3825
vn -0.9191 -0.0945 -0.3825
vn -0.9105 -0.1570 -0.3825
vn -0.8977 -0.2188 -0.3825
vn -0.8807 -0.2795 -0.3825
vn -0.8595 -0.3390 -0.3825
vn -0.8344 -0.3968 -0.3825
vn -0.8054 -0.4528 -0.3825
vn -0.7726 -0.5067 -0.3825
vn -0.7362 -0.5583 -0.3825
vn -0.6964 -0.6072 -0.3825
vn -0.6533 -0.6533 -0.3825
vn -0.6072 -0.6964 -0.3825
vn -0.5583 -0.7362 -0.3825
vn -0.5068 -0.7726 -0.3825
vn -0.4529 -0.8054 -0.3825
vn -0.3968 -0.8344 -0.3825
vn -0.3389 -0.8595 -0.3826
vn -0.2795 -0.8807 -0.3825
vn -0.2188 -0.8977 -0.3825
vn -0.1570 -0.9105 -0.3825
vn -0.0945 -0.9191 -0.3825
vn -0.0315 -0.9234 -0.3825
vn -0.0271 0.7931 -0.6085
vn -0.0811 0.7893 -0.6086
vn -0.1348 0.7820 -0.6085
vn -0.1879 0.7709 -0.6086
vn -0.2401 0.7564 -0.6085
vn -0.2911 0.7382 -0.6085
vn -0.3408 0.7166 -0.6085
vn -0.3889 0.6917 -0.6085
vn -0.4352 0.6635 -0.6085
vn -0.4795 0.6323 -0.6085
vn -0.5215 0.5981 -0.6085
vn -0.5611 0.5611 -0.6085
vn -0.5981 0.5215 -0.6085
vn -0.6323 0.4795 -0.6085
vn -0.6635 0.4352 -0.6086
vn -0.6917 0.3889 -0.6086
vn -0.7166 0.3408 -0.6085
vn -0.7382 0.2911 -0.6085
vn -0.7563 0.2401 -0.6085
vn -0.7710 0.1879 -0.6085
vn -0.7820 0.1348 -0.6085
vn -0.7894 0.0812 -0.6085
vn -0.7930 0.0271 -0.6086
vn -0.7931 -0.0271 -0.6085
vn -0.7894 -0.0812 -0.6085
vn -0.7820 -0.1348 -0.6085
vn -0.7710 -0.1879 -0.6086
vn -0.7563 -0.2401 -0.6085
vn -0.7382 -0.2911 -0.6085
vn -0.7166 -0.3408 -0.6086
vn -0.6917 -0.3889 -0.6086
vn -0.6635 -0.4352 -0.6085
vn -0.6323 -0.4795 -0.6085
vn -0.5981 -0.5215 -0.6085
vn -0.5611 -0.5611 -0.6085
vn -0.5215 -0.5981 -0.6085
vn -0.4795 -0.6323 -0.6085
vn -0.4352 -0.6635 -0.6085
vn -0.3889 -0.6917 -0.6085
vn -0.3408 -0.7166 -0.6085
vn -0.2911 -0.7382 -0.6085
vn -0.2401 -0.7564 -0.6085
vn -0.1879 -0.7710 -0.6085
vn -0.1348 -0.7820 -0.6085
vn -0.0812 -0.7893 -0.6086
vn -0.0271 -0.7931 -0.6085
vn -0.0811 -0.7894 -0.6085
vn -0.1348 -0.7820 -0.6086
vn -0.2401 -0.7563 -0.6085
vn -0.3889 -0.6917 -0.6086
vn -0.6917 -0.3889 -0.6085
vn -0.7166 -0.3408 -0.6085
vn -0.7564 -0.2400 -0.6085
vn -0.7710 -0.1879 -0.6085
vn -0.7894 -0.0811 -0.6085
vn -0.7931 0.0271 -0.6085
vn -0.7894 0.0811 -0.6085
vn -0.7166 0.3408 -0.6086
vn -0.6917 0.3889 -0.6085
vn -0.5981 0.5215 -0.6086
vn -0.5611 0.5611 -0.6086
vn -0.5215 0.5981 -0.6086
vn -0.3408 0.7166 -0.6086
vn -0.2400 0.7563 -0.6086
vn -0.1879 0.7710 -0.6085
vn -0.0811 0.7894 -0.6085
vn -0.0271 0.7930 -0.6086
vn -0.2188 -0.8977 -0.3826
vn -0.3390 -0.8595 -0.3825
vn -0.4528 -0.8054 -0.3825
vn -0.5067 -0.7726 -0.3825
vn -0.7726 0.5068 -0.3825
vn -0.3390 0.8596 -0.3824
vn -0.2795 0.8807 -0.3825
vn -0.2188 0.8977 -0.3824
vn -0.0945 0.9191 -0.3824
vn -0.1685 -0.9770 -0.1305
vn -0.2347 -0.9633 -0.1304
vn -0.4258 -0.8954 -0.1305
vn -0.5437 -0.8291 -0.1304
vn -0.5991 -0.7900 -0.1304
vn -0.7900 -0.5991 -0.1304
vn -0.9450 -0.2999 -0.1304
vn -0.9633 -0.2347 -0.1304
vn -0.9909 -0.0338 -0.1304
vn -0.9863 0.1014 -0.1304
vn -0.9223 0.3637 -0.1304
vn -0.8954 0.4258 -0.1304
vn -0.8290 0.5438 -0.1305
vn -0.7900 0.5991 -0.1305
vn -0.7011 0.7011 -0.1305
vn -0.6516 0.7473 -0.1305
vn -0.5991 0.7900 -0.1304
vn -0.5438 0.8290 -0.1305
vn -0.4859 0.8642 -0.1304
vn -0.4258 0.8954 -0.1304
vn -0.3637 0.9223 -0.1305
vn -0.2347 0.9633 -0.1305
vn -0.0338 0.9909 -0.1303
vn 0.0339 -0.9909 -0.1305
vn 0.1014 -0.9863 -0.1305
vn 0.1685 -0.9770 -0.1305
vn 0.2347 -0.9633 -0.1304
vn 0.2999 -0.9450 -0.1305
vn 0.3637 -0.9223 -0.1305
vn 0.4258 -0.8953 -0.1305
vn 0.4859 -0.8642 -0.1305
vn 0.5438 -0.8290 -0.1304
vn 0.5991 -0.7900 -0.1305
vn 0.6516 -0.7473 -0.1305
vn 0.7011 -0.7011 -0.1305
vn 0.7473 -0.6516 -0.1305
vn 0.7900 -0.5991 -0.1305
vn 0.8290 -0.5438 -0.1304
vn 0.8642 -0.4859 -0.1305
vn 0.8954 -0.4258 -0.1305
vn 0.9223 -0.3637 -0.1305
vn 0.9450 -0.2999 -0.1304
vn 0.9633 -0.2347 -0.1304
vn 0.9770 -0.1685 -0.1304
vn 0.9863 -0.1014 -0.1305
vn 0.9909 -0.0338 -0.1304
vn 0.9909 0.0338 -0.1305
vn 0.9863 0.1014 -0.1304
vn 0.9770 0.1685 -0.1304
vn 0.9633 0.2348 -0.1304
vn 0.9450 0.2999 -0.1304
vn 0.9223 0.3637 -0.1304
vn 0.8953 0.4258 -0.1305
vn 0.8642 0.4859 -0.1305
vn 0.8290 0.5438 -0.1304
vn 0.7900 0.5991 -0.1305
vn 0.7473 0.6516 -0.1304
vn 0.7011 0.7010 -0.1304
vn 0.6516 0.7473 -0.1305
vn 0.5991 0.7900 -0.1304
vn 0.5438 0.8290 -0.1305
vn 0.4859 0.8642 -0.1305
vn 0.4258 0.8954 -0.1304
vn 0.3637 0.9223 -0.1305
vn 0.2999 0.9450 -0.1304
vn 0.2348 0.9633 -0.1304
vn 0.1685 0.9770 -0.1304
vn 0.1014 0.9863 -0.1304
vn 0.0339 0.9909 -0.1305
vn 0.0315 -0.9234 -0.3825
vn 0.0945 -0.9191 -0.3825
vn 0.1570 -0.9105 -0.3825
vn 0.2188 -0.8977 -0.3826
vn 0.2795 -0.8807 -0.3824
vn 0.3390 -0.8595 -0.3825
vn 0.3968 -0.8344 -0.3825
vn 0.4528 -0.8054 -0.3825
vn 0.5068 -0.7726 -0.3825
vn 0.5583 -0.7362 -0.3825
vn 0.6072 -0.6964 -0.3825
vn 0.6533 -0.6533 -0.3825
vn 0.6964 -0.6072 -0.3825
vn 0.7362 -0.5583 -0.3825
vn 0.7726 -0.5067 -0.3825
vn 0.8054 -0.4528 -0.3825
vn 0.8344 -0.3968 -0.3825
vn 0.8595 -0.3390 -0.3825
vn 0.8807 -0.2795 -0.3825
vn 0.8977 -0.2188 -0.3825
vn 0.9105 -0.1570 -0.3825
vn 0.9191 -0.0945 -0.3825
vn 0.9234 -0.0315 -0.3825
vn 0.9234 0.0315 -0.3825
vn 0.9191 0.0945 -0.3825
vn 0.9105 0.1570 -0.3825
vn 0.8977 0.2188 -0.3825
vn 0.8807 0.2795 -0.3825
vn 0.8595 0.3390 -0.3825
vn 0.8344 0.3968 -0.3825
vn 0.8054 0.4528 -0.3825
vn 0.7726 0.5067 -0.3825
vn 0.7362 0.5583 -0.3825
vn 0.6964 0.6072 -0.3825
vn 0.6533 0.6533 -0.3825
vn 0.6072 0.6964 -0.3825
vn 0.5583 0.7362 -0.3825
vn 0.5067 0.7726 -0.3825
vn 0.4528 0.8054 -0.3825
vn 0.3968 0.8344 -0.3825
vn 0.3390 0.8595 -0.3825
vn 0.2795 0.8807 -0.3825
vn 0.2188 0.8977 -0.3825
vn 0.1570 0.9105 -0.3826
vn 0.0945 0.9191 -0.3825
vn 0.0315 0.9234 -0.3826
vn 0.0271 -0.7931 -0.6085
vn 0.0811 -0.7893 -0.6086
vn 0.1348 -0.7820 -0.6085
vn 0.1879 -0.7710 -0.6085
vn 0.2401 -0.7563 -0.6085
vn 0.2911 -0.7382 -0.6085
vn 0.3408 -0.7166 -0.6085
vn 0.3889 -0.6917 -0.6085
vn 0.4352 -0.6635 -0.6085
vn 0.4795 -0.6323 -0.6085
vn 0.5215 -0.5981 -0.6085
vn 0.5611 -0.5611 -0.6085
vn 0.5981 -0.5215 -0.6085
vn 0.6323 -0.4795 -0.6085
vn 0.6635 -0.4352 -0.6086
vn 0.6917 -0.3889 -0.6086
vn 0.7166 -0.3408 -0.6086
vn 0.7382 -0.2911 -0.6085
vn 0.7563 -0.2401 -0.6085
vn 0.7710 -0.1879 -0.6085
vn 0.7820 -0.1348 -0.6085
vn 0.7894 -0.0811 -0.6085
vn 0.7930 -0.0271 -0.6086
vn 0.7931 0.0271 -0.6085
vn 0.7893 0.0812 -0.6086
vn 0.7820 0.1348 -0.6085
vn 0.7710 0.1879 -0.6085
vn 0.7563 0.2401 -0.6085
vn 0.7382 0.2911 -0.6085
vn 0.7166 0.3408 -0.6086
vn 0.6917 0.3889 -0.6086
vn 0.6635 0.4352 -0.6086
vn 0.6323 0.4795 -0.6085
vn 0.5981 0.5215 -0.6085
vn 0.5611 0.5611 -0.6085
vn 0.5215 0.5981 -0.6085
vn 0.4795 0.6323 -0.6085
vn 0.4352 0.6635 -0.6085
vn 0.3889 0.6917 -0.6085
vn 0.3408 0.7166 -0.6085
vn 0.2911 0.7382 -0.6085
vn 0.2401 0.7563 -0.6086
vn 0.1879 0.7710 -0.6085
vn 0.1348 0.7820 -0.6085
vn 0.0812 0.7894 -0.6085
vn 0.0271 0.7930 -0.6086
vn 0.0271 0.7931 -0.6085
vn 0.0811 0.7893 -0.6086
vn 0.1879 0.7709 -0.6086
vn 0.2401 0.7564 -0.6085
vn 0.3408 0.7166 -0.6086
vn 0.3889 0.6917 -0.6086
vn 0.4352 0.6636 -0.6085
vn 0.5215 0.5981 -0.6086
vn 0.5611 0.5611 -0.6086
vn 0.6323 0.4795 -0.6086
vn 0.6635 0.4352 -0.6085
vn 0.6917 0.3889 -0.6085
vn 0.7166 0.3408 -0.6085
vn 0.7564 0.2400 -0.6085
vn 0.7894 0.0811 -0.6085
vn 0.7931 -0.0271 -0.6085
vn 0.7564 -0.2401 -0.6085
vn 0.7166 -0.3408 -0.6085
vn 0.6917 -0.3889 -0.6085
vn 0.6635 -0.4352 -0.6085
vn 0.4795 -0.6323 -0.6086
vn 0.3889 -0.6917 -0.6086
vn 0.2401 -0.7564 -0.6085
vn 0.1348 -0.7820 -0.6086
vn 0.0811 -0.7894 -0.6085
vn 0.0315 0.9234 -0.3825
vn 0.1570 0.9105 -0.3825
vn 0.2795 0.8806 -0.3825
vn 0.5067 -0.7726 -0.3825
vn 0.3389 -0.8595 -0.3825
vn 0.2795 -0.8806 -0.3825
vn 0.2188 -0.8977 -0.3825
vn 0.0338 0.9909 -0.1304
vn 0.1014 0.9863 -0.1305
vn 0.2347 0.9633 -0.1304
vn 0.3637 0.9223 -0.1304
vn 0.4258 0.8954 -0.1305
vn 0.5438 0.8290 -0.1304
vn 0.5991 0.7900 -0.1305
vn 0.6516 0.7473 -0.1304
vn 0.7011 0.7011 -0.1305
vn 0.7900 0.5991 -0.1304
vn 0.8290 0.5438 -0.1305
vn 0.8642 0.4859 -0.1304
vn 0.8954 0.4258 -0.1304
vn 0.9223 0.3637 -0.1305
vn 0.9633 0.2347 -0.1304
vn 0.9909 0.0338 -0.1304
vn 0.9863 -0.1014 -0.1304
vn 0.9450 -0.2999 -0.1305
vn 0.8642 -0.4859 -0.1304
vn 0.7473 -0.6516 -0.1304
vn 0.5991 -0.7900 -0.1304
vn 0.5437 -0.8291 -0.1304
vn 0.4258 -0.8954 -0.1304
vn 0.3637 -0.9223 -0.1304
vn 0.2347 -0.9633 -0.1305
vn 0.1685 -0.9770 -0.1304
vn 0.0338 -0.9909 -0.1305
vn 0.0271 -0.7931 0.6085
vn 0.0811 -0.7894 0.6085
vn 0.1348 -0.7820 0.6086
vn 0.1879 -0.7710 0.6085
vn 0.2400 -0.7563 0.6085
vn 0.2911 -0.7382 0.6085
vn 0.3408 -0.7166 0.6085
vn 0.3889 -0.6917 0.6086
vn 0.4352 -0.6635 0.6085
vn 0.4795 -0.6323 0.6085
vn 0.5215 -0.5981 0.6085
vn 0.5611 -0.5611 0.6085
vn 0.5981 -0.5215 0.6085
vn 0.6323 -0.4795 0.6085
vn 0.6635 -0.4352 0.6085
vn 0.6917 -0.3889 0.6085
vn 0.7166 -0.3408 0.6085
vn 0.7382 -0.2911 0.6085
vn 0.7564 -0.2401 0.6085
vn 0.7710 -0.1879 0.6085
vn 0.7820 -0.1348 0.6085
vn 0.7894 -0.0811 0.6085
vn 0.7931 -0.0271 0.6085
vn 0.7931 0.0271 0.6085
vn 0.7894 0.0811 0.6085
vn 0.7820 0.1348 0.6085
vn 0.7710 0.1879 0.6085
vn 0.7564 0.2401 0.6085
vn 0.7382 0.2911 0.6085
vn 0.7166 0.3408 0.6085
vn 0.6917 0.3889 0.6085
vn 0.6635 0.4352 0.6085
vn 0.6323 0.4795 0.6085
vn 0.5981 0.5215 0.6086
vn 0.5611 0.5611 0.6086
vn 0.5215 0.5981 0.6086
vn 0.4795 0.6323 0.6085
vn 0.4352 0.6635 0.6085
vn 0.3889 0.6917 0.6085
vn 0.3408 0.7166 0.6085
vn 0.2911 0.7382 0.6085
vn 0.2400 0.7563 0.6086
vn 0.1879 0.7710 0.6085
vn 0.1348 0.7820 0.6085
vn 0.0811 0.7894 0.6085
vn 0.0271 0.7930 0.6086
vn 0.0315 -0.9234 0.3825
vn 0.0945 -0.9191 0.3825
vn 0.1570 -0.9105 0.3825
vn 0.2188 -0.8977 0.3826
vn 0.2795 -0.8807 0.3825
vn 0.3390 -0.8595 0.3825
vn 0.3968 -0.8344 0.3825
vn 0.4528 -0.8054 0.3825
vn 0.5068 -0.7726 0.3825
vn 0.5583 -0.7362 0.3825
vn 0.6072 -0.6964 0.3825
vn 0.6534 -0.6533 0.3825
vn 0.6964 -0.6072 0.3825
vn 0.7362 -0.5583 0.3825
vn 0.7726 -0.5067 0.3825
vn 0.8054 -0.4529 0.3825
vn 0.8344 -0.3968 0.3825
vn 0.8595 -0.3390 0.3825
vn 0.8807 -0.2795 0.3825
vn 0.8977 -0.2188 0.3825
vn 0.9105 -0.1570 0.3825
vn 0.9191 -0.0945 0.3825
vn 0.9234 -0.0315 0.3825
vn 0.9234 0.0315 0.3825
vn 0.9191 0.0945 0.3825
vn 0.9105 0.1570 0.3825
vn 0.8977 0.2188 0.3825
vn 0.8807 0.2795 0.3825
vn 0.8595 0.3389 0.3825
vn 0.8344 0.3968 0.3825
vn 0.8054 0.4528 0.3825
vn 0.7726 0.5067 0.3825
vn 0.7362 0.5583 0.3825
vn 0.6964 0.6072 0.3825
vn 0.6533 0.6533 0.3825
vn 0.6072 0.6964 0.3825
vn 0.5583 0.7362 0.3825
vn 0.5068 0.7726 0.3825
vn 0.4529 0.8054 0.3825
vn 0.3968 0.8344 0.3825
vn 0.3390 0.8596 0.3824
vn 0.2795 0.8807 0.3825
vn 0.2188 0.8977 0.3824
vn 0.1570 0.9105 0.3825
vn 0.0945 0.9191 0.3824
vn 0.0315 0.9234 0.3825
vn 0.0338 -0.9909 0.1305
vn 0.1014 -0.9863 0.1305
vn 0.1685 -0.9770 0.1305
vn 0.2347 -0.9633 0.1304
vn 0.2999 -0.9450 0.1305
vn 0.3637 -0.9223 0.1304
vn 0.4258 -0.8954 0.1305
vn 0.4859 -0.8642 0.1305
vn 0.5438 -0.8290 0.1304
vn 0.5991 -0.7900 0.1304
vn 0.6516 -0.7473 0.1305
vn 0.7011 -0.7011 0.1305
vn 0.7473 -0.6516 0.1305
vn 0.7900 -0.5991 0.1304
vn 0.8290 -0.5438 0.1304
vn 0.8642 -0.4859 0.1305
vn 0.8954 -0.4258 0.1305
vn 0.9223 -0.3637 0.1305
vn 0.9450 -0.2999 0.1304
vn 0.9633 -0.2347 0.1304
vn 0.9770 -0.1685 0.1304
vn 0.9863 -0.1014 0.1305
vn 0.9909 -0.0338 0.1304
vn 0.9909 0.0339 0.1305
vn 0.9863 0.1014 0.1304
vn 0.9770 0.1685 0.1304
vn 0.9633 0.2347 0.1304
vn 0.9450 0.2999 0.1304
vn 0.9223 0.3637 0.1304
vn 0.8954 0.4258 0.1304
vn 0.8642 0.4859 0.1304
vn 0.8290 0.5437 0.1305
vn 0.7900 0.5991 0.1305
vn 0.7473 0.6516 0.1304
vn 0.7011 0.7011 0.1305
vn 0.6516 0.7473 0.1305
vn 0.5991 0.7900 0.1304
vn 0.5438 0.8290 0.1305
vn 0.4859 0.8642 0.1304
vn 0.4258 0.8954 0.1304
vn 0.3637 0.9223 0.1305
vn 0.2999 0.9450 0.1304
vn 0.2347 0.9633 0.1305
vn 0.1685 0.9770 0.1304
vn 0.1014 0.9863 0.1304
vn 0.0338 0.9909 0.1303
vn 0.0338 0.9909 0.1306
vn 0.2347 0.9633 0.1304
vn 0.3637 0.9223 0.1304
vn 0.4258 0.8954 0.1305
vn 0.4859 0.8642 0.1305
vn 0.5438 0.8290 0.1304
vn 0.5991 0.7900 0.1305
vn 0.6516 0.7473 0.1304
vn 0.7900 0.5991 0.1304
vn 0.8290 0.5438 0.1304
vn 0.8642 0.4859 0.1305
vn 0.8954 0.4258 0.1305
vn 0.9223 0.3637 0.1305
vn 0.9863 0.1014 0.1305
vn 0.9909 0.0338 0.1304
vn 0.9909 -0.0339 0.1305
vn 0.9863 -0.1014 0.1304
vn 0.9450 -0.2999 0.1305
vn 0.8954 -0.4258 0.1304
vn 0.7900 -0.5991 0.1305
vn 0.5991 -0.7900 0.1305
vn 0.5438 -0.8290 0.1305
vn 0.4258 -0.8954 0.1304
vn 0.2347 -0.9633 0.1305
vn 0.1685 -0.9770 0.1304
vn 0.0339 -0.9909 0.1305
vn 0.0945 0.9191 0.3826
vn 0.2187 0.8977 0.3826
vn 0.2795 0.8806 0.3825
vn 0.3389 0.8595 0.3826
vn 0.4528 0.8054 0.3825
vn 0.5067 0.7726 0.3825
vn 0.8054 0.4529 0.3825
vn 0.8595 0.3390 0.3825
vn 0.8054 -0.4528 0.3825
vn 0.6533 -0.6533 0.3825
vn 0.5583 -0.7362 0.3826
vn 0.5067 -0.7726 0.3825
vn 0.3389 -0.8595 0.3826
vn 0.2188 -0.8977 0.3825
vn 0.0271 0.7931 0.6085
vn 0.0811 0.7893 0.6086
vn 0.1879 0.7709 0.6086
vn 0.2401 0.7564 0.6085
vn 0.5215 0.5981 0.6085
vn 0.5611 0.5611 0.6085
vn 0.5981 0.5215 0.6085
vn 0.6635 0.4352 0.6086
vn 0.6917 0.3889 0.6086
vn 0.7166 0.3408 0.6086
vn 0.7563 0.2401 0.6085
vn 0.7709 0.1879 0.6086
vn 0.7820 0.1348 0.6086
vn 0.7894 0.0812 0.6086
vn 0.7894 -0.0812 0.6086
vn 0.7820 -0.1348 0.6086
vn 0.7563 -0.2401 0.6085
vn 0.7166 -0.3408 0.6086
vn 0.6917 -0.3889 0.6086
vn 0.5611 -0.5611 0.6086
vn 0.3889 -0.6917 0.6085
vn 0.2401 -0.7564 0.6085
vn 0.1348 -0.7820 0.6085
vn 0.0811 -0.7893 0.6086
vn -0.0271 0.7931 0.6085
vn -0.0811 0.7893 0.6086
vn -0.1348 0.7820 0.6085
vn -0.1879 0.7709 0.6086
vn -0.2400 0.7564 0.6085
vn -0.2911 0.7382 0.6085
vn -0.3408 0.7166 0.6086
vn -0.3889 0.6917 0.6086
vn -0.4352 0.6636 0.6085
vn -0.4795 0.6323 0.6085
vn -0.5215 0.5981 0.6086
vn -0.5611 0.5611 0.6085
vn -0.5981 0.5215 0.6085
vn -0.6323 0.4795 0.6085
vn -0.6635 0.4352 0.6085
vn -0.6917 0.3889 0.6086
vn -0.7166 0.3408 0.6085
vn -0.7382 0.2911 0.6085
vn -0.7564 0.2401 0.6085
vn -0.7710 0.1879 0.6085
vn -0.7820 0.1348 0.6085
vn -0.7894 0.0811 0.6085
vn -0.7931 0.0271 0.6085
vn -0.7931 -0.0271 0.6085
vn -0.7894 -0.0811 0.6085
vn -0.7820 -0.1348 0.6085
vn -0.7710 -0.1879 0.6085
vn -0.7564 -0.2401 0.6085
vn -0.7382 -0.2911 0.6085
vn -0.7166 -0.3408 0.6085
vn -0.6917 -0.3889 0.6085
vn -0.6635 -0.4352 0.6085
vn -0.6323 -0.4795 0.6085
vn -0.5981 -0.5215 0.6085
vn -0.5611 -0.5611 0.6085
vn -0.5215 -0.5981 0.6085
vn -0.4795 -0.6323 0.6086
vn -0.4352 -0.6635 0.6085
vn -0.3889 -0.6917 0.6086
vn -0.3408 -0.7166 0.6085
vn -0.2911 -0.7382 0.6085
vn -0.2400 -0.7564 0.6085
vn -0.1879 -0.7710 0.6085
vn -0.1348 -0.7820 0.6086
vn -0.0812 -0.7894 0.6085
vn -0.0271 -0.7931 0.6085
vn -0.0315 0.9234 0.3825
vn -0.0945 0.9191 0.3825
vn -0.1570 0.9105 0.3825
vn -0.2188 0.8977 0.3825
vn -0.2795 0.8806 0.3825
vn -0.3390 0.8595 0.3825
vn -0.3968 0.8344 0.3825
vn -0.4528 0.8054 0.3825
vn -0.5067 0.7726 0.3825
vn -0.5583 0.7362 0.3825
vn -0.6072 0.6964 0.3825
vn -0.6533 0.6533 0.3825
vn -0.6964 0.6072 0.3825
vn -0.7362 0.5583 0.3825
vn -0.7726 0.5067 0.3825
vn -0.8054 0.4528 0.3825
vn -0.8344 0.3968 0.3825
vn -0.8595 0.3389 0.3825
vn -0.8807 0.2795 0.3825
vn -0.8977 0.2188 0.3825
vn -0.9105 0.1570 0.3825
vn -0.9191 0.0945 0.3825
vn -0.9234 0.0315 0.3825
vn -0.9234 -0.0315 0.3825
vn -0.9191 -0.0945 0.3825
vn -0.9105 -0.1570 0.3825
vn -0.8977 -0.2188 0.3825
vn -0.8807 -0.2795 0.3825
vn -0.8595 -0.3390 0.3825
vn -0.8344 -0.3968 0.3825
vn -0.8054 -0.4528 0.3825
vn -0.7726 -0.5067 0.3825
vn -0.7362 -0.5583 0.3825
vn -0.6964 -0.6072 0.3825
vn -0.6533 -0.6533 0.3825
vn -0.6072 -0.6964 0.3825
vn -0.5583 -0.7362 0.3825
vn -0.5068 -0.7726 0.3825
vn -0.4528 -0.8054 0.3825
vn -0.3968 -0.8344 0.3825
vn -0.3389 -0.8595 0.3825
vn -0.2795 -0.8806 0.3825
vn -0.2188 -0.8977 0.3825
vn -0.1570 -0.9105 0.3825
vn -0.0945 -0.9191 0.3825
vn -0.0315 -0.9234 0.3825
vn -0.0338 0.9909 0.1304
vn -0.1014 0.9863 0.1305
vn -0.1685 0.9770 0.1304
vn -0.2347 0.9633 0.1304
vn -0.2999 0.9450 0.1304
vn -0.3637 0.9223 0.1304
vn -0.4258 0.8954 0.1305
vn -0.4859 0.8642 0.1305
vn -0.5437 0.8291 0.1304
vn -0.5991 0.7900 0.1305
vn -0.6516 0.7473 0.1304
vn -0.7011 0.7011 0.1305
vn -0.7473 0.6516 0.1304
vn -0.7900 0.5991 0.1304
vn -0.8290 0.5437 0.1305
vn -0.8642 0.4859 0.1304
vn -0.8954 0.4258 0.1304
vn -0.9223 0.3637 0.1305
vn -0.9450 0.2999 0.1304
vn -0.9633 0.2347 0.1304
vn -0.9770 0.1685 0.1304
vn -0.9863 0.1014 0.1305
vn -0.9909 0.0338 0.1304
vn -0.9909 -0.0338 0.1304
vn -0.9863 -0.1014 0.1304
vn -0.9770 -0.1685 0.1304
vn -0.9633 -0.2347 0.1304
vn -0.9450 -0.2999 0.1305
vn -0.9223 -0.3637 0.1305
vn -0.8954 -0.4258 0.1304
vn -0.8642 -0.4859 0.1304
vn -0.8290 -0.5438 0.1304
vn -0.7900 -0.5991 0.1305
vn -0.7473 -0.6516 0.1304
vn -0.7011 -0.7011 0.1305
vn -0.6516 -0.7473 0.1305
vn -0.5991 -0.7900 0.1304
vn -0.5438 -0.8290 0.1304
vn -0.4859 -0.8642 0.1305
vn -0.4258 -0.8954 0.1304
vn -0.3637 -0.9223 0.1304
vn -0.2999 -0.9450 0.1305
vn -0.2347 -0.9633 0.1305
vn -0.1685 -0.9770 0.1304
vn -0.1014 -0.9863 0.1305
vn -0.0338 -0.9909 0.1305
vn -0.1685 -0.9770 0.1305
vn -0.2347 -0.9633 0.1304
vn -0.3637 -0.9223 0.1305
vn -0.4258 -0.8953 0.1305
vn -0.5991 -0.7900 0.1305
vn -0.7473 -0.6516 0.1305
vn -0.8642 -0.4859 0.1305
vn -0.8954 -0.4258 0.1305
vn -0.9450 -0.2999 0.1304
vn -0.9863 -0.1014 0.1305
vn -0.9909 -0.0339 0.1304
vn -0.9909 0.0339 0.1305
vn -0.9863 0.1014 0.1304
vn -0.9223 0.3637 0.1304
vn -0.8954 0.4258 0.1305
vn -0.8642 0.4859 0.1305
vn -0.8290 0.5438 0.1304
vn -0.7900 0.5991 0.1305
vn -0.7011 0.7011 0.1304
vn -0.6516 0.7473 0.1305
vn -0.5991 0.7900 0.1304
vn -0.5438 0.8290 0.1305
vn -0.4258 0.8954 0.1304
vn -0.3637 0.9223 0.1305
vn -0.1014 0.9863 0.1304
vn -0.0339 0.9909 0.1305
vn -0.2187 -0.8977 0.3826
vn -0.2795 -0.8807 0.3824
vn -0.3390 -0.8595 0.3825
vn -0.5067 -0.7726 0.3825
vn -0.8054 -0.4529 0.3825
vn -0.8595 -0.3389 0.3825
vn -0.8595 0.3390 0.3825
vn -0.7726 0.5068 0.3825
vn -0.5068 0.7726 0.3825
vn -0.2795 0.8807 0.3825
vn -0.1570 0.9105 0.3826
vn -0.0315 0.9234 0.3826
vn -0.0811 -0.7893 0.6086
vn -0.1348 -0.7820 0.6085
vn -0.2401 -0.7563 0.6085
vn -0.3889 -0.6917 0.6085
vn -0.4795 -0.6323 0.6085
vn -0.5611 -0.5611 0.6086
vn -0.6635 -0.4352 0.6086
vn -0.6917 -0.3889 0.6086
vn -0.7563 -0.2401 0.6085
vn -0.7709 -0.1879 0.6086
vn -0.7820 -0.1348 0.6086
vn -0.7893 -0.0812 0.6086
vn -0.7930 -0.0271 0.6086
vn -0.7893 0.0812 0.6086
vn -0.7820 0.1348 0.6086
vn -0.7563 0.2401 0.6085
vn -0.7382 0.2911 0.6086
vn -0.7166 0.3408 0.6086
vn -0.6917 0.3889 0.6085
vn -0.6635 0.4352 0.6086
vn -0.5215 0.5981 0.6085
vn -0.4352 0.6635 0.6085
vn -0.3889 0.6917 0.6085
vn -0.3408 0.7166 0.6085
vn -0.2401 0.7563 0.6086
vn -0.1879 0.7710 0.6085
vn -0.0812 0.7894 0.6085
vn -0.0271 0.7930 0.6086
vn -0.0547 -0.8001 0.5974
vn -0.0241 -0.7069 0.7069
vn -0.1632 -0.7852 0.5974
vn -0.1202 -0.6970 0.7069
vn -0.2686 -0.7557 0.5974
vn -0.2140 -0.6742 0.7069
vn -0.3690 -0.7120 0.5974
vn -0.3038 -0.6388 0.7069
vn -0.4625 -0.6552 0.5974
vn -0.3879 -0.5914 0.7069
vn -0.5474 -0.5861 0.5974
vn -0.4649 -0.5331 0.7069
vn -0.6221 -0.5061 0.5974
vn -0.5331 -0.4649 0.7069
vn -0.6852 -0.4167 0.5974
vn -0.5914 -0.3879 0.7069
vn -0.6388 -0.3038 0.7069
vn -0.7356 -0.3195 0.5974
vn -0.6742 -0.2140 0.7069
vn -0.7722 -0.2164 0.5974
vn -0.6970 -0.1202 0.7069
vn -0.7945 -0.1092 0.5974
vn -0.7069 -0.0241 0.7069
vn -0.8020 0.0000 0.5974
vn -0.7036 0.0723 0.7069
vn -0.7945 0.1092 0.5974
vn -0.6872 0.1675 0.7069
vn -0.7722 0.2164 0.5974
vn -0.6580 0.2595 0.7069
vn -0.7356 0.3195 0.5974
vn -0.6165 0.3467 0.7069
vn -0.6852 0.4167 0.5974
vn -0.5636 0.4274 0.7069
vn -0.6221 0.5061 0.5974
vn -0.5001 0.5001 0.7069
vn -0.5474 0.5861 0.5974
vn -0.4274 0.5636 0.7069
vn -0.4625 0.6552 0.5974
vn -0.3467 0.6165 0.7069
vn -0.3690 0.7120 0.5974
vn -0.2595 0.6580 0.7069
vn -0.2686 0.7557 0.5974
vn -0.1675 0.6872 0.7069
vn -0.1632 0.7852 0.5974
vn -0.0723 0.7036 0.7069
vn -0.0547 0.8001 0.5974
vn -0.0242 0.7069 0.7069
vn -0.1202 0.6970 0.7069
vn -0.2140 0.6742 0.7069
vn -0.3038 0.6388 0.7069
vn -0.3879 0.5914 0.7069
vn -0.4648 0.5331 0.7069
vn -0.5331 0.4648 0.7069
vn -0.5914 0.3879 0.7069
vn -0.6388 0.3038 0.7069
vn -0.6742 0.2140 0.7069
vn -0.6970 0.1202 0.7069
vn -0.7069 0.0241 0.7069
vn -0.7036 -0.0723 0.7069
vn -0.6872 -0.1675 0.7069
vn -0.6580 -0.2595 0.7069
vn -0.6165 -0.3467 0.7069
vn -0.5636 -0.4274 0.7069
vn -0.5001 -0.5001 0.7069
vn -0.4274 -0.5636 0.7069
vn -0.3467 -0.6165 0.7069
vn -0.2595 -0.6580 0.7069
vn -0.1675 -0.6872 0.7069
vn -0.0723 -0.7036 0.7069
vn 0.0242 0.7069 0.7069
vn 0.0547 0.8001 0.5974
vn 0.1632 0.7852 0.5974
vn 0.1202 0.6970 0.7069
vn 0.2686 0.7557 0.5974
vn 0.2140 0.6742 0.7069
vn 0.3690 0.7120 0.5974
vn 0.3038 0.6388 0.7069
vn 0.4625 0.6552 0.5974
vn 0.3879 0.5914 0.7069
vn 0.5474 0.5861 0.5974
vn 0.4648 0.5331 0.7069
vn 0.6221 0.5061 0.5974
vn 0.5331 0.4648 0.7069
vn 0.6852 0.4167 0.5974
vn 0.5914 0.3879 0.7069
vn 0.7356 0.3195 0.5974
vn 0.6388 0.3038 0.7069
vn 0.7722 0.2164 0.5974
vn 0.6742 0.2140 0.7069
vn 0.7945 0.1092 0.5974
vn 0.6970 0.1202 0.7069
vn 0.8020 0.0000 0.5974
vn 0.7069 0.0241 0.7069
vn 0.7945 -0.1092 0.5974
vn 0.7036 -0.0723 0.7069
vn 0.7722 -0.2164 0.5974
vn 0.6872 -0.1675 0.7069
vn 0.7356 -0.3195 0.5974
vn 0.6580 -0.2595 0.7069
vn 0.6852 -0.4167 0.5974
vn 0.6165 -0.3467 0.7069
vn 0.6221 -0.5061 0.5974
vn 0.5636 -0.4274 0.7069
vn 0.5474 -0.5861 0.5974
vn 0.5001 -0.5001 0.7069
vn 0.4625 -0.6552 0.5974
vn 0.4274 -0.5636 0.7069
vn 0.3690 -0.7120 0.5974
vn 0.3467 -0.6165 0.7069
vn 0.2686 -0.7557 0.5974
vn 0.2595 -0.6580 0.7069
vn 0.1632 -0.7852 0.5974
vn 0.1675 -0.6872 0.7069
vn 0.0547 -0.8001 0.5974
vn 0.0723 -0.7036 0.7069
vn 0.0241 -0.7069 0.7069
vn 0.1202 -0.6970 0.7069
vn 0.2140 -0.6742 0.7069
vn 0.3038 -0.6388 0.7069
vn 0.3879 -0.5914 0.7069
vn 0.4648 -0.5331 0.7069
vn 0.5331 -0.4649 0.7069
vn 0.5914 -0.3879 0.7069
vn 0.6388 -0.3038 0.7069
vn 0.6742 -0.2140 0.7069
vn 0.6970 -0.1202 0.7069
vn 0.7069 -0.0241 0.7069
vn 0.7036 0.0723 0.7069
vn 0.6872 0.1675 0.7069
vn 0.6580 0.2595 0.7069
vn 0.6165 0.3467 0.7069
vn 0.5636 0.4274 0.7069
vn 0.5001 0.5001 0.7069
vn 0.4274 0.5636 0.7069
vn 0.3467 0.6165 0.7069
vn 0.2595 0.6580 0.7069
vn 0.1675 0.6872 0.7069
vn 0.0723 0.7036 0.7069
vn -0.0682 -0.9977 -0.0000
vn 0.0682 -0.9977 -0.0000
vn 0.3349 -0.9423 0.0000
vn 0.4601 -0.8879 -0.0000
vn -0.0483 0.7063 -0.7063
vn -0.1440 0.6931 -0.7063
vn -0.2371 0.6671 -0.7063
vn -0.3257 0.6286 -0.7063
vn -0.4082 0.5784 -0.7063
vn -0.4832 0.5174 -0.7063
vn -0.5659 0.4604 -0.6840
vn -0.5267 0.4719 -0.7070
vn -0.6049 0.3678 -0.7063
vn -0.6493 0.2820 -0.7063
vn -0.6817 0.1910 -0.7063
vn -0.7013 0.0964 -0.7063
vn -0.7079 0.0000 -0.7063
vn -0.7013 -0.0964 -0.7063
vn -0.6817 -0.1910 -0.7063
vn -0.6493 -0.2820 -0.7063
vn -0.6049 -0.3678 -0.7063
vn -0.5632 -0.4279 -0.7069
vn -0.5690 -0.4629 -0.6797
vn -0.4832 -0.5174 -0.7063
vn -0.4083 -0.5784 -0.7063
vn -0.3257 -0.6286 -0.7063
vn -0.2371 -0.6671 -0.7063
vn -0.1440 -0.6931 -0.7063
vn -0.0483 -0.7063 -0.7063
vn -0.5326 -0.4654 -0.7069
vn -0.5580 0.4350 -0.7067
vn -0.4083 0.5784 -0.7063
vn 0.0483 -0.7063 -0.7063
vn 0.1440 -0.6931 -0.7063
vn 0.2371 -0.6671 -0.7063
vn 0.3257 -0.6286 -0.7063
vn 0.4083 -0.5784 -0.7063
vn 0.4832 -0.5174 -0.7063
vn 0.5690 -0.4629 -0.6797
vn 0.5326 -0.4654 -0.7069
vn 0.6049 -0.3678 -0.7063
vn 0.6493 -0.2820 -0.7063
vn 0.6817 -0.1910 -0.7063
vn 0.7013 -0.0964 -0.7063
vn 0.7079 0.0000 -0.7063
vn 0.7013 0.0964 -0.7063
vn 0.6817 0.1910 -0.7063
vn 0.6493 0.2820 -0.7063
vn 0.6049 0.3678 -0.7063
vn 0.5580 0.4350 -0.7067
vn 0.5659 0.4604 -0.6840
vn 0.4832 0.5174 -0.7063
vn 0.4083 0.5784 -0.7063
vn 0.3257 0.6286 -0.7063
vn 0.2371 0.6671 -0.7063
vn 0.1440 0.6931 -0.7063
vn 0.0483 0.7063 -0.7063
vn 0.4082 0.5784 -0.7063
vn 0.5267 0.4719 -0.7070
vn 0.5632 -0.4279 -0.7069
vn 0.4082 -0.5784 -0.7063
vn 0.0000 -1.0000 0.0000
vn -0.1011 -0.7035 0.7035
vn -0.2952 -0.7035 0.6465
vn -0.4654 -0.7035 0.5371
vn -0.5979 -0.7035 0.3842
vn -0.6819 -0.7035 0.2002
vn -0.7107 -0.7035 0.0000
vn -0.6819 -0.7035 -0.2002
vn -0.5979 -0.7035 -0.3842
vn -0.4654 -0.7035 -0.5371
vn -0.2952 -0.7035 -0.6465
vn 0.2952 -0.7035 -0.6465
vn 0.4654 -0.7035 -0.5371
vn 0.5979 -0.7035 -0.3842
vn 0.6819 -0.7035 -0.2002
vn 0.7107 -0.7035 0.0000
vn 0.6819 -0.7035 0.2002
vn 0.5979 -0.7035 0.3842
vn 0.4654 -0.7035 0.5371
vn 0.2952 -0.7035 0.6465
vn 0.1011 -0.7035 0.7035
vn -0.1423 0.0000 -0.9898
vn -0.4154 0.0000 -0.9096
vn -0.6549 0.0000 -0.7557
vn -0.8413 0.0000 -0.5406
vn -0.9595 0.0000 -0.2817
vn -0.9595 0.0000 0.2817
vn -0.8413 0.0000 0.5406
vn -0.6549 0.0000 0.7557
vn -0.4154 0.0000 0.9096
vn -0.1423 0.0000 0.9898
vn -0.6548 0.0000 0.7558
vn -0.8412 0.0000 0.5406
vn -0.9595 0.0000 0.2818
vn -0.9595 0.0000 -0.2818
vn -0.6548 0.0000 -0.7558
vn 0.1423 0.0000 0.9898
vn 0.4154 0.0000 0.9096
vn 0.6549 0.0000 0.7557
vn 0.8413 0.0000 0.5406
vn 0.9595 0.0000 0.2817
vn 0.9595 0.0000 -0.2817
vn 0.8413 0.0000 -0.5406
vn 0.6549 0.0000 -0.7557
vn 0.4154 0.0000 -0.9096
vn 0.1423 0.0000 -0.9898
vn 0.6548 0.0000 -0.7558
vn 0.9595 0.0000 -0.2818
vn 0.9595 0.0000 0.2818
vn 0.8412 0.0000 0.5406
vn 0.6548 0.0000 0.7558
vn -0.9187 0.0000 -0.3950
vn -0.9927 0.0000 -0.1202
vn -0.9864 0.0000 0.1643
vn -0.9001 0.0000 0.4356
vn -0.7410 0.0000 0.6715
vn -0.5218 0.0000 0.8531
vn -0.2603 0.0000 0.9655
vn 0.0223 0.0000 0.9998
vn 0.3030 0.0000 0.9530
vn 0.5593 0.0000 0.8290
vn 0.7702 0.0000 0.6379
vn 0.9187 0.0000 0.3950
vn 0.9927 0.0000 0.1202
vn 0.9864 -0.0000 -0.1643
vn 0.9001 -0.0000 -0.4356
vn 0.7410 0.0000 -0.6715
vn 0.5218 0.0000 -0.8531
vn 0.2603 0.0000 -0.9655
vn -0.0223 0.0000 -0.9998
vn -0.3030 0.0000 -0.9530
vn -0.5593 0.0000 -0.8290
vn -0.7702 0.0000 -0.6379
vn 0.0000 1.0000 -0.0000
vn 0.0000 1.0000 0.0002
vn 0.0000 1.0000 0.0003
vn 0.0000 1.0000 -0.0006
vn 0.0000 1.0000 -0.0003
vn 0.0000 1.0000 0.0006
vn 0.0000 1.0000 -0.0001
vn 0.0000 1.0000 0.0001
vn 0.0000 -1.0000 0.0001
vn 0.0000 -1.0000 -0.0010
vn 0.0000 -1.0000 0.0002
vn 0.0000 -1.0000 -0.0001
vn 0.0000 -1.0000 -0.0003
vn 0.0000 -1.0000 0.0004
vn 0.0000 -1.0000 -0.0004
vn 0.0000 -1.0000 0.0010
vn 0.0000 -1.0000 -0.0002
vn 0.0000 -1.0000 0.0003
vn -0.9098 0.0000 -0.4151
vn -0.9184 0.0251 -0.3949
vn -0.9865 0.0000 -0.1637
vn -0.9919 0.0411 -0.1201
vn -0.9951 -0.0000 0.0990
vn -0.9853 0.0480 0.1642
vn -0.8992 0.0457 0.4351
vn -0.9349 0.0000 0.3549
vn -0.7405 0.0343 0.6711
vn -0.8101 0.0000 0.5863
vn -0.5217 0.0137 0.8530
vn -0.3024 -0.0114 0.9531
vn -0.2601 0.0343 0.9650
vn -0.0326 0.0000 0.9995
vn 0.0223 0.0457 0.9987
vn 0.3027 0.0480 0.9519
vn 0.2289 0.0000 0.9734
vn 0.5588 0.0411 0.8283
vn 0.4747 0.0000 0.8801
vn 0.7699 0.0251 0.6377
vn 0.6877 0.0000 0.7260
vn 0.7840 0.0000 0.6208
vn 0.5951 0.0000 0.8036
vn 0.3652 0.0000 0.9309
vn 0.1099 0.0000 0.9939
vn -0.1529 0.0000 0.9882
vn -0.7107 -0.0114 0.7034
vn -0.8749 0.0000 0.4843
vn -0.9709 0.0000 0.2396
vn -0.9998 -0.0000 -0.0216
vn -0.9596 0.0000 -0.2814
vn 0.9098 0.0000 0.4151
vn 0.9184 0.0251 0.3949
vn 0.9865 0.0000 0.1637
vn 0.9919 0.0411 0.1201
vn 0.9951 0.0000 -0.0990
vn 0.9853 0.0480 -0.1642
vn 0.8992 0.0457 -0.4351
vn 0.9349 0.0000 -0.3549
vn 0.7405 0.0343 -0.6711
vn 0.8101 0.0000 -0.5863
vn 0.5217 0.0137 -0.8530
vn 0.3024 -0.0114 -0.9531
vn 0.2601 0.0343 -0.9650
vn 0.0326 0.0000 -0.9995
vn -0.0223 0.0457 -0.9987
vn -0.3027 0.0480 -0.9519
vn -0.2289 0.0000 -0.9734
vn -0.5588 0.0411 -0.8283
vn -0.4747 0.0000 -0.8801
vn -0.7699 0.0251 -0.6377
vn -0.6877 0.0000 -0.7260
vn -0.7840 0.0000 -0.6208
vn -0.5951 -0.0000 -0.8036
vn -0.3652 0.0000 -0.9309
vn -0.1099 0.0000 -0.9939
vn 0.1529 0.0000 -0.9882
vn 0.7107 -0.0114 -0.7034
vn 0.8749 -0.0000 -0.4843
vn 0.9709 0.0000 -0.2396
vn 0.9998 0.0000 0.0216
vn 0.9596 0.0000 0.2814
vn 0.7749 -0.1519 0.6136
vn 0.6033 -0.1744 0.7783
vn 0.6796 -0.1530 0.7175
vn 0.3986 -0.1868 0.8979
vn 0.4691 -0.1528 0.8698
vn 0.2263 -0.1527 0.9620
vn 0.1720 -0.1893 0.9667
vn -0.0322 -0.1524 0.9878
vn -0.0644 -0.1818 0.9812
vn -0.2989 -0.1519 0.9421
vn -0.5157 -0.1519 0.8432
vn -0.7025 -0.1519 0.6953
vn -0.8441 -0.1818 0.5044
vn -0.8006 -0.1529 0.5794
vn -0.9390 -0.1893 0.2873
vn -0.9239 -0.1528 0.3507
vn -0.9834 -0.1525 0.0979
vn -0.9809 -0.1868 0.0542
vn -0.9750 -0.1523 -0.1618
vn -0.9676 -0.1744 -0.1825
vn -0.8992 -0.1519 -0.4103
vn 0.7032 -0.4420 0.5568
vn 0.5495 -0.4420 0.7090
vn 0.3639 -0.4420 0.8199
vn 0.1571 -0.4420 0.8831
vn -0.0588 -0.4420 0.8951
vn -0.2713 -0.4420 0.8550
vn -0.4680 -0.4420 0.7652
vn -0.6375 -0.4420 0.6310
vn -0.7700 -0.4420 0.4601
vn -0.8578 -0.4420 0.2624
vn -0.8956 -0.4420 0.0495
vn -0.8815 -0.4420 -0.1662
vn -0.8161 -0.4420 -0.3724
vn 0.5659 -0.6920 0.4481
vn 0.4422 -0.6920 0.5705
vn 0.2929 -0.6920 0.6598
vn 0.1264 -0.6920 0.7107
vn -0.0473 -0.6920 0.7203
vn -0.2183 -0.6920 0.6881
vn -0.3766 -0.6920 0.6158
vn -0.5131 -0.6920 0.5078
vn -0.6197 -0.6920 0.3702
vn -0.6903 -0.6920 0.2112
vn -0.7208 -0.6920 0.0399
vn -0.7094 -0.6920 -0.1338
vn -0.6567 -0.6920 -0.2997
vn 0.3750 -0.8782 0.2969
vn 0.2930 -0.8782 0.3780
vn 0.1940 -0.8782 0.4372
vn 0.0838 -0.8782 0.4709
vn -0.0313 -0.8782 0.4773
vn -0.1447 -0.8782 0.4559
vn -0.2496 -0.8782 0.4081
vn -0.3400 -0.8782 0.3365
vn -0.4106 -0.8782 0.2453
vn -0.4574 -0.8782 0.1399
vn -0.4776 -0.8782 0.0264
vn -0.4700 -0.8782 -0.0887
vn -0.4352 -0.8782 -0.1986
vn 0.1479 -0.9820 0.1171
vn 0.1120 -0.9821 0.1513
vn 0.1167 -0.9817 0.1506
vn 0.0686 -0.9822 0.1749
vn 0.0777 -0.9815 0.1750
vn 0.0336 -0.9815 0.1887
vn 0.0206 -0.9822 0.1865
vn -0.0125 -0.9816 0.1907
vn -0.0287 -0.9823 0.1853
vn -0.0574 -0.9818 0.1808
vn -0.0759 -0.9823 0.1713
vn -0.0985 -0.9820 0.1610
vn -0.1354 -0.9821 0.1311
vn -0.1348 -0.9818 0.1334
vn -0.1645 -0.9822 0.0911
vn -0.1640 -0.9816 0.0980
vn -0.1823 -0.9822 0.0450
vn -0.1833 -0.9815 0.0561
vn -0.1912 -0.9815 0.0106
vn -0.1875 -0.9823 -0.0041
vn -0.1872 -0.9817 -0.0353
vn -0.1798 -0.9823 -0.0528
vn -0.1717 -0.9820 -0.0783
vn -0.1857 -0.9821 -0.0308
vn -0.1870 -0.9822 0.0186
vn -0.1754 -0.9822 0.0666
vn -0.1519 -0.9823 0.1099
vn -0.1179 -0.9823 0.1456
vn -0.0550 -0.9821 0.1803
vn -0.0061 -0.9822 0.1880
vn 0.0430 -0.9822 0.1828
vn 0.0890 -0.9823 0.1651
vn 0.1289 -0.9823 0.1360
vn -0.4700 -0.8782 -0.0886
vn -0.2496 -0.8782 0.4080
vn -0.0314 -0.8782 0.4773
vn 0.1941 -0.8782 0.4372
vn -0.6197 -0.6920 0.3703
vn 0.4423 -0.6920 0.5705
vn -0.9483 -0.1530 -0.2781
vn -0.9880 -0.1528 -0.0214
vn -0.9595 -0.1527 0.2368
vn -0.8647 -0.1524 0.4787
vn -0.1511 -0.1529 0.9766
vn 0.1087 -0.1528 0.9823
vn 0.3609 -0.1525 0.9201
vn 0.5882 -0.1523 0.7943
vn -0.7749 -0.1519 -0.6136
vn -0.6033 -0.1744 -0.7783
vn -0.6796 -0.1530 -0.7175
vn -0.3986 -0.1868 -0.8979
vn -0.4691 -0.1528 -0.8698
vn -0.2263 -0.1527 -0.9620
vn -0.1720 -0.1893 -0.9667
vn 0.0322 -0.1524 -0.9878
vn 0.0644 -0.1818 -0.9812
vn 0.2989 -0.1519 -0.9421
vn 0.5157 -0.1519 -0.8432
vn 0.7025 -0.1519 -0.6953
vn 0.8441 -0.1818 -0.5044
vn 0.8006 -0.1529 -0.5794
vn 0.9390 -0.1893 -0.2873
vn 0.9239 -0.1528 -0.3507
vn 0.9834 -0.1525 -0.0979
vn 0.9809 -0.1868 -0.0542
vn 0.9750 -0.1523 0.1618
vn 0.9676 -0.1744 0.1825
vn 0.8992 -0.1519 0.4103
vn -0.7032 -0.4420 -0.5568
vn -0.5495 -0.4420 -0.7090
vn -0.3639 -0.4420 -0.8199
vn -0.1571 -0.4420 -0.8831
vn 0.0588 -0.4420 -0.8951
vn 0.2713 -0.4420 -0.8550
vn 0.4680 -0.4420 -0.7652
vn 0.6375 -0.4420 -0.6310
vn 0.7700 -0.4420 -0.4601
vn 0.8578 -0.4420 -0.2624
vn 0.8956 -0.4420 -0.0495
vn 0.8815 -0.4420 0.1662
vn 0.8161 -0.4420 0.3724
vn -0.5659 -0.6920 -0.4481
vn -0.4422 -0.6920 -0.5705
vn -0.2929 -0.6920 -0.6598
vn -0.1264 -0.6920 -0.7107
vn 0.0473 -0.6920 -0.7203
vn 0.2183 -0.6920 -0.6881
vn 0.3766 -0.6920 -0.6158
vn 0.5131 -0.6920 -0.5078
vn 0.6197 -0.6920 -0.3702
vn 0.6903 -0.6920 -0.2112
vn 0.7208 -0.6920 -0.0399
vn 0.7094 -0.6920 0.1338
vn 0.6567 -0.6920 0.2997
vn -0.3750 -0.8782 -0.2969
vn -0.2930 -0.8782 -0.3780
vn -0.1941 -0.8782 -0.4372
vn -0.0838 -0.8782 -0.4709
vn 0.0313 -0.8782 -0.4773
vn 0.1447 -0.8782 -0.4559
vn 0.2496 -0.8782 -0.4081
vn 0.3400 -0.8782 -0.3365
vn 0.4106 -0.8782 -0.2453
vn 0.4574 -0.8782 -0.1399
vn 0.4776 -0.8782 -0.0264
vn 0.4700 -0.8782 0.0887
vn 0.4352 -0.8782 0.1986
vn -0.1479 -0.9820 -0.1171
vn -0.1120 -0.9821 -0.1513
vn -0.1167 -0.9817 -0.1506
vn -0.0686 -0.9822 -0.1749
vn -0.0777 -0.9815 -0.1750
vn -0.0336 -0.9815 -0.1887
vn -0.0206 -0.9822 -0.1865
vn 0.0125 -0.9816 -0.1907
vn 0.0287 -0.9823 -0.1853
vn 0.0574 -0.9818 -0.1808
vn 0.0759 -0.9823 -0.1713
vn 0.0985 -0.9820 -0.1610
vn 0.1354 -0.9821 -0.1311
vn 0.1348 -0.9818 -0.1334
vn 0.1645 -0.9822 -0.0911
vn 0.1640 -0.9816 -0.0980
vn 0.1823 -0.9822 -0.0450
vn 0.1833 -0.9815 -0.0561
vn 0.1912 -0.9815 -0.0106
vn 0.1875 -0.9823 0.0041
vn 0.1872 -0.9817 0.0353
vn 0.1798 -0.9823 0.0528
vn 0.1717 -0.9820 0.0783
vn 0.1857 -0.9821 0.0308
vn 0.1870 -0.9822 -0.0186
vn 0.1754 -0.9822 -0.0666
vn 0.1519 -0.9823 -0.1099
vn 0.1179 -0.9823 -0.1456
vn 0.0550 -0.9821 -0.1803
vn 0.0061 -0.9822 -0.1880
vn -0.0430 -0.9822 -0.1828
vn -0.0890 -0.9823 -0.1651
vn -0.1289 -0.9823 -0.1360
vn 0.4700 -0.8782 0.0886
vn 0.2496 -0.8782 -0.4080
vn 0.6197 -0.6920 -0.3703
vn 0.9483 -0.1530 0.2781
vn 0.9880 -0.1528 0.0214
vn 0.9595 -0.1527 -0.2368
vn 0.8647 -0.1524 -0.4787
vn 0.1511 -0.1529 -0.9766
vn -0.1087 -0.1528 -0.9823
vn -0.3609 -0.1525 -0.9201
vn -0.5882 -0.1523 -0.7943
vn -0.0335 -0.9994 -0.0099
vn -0.0349 -0.9994 -0.0008
vn -0.0340 -0.9994 0.0084
vn -0.0307 -0.9994 0.0170
vn -0.0252 -0.9994 0.0244
vn -0.0183 -0.9994 0.0300
vn -0.0141 -0.9994 0.0319
vn -0.0053 -0.9994 0.0345
vn 0.0038 -0.9994 0.0347
vn 0.0128 -0.9994 0.0326
vn 0.0209 -0.9994 0.0282
vn 0.0276 -0.9994 0.0218
vn 0.0240 -0.9994 0.0254
vn 0.0166 -0.9994 0.0307
vn 0.0080 -0.9994 0.0340
vn -0.0011 -0.9994 0.0350
vn -0.0103 -0.9994 0.0336
vn -0.0220 -0.9994 0.0271
vn -0.0283 -0.9994 0.0205
vn -0.0327 -0.9994 0.0124
vn -0.0348 -0.9994 0.0034
vn -0.0346 -0.9994 -0.0057
vn -0.0320 -0.9994 -0.0146
vn 0.0335 -0.9994 0.0099
vn 0.0349 -0.9994 0.0008
vn 0.0340 -0.9994 -0.0084
vn 0.0307 -0.9994 -0.0170
vn 0.0252 -0.9994 -0.0244
vn 0.0183 -0.9994 -0.0300
vn 0.0141 -0.9994 -0.0319
vn 0.0053 -0.9994 -0.0345
vn -0.0038 -0.9994 -0.0347
vn -0.0128 -0.9994 -0.0326
vn -0.0209 -0.9994 -0.0282
vn -0.0276 -0.9994 -0.0218
vn -0.0240 -0.9994 -0.0254
vn -0.0166 -0.9994 -0.0307
vn -0.0080 -0.9994 -0.0340
vn 0.0011 -0.9994 -0.0350
vn 0.0103 -0.9994 -0.0336
vn 0.0220 -0.9994 -0.0271
vn 0.0283 -0.9994 -0.0205
vn 0.0327 -0.9994 -0.0124
vn 0.0348 -0.9994 -0.0034
vn 0.0346 -0.9994 0.0057
vn 0.0320 -0.9994 0.0146
vn -0.0654 -0.7056 -0.7056
vn -0.1978 -0.6803 -0.7058
vn -0.1955 -0.6869 -0.6999
vn -0.3230 -0.6303 -0.7059
vn -0.3205 -0.6437 -0.6949
vn -0.4365 -0.5576 -0.7061
vn -0.4359 -0.5772 -0.6906
vn -0.5341 -0.4647 -0.7063
vn -0.5370 -0.4896 -0.6870
vn -0.6123 -0.3551 -0.7064
vn -0.6201 -0.3840 -0.6841
vn -0.6684 -0.2326 -0.7065
vn -0.6819 -0.2642 -0.6821
vn -0.7002 -0.1018 -0.7066
vn -0.7199 -0.1346 -0.6809
vn -0.7328 0.0000 -0.6804
vn -0.7067 0.0327 -0.7067
vn -0.7199 0.1346 -0.6809
vn -0.6877 0.1659 -0.7068
vn -0.6819 0.2642 -0.6821
vn -0.6437 0.2932 -0.7069
vn -0.6201 0.3840 -0.6841
vn -0.5765 0.4097 -0.7070
vn -0.5370 0.4896 -0.6870
vn -0.4884 0.5115 -0.7070
vn -0.4359 0.5772 -0.6906
vn -0.3826 0.5947 -0.7071
vn -0.3205 0.6437 -0.6949
vn -0.2630 0.6564 -0.7071
vn -0.1955 0.6869 -0.6999
vn -0.1339 0.6943 -0.7071
vn -0.0654 0.7056 -0.7056
vn -0.1978 0.6803 -0.7058
vn -0.3230 0.6303 -0.7059
vn -0.4365 0.5576 -0.7061
vn -0.5341 0.4647 -0.7063
vn -0.6123 0.3551 -0.7064
vn -0.6684 0.2326 -0.7065
vn -0.7002 0.1018 -0.7066
vn -0.7067 -0.0327 -0.7067
vn -0.6877 -0.1659 -0.7068
vn -0.6437 -0.2932 -0.7069
vn -0.5765 -0.4097 -0.7070
vn -0.4884 -0.5115 -0.7070
vn -0.3826 -0.5947 -0.7071
vn -0.2630 -0.6564 -0.7071
vn -0.1339 -0.6943 -0.7071
vn 0.0654 0.7056 -0.7056
vn 0.1978 0.6803 -0.7058
vn 0.1955 0.6870 -0.6999
vn 0.3230 0.6303 -0.7059
vn 0.3205 0.6437 -0.6949
vn 0.4365 0.5576 -0.7061
vn 0.4359 0.5772 -0.6906
vn 0.5341 0.4647 -0.7063
vn 0.5370 0.4896 -0.6870
vn 0.6123 0.3551 -0.7064
vn 0.6201 0.3840 -0.6841
vn 0.6684 0.2326 -0.7065
vn 0.6819 0.2642 -0.6821
vn 0.7002 0.1018 -0.7066
vn 0.7199 0.1346 -0.6809
vn 0.7328 0.0000 -0.6804
vn 0.7067 -0.0327 -0.7067
vn 0.7199 -0.1346 -0.6809
vn 0.6877 -0.1659 -0.7068
vn 0.6819 -0.2642 -0.6821
vn 0.6437 -0.2932 -0.7069
vn 0.6201 -0.3840 -0.6841
vn 0.5765 -0.4097 -0.7070
vn 0.5370 -0.4896 -0.6870
vn 0.4884 -0.5115 -0.7070
vn 0.4359 -0.5772 -0.6906
vn 0.3826 -0.5947 -0.7071
vn 0.3205 -0.6437 -0.6949
vn 0.2630 -0.6564 -0.7071
vn 0.1955 -0.6869 -0.6999
vn 0.1339 -0.6943 -0.7071
vn 0.0654 -0.7056 -0.7056
vn 0.1978 -0.6803 -0.7058
vn 0.3230 -0.6303 -0.7059
vn 0.4365 -0.5576 -0.7061
vn 0.5341 -0.4647 -0.7063
vn 0.6123 -0.3551 -0.7064
vn 0.6684 -0.2326 -0.7065
vn 0.7002 -0.1018 -0.7066
vn 0.7067 0.0327 -0.7067
vn 0.6877 0.1659 -0.7068
vn 0.6437 0.2932 -0.7069
vn 0.5765 0.4097 -0.7070
vn 0.4884 0.5115 -0.7070
vn 0.3826 0.5947 -0.7071
vn 0.2630 0.6564 -0.7071
vn 0.1339 0.6943 -0.7071
vn -0.0923 -0.9957 0.0000
vn -0.0980 -0.9952 -0.0032
vn -0.2792 -0.9602 0.0000
vn -0.2903 -0.9569 -0.0061
vn -0.4560 -0.8900 0.0000
vn -0.4714 -0.8819 -0.0085
vn -0.6164 -0.7875 -0.0000
vn -0.6344 -0.7730 -0.0105
vn -0.7544 -0.6564 0.0000
vn -0.7730 -0.6343 -0.0121
vn -0.8651 -0.5017 0.0000
vn -0.8818 -0.4714 -0.0133
vn -0.9444 -0.3287 0.0000
vn -0.9568 -0.2903 -0.0141
vn -0.9896 -0.1439 0.0000
vn -0.9951 -0.0980 -0.0145
vn -0.9951 0.0980 -0.0145
vn -0.9989 0.0462 0.0000
vn -0.9568 0.2903 -0.0141
vn -0.9721 0.2346 0.0000
vn -0.8818 0.4714 -0.0133
vn -0.9101 0.4145 0.0000
vn -0.7730 0.6343 -0.0121
vn -0.8151 0.5793 0.0000
vn -0.6344 0.7730 -0.0105
vn -0.6906 0.7233 0.0000
vn -0.4714 0.8819 -0.0085
vn -0.5411 0.8410 0.0000
vn -0.2903 0.9569 -0.0061
vn -0.3720 0.9282 0.0000
vn -0.0980 0.9952 -0.0032
vn -0.1894 0.9819 0.0000
vn -0.0923 0.9957 0.0000
vn -0.2792 0.9602 0.0000
vn -0.4560 0.8900 0.0000
vn -0.6164 0.7875 0.0000
vn -0.7544 0.6564 0.0000
vn -0.8651 0.5017 0.0000
vn -0.9444 0.3287 0.0000
vn -0.9896 0.1439 0.0000
vn -0.9989 -0.0462 -0.0000
vn -0.9721 -0.2346 0.0000
vn -0.9101 -0.4145 0.0000
vn -0.8151 -0.5793 0.0000
vn -0.6906 -0.7233 0.0000
vn -0.5411 -0.8410 0.0000
vn -0.3720 -0.9282 0.0000
vn -0.1894 -0.9819 -0.0000
vn 0.0923 0.9957 0.0000
vn 0.0980 0.9952 -0.0032
vn 0.2792 0.9602 0.0000
vn 0.2903 0.9569 -0.0061
vn 0.4560 0.8900 0.0000
vn 0.4714 0.8819 -0.0085
vn 0.6164 0.7875 0.0000
vn 0.6344 0.7730 -0.0105
vn 0.7544 0.6564 0.0000
vn 0.7730 0.6343 -0.0121
vn 0.8651 0.5017 0.0000
vn 0.8818 0.4714 -0.0133
vn 0.9444 0.3287 0.0000
vn 0.9568 0.2903 -0.0141
vn 0.9896 0.1439 0.0000
vn 0.9951 0.0980 -0.0145
vn 0.9951 -0.0980 -0.0145
vn 0.9989 -0.0462 -0.0000
vn 0.9568 -0.2903 -0.0141
vn 0.9721 -0.2346 0.0000
vn 0.8818 -0.4714 -0.0133
vn 0.9101 -0.4145 0.0000
vn 0.7730 -0.6343 -0.0121
vn 0.8151 -0.5793 0.0000
vn 0.6344 -0.7730 -0.0105
vn 0.6906 -0.7233 0.0000
vn 0.4714 -0.8819 -0.0085
vn 0.5411 -0.8410 0.0000
vn 0.2903 -0.9569 -0.0061
vn 0.3720 -0.9282 0.0000
vn 0.0980 -0.9952 -0.0032
vn 0.1894 -0.9819 -0.0000
vn 0.0923 -0.9957 0.0000
vn 0.2792 -0.9602 0.0000
vn 0.4560 -0.8900 0.0000
vn 0.6164 -0.7875 -0.0000
vn 0.7544 -0.6564 0.0000
vn 0.8651 -0.5017 0.0000
vn 0.9444 -0.3287 0.0000
vn 0.9896 -0.1439 0.0000
vn 0.9989 0.0462 0.0000
vn 0.9721 0.2346 0.0000
vn 0.9101 0.4145 0.0000
vn 0.8151 0.5793 0.0000
vn 0.6906 0.7233 0.0000
vn 0.5411 0.8410 0.0000
vn 0.3720 0.9282 0.0000
vn 0.1894 0.9819 0.0000
vn 0.2241 -0.9746 -0.0000
vn 0.0831 -0.9965 -0.0000
vn 0.1423 -0.9898 0.0059
vn 0.9595 -0.2817 0.0018
vn 0.9561 -0.2930 0.0000
vn 0.9881 -0.1540 0.0000
vn -0.9561 -0.2930 0.0000
vn -0.9881 -0.1540 0.0000
vn -0.9595 -0.2817 0.0018
vn -0.1423 -0.9898 0.0059
vn -0.2241 -0.9746 0.0000
vn -0.0831 -0.9965 -0.0000
vn 0.9561 0.2930 0.0000
vn 0.9881 0.1540 0.0000
vn 0.9595 0.2817 0.0018
vn 0.1423 0.9898 0.0059
vn 0.2241 0.9746 0.0000
vn 0.0831 0.9965 0.0000
vn -0.2241 0.9746 0.0000
vn -0.0831 0.9965 0.0000
vn -0.1423 0.9898 0.0059
vn -0.9595 0.2817 0.0018
vn -0.9561 0.2930 0.0000
vn -0.9881 0.1540 0.0000
vn -0.0738 0.5136 -0.8548
vn -0.2156 0.4720 -0.8548
vn -0.3398 0.3922 -0.8548
vn -0.4365 0.2805 -0.8548
vn -0.4979 0.1462 -0.8548
vn -0.5189 0.0000 -0.8548
vn -0.4979 -0.1462 -0.8548
vn -0.4365 -0.2805 -0.8548
vn -0.3398 -0.3922 -0.8548
vn -0.2156 -0.4720 -0.8548
vn -0.0738 -0.5136 -0.8548
vn 0.0738 -0.5136 -0.8548
vn 0.2156 -0.4720 -0.8548
vn 0.3398 -0.3922 -0.8548
vn 0.4365 -0.2805 -0.8548
vn 0.4979 -0.1462 -0.8548
vn 0.5189 0.0000 -0.8548
vn 0.4979 0.1462 -0.8548
vn 0.4365 0.2805 -0.8548
vn 0.3398 0.3922 -0.8548
vn 0.2156 0.4720 -0.8548
vn 0.0738 0.5136 -0.8548
vn 0.3996 0.8548 0.3310
vn 0.2902 0.8548 0.4302
vn 0.1573 0.8548 0.4945
vn 0.0116 0.8548 0.5188
vn -0.1351 0.8548 0.5010
vn -0.2707 0.8548 0.4427
vn -0.3845 0.8548 0.3485
vn -0.4671 0.8548 0.2260
vn -0.5119 0.8548 0.0853
vn -0.5151 0.8548 -0.0624
vn -0.4767 0.8548 -0.2050
vn -0.3996 0.8548 -0.3310
vn -0.2902 0.8548 -0.4302
vn -0.1573 0.8548 -0.4945
vn -0.0116 0.8548 -0.5188
vn 0.1351 0.8548 -0.5010
vn 0.2707 0.8548 -0.4427
vn 0.3845 0.8548 -0.3485
vn 0.4671 0.8548 -0.2260
vn 0.5119 0.8548 -0.0853
vn 0.5151 0.8548 0.0624
vn 0.4767 0.8548 0.2050
vn 0.5136 -0.0738 0.8548
vn 0.4720 -0.2156 0.8548
vn 0.3922 -0.3398 0.8548
vn 0.2805 -0.4365 0.8548
vn 0.1462 -0.4979 0.8548
vn 0.0000 -0.5189 0.8548
vn -0.1462 -0.4979 0.8548
vn -0.2805 -0.4365 0.8548
vn -0.3922 -0.3398 0.8548
vn -0.4720 -0.2156 0.8548
vn -0.5136 -0.0738 0.8548
vn -0.5136 0.0738 0.8548
vn -0.4720 0.2156 0.8548
vn -0.3922 0.3398 0.8548
vn -0.2805 0.4365 0.8548
vn -0.1462 0.4979 0.8548
vn 0.0000 0.5189 0.8548
vn 0.1462 0.4979 0.8548
vn 0.2805 0.4365 0.8548
vn 0.3922 0.3398 0.8548
vn 0.4720 0.2156 0.8548
vn 0.5136 0.0738 0.8548
vn 0.8645 -0.0591 0.4991
vn 0.8484 -0.1763 0.4991
vn 0.8165 -0.2902 0.4991
vn 0.7694 -0.3987 0.4991
vn 0.7079 -0.4997 0.4991
vn 0.6333 -0.5915 0.4991
vn 0.5469 -0.6722 0.4991
vn 0.4502 -0.7404 0.4991
vn 0.3452 -0.7948 0.4991
vn 0.2338 -0.8344 0.4991
vn 0.1180 -0.8585 0.4991
vn 0.0000 -0.8665 0.4991
vn -0.1180 -0.8585 0.4991
vn -0.2338 -0.8344 0.4991
vn -0.3452 -0.7948 0.4991
vn -0.4502 -0.7404 0.4991
vn -0.5469 -0.6722 0.4991
vn -0.6333 -0.5915 0.4991
vn -0.7079 -0.4997 0.4991
vn -0.7694 -0.3987 0.4991
vn -0.8165 -0.2902 0.4991
vn -0.8484 -0.1763 0.4991
vn -0.8645 -0.0591 0.4991
vn -0.8645 0.0591 0.4991
vn -0.8484 0.1763 0.4991
vn -0.8165 0.2902 0.4991
vn -0.7694 0.3987 0.4991
vn -0.7079 0.4997 0.4991
vn -0.6333 0.5915 0.4991
vn -0.5469 0.6722 0.4991
vn -0.4502 0.7404 0.4991
vn -0.3452 0.7948 0.4991
vn -0.2338 0.8344 0.4991
vn -0.1180 0.8585 0.4991
vn 0.0000 0.8665 0.4991
vn 0.1180 0.8585 0.4991
vn 0.2338 0.8344 0.4991
vn 0.3452 0.7948 0.4991
vn 0.4502 0.7404 0.4991
vn 0.5469 0.6722 0.4991
vn 0.6333 0.5915 0.4991
vn 0.7079 0.4997 0.4991
vn 0.7694 0.3987 0.4991
vn 0.8165 0.2902 0.4991
vn 0.8484 0.1763 0.4991
vn 0.8645 0.0591 0.4991
vn -0.9977 -0.0682 0.0000
vn -0.9791 -0.2035 0.0000
vn -0.9423 -0.3349 0.0000
vn -0.8879 -0.4601 0.0000
vn -0.8170 -0.5767 0.0000
vn -0.7308 -0.6826 -0.0000
vn -0.6311 -0.7757 0.0000
vn -0.5196 -0.8544 0.0000
vn -0.3984 -0.9172 -0.0000
vn -0.2698 -0.9629 -0.0000
vn -0.1362 -0.9907 -0.0000
vn 0.1362 -0.9907 -0.0000
vn 0.2698 -0.9629 -0.0000
vn 0.3984 -0.9172 -0.0000
vn 0.5196 -0.8544 0.0000
vn 0.6311 -0.7757 0.0000
vn 0.7308 -0.6826 -0.0000
vn 0.8170 -0.5767 0.0000
vn 0.8879 -0.4601 0.0000
vn 0.9423 -0.3349 0.0000
vn 0.9791 -0.2035 0.0000
vn 0.9977 -0.0682 0.0000
vn -0.7308 -0.6825 0.0000
vn 0.9977 0.0682 0.0000
vn 0.9791 0.2035 0.0000
vn 0.9423 0.3349 0.0000
vn 0.8879 0.4601 0.0000
vn 0.8170 0.5767 0.0000
vn 0.7308 0.6825 0.0000
vn 0.6311 0.7757 0.0000
vn 0.5196 0.8544 0.0000
vn 0.3984 0.9172 0.0000
vn 0.2698 0.9629 0.0000
vn 0.1362 0.9907 0.0000
vn -0.1362 0.9907 0.0000
vn -0.2698 0.9629 0.0000
vn -0.3984 0.9172 0.0000
vn -0.5196 0.8544 0.0000
vn -0.6311 0.7757 0.0000
vn -0.7308 0.6826 0.0000
vn -0.8170 0.5767 0.0000
vn -0.8879 0.4601 0.0000
vn -0.9423 0.3349 0.0000
vn -0.9791 0.2035 0.0000
vn -0.9977 0.0682 0.0000
vn -0.7308 0.6825 0.0000
vn 0.7308 0.6826 0.0000
vn 0.9955 -0.0944 0.0000
vn 0.9885 -0.0707 0.1333
vn 0.9720 -0.2351 0.0000
vn 0.9684 -0.2107 0.1333
vn 0.9286 -0.3711 0.0000
vn 0.9286 -0.3463 0.1333
vn 0.8664 -0.4994 0.0000
vn 0.8698 -0.4750 0.1333
vn 0.7865 -0.6176 0.0000
vn 0.7934 -0.5939 0.1333
vn 0.7008 -0.7008 0.1333
vn 0.5806 -0.8142 0.0000
vn 0.5939 -0.7934 0.1333
vn 0.4588 -0.8885 0.0000
vn 0.4750 -0.8698 0.1333
vn 0.3277 -0.9448 0.0000
vn 0.3463 -0.9286 0.1333
vn 0.1899 -0.9818 0.0000
vn 0.2107 -0.9684 0.1333
vn 0.0482 -0.9988 0.0000
vn 0.0707 -0.9885 0.1333
vn -0.0944 -0.9955 0.0000
vn -0.0707 -0.9885 0.1333
vn -0.2351 -0.9720 0.0000
vn -0.2107 -0.9684 0.1333
vn -0.3710 -0.9286 0.0000
vn -0.3463 -0.9286 0.1333
vn -0.4994 -0.8664 0.0000
vn -0.4750 -0.8698 0.1333
vn -0.6176 -0.7865 0.0000
vn -0.5939 -0.7934 0.1333
vn -0.7233 -0.6906 0.0000
vn -0.7008 -0.7008 0.1333
vn -0.8142 -0.5806 0.0000
vn -0.7934 -0.5939 0.1333
vn -0.8885 -0.4588 0.0000
vn -0.8698 -0.4750 0.1333
vn -0.9448 -0.3277 0.0000
vn -0.9286 -0.3463 0.1333
vn -0.9818 -0.1899 0.0000
vn -0.9684 -0.2107 0.1333
vn -0.9988 -0.0482 0.0000
vn -0.9885 -0.0707 0.1333
vn -0.9928 -0.1194 -0.0000
vn -0.9658 -0.2595 0.0000
vn -0.9190 -0.3943 0.0000
vn -0.8535 -0.5210 0.0000
vn -0.7707 -0.6372 0.0000
vn -0.6722 -0.7404 0.0000
vn -0.5600 -0.8285 0.0000
vn -0.4364 -0.8998 0.0000
vn -0.3039 -0.9527 0.0000
vn -0.1652 -0.9863 0.0000
vn -0.0231 -0.9997 0.0000
vn 0.1194 -0.9928 0.0000
vn 0.2595 -0.9658 0.0000
vn 0.3943 -0.9190 0.0000
vn 0.5210 -0.8535 0.0000
vn 0.6372 -0.7707 0.0000
vn 0.7404 -0.6722 0.0000
vn 0.8285 -0.5600 0.0000
vn 0.8998 -0.4364 0.0000
vn 0.9527 -0.3039 0.0000
vn 0.9863 -0.1652 0.0000
vn 0.9997 -0.0231 0.0000
vn -0.9955 0.0944 0.0000
vn -0.9885 0.0707 0.1333
vn -0.9720 0.2351 0.0000
vn -0.9684 0.2107 0.1333
vn -0.9286 0.3711 0.0000
vn -0.9286 0.3463 0.1333
vn -0.8664 0.4994 0.0000
vn -0.8698 0.4750 0.1333
vn -0.7865 0.6176 0.0000
vn -0.7934 0.5939 0.1333
vn -0.7008 0.7008 0.1333
vn -0.5806 0.8142 0.0000
vn -0.5939 0.7934 0.1333
vn -0.4588 0.8885 0.0000
vn -0.4750 0.8698 0.1333
vn -0.3277 0.9448 0.0000
vn -0.3463 0.9286 0.1333
vn -0.1899 0.9818 0.0000
vn -0.2107 0.9684 0.1333
vn -0.0482 0.9988 0.0000
vn -0.0707 0.9886 0.1333
vn 0.0944 0.9955 0.0000
vn 0.0707 0.9886 0.1333
vn 0.2351 0.9720 0.0000
vn 0.2107 0.9684 0.1333
vn 0.3711 0.9286 0.0000
vn 0.3463 0.9286 0.1333
vn 0.4994 0.8664 0.0000
vn 0.4750 0.8698 0.1333
vn 0.6176 0.7865 0.0000
vn 0.5939 0.7934 0.1333
vn 0.7233 0.6906 0.0000
vn 0.7008 0.7008 0.1333
vn 0.8142 0.5806 0.0000
vn 0.7934 0.5939 0.1333
vn 0.8885 0.4588 0.0000
vn 0.8698 0.4750 0.1333
vn 0.9448 0.3277 0.0000
vn 0.9286 0.3463 0.1333
vn 0.9818 0.1899 0.0000
vn 0.9684 0.2107 0.1333
vn 0.9988 0.0482 0.0000
vn 0.9885 0.0707 0.1333
vn 0.9928 0.1194 0.0000
vn 0.9658 0.2595 0.0000
vn 0.9190 0.3943 0.0000
vn 0.8535 0.5210 0.0000
vn 0.7707 0.6372 0.0000
vn 0.6722 0.7404 0.0000
vn 0.5600 0.8285 0.0000
vn 0.4364 0.8998 0.0000
vn 0.3039 0.9527 0.0000
vn 0.1652 0.9863 0.0000
vn 0.0231 0.9997 0.0000
vn -0.1194 0.9928 0.0000
vn -0.2595 0.9658 0.0000
vn -0.3943 0.9190 0.0000
vn -0.5210 0.8535 0.0000
vn -0.6372 0.7707 0.0000
vn -0.7404 0.6722 0.0000
vn -0.8285 0.5600 0.0000
vn -0.8998 0.4364 0.0000
vn -0.9527 0.3039 0.0000
vn -0.9863 0.1652 0.0000
vn -0.9997 0.0231 0.0000
vn -0.8650 0.0820 0.4950
vn -0.9892 0.1394 -0.0453
vn -0.9637 0.0662 0.2588
vn -0.9756 0.0190 0.2186
vn -0.9421 -0.0455 0.3322
vn -0.9647 -0.0501 0.2586
vn -0.9610 -0.0974 0.2588
vn -0.8600 -0.1663 0.4825
vn -0.9877 -0.1539 -0.0284
vn -0.9423 -0.2122 0.2588
vn -0.9500 -0.2635 0.1677
vn -0.8656 -0.3002 0.4006
vn -0.9100 -0.3239 0.2586
vn -0.8930 -0.3682 0.2588
vn -0.7911 -0.4085 0.4552
vn -0.9008 -0.4341 0.0092
vn -0.8423 -0.4728 0.2588
vn -0.8413 -0.5281 0.1155
vn -0.7278 -0.5190 0.4483
vn -0.7794 -0.5707 0.2587
vn -0.7504 -0.6082 0.2588
vn -0.6594 -0.6295 0.4110
vn -0.7344 -0.6754 0.0675
vn -0.6719 -0.6940 0.2588
vn -0.6582 -0.7503 0.0623
vn -0.5423 -0.6905 0.4786
vn -0.5836 -0.7697 0.2587
vn -0.5451 -0.7974 0.2588
vn -0.4685 -0.8126 0.3467
vn -0.5025 -0.8523 0.1453
vn -0.4453 -0.8572 0.2588
vn -0.4169 -0.9089 0.0085
vn -0.3227 -0.8075 0.4938
vn -0.3391 -0.9045 0.2588
vn -0.2943 -0.9200 0.2588
vn -0.2271 -0.9389 0.2585
vn -0.2291 -0.9435 0.2396
vn -0.0820 -0.8650 0.4950
vn -0.1394 -0.9892 -0.0453
vn -0.0662 -0.9637 0.2587
vn -0.0190 -0.9756 0.2186
vn 0.0455 -0.9421 0.3323
vn 0.0501 -0.9647 0.2586
vn 0.0974 -0.9610 0.2588
vn 0.1663 -0.8600 0.4825
vn 0.1538 -0.9877 -0.0284
vn 0.2122 -0.9423 0.2588
vn 0.2635 -0.9500 0.1678
vn 0.3002 -0.8656 0.4006
vn 0.3239 -0.9100 0.2587
vn 0.3682 -0.8930 0.2588
vn 0.4085 -0.7912 0.4552
vn 0.4341 -0.9008 0.0092
vn 0.4728 -0.8423 0.2588
vn 0.5281 -0.8413 0.1155
vn 0.5190 -0.7278 0.4483
vn 0.5707 -0.7794 0.2587
vn 0.6082 -0.7504 0.2588
vn 0.6296 -0.6594 0.4110
vn 0.6754 -0.7344 0.0675
vn 0.6940 -0.6719 0.2588
vn 0.7503 -0.6582 0.0623
vn 0.6906 -0.5423 0.4786
vn 0.7697 -0.5836 0.2587
vn 0.7974 -0.5451 0.2588
vn 0.8126 -0.4685 0.3467
vn 0.8523 -0.5025 0.1453
vn 0.8572 -0.4453 0.2588
vn 0.9089 -0.4169 0.0085
vn 0.8075 -0.3227 0.4937
vn 0.9045 -0.3391 0.2587
vn 0.9200 -0.2943 0.2588
vn 0.9389 -0.2271 0.2585
vn 0.9435 -0.2291 0.2396
vn 0.9180 -0.2928 0.2674
vn 0.8691 -0.4215 0.2588
vn 0.7898 -0.5338 0.3023
vn 0.7152 -0.6493 0.2587
vn 0.6040 -0.7306 0.3185
vn 0.5033 -0.8245 0.2587
vn 0.3739 -0.8716 0.3169
vn 0.2506 -0.9329 0.2587
vn 0.1140 -0.9480 0.2973
vn -0.0223 -0.9657 0.2588
vn -0.1596 -0.9527 0.2587
vn -0.2928 -0.9180 0.2675
vn -0.4215 -0.8691 0.2587
vn -0.5338 -0.7897 0.3023
vn -0.6493 -0.7152 0.2588
vn -0.7306 -0.6040 0.3185
vn -0.8245 -0.5033 0.2588
vn -0.8716 -0.3739 0.3169
vn -0.9329 -0.2506 0.2588
vn -0.9480 -0.1140 0.2973
vn -0.9657 0.0224 0.2588
vn -0.9527 0.1596 0.2587
vn 0.8650 -0.0820 0.4950
vn 0.9892 -0.1394 -0.0453
vn 0.9637 -0.0662 0.2588
vn 0.9756 -0.0190 0.2186
vn 0.9421 0.0455 0.3322
vn 0.9647 0.0501 0.2586
vn 0.9610 0.0974 0.2588
vn 0.8600 0.1663 0.4825
vn 0.9877 0.1539 -0.0284
vn 0.9423 0.2122 0.2588
vn 0.9500 0.2635 0.1677
vn 0.8656 0.3002 0.4006
vn 0.9100 0.3239 0.2586
vn 0.8930 0.3682 0.2588
vn 0.7911 0.4085 0.4552
vn 0.9008 0.4341 0.0092
vn 0.8423 0.4728 0.2588
vn 0.8413 0.5281 0.1155
vn 0.7278 0.5190 0.4483
vn 0.7794 0.5707 0.2587
vn 0.7504 0.6082 0.2588
vn 0.6594 0.6295 0.4110
vn 0.7344 0.6754 0.0675
vn 0.6719 0.6940 0.2588
vn 0.6582 0.7503 0.0623
vn 0.5423 0.6906 0.4786
vn 0.5836 0.7697 0.2587
vn 0.5451 0.7974 0.2588
vn 0.4684 0.8126 0.3467
vn 0.5025 0.8523 0.1453
vn 0.4453 0.8572 0.2588
vn 0.4169 0.9089 0.0085
vn 0.3227 0.8075 0.4937
vn 0.3391 0.9045 0.2587
vn 0.2943 0.9200 0.2588
vn 0.2271 0.9389 0.2585
vn 0.2291 0.9435 0.2396
vn 0.0820 0.8650 0.4950
vn 0.1394 0.9892 -0.0454
vn 0.0662 0.9637 0.2587
vn 0.0190 0.9756 0.2186
vn -0.0455 0.9421 0.3322
vn -0.0501 0.9647 0.2586
vn -0.0974 0.9610 0.2588
vn -0.1663 0.8600 0.4825
vn -0.1539 0.9877 -0.0285
vn -0.2122 0.9423 0.2588
vn -0.2635 0.9500 0.1678
vn -0.3002 0.8656 0.4007
vn -0.3239 0.9100 0.2586
vn -0.3682 0.8930 0.2588
vn -0.4085 0.7911 0.4552
vn -0.4341 0.9008 0.0092
vn -0.4728 0.8423 0.2588
vn -0.5282 0.8413 0.1155
vn -0.5190 0.7278 0.4483
vn -0.5707 0.7794 0.2587
vn -0.6082 0.7504 0.2588
vn -0.6296 0.6594 0.4110
vn -0.6754 0.7344 0.0675
vn -0.6940 0.6719 0.2588
vn -0.7503 0.6582 0.0623
vn -0.6905 0.5423 0.4786
vn -0.7697 0.5836 0.2587
vn -0.7974 0.5451 0.2588
vn -0.8126 0.4685 0.3467
vn -0.8523 0.5025 0.1453
vn -0.8572 0.4453 0.2588
vn -0.9089 0.4169 0.0085
vn -0.8075 0.3227 0.4937
vn -0.9045 0.3391 0.2587
vn -0.9200 0.2943 0.2588
vn -0.9389 0.2271 0.2585
vn -0.9435 0.2291 0.2396
vn -0.9180 0.2928 0.2674
vn -0.8691 0.4215 0.2587
vn -0.7898 0.5338 0.3023
vn -0.7152 0.6493 0.2587
vn -0.6040 0.7305 0.3185
vn -0.5033 0.8245 0.2588
vn -0.3739 0.8716 0.3169
vn -0.2506 0.9329 0.2587
vn -0.1140 0.9480 0.2973
vn 0.0224 0.9657 0.2588
vn 0.1596 0.9527 0.2588
vn 0.2928 0.9180 0.2675
vn 0.4215 0.8691 0.2587
vn 0.5338 0.7897 0.3023
vn 0.6493 0.7152 0.2588
vn 0.7306 0.6040 0.3185
vn 0.8245 0.5033 0.2587
vn 0.8716 0.3739 0.3169
vn 0.9329 0.2506 0.2588
vn 0.9480 0.1140 0.2973
vn 0.9657 -0.0224 0.2588
vn 0.9527 -0.1596 0.2587
vn -0.8930 0.2168 0.3943
vn -0.9101 0.3182 -0.2656
vn -0.8604 0.3225 0.3946
vn -0.8752 0.2799 0.3947
vn -0.8352 0.3831 0.3944
vn -0.8904 0.4132 0.1907
vn -0.7916 0.4667 0.3943
vn -0.7872 0.5750 -0.2228
vn -0.7322 0.5552 0.3946
vn -0.7585 0.5185 0.3947
vn -0.6908 0.6060 0.3945
vn -0.7458 0.6662 0.0064
vn -0.6221 0.6764 0.3944
vn -0.5962 0.7917 -0.1334
vn -0.5786 0.7138 0.3947
vn -0.4886 0.7782 0.3945
vn -0.5157 0.8463 -0.1334
vn -0.3989 0.8279 0.3943
vn -0.3437 0.9391 0.0064
vn -0.3502 0.8494 0.3947
vn -0.2456 0.8854 0.3946
vn -0.2437 0.9439 -0.2229
vn -0.1414 0.9080 0.3945
vn -0.0553 0.9801 0.1908
vn -0.0926 0.9141 0.3947
vn 0.0179 0.9187 0.3946
vn 0.0403 0.9632 -0.2656
vn 0.1282 0.9099 0.3945
vn 0.2168 0.8931 0.3942
vn 0.3182 0.9101 -0.2656
vn 0.3225 0.8604 0.3946
vn 0.2799 0.8752 0.3946
vn 0.3831 0.8352 0.3944
vn 0.4132 0.8904 0.1907
vn 0.4667 0.7917 0.3943
vn 0.5751 0.7872 -0.2228
vn 0.5551 0.7322 0.3946
vn 0.5185 0.7586 0.3947
vn 0.6060 0.6907 0.3945
vn 0.6661 0.7458 0.0064
vn 0.6764 0.6221 0.3943
vn 0.7917 0.5962 -0.1334
vn 0.7138 0.5785 0.3947
vn 0.7782 0.4886 0.3945
vn 0.8463 0.5157 -0.1334
vn 0.8279 0.3989 0.3943
vn 0.9391 0.3437 0.0063
vn 0.8495 0.3502 0.3947
vn 0.8855 0.2456 0.3945
vn 0.9439 0.2437 -0.2228
vn 0.9080 0.1414 0.3943
vn 0.9801 0.0553 0.1907
vn 0.9141 0.0926 0.3947
vn 0.9187 -0.0179 0.3946
vn 0.9632 -0.0403 -0.2656
vn 0.9100 -0.1282 0.3944
vn -0.7475 0.1815 0.6390
vn -0.7261 0.2539 0.6390
vn -0.6977 0.3238 0.6390
vn -0.6626 0.3907 0.6390
vn -0.6212 0.4537 0.6390
vn -0.5737 0.5124 0.6390
vn -0.5207 0.5662 0.6390
vn -0.4627 0.6145 0.6390
vn -0.4002 0.6569 0.6390
vn -0.3339 0.6930 0.6390
vn -0.2644 0.7224 0.6390
vn -0.1923 0.7447 0.6390
vn -0.1184 0.7601 0.6390
vn -0.0433 0.7680 0.6389
vn 0.0322 0.7685 0.6390
vn 0.1073 0.7617 0.6390
vn 0.1815 0.7475 0.6390
vn 0.2539 0.7261 0.6390
vn 0.3238 0.6978 0.6389
vn 0.3907 0.6626 0.6390
vn 0.4537 0.6212 0.6390
vn 0.5125 0.5737 0.6389
vn 0.5662 0.5207 0.6390
vn 0.6145 0.4627 0.6390
vn 0.6569 0.4002 0.6390
vn 0.6930 0.3339 0.6390
vn 0.7223 0.2644 0.6390
vn 0.7448 0.1923 0.6390
vn 0.7601 0.1184 0.6390
vn 0.7680 0.0433 0.6390
vn 0.7685 -0.0322 0.6390
vn 0.7617 -0.1073 0.6389
vn -0.5403 0.1312 0.8312
vn -0.5248 0.1835 0.8312
vn -0.5043 0.2341 0.8312
vn -0.4790 0.2824 0.8312
vn -0.4490 0.3280 0.8312
vn -0.4147 0.3704 0.8312
vn -0.3764 0.4092 0.8312
vn -0.3344 0.4442 0.8312
vn -0.2893 0.4748 0.8312
vn -0.2414 0.5009 0.8312
vn -0.1911 0.5222 0.8311
vn -0.1390 0.5384 0.8312
vn -0.0856 0.5494 0.8312
vn -0.0313 0.5552 0.8311
vn 0.0232 0.5555 0.8312
vn 0.0776 0.5506 0.8312
vn 0.1312 0.5403 0.8312
vn 0.1835 0.5248 0.8312
vn 0.2341 0.5043 0.8312
vn 0.2823 0.4790 0.8312
vn 0.3279 0.4490 0.8312
vn 0.3704 0.4147 0.8312
vn 0.4092 0.3764 0.8312
vn 0.4442 0.3345 0.8312
vn 0.4748 0.2893 0.8312
vn 0.5009 0.2414 0.8312
vn 0.5222 0.1911 0.8311
vn 0.5384 0.1390 0.8312
vn 0.5494 0.0856 0.8312
vn 0.5552 0.0313 0.8311
vn 0.5555 -0.0232 0.8312
vn 0.5506 -0.0776 0.8312
vn -0.2885 0.0700 0.9549
vn -0.2803 0.0980 0.9549
vn -0.2693 0.1250 0.9549
vn -0.2558 0.1508 0.9549
vn -0.2398 0.1751 0.9549
vn -0.2214 0.1978 0.9549
vn -0.2009 0.2185 0.9549
vn -0.1786 0.2372 0.9549
vn -0.1545 0.2535 0.9549
vn -0.1289 0.2674 0.9549
vn -0.1021 0.2788 0.9549
vn -0.0742 0.2874 0.9549
vn -0.0457 0.2933 0.9549
vn -0.0167 0.2964 0.9549
vn 0.0124 0.2966 0.9549
vn 0.0414 0.2939 0.9549
vn 0.0700 0.2885 0.9549
vn 0.0980 0.2802 0.9549
vn 0.1250 0.2693 0.9549
vn 0.1508 0.2557 0.9549
vn 0.1752 0.2397 0.9549
vn 0.1978 0.2214 0.9549
vn 0.2185 0.2010 0.9549
vn 0.2371 0.1786 0.9549
vn 0.2535 0.1545 0.9549
vn 0.2674 0.1289 0.9549
vn 0.2788 0.1020 0.9549
vn 0.2875 0.0742 0.9549
vn 0.2934 0.0457 0.9549
vn 0.2964 0.0167 0.9549
vn 0.2966 -0.0124 0.9549
vn 0.2939 -0.0414 0.9549
vn -0.0127 0.0031 0.9999
vn -0.0124 0.0043 0.9999
vn -0.0119 0.0055 0.9999
vn -0.0113 0.0067 0.9999
vn -0.0106 0.0077 0.9999
vn -0.0098 0.0087 0.9999
vn -0.0089 0.0096 0.9999
vn -0.0079 0.0105 0.9999
vn -0.0068 0.0112 0.9999
vn -0.0057 0.0118 0.9999
vn -0.0045 0.0123 0.9999
vn -0.0033 0.0127 0.9999
vn -0.0020 0.0130 0.9999
vn -0.0007 0.0131 0.9999
vn 0.0006 0.0131 0.9999
vn 0.0018 0.0130 0.9999
vn 0.0031 0.0127 0.9999
vn 0.0043 0.0124 0.9999
vn 0.0055 0.0119 0.9999
vn 0.0067 0.0113 0.9999
vn 0.0077 0.0106 0.9999
vn 0.0087 0.0098 0.9999
vn 0.0097 0.0089 0.9999
vn 0.0105 0.0079 0.9999
vn 0.0111 0.0068 0.9999
vn 0.0118 0.0057 0.9999
vn 0.0123 0.0045 0.9999
vn 0.0127 0.0033 0.9999
vn 0.0129 0.0020 0.9999
vn 0.0131 0.0007 0.9999
vn 0.0130 -0.0005 0.9999
vn 0.0130 -0.0018 0.9999
vn 0.2640 -0.0641 0.9624
vn 0.2565 -0.0897 0.9624
vn 0.2465 -0.1144 0.9624
vn 0.2341 -0.1380 0.9624
vn 0.2194 -0.1603 0.9624
vn 0.2027 -0.1810 0.9624
vn 0.1839 -0.2000 0.9624
vn 0.1634 -0.2171 0.9624
vn 0.1414 -0.2321 0.9624
vn 0.1180 -0.2448 0.9624
vn 0.0934 -0.2552 0.9624
vn 0.0680 -0.2631 0.9624
vn 0.0418 -0.2685 0.9624
vn 0.0153 -0.2713 0.9624
vn -0.0114 -0.2715 0.9624
vn -0.0379 -0.2691 0.9624
vn -0.0641 -0.2640 0.9624
vn -0.0897 -0.2565 0.9624
vn -0.1144 -0.2465 0.9624
vn -0.1380 -0.2341 0.9624
vn -0.1602 -0.2194 0.9624
vn -0.1810 -0.2027 0.9624
vn -0.2000 -0.1839 0.9624
vn -0.2171 -0.1634 0.9624
vn -0.2321 -0.1414 0.9624
vn -0.2448 -0.1180 0.9624
vn -0.2552 -0.0934 0.9624
vn -0.2631 -0.0679 0.9624
vn -0.2685 -0.0418 0.9624
vn -0.2713 -0.0153 0.9624
vn -0.2716 0.0114 0.9624
vn -0.2691 0.0379 0.9624
vn 0.5190 -0.1260 0.8454
vn 0.5042 -0.1763 0.8454
vn 0.4844 -0.2248 0.8454
vn 0.4600 -0.2712 0.8455
vn 0.4313 -0.3150 0.8454
vn 0.3983 -0.3558 0.8454
vn 0.3615 -0.3931 0.8454
vn 0.3213 -0.4266 0.8454
vn 0.2779 -0.4561 0.8454
vn 0.2319 -0.4811 0.8454
vn 0.1836 -0.5015 0.8454
vn 0.1335 -0.5171 0.8454
vn 0.0822 -0.5277 0.8454
vn 0.0301 -0.5332 0.8455
vn -0.0223 -0.5336 0.8454
vn -0.0745 -0.5288 0.8455
vn -0.1260 -0.5190 0.8454
vn -0.1763 -0.5042 0.8454
vn -0.2248 -0.4845 0.8454
vn -0.2712 -0.4601 0.8454
vn -0.3150 -0.4313 0.8454
vn -0.3558 -0.3983 0.8454
vn -0.3931 -0.3615 0.8454
vn -0.4266 -0.3213 0.8454
vn -0.4561 -0.2779 0.8454
vn -0.4811 -0.2319 0.8454
vn -0.5015 -0.1836 0.8454
vn -0.5171 -0.1335 0.8454
vn -0.5277 -0.0822 0.8454
vn -0.5333 -0.0301 0.8454
vn -0.5337 0.0223 0.8454
vn -0.5288 0.0745 0.8454
vn 0.7310 -0.1775 0.6589
vn 0.7101 -0.2483 0.6589
vn 0.6823 -0.3167 0.6589
vn 0.6480 -0.3820 0.6588
vn 0.6075 -0.4437 0.6589
vn 0.5610 -0.5011 0.6589
vn 0.5092 -0.5537 0.6589
vn 0.4525 -0.6009 0.6589
vn 0.3914 -0.6424 0.6589
vn 0.3266 -0.6777 0.6589
vn 0.2585 -0.7064 0.6589
vn 0.1881 -0.7283 0.6589
vn 0.1158 -0.7433 0.6588
vn 0.0424 -0.7511 0.6588
vn -0.0315 -0.7516 0.6589
vn -0.1050 -0.7449 0.6589
vn -0.1775 -0.7310 0.6589
vn -0.2483 -0.7101 0.6589
vn -0.3167 -0.6823 0.6589
vn -0.3820 -0.6480 0.6589
vn -0.4438 -0.6075 0.6588
vn -0.5011 -0.5610 0.6589
vn -0.5537 -0.5092 0.6589
vn -0.6010 -0.4525 0.6589
vn -0.6424 -0.3914 0.6589
vn -0.6776 -0.3266 0.6589
vn -0.7064 -0.2586 0.6589
vn -0.7284 -0.1881 0.6589
vn -0.7433 -0.1158 0.6588
vn -0.7510 -0.0424 0.6589
vn -0.7516 0.0315 0.6589
vn -0.7449 0.1050 0.6589
vn 0.8827 -0.2143 0.4183
vn 0.8574 -0.2998 0.4182
vn 0.8239 -0.3824 0.4182
vn 0.7825 -0.4613 0.4183
vn 0.7335 -0.5358 0.4182
vn 0.6774 -0.6051 0.4183
vn 0.6149 -0.6686 0.4183
vn 0.5464 -0.7256 0.4183
vn 0.4726 -0.7757 0.4183
vn 0.3943 -0.8183 0.4182
vn 0.3122 -0.8530 0.4182
vn 0.2271 -0.8795 0.4183
vn 0.1398 -0.8975 0.4184
vn 0.0512 -0.9069 0.4182
vn -0.0380 -0.9075 0.4182
vn -0.1268 -0.8995 0.4182
vn -0.2143 -0.8827 0.4182
vn -0.2998 -0.8574 0.4183
vn -0.3824 -0.8239 0.4184
vn -0.4613 -0.7825 0.4183
vn -0.5358 -0.7335 0.4183
vn -0.6051 -0.6774 0.4183
vn -0.6686 -0.6148 0.4183
vn -0.7256 -0.5464 0.4183
vn -0.7757 -0.4726 0.4183
vn -0.8183 -0.3943 0.4182
vn -0.8530 -0.3122 0.4182
vn -0.8795 -0.2271 0.4183
vn -0.8975 -0.1398 0.4182
vn -0.9069 -0.0512 0.4182
vn -0.9075 0.0380 0.4182
vn -0.8994 0.1267 0.4183
vn 0.9617 -0.2335 0.1433
vn 0.9278 -0.3445 0.1434
vn 0.7439 -0.2601 0.6157
vn 0.7780 -0.3611 0.5141
vn 0.8810 -0.4508 0.1435
vn 0.8526 -0.5026 0.1433
vn 0.7942 -0.5905 0.1434
vn 0.7139 -0.5214 0.4674
vn 0.5820 -0.5198 0.6254
vn 0.7195 -0.6795 0.1435
vn 0.6558 -0.7131 0.2480
vn 0.6350 -0.7591 0.1435
vn 0.5953 -0.7906 0.1434
vn 0.5004 -0.8538 0.1435
vn 0.4160 -0.6829 0.6005
vn 0.3623 -0.7518 0.5509
vn 0.3970 -0.9065 0.1434
vn 0.3402 -0.9294 0.1434
vn 0.2413 -0.9598 0.1434
vn 0.2282 -0.8836 0.4088
vn 0.1195 -0.7672 0.6302
vn 0.1272 -0.9814 0.1435
vn 0.0530 -0.9403 0.3362
vn 0.0114 -0.9896 0.1436
vn -0.0414 -0.9888 0.1434
vn -0.1527 -0.9778 0.1434
vn -0.1138 -0.8072 0.5792
vn -0.1923 -0.7922 0.5792
vn -0.2662 -0.9532 0.1435
vn -0.3266 -0.9342 0.1433
vn -0.4205 -0.8959 0.1434
vn -0.3965 -0.8543 0.3361
vn -0.5225 -0.8405 0.1435
vn -0.3943 -0.6689 0.6301
vn -0.5383 -0.7370 0.4087
vn -0.6173 -0.7735 0.1434
vn -0.6593 -0.7381 0.1434
vn -0.7370 -0.6606 0.1434
vn -0.6143 -0.5650 0.5508
vn -0.6388 -0.4810 0.6005
vn -0.8092 -0.5697 0.1435
vn -0.8451 -0.5150 0.1433
vn -0.8925 -0.4277 0.1433
vn -0.8727 -0.4206 0.2479
vn -0.9364 -0.3203 0.1434
vn -0.7328 -0.2682 0.6254
vn -0.8560 -0.2210 0.4674
vn -0.9675 -0.2084 0.1435
vn -0.9779 -0.1523 0.1433
vn -0.9886 -0.0452 0.1434
vn -0.8564 -0.0483 0.5141
vn -0.7873 0.0329 0.6156
vn -0.9871 0.0709 0.1435
vn -0.9800 0.1381 0.1433
vn -0.9894 0.0224 0.1434
vn -0.9852 -0.0937 0.1435
vn -0.9561 -0.2556 0.1434
vn -0.9196 -0.3658 0.1435
vn -0.8704 -0.4710 0.1435
vn -0.8452 -0.5149 0.1434
vn -0.7803 -0.6087 0.1434
vn -0.7037 -0.6959 0.1435
vn -0.6593 -0.7381 0.1433
vn -0.5786 -0.8029 0.1434
vn -0.4806 -0.8651 0.1435
vn -0.3760 -0.9154 0.1435
vn -0.3266 -0.9342 0.1434
vn -0.2191 -0.9651 0.1434
vn -0.1046 -0.9841 0.1435
vn -0.0414 -0.9888 0.1433
vn 0.0600 -0.9879 0.1432
vn 0.1752 -0.9740 0.1435
vn 0.2881 -0.9468 0.1435
vn 0.3402 -0.9294 0.1433
vn 0.4410 -0.8860 0.1434
vn 0.5417 -0.8282 0.1435
vn 0.5953 -0.7906 0.1433
vn 0.6715 -0.7270 0.1433
vn 0.7520 -0.6434 0.1435
vn 0.8222 -0.5509 0.1435
vn 0.8525 -0.5026 0.1433
vn 0.9021 -0.4070 0.1434
vn 0.9435 -0.2986 0.1435
vn -0.8994 0.1268 0.4183
vn -0.9075 0.0380 0.4183
vn -0.9069 -0.0512 0.4183
vn -0.8795 -0.2271 0.4182
vn -0.8530 -0.3122 0.4183
vn -0.7757 -0.4726 0.4182
vn -0.7256 -0.5464 0.4182
vn -0.6686 -0.6149 0.4182
vn -0.6051 -0.6775 0.4182
vn -0.5358 -0.7335 0.4182
vn -0.4613 -0.7825 0.4182
vn -0.3824 -0.8240 0.4182
vn -0.2998 -0.8575 0.4182
vn -0.1267 -0.8994 0.4183
vn 0.1398 -0.8975 0.4182
vn 0.2271 -0.8795 0.4182
vn 0.4727 -0.7757 0.4182
vn 0.5464 -0.7257 0.4182
vn 0.6149 -0.6686 0.4182
vn 0.8239 -0.3824 0.4183
vn 0.8827 -0.2143 0.4182
vn -0.7511 -0.0424 0.6589
vn -0.7433 -0.1158 0.6589
vn -0.7284 -0.1881 0.6588
vn -0.6777 -0.3266 0.6589
vn -0.6424 -0.3914 0.6588
vn -0.6009 -0.4525 0.6589
vn -0.5537 -0.5093 0.6589
vn -0.5011 -0.5611 0.6589
vn -0.4437 -0.6075 0.6589
vn -0.3167 -0.6824 0.6588
vn -0.1775 -0.7310 0.6588
vn -0.0314 -0.7516 0.6589
vn 0.0424 -0.7510 0.6589
vn 0.1158 -0.7433 0.6589
vn 0.1881 -0.7284 0.6589
vn 0.2586 -0.7064 0.6589
vn 0.3266 -0.6777 0.6588
vn 0.3914 -0.6424 0.6588
vn 0.4524 -0.6009 0.6589
vn 0.5092 -0.5537 0.6588
vn 0.5610 -0.5011 0.6588
vn 0.6480 -0.3820 0.6589
vn -0.5288 0.0745 0.8455
vn -0.5336 0.0223 0.8454
vn -0.5332 -0.0301 0.8454
vn -0.4267 -0.3212 0.8454
vn -0.2249 -0.4845 0.8454
vn -0.1763 -0.5041 0.8454
vn -0.1260 -0.5190 0.8455
vn -0.0745 -0.5289 0.8454
vn 0.0301 -0.5332 0.8454
vn 0.2318 -0.4811 0.8454
vn 0.3212 -0.4267 0.8454
vn 0.4601 -0.2712 0.8454
vn 0.4845 -0.2248 0.8454
vn 0.5041 -0.1763 0.8454
vn -0.2715 0.0114 0.9624
vn -0.2320 -0.1414 0.9624
vn -0.2171 -0.1635 0.9624
vn -0.1603 -0.2194 0.9624
vn -0.0641 -0.2641 0.9624
vn 0.0679 -0.2631 0.9624
vn 0.1414 -0.2320 0.9624
vn 0.0132 -0.0005 0.9999
vn 0.0132 0.0007 0.9999
vn 0.0112 0.0068 0.9999
vn 0.0096 0.0089 0.9999
vn 0.0005 0.0131 0.9999
vn -0.0097 0.0087 0.9999
vn 0.2967 -0.0124 0.9549
vn 0.2536 0.1545 0.9549
vn 0.2372 0.1786 0.9549
vn 0.1751 0.2397 0.9549
vn 0.1507 0.2557 0.9549
vn 0.0980 0.2803 0.9549
vn 0.0414 0.2940 0.9549
vn -0.1020 0.2788 0.9549
vn -0.2010 0.2185 0.9549
vn -0.2397 0.1751 0.9549
vn -0.2557 0.1508 0.9549
vn -0.2802 0.0980 0.9549
vn 0.5551 0.0313 0.8312
vn 0.5493 0.0856 0.8312
vn 0.5221 0.1911 0.8312
vn 0.5009 0.2414 0.8311
vn 0.4093 0.3764 0.8312
vn 0.3280 0.4490 0.8312
vn 0.2824 0.4790 0.8312
vn 0.2341 0.5044 0.8312
vn 0.1835 0.5249 0.8312
vn 0.0776 0.5506 0.8311
vn -0.0313 0.5551 0.8312
vn -0.1911 0.5221 0.8312
vn -0.3345 0.4442 0.8312
vn -0.3764 0.4093 0.8311
vn -0.4789 0.2824 0.8312
vn -0.5044 0.2341 0.8312
vn -0.5249 0.1835 0.8312
vn 0.7617 -0.1073 0.6390
vn 0.6569 0.4003 0.6390
vn 0.5124 0.5737 0.6390
vn 0.3906 0.6626 0.6390
vn 0.3238 0.6977 0.6390
vn 0.2538 0.7261 0.6390
vn -0.0433 0.7679 0.6391
vn -0.1923 0.7448 0.6390
vn -0.2644 0.7223 0.6391
vn -0.5737 0.5124 0.6389
vn 0.9100 -0.1282 0.3943
vn 0.9167 -0.0630 0.3947
vn 0.9177 0.0477 0.3944
vn 0.9080 0.1415 0.3944
vn 0.8964 0.2018 0.3947
vn 0.8657 0.3081 0.3945
vn 0.8012 0.4498 0.3947
vn 0.7414 0.5428 0.3945
vn 0.6391 0.6601 0.3947
vn 0.4667 0.7916 0.3944
vn 0.4236 0.8154 0.3947
vn 0.2168 0.8930 0.3943
vn 0.1282 0.9100 0.3943
vn 0.0630 0.9167 0.3947
vn -0.0477 0.9177 0.3944
vn -0.1414 0.9080 0.3943
vn -0.2018 0.8964 0.3947
vn -0.3081 0.8657 0.3944
vn -0.3989 0.8278 0.3944
vn -0.4497 0.8012 0.3947
vn -0.5428 0.7414 0.3945
vn -0.6221 0.6764 0.3943
vn -0.6601 0.6391 0.3947
vn -0.7917 0.4667 0.3943
vn -0.8154 0.4236 0.3947
vn 0.8930 -0.2168 0.3943
vn 0.9101 -0.3182 -0.2656
vn 0.8604 -0.3225 0.3946
vn 0.8751 -0.2799 0.3947
vn 0.8353 -0.3831 0.3944
vn 0.8904 -0.4133 0.1907
vn 0.7917 -0.4667 0.3943
vn 0.7872 -0.5751 -0.2228
vn 0.7322 -0.5551 0.3946
vn 0.7585 -0.5185 0.3947
vn 0.6908 -0.6060 0.3945
vn 0.7458 -0.6662 0.0064
vn 0.6221 -0.6764 0.3943
vn 0.5961 -0.7917 -0.1334
vn 0.5786 -0.7138 0.3947
vn 0.4886 -0.7782 0.3945
vn 0.5157 -0.8463 -0.1334
vn 0.3989 -0.8278 0.3944
vn 0.3437 -0.9391 0.0063
vn 0.3502 -0.8494 0.3948
vn 0.2456 -0.8854 0.3947
vn 0.2438 -0.9439 -0.2227
vn 0.1415 -0.9080 0.3943
vn 0.0553 -0.9801 0.1906
vn 0.0926 -0.9141 0.3948
vn -0.0179 -0.9187 0.3946
vn -0.0403 -0.9633 -0.2655
vn -0.1282 -0.9099 0.3945
vn -0.2168 -0.8930 0.3944
vn -0.3182 -0.9100 -0.2657
vn -0.3225 -0.8604 0.3946
vn -0.2799 -0.8751 0.3947
vn -0.3831 -0.8352 0.3945
vn -0.4133 -0.8904 0.1907
vn -0.4667 -0.7916 0.3943
vn -0.5750 -0.7872 -0.2228
vn -0.5551 -0.7322 0.3946
vn -0.5185 -0.7585 0.3947
vn -0.6060 -0.6908 0.3944
vn -0.6661 -0.7458 0.0064
vn -0.6764 -0.6221 0.3943
vn -0.7917 -0.5962 -0.1334
vn -0.7138 -0.5785 0.3947
vn -0.7782 -0.4886 0.3945
vn -0.8463 -0.5157 -0.1334
vn -0.8278 -0.3989 0.3943
vn -0.9391 -0.3437 0.0063
vn -0.8495 -0.3502 0.3947
vn -0.8854 -0.2456 0.3946
vn -0.9439 -0.2437 -0.2228
vn -0.9080 -0.1414 0.3943
vn -0.9801 -0.0553 0.1907
vn -0.9141 -0.0926 0.3947
vn -0.9187 0.0179 0.3946
vn -0.9632 0.0403 -0.2656
vn -0.9100 0.1282 0.3943
vn 0.7475 -0.1815 0.6390
vn 0.7261 -0.2539 0.6390
vn 0.6978 -0.3238 0.6390
vn 0.6626 -0.3906 0.6390
vn 0.6212 -0.4537 0.6389
vn 0.5737 -0.5124 0.6390
vn 0.5207 -0.5662 0.6389
vn 0.4627 -0.6145 0.6390
vn 0.4002 -0.6569 0.6390
vn 0.3339 -0.6930 0.6390
vn 0.2644 -0.7223 0.6390
vn 0.1923 -0.7448 0.6389
vn 0.1184 -0.7601 0.6389
vn 0.0433 -0.7680 0.6390
vn -0.0322 -0.7685 0.6390
vn -0.1073 -0.7617 0.6390
vn -0.1815 -0.7475 0.6390
vn -0.2539 -0.7261 0.6390
vn -0.3238 -0.6977 0.6390
vn -0.3906 -0.6626 0.6390
vn -0.4537 -0.6212 0.6390
vn -0.5124 -0.5737 0.6390
vn -0.5662 -0.5207 0.6390
vn -0.6145 -0.4627 0.6390
vn -0.6569 -0.4002 0.6390
vn -0.6930 -0.3339 0.6390
vn -0.7223 -0.2644 0.6390
vn -0.7448 -0.1923 0.6390
vn -0.7600 -0.1184 0.6390
vn -0.7680 -0.0433 0.6390
vn -0.7685 0.0322 0.6390
vn -0.7617 0.1073 0.6389
vn 0.5403 -0.1312 0.8312
vn 0.5248 -0.1835 0.8312
vn 0.5044 -0.2341 0.8312
vn 0.4790 -0.2824 0.8312
vn 0.4490 -0.3280 0.8311
vn 0.4147 -0.3704 0.8312
vn 0.3764 -0.4093 0.8312
vn 0.3344 -0.4442 0.8312
vn 0.2893 -0.4748 0.8312
vn 0.2414 -0.5009 0.8312
vn 0.1911 -0.5222 0.8311
vn 0.1390 -0.5384 0.8312
vn 0.0856 -0.5494 0.8312
vn 0.0313 -0.5552 0.8311
vn -0.0233 -0.5556 0.8311
vn -0.0776 -0.5505 0.8312
vn -0.1312 -0.5404 0.8311
vn -0.1836 -0.5249 0.8311
vn -0.2341 -0.5044 0.8312
vn -0.2824 -0.4790 0.8312
vn -0.3280 -0.4490 0.8312
vn -0.3704 -0.4147 0.8312
vn -0.4092 -0.3764 0.8312
vn -0.4442 -0.3344 0.8312
vn -0.4748 -0.2893 0.8312
vn -0.5009 -0.2414 0.8312
vn -0.5222 -0.1911 0.8312
vn -0.5384 -0.1390 0.8312
vn -0.5494 -0.0856 0.8312
vn -0.5552 -0.0313 0.8311
vn -0.5555 0.0232 0.8312
vn -0.5505 0.0776 0.8312
vn 0.2885 -0.0700 0.9549
vn 0.2803 -0.0980 0.9549
vn 0.2693 -0.1250 0.9549
vn 0.2558 -0.1508 0.9549
vn 0.2397 -0.1751 0.9549
vn 0.2214 -0.1978 0.9549
vn 0.2009 -0.2185 0.9549
vn 0.1786 -0.2372 0.9549
vn 0.1545 -0.2535 0.9549
vn 0.1289 -0.2674 0.9549
vn 0.1021 -0.2788 0.9549
vn 0.0742 -0.2874 0.9549
vn 0.0457 -0.2933 0.9549
vn 0.0167 -0.2964 0.9549
vn -0.0124 -0.2966 0.9549
vn -0.0414 -0.2940 0.9549
vn -0.0700 -0.2885 0.9549
vn -0.0980 -0.2803 0.9549
vn -0.1250 -0.2693 0.9549
vn -0.1507 -0.2557 0.9549
vn -0.1752 -0.2397 0.9549
vn -0.1977 -0.2214 0.9549
vn -0.2185 -0.2010 0.9549
vn -0.2372 -0.1786 0.9549
vn -0.2535 -0.1545 0.9549
vn -0.2675 -0.1289 0.9549
vn -0.2788 -0.1020 0.9549
vn -0.2875 -0.0742 0.9549
vn -0.2933 -0.0457 0.9549
vn -0.2964 -0.0167 0.9549
vn -0.2966 0.0124 0.9549
vn -0.2939 0.0414 0.9549
vn 0.0127 -0.0031 0.9999
vn 0.0124 -0.0043 0.9999
vn 0.0119 -0.0055 0.9999
vn 0.0113 -0.0067 0.9999
vn 0.0106 -0.0077 0.9999
vn 0.0098 -0.0087 0.9999
vn 0.0089 -0.0096 0.9999
vn 0.0079 -0.0105 0.9999
vn 0.0068 -0.0112 0.9999
vn 0.0057 -0.0118 0.9999
vn 0.0045 -0.0123 0.9999
vn 0.0033 -0.0127 0.9999
vn 0.0020 -0.0130 0.9999
vn 0.0007 -0.0131 0.9999
vn -0.0005 -0.0131 0.9999
vn -0.0018 -0.0130 0.9999
vn -0.0031 -0.0127 0.9999
vn -0.0043 -0.0124 0.9999
vn -0.0055 -0.0119 0.9999
vn -0.0066 -0.0113 0.9999
vn -0.0077 -0.0106 0.9999
vn -0.0087 -0.0098 0.9999
vn -0.0097 -0.0089 0.9999
vn -0.0105 -0.0079 0.9999
vn -0.0112 -0.0068 0.9999
vn -0.0118 -0.0057 0.9999
vn -0.0123 -0.0045 0.9999
vn -0.0127 -0.0033 0.9999
vn -0.0130 -0.0020 0.9999
vn -0.0131 -0.0007 0.9999
vn -0.0131 0.0005 0.9999
vn -0.0130 0.0018 0.9999
vn -0.2641 0.0641 0.9624
vn -0.2565 0.0897 0.9624
vn -0.2465 0.1144 0.9624
vn -0.2341 0.1380 0.9624
vn -0.2194 0.1603 0.9624
vn -0.2027 0.1810 0.9624
vn -0.1839 0.2000 0.9624
vn -0.1634 0.2171 0.9624
vn -0.1414 0.2321 0.9624
vn -0.1180 0.2448 0.9624
vn -0.0934 0.2552 0.9624
vn -0.0679 0.2631 0.9624
vn -0.0418 0.2685 0.9624
vn -0.0153 0.2713 0.9624
vn 0.0114 0.2715 0.9624
vn 0.0379 0.2691 0.9624
vn 0.0641 0.2640 0.9624
vn 0.0897 0.2565 0.9624
vn 0.1144 0.2465 0.9624
vn 0.1380 0.2341 0.9624
vn 0.1603 0.2194 0.9624
vn 0.1810 0.2027 0.9624
vn 0.2000 0.1839 0.9624
vn 0.2171 0.1634 0.9624
vn 0.2320 0.1414 0.9624
vn 0.2448 0.1180 0.9624
vn 0.2552 0.0934 0.9624
vn 0.2631 0.0679 0.9624
vn 0.2685 0.0418 0.9624
vn 0.2713 0.0153 0.9624
vn 0.2715 -0.0114 0.9624
vn 0.2690 -0.0379 0.9624
vn -0.5190 0.1260 0.8454
vn -0.5042 0.1763 0.8454
vn -0.4844 0.2248 0.8454
vn -0.4600 0.2712 0.8455
vn -0.4312 0.3150 0.8455
vn -0.3983 0.3558 0.8454
vn -0.3615 0.3931 0.8454
vn -0.3213 0.4267 0.8454
vn -0.2779 0.4561 0.8454
vn -0.2319 0.4811 0.8454
vn -0.1836 0.5015 0.8455
vn -0.1335 0.5172 0.8454
vn -0.0822 0.5277 0.8454
vn -0.0301 0.5333 0.8454
vn 0.0223 0.5337 0.8454
vn 0.0745 0.5289 0.8454
vn 0.1260 0.5191 0.8454
vn 0.1763 0.5042 0.8454
vn 0.2248 0.4845 0.8454
vn 0.2712 0.4601 0.8454
vn 0.3150 0.4312 0.8454
vn 0.3558 0.3983 0.8454
vn 0.3931 0.3615 0.8454
vn 0.4266 0.3213 0.8454
vn 0.4561 0.2779 0.8454
vn 0.4811 0.2319 0.8454
vn 0.5015 0.1836 0.8454
vn 0.5171 0.1335 0.8454
vn 0.5277 0.0822 0.8454
vn 0.5332 0.0301 0.8455
vn 0.5336 -0.0223 0.8454
vn 0.5288 -0.0745 0.8454
vn -0.7310 0.1775 0.6589
vn -0.7101 0.2483 0.6589
vn -0.6823 0.3167 0.6589
vn -0.6480 0.3820 0.6588
vn -0.6074 0.4437 0.6589
vn -0.5610 0.5011 0.6589
vn -0.5092 0.5537 0.6589
vn -0.4525 0.6009 0.6589
vn -0.3914 0.6424 0.6589
vn -0.3266 0.6776 0.6589
vn -0.2586 0.7064 0.6589
vn -0.1881 0.7284 0.6588
vn -0.1158 0.7433 0.6589
vn -0.0424 0.7510 0.6589
vn 0.0314 0.7515 0.6590
vn 0.1050 0.7449 0.6588
vn 0.1775 0.7310 0.6589
vn 0.2482 0.7100 0.6589
vn 0.3167 0.6824 0.6588
vn 0.3821 0.6480 0.6588
vn 0.4437 0.6074 0.6589
vn 0.5011 0.5610 0.6589
vn 0.5537 0.5092 0.6589
vn 0.6009 0.4525 0.6589
vn 0.6424 0.3914 0.6588
vn 0.6777 0.3266 0.6589
vn 0.7064 0.2586 0.6589
vn 0.7284 0.1881 0.6589
vn 0.7433 0.1158 0.6589
vn 0.7511 0.0424 0.6589
vn 0.7516 -0.0315 0.6589
vn 0.7449 -0.1050 0.6589
vn -0.8827 0.2143 0.4182
vn -0.8574 0.2998 0.4182
vn -0.8239 0.3824 0.4182
vn -0.7825 0.4613 0.4183
vn -0.7335 0.5358 0.4183
vn -0.6774 0.6051 0.4183
vn -0.6149 0.6686 0.4183
vn -0.5464 0.7256 0.4182
vn -0.4726 0.7757 0.4183
vn -0.3943 0.8183 0.4182
vn -0.3122 0.8530 0.4182
vn -0.2271 0.8795 0.4182
vn -0.1398 0.8975 0.4183
vn -0.0512 0.9069 0.4182
vn 0.0380 0.9076 0.4182
vn 0.1267 0.8994 0.4183
vn 0.2143 0.8827 0.4182
vn 0.2998 0.8574 0.4183
vn 0.3824 0.8239 0.4182
vn 0.4613 0.7825 0.4182
vn 0.5357 0.7335 0.4184
vn 0.6051 0.6774 0.4183
vn 0.6686 0.6148 0.4183
vn 0.7256 0.5464 0.4183
vn 0.7757 0.4726 0.4182
vn 0.8183 0.3943 0.4182
vn 0.8530 0.3122 0.4183
vn 0.8795 0.2271 0.4183
vn 0.8975 0.1398 0.4183
vn 0.9069 0.0512 0.4182
vn 0.9075 -0.0380 0.4182
vn 0.8994 -0.1268 0.4183
vn -0.9617 0.2335 0.1433
vn -0.9278 0.3445 0.1434
vn -0.7439 0.2601 0.6157
vn -0.7780 0.3611 0.5141
vn -0.8810 0.4508 0.1435
vn -0.8525 0.5026 0.1433
vn -0.7942 0.5906 0.1434
vn -0.7139 0.5215 0.4674
vn -0.5820 0.5198 0.6254
vn -0.7195 0.6795 0.1435
vn -0.6558 0.7131 0.2480
vn -0.6350 0.7591 0.1434
vn -0.5953 0.7906 0.1433
vn -0.5004 0.8538 0.1434
vn -0.4161 0.6829 0.6005
vn -0.3623 0.7519 0.5508
vn -0.3970 0.9065 0.1434
vn -0.3402 0.9294 0.1433
vn -0.2413 0.9598 0.1433
vn -0.2282 0.8836 0.4088
vn -0.1195 0.7672 0.6302
vn -0.1272 0.9815 0.1434
vn -0.0531 0.9404 0.3360
vn -0.0114 0.9896 0.1435
vn 0.0414 0.9888 0.1433
vn 0.1527 0.9778 0.1434
vn 0.1138 0.8072 0.5792
vn 0.1923 0.7922 0.5792
vn 0.2662 0.9532 0.1433
vn 0.3267 0.9343 0.1431
vn 0.4205 0.8959 0.1434
vn 0.3965 0.8543 0.3361
vn 0.5225 0.8405 0.1435
vn 0.3943 0.6689 0.6301
vn 0.5383 0.7370 0.4087
vn 0.6173 0.7735 0.1435
vn 0.6593 0.7381 0.1434
vn 0.7370 0.6605 0.1434
vn 0.6143 0.5650 0.5509
vn 0.6388 0.4810 0.6005
vn 0.8092 0.5697 0.1435
vn 0.8452 0.5149 0.1434
vn 0.8925 0.4277 0.1434
vn 0.8727 0.4206 0.2480
vn 0.9364 0.3203 0.1435
vn 0.7328 0.2682 0.6254
vn 0.8560 0.2210 0.4674
vn 0.9675 0.2084 0.1435
vn 0.9779 0.1523 0.1433
vn 0.9886 0.0452 0.1434
vn 0.8564 0.0483 0.5141
vn 0.7873 -0.0329 0.6156
vn 0.9871 -0.0709 0.1435
vn 0.9800 -0.1381 0.1433
vn 0.9894 -0.0224 0.1434
vn 0.9852 0.0937 0.1435
vn 0.9561 0.2556 0.1434
vn 0.9196 0.3658 0.1434
vn 0.8704 0.4710 0.1435
vn 0.8451 0.5150 0.1433
vn 0.7803 0.6087 0.1434
vn 0.7036 0.6959 0.1435
vn 0.6593 0.7381 0.1433
vn 0.5786 0.8029 0.1434
vn 0.4806 0.8651 0.1435
vn 0.3760 0.9155 0.1434
vn 0.3266 0.9342 0.1434
vn 0.2191 0.9651 0.1434
vn 0.1046 0.9841 0.1435
vn -0.0600 0.9878 0.1434
vn -0.1752 0.9740 0.1436
vn -0.2881 0.9468 0.1435
vn -0.4410 0.8860 0.1435
vn -0.5417 0.8282 0.1435
vn -0.5953 0.7906 0.1434
vn -0.6715 0.7270 0.1434
vn -0.7520 0.6434 0.1434
vn -0.8222 0.5509 0.1435
vn -0.8525 0.5026 0.1434
vn -0.9021 0.4070 0.1434
vn -0.9435 0.2986 0.1435
vn 0.8995 -0.1267 0.4182
vn 0.9075 -0.0380 0.4183
vn 0.9069 0.0512 0.4183
vn 0.8975 0.1398 0.4182
vn 0.8795 0.2271 0.4182
vn 0.7256 0.5464 0.4182
vn 0.6686 0.6149 0.4182
vn 0.5358 0.7335 0.4182
vn 0.4613 0.7824 0.4183
vn 0.3824 0.8239 0.4183
vn 0.2143 0.8827 0.4183
vn 0.1267 0.8994 0.4182
vn 0.0380 0.9075 0.4183
vn -0.0512 0.9069 0.4183
vn -0.1398 0.8975 0.4182
vn -0.2271 0.8795 0.4183
vn -0.3122 0.8530 0.4183
vn -0.3943 0.8183 0.4183
vn -0.4727 0.7757 0.4182
vn -0.5464 0.7256 0.4183
vn -0.6149 0.6686 0.4182
vn -0.7825 0.4613 0.4182
vn -0.8239 0.3824 0.4183
vn 0.6424 0.3914 0.6589
vn 0.6010 0.4525 0.6589
vn 0.5537 0.5093 0.6589
vn 0.5011 0.5611 0.6589
vn 0.4437 0.6075 0.6588
vn 0.3820 0.6480 0.6589
vn 0.3167 0.6823 0.6589
vn 0.2483 0.7101 0.6588
vn 0.1774 0.7310 0.6589
vn 0.1050 0.7449 0.6589
vn 0.0315 0.7516 0.6589
vn -0.0424 0.7511 0.6588
vn -0.1158 0.7433 0.6588
vn -0.3266 0.6777 0.6589
vn -0.3914 0.6424 0.6588
vn -0.4524 0.6009 0.6589
vn -0.5092 0.5537 0.6588
vn -0.5611 0.5011 0.6588
vn -0.6075 0.4437 0.6589
vn -0.6480 0.3820 0.6589
vn 0.5289 -0.0745 0.8454
vn 0.5332 0.0301 0.8454
vn 0.5015 0.1836 0.8455
vn 0.4812 0.2319 0.8454
vn 0.4267 0.3212 0.8454
vn 0.3150 0.4313 0.8454
vn 0.2248 0.4844 0.8454
vn 0.1763 0.5041 0.8454
vn 0.1260 0.5190 0.8454
vn 0.0745 0.5288 0.8454
vn 0.0223 0.5336 0.8454
vn -0.0301 0.5332 0.8454
vn -0.1335 0.5171 0.8455
vn -0.1836 0.5016 0.8454
vn -0.2318 0.4811 0.8454
vn -0.4313 0.3150 0.8454
vn -0.4601 0.2712 0.8454
vn -0.5041 0.1763 0.8454
vn 0.2170 0.1635 0.9624
vn -0.1414 0.2320 0.9624
vn -0.2640 0.0641 0.9624
vn -0.0129 -0.0020 0.9999
vn -0.0104 -0.0079 0.9999
vn -0.0096 -0.0089 0.9999
vn 0.0128 -0.0031 0.9999
vn -0.2874 -0.0742 0.9549
vn -0.2674 -0.1289 0.9549
vn -0.1978 -0.2214 0.9549
vn -0.1751 -0.2397 0.9549
vn -0.1508 -0.2557 0.9549
vn 0.0742 -0.2875 0.9549
vn 0.1020 -0.2788 0.9549
vn 0.1289 -0.2675 0.9549
vn 0.2010 -0.2185 0.9549
vn 0.2557 -0.1508 0.9549
vn 0.2802 -0.0980 0.9549
vn -0.5506 0.0776 0.8312
vn -0.5551 -0.0313 0.8312
vn -0.5383 -0.1390 0.8312
vn -0.5221 -0.1911 0.8312
vn -0.4441 -0.3345 0.8312
vn -0.3279 -0.4490 0.8312
vn -0.1835 -0.5248 0.8312
vn -0.1312 -0.5403 0.8312
vn -0.0776 -0.5506 0.8312
vn -0.0232 -0.5555 0.8312
vn 0.0313 -0.5551 0.8312
vn 0.0856 -0.5494 0.8311
vn 0.1390 -0.5384 0.8311
vn 0.1911 -0.5221 0.8312
vn 0.3345 -0.4442 0.8312
vn 0.3764 -0.4093 0.8311
vn 0.4490 -0.3280 0.8312
vn 0.5043 -0.2341 0.8312
vn -0.7617 0.1073 0.6390
vn -0.7601 -0.1184 0.6390
vn -0.6929 -0.3339 0.6390
vn -0.4538 -0.6212 0.6389
vn -0.2538 -0.7261 0.6391
vn -0.1815 -0.7474 0.6391
vn 0.1184 -0.7600 0.6391
vn 0.1923 -0.7448 0.6390
vn 0.3339 -0.6929 0.6390
vn 0.4003 -0.6569 0.6389
vn 0.5207 -0.5662 0.6390
vn 0.6211 -0.4537 0.6390
vn 0.6626 -0.3907 0.6390
vn 0.6977 -0.3238 0.6390
vn -0.9167 0.0630 0.3947
vn -0.9177 -0.0477 0.3944
vn -0.8964 -0.2018 0.3947
vn -0.8657 -0.3081 0.3945
vn -0.8279 -0.3989 0.3943
vn -0.8012 -0.4498 0.3947
vn -0.7414 -0.5428 0.3945
vn -0.6391 -0.6601 0.3948
vn -0.4667 -0.7917 0.3943
vn -0.4236 -0.8153 0.3947
vn -0.1282 -0.9100 0.3944
vn -0.0630 -0.9166 0.3947
vn 0.0477 -0.9177 0.3945
vn 0.1414 -0.9080 0.3944
vn 0.2018 -0.8964 0.3947
vn 0.3081 -0.8657 0.3944
vn 0.3989 -0.8279 0.3944
vn 0.4498 -0.8012 0.3947
vn 0.5428 -0.7414 0.3946
vn 0.6221 -0.6764 0.3944
vn 0.6601 -0.6391 0.3948
vn 0.7916 -0.4667 0.3943
vn 0.8153 -0.4236 0.3947
vn 0.9534 -0.3017 -0.0000
vn 0.9718 -0.2359 0.0000
vn 0.9115 -0.4113 0.0000
vn 0.9375 -0.3481 0.0000
vn 0.8308 -0.5566 0.0000
vn 0.8614 -0.5079 0.0000
vn 0.8902 -0.4555 0.0000
vn 0.7599 -0.6501 0.0000
vn 0.8024 -0.5967 0.0000
vn 0.8025 -0.5967 0.0000
vn 0.6785 -0.7346 0.0000
vn 0.7270 -0.6866 0.0000
vn 0.5474 -0.8369 0.0000
vn 0.6015 -0.7989 0.0000
vn 0.6416 -0.7670 0.0000
vn 0.4456 -0.8952 0.0000
vn 0.5057 -0.8627 0.0000
vn 0.2911 -0.9567 0.0000
vn 0.3437 -0.9391 0.0000
vn 0.4011 -0.9160 0.0000
vn 0.1771 -0.9842 0.0000
vn 0.2438 -0.9698 0.0000
vn 0.0606 -0.9982 0.0000
vn 0.1286 -0.9917 0.0000
vn -0.1057 -0.9944 0.0000
vn -0.0418 -0.9991 0.0000
vn 0.0115 -0.9999 0.0000
vn -0.2214 -0.9752 0.0000
vn -0.1543 -0.9880 0.0000
vn -0.3799 -0.9250 0.0000
vn -0.3300 -0.9440 0.0000
vn -0.2690 -0.9632 0.0000
vn -0.2690 -0.9631 0.0000
vn -0.4856 -0.8742 0.0000
vn -0.4248 -0.9053 0.0000
vn -0.5847 -0.8113 0.0000
vn -0.5279 -0.8493 0.0000
vn -0.7110 -0.7032 0.0000
vn -0.6662 -0.7458 0.0000
vn -0.6238 -0.7816 0.0000
vn -0.7885 -0.6151 0.0000
vn -0.7447 -0.6674 0.0000
vn -0.8795 -0.4759 0.0000
vn -0.8540 -0.5203 0.0000
vn -0.8177 -0.5756 0.0000
vn -0.9292 -0.3696 0.0000
vn -0.9018 -0.4322 0.0000
vn -0.9661 -0.2583 -0.0000
vn -0.9462 -0.3236 0.0000
vn -0.9955 -0.0946 -0.0000
vn -0.9881 -0.1539 -0.0000
vn -0.9776 -0.2106 0.0000
vn -0.9997 0.0226 0.0000
vn -0.9990 -0.0457 -0.0000
vn -0.9902 0.1395 0.0000
vn -0.9974 0.0716 0.0000
vn -0.9534 0.3017 0.0000
vn -0.9718 0.2359 0.0000
vn -0.9115 0.4113 0.0000
vn -0.9375 0.3481 0.0000
vn -0.8308 0.5566 0.0000
vn -0.8614 0.5079 0.0000
vn -0.8902 0.4555 0.0000
vn -0.7599 0.6501 0.0000
vn -0.8024 0.5967 0.0000
vn -0.8025 0.5967 0.0000
vn -0.6785 0.7346 0.0000
vn -0.7270 0.6866 0.0000
vn -0.5474 0.8369 0.0000
vn -0.6015 0.7989 0.0000
vn -0.6416 0.7670 0.0000
vn -0.4456 0.8952 0.0000
vn -0.5057 0.8627 0.0000
vn -0.2911 0.9567 0.0000
vn -0.3437 0.9391 0.0000
vn -0.4011 0.9160 0.0000
vn -0.1771 0.9842 0.0000
vn -0.2438 0.9698 0.0000
vn -0.0606 0.9982 0.0000
vn -0.1286 0.9917 0.0000
vn 0.1057 0.9944 0.0000
vn 0.0418 0.9991 0.0000
vn -0.0115 0.9999 0.0000
vn 0.2214 0.9752 0.0000
vn 0.1543 0.9880 0.0000
vn 0.3799 0.9250 0.0000
vn 0.3300 0.9440 0.0000
vn 0.2690 0.9631 0.0000
vn 0.2690 0.9632 0.0000
vn 0.4856 0.8742 0.0000
vn 0.4248 0.9053 0.0000
vn 0.5847 0.8113 0.0000
vn 0.5279 0.8493 0.0000
vn 0.7110 0.7032 0.0000
vn 0.6662 0.7458 0.0000
vn 0.6238 0.7816 0.0000
vn 0.7885 0.6151 0.0000
vn 0.7447 0.6674 0.0000
vn 0.8795 0.4759 0.0000
vn 0.8540 0.5203 0.0000
vn 0.8177 0.5756 0.0000
vn 0.9292 0.3696 0.0000
vn 0.9018 0.4322 0.0000
vn 0.9661 0.2583 0.0000
vn 0.9462 0.3236 0.0000
vn 0.9955 0.0946 0.0000
vn 0.9881 0.1539 0.0000
vn 0.9776 0.2106 0.0000
vn 0.9997 -0.0226 -0.0000
vn 0.9990 0.0457 0.0000
vn 0.9902 -0.1395 -0.0000
vn 0.9974 -0.0716 0.0000
vn 0.9617 -0.2335 -0.1433
vn 0.7439 -0.2601 -0.6156
vn 0.9435 -0.2986 -0.1435
vn 0.9021 -0.4070 -0.1434
vn 0.7780 -0.3611 -0.5141
vn 0.8525 -0.5026 -0.1433
vn 0.7139 -0.5215 -0.4674
vn 0.8222 -0.5509 -0.1435
vn 0.7520 -0.6434 -0.1434
vn 0.5820 -0.5198 -0.6254
vn 0.6715 -0.7270 -0.1433
vn 0.6558 -0.7131 -0.2480
vn 0.5953 -0.7906 -0.1433
vn 0.4161 -0.6829 -0.6005
vn 0.5417 -0.8282 -0.1435
vn 0.4410 -0.8860 -0.1434
vn 0.3623 -0.7518 -0.5509
vn 0.3402 -0.9294 -0.1433
vn 0.2282 -0.8837 -0.4088
vn 0.2881 -0.9468 -0.1435
vn 0.1752 -0.9740 -0.1435
vn 0.1195 -0.7672 -0.6302
vn 0.0600 -0.9879 -0.1432
vn 0.0530 -0.9403 -0.3362
vn -0.0414 -0.9888 -0.1434
vn -0.1138 -0.8072 -0.5792
vn -0.1046 -0.9841 -0.1435
vn -0.2191 -0.9651 -0.1434
vn -0.1923 -0.7922 -0.5792
vn -0.3266 -0.9342 -0.1434
vn -0.3965 -0.8543 -0.3362
vn -0.3760 -0.9155 -0.1435
vn -0.3943 -0.6689 -0.6302
vn -0.4806 -0.8651 -0.1435
vn -0.5786 -0.8029 -0.1434
vn -0.5383 -0.7370 -0.4088
vn -0.6593 -0.7381 -0.1433
vn -0.6143 -0.5650 -0.5508
vn -0.7036 -0.6959 -0.1435
vn -0.7803 -0.6087 -0.1434
vn -0.6388 -0.4810 -0.6005
vn -0.8451 -0.5150 -0.1434
vn -0.8727 -0.4206 -0.2479
vn -0.8704 -0.4710 -0.1435
vn -0.7328 -0.2682 -0.6254
vn -0.9196 -0.3658 -0.1435
vn -0.9561 -0.2556 -0.1434
vn -0.8560 -0.2210 -0.4674
vn -0.9779 -0.1523 -0.1433
vn -0.8563 -0.0483 -0.5141
vn -0.9852 -0.0937 -0.1435
vn -0.9894 0.0224 -0.1434
vn -0.7873 0.0329 -0.6157
vn -0.9800 0.1381 -0.1433
vn 0.8827 -0.2143 -0.4182
vn 0.8574 -0.2998 -0.4182
vn 0.8239 -0.3824 -0.4182
vn 0.7825 -0.4613 -0.4182
vn 0.7335 -0.5358 -0.4182
vn 0.6774 -0.6051 -0.4183
vn 0.6149 -0.6686 -0.4183
vn 0.5464 -0.7256 -0.4182
vn 0.4726 -0.7757 -0.4183
vn 0.3943 -0.8183 -0.4181
vn 0.3122 -0.8530 -0.4182
vn 0.2271 -0.8795 -0.4182
vn 0.1398 -0.8975 -0.4183
vn 0.0512 -0.9069 -0.4182
vn -0.0380 -0.9076 -0.4181
vn -0.1267 -0.8994 -0.4183
vn -0.2143 -0.8827 -0.4182
vn -0.2998 -0.8574 -0.4182
vn -0.3824 -0.8239 -0.4182
vn -0.4613 -0.7825 -0.4183
vn -0.5358 -0.7335 -0.4182
vn -0.6051 -0.6775 -0.4182
vn -0.6686 -0.6149 -0.4183
vn -0.7257 -0.5464 -0.4182
vn -0.7757 -0.4726 -0.4182
vn -0.8183 -0.3943 -0.4182
vn -0.8530 -0.3122 -0.4182
vn -0.8795 -0.2271 -0.4182
vn -0.8975 -0.1398 -0.4182
vn -0.9069 -0.0512 -0.4182
vn -0.9076 0.0380 -0.4182
vn -0.8995 0.1267 -0.4182
vn 0.7310 -0.1775 -0.6589
vn 0.7101 -0.2483 -0.6589
vn 0.6823 -0.3167 -0.6589
vn 0.6480 -0.3820 -0.6589
vn 0.6074 -0.4437 -0.6589
vn 0.5610 -0.5011 -0.6589
vn 0.5092 -0.5537 -0.6589
vn 0.4525 -0.6009 -0.6589
vn 0.3914 -0.6424 -0.6589
vn 0.3265 -0.6776 -0.6589
vn 0.2586 -0.7063 -0.6590
vn 0.1881 -0.7283 -0.6589
vn 0.1158 -0.7433 -0.6589
vn 0.0424 -0.7510 -0.6589
vn -0.0314 -0.7516 -0.6589
vn -0.1050 -0.7449 -0.6589
vn -0.1775 -0.7310 -0.6589
vn -0.2483 -0.7101 -0.6589
vn -0.3167 -0.6823 -0.6589
vn -0.3820 -0.6480 -0.6589
vn -0.4437 -0.6075 -0.6589
vn -0.5011 -0.5610 -0.6589
vn -0.5537 -0.5092 -0.6589
vn -0.6009 -0.4525 -0.6589
vn -0.6424 -0.3914 -0.6589
vn -0.6776 -0.3266 -0.6589
vn -0.7064 -0.2585 -0.6589
vn -0.7284 -0.1881 -0.6589
vn -0.7433 -0.1158 -0.6589
vn -0.7510 -0.0424 -0.6589
vn -0.7515 0.0315 -0.6589
vn -0.7448 0.1050 -0.6589
vn 0.5190 -0.1260 -0.8454
vn 0.5041 -0.1763 -0.8454
vn 0.4845 -0.2248 -0.8454
vn 0.4600 -0.2712 -0.8455
vn 0.4312 -0.3150 -0.8455
vn 0.3984 -0.3558 -0.8454
vn 0.3615 -0.3931 -0.8454
vn 0.3213 -0.4267 -0.8454
vn 0.2779 -0.4561 -0.8454
vn 0.2319 -0.4811 -0.8454
vn 0.1836 -0.5016 -0.8454
vn 0.1335 -0.5171 -0.8454
vn 0.0822 -0.5277 -0.8454
vn 0.0301 -0.5332 -0.8454
vn -0.0223 -0.5336 -0.8454
vn -0.0745 -0.5289 -0.8454
vn -0.1260 -0.5190 -0.8454
vn -0.1763 -0.5042 -0.8454
vn -0.2248 -0.4845 -0.8454
vn -0.2712 -0.4601 -0.8454
vn -0.3150 -0.4313 -0.8454
vn -0.3558 -0.3983 -0.8454
vn -0.3931 -0.3615 -0.8455
vn -0.4266 -0.3213 -0.8455
vn -0.4561 -0.2779 -0.8454
vn -0.4811 -0.2319 -0.8454
vn -0.5015 -0.1836 -0.8454
vn -0.5171 -0.1335 -0.8454
vn -0.5277 -0.0822 -0.8454
vn -0.5332 -0.0301 -0.8454
vn -0.5336 0.0223 -0.8454
vn -0.5289 0.0745 -0.8454
vn 0.2641 -0.0641 -0.9624
vn 0.2565 -0.0897 -0.9624
vn 0.2465 -0.1144 -0.9624
vn 0.2341 -0.1380 -0.9624
vn 0.2194 -0.1603 -0.9624
vn 0.2027 -0.1810 -0.9624
vn 0.1839 -0.2000 -0.9624
vn 0.1635 -0.2171 -0.9624
vn 0.1414 -0.2320 -0.9624
vn 0.1179 -0.2448 -0.9624
vn 0.0934 -0.2552 -0.9624
vn 0.0679 -0.2631 -0.9624
vn 0.0418 -0.2685 -0.9624
vn 0.0153 -0.2713 -0.9624
vn -0.0114 -0.2715 -0.9624
vn -0.0379 -0.2691 -0.9624
vn -0.0641 -0.2640 -0.9624
vn -0.0897 -0.2565 -0.9624
vn -0.1144 -0.2465 -0.9624
vn -0.1380 -0.2341 -0.9624
vn -0.1603 -0.2194 -0.9624
vn -0.1810 -0.2027 -0.9624
vn -0.2000 -0.1839 -0.9624
vn -0.2171 -0.1635 -0.9624
vn -0.2320 -0.1414 -0.9624
vn -0.2448 -0.1180 -0.9624
vn -0.2552 -0.0934 -0.9624
vn -0.2631 -0.0679 -0.9624
vn -0.2685 -0.0418 -0.9624
vn -0.2713 -0.0153 -0.9624
vn -0.2715 0.0114 -0.9624
vn -0.2691 0.0379 -0.9624
vn -0.0127 0.0031 -0.9999
vn -0.0124 0.0043 -0.9999
vn -0.0119 0.0055 -0.9999
vn -0.0113 0.0067 -0.9999
vn -0.0106 0.0077 -0.9999
vn -0.0098 0.0087 -0.9999
vn -0.0088 0.0096 -0.9999
vn -0.0079 0.0105 -0.9999
vn -0.0068 0.0112 -0.9999
vn -0.0057 0.0118 -0.9999
vn -0.0045 0.0123 -0.9999
vn -0.0033 0.0127 -0.9999
vn -0.0020 0.0130 -0.9999
vn -0.0007 0.0131 -0.9999
vn 0.0005 0.0131 -0.9999
vn 0.0018 0.0130 -0.9999
vn 0.0031 0.0127 -0.9999
vn 0.0043 0.0124 -0.9999
vn 0.0055 0.0119 -0.9999
vn 0.0067 0.0113 -0.9999
vn 0.0077 0.0106 -0.9999
vn 0.0087 0.0098 -0.9999
vn 0.0097 0.0089 -0.9999
vn 0.0104 0.0079 -0.9999
vn 0.0112 0.0068 -0.9999
vn 0.0118 0.0057 -0.9999
vn 0.0123 0.0045 -0.9999
vn 0.0127 0.0033 -0.9999
vn 0.0129 0.0020 -0.9999
vn 0.0131 0.0007 -0.9999
vn 0.0131 -0.0005 -0.9999
vn 0.0129 -0.0018 -0.9999
vn -0.2885 0.0700 -0.9549
vn -0.2802 0.0980 -0.9549
vn -0.2693 0.1250 -0.9549
vn -0.2558 0.1508 -0.9549
vn -0.2397 0.1751 -0.9549
vn -0.2214 0.1978 -0.9549
vn -0.2010 0.2185 -0.9549
vn -0.1786 0.2372 -0.9549
vn -0.1545 0.2535 -0.9549
vn -0.1289 0.2674 -0.9549
vn -0.1020 0.2788 -0.9549
vn -0.0742 0.2874 -0.9549
vn -0.0457 0.2933 -0.9549
vn -0.0167 0.2964 -0.9549
vn 0.0124 0.2966 -0.9549
vn 0.0414 0.2940 -0.9549
vn 0.0700 0.2885 -0.9549
vn 0.0980 0.2802 -0.9549
vn 0.1250 0.2693 -0.9549
vn 0.1508 0.2557 -0.9549
vn 0.1751 0.2397 -0.9549
vn 0.1978 0.2214 -0.9549
vn 0.2185 0.2010 -0.9549
vn 0.2372 0.1786 -0.9549
vn 0.2535 0.1545 -0.9549
vn 0.2674 0.1289 -0.9549
vn 0.2788 0.1020 -0.9549
vn 0.2875 0.0742 -0.9549
vn 0.2934 0.0457 -0.9549
vn 0.2964 0.0167 -0.9549
vn 0.2966 -0.0124 -0.9549
vn 0.2940 -0.0414 -0.9549
vn -0.5403 0.1312 -0.8312
vn -0.5249 0.1835 -0.8312
vn -0.5043 0.2341 -0.8312
vn -0.4790 0.2824 -0.8312
vn -0.4490 0.3280 -0.8312
vn -0.4147 0.3704 -0.8312
vn -0.3764 0.4093 -0.8312
vn -0.3344 0.4441 -0.8312
vn -0.2893 0.4748 -0.8312
vn -0.2414 0.5009 -0.8311
vn -0.1911 0.5221 -0.8312
vn -0.1390 0.5384 -0.8312
vn -0.0856 0.5494 -0.8312
vn -0.0313 0.5552 -0.8311
vn 0.0232 0.5555 -0.8312
vn 0.0776 0.5506 -0.8311
vn 0.1312 0.5403 -0.8312
vn 0.1835 0.5248 -0.8312
vn 0.2341 0.5043 -0.8312
vn 0.2824 0.4790 -0.8312
vn 0.3279 0.4490 -0.8312
vn 0.3704 0.4147 -0.8312
vn 0.4093 0.3764 -0.8312
vn 0.4442 0.3345 -0.8312
vn 0.4748 0.2893 -0.8312
vn 0.5009 0.2414 -0.8312
vn 0.5221 0.1911 -0.8312
vn 0.5383 0.1390 -0.8312
vn 0.5494 0.0856 -0.8312
vn 0.5551 0.0313 -0.8312
vn 0.5555 -0.0232 -0.8312
vn 0.5506 -0.0776 -0.8312
vn -0.7475 0.1815 -0.6390
vn -0.7261 0.2539 -0.6390
vn -0.6978 0.3238 -0.6390
vn -0.6626 0.3907 -0.6390
vn -0.6212 0.4537 -0.6390
vn -0.5737 0.5124 -0.6390
vn -0.5207 0.5662 -0.6390
vn -0.4627 0.6145 -0.6390
vn -0.4003 0.6569 -0.6390
vn -0.3340 0.6930 -0.6389
vn -0.2644 0.7223 -0.6390
vn -0.1923 0.7448 -0.6390
vn -0.1184 0.7601 -0.6390
vn -0.0433 0.7680 -0.6390
vn 0.0322 0.7685 -0.6390
vn 0.1073 0.7617 -0.6390
vn 0.1815 0.7474 -0.6391
vn 0.2539 0.7261 -0.6390
vn 0.3238 0.6978 -0.6389
vn 0.3906 0.6626 -0.6390
vn 0.4537 0.6212 -0.6390
vn 0.5124 0.5737 -0.6390
vn 0.5662 0.5207 -0.6390
vn 0.6145 0.4627 -0.6390
vn 0.6569 0.4002 -0.6390
vn 0.6930 0.3339 -0.6390
vn 0.7223 0.2644 -0.6390
vn 0.7448 0.1923 -0.6390
vn 0.7601 0.1184 -0.6390
vn 0.7680 0.0433 -0.6390
vn 0.7685 -0.0322 -0.6390
vn 0.7617 -0.1073 -0.6390
vn -0.8930 0.2168 -0.3944
vn -0.8604 0.3225 -0.3947
vn -0.9100 0.3182 0.2656
vn -0.8904 0.4133 -0.1907
vn -0.8153 0.4236 -0.3947
vn -0.7916 0.4667 -0.3943
vn -0.7322 0.5551 -0.3946
vn -0.7872 0.5750 0.2228
vn -0.7458 0.6661 -0.0064
vn -0.6601 0.6391 -0.3947
vn -0.6221 0.6764 -0.3944
vn -0.5429 0.7414 -0.3945
vn -0.5961 0.7917 0.1334
vn -0.5157 0.8463 0.1334
vn -0.4498 0.8012 -0.3947
vn -0.3989 0.8278 -0.3944
vn -0.3081 0.8657 -0.3944
vn -0.3437 0.9391 -0.0063
vn -0.2437 0.9439 0.2229
vn -0.2456 0.8854 -0.3946
vn -0.2018 0.8964 -0.3947
vn -0.1414 0.9080 -0.3944
vn -0.0477 0.9177 -0.3944
vn -0.0553 0.9801 -0.1908
vn 0.0403 0.9632 0.2657
vn 0.0179 0.9187 -0.3946
vn 0.0630 0.9167 -0.3947
vn 0.1282 0.9100 -0.3944
vn 0.2168 0.8930 -0.3943
vn 0.3225 0.8604 -0.3946
vn 0.3182 0.9101 0.2656
vn 0.4132 0.8904 -0.1907
vn 0.4236 0.8153 -0.3947
vn 0.4667 0.7916 -0.3943
vn 0.5552 0.7322 -0.3946
vn 0.5750 0.7872 0.2228
vn 0.6662 0.7458 -0.0064
vn 0.6391 0.6601 -0.3948
vn 0.6764 0.6221 -0.3944
vn 0.7414 0.5428 -0.3946
vn 0.7917 0.5962 0.1334
vn 0.8463 0.5157 0.1334
vn 0.8012 0.4498 -0.3947
vn 0.8278 0.3989 -0.3944
vn 0.8657 0.3081 -0.3945
vn 0.9391 0.3437 -0.0064
vn 0.9439 0.2437 0.2228
vn 0.8854 0.2456 -0.3946
vn 0.8964 0.2018 -0.3947
vn 0.9080 0.1414 -0.3944
vn 0.9177 0.0477 -0.3944
vn 0.9801 0.0553 -0.1907
vn 0.9632 -0.0403 0.2656
vn 0.9187 -0.0179 -0.3946
vn 0.9167 -0.0630 -0.3947
vn 0.9100 -0.1282 -0.3944
vn 0.9100 -0.1282 -0.3943
vn 0.9141 0.0926 -0.3948
vn 0.8494 0.3502 -0.3947
vn 0.8279 0.3989 -0.3943
vn 0.7782 0.4886 -0.3945
vn 0.7138 0.5785 -0.3947
vn 0.6764 0.6221 -0.3943
vn 0.6060 0.6908 -0.3945
vn 0.5185 0.7585 -0.3947
vn 0.4667 0.7916 -0.3944
vn 0.3831 0.8352 -0.3945
vn 0.2799 0.8752 -0.3946
vn 0.2168 0.8931 -0.3943
vn 0.1282 0.9099 -0.3944
vn -0.0926 0.9141 -0.3948
vn -0.3502 0.8494 -0.3947
vn -0.3989 0.8279 -0.3943
vn -0.4886 0.7782 -0.3945
vn -0.5785 0.7138 -0.3947
vn -0.6221 0.6764 -0.3943
vn -0.6908 0.6060 -0.3945
vn -0.7585 0.5185 -0.3947
vn -0.8352 0.3831 -0.3944
vn -0.8751 0.2799 -0.3947
vn -0.8930 0.2168 -0.3943
vn 0.7686 -0.0322 -0.6390
vn 0.7224 0.2644 -0.6390
vn 0.6569 0.4003 -0.6390
vn 0.3907 0.6627 -0.6390
vn 0.3238 0.6977 -0.6390
vn 0.1815 0.7475 -0.6390
vn -0.1923 0.7447 -0.6390
vn -0.3339 0.6930 -0.6390
vn -0.4002 0.6569 -0.6390
vn -0.6977 0.3238 -0.6390
vn 0.5552 0.0313 -0.8312
vn 0.5384 0.1390 -0.8312
vn 0.5222 0.1911 -0.8311
vn 0.3280 0.4490 -0.8312
vn 0.2341 0.5044 -0.8312
vn 0.1835 0.5249 -0.8312
vn 0.0776 0.5506 -0.8312
vn -0.0313 0.5552 -0.8312
vn -0.1911 0.5222 -0.8312
vn -0.2413 0.5008 -0.8312
vn -0.3345 0.4442 -0.8312
vn -0.4789 0.2824 -0.8312
vn -0.5248 0.1835 -0.8312
vn 0.2371 0.1786 -0.9549
vn 0.0980 0.2803 -0.9549
vn -0.1021 0.2788 -0.9549
vn -0.2398 0.1751 -0.9549
vn -0.2557 0.1508 -0.9549
vn 0.0130 -0.0018 -0.9999
vn 0.0130 0.0020 -0.9999
vn 0.0105 0.0079 -0.9999
vn 0.0096 0.0089 -0.9999
vn -0.0089 0.0096 -0.9999
vn -0.0128 0.0031 -0.9999
vn -0.2551 -0.0934 -0.9624
vn -0.2171 -0.1634 -0.9624
vn -0.0641 -0.2641 -0.9624
vn 0.1180 -0.2448 -0.9624
vn 0.1634 -0.2171 -0.9624
vn 0.2195 -0.1603 -0.9624
vn 0.2340 -0.1380 -0.9624
vn -0.5288 0.0745 -0.8455
vn -0.5333 -0.0301 -0.8454
vn -0.4812 -0.2319 -0.8454
vn -0.4266 -0.3213 -0.8454
vn -0.3931 -0.3615 -0.8454
vn 0.0822 -0.5278 -0.8454
vn 0.1835 -0.5015 -0.8455
vn 0.3615 -0.3931 -0.8455
vn 0.3983 -0.3558 -0.8454
vn 0.4313 -0.3150 -0.8454
vn 0.4601 -0.2712 -0.8454
vn -0.7449 0.1050 -0.6589
vn -0.7516 0.0314 -0.6589
vn -0.7283 -0.1881 -0.6589
vn -0.7064 -0.2586 -0.6589
vn -0.6776 -0.3265 -0.6589
vn -0.4437 -0.6074 -0.6589
vn -0.1050 -0.7448 -0.6589
vn -0.0314 -0.7515 -0.6589
vn 0.0424 -0.7511 -0.6589
vn 0.1158 -0.7432 -0.6589
vn 0.2586 -0.7064 -0.6589
vn 0.3266 -0.6777 -0.6589
vn 0.6075 -0.4437 -0.6589
vn -0.8994 0.1268 -0.4182
vn -0.9075 0.0380 -0.4182
vn -0.8530 -0.3122 -0.4183
vn -0.7256 -0.5464 -0.4182
vn -0.6686 -0.6149 -0.4182
vn -0.6051 -0.6774 -0.4183
vn -0.5358 -0.7335 -0.4183
vn -0.4613 -0.7825 -0.4182
vn -0.3824 -0.8239 -0.4183
vn -0.2998 -0.8575 -0.4182
vn -0.1267 -0.8995 -0.4182
vn -0.0380 -0.9075 -0.4183
vn 0.1398 -0.8975 -0.4182
vn 0.3122 -0.8530 -0.4181
vn 0.3943 -0.8183 -0.4183
vn 0.4726 -0.7757 -0.4182
vn 0.5464 -0.7257 -0.4182
vn 0.6149 -0.6686 -0.4182
vn 0.6774 -0.6051 -0.4182
vn 0.8239 -0.3824 -0.4183
vn 0.8575 -0.2998 -0.4182
vn -0.9871 0.0709 -0.1435
vn -0.9886 -0.0452 -0.1434
vn -0.9675 -0.2084 -0.1435
vn -0.9364 -0.3203 -0.1435
vn -0.8925 -0.4277 -0.1433
vn -0.8451 -0.5150 -0.1433
vn -0.8092 -0.5697 -0.1435
vn -0.7370 -0.6605 -0.1434
vn -0.6593 -0.7381 -0.1434
vn -0.6173 -0.7735 -0.1434
vn -0.5225 -0.8405 -0.1434
vn -0.4205 -0.8959 -0.1433
vn -0.3266 -0.9342 -0.1433
vn -0.2662 -0.9532 -0.1435
vn -0.1527 -0.9778 -0.1434
vn -0.0414 -0.9888 -0.1433
vn 0.0114 -0.9896 -0.1436
vn 0.1272 -0.9814 -0.1435
vn 0.2413 -0.9598 -0.1434
vn 0.3402 -0.9294 -0.1434
vn 0.3970 -0.9065 -0.1435
vn 0.5004 -0.8538 -0.1435
vn 0.5953 -0.7906 -0.1434
vn 0.6350 -0.7591 -0.1435
vn 0.7195 -0.6795 -0.1435
vn 0.7942 -0.5906 -0.1434
vn 0.8810 -0.4508 -0.1435
vn 0.9278 -0.3445 -0.1434
vn -0.9617 0.2335 -0.1433
vn -0.7439 0.2601 -0.6156
vn -0.9435 0.2986 -0.1435
vn -0.9021 0.4070 -0.1434
vn -0.7780 0.3611 -0.5141
vn -0.8525 0.5026 -0.1433
vn -0.7139 0.5214 -0.4674
vn -0.8222 0.5509 -0.1435
vn -0.7520 0.6434 -0.1434
vn -0.5820 0.5198 -0.6254
vn -0.6715 0.7270 -0.1434
vn -0.6558 0.7131 -0.2480
vn -0.5953 0.7906 -0.1433
vn -0.4161 0.6829 -0.6005
vn -0.5417 0.8282 -0.1435
vn -0.4410 0.8860 -0.1436
vn -0.3623 0.7519 -0.5508
vn -0.3402 0.9294 -0.1433
vn -0.2282 0.8836 -0.4088
vn -0.2881 0.9468 -0.1435
vn -0.1752 0.9740 -0.1436
vn -0.1195 0.7672 -0.6302
vn -0.0600 0.9878 -0.1434
vn -0.0530 0.9404 -0.3360
vn 0.0414 0.9888 -0.1435
vn 0.1138 0.8072 -0.5792
vn 0.1046 0.9841 -0.1435
vn 0.2191 0.9651 -0.1434
vn 0.1923 0.7922 -0.5792
vn 0.3266 0.9342 -0.1432
vn 0.3965 0.8543 -0.3361
vn 0.3760 0.9155 -0.1434
vn 0.3943 0.6689 -0.6301
vn 0.4806 0.8651 -0.1435
vn 0.5786 0.8029 -0.1433
vn 0.5383 0.7370 -0.4087
vn 0.6593 0.7381 -0.1433
vn 0.6143 0.5650 -0.5508
vn 0.7037 0.6959 -0.1435
vn 0.7803 0.6087 -0.1434
vn 0.6388 0.4810 -0.6005
vn 0.8451 0.5150 -0.1433
vn 0.8727 0.4206 -0.2479
vn 0.8704 0.4710 -0.1435
vn 0.7328 0.2682 -0.6254
vn 0.9196 0.3658 -0.1434
vn 0.9561 0.2556 -0.1434
vn 0.8560 0.2210 -0.4674
vn 0.9779 0.1523 -0.1433
vn 0.8563 0.0483 -0.5141
vn 0.9852 0.0936 -0.1435
vn 0.9894 -0.0224 -0.1434
vn 0.7873 -0.0329 -0.6156
vn 0.9800 -0.1381 -0.1433
vn -0.8827 0.2143 -0.4182
vn -0.8574 0.2998 -0.4182
vn -0.8239 0.3824 -0.4182
vn -0.7825 0.4613 -0.4183
vn -0.7335 0.5358 -0.4182
vn -0.6774 0.6051 -0.4182
vn -0.6149 0.6686 -0.4182
vn -0.5464 0.7256 -0.4182
vn -0.4727 0.7757 -0.4182
vn -0.3943 0.8183 -0.4182
vn -0.3122 0.8530 -0.4183
vn -0.2271 0.8795 -0.4181
vn -0.1398 0.8975 -0.4182
vn -0.0512 0.9069 -0.4182
vn 0.0380 0.9075 -0.4183
vn 0.1267 0.8995 -0.4182
vn 0.2143 0.8827 -0.4182
vn 0.2998 0.8574 -0.4183
vn 0.3824 0.8239 -0.4183
vn 0.4613 0.7825 -0.4183
vn 0.5358 0.7335 -0.4183
vn 0.6051 0.6775 -0.4182
vn 0.6686 0.6149 -0.4183
vn 0.7257 0.5464 -0.4182
vn 0.7757 0.4726 -0.4182
vn 0.8183 0.3943 -0.4182
vn 0.8530 0.3122 -0.4182
vn 0.8795 0.2271 -0.4182
vn 0.8975 0.1398 -0.4182
vn 0.9069 0.0512 -0.4182
vn 0.9076 -0.0380 -0.4182
vn 0.8995 -0.1267 -0.4182
vn -0.7310 0.1775 -0.6589
vn -0.7101 0.2483 -0.6589
vn -0.6823 0.3167 -0.6589
vn -0.6480 0.3820 -0.6589
vn -0.6074 0.4437 -0.6589
vn -0.5610 0.5011 -0.6589
vn -0.5092 0.5537 -0.6589
vn -0.4525 0.6009 -0.6589
vn -0.3914 0.6424 -0.6589
vn -0.3265 0.6776 -0.6590
vn -0.2586 0.7064 -0.6589
vn -0.1881 0.7283 -0.6589
vn -0.1158 0.7433 -0.6589
vn -0.0424 0.7510 -0.6589
vn 0.0314 0.7515 -0.6590
vn 0.1050 0.7449 -0.6589
vn 0.1775 0.7310 -0.6589
vn 0.2483 0.7101 -0.6589
vn 0.3167 0.6823 -0.6590
vn 0.3820 0.6480 -0.6589
vn 0.4437 0.6074 -0.6589
vn 0.5011 0.5610 -0.6589
vn 0.5537 0.5092 -0.6589
vn 0.6010 0.4525 -0.6589
vn 0.6424 0.3914 -0.6589
vn 0.6777 0.3266 -0.6589
vn 0.7064 0.2586 -0.6589
vn 0.7284 0.1881 -0.6589
vn 0.7433 0.1158 -0.6589
vn 0.7510 0.0424 -0.6589
vn 0.7515 -0.0315 -0.6589
vn 0.7448 -0.1050 -0.6589
vn -0.5190 0.1260 -0.8454
vn -0.5041 0.1763 -0.8454
vn -0.4845 0.2248 -0.8454
vn -0.4601 0.2712 -0.8454
vn -0.4313 0.3150 -0.8454
vn -0.3984 0.3558 -0.8454
vn -0.3615 0.3931 -0.8454
vn -0.3213 0.4267 -0.8454
vn -0.2779 0.4561 -0.8454
vn -0.2319 0.4811 -0.8454
vn -0.1836 0.5016 -0.8454
vn -0.1335 0.5171 -0.8455
vn -0.0822 0.5277 -0.8454
vn -0.0301 0.5333 -0.8454
vn 0.0223 0.5337 -0.8454
vn 0.0745 0.5288 -0.8455
vn 0.1260 0.5190 -0.8454
vn 0.1763 0.5042 -0.8454
vn 0.2248 0.4844 -0.8454
vn 0.2712 0.4601 -0.8454
vn 0.3150 0.4313 -0.8454
vn 0.3558 0.3983 -0.8454
vn 0.3931 0.3615 -0.8455
vn 0.4267 0.3213 -0.8454
vn 0.4561 0.2779 -0.8454
vn 0.4811 0.2318 -0.8454
vn 0.5015 0.1836 -0.8454
vn 0.5171 0.1335 -0.8454
vn 0.5277 0.0822 -0.8454
vn 0.5332 0.0301 -0.8454
vn 0.5336 -0.0223 -0.8454
vn 0.5289 -0.0745 -0.8454
vn -0.2641 0.0641 -0.9624
vn -0.2565 0.0897 -0.9624
vn -0.2465 0.1144 -0.9624
vn -0.2341 0.1380 -0.9624
vn -0.2194 0.1603 -0.9624
vn -0.2027 0.1810 -0.9624
vn -0.1839 0.2000 -0.9624
vn -0.1634 0.2171 -0.9624
vn -0.1414 0.2320 -0.9624
vn -0.1180 0.2448 -0.9624
vn -0.0934 0.2552 -0.9624
vn -0.0679 0.2631 -0.9624
vn -0.0418 0.2685 -0.9624
vn -0.0153 0.2713 -0.9624
vn 0.0114 0.2715 -0.9624
vn 0.0379 0.2691 -0.9624
vn 0.0641 0.2640 -0.9624
vn 0.0897 0.2565 -0.9624
vn 0.1144 0.2465 -0.9624
vn 0.1380 0.2341 -0.9624
vn 0.1603 0.2194 -0.9624
vn 0.1810 0.2027 -0.9624
vn 0.2000 0.1839 -0.9624
vn 0.2171 0.1635 -0.9624
vn 0.2321 0.1414 -0.9624
vn 0.2448 0.1180 -0.9624
vn 0.2552 0.0934 -0.9624
vn 0.2631 0.0679 -0.9624
vn 0.2685 0.0418 -0.9624
vn 0.2713 0.0153 -0.9624
vn 0.2715 -0.0114 -0.9624
vn 0.2691 -0.0379 -0.9624
vn 0.0127 -0.0031 -0.9999
vn 0.0124 -0.0043 -0.9999
vn 0.0119 -0.0055 -0.9999
vn 0.0113 -0.0067 -0.9999
vn 0.0106 -0.0077 -0.9999
vn 0.0098 -0.0087 -0.9999
vn 0.0088 -0.0096 -0.9999
vn 0.0079 -0.0105 -0.9999
vn 0.0068 -0.0112 -0.9999
vn 0.0057 -0.0118 -0.9999
vn 0.0045 -0.0123 -0.9999
vn 0.0033 -0.0127 -0.9999
vn 0.0020 -0.0130 -0.9999
vn 0.0007 -0.0131 -0.9999
vn -0.0005 -0.0131 -0.9999
vn -0.0018 -0.0130 -0.9999
vn -0.0031 -0.0127 -0.9999
vn -0.0043 -0.0124 -0.9999
vn -0.0055 -0.0119 -0.9999
vn -0.0066 -0.0113 -0.9999
vn -0.0077 -0.0106 -0.9999
vn -0.0087 -0.0098 -0.9999
vn -0.0097 -0.0089 -0.9999
vn -0.0105 -0.0079 -0.9999
vn -0.0112 -0.0068 -0.9999
vn -0.0118 -0.0057 -0.9999
vn -0.0123 -0.0045 -0.9999
vn -0.0127 -0.0033 -0.9999
vn -0.0129 -0.0020 -0.9999
vn -0.0131 -0.0007 -0.9999
vn -0.0131 0.0005 -0.9999
vn -0.0130 0.0018 -0.9999
vn 0.2885 -0.0700 -0.9549
vn 0.2803 -0.0980 -0.9549
vn 0.2693 -0.1250 -0.9549
vn 0.2558 -0.1508 -0.9549
vn 0.2398 -0.1751 -0.9549
vn 0.2214 -0.1978 -0.9549
vn 0.2009 -0.2185 -0.9549
vn 0.1786 -0.2372 -0.9549
vn 0.1545 -0.2535 -0.9549
vn 0.1289 -0.2675 -0.9549
vn 0.1020 -0.2788 -0.9549
vn 0.0742 -0.2875 -0.9549
vn 0.0457 -0.2933 -0.9549
vn 0.0167 -0.2964 -0.9549
vn -0.0124 -0.2966 -0.9549
vn -0.0414 -0.2940 -0.9549
vn -0.0701 -0.2885 -0.9549
vn -0.0980 -0.2803 -0.9549
vn -0.1250 -0.2693 -0.9549
vn -0.1508 -0.2557 -0.9549
vn -0.1751 -0.2397 -0.9549
vn -0.1978 -0.2214 -0.9549
vn -0.2185 -0.2010 -0.9549
vn -0.2372 -0.1786 -0.9549
vn -0.2535 -0.1545 -0.9549
vn -0.2674 -0.1289 -0.9549
vn -0.2787 -0.1020 -0.9549
vn -0.2875 -0.0742 -0.9549
vn -0.2934 -0.0457 -0.9549
vn -0.2964 -0.0167 -0.9549
vn -0.2966 0.0124 -0.9549
vn -0.2940 0.0414 -0.9549
vn 0.5403 -0.1312 -0.8312
vn 0.5249 -0.1835 -0.8312
vn 0.5044 -0.2341 -0.8312
vn 0.4790 -0.2824 -0.8312
vn 0.4490 -0.3280 -0.8312
vn 0.4147 -0.3704 -0.8312
vn 0.3764 -0.4093 -0.8312
vn 0.3344 -0.4441 -0.8312
vn 0.2893 -0.4748 -0.8312
vn 0.2414 -0.5009 -0.8312
vn 0.1911 -0.5222 -0.8311
vn 0.1390 -0.5384 -0.8311
vn 0.0856 -0.5494 -0.8312
vn 0.0313 -0.5551 -0.8312
vn -0.0232 -0.5555 -0.8312
vn -0.0776 -0.5505 -0.8312
vn -0.1312 -0.5403 -0.8312
vn -0.1835 -0.5248 -0.8312
vn -0.2340 -0.5043 -0.8312
vn -0.2824 -0.4789 -0.8312
vn -0.3280 -0.4490 -0.8312
vn -0.3704 -0.4147 -0.8312
vn -0.4093 -0.3764 -0.8312
vn -0.4442 -0.3345 -0.8312
vn -0.4748 -0.2893 -0.8312
vn -0.5009 -0.2414 -0.8312
vn -0.5221 -0.1911 -0.8312
vn -0.5383 -0.1390 -0.8312
vn -0.5494 -0.0856 -0.8312
vn -0.5551 -0.0313 -0.8312
vn -0.5555 0.0232 -0.8312
vn -0.5506 0.0776 -0.8312
vn 0.7475 -0.1815 -0.6390
vn 0.7261 -0.2539 -0.6390
vn 0.6977 -0.3238 -0.6390
vn 0.6626 -0.3907 -0.6390
vn 0.6212 -0.4537 -0.6390
vn 0.5737 -0.5124 -0.6390
vn 0.5207 -0.5662 -0.6390
vn 0.4627 -0.6145 -0.6390
vn 0.4002 -0.6569 -0.6390
vn 0.3340 -0.6930 -0.6389
vn 0.2644 -0.7224 -0.6389
vn 0.1923 -0.7447 -0.6391
vn 0.1184 -0.7600 -0.6390
vn 0.0433 -0.7680 -0.6390
vn -0.0322 -0.7685 -0.6391
vn -0.1073 -0.7617 -0.6390
vn -0.1815 -0.7474 -0.6391
vn -0.2539 -0.7261 -0.6390
vn -0.3238 -0.6977 -0.6390
vn -0.3906 -0.6626 -0.6390
vn -0.4538 -0.6212 -0.6389
vn -0.5124 -0.5737 -0.6390
vn -0.5662 -0.5207 -0.6390
vn -0.6145 -0.4627 -0.6390
vn -0.6569 -0.4002 -0.6390
vn -0.6930 -0.3339 -0.6390
vn -0.7224 -0.2644 -0.6390
vn -0.7448 -0.1923 -0.6390
vn -0.7600 -0.1184 -0.6390
vn -0.7680 -0.0433 -0.6390
vn -0.7685 0.0322 -0.6390
vn -0.7617 0.1073 -0.6390
vn 0.8930 -0.2168 -0.3944
vn 0.8604 -0.3225 -0.3947
vn 0.9101 -0.3182 0.2656
vn 0.8904 -0.4132 -0.1907
vn 0.8154 -0.4236 -0.3947
vn 0.7917 -0.4667 -0.3943
vn 0.7322 -0.5551 -0.3946
vn 0.7872 -0.5750 0.2228
vn 0.7458 -0.6662 -0.0064
vn 0.6601 -0.6391 -0.3948
vn 0.6221 -0.6764 -0.3944
vn 0.5428 -0.7414 -0.3946
vn 0.5961 -0.7917 0.1334
vn 0.5157 -0.8463 0.1333
vn 0.4498 -0.8012 -0.3948
vn 0.3989 -0.8278 -0.3944
vn 0.3081 -0.8657 -0.3944
vn 0.3437 -0.9390 -0.0063
vn 0.2437 -0.9439 0.2228
vn 0.2456 -0.8854 -0.3947
vn 0.2018 -0.8963 -0.3948
vn 0.1414 -0.9080 -0.3945
vn 0.0477 -0.9177 -0.3945
vn 0.0553 -0.9801 -0.1906
vn -0.0403 -0.9632 0.2656
vn -0.0179 -0.9187 -0.3946
vn -0.0630 -0.9166 -0.3948
vn -0.1282 -0.9100 -0.3944
vn -0.2168 -0.8930 -0.3944
vn -0.3225 -0.8604 -0.3947
vn -0.3182 -0.9100 0.2657
vn -0.4132 -0.8904 -0.1907
vn -0.4236 -0.8153 -0.3948
vn -0.4667 -0.7916 -0.3943
vn -0.5551 -0.7322 -0.3947
vn -0.5750 -0.7872 0.2229
vn -0.6661 -0.7458 -0.0064
vn -0.6391 -0.6601 -0.3948
vn -0.6764 -0.6221 -0.3944
vn -0.7414 -0.5429 -0.3945
vn -0.7917 -0.5962 0.1334
vn -0.8463 -0.5157 0.1334
vn -0.8012 -0.4498 -0.3948
vn -0.8278 -0.3989 -0.3944
vn -0.8657 -0.3081 -0.3945
vn -0.9391 -0.3437 -0.0063
vn -0.9439 -0.2437 0.2228
vn -0.8854 -0.2456 -0.3946
vn -0.8964 -0.2018 -0.3947
vn -0.9080 -0.1414 -0.3944
vn -0.9177 -0.0477 -0.3944
vn -0.9801 -0.0553 -0.1907
vn -0.9632 0.0403 0.2656
vn -0.9187 0.0179 -0.3946
vn -0.9167 0.0630 -0.3947
vn -0.9100 0.1282 -0.3944
vn -0.9100 0.1282 -0.3943
vn -0.9141 -0.0926 -0.3947
vn -0.8494 -0.3502 -0.3947
vn -0.8279 -0.3989 -0.3943
vn -0.7782 -0.4886 -0.3945
vn -0.7138 -0.5785 -0.3947
vn -0.6764 -0.6221 -0.3943
vn -0.6060 -0.6908 -0.3945
vn -0.5185 -0.7585 -0.3947
vn -0.3831 -0.8352 -0.3945
vn -0.2799 -0.8751 -0.3947
vn -0.1282 -0.9099 -0.3945
vn 0.0926 -0.9141 -0.3949
vn 0.1414 -0.9080 -0.3943
vn 0.3502 -0.8494 -0.3949
vn 0.4886 -0.7782 -0.3945
vn 0.5785 -0.7138 -0.3947
vn 0.6908 -0.6060 -0.3945
vn 0.7585 -0.5185 -0.3947
vn 0.7916 -0.4667 -0.3943
vn 0.8352 -0.3831 -0.3944
vn 0.8752 -0.2799 -0.3947
vn 0.8930 -0.2168 -0.3943
vn -0.7686 0.0322 -0.6390
vn -0.7601 -0.1184 -0.6390
vn -0.7223 -0.2644 -0.6390
vn -0.4537 -0.6212 -0.6390
vn -0.1815 -0.7475 -0.6390
vn -0.0322 -0.7685 -0.6390
vn 0.1184 -0.7601 -0.6389
vn 0.1924 -0.7449 -0.6388
vn 0.2644 -0.7223 -0.6391
vn 0.3339 -0.6929 -0.6390
vn 0.4003 -0.6569 -0.6389
vn 0.5737 -0.5124 -0.6389
vn 0.6211 -0.4537 -0.6390
vn -0.5552 -0.0313 -0.8312
vn -0.5384 -0.1390 -0.8312
vn -0.4441 -0.3345 -0.8312
vn -0.3279 -0.4490 -0.8312
vn -0.2824 -0.4790 -0.8312
vn -0.2341 -0.5044 -0.8312
vn -0.1835 -0.5249 -0.8311
vn -0.1312 -0.5404 -0.8311
vn -0.0776 -0.5506 -0.8312
vn -0.0232 -0.5556 -0.8311
vn 0.0313 -0.5552 -0.8311
vn 0.1390 -0.5384 -0.8312
vn 0.1911 -0.5221 -0.8312
vn 0.3345 -0.4442 -0.8312
vn 0.3764 -0.4093 -0.8311
vn 0.4789 -0.2824 -0.8312
vn 0.5043 -0.2341 -0.8312
vn 0.5248 -0.1835 -0.8312
vn -0.2788 -0.1020 -0.9549
vn -0.2675 -0.1289 -0.9549
vn -0.2371 -0.1786 -0.9549
vn -0.0700 -0.2885 -0.9549
vn 0.0742 -0.2874 -0.9549
vn 0.1289 -0.2674 -0.9549
vn 0.2010 -0.2185 -0.9549
vn 0.2397 -0.1751 -0.9549
vn 0.2557 -0.1508 -0.9549
vn 0.2802 -0.0980 -0.9549
vn -0.0130 -0.0020 -0.9999
vn -0.0096 -0.0089 -0.9999
vn -0.0067 -0.0113 -0.9999
vn 0.0089 -0.0096 -0.9999
vn 0.0105 -0.0077 -0.9999
vn 0.0128 -0.0031 -0.9999
vn 0.2320 0.1414 -0.9624
vn 0.2171 0.1634 -0.9624
vn -0.1179 0.2448 -0.9624
vn -0.1414 0.2321 -0.9624
vn -0.1635 0.2171 -0.9624
vn -0.2340 0.1380 -0.9624
vn 0.5333 0.0301 -0.8454
vn 0.4811 0.2319 -0.8454
vn 0.4561 0.2779 -0.8455
vn 0.4266 0.3213 -0.8454
vn 0.3931 0.3615 -0.8454
vn 0.2713 0.4601 -0.8454
vn 0.2248 0.4845 -0.8454
vn 0.1763 0.5041 -0.8455
vn 0.1260 0.5191 -0.8454
vn 0.0745 0.5289 -0.8454
vn 0.0223 0.5336 -0.8455
vn -0.0301 0.5332 -0.8454
vn -0.1335 0.5172 -0.8454
vn -0.1836 0.5015 -0.8455
vn -0.3983 0.3558 -0.8454
vn 0.7449 -0.1050 -0.6589
vn 0.7516 -0.0314 -0.6589
vn 0.7283 0.1881 -0.6589
vn 0.6776 0.3265 -0.6589
vn 0.6009 0.4525 -0.6589
vn 0.4437 0.6075 -0.6589
vn 0.3167 0.6823 -0.6589
vn 0.1774 0.7309 -0.6590
vn 0.1050 0.7448 -0.6589
vn 0.0314 0.7515 -0.6589
vn -0.1158 0.7432 -0.6589
vn -0.1881 0.7284 -0.6588
vn -0.3265 0.6776 -0.6589
vn 0.8994 -0.1268 -0.4182
vn 0.9075 -0.0380 -0.4182
vn 0.8530 0.3122 -0.4183
vn 0.7256 0.5464 -0.4183
vn 0.6686 0.6149 -0.4182
vn 0.6051 0.6774 -0.4183
vn 0.4613 0.7825 -0.4181
vn 0.3824 0.8239 -0.4182
vn 0.2998 0.8575 -0.4182
vn 0.1267 0.8994 -0.4183
vn 0.0380 0.9076 -0.4181
vn -0.0512 0.9069 -0.4183
vn -0.2271 0.8795 -0.4183
vn -0.3122 0.8530 -0.4182
vn -0.4726 0.7757 -0.4182
vn -0.5464 0.7257 -0.4182
vn -0.6774 0.6051 -0.4183
vn -0.7335 0.5358 -0.4183
vn -0.7825 0.4613 -0.4182
vn -0.8575 0.2998 -0.4182
vn 0.9871 -0.0709 -0.1435
vn 0.9886 0.0452 -0.1434
vn 0.9675 0.2084 -0.1435
vn 0.9364 0.3203 -0.1435
vn 0.8925 0.4277 -0.1433
vn 0.8452 0.5149 -0.1434
vn 0.8092 0.5697 -0.1435
vn 0.7370 0.6606 -0.1434
vn 0.6173 0.7735 -0.1435
vn 0.5225 0.8405 -0.1435
vn 0.4204 0.8959 -0.1435
vn 0.2662 0.9532 -0.1433
vn 0.1527 0.9778 -0.1433
vn 0.0414 0.9888 -0.1432
vn -0.0114 0.9896 -0.1435
vn -0.1272 0.9815 -0.1434
vn -0.2413 0.9598 -0.1433
vn -0.3970 0.9065 -0.1435
vn -0.5004 0.8538 -0.1434
vn -0.5953 0.7906 -0.1434
vn -0.6350 0.7591 -0.1434
vn -0.7195 0.6795 -0.1435
vn -0.7942 0.5906 -0.1434
vn -0.8525 0.5026 -0.1434
vn -0.8810 0.4508 -0.1435
vn -0.9278 0.3445 -0.1434
vn 0.9435 -0.2290 -0.2396
vn 0.9180 -0.2928 -0.2674
vn 0.9200 -0.2943 -0.2588
vn 0.9045 -0.3391 -0.2587
vn 0.8691 -0.4215 -0.2588
vn 0.9089 -0.4169 -0.0085
vn 0.8523 -0.5025 -0.1453
vn 0.8572 -0.4453 -0.2588
vn 0.7897 -0.5338 -0.3023
vn 0.7974 -0.5451 -0.2588
vn 0.7697 -0.5836 -0.2587
vn 0.7152 -0.6493 -0.2587
vn 0.7503 -0.6582 -0.0623
vn 0.6754 -0.7344 -0.0675
vn 0.6940 -0.6719 -0.2588
vn 0.6040 -0.7306 -0.3185
vn 0.6082 -0.7504 -0.2588
vn 0.5707 -0.7794 -0.2587
vn 0.5033 -0.8245 -0.2587
vn 0.5282 -0.8413 -0.1155
vn 0.4341 -0.9008 -0.0092
vn 0.4728 -0.8423 -0.2588
vn 0.3739 -0.8716 -0.3169
vn 0.3682 -0.8930 -0.2588
vn 0.3239 -0.9100 -0.2587
vn 0.2506 -0.9329 -0.2587
vn 0.2635 -0.9500 -0.1678
vn 0.1539 -0.9877 0.0284
vn 0.2122 -0.9424 -0.2588
vn 0.1140 -0.9480 -0.2973
vn 0.0974 -0.9610 -0.2588
vn 0.0501 -0.9647 -0.2586
vn -0.0223 -0.9657 -0.2588
vn -0.0190 -0.9756 -0.2186
vn -0.1394 -0.9892 0.0453
vn -0.0662 -0.9637 -0.2587
vn -0.1596 -0.9527 -0.2587
vn -0.2291 -0.9435 -0.2396
vn -0.2928 -0.9180 -0.2674
vn -0.2943 -0.9200 -0.2588
vn -0.3391 -0.9045 -0.2588
vn -0.4215 -0.8691 -0.2587
vn -0.4169 -0.9089 -0.0085
vn -0.5025 -0.8523 -0.1453
vn -0.4453 -0.8572 -0.2588
vn -0.5338 -0.7897 -0.3023
vn -0.5451 -0.7974 -0.2588
vn -0.5836 -0.7697 -0.2587
vn -0.6493 -0.7152 -0.2588
vn -0.6582 -0.7503 -0.0623
vn -0.7344 -0.6754 -0.0675
vn -0.6719 -0.6940 -0.2588
vn -0.7306 -0.6040 -0.3185
vn -0.7504 -0.6082 -0.2588
vn -0.7794 -0.5707 -0.2587
vn -0.8245 -0.5033 -0.2588
vn -0.8413 -0.5281 -0.1155
vn -0.9008 -0.4341 -0.0092
vn -0.8423 -0.4728 -0.2588
vn -0.8716 -0.3739 -0.3169
vn -0.8930 -0.3682 -0.2588
vn -0.9100 -0.3239 -0.2587
vn -0.9329 -0.2506 -0.2588
vn -0.9500 -0.2635 -0.1677
vn -0.9877 -0.1539 0.0284
vn -0.9423 -0.2122 -0.2588
vn -0.9480 -0.1140 -0.2973
vn -0.9610 -0.0974 -0.2588
vn -0.9647 -0.0501 -0.2586
vn -0.9657 0.0224 -0.2588
vn -0.9756 0.0190 -0.2186
vn -0.9892 0.1394 0.0453
vn -0.9637 0.0662 -0.2588
vn -0.9527 0.1596 -0.2588
vn -0.8650 0.0820 -0.4950
vn -0.9421 -0.0455 -0.3322
vn -0.8600 -0.1663 -0.4825
vn -0.8656 -0.3002 -0.4006
vn -0.7911 -0.4085 -0.4552
vn -0.7278 -0.5190 -0.4483
vn -0.6594 -0.6295 -0.4110
vn -0.5423 -0.6906 -0.4786
vn -0.4684 -0.8126 -0.3467
vn -0.3227 -0.8075 -0.4937
vn -0.2271 -0.9389 -0.2586
vn -0.0820 -0.8650 -0.4950
vn 0.0455 -0.9421 -0.3323
vn 0.1663 -0.8599 -0.4825
vn 0.3002 -0.8656 -0.4006
vn 0.4085 -0.7912 -0.4552
vn 0.5190 -0.7278 -0.4483
vn 0.6296 -0.6594 -0.4110
vn 0.6905 -0.5423 -0.4786
vn 0.8126 -0.4685 -0.3467
vn 0.8075 -0.3227 -0.4937
vn 0.9389 -0.2271 -0.2585
vn -0.9435 0.2290 -0.2396
vn -0.9180 0.2928 -0.2674
vn -0.9200 0.2943 -0.2588
vn -0.9045 0.3391 -0.2587
vn -0.8691 0.4215 -0.2587
vn -0.9089 0.4169 -0.0085
vn -0.8523 0.5025 -0.1453
vn -0.8572 0.4453 -0.2588
vn -0.7897 0.5338 -0.3023
vn -0.7974 0.5451 -0.2588
vn -0.7697 0.5836 -0.2587
vn -0.7152 0.6493 -0.2587
vn -0.7503 0.6582 -0.0623
vn -0.6754 0.7344 -0.0675
vn -0.6940 0.6719 -0.2588
vn -0.6040 0.7306 -0.3185
vn -0.6082 0.7504 -0.2588
vn -0.5707 0.7794 -0.2587
vn -0.5033 0.8245 -0.2588
vn -0.5281 0.8413 -0.1155
vn -0.4341 0.9008 -0.0092
vn -0.4728 0.8423 -0.2588
vn -0.3739 0.8716 -0.3169
vn -0.3682 0.8930 -0.2588
vn -0.3239 0.9100 -0.2587
vn -0.2506 0.9329 -0.2587
vn -0.2635 0.9500 -0.1677
vn -0.1539 0.9877 0.0285
vn -0.2122 0.9423 -0.2588
vn -0.1140 0.9480 -0.2973
vn -0.0974 0.9610 -0.2588
vn -0.0501 0.9647 -0.2586
vn 0.0224 0.9657 -0.2588
vn 0.0190 0.9756 -0.2186
vn 0.1394 0.9892 0.0453
vn 0.0662 0.9637 -0.2587
vn 0.1596 0.9527 -0.2588
vn 0.2291 0.9435 -0.2396
vn 0.2928 0.9180 -0.2674
vn 0.2943 0.9200 -0.2588
vn 0.3391 0.9045 -0.2587
vn 0.4215 0.8691 -0.2587
vn 0.4169 0.9089 -0.0085
vn 0.5025 0.8523 -0.1453
vn 0.4453 0.8572 -0.2588
vn 0.5338 0.7897 -0.3023
vn 0.5451 0.7974 -0.2588
vn 0.5836 0.7697 -0.2587
vn 0.6493 0.7152 -0.2588
vn 0.6582 0.7503 -0.0623
vn 0.7344 0.6754 -0.0675
vn 0.6719 0.6940 -0.2588
vn 0.7306 0.6040 -0.3185
vn 0.7504 0.6082 -0.2588
vn 0.7794 0.5707 -0.2587
vn 0.8245 0.5033 -0.2587
vn 0.8413 0.5281 -0.1155
vn 0.9008 0.4341 -0.0092
vn 0.8423 0.4728 -0.2588
vn 0.8716 0.3739 -0.3169
vn 0.8930 0.3682 -0.2588
vn 0.9100 0.3239 -0.2586
vn 0.9329 0.2506 -0.2588
vn 0.9500 0.2635 -0.1677
vn 0.9877 0.1539 0.0284
vn 0.9423 0.2122 -0.2588
vn 0.9480 0.1140 -0.2973
vn 0.9610 0.0974 -0.2588
vn 0.9647 0.0501 -0.2586
vn 0.9657 -0.0224 -0.2588
vn 0.9756 -0.0190 -0.2186
vn 0.9892 -0.1394 0.0453
vn 0.9637 -0.0662 -0.2588
vn 0.9527 -0.1596 -0.2588
vn 0.8650 -0.0820 -0.4950
vn 0.9421 0.0455 -0.3322
vn 0.8600 0.1663 -0.4825
vn 0.8656 0.3002 -0.4007
vn 0.7911 0.4085 -0.4552
vn 0.7278 0.5190 -0.4483
vn 0.6594 0.6295 -0.4110
vn 0.5423 0.6906 -0.4786
vn 0.4685 0.8126 -0.3467
vn 0.3227 0.8075 -0.4937
vn 0.2271 0.9389 -0.2585
vn 0.0820 0.8650 -0.4950
vn -0.0455 0.9421 -0.3322
vn -0.1663 0.8600 -0.4825
vn -0.3002 0.8656 -0.4006
vn -0.4085 0.7911 -0.4552
vn -0.5190 0.7278 -0.4483
vn -0.6295 0.6594 -0.4110
vn -0.6905 0.5423 -0.4786
vn -0.8126 0.4685 -0.3467
vn -0.8075 0.3227 -0.4937
vn -0.9389 0.2271 -0.2585
vn 0.9885 -0.0707 -0.1333
vn 0.9684 -0.2107 -0.1333
vn 0.9286 -0.3463 -0.1333
vn 0.8698 -0.4750 -0.1333
vn 0.8998 -0.4363 0.0000
vn 0.7934 -0.5939 -0.1333
vn 0.7008 -0.7008 -0.1333
vn 0.5939 -0.7934 -0.1333
vn 0.4750 -0.8698 -0.1333
vn 0.3463 -0.9286 -0.1333
vn 0.2107 -0.9684 -0.1333
vn 0.0707 -0.9885 -0.1333
vn -0.0707 -0.9885 -0.1333
vn -0.2107 -0.9684 -0.1333
vn -0.3463 -0.9286 -0.1333
vn -0.4750 -0.8698 -0.1333
vn -0.5939 -0.7934 -0.1333
vn -0.7008 -0.7008 -0.1333
vn -0.7934 -0.5939 -0.1333
vn -0.8698 -0.4750 -0.1333
vn -0.9286 -0.3463 -0.1333
vn -0.9684 -0.2107 -0.1333
vn -0.9885 -0.0707 -0.1333
vn -0.3711 -0.9286 0.0000
vn -0.9885 0.0707 -0.1333
vn -0.9684 0.2107 -0.1333
vn -0.9286 0.3463 -0.1333
vn -0.8698 0.4750 -0.1333
vn -0.8998 0.4363 0.0000
vn -0.7934 0.5939 -0.1333
vn -0.7008 0.7008 -0.1333
vn -0.5939 0.7934 -0.1333
vn -0.4750 0.8698 -0.1333
vn -0.3463 0.9286 -0.1333
vn -0.2107 0.9684 -0.1333
vn -0.0707 0.9885 -0.1333
vn 0.0707 0.9885 -0.1333
vn 0.2107 0.9684 -0.1333
vn 0.3463 0.9286 -0.1333
vn 0.4750 0.8698 -0.1333
vn 0.5939 0.7934 -0.1333
vn 0.7008 0.7008 -0.1333
vn 0.7934 0.5939 -0.1333
vn 0.8698 0.4750 -0.1333
vn 0.9286 0.3463 -0.1333
vn 0.9684 0.2107 -0.1333
vn 0.9885 0.0707 -0.1333
vn -0.6727 0.7399 0.0000
vn -0.7399 0.6727 0.0000
vn 0.7399 0.6727 0.0000
vn 0.6727 0.7399 0.0000
vn -0.7399 -0.6727 0.0000
vn -0.6727 -0.7399 0.0000
vn 0.6727 -0.7399 0.0000
vn 0.7399 -0.6727 0.0000
usemtl Copy_of_Link6_UR3_G5_1000513Material0
s off
f 1//1 2//1 3//1
f 2//2 4//2 5//2
f 4//3 6//3 7//3
f 6//4 8//4 9//4
f 8//5 10//5 11//5
f 10//6 12//6 13//6
f 12//7 14//7 15//7
f 14//8 16//8 17//8
f 16//9 18//9 19//9
f 18//10 20//10 21//10
f 20//11 22//11 23//11
f 23//11 21//11 20//11
f 21//10 19//10 18//10
f 19//9 17//9 16//9
f 17//8 15//8 14//8
f 15//7 13//7 12//7
f 13//6 11//6 10//6
f 11//5 9//5 8//5
f 9//4 7//4 6//4
f 7//3 5//3 4//3
f 5//12 3//12 2//12
f 3//1 24//1 1//1
f 22//13 25//13 26//13
f 25//14 27//14 28//14
f 27//15 29//15 30//15
f 29//16 31//16 32//16
f 31//17 33//17 34//17
f 33//18 35//18 36//18
f 35//19 37//19 38//19
f 37//20 39//20 40//20
f 39//21 41//21 42//21
f 41//22 43//22 44//22
f 43//23 1//23 24//23
f 24//23 44//23 43//23
f 44//22 42//22 41//22
f 42//21 40//21 39//21
f 40//20 38//20 37//20
f 38//19 36//19 35//19
f 36//18 34//18 33//18
f 34//17 32//17 31//17
f 32//16 30//16 29//16
f 30//15 28//15 27//15
f 28//14 26//14 25//14
f 26//13 23//13 22//13
f 21//24 23//24 45//24
f 19//25 21//25 46//25
f 17//26 19//26 47//26
f 15//27 17//27 48//27
f 13//28 15//28 49//28
f 11//29 13//29 50//29
f 9//30 11//30 51//30
f 7//31 9//31 52//31
f 5//32 7//32 53//32
f 3//33 5//33 54//33
f 24//34 3//34 55//34
f 55//34 56//34 24//34
f 54//33 55//33 3//33
f 53//32 54//32 5//32
f 52//31 53//31 7//31
f 51//30 52//30 9//30
f 50//29 51//29 11//29
f 49//28 50//28 13//28
f 48//27 49//27 15//27
f 47//35 48//35 17//35
f 46//25 47//25 19//25
f 45//24 46//24 21//24
f 44//36 24//36 56//36
f 42//37 44//37 57//37
f 40//38 42//38 58//38
f 38//39 40//39 59//39
f 36//40 38//40 60//40
f 34//41 36//41 61//41
f 32//42 34//42 62//42
f 30//43 32//43 63//43
f 28//44 30//44 64//44
f 26//45 28//45 65//45
f 23//46 26//46 66//46
f 66//46 45//46 23//46
f 65//45 66//45 26//45
f 64//47 65//47 28//47
f 63//43 64//43 30//43
f 62//42 63//42 32//42
f 61//41 62//41 34//41
f 60//40 61//40 36//40
f 59//39 60//39 38//39
f 58//48 59//48 40//48
f 57//37 58//37 42//37
f 56//36 57//36 44//36
f 67//49 16//49 14//49
f 67//49 68//49 18//49
f 18//49 16//49 67//49
f 68//49 69//49 20//49
f 20//49 18//49 68//49
f 69//49 70//49 22//49
f 22//49 20//49 69//49
f 70//49 71//49 25//49
f 72//49 27//49 25//49
f 72//49 73//49 29//49
f 74//49 6//49 4//49
f 74//49 75//49 8//49
f 76//49 10//49 8//49
f 76//49 77//49 12//49
f 25//49 22//49 70//49
f 29//49 27//49 72//49
f 78//49 31//49 29//49
f 78//49 79//49 33//49
f 79//49 80//49 35//49
f 80//49 81//49 37//49
f 81//49 82//49 39//49
f 82//49 83//49 41//49
f 84//49 4//49 2//49
f 8//49 6//49 74//49
f 12//49 10//49 76//49
f 77//49 85//49 14//49
f 25//49 71//49 72//49
f 33//49 31//49 78//49
f 37//49 35//49 80//49
f 41//49 39//49 82//49
f 4//49 84//49 74//49
f 14//49 12//49 77//49
f 29//49 73//49 78//49
f 39//49 37//49 81//49
f 8//49 75//49 76//49
f 35//49 33//49 79//49
f 86//49 87//49 2//49
f 14//49 85//49 67//49
f 83//49 88//49 43//49
f 88//49 86//49 1//49
f 2//49 87//49 84//49
f 1//49 43//49 88//49
f 43//49 41//49 83//49
f 2//49 1//49 86//49
f 89//50 58//50 57//50
f 90//50 59//50 58//50
f 91//50 57//50 56//50
f 58//50 89//50 90//50
f 57//50 91//50 89//50
f 92//50 60//50 59//50
f 93//50 61//50 60//50
f 94//50 62//50 61//50
f 95//50 65//50 64//50
f 95//50 96//50 66//50
f 97//50 47//50 46//50
f 98//50 48//50 47//50
f 99//50 54//50 53//50
f 99//50 100//50 55//50
f 59//50 90//50 92//50
f 61//50 93//50 94//50
f 101//50 64//50 63//50
f 66//50 65//50 95//50
f 102//50 46//50 45//50
f 47//50 97//50 98//50
f 103//50 50//50 49//50
f 103//50 104//50 51//50
f 105//50 53//50 52//50
f 55//50 54//50 99//50
f 60//50 92//50 93//50
f 106//50 63//50 62//50
f 64//50 101//50 95//50
f 96//50 107//50 45//50
f 46//50 102//50 97//50
f 108//50 49//50 48//50
f 51//50 50//50 103//50
f 104//50 109//50 52//50
f 53//50 105//50 99//50
f 100//50 110//50 56//50
f 62//50 94//50 106//50
f 45//50 66//50 96//50
f 48//50 98//50 108//50
f 52//50 51//50 104//50
f 56//50 55//50 100//50
f 63//50 106//50 101//50
f 49//50 108//50 103//50
f 56//50 110//50 91//50
f 52//50 109//50 105//50
f 45//50 107//50 102//50
f 70//34 107//34 96//34
f 71//33 96//33 95//33
f 72//32 95//32 101//32
f 73//31 101//31 106//31
f 78//30 106//30 94//30
f 79//29 94//29 93//29
f 80//28 93//28 92//28
f 81//27 92//27 90//27
f 82//26 90//26 89//26
f 83//25 89//25 91//25
f 88//24 91//24 110//24
f 110//24 86//24 88//24
f 91//25 88//25 83//25
f 89//26 83//26 82//26
f 90//27 82//27 81//27
f 92//28 81//28 80//28
f 93//29 80//29 79//29
f 94//30 79//30 78//30
f 106//31 78//31 73//31
f 101//32 73//32 72//32
f 95//33 72//33 71//33
f 96//34 71//34 70//34
f 86//46 110//46 100//46
f 87//45 100//45 99//45
f 84//47 99//47 105//47
f 74//43 105//43 109//43
f 75//42 109//42 104//42
f 76//41 104//41 103//41
f 77//40 103//40 108//40
f 85//39 108//39 98//39
f 67//38 98//38 97//38
f 68//37 97//37 102//37
f 69//36 102//36 107//36
f 107//36 70//36 69//36
f 102//37 69//37 68//37
f 97//38 68//38 67//38
f 98//39 67//39 85//39
f 108//40 85//40 77//40
f 103//41 77//41 76//41
f 104//42 76//42 75//42
f 109//43 75//43 74//43
f 105//47 74//47 84//47
f 99//45 84//45 87//45
f 100//46 87//46 86//46
f 111//1 112//1 113//1
f 112//2 114//2 115//2
f 114//3 116//3 117//3
f 116//4 118//4 119//4
f 118//5 120//5 121//5
f 120//6 122//6 123//6
f 122//7 124//7 125//7
f 124//8 126//8 127//8
f 126//9 128//9 129//9
f 128//10 130//10 131//10
f 130//11 132//11 133//11
f 133//11 131//11 130//11
f 131//10 129//10 128//10
f 129//9 127//9 126//9
f 127//8 125//8 124//8
f 125//7 123//7 122//7
f 123//6 121//6 120//6
f 121//5 119//5 118//5
f 119//4 117//4 116//4
f 117//3 115//3 114//3
f 115//2 113//2 112//2
f 113//1 134//1 111//1
f 132//13 135//13 136//13
f 135//14 137//14 138//14
f 137//15 139//15 140//15
f 139//16 141//16 142//16
f 141//17 143//17 144//17
f 143//18 145//18 146//18
f 145//19 147//19 148//19
f 147//20 149//20 150//20
f 149//21 151//21 152//21
f 151//22 153//22 154//22
f 153//23 111//23 134//23
f 134//23 154//23 153//23
f 154//22 152//22 151//22
f 152//21 150//21 149//21
f 150//20 148//20 147//20
f 148//19 146//19 145//19
f 146//18 144//18 143//18
f 144//17 142//17 141//17
f 142//16 140//16 139//16
f 140//15 138//15 137//15
f 138//14 136//14 135//14
f 136//13 133//13 132//13
f 131//24 133//24 155//24
f 129//25 131//25 156//25
f 127//26 129//26 157//26
f 125//27 127//27 158//27
f 123//28 125//28 159//28
f 121//29 123//29 160//29
f 119//30 121//30 161//30
f 117//31 119//31 162//31
f 115//51 117//51 163//51
f 113//33 115//33 164//33
f 134//34 113//34 165//34
f 165//34 166//34 134//34
f 164//33 165//33 113//33
f 163//32 164//32 115//32
f 162//31 163//31 117//31
f 161//30 162//30 119//30
f 160//29 161//29 121//29
f 159//28 160//28 123//28
f 158//27 159//27 125//27
f 157//26 158//26 127//26
f 156//25 157//25 129//25
f 155//24 156//24 131//24
f 154//36 134//36 166//36
f 152//37 154//37 167//37
f 150//38 152//38 168//38
f 148//39 150//39 169//39
f 146//40 148//40 170//40
f 144//41 146//41 171//41
f 142//42 144//42 172//42
f 140//43 142//43 173//43
f 138//44 140//44 174//44
f 136//45 138//45 175//45
f 133//46 136//46 176//46
f 176//46 155//46 133//46
f 175//45 176//45 136//45
f 174//47 175//47 138//47
f 173//43 174//43 140//43
f 172//42 173//42 142//42
f 171//41 172//41 144//41
f 170//40 171//40 146//40
f 169//39 170//39 148//39
f 168//48 169//48 150//48
f 167//37 168//37 152//37
f 166//36 167//36 154//36
f 177//49 114//49 112//49
f 177//49 178//49 116//49
f 179//49 120//49 118//49
f 179//49 180//49 122//49
f 181//49 132//49 130//49
f 182//49 135//49 132//49
f 183//49 184//49 139//49
f 184//49 185//49 141//49
f 116//49 114//49 177//49
f 178//49 186//49 118//49
f 122//49 120//49 179//49
f 180//49 187//49 124//49
f 132//49 181//49 182//49
f 182//49 183//49 137//49
f 141//49 139//49 184//49
f 185//49 188//49 143//49
f 189//49 190//49 149//49
f 190//49 191//49 151//49
f 118//49 116//49 178//49
f 124//49 122//49 180//49
f 192//49 126//49 124//49
f 193//49 128//49 126//49
f 137//49 135//49 182//49
f 143//49 141//49 185//49
f 188//49 194//49 145//49
f 194//49 189//49 147//49
f 151//49 149//49 190//49
f 191//49 195//49 153//49
f 196//49 197//49 112//49
f 118//49 186//49 179//49
f 126//49 192//49 193//49
f 193//49 198//49 130//49
f 139//49 137//49 183//49
f 147//49 145//49 194//49
f 153//49 151//49 191//49
f 195//49 196//49 111//49
f 112//49 197//49 177//49
f 130//49 128//49 193//49
f 145//49 143//49 188//49
f 111//49 153//49 195//49
f 124//49 187//49 192//49
f 149//49 147//49 189//49
f 130//49 198//49 181//49
f 112//49 111//49 196//49
f 199//50 157//50 156//50
f 199//50 200//50 158//50
f 201//50 164//50 163//50
f 201//50 202//50 165//50
f 203//50 156//50 155//50
f 158//50 157//50 199//50
f 204//50 160//50 159//50
f 204//50 205//50 161//50
f 206//50 163//50 162//50
f 165//50 164//50 201//50
f 207//50 168//50 167//50
f 207//50 208//50 169//50
f 209//50 170//50 169//50
f 209//50 210//50 171//50
f 211//50 175//50 174//50
f 211//50 212//50 176//50
f 156//50 203//50 199//50
f 200//50 213//50 159//50
f 161//50 160//50 204//50
f 205//50 214//50 162//50
f 163//50 206//50 201//50
f 202//50 215//50 166//50
f 216//50 167//50 166//50
f 169//50 168//50 207//50
f 171//50 170//50 209//50
f 217//50 172//50 171//50
f 218//50 174//50 173//50
f 176//50 175//50 211//50
f 159//50 158//50 200//50
f 162//50 161//50 205//50
f 166//50 165//50 202//50
f 167//50 216//50 207//50
f 171//50 210//50 217//50
f 219//50 173//50 172//50
f 174//50 218//50 211//50
f 212//50 220//50 155//50
f 159//50 213//50 204//50
f 166//50 215//50 216//50
f 172//50 217//50 219//50
f 155//50 176//50 212//50
f 162//50 214//50 206//50
f 173//50 219//50 218//50
f 169//50 208//50 209//50
f 155//50 220//50 203//50
f 181//34 220//34 212//34
f 182//33 212//33 211//33
f 183//32 211//32 218//32
f 184//31 218//31 219//31
f 185//30 219//30 217//30
f 188//29 217//29 210//29
f 194//28 210//28 209//28
f 189//27 209//27 208//27
f 190//35 208//35 207//35
f 191//25 207//25 216//25
f 195//24 216//24 215//24
f 215//24 196//24 195//24
f 216//25 195//25 191//25
f 207//26 191//26 190//26
f 208//27 190//27 189//27
f 209//28 189//28 194//28
f 210//29 194//29 188//29
f 217//30 188//30 185//30
f 219//31 185//31 184//31
f 218//32 184//32 183//32
f 211//33 183//33 182//33
f 212//34 182//34 181//34
f 196//46 215//46 202//46
f 197//45 202//45 201//45
f 177//47 201//47 206//47
f 178//43 206//43 214//43
f 186//42 214//42 205//42
f 179//41 205//41 204//41
f 180//40 204//40 213//40
f 187//39 213//39 200//39
f 192//38 200//38 199//38
f 193//37 199//37 203//37
f 198//36 203//36 220//36
f 220//36 181//36 198//36
f 203//37 198//37 193//37
f 199//38 193//38 192//38
f 200//39 192//39 187//39
f 213//40 187//40 180//40
f 204//41 180//41 179//41
f 205//42 179//42 186//42
f 214//43 186//43 178//43
f 206//47 178//47 177//47
f 201//45 177//45 197//45
f 202//46 197//46 196//46
f 221//1 222//1 223//1
f 222//2 224//2 225//2
f 224//3 226//3 227//3
f 226//4 228//4 229//4
f 228//5 230//5 231//5
f 230//6 232//6 233//6
f 232//7 234//7 235//7
f 234//8 236//8 237//8
f 236//9 238//9 239//9
f 238//10 240//10 241//10
f 240//11 242//11 243//11
f 243//11 241//11 240//11
f 241//10 239//10 238//10
f 239//9 237//9 236//9
f 237//8 235//8 234//8
f 235//7 233//7 232//7
f 233//6 231//6 230//6
f 231//5 229//5 228//5
f 229//4 227//4 226//4
f 227//3 225//3 224//3
f 225//2 223//2 222//2
f 223//1 244//1 221//1
f 242//13 245//13 246//13
f 245//14 247//14 248//14
f 247//15 249//15 250//15
f 249//16 251//16 252//16
f 251//17 253//17 254//17
f 253//18 255//18 256//18
f 255//19 257//19 258//19
f 257//20 259//20 260//20
f 259//21 261//21 262//21
f 261//22 263//22 264//22
f 263//23 221//23 244//23
f 244//23 264//23 263//23
f 264//22 262//22 261//22
f 262//21 260//21 259//21
f 260//20 258//20 257//20
f 258//19 256//19 255//19
f 256//18 254//18 253//18
f 254//17 252//17 251//17
f 252//16 250//16 249//16
f 250//15 248//15 247//15
f 248//14 246//14 245//14
f 246//13 243//13 242//13
f 241//24 243//24 265//24
f 239//25 241//25 266//25
f 237//26 239//26 267//26
f 235//27 237//27 268//27
f 233//28 235//28 269//28
f 231//29 233//29 270//29
f 229//30 231//30 271//30
f 227//31 229//31 272//31
f 225//51 227//51 273//51
f 223//33 225//33 274//33
f 244//34 223//34 275//34
f 275//34 276//34 244//34
f 274//33 275//33 223//33
f 273//32 274//32 225//32
f 272//31 273//31 227//31
f 271//30 272//30 229//30
f 270//29 271//29 231//29
f 269//28 270//28 233//28
f 268//27 269//27 235//27
f 267//35 268//35 237//35
f 266//25 267//25 239//25
f 265//24 266//24 241//24
f 264//36 244//36 276//36
f 262//37 264//37 277//37
f 260//38 262//38 278//38
f 258//39 260//39 279//39
f 256//40 258//40 280//40
f 254//41 256//41 281//41
f 252//42 254//42 282//42
f 250//43 252//43 283//43
f 248//47 250//47 284//47
f 246//45 248//45 285//45
f 243//46 246//46 286//46
f 286//46 265//46 243//46
f 285//45 286//45 246//45
f 284//47 285//47 248//47
f 283//43 284//43 250//43
f 282//42 283//42 252//42
f 281//41 282//41 254//41
f 280//40 281//40 256//40
f 279//39 280//39 258//39
f 278//48 279//48 260//48
f 277//37 278//37 262//37
f 276//36 277//36 264//36
f 287//49 226//49 224//49
f 287//49 288//49 228//49
f 228//49 226//49 287//49
f 288//49 289//49 230//49
f 290//49 291//49 238//49
f 291//49 292//49 240//49
f 293//49 242//49 240//49
f 293//49 294//49 245//49
f 295//49 251//49 249//49
f 295//49 296//49 253//49
f 297//49 298//49 261//49
f 298//49 299//49 263//49
f 300//49 224//49 222//49
f 230//49 228//49 288//49
f 290//49 236//49 234//49
f 240//49 238//49 291//49
f 245//49 242//49 293//49
f 294//49 301//49 247//49
f 301//49 302//49 249//49
f 253//49 251//49 295//49
f 296//49 303//49 255//49
f 303//49 304//49 257//49
f 304//49 297//49 259//49
f 263//49 261//49 298//49
f 224//49 300//49 287//49
f 289//49 305//49 232//49
f 306//49 234//49 232//49
f 238//49 236//49 290//49
f 247//49 245//49 294//49
f 249//49 302//49 295//49
f 257//49 255//49 303//49
f 261//49 259//49 297//49
f 232//49 230//49 289//49
f 234//49 306//49 290//49
f 249//49 247//49 301//49
f 259//49 257//49 304//49
f 307//49 308//49 222//49
f 232//49 305//49 306//49
f 255//49 253//49 296//49
f 299//49 307//49 221//49
f 222//49 308//49 300//49
f 221//49 263//49 299//49
f 240//49 292//49 293//49
f 222//49 221//49 307//49
f 309//50 310//50 278//50
f 310//50 311//50 279//50
f 309//50 277//50 276//50
f 279//50 278//50 310//50
f 278//50 277//50 309//50
f 311//50 312//50 280//50
f 313//50 281//50 280//50
f 314//50 282//50 281//50
f 315//50 285//50 284//50
f 315//50 316//50 286//50
f 317//50 267//50 266//50
f 318//50 268//50 267//50
f 319//50 274//50 273//50
f 319//50 320//50 275//50
f 280//50 279//50 311//50
f 281//50 313//50 314//50
f 321//50 284//50 283//50
f 286//50 285//50 315//50
f 322//50 266//50 265//50
f 267//50 317//50 318//50
f 323//50 270//50 269//50
f 323//50 324//50 271//50
f 325//50 273//50 272//50
f 275//50 274//50 319//50
f 280//50 312//50 313//50
f 326//50 283//50 282//50
f 284//50 321//50 315//50
f 316//50 327//50 265//50
f 266//50 322//50 317//50
f 328//50 269//50 268//50
f 271//50 270//50 323//50
f 324//50 329//50 272//50
f 273//50 325//50 319//50
f 320//50 330//50 276//50
f 282//50 314//50 326//50
f 265//50 286//50 316//50
f 268//50 318//50 328//50
f 272//50 271//50 324//50
f 276//50 275//50 320//50
f 283//50 326//50 321//50
f 269//50 328//50 323//50
f 276//50 330//50 309//50
f 272//50 329//50 325//50
f 265//50 327//50 322//50
f 293//34 327//34 316//34
f 294//33 316//33 315//33
f 301//32 315//32 321//32
f 302//31 321//31 326//31
f 295//30 326//30 314//30
f 296//29 314//29 313//29
f 303//28 313//28 312//28
f 304//27 312//27 311//27
f 297//26 311//26 310//26
f 298//25 310//25 309//25
f 299//24 309//24 330//24
f 330//24 307//24 299//24
f 309//25 299//25 298//25
f 310//26 298//26 297//26
f 311//27 297//27 304//27
f 312//28 304//28 303//28
f 313//29 303//29 296//29
f 314//30 296//30 295//30
f 326//31 295//31 302//31
f 321//32 302//32 301//32
f 315//33 301//33 294//33
f 316//34 294//34 293//34
f 307//46 330//46 320//46
f 308//45 320//45 319//45
f 300//47 319//47 325//47
f 287//43 325//43 329//43
f 288//42 329//42 324//42
f 289//41 324//41 323//41
f 305//40 323//40 328//40
f 306//39 328//39 318//39
f 290//38 318//38 317//38
f 291//37 317//37 322//37
f 292//36 322//36 327//36
f 327//36 293//36 292//36
f 322//37 292//37 291//37
f 317//38 291//38 290//38
f 318//39 290//39 306//39
f 328//40 306//40 305//40
f 323//41 305//41 289//41
f 324//42 289//42 288//42
f 329//43 288//43 287//43
f 325//44 287//44 300//44
f 319//45 300//45 308//45
f 320//46 308//46 307//46
f 331//1 332//1 333//1
f 332//2 334//2 335//2
f 334//3 336//3 337//3
f 336//4 338//4 339//4
f 338//5 340//5 341//5
f 340//6 342//6 343//6
f 342//7 344//7 345//7
f 344//8 346//8 347//8
f 346//9 348//9 349//9
f 348//10 350//10 351//10
f 350//11 352//11 353//11
f 353//11 351//11 350//11
f 351//10 349//10 348//10
f 349//9 347//9 346//9
f 347//8 345//8 344//8
f 345//7 343//7 342//7
f 343//6 341//6 340//6
f 341//5 339//5 338//5
f 339//4 337//4 336//4
f 337//3 335//3 334//3
f 335//2 333//2 332//2
f 333//1 354//1 331//1
f 352//13 355//13 356//13
f 355//14 357//14 358//14
f 357//15 359//15 360//15
f 359//16 361//16 362//16
f 361//17 363//17 364//17
f 363//18 365//18 366//18
f 365//19 367//19 368//19
f 367//20 369//20 370//20
f 369//21 371//21 372//21
f 371//22 373//22 374//22
f 373//23 331//23 354//23
f 354//23 374//23 373//23
f 374//22 372//22 371//22
f 372//21 370//21 369//21
f 370//20 368//20 367//20
f 368//19 366//19 365//19
f 366//18 364//18 363//18
f 364//17 362//17 361//17
f 362//16 360//16 359//16
f 360//15 358//15 357//15
f 358//14 356//14 355//14
f 356//13 353//13 352//13
f 351//24 353//24 375//24
f 349//25 351//25 376//25
f 347//26 349//26 377//26
f 345//27 347//27 378//27
f 343//28 345//28 379//28
f 341//29 343//29 380//29
f 339//30 341//30 381//30
f 337//31 339//31 382//31
f 335//51 337//51 383//51
f 333//33 335//33 384//33
f 354//34 333//34 385//34
f 385//34 386//34 354//34
f 384//33 385//33 333//33
f 383//32 384//32 335//32
f 382//31 383//31 337//31
f 381//30 382//30 339//30
f 380//29 381//29 341//29
f 379//28 380//28 343//28
f 378//27 379//27 345//27
f 377//35 378//35 347//35
f 376//25 377//25 349//25
f 375//24 376//24 351//24
f 374//36 354//36 386//36
f 372//37 374//37 387//37
f 370//38 372//38 388//38
f 368//39 370//39 389//39
f 366//40 368//40 390//40
f 364//41 366//41 391//41
f 362//42 364//42 392//42
f 360//43 362//43 393//43
f 358//44 360//44 394//44
f 356//45 358//45 395//45
f 353//46 356//46 396//46
f 396//46 375//46 353//46
f 395//45 396//45 356//45
f 394//47 395//47 358//47
f 393//43 394//43 360//43
f 392//42 393//42 362//42
f 391//41 392//41 364//41
f 390//40 391//40 366//40
f 389//39 390//39 368//39
f 388//38 389//38 370//38
f 387//37 388//37 372//37
f 386//36 387//36 374//36
f 397//49 346//49 344//49
f 397//49 398//49 348//49
f 399//49 344//49 342//49
f 348//49 346//49 397//49
f 344//49 399//49 397//49
f 398//49 400//49 350//49
f 401//49 338//49 336//49
f 401//49 402//49 340//49
f 350//49 348//49 398//49
f 400//49 403//49 352//49
f 404//49 357//49 355//49
f 404//49 405//49 359//49
f 405//49 406//49 361//49
f 406//49 407//49 363//49
f 340//49 338//49 401//49
f 402//49 408//49 342//49
f 352//49 350//49 400//49
f 403//49 409//49 355//49
f 359//49 357//49 404//49
f 363//49 361//49 406//49
f 407//49 410//49 365//49
f 410//49 411//49 367//49
f 342//49 340//49 402//49
f 355//49 352//49 403//49
f 361//49 359//49 405//49
f 367//49 365//49 410//49
f 412//49 334//49 332//49
f 412//49 413//49 336//49
f 342//49 408//49 399//49
f 365//49 363//49 407//49
f 411//49 414//49 369//49
f 414//49 415//49 371//49
f 416//49 417//49 332//49
f 336//49 334//49 412//49
f 355//49 409//49 404//49
f 371//49 369//49 414//49
f 332//49 417//49 412//49
f 369//49 367//49 411//49
f 415//49 418//49 373//49
f 418//49 416//49 331//49
f 336//49 413//49 401//49
f 331//49 373//49 418//49
f 373//49 371//49 415//49
f 332//49 331//49 416//49
f 419//50 377//50 376//50
f 420//50 378//50 377//50
f 421//50 384//50 383//50
f 421//50 422//50 385//50
f 423//50 376//50 375//50
f 377//50 419//50 420//50
f 424//50 380//50 379//50
f 424//50 425//50 381//50
f 426//50 383//50 382//50
f 385//50 384//50 421//50
f 427//50 428//50 388//50
f 428//50 429//50 389//50
f 430//50 390//50 389//50
f 430//50 431//50 391//50
f 432//50 395//50 394//50
f 432//50 433//50 396//50
f 376//50 423//50 419//50
f 434//50 379//50 378//50
f 381//50 380//50 424//50
f 425//50 435//50 382//50
f 383//50 426//50 421//50
f 422//50 436//50 386//50
f 427//50 387//50 386//50
f 389//50 388//50 428//50
f 391//50 390//50 430//50
f 437//50 392//50 391//50
f 438//50 394//50 393//50
f 396//50 395//50 432//50
f 378//50 420//50 434//50
f 382//50 381//50 425//50
f 386//50 385//50 422//50
f 388//50 387//50 427//50
f 391//50 431//50 437//50
f 439//50 393//50 392//50
f 394//50 438//50 432//50
f 433//50 440//50 375//50
f 379//50 434//50 424//50
f 386//50 436//50 427//50
f 392//50 437//50 439//50
f 375//50 396//50 433//50
f 382//50 435//50 426//50
f 393//50 439//50 438//50
f 389//50 429//50 430//50
f 375//50 440//50 423//50
f 403//34 440//34 433//34
f 409//33 433//33 432//33
f 404//32 432//32 438//32
f 405//31 438//31 439//31
f 406//30 439//30 437//30
f 407//29 437//29 431//29
f 410//28 431//28 430//28
f 411//27 430//27 429//27
f 414//26 429//26 428//26
f 415//25 428//25 427//25
f 418//24 427//24 436//24
f 436//24 416//24 418//24
f 427//25 418//25 415//25
f 428//26 415//26 414//26
f 429//27 414//27 411//27
f 430//28 411//28 410//28
f 431//29 410//29 407//29
f 437//30 407//30 406//30
f 439//31 406//31 405//31
f 438//32 405//32 404//32
f 432//33 404//33 409//33
f 433//34 409//34 403//34
f 416//46 436//46 422//46
f 417//45 422//45 421//45
f 412//47 421//47 426//47
f 413//43 426//43 435//43
f 401//42 435//42 425//42
f 402//41 425//41 424//41
f 408//40 424//40 434//40
f 399//39 434//39 420//39
f 397//38 420//38 419//38
f 398//37 419//37 423//37
f 400//36 423//36 440//36
f 440//36 403//36 400//36
f 423//37 400//37 398//37
f 419//38 398//38 397//38
f 420//39 397//39 399//39
f 434//40 399//40 408//40
f 424//41 408//41 402//41
f 425//42 402//42 401//42
f 435//43 401//43 413//43
f 426//47 413//47 412//47
f 421//45 412//45 417//45
f 422//46 417//46 416//46
f 2385//50 2419//50 2420//50
f 2384//50 2420//50 2421//50
f 2422//50 2379//50 2380//50
f 2423//50 2378//50 2379//50
f 2424//50 2376//50 2375//50
f 2421//50 2383//50 2384//50
f 2425//50 2382//50 2383//50
f 2426//50 2381//50 2382//50
f 2427//50 2380//50 2381//50
f 2379//50 2422//50 2423//50
f 2428//50 2377//50 2378//50
f 2429//50 2375//50 2377//50
f 2424//50 2430//50 2376//50
f 2431//50 2432//50 2416//50
f 2432//50 2433//50 2415//50
f 2434//50 2435//50 2412//50
f 2435//50 2436//50 2411//50
f 2383//50 2421//50 2425//50
f 2381//50 2426//50 2427//50
f 2378//50 2423//50 2428//50
f 2375//50 2429//50 2424//50
f 2430//50 2437//50 2418//50
f 2437//50 2431//50 2417//50
f 2415//50 2416//50 2432//50
f 2433//50 2438//50 2414//50
f 2438//50 2434//50 2413//50
f 2411//50 2412//50 2435//50
f 2406//50 2439//50 2440//50
f 2441//50 2404//50 2405//50
f 2386//50 2442//50 2419//50
f 2382//50 2425//50 2426//50
f 2377//50 2428//50 2429//50
f 2417//50 2418//50 2437//50
f 2414//50 2415//50 2433//50
f 2412//50 2413//50 2434//50
f 2405//50 2440//50 2441//50
f 2443//50 2403//50 2404//50
f 2444//50 2402//50 2403//50
f 2445//50 2401//50 2402//50
f 2420//50 2384//50 2385//50
f 2418//50 2376//50 2430//50
f 2413//50 2414//50 2438//50
f 2410//50 2411//50 2436//50
f 2404//50 2441//50 2443//50
f 2402//50 2444//50 2445//50
f 2380//50 2427//50 2422//50
f 2436//50 2446//50 2410//50
f 2409//50 2410//50 2446//50
f 2408//50 2409//50 2447//50
f 2403//50 2443//50 2444//50
f 2448//50 2400//50 2401//50
f 2416//50 2417//50 2431//50
f 2447//50 2449//50 2408//50
f 2408//50 2449//50 2450//50
f 2407//50 2450//50 2439//50
f 2401//50 2445//50 2448//50
f 2451//50 2399//50 2400//50
f 2452//50 2398//50 2399//50
f 2453//50 2397//50 2398//50
f 2446//50 2447//50 2409//50
f 2439//50 2406//50 2407//50
f 2400//50 2448//50 2451//50
f 2398//50 2452//50 2453//50
f 2454//50 2455//50 2396//50
f 2450//50 2407//50 2408//50
f 2399//50 2451//50 2452//50
f 2396//50 2397//50 2454//50
f 2455//50 2456//50 2395//50
f 2456//50 2457//50 2394//50
f 2457//50 2458//50 2393//50
f 2458//50 2459//50 2392//50
f 2459//50 2460//50 2391//50
f 2440//50 2405//50 2406//50
f 2395//50 2396//50 2455//50
f 2393//50 2394//50 2457//50
f 2391//50 2392//50 2459//50
f 2397//50 2453//50 2454//50
f 2392//50 2393//50 2458//50
f 2460//50 2461//50 2390//50
f 2461//50 2462//50 2389//50
f 2387//50 2388//50 2463//50
f 2386//50 2387//50 2464//50
f 2394//50 2395//50 2456//50
f 2389//50 2390//50 2461//50
f 2388//50 2389//50 2462//50
f 2464//50 2442//50 2386//50
f 2390//50 2391//50 2460//50
f 2463//50 2464//50 2387//50
f 2462//50 2463//50 2388//50
f 2419//50 2385//50 2386//50
f 2449//52 2465//52 2466//52
f 2450//53 2466//53 2467//53
f 2439//54 2467//54 2468//54
f 2440//55 2468//55 2469//55
f 2441//56 2469//56 2470//56
f 2443//57 2470//57 2471//57
f 2444//58 2471//58 2472//58
f 2445//59 2472//59 2473//59
f 2448//60 2473//60 2474//60
f 2451//61 2474//61 2475//61
f 2452//62 2475//62 2476//62
f 2453//29 2476//29 2477//29
f 2454//63 2477//63 2478//63
f 2455//64 2478//64 2479//64
f 2456//65 2479//65 2480//65
f 2457//66 2480//66 2481//66
f 2458//67 2481//67 2482//67
f 2459//68 2482//68 2483//68
f 2460//69 2483//69 2484//69
f 2485//70 2486//70 2487//70
f 2487//71 2488//71 2485//71
f 2489//72 2488//72 2490//72
f 2490//73 2491//73 2489//73
f 2492//74 2493//74 2494//74
f 2492//75 2489//75 2495//75
f 2495//76 2493//76 2492//76
f 2461//77 2496//77 2497//77
f 2461//78 2484//78 2498//78
f 2498//78 2496//78 2461//78
f 2484//79 2492//79 2499//79
f 2499//80 2498//80 2484//80
f 2462//81 2500//81 2501//81
f 2462//82 2497//82 2500//82
f 2463//83 2501//83 2502//83
f 2502//84 2464//84 2463//84
f 2442//85 2464//85 2503//85
f 2464//86 2504//86 2503//86
f 2503//87 2505//87 2442//87
f 2502//88 2504//88 2464//88
f 2501//89 2463//89 2462//89
f 2497//90 2462//90 2461//90
f 2494//91 2499//91 2492//91
f 2491//92 2495//92 2489//92
f 2487//93 2490//93 2488//93
f 2484//69 2461//69 2460//69
f 2483//68 2460//68 2459//68
f 2482//67 2459//67 2458//67
f 2481//66 2458//66 2457//66
f 2480//65 2457//65 2456//65
f 2479//64 2456//64 2455//64
f 2478//63 2455//63 2454//63
f 2477//29 2454//29 2453//29
f 2476//62 2453//62 2452//62
f 2475//61 2452//61 2451//61
f 2474//60 2451//60 2448//60
f 2473//59 2448//59 2445//59
f 2472//58 2445//58 2444//58
f 2471//57 2444//57 2443//57
f 2470//56 2443//56 2441//56
f 2469//55 2441//55 2440//55
f 2468//54 2440//54 2439//54
f 2467//53 2439//53 2450//53
f 2466//52 2450//52 2449//52
f 2506//94 2487//94 2486//94
f 2507//94 2508//94 2509//94
f 2486//94 2510//94 2506//94
f 2509//94 2511//94 2507//94
f 2506//94 2490//94 2487//94
f 2510//94 2508//94 2506//94
f 2506//94 2495//94 2491//94
f 2506//94 2494//94 2493//94
f 2491//94 2490//94 2506//94
f 2506//94 2499//94 2494//94
f 2493//94 2495//94 2506//94
f 2507//94 2506//94 2508//94
f 2512//94 2498//94 2499//94
f 2506//94 2512//94 2499//94
f 2497//95 2513//95 2505//95
f 2500//95 2504//95 2502//95
f 2505//95 2503//95 2497//95
f 2502//95 2501//95 2500//95
f 2497//95 2514//95 2513//95
f 2503//95 2504//95 2497//95
f 2497//95 2515//95 2516//95
f 2497//95 2517//95 2518//95
f 2516//95 2514//95 2497//95
f 2497//95 2519//95 2517//95
f 2518//95 2515//95 2497//95
f 2500//95 2497//95 2504//95
f 2496//95 2520//95 2519//95
f 2497//95 2496//95 2519//95
f 2425//96 2521//96 2522//96
f 2426//97 2522//97 2523//97
f 2427//98 2523//98 2524//98
f 2422//99 2524//99 2525//99
f 2423//100 2525//100 2526//100
f 2428//101 2526//101 2527//101
f 2429//102 2527//102 2528//102
f 2424//41 2528//41 2529//41
f 2430//103 2529//103 2530//103
f 2437//104 2530//104 2531//104
f 2431//105 2531//105 2532//105
f 2432//106 2532//106 2533//106
f 2433//107 2533//107 2534//107
f 2438//108 2534//108 2535//108
f 2434//109 2535//109 2536//109
f 2435//110 2536//110 2537//110
f 2436//111 2537//111 2538//111
f 2446//112 2538//112 2539//112
f 2447//113 2539//113 2465//113
f 2442//114 2505//114 2513//114
f 2513//115 2419//115 2442//115
f 2419//116 2514//116 2516//116
f 2516//117 2420//117 2419//117
f 2421//118 2518//118 2517//118
f 2420//119 2515//119 2518//119
f 2518//120 2421//120 2420//120
f 2521//121 2512//121 2506//121
f 2425//122 2520//122 2512//122
f 2512//122 2521//122 2425//122
f 2425//123 2421//123 2519//123
f 2519//124 2520//124 2425//124
f 2540//125 2507//125 2511//125
f 2540//126 2506//126 2507//126
f 2541//127 2509//127 2508//127
f 2541//128 2511//128 2509//128
f 2485//129 2542//129 2510//129
f 2542//130 2508//130 2510//130
f 2510//131 2486//131 2485//131
f 2508//132 2542//132 2541//132
f 2511//133 2541//133 2540//133
f 2506//134 2540//134 2521//134
f 2517//135 2519//135 2421//135
f 2516//136 2515//136 2420//136
f 2513//137 2514//137 2419//137
f 2465//113 2449//113 2447//113
f 2539//112 2447//112 2446//112
f 2538//111 2446//111 2436//111
f 2537//110 2436//110 2435//110
f 2536//109 2435//109 2434//109
f 2535//108 2434//108 2438//108
f 2534//107 2438//107 2433//107
f 2533//106 2433//106 2432//106
f 2532//105 2432//105 2431//105
f 2531//104 2431//104 2437//104
f 2530//103 2437//103 2430//103
f 2529//41 2430//41 2424//41
f 2528//102 2424//102 2429//102
f 2527//101 2429//101 2428//101
f 2526//100 2428//100 2423//100
f 2525//99 2423//99 2422//99
f 2524//98 2422//98 2427//98
f 2523//97 2427//97 2426//97
f 2522//96 2426//96 2425//96
f 2466//138 2465//138 2543//138
f 2465//139 2544//139 2543//139
f 2467//140 2466//140 2545//140
f 2466//141 2546//141 2545//141
f 2468//142 2467//142 2547//142
f 2467//143 2548//143 2547//143
f 2469//144 2468//144 2549//144
f 2468//145 2550//145 2549//145
f 2470//146 2469//146 2551//146
f 2469//147 2552//147 2551//147
f 2471//148 2470//148 2553//148
f 2470//149 2554//149 2553//149
f 2472//150 2471//150 2555//150
f 2471//151 2556//151 2555//151
f 2473//152 2472//152 2557//152
f 2472//153 2558//153 2557//153
f 2473//154 2559//154 2560//154
f 2560//155 2474//155 2473//155
f 2474//156 2561//156 2562//156
f 2562//157 2475//157 2474//157
f 2475//158 2563//158 2564//158
f 2564//159 2476//159 2475//159
f 2476//160 2565//160 2566//160
f 2566//161 2477//161 2476//161
f 2477//162 2567//162 2568//162
f 2568//163 2478//163 2477//163
f 2478//164 2569//164 2570//164
f 2570//165 2479//165 2478//165
f 2479//166 2571//166 2572//166
f 2572//167 2480//167 2479//167
f 2480//168 2573//168 2574//168
f 2574//169 2481//169 2480//169
f 2481//170 2575//170 2576//170
f 2576//171 2482//171 2481//171
f 2482//172 2577//172 2578//172
f 2578//173 2483//173 2482//173
f 2483//174 2579//174 2580//174
f 2580//175 2484//175 2483//175
f 2484//176 2581//176 2582//176
f 2582//177 2492//177 2484//177
f 2492//178 2583//178 2584//178
f 2584//179 2489//179 2492//179
f 2489//180 2585//180 2586//180
f 2586//181 2488//181 2489//181
f 2488//182 2587//182 2588//182
f 2588//183 2485//183 2488//183
f 2588//184 2589//184 2485//184
f 2586//185 2587//185 2488//185
f 2584//186 2585//186 2489//186
f 2582//187 2583//187 2492//187
f 2580//188 2581//188 2484//188
f 2578//189 2579//189 2483//189
f 2576//190 2577//190 2482//190
f 2574//191 2575//191 2481//191
f 2572//192 2573//192 2480//192
f 2570//193 2571//193 2479//193
f 2568//194 2569//194 2478//194
f 2566//195 2567//195 2477//195
f 2564//196 2565//196 2476//196
f 2562//197 2563//197 2475//197
f 2560//198 2561//198 2474//198
f 2557//199 2559//199 2473//199
f 2555//200 2558//200 2472//200
f 2553//201 2556//201 2471//201
f 2551//202 2554//202 2470//202
f 2549//203 2552//203 2469//203
f 2547//204 2550//204 2468//204
f 2545//205 2548//205 2467//205
f 2543//206 2546//206 2466//206
f 2485//207 2589//207 2590//207
f 2590//208 2542//208 2485//208
f 2541//209 2542//209 2591//209
f 2542//210 2592//210 2591//210
f 2540//211 2541//211 2593//211
f 2541//212 2594//212 2593//212
f 2521//213 2540//213 2595//213
f 2540//214 2596//214 2595//214
f 2522//215 2521//215 2597//215
f 2521//216 2598//216 2597//216
f 2523//217 2522//217 2599//217
f 2522//218 2600//218 2599//218
f 2524//219 2523//219 2601//219
f 2523//220 2602//220 2601//220
f 2525//221 2524//221 2603//221
f 2524//222 2604//222 2603//222
f 2526//223 2525//223 2605//223
f 2525//224 2606//224 2605//224
f 2527//225 2526//225 2607//225
f 2526//226 2608//226 2607//226
f 2528//227 2527//227 2609//227
f 2527//228 2610//228 2609//228
f 2529//229 2528//229 2611//229
f 2528//230 2612//230 2611//230
f 2530//231 2529//231 2613//231
f 2529//232 2614//232 2613//232
f 2531//233 2530//233 2615//233
f 2530//234 2616//234 2615//234
f 2532//235 2531//235 2617//235
f 2531//236 2618//236 2617//236
f 2533//237 2532//237 2619//237
f 2532//238 2620//238 2619//238
f 2534//239 2533//239 2621//239
f 2533//240 2622//240 2621//240
f 2535//241 2534//241 2623//241
f 2534//242 2624//242 2623//242
f 2536//243 2535//243 2625//243
f 2535//244 2626//244 2625//244
f 2537//245 2536//245 2627//245
f 2536//246 2628//246 2627//246
f 2538//247 2537//247 2629//247
f 2537//248 2630//248 2629//248
f 2539//249 2538//249 2631//249
f 2538//250 2632//250 2631//250
f 2465//251 2539//251 2633//251
f 2539//252 2634//252 2633//252
f 2633//253 2544//253 2465//253
f 2631//254 2634//254 2539//254
f 2629//255 2632//255 2538//255
f 2627//256 2630//256 2537//256
f 2625//257 2628//257 2536//257
f 2623//258 2626//258 2535//258
f 2621//259 2624//259 2534//259
f 2619//260 2622//260 2533//260
f 2617//261 2620//261 2532//261
f 2615//262 2618//262 2531//262
f 2613//263 2616//263 2530//263
f 2611//264 2614//264 2529//264
f 2609//265 2612//265 2528//265
f 2607//266 2610//266 2527//266
f 2605//267 2608//267 2526//267
f 2603//268 2606//268 2525//268
f 2601//269 2604//269 2524//269
f 2599//270 2602//270 2523//270
f 2597//271 2600//271 2522//271
f 2595//272 2598//272 2521//272
f 2593//273 2596//273 2540//273
f 2591//274 2594//274 2541//274
f 2590//275 2592//275 2542//275
f 2635//276 2636//276 2637//276
f 2636//277 2638//277 2639//277
f 2638//278 2640//278 2641//278
f 2640//279 2642//279 2643//279
f 2642//280 2644//280 2645//280
f 2644//281 2646//281 2647//281
f 2646//282 2648//282 2649//282
f 2648//283 2650//283 2651//283
f 2650//284 2652//284 2653//284
f 2652//285 2654//285 2655//285
f 2654//286 2656//286 2657//286
f 2656//287 2658//287 2659//287
f 2658//288 2660//288 2661//288
f 2660//289 2662//289 2663//289
f 2662//290 2664//290 2665//290
f 2664//291 2666//291 2667//291
f 2666//292 2668//292 2669//292
f 2668//293 2670//293 2671//293
f 2670//294 2672//294 2673//294
f 2672//295 2674//295 2675//295
f 2674//296 2676//296 2677//296
f 2676//297 2678//297 2679//297
f 2678//298 2680//298 2681//298
f 2680//299 2682//299 2683//299
f 2682//300 2684//300 2685//300
f 2684//301 2686//301 2687//301
f 2686//302 2688//302 2689//302
f 2688//303 2690//303 2691//303
f 2690//304 2692//304 2693//304
f 2692//305 2694//305 2695//305
f 2694//306 2696//306 2697//306
f 2696//307 2698//307 2699//307
f 2698//308 2700//308 2701//308
f 2700//309 2702//309 2703//309
f 2702//310 2704//310 2705//310
f 2704//311 2706//311 2707//311
f 2706//312 2708//312 2709//312
f 2708//313 2710//313 2711//313
f 2710//314 2712//314 2713//314
f 2712//315 2714//315 2715//315
f 2714//316 2716//316 2717//316
f 2716//317 2718//317 2719//317
f 2718//318 2720//318 2721//318
f 2720//319 2722//319 2723//319
f 2722//320 2724//320 2725//320
f 2724//321 2726//321 2727//321
f 2728//322 2637//322 2729//322
f 2637//323 2639//323 2730//323
f 2639//324 2641//324 2731//324
f 2641//325 2643//325 2732//325
f 2643//326 2645//326 2733//326
f 2645//327 2647//327 2734//327
f 2647//328 2649//328 2735//328
f 2649//329 2651//329 2736//329
f 2651//330 2653//330 2737//330
f 2653//331 2655//331 2738//331
f 2655//332 2657//332 2739//332
f 2657//333 2659//333 2740//333
f 2659//334 2661//334 2741//334
f 2661//335 2663//335 2742//335
f 2663//336 2665//336 2743//336
f 2665//337 2667//337 2744//337
f 2667//338 2669//338 2745//338
f 2669//339 2671//339 2746//339
f 2671//340 2673//340 2747//340
f 2673//341 2675//341 2748//341
f 2675//342 2677//342 2749//342
f 2677//343 2679//343 2750//343
f 2679//344 2681//344 2751//344
f 2681//345 2683//345 2752//345
f 2683//346 2685//346 2753//346
f 2685//347 2687//347 2754//347
f 2687//348 2689//348 2755//348
f 2689//349 2691//349 2756//349
f 2691//350 2693//350 2757//350
f 2693//351 2695//351 2758//351
f 2695//352 2697//352 2759//352
f 2697//353 2699//353 2760//353
f 2699//354 2701//354 2761//354
f 2701//355 2703//355 2762//355
f 2703//356 2705//356 2763//356
f 2705//357 2707//357 2764//357
f 2707//358 2709//358 2765//358
f 2709//359 2711//359 2766//359
f 2711//360 2713//360 2767//360
f 2713//361 2715//361 2768//361
f 2715//362 2717//362 2769//362
f 2717//363 2719//363 2770//363
f 2719//364 2721//364 2771//364
f 2721//365 2723//365 2772//365
f 2723//366 2725//366 2773//366
f 2725//367 2727//367 2774//367
f 2775//368 2729//368 2543//368
f 2729//369 2730//369 2546//369
f 2730//370 2731//370 2545//370
f 2731//371 2732//371 2548//371
f 2732//372 2733//372 2547//372
f 2733//373 2734//373 2550//373
f 2734//374 2735//374 2549//374
f 2735//375 2736//375 2552//375
f 2736//376 2737//376 2551//376
f 2737//377 2738//377 2554//377
f 2738//378 2739//378 2553//378
f 2739//379 2740//379 2556//379
f 2740//380 2741//380 2555//380
f 2741//381 2742//381 2558//381
f 2742//382 2743//382 2557//382
f 2743//383 2744//383 2559//383
f 2744//384 2745//384 2560//384
f 2745//385 2746//385 2561//385
f 2746//386 2747//386 2562//386
f 2747//387 2748//387 2563//387
f 2748//388 2749//388 2564//388
f 2749//389 2750//389 2565//389
f 2750//390 2751//390 2566//390
f 2751//391 2752//391 2567//391
f 2752//392 2753//392 2568//392
f 2753//393 2754//393 2569//393
f 2754//394 2755//394 2570//394
f 2755//395 2756//395 2571//395
f 2756//396 2757//396 2572//396
f 2757//397 2758//397 2573//397
f 2758//398 2759//398 2574//398
f 2759//399 2760//399 2575//399
f 2760//400 2761//400 2576//400
f 2761//401 2762//401 2577//401
f 2762//402 2763//402 2578//402
f 2763//403 2764//403 2579//403
f 2764//404 2765//404 2580//404
f 2765//405 2766//405 2581//405
f 2766//406 2767//406 2582//406
f 2767//407 2768//407 2583//407
f 2768//408 2769//408 2584//408
f 2769//409 2770//409 2585//409
f 2770//410 2771//410 2586//410
f 2771//411 2772//411 2587//411
f 2772//412 2773//412 2588//412
f 2773//413 2774//413 2589//413
f 2589//413 2588//413 2773//413
f 2588//414 2587//414 2772//414
f 2587//415 2586//415 2771//415
f 2586//410 2585//410 2770//410
f 2585//416 2584//416 2769//416
f 2584//408 2583//408 2768//408
f 2583//407 2582//407 2767//407
f 2582//417 2581//417 2766//417
f 2581//405 2580//405 2765//405
f 2580//404 2579//404 2764//404
f 2579//403 2578//403 2763//403
f 2578//402 2577//402 2762//402
f 2577//401 2576//401 2761//401
f 2576//400 2575//400 2760//400
f 2575//399 2574//399 2759//399
f 2574//418 2573//418 2758//418
f 2573//419 2572//419 2757//419
f 2572//396 2571//396 2756//396
f 2571//420 2570//420 2755//420
f 2570//421 2569//421 2754//421
f 2569//393 2568//393 2753//393
f 2568//422 2567//422 2752//422
f 2567//391 2566//391 2751//391
f 2566//423 2565//423 2750//423
f 2565//424 2564//424 2749//424
f 2564//388 2563//388 2748//388
f 2563//387 2562//387 2747//387
f 2562//386 2561//386 2746//386
f 2561//385 2560//385 2745//385
f 2560//425 2559//425 2744//425
f 2559//426 2557//426 2743//426
f 2557//382 2558//382 2742//382
f 2558//381 2555//381 2741//381
f 2555//427 2556//427 2740//427
f 2556//428 2553//428 2739//428
f 2553//429 2554//429 2738//429
f 2554//377 2551//377 2737//377
f 2551//376 2552//376 2736//376
f 2552//375 2549//375 2735//375
f 2549//430 2550//430 2734//430
f 2550//373 2547//373 2733//373
f 2547//431 2548//431 2732//431
f 2548//432 2545//432 2731//432
f 2545//370 2546//370 2730//370
f 2546//433 2543//433 2729//433
f 2543//434 2544//434 2775//434
f 2774//367 2773//367 2725//367
f 2773//366 2772//366 2723//366
f 2772//365 2771//365 2721//365
f 2771//435 2770//435 2719//435
f 2770//363 2769//363 2717//363
f 2769//436 2768//436 2715//436
f 2768//361 2767//361 2713//361
f 2767//437 2766//437 2711//437
f 2766//438 2765//438 2709//438
f 2765//358 2764//358 2707//358
f 2764//357 2763//357 2705//357
f 2763//356 2762//356 2703//356
f 2762//355 2761//355 2701//355
f 2761//354 2760//354 2699//354
f 2760//353 2759//353 2697//353
f 2759//352 2758//352 2695//352
f 2758//351 2757//351 2693//351
f 2757//350 2756//350 2691//350
f 2756//349 2755//349 2689//349
f 2755//348 2754//348 2687//348
f 2754//347 2753//347 2685//347
f 2753//346 2752//346 2683//346
f 2752//345 2751//345 2681//345
f 2751//344 2750//344 2679//344
f 2750//343 2749//343 2677//343
f 2749//342 2748//342 2675//342
f 2748//341 2747//341 2673//341
f 2747//340 2746//340 2671//340
f 2746//339 2745//339 2669//339
f 2745//338 2744//338 2667//338
f 2744//337 2743//337 2665//337
f 2743//439 2742//439 2663//439
f 2742//335 2741//335 2661//335
f 2741//334 2740//334 2659//334
f 2740//333 2739//333 2657//333
f 2739//332 2738//332 2655//332
f 2738//331 2737//331 2653//331
f 2737//330 2736//330 2651//330
f 2736//329 2735//329 2649//329
f 2735//328 2734//328 2647//328
f 2734//440 2733//440 2645//440
f 2733//441 2732//441 2643//441
f 2732//442 2731//442 2641//442
f 2731//324 2730//324 2639//324
f 2730//443 2729//443 2637//443
f 2729//322 2775//322 2728//322
f 2727//321 2725//321 2724//321
f 2725//320 2723//320 2722//320
f 2723//444 2721//444 2720//444
f 2721//445 2719//445 2718//445
f 2719//317 2717//317 2716//317
f 2717//316 2715//316 2714//316
f 2715//446 2713//446 2712//446
f 2713//314 2711//314 2710//314
f 2711//447 2709//447 2708//447
f 2709//448 2707//448 2706//448
f 2707//311 2705//311 2704//311
f 2705//310 2703//310 2702//310
f 2703//309 2701//309 2700//309
f 2701//449 2699//449 2698//449
f 2699//307 2697//307 2696//307
f 2697//306 2695//306 2694//306
f 2695//305 2693//305 2692//305
f 2693//304 2691//304 2690//304
f 2691//450 2689//450 2688//450
f 2689//451 2687//451 2686//451
f 2687//301 2685//301 2684//301
f 2685//300 2683//300 2682//300
f 2683//452 2681//452 2680//452
f 2681//298 2679//298 2678//298
f 2679//453 2677//453 2676//453
f 2677//296 2675//296 2674//296
f 2675//295 2673//295 2672//295
f 2673//294 2671//294 2670//294
f 2671//454 2669//454 2668//454
f 2669//455 2667//455 2666//455
f 2667//291 2665//291 2664//291
f 2665//456 2663//456 2662//456
f 2663//457 2661//457 2660//457
f 2661//288 2659//288 2658//288
f 2659//458 2657//458 2656//458
f 2657//459 2655//459 2654//459
f 2655//460 2653//460 2652//460
f 2653//461 2651//461 2650//461
f 2651//462 2649//462 2648//462
f 2649//463 2647//463 2646//463
f 2647//464 2645//464 2644//464
f 2645//280 2643//280 2642//280
f 2643//465 2641//465 2640//465
f 2641//278 2639//278 2638//278
f 2639//277 2637//277 2636//277
f 2637//466 2728//466 2635//466
f 2726//467 2776//467 2777//467
f 2776//468 2778//468 2779//468
f 2778//469 2780//469 2781//469
f 2780//470 2782//470 2783//470
f 2782//471 2784//471 2785//471
f 2784//472 2786//472 2787//472
f 2786//473 2788//473 2789//473
f 2788//474 2790//474 2791//474
f 2790//475 2792//475 2793//475
f 2792//476 2794//476 2795//476
f 2794//477 2796//477 2797//477
f 2796//478 2798//478 2799//478
f 2798//479 2800//479 2801//479
f 2800//480 2802//480 2803//480
f 2802//481 2804//481 2805//481
f 2804//482 2806//482 2807//482
f 2806//483 2808//483 2809//483
f 2808//484 2810//484 2811//484
f 2810//485 2812//485 2813//485
f 2812//486 2814//486 2815//486
f 2814//487 2816//487 2817//487
f 2816//488 2818//488 2819//488
f 2818//489 2820//489 2821//489
f 2820//490 2822//490 2823//490
f 2822//491 2824//491 2825//491
f 2824//492 2826//492 2827//492
f 2826//493 2828//493 2829//493
f 2828//494 2830//494 2831//494
f 2830//495 2832//495 2833//495
f 2832//496 2834//496 2835//496
f 2834//497 2836//497 2837//497
f 2836//498 2838//498 2839//498
f 2838//499 2840//499 2841//499
f 2840//500 2842//500 2843//500
f 2842//501 2844//501 2845//501
f 2844//502 2846//502 2847//502
f 2846//503 2848//503 2849//503
f 2848//504 2850//504 2851//504
f 2850//505 2852//505 2853//505
f 2852//506 2854//506 2855//506
f 2854//507 2856//507 2857//507
f 2856//508 2858//508 2859//508
f 2858//509 2860//509 2861//509
f 2860//510 2862//510 2863//510
f 2862//511 2864//511 2865//511
f 2864//512 2635//512 2728//512
f 2727//513 2777//513 2866//513
f 2777//514 2779//514 2867//514
f 2779//515 2781//515 2868//515
f 2781//516 2783//516 2869//516
f 2783//517 2785//517 2870//517
f 2785//518 2787//518 2871//518
f 2787//519 2789//519 2872//519
f 2789//520 2791//520 2873//520
f 2791//521 2793//521 2874//521
f 2793//522 2795//522 2875//522
f 2795//523 2797//523 2876//523
f 2797//524 2799//524 2877//524
f 2799//525 2801//525 2878//525
f 2801//526 2803//526 2879//526
f 2803//527 2805//527 2880//527
f 2805//528 2807//528 2881//528
f 2807//529 2809//529 2882//529
f 2809//530 2811//530 2883//530
f 2811//531 2813//531 2884//531
f 2813//532 2815//532 2885//532
f 2815//533 2817//533 2886//533
f 2817//534 2819//534 2887//534
f 2819//535 2821//535 2888//535
f 2821//536 2823//536 2889//536
f 2823//537 2825//537 2890//537
f 2825//538 2827//538 2891//538
f 2827//539 2829//539 2892//539
f 2829//540 2831//540 2893//540
f 2831//541 2833//541 2894//541
f 2833//542 2835//542 2895//542
f 2835//543 2837//543 2896//543
f 2837//544 2839//544 2897//544
f 2839//545 2841//545 2898//545
f 2841//546 2843//546 2899//546
f 2843//547 2845//547 2900//547
f 2845//548 2847//548 2901//548
f 2847//549 2849//549 2902//549
f 2849//550 2851//550 2903//550
f 2851//551 2853//551 2904//551
f 2853//552 2855//552 2905//552
f 2855//553 2857//553 2906//553
f 2857//554 2859//554 2907//554
f 2859//555 2861//555 2908//555
f 2861//556 2863//556 2909//556
f 2863//557 2865//557 2910//557
f 2865//558 2728//558 2775//558
f 2774//559 2866//559 2590//559
f 2866//560 2867//560 2592//560
f 2867//561 2868//561 2591//561
f 2868//562 2869//562 2594//562
f 2869//563 2870//563 2593//563
f 2870//564 2871//564 2596//564
f 2871//565 2872//565 2595//565
f 2872//566 2873//566 2598//566
f 2873//567 2874//567 2597//567
f 2874//568 2875//568 2600//568
f 2875//569 2876//569 2599//569
f 2876//570 2877//570 2602//570
f 2877//571 2878//571 2601//571
f 2878//572 2879//572 2604//572
f 2879//573 2880//573 2603//573
f 2880//574 2881//574 2606//574
f 2881//575 2882//575 2605//575
f 2882//576 2883//576 2608//576
f 2883//577 2884//577 2607//577
f 2884//578 2885//578 2610//578
f 2885//579 2886//579 2609//579
f 2886//580 2887//580 2612//580
f 2887//581 2888//581 2611//581
f 2888//582 2889//582 2614//582
f 2889//583 2890//583 2613//583
f 2890//584 2891//584 2616//584
f 2891//585 2892//585 2615//585
f 2892//586 2893//586 2618//586
f 2893//587 2894//587 2617//587
f 2894//588 2895//588 2620//588
f 2895//589 2896//589 2619//589
f 2896//590 2897//590 2622//590
f 2897//591 2898//591 2621//591
f 2898//592 2899//592 2624//592
f 2899//593 2900//593 2623//593
f 2900//594 2901//594 2626//594
f 2901//595 2902//595 2625//595
f 2902//596 2903//596 2628//596
f 2903//597 2904//597 2627//597
f 2904//598 2905//598 2630//598
f 2905//599 2906//599 2629//599
f 2906//600 2907//600 2632//600
f 2907//601 2908//601 2631//601
f 2908//602 2909//602 2634//602
f 2909//603 2910//603 2633//603
f 2910//604 2775//604 2544//604
f 2544//605 2633//605 2910//605
f 2633//606 2634//606 2909//606
f 2634//602 2631//602 2908//602
f 2631//607 2632//607 2907//607
f 2632//608 2629//608 2906//608
f 2629//599 2630//599 2905//599
f 2630//609 2627//609 2904//609
f 2627//610 2628//610 2903//610
f 2628//611 2625//611 2902//611
f 2625//595 2626//595 2901//595
f 2626//612 2623//612 2900//612
f 2623//613 2624//613 2899//613
f 2624//592 2621//592 2898//592
f 2621//614 2622//614 2897//614
f 2622//615 2619//615 2896//615
f 2619//616 2620//616 2895//616
f 2620//617 2617//617 2894//617
f 2617//587 2618//587 2893//587
f 2618//618 2615//618 2892//618
f 2615//585 2616//585 2891//585
f 2616//584 2613//584 2890//584
f 2613//619 2614//619 2889//619
f 2614//582 2611//582 2888//582
f 2611//620 2612//620 2887//620
f 2612//580 2609//580 2886//580
f 2609//579 2610//579 2885//579
f 2610//578 2607//578 2884//578
f 2607//621 2608//621 2883//621
f 2608//576 2605//576 2882//576
f 2605//622 2606//622 2881//622
f 2606//623 2603//623 2880//623
f 2603//624 2604//624 2879//624
f 2604//572 2601//572 2878//572
f 2601//571 2602//571 2877//571
f 2602//570 2599//570 2876//570
f 2599//569 2600//569 2875//569
f 2600//625 2597//625 2874//625
f 2597//567 2598//567 2873//567
f 2598//626 2595//626 2872//626
f 2595//565 2596//565 2871//565
f 2596//564 2593//564 2870//564
f 2593//627 2594//627 2869//627
f 2594//562 2591//562 2868//562
f 2591//628 2592//628 2867//628
f 2592//629 2590//629 2866//629
f 2590//559 2589//559 2774//559
f 2775//630 2910//630 2865//630
f 2910//557 2909//557 2863//557
f 2909//631 2908//631 2861//631
f 2908//555 2907//555 2859//555
f 2907//632 2906//632 2857//632
f 2906//553 2905//553 2855//553
f 2905//552 2904//552 2853//552
f 2904//551 2903//551 2851//551
f 2903//550 2902//550 2849//550
f 2902//549 2901//549 2847//549
f 2901//548 2900//548 2845//548
f 2900//547 2899//547 2843//547
f 2899//546 2898//546 2841//546
f 2898//545 2897//545 2839//545
f 2897//544 2896//544 2837//544
f 2896//543 2895//543 2835//543
f 2895//542 2894//542 2833//542
f 2894//541 2893//541 2831//541
f 2893//540 2892//540 2829//540
f 2892//539 2891//539 2827//539
f 2891//538 2890//538 2825//538
f 2890//537 2889//537 2823//537
f 2889//536 2888//536 2821//536
f 2888//535 2887//535 2819//535
f 2887//534 2886//534 2817//534
f 2886//533 2885//533 2815//533
f 2885//532 2884//532 2813//532
f 2884//531 2883//531 2811//531
f 2883//530 2882//530 2809//530
f 2882//529 2881//529 2807//529
f 2881//528 2880//528 2805//528
f 2880//527 2879//527 2803//527
f 2879//526 2878//526 2801//526
f 2878//525 2877//525 2799//525
f 2877//524 2876//524 2797//524
f 2876//523 2875//523 2795//523
f 2875//522 2874//522 2793//522
f 2874//633 2873//633 2791//633
f 2873//520 2872//520 2789//520
f 2872//519 2871//519 2787//519
f 2871//634 2870//634 2785//634
f 2870//635 2869//635 2783//635
f 2869//636 2868//636 2781//636
f 2868//515 2867//515 2779//515
f 2867//514 2866//514 2777//514
f 2866//513 2774//513 2727//513
f 2728//637 2865//637 2864//637
f 2865//638 2863//638 2862//638
f 2863//510 2861//510 2860//510
f 2861//639 2859//639 2858//639
f 2859//508 2857//508 2856//508
f 2857//640 2855//640 2854//640
f 2855//641 2853//641 2852//641
f 2853//505 2851//505 2850//505
f 2851//642 2849//642 2848//642
f 2849//643 2847//643 2846//643
f 2847//644 2845//644 2844//644
f 2845//645 2843//645 2842//645
f 2843//500 2841//500 2840//500
f 2841//646 2839//646 2838//646
f 2839//647 2837//647 2836//647
f 2837//648 2835//648 2834//648
f 2835//649 2833//649 2832//649
f 2833//650 2831//650 2830//650
f 2831//494 2829//494 2828//494
f 2829//651 2827//651 2826//651
f 2827//492 2825//492 2824//492
f 2825//491 2823//491 2822//491
f 2823//652 2821//652 2820//652
f 2821//489 2819//489 2818//489
f 2819//653 2817//653 2816//653
f 2817//487 2815//487 2814//487
f 2815//486 2813//486 2812//486
f 2813//654 2811//654 2810//654
f 2811//484 2809//484 2808//484
f 2809//483 2807//483 2806//483
f 2807//655 2805//655 2804//655
f 2805//481 2803//481 2802//481
f 2803//480 2801//480 2800//480
f 2801//656 2799//656 2798//656
f 2799//478 2797//478 2796//478
f 2797//477 2795//477 2794//477
f 2795//657 2793//657 2792//657
f 2793//658 2791//658 2790//658
f 2791//474 2789//474 2788//474
f 2789//659 2787//659 2786//659
f 2787//660 2785//660 2784//660
f 2785//471 2783//471 2782//471
f 2783//661 2781//661 2780//661
f 2781//662 2779//662 2778//662
f 2779//468 2777//468 2776//468
f 2777//663 2727//663 2726//663
f 2911//664 2912//664 2913//664
f 2912//665 2914//665 2915//665
f 2914//666 2916//666 2917//666
f 2916//667 2918//667 2919//667
f 2918//668 2920//668 2921//668
f 2920//669 2922//669 2923//669
f 2922//670 2924//670 2925//670
f 2924//671 2926//671 2927//671
f 2926//672 2928//672 2929//672
f 2928//673 2930//673 2931//673
f 2930//674 2932//674 2933//674
f 2932//675 2934//675 2935//675
f 2934//676 2936//676 2937//676
f 2936//677 2938//677 2939//677
f 2938//678 2940//678 2941//678
f 2940//679 2942//679 2943//679
f 2942//680 2944//680 2945//680
f 2944//681 2946//681 2947//681
f 2946//682 2948//682 2949//682
f 2948//683 2950//683 2951//683
f 2950//684 2952//684 2953//684
f 2952//685 2954//685 2955//685
f 2954//686 2956//686 2957//686
f 2956//687 2958//687 2959//687
f 2958//688 2960//688 2961//688
f 2960//689 2962//689 2963//689
f 2962//690 2964//690 2965//690
f 2964//691 2966//691 2967//691
f 2966//692 2968//692 2969//692
f 2968//693 2970//693 2971//693
f 2970//694 2972//694 2973//694
f 2972//695 2974//695 2975//695
f 2974//696 2976//696 2977//696
f 2976//697 2978//697 2979//697
f 2978//698 2980//698 2981//698
f 2980//699 2982//699 2983//699
f 2982//700 2984//700 2985//700
f 2984//701 2986//701 2987//701
f 2986//702 2988//702 2989//702
f 2988//703 2990//703 2991//703
f 2990//704 2992//704 2993//704
f 2992//705 2994//705 2995//705
f 2994//706 2996//706 2997//706
f 2996//707 2998//707 2999//707
f 2998//708 3000//708 3001//708
f 3000//709 3002//709 3003//709
f 3004//710 2913//710 3005//710
f 2913//711 2915//711 3006//711
f 2915//712 2917//712 3007//712
f 2917//713 2919//713 3008//713
f 2919//714 2921//714 3009//714
f 2921//715 2923//715 3010//715
f 2923//716 2925//716 3011//716
f 2925//717 2927//717 3012//717
f 2927//718 2929//718 3013//718
f 2929//719 2931//719 3014//719
f 2931//720 2933//720 3015//720
f 2933//721 2935//721 3016//721
f 2935//722 2937//722 3017//722
f 2937//723 2939//723 3018//723
f 2939//724 2941//724 3019//724
f 2941//725 2943//725 3020//725
f 2943//726 2945//726 3021//726
f 2945//727 2947//727 3022//727
f 2947//728 2949//728 3023//728
f 2949//729 2951//729 3024//729
f 2951//730 2953//730 3025//730
f 2953//731 2955//731 3026//731
f 2955//732 2957//732 3027//732
f 2957//733 2959//733 3028//733
f 2959//734 2961//734 3029//734
f 2961//735 2963//735 3030//735
f 2963//736 2965//736 3031//736
f 2965//737 2967//737 3032//737
f 2967//738 2969//738 3033//738
f 2969//739 2971//739 3034//739
f 2971//740 2973//740 3035//740
f 2973//741 2975//741 3036//741
f 2975//742 2977//742 3037//742
f 2977//743 2979//743 3038//743
f 2979//744 2981//744 3039//744
f 2981//745 2983//745 3040//745
f 2983//746 2985//746 3041//746
f 2985//747 2987//747 3042//747
f 2987//748 2989//748 3043//748
f 2989//749 2991//749 3044//749
f 2991//750 2993//750 3045//750
f 2993//751 2995//751 3046//751
f 2995//752 2997//752 3047//752
f 2997//753 2999//753 3048//753
f 2999//754 3001//754 3049//754
f 3001//755 3003//755 3050//755
f 3051//756 3005//756 2776//756
f 3005//757 3006//757 2778//757
f 3006//758 3007//758 2780//758
f 3007//759 3008//759 2782//759
f 3008//760 3009//760 2784//760
f 3009//761 3010//761 2786//761
f 3010//762 3011//762 2788//762
f 3011//763 3012//763 2790//763
f 3012//764 3013//764 2792//764
f 3013//765 3014//765 2794//765
f 3014//766 3015//766 2796//766
f 3015//767 3016//767 2798//767
f 3016//768 3017//768 2800//768
f 3017//769 3018//769 2802//769
f 3018//770 3019//770 2804//770
f 3019//771 3020//771 2806//771
f 3020//772 3021//772 2808//772
f 3021//773 3022//773 2810//773
f 3022//774 3023//774 2812//774
f 3023//775 3024//775 2814//775
f 3024//776 3025//776 2816//776
f 3025//777 3026//777 2818//777
f 3026//778 3027//778 2820//778
f 3027//779 3028//779 2822//779
f 3028//780 3029//780 2824//780
f 3029//781 3030//781 2826//781
f 3030//782 3031//782 2828//782
f 3031//783 3032//783 2830//783
f 3032//784 3033//784 2832//784
f 3033//785 3034//785 2834//785
f 3034//786 3035//786 2836//786
f 3035//787 3036//787 2838//787
f 3036//788 3037//788 2840//788
f 3037//789 3038//789 2842//789
f 3038//790 3039//790 2844//790
f 3039//791 3040//791 2846//791
f 3040//792 3041//792 2848//792
f 3041//793 3042//793 2850//793
f 3042//794 3043//794 2852//794
f 3043//795 3044//795 2854//795
f 3044//796 3045//796 2856//796
f 3045//797 3046//797 2858//797
f 3046//798 3047//798 2860//798
f 3047//799 3048//799 2862//799
f 3048//800 3049//800 2864//800
f 3049//801 3050//801 2635//801
f 2635//802 2864//802 3049//802
f 2864//800 2862//800 3048//800
f 2862//799 2860//799 3047//799
f 2860//803 2858//803 3046//803
f 2858//797 2856//797 3045//797
f 2856//804 2854//804 3044//804
f 2854//805 2852//805 3043//805
f 2852//806 2850//806 3042//806
f 2850//807 2848//807 3041//807
f 2848//808 2846//808 3040//808
f 2846//809 2844//809 3039//809
f 2844//790 2842//790 3038//790
f 2842//789 2840//789 3037//789
f 2840//810 2838//810 3036//810
f 2838//811 2836//811 3035//811
f 2836//812 2834//812 3034//812
f 2834//813 2832//813 3033//813
f 2832//814 2830//814 3032//814
f 2830//783 2828//783 3031//783
f 2828//782 2826//782 3030//782
f 2826//781 2824//781 3029//781
f 2824//815 2822//815 3028//815
f 2822//816 2820//816 3027//816
f 2820//817 2818//817 3026//817
f 2818//818 2816//818 3025//818
f 2816//776 2814//776 3024//776
f 2814//775 2812//775 3023//775
f 2812//819 2810//819 3022//819
f 2810//773 2808//773 3021//773
f 2808//820 2806//820 3020//820
f 2806//771 2804//771 3019//771
f 2804//770 2802//770 3018//770
f 2802//821 2800//821 3017//821
f 2800//768 2798//768 3016//768
f 2798//767 2796//767 3015//767
f 2796//766 2794//766 3014//766
f 2794//822 2792//822 3013//822
f 2792//823 2790//823 3012//823
f 2790//763 2788//763 3011//763
f 2788//824 2786//824 3010//824
f 2786//761 2784//761 3009//761
f 2784//760 2782//760 3008//760
f 2782//825 2780//825 3007//825
f 2780//826 2778//826 3006//826
f 2778//757 2776//757 3005//757
f 2776//827 2726//827 3051//827
f 3050//755 3049//755 3001//755
f 3049//828 3048//828 2999//828
f 3048//753 3047//753 2997//753
f 3047//829 3046//829 2995//829
f 3046//830 3045//830 2993//830
f 3045//831 3044//831 2991//831
f 3044//749 3043//749 2989//749
f 3043//832 3042//832 2987//832
f 3042//833 3041//833 2985//833
f 3041//746 3040//746 2983//746
f 3040//745 3039//745 2981//745
f 3039//744 3038//744 2979//744
f 3038//743 3037//743 2977//743
f 3037//742 3036//742 2975//742
f 3036//741 3035//741 2973//741
f 3035//834 3034//834 2971//834
f 3034//739 3033//739 2969//739
f 3033//835 3032//835 2967//835
f 3032//737 3031//737 2965//737
f 3031//736 3030//736 2963//736
f 3030//735 3029//735 2961//735
f 3029//734 3028//734 2959//734
f 3028//733 3027//733 2957//733
f 3027//732 3026//732 2955//732
f 3026//731 3025//731 2953//731
f 3025//730 3024//730 2951//730
f 3024//729 3023//729 2949//729
f 3023//728 3022//728 2947//728
f 3022//727 3021//727 2945//727
f 3021//726 3020//726 2943//726
f 3020//836 3019//836 2941//836
f 3019//724 3018//724 2939//724
f 3018//723 3017//723 2937//723
f 3017//722 3016//722 2935//722
f 3016//837 3015//837 2933//837
f 3015//720 3014//720 2931//720
f 3014//838 3013//838 2929//838
f 3013//839 3012//839 2927//839
f 3012//717 3011//717 2925//717
f 3011//716 3010//716 2923//716
f 3010//840 3009//840 2921//840
f 3009//714 3008//714 2919//714
f 3008//841 3007//841 2917//841
f 3007//712 3006//712 2915//712
f 3006//711 3005//711 2913//711
f 3005//710 3051//710 3004//710
f 3003//842 3001//842 3000//842
f 3001//843 2999//843 2998//843
f 2999//707 2997//707 2996//707
f 2997//844 2995//844 2994//844
f 2995//845 2993//845 2992//845
f 2993//704 2991//704 2990//704
f 2991//703 2989//703 2988//703
f 2989//702 2987//702 2986//702
f 2987//701 2985//701 2984//701
f 2985//700 2983//700 2982//700
f 2983//846 2981//846 2980//846
f 2981//847 2979//847 2978//847
f 2979//848 2977//848 2976//848
f 2977//696 2975//696 2974//696
f 2975//849 2973//849 2972//849
f 2973//850 2971//850 2970//850
f 2971//851 2969//851 2968//851
f 2969//692 2967//692 2966//692
f 2967//852 2965//852 2964//852
f 2965//853 2963//853 2962//853
f 2963//854 2961//854 2960//854
f 2961//855 2959//855 2958//855
f 2959//687 2957//687 2956//687
f 2957//686 2955//686 2954//686
f 2955//856 2953//856 2952//856
f 2953//857 2951//857 2950//857
f 2951//683 2949//683 2948//683
f 2949//858 2947//858 2946//858
f 2947//681 2945//681 2944//681
f 2945//859 2943//859 2942//859
f 2943//860 2941//860 2940//860
f 2941//678 2939//678 2938//678
f 2939//677 2937//677 2936//677
f 2937//676 2935//676 2934//676
f 2935//861 2933//861 2932//861
f 2933//674 2931//674 2930//674
f 2931//673 2929//673 2928//673
f 2929//672 2927//672 2926//672
f 2927//862 2925//862 2924//862
f 2925//670 2923//670 2922//670
f 2923//669 2921//669 2920//669
f 2921//863 2919//863 2918//863
f 2919//667 2917//667 2916//667
f 2917//864 2915//864 2914//864
f 2915//865 2913//865 2912//865
f 2913//664 3004//664 2911//664
f 3002//866 3052//866 3053//866
f 3052//867 3054//867 3055//867
f 3054//868 3056//868 3057//868
f 3056//869 3058//869 3059//869
f 3058//870 3060//870 3061//870
f 3060//871 3062//871 3063//871
f 3062//872 3064//872 3065//872
f 3064//873 3066//873 3067//873
f 3066//874 3068//874 3069//874
f 3068//875 3070//875 3071//875
f 3070//876 3072//876 3073//876
f 3072//877 3074//877 3075//877
f 3074//878 3076//878 3077//878
f 3076//879 3078//879 3079//879
f 3078//880 3080//880 3081//880
f 3080//881 3082//881 3083//881
f 3082//882 3084//882 3085//882
f 3084//883 3086//883 3087//883
f 3086//884 3088//884 3089//884
f 3088//885 3090//885 3091//885
f 3090//886 3092//886 3093//886
f 3092//887 3094//887 3095//887
f 3094//888 3096//888 3097//888
f 3096//889 3098//889 3099//889
f 3098//890 3100//890 3101//890
f 3100//891 3102//891 3103//891
f 3102//892 3104//892 3105//892
f 3104//893 3106//893 3107//893
f 3106//894 3108//894 3109//894
f 3108//895 3110//895 3111//895
f 3110//896 3112//896 3113//896
f 3112//897 3114//897 3115//897
f 3114//898 3116//898 3117//898
f 3116//899 3118//899 3119//899
f 3118//900 3120//900 3121//900
f 3120//901 3122//901 3123//901
f 3122//902 3124//902 3125//902
f 3124//903 3126//903 3127//903
f 3126//904 3128//904 3129//904
f 3128//905 3130//905 3131//905
f 3130//906 3132//906 3133//906
f 3132//907 3134//907 3135//907
f 3134//908 3136//908 3137//908
f 3136//909 3138//909 3139//909
f 3138//910 3140//910 3141//910
f 3140//911 2911//911 3004//911
f 3003//912 3053//912 3142//912
f 3053//913 3055//913 3143//913
f 3055//914 3057//914 3144//914
f 3057//915 3059//915 3145//915
f 3059//916 3061//916 3146//916
f 3061//917 3063//917 3147//917
f 3063//918 3065//918 3148//918
f 3065//919 3067//919 3149//919
f 3067//920 3069//920 3150//920
f 3069//921 3071//921 3151//921
f 3071//922 3073//922 3152//922
f 3073//923 3075//923 3153//923
f 3075//924 3077//924 3154//924
f 3077//925 3079//925 3155//925
f 3079//926 3081//926 3156//926
f 3081//927 3083//927 3157//927
f 3083//928 3085//928 3158//928
f 3085//929 3087//929 3159//929
f 3087//930 3089//930 3160//930
f 3089//931 3091//931 3161//931
f 3091//932 3093//932 3162//932
f 3093//933 3095//933 3163//933
f 3095//934 3097//934 3164//934
f 3097//935 3099//935 3165//935
f 3099//936 3101//936 3166//936
f 3101//937 3103//937 3167//937
f 3103//938 3105//938 3168//938
f 3105//939 3107//939 3169//939
f 3107//940 3109//940 3170//940
f 3109//941 3111//941 3171//941
f 3111//942 3113//942 3172//942
f 3113//943 3115//943 3173//943
f 3115//944 3117//944 3174//944
f 3117//945 3119//945 3175//945
f 3119//946 3121//946 3176//946
f 3121//947 3123//947 3177//947
f 3123//948 3125//948 3178//948
f 3125//949 3127//949 3179//949
f 3127//950 3129//950 3180//950
f 3129//951 3131//951 3181//951
f 3131//952 3133//952 3182//952
f 3133//953 3135//953 3183//953
f 3135//954 3137//954 3184//954
f 3137//955 3139//955 3185//955
f 3139//956 3141//956 3186//956
f 3141//957 3004//957 3051//957
f 3050//958 3142//958 2636//958
f 3142//959 3143//959 2638//959
f 3143//960 3144//960 2640//960
f 3144//961 3145//961 2642//961
f 3145//962 3146//962 2644//962
f 3146//963 3147//963 2646//963
f 3147//964 3148//964 2648//964
f 3148//965 3149//965 2650//965
f 3149//966 3150//966 2652//966
f 3150//967 3151//967 2654//967
f 3151//968 3152//968 2656//968
f 3152//969 3153//969 2658//969
f 3153//970 3154//970 2660//970
f 3154//971 3155//971 2662//971
f 3155//972 3156//972 2664//972
f 3156//973 3157//973 2666//973
f 3157//974 3158//974 2668//974
f 3158//975 3159//975 2670//975
f 3159//976 3160//976 2672//976
f 3160//977 3161//977 2674//977
f 3161//978 3162//978 2676//978
f 3162//979 3163//979 2678//979
f 3163//980 3164//980 2680//980
f 3164//981 3165//981 2682//981
f 3165//982 3166//982 2684//982
f 3166//983 3167//983 2686//983
f 3167//984 3168//984 2688//984
f 3168//985 3169//985 2690//985
f 3169//986 3170//986 2692//986
f 3170//987 3171//987 2694//987
f 3171//988 3172//988 2696//988
f 3172//989 3173//989 2698//989
f 3173//990 3174//990 2700//990
f 3174//991 3175//991 2702//991
f 3175//992 3176//992 2704//992
f 3176//993 3177//993 2706//993
f 3177//994 3178//994 2708//994
f 3178//995 3179//995 2710//995
f 3179//996 3180//996 2712//996
f 3180//997 3181//997 2714//997
f 3181//998 3182//998 2716//998
f 3182//999 3183//999 2718//999
f 3183//1000 3184//1000 2720//1000
f 3184//1001 3185//1001 2722//1001
f 3185//1002 3186//1002 2724//1002
f 3186//1003 3051//1003 2726//1003
f 2726//1003 2724//1003 3186//1003
f 2724//1002 2722//1002 3185//1002
f 2722//1004 2720//1004 3184//1004
f 2720//1005 2718//1005 3183//1005
f 2718//999 2716//999 3182//999
f 2716//1006 2714//1006 3181//1006
f 2714//1007 2712//1007 3180//1007
f 2712//996 2710//996 3179//996
f 2710//995 2708//995 3178//995
f 2708//1008 2706//1008 3177//1008
f 2706//993 2704//993 3176//993
f 2704//992 2702//992 3175//992
f 2702//1009 2700//1009 3174//1009
f 2700//990 2698//990 3173//990
f 2698//989 2696//989 3172//989
f 2696//1010 2694//1010 3171//1010
f 2694//1011 2692//1011 3170//1011
f 2692//986 2690//986 3169//986
f 2690//1012 2688//1012 3168//1012
f 2688//984 2686//984 3167//984
f 2686//983 2684//983 3166//983
f 2684//1013 2682//1013 3165//1013
f 2682//1014 2680//1014 3164//1014
f 2680//1015 2678//1015 3163//1015
f 2678//1016 2676//1016 3162//1016
f 2676//978 2674//978 3161//978
f 2674//977 2672//977 3160//977
f 2672//976 2670//976 3159//976
f 2670//1017 2668//1017 3158//1017
f 2668//1018 2666//1018 3157//1018
f 2666//1019 2664//1019 3156//1019
f 2664//1020 2662//1020 3155//1020
f 2662//1021 2660//1021 3154//1021
f 2660//970 2658//970 3153//970
f 2658//1022 2656//1022 3152//1022
f 2656//1023 2654//1023 3151//1023
f 2654//1024 2652//1024 3150//1024
f 2652//1025 2650//1025 3149//1025
f 2650//965 2648//965 3148//965
f 2648//1026 2646//1026 3147//1026
f 2646//1027 2644//1027 3146//1027
f 2644//962 2642//962 3145//962
f 2642//961 2640//961 3144//961
f 2640//960 2638//960 3143//960
f 2638//1028 2636//1028 3142//1028
f 2636//1029 2635//1029 3050//1029
f 3051//957 3186//957 3141//957
f 3186//956 3185//956 3139//956
f 3185//955 3184//955 3137//955
f 3184//1030 3183//1030 3135//1030
f 3183//1031 3182//1031 3133//1031
f 3182//1032 3181//1032 3131//1032
f 3181//951 3180//951 3129//951
f 3180//950 3179//950 3127//950
f 3179//1033 3178//1033 3125//1033
f 3178//948 3177//948 3123//948
f 3177//947 3176//947 3121//947
f 3176//946 3175//946 3119//946
f 3175//945 3174//945 3117//945
f 3174//944 3173//944 3115//944
f 3173//943 3172//943 3113//943
f 3172//1034 3171//1034 3111//1034
f 3171//941 3170//941 3109//941
f 3170//1035 3169//1035 3107//1035
f 3169//939 3168//939 3105//939
f 3168//938 3167//938 3103//938
f 3167//937 3166//937 3101//937
f 3166//936 3165//936 3099//936
f 3165//935 3164//935 3097//935
f 3164//934 3163//934 3095//934
f 3163//933 3162//933 3093//933
f 3162//932 3161//932 3091//932
f 3161//931 3160//931 3089//931
f 3160//930 3159//930 3087//930
f 3159//1036 3158//1036 3085//1036
f 3158//928 3157//928 3083//928
f 3157//927 3156//927 3081//927
f 3156//1037 3155//1037 3079//1037
f 3155//925 3154//925 3077//925
f 3154//924 3153//924 3075//924
f 3153//923 3152//923 3073//923
f 3152//922 3151//922 3071//922
f 3151//921 3150//921 3069//921
f 3150//1038 3149//1038 3067//1038
f 3149//919 3148//919 3065//919
f 3148//918 3147//918 3063//918
f 3147//917 3146//917 3061//917
f 3146//1039 3145//1039 3059//1039
f 3145//915 3144//915 3057//915
f 3144//1040 3143//1040 3055//1040
f 3143//913 3142//913 3053//913
f 3142//1041 3050//1041 3003//1041
f 3004//911 3141//911 3140//911
f 3141//1042 3139//1042 3138//1042
f 3139//1043 3137//1043 3136//1043
f 3137//908 3135//908 3134//908
f 3135//1044 3133//1044 3132//1044
f 3133//906 3131//906 3130//906
f 3131//905 3129//905 3128//905
f 3129//1045 3127//1045 3126//1045
f 3127//903 3125//903 3124//903
f 3125//1046 3123//1046 3122//1046
f 3123//901 3121//901 3120//901
f 3121//1047 3119//1047 3118//1047
f 3119//899 3117//899 3116//899
f 3117//898 3115//898 3114//898
f 3115//1048 3113//1048 3112//1048
f 3113//1049 3111//1049 3110//1049
f 3111//895 3109//895 3108//895
f 3109//894 3107//894 3106//894
f 3107//1050 3105//1050 3104//1050
f 3105//1051 3103//1051 3102//1051
f 3103//1052 3101//1052 3100//1052
f 3101//1053 3099//1053 3098//1053
f 3099//1054 3097//1054 3096//1054
f 3097//888 3095//888 3094//888
f 3095//1055 3093//1055 3092//1055
f 3093//1056 3091//1056 3090//1056
f 3091//885 3089//885 3088//885
f 3089//1057 3087//1057 3086//1057
f 3087//1058 3085//1058 3084//1058
f 3085//1059 3083//1059 3082//1059
f 3083//1060 3081//1060 3080//1060
f 3081//1061 3079//1061 3078//1061
f 3079//879 3077//879 3076//879
f 3077//878 3075//878 3074//878
f 3075//877 3073//877 3072//877
f 3073//1062 3071//1062 3070//1062
f 3071//875 3069//875 3068//875
f 3069//1063 3067//1063 3066//1063
f 3067//1064 3065//1064 3064//1064
f 3065//1065 3063//1065 3062//1065
f 3063//871 3061//871 3060//871
f 3061//1066 3059//1066 3058//1066
f 3059//1067 3057//1067 3056//1067
f 3057//868 3055//868 3054//868
f 3055//1068 3053//1068 3052//1068
f 3053//1069 3003//1069 3002//1069
f 3187//1070 3188//1070 3140//1070
f 3188//1071 2911//1071 3140//1071
f 3189//1072 3187//1072 3136//1072
f 3187//1073 3138//1073 3136//1073
f 3190//1074 3189//1074 3132//1074
f 3189//1075 3134//1075 3132//1075
f 3191//1076 3190//1076 3128//1076
f 3190//1077 3130//1077 3128//1077
f 3192//1078 3191//1078 3124//1078
f 3191//1079 3126//1079 3124//1079
f 3193//1080 3192//1080 3120//1080
f 3192//1081 3122//1081 3120//1081
f 3194//1082 3193//1082 3116//1082
f 3193//1083 3118//1083 3116//1083
f 3195//1084 3194//1084 3112//1084
f 3194//1085 3114//1085 3112//1085
f 3195//1086 3110//1086 3108//1086
f 3108//1087 3196//1087 3195//1087
f 3196//1088 3106//1088 3104//1088
f 3104//1089 3197//1089 3196//1089
f 3197//1090 3102//1090 3100//1090
f 3100//1091 3198//1091 3197//1091
f 3198//1092 3098//1092 3096//1092
f 3096//1093 3199//1093 3198//1093
f 3199//1094 3094//1094 3092//1094
f 3092//1095 3200//1095 3199//1095
f 3200//1096 3090//1096 3088//1096
f 3088//1097 3201//1097 3200//1097
f 3201//1098 3086//1098 3084//1098
f 3084//1099 3202//1099 3201//1099
f 3202//1100 3082//1100 3080//1100
f 3080//1101 3203//1101 3202//1101
f 3203//1102 3078//1102 3076//1102
f 3076//1103 3204//1103 3203//1103
f 3204//1104 3074//1104 3072//1104
f 3072//1105 3205//1105 3204//1105
f 3205//1106 3070//1106 3068//1106
f 3068//1107 3206//1107 3205//1107
f 3206//1108 3066//1108 3064//1108
f 3064//1109 3207//1109 3206//1109
f 3207//1110 3062//1110 3060//1110
f 3060//1111 3208//1111 3207//1111
f 3208//1112 3058//1112 3056//1112
f 3056//1113 3209//1113 3208//1113
f 3209//1114 3054//1114 3052//1114
f 3052//1115 3210//1115 3209//1115
f 3052//1116 3002//1116 3210//1116
f 3056//1117 3054//1117 3209//1117
f 3060//1118 3058//1118 3208//1118
f 3064//1119 3062//1119 3207//1119
f 3068//1120 3066//1120 3206//1120
f 3072//1121 3070//1121 3205//1121
f 3076//1122 3074//1122 3204//1122
f 3080//1123 3078//1123 3203//1123
f 3084//1124 3082//1124 3202//1124
f 3088//1125 3086//1125 3201//1125
f 3092//1126 3090//1126 3200//1126
f 3096//1127 3094//1127 3199//1127
f 3100//1128 3098//1128 3198//1128
f 3104//1129 3102//1129 3197//1129
f 3108//1130 3106//1130 3196//1130
f 3112//1131 3110//1131 3195//1131
f 3116//1132 3114//1132 3194//1132
f 3120//1133 3118//1133 3193//1133
f 3124//1134 3122//1134 3192//1134
f 3128//1135 3126//1135 3191//1135
f 3132//1136 3130//1136 3190//1136
f 3136//1137 3134//1137 3189//1137
f 3140//1138 3138//1138 3187//1138
f 3210//1139 3002//1139 3000//1139
f 3000//1140 3211//1140 3210//1140
f 3212//1141 3211//1141 2996//1141
f 3211//1142 2998//1142 2996//1142
f 3213//1143 3212//1143 2992//1143
f 3212//1144 2994//1144 2992//1144
f 3214//1145 3213//1145 2988//1145
f 3213//1146 2990//1146 2988//1146
f 3215//1147 3214//1147 2984//1147
f 3214//1148 2986//1148 2984//1148
f 3216//1149 3215//1149 2980//1149
f 3215//1150 2982//1150 2980//1150
f 3217//1151 3216//1151 2976//1151
f 3216//1152 2978//1152 2976//1152
f 3218//1153 3217//1153 2972//1153
f 3217//1154 2974//1154 2972//1154
f 3219//1155 3218//1155 2968//1155
f 3218//1156 2970//1156 2968//1156
f 3220//1157 3219//1157 2964//1157
f 3219//1158 2966//1158 2964//1158
f 3221//1159 3220//1159 2960//1159
f 3220//1160 2962//1160 2960//1160
f 3222//1161 3221//1161 2956//1161
f 3221//1162 2958//1162 2956//1162
f 3223//1163 3222//1163 2952//1163
f 3222//1164 2954//1164 2952//1164
f 3224//1165 3223//1165 2948//1165
f 3223//1166 2950//1166 2948//1166
f 3225//1167 3224//1167 2944//1167
f 3224//1168 2946//1168 2944//1168
f 3226//1169 3225//1169 2940//1169
f 3225//1170 2942//1170 2940//1170
f 3227//1171 3226//1171 2936//1171
f 3226//1172 2938//1172 2936//1172
f 3228//1173 3227//1173 2932//1173
f 3227//1174 2934//1174 2932//1174
f 3229//1175 3228//1175 2928//1175
f 3228//1176 2930//1176 2928//1176
f 3230//1177 3229//1177 2924//1177
f 3229//1178 2926//1178 2924//1178
f 3231//1179 3230//1179 2920//1179
f 3230//1180 2922//1180 2920//1180
f 3232//1181 3231//1181 2916//1181
f 3231//1182 2918//1182 2916//1182
f 3188//1183 3232//1183 2912//1183
f 3232//1184 2914//1184 2912//1184
f 2912//1185 2911//1185 3188//1185
f 2916//1186 2914//1186 3232//1186
f 2920//1187 2918//1187 3231//1187
f 2924//1188 2922//1188 3230//1188
f 2928//1189 2926//1189 3229//1189
f 2932//1190 2930//1190 3228//1190
f 2936//1191 2934//1191 3227//1191
f 2940//1192 2938//1192 3226//1192
f 2944//1193 2942//1193 3225//1193
f 2948//1194 2946//1194 3224//1194
f 2952//1195 2950//1195 3223//1195
f 2956//1196 2954//1196 3222//1196
f 2960//1197 2958//1197 3221//1197
f 2964//1198 2962//1198 3220//1198
f 2968//1199 2966//1199 3219//1199
f 2972//1200 2970//1200 3218//1200
f 2976//1201 2974//1201 3217//1201
f 2980//1202 2978//1202 3216//1202
f 2984//1203 2982//1203 3215//1203
f 2988//1204 2986//1204 3214//1204
f 2992//1205 2990//1205 3213//1205
f 2996//1206 2994//1206 3212//1206
f 3000//1207 2998//1207 3211//1207
f 3210//52 3233//52 3234//52
f 3209//53 3234//53 3235//53
f 3208//54 3235//54 3236//54
f 3207//55 3236//55 3237//55
f 3206//56 3237//56 3238//56
f 3205//57 3238//57 3239//57
f 3204//58 3239//58 3240//58
f 3203//59 3240//59 3241//59
f 3202//60 3241//60 3242//60
f 3201//61 3242//61 3243//61
f 3200//62 3243//62 3244//62
f 3199//29 3244//29 3245//29
f 3198//63 3245//63 3246//63
f 3197//64 3246//64 3247//64
f 3196//65 3247//65 3248//65
f 3195//66 3248//66 3249//66
f 3194//67 3249//67 3250//67
f 3193//68 3250//68 3251//68
f 3192//69 3251//69 3252//69
f 3191//79 3252//79 3253//79
f 3190//75 3253//75 3254//75
f 3189//72 3254//72 3255//72
f 3187//1208 3255//1208 3256//1208
f 3256//1208 3188//1208 3187//1208
f 3255//72 3187//72 3189//72
f 3254//75 3189//75 3190//75
f 3253//79 3190//79 3191//79
f 3252//69 3191//69 3192//69
f 3251//68 3192//68 3193//68
f 3250//67 3193//67 3194//67
f 3249//66 3194//66 3195//66
f 3248//65 3195//65 3196//65
f 3247//64 3196//64 3197//64
f 3246//63 3197//63 3198//63
f 3245//29 3198//29 3199//29
f 3244//62 3199//62 3200//62
f 3243//61 3200//61 3201//61
f 3242//60 3201//60 3202//60
f 3241//59 3202//59 3203//59
f 3240//58 3203//58 3204//58
f 3239//57 3204//57 3205//57
f 3238//56 3205//56 3206//56
f 3237//55 3206//55 3207//55
f 3236//54 3207//54 3208//54
f 3235//53 3208//53 3209//53
f 3234//52 3209//52 3210//52
f 3188//1209 3256//1209 3257//1209
f 3232//132 3257//132 3258//132
f 3231//1210 3258//1210 3259//1210
f 3230//1211 3259//1211 3260//1211
f 3229//96 3260//96 3261//96
f 3228//97 3261//97 3262//97
f 3227//98 3262//98 3263//98
f 3226//99 3263//99 3264//99
f 3225//100 3264//100 3265//100
f 3224//101 3265//101 3266//101
f 3223//102 3266//102 3267//102
f 3222//41 3267//41 3268//41
f 3221//103 3268//103 3269//103
f 3220//104 3269//104 3270//104
f 3219//105 3270//105 3271//105
f 3218//106 3271//106 3272//106
f 3217//107 3272//107 3273//107
f 3216//108 3273//108 3274//108
f 3215//109 3274//109 3275//109
f 3214//110 3275//110 3276//110
f 3213//111 3276//111 3277//111
f 3212//112 3277//112 3278//112
f 3211//113 3278//113 3233//113
f 3233//113 3210//113 3211//113
f 3278//112 3211//112 3212//112
f 3277//111 3212//111 3213//111
f 3276//110 3213//110 3214//110
f 3275//109 3214//109 3215//109
f 3274//108 3215//108 3216//108
f 3273//107 3216//107 3217//107
f 3272//106 3217//106 3218//106
f 3271//105 3218//105 3219//105
f 3270//104 3219//104 3220//104
f 3269//103 3220//103 3221//103
f 3268//41 3221//41 3222//41
f 3267//102 3222//102 3223//102
f 3266//101 3223//101 3224//101
f 3265//100 3224//100 3225//100
f 3264//99 3225//99 3226//99
f 3263//98 3226//98 3227//98
f 3262//97 3227//97 3228//97
f 3261//96 3228//96 3229//96
f 3260//1211 3229//1211 3230//1211
f 3259//1210 3230//1210 3231//1210
f 3258//132 3231//132 3232//132
f 3257//1209 3232//1209 3188//1209
f 3233//1212 3279//1212 3280//1212
f 3234//1213 3280//1213 3281//1213
f 3235//1214 3281//1214 3282//1214
f 3236//1215 3282//1215 3283//1215
f 3237//1216 3283//1216 3284//1216
f 3238//1217 3284//1217 3285//1217
f 3240//1218 3239//1218 3286//1218
f 3239//1219 3285//1219 3286//1219
f 3240//1220 3287//1220 3288//1220
f 3241//1221 3288//1221 3289//1221
f 3242//1222 3289//1222 3290//1222
f 3243//1223 3290//1223 3291//1223
f 3244//1224 3291//1224 3292//1224
f 3245//1225 3292//1225 3293//1225
f 3246//1226 3293//1226 3294//1226
f 3247//1227 3294//1227 3295//1227
f 3248//1228 3295//1228 3296//1228
f 3249//1229 3296//1229 3297//1229
f 3297//1230 3250//1230 3249//1230
f 3250//1231 3298//1231 3299//1231
f 3251//1232 3299//1232 3300//1232
f 3252//1233 3300//1233 3301//1233
f 3253//1234 3301//1234 3302//1234
f 3254//1235 3302//1235 3303//1235
f 3255//1236 3303//1236 3304//1236
f 3304//1236 3256//1236 3255//1236
f 3303//1235 3255//1235 3254//1235
f 3302//1234 3254//1234 3253//1234
f 3301//1233 3253//1233 3252//1233
f 3300//1232 3252//1232 3251//1232
f 3299//1231 3251//1231 3250//1231
f 3297//1237 3298//1237 3250//1237
f 3296//1228 3249//1228 3248//1228
f 3295//1227 3248//1227 3247//1227
f 3294//1226 3247//1226 3246//1226
f 3293//1225 3246//1225 3245//1225
f 3292//1224 3245//1224 3244//1224
f 3291//1223 3244//1223 3243//1223
f 3290//1222 3243//1222 3242//1222
f 3289//1221 3242//1221 3241//1221
f 3288//1220 3241//1220 3240//1220
f 3286//1238 3287//1238 3240//1238
f 3285//1217 3239//1217 3238//1217
f 3284//1239 3238//1239 3237//1239
f 3283//1215 3237//1215 3236//1215
f 3282//1214 3236//1214 3235//1214
f 3281//1213 3235//1213 3234//1213
f 3280//1212 3234//1212 3233//1212
f 3256//1240 3304//1240 3305//1240
f 3257//1241 3305//1241 3306//1241
f 3258//1242 3306//1242 3307//1242
f 3259//1243 3307//1243 3308//1243
f 3260//1244 3308//1244 3309//1244
f 3261//1245 3309//1245 3310//1245
f 3263//1246 3262//1246 3311//1246
f 3262//1247 3310//1247 3311//1247
f 3263//1248 3312//1248 3313//1248
f 3264//1249 3313//1249 3314//1249
f 3265//1250 3314//1250 3315//1250
f 3266//1251 3315//1251 3316//1251
f 3267//1252 3316//1252 3317//1252
f 3268//1253 3317//1253 3318//1253
f 3269//1254 3318//1254 3319//1254
f 3270//1255 3319//1255 3320//1255
f 3271//1256 3320//1256 3321//1256
f 3272//1257 3321//1257 3322//1257
f 3322//1258 3273//1258 3272//1258
f 3273//1259 3323//1259 3324//1259
f 3274//1260 3324//1260 3325//1260
f 3275//1261 3325//1261 3326//1261
f 3276//1262 3326//1262 3327//1262
f 3277//1263 3327//1263 3328//1263
f 3278//1264 3328//1264 3279//1264
f 3279//1264 3233//1264 3278//1264
f 3328//1263 3278//1263 3277//1263
f 3327//1262 3277//1262 3276//1262
f 3326//1261 3276//1261 3275//1261
f 3325//1265 3275//1265 3274//1265
f 3324//1259 3274//1259 3273//1259
f 3322//1266 3323//1266 3273//1266
f 3321//1256 3272//1256 3271//1256
f 3320//1255 3271//1255 3270//1255
f 3319//1254 3270//1254 3269//1254
f 3318//1253 3269//1253 3268//1253
f 3317//1252 3268//1252 3267//1252
f 3316//1251 3267//1251 3266//1251
f 3315//1250 3266//1250 3265//1250
f 3314//1249 3265//1249 3264//1249
f 3313//1248 3264//1248 3263//1248
f 3311//1267 3312//1267 3263//1267
f 3310//1245 3262//1245 3261//1245
f 3309//1268 3261//1268 3260//1268
f 3308//1243 3260//1243 3259//1243
f 3307//1242 3259//1242 3258//1242
f 3306//1241 3258//1241 3257//1241
f 3305//1240 3257//1240 3256//1240
f 2496//1269 2498//1269 3329//1269
f 2512//1269 3330//1269 3331//1269
f 2512//1269 3332//1269 3333//1269
f 2512//1269 2520//1269 3334//1269
f 2496//1269 3335//1269 3336//1269
f 3329//1269 3337//1269 2496//1269
f 3333//1269 3330//1269 2512//1269
f 3334//1269 3338//1269 2512//1269
f 3336//1269 2520//1269 2496//1269
f 2496//1269 3339//1269 3340//1269
f 3337//1269 3341//1269 2496//1269
f 2512//1269 3342//1269 3332//1269
f 2520//1269 3343//1269 3334//1269
f 2520//1269 3344//1269 3345//1269
f 3336//1269 3346//1269 2520//1269
f 3341//1269 3339//1269 2496//1269
f 2498//1269 3347//1269 3348//1269
f 2498//1269 3331//1269 3349//1269
f 3338//1269 3342//1269 2512//1269
f 3346//1269 3344//1269 2520//1269
f 3348//1269 3329//1269 2498//1269
f 3349//1269 3350//1269 2498//1269
f 3345//1269 3343//1269 2520//1269
f 3350//1269 3347//1269 2498//1269
f 3340//1269 3335//1269 2496//1269
f 3331//1269 2498//1269 2512//1269
f 3331//1270 3330//1270 3351//1270
f 3330//1271 3333//1271 3352//1271
f 3333//1272 3332//1272 3353//1272
f 3332//1273 3342//1273 3354//1273
f 3342//1274 3338//1274 3355//1274
f 3338//1275 3334//1275 3356//1275
f 3334//1276 3343//1276 3357//1276
f 3343//1277 3345//1277 3358//1277
f 3345//1278 3344//1278 3359//1278
f 3344//1279 3346//1279 3360//1279
f 3346//1 3336//1 3361//1
f 3361//1 3360//1 3346//1
f 3360//1279 3359//1279 3344//1279
f 3359//1278 3358//1278 3345//1278
f 3358//1277 3357//1277 3343//1277
f 3357//1276 3356//1276 3334//1276
f 3356//1275 3355//1275 3338//1275
f 3355//1274 3354//1274 3342//1274
f 3354//1273 3353//1273 3332//1273
f 3353//1272 3352//1272 3333//1272
f 3352//1271 3351//1271 3330//1271
f 3351//1270 3362//1270 3331//1270
f 3336//23 3335//23 3363//23
f 3335//1280 3340//1280 3364//1280
f 3340//1281 3339//1281 3365//1281
f 3339//1282 3341//1282 3366//1282
f 3341//1283 3337//1283 3367//1283
f 3337//1284 3329//1284 3368//1284
f 3329//1285 3348//1285 3369//1285
f 3348//1286 3347//1286 3370//1286
f 3347//1287 3350//1287 3371//1287
f 3350//1288 3349//1288 3372//1288
f 3349//1289 3331//1289 3362//1289
f 3362//1289 3372//1289 3349//1289
f 3372//1288 3371//1288 3350//1288
f 3371//1287 3370//1287 3347//1287
f 3370//1286 3369//1286 3348//1286
f 3369//1285 3368//1285 3329//1285
f 3368//1284 3367//1284 3337//1284
f 3367//1283 3366//1283 3341//1283
f 3366//1282 3365//1282 3339//1282
f 3365//1281 3364//1281 3340//1281
f 3364//1280 3363//1280 3335//1280
f 3363//23 3361//23 3336//23
f 3360//1290 3361//1290 3373//1290
f 3359//1291 3360//1291 3374//1291
f 3358//1292 3359//1292 3375//1292
f 3357//1293 3358//1293 3376//1293
f 3356//1294 3357//1294 3377//1294
f 3355//29 3356//29 3378//29
f 3354//1295 3355//1295 3379//1295
f 3353//1296 3354//1296 3380//1296
f 3352//1297 3353//1297 3381//1297
f 3351//1298 3352//1298 3382//1298
f 3362//1299 3351//1299 3383//1299
f 3383//1299 3384//1299 3362//1299
f 3382//1298 3383//1298 3351//1298
f 3381//1300 3382//1300 3352//1300
f 3380//1301 3381//1301 3353//1301
f 3379//1302 3380//1302 3354//1302
f 3378//29 3379//29 3355//29
f 3377//1303 3378//1303 3356//1303
f 3376//1293 3377//1293 3357//1293
f 3375//1304 3376//1304 3358//1304
f 3374//1291 3375//1291 3359//1291
f 3373//1290 3374//1290 3360//1290
f 3372//1305 3362//1305 3384//1305
f 3371//1306 3372//1306 3385//1306
f 3370//1307 3371//1307 3386//1307
f 3369//1308 3370//1308 3387//1308
f 3368//1309 3369//1309 3388//1309
f 3367//41 3368//41 3389//41
f 3366//1310 3367//1310 3390//1310
f 3365//1311 3366//1311 3391//1311
f 3364//1312 3365//1312 3392//1312
f 3363//1313 3364//1313 3393//1313
f 3361//1314 3363//1314 3394//1314
f 3394//1314 3373//1314 3361//1314
f 3393//1313 3394//1313 3363//1313
f 3392//1315 3393//1315 3364//1315
f 3391//1311 3392//1311 3365//1311
f 3390//1316 3391//1316 3366//1316
f 3389//41 3390//41 3367//41
f 3388//1317 3389//1317 3368//1317
f 3387//1318 3388//1318 3369//1318
f 3386//1319 3387//1319 3370//1319
f 3385//1306 3386//1306 3371//1306
f 3384//1305 3385//1305 3372//1305
f 3408//1320 3417//1320 3418//1320
f 3400//1321 3418//1321 3419//1321
f 3398//1322 3419//1322 3420//1322
f 3399//1323 3420//1323 3421//1323
f 3401//1324 3421//1324 3422//1324
f 3397//1325 3422//1325 3423//1325
f 3395//1326 3423//1326 3424//1326
f 3396//1327 3424//1327 3425//1327
f 3405//1328 3425//1328 3426//1328
f 3406//1329 3426//1329 3427//1329
f 3404//1330 3427//1330 3428//1330
f 3428//1330 3402//1330 3404//1330
f 3427//1329 3404//1329 3406//1329
f 3426//1328 3406//1328 3405//1328
f 3425//1327 3405//1327 3396//1327
f 3424//1326 3396//1326 3395//1326
f 3423//1325 3395//1325 3397//1325
f 3422//1324 3397//1324 3401//1324
f 3421//1323 3401//1323 3399//1323
f 3420//1322 3399//1322 3398//1322
f 3419//1321 3398//1321 3400//1321
f 3418//1320 3400//1320 3408//1320
f 3402//1331 3428//1331 3429//1331
f 3403//1332 3429//1332 3430//1332
f 3415//1333 3430//1333 3431//1333
f 3416//1334 3431//1334 3432//1334
f 3412//1335 3432//1335 3433//1335
f 3410//1336 3433//1336 3434//1336
f 3411//1337 3434//1337 3435//1337
f 3414//1338 3435//1338 3436//1338
f 3413//1339 3436//1339 3437//1339
f 3409//1340 3437//1340 3438//1340
f 3407//1341 3438//1341 3417//1341
f 3417//1341 3408//1341 3407//1341
f 3438//1340 3407//1340 3409//1340
f 3437//1339 3409//1339 3413//1339
f 3436//1338 3413//1338 3414//1338
f 3435//1337 3414//1337 3411//1337
f 3434//1336 3411//1336 3410//1336
f 3433//1335 3410//1335 3412//1335
f 3432//1334 3412//1334 3416//1334
f 3431//1333 3416//1333 3415//1333
f 3430//1332 3415//1332 3403//1332
f 3429//1331 3403//1331 3402//1331
f 3439//1342 3440//1342 3420//1342
f 3440//1343 3441//1343 3421//1343
f 3442//1342 3428//1342 3427//1342
f 3443//1342 3429//1342 3428//1342
f 3444//1342 3431//1342 3430//1342
f 3445//1342 3432//1342 3431//1342
f 3446//1344 3433//1344 3432//1344
f 3447//1345 3434//1345 3433//1345
f 3421//1346 3420//1346 3440//1346
f 3448//1346 3422//1346 3421//1346
f 3449//1347 3423//1347 3422//1347
f 3450//1347 3424//1347 3423//1347
f 3451//1348 3452//1348 3427//1348
f 3428//1342 3442//1342 3443//1342
f 3453//1342 3430//1342 3429//1342
f 3431//1342 3444//1342 3445//1342
f 3433//1347 3446//1347 3447//1347
f 3454//1345 3435//1345 3434//1345
f 3455//1347 3436//1347 3435//1347
f 3456//1347 3437//1347 3436//1347
f 3421//1342 3441//1342 3448//1342
f 3423//1342 3449//1342 3450//1342
f 3457//1345 3425//1345 3424//1345
f 3457//1349 3451//1349 3426//1349
f 3427//1342 3452//1342 3442//1342
f 3430//1342 3453//1342 3444//1342
f 3434//1342 3447//1342 3454//1342
f 3436//1342 3455//1342 3456//1342
f 3458//1346 3438//1346 3437//1346
f 3459//1342 3417//1342 3438//1342
f 3422//1345 3448//1345 3449//1345
f 3426//1345 3425//1345 3457//1345
f 3429//1342 3443//1342 3453//1342
f 3435//1345 3454//1345 3455//1345
f 3438//1342 3458//1342 3459//1342
f 3459//1348 3460//1348 3418//1348
f 3424//1347 3450//1347 3457//1347
f 3432//1342 3445//1342 3446//1342
f 3418//1342 3417//1342 3459//1342
f 3460//1342 3439//1342 3419//1342
f 3427//1343 3426//1343 3451//1343
f 3419//1342 3418//1342 3460//1342
f 3437//1342 3456//1342 3458//1342
f 3420//1342 3419//1342 3439//1342
f 3470//1350 3469//1350 3483//1350
f 3469//1351 3468//1351 3484//1351
f 3468//1352 3467//1352 3485//1352
f 3467//1353 3466//1353 3486//1353
f 3464//1354 3487//1354 3488//1354
f 3463//1269 3489//1269 3487//1269
f 3461//1269 3482//1269 3490//1269
f 3482//1355 3481//1355 3491//1355
f 3471//1356 3470//1356 3492//1356
f 3484//1357 3483//1357 3469//1357
f 3486//1358 3485//1358 3467//1358
f 3466//1353 3465//1353 3488//1353
f 3487//1269 3464//1269 3463//1269
f 3462//1269 3493//1269 3489//1269
f 3461//1354 3494//1354 3493//1354
f 3491//1354 3490//1354 3482//1354
f 3478//1350 3477//1350 3495//1350
f 3477//1350 3476//1350 3496//1350
f 3473//1353 3472//1353 3497//1353
f 3472//1269 3471//1269 3498//1269
f 3483//1355 3492//1355 3470//1355
f 3488//1350 3486//1350 3466//1350
f 3489//1353 3463//1353 3462//1353
f 3490//1353 3494//1353 3461//1353
f 3481//1353 3480//1353 3499//1353
f 3480//1357 3479//1357 3500//1357
f 3479//1358 3478//1358 3501//1358
f 3496//1353 3495//1353 3477//1353
f 3474//1350 3473//1350 3502//1350
f 3498//1350 3497//1350 3472//1350
f 3485//1353 3484//1353 3468//1353
f 3493//1269 3462//1269 3461//1269
f 3500//1351 3499//1351 3480//1351
f 3495//1352 3501//1352 3478//1352
f 3476//1353 3475//1353 3503//1353
f 3475//1269 3474//1269 3504//1269
f 3497//1352 3502//1352 3473//1352
f 3488//1359 3465//1359 3464//1359
f 3501//1350 3500//1350 3479//1350
f 3504//1269 3503//1269 3475//1269
f 3492//1359 3498//1359 3471//1359
f 3503//1350 3496//1350 3476//1350
f 3499//1356 3491//1356 3481//1356
f 3502//1269 3504//1269 3474//1269
f 3494//1360 3505//1360 3506//1360
f 3506//1361 3493//1361 3494//1361
f 3493//1362 3507//1362 3508//1362
f 3508//1363 3489//1363 3493//1363
f 3489//1364 3509//1364 3510//1364
f 3510//1365 3487//1365 3489//1365
f 3488//1366 3487//1366 3511//1366
f 3487//1367 3512//1367 3511//1367
f 3486//1368 3488//1368 3513//1368
f 3488//1369 3514//1369 3513//1369
f 3485//1370 3486//1370 3515//1370
f 3485//1371 3516//1371 3517//1371
f 3517//1372 3484//1372 3485//1372
f 3484//1373 3518//1373 3519//1373
f 3519//1374 3483//1374 3484//1374
f 3492//1375 3483//1375 3520//1375
f 3483//1376 3521//1376 3520//1376
f 3498//1377 3492//1377 3522//1377
f 3492//1378 3523//1378 3522//1378
f 3497//1379 3498//1379 3524//1379
f 3498//1380 3525//1380 3524//1380
f 3524//1381 3526//1381 3497//1381
f 3522//1382 3525//1382 3498//1382
f 3520//1383 3523//1383 3492//1383
f 3519//1384 3521//1384 3483//1384
f 3517//1385 3518//1385 3484//1385
f 3515//1370 3516//1370 3485//1370
f 3513//1386 3515//1386 3486//1386
f 3511//1387 3514//1387 3488//1387
f 3510//1388 3512//1388 3487//1388
f 3508//1389 3509//1389 3489//1389
f 3506//1390 3507//1390 3493//1390
f 3497//1391 3526//1391 3527//1391
f 3527//1392 3502//1392 3497//1392
f 3502//1393 3528//1393 3529//1393
f 3529//1394 3504//1394 3502//1394
f 3504//1395 3530//1395 3531//1395
f 3531//1396 3503//1396 3504//1396
f 3496//1397 3503//1397 3532//1397
f 3503//1398 3533//1398 3532//1398
f 3495//1399 3496//1399 3534//1399
f 3496//1400 3535//1400 3534//1400
f 3501//1401 3495//1401 3536//1401
f 3501//1402 3537//1402 3538//1402
f 3538//1403 3500//1403 3501//1403
f 3500//1404 3539//1404 3540//1404
f 3540//1405 3499//1405 3500//1405
f 3491//1406 3499//1406 3541//1406
f 3499//1407 3542//1407 3541//1407
f 3490//1408 3491//1408 3543//1408
f 3491//1409 3544//1409 3543//1409
f 3494//1410 3490//1410 3545//1410
f 3490//1411 3546//1411 3545//1411
f 3545//1412 3505//1412 3494//1412
f 3543//1413 3546//1413 3490//1413
f 3541//1414 3544//1414 3491//1414
f 3540//1415 3542//1415 3499//1415
f 3538//1416 3539//1416 3500//1416
f 3536//1401 3537//1401 3501//1401
f 3534//1417 3536//1417 3495//1417
f 3532//1418 3535//1418 3496//1418
f 3531//1419 3533//1419 3503//1419
f 3529//1420 3530//1420 3504//1420
f 3527//1421 3528//1421 3502//1421
f 3547//1422 3526//1422 3524//1422
f 3548//1423 3549//1423 3525//1423
f 3549//1424 3524//1424 3525//1424
f 3550//1425 3548//1425 3523//1425
f 3548//1426 3522//1426 3523//1426
f 3550//1427 3520//1427 3521//1427
f 3521//1428 3551//1428 3550//1428
f 3551//1429 3519//1429 3518//1429
f 3518//1430 3552//1430 3551//1430
f 3552//1431 3517//1431 3516//1431
f 3553//1432 3516//1432 3515//1432
f 3554//1433 3515//1433 3513//1433
f 3555//1434 3556//1434 3514//1434
f 3556//1435 3513//1435 3514//1435
f 3557//1436 3555//1436 3512//1436
f 3555//1437 3511//1437 3512//1437
f 3557//1438 3510//1438 3509//1438
f 3509//1439 3558//1439 3557//1439
f 3558//1440 3508//1440 3507//1440
f 3507//1441 3559//1441 3558//1441
f 3559//1442 3506//1442 3505//1442
f 3560//1443 3547//1443 3549//1443
f 3561//1444 3549//1444 3548//1444
f 3562//1445 3548//1445 3550//1445
f 3563//1446 3550//1446 3551//1446
f 3564//1447 3551//1447 3552//1447
f 3565//1448 3552//1448 3553//1448
f 3566//1449 3553//1449 3554//1449
f 3567//1450 3554//1450 3556//1450
f 3568//1451 3556//1451 3555//1451
f 3569//1452 3555//1452 3557//1452
f 3570//1453 3557//1453 3558//1453
f 3571//1454 3558//1454 3559//1454
f 3572//1455 3559//1455 3573//1455
f 3574//1456 3560//1456 3561//1456
f 3575//1457 3561//1457 3562//1457
f 3576//1458 3562//1458 3563//1458
f 3577//1459 3563//1459 3564//1459
f 3578//1460 3564//1460 3565//1460
f 3579//1461 3565//1461 3566//1461
f 3580//1462 3566//1462 3567//1462
f 3581//1463 3567//1463 3568//1463
f 3582//1464 3568//1464 3569//1464
f 3583//1465 3569//1465 3570//1465
f 3584//1466 3570//1466 3571//1466
f 3585//1467 3571//1467 3572//1467
f 3586//1468 3572//1468 3587//1468
f 3588//1469 3574//1469 3575//1469
f 3589//1470 3575//1470 3576//1470
f 3590//1471 3576//1471 3577//1471
f 3591//1472 3577//1472 3578//1472
f 3592//1473 3578//1473 3579//1473
f 3593//1474 3579//1474 3580//1474
f 3594//1475 3580//1475 3581//1475
f 3595//1476 3581//1476 3582//1476
f 3596//1477 3582//1477 3583//1477
f 3597//1478 3583//1478 3584//1478
f 3598//1479 3584//1479 3585//1479
f 3599//1480 3585//1480 3586//1480
f 3600//1481 3586//1481 3601//1481
f 3602//1482 3588//1482 3589//1482
f 3590//1483 3603//1483 3604//1483
f 3604//1484 3589//1484 3590//1484
f 3591//1485 3605//1485 3606//1485
f 3606//1486 3590//1486 3591//1486
f 3591//1487 3592//1487 3607//1487
f 3592//1488 3608//1488 3607//1488
f 3592//1489 3593//1489 3609//1489
f 3593//1490 3610//1490 3609//1490
f 3593//1491 3594//1491 3611//1491
f 3594//1492 3612//1492 3611//1492
f 3612//1493 3594//1493 3595//1493
f 3596//1494 3613//1494 3614//1494
f 3614//1495 3595//1495 3596//1495
f 3597//1496 3615//1496 3616//1496
f 3616//1497 3596//1497 3597//1497
f 3598//1498 3617//1498 3618//1498
f 3618//1499 3597//1499 3598//1499
f 3598//1500 3599//1500 3619//1500
f 3599//1501 3620//1501 3619//1501
f 3599//1502 3600//1502 3621//1502
f 3600//1503 3622//1503 3621//1503
f 3622//1504 3600//1504 3623//1504
f 3623//1504 3624//1504 3622//1504
f 3621//1505 3620//1505 3599//1505
f 3619//1506 3617//1506 3598//1506
f 3618//1507 3615//1507 3597//1507
f 3616//1508 3613//1508 3596//1508
f 3614//1509 3625//1509 3595//1509
f 3595//1493 3625//1493 3612//1493
f 3611//1510 3610//1510 3593//1510
f 3609//1511 3608//1511 3592//1511
f 3607//1512 3605//1512 3591//1512
f 3606//1513 3603//1513 3590//1513
f 3604//1514 3626//1514 3589//1514
f 3589//1482 3626//1482 3602//1482
f 3601//1481 3623//1481 3600//1481
f 3586//1515 3600//1515 3599//1515
f 3585//1479 3599//1479 3598//1479
f 3584//1478 3598//1478 3597//1478
f 3583//1477 3597//1477 3596//1477
f 3582//1476 3596//1476 3595//1476
f 3581//1516 3595//1516 3594//1516
f 3580//1474 3594//1474 3593//1474
f 3579//1517 3593//1517 3592//1517
f 3578//1472 3592//1472 3591//1472
f 3577//1518 3591//1518 3590//1518
f 3576//1470 3590//1470 3589//1470
f 3575//1469 3589//1469 3588//1469
f 3587//1468 3601//1468 3586//1468
f 3572//1467 3586//1467 3585//1467
f 3571//1466 3585//1466 3584//1466
f 3570//1465 3584//1465 3583//1465
f 3569//1519 3583//1519 3582//1519
f 3568//1463 3582//1463 3581//1463
f 3567//1462 3581//1462 3580//1462
f 3566//1461 3580//1461 3579//1461
f 3565//1460 3579//1460 3578//1460
f 3564//1459 3578//1459 3577//1459
f 3563//1458 3577//1458 3576//1458
f 3562//1520 3576//1520 3575//1520
f 3561//1456 3575//1456 3574//1456
f 3573//1455 3587//1455 3572//1455
f 3559//1454 3572//1454 3571//1454
f 3558//1453 3571//1453 3570//1453
f 3557//1452 3570//1452 3569//1452
f 3555//1451 3569//1451 3568//1451
f 3556//1450 3568//1450 3567//1450
f 3554//1449 3567//1449 3566//1449
f 3553//1448 3566//1448 3565//1448
f 3552//1447 3565//1447 3564//1447
f 3551//1446 3564//1446 3563//1446
f 3550//1445 3563//1445 3562//1445
f 3548//1444 3562//1444 3561//1444
f 3549//1443 3561//1443 3560//1443
f 3505//1442 3573//1442 3559//1442
f 3507//1521 3506//1521 3559//1521
f 3509//1522 3508//1522 3558//1522
f 3512//1523 3510//1523 3557//1523
f 3514//1524 3511//1524 3555//1524
f 3513//1433 3556//1433 3554//1433
f 3515//1432 3554//1432 3553//1432
f 3516//1431 3553//1431 3552//1431
f 3518//1525 3517//1525 3552//1525
f 3521//1526 3519//1526 3551//1526
f 3523//1527 3520//1527 3550//1527
f 3525//1528 3522//1528 3548//1528
f 3524//1422 3549//1422 3547//1422
f 3573//1529 3505//1529 3545//1529
f 3627//1530 3628//1530 3546//1530
f 3628//1531 3545//1531 3546//1531
f 3629//1532 3627//1532 3544//1532
f 3627//1533 3543//1533 3544//1533
f 3629//1534 3541//1534 3542//1534
f 3542//1535 3630//1535 3629//1535
f 3630//1536 3540//1536 3539//1536
f 3539//1537 3631//1537 3630//1537
f 3631//1538 3538//1538 3537//1538
f 3632//1539 3537//1539 3536//1539
f 3633//1540 3536//1540 3534//1540
f 3634//1541 3635//1541 3535//1541
f 3635//1542 3534//1542 3535//1542
f 3636//1543 3634//1543 3533//1543
f 3634//1544 3532//1544 3533//1544
f 3636//1545 3531//1545 3530//1545
f 3530//1546 3637//1546 3636//1546
f 3637//1547 3529//1547 3528//1547
f 3528//1548 3638//1548 3637//1548
f 3638//1549 3527//1549 3526//1549
f 3587//1550 3573//1550 3628//1550
f 3639//1551 3628//1551 3627//1551
f 3640//1552 3627//1552 3629//1552
f 3641//1553 3629//1553 3630//1553
f 3642//1554 3630//1554 3631//1554
f 3643//1555 3631//1555 3632//1555
f 3644//1556 3632//1556 3633//1556
f 3645//1557 3633//1557 3635//1557
f 3646//1558 3635//1558 3634//1558
f 3647//1559 3634//1559 3636//1559
f 3648//1560 3636//1560 3637//1560
f 3649//1561 3637//1561 3638//1561
f 3650//1562 3638//1562 3547//1562
f 3601//1563 3587//1563 3639//1563
f 3651//1564 3639//1564 3640//1564
f 3652//1565 3640//1565 3641//1565
f 3653//1566 3641//1566 3642//1566
f 3654//1567 3642//1567 3643//1567
f 3655//1568 3643//1568 3644//1568
f 3656//1569 3644//1569 3645//1569
f 3657//1570 3645//1570 3646//1570
f 3658//1571 3646//1571 3647//1571
f 3659//1572 3647//1572 3648//1572
f 3660//1573 3648//1573 3649//1573
f 3661//1574 3649//1574 3650//1574
f 3662//1575 3650//1575 3560//1575
f 3623//1576 3601//1576 3651//1576
f 3663//1577 3651//1577 3652//1577
f 3664//1578 3652//1578 3653//1578
f 3665//1579 3653//1579 3654//1579
f 3666//1580 3654//1580 3655//1580
f 3667//1581 3655//1581 3656//1581
f 3668//1582 3656//1582 3657//1582
f 3669//1583 3657//1583 3658//1583
f 3670//1584 3658//1584 3659//1584
f 3671//1585 3659//1585 3660//1585
f 3672//1586 3660//1586 3661//1586
f 3673//1587 3661//1587 3662//1587
f 3674//1588 3662//1588 3574//1588
f 3624//1589 3623//1589 3663//1589
f 3664//1590 3675//1590 3676//1590
f 3676//1591 3663//1591 3664//1591
f 3665//1592 3677//1592 3678//1592
f 3678//1593 3664//1593 3665//1593
f 3665//1594 3666//1594 3679//1594
f 3666//1595 3680//1595 3679//1595
f 3666//1596 3667//1596 3681//1596
f 3667//1597 3682//1597 3681//1597
f 3667//1598 3668//1598 3683//1598
f 3668//1599 3684//1599 3683//1599
f 3684//1600 3668//1600 3669//1600
f 3670//1601 3685//1601 3686//1601
f 3686//1602 3669//1602 3670//1602
f 3671//1603 3687//1603 3688//1603
f 3688//1604 3670//1604 3671//1604
f 3672//1605 3689//1605 3690//1605
f 3690//1606 3671//1606 3672//1606
f 3672//1607 3673//1607 3691//1607
f 3673//1608 3692//1608 3691//1608
f 3673//1609 3674//1609 3693//1609
f 3674//1610 3694//1610 3693//1610
f 3694//1611 3674//1611 3588//1611
f 3588//1611 3602//1611 3694//1611
f 3693//1612 3692//1612 3673//1612
f 3691//1613 3689//1613 3672//1613
f 3690//1614 3687//1614 3671//1614
f 3688//1615 3685//1615 3670//1615
f 3686//1616 3695//1616 3669//1616
f 3669//1600 3695//1600 3684//1600
f 3683//1617 3682//1617 3667//1617
f 3681//1618 3680//1618 3666//1618
f 3679//1619 3677//1619 3665//1619
f 3678//1620 3675//1620 3664//1620
f 3676//1621 3696//1621 3663//1621
f 3663//1589 3696//1589 3624//1589
f 3574//1588 3588//1588 3674//1588
f 3662//1622 3674//1622 3673//1622
f 3661//1586 3673//1586 3672//1586
f 3660//1585 3672//1585 3671//1585
f 3659//1584 3671//1584 3670//1584
f 3658//1583 3670//1583 3669//1583
f 3657//1623 3669//1623 3668//1623
f 3656//1581 3668//1581 3667//1581
f 3655//1580 3667//1580 3666//1580
f 3654//1579 3666//1579 3665//1579
f 3653//1578 3665//1578 3664//1578
f 3652//1577 3664//1577 3663//1577
f 3651//1576 3663//1576 3623//1576
f 3560//1575 3574//1575 3662//1575
f 3650//1574 3662//1574 3661//1574
f 3649//1573 3661//1573 3660//1573
f 3648//1572 3660//1572 3659//1572
f 3647//1624 3659//1624 3658//1624
f 3646//1570 3658//1570 3657//1570
f 3645//1569 3657//1569 3656//1569
f 3644//1568 3656//1568 3655//1568
f 3643//1567 3655//1567 3654//1567
f 3642//1566 3654//1566 3653//1566
f 3641//1565 3653//1565 3652//1565
f 3640//1564 3652//1564 3651//1564
f 3639//1563 3651//1563 3601//1563
f 3547//1562 3560//1562 3650//1562
f 3638//1561 3650//1561 3649//1561
f 3637//1560 3649//1560 3648//1560
f 3636//1559 3648//1559 3647//1559
f 3634//1558 3647//1558 3646//1558
f 3635//1557 3646//1557 3645//1557
f 3633//1556 3645//1556 3644//1556
f 3632//1555 3644//1555 3643//1555
f 3631//1554 3643//1554 3642//1554
f 3630//1553 3642//1553 3641//1553
f 3629//1552 3641//1552 3640//1552
f 3627//1551 3640//1551 3639//1551
f 3628//1550 3639//1550 3587//1550
f 3526//1549 3547//1549 3638//1549
f 3528//1625 3527//1625 3638//1625
f 3530//1626 3529//1626 3637//1626
f 3533//1627 3531//1627 3636//1627
f 3535//1628 3532//1628 3634//1628
f 3534//1540 3635//1540 3633//1540
f 3536//1539 3633//1539 3632//1539
f 3537//1538 3632//1538 3631//1538
f 3539//1629 3538//1629 3631//1629
f 3542//1630 3540//1630 3630//1630
f 3544//1631 3541//1631 3629//1631
f 3546//1632 3543//1632 3627//1632
f 3545//1529 3628//1529 3573//1529
f 3697//1633 3621//1633 3622//1633
f 3697//1634 3619//1634 3620//1634
f 3697//1635 3618//1635 3617//1635
f 3697//1636 3616//1636 3615//1636
f 3697//1637 3614//1637 3613//1637
f 3697//1638 3612//1638 3625//1638
f 3697//1639 3611//1639 3612//1639
f 3697//1640 3609//1640 3610//1640
f 3697//1641 3607//1641 3608//1641
f 3697//1642 3606//1642 3605//1642
f 3697//1643 3604//1643 3603//1643
f 3697//1644 3602//1644 3626//1644
f 3626//1645 3604//1645 3697//1645
f 3603//1646 3606//1646 3697//1646
f 3605//1647 3607//1647 3697//1647
f 3608//1648 3609//1648 3697//1648
f 3610//1649 3611//1649 3697//1649
f 3625//1650 3614//1650 3697//1650
f 3613//1651 3616//1651 3697//1651
f 3615//1652 3618//1652 3697//1652
f 3617//1653 3619//1653 3697//1653
f 3620//1654 3621//1654 3697//1654
f 3622//1655 3624//1655 3697//1655
f 3697//1656 3693//1656 3694//1656
f 3697//1657 3691//1657 3692//1657
f 3697//1658 3690//1658 3689//1658
f 3697//1659 3688//1659 3687//1659
f 3697//1660 3686//1660 3685//1660
f 3697//1661 3684//1661 3695//1661
f 3697//1662 3683//1662 3684//1662
f 3697//1663 3681//1663 3682//1663
f 3697//1664 3679//1664 3680//1664
f 3697//1665 3678//1665 3677//1665
f 3697//1666 3676//1666 3675//1666
f 3697//1667 3624//1667 3696//1667
f 3696//1668 3676//1668 3697//1668
f 3675//1669 3678//1669 3697//1669
f 3677//1670 3679//1670 3697//1670
f 3680//1671 3681//1671 3697//1671
f 3682//1672 3683//1672 3697//1672
f 3695//1673 3686//1673 3697//1673
f 3685//1674 3688//1674 3697//1674
f 3687//1675 3690//1675 3697//1675
f 3689//1676 3691//1676 3697//1676
f 3692//1677 3693//1677 3697//1677
f 3694//1678 3602//1678 3697//1678
f 3698//49 3699//49 3700//49
f 3701//49 3700//49 3702//49
f 3698//49 3703//49 3699//49
f 3702//49 3704//49 3701//49
f 3698//49 3705//49 3703//49
f 3700//49 3701//49 3698//49
f 3706//49 3707//49 3708//49
f 3708//49 3709//49 3706//49
f 3707//49 3710//49 3711//49
f 3709//49 3712//49 3706//49
f 3707//49 3713//49 3710//49
f 3711//49 3708//49 3707//49
f 3714//49 3308//49 3307//49
f 3715//49 3302//49 3301//49
f 3706//49 3280//49 3279//49
f 3707//49 3279//49 3328//49
f 3706//49 3281//49 3280//49
f 3279//49 3707//49 3706//49
f 3716//49 3717//49 3283//49
f 3284//49 3283//49 3718//49
f 3283//49 3282//49 3716//49
f 3717//49 3718//49 3283//49
f 3719//49 3716//49 3282//49
f 3282//49 3281//49 3719//49
f 3281//49 3706//49 3720//49
f 3720//49 3719//49 3281//49
f 3718//49 3721//49 3284//49
f 3722//49 3286//49 3285//49
f 3285//49 3284//49 3723//49
f 3723//49 3724//49 3285//49
f 3290//49 3725//49 3726//49
f 3725//49 3289//49 3288//49
f 3727//49 3291//49 3290//49
f 3725//49 3290//49 3289//49
f 3288//49 3728//49 3725//49
f 3288//49 3287//49 3729//49
f 3286//49 3722//49 3730//49
f 3729//49 3728//49 3288//49
f 3730//49 3287//49 3286//49
f 3730//49 3729//49 3287//49
f 3731//49 3732//49 3733//49
f 3734//49 3733//49 3732//49
f 3735//49 3736//49 3737//49
f 3735//49 3734//49 3738//49
f 3732//49 3738//49 3734//49
f 3738//49 3736//49 3735//49
f 3735//49 3739//49 3727//49
f 3731//49 3740//49 3741//49
f 3737//49 3739//49 3735//49
f 3727//49 3726//49 3742//49
f 3741//49 3743//49 3731//49
f 3727//49 3742//49 3735//49
f 3706//49 3743//49 3744//49
f 3733//49 3740//49 3731//49
f 3741//49 3744//49 3743//49
f 3744//49 3745//49 3706//49
f 3746//49 3747//49 3320//49
f 3320//49 3747//49 3748//49
f 3320//49 3319//49 3746//49
f 3319//49 3318//49 3746//49
f 3322//49 3321//49 3749//49
f 3748//49 3321//49 3320//49
f 3318//49 3750//49 3751//49
f 3748//49 3749//49 3321//49
f 3751//49 3746//49 3318//49
f 3318//49 3317//49 3750//49
f 3323//49 3752//49 3753//49
f 3754//49 3752//49 3323//49
f 3323//49 3322//49 3754//49
f 3755//49 3326//49 3325//49
f 3324//49 3756//49 3757//49
f 3327//49 3758//49 3759//49
f 3758//49 3327//49 3326//49
f 3325//49 3757//49 3760//49
f 3324//49 3753//49 3756//49
f 3326//49 3755//49 3758//49
f 3757//49 3325//49 3324//49
f 3325//49 3760//49 3755//49
f 3761//49 3762//49 3763//49
f 3761//49 3764//49 3762//49
f 3765//49 3763//49 3766//49
f 3767//49 3768//49 3769//49
f 3761//49 3770//49 3750//49
f 3761//49 3771//49 3764//49
f 3769//49 3766//49 3767//49
f 3750//49 3771//49 3761//49
f 3766//49 3769//49 3765//49
f 3707//49 3772//49 3773//49
f 3763//49 3765//49 3761//49
f 3767//49 3713//49 3774//49
f 3773//49 3713//49 3707//49
f 3774//49 3768//49 3767//49
f 3707//49 3759//49 3772//49
f 3773//49 3774//49 3713//49
f 3775//49 3776//49 3777//49
f 3778//49 3777//49 3779//49
f 3780//49 3781//49 3782//49
f 3780//49 3705//49 3783//49
f 3784//49 3727//49 3739//49
f 3775//49 3739//49 3776//49
f 3782//49 3779//49 3780//49
f 3705//49 3785//49 3783//49
f 3698//49 3786//49 3785//49
f 3739//49 3775//49 3784//49
f 3779//49 3782//49 3778//49
f 3785//49 3705//49 3698//49
f 3777//49 3778//49 3775//49
f 3698//49 3787//49 3786//49
f 3783//49 3781//49 3780//49
f 3293//49 3727//49 3788//49
f 3789//49 3790//49 3295//49
f 3788//49 3789//49 3293//49
f 3295//49 3294//49 3789//49
f 3293//49 3292//49 3727//49
f 3295//49 3790//49 3791//49
f 3292//49 3291//49 3727//49
f 3294//49 3293//49 3789//49
f 3792//49 3793//49 3297//49
f 3791//49 3296//49 3295//49
f 3791//49 3792//49 3296//49
f 3298//49 3794//49 3795//49
f 3793//49 3794//49 3298//49
f 3298//49 3297//49 3793//49
f 3300//49 3796//49 3797//49
f 3797//49 3715//49 3300//49
f 3299//49 3798//49 3799//49
f 3300//49 3799//49 3796//49
f 3299//49 3795//49 3798//49
f 3715//49 3800//49 3787//49
f 3799//49 3300//49 3299//49
f 3797//49 3800//49 3715//49
f 3801//49 3311//49 3310//49
f 3310//49 3309//49 3802//49
f 3802//49 3803//49 3310//49
f 3804//49 3314//49 3313//49
f 3804//49 3315//49 3314//49
f 3313//49 3312//49 3805//49
f 3315//49 3804//49 3806//49
f 3805//49 3807//49 3313//49
f 3750//49 3316//49 3315//49
f 3312//49 3808//49 3805//49
f 3808//49 3312//49 3311//49
f 3750//49 3317//49 3316//49
f 3311//49 3801//49 3808//49
f 3313//49 3807//49 3804//49
f 3701//49 3809//49 3810//49
f 3811//49 3812//49 3813//49
f 3814//49 3813//49 3812//49
f 3810//49 3815//49 3701//49
f 3811//49 3816//49 3817//49
f 3812//49 3818//49 3814//49
f 3819//49 3814//49 3818//49
f 3820//49 3819//49 3771//49
f 3809//49 3817//49 3810//49
f 3813//49 3816//49 3811//49
f 3818//49 3821//49 3819//49
f 3750//49 3806//49 3820//49
f 3817//49 3809//49 3811//49
f 3771//49 3750//49 3820//49
f 3821//49 3771//49 3819//49
f 3308//49 3714//49 3822//49
f 3714//49 3701//49 3823//49
f 3309//49 3308//49 3824//49
f 3822//49 3825//49 3308//49
f 3823//49 3826//49 3714//49
f 3824//49 3827//49 3309//49
f 3826//49 3822//49 3714//49
f 3825//49 3824//49 3308//49
f 3698//49 3828//49 3829//49
f 3698//49 3830//49 3828//49
f 3698//49 3831//49 3832//49
f 3698//49 3701//49 3833//49
f 3829//49 3715//49 3698//49
f 3833//49 3831//49 3698//49
f 3701//49 3714//49 3834//49
f 3832//49 3830//49 3698//49
f 3701//49 3835//49 3836//49
f 3701//49 3837//49 3838//49
f 3714//49 3839//49 3834//49
f 3836//49 3833//49 3701//49
f 3834//49 3837//49 3701//49
f 3838//49 3835//49 3701//49
f 3305//49 3304//49 3840//49
f 3303//49 3841//49 3842//49
f 3843//49 3841//49 3303//49
f 3844//49 3306//49 3305//49
f 3304//49 3845//49 3840//49
f 3842//49 3304//49 3303//49
f 3302//49 3846//49 3843//49
f 3302//49 3715//49 3847//49
f 3306//49 3848//49 3839//49
f 3305//49 3849//49 3844//49
f 3842//49 3845//49 3304//49
f 3847//49 3846//49 3302//49
f 3844//49 3848//49 3306//49
f 3303//49 3302//49 3843//49
f 3840//49 3849//49 3305//49
f 3839//49 3714//49 3306//49
f 3829//49 3847//49 3715//49
f 3827//49 3802//49 3309//49
f 3815//49 3823//49 3701//49
f 3806//49 3750//49 3315//49
f 3310//49 3803//49 3801//49
f 3787//49 3698//49 3715//49
f 3795//49 3299//49 3298//49
f 3297//49 3296//49 3792//49
f 3784//49 3788//49 3727//49
f 3770//49 3751//49 3750//49
f 3759//49 3707//49 3327//49
f 3753//49 3324//49 3323//49
f 3749//49 3754//49 3322//49
f 3745//49 3720//49 3706//49
f 3726//49 3727//49 3290//49
f 3285//49 3724//49 3722//49
f 3721//49 3723//49 3284//49
f 3328//49 3327//49 3707//49
f 3301//49 3300//49 3715//49
f 3307//49 3306//49 3714//49
f 3712//49 3743//49 3706//49
f 3704//49 3809//49 3701//49
f 3833//1 3836//1 3850//1
f 3836//2 3835//2 3851//2
f 3835//3 3838//3 3852//3
f 3838//4 3837//4 3853//4
f 3837//5 3834//5 3854//5
f 3834//6 3839//6 3855//6
f 3839//7 3848//7 3856//7
f 3848//8 3844//8 3857//8
f 3844//9 3849//9 3858//9
f 3849//10 3840//10 3859//10
f 3840//11 3845//11 3860//11
f 3860//11 3859//11 3840//11
f 3859//10 3858//10 3849//10
f 3858//9 3857//9 3844//9
f 3857//8 3856//8 3848//8
f 3856//7 3855//7 3839//7
f 3855//6 3854//6 3834//6
f 3854//5 3853//5 3837//5
f 3853//4 3852//4 3838//4
f 3852//3 3851//3 3835//3
f 3851//2 3850//2 3836//2
f 3850//1 3861//1 3833//1
f 3819//1 3820//1 3862//1
f 3820//2 3806//2 3863//2
f 3806//3 3804//3 3864//3
f 3804//4 3807//4 3865//4
f 3807//5 3805//5 3866//5
f 3805//6 3808//6 3867//6
f 3808//7 3801//7 3868//7
f 3801//8 3803//8 3869//8
f 3803//9 3802//9 3870//9
f 3802//10 3827//10 3871//10
f 3827//11 3824//11 3872//11
f 3872//11 3871//11 3827//11
f 3871//10 3870//10 3802//10
f 3870//9 3869//9 3803//9
f 3869//8 3868//8 3801//8
f 3868//7 3867//7 3808//7
f 3867//6 3866//6 3805//6
f 3866//5 3865//5 3807//5
f 3865//4 3864//4 3804//4
f 3864//3 3863//3 3806//3
f 3863//2 3862//2 3820//2
f 3862//1 3873//1 3819//1
f 3775//1 3778//1 3874//1
f 3778//2 3782//2 3875//2
f 3782//3 3781//3 3876//3
f 3781//4 3783//4 3877//4
f 3783//5 3785//5 3878//5
f 3785//6 3786//6 3879//6
f 3786//7 3787//7 3880//7
f 3787//8 3800//8 3881//8
f 3800//9 3797//9 3882//9
f 3797//10 3796//10 3883//10
f 3796//11 3799//11 3884//11
f 3884//11 3883//11 3796//11
f 3883//10 3882//10 3797//10
f 3882//9 3881//9 3800//9
f 3881//8 3880//8 3787//8
f 3880//7 3879//7 3786//7
f 3879//6 3878//6 3785//6
f 3878//5 3877//5 3783//5
f 3877//4 3876//4 3781//4
f 3876//3 3875//3 3782//3
f 3875//2 3874//2 3778//2
f 3874//1 3885//1 3775//1
f 3757//1 3756//1 3886//1
f 3756//2 3753//2 3887//2
f 3753//3 3752//3 3888//3
f 3752//4 3754//4 3889//4
f 3754//5 3749//5 3890//5
f 3749//6 3748//6 3891//6
f 3748//7 3747//7 3892//7
f 3747//8 3746//8 3893//8
f 3746//9 3751//9 3894//9
f 3751//10 3770//10 3895//10
f 3770//11 3761//11 3896//11
f 3896//11 3895//11 3770//11
f 3895//10 3894//10 3751//10
f 3894//9 3893//9 3746//9
f 3893//8 3892//8 3747//8
f 3892//7 3891//7 3748//7
f 3891//6 3890//6 3749//6
f 3890//5 3889//5 3754//5
f 3889//4 3888//4 3752//4
f 3888//3 3887//3 3753//3
f 3887//2 3886//2 3756//2
f 3886//1 3897//1 3757//1
f 3718//1 3717//1 3898//1
f 3717//2 3716//2 3899//2
f 3716//3 3719//3 3900//3
f 3719//4 3720//4 3901//4
f 3720//5 3745//5 3902//5
f 3745//6 3744//6 3903//6
f 3744//7 3741//7 3904//7
f 3741//8 3740//8 3905//8
f 3740//9 3733//9 3906//9
f 3733//10 3734//10 3907//10
f 3734//11 3735//11 3908//11
f 3908//11 3907//11 3734//11
f 3907//10 3906//10 3733//10
f 3906//9 3905//9 3740//9
f 3905//8 3904//8 3741//8
f 3904//7 3903//7 3744//7
f 3903//6 3902//6 3745//6
f 3902//5 3901//5 3720//5
f 3901//4 3900//4 3719//4
f 3900//3 3899//3 3716//3
f 3899//2 3898//2 3717//2
f 3898//1 3909//1 3718//1
f 3708//1679 3711//1679 3910//1679
f 3710//1680 3911//1680 3912//1680
f 3912//1681 3711//1681 3710//1681
f 3713//1682 3913//1682 3914//1682
f 3914//1683 3710//1683 3713//1683
f 3767//1684 3915//1684 3916//1684
f 3916//1685 3713//1685 3767//1685
f 3766//1686 3917//1686 3918//1686
f 3918//1687 3767//1687 3766//1687
f 3763//1688 3919//1688 3920//1688
f 3920//1689 3766//1689 3763//1689
f 3762//1690 3921//1690 3922//1690
f 3922//1691 3763//1691 3762//1691
f 3764//1692 3923//1692 3924//1692
f 3924//1693 3762//1693 3764//1693
f 3764//1694 3771//1694 3925//1694
f 3771//1695 3926//1695 3925//1695
f 3771//1696 3821//1696 3927//1696
f 3821//1697 3928//1697 3927//1697
f 3821//1698 3818//1698 3929//1698
f 3818//1699 3930//1699 3929//1699
f 3818//1700 3812//1700 3931//1700
f 3812//1701 3932//1701 3931//1701
f 3812//1702 3811//1702 3933//1702
f 3811//1703 3934//1703 3933//1703
f 3811//1704 3809//1704 3935//1704
f 3809//1705 3936//1705 3935//1705
f 3809//1706 3704//1706 3937//1706
f 3704//1707 3938//1707 3937//1707
f 3704//1708 3702//1708 3939//1708
f 3702//1709 3940//1709 3939//1709
f 3702//1710 3700//1710 3941//1710
f 3941//1710 3940//1710 3702//1710
f 3939//1711 3938//1711 3704//1711
f 3937//1712 3936//1712 3809//1712
f 3935//1713 3934//1713 3811//1713
f 3933//1714 3932//1714 3812//1714
f 3931//1715 3930//1715 3818//1715
f 3929//1716 3928//1716 3821//1716
f 3927//1717 3926//1717 3771//1717
f 3925//1718 3923//1718 3764//1718
f 3924//1719 3921//1719 3762//1719
f 3922//1720 3919//1720 3763//1720
f 3920//1721 3917//1721 3766//1721
f 3918//1722 3915//1722 3767//1722
f 3916//1723 3913//1723 3713//1723
f 3914//1724 3911//1724 3710//1724
f 3912//1725 3910//1725 3711//1725
f 3910//1679 3942//1679 3708//1679
f 3700//1726 3699//1726 3943//1726
f 3703//1727 3944//1727 3945//1727
f 3945//1728 3699//1728 3703//1728
f 3705//1729 3946//1729 3947//1729
f 3947//1730 3703//1730 3705//1730
f 3780//1731 3948//1731 3949//1731
f 3949//1732 3705//1732 3780//1732
f 3779//1733 3950//1733 3951//1733
f 3951//1734 3780//1734 3779//1734
f 3777//1735 3952//1735 3953//1735
f 3953//1736 3779//1736 3777//1736
f 3776//1737 3954//1737 3955//1737
f 3955//1738 3777//1738 3776//1738
f 3739//1739 3956//1739 3957//1739
f 3957//1740 3776//1740 3739//1740
f 3739//1741 3737//1741 3958//1741
f 3737//1742 3959//1742 3958//1742
f 3737//1743 3736//1743 3960//1743
f 3736//1744 3961//1744 3960//1744
f 3736//1745 3738//1745 3962//1745
f 3738//1746 3963//1746 3962//1746
f 3738//1747 3732//1747 3964//1747
f 3732//1748 3965//1748 3964//1748
f 3732//1749 3731//1749 3966//1749
f 3731//1750 3967//1750 3966//1750
f 3731//1751 3743//1751 3968//1751
f 3743//1752 3969//1752 3968//1752
f 3743//1753 3712//1753 3970//1753
f 3712//1754 3971//1754 3970//1754
f 3712//1755 3709//1755 3972//1755
f 3709//1756 3973//1756 3972//1756
f 3709//1757 3708//1757 3942//1757
f 3942//1757 3973//1757 3709//1757
f 3972//1758 3971//1758 3712//1758
f 3970//1759 3969//1759 3743//1759
f 3968//1760 3967//1760 3731//1760
f 3966//1761 3965//1761 3732//1761
f 3964//1762 3963//1762 3738//1762
f 3962//1763 3961//1763 3736//1763
f 3960//1764 3959//1764 3737//1764
f 3958//1765 3956//1765 3739//1765
f 3957//1766 3954//1766 3776//1766
f 3955//1767 3952//1767 3777//1767
f 3953//1768 3950//1768 3779//1768
f 3951//1769 3948//1769 3780//1769
f 3949//1770 3946//1770 3705//1770
f 3947//1771 3944//1771 3703//1771
f 3945//1772 3943//1772 3699//1772
f 3943//1726 3941//1726 3700//1726
f 3974//1773 3942//1773 3910//1773
f 3910//1774 3975//1774 3974//1774
f 3975//1775 3912//1775 3911//1775
f 3911//1776 3976//1776 3975//1776
f 3976//1777 3914//1777 3913//1777
f 3913//1778 3977//1778 3976//1778
f 3977//1779 3916//1779 3915//1779
f 3915//1780 3978//1780 3977//1780
f 3978//1781 3918//1781 3917//1781
f 3917//1782 3979//1782 3978//1782
f 3979//1783 3920//1783 3919//1783
f 3919//1784 3980//1784 3979//1784
f 3980//1785 3922//1785 3921//1785
f 3921//1786 3981//1786 3980//1786
f 3981//1787 3924//1787 3923//1787
f 3923//1788 3982//1788 3981//1788
f 3983//1789 3982//1789 3926//1789
f 3982//1790 3925//1790 3926//1790
f 3984//1791 3983//1791 3928//1791
f 3983//1792 3927//1792 3928//1792
f 3985//1793 3984//1793 3930//1793
f 3984//1794 3929//1794 3930//1794
f 3986//1795 3985//1795 3932//1795
f 3985//1796 3931//1796 3932//1796
f 3987//1797 3986//1797 3934//1797
f 3986//1798 3933//1798 3934//1798
f 3988//1799 3987//1799 3936//1799
f 3987//1800 3935//1800 3936//1800
f 3989//1801 3988//1801 3938//1801
f 3988//1802 3937//1802 3938//1802
f 3990//1803 3989//1803 3940//1803
f 3989//1804 3939//1804 3940//1804
f 3940//1805 3941//1805 3990//1805
f 3938//1806 3939//1806 3989//1806
f 3936//1807 3937//1807 3988//1807
f 3934//1808 3935//1808 3987//1808
f 3932//1809 3933//1809 3986//1809
f 3930//1810 3931//1810 3985//1810
f 3928//1811 3929//1811 3984//1811
f 3926//1812 3927//1812 3983//1812
f 3923//1813 3925//1813 3982//1813
f 3921//1814 3924//1814 3981//1814
f 3919//1815 3922//1815 3980//1815
f 3917//1816 3920//1816 3979//1816
f 3915//1817 3918//1817 3978//1817
f 3913//1818 3916//1818 3977//1818
f 3911//1819 3914//1819 3976//1819
f 3910//1820 3912//1820 3975//1820
f 3990//1821 3941//1821 3943//1821
f 3943//1822 3991//1822 3990//1822
f 3991//1823 3945//1823 3944//1823
f 3944//1824 3992//1824 3991//1824
f 3992//1825 3947//1825 3946//1825
f 3946//1826 3993//1826 3992//1826
f 3993//1827 3949//1827 3948//1827
f 3948//1828 3994//1828 3993//1828
f 3994//1829 3951//1829 3950//1829
f 3950//1830 3995//1830 3994//1830
f 3995//1831 3953//1831 3952//1831
f 3952//1832 3996//1832 3995//1832
f 3996//1833 3955//1833 3954//1833
f 3954//1834 3997//1834 3996//1834
f 3997//1835 3957//1835 3956//1835
f 3956//1836 3998//1836 3997//1836
f 3999//1837 3998//1837 3959//1837
f 3998//1838 3958//1838 3959//1838
f 4000//1839 3999//1839 3961//1839
f 3999//1840 3960//1840 3961//1840
f 4001//1841 4000//1841 3963//1841
f 4000//1842 3962//1842 3963//1842
f 4002//1843 4001//1843 3965//1843
f 4001//1844 3964//1844 3965//1844
f 4003//1845 4002//1845 3967//1845
f 4002//1846 3966//1846 3967//1846
f 4004//1847 4003//1847 3969//1847
f 4003//1848 3968//1848 3969//1848
f 4005//1849 4004//1849 3971//1849
f 4004//1850 3970//1850 3971//1850
f 3974//1851 4005//1851 3973//1851
f 4005//1852 3972//1852 3973//1852
f 3973//1853 3942//1853 3974//1853
f 3971//1854 3972//1854 4005//1854
f 3969//1855 3970//1855 4004//1855
f 3967//1856 3968//1856 4003//1856
f 3965//1857 3966//1857 4002//1857
f 3963//1858 3964//1858 4001//1858
f 3961//1859 3962//1859 4000//1859
f 3959//1860 3960//1860 3999//1860
f 3956//1861 3958//1861 3998//1861
f 3954//1862 3957//1862 3997//1862
f 3952//1863 3955//1863 3996//1863
f 3950//1864 3953//1864 3995//1864
f 3948//1865 3951//1865 3994//1865
f 3946//1866 3949//1866 3993//1866
f 3944//1867 3947//1867 3992//1867
f 3943//1868 3945//1868 3991//1868
f 3975//49 3985//49 3986//49
f 3994//49 3999//49 4000//49
f 4003//49 3992//49 3993//49
f 3975//49 3984//49 3985//49
f 3981//49 3978//49 3979//49
f 4000//49 4001//49 3994//49
f 3999//49 3996//49 3997//49
f 3999//49 3994//49 3995//49
f 4003//49 3991//49 3992//49
f 4003//49 3989//49 3990//49
f 3975//49 3983//49 3984//49
f 3975//49 3981//49 3982//49
f 3981//49 3977//49 3978//49
f 3981//49 3975//49 3976//49
f 4001//49 4002//49 3994//49
f 3995//49 3996//49 3999//49
f 3990//49 3991//49 4003//49
f 4003//49 3987//49 3988//49
f 3982//49 3983//49 3975//49
f 3976//49 3977//49 3981//49
f 3987//49 4005//49 3974//49
f 3987//49 4003//49 4004//49
f 3997//49 3998//49 3999//49
f 3988//49 3989//49 4003//49
f 3979//49 3980//49 3981//49
f 4004//49 4005//49 3987//49
f 3993//49 3994//49 4003//49
f 3974//49 3975//49 3987//49
f 3986//49 3987//49 3975//49
f 4002//49 4003//49 3994//49
f 3735//13 3742//13 4006//13
f 3742//14 3726//14 4007//14
f 3726//15 3725//15 4008//15
f 3725//16 3728//16 4009//16
f 3728//17 3729//17 4010//17
f 3729//18 3730//18 4011//18
f 3730//19 3722//19 4012//19
f 3722//20 3724//20 4013//20
f 3724//21 3723//21 4014//21
f 3723//22 3721//22 4015//22
f 3721//23 3718//23 3909//23
f 3909//23 4015//23 3721//23
f 4015//22 4014//22 3723//22
f 4014//21 4013//21 3724//21
f 4013//20 4012//20 3722//20
f 4012//19 4011//19 3730//19
f 4011//18 4010//18 3729//18
f 4010//17 4009//17 3728//17
f 4009//16 4008//16 3725//16
f 4008//15 4007//15 3726//15
f 4007//14 4006//14 3742//14
f 4006//13 3908//13 3735//13
f 3907//24 3908//24 4016//24
f 3906//25 3907//25 4017//25
f 3905//26 3906//26 4018//26
f 3904//27 3905//27 4019//27
f 3903//28 3904//28 4020//28
f 3902//29 3903//29 4021//29
f 3901//30 3902//30 4022//30
f 3900//31 3901//31 4023//31
f 3899//32 3900//32 4024//32
f 3898//33 3899//33 4025//33
f 3909//34 3898//34 4026//34
f 4026//34 4027//34 3909//34
f 4025//33 4026//33 3898//33
f 4024//32 4025//32 3899//32
f 4023//31 4024//31 3900//31
f 4022//30 4023//30 3901//30
f 4021//29 4022//29 3902//29
f 4020//28 4021//28 3903//28
f 4019//27 4020//27 3904//27
f 4018//26 4019//26 3905//26
f 4017//25 4018//25 3906//25
f 4016//24 4017//24 3907//24
f 4014//37 4015//37 4037//37
f 4013//38 4014//38 4038//38
f 4012//39 4013//39 4039//39
f 4010//41 4011//41 4035//41
f 4009//42 4010//42 4031//42
f 4008//43 4009//43 4030//43
f 4007//44 4008//44 4029//44
f 4006//45 4007//45 4028//45
f 3908//46 4006//46 4032//46
f 4037//1869 4015//1869 4034//1869
f 3909//1870 4027//1870 4034//1870
f 4034//1871 4015//1871 3909//1871
f 4011//1872 4012//1872 4036//1872
f 4040//1873 4041//1873 4036//1873
f 4036//1873 4012//1873 4040//1873
f 4036//1874 4035//1874 4011//1874
f 4034//1869 4042//1869 4037//1869
f 4032//46 4016//46 3908//46
f 4028//45 4032//45 4006//45
f 4029//47 4028//47 4007//47
f 4030//43 4029//43 4008//43
f 4031//42 4030//42 4009//42
f 4035//41 4031//41 4010//41
f 4039//39 4040//39 4012//39
f 4038//48 4039//48 4013//48
f 4037//37 4038//37 4014//37
f 4043//49 4039//49 4038//49
f 4043//49 4041//49 4040//49
f 4038//49 4037//49 4043//49
f 4037//49 4042//49 4043//49
f 4040//49 4039//49 4043//49
f 3761//13 3765//13 4044//13
f 3765//14 3769//14 4045//14
f 3769//15 3768//15 4046//15
f 3768//16 3774//16 4047//16
f 3774//17 3773//17 4048//17
f 3773//18 3772//18 4049//18
f 3772//19 3759//19 4050//19
f 3759//20 3758//20 4051//20
f 3758//21 3755//21 4052//21
f 3755//22 3760//22 4053//22
f 3760//23 3757//23 3897//23
f 3897//23 4053//23 3760//23
f 4053//22 4052//22 3755//22
f 4052//21 4051//21 3758//21
f 4051//20 4050//20 3759//20
f 4050//19 4049//19 3772//19
f 4049//18 4048//18 3773//18
f 4048//17 4047//17 3774//17
f 4047//16 4046//16 3768//16
f 4046//15 4045//15 3769//15
f 4045//14 4044//14 3765//14
f 4044//13 3896//13 3761//13
f 4053//36 3897//36 4054//36
f 4052//37 4053//37 4055//37
f 4051//38 4052//38 4056//38
f 4050//39 4051//39 4057//39
f 4049//40 4050//40 4058//40
f 4048//41 4049//41 4059//41
f 4047//42 4048//42 4060//42
f 4046//43 4047//43 4061//43
f 4045//47 4046//47 4062//47
f 4044//45 4045//45 4063//45
f 3896//46 4044//46 4064//46
f 4064//46 4065//46 3896//46
f 4063//45 4064//45 4044//45
f 4062//47 4063//47 4045//47
f 4061//43 4062//43 4046//43
f 4060//42 4061//42 4047//42
f 4059//41 4060//41 4048//41
f 4058//40 4059//40 4049//40
f 4057//39 4058//39 4050//39
f 4056//38 4057//38 4051//38
f 4055//37 4056//37 4052//37
f 4054//36 4055//36 4053//36
f 3888//31 3889//31 4075//31
f 3887//51 3888//51 4076//51
f 3886//33 3887//33 4077//33
f 3895//24 3896//24 4065//24
f 3894//25 3895//25 4066//25
f 3893//26 3894//26 4071//26
f 3892//27 3893//27 4068//27
f 3891//28 3892//28 4067//28
f 3890//29 3891//29 4070//29
f 4075//1875 3889//1875 4073//1875
f 3890//1876 4069//1876 4073//1876
f 4073//1877 3889//1877 3890//1877
f 3897//1878 3886//1878 4074//1878
f 4078//1879 4079//1879 4074//1879
f 4074//1879 3886//1879 4078//1879
f 4074//1880 4054//1880 3897//1880
f 4073//1875 4080//1875 4075//1875
f 4070//29 4069//29 3890//29
f 4067//28 4070//28 3891//28
f 4068//27 4067//27 3892//27
f 4071//35 4068//35 3893//35
f 4066//25 4071//25 3894//25
f 4065//24 4066//24 3895//24
f 4077//33 4078//33 3886//33
f 4076//32 4077//32 3887//32
f 4075//31 4076//31 3888//31
f 4081//49 4078//49 4077//49
f 4081//49 4079//49 4078//49
f 4081//49 4076//49 4075//49
f 4075//49 4080//49 4081//49
f 4077//49 4076//49 4081//49
f 3799//13 3798//13 4082//13
f 3798//14 3795//14 4083//14
f 3795//15 3794//15 4084//15
f 3794//16 3793//16 4085//16
f 3793//17 3792//17 4086//17
f 3792//18 3791//18 4087//18
f 3791//19 3790//19 4088//19
f 3790//20 3789//20 4089//20
f 3789//21 3788//21 4090//21
f 3788//22 3784//22 4091//22
f 3784//23 3775//23 3885//23
f 3885//23 4091//23 3784//23
f 4091//22 4090//22 3788//22
f 4090//21 4089//21 3789//21
f 4089//20 4088//20 3790//20
f 4088//19 4087//19 3791//19
f 4087//18 4086//18 3792//18
f 4086//17 4085//17 3793//17
f 4085//16 4084//16 3794//16
f 4084//15 4083//15 3795//15
f 4083//14 4082//14 3798//14
f 4082//13 3884//13 3799//13
f 3883//24 3884//24 4092//24
f 3882//25 3883//25 4093//25
f 3881//26 3882//26 4094//26
f 3880//27 3881//27 4095//27
f 3879//28 3880//28 4096//28
f 3878//29 3879//29 4097//29
f 3877//30 3878//30 4098//30
f 3876//31 3877//31 4099//31
f 3875//32 3876//32 4100//32
f 3874//33 3875//33 4101//33
f 3885//34 3874//34 4102//34
f 4102//34 4103//34 3885//34
f 4101//33 4102//33 3874//33
f 4100//32 4101//32 3875//32
f 4099//31 4100//31 3876//31
f 4098//30 4099//30 3877//30
f 4097//29 4098//29 3878//29
f 4096//28 4097//28 3879//28
f 4095//27 4096//27 3880//27
f 4094//26 4095//26 3881//26
f 4093//25 4094//25 3882//25
f 4092//24 4093//24 3883//24
f 4084//43 4085//43 4113//43
f 4083//44 4084//44 4114//44
f 4082//45 4083//45 4115//45
f 4091//36 3885//36 4103//36
f 4090//37 4091//37 4105//37
f 4089//38 4090//38 4104//38
f 4088//39 4089//39 4107//39
f 4087//40 4088//40 4106//40
f 4086//41 4087//41 4109//41
f 4113//1881 4085//1881 4111//1881
f 4086//1882 4108//1882 4111//1882
f 4111//1883 4085//1883 4086//1883
f 3884//1884 4082//1884 4112//1884
f 4116//1885 4117//1885 4112//1885
f 4112//1885 4082//1885 4116//1885
f 4112//1886 4092//1886 3884//1886
f 4111//1881 4118//1881 4113//1881
f 4109//41 4108//41 4086//41
f 4106//40 4109//40 4087//40
f 4107//39 4106//39 4088//39
f 4104//48 4107//48 4089//48
f 4105//37 4104//37 4090//37
f 4103//36 4105//36 4091//36
f 4115//45 4116//45 4082//45
f 4114//47 4115//47 4083//47
f 4113//43 4114//43 4084//43
f 4119//49 4116//49 4115//49
f 4119//49 4117//49 4116//49
f 4119//49 4114//49 4113//49
f 4113//49 4118//49 4119//49
f 4115//49 4114//49 4119//49
f 3824//13 3825//13 4120//13
f 3825//14 3822//14 4121//14
f 3822//15 3826//15 4122//15
f 3826//16 3823//16 4123//16
f 3823//17 3815//17 4124//17
f 3815//18 3810//18 4125//18
f 3810//19 3817//19 4126//19
f 3817//20 3816//20 4127//20
f 3816//21 3813//21 4128//21
f 3813//22 3814//22 4129//22
f 3814//23 3819//23 3873//23
f 3873//23 4129//23 3814//23
f 4129//22 4128//22 3813//22
f 4128//21 4127//21 3816//21
f 4127//20 4126//20 3817//20
f 4126//19 4125//19 3810//19
f 4125//18 4124//18 3815//18
f 4124//17 4123//17 3823//17
f 4123//16 4122//16 3826//16
f 4122//15 4121//15 3822//15
f 4121//14 4120//14 3825//14
f 4120//13 3872//13 3824//13
f 4129//36 3873//36 4130//36
f 4128//37 4129//37 4131//37
f 4127//38 4128//38 4132//38
f 4126//39 4127//39 4133//39
f 4125//40 4126//40 4134//40
f 4124//41 4125//41 4135//41
f 4123//42 4124//42 4136//42
f 4122//43 4123//43 4137//43
f 4121//47 4122//47 4138//47
f 4120//45 4121//45 4139//45
f 3872//46 4120//46 4140//46
f 4140//46 4141//46 3872//46
f 4139//45 4140//45 4120//45
f 4138//47 4139//47 4121//47
f 4137//43 4138//43 4122//43
f 4136//42 4137//42 4123//42
f 4135//41 4136//41 4124//41
f 4134//40 4135//40 4125//40
f 4133//39 4134//39 4126//39
f 4132//38 4133//38 4127//38
f 4131//37 4132//37 4128//37
f 4130//36 4131//36 4129//36
f 3870//25 3871//25 4151//25
f 3869//26 3870//26 4152//26
f 3868//27 3869//27 4153//27
f 4151//1887 3871//1887 4148//1887
f 3872//1888 4141//1888 4148//1888
f 4148//1889 3871//1889 3872//1889
f 3867//1890 3868//1890 4150//1890
f 4154//1891 4155//1891 4150//1891
f 4150//1891 3868//1891 4154//1891
f 3866//29 3867//29 4149//29
f 3865//30 3866//30 4146//30
f 3864//31 3865//31 4145//31
f 3863//51 3864//51 4144//51
f 3862//33 3863//33 4143//33
f 3873//34 3862//34 4142//34
f 4142//34 4130//34 3873//34
f 4143//33 4142//33 3862//33
f 4144//32 4143//32 3863//32
f 4145//31 4144//31 3864//31
f 4146//30 4145//30 3865//30
f 4149//29 4146//29 3866//29
f 4150//1892 4149//1892 3867//1892
f 4148//1887 4156//1887 4151//1887
f 4153//27 4154//27 3868//27
f 4152//35 4153//35 3869//35
f 4151//25 4152//25 3870//25
f 4157//49 4153//49 4152//49
f 4157//49 4155//49 4154//49
f 4152//49 4151//49 4157//49
f 4151//49 4156//49 4157//49
f 4154//49 4153//49 4157//49
f 3845//13 3842//13 4158//13
f 3842//14 3841//14 4159//14
f 3841//15 3843//15 4160//15
f 3843//16 3846//16 4161//16
f 3846//17 3847//17 4162//17
f 3847//18 3829//18 4163//18
f 3829//19 3828//19 4164//19
f 3828//20 3830//20 4165//20
f 3830//21 3832//21 4166//21
f 3832//22 3831//22 4167//22
f 3831//23 3833//23 3861//23
f 3861//23 4167//23 3831//23
f 4167//22 4166//22 3832//22
f 4166//21 4165//21 3830//21
f 4165//20 4164//20 3828//20
f 4164//19 4163//19 3829//19
f 4163//18 4162//18 3847//18
f 4162//17 4161//17 3846//17
f 4161//16 4160//16 3843//16
f 4160//15 4159//15 3841//15
f 4159//14 4158//14 3842//14
f 4158//13 3860//13 3845//13
f 3859//24 3860//24 4168//24
f 3858//25 3859//25 4169//25
f 3857//26 3858//26 4170//26
f 3856//27 3857//27 4171//27
f 3855//28 3856//28 4172//28
f 3854//29 3855//29 4173//29
f 3853//30 3854//30 4174//30
f 3852//31 3853//31 4175//31
f 3851//32 3852//32 4176//32
f 3850//33 3851//33 4177//33
f 3861//34 3850//34 4178//34
f 4178//34 4179//34 3861//34
f 4177//33 4178//33 3850//33
f 4176//32 4177//32 3851//32
f 4175//31 4176//31 3852//31
f 4174//30 4175//30 3853//30
f 4173//29 4174//29 3854//29
f 4172//28 4173//28 3855//28
f 4171//27 4172//27 3856//27
f 4170//26 4171//26 3857//26
f 4169//25 4170//25 3858//25
f 4168//24 4169//24 3859//24
f 4167//36 3861//36 4179//36
f 4166//37 4167//37 4180//37
f 4165//38 4166//38 4181//38
f 4164//39 4165//39 4182//39
f 4163//40 4164//40 4183//40
f 4162//41 4163//41 4184//41
f 4161//42 4162//42 4185//42
f 4160//43 4161//43 4186//43
f 4159//47 4160//47 4187//47
f 4158//45 4159//45 4188//45
f 3860//46 4158//46 4189//46
f 4189//46 4168//46 3860//46
f 4188//45 4189//45 4158//45
f 4187//47 4188//47 4159//47
f 4186//43 4187//43 4160//43
f 4185//42 4186//42 4161//42
f 4184//41 4185//41 4162//41
f 4183//40 4184//40 4163//40
f 4182//39 4183//39 4164//39
f 4181//38 4182//38 4165//38
f 4180//37 4181//37 4166//37
f 4179//36 4180//36 4167//36
f 4190//1893 4169//1893 4168//1893
f 4190//1894 4170//1894 4169//1894
f 4190//1895 4171//1895 4170//1895
f 4190//1896 4172//1896 4171//1896
f 4190//1897 4173//1897 4172//1897
f 4190//1898 4174//1898 4173//1898
f 4190//1899 4175//1899 4174//1899
f 4190//1900 4176//1900 4175//1900
f 4190//1901 4177//1901 4176//1901
f 4190//1902 4178//1902 4177//1902
f 4190//1903 4179//1903 4178//1903
f 4190//1904 4180//1904 4179//1904
f 4190//1905 4181//1905 4180//1905
f 4190//1906 4182//1906 4181//1906
f 4190//1907 4183//1907 4182//1907
f 4190//1908 4184//1908 4183//1908
f 4190//1909 4185//1909 4184//1909
f 4190//1910 4186//1910 4185//1910
f 4190//1911 4187//1911 4186//1911
f 4190//1912 4188//1912 4187//1912
f 4190//1913 4189//1913 4188//1913
f 4190//1914 4168//1914 4189//1914
f 4235//1915 4214//1915 4213//1915
f 4235//1916 4215//1916 4214//1916
f 4235//1917 4216//1917 4215//1917
f 4235//1918 4217//1918 4216//1918
f 4235//1919 4218//1919 4217//1919
f 4235//1920 4219//1920 4218//1920
f 4235//1921 4220//1921 4219//1921
f 4235//1922 4221//1922 4220//1922
f 4235//1923 4222//1923 4221//1923
f 4235//1924 4223//1924 4222//1924
f 4235//1925 4224//1925 4223//1925
f 4235//1926 4225//1926 4224//1926
f 4235//1927 4226//1927 4225//1927
f 4235//1928 4227//1928 4226//1928
f 4235//1929 4228//1929 4227//1929
f 4235//1930 4229//1930 4228//1930
f 4235//1931 4230//1931 4229//1931
f 4235//1932 4231//1932 4230//1932
f 4235//1933 4232//1933 4231//1933
f 4235//1934 4233//1934 4232//1934
f 4235//1935 4234//1935 4233//1935
f 4235//1936 4213//1936 4234//1936
f 4236//1937 4237//1937 4238//1937
f 4236//1938 4239//1938 4237//1938
f 4236//1939 4240//1939 4239//1939
f 4236//1940 4241//1940 4240//1940
f 4236//1941 4242//1941 4241//1941
f 4236//1942 4243//1942 4242//1942
f 4236//1943 4244//1943 4243//1943
f 4236//1944 4245//1944 4244//1944
f 4236//1945 4246//1945 4245//1945
f 4236//1946 4247//1946 4246//1946
f 4236//1947 4248//1947 4247//1947
f 4236//1948 4258//1948 4248//1948
f 4236//1949 4249//1949 4258//1949
f 4236//1950 4256//1950 4249//1950
f 4236//1951 4257//1951 4256//1951
f 4236//1952 4254//1952 4257//1952
f 4236//1953 4255//1953 4254//1953
f 4236//1954 4250//1954 4255//1954
f 4236//1955 4252//1955 4250//1955
f 4236//1956 4253//1956 4252//1956
f 4236//1957 4251//1957 4253//1957
f 4236//1958 4238//1958 4251//1958
f 4259//1937 4260//1937 4261//1937
f 4259//1938 4262//1938 4260//1938
f 4259//1939 4263//1939 4262//1939
f 4259//1940 4264//1940 4263//1940
f 4259//1941 4265//1941 4264//1941
f 4259//1942 4266//1942 4265//1942
f 4259//1943 4267//1943 4266//1943
f 4259//1944 4268//1944 4267//1944
f 4259//1945 4269//1945 4268//1945
f 4259//1946 4270//1946 4269//1946
f 4259//1947 4271//1947 4270//1947
f 4259//1948 4278//1948 4271//1948
f 4259//1949 4276//1949 4278//1949
f 4259//1950 4277//1950 4276//1950
f 4259//1951 4274//1951 4277//1951
f 4259//1952 4275//1952 4274//1952
f 4259//1953 4272//1953 4275//1953
f 4259//1954 4273//1954 4272//1954
f 4259//1955 4279//1955 4273//1955
f 4259//1956 4280//1956 4279//1956
f 4259//1957 4281//1957 4280//1957
f 4259//1958 4261//1958 4281//1958
f 4282//1937 4283//1937 4284//1937
f 4282//1938 4285//1938 4283//1938
f 4282//1939 4286//1939 4285//1939
f 4282//1940 4287//1940 4286//1940
f 4282//1941 4288//1941 4287//1941
f 4282//1942 4289//1942 4288//1942
f 4282//1943 4290//1943 4289//1943
f 4282//1944 4291//1944 4290//1944
f 4282//1945 4292//1945 4291//1945
f 4282//1946 4293//1946 4292//1946
f 4282//1947 4294//1947 4293//1947
f 4282//1948 4300//1948 4294//1948
f 4282//1949 4295//1949 4300//1949
f 4282//1950 4303//1950 4295//1950
f 4282//1951 4301//1951 4303//1951
f 4282//1952 4302//1952 4301//1952
f 4282//1953 4304//1953 4302//1953
f 4282//1954 4296//1954 4304//1954
f 4282//1955 4298//1955 4296//1955
f 4282//1956 4299//1956 4298//1956
f 4282//1957 4297//1957 4299//1957
f 4282//1958 4284//1958 4297//1958
f 4305//1937 4306//1937 4307//1937
f 4305//1938 4308//1938 4306//1938
f 4305//1939 4309//1939 4308//1939
f 4305//1940 4310//1940 4309//1940
f 4305//1941 4311//1941 4310//1941
f 4305//1942 4312//1942 4311//1942
f 4305//1943 4313//1943 4312//1943
f 4305//1944 4314//1944 4313//1944
f 4305//1945 4315//1945 4314//1945
f 4305//1946 4316//1946 4315//1946
f 4305//1947 4317//1947 4316//1947
f 4305//1948 4325//1948 4317//1948
f 4305//1949 4326//1949 4325//1949
f 4305//1950 4321//1950 4326//1950
f 4305//1951 4322//1951 4321//1951
f 4305//1952 4324//1952 4322//1952
f 4305//1953 4319//1953 4324//1953
f 4305//1954 4320//1954 4319//1954
f 4305//1955 4323//1955 4320//1955
f 4305//1956 4327//1956 4323//1956
f 4305//1957 4318//1957 4327//1957
f 4305//1958 4307//1958 4318//1958
usemtl Copy_of_Link6_UR3_G5_1000513Material1
f 441//50 442//50 443//50
f 444//50 445//50 446//50
f 441//50 447//50 448//50
f 441//50 449//50 442//50
f 448//50 444//50 441//50
f 443//50 450//50 441//50
f 441//50 451//50 452//50
f 450//50 447//50 441//50
f 441//50 453//50 454//50
f 441//50 455//50 451//50
f 456//50 457//50 458//50
f 459//50 460//50 461//50
f 459//50 462//50 463//50
f 464//50 465//50 466//50
f 462//50 459//50 467//50
f 454//50 449//50 441//50
f 441//50 468//50 469//50
f 441//50 470//50 455//50
f 458//50 471//50 456//50
f 456//50 472//50 473//50
f 463//50 460//50 459//50
f 467//50 464//50 462//50
f 474//50 475//50 476//50
f 441//50 477//50 453//50
f 441//50 478//50 479//50
f 452//50 468//50 441//50
f 441//50 480//50 481//50
f 456//50 482//50 457//50
f 456//50 474//50 472//50
f 466//50 462//50 464//50
f 474//50 456//50 475//50
f 479//50 477//50 441//50
f 481//50 470//50 441//50
f 473//50 482//50 456//50
f 476//50 459//50 474//50
f 483//50 484//50 485//50
f 483//50 441//50 486//50
f 469//50 478//50 441//50
f 461//50 474//50 459//50
f 486//50 484//50 483//50
f 441//50 483//50 480//50
f 485//50 456//50 483//50
f 471//50 483//50 456//50
f 446//50 441//50 444//50
f 487//1959 441//1959 446//1959
f 488//1960 446//1960 445//1960
f 489//1961 445//1961 444//1961
f 490//1962 444//1962 448//1962
f 491//1963 448//1963 447//1963
f 492//1964 447//1964 450//1964
f 493//1965 450//1965 443//1965
f 494//1966 443//1966 442//1966
f 495//1967 442//1967 449//1967
f 496//1968 449//1968 454//1968
f 497//1969 454//1969 453//1969
f 498//1970 453//1970 477//1970
f 499//1971 477//1971 479//1971
f 500//1972 479//1972 478//1972
f 501//1973 478//1973 469//1973
f 502//1974 469//1974 468//1974
f 503//1975 468//1975 452//1975
f 504//1976 452//1976 451//1976
f 505//1977 451//1977 455//1977
f 506//1978 455//1978 470//1978
f 507//1979 470//1979 481//1979
f 508//1980 481//1980 480//1980
f 509//1981 480//1981 483//1981
f 483//1981 510//1981 509//1981
f 480//1980 509//1980 508//1980
f 481//1979 508//1979 507//1979
f 470//1978 507//1978 506//1978
f 455//1977 506//1977 505//1977
f 451//1976 505//1976 504//1976
f 452//1975 504//1975 503//1975
f 468//1974 503//1974 502//1974
f 469//1973 502//1973 501//1973
f 478//1972 501//1972 500//1972
f 479//1971 500//1971 499//1971
f 477//1970 499//1970 498//1970
f 453//1969 498//1969 497//1969
f 454//1968 497//1968 496//1968
f 449//1967 496//1967 495//1967
f 442//1966 495//1966 494//1966
f 443//1965 494//1965 493//1965
f 450//1964 493//1964 492//1964
f 447//1963 492//1963 491//1963
f 448//1962 491//1962 490//1962
f 444//1961 490//1961 489//1961
f 445//1960 489//1960 488//1960
f 446//1959 488//1959 487//1959
f 510//1982 483//1982 471//1982
f 511//1983 471//1983 458//1983
f 512//1984 458//1984 457//1984
f 513//1985 457//1985 482//1985
f 514//1986 482//1986 473//1986
f 515//1987 473//1987 472//1987
f 516//1988 472//1988 474//1988
f 517//1989 474//1989 461//1989
f 518//1990 461//1990 460//1990
f 519//1991 460//1991 463//1991
f 520//1992 463//1992 462//1992
f 521//1993 462//1993 466//1993
f 522//1994 466//1994 465//1994
f 523//1995 465//1995 464//1995
f 524//1996 464//1996 467//1996
f 525//1997 467//1997 459//1997
f 526//1998 459//1998 476//1998
f 527//1999 476//1999 475//1999
f 528//2000 475//2000 456//2000
f 529//2001 456//2001 485//2001
f 530//2002 485//2002 484//2002
f 531//2003 484//2003 486//2003
f 532//2004 486//2004 441//2004
f 441//2004 487//2004 532//2004
f 486//2003 532//2003 531//2003
f 484//2002 531//2002 530//2002
f 485//2001 530//2001 529//2001
f 456//2000 529//2000 528//2000
f 475//1999 528//1999 527//1999
f 476//1998 527//1998 526//1998
f 459//1997 526//1997 525//1997
f 467//1996 525//1996 524//1996
f 464//1995 524//1995 523//1995
f 465//1994 523//1994 522//1994
f 466//1993 522//1993 521//1993
f 462//1992 521//1992 520//1992
f 463//1991 520//1991 519//1991
f 460//1990 519//1990 518//1990
f 461//1989 518//1989 517//1989
f 474//1988 517//1988 516//1988
f 472//1987 516//1987 515//1987
f 473//1986 515//1986 514//1986
f 482//1985 514//1985 513//1985
f 457//1984 513//1984 512//1984
f 458//1983 512//1983 511//1983
f 471//1982 511//1982 510//1982
f 510//2005 533//2005 534//2005
f 509//2006 534//2006 535//2006
f 508//2007 535//2007 536//2007
f 507//2008 536//2008 537//2008
f 506//2009 537//2009 538//2009
f 505//2010 538//2010 539//2010
f 504//2011 539//2011 540//2011
f 503//2012 540//2012 541//2012
f 502//2013 541//2013 542//2013
f 501//2014 542//2014 543//2014
f 500//2015 543//2015 544//2015
f 499//1269 544//1269 545//1269
f 498//2016 545//2016 546//2016
f 497//2017 546//2017 547//2017
f 496//2018 547//2018 548//2018
f 495//2019 548//2019 549//2019
f 494//2020 549//2020 550//2020
f 493//2021 550//2021 551//2021
f 492//2022 551//2022 552//2022
f 491//2023 552//2023 553//2023
f 490//2024 553//2024 554//2024
f 489//2025 554//2025 555//2025
f 488//2026 555//2026 556//2026
f 556//2026 487//2026 488//2026
f 555//2025 488//2025 489//2025
f 554//2024 489//2024 490//2024
f 553//2023 490//2023 491//2023
f 552//2022 491//2022 492//2022
f 551//2021 492//2021 493//2021
f 550//2020 493//2020 494//2020
f 549//2019 494//2019 495//2019
f 548//2018 495//2018 496//2018
f 547//2017 496//2017 497//2017
f 546//2016 497//2016 498//2016
f 545//1269 498//1269 499//1269
f 544//2015 499//2015 500//2015
f 543//2014 500//2014 501//2014
f 542//2013 501//2013 502//2013
f 541//2012 502//2012 503//2012
f 540//2011 503//2011 504//2011
f 539//2027 504//2027 505//2027
f 538//2009 505//2009 506//2009
f 537//2008 506//2008 507//2008
f 536//2007 507//2007 508//2007
f 535//2006 508//2006 509//2006
f 534//2005 509//2005 510//2005
f 487//2028 556//2028 557//2028
f 532//2029 557//2029 558//2029
f 531//2030 558//2030 559//2030
f 530//2031 559//2031 560//2031
f 529//2032 560//2032 561//2032
f 528//2033 561//2033 562//2033
f 527//2034 562//2034 563//2034
f 526//2035 563//2035 564//2035
f 525//2036 564//2036 565//2036
f 524//2037 565//2037 566//2037
f 523//2038 566//2038 567//2038
f 522//1342 567//1342 568//1342
f 521//2039 568//2039 569//2039
f 520//2040 569//2040 570//2040
f 519//2041 570//2041 571//2041
f 518//2042 571//2042 572//2042
f 517//2043 572//2043 573//2043
f 516//2044 573//2044 574//2044
f 515//2045 574//2045 575//2045
f 514//2046 575//2046 576//2046
f 513//2047 576//2047 577//2047
f 512//2048 577//2048 578//2048
f 511//2049 578//2049 533//2049
f 533//2049 510//2049 511//2049
f 578//2048 511//2048 512//2048
f 577//2047 512//2047 513//2047
f 576//2046 513//2046 514//2046
f 575//2045 514//2045 515//2045
f 574//2050 515//2050 516//2050
f 573//2043 516//2043 517//2043
f 572//2042 517//2042 518//2042
f 571//2041 518//2041 519//2041
f 570//2040 519//2040 520//2040
f 569//2039 520//2039 521//2039
f 568//1342 521//1342 522//1342
f 567//2038 522//2038 523//2038
f 566//2037 523//2037 524//2037
f 565//2036 524//2036 525//2036
f 564//2035 525//2035 526//2035
f 563//2034 526//2034 527//2034
f 562//2051 527//2051 528//2051
f 561//2032 528//2032 529//2032
f 560//2031 529//2031 530//2031
f 559//2030 530//2030 531//2030
f 558//2029 531//2029 532//2029
f 557//2028 532//2028 487//2028
f 564//49 563//49 579//49
f 563//49 562//49 580//49
f 581//49 577//49 576//49
f 575//49 582//49 583//49
f 574//49 584//49 582//49
f 573//49 585//49 584//49
f 580//49 579//49 563//49
f 562//49 561//49 586//49
f 560//49 559//49 587//49
f 588//49 587//49 559//49
f 544//49 543//49 589//49
f 583//49 576//49 575//49
f 584//49 574//49 573//49
f 565//49 564//49 590//49
f 586//49 580//49 562//49
f 561//49 560//49 591//49
f 559//49 558//49 588//49
f 592//49 588//49 558//49
f 593//49 592//49 557//49
f 593//49 556//49 555//49
f 594//49 555//49 554//49
f 546//49 595//49 596//49
f 545//49 597//49 595//49
f 589//49 597//49 544//49
f 543//49 542//49 598//49
f 582//49 575//49 574//49
f 572//49 599//49 585//49
f 571//49 600//49 599//49
f 570//49 601//49 600//49
f 567//49 566//49 602//49
f 566//49 565//49 603//49
f 579//49 590//49 564//49
f 587//49 591//49 560//49
f 557//49 556//49 593//49
f 554//49 604//49 594//49
f 604//49 554//49 553//49
f 552//49 605//49 606//49
f 551//49 607//49 605//49
f 550//49 608//49 607//49
f 595//49 546//49 545//49
f 598//49 589//49 543//49
f 542//49 541//49 609//49
f 541//49 540//49 610//49
f 539//49 538//49 611//49
f 538//49 537//49 612//49
f 613//49 533//49 578//49
f 614//49 578//49 577//49
f 585//49 573//49 572//49
f 600//49 571//49 570//49
f 568//49 615//49 616//49
f 603//49 602//49 566//49
f 591//49 586//49 561//49
f 555//49 594//49 593//49
f 606//49 553//49 552//49
f 607//49 551//49 550//49
f 549//49 617//49 608//49
f 548//49 618//49 617//49
f 547//49 596//49 618//49
f 597//49 545//49 544//49
f 610//49 609//49 541//49
f 612//49 611//49 538//49
f 537//49 536//49 619//49
f 577//49 581//49 614//49
f 599//49 572//49 571//49
f 569//49 616//49 601//49
f 568//49 567//49 615//49
f 590//49 603//49 565//49
f 553//49 606//49 604//49
f 608//49 550//49 549//49
f 618//49 548//49 547//49
f 609//49 598//49 542//49
f 540//49 539//49 620//49
f 619//49 612//49 537//49
f 621//49 619//49 536//49
f 576//49 583//49 581//49
f 616//49 569//49 568//49
f 558//49 557//49 592//49
f 617//49 549//49 548//49
f 620//49 610//49 540//49
f 536//49 535//49 621//49
f 622//49 621//49 535//49
f 613//49 622//49 534//49
f 601//49 570//49 569//49
f 605//49 552//49 551//49
f 611//49 620//49 539//49
f 534//49 533//49 613//49
f 602//49 615//49 567//49
f 535//49 534//49 622//49
f 596//49 547//49 546//49
f 578//49 614//49 613//49
usemtl Copy_of_Link6_UR3_G5_1000513Material2
f 594//2052 623//2052 624//2052
f 624//2053 593//2053 594//2053
f 604//2054 625//2054 626//2054
f 626//2055 594//2055 604//2055
f 606//2056 627//2056 628//2056
f 628//2057 604//2057 606//2057
f 605//2058 629//2058 630//2058
f 630//2059 606//2059 605//2059
f 607//2060 631//2060 632//2060
f 632//2061 605//2061 607//2061
f 608//1846 633//1846 634//1846
f 634//2062 607//2062 608//2062
f 617//2063 635//2063 636//2063
f 636//2064 608//2064 617//2064
f 618//2065 637//2065 638//2065
f 638//2066 617//2066 618//2066
f 596//2067 639//2067 640//2067
f 640//2068 618//2068 596//2068
f 595//2069 641//2069 642//2069
f 642//2070 596//2070 595//2070
f 597//2071 643//2071 644//2071
f 644//2072 595//2072 597//2072
f 589//2073 645//2073 646//2073
f 646//2074 597//2074 589//2074
f 598//2075 647//2075 648//2075
f 648//2076 589//2076 598//2076
f 609//2077 649//2077 650//2077
f 650//2078 598//2078 609//2078
f 610//2079 651//2079 652//2079
f 652//2080 609//2080 610//2080
f 620//2081 653//2081 654//2081
f 654//2082 610//2082 620//2082
f 611//2083 655//2083 656//2083
f 656//2084 620//2084 611//2084
f 612//2085 657//2085 658//2085
f 658//2086 611//2086 612//2086
f 619//2087 659//2087 660//2087
f 660//2088 612//2088 619//2088
f 621//2089 661//2089 662//2089
f 662//2090 619//2090 621//2090
f 622//2091 663//2091 664//2091
f 664//2092 621//2092 622//2092
f 613//2093 665//2093 666//2093
f 666//2094 622//2094 613//2094
f 666//2095 663//2095 622//2095
f 664//2096 661//2096 621//2096
f 662//2097 659//2097 619//2097
f 660//2098 657//2098 612//2098
f 658//2099 655//2099 611//2099
f 656//2100 653//2100 620//2100
f 654//2101 651//2101 610//2101
f 652//2102 649//2102 609//2102
f 650//2103 647//2103 598//2103
f 648//2104 645//2104 589//2104
f 646//2105 643//2105 597//2105
f 644//2106 641//2106 595//2106
f 642//2107 639//2107 596//2107
f 640//2108 637//2108 618//2108
f 638//2109 635//2109 617//2109
f 636//2110 633//2110 608//2110
f 634//2111 631//2111 607//2111
f 632//2112 629//2112 605//2112
f 630//2113 627//2113 606//2113
f 628//2114 625//2114 604//2114
f 626//2115 623//2115 594//2115
f 624//2116 667//2116 593//2116
f 614//2117 668//2117 669//2117
f 669//2118 613//2118 614//2118
f 581//2119 670//2119 671//2119
f 671//2120 614//2120 581//2120
f 583//2121 672//2121 673//2121
f 673//2122 581//2122 583//2122
f 582//2123 674//2123 675//2123
f 675//2124 583//2124 582//2124
f 584//2125 676//2125 677//2125
f 677//2126 582//2126 584//2126
f 585//1798 678//1798 679//1798
f 679//2127 584//2127 585//2127
f 599//2128 680//2128 681//2128
f 681//2129 585//2129 599//2129
f 600//2130 682//2130 683//2130
f 683//2131 599//2131 600//2131
f 601//2132 684//2132 685//2132
f 685//2133 600//2133 601//2133
f 616//2134 686//2134 687//2134
f 687//2135 601//2135 616//2135
f 615//2136 688//2136 689//2136
f 689//2137 616//2137 615//2137
f 602//2138 690//2138 691//2138
f 691//2139 615//2139 602//2139
f 603//2140 692//2140 693//2140
f 693//2141 602//2141 603//2141
f 590//2142 694//2142 695//2142
f 695//2143 603//2143 590//2143
f 579//2144 696//2144 697//2144
f 697//2145 590//2145 579//2145
f 580//2146 698//2146 699//2146
f 699//2147 579//2147 580//2147
f 586//2148 700//2148 701//2148
f 701//2149 580//2149 586//2149
f 591//2150 702//2150 703//2150
f 703//2151 586//2151 591//2151
f 587//2152 704//2152 705//2152
f 705//2153 591//2153 587//2153
f 588//2154 706//2154 707//2154
f 707//2155 587//2155 588//2155
f 592//2156 708//2156 709//2156
f 709//2157 588//2157 592//2157
f 593//2158 667//2158 710//2158
f 710//2159 592//2159 593//2159
f 710//2160 708//2160 592//2160
f 709//2161 706//2161 588//2161
f 707//2162 704//2162 587//2162
f 705//2163 702//2163 591//2163
f 703//2164 700//2164 586//2164
f 701//2165 698//2165 580//2165
f 699//2166 696//2166 579//2166
f 697//2167 694//2167 590//2167
f 695//2168 692//2168 603//2168
f 693//2169 690//2169 602//2169
f 691//2170 688//2170 615//2170
f 689//2171 686//2171 616//2171
f 687//2172 684//2172 601//2172
f 685//2173 682//2173 600//2173
f 683//2174 680//2174 599//2174
f 681//2175 678//2175 585//2175
f 679//2176 676//2176 584//2176
f 677//2177 674//2177 582//2177
f 675//2178 672//2178 583//2178
f 673//2179 670//2179 581//2179
f 671//2180 668//2180 614//2180
f 669//2181 665//2181 613//2181
f 711//2182 624//2182 623//2182
f 623//2183 712//2183 711//2183
f 711//2184 713//2184 624//2184
f 713//2185 714//2185 667//2185
f 710//2186 667//2186 714//2186
f 714//2187 715//2187 710//2187
f 710//2188 715//2188 716//2188
f 717//2189 709//2189 708//2189
f 708//2190 716//2190 717//2190
f 717//2191 718//2191 709//2191
f 718//2192 719//2192 706//2192
f 707//2193 706//2193 719//2193
f 719//2194 720//2194 707//2194
f 707//2195 720//2195 721//2195
f 722//2196 705//2196 704//2196
f 704//2197 721//2197 722//2197
f 722//2198 723//2198 705//2198
f 723//2199 724//2199 702//2199
f 703//2200 702//2200 724//2200
f 724//2201 725//2201 703//2201
f 703//2202 725//2202 726//2202
f 727//2203 701//2203 700//2203
f 700//2204 726//2204 727//2204
f 727//2205 728//2205 701//2205
f 728//2206 729//2206 698//2206
f 699//2207 698//2207 729//2207
f 729//2208 730//2208 699//2208
f 699//2209 730//2209 731//2209
f 732//2210 697//2210 696//2210
f 696//2211 731//2211 732//2211
f 732//2212 733//2212 697//2212
f 733//2213 734//2213 694//2213
f 695//2214 694//2214 734//2214
f 734//2215 735//2215 695//2215
f 695//2216 735//2216 736//2216
f 737//2217 693//2217 692//2217
f 692//2218 736//2218 737//2218
f 738//2219 691//2219 690//2219
f 690//2220 737//2220 738//2220
f 738//2221 739//2221 691//2221
f 739//2222 740//2222 688//2222
f 689//2223 688//2223 740//2223
f 740//2224 741//2224 689//2224
f 689//2225 741//2225 742//2225
f 743//2226 687//2226 686//2226
f 686//2227 742//2227 743//2227
f 743//2228 744//2228 687//2228
f 744//2229 745//2229 684//2229
f 685//2230 684//2230 745//2230
f 745//2231 746//2231 685//2231
f 685//2232 746//2232 747//2232
f 748//2233 683//2233 682//2233
f 682//2234 747//2234 748//2234
f 748//2235 749//2235 683//2235
f 749//2236 750//2236 680//2236
f 681//2237 680//2237 750//2237
f 750//2238 751//2238 681//2238
f 681//2239 751//2239 752//2239
f 753//2240 679//2240 678//2240
f 678//2241 752//2241 753//2241
f 753//2242 754//2242 679//2242
f 754//2243 755//2243 676//2243
f 677//2244 676//2244 755//2244
f 755//2245 756//2245 677//2245
f 677//2246 756//2246 757//2246
f 758//2247 675//2247 674//2247
f 674//2248 757//2248 758//2248
f 758//2249 759//2249 675//2249
f 759//2250 760//2250 672//2250
f 673//2251 672//2251 760//2251
f 760//2252 761//2252 673//2252
f 673//2253 761//2253 762//2253
f 763//2254 671//2254 670//2254
f 670//2255 762//2255 763//2255
f 762//2256 670//2256 673//2256
f 672//2257 675//2257 759//2257
f 757//2258 674//2258 677//2258
f 676//2259 679//2259 754//2259
f 752//2260 678//2260 681//2260
f 680//2261 683//2261 749//2261
f 747//2262 682//2262 685//2262
f 684//2263 687//2263 744//2263
f 742//2264 686//2264 689//2264
f 688//2265 691//2265 739//2265
f 690//2266 693//2266 737//2266
f 736//2267 692//2267 695//2267
f 694//2268 697//2268 733//2268
f 731//2269 696//2269 699//2269
f 698//2270 701//2270 728//2270
f 726//2271 700//2271 703//2271
f 702//2272 705//2272 723//2272
f 721//2273 704//2273 707//2273
f 706//2274 709//2274 718//2274
f 716//2275 708//2275 710//2275
f 667//2276 624//2276 713//2276
f 623//2277 626//2277 712//2277
f 764//2278 669//2278 668//2278
f 668//2279 763//2279 764//2279
f 764//2280 765//2280 669//2280
f 765//2281 766//2281 665//2281
f 666//2282 665//2282 766//2282
f 766//2283 767//2283 666//2283
f 666//2284 767//2284 768//2284
f 769//2285 664//2285 663//2285
f 663//2286 768//2286 769//2286
f 769//2287 770//2287 664//2287
f 770//2288 771//2288 661//2288
f 662//2289 661//2289 771//2289
f 771//2290 772//2290 662//2290
f 662//2291 772//2291 773//2291
f 774//2292 660//2292 659//2292
f 659//2293 773//2293 774//2293
f 774//2294 775//2294 660//2294
f 775//2295 776//2295 657//2295
f 658//2296 657//2296 776//2296
f 776//2297 777//2297 658//2297
f 658//2298 777//2298 778//2298
f 779//2299 656//2299 655//2299
f 655//2300 778//2300 779//2300
f 779//2301 780//2301 656//2301
f 780//2302 781//2302 653//2302
f 654//2303 653//2303 781//2303
f 781//2304 782//2304 654//2304
f 654//2305 782//2305 783//2305
f 784//2306 652//2306 651//2306
f 651//2307 783//2307 784//2307
f 784//2308 785//2308 652//2308
f 785//2309 786//2309 649//2309
f 650//2310 649//2310 786//2310
f 786//2311 787//2311 650//2311
f 650//2312 787//2312 788//2312
f 789//2313 648//2313 647//2313
f 647//2314 788//2314 789//2314
f 790//2315 646//2315 645//2315
f 645//2316 789//2316 790//2316
f 790//2317 791//2317 646//2317
f 791//2318 792//2318 643//2318
f 644//2319 643//2319 792//2319
f 792//2320 793//2320 644//2320
f 644//2321 793//2321 794//2321
f 795//2322 642//2322 641//2322
f 641//2323 794//2323 795//2323
f 795//2324 796//2324 642//2324
f 796//2325 797//2325 639//2325
f 640//2326 639//2326 797//2326
f 797//2327 798//2327 640//2327
f 640//2328 798//2328 799//2328
f 800//2329 638//2329 637//2329
f 637//2330 799//2330 800//2330
f 800//2331 801//2331 638//2331
f 801//2332 802//2332 635//2332
f 636//2333 635//2333 802//2333
f 802//2334 803//2334 636//2334
f 636//2335 803//2335 804//2335
f 805//2336 634//2336 633//2336
f 633//2337 804//2337 805//2337
f 805//2338 806//2338 634//2338
f 806//2339 807//2339 631//2339
f 632//2340 631//2340 807//2340
f 807//2341 808//2341 632//2341
f 632//2342 808//2342 809//2342
f 810//2343 630//2343 629//2343
f 629//2344 809//2344 810//2344
f 810//2345 811//2345 630//2345
f 811//2346 812//2346 627//2346
f 628//2347 627//2347 812//2347
f 812//2348 813//2348 628//2348
f 628//2349 813//2349 814//2349
f 712//2350 626//2350 625//2350
f 625//2351 814//2351 712//2351
f 814//2352 625//2352 628//2352
f 627//2353 630//2353 811//2353
f 809//2354 629//2354 632//2354
f 631//2355 634//2355 806//2355
f 804//2356 633//2356 636//2356
f 635//2357 638//2357 801//2357
f 799//2358 637//2358 640//2358
f 639//2359 642//2359 796//2359
f 794//2360 641//2360 644//2360
f 643//2361 646//2361 791//2361
f 645//2362 648//2362 789//2362
f 788//2363 647//2363 650//2363
f 649//2364 652//2364 785//2364
f 783//2365 651//2365 654//2365
f 653//2366 656//2366 780//2366
f 778//2367 655//2367 658//2367
f 657//2368 660//2368 775//2368
f 773//2369 659//2369 662//2369
f 661//2370 664//2370 770//2370
f 768//2371 663//2371 666//2371
f 665//2372 669//2372 765//2372
f 668//2373 671//2373 763//2373
f 815//2374 712//2374 814//2374
f 816//2375 817//2375 813//2375
f 813//2376 812//2376 816//2376
f 817//2377 814//2377 813//2377
f 816//2378 812//2378 811//2378
f 811//2379 818//2379 816//2379
f 818//2380 810//2380 809//2380
f 819//2381 820//2381 808//2381
f 808//2382 807//2382 819//2382
f 820//2383 809//2383 808//2383
f 819//2384 807//2384 806//2384
f 806//2385 821//2385 819//2385
f 821//2386 805//2386 804//2386
f 822//2387 823//2387 803//2387
f 823//2388 804//2388 803//2388
f 822//2389 802//2389 801//2389
f 801//2390 824//2390 822//2390
f 824//2391 800//2391 799//2391
f 825//2392 826//2392 798//2392
f 826//2393 799//2393 798//2393
f 825//2394 797//2394 796//2394
f 796//2395 827//2395 825//2395
f 827//2396 795//2396 794//2396
f 828//2397 829//2397 793//2397
f 829//2398 794//2398 793//2398
f 828//2399 792//2399 791//2399
f 791//2400 830//2400 828//2400
f 830//2401 790//2401 789//2401
f 831//2402 789//2402 788//2402
f 832//2403 833//2403 787//2403
f 787//2404 786//2404 832//2404
f 833//2405 788//2405 787//2405
f 832//2406 786//2406 785//2406
f 785//2407 834//2407 832//2407
f 834//2408 784//2408 783//2408
f 835//2409 836//2409 782//2409
f 782//2410 781//2410 835//2410
f 836//2411 783//2411 782//2411
f 835//2412 781//2412 780//2412
f 780//2413 837//2413 835//2413
f 837//2414 779//2414 778//2414
f 838//2415 839//2415 777//2415
f 839//2416 778//2416 777//2416
f 838//2417 776//2417 775//2417
f 775//2418 840//2418 838//2418
f 840//2419 774//2419 773//2419
f 841//2420 842//2420 772//2420
f 842//2421 773//2421 772//2421
f 841//2422 771//2422 770//2422
f 770//2423 843//2423 841//2423
f 843//2424 769//2424 768//2424
f 844//2425 845//2425 767//2425
f 845//2426 768//2426 767//2426
f 844//2427 766//2427 765//2427
f 765//2428 846//2428 844//2428
f 846//2429 764//2429 763//2429
f 847//2430 815//2430 817//2430
f 848//2431 817//2431 816//2431
f 849//2432 816//2432 818//2432
f 850//2433 818//2433 820//2433
f 851//2434 820//2434 819//2434
f 852//2435 819//2435 821//2435
f 853//2436 821//2436 823//2436
f 854//2437 823//2437 822//2437
f 855//2438 822//2438 824//2438
f 856//2439 824//2439 826//2439
f 857//2440 826//2440 825//2440
f 858//2441 825//2441 827//2441
f 859//2442 827//2442 829//2442
f 860//2443 829//2443 828//2443
f 861//2444 828//2444 830//2444
f 862//2445 830//2445 831//2445
f 863//2446 831//2446 833//2446
f 864//2447 833//2447 832//2447
f 865//2448 832//2448 834//2448
f 866//2449 834//2449 836//2449
f 867//2450 836//2450 835//2450
f 868//2451 835//2451 837//2451
f 869//2452 837//2452 839//2452
f 870//2453 839//2453 838//2453
f 871//2454 838//2454 840//2454
f 872//2455 840//2455 842//2455
f 873//2456 842//2456 841//2456
f 874//2457 841//2457 843//2457
f 875//2458 843//2458 845//2458
f 876//2459 845//2459 844//2459
f 877//2460 844//2460 846//2460
f 878//2461 846//2461 879//2461
f 880//2462 847//2462 848//2462
f 881//2463 848//2463 849//2463
f 882//2464 849//2464 850//2464
f 883//2465 850//2465 851//2465
f 884//2466 851//2466 852//2466
f 885//2467 852//2467 853//2467
f 886//2468 853//2468 854//2468
f 887//2469 854//2469 855//2469
f 888//2470 855//2470 856//2470
f 889//2471 856//2471 857//2471
f 890//2472 857//2472 858//2472
f 891//2473 858//2473 859//2473
f 892//2474 859//2474 860//2474
f 893//2475 860//2475 861//2475
f 894//2476 861//2476 862//2476
f 895//2477 862//2477 863//2477
f 896//2478 863//2478 864//2478
f 897//2479 864//2479 865//2479
f 898//2480 865//2480 866//2480
f 899//2481 866//2481 867//2481
f 900//2482 867//2482 868//2482
f 901//2483 868//2483 869//2483
f 902//2484 869//2484 870//2484
f 903//2485 870//2485 871//2485
f 904//2486 871//2486 872//2486
f 905//2487 872//2487 873//2487
f 906//2488 873//2488 874//2488
f 907//2489 874//2489 875//2489
f 908//2490 875//2490 876//2490
f 909//2491 876//2491 877//2491
f 910//2492 877//2492 878//2492
f 911//2493 878//2493 912//2493
f 913//2494 880//2494 881//2494
f 914//2495 881//2495 882//2495
f 915//2496 882//2496 883//2496
f 916//2497 883//2497 884//2497
f 917//2498 884//2498 885//2498
f 918//2499 885//2499 886//2499
f 919//2500 886//2500 887//2500
f 920//2501 887//2501 888//2501
f 921//2502 888//2502 889//2502
f 922//2503 889//2503 890//2503
f 923//2504 890//2504 891//2504
f 924//2505 891//2505 892//2505
f 925//2506 892//2506 893//2506
f 926//2507 893//2507 894//2507
f 927//2508 894//2508 895//2508
f 928//2509 895//2509 896//2509
f 929//2510 896//2510 897//2510
f 930//2511 897//2511 898//2511
f 931//2512 898//2512 899//2512
f 932//2513 899//2513 900//2513
f 933//2514 900//2514 901//2514
f 934//2515 901//2515 902//2515
f 935//2516 902//2516 903//2516
f 936//2517 903//2517 904//2517
f 937//2518 904//2518 905//2518
f 938//2519 905//2519 906//2519
f 939//2520 906//2520 907//2520
f 940//2521 907//2521 908//2521
f 941//2522 908//2522 909//2522
f 942//2523 909//2523 910//2523
f 943//2524 910//2524 911//2524
f 944//2525 911//2525 945//2525
f 946//2526 913//2526 914//2526
f 947//2527 914//2527 915//2527
f 948//2528 915//2528 916//2528
f 949//2529 916//2529 917//2529
f 950//2530 917//2530 918//2530
f 951//2531 918//2531 919//2531
f 952//2532 919//2532 920//2532
f 953//2533 920//2533 921//2533
f 954//2534 921//2534 922//2534
f 955//2535 922//2535 923//2535
f 956//2536 923//2536 924//2536
f 957//2537 924//2537 925//2537
f 958//2538 925//2538 926//2538
f 959//2539 926//2539 927//2539
f 960//2540 927//2540 928//2540
f 961//2541 928//2541 929//2541
f 962//2542 929//2542 930//2542
f 963//2543 930//2543 931//2543
f 964//2544 931//2544 932//2544
f 965//2545 932//2545 933//2545
f 966//2546 933//2546 934//2546
f 967//2547 934//2547 935//2547
f 968//2548 935//2548 936//2548
f 969//2549 936//2549 937//2549
f 970//2550 937//2550 938//2550
f 971//2551 938//2551 939//2551
f 972//2552 939//2552 940//2552
f 973//2553 940//2553 941//2553
f 974//2554 941//2554 942//2554
f 975//2555 942//2555 943//2555
f 976//2556 943//2556 944//2556
f 977//2557 944//2557 978//2557
f 979//2558 946//2558 947//2558
f 980//2559 947//2559 948//2559
f 981//2560 948//2560 949//2560
f 982//2561 949//2561 950//2561
f 983//2562 950//2562 951//2562
f 984//2563 951//2563 952//2563
f 985//2564 952//2564 953//2564
f 986//2565 953//2565 954//2565
f 987//2566 954//2566 955//2566
f 988//2567 955//2567 956//2567
f 989//2568 956//2568 957//2568
f 990//2569 957//2569 958//2569
f 991//2570 958//2570 959//2570
f 992//2571 959//2571 960//2571
f 993//2572 960//2572 961//2572
f 994//2573 961//2573 962//2573
f 995//2574 962//2574 963//2574
f 996//2575 963//2575 964//2575
f 997//2576 964//2576 965//2576
f 998//2577 965//2577 966//2577
f 999//2578 966//2578 967//2578
f 1000//2579 967//2579 968//2579
f 1001//2580 968//2580 969//2580
f 1002//2581 969//2581 970//2581
f 1003//2582 970//2582 971//2582
f 1004//2583 971//2583 972//2583
f 1005//2584 972//2584 973//2584
f 1006//2585 973//2585 974//2585
f 1007//2586 974//2586 975//2586
f 1008//2587 975//2587 976//2587
f 1009//2588 976//2588 977//2588
f 1010//2589 977//2589 1011//2589
f 1012//2590 979//2590 980//2590
f 1013//2591 980//2591 981//2591
f 1014//2592 981//2592 982//2592
f 1015//2593 982//2593 983//2593
f 1016//2594 983//2594 984//2594
f 1017//2595 984//2595 985//2595
f 1018//2596 985//2596 986//2596
f 1019//2597 986//2597 987//2597
f 1020//2598 987//2598 988//2598
f 1021//2599 988//2599 989//2599
f 1022//2600 989//2600 990//2600
f 1023//2601 990//2601 991//2601
f 1024//2602 991//2602 992//2602
f 1025//2603 992//2603 993//2603
f 1026//2604 993//2604 994//2604
f 1027//2605 994//2605 995//2605
f 1028//2606 995//2606 996//2606
f 1029//2607 996//2607 997//2607
f 1030//2608 997//2608 998//2608
f 1031//2609 998//2609 999//2609
f 1032//2610 999//2610 1000//2610
f 1033//2611 1000//2611 1001//2611
f 1034//2612 1001//2612 1002//2612
f 1035//2613 1002//2613 1003//2613
f 1036//2614 1003//2614 1004//2614
f 1037//2615 1004//2615 1005//2615
f 1038//2616 1005//2616 1006//2616
f 1039//2617 1006//2617 1007//2617
f 1040//2618 1007//2618 1008//2618
f 1041//2619 1008//2619 1009//2619
f 1042//2620 1009//2620 1010//2620
f 1043//2621 1010//2621 1044//2621
f 1045//2622 1012//2622 1013//2622
f 1046//2623 1013//2623 1014//2623
f 1047//2624 1014//2624 1015//2624
f 1048//2625 1015//2625 1016//2625
f 1049//2626 1016//2626 1017//2626
f 1050//2627 1017//2627 1018//2627
f 1051//2628 1018//2628 1019//2628
f 1052//2629 1019//2629 1020//2629
f 1053//2630 1020//2630 1021//2630
f 1054//2631 1021//2631 1022//2631
f 1055//2632 1022//2632 1023//2632
f 1056//2633 1023//2633 1024//2633
f 1057//2634 1024//2634 1025//2634
f 1058//2635 1025//2635 1026//2635
f 1059//2636 1026//2636 1027//2636
f 1060//2637 1027//2637 1028//2637
f 1061//2638 1028//2638 1029//2638
f 1062//2639 1029//2639 1030//2639
f 1063//2640 1030//2640 1031//2640
f 1064//2641 1031//2641 1032//2641
f 1065//2642 1032//2642 1033//2642
f 1066//2643 1033//2643 1034//2643
f 1067//2644 1034//2644 1035//2644
f 1068//2645 1035//2645 1036//2645
f 1069//2646 1036//2646 1037//2646
f 1070//2647 1037//2647 1038//2647
f 1071//2648 1038//2648 1039//2648
f 1072//2649 1039//2649 1040//2649
f 1073//2650 1040//2650 1041//2650
f 1074//2651 1041//2651 1042//2651
f 1075//2652 1042//2652 1043//2652
f 1076//2653 1043//2653 1077//2653
f 1078//2654 1045//2654 1046//2654
f 1079//2655 1046//2655 1047//2655
f 1080//2656 1047//2656 1048//2656
f 1081//2657 1048//2657 1049//2657
f 1082//2658 1049//2658 1050//2658
f 1083//2659 1050//2659 1051//2659
f 1084//2660 1051//2660 1052//2660
f 1085//2661 1052//2661 1053//2661
f 1086//2662 1053//2662 1054//2662
f 1087//2663 1054//2663 1055//2663
f 1088//2664 1055//2664 1056//2664
f 1089//2665 1056//2665 1057//2665
f 1090//2666 1057//2666 1058//2666
f 1091//2667 1058//2667 1059//2667
f 1092//2668 1059//2668 1060//2668
f 1093//2669 1060//2669 1061//2669
f 1094//2670 1061//2670 1062//2670
f 1095//2671 1062//2671 1063//2671
f 1096//2672 1063//2672 1064//2672
f 1097//2673 1064//2673 1065//2673
f 1098//2674 1065//2674 1066//2674
f 1099//2675 1066//2675 1067//2675
f 1100//2676 1067//2676 1068//2676
f 1101//2677 1068//2677 1069//2677
f 1102//2678 1069//2678 1070//2678
f 1103//2679 1070//2679 1071//2679
f 1104//2680 1071//2680 1072//2680
f 1105//2681 1072//2681 1073//2681
f 1106//2682 1073//2682 1074//2682
f 1107//2683 1074//2683 1075//2683
f 1108//2684 1075//2684 1076//2684
f 1109//2685 1076//2685 1110//2685
f 1111//2686 1078//2686 1079//2686
f 1080//2687 1112//2687 1113//2687
f 1113//2688 1079//2688 1080//2688
f 1080//2689 1081//2689 1114//2689
f 1081//2690 1115//2690 1114//2690
f 1115//2691 1081//2691 1082//2691
f 1083//2692 1116//2692 1117//2692
f 1117//2693 1082//2693 1083//2693
f 1083//2694 1084//2694 1118//2694
f 1084//2695 1119//2695 1118//2695
f 1084//2696 1085//2696 1120//2696
f 1085//2697 1121//2697 1120//2697
f 1121//2698 1085//2698 1086//2698
f 1087//2699 1122//2699 1123//2699
f 1123//2700 1086//2700 1087//2700
f 1087//2701 1088//2701 1124//2701
f 1088//2702 1125//2702 1124//2702
f 1125//2703 1088//2703 1089//2703
f 1090//2704 1126//2704 1127//2704
f 1127//2705 1089//2705 1090//2705
f 1090//2706 1091//2706 1128//2706
f 1091//2707 1129//2707 1128//2707
f 1091//2708 1092//2708 1130//2708
f 1092//2709 1131//2709 1130//2709
f 1131//2710 1092//2710 1093//2710
f 1094//2711 1132//2711 1133//2711
f 1133//2712 1093//2712 1094//2712
f 1094//2713 1095//2713 1134//2713
f 1095//2714 1135//2714 1134//2714
f 1135//2715 1095//2715 1096//2715
f 1097//2716 1136//2716 1137//2716
f 1137//2717 1096//2717 1097//2717
f 1098//2718 1138//2718 1139//2718
f 1139//2719 1097//2719 1098//2719
f 1098//2720 1099//2720 1140//2720
f 1099//2721 1141//2721 1140//2721
f 1141//2722 1099//2722 1100//2722
f 1101//2723 1142//2723 1143//2723
f 1143//2724 1100//2724 1101//2724
f 1101//2725 1102//2725 1144//2725
f 1102//2726 1145//2726 1144//2726
f 1145//2727 1102//2727 1103//2727
f 1104//2728 1146//2728 1147//2728
f 1147//2729 1103//2729 1104//2729
f 1105//2730 1148//2730 1149//2730
f 1149//2731 1104//2731 1105//2731
f 1105//2732 1106//2732 1150//2732
f 1106//2733 1151//2733 1150//2733
f 1151//2734 1106//2734 1107//2734
f 1108//2735 1152//2735 1153//2735
f 1153//2736 1107//2736 1108//2736
f 1108//2737 1109//2737 1154//2737
f 1109//2738 1155//2738 1154//2738
f 1155//2739 1109//2739 1156//2739
f 1156//2739 1157//2739 1155//2739
f 1154//2740 1152//2740 1108//2740
f 1153//2741 1158//2741 1107//2741
f 1107//2734 1158//2734 1151//2734
f 1150//2742 1148//2742 1105//2742
f 1149//2743 1146//2743 1104//2743
f 1147//2744 1159//2744 1103//2744
f 1103//2745 1159//2745 1145//2745
f 1144//2746 1142//2746 1101//2746
f 1143//2747 1160//2747 1100//2747
f 1100//2748 1160//2748 1141//2748
f 1140//2749 1138//2749 1098//2749
f 1139//2750 1136//2750 1097//2750
f 1137//2751 1161//2751 1096//2751
f 1096//2752 1161//2752 1135//2752
f 1134//2753 1132//2753 1094//2753
f 1133//2754 1162//2754 1093//2754
f 1093//2755 1162//2755 1131//2755
f 1130//2756 1129//2756 1091//2756
f 1128//2757 1126//2757 1090//2757
f 1127//2758 1163//2758 1089//2758
f 1089//2759 1163//2759 1125//2759
f 1124//2760 1122//2760 1087//2760
f 1123//2761 1164//2761 1086//2761
f 1086//2762 1164//2762 1121//2762
f 1120//2763 1119//2763 1084//2763
f 1118//2764 1116//2764 1083//2764
f 1117//2765 1165//2765 1082//2765
f 1082//2766 1165//2766 1115//2766
f 1114//2767 1112//2767 1080//2767
f 1113//2768 1166//2768 1079//2768
f 1079//2686 1166//2686 1111//2686
f 1110//2769 1156//2769 1109//2769
f 1076//2770 1109//2770 1108//2770
f 1075//2771 1108//2771 1107//2771
f 1074//2682 1107//2682 1106//2682
f 1073//2772 1106//2772 1105//2772
f 1072//2773 1105//2773 1104//2773
f 1071//2679 1104//2679 1103//2679
f 1070//2774 1103//2774 1102//2774
f 1069//2775 1102//2775 1101//2775
f 1068//2776 1101//2776 1100//2776
f 1067//2777 1100//2777 1099//2777
f 1066//2778 1099//2778 1098//2778
f 1065//2779 1098//2779 1097//2779
f 1064//2780 1097//2780 1096//2780
f 1063//2781 1096//2781 1095//2781
f 1062//2670 1095//2670 1094//2670
f 1061//2782 1094//2782 1093//2782
f 1060//2668 1093//2668 1092//2668
f 1059//2667 1092//2667 1091//2667
f 1058//2783 1091//2783 1090//2783
f 1057//2784 1090//2784 1089//2784
f 1056//2664 1089//2664 1088//2664
f 1055//2663 1088//2663 1087//2663
f 1054//2785 1087//2785 1086//2785
f 1053//2786 1086//2786 1085//2786
f 1052//2787 1085//2787 1084//2787
f 1051//2659 1084//2659 1083//2659
f 1050//2658 1083//2658 1082//2658
f 1049//2657 1082//2657 1081//2657
f 1048//2788 1081//2788 1080//2788
f 1047//2655 1080//2655 1079//2655
f 1046//2789 1079//2789 1078//2789
f 1077//2653 1110//2653 1076//2653
f 1043//2652 1076//2652 1075//2652
f 1042//2790 1075//2790 1074//2790
f 1041//2791 1074//2791 1073//2791
f 1040//2792 1073//2792 1072//2792
f 1039//2648 1072//2648 1071//2648
f 1038//2793 1071//2793 1070//2793
f 1037//2794 1070//2794 1069//2794
f 1036//2795 1069//2795 1068//2795
f 1035//2796 1068//2796 1067//2796
f 1034//2797 1067//2797 1066//2797
f 1033//2798 1066//2798 1065//2798
f 1032//2641 1065//2641 1064//2641
f 1031//2799 1064//2799 1063//2799
f 1030//2639 1063//2639 1062//2639
f 1029//2800 1062//2800 1061//2800
f 1028//2637 1061//2637 1060//2637
f 1027//2801 1060//2801 1059//2801
f 1026//2802 1059//2802 1058//2802
f 1025//2803 1058//2803 1057//2803
f 1024//2804 1057//2804 1056//2804
f 1023//2805 1056//2805 1055//2805
f 1022//2806 1055//2806 1054//2806
f 1021//2807 1054//2807 1053//2807
f 1020//2808 1053//2808 1052//2808
f 1019//2809 1052//2809 1051//2809
f 1018//2810 1051//2810 1050//2810
f 1017//2626 1050//2626 1049//2626
f 1016//2811 1049//2811 1048//2811
f 1015//2624 1048//2624 1047//2624
f 1014//2623 1047//2623 1046//2623
f 1013//2622 1046//2622 1045//2622
f 1044//2812 1077//2812 1043//2812
f 1010//2813 1043//2813 1042//2813
f 1009//2814 1042//2814 1041//2814
f 1008//2618 1041//2618 1040//2618
f 1007//2617 1040//2617 1039//2617
f 1006//2616 1039//2616 1038//2616
f 1005//2615 1038//2615 1037//2615
f 1004//2614 1037//2614 1036//2614
f 1003//2815 1036//2815 1035//2815
f 1002//2612 1035//2612 1034//2612
f 1001//2611 1034//2611 1033//2611
f 1000//2610 1033//2610 1032//2610
f 999//2609 1032//2609 1031//2609
f 998//2816 1031//2816 1030//2816
f 997//2817 1030//2817 1029//2817
f 996//2818 1029//2818 1028//2818
f 995//2819 1028//2819 1027//2819
f 994//2604 1027//2604 1026//2604
f 993//2820 1026//2820 1025//2820
f 992//2602 1025//2602 1024//2602
f 991//2601 1024//2601 1023//2601
f 990//2600 1023//2600 1022//2600
f 989//2821 1022//2821 1021//2821
f 988//2598 1021//2598 1020//2598
f 987//2822 1020//2822 1019//2822
f 986//2596 1019//2596 1018//2596
f 985//2595 1018//2595 1017//2595
f 984//2594 1017//2594 1016//2594
f 983//2823 1016//2823 1015//2823
f 982//2824 1015//2824 1014//2824
f 981//2825 1014//2825 1013//2825
f 980//2590 1013//2590 1012//2590
f 1011//2589 1044//2589 1010//2589
f 977//2826 1010//2826 1009//2826
f 976//2587 1009//2587 1008//2587
f 975//2586 1008//2586 1007//2586
f 974//2585 1007//2585 1006//2585
f 973//2584 1006//2584 1005//2584
f 972//2583 1005//2583 1004//2583
f 971//2827 1004//2827 1003//2827
f 970//2828 1003//2828 1002//2828
f 969//2580 1002//2580 1001//2580
f 968//2579 1001//2579 1000//2579
f 967//2829 1000//2829 999//2829
f 966//2577 999//2577 998//2577
f 965//2576 998//2576 997//2576
f 964//2575 997//2575 996//2575
f 963//2830 996//2830 995//2830
f 962//2573 995//2573 994//2573
f 961//2572 994//2572 993//2572
f 960//2571 993//2571 992//2571
f 959//2570 992//2570 991//2570
f 958//2831 991//2831 990//2831
f 957//2568 990//2568 989//2568
f 956//2567 989//2567 988//2567
f 955//2832 988//2832 987//2832
f 954//2565 987//2565 986//2565
f 953//2564 986//2564 985//2564
f 952//2563 985//2563 984//2563
f 951//2562 984//2562 983//2562
f 950//2561 983//2561 982//2561
f 949//2560 982//2560 981//2560
f 948//2559 981//2559 980//2559
f 947//2558 980//2558 979//2558
f 978//2557 1011//2557 977//2557
f 944//2833 977//2833 976//2833
f 943//2834 976//2834 975//2834
f 942//2554 975//2554 974//2554
f 941//2553 974//2553 973//2553
f 940//2552 973//2552 972//2552
f 939//2551 972//2551 971//2551
f 938//2835 971//2835 970//2835
f 937//2549 970//2549 969//2549
f 936//2836 969//2836 968//2836
f 935//2547 968//2547 967//2547
f 934//2546 967//2546 966//2546
f 933//2545 966//2545 965//2545
f 932//2544 965//2544 964//2544
f 931//2543 964//2543 963//2543
f 930//2542 963//2542 962//2542
f 929//2541 962//2541 961//2541
f 928//2837 961//2837 960//2837
f 927//2539 960//2539 959//2539
f 926//2538 959//2538 958//2538
f 925//2537 958//2537 957//2537
f 924//2536 957//2536 956//2536
f 923//2535 956//2535 955//2535
f 922//2534 955//2534 954//2534
f 921//2533 954//2533 953//2533
f 920//2532 953//2532 952//2532
f 919//2838 952//2838 951//2838
f 918//2530 951//2530 950//2530
f 917//2529 950//2529 949//2529
f 916//2528 949//2528 948//2528
f 915//2527 948//2527 947//2527
f 914//2526 947//2526 946//2526
f 945//2525 978//2525 944//2525
f 911//2839 944//2839 943//2839
f 910//2523 943//2523 942//2523
f 909//2522 942//2522 941//2522
f 908//2521 941//2521 940//2521
f 907//2520 940//2520 939//2520
f 906//2519 939//2519 938//2519
f 905//2840 938//2840 937//2840
f 904//2841 937//2841 936//2841
f 903//2516 936//2516 935//2516
f 902//2515 935//2515 934//2515
f 901//2842 934//2842 933//2842
f 900//2843 933//2843 932//2843
f 899//2512 932//2512 931//2512
f 898//2844 931//2844 930//2844
f 897//2510 930//2510 929//2510
f 896//2845 929//2845 928//2845
f 895//2508 928//2508 927//2508
f 894//2507 927//2507 926//2507
f 893//2506 926//2506 925//2506
f 892//2505 925//2505 924//2505
f 891//2846 924//2846 923//2846
f 890//2503 923//2503 922//2503
f 889//2502 922//2502 921//2502
f 888//2501 921//2501 920//2501
f 887//2847 920//2847 919//2847
f 886//2499 919//2499 918//2499
f 885//2848 918//2848 917//2848
f 884//2849 917//2849 916//2849
f 883//2496 916//2496 915//2496
f 882//2850 915//2850 914//2850
f 881//2494 914//2494 913//2494
f 912//2493 945//2493 911//2493
f 878//2492 911//2492 910//2492
f 877//2851 910//2851 909//2851
f 876//2852 909//2852 908//2852
f 875//2489 908//2489 907//2489
f 874//2853 907//2853 906//2853
f 873//2854 906//2854 905//2854
f 872//2486 905//2486 904//2486
f 871//2485 904//2485 903//2485
f 870//2855 903//2855 902//2855
f 869//2483 902//2483 901//2483
f 868//2856 901//2856 900//2856
f 867//2857 900//2857 899//2857
f 866//2858 899//2858 898//2858
f 865//2859 898//2859 897//2859
f 864//2478 897//2478 896//2478
f 863//2860 896//2860 895//2860
f 862//2476 895//2476 894//2476
f 861//2861 894//2861 893//2861
f 860//2474 893//2474 892//2474
f 859//2473 892//2473 891//2473
f 858//2862 891//2862 890//2862
f 857//2471 890//2471 889//2471
f 856//2470 889//2470 888//2470
f 855//2863 888//2863 887//2863
f 854//2864 887//2864 886//2864
f 853//2467 886//2467 885//2467
f 852//2466 885//2466 884//2466
f 851//2865 884//2865 883//2865
f 850//2866 883//2866 882//2866
f 849//2867 882//2867 881//2867
f 848//2462 881//2462 880//2462
f 879//2868 912//2868 878//2868
f 846//2460 878//2460 877//2460
f 844//2459 877//2459 876//2459
f 845//2458 876//2458 875//2458
f 843//2457 875//2457 874//2457
f 841//2456 874//2456 873//2456
f 842//2455 873//2455 872//2455
f 840//2869 872//2869 871//2869
f 838//2453 871//2453 870//2453
f 839//2452 870//2452 869//2452
f 837//2870 869//2870 868//2870
f 835//2450 868//2450 867//2450
f 836//2871 867//2871 866//2871
f 834//2872 866//2872 865//2872
f 832//2873 865//2873 864//2873
f 833//2446 864//2446 863//2446
f 831//2445 863//2445 862//2445
f 830//2444 862//2444 861//2444
f 828//2874 861//2874 860//2874
f 829//2442 860//2442 859//2442
f 827//2875 859//2875 858//2875
f 825//2876 858//2876 857//2876
f 826//2439 857//2439 856//2439
f 824//2438 856//2438 855//2438
f 822//2437 855//2437 854//2437
f 823//2436 854//2436 853//2436
f 821//2877 853//2877 852//2877
f 819//2434 852//2434 851//2434
f 820//2433 851//2433 850//2433
f 818//2432 850//2432 849//2432
f 816//2431 849//2431 848//2431
f 817//2430 848//2430 847//2430
f 763//2878 879//2878 846//2878
f 765//2879 764//2879 846//2879
f 767//2880 766//2880 844//2880
f 768//2881 845//2881 843//2881
f 770//2882 769//2882 843//2882
f 772//2883 771//2883 841//2883
f 773//2419 842//2419 840//2419
f 775//2884 774//2884 840//2884
f 777//2885 776//2885 838//2885
f 778//2414 839//2414 837//2414
f 780//2886 779//2886 837//2886
f 783//2887 836//2887 834//2887
f 785//2888 784//2888 834//2888
f 788//2889 833//2889 831//2889
f 789//2890 831//2890 830//2890
f 791//2891 790//2891 830//2891
f 793//2892 792//2892 828//2892
f 794//2893 829//2893 827//2893
f 796//2894 795//2894 827//2894
f 798//2895 797//2895 825//2895
f 799//2896 826//2896 824//2896
f 801//2897 800//2897 824//2897
f 803//2898 802//2898 822//2898
f 804//2899 823//2899 821//2899
f 806//2900 805//2900 821//2900
f 809//2901 820//2901 818//2901
f 811//2902 810//2902 818//2902
f 814//2374 817//2374 815//2374
f 879//2903 763//2903 762//2903
f 1167//2904 1168//2904 761//2904
f 761//2905 760//2905 1167//2905
f 1168//2906 762//2906 761//2906
f 1167//2907 760//2907 759//2907
f 759//2908 1169//2908 1167//2908
f 1169//2909 758//2909 757//2909
f 1170//2910 1171//2910 756//2910
f 756//2911 755//2911 1170//2911
f 1171//2912 757//2912 756//2912
f 1170//2913 755//2913 754//2913
f 754//2914 1172//2914 1170//2914
f 1172//2915 753//2915 752//2915
f 1173//2916 1174//2916 751//2916
f 1174//2917 752//2917 751//2917
f 1173//2918 750//2918 749//2918
f 749//2919 1175//2919 1173//2919
f 1175//2920 748//2920 747//2920
f 1176//2921 1177//2921 746//2921
f 1177//2922 747//2922 746//2922
f 1176//2923 745//2923 744//2923
f 744//2924 1178//2924 1176//2924
f 1178//2925 743//2925 742//2925
f 1179//2926 1180//2926 741//2926
f 1180//2927 742//2927 741//2927
f 1179//2928 740//2928 739//2928
f 739//2929 1181//2929 1179//2929
f 1181//2930 738//2930 737//2930
f 1182//2931 737//2931 736//2931
f 1183//2932 1184//2932 735//2932
f 735//2933 734//2933 1183//2933
f 1184//2934 736//2934 735//2934
f 1183//2935 734//2935 733//2935
f 733//2936 1185//2936 1183//2936
f 1185//2937 732//2937 731//2937
f 1186//2938 1187//2938 730//2938
f 730//2939 729//2939 1186//2939
f 1187//2940 731//2940 730//2940
f 1186//2941 729//2941 728//2941
f 728//2942 1188//2942 1186//2942
f 1188//2943 727//2943 726//2943
f 1189//2944 1190//2944 725//2944
f 1190//2945 726//2945 725//2945
f 1189//2946 724//2946 723//2946
f 723//2947 1191//2947 1189//2947
f 1191//2948 722//2948 721//2948
f 1192//2949 1193//2949 720//2949
f 1193//2950 721//2950 720//2950
f 1192//2951 719//2951 718//2951
f 718//2952 1194//2952 1192//2952
f 1194//2953 717//2953 716//2953
f 1195//2954 1196//2954 715//2954
f 1196//2955 716//2955 715//2955
f 1195//2956 714//2956 713//2956
f 713//2957 1197//2957 1195//2957
f 1197//2958 711//2958 712//2958
f 912//2959 879//2959 1168//2959
f 1198//2960 1168//2960 1167//2960
f 1199//2961 1167//2961 1169//2961
f 1200//2962 1169//2962 1171//2962
f 1201//2963 1171//2963 1170//2963
f 1202//2964 1170//2964 1172//2964
f 1203//2965 1172//2965 1174//2965
f 1204//2966 1174//2966 1173//2966
f 1205//2967 1173//2967 1175//2967
f 1206//2968 1175//2968 1177//2968
f 1207//2969 1177//2969 1176//2969
f 1208//2970 1176//2970 1178//2970
f 1209//2971 1178//2971 1180//2971
f 1210//2972 1180//2972 1179//2972
f 1211//2973 1179//2973 1181//2973
f 1212//2974 1181//2974 1182//2974
f 1213//2975 1182//2975 1184//2975
f 1214//2976 1184//2976 1183//2976
f 1215//2977 1183//2977 1185//2977
f 1216//2978 1185//2978 1187//2978
f 1217//2979 1187//2979 1186//2979
f 1218//2980 1186//2980 1188//2980
f 1219//2981 1188//2981 1190//2981
f 1220//2982 1190//2982 1189//2982
f 1221//2983 1189//2983 1191//2983
f 1222//2984 1191//2984 1193//2984
f 1223//2985 1193//2985 1192//2985
f 1224//2986 1192//2986 1194//2986
f 1225//2987 1194//2987 1196//2987
f 1226//2988 1196//2988 1195//2988
f 1227//2989 1195//2989 1197//2989
f 1228//2990 1197//2990 815//2990
f 945//2991 912//2991 1198//2991
f 1229//2992 1198//2992 1199//2992
f 1230//2993 1199//2993 1200//2993
f 1231//2994 1200//2994 1201//2994
f 1232//2995 1201//2995 1202//2995
f 1233//2996 1202//2996 1203//2996
f 1234//2997 1203//2997 1204//2997
f 1235//2998 1204//2998 1205//2998
f 1236//2999 1205//2999 1206//2999
f 1237//3000 1206//3000 1207//3000
f 1238//3001 1207//3001 1208//3001
f 1239//3002 1208//3002 1209//3002
f 1240//3003 1209//3003 1210//3003
f 1241//3004 1210//3004 1211//3004
f 1242//3005 1211//3005 1212//3005
f 1243//3006 1212//3006 1213//3006
f 1244//3007 1213//3007 1214//3007
f 1245//3008 1214//3008 1215//3008
f 1246//3009 1215//3009 1216//3009
f 1247//3010 1216//3010 1217//3010
f 1248//3011 1217//3011 1218//3011
f 1249//3012 1218//3012 1219//3012
f 1250//3013 1219//3013 1220//3013
f 1251//3014 1220//3014 1221//3014
f 1252//3015 1221//3015 1222//3015
f 1253//3016 1222//3016 1223//3016
f 1254//3017 1223//3017 1224//3017
f 1255//3018 1224//3018 1225//3018
f 1256//3019 1225//3019 1226//3019
f 1257//3020 1226//3020 1227//3020
f 1258//3021 1227//3021 1228//3021
f 1259//3022 1228//3022 847//3022
f 978//3023 945//3023 1229//3023
f 1260//3024 1229//3024 1230//3024
f 1261//3025 1230//3025 1231//3025
f 1262//3026 1231//3026 1232//3026
f 1263//3027 1232//3027 1233//3027
f 1264//3028 1233//3028 1234//3028
f 1265//3029 1234//3029 1235//3029
f 1266//3030 1235//3030 1236//3030
f 1267//3031 1236//3031 1237//3031
f 1268//3032 1237//3032 1238//3032
f 1269//3033 1238//3033 1239//3033
f 1270//3034 1239//3034 1240//3034
f 1271//3035 1240//3035 1241//3035
f 1272//3036 1241//3036 1242//3036
f 1273//3037 1242//3037 1243//3037
f 1274//3038 1243//3038 1244//3038
f 1275//3039 1244//3039 1245//3039
f 1276//3040 1245//3040 1246//3040
f 1277//3041 1246//3041 1247//3041
f 1278//3042 1247//3042 1248//3042
f 1279//3043 1248//3043 1249//3043
f 1280//3044 1249//3044 1250//3044
f 1281//3045 1250//3045 1251//3045
f 1282//3046 1251//3046 1252//3046
f 1283//3047 1252//3047 1253//3047
f 1284//3048 1253//3048 1254//3048
f 1285//3049 1254//3049 1255//3049
f 1286//3050 1255//3050 1256//3050
f 1287//3051 1256//3051 1257//3051
f 1288//3052 1257//3052 1258//3052
f 1289//3053 1258//3053 1259//3053
f 1290//3054 1259//3054 880//3054
f 1011//3055 978//3055 1260//3055
f 1291//3056 1260//3056 1261//3056
f 1292//3057 1261//3057 1262//3057
f 1293//3058 1262//3058 1263//3058
f 1294//3059 1263//3059 1264//3059
f 1295//3060 1264//3060 1265//3060
f 1296//3061 1265//3061 1266//3061
f 1297//3062 1266//3062 1267//3062
f 1298//3063 1267//3063 1268//3063
f 1299//3064 1268//3064 1269//3064
f 1300//3065 1269//3065 1270//3065
f 1301//3066 1270//3066 1271//3066
f 1302//3067 1271//3067 1272//3067
f 1303//3068 1272//3068 1273//3068
f 1304//3069 1273//3069 1274//3069
f 1305//3070 1274//3070 1275//3070
f 1306//3071 1275//3071 1276//3071
f 1307//3072 1276//3072 1277//3072
f 1308//3073 1277//3073 1278//3073
f 1309//3074 1278//3074 1279//3074
f 1310//3075 1279//3075 1280//3075
f 1311//3076 1280//3076 1281//3076
f 1312//3077 1281//3077 1282//3077
f 1313//3078 1282//3078 1283//3078
f 1314//3079 1283//3079 1284//3079
f 1315//3080 1284//3080 1285//3080
f 1316//3081 1285//3081 1286//3081
f 1317//3082 1286//3082 1287//3082
f 1318//3083 1287//3083 1288//3083
f 1319//3084 1288//3084 1289//3084
f 1320//3085 1289//3085 1290//3085
f 1321//3086 1290//3086 913//3086
f 1044//3087 1011//3087 1291//3087
f 1322//3088 1291//3088 1292//3088
f 1323//3089 1292//3089 1293//3089
f 1324//3090 1293//3090 1294//3090
f 1325//3091 1294//3091 1295//3091
f 1326//3092 1295//3092 1296//3092
f 1327//3093 1296//3093 1297//3093
f 1328//3094 1297//3094 1298//3094
f 1329//3095 1298//3095 1299//3095
f 1330//3096 1299//3096 1300//3096
f 1331//3097 1300//3097 1301//3097
f 1332//3098 1301//3098 1302//3098
f 1333//3099 1302//3099 1303//3099
f 1334//3100 1303//3100 1304//3100
f 1335//3101 1304//3101 1305//3101
f 1336//3102 1305//3102 1306//3102
f 1337//3103 1306//3103 1307//3103
f 1338//3104 1307//3104 1308//3104
f 1339//3105 1308//3105 1309//3105
f 1340//3106 1309//3106 1310//3106
f 1341//3107 1310//3107 1311//3107
f 1342//3108 1311//3108 1312//3108
f 1343//3109 1312//3109 1313//3109
f 1344//3110 1313//3110 1314//3110
f 1345//3111 1314//3111 1315//3111
f 1346//3112 1315//3112 1316//3112
f 1347//3113 1316//3113 1317//3113
f 1348//3114 1317//3114 1318//3114
f 1349//3115 1318//3115 1319//3115
f 1350//3116 1319//3116 1320//3116
f 1351//3117 1320//3117 1321//3117
f 1352//3118 1321//3118 946//3118
f 1077//3119 1044//3119 1322//3119
f 1353//3120 1322//3120 1323//3120
f 1354//3121 1323//3121 1324//3121
f 1355//3122 1324//3122 1325//3122
f 1356//3123 1325//3123 1326//3123
f 1357//3124 1326//3124 1327//3124
f 1358//3125 1327//3125 1328//3125
f 1359//3126 1328//3126 1329//3126
f 1360//3127 1329//3127 1330//3127
f 1361//3128 1330//3128 1331//3128
f 1362//3129 1331//3129 1332//3129
f 1363//3130 1332//3130 1333//3130
f 1364//3131 1333//3131 1334//3131
f 1365//3132 1334//3132 1335//3132
f 1366//3133 1335//3133 1336//3133
f 1367//3134 1336//3134 1337//3134
f 1368//3135 1337//3135 1338//3135
f 1369//3136 1338//3136 1339//3136
f 1370//3137 1339//3137 1340//3137
f 1371//3138 1340//3138 1341//3138
f 1372//3139 1341//3139 1342//3139
f 1373//3140 1342//3140 1343//3140
f 1374//3141 1343//3141 1344//3141
f 1375//3142 1344//3142 1345//3142
f 1376//3143 1345//3143 1346//3143
f 1377//3144 1346//3144 1347//3144
f 1378//3145 1347//3145 1348//3145
f 1379//3146 1348//3146 1349//3146
f 1380//3147 1349//3147 1350//3147
f 1381//3148 1350//3148 1351//3148
f 1382//3149 1351//3149 1352//3149
f 1383//3150 1352//3150 979//3150
f 1110//3151 1077//3151 1353//3151
f 1384//3152 1353//3152 1354//3152
f 1385//3153 1354//3153 1355//3153
f 1386//3154 1355//3154 1356//3154
f 1387//3155 1356//3155 1357//3155
f 1388//3156 1357//3156 1358//3156
f 1389//3157 1358//3157 1359//3157
f 1390//3158 1359//3158 1360//3158
f 1391//3159 1360//3159 1361//3159
f 1392//3160 1361//3160 1362//3160
f 1393//3161 1362//3161 1363//3161
f 1394//3162 1363//3162 1364//3162
f 1395//3163 1364//3163 1365//3163
f 1396//3164 1365//3164 1366//3164
f 1397//3165 1366//3165 1367//3165
f 1398//3166 1367//3166 1368//3166
f 1399//3167 1368//3167 1369//3167
f 1400//3168 1369//3168 1370//3168
f 1401//3169 1370//3169 1371//3169
f 1402//3170 1371//3170 1372//3170
f 1403//3171 1372//3171 1373//3171
f 1404//3172 1373//3172 1374//3172
f 1405//3173 1374//3173 1375//3173
f 1406//3174 1375//3174 1376//3174
f 1407//3175 1376//3175 1377//3175
f 1408//3176 1377//3176 1378//3176
f 1409//3177 1378//3177 1379//3177
f 1410//3178 1379//3178 1380//3178
f 1411//3179 1380//3179 1381//3179
f 1412//3180 1381//3180 1382//3180
f 1413//3181 1382//3181 1383//3181
f 1414//3182 1383//3182 1012//3182
f 1156//3183 1110//3183 1384//3183
f 1415//3184 1384//3184 1385//3184
f 1416//3185 1385//3185 1386//3185
f 1417//3186 1386//3186 1387//3186
f 1418//3187 1387//3187 1388//3187
f 1419//3188 1388//3188 1389//3188
f 1420//3189 1389//3189 1390//3189
f 1421//3190 1390//3190 1391//3190
f 1422//3191 1391//3191 1392//3191
f 1423//3192 1392//3192 1393//3192
f 1424//3193 1393//3193 1394//3193
f 1425//3194 1394//3194 1395//3194
f 1426//3195 1395//3195 1396//3195
f 1427//3196 1396//3196 1397//3196
f 1428//3197 1397//3197 1398//3197
f 1429//3198 1398//3198 1399//3198
f 1430//3199 1399//3199 1400//3199
f 1431//3200 1400//3200 1401//3200
f 1432//3201 1401//3201 1402//3201
f 1433//3202 1402//3202 1403//3202
f 1434//3203 1403//3203 1404//3203
f 1435//3204 1404//3204 1405//3204
f 1436//3205 1405//3205 1406//3205
f 1437//3206 1406//3206 1407//3206
f 1438//3207 1407//3207 1408//3207
f 1439//3208 1408//3208 1409//3208
f 1440//3209 1409//3209 1410//3209
f 1441//3210 1410//3210 1411//3210
f 1442//3211 1411//3211 1412//3211
f 1443//3212 1412//3212 1413//3212
f 1444//3213 1413//3213 1414//3213
f 1445//3214 1414//3214 1045//3214
f 1157//3215 1156//3215 1415//3215
f 1416//3216 1446//3216 1447//3216
f 1447//3217 1415//3217 1416//3217
f 1416//3218 1417//3218 1448//3218
f 1417//3219 1449//3219 1448//3219
f 1449//3220 1417//3220 1418//3220
f 1419//3221 1450//3221 1451//3221
f 1451//3222 1418//3222 1419//3222
f 1419//3223 1420//3223 1452//3223
f 1420//3224 1453//3224 1452//3224
f 1420//3225 1421//3225 1454//3225
f 1421//3226 1455//3226 1454//3226
f 1455//3227 1421//3227 1422//3227
f 1423//3228 1456//3228 1457//3228
f 1457//3229 1422//3229 1423//3229
f 1423//3230 1424//3230 1458//3230
f 1424//3231 1459//3231 1458//3231
f 1459//3232 1424//3232 1425//3232
f 1426//3233 1460//3233 1461//3233
f 1461//3234 1425//3234 1426//3234
f 1426//3235 1427//3235 1462//3235
f 1427//3236 1463//3236 1462//3236
f 1427//3237 1428//3237 1464//3237
f 1428//3238 1465//3238 1464//3238
f 1465//3239 1428//3239 1429//3239
f 1430//3240 1466//3240 1467//3240
f 1467//3241 1429//3241 1430//3241
f 1430//3242 1431//3242 1468//3242
f 1431//3243 1469//3243 1468//3243
f 1469//3244 1431//3244 1432//3244
f 1433//3245 1470//3245 1471//3245
f 1471//3246 1432//3246 1433//3246
f 1434//3247 1472//3247 1473//3247
f 1473//3248 1433//3248 1434//3248
f 1434//3249 1435//3249 1474//3249
f 1435//3250 1475//3250 1474//3250
f 1475//3251 1435//3251 1436//3251
f 1437//3252 1476//3252 1477//3252
f 1477//3253 1436//3253 1437//3253
f 1437//3254 1438//3254 1478//3254
f 1438//3255 1479//3255 1478//3255
f 1479//3256 1438//3256 1439//3256
f 1440//3257 1480//3257 1481//3257
f 1481//3258 1439//3258 1440//3258
f 1441//3259 1482//3259 1483//3259
f 1483//3260 1440//3260 1441//3260
f 1441//3261 1442//3261 1484//3261
f 1442//3262 1485//3262 1484//3262
f 1485//3263 1442//3263 1443//3263
f 1444//3264 1486//3264 1487//3264
f 1487//3265 1443//3265 1444//3265
f 1444//3266 1445//3266 1488//3266
f 1445//3267 1489//3267 1488//3267
f 1489//3268 1445//3268 1078//3268
f 1078//3268 1111//3268 1489//3268
f 1488//3269 1486//3269 1444//3269
f 1487//3270 1490//3270 1443//3270
f 1443//3263 1490//3263 1485//3263
f 1484//3271 1482//3271 1441//3271
f 1483//3272 1480//3272 1440//3272
f 1481//3273 1491//3273 1439//3273
f 1439//3274 1491//3274 1479//3274
f 1478//3275 1476//3275 1437//3275
f 1477//3276 1492//3276 1436//3276
f 1436//3277 1492//3277 1475//3277
f 1474//3278 1472//3278 1434//3278
f 1473//3279 1470//3279 1433//3279
f 1471//3280 1493//3280 1432//3280
f 1432//3281 1493//3281 1469//3281
f 1468//3282 1466//3282 1430//3282
f 1467//3283 1494//3283 1429//3283
f 1429//3239 1494//3239 1465//3239
f 1464//3284 1463//3284 1427//3284
f 1462//3285 1460//3285 1426//3285
f 1461//3286 1495//3286 1425//3286
f 1425//3232 1495//3232 1459//3232
f 1458//3287 1456//3287 1423//3287
f 1457//3288 1496//3288 1422//3288
f 1422//3289 1496//3289 1455//3289
f 1454//3290 1453//3290 1420//3290
f 1452//3291 1450//3291 1419//3291
f 1451//3292 1497//3292 1418//3292
f 1418//3293 1497//3293 1449//3293
f 1448//3294 1446//3294 1416//3294
f 1447//3295 1498//3295 1415//3295
f 1415//3215 1498//3215 1157//3215
f 1045//3296 1078//3296 1445//3296
f 1414//3297 1445//3297 1444//3297
f 1413//3298 1444//3298 1443//3298
f 1412//3299 1443//3299 1442//3299
f 1411//3300 1442//3300 1441//3300
f 1410//3209 1441//3209 1440//3209
f 1409//3208 1440//3208 1439//3208
f 1408//3207 1439//3207 1438//3207
f 1407//3301 1438//3301 1437//3301
f 1406//3302 1437//3302 1436//3302
f 1405//3204 1436//3204 1435//3204
f 1404//3303 1435//3303 1434//3303
f 1403//3304 1434//3304 1433//3304
f 1402//3305 1433//3305 1432//3305
f 1401//3200 1432//3200 1431//3200
f 1400//3306 1431//3306 1430//3306
f 1399//3307 1430//3307 1429//3307
f 1398//3308 1429//3308 1428//3308
f 1397//3309 1428//3309 1427//3309
f 1396//3310 1427//3310 1426//3310
f 1395//3311 1426//3311 1425//3311
f 1394//3312 1425//3312 1424//3312
f 1393//3313 1424//3313 1423//3313
f 1392//3314 1423//3314 1422//3314
f 1391//3315 1422//3315 1421//3315
f 1390//3316 1421//3316 1420//3316
f 1389//3188 1420//3188 1419//3188
f 1388//3187 1419//3187 1418//3187
f 1387//3317 1418//3317 1417//3317
f 1386//3318 1417//3318 1416//3318
f 1385//3184 1416//3184 1415//3184
f 1384//3183 1415//3183 1156//3183
f 1012//3182 1045//3182 1414//3182
f 1383//3181 1414//3181 1413//3181
f 1382//3180 1413//3180 1412//3180
f 1381//3179 1412//3179 1411//3179
f 1380//3178 1411//3178 1410//3178
f 1379//3177 1410//3177 1409//3177
f 1378//3176 1409//3176 1408//3176
f 1377//3319 1408//3319 1407//3319
f 1376//3320 1407//3320 1406//3320
f 1375//3321 1406//3321 1405//3321
f 1374//3322 1405//3322 1404//3322
f 1373//3323 1404//3323 1403//3323
f 1372//3324 1403//3324 1402//3324
f 1371//3325 1402//3325 1401//3325
f 1370//3326 1401//3326 1400//3326
f 1369//3327 1400//3327 1399//3327
f 1368//3328 1399//3328 1398//3328
f 1367//3329 1398//3329 1397//3329
f 1366//3330 1397//3330 1396//3330
f 1365//3331 1396//3331 1395//3331
f 1364//3162 1395//3162 1394//3162
f 1363//3161 1394//3161 1393//3161
f 1362//3332 1393//3332 1392//3332
f 1361//3333 1392//3333 1391//3333
f 1360//3334 1391//3334 1390//3334
f 1359//3335 1390//3335 1389//3335
f 1358//3336 1389//3336 1388//3336
f 1357//3337 1388//3337 1387//3337
f 1356//3338 1387//3338 1386//3338
f 1355//3153 1386//3153 1385//3153
f 1354//3152 1385//3152 1384//3152
f 1353//3151 1384//3151 1110//3151
f 979//3339 1012//3339 1383//3339
f 1352//3149 1383//3149 1382//3149
f 1351//3340 1382//3340 1381//3340
f 1350//3147 1381//3147 1380//3147
f 1349//3146 1380//3146 1379//3146
f 1348//3341 1379//3341 1378//3341
f 1347//3342 1378//3342 1377//3342
f 1346//3143 1377//3143 1376//3143
f 1345//3343 1376//3343 1375//3343
f 1344//3141 1375//3141 1374//3141
f 1343//3140 1374//3140 1373//3140
f 1342//3344 1373//3344 1372//3344
f 1341//3138 1372//3138 1371//3138
f 1340//3345 1371//3345 1370//3345
f 1339//3346 1370//3346 1369//3346
f 1338//3347 1369//3347 1368//3347
f 1337//3348 1368//3348 1367//3348
f 1336//3349 1367//3349 1366//3349
f 1335//3350 1366//3350 1365//3350
f 1334//3131 1365//3131 1364//3131
f 1333//3351 1364//3351 1363//3351
f 1332//3352 1363//3352 1362//3352
f 1331//3353 1362//3353 1361//3353
f 1330//3127 1361//3127 1360//3127
f 1329//3126 1360//3126 1359//3126
f 1328//3125 1359//3125 1358//3125
f 1327//3124 1358//3124 1357//3124
f 1326//3354 1357//3354 1356//3354
f 1325//3355 1356//3355 1355//3355
f 1324//3121 1355//3121 1354//3121
f 1323//3356 1354//3356 1353//3356
f 1322//3119 1353//3119 1077//3119
f 946//3118 979//3118 1352//3118
f 1321//3117 1352//3117 1351//3117
f 1320//3116 1351//3116 1350//3116
f 1319//3115 1350//3115 1349//3115
f 1318//3114 1349//3114 1348//3114
f 1317//3113 1348//3113 1347//3113
f 1316//3112 1347//3112 1346//3112
f 1315//3111 1346//3111 1345//3111
f 1314//3357 1345//3357 1344//3357
f 1313//3109 1344//3109 1343//3109
f 1312//3108 1343//3108 1342//3108
f 1311//3107 1342//3107 1341//3107
f 1310//3106 1341//3106 1340//3106
f 1309//3105 1340//3105 1339//3105
f 1308//3104 1339//3104 1338//3104
f 1307//3103 1338//3103 1337//3103
f 1306//3102 1337//3102 1336//3102
f 1305//3101 1336//3101 1335//3101
f 1304//3100 1335//3100 1334//3100
f 1303//3099 1334//3099 1333//3099
f 1302//3098 1333//3098 1332//3098
f 1301//3097 1332//3097 1331//3097
f 1300//3096 1331//3096 1330//3096
f 1299//3358 1330//3358 1329//3358
f 1298//3094 1329//3094 1328//3094
f 1297//3093 1328//3093 1327//3093
f 1296//3092 1327//3092 1326//3092
f 1295//3091 1326//3091 1325//3091
f 1294//3090 1325//3090 1324//3090
f 1293//3089 1324//3089 1323//3089
f 1292//3088 1323//3088 1322//3088
f 1291//3359 1322//3359 1044//3359
f 913//3086 946//3086 1321//3086
f 1290//3085 1321//3085 1320//3085
f 1289//3084 1320//3084 1319//3084
f 1288//3360 1319//3360 1318//3360
f 1287//3082 1318//3082 1317//3082
f 1286//3081 1317//3081 1316//3081
f 1285//3080 1316//3080 1315//3080
f 1284//3079 1315//3079 1314//3079
f 1283//3361 1314//3361 1313//3361
f 1282//3362 1313//3362 1312//3362
f 1281//3076 1312//3076 1311//3076
f 1280//3075 1311//3075 1310//3075
f 1279//3074 1310//3074 1309//3074
f 1278//3073 1309//3073 1308//3073
f 1277//3072 1308//3072 1307//3072
f 1276//3071 1307//3071 1306//3071
f 1275//3070 1306//3070 1305//3070
f 1274//3069 1305//3069 1304//3069
f 1273//3068 1304//3068 1303//3068
f 1272//3067 1303//3067 1302//3067
f 1271//3066 1302//3066 1301//3066
f 1270//3065 1301//3065 1300//3065
f 1269//3064 1300//3064 1299//3064
f 1268//3063 1299//3063 1298//3063
f 1267//3062 1298//3062 1297//3062
f 1266//3061 1297//3061 1296//3061
f 1265//3060 1296//3060 1295//3060
f 1264//3059 1295//3059 1294//3059
f 1263//3058 1294//3058 1293//3058
f 1262//3057 1293//3057 1292//3057
f 1261//3056 1292//3056 1291//3056
f 1260//3363 1291//3363 1011//3363
f 880//3054 913//3054 1290//3054
f 1259//3053 1290//3053 1289//3053
f 1258//3052 1289//3052 1288//3052
f 1257//3051 1288//3051 1287//3051
f 1256//3364 1287//3364 1286//3364
f 1255//3049 1286//3049 1285//3049
f 1254//3365 1285//3365 1284//3365
f 1253//3047 1284//3047 1283//3047
f 1252//3046 1283//3046 1282//3046
f 1251//3045 1282//3045 1281//3045
f 1250//3366 1281//3366 1280//3366
f 1249//3367 1280//3367 1279//3367
f 1248//3368 1279//3368 1278//3368
f 1247//3041 1278//3041 1277//3041
f 1246//3040 1277//3040 1276//3040
f 1245//3039 1276//3039 1275//3039
f 1244//3038 1275//3038 1274//3038
f 1243//3037 1274//3037 1273//3037
f 1242//3036 1273//3036 1272//3036
f 1241//3035 1272//3035 1271//3035
f 1240//3369 1271//3369 1270//3369
f 1239//3370 1270//3370 1269//3370
f 1238//3371 1269//3371 1268//3371
f 1237//3031 1268//3031 1267//3031
f 1236//3030 1267//3030 1266//3030
f 1235//3372 1266//3372 1265//3372
f 1234//3028 1265//3028 1264//3028
f 1233//3027 1264//3027 1263//3027
f 1232//3373 1263//3373 1262//3373
f 1231//3025 1262//3025 1261//3025
f 1230//3374 1261//3374 1260//3374
f 1229//3023 1260//3023 978//3023
f 847//3375 880//3375 1259//3375
f 1228//3021 1259//3021 1258//3021
f 1227//3376 1258//3376 1257//3376
f 1226//3019 1257//3019 1256//3019
f 1225//3377 1256//3377 1255//3377
f 1224//3378 1255//3378 1254//3378
f 1223//3016 1254//3016 1253//3016
f 1222//3015 1253//3015 1252//3015
f 1221//3379 1252//3379 1251//3379
f 1220//3013 1251//3013 1250//3013
f 1219//3012 1250//3012 1249//3012
f 1218//3380 1249//3380 1248//3380
f 1217//3010 1248//3010 1247//3010
f 1216//3009 1247//3009 1246//3009
f 1215//3381 1246//3381 1245//3381
f 1214//3382 1245//3382 1244//3382
f 1213//3383 1244//3383 1243//3383
f 1212//3384 1243//3384 1242//3384
f 1211//3385 1242//3385 1241//3385
f 1210//3386 1241//3386 1240//3386
f 1209//3387 1240//3387 1239//3387
f 1208//3388 1239//3388 1238//3388
f 1207//3000 1238//3000 1237//3000
f 1206//2999 1237//2999 1236//2999
f 1205//3389 1236//3389 1235//3389
f 1204//3390 1235//3390 1234//3390
f 1203//2996 1234//2996 1233//2996
f 1202//3391 1233//3391 1232//3391
f 1201//2994 1232//2994 1231//2994
f 1200//3392 1231//3392 1230//3392
f 1199//2992 1230//2992 1229//2992
f 1198//2991 1229//2991 945//2991
f 815//3393 847//3393 1228//3393
f 1197//2989 1228//2989 1227//2989
f 1195//2988 1227//2988 1226//2988
f 1196//3394 1226//3394 1225//3394
f 1194//2986 1225//2986 1224//2986
f 1192//2985 1224//2985 1223//2985
f 1193//3395 1223//3395 1222//3395
f 1191//2983 1222//2983 1221//2983
f 1189//2982 1221//2982 1220//2982
f 1190//2981 1220//2981 1219//2981
f 1188//2980 1219//2980 1218//2980
f 1186//3396 1218//3396 1217//3396
f 1187//2978 1217//2978 1216//2978
f 1185//2977 1216//2977 1215//2977
f 1183//3397 1215//3397 1214//3397
f 1184//3398 1214//3398 1213//3398
f 1182//2974 1213//2974 1212//2974
f 1181//2973 1212//2973 1211//2973
f 1179//2972 1211//2972 1210//2972
f 1180//3399 1210//3399 1209//3399
f 1178//3400 1209//3400 1208//3400
f 1176//2969 1208//2969 1207//2969
f 1177//3401 1207//3401 1206//3401
f 1175//3402 1206//3402 1205//3402
f 1173//2966 1205//2966 1204//2966
f 1174//3403 1204//3403 1203//3403
f 1172//2964 1203//2964 1202//2964
f 1170//3404 1202//3404 1201//3404
f 1171//3405 1201//3405 1200//3405
f 1169//3406 1200//3406 1199//3406
f 1167//2960 1199//2960 1198//2960
f 1168//2959 1198//2959 912//2959
f 712//2958 815//2958 1197//2958
f 713//3407 711//3407 1197//3407
f 715//3408 714//3408 1195//3408
f 716//2953 1196//2953 1194//2953
f 718//3409 717//3409 1194//3409
f 720//3410 719//3410 1192//3410
f 721//3411 1193//3411 1191//3411
f 723//3412 722//3412 1191//3412
f 725//3413 724//3413 1189//3413
f 726//2943 1190//2943 1188//2943
f 728//3414 727//3414 1188//3414
f 731//3415 1187//3415 1185//3415
f 733//3416 732//3416 1185//3416
f 736//2931 1184//2931 1182//2931
f 737//3417 1182//3417 1181//3417
f 739//3418 738//3418 1181//3418
f 741//3419 740//3419 1179//3419
f 742//3420 1180//3420 1178//3420
f 744//3421 743//3421 1178//3421
f 746//3422 745//3422 1176//3422
f 747//3423 1177//3423 1175//3423
f 749//3424 748//3424 1175//3424
f 751//3425 750//3425 1173//3425
f 752//3426 1174//3426 1172//3426
f 754//3427 753//3427 1172//3427
f 757//3428 1171//3428 1169//3428
f 759//3429 758//3429 1169//3429
f 762//2903 1168//2903 879//2903
f 1499//3430 1500//3430 1166//3430
f 1111//3431 1166//3431 1500//3431
f 1500//3431 1501//3431 1111//3431
f 1502//3432 1503//3432 1112//3432
f 1113//3433 1112//3433 1503//3433
f 1503//3433 1499//3433 1113//3433
f 1504//3434 1505//3434 1165//3434
f 1115//3435 1165//3435 1505//3435
f 1505//3435 1506//3435 1115//3435
f 1114//3436 1115//3436 1506//3436
f 1506//3436 1502//3436 1114//3436
f 1507//3437 1508//3437 1116//3437
f 1117//3438 1116//3438 1508//3438
f 1508//3439 1504//3439 1117//3439
f 1509//3440 1510//3440 1119//3440
f 1118//3441 1119//3441 1510//3441
f 1510//3441 1507//3441 1118//3441
f 1511//3442 1512//3442 1164//3442
f 1121//3443 1164//3443 1512//3443
f 1512//3443 1513//3443 1121//3443
f 1120//3444 1121//3444 1513//3444
f 1513//3444 1509//3444 1120//3444
f 1514//3445 1515//3445 1122//3445
f 1123//3446 1122//3446 1515//3446
f 1515//3446 1511//3446 1123//3446
f 1516//3447 1517//3447 1163//3447
f 1125//3448 1163//3448 1517//3448
f 1517//3448 1518//3448 1125//3448
f 1124//3449 1125//3449 1518//3449
f 1518//3449 1514//3449 1124//3449
f 1519//3450 1520//3450 1126//3450
f 1127//3451 1126//3451 1520//3451
f 1520//3451 1516//3451 1127//3451
f 1521//3452 1522//3452 1129//3452
f 1128//3453 1129//3453 1522//3453
f 1522//3453 1519//3453 1128//3453
f 1523//3454 1524//3454 1162//3454
f 1131//3455 1162//3455 1524//3455
f 1524//3455 1525//3455 1131//3455
f 1130//3456 1131//3456 1525//3456
f 1525//3456 1521//3456 1130//3456
f 1526//3457 1527//3457 1132//3457
f 1133//3458 1132//3458 1527//3458
f 1527//3458 1523//3458 1133//3458
f 1528//3459 1529//3459 1161//3459
f 1135//3460 1161//3460 1529//3460
f 1529//3460 1530//3460 1135//3460
f 1134//3461 1135//3461 1530//3461
f 1530//3462 1526//3462 1134//3462
f 1531//3463 1532//3463 1136//3463
f 1137//3464 1136//3464 1532//3464
f 1532//3464 1528//3464 1137//3464
f 1533//3465 1534//3465 1138//3465
f 1139//3466 1138//3466 1534//3466
f 1534//3466 1531//3466 1139//3466
f 1535//3467 1536//3467 1160//3467
f 1141//3468 1160//3468 1536//3468
f 1536//3468 1537//3468 1141//3468
f 1140//3469 1141//3469 1537//3469
f 1537//3469 1533//3469 1140//3469
f 1538//3470 1539//3470 1142//3470
f 1143//3471 1142//3471 1539//3471
f 1539//3471 1535//3471 1143//3471
f 1540//3472 1541//3472 1159//3472
f 1145//3473 1159//3473 1541//3473
f 1541//3473 1542//3473 1145//3473
f 1144//3474 1145//3474 1542//3474
f 1542//3474 1538//3474 1144//3474
f 1543//3475 1544//3475 1146//3475
f 1147//3476 1146//3476 1544//3476
f 1544//3476 1540//3476 1147//3476
f 1545//3477 1546//3477 1148//3477
f 1149//3478 1148//3478 1546//3478
f 1546//3478 1543//3478 1149//3478
f 1547//3479 1548//3479 1158//3479
f 1151//3480 1158//3480 1548//3480
f 1548//3480 1549//3480 1151//3480
f 1150//3481 1151//3481 1549//3481
f 1549//3481 1545//3481 1150//3481
f 1550//3482 1551//3482 1152//3482
f 1153//3483 1152//3483 1551//3483
f 1551//3483 1547//3483 1153//3483
f 1552//3484 1155//3484 1157//3484
f 1154//3485 1155//3485 1552//3485
f 1552//3485 1550//3485 1154//3485
f 1157//3484 1553//3484 1552//3484
f 1152//3482 1154//3482 1550//3482
f 1158//3479 1153//3479 1547//3479
f 1148//3477 1150//3477 1545//3477
f 1146//3475 1149//3475 1543//3475
f 1159//3472 1147//3472 1540//3472
f 1142//3470 1144//3470 1538//3470
f 1160//3467 1143//3467 1535//3467
f 1138//3465 1140//3465 1533//3465
f 1136//3463 1139//3463 1531//3463
f 1161//3459 1137//3459 1528//3459
f 1132//3457 1134//3457 1526//3457
f 1162//3454 1133//3454 1523//3454
f 1129//3452 1130//3452 1521//3452
f 1126//3450 1128//3450 1519//3450
f 1163//3447 1127//3447 1516//3447
f 1122//3445 1124//3445 1514//3445
f 1164//3442 1123//3442 1511//3442
f 1119//3440 1120//3440 1509//3440
f 1116//3437 1118//3437 1507//3437
f 1165//3434 1117//3434 1504//3434
f 1112//3432 1114//3432 1502//3432
f 1166//3430 1113//3430 1499//3430
f 1554//3486 1555//3486 1498//3486
f 1157//3487 1498//3487 1555//3487
f 1555//3487 1553//3487 1157//3487
f 1556//3488 1557//3488 1446//3488
f 1447//3489 1446//3489 1557//3489
f 1557//3489 1554//3489 1447//3489
f 1558//3490 1559//3490 1497//3490
f 1449//3491 1497//3491 1559//3491
f 1559//3491 1560//3491 1449//3491
f 1448//3492 1449//3492 1560//3492
f 1560//3492 1556//3492 1448//3492
f 1561//3493 1562//3493 1450//3493
f 1451//3494 1450//3494 1562//3494
f 1562//3495 1558//3495 1451//3495
f 1563//3496 1564//3496 1453//3496
f 1452//3497 1453//3497 1564//3497
f 1564//3497 1561//3497 1452//3497
f 1565//3498 1566//3498 1496//3498
f 1455//3499 1496//3499 1566//3499
f 1566//3499 1567//3499 1455//3499
f 1454//3500 1455//3500 1567//3500
f 1567//3500 1563//3500 1454//3500
f 1568//3501 1569//3501 1456//3501
f 1457//3502 1456//3502 1569//3502
f 1569//3502 1565//3502 1457//3502
f 1570//3503 1571//3503 1495//3503
f 1459//3504 1495//3504 1571//3504
f 1571//3504 1572//3504 1459//3504
f 1458//3505 1459//3505 1572//3505
f 1572//3505 1568//3505 1458//3505
f 1573//3506 1574//3506 1460//3506
f 1461//3507 1460//3507 1574//3507
f 1574//3507 1570//3507 1461//3507
f 1575//3508 1576//3508 1463//3508
f 1462//3509 1463//3509 1576//3509
f 1576//3509 1573//3509 1462//3509
f 1577//3510 1578//3510 1494//3510
f 1465//3511 1494//3511 1578//3511
f 1578//3511 1579//3511 1465//3511
f 1464//3512 1465//3512 1579//3512
f 1579//3512 1575//3512 1464//3512
f 1580//3513 1581//3513 1466//3513
f 1467//3514 1466//3514 1581//3514
f 1581//3514 1577//3514 1467//3514
f 1582//3515 1583//3515 1493//3515
f 1469//3516 1493//3516 1583//3516
f 1583//3516 1584//3516 1469//3516
f 1468//3517 1469//3517 1584//3517
f 1584//3518 1580//3518 1468//3518
f 1585//3519 1586//3519 1470//3519
f 1471//3520 1470//3520 1586//3520
f 1586//3520 1582//3520 1471//3520
f 1587//3521 1588//3521 1472//3521
f 1473//3522 1472//3522 1588//3522
f 1588//3522 1585//3522 1473//3522
f 1589//3523 1590//3523 1492//3523
f 1475//3524 1492//3524 1590//3524
f 1590//3524 1591//3524 1475//3524
f 1474//3525 1475//3525 1591//3525
f 1591//3525 1587//3525 1474//3525
f 1592//3526 1593//3526 1476//3526
f 1477//3527 1476//3527 1593//3527
f 1593//3527 1589//3527 1477//3527
f 1594//3528 1595//3528 1491//3528
f 1479//3529 1491//3529 1595//3529
f 1595//3529 1596//3529 1479//3529
f 1478//3530 1479//3530 1596//3530
f 1596//3530 1592//3530 1478//3530
f 1597//3531 1598//3531 1480//3531
f 1481//3532 1480//3532 1598//3532
f 1598//3532 1594//3532 1481//3532
f 1599//3533 1600//3533 1482//3533
f 1483//3534 1482//3534 1600//3534
f 1600//3534 1597//3534 1483//3534
f 1601//3535 1602//3535 1490//3535
f 1485//3536 1490//3536 1602//3536
f 1602//3536 1603//3536 1485//3536
f 1484//3537 1485//3537 1603//3537
f 1603//3537 1599//3537 1484//3537
f 1604//3538 1605//3538 1486//3538
f 1487//3539 1486//3539 1605//3539
f 1605//3539 1601//3539 1487//3539
f 1606//3540 1489//3540 1111//3540
f 1488//3541 1489//3541 1606//3541
f 1606//3541 1604//3541 1488//3541
f 1111//3540 1501//3540 1606//3540
f 1486//3538 1488//3538 1604//3538
f 1490//3535 1487//3535 1601//3535
f 1482//3533 1484//3533 1599//3533
f 1480//3531 1483//3531 1597//3531
f 1491//3528 1481//3528 1594//3528
f 1476//3526 1478//3526 1592//3526
f 1492//3523 1477//3523 1589//3523
f 1472//3521 1474//3521 1587//3521
f 1470//3519 1473//3519 1585//3519
f 1493//3515 1471//3515 1582//3515
f 1466//3513 1468//3513 1580//3513
f 1494//3510 1467//3510 1577//3510
f 1463//3508 1464//3508 1575//3508
f 1460//3506 1462//3506 1573//3506
f 1495//3503 1461//3503 1570//3503
f 1456//3501 1458//3501 1568//3501
f 1496//3498 1457//3498 1565//3498
f 1453//3496 1454//3496 1563//3496
f 1450//3493 1452//3493 1561//3493
f 1497//3490 1451//3490 1558//3490
f 1446//3488 1448//3488 1556//3488
f 1498//3486 1447//3486 1554//3486
f 1607//3542 1501//3542 1500//3542
f 1608//3543 1609//3543 1499//3543
f 1609//3544 1500//3544 1499//3544
f 1608//3545 1503//3545 1502//3545
f 1502//3546 1610//3546 1608//3546
f 1610//3547 1506//3547 1505//3547
f 1611//3548 1612//3548 1504//3548
f 1612//3549 1505//3549 1504//3549
f 1611//3550 1508//3550 1507//3550
f 1507//3551 1613//3551 1611//3551
f 1613//3552 1510//3552 1509//3552
f 1509//3553 1614//3553 1613//3553
f 1614//3554 1513//3554 1512//3554
f 1615//3555 1616//3555 1511//3555
f 1616//3556 1512//3556 1511//3556
f 1615//3557 1515//3557 1514//3557
f 1514//3558 1617//3558 1615//3558
f 1617//3559 1518//3559 1517//3559
f 1618//3560 1619//3560 1516//3560
f 1619//3561 1517//3561 1516//3561
f 1618//3562 1520//3562 1519//3562
f 1519//3563 1620//3563 1618//3563
f 1620//3564 1522//3564 1521//3564
f 1521//3565 1621//3565 1620//3565
f 1621//3566 1525//3566 1524//3566
f 1622//3567 1623//3567 1523//3567
f 1623//3568 1524//3568 1523//3568
f 1622//3569 1527//3569 1526//3569
f 1526//3570 1624//3570 1622//3570
f 1624//3571 1530//3571 1529//3571
f 1625//3572 1626//3572 1528//3572
f 1626//3573 1529//3573 1528//3573
f 1627//3574 1625//3574 1531//3574
f 1625//3575 1532//3575 1531//3575
f 1627//3576 1534//3576 1533//3576
f 1533//3577 1628//3577 1627//3577
f 1628//3578 1537//3578 1536//3578
f 1629//3579 1630//3579 1535//3579
f 1630//3580 1536//3580 1535//3580
f 1629//3581 1539//3581 1538//3581
f 1538//3582 1631//3582 1629//3582
f 1631//3583 1542//3583 1541//3583
f 1632//3584 1633//3584 1540//3584
f 1633//3585 1541//3585 1540//3585
f 1634//3586 1632//3586 1543//3586
f 1632//3587 1544//3587 1543//3587
f 1634//3588 1546//3588 1545//3588
f 1545//3589 1635//3589 1634//3589
f 1635//3590 1549//3590 1548//3590
f 1636//3591 1637//3591 1547//3591
f 1637//3592 1548//3592 1547//3592
f 1636//3593 1551//3593 1550//3593
f 1550//3594 1638//3594 1636//3594
f 1638//3595 1552//3595 1553//3595
f 1639//3596 1607//3596 1609//3596
f 1640//3597 1609//3597 1608//3597
f 1641//3598 1608//3598 1610//3598
f 1642//3599 1610//3599 1612//3599
f 1643//3600 1612//3600 1611//3600
f 1644//3601 1611//3601 1613//3601
f 1645//3602 1613//3602 1614//3602
f 1646//3603 1614//3603 1616//3603
f 1647//3604 1616//3604 1615//3604
f 1648//3605 1615//3605 1617//3605
f 1649//3606 1617//3606 1619//3606
f 1650//3607 1619//3607 1618//3607
f 1651//3608 1618//3608 1620//3608
f 1652//3609 1620//3609 1621//3609
f 1653//3610 1621//3610 1623//3610
f 1654//3611 1623//3611 1622//3611
f 1655//3612 1622//3612 1624//3612
f 1656//3613 1624//3613 1626//3613
f 1657//3614 1626//3614 1625//3614
f 1658//3615 1625//3615 1627//3615
f 1659//3616 1627//3616 1628//3616
f 1660//3617 1628//3617 1630//3617
f 1661//3618 1630//3618 1629//3618
f 1662//3619 1629//3619 1631//3619
f 1663//3620 1631//3620 1633//3620
f 1664//3621 1633//3621 1632//3621
f 1665//3622 1632//3622 1634//3622
f 1666//3623 1634//3623 1635//3623
f 1667//3624 1635//3624 1637//3624
f 1668//3625 1637//3625 1636//3625
f 1669//3626 1636//3626 1638//3626
f 1670//3627 1638//3627 1671//3627
f 1672//3628 1639//3628 1640//3628
f 1673//3629 1640//3629 1641//3629
f 1674//3630 1641//3630 1642//3630
f 1675//3631 1642//3631 1643//3631
f 1676//3632 1643//3632 1644//3632
f 1677//3633 1644//3633 1645//3633
f 1678//3634 1645//3634 1646//3634
f 1679//3635 1646//3635 1647//3635
f 1680//3636 1647//3636 1648//3636
f 1681//3637 1648//3637 1649//3637
f 1682//3638 1649//3638 1650//3638
f 1683//3639 1650//3639 1651//3639
f 1684//3640 1651//3640 1652//3640
f 1685//3641 1652//3641 1653//3641
f 1686//3642 1653//3642 1654//3642
f 1687//3643 1654//3643 1655//3643
f 1688//3644 1655//3644 1656//3644
f 1689//3645 1656//3645 1657//3645
f 1690//3646 1657//3646 1658//3646
f 1691//3647 1658//3647 1659//3647
f 1692//3648 1659//3648 1660//3648
f 1693//3649 1660//3649 1661//3649
f 1694//3650 1661//3650 1662//3650
f 1695//3651 1662//3651 1663//3651
f 1696//3652 1663//3652 1664//3652
f 1697//3653 1664//3653 1665//3653
f 1698//3654 1665//3654 1666//3654
f 1699//3655 1666//3655 1667//3655
f 1700//3656 1667//3656 1668//3656
f 1701//3657 1668//3657 1669//3657
f 1702//3658 1669//3658 1670//3658
f 1703//3659 1670//3659 1704//3659
f 1705//3660 1672//3660 1673//3660
f 1706//3661 1673//3661 1674//3661
f 1707//3662 1674//3662 1675//3662
f 1708//3663 1675//3663 1676//3663
f 1709//3664 1676//3664 1677//3664
f 1710//3665 1677//3665 1678//3665
f 1711//3666 1678//3666 1679//3666
f 1712//3667 1679//3667 1680//3667
f 1713//3668 1680//3668 1681//3668
f 1714//3669 1681//3669 1682//3669
f 1715//3670 1682//3670 1683//3670
f 1716//3671 1683//3671 1684//3671
f 1717//3672 1684//3672 1685//3672
f 1718//3673 1685//3673 1686//3673
f 1719//3674 1686//3674 1687//3674
f 1720//3675 1687//3675 1688//3675
f 1721//3676 1688//3676 1689//3676
f 1722//3677 1689//3677 1690//3677
f 1723//3678 1690//3678 1691//3678
f 1724//3679 1691//3679 1692//3679
f 1725//3680 1692//3680 1693//3680
f 1726//3681 1693//3681 1694//3681
f 1727//3682 1694//3682 1695//3682
f 1728//3683 1695//3683 1696//3683
f 1729//3684 1696//3684 1697//3684
f 1730//3685 1697//3685 1698//3685
f 1731//3686 1698//3686 1699//3686
f 1732//3687 1699//3687 1700//3687
f 1733//3688 1700//3688 1701//3688
f 1734//3689 1701//3689 1702//3689
f 1735//3690 1702//3690 1703//3690
f 1736//3691 1703//3691 1737//3691
f 1738//3692 1705//3692 1706//3692
f 1739//3693 1706//3693 1707//3693
f 1740//3694 1707//3694 1708//3694
f 1741//3695 1708//3695 1709//3695
f 1742//3696 1709//3696 1710//3696
f 1743//3697 1710//3697 1711//3697
f 1744//3698 1711//3698 1712//3698
f 1745//3699 1712//3699 1713//3699
f 1746//3700 1713//3700 1714//3700
f 1747//3701 1714//3701 1715//3701
f 1748//3702 1715//3702 1716//3702
f 1749//3703 1716//3703 1717//3703
f 1750//3704 1717//3704 1718//3704
f 1751//3705 1718//3705 1719//3705
f 1752//3706 1719//3706 1720//3706
f 1753//3707 1720//3707 1721//3707
f 1754//3708 1721//3708 1722//3708
f 1755//3709 1722//3709 1723//3709
f 1756//3710 1723//3710 1724//3710
f 1757//3711 1724//3711 1725//3711
f 1758//3712 1725//3712 1726//3712
f 1759//3713 1726//3713 1727//3713
f 1760//3714 1727//3714 1728//3714
f 1761//3715 1728//3715 1729//3715
f 1762//3716 1729//3716 1730//3716
f 1763//3717 1730//3717 1731//3717
f 1764//3718 1731//3718 1732//3718
f 1765//3719 1732//3719 1733//3719
f 1766//3720 1733//3720 1734//3720
f 1767//3721 1734//3721 1735//3721
f 1768//3722 1735//3722 1736//3722
f 1769//3723 1736//3723 1770//3723
f 1771//3724 1738//3724 1739//3724
f 1772//3725 1739//3725 1740//3725
f 1773//3726 1740//3726 1741//3726
f 1774//3727 1741//3727 1742//3727
f 1775//3728 1742//3728 1743//3728
f 1776//3729 1743//3729 1744//3729
f 1777//3730 1744//3730 1745//3730
f 1778//3731 1745//3731 1746//3731
f 1779//3732 1746//3732 1747//3732
f 1780//3733 1747//3733 1748//3733
f 1781//3734 1748//3734 1749//3734
f 1782//3735 1749//3735 1750//3735
f 1783//3736 1750//3736 1751//3736
f 1784//3737 1751//3737 1752//3737
f 1785//3738 1752//3738 1753//3738
f 1786//3739 1753//3739 1754//3739
f 1787//3740 1754//3740 1755//3740
f 1788//3741 1755//3741 1756//3741
f 1789//3742 1756//3742 1757//3742
f 1790//3743 1757//3743 1758//3743
f 1791//3744 1758//3744 1759//3744
f 1792//3745 1759//3745 1760//3745
f 1793//3746 1760//3746 1761//3746
f 1794//3747 1761//3747 1762//3747
f 1795//3748 1762//3748 1763//3748
f 1796//3749 1763//3749 1764//3749
f 1797//3750 1764//3750 1765//3750
f 1798//3751 1765//3751 1766//3751
f 1799//3752 1766//3752 1767//3752
f 1800//3753 1767//3753 1768//3753
f 1801//3754 1768//3754 1769//3754
f 1802//3755 1769//3755 1803//3755
f 1804//3756 1771//3756 1772//3756
f 1805//3757 1772//3757 1773//3757
f 1806//3758 1773//3758 1774//3758
f 1807//3759 1774//3759 1775//3759
f 1808//3760 1775//3760 1776//3760
f 1809//3761 1776//3761 1777//3761
f 1810//3762 1777//3762 1778//3762
f 1811//3763 1778//3763 1779//3763
f 1812//3764 1779//3764 1780//3764
f 1813//3765 1780//3765 1781//3765
f 1814//3766 1781//3766 1782//3766
f 1815//3767 1782//3767 1783//3767
f 1816//3768 1783//3768 1784//3768
f 1817//3769 1784//3769 1785//3769
f 1818//3770 1785//3770 1786//3770
f 1819//3771 1786//3771 1787//3771
f 1820//3772 1787//3772 1788//3772
f 1821//3773 1788//3773 1789//3773
f 1822//3774 1789//3774 1790//3774
f 1823//3775 1790//3775 1791//3775
f 1824//3776 1791//3776 1792//3776
f 1825//3777 1792//3777 1793//3777
f 1826//3778 1793//3778 1794//3778
f 1827//3779 1794//3779 1795//3779
f 1828//3780 1795//3780 1796//3780
f 1829//3781 1796//3781 1797//3781
f 1830//3782 1797//3782 1798//3782
f 1831//3783 1798//3783 1799//3783
f 1832//3784 1799//3784 1800//3784
f 1833//3785 1800//3785 1801//3785
f 1834//3786 1801//3786 1802//3786
f 1835//3787 1802//3787 1836//3787
f 1837//3788 1804//3788 1805//3788
f 1838//3789 1805//3789 1806//3789
f 1839//3790 1806//3790 1807//3790
f 1840//3791 1807//3791 1808//3791
f 1841//3792 1808//3792 1809//3792
f 1842//3793 1809//3793 1810//3793
f 1843//3794 1810//3794 1811//3794
f 1844//3795 1811//3795 1812//3795
f 1845//3796 1812//3796 1813//3796
f 1846//3797 1813//3797 1814//3797
f 1847//3798 1814//3798 1815//3798
f 1848//3799 1815//3799 1816//3799
f 1849//3800 1816//3800 1817//3800
f 1850//3801 1817//3801 1818//3801
f 1851//3802 1818//3802 1819//3802
f 1852//3803 1819//3803 1820//3803
f 1853//3804 1820//3804 1821//3804
f 1854//3805 1821//3805 1822//3805
f 1855//3806 1822//3806 1823//3806
f 1856//3807 1823//3807 1824//3807
f 1857//3808 1824//3808 1825//3808
f 1858//3809 1825//3809 1826//3809
f 1859//3810 1826//3810 1827//3810
f 1860//3811 1827//3811 1828//3811
f 1861//3812 1828//3812 1829//3812
f 1862//3813 1829//3813 1830//3813
f 1863//3814 1830//3814 1831//3814
f 1864//3815 1831//3815 1832//3815
f 1865//3816 1832//3816 1833//3816
f 1866//3817 1833//3817 1834//3817
f 1867//3818 1834//3818 1835//3818
f 1868//3819 1835//3819 1869//3819
f 1870//3820 1837//3820 1838//3820
f 1871//3821 1838//3821 1839//3821
f 1872//3822 1839//3822 1840//3822
f 1873//3823 1840//3823 1841//3823
f 1874//3824 1841//3824 1842//3824
f 1875//3825 1842//3825 1843//3825
f 1876//3826 1843//3826 1844//3826
f 1877//3827 1844//3827 1845//3827
f 1878//3828 1845//3828 1846//3828
f 1879//3829 1846//3829 1847//3829
f 1880//3830 1847//3830 1848//3830
f 1881//3831 1848//3831 1849//3831
f 1882//3832 1849//3832 1850//3832
f 1883//3833 1850//3833 1851//3833
f 1884//3834 1851//3834 1852//3834
f 1885//3835 1852//3835 1853//3835
f 1886//3836 1853//3836 1854//3836
f 1887//3837 1854//3837 1855//3837
f 1888//3838 1855//3838 1856//3838
f 1889//3839 1856//3839 1857//3839
f 1890//3840 1857//3840 1858//3840
f 1891//3841 1858//3841 1859//3841
f 1892//3842 1859//3842 1860//3842
f 1893//3843 1860//3843 1861//3843
f 1894//3844 1861//3844 1862//3844
f 1895//3845 1862//3845 1863//3845
f 1896//3846 1863//3846 1864//3846
f 1897//3847 1864//3847 1865//3847
f 1898//3848 1865//3848 1866//3848
f 1899//3849 1866//3849 1867//3849
f 1900//3850 1867//3850 1868//3850
f 1901//3851 1868//3851 1902//3851
f 1903//3852 1870//3852 1871//3852
f 1872//3853 1904//3853 1905//3853
f 1905//3854 1871//3854 1872//3854
f 1872//3855 1873//3855 1906//3855
f 1873//3856 1907//3856 1906//3856
f 1907//3857 1873//3857 1874//3857
f 1875//3858 1908//3858 1909//3858
f 1909//3859 1874//3859 1875//3859
f 1875//3860 1876//3860 1910//3860
f 1876//3861 1911//3861 1910//3861
f 1911//3862 1876//3862 1877//3862
f 1878//3863 1912//3863 1913//3863
f 1913//3864 1877//3864 1878//3864
f 1878//3865 1879//3865 1914//3865
f 1879//3866 1915//3866 1914//3866
f 1915//3867 1879//3867 1880//3867
f 1881//3868 1916//3868 1917//3868
f 1917//3869 1880//3869 1881//3869
f 1881//3870 1882//3870 1918//3870
f 1918//3871 1916//3871 1881//3871
f 1882//3872 1919//3872 1918//3872
f 1919//3873 1882//3873 1883//3873
f 1884//3874 1920//3874 1921//3874
f 1921//3875 1883//3875 1884//3875
f 1884//3876 1885//3876 1922//3876
f 1922//3877 1920//3877 1884//3877
f 1885//3878 1923//3878 1922//3878
f 1923//3879 1885//3879 1886//3879
f 1924//3880 1886//3880 1887//3880
f 1888//3881 1925//3881 1926//3881
f 1926//3882 1887//3882 1888//3882
f 1888//3883 1889//3883 1927//3883
f 1889//3884 1928//3884 1927//3884
f 1928//3885 1889//3885 1890//3885
f 1891//3886 1929//3886 1930//3886
f 1930//3887 1890//3887 1891//3887
f 1891//3888 1892//3888 1931//3888
f 1892//3889 1932//3889 1931//3889
f 1932//3890 1892//3890 1893//3890
f 1894//3891 1933//3891 1934//3891
f 1934//3892 1893//3892 1894//3892
f 1894//3893 1895//3893 1935//3893
f 1895//3894 1936//3894 1935//3894
f 1936//3895 1895//3895 1896//3895
f 1897//3896 1937//3896 1938//3896
f 1938//3897 1896//3897 1897//3897
f 1897//3898 1898//3898 1939//3898
f 1939//3899 1937//3899 1897//3899
f 1898//3900 1940//3900 1939//3900
f 1940//3901 1898//3901 1899//3901
f 1900//3902 1941//3902 1942//3902
f 1942//3903 1899//3903 1900//3903
f 1900//3904 1901//3904 1943//3904
f 1943//3905 1941//3905 1900//3905
f 1901//3906 1944//3906 1943//3906
f 1944//3907 1901//3907 1945//3907
f 1945//3908 1946//3908 1944//3908
f 1942//3909 1947//3909 1899//3909
f 1899//3901 1947//3901 1940//3901
f 1938//3910 1948//3910 1896//3910
f 1896//3911 1948//3911 1936//3911
f 1935//3912 1933//3912 1894//3912
f 1934//3913 1949//3913 1893//3913
f 1893//3914 1949//3914 1932//3914
f 1931//3915 1929//3915 1891//3915
f 1930//3916 1950//3916 1890//3916
f 1890//3917 1950//3917 1928//3917
f 1927//3918 1925//3918 1888//3918
f 1926//3919 1951//3919 1887//3919
f 1887//3920 1951//3920 1924//3920
f 1886//3921 1924//3921 1923//3921
f 1921//3922 1952//3922 1883//3922
f 1883//3873 1952//3873 1919//3873
f 1917//3923 1953//3923 1880//3923
f 1880//3924 1953//3924 1915//3924
f 1914//3925 1912//3925 1878//3925
f 1913//3926 1954//3926 1877//3926
f 1877//3927 1954//3927 1911//3927
f 1910//3928 1908//3928 1875//3928
f 1909//3929 1955//3929 1874//3929
f 1874//3857 1955//3857 1907//3857
f 1906//3930 1904//3930 1872//3930
f 1905//3931 1956//3931 1871//3931
f 1871//3932 1956//3932 1903//3932
f 1902//3851 1945//3851 1901//3851
f 1868//3933 1901//3933 1900//3933
f 1867//3849 1900//3849 1899//3849
f 1866//3848 1899//3848 1898//3848
f 1865//3847 1898//3847 1897//3847
f 1864//3934 1897//3934 1896//3934
f 1863//3845 1896//3845 1895//3845
f 1862//3935 1895//3935 1894//3935
f 1861//3843 1894//3843 1893//3843
f 1860//3842 1893//3842 1892//3842
f 1859//3841 1892//3841 1891//3841
f 1858//3840 1891//3840 1890//3840
f 1857//3936 1890//3936 1889//3936
f 1856//3937 1889//3937 1888//3937
f 1855//3837 1888//3837 1887//3837
f 1854//3938 1887//3938 1886//3938
f 1853//3835 1886//3835 1885//3835
f 1852//3834 1885//3834 1884//3834
f 1851//3833 1884//3833 1883//3833
f 1850//3832 1883//3832 1882//3832
f 1849//3939 1882//3939 1881//3939
f 1848//3830 1881//3830 1880//3830
f 1847//3940 1880//3940 1879//3940
f 1846//3941 1879//3941 1878//3941
f 1845//3827 1878//3827 1877//3827
f 1844//3826 1877//3826 1876//3826
f 1843//3825 1876//3825 1875//3825
f 1842//3824 1875//3824 1874//3824
f 1841//3823 1874//3823 1873//3823
f 1840//3942 1873//3942 1872//3942
f 1839//3821 1872//3821 1871//3821
f 1838//3820 1871//3820 1870//3820
f 1869//3819 1902//3819 1868//3819
f 1835//3818 1868//3818 1867//3818
f 1834//3943 1867//3943 1866//3943
f 1833//3816 1866//3816 1865//3816
f 1832//3944 1865//3944 1864//3944
f 1831//3945 1864//3945 1863//3945
f 1830//3813 1863//3813 1862//3813
f 1829//3812 1862//3812 1861//3812
f 1828//3811 1861//3811 1860//3811
f 1827//3810 1860//3810 1859//3810
f 1826//3809 1859//3809 1858//3809
f 1825//3946 1858//3946 1857//3946
f 1824//3807 1857//3807 1856//3807
f 1823//3947 1856//3947 1855//3947
f 1822//3948 1855//3948 1854//3948
f 1821//3804 1854//3804 1853//3804
f 1820//3949 1853//3949 1852//3949
f 1819//3802 1852//3802 1851//3802
f 1818//3950 1851//3950 1850//3950
f 1817//3800 1850//3800 1849//3800
f 1816//3799 1849//3799 1848//3799
f 1815//3951 1848//3951 1847//3951
f 1814//3952 1847//3952 1846//3952
f 1813//3796 1846//3796 1845//3796
f 1812//3953 1845//3953 1844//3953
f 1811//3794 1844//3794 1843//3794
f 1810//3793 1843//3793 1842//3793
f 1809//3792 1842//3792 1841//3792
f 1808//3954 1841//3954 1840//3954
f 1807//3790 1840//3790 1839//3790
f 1806//3955 1839//3955 1838//3955
f 1805//3788 1838//3788 1837//3788
f 1836//3787 1869//3787 1835//3787
f 1802//3786 1835//3786 1834//3786
f 1801//3785 1834//3785 1833//3785
f 1800//3784 1833//3784 1832//3784
f 1799//3783 1832//3783 1831//3783
f 1798//3782 1831//3782 1830//3782
f 1797//3781 1830//3781 1829//3781
f 1796//3780 1829//3780 1828//3780
f 1795//3956 1828//3956 1827//3956
f 1794//3778 1827//3778 1826//3778
f 1793//3777 1826//3777 1825//3777
f 1792//3776 1825//3776 1824//3776
f 1791//3775 1824//3775 1823//3775
f 1790//3774 1823//3774 1822//3774
f 1789//3957 1822//3957 1821//3957
f 1788//3772 1821//3772 1820//3772
f 1787//3771 1820//3771 1819//3771
f 1786//3770 1819//3770 1818//3770
f 1785//3769 1818//3769 1817//3769
f 1784//3768 1817//3768 1816//3768
f 1783//3767 1816//3767 1815//3767
f 1782//3958 1815//3958 1814//3958
f 1781//3765 1814//3765 1813//3765
f 1780//3764 1813//3764 1812//3764
f 1779//3763 1812//3763 1811//3763
f 1778//3762 1811//3762 1810//3762
f 1777//3761 1810//3761 1809//3761
f 1776//3959 1809//3959 1808//3959
f 1775//3960 1808//3960 1807//3960
f 1774//3758 1807//3758 1806//3758
f 1773//3757 1806//3757 1805//3757
f 1772//3756 1805//3756 1804//3756
f 1803//3961 1836//3961 1802//3961
f 1769//3754 1802//3754 1801//3754
f 1768//3753 1801//3753 1800//3753
f 1767//3962 1800//3962 1799//3962
f 1766//3751 1799//3751 1798//3751
f 1765//3750 1798//3750 1797//3750
f 1764//3749 1797//3749 1796//3749
f 1763//3748 1796//3748 1795//3748
f 1762//3963 1795//3963 1794//3963
f 1761//3964 1794//3964 1793//3964
f 1760//3745 1793//3745 1792//3745
f 1759//3744 1792//3744 1791//3744
f 1758//3743 1791//3743 1790//3743
f 1757//3742 1790//3742 1789//3742
f 1756//3741 1789//3741 1788//3741
f 1755//3740 1788//3740 1787//3740
f 1754//3739 1787//3739 1786//3739
f 1753//3738 1786//3738 1785//3738
f 1752//3737 1785//3737 1784//3737
f 1751//3736 1784//3736 1783//3736
f 1750//3735 1783//3735 1782//3735
f 1749//3734 1782//3734 1781//3734
f 1748//3733 1781//3733 1780//3733
f 1747//3732 1780//3732 1779//3732
f 1746//3731 1779//3731 1778//3731
f 1745//3965 1778//3965 1777//3965
f 1744//3729 1777//3729 1776//3729
f 1743//3728 1776//3728 1775//3728
f 1742//3727 1775//3727 1774//3727
f 1741//3726 1774//3726 1773//3726
f 1740//3725 1773//3725 1772//3725
f 1739//3966 1772//3966 1771//3966
f 1770//3723 1803//3723 1769//3723
f 1736//3722 1769//3722 1768//3722
f 1735//3721 1768//3721 1767//3721
f 1734//3720 1767//3720 1766//3720
f 1733//3719 1766//3719 1765//3719
f 1732//3967 1765//3967 1764//3967
f 1731//3717 1764//3717 1763//3717
f 1730//3716 1763//3716 1762//3716
f 1729//3968 1762//3968 1761//3968
f 1728//3714 1761//3714 1760//3714
f 1727//3713 1760//3713 1759//3713
f 1726//3712 1759//3712 1758//3712
f 1725//3711 1758//3711 1757//3711
f 1724//3710 1757//3710 1756//3710
f 1723//3709 1756//3709 1755//3709
f 1722//3969 1755//3969 1754//3969
f 1721//3707 1754//3707 1753//3707
f 1720//3706 1753//3706 1752//3706
f 1719//3705 1752//3705 1751//3705
f 1718//3704 1751//3704 1750//3704
f 1717//3703 1750//3703 1749//3703
f 1716//3702 1749//3702 1748//3702
f 1715//3970 1748//3970 1747//3970
f 1714//3700 1747//3700 1746//3700
f 1713//3971 1746//3971 1745//3971
f 1712//3698 1745//3698 1744//3698
f 1711//3697 1744//3697 1743//3697
f 1710//3972 1743//3972 1742//3972
f 1709//3973 1742//3973 1741//3973
f 1708//3694 1741//3694 1740//3694
f 1707//3693 1740//3693 1739//3693
f 1706//3692 1739//3692 1738//3692
f 1737//3974 1770//3974 1736//3974
f 1703//3690 1736//3690 1735//3690
f 1702//3975 1735//3975 1734//3975
f 1701//3688 1734//3688 1733//3688
f 1700//3687 1733//3687 1732//3687
f 1699//3686 1732//3686 1731//3686
f 1698//3976 1731//3976 1730//3976
f 1697//3684 1730//3684 1729//3684
f 1696//3977 1729//3977 1728//3977
f 1695//3978 1728//3978 1727//3978
f 1694//3681 1727//3681 1726//3681
f 1693//3680 1726//3680 1725//3680
f 1692//3679 1725//3679 1724//3679
f 1691//3678 1724//3678 1723//3678
f 1690//3677 1723//3677 1722//3677
f 1689//3676 1722//3676 1721//3676
f 1688//3675 1721//3675 1720//3675
f 1687//3674 1720//3674 1719//3674
f 1686//3673 1719//3673 1718//3673
f 1685//3979 1718//3979 1717//3979
f 1684//3671 1717//3671 1716//3671
f 1683//3980 1716//3980 1715//3980
f 1682//3669 1715//3669 1714//3669
f 1681//3668 1714//3668 1713//3668
f 1680//3667 1713//3667 1712//3667
f 1679//3981 1712//3981 1711//3981
f 1678//3982 1711//3982 1710//3982
f 1677//3983 1710//3983 1709//3983
f 1676//3984 1709//3984 1708//3984
f 1675//3662 1708//3662 1707//3662
f 1674//3661 1707//3661 1706//3661
f 1673//3660 1706//3660 1705//3660
f 1704//3985 1737//3985 1703//3985
f 1670//3986 1703//3986 1702//3986
f 1669//3657 1702//3657 1701//3657
f 1668//3656 1701//3656 1700//3656
f 1667//3987 1700//3987 1699//3987
f 1666//3988 1699//3988 1698//3988
f 1665//3989 1698//3989 1697//3989
f 1664//3652 1697//3652 1696//3652
f 1663//3651 1696//3651 1695//3651
f 1662//3650 1695//3650 1694//3650
f 1661//3649 1694//3649 1693//3649
f 1660//3990 1693//3990 1692//3990
f 1659//3647 1692//3647 1691//3647
f 1658//3646 1691//3646 1690//3646
f 1657//3645 1690//3645 1689//3645
f 1656//3644 1689//3644 1688//3644
f 1655//3991 1688//3991 1687//3991
f 1654//3992 1687//3992 1686//3992
f 1653//3993 1686//3993 1685//3993
f 1652//3994 1685//3994 1684//3994
f 1651//3639 1684//3639 1683//3639
f 1650//3995 1683//3995 1682//3995
f 1649//3996 1682//3996 1681//3996
f 1648//3636 1681//3636 1680//3636
f 1647//3635 1680//3635 1679//3635
f 1646//3634 1679//3634 1678//3634
f 1645//3633 1678//3633 1677//3633
f 1644//3997 1677//3997 1676//3997
f 1643//3631 1676//3631 1675//3631
f 1642//3630 1675//3630 1674//3630
f 1641//3629 1674//3629 1673//3629
f 1640//3628 1673//3628 1672//3628
f 1671//3998 1704//3998 1670//3998
f 1638//3999 1670//3999 1669//3999
f 1636//3625 1669//3625 1668//3625
f 1637//3624 1668//3624 1667//3624
f 1635//3623 1667//3623 1666//3623
f 1634//4000 1666//4000 1665//4000
f 1632//3621 1665//3621 1664//3621
f 1633//3620 1664//3620 1663//3620
f 1631//4001 1663//4001 1662//4001
f 1629//4002 1662//4002 1661//4002
f 1630//4003 1661//4003 1660//4003
f 1628//4004 1660//4004 1659//4004
f 1627//4005 1659//4005 1658//4005
f 1625//4006 1658//4006 1657//4006
f 1626//4007 1657//4007 1656//4007
f 1624//3612 1656//3612 1655//3612
f 1622//4008 1655//4008 1654//4008
f 1623//4009 1654//4009 1653//4009
f 1621//3609 1653//3609 1652//3609
f 1620//4010 1652//4010 1651//4010
f 1618//3607 1651//3607 1650//3607
f 1619//4011 1650//4011 1649//4011
f 1617//4012 1649//4012 1648//4012
f 1615//4013 1648//4013 1647//4013
f 1616//4014 1647//4014 1646//4014
f 1614//4015 1646//4015 1645//4015
f 1613//4016 1645//4016 1644//4016
f 1611//3600 1644//3600 1643//3600
f 1612//3599 1643//3599 1642//3599
f 1610//4017 1642//4017 1641//4017
f 1608//4018 1641//4018 1640//4018
f 1609//3596 1640//3596 1639//3596
f 1553//3595 1671//3595 1638//3595
f 1550//4019 1552//4019 1638//4019
f 1547//4020 1551//4020 1636//4020
f 1548//3590 1637//3590 1635//3590
f 1545//4021 1549//4021 1635//4021
f 1543//4022 1546//4022 1634//4022
f 1540//4023 1544//4023 1632//4023
f 1541//4024 1633//4024 1631//4024
f 1538//4025 1542//4025 1631//4025
f 1535//4026 1539//4026 1629//4026
f 1536//4027 1630//4027 1628//4027
f 1533//4028 1537//4028 1628//4028
f 1531//4029 1534//4029 1627//4029
f 1528//4030 1532//4030 1625//4030
f 1529//4031 1626//4031 1624//4031
f 1526//4032 1530//4032 1624//4032
f 1523//4033 1527//4033 1622//4033
f 1524//4034 1623//4034 1621//4034
f 1521//4035 1525//4035 1621//4035
f 1519//4036 1522//4036 1620//4036
f 1516//4037 1520//4037 1618//4037
f 1517//4038 1619//4038 1617//4038
f 1514//4039 1518//4039 1617//4039
f 1511//4040 1515//4040 1615//4040
f 1512//4041 1616//4041 1614//4041
f 1509//4042 1513//4042 1614//4042
f 1507//4043 1510//4043 1613//4043
f 1504//4044 1508//4044 1611//4044
f 1505//3547 1612//3547 1610//3547
f 1502//4045 1506//4045 1610//4045
f 1499//4046 1503//4046 1608//4046
f 1500//3542 1609//3542 1607//3542
f 1671//4047 1553//4047 1555//4047
f 1957//4048 1958//4048 1554//4048
f 1958//4049 1555//4049 1554//4049
f 1957//4050 1557//4050 1556//4050
f 1556//4051 1959//4051 1957//4051
f 1959//4052 1560//4052 1559//4052
f 1960//4053 1961//4053 1558//4053
f 1961//4054 1559//4054 1558//4054
f 1960//4055 1562//4055 1561//4055
f 1561//4056 1962//4056 1960//4056
f 1962//4057 1564//4057 1563//4057
f 1563//4058 1963//4058 1962//4058
f 1963//4059 1567//4059 1566//4059
f 1964//4060 1965//4060 1565//4060
f 1965//4061 1566//4061 1565//4061
f 1964//4062 1569//4062 1568//4062
f 1568//4063 1966//4063 1964//4063
f 1966//4064 1572//4064 1571//4064
f 1967//4065 1968//4065 1570//4065
f 1968//4066 1571//4066 1570//4066
f 1967//4067 1574//4067 1573//4067
f 1573//4068 1969//4068 1967//4068
f 1969//4069 1576//4069 1575//4069
f 1575//4070 1970//4070 1969//4070
f 1970//4071 1579//4071 1578//4071
f 1971//4072 1972//4072 1577//4072
f 1972//4073 1578//4073 1577//4073
f 1971//4074 1581//4074 1580//4074
f 1580//4075 1973//4075 1971//4075
f 1973//4076 1584//4076 1583//4076
f 1974//4077 1975//4077 1582//4077
f 1975//4078 1583//4078 1582//4078
f 1976//4079 1974//4079 1585//4079
f 1974//4080 1586//4080 1585//4080
f 1976//4081 1588//4081 1587//4081
f 1587//4082 1977//4082 1976//4082
f 1977//4083 1591//4083 1590//4083
f 1978//4084 1979//4084 1589//4084
f 1979//4085 1590//4085 1589//4085
f 1978//4086 1593//4086 1592//4086
f 1592//4087 1980//4087 1978//4087
f 1980//4088 1596//4088 1595//4088
f 1981//4089 1982//4089 1594//4089
f 1982//4090 1595//4090 1594//4090
f 1983//4091 1981//4091 1597//4091
f 1981//4092 1598//4092 1597//4092
f 1983//4093 1600//4093 1599//4093
f 1599//4094 1984//4094 1983//4094
f 1984//4095 1603//4095 1602//4095
f 1985//4096 1986//4096 1601//4096
f 1986//4097 1602//4097 1601//4097
f 1985//4098 1605//4098 1604//4098
f 1604//4099 1987//4099 1985//4099
f 1987//4100 1606//4100 1501//4100
f 1704//4101 1671//4101 1958//4101
f 1988//4102 1958//4102 1957//4102
f 1989//4103 1957//4103 1959//4103
f 1990//4104 1959//4104 1961//4104
f 1991//4105 1961//4105 1960//4105
f 1992//4106 1960//4106 1962//4106
f 1993//4107 1962//4107 1963//4107
f 1994//4108 1963//4108 1965//4108
f 1995//4109 1965//4109 1964//4109
f 1996//4110 1964//4110 1966//4110
f 1997//4111 1966//4111 1968//4111
f 1998//4112 1968//4112 1967//4112
f 1999//4113 1967//4113 1969//4113
f 2000//4114 1969//4114 1970//4114
f 2001//4115 1970//4115 1972//4115
f 2002//4116 1972//4116 1971//4116
f 2003//4117 1971//4117 1973//4117
f 2004//4118 1973//4118 1975//4118
f 2005//4119 1975//4119 1974//4119
f 2006//4120 1974//4120 1976//4120
f 2007//4121 1976//4121 1977//4121
f 2008//4122 1977//4122 1979//4122
f 2009//4123 1979//4123 1978//4123
f 2010//4124 1978//4124 1980//4124
f 2011//4125 1980//4125 1982//4125
f 2012//4126 1982//4126 1981//4126
f 2013//4127 1981//4127 1983//4127
f 2014//4128 1983//4128 1984//4128
f 2015//4129 1984//4129 1986//4129
f 2016//4130 1986//4130 1985//4130
f 2017//4131 1985//4131 1987//4131
f 2018//4132 1987//4132 1607//4132
f 1737//4133 1704//4133 1988//4133
f 2019//4134 1988//4134 1989//4134
f 2020//4135 1989//4135 1990//4135
f 2021//4136 1990//4136 1991//4136
f 2022//4137 1991//4137 1992//4137
f 2023//4138 1992//4138 1993//4138
f 2024//4139 1993//4139 1994//4139
f 2025//4140 1994//4140 1995//4140
f 2026//4141 1995//4141 1996//4141
f 2027//4142 1996//4142 1997//4142
f 2028//4143 1997//4143 1998//4143
f 2029//4144 1998//4144 1999//4144
f 2030//4145 1999//4145 2000//4145
f 2031//4146 2000//4146 2001//4146
f 2032//4147 2001//4147 2002//4147
f 2033//4148 2002//4148 2003//4148
f 2034//4149 2003//4149 2004//4149
f 2035//4150 2004//4150 2005//4150
f 2036//4151 2005//4151 2006//4151
f 2037//4152 2006//4152 2007//4152
f 2038//4153 2007//4153 2008//4153
f 2039//4154 2008//4154 2009//4154
f 2040//4155 2009//4155 2010//4155
f 2041//4156 2010//4156 2011//4156
f 2042//4157 2011//4157 2012//4157
f 2043//4158 2012//4158 2013//4158
f 2044//4159 2013//4159 2014//4159
f 2045//4160 2014//4160 2015//4160
f 2046//4161 2015//4161 2016//4161
f 2047//4162 2016//4162 2017//4162
f 2048//4163 2017//4163 2018//4163
f 2049//4164 2018//4164 1639//4164
f 1770//4165 1737//4165 2019//4165
f 2050//4166 2019//4166 2020//4166
f 2051//4167 2020//4167 2021//4167
f 2052//4168 2021//4168 2022//4168
f 2053//4169 2022//4169 2023//4169
f 2054//4170 2023//4170 2024//4170
f 2055//4171 2024//4171 2025//4171
f 2056//4172 2025//4172 2026//4172
f 2057//4173 2026//4173 2027//4173
f 2058//4174 2027//4174 2028//4174
f 2059//4175 2028//4175 2029//4175
f 2060//4176 2029//4176 2030//4176
f 2061//4177 2030//4177 2031//4177
f 2062//4178 2031//4178 2032//4178
f 2063//4179 2032//4179 2033//4179
f 2064//4180 2033//4180 2034//4180
f 2065//4181 2034//4181 2035//4181
f 2066//4182 2035//4182 2036//4182
f 2067//4183 2036//4183 2037//4183
f 2068//4184 2037//4184 2038//4184
f 2069//4185 2038//4185 2039//4185
f 2070//4186 2039//4186 2040//4186
f 2071//4187 2040//4187 2041//4187
f 2072//4188 2041//4188 2042//4188
f 2073//4189 2042//4189 2043//4189
f 2074//4190 2043//4190 2044//4190
f 2075//4191 2044//4191 2045//4191
f 2076//4192 2045//4192 2046//4192
f 2077//4193 2046//4193 2047//4193
f 2078//4194 2047//4194 2048//4194
f 2079//4195 2048//4195 2049//4195
f 2080//4196 2049//4196 1672//4196
f 1803//4197 1770//4197 2050//4197
f 2081//4198 2050//4198 2051//4198
f 2082//4199 2051//4199 2052//4199
f 2083//4200 2052//4200 2053//4200
f 2084//4201 2053//4201 2054//4201
f 2085//4202 2054//4202 2055//4202
f 2086//4203 2055//4203 2056//4203
f 2087//4204 2056//4204 2057//4204
f 2088//4205 2057//4205 2058//4205
f 2089//4206 2058//4206 2059//4206
f 2090//4207 2059//4207 2060//4207
f 2091//4208 2060//4208 2061//4208
f 2092//4209 2061//4209 2062//4209
f 2093//4210 2062//4210 2063//4210
f 2094//4211 2063//4211 2064//4211
f 2095//4212 2064//4212 2065//4212
f 2096//4213 2065//4213 2066//4213
f 2097//4214 2066//4214 2067//4214
f 2098//4215 2067//4215 2068//4215
f 2099//4216 2068//4216 2069//4216
f 2100//4217 2069//4217 2070//4217
f 2101//4218 2070//4218 2071//4218
f 2102//4219 2071//4219 2072//4219
f 2103//4220 2072//4220 2073//4220
f 2104//4221 2073//4221 2074//4221
f 2105//4222 2074//4222 2075//4222
f 2106//4223 2075//4223 2076//4223
f 2107//4224 2076//4224 2077//4224
f 2108//4225 2077//4225 2078//4225
f 2109//4226 2078//4226 2079//4226
f 2110//4227 2079//4227 2080//4227
f 2111//4228 2080//4228 1705//4228
f 1836//4229 1803//4229 2081//4229
f 2112//4230 2081//4230 2082//4230
f 2113//4231 2082//4231 2083//4231
f 2114//4232 2083//4232 2084//4232
f 2115//4233 2084//4233 2085//4233
f 2116//4234 2085//4234 2086//4234
f 2117//4235 2086//4235 2087//4235
f 2118//4236 2087//4236 2088//4236
f 2119//4237 2088//4237 2089//4237
f 2120//4238 2089//4238 2090//4238
f 2121//4239 2090//4239 2091//4239
f 2122//4240 2091//4240 2092//4240
f 2123//4241 2092//4241 2093//4241
f 2124//4242 2093//4242 2094//4242
f 2125//4243 2094//4243 2095//4243
f 2126//4244 2095//4244 2096//4244
f 2127//4245 2096//4245 2097//4245
f 2128//4246 2097//4246 2098//4246
f 2129//4247 2098//4247 2099//4247
f 2130//4248 2099//4248 2100//4248
f 2131//4249 2100//4249 2101//4249
f 2132//4250 2101//4250 2102//4250
f 2133//4251 2102//4251 2103//4251
f 2134//4252 2103//4252 2104//4252
f 2135//4253 2104//4253 2105//4253
f 2136//4254 2105//4254 2106//4254
f 2137//4255 2106//4255 2107//4255
f 2138//4256 2107//4256 2108//4256
f 2139//4257 2108//4257 2109//4257
f 2140//4258 2109//4258 2110//4258
f 2141//4259 2110//4259 2111//4259
f 2142//4260 2111//4260 1738//4260
f 1869//4261 1836//4261 2112//4261
f 2143//4262 2112//4262 2113//4262
f 2144//4263 2113//4263 2114//4263
f 2145//4264 2114//4264 2115//4264
f 2146//4265 2115//4265 2116//4265
f 2147//4266 2116//4266 2117//4266
f 2148//4267 2117//4267 2118//4267
f 2149//4268 2118//4268 2119//4268
f 2150//4269 2119//4269 2120//4269
f 2151//4270 2120//4270 2121//4270
f 2152//4271 2121//4271 2122//4271
f 2153//4272 2122//4272 2123//4272
f 2154//4273 2123//4273 2124//4273
f 2155//4274 2124//4274 2125//4274
f 2156//4275 2125//4275 2126//4275
f 2157//4276 2126//4276 2127//4276
f 2158//4277 2127//4277 2128//4277
f 2159//4278 2128//4278 2129//4278
f 2160//4279 2129//4279 2130//4279
f 2161//4280 2130//4280 2131//4280
f 2162//4281 2131//4281 2132//4281
f 2163//4282 2132//4282 2133//4282
f 2164//4283 2133//4283 2134//4283
f 2165//4284 2134//4284 2135//4284
f 2166//4285 2135//4285 2136//4285
f 2167//4286 2136//4286 2137//4286
f 2168//4287 2137//4287 2138//4287
f 2169//4288 2138//4288 2139//4288
f 2170//4289 2139//4289 2140//4289
f 2171//4290 2140//4290 2141//4290
f 2172//4291 2141//4291 2142//4291
f 2173//4292 2142//4292 1771//4292
f 1902//4293 1869//4293 2143//4293
f 2174//4294 2143//4294 2144//4294
f 2175//4295 2144//4295 2145//4295
f 2176//4296 2145//4296 2146//4296
f 2177//4297 2146//4297 2147//4297
f 2178//4298 2147//4298 2148//4298
f 2179//4299 2148//4299 2149//4299
f 2180//4300 2149//4300 2150//4300
f 2181//4301 2150//4301 2151//4301
f 2182//4302 2151//4302 2152//4302
f 2183//4303 2152//4303 2153//4303
f 2184//4304 2153//4304 2154//4304
f 2185//4305 2154//4305 2155//4305
f 2186//4306 2155//4306 2156//4306
f 2187//4307 2156//4307 2157//4307
f 2188//4308 2157//4308 2158//4308
f 2189//4309 2158//4309 2159//4309
f 2190//4310 2159//4310 2160//4310
f 2191//4311 2160//4311 2161//4311
f 2192//4312 2161//4312 2162//4312
f 2193//4313 2162//4313 2163//4313
f 2194//4314 2163//4314 2164//4314
f 2195//4315 2164//4315 2165//4315
f 2196//4316 2165//4316 2166//4316
f 2197//4317 2166//4317 2167//4317
f 2198//4318 2167//4318 2168//4318
f 2199//4319 2168//4319 2169//4319
f 2200//4320 2169//4320 2170//4320
f 2201//4321 2170//4321 2171//4321
f 2202//4322 2171//4322 2172//4322
f 2203//4323 2172//4323 2173//4323
f 2204//4324 2173//4324 1804//4324
f 1945//4325 1902//4325 2174//4325
f 2205//4326 2174//4326 2175//4326
f 2206//4327 2175//4327 2176//4327
f 2207//4328 2176//4328 2177//4328
f 2208//4329 2177//4329 2178//4329
f 2209//4330 2178//4330 2179//4330
f 2210//4331 2179//4331 2180//4331
f 2211//4332 2180//4332 2181//4332
f 2212//4333 2181//4333 2182//4333
f 2213//4334 2182//4334 2183//4334
f 2214//4335 2183//4335 2184//4335
f 2215//4336 2184//4336 2185//4336
f 2216//4337 2185//4337 2186//4337
f 2217//4338 2186//4338 2187//4338
f 2218//4339 2187//4339 2188//4339
f 2219//4340 2188//4340 2189//4340
f 2220//4341 2189//4341 2190//4341
f 2221//4342 2190//4342 2191//4342
f 2222//4343 2191//4343 2192//4343
f 2223//4344 2192//4344 2193//4344
f 2224//4345 2193//4345 2194//4345
f 2225//4346 2194//4346 2195//4346
f 2226//4347 2195//4347 2196//4347
f 2227//4348 2196//4348 2197//4348
f 2228//4349 2197//4349 2198//4349
f 2229//4350 2198//4350 2199//4350
f 2230//4351 2199//4351 2200//4351
f 2231//4352 2200//4352 2201//4352
f 2232//4353 2201//4353 2202//4353
f 2233//4354 2202//4354 2203//4354
f 2234//4355 2203//4355 2204//4355
f 2235//4356 2204//4356 1837//4356
f 1946//4357 1945//4357 2205//4357
f 2206//4358 2236//4358 2237//4358
f 2237//4359 2205//4359 2206//4359
f 2206//4360 2207//4360 2238//4360
f 2207//4361 2239//4361 2238//4361
f 2239//4362 2207//4362 2208//4362
f 2209//4363 2240//4363 2241//4363
f 2241//4364 2208//4364 2209//4364
f 2209//4365 2210//4365 2242//4365
f 2210//4366 2243//4366 2242//4366
f 2243//4367 2210//4367 2211//4367
f 2212//4368 2244//4368 2245//4368
f 2245//4369 2211//4369 2212//4369
f 2212//4370 2213//4370 2246//4370
f 2213//4371 2247//4371 2246//4371
f 2247//4372 2213//4372 2214//4372
f 2215//4373 2248//4373 2249//4373
f 2249//4374 2214//4374 2215//4374
f 2215//4375 2216//4375 2250//4375
f 2250//4376 2248//4376 2215//4376
f 2216//4377 2251//4377 2250//4377
f 2251//4378 2216//4378 2217//4378
f 2218//4379 2252//4379 2253//4379
f 2253//4380 2217//4380 2218//4380
f 2218//4381 2219//4381 2254//4381
f 2254//4382 2252//4382 2218//4382
f 2219//4383 2255//4383 2254//4383
f 2255//4384 2219//4384 2220//4384
f 2256//4385 2220//4385 2221//4385
f 2222//4386 2257//4386 2258//4386
f 2258//4387 2221//4387 2222//4387
f 2222//4388 2223//4388 2259//4388
f 2223//4389 2260//4389 2259//4389
f 2260//4390 2223//4390 2224//4390
f 2225//4391 2261//4391 2262//4391
f 2262//4392 2224//4392 2225//4392
f 2225//4393 2226//4393 2263//4393
f 2226//4394 2264//4394 2263//4394
f 2264//4395 2226//4395 2227//4395
f 2228//4396 2265//4396 2266//4396
f 2266//4397 2227//4397 2228//4397
f 2228//4398 2229//4398 2267//4398
f 2229//4399 2268//4399 2267//4399
f 2268//4400 2229//4400 2230//4400
f 2231//4401 2269//4401 2270//4401
f 2270//4402 2230//4402 2231//4402
f 2231//4403 2232//4403 2271//4403
f 2271//4404 2269//4404 2231//4404
f 2232//4405 2272//4405 2271//4405
f 2272//4406 2232//4406 2233//4406
f 2234//4407 2273//4407 2274//4407
f 2274//4408 2233//4408 2234//4408
f 2234//4409 2235//4409 2275//4409
f 2275//4410 2273//4410 2234//4410
f 2235//4411 2276//4411 2275//4411
f 2276//4412 2235//4412 1870//4412
f 1870//4413 1903//4413 2276//4413
f 2274//4414 2277//4414 2233//4414
f 2233//4406 2277//4406 2272//4406
f 2270//4415 2278//4415 2230//4415
f 2230//4416 2278//4416 2268//4416
f 2267//4417 2265//4417 2228//4417
f 2266//4418 2279//4418 2227//4418
f 2227//4419 2279//4419 2264//4419
f 2263//4420 2261//4420 2225//4420
f 2262//4421 2280//4421 2224//4421
f 2224//4390 2280//4390 2260//4390
f 2259//4422 2257//4422 2222//4422
f 2258//4423 2281//4423 2221//4423
f 2221//4385 2281//4385 2256//4385
f 2220//4424 2256//4424 2255//4424
f 2253//4425 2282//4425 2217//4425
f 2217//4426 2282//4426 2251//4426
f 2249//4427 2283//4427 2214//4427
f 2214//4372 2283//4372 2247//4372
f 2246//4428 2244//4428 2212//4428
f 2245//4429 2284//4429 2211//4429
f 2211//4367 2284//4367 2243//4367
f 2242//4430 2240//4430 2209//4430
f 2241//4431 2285//4431 2208//4431
f 2208//4432 2285//4432 2239//4432
f 2238//4433 2236//4433 2206//4433
f 2237//4434 2286//4434 2205//4434
f 2205//4435 2286//4435 1946//4435
f 1837//4356 1870//4356 2235//4356
f 2204//4436 2235//4436 2234//4436
f 2203//4354 2234//4354 2233//4354
f 2202//4437 2233//4437 2232//4437
f 2201//4352 2232//4352 2231//4352
f 2200//4438 2231//4438 2230//4438
f 2199//4350 2230//4350 2229//4350
f 2198//4349 2229//4349 2228//4349
f 2197//4348 2228//4348 2227//4348
f 2196//4347 2227//4347 2226//4347
f 2195//4346 2226//4346 2225//4346
f 2194//4439 2225//4439 2224//4439
f 2193//4344 2224//4344 2223//4344
f 2192//4343 2223//4343 2222//4343
f 2191//4342 2222//4342 2221//4342
f 2190//4440 2221//4440 2220//4440
f 2189//4340 2220//4340 2219//4340
f 2188//4441 2219//4441 2218//4441
f 2187//4338 2218//4338 2217//4338
f 2186//4442 2217//4442 2216//4442
f 2185//4443 2216//4443 2215//4443
f 2184//4444 2215//4444 2214//4444
f 2183//4445 2214//4445 2213//4445
f 2182//4446 2213//4446 2212//4446
f 2181//4332 2212//4332 2211//4332
f 2180//4331 2211//4331 2210//4331
f 2179//4447 2210//4447 2209//4447
f 2178//4448 2209//4448 2208//4448
f 2177//4328 2208//4328 2207//4328
f 2176//4327 2207//4327 2206//4327
f 2175//4326 2206//4326 2205//4326
f 2174//4325 2205//4325 1945//4325
f 1804//4324 1837//4324 2204//4324
f 2173//4323 2204//4323 2203//4323
f 2172//4449 2203//4449 2202//4449
f 2171//4321 2202//4321 2201//4321
f 2170//4450 2201//4450 2200//4450
f 2169//4319 2200//4319 2199//4319
f 2168//4318 2199//4318 2198//4318
f 2167//4317 2198//4317 2197//4317
f 2166//4451 2197//4451 2196//4451
f 2165//4315 2196//4315 2195//4315
f 2164//4314 2195//4314 2194//4314
f 2163//4452 2194//4452 2193//4452
f 2162//4453 2193//4453 2192//4453
f 2161//4454 2192//4454 2191//4454
f 2160//4455 2191//4455 2190//4455
f 2159//4456 2190//4456 2189//4456
f 2158//4457 2189//4457 2188//4457
f 2157//4458 2188//4458 2187//4458
f 2156//4459 2187//4459 2186//4459
f 2155//4305 2186//4305 2185//4305
f 2154//4460 2185//4460 2184//4460
f 2153//4461 2184//4461 2183//4461
f 2152//4302 2183//4302 2182//4302
f 2151//4301 2182//4301 2181//4301
f 2150//4462 2181//4462 2180//4462
f 2149//4463 2180//4463 2179//4463
f 2148//4298 2179//4298 2178//4298
f 2147//4297 2178//4297 2177//4297
f 2146//4464 2177//4464 2176//4464
f 2145//4465 2176//4465 2175//4465
f 2144//4466 2175//4466 2174//4466
f 2143//4293 2174//4293 1902//4293
f 1771//4292 1804//4292 2173//4292
f 2142//4291 2173//4291 2172//4291
f 2141//4290 2172//4290 2171//4290
f 2140//4289 2171//4289 2170//4289
f 2139//4288 2170//4288 2169//4288
f 2138//4467 2169//4467 2168//4467
f 2137//4468 2168//4468 2167//4468
f 2136//4285 2167//4285 2166//4285
f 2135//4469 2166//4469 2165//4469
f 2134//4283 2165//4283 2164//4283
f 2133//4282 2164//4282 2163//4282
f 2132//4281 2163//4281 2162//4281
f 2131//4280 2162//4280 2161//4280
f 2130//4279 2161//4279 2160//4279
f 2129//4278 2160//4278 2159//4278
f 2128//4470 2159//4470 2158//4470
f 2127//4276 2158//4276 2157//4276
f 2126//4275 2157//4275 2156//4275
f 2125//4274 2156//4274 2155//4274
f 2124//4273 2155//4273 2154//4273
f 2123//4471 2154//4471 2153//4471
f 2122//4271 2153//4271 2152//4271
f 2121//4472 2152//4472 2151//4472
f 2120//4269 2151//4269 2150//4269
f 2119//4268 2150//4268 2149//4268
f 2118//4473 2149//4473 2148//4473
f 2117//4266 2148//4266 2147//4266
f 2116//4474 2147//4474 2146//4474
f 2115//4475 2146//4475 2145//4475
f 2114//4263 2145//4263 2144//4263
f 2113//4476 2144//4476 2143//4476
f 2112//4261 2143//4261 1869//4261
f 1738//4260 1771//4260 2142//4260
f 2111//4259 2142//4259 2141//4259
f 2110//4258 2141//4258 2140//4258
f 2109//4477 2140//4477 2139//4477
f 2108//4256 2139//4256 2138//4256
f 2107//4255 2138//4255 2137//4255
f 2106//4254 2137//4254 2136//4254
f 2105//4253 2136//4253 2135//4253
f 2104//4252 2135//4252 2134//4252
f 2103//4478 2134//4478 2133//4478
f 2102//4250 2133//4250 2132//4250
f 2101//4249 2132//4249 2131//4249
f 2100//4479 2131//4479 2130//4479
f 2099//4247 2130//4247 2129//4247
f 2098//4246 2129//4246 2128//4246
f 2097//4245 2128//4245 2127//4245
f 2096//4244 2127//4244 2126//4244
f 2095//4243 2126//4243 2125//4243
f 2094//4242 2125//4242 2124//4242
f 2093//4241 2124//4241 2123//4241
f 2092//4240 2123//4240 2122//4240
f 2091//4239 2122//4239 2121//4239
f 2090//4238 2121//4238 2120//4238
f 2089//4237 2120//4237 2119//4237
f 2088//4236 2119//4236 2118//4236
f 2087//4480 2118//4480 2117//4480
f 2086//4234 2117//4234 2116//4234
f 2085//4481 2116//4481 2115//4481
f 2084//4232 2115//4232 2114//4232
f 2083//4231 2114//4231 2113//4231
f 2082//4230 2113//4230 2112//4230
f 2081//4482 2112//4482 1836//4482
f 1705//4228 1738//4228 2111//4228
f 2080//4227 2111//4227 2110//4227
f 2079//4226 2110//4226 2109//4226
f 2078//4225 2109//4225 2108//4225
f 2077//4224 2108//4224 2107//4224
f 2076//4223 2107//4223 2106//4223
f 2075//4222 2106//4222 2105//4222
f 2074//4483 2105//4483 2104//4483
f 2073//4484 2104//4484 2103//4484
f 2072//4219 2103//4219 2102//4219
f 2071//4218 2102//4218 2101//4218
f 2070//4217 2101//4217 2100//4217
f 2069//4216 2100//4216 2099//4216
f 2068//4215 2099//4215 2098//4215
f 2067//4214 2098//4214 2097//4214
f 2066//4213 2097//4213 2096//4213
f 2065//4212 2096//4212 2095//4212
f 2064//4211 2095//4211 2094//4211
f 2063//4210 2094//4210 2093//4210
f 2062//4209 2093//4209 2092//4209
f 2061//4208 2092//4208 2091//4208
f 2060//4207 2091//4207 2090//4207
f 2059//4485 2090//4485 2089//4485
f 2058//4486 2089//4486 2088//4486
f 2057//4487 2088//4487 2087//4487
f 2056//4203 2087//4203 2086//4203
f 2055//4202 2086//4202 2085//4202
f 2054//4201 2085//4201 2084//4201
f 2053//4488 2084//4488 2083//4488
f 2052//4199 2083//4199 2082//4199
f 2051//4198 2082//4198 2081//4198
f 2050//4197 2081//4197 1803//4197
f 1672//4196 1705//4196 2080//4196
f 2049//4195 2080//4195 2079//4195
f 2048//4489 2079//4489 2078//4489
f 2047//4193 2078//4193 2077//4193
f 2046//4192 2077//4192 2076//4192
f 2045//4191 2076//4191 2075//4191
f 2044//4490 2075//4490 2074//4490
f 2043//4491 2074//4491 2073//4491
f 2042//4492 2073//4492 2072//4492
f 2041//4493 2072//4493 2071//4493
f 2040//4186 2071//4186 2070//4186
f 2039//4185 2070//4185 2069//4185
f 2038//4494 2069//4494 2068//4494
f 2037//4495 2068//4495 2067//4495
f 2036//4496 2067//4496 2066//4496
f 2035//4497 2066//4497 2065//4497
f 2034//4498 2065//4498 2064//4498
f 2033//4499 2064//4499 2063//4499
f 2032//4500 2063//4500 2062//4500
f 2031//4177 2062//4177 2061//4177
f 2030//4501 2061//4501 2060//4501
f 2029//4502 2060//4502 2059//4502
f 2028//4174 2059//4174 2058//4174
f 2027//4173 2058//4173 2057//4173
f 2026//4172 2057//4172 2056//4172
f 2025//4171 2056//4171 2055//4171
f 2024//4503 2055//4503 2054//4503
f 2023//4169 2054//4169 2053//4169
f 2022//4168 2053//4168 2052//4168
f 2021//4167 2052//4167 2051//4167
f 2020//4166 2051//4166 2050//4166
f 2019//4165 2050//4165 1770//4165
f 1639//4504 1672//4504 2049//4504
f 2018//4505 2049//4505 2048//4505
f 2017//4162 2048//4162 2047//4162
f 2016//4161 2047//4161 2046//4161
f 2015//4506 2046//4506 2045//4506
f 2014//4159 2045//4159 2044//4159
f 2013//4507 2044//4507 2043//4507
f 2012//4157 2043//4157 2042//4157
f 2011//4508 2042//4508 2041//4508
f 2010//4155 2041//4155 2040//4155
f 2009//4154 2040//4154 2039//4154
f 2008//4509 2039//4509 2038//4509
f 2007//4152 2038//4152 2037//4152
f 2006//4510 2037//4510 2036//4510
f 2005//4150 2036//4150 2035//4150
f 2004//4511 2035//4511 2034//4511
f 2003//4512 2034//4512 2033//4512
f 2002//4513 2033//4513 2032//4513
f 2001//4146 2032//4146 2031//4146
f 2000//4514 2031//4514 2030//4514
f 1999//4515 2030//4515 2029//4515
f 1998//4143 2029//4143 2028//4143
f 1997//4516 2028//4516 2027//4516
f 1996//4141 2027//4141 2026//4141
f 1995//4140 2026//4140 2025//4140
f 1994//4139 2025//4139 2024//4139
f 1993//4138 2024//4138 2023//4138
f 1992//4137 2023//4137 2022//4137
f 1991//4136 2022//4136 2021//4136
f 1990//4135 2021//4135 2020//4135
f 1989//4134 2020//4134 2019//4134
f 1988//4133 2019//4133 1737//4133
f 1607//4517 1639//4517 2018//4517
f 1987//4518 2018//4518 2017//4518
f 1985//4130 2017//4130 2016//4130
f 1986//4129 2016//4129 2015//4129
f 1984//4128 2015//4128 2014//4128
f 1983//4519 2014//4519 2013//4519
f 1981//4126 2013//4126 2012//4126
f 1982//4125 2012//4125 2011//4125
f 1980//4520 2011//4520 2010//4520
f 1978//4521 2010//4521 2009//4521
f 1979//4522 2009//4522 2008//4522
f 1977//4121 2008//4121 2007//4121
f 1976//4523 2007//4523 2006//4523
f 1974//4524 2006//4524 2005//4524
f 1975//4525 2005//4525 2004//4525
f 1973//4117 2004//4117 2003//4117
f 1971//4526 2003//4526 2002//4526
f 1972//4527 2002//4527 2001//4527
f 1970//4528 2001//4528 2000//4528
f 1969//4113 2000//4113 1999//4113
f 1967//4529 1999//4529 1998//4529
f 1968//4530 1998//4530 1997//4530
f 1966//4110 1997//4110 1996//4110
f 1964//4531 1996//4531 1995//4531
f 1965//4532 1995//4532 1994//4532
f 1963//4107 1994//4107 1993//4107
f 1962//4533 1993//4533 1992//4533
f 1960//4534 1992//4534 1991//4534
f 1961//4535 1991//4535 1990//4535
f 1959//4103 1990//4103 1989//4103
f 1957//4536 1989//4536 1988//4536
f 1958//4101 1988//4101 1704//4101
f 1501//4100 1607//4100 1987//4100
f 1604//4537 1606//4537 1987//4537
f 1601//4538 1605//4538 1985//4538
f 1602//4095 1986//4095 1984//4095
f 1599//4539 1603//4539 1984//4539
f 1597//4540 1600//4540 1983//4540
f 1594//4541 1598//4541 1981//4541
f 1595//4542 1982//4542 1980//4542
f 1592//4543 1596//4543 1980//4543
f 1589//4544 1593//4544 1978//4544
f 1590//4083 1979//4083 1977//4083
f 1587//4545 1591//4545 1977//4545
f 1585//4546 1588//4546 1976//4546
f 1582//4547 1586//4547 1974//4547
f 1583//4076 1975//4076 1973//4076
f 1580//4548 1584//4548 1973//4548
f 1577//4549 1581//4549 1971//4549
f 1578//4550 1972//4550 1970//4550
f 1575//4551 1579//4551 1970//4551
f 1573//4552 1576//4552 1969//4552
f 1570//4553 1574//4553 1967//4553
f 1571//4064 1968//4064 1966//4064
f 1568//4554 1572//4554 1966//4554
f 1565//4555 1569//4555 1964//4555
f 1566//4556 1965//4556 1963//4556
f 1563//4557 1567//4557 1963//4557
f 1561//4558 1564//4558 1962//4558
f 1558//4559 1562//4559 1960//4559
f 1559//4560 1961//4560 1959//4560
f 1556//4561 1560//4561 1959//4561
f 1554//4562 1557//4562 1957//4562
f 1555//4047 1958//4047 1671//4047
f 1946//4563 2286//4563 2287//4563
f 2288//4564 2287//4564 2286//4564
f 2286//4565 2237//4565 2288//4565
f 2288//4566 2237//4566 2236//4566
f 2238//4567 2289//4567 2290//4567
f 2290//4568 2236//4568 2238//4568
f 2239//4569 2285//4569 2291//4569
f 2289//4570 2238//4570 2239//4570
f 2292//4571 2291//4571 2285//4571
f 2285//4572 2241//4572 2292//4572
f 2292//4573 2241//4573 2240//4573
f 2242//4574 2293//4574 2294//4574
f 2294//4575 2240//4575 2242//4575
f 2243//4576 2284//4576 2295//4576
f 2293//4577 2242//4577 2243//4577
f 2296//4578 2295//4578 2284//4578
f 2284//4579 2245//4579 2296//4579
f 2296//4580 2245//4580 2244//4580
f 2246//4581 2297//4581 2298//4581
f 2298//4582 2244//4582 2246//4582
f 2247//4583 2283//4583 2299//4583
f 2297//4584 2246//4584 2247//4584
f 2300//4585 2299//4585 2283//4585
f 2283//4586 2249//4586 2300//4586
f 2300//4587 2249//4587 2248//4587
f 2250//4588 2301//4588 2302//4588
f 2302//4589 2248//4589 2250//4589
f 2251//4590 2282//4590 2303//4590
f 2301//4591 2250//4591 2251//4591
f 2304//4592 2303//4592 2282//4592
f 2282//4593 2253//4593 2304//4593
f 2304//4594 2253//4594 2252//4594
f 2254//4595 2305//4595 2306//4595
f 2306//4596 2252//4596 2254//4596
f 2255//4597 2256//4597 2307//4597
f 2305//4598 2254//4598 2255//4598
f 2256//4599 2308//4599 2307//4599
f 2256//4600 2281//4600 2309//4600
f 2310//4601 2309//4601 2281//4601
f 2281//4602 2258//4602 2310//4602
f 2310//4603 2258//4603 2257//4603
f 2259//4604 2311//4604 2312//4604
f 2312//4605 2257//4605 2259//4605
f 2260//4606 2280//4606 2313//4606
f 2311//4607 2259//4607 2260//4607
f 2314//4608 2313//4608 2280//4608
f 2280//4609 2262//4609 2314//4609
f 2314//4610 2262//4610 2261//4610
f 2263//4611 2315//4611 2316//4611
f 2316//4612 2261//4612 2263//4612
f 2264//4613 2279//4613 2317//4613
f 2315//4614 2263//4614 2264//4614
f 2318//4615 2317//4615 2279//4615
f 2279//4616 2266//4616 2318//4616
f 2318//4617 2266//4617 2265//4617
f 2267//4618 2319//4618 2320//4618
f 2320//4619 2265//4619 2267//4619
f 2268//4620 2278//4620 2321//4620
f 2319//4621 2267//4621 2268//4621
f 2322//4622 2321//4622 2278//4622
f 2278//4623 2270//4623 2322//4623
f 2322//4624 2270//4624 2269//4624
f 2271//4625 2323//4625 2324//4625
f 2324//4626 2269//4626 2271//4626
f 2272//4627 2277//4627 2325//4627
f 2323//4628 2271//4628 2272//4628
f 2326//4629 2325//4629 2277//4629
f 2277//4630 2274//4630 2326//4630
f 2326//4631 2274//4631 2273//4631
f 2275//4632 2327//4632 2328//4632
f 2328//4633 2273//4633 2275//4633
f 2276//4634 1903//4634 2329//4634
f 2327//4635 2275//4635 2276//4635
f 1903//4636 2330//4636 2329//4636
f 2329//4637 2327//4637 2276//4637
f 2273//4638 2328//4638 2326//4638
f 2325//4639 2323//4639 2272//4639
f 2269//4640 2324//4640 2322//4640
f 2321//4641 2319//4641 2268//4641
f 2265//4642 2320//4642 2318//4642
f 2317//4643 2315//4643 2264//4643
f 2261//4644 2316//4644 2314//4644
f 2313//4645 2311//4645 2260//4645
f 2257//4646 2312//4646 2310//4646
f 2309//4647 2308//4647 2256//4647
f 2307//4648 2305//4648 2255//4648
f 2252//4649 2306//4649 2304//4649
f 2303//4650 2301//4650 2251//4650
f 2248//4651 2302//4651 2300//4651
f 2299//4652 2297//4652 2247//4652
f 2244//4653 2298//4653 2296//4653
f 2295//4654 2293//4654 2243//4654
f 2240//4655 2294//4655 2292//4655
f 2291//4656 2289//4656 2239//4656
f 2236//4657 2290//4657 2288//4657
f 2287//4658 2331//4658 1946//4658
f 1903//4659 1956//4659 2332//4659
f 2333//4660 2332//4660 1956//4660
f 1956//4661 1905//4661 2333//4661
f 2333//4662 1905//4662 1904//4662
f 1906//4663 2334//4663 2335//4663
f 2335//4664 1904//4664 1906//4664
f 1907//4665 1955//4665 2336//4665
f 2334//4666 1906//4666 1907//4666
f 2337//4667 2336//4667 1955//4667
f 1955//4668 1909//4668 2337//4668
f 2337//4669 1909//4669 1908//4669
f 1910//4670 2338//4670 2339//4670
f 2339//4671 1908//4671 1910//4671
f 1911//4672 1954//4672 2340//4672
f 2338//4673 1910//4673 1911//4673
f 2341//4674 2340//4674 1954//4674
f 1954//4675 1913//4675 2341//4675
f 2341//4676 1913//4676 1912//4676
f 1914//4677 2342//4677 2343//4677
f 2343//4678 1912//4678 1914//4678
f 1915//4679 1953//4679 2344//4679
f 2342//4680 1914//4680 1915//4680
f 2345//4681 2344//4681 1953//4681
f 1953//4682 1917//4682 2345//4682
f 2345//4683 1917//4683 1916//4683
f 1918//4684 2346//4684 2347//4684
f 2347//4685 1916//4685 1918//4685
f 1919//4686 1952//4686 2348//4686
f 2346//4687 1918//4687 1919//4687
f 2349//4688 2348//4688 1952//4688
f 1952//4689 1921//4689 2349//4689
f 2349//4690 1921//4690 1920//4690
f 1922//4691 2350//4691 2351//4691
f 2351//4692 1920//4692 1922//4692
f 1923//4693 1924//4693 2352//4693
f 2350//4694 1922//4694 1923//4694
f 1924//4695 2353//4695 2352//4695
f 1924//4696 1951//4696 2354//4696
f 2355//4697 2354//4697 1951//4697
f 1951//4698 1926//4698 2355//4698
f 2355//4699 1926//4699 1925//4699
f 1927//4700 2356//4700 2357//4700
f 2357//4701 1925//4701 1927//4701
f 1928//4702 1950//4702 2358//4702
f 2356//4703 1927//4703 1928//4703
f 2359//4704 2358//4704 1950//4704
f 1950//4705 1930//4705 2359//4705
f 2359//4706 1930//4706 1929//4706
f 1931//4707 2360//4707 2361//4707
f 2361//4708 1929//4708 1931//4708
f 1932//4709 1949//4709 2362//4709
f 2360//4710 1931//4710 1932//4710
f 2363//4711 2362//4711 1949//4711
f 1949//4712 1934//4712 2363//4712
f 2363//4713 1934//4713 1933//4713
f 1935//4714 2364//4714 2365//4714
f 2365//4715 1933//4715 1935//4715
f 1936//4716 1948//4716 2366//4716
f 2364//4717 1935//4717 1936//4717
f 2367//4718 2366//4718 1948//4718
f 1948//4719 1938//4719 2367//4719
f 2367//4720 1938//4720 1937//4720
f 1939//4721 2368//4721 2369//4721
f 2369//4722 1937//4722 1939//4722
f 1940//4723 1947//4723 2370//4723
f 2368//4724 1939//4724 1940//4724
f 2371//4725 2370//4725 1947//4725
f 1947//4726 1942//4726 2371//4726
f 2371//4727 1942//4727 1941//4727
f 1943//4728 2372//4728 2373//4728
f 2373//4729 1941//4729 1943//4729
f 1944//4730 1946//4730 2374//4730
f 2372//4731 1943//4731 1944//4731
f 1946//4732 2331//4732 2374//4732
f 2374//4733 2372//4733 1944//4733
f 1941//4734 2373//4734 2371//4734
f 2370//4735 2368//4735 1940//4735
f 1937//4736 2369//4736 2367//4736
f 2366//4737 2364//4737 1936//4737
f 1933//4738 2365//4738 2363//4738
f 2362//4739 2360//4739 1932//4739
f 1929//4740 2361//4740 2359//4740
f 2358//4741 2356//4741 1928//4741
f 1925//4742 2357//4742 2355//4742
f 2354//4743 2353//4743 1924//4743
f 2352//4744 2350//4744 1923//4744
f 1920//4745 2351//4745 2349//4745
f 2348//4746 2346//4746 1919//4746
f 1916//4747 2347//4747 2345//4747
f 2344//4748 2342//4748 1915//4748
f 1912//4749 2343//4749 2341//4749
f 2340//4750 2338//4750 1911//4750
f 1908//4751 2339//4751 2337//4751
f 2336//4752 2334//4752 1907//4752
f 1904//4753 2335//4753 2333//4753
f 2332//4754 2330//4754 1903//4754
f 2375//4755 2376//4755 2327//4755
f 2376//2116 2328//2116 2327//2116
f 2377//4756 2375//4756 2330//4756
f 2375//2115 2329//2115 2330//2115
f 2378//4757 2377//4757 2333//4757
f 2377//2114 2332//2114 2333//2114
f 2379//4758 2378//4758 2334//4758
f 2378//4759 2335//4759 2334//4759
f 2380//4760 2379//4760 2337//4760
f 2379//2112 2336//2112 2337//2112
f 2381//4761 2380//4761 2338//4761
f 2380//2111 2339//2111 2338//2111
f 2382//4762 2381//4762 2341//4762
f 2381//2110 2340//2110 2341//2110
f 2383//4763 2382//4763 2342//4763
f 2382//2109 2343//2109 2342//2109
f 2384//4764 2383//4764 2345//4764
f 2383//2108 2344//2108 2345//2108
f 2385//4765 2384//4765 2346//4765
f 2384//2107 2347//2107 2346//2107
f 2386//4766 2385//4766 2349//4766
f 2385//2106 2348//2106 2349//2106
f 2387//4767 2386//4767 2350//4767
f 2386//2105 2351//2105 2350//2105
f 2388//4768 2387//4768 2353//4768
f 2387//2104 2352//2104 2353//2104
f 2389//4769 2388//4769 2355//4769
f 2388//2103 2354//2103 2355//2103
f 2390//4770 2389//4770 2356//4770
f 2389//2102 2357//2102 2356//2102
f 2391//4771 2390//4771 2359//4771
f 2390//2101 2358//2101 2359//2101
f 2392//4772 2391//4772 2360//4772
f 2391//2100 2361//2100 2360//2100
f 2393//4773 2392//4773 2363//4773
f 2392//2099 2362//2099 2363//2099
f 2394//4774 2393//4774 2364//4774
f 2393//2098 2365//2098 2364//2098
f 2395//4775 2394//4775 2367//4775
f 2394//2097 2366//2097 2367//2097
f 2396//4776 2395//4776 2368//4776
f 2395//2096 2369//2096 2368//2096
f 2397//4777 2396//4777 2371//4777
f 2396//2095 2370//2095 2371//2095
f 2371//2093 2373//2093 2397//2093
f 2368//2091 2370//2091 2396//2091
f 2367//2089 2369//2089 2395//2089
f 2364//2087 2366//2087 2394//2087
f 2363//2085 2365//2085 2393//2085
f 2360//2083 2362//2083 2392//2083
f 2359//2081 2361//2081 2391//2081
f 2356//2079 2358//2079 2390//2079
f 2355//4778 2357//4778 2389//4778
f 2353//2075 2354//2075 2388//2075
f 2350//2073 2352//2073 2387//2073
f 2349//2071 2351//2071 2386//2071
f 2346//2069 2348//2069 2385//2069
f 2345//2067 2347//2067 2384//2067
f 2342//2065 2344//2065 2383//2065
f 2341//2063 2343//2063 2382//2063
f 2338//1846 2340//1846 2381//1846
f 2337//2060 2339//2060 2380//2060
f 2334//2058 2336//2058 2379//2058
f 2333//2056 2335//2056 2378//2056
f 2330//2054 2332//2054 2377//2054
f 2327//2052 2329//2052 2375//2052
f 2398//4779 2397//4779 2372//4779
f 2397//2181 2373//2181 2372//2181
f 2399//4780 2398//4780 2331//4780
f 2398//2180 2374//2180 2331//2180
f 2400//4781 2399//4781 2288//4781
f 2399//2179 2287//2179 2288//2179
f 2401//4782 2400//4782 2289//4782
f 2400//4783 2290//4783 2289//4783
f 2402//4784 2401//4784 2292//4784
f 2401//2177 2291//2177 2292//2177
f 2403//4785 2402//4785 2293//4785
f 2402//2176 2294//2176 2293//2176
f 2404//4786 2403//4786 2296//4786
f 2403//2175 2295//2175 2296//2175
f 2405//4787 2404//4787 2297//4787
f 2404//2174 2298//2174 2297//2174
f 2406//4788 2405//4788 2300//4788
f 2405//2173 2299//2173 2300//2173
f 2407//4789 2406//4789 2301//4789
f 2406//2172 2302//2172 2301//2172
f 2408//4790 2407//4790 2304//4790
f 2407//2171 2303//2171 2304//2171
f 2409//4791 2408//4791 2305//4791
f 2408//2170 2306//2170 2305//2170
f 2410//4792 2409//4792 2308//4792
f 2409//2169 2307//2169 2308//2169
f 2411//4793 2410//4793 2310//4793
f 2410//2168 2309//2168 2310//2168
f 2412//4794 2411//4794 2311//4794
f 2411//2167 2312//2167 2311//2167
f 2413//4795 2412//4795 2314//4795
f 2412//2166 2313//2166 2314//2166
f 2414//4796 2413//4796 2315//4796
f 2413//2165 2316//2165 2315//2165
f 2415//4797 2414//4797 2318//4797
f 2414//2164 2317//2164 2318//2164
f 2416//4798 2415//4798 2319//4798
f 2415//2163 2320//2163 2319//2163
f 2417//4799 2416//4799 2322//4799
f 2416//2162 2321//2162 2322//2162
f 2418//4800 2417//4800 2323//4800
f 2417//2161 2324//2161 2323//2161
f 2376//4801 2418//4801 2326//4801
f 2418//2160 2325//2160 2326//2160
f 2326//2158 2328//2158 2376//2158
f 2323//2156 2325//2156 2418//2156
f 2322//2154 2324//2154 2417//2154
f 2319//2152 2321//2152 2416//2152
f 2318//2150 2320//2150 2415//2150
f 2315//2148 2317//2148 2414//2148
f 2314//2146 2316//2146 2413//2146
f 2311//2144 2313//2144 2412//2144
f 2310//2142 2312//2142 2411//2142
f 2308//2140 2309//2140 2410//2140
f 2305//2138 2307//2138 2409//2138
f 2304//2136 2306//2136 2408//2136
f 2301//2134 2303//2134 2407//2134
f 2300//2132 2302//2132 2406//2132
f 2297//2130 2299//2130 2405//2130
f 2296//2128 2298//2128 2404//2128
f 2293//1798 2295//1798 2403//1798
f 2292//2125 2294//2125 2402//2125
f 2289//2123 2291//2123 2401//2123
f 2288//2121 2290//2121 2400//2121
f 2331//2119 2287//2119 2399//2119
f 2372//2117 2374//2117 2398//2117
usemtl Copy_of_Link6_UR3_G5_1000513Material3
f 3394//1269 3395//1269 3396//1269
f 3393//1269 3397//1269 3395//1269
f 3390//1269 3398//1269 3399//1269
f 3389//1269 3400//1269 3398//1269
f 3395//1269 3394//1269 3393//1269
f 3392//1269 3401//1269 3397//1269
f 3391//1269 3399//1269 3401//1269
f 3398//1269 3390//1269 3389//1269
f 3377//1269 3402//1269 3403//1269
f 3376//1269 3404//1269 3402//1269
f 3374//1269 3405//1269 3406//1269
f 3373//1269 3396//1269 3405//1269
f 3397//1269 3393//1269 3392//1269
f 3399//1269 3391//1269 3390//1269
f 3387//1269 3407//1269 3408//1269
f 3386//1269 3409//1269 3407//1269
f 3382//1269 3410//1269 3411//1269
f 3381//1269 3412//1269 3410//1269
f 3402//1269 3377//1269 3376//1269
f 3375//1269 3406//1269 3404//1269
f 3405//1269 3374//1269 3373//1269
f 3401//1269 3392//1269 3391//1269
f 3388//1269 3408//1269 3400//1269
f 3407//1353 3387//1353 3386//1353
f 3385//1269 3413//1269 3409//1269
f 3384//1269 3414//1269 3413//1269
f 3383//1269 3411//1269 3414//1269
f 3410//1269 3382//1269 3381//1269
f 3378//1269 3403//1269 3415//1269
f 3404//1350 3376//1350 3375//1350
f 3396//1269 3373//1269 3394//1269
f 3408//1269 3388//1269 3387//1269
f 3413//1269 3385//1269 3384//1269
f 3411//1269 3383//1269 3382//1269
f 3380//1269 3416//1269 3412//1269
f 3379//1269 3415//1269 3416//1269
f 3403//1269 3378//1269 3377//1269
f 3400//1269 3389//1269 3388//1269
f 3414//1269 3384//1269 3383//1269
f 3416//1269 3380//1269 3379//1269
f 3406//1269 3375//1269 3374//1269
f 3412//1269 3381//1269 3380//1269
f 3409//1269 3386//1269 3385//1269
f 3415//1269 3379//1269 3378//1269
f 3459//1320 3461//1320 3462//1320
f 3460//1321 3462//1321 3463//1321
f 3439//1322 3463//1322 3464//1322
f 3440//1323 3464//1323 3465//1323
f 3441//1324 3465//1324 3466//1324
f 3448//1325 3466//1325 3467//1325
f 3449//1326 3467//1326 3468//1326
f 3450//1327 3468//1327 3469//1327
f 3457//1328 3469//1328 3470//1328
f 3451//1329 3470//1329 3471//1329
f 3452//1330 3471//1330 3472//1330
f 3472//1330 3442//1330 3452//1330
f 3471//1329 3452//1329 3451//1329
f 3470//1328 3451//1328 3457//1328
f 3469//1327 3457//1327 3450//1327
f 3468//1326 3450//1326 3449//1326
f 3467//1325 3449//1325 3448//1325
f 3466//1324 3448//1324 3441//1324
f 3465//1323 3441//1323 3440//1323
f 3464//1322 3440//1322 3439//1322
f 3463//1321 3439//1321 3460//1321
f 3462//1320 3460//1320 3459//1320
f 3442//1331 3472//1331 3473//1331
f 3443//1332 3473//1332 3474//1332
f 3453//1333 3474//1333 3475//1333
f 3444//1334 3475//1334 3476//1334
f 3445//1335 3476//1335 3477//1335
f 3446//1336 3477//1336 3478//1336
f 3447//1337 3478//1337 3479//1337
f 3454//1338 3479//1338 3480//1338
f 3455//1339 3480//1339 3481//1339
f 3456//1340 3481//1340 3482//1340
f 3458//1341 3482//1341 3461//1341
f 3461//1341 3459//1341 3458//1341
f 3482//1340 3458//1340 3456//1340
f 3481//1339 3456//1339 3455//1339
f 3480//1338 3455//1338 3454//1338
f 3479//1337 3454//1337 3447//1337
f 3478//1336 3447//1336 3446//1336
f 3477//1335 3446//1335 3445//1335
f 3476//1334 3445//1334 3444//1334
f 3475//1333 3444//1333 3453//1333
f 3474//1332 3453//1332 3443//1332
f 3473//1331 3443//1331 3442//1331
f 4019//49 4022//49 4021//49
f 4019//49 4024//49 4023//49
f 4028//49 4017//49 4016//49
f 4028//49 4019//49 4018//49
f 4023//49 4022//49 4019//49
f 4019//49 4028//49 4029//49
f 4018//49 4017//49 4028//49
f 4019//49 4025//49 4024//49
f 4019//49 4027//49 4026//49
f 4019//49 4030//49 4031//49
f 4016//49 4032//49 4028//49
f 4026//49 4025//49 4019//49
f 4019//49 4033//49 4034//49
f 4019//49 4035//49 4036//49
f 4029//49 4030//49 4019//49
f 4034//49 4027//49 4019//49
f 4031//49 4035//49 4019//49
f 4036//49 4033//49 4019//49
f 4021//49 4020//49 4019//49
f 4042//4802 4034//4802 4033//4802
f 4043//4803 4033//4803 4036//4803
f 4036//4803 4041//4803 4043//4803
f 4033//4802 4043//4802 4042//4802
f 4066//49 4065//49 4064//49
f 4058//49 4061//49 4060//49
f 4064//49 4063//49 4066//49
f 4062//49 4067//49 4068//49
f 4062//49 4069//49 4070//49
f 4062//49 4057//49 4056//49
f 4058//49 4062//49 4061//49
f 4062//49 4071//49 4066//49
f 4070//49 4067//49 4062//49
f 4056//49 4055//49 4062//49
f 4060//49 4059//49 4058//49
f 4068//49 4071//49 4062//49
f 4062//49 4072//49 4073//49
f 4062//49 4054//49 4074//49
f 4058//49 4057//49 4062//49
f 4073//49 4069//49 4062//49
f 4055//49 4054//49 4062//49
f 4074//49 4072//49 4062//49
f 4063//49 4062//49 4066//49
f 4080//4804 4073//4804 4072//4804
f 4081//4805 4072//4805 4074//4805
f 4074//4805 4079//4805 4081//4805
f 4072//4804 4081//4804 4080//4804
f 4101//49 4104//49 4105//49
f 4105//49 4103//49 4101//49
f 4101//49 4106//49 4107//49
f 4107//49 4104//49 4101//49
f 4101//49 4108//49 4109//49
f 4100//49 4094//49 4093//49
f 4095//49 4098//49 4097//49
f 4095//49 4100//49 4099//49
f 4109//49 4106//49 4101//49
f 4100//49 4095//49 4094//49
f 4099//49 4098//49 4095//49
f 4103//49 4102//49 4101//49
f 4100//49 4110//49 4111//49
f 4100//49 4092//49 4112//49
f 4097//49 4096//49 4095//49
f 4111//49 4108//49 4100//49
f 4093//49 4092//49 4100//49
f 4112//49 4110//49 4100//49
f 4101//49 4100//49 4108//49
f 4118//4806 4111//4806 4110//4806
f 4119//4807 4110//4807 4112//4807
f 4112//4807 4117//4807 4119//4807
f 4110//4806 4119//4806 4118//4806
f 4131//49 4130//49 4142//49
f 4133//49 4139//49 4138//49
f 4143//49 4132//49 4131//49
f 4134//49 4137//49 4136//49
f 4133//49 4140//49 4139//49
f 4133//49 4143//49 4144//49
f 4143//49 4133//49 4132//49
f 4136//49 4135//49 4134//49
f 4133//49 4141//49 4140//49
f 4133//49 4145//49 4146//49
f 4142//49 4143//49 4131//49
f 4138//49 4137//49 4133//49
f 4133//49 4147//49 4148//49
f 4133//49 4149//49 4150//49
f 4144//49 4145//49 4133//49
f 4148//49 4141//49 4133//49
f 4146//49 4149//49 4133//49
f 4150//49 4147//49 4133//49
f 4134//49 4133//49 4137//49
f 4156//4808 4148//4808 4147//4808
f 4157//4809 4147//4809 4150//4809
f 4150//4809 4155//4809 4157//4809
f 4147//4808 4157//4808 4156//4808
f 4191//1269 4192//1269 4193//1269
f 4191//1269 4194//1269 4195//1269
f 4196//1269 4197//1269 4198//1269
f 4199//1269 4200//1269 4201//1269
f 4195//1269 4192//1269 4191//1269
f 4196//1269 4202//1269 4197//1269
f 4202//1269 4196//1269 4199//1269
f 4203//1269 4204//1269 4205//1269
f 4203//1269 4206//1269 4207//1269
f 4203//1269 4208//1269 4209//1269
f 4193//1269 4210//1269 4191//1269
f 4208//1269 4203//1269 4211//1269
f 4201//1269 4202//1269 4199//1269
f 4207//1269 4204//1269 4203//1269
f 4209//1269 4212//1269 4203//1269
f 4211//1269 4191//1269 4208//1269
f 4205//1269 4196//1269 4203//1269
f 4210//1269 4208//1269 4191//1269
f 4212//1269 4206//1269 4203//1269
f 4198//1269 4203//1269 4196//1269
f 4249//49 4247//49 4248//49
f 4249//49 4245//49 4246//49
f 4250//49 4251//49 4238//49
f 4250//49 4252//49 4253//49
f 4246//49 4247//49 4249//49
f 4250//49 4242//49 4243//49
f 4250//49 4240//49 4241//49
f 4250//49 4237//49 4239//49
f 4253//49 4251//49 4250//49
f 4244//49 4254//49 4255//49
f 4244//49 4256//49 4257//49
f 4249//49 4244//49 4245//49
f 4241//49 4242//49 4250//49
f 4238//49 4237//49 4250//49
f 4257//49 4254//49 4244//49
f 4248//49 4258//49 4249//49
f 4239//49 4240//49 4250//49
f 4249//49 4256//49 4244//49
f 4255//49 4250//49 4244//49
f 4243//49 4244//49 4250//49
f 4264//49 4268//49 4269//49
f 4270//49 4272//49 4273//49
f 4270//49 4274//49 4275//49
f 4270//49 4276//49 4277//49
f 4270//49 4271//49 4278//49
f 4264//49 4267//49 4268//49
f 4267//49 4264//49 4265//49
f 4270//49 4260//49 4262//49
f 4275//49 4272//49 4270//49
f 4278//49 4276//49 4270//49
f 4265//49 4266//49 4267//49
f 4262//49 4263//49 4270//49
f 4270//49 4279//49 4280//49
f 4277//49 4274//49 4270//49
f 4263//49 4264//49 4270//49
f 4270//49 4281//49 4261//49
f 4273//49 4279//49 4270//49
f 4261//49 4260//49 4270//49
f 4269//49 4270//49 4264//49
f 4280//49 4281//49 4270//49
f 4295//49 4290//49 4291//49
f 4295//49 4293//49 4294//49
f 4291//49 4292//49 4295//49
f 4292//49 4293//49 4295//49
f 4296//49 4283//49 4285//49
f 4296//49 4297//49 4284//49
f 4296//49 4298//49 4299//49
f 4294//49 4300//49 4295//49
f 4301//49 4288//49 4289//49
f 4285//49 4286//49 4296//49
f 4299//49 4297//49 4296//49
f 4287//49 4301//49 4302//49
f 4295//49 4303//49 4290//49
f 4301//49 4287//49 4288//49
f 4284//49 4283//49 4296//49
f 4302//49 4304//49 4287//49
f 4289//49 4290//49 4301//49
f 4304//49 4296//49 4287//49
f 4286//49 4287//49 4296//49
f 4303//49 4301//49 4290//49
f 4318//49 4319//49 4320//49
f 4318//49 4321//49 4322//49
f 4314//49 4311//49 4312//49
f 4314//49 4309//49 4310//49
f 4320//49 4323//49 4318//49
f 4322//49 4324//49 4318//49
f 4310//49 4311//49 4314//49
f 4314//49 4306//49 4308//49
f 4324//49 4319//49 4318//49
f 4318//49 4317//49 4325//49
f 4308//49 4309//49 4314//49
f 4314//49 4318//49 4307//49
f 4318//49 4326//49 4321//49
f 4318//49 4316//49 4317//49
f 4318//49 4314//49 4315//49
f 4307//49 4306//49 4314//49
f 4325//49 4326//49 4318//49
f 4312//49 4313//49 4314//49
f 4315//49 4316//49 4318//49
f 4323//49 4327//49 4318//49
usemtl Copy_of_Link6_UR3_G5_1000513Material4
f 4200//1330 4199//1330 4213//1330
f 4201//1329 4200//1329 4214//1329
f 4202//1328 4201//1328 4215//1328
f 4197//1327 4202//1327 4216//1327
f 4198//1326 4197//1326 4217//1326
f 4203//1325 4198//1325 4218//1325
f 4211//1324 4203//1324 4219//1324
f 4191//1323 4211//1323 4220//1323
f 4194//1322 4191//1322 4221//1322
f 4195//1321 4194//1321 4222//1321
f 4192//1320 4195//1320 4223//1320
f 4223//1320 4224//1320 4192//1320
f 4222//1321 4223//1321 4195//1321
f 4221//1322 4222//1322 4194//1322
f 4220//1323 4221//1323 4191//1323
f 4219//1324 4220//1324 4211//1324
f 4218//1325 4219//1325 4203//1325
f 4217//1326 4218//1326 4198//1326
f 4216//1327 4217//1327 4197//1327
f 4215//1328 4216//1328 4202//1328
f 4214//1329 4215//1329 4201//1329
f 4213//1330 4214//1330 4200//1330
f 4193//1341 4192//1341 4224//1341
f 4210//1340 4193//1340 4225//1340
f 4208//1339 4210//1339 4226//1339
f 4209//1338 4208//1338 4227//1338
f 4212//1337 4209//1337 4228//1337
f 4206//1336 4212//1336 4229//1336
f 4207//1335 4206//1335 4230//1335
f 4204//1334 4207//1334 4231//1334
f 4205//1333 4204//1333 4232//1333
f 4196//1332 4205//1332 4233//1332
f 4199//1331 4196//1331 4234//1331
f 4234//1331 4213//1331 4199//1331
f 4233//1332 4234//1332 4196//1332
f 4232//1333 4233//1333 4205//1333
f 4231//1334 4232//1334 4204//1334
f 4230//1335 4231//1335 4207//1335
f 4229//1336 4230//1336 4206//1336
f 4228//1337 4229//1337 4212//1337
f 4227//1338 4228//1338 4209//1338
f 4226//1339 4227//1339 4208//1339
f 4225//1340 4226//1340 4210//1340
f 4224//1341 4225//1341 4193//1341
